Name,State,Region/Service Area,Geographic Context,Operator,System Type,Technology Vendor,Booking Method(s),Scheduling Window,Fare,Service Hours,Launch Year,Funding Source,Status/Maturity,Fleet,Ridership/Performance Notes,Website URL,Latitude,Longitude,Source
GoDurham Connect,NC,North Durham and East Durham zones,Urban,GoDurham,Microtransit,Via,"App, Web portal, Phone",Same-day,Free,Not specified,Not specified,Not specified,Active,Not specified,Future goal of 300 passenger trips per month.,https://godurhamtransit.org,36.03,-78.9,Original database
Morrisville Smart Shuttle,NC,Town of Morrisville (node-based),Suburban,GoCary (Tech by Via),Microtransit,Via,"App, Desktop application",Same-day,Free,Not specified,2021,"Federal, Local",Active,Not specified,"Provided over 89,000 rides from Oct 2021 through 2025.",https://www.townofmorrisville.org,35.83,-78.83,Original database
GoWake SmartRide NE,NC,"Rolesville, Wendell, Zebulon (Northeast Wake County)",Rural,GoWake,Microtransit,Uber,"Uber app, Phone",Same-day,Not specified,Not specified,Not specified,Not specified,Active,Not specified,Connects rural areas to larger transit networks.,https://gowake.org,35.87,-78.4,Original database
Johnston Quick Ride (JCATS),NC,Smithfield and Selma area,Rural,Johnston County Area Transit System,Microtransit,Not specified,Smartphone app,Same-day,Not specified,Not specified,Not specified,State (MEE-NC),Active,Not specified,"Part of the MEE-NC initiative. [NTD 2024: parent agency reported 120,984 total trips across all modes, 29 peak vehicles agency-wide; on-demand share is a subset]",https://www.johnstoncountync.org/transit,35.51,-78.34,Original database
RTP Connect,NC,Research Triangle Park (RTP),Suburban,GoTriangle and RTP,Microtransit,Not specified,Not specified,Same-day,Not specified,Not specified,Not specified,Not specified,Active,Not specified,Collaborative on-demand service.,https://www.rtp.org,35.9,-78.86,Original database
Orange County MOD,NC,Orange County,Rural,Orange County,Microtransit,Not specified,Not specified,Same-day,Not specified,Not specified,Not specified,Not specified,Active,Not specified,"On-demand service operating in the county. [NTD 2023: parent agency reported 29,279 total trips across all modes, 21 peak vehicles agency-wide; on-demand share is a subset]",Not specified,36.07,-79.1,Original database
Burke County Micro-Transit,NC,"Morganton, Drexel, Valdese, Rutherford College",Rural,Greenway Public Transportation (WPRTA),Microtransit,Not specified,Phone,Same-day,$2.50 (Cash),Not specified,2024,Not specified,Active - Post Pilot,Not specified,"Provided over 5,000 trips in its 2024 trial year.",https://greenwaypta.org,35.74,-81.68,Original database
Caldwell County Micro-Transit,NC,Lenoir and Hudson,Rural,Greenway Public Transportation (WPRTA),Microtransit,Not specified,Phone,Same-day,$2.50 (Cash),Not specified,Not specified,Not specified,Active,Not specified,"Part of the Greenway system which provides 250,000 boardings annually.",https://greenwaypta.org,35.91,-81.54,Original database
Wilson RIDE,NC,City of Wilson,Urban,City of Wilson (Tech by Via),Microtransit,Via,"App, Phone",Same-day,Not specified,Not specified,2021,Federal (AIM Grant),Active,Not specified,"Monthly rides grew 58% from 9,000 (Mar 2021) to 14,200 (Feb 2022).",https://www.wilsonnc.org,35.72,-77.92,Original database
RideMICRO,NC,"5 zones in New Hanover, Pender, and Brunswick counties",Suburban,Wave Transit,Microtransit,Not specified,"App, Web portal, Phone",Same-day,$2.00 ,Not specified,2022,Not specified,Active,Not specified,"1,730 passengers in June 2024; daily passengers up 800% since 2022 launch. [NTD 2024: parent agency reported 715,814 total trips across all modes, 44 peak vehicles agency-wide; on-demand share is a subset]",https://wavetransit.com/ridemicro,34.23,-77.95,Original database
GREAT+,NC,Designated zone in Greenville,Urban,Greenville Area Transit (GREAT),Microtransit,Not specified,Not specified,Same-day,Free,Not specified,Not specified,Not specified,Active,Not specified,Serves an area previously covered by a fixed route.,https://greatgreenville.com,35.61,-77.37,Original database
Buzzline,NC,Designated area in Sanford/Lee County,Rural,COLTS Transportation,Microtransit,Not specified,Not specified,Same-day,"$5 each way, up to 5 passengers",Weekdays from 6am,"2025 (soft launch Nov 12, 2025)","State (NCDOT MEE-NC grant), administered by COLTS Transportation",Pilot,Not specified,Pilot program supported by NCDOT.,Not specified,35.48,-79.18,Original database
GoGastonia,NC,City of Gastonia,Urban,"River North Transit, LLC (Tech by Via)",Microtransit,Via,"App, Phone",Same-day,Regular: $2.50 / Reduced: $1.25,Not specified,2024,Not specified,Active,22 minivans · incl. 6 WAVs (Via-operated),"Launched July 2024, replaced all fixed-route buses.",https://gogastonia.com,35.26,-81.19,Original database
JUMP Transit,NC,"NoDa, Optimist Park, Villa Heights, Howie Acres (Charlotte)",Urban,JUMP Transit,Microtransit,Proprietary,Website,Same-day,$3.00 ,Not specified,Not specified,Private,Active,Not specified,Private service focused on connecting popular neighborhoods.,https://jumptransit.com,35.24,-80.81,Original database
PART On-Demand,NC,Zone around Piedmont Triad International Airport (GSO),Suburban,Piedmont Authority for Regional Transportation (PART),Microtransit,Not specified,"App, Phone",Same-day,"Umo App/Card, Credit Card",Not specified,Not specified,Not specified,Active,Not specified,"Ridership grew from 60,110 in 2023 to 72,661 in 2025.",https://partnc.org,36.1,-79.94,Original database
HPTSGo!,NC,Northwest High Point zone,Urban,High Point Transit System,Microtransit,Not specified,Phone,Same-day,$2.50 (Umo App/Card),Not specified,Not specified,Not specified,Pilot - Ended,Not specified,"Pilot ran through March 2026; no public data released. [NTD 2024: parent agency reported 532,979 total trips across all modes, 18 peak vehicles agency-wide; on-demand share is a subset]",Not specified,35.96,-80.01,Original database
Arlington Transportation (Via),TX,City of Arlington (citywide),Urban,City of Arlington (Tech by Via),Microtransit,Via,"App, Phone",Same-day,$3.00 ,"Mon–Fri 6am–9pm, Sat 9am–9pm",2017,Local,Active,~90 vehicles · Toyota Sienna hybrid-electric minivans (6-pass); AV fleet of 4 Lexus RX450h + 1 Polaris GEM WAV,Ridership increased tenfold since launch; ~70 vans citywide. First U.S. city to replace fixed-route service entirely with on-demand.,https://city.ridewithvia.com/arlington,32.74,-97.11,Original database
Houston Community Connector,TX,"Second Ward, Third Ward, The Heights, Downtown Houston",Urban,Evolve Houston / Houston Metro,Microtransit,Ride Circuit,Ride Circuit app,Same-day,Free,Not specified,2023,"Federal, Local (Houston Metro)",Active - Expanding,19 EVs · Electric vans (grew from 2),Fleet grew from 2 to 19 EVs; 46% of trips connect to METRO transit stops.,https://www.ridemetro.org,29.76,-95.37,Original database
Tyler Transit MicroTransit,TX,City of Tyler (3 zones),Urban,Tyler Transit,Microtransit,Tyler Transit app,"App, Phone",Same-day,$1.00 ,"Mon–Fri 6am–7:30pm, Sat 9am–5:30pm",2025,Local,Active,Not specified,"Full conversion from fixed-route service to citywide microtransit in January 2025. [NTD 2024: 220,957 annual trips, 28 peak vehicles]",https://tylerbus.org,32.35,-95.3,Original database
Sugar Land On-Demand,TX,"Designated zone in Sugar Land (~43,000 residents)",Suburban,City of Sugar Land (Tech by Via),Microtransit,Via,"Sugar Land On-Demand app, Phone",Same-day,~$2.00,Not specified,2024,"Federal (CMAQ), Local (Fort Bend County)",Active,Not specified,"42,934 trips in first year; 4.9/5 average rider rating.",https://www.sugarlandtx.gov/2792/Microtransit-Pilot-Project,29.62,-95.63,Original database
DCTA GoZone,TX,"Denton, Highland Village, Lewisville",Suburban,Denton County Transportation Authority (Tech by Via),Microtransit,Via,"GoZone app, Phone",Same-day,Not specified,Not specified,2021,"Federal, Local",Active,Not specified,"~3,000 weekly riders; average 16-minute wait time.",https://www.dcta.net/getting-around/gozone,33.21,-97.13,Original database
GoZone Frisco,TX,Frisco (~21 sq miles),Suburban,Denton County Transportation Authority (DCTA),Microtransit,Via,"GoZone app, Phone",Same-day,$3.00–$5.00,Mon–Fri 6am–6pm,2026,"Federal, Local (City of Frisco)",Active - New,Not specified,Approved under $15M contract through 2029; connects to DART park-and-ride.,https://www.dcta.net,33.15,-96.82,Original database
Trinity Metro On-Demand,TX,Multiple zones in Fort Worth/Tarrant County,Urban,Trinity Metro (Tech by Via),Microtransit,Via,"Trinity Metro On-Demand app, Phone",Same-day,Integrated local fare,Not specified,Not specified,Local,Active,Not specified,"Multiple zones including Mercantile, North Side, Southeast; integrated with TEXRail commuter rail.",https://ridetrinitymetro.org/on-demand,32.75,-97.33,Original database
Cavazos Connector,TX,"Fort Cavazos + Killeen, Temple, Belton, Copperas Cove, Harker Heights",Mixed (Military/Urban),Hill Country Transit District / US Army,Microtransit,Not specified,App,Same-day,"Free (military/DOD), $2.00 civilian",Not specified,2024,Federal (Dept. of Army),Active,Not specified,"~40,000 passengers/month; only microtransit on a continental US Army installation.",https://www.hillcountrytransit.org,31.12,-97.73,Original database
REAL Microtransit (Rockport/Fulton),TX,Rockport/Fulton area (9-county rural district),Rural,Rural Economic Assistance League (REAL),Microtransit,Not specified,Not specified,Same-day,Not specified,Not specified,Not specified,"Federal, State",Active,Not specified,Part of broader rural demand-response network; connects to Corpus Christi.,https://www.realcap.org/transportation,28.02,-97.05,Original database
DART GoLink,TX,"34 zones across 700 sq mi DART service area: Dallas, Plano, Richardson, Garland, Rowlett, Irving, Farmers Branch, Duncanville, DeSoto, Cedar Hill, Mesquite, and more",Urban,Dallas Area Rapid Transit (DART); operated by Transdev since Oct 2024,Microtransit,Spare,"GoPass app, Phone (214-979-1111)",Same-day,Standard DART fare (covered by valid DART pass or GoPass card); Uber option available for shorter waits,Mon–Sun (hours vary by zone),2017,"Local (DART), Federal",Active - Expanding,Not specified · Mix of DART agency vans (Transdev-operated) and Uber vehicles,"North America's largest microtransit operation. Launched 2017 in 4 zones; grew to 34+ zones. 925,000 rides in FY2023. Reduces route subsidy by up to 43% vs. fixed routes. Uber integrated into GoPass app 2024. New Transdev $602M contract (Oct 2024) brought full fleet refresh.",https://www.dart.org/guide/transit-and-use/golink,32.77,-96.9,Original database
Denver Connector,CO,"Montbello, Gateway, Globeville, Elyria-Swansea, West Denver (expanding)",Urban,City and County of Denver,Microtransit,Via,"App, Phone",Same-day,Free,Not specified,2021,"Local, RTD",Active - Expanding,Not specified,"Expanded from pilot to mature program in 2024; new $6M contract adds Villa Park, Barnum, Westwood, Ruby Hill.",https://www.denvergov.org/connector,39.78,-104.88,Original database
Link on Demand (Lone Tree),CO,"Lone Tree, Meridian, Highlands Ranch, Stonegate, and parts of Parker (Castle Rock joining July 31, 2026)",Suburban,City of Lone Tree (Tech by Via),Microtransit,Via,"App, Phone",Same-day,Free,Not specified,2018,Local,Active,Not specified,"One of Colorado's earliest microtransit deployments; expanded to Meridian in 2024. Expanded from Lone Tree/Meridian into Highlands Ranch, Stonegate, and parts of Parker (Apr 2026); Castle Rock addition approved July 14, 2026 ($1.9M contract), service begins July 31, 2026.",https://lonetreeco.gov,39.53,-104.87,Original database
Highlands Ranch Microtransit,CO,"Highlands Ranch, Douglas County",Suburban,Douglas County (Tech by Via),Microtransit,Via,"App, Phone",Same-day,Free,Not specified,2025,Local ($2.9M contract),Active - New,Not specified,Launched spring 2025; focused on mobility for older adults.,https://www.douglas.co.us,39.55,-104.97,Original database
RTD FlexRide,CO,"17 zones across Denver metro: Brighton, Broomfield, Broomfield North, DTC, Evergreen, Federal Heights, Golden, Green Mountain, Interlocken/Westmoor, Longmont, Louisville, Parker, Platte Valley, South Jeffco, Superior, Thornton, Wagon Road",Suburban,Regional Transportation District (RTD),Microtransit,RTD FlexRide app,"RTD FlexRide app, RTD website, Phone",Same-day (min 10 min advance),Standard RTD fare (~$2.75),Mon–Fri 5:30am–7pm (varies by zone),Not specified,Local (RTD),Active,Not specified,17 zones consolidated over time; DTC FlexRide merged 8 southeast zones into one in Feb 2026. First/last-mile connector to RTD rail and Park-n-Rides.,https://www.rtd-denver.com/routes-services/other-services/flexride,39.73,-104.95,Original database
RIDE Longmont,CO,City of Longmont,Urban,City of Longmont (Tech by Via),Microtransit,Via,"RIDE Longmont app, Phone",Same-day,$2.00 ($1.00 students/seniors/disabled),"Mon–Sat 6am–8pm, Sun 9am–5pm",2024,"Federal (Community Project Funding $1M), Local (RTD $450k)",Active,Not specified,"Launched Dec 9, 2024; over 10,000 rides in first few months; free for first month. Fills RTD coverage gaps and provides first/last-mile connections.",https://longmontcolorado.gov/ride-longmont,40.17,-105.1,Original database
DuranGO! Microtransit,CO,City of Durango (city limits),Urban,City of Durango / Durango Transit,Microtransit,Not specified,DuranGO! app,Same-day,$2.00 ($1.00 seniors/disabled); Fort Lewis College students free,Daily 5pm–Midnight,2023,State (CDOT grant),Active,Not specified,"Launched Oct 18, 2023; evening and outdoor recreation service. DuranGO! Outside added summer 2025 for rides to trailheads and parks (10am–6pm, June–Sept).",https://www.durangoco.gov/1724/DuranGO-Microtransit,37.28,-107.88,Original database
Ride Free Lafayette,CO,City of Lafayette (with service to Kestrel community in Louisville),Suburban,Boulder County Transportation,Microtransit,Ecolane,"Ride Free Lafayette app, Online, Phone",Same-day (advance up to 30 days),Free,Mon–Sun 7am–8pm,2020,"Local (DRCOG grant, Boulder County Trails & Transit sales tax)",Active,Not specified,"Free, door-to-door service open to all; no trip limits. Funded through successive grant cycles since 2020.",https://bouldercounty.gov/transportation/multimodal/ride-free-lafayette/,39.99,-105.09,Original database
Erie Bee,CO,Town of Erie,Suburban,Town of Erie (Tech by Via Mobility Services),Microtransit,Spare,"Erie Bee app, Phone",Same-day (advance up to 7 days),Free,Not specified,2026,Local (DRCOG grant),Active - New,Not specified,"Launched April 21, 2026; free shared rides within Erie service zone. Most trips completed in under 30 minutes.",https://www.erieco.gov/2626/The-Erie-Bee,40.05,-105.05,Original database
Metro Flex,WA,Multiple zones across King County (~100 sq mi),Suburban,King County Metro (Tech by Via),Microtransit,Via,"Metro Flex app, Phone",Same-day,Bus fare (~$2.75),Not specified,2023,Local (King County Metro),Active,Not specified,"Nearly 30,000 rides in March 2024, a 20% year-over-year jump; unified three prior microtransit pilots (Via to Transit, Pingo, Community Ride).",https://kingcounty.gov/metro/flex,47.5,-122.1,Original database
Zip Shuttle (Community Transit),WA,"Alderwood (Lynnwood), Arlington, Darrington, Lake Stevens (Snohomish County)",Suburban,Community Transit,Microtransit,Not specified,"Zip app, Phone",Same-day,$2.50 or less,Not specified,2022,Local (Community Transit),Active,Not specified,"Surpassed 50,000 boardings in Alderwood zone; three new pilot zones added in late 2024 (Arlington, Darrington, Lake Stevens).",https://www.communitytransit.org/services,47.82,-122.22,Original database
Clallam Transit Interlink,WA,"Sequim (central ~3 sq mi) and Forks (central ~3 sq mi), Clallam County",Rural,Clallam Transit System,Microtransit,The Routing Company,"Interlink app, Phone",Same-day (up to 2 hrs advance),Same as fixed route,Same as replaced fixed routes; expanded Sat service in Sequim,2022,Local,Active,Not specified,Replaced Routes 17 (Forks) and 40 (Sequim); ridership in Forks up 333% in July 2024 after going fare-free; first 7 months of 2024 exceeded last 10 years of ridership.,https://www.clallamtransit.com,48.08,-123.43,Original database
SouthWest Prime,MN,"Eden Prairie, Chanhassen, Chaska, Victoria, Carver (+ select zones incl. MSP Airport, MOA)",Suburban,SouthWest Transit,Microtransit,May Mobility,"SW Prime app, Phone",Same-day,$5.00 ($2.50 seniors/TAP),Not specified,Not specified,Local,Active,Not specified · May Mobility autonomous vehicles (late 2024 pilot),"Named 2024 Minnesota Transit System of the Year; launched first autonomous microtransit in the Twin Cities in late 2024 with May Mobility. [NTD 2024: parent agency reported 537,877 total trips across all modes, 42 peak vehicles agency-wide; on-demand share is a subset]",https://www.swtransit.org,44.85,-93.45,Original database
Metro Transit Micro,MN,"North Minneapolis, Roseville, Woodbury, Bloomington, Blaine",Suburban,Metro Transit (Metropolitan Council),Microtransit,Spare,"Metro Micro app, Phone",Same-day,Standard Metro Transit fare (~$2.00),"Weekdays 5:30am–10:30pm, Weekends 7am–10:30pm",Not specified,Local (Metropolitan Council),Active - Expanding,~5 vehicles · ADA-accessible smaller transit vans (Spare platform),"Ridership jumped 180% in 2025 to over 120,000 after expanding to Roseville, Woodbury, Bloomington, and Blaine. Switched to Spare platform Nov 2024 with 96% on-time performance.",https://www.metrotransit.org/micro-project,45.02,-93.22,Original database
MVTA Connect,MN,"Apple Valley, Burnsville, Rosemount, Savage (Zone 1); Eagan (Zone 2); Prior Lake, Shakopee (Zone 3)",Suburban,Minnesota Valley Transit Authority (MVTA),Microtransit,Not specified,RideMVTA app,Same-day,$3.00 ,Daily 6am–9pm,Not specified,Local,Active,Not specified · EV minibuses,Fleet of EV minibuses; covers three distinct zones across southern Twin Cities suburbs.,https://www.mvta.com,44.73,-93.22,Original database
Maple Grove My Ride,MN,"Maple Grove (+ parts of Osseo, Brooklyn Park, Brooklyn Center; connections to Robbinsdale and Plymouth Transit Centers)",Suburban,Maple Grove Transit,Microtransit,Not specified,"My Ride app, Web portal, Phone",Same-day,$3.00 (10-ride pass $20),Not specified,Not specified,Local,Active,Not specified,"On-demand rideshare serving Maple Grove and surrounding suburbs. [NTD 2024: 39,563 annual trips, 10 peak vehicles]",https://www.maplegrovemn.gov/transit,45.07,-93.46,Original database
Plymouth Click-and-Ride,MN,"Plymouth (+ Ridgedale, Colonial Square, Golden Valley Center; connections to Maple Grove Transit Station)",Suburban,Plymouth Metrolink,Microtransit,Not specified,"Click-and-Ride app, Phone",Same-day,$3.00 ,"Mon–Fri 5am–8:30pm, Sat 6am–6:30pm, Sun 6am–5pm",Not specified,Local,Active,Not specified,"On-demand service within Plymouth with connections to Maple Grove Transit Station. [NTD 2024: parent agency reported 212,969 total trips across all modes, 21 peak vehicles agency-wide; on-demand share is a subset]",https://www.plymouthmn.gov/transit,44.97,-93.46,Original database
Ride Gwinnett Microtransit,GA,"Snellville, Lawrenceville, Norcross (Gwinnett County)",Suburban,Gwinnett County Dept. of Transportation,Microtransit,RideCo,"Ride Gwinnett app, Phone",Same-day,$3.00 ,Mon–Sat 6am–8pm,Not specified,Local,Active,Not specified,Expanded to Norcross/Gateway85 CID in September 2024; county aims for 100% transit coverage via microtransit.,https://www.gwinnettcounty.com/government/departments/transportation/gwinnett-county-transit/microtransit,33.96,-84.02,Original database
Via Jersey City,NJ,Jersey City (citywide),Urban,City of Jersey City (Tech by Via),Microtransit,Via,"Via app, Phone",Same-day,$2.00 ,Not specified,2020,Local,Active,~26+ vehicles · Mix of Mercedes Metris vans and Kia Niro EVs,Surpassed 2 million rides as of Jan 2024; 80% of rides serve people of color; 60% serve low-income residents. Blueprint for city-run microtransit.,https://ridewithvia.com/jersey-city,40.72,-74.07,Original database
MicroLink (NJ Transit),NJ,Monmouth County and Bergen County zones,Suburban,NJ Transit (Tech by Via),Microtransit,Via,"MicroLink app, Phone",Same-day,Free (pilot),Weekdays,2026,Federal (COVID relief grant $7M),Active - New,Not specified,"Launched April 6, 2026 as a two-year pilot; first-mile/last-mile connector to NJ Transit bus network.",https://www.njtransit.com,40.3,-74.2,Original database
CTDOT Microtransit Pilots – SEAT (SE Connecticut),CT,"Groton, New London, Stonington, Waterford (Southeastern Connecticut)",Suburban,Southeast Area Transit District (SEAT),Microtransit,Not specified,"App, Phone",Same-day,$3.00 ,Varies by zone; eve/weekend focus,2024,State (CTDOT $19.5M program),Active,Not specified,"Four zones launched under CTDOT statewide pilot: Groton, New London, Stonington HOP, and Waterford. Builds on existing SEAT New London Smart Ride service. [NTD 2024: parent agency reported 1,065,778 total trips across all modes, 29 peak vehicles agency-wide; on-demand share is a subset]",https://portal.ct.gov/dot/travel-gateway/public-transportation/microtransit-pilot-program,41.38,-72.1,Original database
CTDOT Microtransit Pilot – Norwalk Transit,CT,City of Norwalk,Urban,Norwalk Transit District,Microtransit,Not specified,"App, Phone",Same-day,Not specified,Not specified,2024,State (CTDOT $19.5M program),Active,Not specified,Part of CTDOT statewide pilot; Norwalk Transit also operates pre-existing Wheels 2U Norwalk and Wheels 2U Westport services.,https://portal.ct.gov/dot/travel-gateway/public-transportation/microtransit-pilot-program,41.12,-73.4,Original database
gbt connect (Trumbull),CT,Town of Trumbull,Suburban,Greater Bridgeport Transit (GBT),Microtransit,RideCo,"RideCo app, Web, Phone",Same-day,$4.00 ,Daily 6am–8pm,2024,State (CTDOT),Active,Not specified,Launched July 2024; connects to GBT fixed routes and Metro-North Railroad.,https://portal.ct.gov/dot/travel-gateway/public-transportation/microtransit-pilot-program,41.24,-73.2,Original database
GHTD Link (Enfield/East Windsor),CT,Enfield and portions of East Windsor,Suburban,Greater Hartford Transit District,Microtransit,Not specified,"App, Phone",Same-day (advance up to 3 days),$3.00 ,"Mon–Sat 8am–6pm, Sun Noon–6pm",2024,State (CTDOT),Active,Not specified,Launched April 2024; connects to CTtransit Route 905 at Enfield Square Park & Ride.,https://portal.ct.gov/dot/travel-gateway/public-transportation/microtransit-pilot-program,41.98,-72.59,Original database
VTD2GO (Valley Transit District),CT,"Ansonia, Derby, and parts of Shelton",Suburban,Valley Transit District,Microtransit,Not specified,VTD2GO app,Same-day,$2.00 (first ride free),Mon–Fri 5:30pm–11:30pm,2024,State (CTDOT),Active,Not specified,"Evening-only service launched April 2024; connects to Ansonia Train Station. [NTD 2024: 43,026 annual trips, 12 peak vehicles]",https://portal.ct.gov/dot/travel-gateway/public-transportation/microtransit-pilot-program,41.34,-73.07,Original database
Milford Micro,CT,City of Milford,Suburban,Milford Transit,Microtransit,Not specified,"App, Phone",Same-day,$3.00 ,"Mon–Thu 6pm–Midnight, Fri–Sat 6pm–1am, Sun 8am–6pm",2024,State (CTDOT),Active,Not specified,"Connects to Metro-North New Haven Line, CT Post Mall, state parks, beaches, and medical facilities. [NTD 2024: parent agency reported 255,594 total trips across all modes, 11 peak vehicles agency-wide; on-demand share is a subset]",https://portal.ct.gov/dot/travel-gateway/public-transportation/microtransit-pilot-program,41.23,-73.06,Original database
StamFORWARD (Stamford),CT,City of Stamford,Urban,City of Stamford,Microtransit,Not specified,"App, Phone",Same-day,$1.75 ,Daily 7am–7pm,2024,State (CTDOT),Active,4 electric vehicles,"Launched November 19, 2024; part of CTDOT statewide pilot. Fleet includes 4 electric vehicles.",https://portal.ct.gov/dot/travel-gateway/public-transportation/microtransit-pilot-program,41.05,-73.54,Original database
Via NHV (New Haven),CT,City of New Haven,Urban,City of New Haven / CTDOT (Tech by Via),Microtransit,Via,"Via NHV app, Phone",Same-day,$1.75 (seniors/low-income $0.85),Daily 7am–7pm,2025,State (CTDOT $3M+),Active,Not specified,Connecticut's 9th microtransit pilot; part of statewide $19.5M program.,https://portal.ct.gov/dot/travel-gateway/public-transportation/microtransit-pilot-program,41.31,-72.92,Original database
River Valley Transit Microtransit,CT,"Madison, Guilford, and portions of East Hampton and Middletown",Rural,River Valley Transit (Estuary Transit District),Microtransit,Not specified,"App, Phone",Same-day,Not specified,Not specified,2024,State (CTDOT),Active,Not specified,Part of CTDOT statewide pilot; River Valley Transit also operates pre-existing XtraMile on-demand service.,https://portal.ct.gov/dot/travel-gateway/public-transportation/microtransit-pilot-program,41.46,-72.62,Original database
COTA Plus,OH,8 zones across Columbus/Franklin County (expanding),Urban,Central Ohio Transit Authority (COTA),Microtransit,Via,"COTA app, Phone",Same-day,Bus fare,Not specified,Not specified,"Local (voter-approved $8B LinkUS ballot measure, 2024)",Active - Expanding,Not specified,2024 voters approved $8B LinkUS plan including 8 new COTA Plus on-demand zones alongside BRT.,https://www.cota.com/cotaplus,39.96,-82.99,Original database
Chula Vista Senior Microtransit,CA,City of Chula Vista,Suburban,City of Chula Vista (Tech by Circuit),Microtransit,Ride Circuit,Circuit app,Same-day,Free,Not specified,2022,Local,Active,Not specified,Senior-focused service (riders 55+); serves a fast-growing city with significant senior population growth projected.,https://www.chulavistaca.gov/transportation,32.64,-117.08,Original database
FlexRide Milwaukee,WI,North and northwest Milwaukee region,Urban,Milwaukee County Transit System (MCTS),Microtransit,Not specified,"App, Phone",Same-day,Not specified,Not specified,2022,"Federal, Local",Active,Not specified,"Celebrated its 50,000th ride in early January 2024; expanded reach with new service provider.",https://www.rideMCTS.com,43.08,-87.98,Original database
Sioux Falls On-Demand,SD,"Sioux Falls (citywide, integrated with fixed-route)",Urban,Sioux Falls Transit (Tech by Via),Microtransit,Via,"App, Phone",Same-day,Bus fare,Not specified,Not specified,Local,Active,Not specified,Cited as a national model for integrating on-demand and fixed-route transit; reimagined entire transit network with both modes.,https://www.siouxfalls.org/transit,43.55,-96.73,Original database
MARTA Reach,GA,"12 zones: West Atlanta, Kirkwood/Candler Park, County Line, Lakewood, Oakley Industrial, Fulton Industrial, East Point, Hillandale, Candler-McAfee/Belvedere Park, Cedar Grove, Gresham Park, North Fulton",Urban,Metropolitan Atlanta Rapid Transit Authority (MARTA),Microtransit,Not specified,"MARTA Reach app, Phone",Same-day,$2.50 ,Daily 18 hrs/day (7 days/week),2026,Local (MARTA),Active - New,Not specified · Ford Starcraft ADA-accessible vans (12 zones),"Launched March 7, 2026 as part of MARTA's NextGen Bus Network redesign. Replaces underperforming fixed bus routes in 12 zones; connects to MARTA rail and bus. Fleet of Ford Starcraft ADA-accessible vans.",https://itsmarta.com,33.75,-84.39,Original database
Camden Loop,NJ,City of Camden,Urban,Camden Community Partnership (Tech by Via),Microtransit,Via,Camden Loop app,Same-day,$2.00 ,Not specified,2023,Private/Nonprofit (Camden Community Partnership),Active,Not specified,"Surpassed 46,000 rides in first year; 44% of riders use it to commute to work. Connects to Ferry Avenue Station and regional transit.",https://city.ridewithvia.com/camden-loop,39.93,-75.12,Original database
Middlesex County RIDE On Demand,NJ,"New Brunswick, North Brunswick, East Brunswick (Middlesex County)",Urban,Middlesex County (Tech by Via),Microtransit,Via,"App, Phone",Same-day,$3.00 ,"Mon–Fri 6am–10pm, Sat–Sun 9am–6pm",2024,Local (Middlesex County),Active,Not specified,Launched February 2024 in New Brunswick; expanded to North Brunswick (Nov 2024) and East Brunswick to address food access gaps.,https://www.middlesexcountynj.gov,40.49,-74.45,Original database
Passaic County MOVE,NJ,Passaic and Clifton (Passaic County),Urban,Passaic County (Tech by Via),Microtransit,Via,Passaic County MOVE app,Same-day,$1.80 ,Mon–Fri 6am–8pm,2025,"Local (Passaic County, $1.6M Via contract)",Active,Not specified · 12-passenger vans,"Launched May 20, 2025; fleet of 12-passenger vans. Connects to NJ Transit stations within service area.",https://city.ridewithvia.com/passaic-county,40.85,-74.13,Original database
Via Newark,NJ,Newark Arts and Education District (city limits),Urban,City of Newark / Invest Newark (Tech by Via),Microtransit,Via,Via Newark app,Same-day,Free,Fri evenings and weekends,2025,Local (Urban Enterprise Zone funds),Pilot,Not specified,"Launched May 16, 2025 as a 6-month pilot; free weekend-only service connecting residents and visitors to Prudential Center, Rutgers Newark, Newark-Penn Station, and other arts/education destinations.",https://city.ridewithvia.com/newark,40.73,-74.17,Original database
ViaLC (Lorain County),OH,Cities of Lorain and Elyria (Lorain County),Urban,Lorain County Transit (Tech by Via),Microtransit,Via,"Via Lorain County app, Phone",Same-day,Not specified,Not specified,2024,"Local, Federal (ATTAIN $2.7M expansion grant 2025)",Active,Not specified,"Launched July 2024; neared 150,000 rides by early 2026; reduced cost-per-ride 36% vs fixed-route. $2.7M federal grant to expand hours to reach second/third shift workers.",https://city.ridewithvia.com/lorain,41.43,-82.13,Original database
Metro Micro (LA Metro),CA,"8 zones: Watts/Compton, LAX/Inglewood, North Hollywood/Burbank, El Monte, Highland Park/Eagle Rock/Glendale, Altadena/Pasadena/Sierra Madre, Northwest San Fernando Valley, UCLA/Westwood/VA Medical Center",Urban,Los Angeles County Metropolitan Transportation Authority (Metro),Microtransit,RideCo,"Metro Micro app, Phone",Same-day,$2.50 ,Not specified,2020,Local (Measure M),Active,Not specified,"One of the largest microtransit deployments in the US; 8 zones across LA County providing first/last-mile connections to Metro rail and bus. [NTD 2024: 20,744 annual trips, 16 peak vehicles]",https://www.metro.net/micro/,34.05,-118.24,Original database
Go West Covina,CA,City of West Covina,Suburban,City of West Covina (Tech by Via),Microtransit,Via,Go West Covina app,Same-day,Free (while funded),Mon–Fri 7am–7pm,2024,Local (LA Metro Visionary Seed Fund $659k),Active,Not specified,"Launched November 18, 2024; replaced existing Red and Blue shuttle routes Feb 2025. Connects to Metrolink stations in Baldwin Park and Covina. [NTD 2024: 35,978 annual trips, 8 peak vehicles]",https://www.westcovina.gov/452/Go-West-Covina---Microtransit,34.07,-117.94,Original database
Connect Torrance,CA,City of Torrance,Suburban,City of Torrance,Microtransit,Not specified,App,Same-day,Not specified,"Mon–Fri 6am–9pm, Sat–Sun 9am–9pm",2024,Local (LA Metro Visionary Seed Fund $1M),Active,Not specified,Launched December 2024; expanded service hours and coverage zone in June 2025 after strong ridership growth in first six months.,https://www.torranceca.gov,33.84,-118.34,Original database
GBM On Demand,WI,"Green Bay metro area (Alderwood, De Pere, Ashwaubenon, East/West Green Bay zones)",Urban,Green Bay Metro,Microtransit,Via,"GBM Transit app, Phone",Same-day,$2.00 (day pass),"Mon–Fri 5:15am–6:45pm, Sat 7:45am–1:45pm",2021,Local,Active,Not specified,"First microtransit service in Wisconsin; relaunched July 2025 consolidating separate daytime zones into one large service area. Paratransit clients may also use the service. [NTD 2024: parent agency reported 889,017 total trips across all modes, 27 peak vehicles agency-wide; on-demand share is a subset]",https://www.greenbaywi.gov/GBM-On-Demand,44.52,-88.02,Original database
MetroNow! (Cincinnati Metro),OH,"6+ zones in Hamilton County: Springdale/Sharonville, Northgate/Mt. Healthy, Forest Park/Pleasant Run, Blue Ash/Montgomery (+ Deer Park, Silverton, Kenwood, Madeira), and more",Suburban,Southwest Ohio Regional Transit Authority (SORTA/Metro),Microtransit,Not specified,"MetroNow! On Demand app, Phone",Same-day,$2.50 ,"Mon–Fri 6am–9pm, Weekends 8am–9pm",2023,Local (SORTA),Active - Expanding,Not specified,"Launched May 2023; surpassed 210,000 trips in first two years. Blue Ash/Montgomery zone added Oct 2025. Serves low-density areas not suited for full-size buses.",https://www.go-metro.com/riding-metro/metronow/,39.28,-84.47,Original database
Tri MyRide (Tri Delta Transit),CA,Antioch/Oakley zone and Pittsburg/Bay Point zone (East Contra Costa County),Suburban,Tri Delta Transit (Eastern Contra Costa Transit Authority),Microtransit,TransLoc,"Tri MyRide app, Cash",Same-day,$2.00 ,"Mon–Fri 5am–9pm, Weekends/Holidays 8am–5pm",2019,"Local, Federal",Active,8 vehicles · Dedicated microtransit vans (2 zones),"Two service areas near Antioch BART and Pittsburg/Bay Point BART stations. Fleet of 8 dedicated microtransit vehicles. Connects to BART, Amtrak, and fixed routes.",https://trideltatransit.com/tri-myride/,37.98,-121.78,Original database
OmniRide (Omnitrans),CA,"Bloomington, Chino/Chino Hills, and Upland (San Bernardino Valley)",Suburban,Omnitrans,Microtransit,RideCo,"OmniRide On-Demand app, Cash",Same-day,$4.00 (includes fixed-route day pass),Mon–Sat 6am–8pm,2020,Local,Active,Not specified,3 zones across San Bernardino Valley; ridership up 60% YoY for Chino/Chino Hills in FY2025. Replaces underperforming fixed routes; connects warehouse workers to employers.,https://omnitrans.org/services/,34.07,-117.5,Original database
NCTD+ San Marcos,CA,"San Marcos (10-square-mile zone, North San Diego County)",Suburban,North County Transit District (NCTD),Microtransit,Not specified,"NCTD+ app, Phone",Same-day,$3.00 ($1.50 to/from Sprinter stations),Daily 6am–9pm,2024,Local (NCTD),Active,Not specified · ADA-accessible vans (up to 8 passengers),Launched June 2024; fare reduced from $5 to $3 following rider feedback. ~100 weekly riders. Part of NCTD's broader NCTD+ microtransit program.,https://www.gonctd.com/plus,33.14,-117.17,Original database
NCTD+ Vista,CA,"Vista (7-square-mile zone, North San Diego County)",Suburban,North County Transit District (NCTD),Microtransit,Not specified,"NCTD+ app, Phone",Same-day,$3.00 ($1.50 to/from Sprinter stations),"Mon–Fri 6am–8pm, Weekends 8am–8pm",2025,Local (NCTD),Active - New,Not specified · ADA-accessible vans,"Launched May 19, 2025. Serves 7-square-mile zone including Vista Community Clinic, Brengle Terrace Park, and 3 Sprinter rail stations.",https://www.gonctd.com/plus,33.2,-117.24,Original database
El Cajon Microtransit,CA,City of El Cajon (San Diego County),Suburban,City of El Cajon (Tech by Via),Microtransit,Via,Via app,Same-day,Not specified,Not specified,2025,Local (SANDAG Flexible Fleets grant),Active - New,Not specified · Electric vehicles,Launched March 2025; app-based on-demand service within El Cajon service zone.,https://www.sandag.org/projects-and-programs/innovative-mobility/flexible-fleets/microtransit-services,32.79,-116.96,Original database
Mid-City GO,CA,"North Park, City Heights, and Mid-City San Diego communities",Urban,North Park Mainstreet / City Heights CDC,Microtransit,Not specified,App,Same-day,Free,Not specified,2025,Local (SANDAG grant),Active - New,Not specified · Electric ride-share vans,Launched February 2025; free electric ride-share connecting Mid-City communities to each other and to the broader transit system.,https://www.sandag.org/projects-and-programs/innovative-mobility/flexible-fleets/microtransit-services,32.74,-117.1,Original database
SouthPark Skipper,NC,"SouthPark municipal service district, Charlotte (~1 sq mile)",Urban,SouthPark Community Partners (operated by Freebee),Microtransit,Freebee,Freebee app,Same-day,Free,Daily 9am–9pm,2024,"Private (SouthPark Community Partners nonprofit, municipal service district funds)",Pilot,Not specified · Electric EVs,"Launched Nov 15, 2024. State's first privately sponsored microtransit; free electric EV fleet. 1-year pilot serving SouthPark commercial core with ~1,000 employers and 32,000 workers.",https://southparkclt.org,35.15,-80.84,Original database
CATS Micro,NC,"Northern Mecklenburg County (Davidson, Cornelius, Huntersville, north Charlotte)",Suburban,Charlotte Area Transit System (CATS); operated by MV Transportation,Microtransit,Spare,"CATS Micro app, Phone",Same-day,$2.20 ,"Mon–Fri 6am–7pm, Sat–Sun 7am–7pm",2025,"Federal, Local (CATS Better Bus Plan)",Active - New,Not specified · WAV vehicles available,"Launched Feb 24, 2025. On-demand shared-ride serving point-to-point within Northern Mecklenburg zone. WAV vehicles available.",https://www.charlottenc.gov/cats,35.47,-80.85,Original database
McDowell Express,NC,Marion and McDowell County (~7-mile radius),Rural,McDowell County Transit (NCDOT MEE-NC grant program),Microtransit,Not specified,"App, Phone",Same-day,Not specified,"Mon–Fri 7am–8pm, Sat 9am–5pm",2025,Federal (NCDOT $10.4M MEE-NC grant for 11 rural communities),Active - New,Not specified,"Launched May 1, 2025; 1,900+ rides in first 5 months with steady month-over-month growth. Connects rural residents to jobs, healthcare, and education.",https://www.ncdot.gov/divisions/integrated-mobility/public-transit-services/on-demand-microtransit/,35.68,-82.01,Original database
FAST Connect,CA,"Cordelia/Green Valley zone and Northeast Fairfield zone (incl. Fairfield-Vacaville Hannigan Train Station, Travis AFB)",Suburban,City of Fairfield Transit (FAST); Tech by The Routing Company,Microtransit,The Routing Company (Pingo),"Ride Pingo app, same-day",Same-day,$2.00 ,"Mon–Fri 6am–8pm, Sat 9am–5pm",2023,"Local, Federal",Active,Not specified,"Launched Sept 5, 2023; replaced 3 fixed routes. 35,000+ passengers; 99% on-time; 4.8/5 rating. Average pickup wait under 15 min. Won METRO 2024 Innovative Solutions Award.",https://fasttransit.org,38.25,-122.03,Original database
Southeastern Connect,CA,"Mount Hope, Chollas View, Emerald Hills (Southeast San Diego)",Urban,SANDAG / Urban Collaborative Project (operated by Via),Microtransit,Via,"Via San Diego app, Phone",Same-day,Free through Dec 2026,Not specified,2025,"Federal, State, Local ($3.8M: SANDAG, City of SD, CA Air Resources Board, CA Energy Commission)",Active - New,Not specified · All-EV fleet (max 4 passengers),"Launched Aug 12, 2025; 4-year pilot. All-EV fleet (max 4 passengers). Serves environmental justice communities with limited transit access.",https://www.sandag.org/projects-and-programs/innovative-mobility/flexible-fleets/microtransit-services/southeastern-connect,32.71,-117.09,Original database
Via West Sacramento,CA,City of West Sacramento; expanded Oct 2024 to Downtown Sacramento pilot zones,Urban,City of West Sacramento (Tech by Via),Microtransit,Via,Via West Sac app,Same-day,Standard fares apply; discounted for seniors/disabled; free fares for Downtown pilot expired Dec 2024,Not specified,2018,"Local, State (YAQMD Clean Air Funds for pilot expansion)",Active,Not specified,"One of the oldest Via-operated programs in the US. Expanded Oct 7, 2024 to pilot service at Downtown Sacramento locations. Multiple national awards including Smart 50 Award.",https://www.cityofwestsacramento.org/services/via-rideshare,38.58,-121.53,Original database
SV Hopper (Silicon Valley Hopper),CA,Cupertino (citywide) and southern Santa Clara (expanding to Phase 2),Suburban,City of Cupertino / City of Santa Clara (Tech by Via),Microtransit,Via,"Silicon Valley Hopper app, Phone",Same-day,$3.50 ($1.75 youth/seniors/disabled),Not specified,2022,"State ($8.5M CalSTA grant through FY2026-27), Local ($500k VTA grant)",Active,13 EVs · incl. 3 WAVs and 9 Kia Niros with bike racks,13 EVs including 3 WAVs and 9 Kia Niros with bike racks. Santa Clara Phase 1 launched Nov 2023. Cupertino original service continues. Plans to expand to Phase 2 (north Santa Clara).,https://city.ridewithvia.com/hopper,37.32,-122.03,Original database
Peery Park Rides,CA,Peery Park business district and northwest Sunnyvale (US-101 to Fair Oaks Ave to El Camino Real),Suburban,City of Sunnyvale / VTA (operated by Zia/Via),Microtransit,Via,"Peery Park Rides app, Phone",Same-day,Free,Mon–Fri 7am–7pm,2025,Local ($1.12M VTA grant + $500k community benefit funds; +$100k city supplemental),Active - New,3 vehicles · Chrysler Voyager vans,"Launched Feb 11, 2025 (official launch Mar 4). 2-year pilot. 3 Chrysler Voyager vans serving 9 destinations in Peery Park district + Caltrain station + downtown Sunnyvale.",https://www.sunnyvale.ca.gov/homes-streets-and-property/transportation-and-traffic-safety/peery-park-rides,37.39,-122.03,Original database
Go Time! Annapolis,MD,City of Annapolis service area (replacing Orange and Purple bus routes),Urban,City of Annapolis Department of Transportation,Microtransit,Transigo,"Transigo app, Phone (410-263-7964)",Same-day,Same as regular bus fare,Not specified,2024,"Local, Federal",Active,Not specified,Launched July 2024; replaced the fixed Orange and Purple bus routes with flexible on-demand service. Pickup within 3/4 mile of original route corridors.,https://annapolis.gov/2177/Go-Time-Annapolis-On-Demand-Transit,38.98,-76.49,Original database
SEPTA Go,PA,"6 Go Zones in Philadelphia suburbs: 3 in Delaware County (Phase 2, Spring 2027) + 3 more incl. Montgomery County zone (Phase 3, Summer 2027); replacing low-ridership routes incl. 78, 90, 92, 120, 128, 132, 133, 206",Suburban,Southeastern Pennsylvania Transportation Authority (SEPTA),Microtransit,RideCo,"App, Phone",Same-day,Standard SEPTA fare,Daily (hours TBD),2027,"Federal, State, Regional (SEPTA)",Pilot,48 vehicles planned · Fleet TBD (planned Spring/Summer 2027),Planned launch Spring/Summer 2027 as part of SEPTA's New Bus Network Bus Revolution redesign. 6 on-demand zones replacing underperforming suburban fixed routes. RideCo selected as technology vendor Oct 2023; 48-vehicle fleet planned. First SEPTA microtransit since the short-lived Owl Link pilot (2021–2022).,https://wwww.septa.org/initiatives/bus/,39.97,-75.28,Original database
rabbittransit Stop Hopper,PA,"York, Red Lion/Dallastown, East York, Selinsgrove/Sunbury, Danville-Bloomsburg, Lewisburg-Milton, Gettysburg, Hanover (south-central PA)",Suburban,rabbittransit,Microtransit,TransLoc,"Stop Hopper app, Phone (800-632-9063)",Same-day,$2.00; Seniors 65+ free,Mon–Fri 6:30am–6:30pm (varies by zone),2018,"State (PA Lottery, PennDOT), Federal",Active,Not specified,Pennsylvania's first microtransit service. Multi-zone coverage across south-central PA. One of 6 PennDOT case-study agencies (2024 report). Seniors ride free with Free Fare ID. Transfer connection from fixed route: $0.40 upcharge.,https://www.rabbittransit.org/schedules/microtransit-stophopper/,39.96,-76.73,Original database
CATAGO!,PA,State College / Centre County microtransit zone,Suburban,Centre Area Transportation Authority (CATA),Microtransit,Via,"App, Phone",Same-day,Standard CATA fares,Mon–Fri service hours,2021,"State (PennDOT), Federal (FTA)",Active,Not specified,Replacement-case microtransit: replaced underperforming fixed route near Penn State. One of 6 PennDOT case-study agencies. Among PA's highest-productivity microtransit zones.,https://www.catabus.com,40.79,-77.86,Original database
CATA GO,PA,Crawford County (Meadville area),Rural,Crawford Area Transportation Authority (CATA),Microtransit,Via,"App, Phone",Same-day,Standard CATA fares,Mon–Fri service hours,2022,"State (PennDOT), Federal (FTA)",Active,Not specified,"Replacement-case microtransit in rural northwest PA. Replaced underperforming fixed routes. One of 6 PennDOT case-study agencies in 2024 statewide study. [NTD 2024: parent agency reported 295,091 total trips across all modes, 46 peak vehicles agency-wide; on-demand share is a subset]",https://crawfordcata.com,41.64,-80.15,Original database
Monroe County Pony Plus (MCTA),PA,Multiple zones in Monroe County (Pocono region),Suburban,Monroe County Transit Authority (MCTA),Microtransit,Not specified,"App, Phone",Same-day,Standard MCTA fares,Mon–Fri service hours,2020,"State (PennDOT), Federal",Active,Not specified,One of 6 PennDOT case-study agencies in 2024 statewide microtransit report. Serves suburban Pocono area zones; system-wide productivity tracked in PennDOT analysis.,https://monroecountypa.gov/Dept/Transportation/Pages/PublicTransportation.aspx,41.05,-75.35,Original database
MB Freebee (Miami Beach),FL,"Mid Beach and portions of North Beach, Miami Beach",Urban,City of Miami Beach (Freebee),Microtransit,Freebee,Freebee app,Same-day,Free,Daily (hours vary),2019,Municipal (City of Miami Beach),Active,Not specified · 100% electric vehicles,100% electric vehicles. Door-to-door and first/last-mile connectivity to Miami Beach Trolley and Miami-Dade County bus. Part of Freebee's 53-destination Florida network serving ~2M riders/year systemwide.,https://www.miamibeachfl.gov/freebee/,25.81,-80.13,Original database
Freebee Kissimmee,FL,Downtown Kissimmee and expanded commercial zones (incl. west of John Young Pkwy),Urban,City of Kissimmee (Freebee),Microtransit,Freebee,Freebee app,Same-day,Free,Daily (hours vary),2023,"Municipal (City of Kissimmee, $421k/yr)",Active,Not specified · Tesla Model X vehicles,"Replaced underperforming Kissimmee Circulator bus. Ridership up 190% 2023–2024; 25,000+ rides in 2024. Serves hospital, City Hall, bus/train stations. Contract renewed through March 2027.",https://www.kissimmeeflorida.org,28.3,-81.41,Original database
Scout (Seminole County),FL,Seminole County (multiple zones replacing most LYNX bus routes),Suburban,Seminole County (Freebee),Microtransit,Freebee,Freebee app,Same-day,~$3–4/trip (zone-based),7 days/week (hours vary by zone),2025,"County ($5M/yr + $100k setup), State",Active,35 vehicles · Electric vans (5 zones),"Launched Oct 2025; replaces most LYNX fixed routes. 35-vehicle fleet across county zones. ~30,000 riders/month by early 2026. Largest single Freebee deployment. LYNX paratransit and core routes retained.",https://www.seemore.fun/scout,28.7,-81.32,Original database
MetroConnect SoMi,FL,South Miami SoMi district; connections from Coral Gables and Pinecrest,Urban,City of South Miami (Via),Microtransit,Via,MetroConnect SoMi app,Same-day,Free,Daily (hours vary),2025,Municipal (City of South Miami),Active,Not specified,"Launched Feb 27, 2025. Replaced former Freebee service. Part of broader MetroConnect network. Connects residents to South Miami's SoMi commercial district.",https://www.southmiamifl.gov,25.71,-80.29,Original database
Freebee Downtown Miami & Brickell,FL,"Downtown Miami, Brickell, Arts & Entertainment District",Urban,Miami Downtown Development Authority (Freebee),Microtransit,Freebee,Freebee app,Same-day,Free,Daily (hours vary),2026,Miami Downtown Development Authority,Active - New,9 vehicles · VW ID electric vans,Launched March 2026. Transitioned from fixed-route circulator to fully on-demand. 9 electric vehicles incl. VW ID vans covering urban core and Brickell.,https://miamidda.com,25.77,-80.19,Original database
Chandler Flex,AZ,"South Chandler (approx. Chandler Blvd to Chandler Heights Rd, Price Rd to Arizona Ave)",Suburban,City of Chandler (Via),Microtransit,Via,"Chandler Flex app, Phone (602-932-0291)",Same-day,$2.00; $1.00 extra passengers/seniors/WAV riders; students free with ID,Mon–Fri 6:00am–9:00pm,2022,"State (A for Arizona grant $2M), Federal, Local ($3M expansion grants)",Active,Not specified · WAV available; Waymo AV integration (overflow),"100,000+ rides since launch; 3,000+/month. 42% of rides school-related. Integrates Valley Metro bus routes 72, 81, 96, 104, 112, 156, 542. First US city to integrate Waymo autonomous vehicles into public transit network (fall 2025).",https://city.ridewithvia.com/chandler-flex,33.27,-111.85,Original database
Bay Transit Express,VA,"Gloucester County (Gloucester Business District, ~20 sq mi); Bay Transit Express / ""BT4U"" app also covers three additional zones under the same brand: West Point/King & Queen County (""Paper Trail""), Essex County/Tappahannock (""Rivah Ride""), and New Kent County (added Apr 2026)",Rural,Bay Transit (Bay Aging),Microtransit,Via,Bay Transit Express app,Same-day,$1.00/trip,Mon–Fri 8:00am–5:00pm,2021,"Federal (FTA Integrated Mobility Innovation Grant), State (DRPT, ITTF)",Active,"3 vehicles (Gloucester zone, per DRPT toolkit): Ford E450, Ford Transit 350, Ford Transit van (6 seats); fleet size for other zones not specified","222% ridership increase vs. replaced fixed routes. Expanded from 10 to 20 sq mi after strong demand. Part of DRPT's Virginia Rural Microtransit Deployment Initiative (18-month pilot, now ongoing). [NTD 2022: parent agency reported 119,573 total trips across all modes, 40 peak vehicles agency-wide; on-demand share is a subset] Deep sweep VA 2026-07: confirmed via baytransit.org that Bay Transit Express now operates 4 zones (Gloucester, West Point, Tappahannock, New Kent) under one app/brand rather than just the original Gloucester zone.",https://www.baytransit.org,37.41,-76.52,Original database
METGo!,VA,"City of Norton; Lee, Scott, and Wise counties (Southwest Virginia, ~11 sq mi core)",Rural,Mountain Empire Older Citizens (Mountain Empire Transit),Microtransit,Via,"METGo app, Phone",Same-day,Free,Mon–Fri service hours,2021,"Federal (FTA), State (DRPT, ITTF), Local",Active,"4 Ford vans, 7-ambulatory-passenger capacity each, per DRPT Rural Microtransit Suitability Checklist and Implementation Toolkit","55,829+ trips since launch. Zero-fare service. Expanded to Big Stone Gap community college and Duffield industrial park. Part of DRPT Virginia Rural Microtransit Deployment Initiative; ridership more than doubled vs. fixed routes.",https://meoc.org,36.93,-82.62,Original database
OmniRide Connect,VA,"Manassas Park; Dumfries, Triangle, Quantico (Prince William County)",Suburban,Potomac and Rappahannock Transportation Commission (OmniRide),Microtransit,Not specified,"OmniRide Mobility app, Phone (703-730-6664)",Same-day,Free,Mon–Fri (hours vary by zone),2023,"Federal, State (DRPT), Regional (PRTC)",Active,Not specified,Two separate zones: Manassas Park and the Dumfries/Quantico corridor. Dispatched on-demand via app. Complements OmniRide local bus routes.,https://www.omniride.com/services/connect/,38.67,-77.28,Original database
GRTC LINK,VA,"6 zones: Azalea Ave/Meadowbridge Rd (Henrico/Hanover), Ashland (Hanover), Broad Rock/Hull Street Rd (Chesterfield), Clover Dale (Chesterfield), Powhatan County, Sandston/Elko (Henrico)",Suburban,Greater Richmond Transit Company (GRTC),Microtransit,Via,"GRTC On the Go app, Phone",Same-day,Free,Mon–Fri 5:00am–8:00pm,2023,"Federal, State (DRPT), Local (Henrico, Chesterfield, Hanover, Powhatan)",Active,Not specified · Wheelchair accessible,All 5 planned zones launched by July 2024; Broad Rock added later for 6 total. Wheelchair accessible; ~20-min typical arrival. Serves areas without viable fixed-route coverage.,https://ridegrtc.com/link,37.53,-77.46,Original database
CDTA FLEX+,NY,Downtown Albany (Union Station/Amtrak to major downtown destinations),Urban,Capital District Transportation Authority (CDTA),Microtransit,The Routing Company (Pingo),"Ride Pingo app, CDTA Navigator app, Phone",Same-day,$3.00/ride,Mon–Fri 8:00am–7:00pm,2024,"State (NY Innovative Mobility Initiative), Federal",Active,Not specified,"Launched Jan 29, 2024; expanded summer 2024. Connects downtown Albany to Joseph L. Bruno Rail Station (one of busiest Amtrak stations). NY State IMI-funded ($1M allocation for CDTA).",https://www.cdta.org/flex,42.65,-73.75,Original database
TriMet NEXT,OR,"South Gresham and Powell Valley neighborhoods, Gresham",Suburban,TriMet,Demand-Response,Not specified,"TriMet NEXT app, Online (trimet.org/next), Phone (503-962-5959)",Same-day,Standard TriMet fares (Hop Fastpass),"Daily incl. holidays, 9:00am–6:00pm",2025,"Federal, State (ODOT)",Active - Pilot,Not specified · Up to 6 riders per vehicle; WAV available,"Launched publicly June 2025 for seniors and people with disabilities. Connects to 79 bus lines, 5 MAX lines, WES commuter rail. Vehicles hold up to 6 riders. 100% rider satisfaction rating in first month. Earlier paratransit rollout April 2025.",https://trimet.org/next,45.49,-122.43,Original database
SPOT Southwest,OR,"South Cooper Mountain, River Terrace, Murrayhill, Progress Ridge (Washington County)",Suburban,"Washington County, OR",Microtransit,Not specified,"Mobile app, Phone",Same-day,Free,Mon–Fri 6:30am–9:30pm,2026,"County, State, Federal",Active - New,Not specified,Launched January 2026. Door-to-door shared rides; free to all community members. Connects to TriMet frequent bus at Washington Square Transit Center.,https://www.washingtoncountyor.gov/lut/planning/microtransit,45.46,-122.84,Original database
High Valley Transit Micro,UT,Multiple microzones in Summit and Wasatch counties (Park City area); discontinued in Park City municipal limits Apr 2024,Rural,High Valley Transit District,Microtransit,Not specified,High Valley Transit app,Same-day,Free,7 days/week,2021,"Local, Federal",Active,Not specified · WAV available; door-to-door service,"286,887 microtransit trips in 2023 alongside 894,598 fixed-route trips. ~35,000 monthly riders as of early 2025. Integrated with fixed-route buses; WAV and door-to-door service available. Service within Park City municipal limits ended Apr 14, 2024. [NTD 2024: parent agency reported 1,448,366 total trips across all modes, 44 peak vehicles agency-wide; on-demand share is a subset]",https://www.hvtutah.gov/ride-micro,40.65,-111.5,Original database
Decatur Moves,IL,"Decatur, Mt. Zion, Forsyth (urban zone); full Macon County (rural zone)",Urban,Decatur Public Transit System (DPTS); operated by MV Transportation,Microtransit,Spare,"Decatur Moves app, Phone (217-424-2821), Web",Same-day,$2.00 urban; $5.00 rural (Macon County),Daily 5:00am–8:00pm,2025,"State (IDOT Consolidated Vehicle Program, downstate operating assistance), Local",Active,25 vans · (3-year MV Transportation contract),"Launched Sept 8, 2025 after delay. 25-van fleet; 3-year $14M MV Transportation contract. Replaced no taxi service in Decatur since COVID. Citywide coverage replacing fixed-route bus gaps.",https://www.decaturil.gov/567/Decatur-Moves---Microtransit,39.84,-88.95,Original database
TANK Plus,KY,"Campbell County (Zone 1), Northern Kentucky",Suburban,Transit Authority of Northern Kentucky (TANK),Microtransit,Via,"TANK On-Demand app, Phone (859-331-8265)",Same-day,$5.00 curb-to-curb within zone; $2.50 to fixed-route transfer point,Mon–Sun 9:00am–5:00pm,2024,"Federal, State, Local (Campbell County Fiscal Court)",Active,Not specified,"Launched Aug 13, 2024. On-demand only (no advance booking). Pickup within 30 minutes. Connects to TANK fixed routes for travel outside zone. Year-long pilot extended after success.",https://www.tankbus.org/microtransit/,39.07,-84.48,Original database
MWRTA Catch Connect,MA,"Wellesley (all addresses); expanded to Hudson and Berlin; connections to Waban/Woodland MBTA stations, Newton Wellesley Hospital, Natick Community Center",Suburban,MetroWest Regional Transit Authority (MWRTA),Microtransit,Proprietary (MWRTA Catch app),"MWRTA Catch app, Phone (508-283-5083)",Same-day,Free (through June 2025); fare TBD after,"Mon–Fri 6:45am–8:45pm, Sat–Sun 8:00am–6:00pm",2021,"State (MassDOT), Federal, Local",Active,Not specified,Launched Feb 2021 replacing Route 8 fixed bus in Wellesley. Expanded to Hudson/Berlin Feb 2025. Curb-to-curb; 10–30 min average wait. Part of broader MWRTA service area.,https://mwrtacatchconnect.com/,42.3,-71.29,Original database
Go2 (Muskegon Area Transit),MI,Muskegon County,Suburban,Muskegon Area Transit System (MATS),Microtransit,Via,"Go2 app, Phone",Same-day,Not specified,Mon–Sat service hours,Not specified,"Federal, Local",Active,Not specified,On-demand microtransit sponsored by MATS and operated by Via. Complements 7-route fixed-route network. Connects to Herman Ivory Terminal hub.,https://matsbus.com,43.23,-86.25,Original database
Richmond Moves,CA,"City of Richmond (5.6 sq mi citywide zone; 2 BART stations, ferry terminal, Civic Center)",Urban,City of Richmond (Via),Microtransit,Via,"Richmond Moves app, Phone (510-937-3657)",Same-day,$2.00; Free seniors 65+ and students,Mon–Fri 7:00am–7:00pm,2022,"State (CA Clean Mobility Options Voucher Pilot $1M), Local",Active,"3 vehicles · Plug-in hybrid electric (WAV capable, up to 7 passengers)","Launched April 2022. All-electric plug-in hybrid fleet. Serves predominantly low-income and disadvantaged communities (80% of service area). Connects to BART, Amtrak, AC Transit, and ferry.",https://city.ridewithvia.com/richmond-moves,37.94,-122.35,Original database
Calexico On Demand,CA,"City of Calexico (Imperial County, CA-Mexico border)",Urban,Imperial County Transportation Commission (ICTC) (Via),Microtransit,Via,"Calexico On Demand app, Phone",Same-day,$2.00; $1.00 seniors/disabled,Mon–Fri 6:00am–6:00pm,2023,"State (CA Clean Mobility Options Voucher $1M), Federal",Active,Not specified · Plug-in hybrid electric vehicles (PHEVs),"Launched Jan 9, 2023. Plug-in hybrid electric vehicles. Serves seniors, low-income, and youth in a border city historically challenged by poor air quality. Contract extended through 2025 ($3M total). [NTD 2024: parent agency reported 977,774 total trips across all modes, 38 peak vehicles agency-wide; on-demand share is a subset]",https://city.ridewithvia.com/calexico,32.68,-115.5,Original database
MetroConnect (Miami-Dade),FL,"10 zones across Miami-Dade County: Northern Miami-Dade, Northeastern, Westchester, Kendall, Dadeland, South Miami, West Perrine & South Miami Heights, Cutler Bay, Southern Miami-Dade (Civic Center and Waterford zones discontinued Feb 2026)",Urban,Miami-Dade County DTPW (Via),Microtransit,Via,"MetroConnect app, Phone (786-321-5842)",Same-day,"$3.75/trip; $1.50 discounted when connecting to Metrorail, Metrobus, or South Dade TransitWay","Mon–Fri 6:30am–7:00pm (South Miami: Thu–Sat noon–11pm, Sun noon–8:30pm)",2020,Local (Miami-Dade County DTPW),Active,Not specified · Multi-zone WAV-accessible vehicles,Launched 2020 as GoConnect; rebranded MetroConnect. 10+ zones across Miami-Dade. Feb 2026 restructuring standardized fares ($3.75) and discontinued 2 zones. One of largest public microtransit systems in Florida.,https://city.ridewithvia.com/metroconnect,25.77,-80.33,Original database
ART On Demand (St. Lucie County),FL,"3 zones: SW Port St. Lucie (Zone 1), St. Lucie West/Torino (Zone 2), SW Fort Pierce/Treasure Coast Airport (Zone 3)",Suburban,St. Lucie County Area Regional Transit (ART),Microtransit,Not specified,"Rides on Demand app (rebranded Sept 2025), Phone",Same-day,Free (ART is fare-free system),"Mon–Fri 5:00am–9:00pm, Sat 7:00am–4:45pm",Not specified,"Federal, State, Local (St. Lucie County)",Active,Not specified · 5-passenger ADA-compliant vans,"Won 2024 NACo Achievement Award (Best in Category, Transportation). 6,000+ trips/month. App upgraded to 'Rides on Demand' Sept 2, 2025. Inter-zone travel uses designated meet-up points.",https://www.stlucieco.gov/departments-and-services/area-regional-transit/our-services/microtransit,27.29,-80.38,Original database
Freebee Miami Gardens,FL,City of Miami Gardens,Urban,City of Miami Gardens (Freebee),Microtransit,Freebee,Freebee app,Same-day,Free,Daily (hours vary),2025,Municipal (City of Miami Gardens),Active,~10 vehicles · Electric vans (growing from 6),Launched November 2025. Fleet growing from 6 to 10 vehicles by early 2026 due to strong demand. Part of Freebee's 53-destination Florida network.,https://www.ridefreebee.com,25.94,-80.21,Original database
Freebee Palmetto Bay,FL,Village of Palmetto Bay (South Dade),Suburban,Village of Palmetto Bay (Freebee),Microtransit,Freebee,"Freebee app, Phone (855-918-3733)",Same-day,Free,Mon–Sat 7:00am–7:00pm,Not specified,Municipal (Village of Palmetto Bay),Active,4 vehicles · Electric vans,"6,400+ rides in 2025. Fleet doubled to 4 vehicles Feb 2026. First/last-mile connectivity to South Dade TransitWay BRT corridor.",https://www.ridefreebee.com,25.63,-80.34,Original database
Freebee Wynwood & Midtown,FL,"Wynwood Arts District, Midtown Miami, Edgewater; connection to Metromover at 15th St station",Urban,Wynwood Business Improvement District (Freebee),Microtransit,Freebee,"Freebee app, Phone (855-918-3733), street hail",Same-day,Free,Daily (hours vary),Not specified,Private (Wynwood BID),Active,4 vehicles · VW ID electric vans,"Operated by Wynwood BID. Connects Arts District to Edgewater, Midtown, Downtown/Brickell via Metromover. Fleet expanded to 4 VW ID vans Feb 2026.",https://www.ridefreebee.com,25.8,-80.2,Original database
The HOP Microtransit (Hill Country Transit District),TX,"9 microtransit zones: Belton, Cameron, Copperas Cove, Gatesville, Harker Heights, Killeen, Lampasas, Salado, Temple (Bell, Coryell, Milam counties)",Mixed,Hill Country Transit District,Microtransit,Spare,"The HOP Rider App, Online, Phone (254-933-3700)",Same-day (also advance up to 14 days),$2.00/ride; $1.00 students,Mon–Fri 6:00am–8:00pm (varies by zone),2024,"Federal (FTA), State (TxDOT)",Active,36 vehicles · Microtransit vans (9 zones),"Launched Sept 2024. Replaced multiple fixed routes with 36 microtransit vehicles across 9 zones. 46,000 boardings in Jan 2025 (highest month to date). Also offers Urban Regional Commuter (fixed schedule, Copperas Cove–Temple) and Rural Demand Response.",https://takethehop.com,31.07,-97.46,Original database
Pierce Transit Runner,WA,"5 zones in Pierce County: Spanaway North, Spanaway South, Puyallup, Tideflats, Ruston; plus Gig Harbor along Rt 16 corridor",Suburban,Pierce Transit (Via),Microtransit,Via,"Pierce Transit Runner app, Phone (253-581-8000 opt. 4)",Same-day,"Same as Pierce Transit bus ($2.00 adult, $1.00 reduced); Youth 18 and under free",Daily 7:00am–10:00pm,2022,"Federal, State (WSDOT grant), Local (Pierce Transit)",Active,Not specified · WAV vans available (Via-powered),"5+ zones across Pierce County. Via-powered. ORCA card, day pass, and app payment accepted. Zones adjusted June 2025 based on ridership data.",https://piercetransit.org/Runner/,47.2,-122.42,Original database
Metro Link (Kalamazoo Metro),MI,"Peripheral zones of Kalamazoo metro area (Comstock, eastern/western suburbs connecting to KMetro bus routes)",Suburban,Kalamazoo Metro / Central County Transportation Authority (Via),Microtransit,Via,"Metro Link app, Phone (269-388-6373)",Same-day,$1.50 (same as bus); senior discounts available; includes one bus transfer,Mon–Fri service hours,2024,"Federal, Local (CCTA), State (millage)",Active - Pilot,Not specified,"Launched April 15, 2024. Pilot through 2025; included in 2025 millage renewal. Extends reach of KMetro's 21-route bus network into lower-density areas. Via-powered corner-to-corner service.",https://city.ridewithvia.com/metrolink,42.29,-85.58,Original database
MicroCAT (Charlottesville Area Transit),VA,"Pantops area and Route 29 North corridor, Albemarle County",Suburban,Charlottesville Area Transit (CAT) / Albemarle County (Via),Microtransit,Via,"MicroCAT app, Phone (434-442-2466)",Same-day,Free,Mon–Sat 6:30am–9:30pm,2023,"State (DRPT $1.5M), Local (Albemarle County $388k match)",Active,Not specified · Hybrid electric (WAV available),"Launched Oct 30, 2023. Extended beyond initial one-year pilot into 2025. Hybrid electric vehicles. Connects Pantops and Rt 29 N to Charlottesville/UVA fixed-route buses. 'Everything on the table' for expansion per CAT Director.",https://www.charlottesville.gov/microcat,38.06,-78.44,Original database
Via Mobility - Weld County,CO,Weld County,Rural,Via Mobility Services,Demand-Response,In-house,Phone,Same-day (via phone; online portal is advance-only); known immediately if fulfillable,Free,M-F 8am-4:30pm,2020,Weld County,Active,Not specified,Serves unincorporated communities; advance booking strongly encouraged.,https://www.weld.gov/,40.4233,-104.7091,Supplemental CA/CO list
Mountain Village Dial-A-Ride,CO,Mountain Village / Telluride,Rural,Town of Mountain Village,Microtransit,Downtowner / In-house,"App, Phone",Same-day / Flexible,Free,M-Su 7am-12am,1995,Town Funds,Active,Shuttles and SUVs (operated by Telluride Express),App-based microtransit for the resort community linking to the gondola.,https://townofmountainvillage.com/,37.9361,-107.8447,Supplemental CA/CO list
Downtowner Aspen,CO,Aspen,Urban,City of Aspen,Microtransit,Downtowner,App,Same-day / Flexible,Free,M-Su 8am-11pm,2016,City Funds,Active,Electric GEM vehicles + Chevy Bolts,Operates an electric fleet in the downtown Aspen core.,https://www.cityofaspen.com/,39.1911,-106.8175,Supplemental CA/CO list
Prowers Area Transit (PATS),CO,Lamar / Prowers County,Rural,Prowers County,Demand-Response,In-house,Phone,"Same-day (first-come-first-served); 24hr advance appreciated, not required",$1.50 ,M-F 8:45am-5pm,1990,County/FTA,Active,Not specified,General public demand response.,https://www.prowersco.gov/departments/transit/index.php,38.0872,-102.6207,Supplemental CA/CO list
La Junta Transit,CO,La Junta,Rural,City of La Junta,Demand-Response,In-house,Phone,"Same-day (accepted, on-time delivery not guaranteed); 24hr advance recommended",$1.00 ,M-F 7am-5pm,1992,City Funds,Active,4 vehicles (NTD agency total),Curb-to-curb service for the general public.,https://www.lajuntacolorado.org/,37.985,-103.5438,Supplemental CA/CO list
Larimer Lift,CO,Larimer County,Rural,Larimer County,Demand-Response,In-house,Phone,Advance,Varies,M-F 8am-5pm,1998,County / FTA,Active,Not specified,Demand-response brokered by the county.,https://www.larimer.org/,40.5853,-105.0844,Supplemental CA/CO list
Kiowa County Transit,CO,Eads / Kiowa County,Rural,Kiowa County,Demand-Response,In-house,Phone,Advance,$1.00 ,M-F 8am-4pm,1990,FTA 5311,Active,Not specified,General public demand-response.,https://kiowacounty.colorado.gov/,38.48,-102.78,Supplemental CA/CO list
Avon Microtransit,CO,Avon,Rural,Town of Avon,Microtransit,Downtowner,"App, Phone",Same-day / Flexible,Free,M-Su 8am-10pm,2023,Town Funds,Active,Downtowner shuttle fleet,"App-based microtransit shuttle replacing certain local routes. [NTD 2024: parent agency reported 541,155 total trips across all modes, 8 peak vehicles agency-wide; on-demand share is a subset]",https://www.avon.org/,39.6358,-106.522,Supplemental CA/CO list
County Express,CO,Northeast Colorado (Sterling/Fort Morgan),Rural,NECALG,Demand-Response,In-house,Phone,Advance,$1.50 ,M-F 8am-5pm,1992,State / Local,Active,Not specified,General public DAR covering multiple rural counties.,https://necalg.org/county-express/,40.6255,-103.2077,Supplemental CA/CO list
SacRT Flex,CA,Sacramento,Suburban,Sacramento Regional Transit,Microtransit,Via,"App, Phone",Same-day (30-min notice); up to 2 days advance also accepted,$2.50 ,M-F 7am-7pm,2025,Measure A,Active,Passenger vans (3 pax + 1 wheelchair),Transitioned from SmaRT Ride legacy program.,https://www.sacrt.com/flex/,38.5816,-121.4944,Supplemental CA/CO list
GoMicro,CA,Hemet / San Jacinto,Suburban,Riverside Transit Agency,Microtransit,Via,"App, Phone",Same-day / Flexible,$1.75 ,M-F 6:30am-6:30pm,2022,SCAG Grant,Active,Not specified,Replaced low-performing fixed routes.,https://www.riversidetransit.com/gomicro,33.7475,-116.972,Supplemental CA/CO list
Ride Plus,CA,East Palo Alto / HMB,Mixed,SamTrans,Microtransit,Via,"App, Phone",Same-day / Flexible,$2.25 ,M-Su 6am-10pm,2023,Local Transit Funds,Active,Not specified,Geared towards equity priority communities.,https://www.samtrans.com/rideplus,37.4688,-122.1411,Supplemental CA/CO list
Pa'Lante,CA,East San Jose,Urban,City of San Jose / VTA,Microtransit,Via,"App, Phone",Same-day / Flexible,$2.50 ,M-Su 6am-10pm,2024,VTA Measure B,Active,Not specified,"All-electric, community-focused fleet.",https://www.sanjoseca.gov/,37.3382,-121.8863,Supplemental CA/CO list
SunRide,CA,Coachella Valley,Suburban,SunLine Transit Agency,Microtransit,Via,"App, Phone",Same-day / Flexible,$2.00 ,M-F 5:30am-6:30pm,2021,Measure A,Active,Not specified,Connects neighborhoods to major transit hubs.,https://sunline.org/sunride,33.8303,-116.5453,Supplemental CA/CO list
TART Connect,CA,North Lake Tahoe,Rural,TART,Microtransit,Downtowner,"App, Phone",Same-day / Flexible,Free,M-Su 8am-12am,2021,Placer County TOT,Active,47 vehicles (NTD agency total),"High seasonal variation in ridership. [NTD 2024: parent agency reported 902,693 total trips across all modes, 47 peak vehicles agency-wide; on-demand share is a subset]",https://tahoetruckeetransit.com/,39.1673,-120.1428,Supplemental CA/CO list
OC Flex,CA,Orange County,Suburban,OCTA,Microtransit,Via,"App, Phone",Same-day / Flexible,$4.50 ,M-Su 6am-11pm,2018,State Grants,Active,6 shuttles (8-passenger Transit Connects) · DISCONTINUED July 2025,Unlimited rides with a valid metrolink pass.,https://www.octa.net/ocflex,33.6845,-117.8265,Supplemental CA/CO list
MST On Call,CA,Monterey County,Mixed,Monterey-Salinas Transit,Microtransit,In-house,"App, Phone",Same-day / Flexible,$1.50 ,Varies by zone,2015,State Funds,Active,Not specified,Serves deep rural communities like South County.,https://mst.org/,36.6002,-121.8947,Supplemental CA/CO list
SLO Transit Microtransit,CA,San Luis Obispo,Suburban,SLO Transit,Microtransit,Via,"App, Phone",Same-day / Flexible,$1.50 ,M-F 6am-8pm,2023,City Funds,Active,18 vehicles (NTD agency total),"Launched to reduce fixed route strain. [NTD 2024: parent agency reported 575,946 total trips across all modes, 18 peak vehicles agency-wide; on-demand share is a subset]",https://www.slocity.org/,35.2828,-120.6596,Supplemental CA/CO list
GO Now,CA,Ventura County,Suburban,Gold Coast Transit,Microtransit,Via,"App, Phone",Same-day / Flexible,$2.00 ,M-F 6am-8pm,2022,LCTOP,Active,Not specified,Serves South Oxnard and Port Hueneme.,https://www.gctd.org/,34.2805,-119.2945,Supplemental CA/CO list
The Wave,CA,Goleta & Carpinteria,Suburban,Santa Barbara MTD,Microtransit,RideCo,"App, Phone",Same-day / Flexible,$1.75 ,M-Su hours vary by zone,2023,State Grants,Active,Not specified,Official brand name for SB MTD's microtransit zones.,https://sbmtd.gov/thewave/,34.4358,-119.8276,Supplemental CA/CO list
The S Microtransit,CA,Stanislaus County,Mixed,StanRTA,Microtransit,Via,"App, Phone",Same-day / Flexible,$2.00 ,M-F 7am-10pm,2024,LCTOP,Active,Not specified,Merger of former Modesto Area Express programs.,https://stanrta.org/,37.6393,-120.9969,Supplemental CA/CO list
EVE (Everyone Ventures Everywhere),CA,Anaheim,Urban,City of Anaheim / ATN,Microtransit,Circuit,App,Same-day / Flexible,Varies,Varies,2023,TIRCP Grants,Active,Not specified,Replacing legacy FRAN service with a new ZEV fleet.,https://rideart.org/,33.8366,-117.9143,Supplemental CA/CO list
Marin Transit Connect,CA,Marin County,Suburban,Marin Transit,Microtransit,Via,"App, Phone",Same-day / Flexible,$4.00 ,M-F 6am-7pm,2018,Measure AA,Active,Not specified,Geofenced to central Marin and SMART stations.,https://marintransit.org/connect,37.9735,-122.5311,Supplemental CA/CO list
MBTA Ready Ride,CA,Morongo Basin,Rural,MBTA,Demand-Response,In-house,Phone,Same-day / Advance,$3.50 ,M-F 6am-7pm,1995,LTF,Active,Not specified,Deviated fixed-route and curb-to-curb hybrid.,https://mbtabus.com/,34.1333,-116.0333,Supplemental CA/CO list
Micro-Link,CA,Victor Valley,Rural,VVTA,Microtransit,Via,"App, Phone",Same-day / Flexible,$1.50 ,M-F 6am-8pm,2022,State Grants,Active,Not specified,Serves Hesperia and Victorville zones.,https://vvta.org/microlink/,34.5361,-117.2912,Supplemental CA/CO list
GET Bus On-Demand,CA,Bakersfield,Suburban,Golden Empire Transit,Microtransit,Via,"App, Phone",Same-day / Flexible,$2.00 ,M-Su 6am-11pm,2020,TDA,Active,Not specified,Expansive zone-based model replacing night routes.,https://www.getbus.org/on-demand/,35.3733,-119.0187,Supplemental CA/CO list
MODE,CA,Santa Monica,Urban,Big Blue Bus,Microtransit,Lyft/In-house,"App, Phone",Same-day / Advance,$1.50 ,M-Su 8am-6pm,2018,City Funds,Active,Not specified,Mobility On-Demand Every Day.,https://www.bigbluebus.com/mode,34.0194,-118.4911,Supplemental CA/CO list
Santa Clarita GO!,CA,Santa Clarita,Suburban,City of Santa Clarita,Microtransit,TripShot,"App, Phone",Same-day / Flexible,$2.00 ,M-F 6am-8pm,2022,City Funds,Active,Not specified,On-demand microtransit in Canyon Country.,https://santaclaritatransit.com/,34.3916,-118.5425,Supplemental CA/CO list
Merced Microtransit,CA,Merced,Mixed,The Bus,Microtransit,Via,"App, Phone",Same-day / Flexible,$1.50 ,M-F 6am-8pm,2023,LCTOP,Active,Not specified,"Microtransit pilot to expand coverage. [NTD 2024: parent agency reported 703,378 total trips across all modes, 50 peak vehicles agency-wide; on-demand share is a subset]",https://www.mercedthebus.com/,37.3021,-120.4829,Supplemental CA/CO list
Escalon eRide,CA,Escalon,Rural,City of Escalon,Demand-Response,In-house,Phone,"Same-day (self-service carshare reservation, 24/7); advance also accepted",$1.50 ,M-F 8am-5pm,2005,TDA,Active,4 vehicles (NTD agency total),Door-to-door public transit in Escalon.,https://www.cityofescalon.org/,37.7974,-120.9966,Supplemental CA/CO list
Palo Alto Link,CA,Palo Alto,Suburban,City of Palo Alto,Microtransit,Via,"App, Phone",Same-day / Flexible,$3.50 ,M-F 8am-6pm,2023,City Funds,Active,Not specified,Rideshare service replacing previous shuttles.,https://www.cityofpaloalto.org/,37.4419,-122.143,Supplemental CA/CO list
Lake Link,CA,South Lake Tahoe,Rural,South Shore TMA,Microtransit,Civic Mobility,App,Same-day / Flexible,Free,M-Su 7am-9pm,2022,Public/Private Grants,Active,Not specified,App-based microtransit shuttle connecting the South Shore.,https://tahoelakelink.com/,38.9399,-119.9771,Supplemental CA/CO list
WeRIDE,AZ,"Avondale, Goodyear, Surprise",Suburban,Valley Metro/Local Cities,Microtransit,RideCo,App/Phone,Same-day,$2.00 ,Mon-Fri 7am-7pm,2022,Local/FTA,Active,Shared ride microtransit service in West Valley,Strong adoption replacing fixed routes; high peak hour demand,https://werideaz.com,33.4355,-112.3496,New addition on  July 1
Sun Shuttle Dial-a-Ride,AZ,Tucson Metro/Pima County,Mixed,RTA,Demand-Response,Unknown,Phone/App,"Same-day (limited, first-come-first-served); 1-7 days advance also accepted",$1.60-$3.20,Mon-Sun,2000s,RTA,Active,Provides transit to those with disabilities and general public,Steady paratransit demand; heavily utilized by seniors,https://suntran.com/sun-shuttle/,32.2226,-110.9747,New addition on  July 1
Sedona Shuttle Connect,AZ,Sedona,Suburban,City of Sedona,Microtransit,TransLoc,App/Phone,Same-day,Free,Varies,2022,City,Active,Connects transit riders to trailheads and city spots,Extremely high seasonal tourist and hiker demand; reduces parking congestion,https://sedonashuttle.com,34.8697,-111.7609,New addition on  July 1
Havasu Mobility,AZ,Lake Havasu City,Mixed,Lake Havasu City,Demand-Response,Unknown,Phone,Advance,$2.00 ,Mon-Fri,2000s,City/FTA,Active,Seniors and ADA focus,High senior ridership; supply often constrained by fleet size,https://www.lhcaz.gov,34.4839,-114.3225,
Glendale OnBoard (formerly Glendale Dial-A-Ride),AZ,Glendale,Suburban,City of Glendale/Valley Metro,Demand-Response,Via,Phone,"Same-day (curb-to-curb, Mon-Fri 7am-6pm); weekends require advance reservation",$2.00 ,Mon-Fri,1990s,City/FTA,Active,Not specified,"Corrected 2026-08-27: program replaced by Glendale OnBoard, a same-day Via-operated curb-to-curb service; prior 'seniors and persons with disabilities' restriction text was not corroborated by current sources and appears to be the same AZ-batch data-quality issue as the Tolleson correction.",https://www.glendaleaz.com,33.5387,-112.186,
CG LINK (Casa Grande) (formerly CART Dial-a-Ride),AZ,Casa Grande,Rural,City of Casa Grande,Demand-Response,Unknown,Phone,Same-day (best-effort); 24hr-7 days advance also accepted,$2.00 ,Mon-Fri,2000s,Local/FTA,Active,Not specified,"Corrected 2026-08-27: 'CART' is the separate fixed-route regional Casa Grande-Coolidge-Florence bus; the demand-response dial-a-ride is branded CG LINK, per its own Riders Guide (casagrandeaz.gov/DocumentCenter/View/2404), general public, same-day best-effort. Prior 'seniors and ADA' restriction text was not corroborated and appears to be the same AZ-batch data-quality issue as the Tolleson correction.",https://casagrandeaz.gov,32.8795,-111.7573,
Florence Dial-a-Ride,AZ,Florence,Rural,Town of Florence,Demand-Response,Unknown,Phone,Advance,$2.00 ,Mon-Fri,2000s,Local/FTA,Active,Local demand-response service,Low volume; hyper-localized trip distances,https://www.florenceaz.gov,33.0295,-111.3876,
White Mountain Apache Transit,AZ,Whiteriver / Fort Apache,Rural,White Mountain Apache Tribe,Demand-Response,Unknown,Phone,Advance,Free,Mon-Fri,2000s,Tribal/FTA,Active,Tribal demand-response service,High reservation coverage needs result in long trip distances (high VMT),https://whitemountainapache.org,33.8291,-109.9723,
Gila River Transit Dial-a-Ride,AZ,Sacaton / Gila River,Rural,Gila River Indian Community,Demand-Response,Unknown,Phone,Same-day (min 2hr notice); up to 1-day advance also accepted,Free,Mon-Fri,2010s,Tribal/FTA,Active,Demand-response connecting reservation districts,High geographic spread limits passengers per hour metric,https://www.gilarivertransit.com,33.0792,-111.7423,
Beeline Bus Dial-a-Ride,AZ,Payson,Rural,Town of Payson,Demand-Response,Unknown,Phone,Advance,$1.00 ,Mon-Fri,2000s,Local/FTA,Active,Seniors and general public dial-a-ride,Senior-heavy demographic drives consistent daily mid-day trips,https://paysonaz.gov,34.2309,-111.3251,
Cobre Valley Community Transit,AZ,"Globe, Miami",Rural,City of Globe,Demand-Response,Unknown,Phone,Advance,$1.00 ,Mon-Fri,2010s,Local/FTA,Active,Dial-a-ride covering the Globe-Miami area,Mining town topology makes this an essential local service,https://www.globeaz.gov,33.3942,-110.7859,
SEAGO Area Transit,AZ,"Safford, Thatcher",Rural,SEAGO,Demand-Response,Unknown,Phone,Advance,$1.50 ,Mon-Fri,2000s,Regional/FTA,Active,Demand-response for Graham County,Vast rural coverage area causes low passengers per hour efficiency,https://www.seago.org,32.8339,-109.7076,New addition on  July 1
Wickenburg Dial-a-Ride,AZ,Wickenburg,Rural,Town of Wickenburg,Demand-Response,Unknown,Phone,Advance,$1.50 ,Mon-Fri,2000s,Town/FTA,Active,Curb-to-curb service for seniors and ADA,High retiree usage specifically for medical and grocery trips,https://wickenburgaz.org/168/Dial-A-Ride,33.9686,-112.7296,New addition on  July 1
Apache Junction Dial-a-Ride,AZ,Apache Junction,Suburban,City of Apache Junction,Demand-Response,Unknown,Phone,Advance,$2.00 ,Mon-Fri,2000s,City/FTA,Active,Curb-to-curb service operated in partnership with Valley Metro,High winter visitor (snowbird) demand spikes during Q1/Q4,https://www.apachejunctionaz.gov,33.415,-111.5496,New addition on  July 1
Tolleson Micro Transit Program,AZ,Tolleson,Suburban,City of Tolleson,Microtransit,Uber/Lyft,App,Same-day,"$0-$2 base fare, city subsidizes up to $15",Mon-Thu 6:30AM-3:00PM staff support; app booking 24/7,2022,City,Active,TNC-provided vehicles (Uber/Lyft drivers); no city-owned fleet,"General public, no ADA/senior restriction; TNC fare-subsidy model, all rides must begin or end within Tolleson city limits; replaced ZOOM Bus Service (ended Oct 24 2022)",https://www.tolleson.az.gov/762/Tolleson-Micro-Transit-Program,33.45,-112.2599,Corrected 2026-08-21 via direct source (see concerns.csv)
CRIT Transit,AZ,Parker,Rural,Colorado River Indian Tribes,Demand-Response,Unknown,Phone,Advance,$1.00 ,Mon-Fri,2000s,Tribal/FTA,Active,Demand-response serving the Colorado River area,Moderate tribal demand linearly along the river corridor,https://www.crit-nsn.gov,34.1492,-114.2882,New addition on  July 1
Mountain Line GO!,AZ,Flagstaff,Urban,NAIPTA,Microtransit,Ecolane,App/Phone,Same-day,Free,Mon-Fri,2023,Local/FTA,Active,Microtransit pilot serving specific zones,Testing phase; analyzing VMT vs fixed route efficiency in industrial zones,https://mountainline.az.gov/go/,35.201,-111.6321,New addition on  July 1
Sun On Demand,AZ,Tucson,Urban,Sun Tran,Microtransit,Spare Labs,App/Phone,Same-day,Free,Mon-Sun,2021,City/FTA,Active,Zone-based microtransit complementing fixed routes,Strong adoption in transit deserts acting as BRT/Light Rail feeders,https://suntran.com/sun-on-demand/,32.2534,-110.9112,New addition on  July 1
May Mobility AV Pilot,AZ,Sun City,Suburban,Valley Metro,Autonomous Microtransit,May Mobility / Via,App,Same-day,Free,Mon-Fri,2023,Local/Federal,Completed,On-demand autonomous microtransit pilot integrated with Valley Metro (Pilot concluded),Pilot concluded; provided valuable AV acceptance data from senior demographics,https://valleymetro.org,33.5976,-112.2718,New addition on  July 1
WeRIDE Buckeye,AZ,Buckeye,Suburban,City of Buckeye,Microtransit,RideCo,App/Phone,Same-day,$2.00 ,Mon-Fri,2024,City/FTA,Active,Replaced traditional dial-a-ride with city-funded microtransit,Rapid early adoption in hyper-growth suburban zones,https://buckeyeaz.gov,33.3703,-112.5838,New addition on  July 1
Peoria Transit On-Demand,AZ,Peoria (Maricopa County),Suburban,City of Peoria Transit Division,Microtransit,Not specified,App/Portal/Phone,Same-day,$3 adult (discounts / free for age 6 and under),Mon-Fri 7am-5pm,2026,Not specified,Active - New,Not specified,Replaces WeRIDE Peoria pilot (ended April 2026),peoriaaz.gov (transportation),33.5806,-112.2374,"Deep sweep AZ (update, replaces WeRIDE Peoria)"
WeRIDE El Mirage,AZ,El Mirage,Suburban,City of El Mirage,Microtransit,RideCo,App/Phone,Same-day,$2.00 ,Mon-Fri,2024,City,Active,Expanded WeRIDE zone encompassing the El Mirage municipal area,New launch; capturing latent transit demand in underserved neighborhoods,https://werideaz.com,33.605,-112.324,New addition on  July 1
Sun Shuttle - Oro Valley,AZ,Oro Valley,Suburban,RTA,Microtransit,TransLoc,App/Phone,Same-day,Varies,Mon-Fri,2021,RTA,Active,App-enabled microtransit zone in Northern Pima County,High senior demographic adoption of app-booking interface,https://suntran.com/sun-shuttle/,32.3909,-110.9665,New addition on  July 1
Sun Shuttle - Green Valley,AZ,"Green Valley, Sahuarita",Suburban,RTA,Microtransit,TransLoc,App/Phone,Same-day,Varies,Mon-Sat,2021,RTA,Active,App-enabled microtransit zone in Southern Pima County,Heavy winter usage; golf cart community overlap limits some short trips,https://suntran.com/sun-shuttle/,31.8543,-110.9937,New addition on  July 1
Wheels 2U Norwalk,CT,Norwalk,Urban,Norwalk Transit District,Microtransit,Via,App,Same-day,$2.00 ,Varies (Eve/Wknd),2018,Local/State,Active,Pioneering CT microtransit replacing low-performing evening fixed routes,High evening usage replacing late-night fixed route service; surpassed 100k rides,https://wheels2u.norwalktransit.com/,41.1177,-73.4082,
Wheels 2U Westport,CT,Westport,Suburban,Norwalk Transit District,Microtransit,Via,App,Same-day,$2.00 ,Commuter Hours,2020,Local/State,Active,First/last mile connection to Metro-North rail stations,Strong commuter rail connection demand; peak hour focused,https://wheels2u.norwalktransit.com/westport/,41.1415,-73.3579,New addition on  July 7
XtraMile Middletown,CT,Middletown,Mixed,River Valley Transit,Microtransit,TransLoc,App/Phone,Same-day,$1.75 ,Mon-Sat,2019,State/FTA,Active,Serves Wesleyan University and downtown Middletown,High student usage from Wesleyan University; Wesleyan partnerships offer free fares,https://rivervalleytransit.com/xtramile/,41.5623,-72.6506,New addition on  July 7
XtraMile Old Saybrook,CT,"Old Saybrook, Essex, Westbrook",Rural,River Valley Transit,Microtransit,TransLoc,App/Phone,Same-day,$1.75 ,Mon-Sat,2021,State/FTA,Active,Shoreline microtransit connecting to Shore Line East rail,Essential connection to regional commuter rail in low-density area,https://rivervalleytransit.com/xtramile/,41.2723,-72.3831,New addition on  July 7
New London Smart Ride,CT,New London,Urban,SEAT,Microtransit,TransLoc,App/Phone,Same-day,$1.75 ,Mon-Sat,2022,State/FTA,Active,App-based transit covering the City of New London,"Strong urban adoption; averages over 3,300 monthly riders",https://seatbus.com/smart-ride/,41.3557,-72.0995,New addition on  July 7
Stonington HOP,CT,"Stonington, Mystic",Rural,SEAT,Microtransit,TransLoc,App/Phone,Same-day,$1.75 ,Mon-Fri,2021,State/FTA,Active,Microtransit serving historic/tourist and local areas,Averages nearly 600 monthly riders; highly seasonal tourist demand,https://seatbus.com/stonington-hop/,41.3359,-71.9056,New addition on  July 7
Groton Smart Ride,CT,Groton,Suburban,SEAT,Microtransit,TransLoc,App/Phone,Same-day,$1.75 ,Mon-Sat,2023,State/FTA,Active,Zone-based transit complementing fixed routes,Consistent ridership around commercial corridors and local employers,https://seatbus.com/,41.3498,-72.0784,
Parkville Microtransit,CT,Hartford (Parkville),Urban,CTtransit,Microtransit,Unknown,App/Phone,Same-day,Free,Mon-Sat,2023,State,Active,Pilot program serving the Parkville neighborhood of Hartford,Testing urban zone coverage for short-trip localized demand,https://www.cttransit.com/,41.761,-72.7092,
Southington Microtransit,CT,Southington,Suburban,Town of Southington,Microtransit,Mobi,App/Phone,Same-day,Free,Mon-Fri,2023,Town/Grant,Active,Local microtransit pilot focusing on community connectivity,Provides critical localized trips that fixed routes cannot cover efficiently,https://www.southington.org/,41.6009,-72.8781,
New Haven Go New Haven,CT,New Haven,Urban,City of New Haven,Microtransit,RideAmigos,App/Phone,Same-day,Free,Varies,2024,City/Grant,Pilot,Pilot microtransit connecting neighborhoods to downtown and transit hubs,Pilot testing demand elasticity in dense urban environments,https://www.newhavenct.gov/,41.3083,-72.9279,
CTtransit Link Stamford,CT,"Stamford, Darien",Suburban,CTtransit,Microtransit,Via,App/Phone,Same-day,$1.75 ,Mon-Sat,2024,State (CTDOT),Active,Stamford-Darien microtransit service launched under state pilot,Fills critical gaps between corporate parks and residential zones,https://www.cttransit.com,41.0534,-73.5387,
CTtransit Link New Haven,CT,"New Haven, West Haven, East Haven",Urban,CTtransit,Microtransit,Via,App/Phone,Same-day,$1.75 ,Mon-Sat,2024,State (CTDOT),Active,State-funded microtransit serving the greater New Haven area,Heavy connection point to Union Station rail terminal,https://www.cttransit.com,41.3083,-72.9279,
Enfield Magic Carpet Link,CT,Enfield,Suburban,Town of Enfield,Microtransit,Via,App/Phone,Same-day,$1.75 ,Mon-Fri,2024,State (CTDOT),Active,New microtransit zone replacing fixed schedule loops in Enfield,Excellent suburban retail corridor coverage; high transit-dependent usage,https://www.enfield-ct.gov/,41.976,-72.5915,
Tri-Town Connector,CT,"East Windsor, Windsor Locks, Somers",Rural,Town of East Windsor,Microtransit,Via,App/Phone,Same-day,$1.75 ,Mon-Fri,2024,State (CTDOT),Active,Regional northern CT connection to Bradley Airport transit hub,High commuter interest for logistics and aviation workforce around Bradley,https://www.eastwindsor-ct.gov,41.9142,-72.6201,
NWCTD Link,CT,Torrington,Rural,Northwestern CT Transit District,Microtransit,Via,App/Phone,Same-day,$1.75 ,Mon-Fri,2024,State (CTDOT),Active,Dynamic app-based service within the core Torrington commercial zone,Significantly reduces wait times compared to legacy dial-a-ride system,https://www.nwcttransit.com/,41.8007,-73.1212,
WRTD Link,CT,"Mansfield, Windham",Mixed,Windham Region Transit District,Microtransit,Via,App/Phone,Same-day,$1.75 ,Mon-Sat,2024,State (CTDOT),Active,App-based transit service connecting UConn Storrs to Willimantic,Exceptional student density and transit-desert filling performance,https://wrtd.org/,41.8073,-72.2479,New addition on  July 7
Estuary Transit River HOP,CT,"Madison, Guilford",Suburban,River Valley Transit,Microtransit,TransLoc,App/Phone,Same-day,$1.75 ,Mon-Sat,2024,State (CTDOT),Active,Expanded transit options connecting the shoreline towns,Guilford-Madison microtransit logged 27.5k rides in its second year,https://rivervalleytransit.com,41.2859,-72.5975,New addition on  July 7
Meriden Microtransit,CT,Meriden,Urban,City of Meriden / CTtransit,Microtransit,Via,App/Phone,Same-day,$1.75 ,Mon-Sat,2024,State (CTDOT),Active,Zone-based city transit connecting local neighborhoods to rail,Direct feed into the Hartford Line commuter rail station,https://www.meridenct.gov,41.5381,-72.8012,New addition on  July 7
Via NHV,CT,New Haven,Urban,City of New Haven,Microtransit,Via,App/Phone,Same-day,$1.75 ,Mon-Sat,2024,State (CTDOT),Active,App-based microtransit serving downtown and outlying urban neighborhoods,High urban usage connecting transit-reliant neighborhoods to Union Station rail,https://www.newhavenct.gov/,41.3083,-72.9279,New addition on  July 7
VTD2GO,CT,"Ansonia, Derby, Shelton",Suburban,Valley Transit District,Microtransit,Via,App/Phone,Same-day,$2.00 ,Mon-Fri 5:30pm-11:30pm,2024,State (CTDOT),Active,Late-day microtransit connecting to Metro-North train lines,Replaces low-performing evening fixed routes; integrates with Waterbury rail line,http://www.valleytransit.org/vtd2go-micro-transit,41.3411,-73.0782,New addition on  July 7
Waterford HOP,CT,Waterford,Suburban,SEAT,Microtransit,TransLoc,App/Phone,Same-day,$1.75 ,Mon-Fri 6:30am-6:30pm,2024,State (CTDOT),Active,Microtransit zone covering key Waterford residential and shopping corridors,Provides essential transit connectivity where fixed-route buses are limited,https://seatbus.com/,41.3541,-72.1554,New addition on  July 7
XtraMile East Hampton,CT,East Hampton,Mixed,River Valley Transit,Microtransit,TransLoc,App/Phone,Same-day,$1.75 ,Mon-Sat,2024,State (CTDOT),Active,On-demand pilot connecting residents to regional employment zones,Critical link in transit deserts; highly utilized by shift-work industry employees,https://rivervalleytransit.com/xtramile/,41.5738,-72.5023,New addition on  July 7
Ride DTO,FL,Downtown Orlando,Urban,Circuit Transit / City of Orlando CRA,Microtransit,Circuit,Circuit app,Same-day,$1/trip,Mon-Fri 8:00am-8:00pm,2023,Local (City of Orlando CRA),Active,Fleet of all-electric vehicles serving SunRail stations.,First three trips free with code RIDEDTO.,https://sunrail.com/connecting-services/ride-dto/,28.5383,-81.3792,New addition on  July 7
Breeze OnDemand,FL,Sarasota County (3 zones),Mixed,Sarasota County Breeze Transit,Microtransit,Via,Breeze OnDemand app or Phone,Same-day,$3-$6 (distance-based),"Mon-Sat 5am-10pm, Sun 6am-9pm",2021,Local (Sarasota County),Active,Minivans and SUVs providing curb-to-curb service.,Achieved a 50% cost reduction for the county while improving quality of service.,https://www.scgov.net/government/breeze-transit/breeze-ondemand,27.3364,-82.5307,New addition on  July 7
Freebee Deerfield Beach,FL,Deerfield Beach CRA District,Urban,Deerfield Beach CRA,Microtransit,Freebee,Freebee app,Same-day,Free,"Mon-Sat 2pm-10pm, Sun 12pm-8pm",2024,Local (Deerfield Beach CRA),Active,Rides from home/hotel to CRA businesses.,Aims to take single occupancy vehicles off the road to reduce congestion.,https://www.deerfield-beach.com/2189/Freebee-Rideshare,26.3184,-80.0998,New addition on  July 7
Freebee Fort Pierce,FL,Downtown Fort Pierce & Beachside,Urban,City of Fort Pierce (FPRA),Microtransit,Freebee,Freebee app or Phone,Same-day,Free,Thu-Sun (hours vary),2023,Local (FPRA),Active,100% electric transportation connecting neighborhoods to amenities.,Fills mobility gaps and eases parking demands.,https://www.cityoffortpierce.com/CivicAlerts.asp?AID=818,27.4467,-80.3256,
Circuit Pompano Beach,FL,Fisher Family Pier & Business Districts,Urban,City of Pompano Beach,Microtransit,Circuit,Circuit app,Same-day,Free,Daily,2021,Local (City of Pompano Beach),Active,Shuttles to beaches and business districts.,Implemented to solve first-mile/last-mile gaps limited by old parking infrastructure.,https://www.ridecircuit.com/blog/what-is-microtransit-and-how-does-it-work,26.2379,-80.0901,
JTA ReadiRide,FL,Jacksonville (14 zones),Mixed,Jacksonville Transportation Authority (JTA),Demand-Response,Owl Inc.,Phone,Flexible,$2/trip,Mon-Sat 6:00am-7:00pm,2018,Local (JTA),Active,"Affordable, on-call transportation connecting riders to activity centers and fixed routes.",Expanded to 14 zones; utilizes wheelchair-accessible passenger vans.,https://www.jtafla.com/ride-jta/bus-schedules-and-services/readiride,30.3322,-81.6557,
Go Glades,FL,Glades Region (Palm Beach County),Rural,Palm Tran,Microtransit,Not specified (SaaS),Go Glades app or Phone,Same-day,$2/trip,"Weekdays 5am-9pm, Sat 7am-9pm, Sun 8am-8pm",2020,Local (Palm Beach County),Active,Tailored to the rural Glades Region near Lake Okeechobee; transitioned from flex routes.,Monthly ridership surged by more than 50% within the first six months.,https://www.palmtran.org/go-glades/,26.6845,-80.6676,
ULTRA On-Demand Transit,FL,Lee County,Suburban,LeeTran,Microtransit,RideCo,ULTRA On-Demand app,Same-day,Standard transit fare,Daily 7:00am-6:00pm,2023,Local (Lee County),Active,Deluxe mini-bus taking riders curb-to-curb on a first-come basis.,Replaces traditional fixed-route public transit in underperforming specific zones.,https://www.leegov.com/leetran/,26.6406,-81.8723,
Circuit Wilton Manors,FL,Wilton Manors,Urban,Circuit,Microtransit,Circuit,Ride Circuit app,Same-day,$2 base + $2 per additional passenger,Daily (hours vary),2022,Local / Public-Private,Active,Pooled rides connecting Wilton Drive and mass transit. All-electric fleet.,Aims to reduce emissions and traffic congestion in the community.,https://www.ridecircuit.com/wilton-manors,26.1523,-80.1401,
BocaConnect,FL,"Boca Raton (Downtown, Brightline station)",Urban,City of Boca Raton,Microtransit,Circuit,Circuit app,Same-day,Free to $2/trip,"Mon-Thu 7am-11pm, Fri 7am-2am, Sat 9am-2am, Sun 9am-11pm",2023,Municipal (City of Boca Raton),Active,Initial 12-month pilot expanded. Connects downtown and Brightline station.,"Free in red zones, $2 plus $1/extra rider for blue/green zones.",https://myboca.us/2460/BocaConnect---Circuit-Shuttle,26.3587,-80.0831,
Freebee Coral Gables,FL,Downtown Coral Gables,Urban,City of Coral Gables,Microtransit,Freebee,Freebee app or Phone,Same-day,Free,"Mon-Thu 10am-9pm, Fri-Sat 10am-12am, Sun 10am-7pm",2017,Municipal (City of Coral Gables),Active,Fleet includes Tesla Model X vehicles. Expanded service area in 2026.,Connects residents and visitors to downtown amenities.,https://www.coralgables.com/freebee,25.7508,-80.2632,
Freebee Plantation,FL,Plantation Midtown,Suburban,City of Plantation,Microtransit,Freebee,Freebee app,Same-day,Free,"Mon-Thu 10am-8pm, Fri-Sat 10am-10pm, Sun 11am-7pm",2023,Municipal (City of Plantation),Active,Expanding service area in July 2026 to include Covenant Village and Plantation Central Park.,"100% free, ADA-accessible vehicles available on request.",https://www.plantation.org/i-want-to/get/a-freebee-ride,26.1276,-80.2528,
Freebee Aventura,FL,City of Aventura,Urban,City of Aventura,Microtransit,Freebee,Freebee app or Phone,Same-day,Free,Daily 7:00am-10:00pm,Not specified,Municipal (City of Aventura),Active,"Takes riders to Aventura Mall, parks, and the Government Center.","Eco-friendly, electric fleet aligning with the City's green efforts.",https://www.cityofaventura.com/444/Freebee,25.9565,-80.1392,
Circuit-by-the-sea,FL,"Lauderdale-By-The-Sea, Galt Ocean Mile",Urban,Town of Lauderdale-By-The-Sea,Microtransit,Circuit,Circuit app or Street hail,Same-day,$2/trip,"Mon-Thu, Sun 9am-9pm, Fri-Sat 9am-11pm",Not specified,Municipal (Town of Lauderdale-By-The-Sea),Active,Electric shuttles connecting to Coral Ridge Mall and local beaches.,Replaced previous free model with a $2 fare to offset operating costs.,https://www.lauderdalebythesea-fl.gov/235/Circuit-By-The-Sea,26.1901,-80.0955,
Sun Shuttle (Hollywood East),FL,Hollywood Beach and Downtown,Urban,City of Hollywood / CRA,Microtransit,Circuit,Circuit app,Same-day,$2/trip + $2/additional rider,"Mon-Thu 10am-9pm, Fri-Sat 10am-10pm, Sun 10am-9pm",2019,Municipal / CRA,Active,Passenger limit of 5 per request. All-electric shared vehicles.,Aims to reduce emissions and traffic congestion near Hollywood Beach.,https://www.ridecircuit.com/hollywood-east,26.0112,-80.1171,
Circuit Shuttle WPB,FL,Downtown West Palm Beach,Urban,West Palm Beach DDA,Microtransit,Circuit,Circuit app,Same-day,~$2/trip,Daily 7:00am-9:00pm,Not specified,Local (West Palm Beach DDA),Active,"Connects to Brightline, Tri-Rail, and CityPlace.",Shared electric rides designed for short local trips.,https://downtownwpb.com/explore/getting-around/circuit-shuttle/,26.7153,-80.0536,
Freebee Islamorada,FL,Islamorada (Village-wide),Mixed,Islamorada Village of Islands,Microtransit,Freebee,Freebee app or Phone,Same-day,Free,"Tue-Wed 10am-10pm, Thu 11am-11pm, Sun 11am-8pm",2018,Local (Village Taxpayers),Active,"Village-wide service connecting to local businesses, parks, and medical centers.",Expanded in 2020 to larger vehicles to cross bridges.,https://www.islamorada.fl.us/384/Freebee-Ridesharing-Services,24.9243,-80.6278,
Freebee Pinecrest,FL,Village of Pinecrest,Suburban,Village of Pinecrest,Microtransit,Freebee,Freebee app,Same-day,Free,"Mon-Fri 7am-7pm, Sat 10am-10pm",2021,Local / Miami-Dade TPO,Active,Connects to South Dade Transitway and Metrorail station.,Connects residents to first/last-mile transit options.,https://www.pinecrest-fl.gov/Resident/Village-Services/Freebee,25.6618,-80.3076,New addition on  July 7
Freebee Doral,FL,City of Doral,Urban,City of Doral,Microtransit,Freebee,Freebee app,Same-day,Free,"Mon-Thu 10am-7pm, Fri-Sat 10am-12am, Sun 12pm-7pm",2017,Municipal (City of Doral),Active,Includes a separate dedicated Senior Service operating with different daytime hours.,Connects to Doral Yard and other local dining/business hubs.,https://ridefreebee.com/service-areas/doral,25.8195,-80.3551,New addition on  July 7
Freebee Miami Lakes,FL,Miami Lakes,Suburban,Town of Miami Lakes,Microtransit,Freebee,Freebee app,Same-day,Free,"Mon-Thu 6am-7pm, Fri 6am-10pm, Sat 9am-9pm, Sun 10am-2pm",2018,Municipal (Miami Lakes),Active,"Provides localized rides to businesses, parks, and hotels.",High demand required 30-minute advance cutoff before closing.,https://ridefreebee.com/service-areas/miami-lakes,25.9126,-80.3014,New addition on  July 7
Freebee Key Biscayne,FL,Key Biscayne,Suburban,Village of Key Biscayne,Microtransit,Freebee,Freebee app,Same-day,Free,"Sun-Thu 8am-8pm, Fri 8am-10pm, Sat 10am-10pm",2018,Municipal,Active,Serving island residents and visitors for local trips.,Local island shuttle replacing personal car trips.,https://ridefreebee.com/service-areas/key-biscayne,25.6923,-80.1634,New addition on  July 7
Circuit Fort Lauderdale,FL,Fort Lauderdale (Downtown / Brightline),Urban,City of Fort Lauderdale / Brightline,Microtransit,Circuit,Circuit app or Brightline app,Same-day,Free to $2/trip,Daily,2021,Public-Private (Brightline / City),Active,Provides first-last mile connections to the Brightline station.,"Reported around 200,000 riders in 2023.",https://www.ridecircuit.com/all-locations,26.1224,-80.1437,New addition on  July 7
HARTFlex,FL,Hillsborough County (Tampa area),Suburban,Hillsborough Area Regional Transit (HART),Demand-Response,Not specified,Phone,Same-day,Standard transit fare,Mon-Fri (hours vary by zone),2010,Local (HART),Active,Operates as a route-deviation van service within defined zones.,Replaced underperforming fixed routes in lower-density areas.,http://www.gohart.org/,27.9506,-82.4572,New addition on  July 7
WeGo,GA,"Gainesville, Hall County",Suburban,Hall Area Transit,Microtransit,Via,"WeGo app, Phone",Same-day,$3.00 ,Mon-Fri 6am-6pm,2020,Local,Active,Replaced traditional fixed-route bus service in the city.,Significant ridership increase post-launch,https://www.gainesville.org/428/WeGo,34.29,-83.82,
Valdosta On-Demand,GA,Valdosta,Mixed,City of Valdosta,Microtransit,Via,"Valdosta On-Demand app, Phone",Same-day,$2.00 ,Mon-Fri 6am-9pm,2021,Local,Active,First full-city microtransit system in Georgia.,Not specified,https://www.valdostacity.com/valdosta-on-demand,30.83,-83.27,
The Buc,GA,Buckhead (Atlanta),Urban,Livable Buckhead,Microtransit,Via,Buc app,Same-day,"Free to MARTA, $3 otherwise",Mon-Fri 7am-7pm,2022,CID,Active,First-mile/last-mile connection to MARTA rail.,Serves major office hubs,https://livablebuckhead.com/buc/,33.84,-84.37,
Henry Connect Microtransit,GA,McDonough Transit Zone (Henry County),Suburban,Henry County Transit Department,Microtransit,Via,"Henry Connect app, Phone",Same-day,$2.00 ,Mon-Fri 6am-6pm,2024,Local,Active,Enhancement to existing county-wide demand-response. Plans to expand to Stockbridge.,Not specified,https://www.henrycountyga.gov/henry-connect-microtransit,33.4473,-84.1469,
CAT SMART Transit,GA,West Chatham Zone 2 (Savannah),Suburban,Chatham Area Transit (CAT),Microtransit,Via,CAT SMART Transit app,Same-day,Free,Mon-Fri 6am-10am and 2pm-6pm,2024,Federal SMART Grant,Active,Connects multimodal trips to fixed-route buses. Explores new electric vehicle microtransit.,Not specified,https://catchacat.org/smart/,32.0809,-81.0912,
MTA Rapid Transit,GA,Macon-Bibb County,Urban,Macon Transit Authority (MTA),Microtransit,Via,MTA Rapid app,Same-day,"$5 before 6pm, $8 6pm-midnight",Daily until midnight,2025,Federal Transit Authority grant,Active,Pilot program in downtown and Gray Hwy areas. Exploring airport expansion.,Preferences for trips on Thursdays and Fridays,https://maconmelody.com/macons-uber-like-public-transit-service-heads-south/,32.8407,-83.6324,
CobbLinc Go,GA,"Austell, Powder Springs (South Cobb); expanding to North Cobb/Acworth-Kennesaw area ($3.84M funding confirmed 2026, launch date not specified)",Suburban,CobbLinc,Microtransit,Via,"App, Phone",Same-day,$2.50 ,Mon-Fri 7am-7pm,2024,Local,Active,"Replaced former FLEX service. Offers free transfers to local bus routes. Planning expansion to Mableton, Acworth, and Kennesaw.","Ridership peaked at 3,628 passenger trips in April 2026, 5x the former Flex Service.",https://www.cobbcounty.org/transportation/cobblinc,33.81,-84.63,
CATS Micro-transit,GA,"Canton, Cherokee County",Suburban,Cherokee Area Transit Service (CATS),Microtransit,Ecolane USA,"CATS app, Phone",Same-day,"$2 for 0-5 miles, +$1 for >5 miles",Mon-Fri 8am-4pm,2024,"Federal (80%), Local (20%)",Active,Pilot program that completely replaced the former fixed bus routes in Canton.,Not specified,https://www.cherokeecountyga.gov/,34.2367,-84.4908,
Shift On Demand,GA,ATL Airport Area (South Metro Atlanta),Urban,ATL Airport CIDs,Microtransit,Via,"Shift On Demand App, Phone",Same-day,Free,Daily 11am-4pm and 7pm-8am,2025,CID,Active,Free pilot program for riders living/working in the ATL airport area to close late night/early morning transit gaps.,Not specified,https://shift-atl.com/ondemand/,33.6407,-84.4277,
Pace On Demand,IL,Chicago Suburbs (Multiple Zones),Suburban,Pace Suburban Bus,Demand-Response,Via,"Pace On Demand App, Phone",Same-day,$2.00 ,Weekdays 6:00am-6:00pm (varies by zone),2008,"RTA, State",Active,Requires booking at least 1 hour in advance. Curb-to-curb service in designated zones.,High adoption in Fox Valley,https://www.pacebus.com/on-demand,41.83,-88,
SMTD Micro,IL,Springfield (Evening/Night zones),Urban,Springfield Mass Transit District (SMTD),Microtransit,Via,"SMTD Micro app, Phone",Same-day,$1.25 ,Mon-Sat Evening/Night,2023,"State, Local",Active,App-based microtransit designed to fill fixed-route gaps during off-peak hours.,,https://www.smtd.org/,39.7817,-89.6501,
MCRide,IL,McHenry County,Mixed,McHenry County / Pace Suburban Bus,Demand-Response,Pace,"Phone, App",Same-day,$3.00 base,Daily 6:00am-7:00pm,2012,"Pace, County, Municipalities",Active,Coordinated countywide Dial-A-Ride. Same-day booking available if space permits.,Heavy senior/ADA usage,https://www.mchenrycountyil.gov/,42.3245,-88.4503,
SCCTD Flyer,IL,"Belleville, East St. Louis, Fairmont City",Suburban,St. Clair County Transit District (SCCTD),Microtransit,Via,"SCCTD Flyer App, Phone",Same-day,$2.00 ,Mon-Fri 6:00am-7:00pm,2020,"Local, State",Active,Provides first-mile/last-mile connections to MetroLink transit centers.,Connects heavily with MetroLink commuters,https://scctd.org/scctd-flyer/,38.52,-89.9839,
Connect FLEX,IL,Bloomington-Normal,Urban,Connect Transit,Microtransit,Via,"Connect FLEX App, Phone",Same-day,$1.25 ,Varies (Late evening/low-density),2023,"State, Local",Active,On-demand service bridging gaps in fixed routes for the twin cities.,Serves student and local populations,https://www.connect-transit.com/,40.4842,-88.9936,
MTD SafeRides,IL,Champaign-Urbana,Urban,Champaign-Urbana MTD,Microtransit,Via,"MTD Connect App, Phone",Same-day,Free for students; $1.00 public,Nightly (Fall/Spring),2019,"Local, University",Active,Nighttime on-demand service focusing on student safety.,High university student usage,https://mtd.org/riding/saferides/,40.1106,-88.2073,
MetroLINK On-Demand,IL,"Moline, Rock Island (IL side)",Urban,MetroLINK,Microtransit,TransLoc,"TransLoc App, Phone",Same-day,$1.00 ,Mon-Fri 6am-6pm,2021,"State, Local",Active,Replaced underperforming fixed routes in low density areas with on-demand.,,https://www.metrolinkqc.com/,41.5067,-90.5151,
RIDES Mass Transit,IL,Southern Illinois (18 Counties),Rural,RIDES Mass Transit District,Demand-Response,Ecolane,"Phone, App",Same-day,$2.00-$4.00,Mon-Fri 6am-6pm,1977,"State, Federal",Active,"Large rural network. Advance booking preferred, same-day dispatch permitted.",High elderly/medical usage,https://ridesmtd.com/,37.738,-88.5406,
SCT Demand Response,IL,South Central IL,Mixed,South Central Transit,Demand-Response,Ecolane,Phone,Same-day,$2.00 in-county,Mon-Fri 5am-7pm,1989,"State, Federal",Active,Regional DAR. Same day allowed if capacity permits.,,https://southcentraltransit.org/,38.525,-89.1333,
JCMTD On-Demand,IL,Jackson County,Rural,Jackson County Mass Transit,Demand-Response,RouteMatch,Phone,Same-day,$1.00-$3.00,Mon-Fri 7am-5:30pm,2002,"State, Local",Active,County-wide on-demand transit. Same day booking available.,Mix of students and rural,https://jcmtd.com/,37.7273,-89.2168,
Shawnee MTD,IL,Deep Southern IL (5 Counties),Rural,Shawnee Mass Transit District,Demand-Response,Ecolane,Phone,Same-day,$2.00 ,Mon-Fri 6am-6pm,2002,"State, Federal",Active,Rural demand response serving southernmost Illinois.,,https://shawneemtd.com/,37.3795,-88.8976,
WCMTD Dial-A-Ride,IL,West Central IL (Morgan Co. area),Rural,West Central Mass Transit District,Demand-Response,Phone,Phone,Same-day,$2.00 ,Mon-Fri 7am-5pm,2004,"State, Federal",Active,Accommodates same-day rides based on schedule availability.,,https://wcmtd.org/,39.7339,-90.229,
Piattran,IL,Piatt County,Rural,Piatt County Public Transportation,Demand-Response,Phone,Phone,Same-day,$2.00+,Mon-Fri 6am-6pm,1978,"State, Federal",Active,Countywide transportation. Same day requests taken if available.,,https://www.piattcounty.org/piattran.html,39.9575,-88.5843,
Ride in Kane,IL,Kane County,Suburban,Pace / Kane County,Demand-Response,Pace,Phone,Same-day,$4.00 ,24/7 (varies),2008,"Pace, Local Sponsors",Active,Coordinated paratransit/DAR. 24h notice typical but same-day accommodated.,Seniors and disabled focus,https://rideinkane.org/,41.8833,-88.4333,
Salem Skipper,MA,"Salem, Danvers, Peabody",Suburban,City of Salem / Via,Microtransit,Via,"Salem Skipper app, Phone (844-983-1842)",Same-day,$2.00 ($1.00 reduced),"Mon-Fri 7:00am-7:00pm, Sat 10:00am-6:00pm",2020,"State (MassDOT), Local",Active,Public microtransit service launched Dec 2020. Expanded to Danvers and Peabody. Connects to MBTA commuter rail.,Averaging hundreds of rides per week.,https://salemskipper.com/,42.5195,-70.8967,
GATRA GO,MA,"Plymouth, Franklin, Foxborough, Mansfield, Norfolk, Wrentham, Pembroke, Marshfield",Mixed,Greater Attleboro Taunton Regional Transit Authority (GATRA),Microtransit,Via / GATRA GO app,"GATRA GO app, Phone (800-483-2500)",Same-day,$2.00 flat fare,"Mon-Fri 7:00am-6:00pm, Sat-Sun 8:00am-6:00pm (varies by zone)",2021,"Federal, State",Active,"Replaces fixed routes in lower-density zones. Divided into Coastline, United, and Seacoast zones.",High adoption in Plymouth area.,https://www.gatra.org/gatra-go/,41.9584,-70.6673,
CATA On Demand,MA,"Gloucester, Rockport",Mixed,Cape Ann Transit Authority (CATA),Microtransit,Via,"CATA On Demand app, Phone (978-283-7916)",Same-day,$1.25 to $2.00,"Mon-Fri 8:00am-5:00pm, Sat 9:00am-5:00pm",2023,"State, Local",Active,"Replaced traditional dial-a-ride service to offer same-day, app-based booking for general public.",Not specified,https://canntran.com/cata-on-demand/,42.6159,-70.662,
NewMo (Newton in Motion),MA,Newton,Suburban,City of Newton,Microtransit,Via,"NewMo app, Phone",Same-day,$2.00 ,"Mon-Fri 7:00am-6:30pm, Sat-Sun 9:00am-12:00pm",2019,"Local, State",Active,"Replaced traditional senior transport, expanded to all residents. First mile/last mile to MBTA.","Highly successful, hundreds of daily rides.",https://www.newtonma.gov/government/planning/transportation-mobility/newmo,42.337,-71.2092,
SmartDART,MA,"Cape Cod (Barnstable, Yarmouth, Dennis)",Mixed,Cape Cod Regional Transit Authority (CCRTA),Microtransit,Via / CCRTA app,"SmartDART app, Phone",Same-day,$3.00 ,"Mon-Fri 6:30am-10:00pm, Sat-Sun 7:00am-10:00pm",2021,"Federal, State",Active,App-based on-demand service augmenting fixed routes on Cape Cod.,Very popular during summer tourist season.,https://capecodtransit.org/smartdart/,41.654,-70.281,
WRTA Via,MA,"Westborough, Shrewsbury",Suburban,Worcester Regional Transit Authority (WRTA),Microtransit,Via,"WRTA Via app, Phone",Same-day,Free (fares currently suspended),Mon-Fri 7:00am-7:00pm,2020,"State, Local",Active,"Piloted in Westborough to serve office parks and MBTA commuter rail, extended based on demand.",Steady ridership growth.,https://www.therta.com/via/,42.2625,-71.8022,
Tri-Town Connector,MA,"Great Barrington, Stockbridge, Egremont, Sheffield, Monterey",Rural,Tri-Town Board of Health / Local Transit,Microtransit,Proprietary,"App, Phone",Same-day,$2.00-$5.00 based on distance,"Mon-Fri 6:00am-8:00pm, Sat-Sun 8:00am-8:00pm",2022,"MassDOT, Local",Active,Rural microtransit model connecting Southern Berkshire towns without fixed bus routes.,Serving critical transit-desert populations.,https://tritownconnector.com/,42.1964,-73.3609,
Quaboag Connector,MA,"Ware, Palmer, Belchertown, Brookfield",Rural,Town of Ware / Quaboag Valley CDC,Demand-Response,Proprietary,"Phone, Web Portal",Same-day,$2.00 ,Mon-Fri 6:00am-7:00pm,2017,"State (MassDOT), Federal",Active,"Initially advance booking, shifted to accommodate same-day local trips for healthcare and jobs.",Critical for rural transit access.,https://rideconnector.org/,42.2598,-72.2392,
MeVa On Demand,MA,"Haverhill, Lawrence, Andover",Mixed,Merrimack Valley Transit (MeVa),Microtransit,Spare Labs,"MeVa app, Phone",Same-day,Free,Mon-Sat 6:00am-6:00pm,2022,"Federal, State",Active,Replaced underperforming fixed routes with Spare Labs-powered on-demand vans.,High ridership due to zero-fare policy.,https://mevatransit.com/,42.707,-71.1631,
CrossTown Connect,MA,"Acton, Boxborough, Littleton, Maynard, Westford",Suburban,CrossTown Connect TMA,Demand-Response,Proprietary,"Phone, App",Same-day,$1.00-$2.00,Mon-Fri 8:00am-4:00pm,2013,"MassDOT, Municipal",Active,Centralized dispatch for several towns' COA and general public dial-a-rides. Offers same-day dispatch.,Solid municipal partnership model.,https://www.crosstownconnect.org/,42.4851,-71.4328,
MART OnDemand,MA,"Athol, Gardner, Fitchburg",Mixed,Montachusett Regional Transit Authority (MART),Microtransit,Routematch / Uber,"MART app, Phone",Same-day,$1.00-$2.00,Mon-Fri 7:00am-7:00pm,2021,"State, Local",Active,MART integrates traditional dial-a-ride with same-day microtransit in select outer zones.,Not specified.,https://www.mrta.us/,42.5834,-71.8022,
FRTA Microtransit,MA,"Greenfield, Deerfield, Montague",Rural,Franklin Regional Transit Authority (FRTA),Microtransit,Via / FRTA app,"App, Phone",Same-day,$1.50 ,Mon-Fri 7:00am-5:00pm,2022,"State, Local",Active,Rural microtransit pilot addressing low-density first/last mile gaps in Franklin County.,Growing slowly due to rural nature.,https://frta.org/,42.587,-72.5995,
VTA On Demand,MA,"Martha's Vineyard (Edgartown, Oak Bluffs)",Mixed,Martha's Vineyard Transit Authority (VTA),Microtransit,Via,"VTA app, Phone",Same-day,$1.25-$2.50,Winter / Evening hours,2021,"State, Local",Active,Off-season and evening microtransit replacing empty fixed-route buses during lower demand periods.,Efficient seasonal adjustment.,https://www.vineyardtransit.com/,41.389,-70.6298,
BRATS On-Demand,AL,"Baldwin County, AL (countywide; Eastern Shore, Foley, Robertsdale, Bay Minette, Gulf Shores areas)",Rural,Baldwin County Commission - Baldwin Regional Area Transit System (BRATS),Microtransit,Spare,"App, Phone",Flexible,"Distance-based (each way): 0-5 mi $2.00, 6-10 mi $2.50, 11-15 mi $3.00, +$0.50 per additional 5 mi",Mon-Fri 7:00am-5:00pm,2020,"Federal, State, Local",Active,Not specified,Public door-to-door shared-ride on-demand service. Same-area trips available ASAP; can book up to 7 days in advance (per official site). Launched Sept 2020 via FTA Integrated Mobility Innovation (IMI) grant originally with Via; now operates on Spare platform. Wheelchair-accessible vehicles available on request.,https://baldwincountyal.gov/departments/brats-public-bus-transportation/brats-on-demand,30.660,-87.720,State expansion research 2026-07
MAX On-Demand (formerly Birmingham On-Demand),AL,"Birmingham & Jefferson County, AL microtransit zones: Downtown/City Center, East/Airport, North Birmingham, Mountain Brook, Homewood (Irondale pilot); ~26.6 sq mi core coverage",Mixed,Birmingham Jefferson County Transit Authority (MAX Transit); previously City of Birmingham; powered by Via,Microtransit,Via,"App (MAX On-Demand / Via app), Phone (205-236-0768)",Same-day,$1.50 flat per shared ride; $0.75 per additional passenger,"Varies by zone (e.g. Downtown Mon-Fri 6am-7pm, Sat 10am-6pm; East/Airport Mon-Sat 5am-9pm)",2019,"Local (City of Birmingham), Federal (FTA); Greater Birmingham Community Foundation grants for Homewood/Irondale pilots",Active - Expanding,Not specified (Via-branded vans; wheelchair-accessible vehicles available),"Corner-to-corner shared microtransit launched 2019 under City of Birmingham/Via; Sept 2025 City Council transferred the program and $2.5M in funding to BJCTA/MAX Transit and rebranded it MAX On-Demand; expanded into suburban zones (Mountain Brook, North Birmingham) and July 2026 15-month pilots in Homewood ($792K) and Irondale ($513.75K). Max trip ~3.5 miles.",https://city.ridewithvia.com/birmingham,33.520,-86.810,State expansion research 2026-07
MoGo Rideshare,AL,"17-mile service zone, City of Mobile, AL (workforce/employment corridors)",Urban,"Mobile Area Chamber of Commerce Foundation, operated by Via",Microtransit,Via,"App, Phone (251-312-4372)",Same-day,"Free to employment/training centers (AIDT, Airbus, Austal USA, FlightPath9); $1.25 to other destinations","7 days/week, 6:00 AM-8:00 PM",2024,"Federal (Carbon Reduction Program via South Alabama Regional Planning Commission), Local (City of Mobile), Community Foundation of South Alabama, Alabama Power Foundation, Blue Cross Blue Shield Caring Foundation",Active,"Shared vehicles, wheelchair-accessible on request","Launched March 16, 2024 as workforce-access pilot; corner-to-corner shared rides with virtual stops; received over $500,000 in Carbon Reduction Program grants. Being incorporated into a redesigned Via-led Mobile transit network launching July 2026.",https://city.ridewithvia.com/mogo,30.69,-88.04,State expansion research 2026-07
The M: Micro Transit,AL,"City of Montgomery, AL — mapped zones incl. Downtown Montgomery, Montgomery Regional Airport, Montgomery Whitewater, Maxwell AFB Visitor Center, Jackson Hospital",Urban,Montgomery Transit (The M),Microtransit,RideCo,"App (The M - Microtransit), Web, Phone (334-625-4075)",Flexible,$1.50 per ride (promotional; credit/debit or exact cash to driver),Mon-Fri 5:00am-9:00pm; Sat 5:30am-6:00pm; closed Sun,Not specified,Not specified,Active,Executive-style black shared vans,"On-demand shared rideshare; requests booked in real time with short wait times, or scheduled up to 7 days in advance; open to general public; complements fixed-route bus.",https://themtransit.com/microtransit/,32.370,-86.300,State expansion research 2026-07
METRO Connect,AR,"Central Arkansas zones: John Barrow Road, Riverdale, Levy-Amboy, East Little Rock, Hensley (Little Rock); North Little Rock; Sherwood; Conway",Mixed,Rock Region METRO (Central Arkansas Transit Authority),Microtransit,Via,"App (METRO Connect - Rock Region), Phone (501-476-3761)",Same-day,"Standard METRO fares (cash, passes, Token Transit; Conway zone exact cash or virtual 1-Ride passes only)","Varies by zone (e.g., Conway Mon-Sat 6am-8pm)",2020,"Federal, Local",Active - Expanding,Not specified,"On-demand, point-to-point-within-zone shared microtransit connecting to fixed-route transfers; started 2020 with a John Barrow test zone, since expanded to eight zones; migrated from TransLoc to Via platform; walk-up bookings eliminated Oct 2023; Conway public zone launched Oct 2024.",https://rrmetro.org/services/metro-connect/,34.750,-92.290,State expansion research 2026-07
ORT On-Demand,AR,"Northwest Arkansas city zones: Fayetteville, Springdale, Rogers (Mon-Sat); Bentonville (Sat only)",Suburban,Ozark Regional Transit Authority,Microtransit,Via,"App, Phone (479-756-5901)",Same-day,$1.25 per trip for up to 5 riders in a group,"Mon-Sat, times vary by city",2020,"Federal (FTA), Local",Active,Not specified,"App-based on-demand shared rides (door-to-door) within defined zones around NWA cities; may direct riders to fixed routes when faster. Program began in Rogers ~2020 and expanded to Bentonville/Fayetteville Feb 2022 (2 buses each in Rogers/Bentonville at that time); ride requests grew from ~500/week (Feb 2022) to ~1,500/week (Jul 2022).",https://www.ozark.org/on-demand-service,36.230,-94.150,State expansion research 2026-07
DART Connect,DE,"Three on-demand zones: Georgetown and Millsboro (Sussex County) and Newark (New Castle County), DE",Mixed,"Delaware Transit Corporation (DART First State), a division of DelDOT",Microtransit,Via,"App (DART Transit / DART Connect app), Phone (1-800-652-DART, Option 3)",Same-day,$2.00 per ride (same as DART bus fare); day/week/30-day/20-ride passes available,Newark: Mon-Fri 6am-8pm; Georgetown & Millsboro: Mon-Fri 5:45am-8pm; no service on DART holidays,2021,"Federal (FTA), State",Active - Expanding,Minibuses / mini-transit buses (~11 seats each; Newark launched with two vehicles),"State's first on-demand microtransit. Georgetown/Millsboro launched Apr 12, 2021 as an FTA-funded pilot replacing Flex Routes 901/902; continued after pilot success. Newark added Aug 2023, replacing the Unicity fixed-route loop. Waits estimated no more than 15 min. Available to the general public; first/last-mile connections to regular DART routes.",https://dartfirststate.com/Programs/dartconnect/,38.640,-75.340,State expansion research 2026-07
Hele-On Ka Hoʻokele (Rural Door-to-Door Service),HI,"Rural areas outside Hele-On fixed routes: Seaview/Kalapana, Upper Puna, Waimea, Hilo, Kailua-Kona, Captain Cook; Island of Hawaiʻi",Rural,"Hawaiʻi County Economic Opportunity Council (HCEOC), operating for the County of Hawaiʻi Mass Transit Agency",Demand-Response,Not specified,Phone,Same-day (based on availability); 1-14 days advance also accepted,Free,"Monday-Friday 7:30 AM to 4:30 PM, excluding County-observed holidays",Not specified,Local (County of Hawaiʻi Mass Transit Agency),Active,Not specified,"Open to the general public who reside in rural areas outside regular fixed-route and paratransit coverage. Registration required; reservations at (808) 731-7009 option 3, minimum one day in advance, up to 14 days ahead. Riders travel within a district or are taken to the nearest Hele-On fixed-route stop for onward travel.",https://www.heleonbus.hawaiicounty.gov/programs/hele-on-ka-ho-okele-rural-door-to-door-service,19.640,-155.500,State expansion research 2026-07
DART On Demand,IA,"Des Moines metro — Ankeny microtransit zone (active); Clive, Urbandale and Altoona zones planned fall 2026 under Reimagine DART",Suburban,Des Moines Area Regional Transit Authority (DART),Microtransit,Via,"App, Phone, Web",Flexible,"$3.50 standard; $0.75 half-fare and children ages 6-10; pay via DART On Demand app, myDART app, DART pass/tokens, or exact change",Ankeny zone: Monday–Friday 6:00 a.m.–6:30 p.m. (last trip booking 6:15 p.m.),Not specified,"Federal, State, Local",Active - Expanding,Not specified,"Point-to-point on-demand shared rides within a defined zone using smaller buses; trips can be booked in real-time or scheduled in advance and may be shared. Ankeny zone runs as-is until Sept 28, 2026, then reconfigured Ankeny plus new Clive-Urbandale and Altoona zones launch fall 2026 under Reimagine DART. Ankeny zone bounds: NE 62nd Ave (south), SE Four Mile Dr (east), 36th St (north), SW Irvinedale Dr (west).",https://www.ridedart.com/services,41.730,-93.606,State expansion research 2026-07
EASE (East Ames Service Extension),IA,"East Ames on-demand zone, Ames, IA (pickups within EASE zone plus Ames City Hall)",Suburban,CyRide (City of Ames / Iowa State University transit),Microtransit,The Routing Company (Pingo platform),"App (Ride Pingo), Phone",Same-day,$1.00 per trip (same as regular CyRide bus fare),Monday-Friday 7:00am-6:30pm,2022,"Federal, State, Local",Active,"Small bus (curb-to-curb, on-demand)","Curb-to-curb on-demand service; riders use the Ride Pingo app or call CyRide (515-239-5600, at least 30 min ahead for call-ins). Pingo platform launched with CyRide Dec 2022 — The Routing Company's first Midwest on-demand agency partnership. Two-year TRC contract awarded Oct 2022; agency reported improved efficiency, reduced call-center volume, high rider satisfaction. Transfers to fixed routes at City Hall.",https://www.cyride.com/schedules/summer-schedule/weekday/ease-east-ames-service-extension,42.021,-93.585,State expansion research 2026-07
HIRTA On-Demand,IA,"Boone, Dallas, Jasper, Madison, Marion, Story and Warren counties (central Iowa)",Mixed,Heart of Iowa Regional Transit Agency (HIRTA),Demand-Response,Via,"App, Phone",Flexible,$3.00 in-town one-way; $6.00 in-county one-way,Mon-Fri 7:00 a.m.-5:00 p.m. (Story County from 6:30 a.m.),Not specified,"Federal, State, Local",Active,ADA-accessible / wheelchair-lift-equipped vehicles (fleet size not specified),"General public, any trip purpose; same-day or advance booking; pickups within a 20-minute window, door-to-door across seven counties. HIRTA is an FTA ITS4US complete-trip deployment site.",https://www.ridehirta.com/ride,41.630,-93.720,State expansion research 2026-07
Peoplerides,IA,"Hardin, Marshall, Poweshiek and Tama counties, Iowa",Rural,Region 6 Planning Commission (Region 6 Resource Partners),Demand-Response,Not specified,"Phone, Online (Schedule a Ride form)",Same-day (subject to driver availability); 1-day advance preferred for priority scheduling,In-town $2-$15 depending on county/city; out-of-town demand-response $2.89 per mile,Not specified,1974,"Federal, State, Local",Active,20 ADA-accessible vehicles,"Established 1974; open to the general public including persons with disabilities; provides 50,000+ rides annually across the four counties using 20 ADA-accessible vehicles; offers both route and demand-response trips. Advance booking (at least one day) receives priority; same-day depends on driver availability. Medicaid-funded trips booked via broker (MTM); Marshalltown paratransit requires prior approval.",https://www.region6resources.org/peoplerides/,42.050,-92.910,State expansion research 2026-07
Region 8 Regional Transit Authority (RTA) On-Demand,IA,"Delaware, Dubuque (excl. City of Dubuque) and Jackson counties, northeast Iowa (Planning Area 8)",Rural,Region 8 Regional Transit Authority (RTA),Demand-Response,QRyde,"Web portal (cp-rtaia.qryde.com), Phone (1-800-839-5005 / 563-588-4592)",Flexible,Not specified,Not specified,2021,"Federal (FTA AIM grant ~$120,000, 2021), State, Local",Active - Post Pilot,~30 light-duty buses and accessible minivans; transitioning to 9-passenger vans,"Modernized rural demand-response using QRyde booking/routing/scheduling platform; ~100,000 passenger trips annually serving ~2,500 individuals. Advance reservations typically requested 24h ahead; same-day available subject to availability; ~10-min-out arrival notifications. Open to the general public; all vehicles wheelchair accessible.",https://rta8.org/,42.400,-90.900,State expansion research 2026-07
River Bend Transit,IA,"Cedar, Clinton, Muscatine and Scott counties (Iowa Quad Cities region)",Mixed,"River Bend Transit (RBT), Region 9",Demand-Response,Not specified,Phone (563-386-1350 / 800-292-8959),Same-day (flexible scheduling); advance also accepted,Not specified (varies by county/contract; per-county fare cards; same-day trips at premium; veterans ride free),"Varies by service; Bettendorf Dial-A-Bus Mon-Fri 6 a.m.-6 p.m., Sat 8:45 a.m.-5:40 p.m.",1978,"Federal, State, Local",Active,Not specified,"Iowa's first regional consolidated transit system (est. 1978); general-public door-to-door demand-response serving seniors, people with disabilities, and the general public across the Iowa Quad Cities; also offers same-day service (premium fare), county services, low-income employment transportation, and contracted city services (e.g. Bettendorf Dial-A-Bus). FTA transit agency profile ID 70049.",https://riverbendtransit.org/,41.520,-90.630,State expansion research 2026-07
SWITA (Southwest Iowa Transit Agency),IA,"Cass, Fremont, Harrison, Mills, Montgomery, Page, Pottawattamie and Shelby counties, SW Iowa",Rural,Southwest Iowa Planning Council (SWIPCO),Demand-Response,Not specified,"Phone, Online",Flexible,Not specified,Mon-Fri 6:00 a.m.-5:00 p.m. (vehicles operate 24/7 pending availability),Not specified,"Federal, State, Local",Active,Not specified (all vehicles handicap-accessible),"Public on-demand rideshare open to all residents of eight SW Iowa counties; also offers student, medical, work-route, taxi and excursion services. On-demand rides 6a-5p weekdays.",https://www.swita.com/services/,41.200,-95.400,State expansion research 2026-07
Trip Connect (Johnson County),IA,"Iowa City, Coralville, University Heights, North Liberty, Tiffin, and all parts of Johnson County north of I-80 (evening service)",Mixed,"Horizons NTS (Neighborhood Transportation Service), contracted by Johnson County Social Services",Microtransit,Via,"App, Phone",Flexible,$2.00 per ride,Sunday-Friday 5:00 p.m.-midnight; no Saturday service,2024,"Local (Johnson County, City of North Liberty, Kirkwood Community College), State (Iowa DOT special projects grant), National Center for Mobility Management grant, passenger revenue",Pilot - Ended,Vehicles owned/operated by Horizons NTS,"Curb-to-curb on-demand or scheduled evening rides for workers/students; launched Dec 11, 2024; completed 4,200+ rides; pilot ended June 30, 2026 due to ~$350k/yr funding shortfall.",https://www.johnsoncountyiowa.gov/node/14198,41.700,-91.580,State expansion research 2026-07
BLink,IN,"Within Bloomington city limits (Downtown, East, and North zones); serves trips not within walkable distance of a fixed bus route",Urban,Bloomington Transit,Microtransit,RideCo,"App, Web portal, Phone",Same-day,"$2 per one-way trip; pay in-app, cash (exact change), Tap To Pay, or Umo card",Mon-Fri 6am-9pm (no service on 6 major holidays),Not specified,Not specified,Active,Vans and smaller accessible vehicles,No eligibility or application required; rides booked on demand or up to 24 hours in advance. Repeated no-shows/late cancellations may result in booking restrictions.,https://bloomingtontransit.com/blink/,39.165,-86.526,State expansion research 2026-07
METS Micro,IN,"City of Evansville, Indiana (designated on-demand zones; expanding to Jacobsville)",Urban,Metropolitan Evansville Transit System (METS),Microtransit,Via,"App, Phone",Same-day,Not specified,Not specified,2023,"Local, Philanthropic (Toyota Mobility Foundation)",Active - Expanding,Not specified,"Launched Nov 27, 2023; completed over 37,000 rides by first anniversary (Nov 2024). Powered by Via; supported by Toyota Mobility Foundation, Evansville MPO, and Energy Systems Network. Curb-to-curb; booking by app or phone (812-562-5011). Expanding to Jacobsville.",https://www.metsbus.org,37.971,-87.571,State expansion research 2026-07
Lawrence Transit On Demand,KS,"City limits of Lawrence, Douglas County, KS (curb-to-curb, citywide zone)",Urban,Lawrence Transit (City of Lawrence / University of Kansas partnership),Microtransit,Spare,"App, Phone",Same-day,"$3 one-way (credit/debit only, no cash), effective March 1, 2026",Daytime: 8 a.m.–6 p.m. Sunday; Nighttime: 8 p.m.–6 a.m. Mon–Sat and 12 a.m.–6 a.m. Sunday,Not specified,Not specified,Active,"Smaller buses, all ADA accessible and equipped with bike racks (count not specified)","Curb-to-curb on-demand shared-ride service open to the general public, book any two points in town; booked via Lawrence Transit On Demand app (Spare, iOS/Android) or phone (785) 312-7054. Ridership/performance data not published on site.",https://lawrencetransit.org/on-demand/,38.972,-95.235,State expansion research 2026-07
Night Line,KS,"Within Lawrence city limits, Douglas County, KS",Urban,Lawrence Transit (City of Lawrence),Demand-Response,Not specified,Phone (785) 312-7054,Same-day,$2 cash only per trip (passes not accepted),"8 p.m. to 6 a.m., Monday–Saturday",2013,Not specified,Active,Not specified,"Evening/overnight curb-to-curb on-demand service open to the general public; rides scheduled by phone in advance during business hours (8 a.m.–5 p.m.) rather than fixed-stop. Originally launched as a one-year pilot on June 1, 2013; still listed as a core Lawrence Transit service.",https://lawrencetransit.org/night-line/,38.972,-95.235,State expansion research 2026-07
LYNX Microtransit (CATS LYNX),LA,"Baker, LA (Baton Rouge metro area)",Suburban,Capital Area Transit System (CATS),Microtransit,Via,App,Same-day,Not specified,Not specified,"2022 (approximate — sourced from a 'reported 4-year partnership' reference as of March 2026, not a confirmed exact date)",Not specified,Active,Not specified,"General-public, on-demand microtransit in Baker zone; CATS materials cite award recognition and cumulative ridership near 430,000 rides across LYNX + growing ADA paratransit service (combined figure, not LYNX-only). CATS also runs a separate 'CATS on Demand' service (~10,000 rides/month) whose relationship to LYNX is unclear from available sources.",https://www.brcats.com,30.585,-91.169,State expansion research 2026-07
River Parishes Transit Authority (RPTA) On-Demand Service,LA,"St. Charles, St. James, and St. John the Baptist parishes, LA",Rural,River Parishes Transit Authority,Microtransit,"Not specified (branded as ""Link-Microtransit"" booking platform; underlying vendor company not confirmed)","App, Phone",Same-day,Not specified,Not specified,Not specified,Not specified (RPTA created by Louisiana legislation as a regional transit authority; funding mechanism not confirmed),Active,Not specified,"Live booking portal (fetched directly) confirms an on-demand ride service in the three river parishes; riders must call dispatch (985-233-4339) before their first booking, then book via app/phone. Portal text states a 'pre-booking is required...based on available schedules,' which is somewhat ambiguous — could not fully confirm a pure no-fixed-schedule same-day model vs. a windowed reservation system. Fare/hours/fleet/vendor/funding not confirmed this pass.",https://river-parishes.link-microtransit.com/RPTA/en-US/Account/TransportOffer,29.996,-90.481,State expansion research 2026-07
SporTran OnDemand,LA,"Shreveport-Bossier City, LA (multiple service zones)",Urban,SporTran (Shreveport Area Transit System),Microtransit,RideCo,App (Apple/Google Play),Same-day,Free (Zero Fare Program),Not specified,Not specified,Not specified,Active,"Not specified (Dodge Caravans, Chevy Malibu and Dodge Challenger sedans mentioned, no total count)","General-public on-demand service branded 'Powered by the RideCo Transit App'; zone-based with designated stops, service area shown on interactive map; also used for ADA-eligible trips but not restricted to them.",https://www.sportran.org/168/OnDemand-Service,32.525,-93.750,State expansion research 2026-07
Metro Connect (Falmouth),ME,"Falmouth, Cumberland County, ME",Suburban,Greater Portland Metro (GPMetro / Greater Portland Transit District),Microtransit,Spare (Spare Rider platform),"App, Phone, Web",Same-day,Not specified,"7 days/week, circulating within Falmouth service zone (specific start/end times not specified)",2024,Federal (ARPA) -- per 2024 GPMetro RFP for the on-demand transit pilot program; not explicitly reconfirmed in later coverage,Active,Not specified,"GPMetro's first microtransit program; door-to-zone on-demand shuttle open to the general public, booked through the Spare Rider platform (vendor confirmed via booking URL). Per a Nov 2025 one-year-in review, averaging ~1 ride/hour with a goal of 2 rides/hour by end of 2025. Service area has expanded to cover most of Falmouth since a December 2024 launch.",https://www.gpmetro.org,43.782,-70.239,State expansion research 2026-07
Standish-Gorham Microtransit Pilot,ME,"Standish and Gorham (RTP also serves Raymond, Windham, and a separate Harrison pilot), Cumberland County, ME",Rural,Regional Transportation Program (RTP),Microtransit,Not specified,"Phone, Online (rtprides.org)",Same-day,$3 per ride within town,Not specified,2025,"State (Maine DOT grant, $88,139)",Active - New,Small ADA-accessible vans,"Launched October 15, 2025; same-day on-demand home pickup to any destination within service area. Funded through at least May 2026, with a $6 fare extension to downtown Portland reportedly proposed. Distinct from RTP's separate Harrison pilot ($99,576 grant) and from RTP's general advance-reservation (2+ business days) demand-response/paratransit service.",https://www.rtprides.org/catch-a-ride/,43.730,-70.505,State expansion research 2026-07
"GEST (Liberty/Gladstone, MO)",MO,"Liberty, MO and Gladstone, MO (Northland Kansas City region); candidate also lists North Kansas City, Riverside, Parkville — unverified",Suburban,GEST,Microtransit,Not specified,"App, Phone, Text",Same-day,$3 per ride,Not specified,2025,Local,Pilot,Not specified,"General-public, door-to-door, on-demand service; replaced a discontinued IRIS microtransit service (IRIS ended late Sept 2025 due to rising costs). Liberty launched ~1 week before article, Gladstone ~1 month prior; Liberty saw a 140% week-over-week ridership increase and up to 50 rides/day expected; Gladstone completed 'hundreds of rides.' Liberty is running a 30-day pilot before deciding on contract extension. Vehicles are NOT ADA-compliant — riders needing accommodation are directed to Liberty Access Bus or separate GEST paratransit option. Some riders reported being unable to book rides despite operator claims of full availability.",Not specified,39.246,-94.419,State expansion research 2026-07
IRIS (Independence),MO,"City of Independence, MO (entire city limits)",Suburban,"City of Independence (funder/project manager) / Kansas City Area Transportation Authority (KCATA, service manager) / zTrip (operations) / RideCo (technology)",Microtransit,RideCo,"App, Phone, Web",Same-day,"$5.00 per person per trip (free to/from 4 designated transfer points: Independence Transit Center, Centerpoint Medical Center, Independence Municipal Commons, Blue Ridge transfer point)",Mon-Sat 6:00 AM - 6:00 PM (excl. holidays),Not specified,Local (City of Independence),Active,"5 vehicles (4 sedans, 1 wheelchair-accessible minivan)","Dynamic-routing microtransit covering entire Independence city limits, pickup/dropoff within ~1/4 mile of requested locations. Candidate's original fare ($3.00) and fleet ('Not specified') were incorrect/incomplete per official city source; corrected here. One secondary April 2025 news report suggested planned cessation May 1 2025, but the live official city page (checked July 2026) states the service is currently active — worth flagging in concerns.csv if added. Launch year conflicting (candidate: 2023; one news summary: Jan 2025) and unconfirmed from a primary source, left as Not specified.",https://www.independencemo.gov/IndependenceIRIS,39.091,-94.415,State expansion research 2026-07
Via Metro STL,MO,"St. Louis County, MO (North, West/mid-county incl. Fenton, and South County zones)",Suburban,Metro Transit (Bi-State Development),Microtransit,Via,"App, Phone",Same-day,$2 per ride,Not specified,2020,Local,Active,~50 branded vans (wheelchair-accessible vehicles available),"~24,000-25,000 rides/month as of early 2026; over 750,000 total rides completed since 2020 launch (up from ~2,000 rides/month in year one); trips capped at 7 miles; uses virtual bus stops to group riders; Bi-State Development allocated ~$6.34M to fund operation through May 31, 2026 — continuation beyond that date not confirmed as of current date (2026-07-23).",Not specified,38.660,-90.440,State expansion research 2026-07
Blackfeet Transit,MT,"Browning and the Blackfeet Reservation, Glacier County, MT (extended service to Kalispell, Great Falls, Shelby, Cut Bank)",Rural,Blackfeet Nation (Blackfeet Transit),Microtransit,Via,"App, Phone",Same-day,"$1 adults; free for seniors, passengers with disabilities, and children under 17 (with adult)","8:00 AM - 4:30 PM, Monday-Friday",2021,Not specified,Active,Wheelchair-accessible vehicles (fleet size not specified),"On-demand public transit ""powered by Via""; uses real-time pooling algorithm to combine riders headed the same direction; app is ""Blackfeet Transit"" on Apple/Google Play; dispatcher line (406) 338-5604 for riders without smartphones.",Not specified,48.559,-113.012,State expansion research 2026-07
Dawson County Transit,MT,"Glendive, Dawson County, MT",Rural,Dawson County Transit,Demand-Response,Not specified,Phone,"Same-day (2hr notice appreciated, not required); airport transport requires 24hr advance","Adults $3, Students $2, Seniors/Disabled $1",Not specified,Not specified,Not specified,Not specified,Not specified,"Weekday dial-a-ride service; serves Dawson County High School, downtown Glendive, Glendive Dinosaur and Fossil Museum, Glendive Medical Center, and the Glendive bus stop. Phone reservation line (406) 377-5024.",http://www.dawsoncountytransit.com,47.106,-104.712,State expansion research 2026-07
Dillon City Bus,MT,"Dillon (and up to 1 mile beyond city limits), Beaverhead County, MT",Rural,City of Dillon (inferred from official domain; not explicitly named on page),Demand-Response,Not specified,Phone,Flexible,Free,"Mon-Fri (except federal holidays), 8:00am-12:00pm and 1:00pm-5:00pm",Not specified,"State (Montana DOT Operating Grant Program, TransADE), Local (donations)",Active,Not specified,Not specified,https://www.dillonmt.org/city-bus,45.217,-112.636,State expansion research 2026-07
Fort Peck Transit,MT,"Fort Peck Indian Reservation, MT (Poplar, Brockton, Fort Kipp, Wolf Point, Frazer, and Oswego)",Rural,Fort Peck Tribes,Demand-Response,Not specified,Not specified,Advance,Not specified,Weekday service only,Not specified,Not specified,Active,Not specified,"Demand-response service within reservation communities, plus scheduled weekday round-trip routes (Fort Kipp<->Poplar, Frazer<->Poplar) and medical-appointment trips outside the reservation area.",Not specified,48.107,-105.196,State expansion research 2026-07
Mountain Climber (formerly Eagle Transit),MT,"Flathead County (Kalispell, Whitefish, Columbia Falls), MT",Mixed,Flathead County Agency on Aging (unverified this pass),Demand-Response,Not specified,"Phone (dispatch call-in); on-demand app reported as forthcoming in earlier announcements, not confirmed live)",Same-day,$1.00 per ride (reintroduced July 2023 after ~3 years fare-free),"Monday-Friday, 7am-7pm (per secondary source, unverified this pass)",2021,Not specified,Active,"ADA-compliant vehicles with wheelchair lifts (per secondary source, unverified this pass); some vehicles reported to include ski storage bins for Whitefish Mountain Resort service","Rebranded from Eagle Transit to Mountain Climber in early 2021. Reported ~96% met-demand rate and 51,975 rides in the most recent fiscal year cited. Also handles NEMT trips as part of its service mix, but the core on-demand service is open to the general public (not eligibility-restricted) — reclassified from Paratransit to Demand-Response on that basis. Direct fetch of flathead.mt.gov timed out twice this pass; classification and all secondary-sourced fields still need confirmation against a primary county source.",https://flathead.mt.gov,48.196,-114.313,State expansion research 2026-07
Powell County Transit,MT,"Powell County, MT (Deer Lodge); regional trips to Butte, Anaconda, Missoula, and Helena",Rural,Powell County Transit,Demand-Response,Not specified,Phone (406-846-1888),"Same-day (in-town, 30-min notice); out-of-town route requires 1-week advance",$1 for local trips up to $40 for trips to Missoula,Weekday service only,Not specified,Not specified,Active,Not specified,Not specified,powellcountytransit.org,46.395,-112.729,State expansion research 2026-07
Richland County Transportation (RCT),MT,"Richland County, MT (Sidney, Fairview, Lambert, Savage)",Rural,"Richland County Transit (RCT), a county-operated service",Demand-Response,Not specified,"Phone, App","Same-day (Sidney in-town, real-time app); Fairview/Savage/Lambert outlying routes require 24hr advance, same-day not available there",Free,"Bus service Mon-Fri 7:00am-6:00pm in Sidney; other county towns (Fairview, Lambert, Savage) served at least once weekly; office hours Mon-Fri 8am-5pm",Not specified,Not specified,Active,"10 ADA-accessible vehicles (integrated car seats, bike racks, wheelchair securement)",Open to general public of all ages; passengers under 8 cannot ride unattended. No fare charged. Coordinator: Christie Steinley.,https://www.richland.org/transportation.html,47.717,-104.159,State expansion research 2026-07
Rocky Boy Transit,MT,"Rocky Boy's Indian Reservation, Hill/Chouteau County, MT",Rural,Chippewa Cree Tribe,Demand-Response,Not specified,Not specified,Same-day,Not specified,Not specified,Not specified,Federal (FTA Tribal Transit Program grant MT2025024),Active,Not specified,"North Central Montana coordination plan (2024) notes the tribal transit agency added on-demand service for reservation residents. Independently corroborated by federal grant record MT2025024, which funds continuation of both fixed-route and demand-response transit on the Rocky Boy Reservation, serving the general reservation community (employment, retail, medical, daily activities) rather than an ADA/senior-restricted rider pool.",Not specified,48.317,-109.850,State expansion research 2026-07
Valley County Transit,MT,"Valley County, MT (Glasgow hub)",Rural,Not specified,Demand-Response,Not specified,Phone,"Same-day (Glasgow core service); Nashua early bus requires prior-workday booking by 5pm, St. Marie is a fixed-time route",$1 each way within Glasgow; $3 each way outside Glasgow (premium fares apply for night/weekend service),Weekday daytime service; night and weekend service available at premium fare,Not specified,Not specified,Active,Not specified,Not specified,http://valleycountytransit.com/Home.aspx,48.197,-106.636,State expansion research 2026-07
Micro Flex,NE,"Omaha, Nebraska (North, South, and West service zones)",Urban,Omaha Metro (Metro Transit),Microtransit,Via,"App, Phone",Same-day,$3.00 per trip; $4.25 with transfer to/from MOBY when paying via Umo; cash not accepted on board; children under 6 ride free,Weekdays 6:00 a.m.–9:00 p.m.; Saturday 7:00 a.m.–8:00 p.m.; Sunday 8:00 a.m.–6:00 p.m.,Not specified,Not specified,Active,Not specified,"Confirmed via ometro.com/rider-guide/metro-flex/: same-day on-demand, no advance reservations, open to general public with no eligibility/application requirement. Three service zones (North, South, West) each connect to a Metro Transit Center (North Omaha TC, MCC South/Aksarben TC, Westroads TC) and integrate with fixed-route bus, ORBT, and MOBY paratransit. Wheelchair-accessible vehicles; bikes permitted (up to 2 per van, 35 lbs each). Launch year and funding source not disclosed on site; recommend follow-up search of Omaha Metro press releases or FTA grant records.",https://www.ometro.com/rider-guide/metro-flex/,41.257,-95.995,State expansion research 2026-07
Neligh Dial-A-Ride Public Transportation,NE,"City of Neligh and surrounding Antelope County communities, Nebraska",Rural,City of Neligh,Demand-Response,Not specified,Phone,Same-day,Not specified,Not specified,Not specified,Not specified,Active,Not specified,"Official City of Neligh service, listed under City Hall > Dial-A-Ride Public Transportation, with a 2025 Public Transit Schedule, Rider Handbook, and ADA/Title VI compliance docs published on neligh.org. No eligibility restriction (ADA/senior-only) language found — appears open to general public. Likely part of Nebraska NDOT's statewide rural transit network (NDOT cites ~49 such agencies, 620,000+ rides in 2024), though this specific system's funding/vendor were not independently confirmed. Contact: 402-887-4066. Booking method and same-day vs. advance scheduling were not explicitly confirmed on the pages fetched; classified per typical dial-a-ride convention and should be verified against the linked rider handbook if precision is needed.",https://www.neligh.org,42.128,-98.032,State expansion research 2026-07
ABQ RIDE Connect,NM,"Albuquerque, NM — Southwest Mesa Zone, Rio Grande Zone (active since March 2024), South Valley Zone (launching May 16, 2026)",Urban,City of Albuquerque Transit Department (ABQ RIDE),Microtransit,RideCo,"App, Phone, Online",Same-day,Free,Mon–Fri 7:00 AM–7:00 PM; Sat 9:00 AM–5:00 PM,2024,Local (City of Albuquerque),Active - Expanding,Electric vans (fleet size not specified),"Zone-based, on-demand door-to-door microtransit connecting riders to transit centers, bus stops, grocery stores, and medical facilities within same zone; zone-to-zone transfers occur at designated transit centers. Targets lower-income riders and first/last-mile gaps. Third zone (South Valley) launching May 16, 2026, expanding the two zones active since March 18, 2024.",https://www.cabq.gov/transit/services/abq-ride-connect,35.050,-106.680,State expansion research 2026-07
GET My Ride,NV,"City of Elko, Spring Creek, Ryndon, Osino; limited service to Carlin and Wells (veterans: medical-only trips countywide)",Rural,Elko County Transit,Demand-Response,Not specified,Phone,"Same-day (requested today, or after noon for tomorrow; based on availability)",$2.00-$5.00 per ride depending on zone; 22-ride punch cards $20; seniors 60+ may be asked to donate half fare but cannot be denied service; veterans ride free,Not specified,Not specified,"State, Federal, Medicaid Transportation Broker (Nevada Aging and Disability Services Division grants fund senior program; Nevada Dept. of Veteran Services/federal VA funding for veterans program; contracts with Nevada Medicaid Transportation Broker for qualifying riders)",Active,Not specified,General-public dial-a-ride demand-response service confirmed via official county page; grant-funded senior and veteran programs layered on top of base public service.,http://www.elkocountynv.net/new_page/transit_service19/index.php,40.833,-115.763,State expansion research 2026-07
RTC Washoe FlexRIDE On-Demand Service,NV,"Reno/Sparks, Washoe County, NV — zones: North Valleys, Sparks/Spanish Springs, South Meadows, Verdi/Somersett",Mixed,RTC Washoe (Regional Transportation Commission of Washoe County),Microtransit,Not specified,"App, Phone",Same-day,"$2.00 standard / $1.00 reduced; Token Transit passes or RTC RIDE Bus Passes only, no cash accepted","Weekdays approx. 5:30 AM-11:00 PM; abbreviated weekend hours (approx. 6:00 AM-9:00 PM), varies by zone",Not specified,Not specified,Active,Not specified,"Average wait time ~20 minutes, up to 1 hour, per official site. Not specified beyond that.",https://rtcwashoe.com/flexride-on-demand-service/,39.530,-119.800,State expansion research 2026-07
Beaver City Transit,OK,"City of Beaver and up to a 10-mile radius, Beaver County, OK panhandle",Rural,"Beaver City Transit (Joyce Clark, Director)",Demand-Response,Not specified,Phone,Advance,Not specified,Not specified,Not specified,Federal (FTA Section 5311),Active,Not specified,Not specified,Not specified,36.811,-100.529,State expansion research 2026-07
Call A Ride Public Transit,OK,"Pontotoc County, OK (based in Ada, OK)",Rural,Call A Ride Public Transit,Demand-Response,Not specified,Phone,Advance,Not specified,Not specified,Not specified,Federal (FTA Section 5311),Active,Not specified,Open to the general public within Pontotoc County; contact number (580) 332-7950 per secondary source; program director listed as Jeff Epperly in one search result (unverified against a primary source).,Not specified,34.774,-96.678,State expansion research 2026-07
Cherokee Strip Transit,OK,"Alfalfa, Blaine, Grant, Kingfisher, and Noble counties plus portions of Garfield and Kay counties, north-central Oklahoma (includes Ponca City, Blackwell, Cherokee, Tonkawa, Waukomis, Enid area)",Rural,Northern Oklahoma Development Authority (NODA),Demand-Response,Not specified,Phone,Advance,Not specified,Not specified,Not specified,Federal (FTA Section 5311),Active,Not specified,Demand-response service open to the general public for any trip purpose; no membership required.,https://www.noda-ok.org/cherokee-strip-transit/,36.396,-97.878,State expansion research 2026-07
Cimarron Public Transit System,OK,"Logan County area (Guthrie), Oklahoma",Rural,Cimarron Public Transit System,Demand-Response,Not specified,Phone,Advance,Not specified,Not specified,Not specified,Federal (FTA Section 5311),Active,Not specified,One of 20 rural Section 5311 public transit providers currently listed by Oklahoma DOT; ridership/performance not specified.,Not specified,35.878,-97.425,State expansion research 2026-07
Delta Public Transit,OK,"McClain, Garvin, and southern Cleveland Counties, Oklahoma",Rural,Delta Public Transit (Delta Community Action Foundation),Demand-Response,Not specified,Phone,Advance,Not specified,Not specified,Not specified,Federal (FTA Section 5311),Active,Not specified,Not specified,https://deltacommunityaction-org.doodlekit.com/home/transit,34.833,-97.598,State expansion research 2026-07
Enid Public Transportation Authority (EPTA),OK,"Enid, Oklahoma (Garfield County) — curb-to-curb within city limits",Rural,City of Enid,Demand-Response,Not specified,"Phone, Online",Flexible,$2/ride if scheduled ≥1 business day ahead by 4pm; $5/ride same-day (space permitting); punch cards: 10 rides/$20 or 40 rides/$60,"Bus service Mon–Fri 6:00am–7:00pm, Sat 6:00am–5:00pm; dispatch Mon–Fri 8:00am–5:00pm",Not specified,Not specified,Active,"Not specified (hydraulic-lift buses for mobility devices mentioned, no fleet count given)","Curb-to-curb rideshare, mobility-device friendly; online scheduling via SeeClickFix portal; rides requested after 4pm dispatch cutoff roll to next business day",https://www.enid.org/Services/Enid-Public-Transportation-Authority-EPTA,36.397,-97.881,State expansion research 2026-07
Guymon Transit - The Ride,OK,"Guymon / Texas County, Oklahoma panhandle",Rural,City of Guymon,Demand-Response,Not specified,Phone,Advance,Not specified,Not specified,Not specified,Federal (FTA Section 5311),Active,Not specified,Not specified,Not specified,36.685,-101.480,State expansion research 2026-07
JAMM Transit,OK,"Johnston, Atoka, Marshall, and Murray Counties, OK",Rural,JAMM Transit (program contact: LaQuita Thornley; hosted via a local Community Action Agency),Demand-Response,Not specified,Phone,Advance,Not specified,Not specified,Not specified,Federal (FTA Section 5311),Active,Not specified,Listed as an active FTA Section 5311 rural transit provider on ODOT's current provider directory; open to the general public. Contact: (580) 371-2352.,Not specified,34.239,-96.677,State expansion research 2026-07
KI BOIS Area Transit System (KATS),OK,"Southeastern/East-Central Oklahoma — multi-county service area based in Stigler, OK; official site lists differ slightly by page but include Haskell, Latimer, LeFlore, McIntosh, Pittsburg, Sequoyah, and others (Adair, Cherokee, Hughes, Okfuskee, Okmulgee, Wagoner) — see gaps",Rural,KI BOIS Community Action Foundation,Demand-Response,Not specified,Phone,Advance,Not specified,Not specified,Not specified,Federal (FTA Section 5311),Active,Specially equipped vehicles for curb-to-curb/door-to-door service; fleet size not specified,Not specified,https://www.kibois.org/kats,35.259,-95.062,State expansion research 2026-07
Little Dixie Transit,OK,"Southeastern Oklahoma — McCurtain, Choctaw, and Pushmataha counties (candidate's original 5-county list, including Atoka and Bryan, is not supported by sources found; corrected to 3 counties)",Rural,"Little Dixie Community Action Agency (Hugo, OK) — one source indicates the agency now operates as ""LIFT Community Action Agency,"" unconfirmed on a second source",Demand-Response,Not specified,Phone,Advance,Not specified,Not specified,1983,Federal (FTA Section 5311),Active,Not specified,"ODOT provider page states ""All services are 'Open to the Public.'"" Director listed as Jeannie McMillin; contact (580) 326-3466 / jmcmillin@littledixie.org.",http://www.littledixie.org/ldcaatransportation.html,34.040,-95.320,State expansion research 2026-07
MTTA On-Demand Microtransit (GoPass App),OK,"Tulsa metro area, including a confirmed 20-sq-mi Broken Arrow zone (launched ~Feb 2024, $500K CMAQ grant); other zone boundaries not fully confirmed",Urban,Metropolitan Tulsa Transit Authority (MTTA),Microtransit,RideCo,App,Same-day,Not specified,Not specified,2023,"Broken Arrow zone funded by $500,000 federal CMAQ grant; other zones' funding not specified",Active - Expanding,Broken Arrow zone: 4 Ford Mustang Mach-E + 1 wheelchair-accessible van; other zones not specified,"RideCo, in partnership with MTTA, Unwire, and Dallas Area Rapid Transit (DART), launched an on-demand microtransit program in Tulsa integrated into the GoPass rider app (RideCo company blog post dated April 24, 2023, corroborated by prior search-snippet reporting of the same PRNewswire release). A follow-up RideCo announcement dated November 12, 2024 (also covered by PR Newswire, headline referencing 'MetroLink Tulsa') describes RideCo, Kuba, and MTTA/its rebranded identity launching an expanded multi-modal trip-planning and on-demand booking service via the single GoPass app. GoPass itself has offered trip-planning since ~August 2020, per RideCo's own copy, but the on-demand microtransit booking capability specifically dates to the April 2023 integration. Exact zone, fare, and current ridership figures not found in this pass; MTTA's own site (tulsatransit.org) returned repeated 502 errors and could not be checked directly. Broken Arrow zone fare: $1.75/3-hr ticket, $3.50/day pass, Mon-Fri 8am-5pm, book up to 1hr ahead. MTTA rebranded to ""MetroLink Tulsa"" in 2024 (same legal entity).",Not specified,36.154,-95.993,State expansion research 2026-07
Pelivan Transit,OK,"Northeastern Oklahoma — Craig, Delaware, Mayes, Nowata, Ottawa, and Rogers counties (including Owasso/Collinsville zone)",Rural,Grand Gateway Economic Development Association (Grand Gateway EDA),Demand-Response,Via,"Phone, App",Same-day (standard fare); 24hr advance earns $1 discount,"$3 base fare per county/zone; $1 senior discount; sponsored/discounted rates for veterans, tribal members, seniors, and commuters",Not specified (booking/office hours Mon–Fri 8:00 AM–4:30 PM; after-hours/weekend requests routed through PickTransportation.org),1985,"Federal (FTA Section 5311 rural and 5311(c) tribal transit grants), State (Oklahoma), Local, Fares",Active,Not specified,Not specified,https://www.pelivantransit.org,36.639,-95.153,State expansion research 2026-07
Red River Public Transportation Service,OK,"Southwestern & South-Central Oklahoma: Roger Mills, Beckham, Custer, Washita, Kiowa, Tillman, Cotton, Jefferson, Stephens, Woodward, Caddo, Carter, Comanche, Ellis, Dewey, and Canadian counties",Rural,Community Action Development Corporation (CADC),Demand-Response,Not specified,Phone,Advance,Not specified,Not specified,1984,Federal (FTA Section 5311),Active,Not specified,"Operating since 1984; provides demand-response service in selected cities plus contract services to businesses, schools, and health providers. Explicitly stated as open to the general public ('All services are open to the public').",https://www.cadcconnection.com/public-transportation.html,35.20,-99.20,State expansion research 2026-07
Southern Oklahoma Rural Transportation System,OK,"South-central Oklahoma (Ardmore/Carter County area, exact county coverage unverified)",Rural,Southern Oklahoma Rural Transportation System,Demand-Response,Not specified,Phone,"Same-day (min 1hr notice); 24hr advance preferred, not required",Not specified,Not specified,Not specified,Federal (FTA Section 5311),Active,Not specified,Not specified,Not specified,34.174,-97.144,State expansion research 2026-07
Southwest Transit,OK,Southwestern Oklahoma,Rural,Southwest Transit,Demand-Response,Not specified,Phone,Advance,Not specified,Not specified,Not specified,Federal (FTA Section 5311),Active,Not specified,Not specified,Not specified,34.95,-99.05,State expansion research 2026-07
RIPTA Flex On Demand,RI,"Multiple non-contiguous zones: South County (South Kingstown/Narragansett area), Coventry, West Warwick, Westerly, and Aquidneck Island (Newport/Middletown), Rhode Island",Mixed,Rhode Island Public Transit Authority (RIPTA),Microtransit,Not specified,App,Same-day,Not specified (candidate claim of $2.00 fixed-route-parity fare unverified; only a limited-time promo fare code was found in sources checked),Monday-Friday 6:45am-5:15pm; Saturday 8:45am-4:45pm; no service Sundays or holidays,2024,Not fully verified — candidate states Federal (FTA Section 5310) and State (gas tax local match / Flex Service Enhancement funds); not independently confirmed,Active - Expanding,Not specified,"Pilot launched in South County on August 26, 2024 (Monday); real-time app booking with estimated pickup time and live trip tracking, similar to rideshare apps. Subsequently expanded to Coventry, West Warwick, Westerly, and Aquidneck Island (Newport/Middletown); the Aquidneck Island zone service area covers major employers (Raytheon, Naval Undersea Warfare Center) plus residential areas and has been confirmed extended through December 31, 2026. Curb-to-curb, open to the general public, no fixed schedule.",https://www.ripta.com/flex,41.5,-71.5,State expansion research 2026-07
Bamberg County Office on Aging - Handy Ride,SC,"Bamberg County, SC",Rural,Bamberg County Office on Aging,Demand-Response,Not specified,Phone,Advance,$2.00 per 10 miles (tickets purchased at the Bamberg County Office on Aging),"Not specified (Office on Aging booking hours: Mon-Thu 8:30am-4:30pm, Fri 8:30am-3:30pm)",Not specified,Not specified,Active,Not specified,"Described on the county's own site as 'a local public transportation program' providing rides for non-Medicaid medical appointments, shopping, or work; booked by calling 803-245-3021. Listed as a transit provider in the SCDOT statewide directory under the name 'Bamberg County Office on Aging - Handy Ride.' A separate 3-day-notice Medicaid transportation service is mentioned on the same page but is distinct from Handy Ride. General-public eligibility is implied but not explicitly confirmed as unrestricted (operator is the county's senior-services agency).",https://www.bambergcounty.sc.gov/office-on-aging,33.297,-81.033,State expansion research 2026-07
Lower Richland ReFlex OnDemand,SC,"Lower Richland, Richland County",Mixed,Central Midlands Regional Transit Authority (The COMET),Microtransit,Not specified,App,Same-day,Not specified,Not specified,2026,Not specified,Active - New,Not specified,"Confirmed via COMET's official schedules/routes page as a live app-based on-demand service (booked via the Moovit app) branded 'Lower Richland ReFlex OnDemand,' listed with a Feb 2026 effective date; COMET also lists a second, separate ReFlex OnDemand service for Downtown Columbia/Forest Acres (effective May 2026) — do not conflate the two as one system. Original press coverage (Post and Courier) describing a federal-grant-funded rideshare-style service for Lower Richland could not be fetched (HTTP 429) to corroborate funding/vendor claims in this pass.",https://www.catchthecometsc.gov/,33.850,-80.850,State expansion research 2026-07
TriCounty Link,SC,"Berkeley, Charleston, and Dorchester Counties (rural areas)",Rural,Berkeley-Charleston-Dorchester Council of Governments (BCDCOG),Demand-Response,Not specified,"App (Transit App, Token Transit, On-Demand app), Phone",Same-day,Standard fares plus passes; periodic free-ride promotions (e.g. Free Rides for Seniors 55+),Varies by route; on-demand and fixed/commuter service; closed select holidays (specific hours not independently confirmed),1996,Not specified,Active,Not specified,"BCDCOG-operated system offering a hybrid of fixed, commuter, and on-demand transit services since 1996 across the rural tri-county area; on-demand component is same-day, app/phone bookable, open to the general public; agency is conducting a 2025 transit study to redesign service.",https://www.ridetricountylink.com/,32.950,-80.100,State expansion research 2026-07
Groove On-Demand,TN,"Downtown Memphis, Medical District, South City, and New Chicago",Urban,Memphis Area Transit Authority (MATA),Microtransit,Not specified,App (via external booking link referenced on matatransit.com); other methods not confirmed,Same-day,Not specified,Not specified,Not specified,Not specified,Active,Not specified,"Candidate cited 100,000 rides by May 2023; this figure could not be independently verified in this check and should be treated as unconfirmed.",https://www.matatransit.com,35.149,-90.049,State expansion research 2026-07
WeGo Link,TN,"20+ designated zones across Nashville-Davidson County, TN (e.g. Antioch, Bell Road, Bellevue, Bordeaux/Buena Vista, Brick Church Pike, Cockrill Bend, East Thompson Lane, Elm Hill Pike, Goodlettsville, Hermitage, Maplewood, Old Hickory, Rosebank, Skyline, South Nashville, Sylvan Park)",Mixed,WeGo Public Transit (Nashville MTA),Microtransit,Uber (app-based booking/voucher system); Mobility Solutions and zTrip as alternate phone-based providers for cash payments and accessible vehicles,"App, Phone",Same-day,Discounted rates in most zones; South Nashville zone free as of 2025-2026,Not specified,Not specified,Not specified,Active,Not specified,"First/last-mile connector microtransit linking riders to WeGo bus stops across 20+ zones in Davidson County. Booked via Uber app (reusable voucher) or by phone through Mobility Solutions (615-844-3399) / zTrip (629-294-4447) for cash payment or accessible vehicles. Site language ('for any of our riders who find getting to and from their bus stop a little challenging') confirms open general-public eligibility, not an eligibility-restricted paratransit program -- WeGo's ADA paratransit is a separate service (WeGo Access).",https://www.wegotransit.com/ride/transit-services/wego-link/,36.166,-86.784,State expansion research 2026-07
MyRide by TVT (Montpelier),VT,"Downtown Montpelier, VT (State St/Main St core zone, walk-only restriction area)",Urban,Tri-Valley Transit (TVT),Microtransit,Via,"App, Phone, Online (myridebytvt.app.ridewithvia.com)",Flexible,Not specified,Monday-Friday 7:00am-6:00pm,2026,Not specified,Active - New,"Vehicles up to 8 passengers, wheelchair-lift accessible, service animals accommodated","Replaced the prior EZ Trip service in Montpelier as of July 15, 2026; bookable 15 minutes to 30 days in advance with Arrive By/Depart By options and a 30-minute flexibility window; no pre-existing Montpelier/EZ Trip/Tri-Valley Transit row found in current CSV, so this is a distinct new entry.",https://www.trivalleytransit.org/myride/,44.260,-72.575,State expansion research 2026-07
RCT Rides,VT,"90 towns across Northern Vermont (Northeast Kingdom / Caledonia, Essex, Orleans, Lamoille counties area — exact county list not independently confirmed)",Rural,"Rural Community Transportation, Inc. (RCT)",Demand-Response,Not specified,"App, Phone",Same-day,Fare-free,Not specified,Not specified,Not specified,Active,"23 EVs (fleet-wide across all RCT services, not RIDES-specific)","Described on operator's site as fare-free, taxi-style, on-demand service open to the general public (not restricted to seniors/disabled); RCT separately runs an O&D (Older adults & Disabilities) paratransit program and fixed-route buses distinct from this service.",https://www.riderct.org/,44.420,-72.014,State expansion research 2026-07
Springfield Microtransit,VT,"Springfield, VT",Rural,Deerfield Valley Transit Association (The MOOver),Microtransit,QRyde,"App, Phone",Same-day,Fare-free,"Monday-Friday, 6:00 AM - 6:00 PM (phone reservations taken 7:45 AM - 5:00 PM)",Not specified,Not specified,Active,Not specified,"Distinct from MOOver's fixed-route service covering Windham and southern Windsor counties. Bookable via QRyde app, phone, or online portal (cp-micromoo.qryde.com); service area is 'anywhere in Springfield, VT'.",https://www.moover.com/springfield-microtransit/,43.299,-72.480,State expansion research 2026-07
Windsor MicroMOO,VT,"Windsor, VT (town-wide)",Rural,"Southeast Vermont Transit (SEVT), operating as The MOOver",Microtransit,QRyde,"Phone, App, Online",Same-day,Fare-free,6:00 AM–6:00 PM Monday–Friday (reservations by phone 7:45 AM–5:00 PM),Not specified,Not specified,Active,Not specified,Town-wide on-demand service with no fixed schedule; part of MOOver's Southeast Vermont microtransit family alongside MicroMOO2 (Brattleboro) and Springfield Microtransit. Distinct from MOOver's fixed-route service.,https://www.moover.com/windsor-microtransit/,43.480,-72.389,State expansion research 2026-07
DC Neighborhood Connect,DC,"Wards 1, 4, 5, and 8, Washington, DC (DFHV cites expanded coverage possibly including Ward 6) — multiple defined service zones connecting neighborhoods to Metrorail stations",Urban,District Department of For-Hire Vehicles (DFHV),Microtransit,Via,"App, Phone",Same-day,Free (zero-fare service since July 2021),Not specified,Not specified,"Local (District of Columbia government — e.g. $1.034M FY2021, $1.7M FY2022 appropriations)",Active - Expanding,Not specified,"Zero-fare, app/phone-booked shared on-demand shuttle operated by DFHV (not DDOT — candidate's original operator/website attribution to DDOT was incorrect) using Via technology, connecting DC neighborhoods within designated zones to Metrorail stations and activity centers. Confirmed via a 2022 mayoral press release announcing expansion into Northwest and Northeast DC. Vendor, fare, and operator now independently verified; launch year, hours, and fleet still need sourcing.",https://dfhv.dc.gov,38.912,-77.005,State expansion research 2026-07
START On-Demand,WY,"Town of Jackson, Teton County, WY",Mixed,START (Southern Teton Area Rapid Transit) / Town of Jackson,Microtransit,Not specified,"App, Phone",Same-day,Free,Not specified,Not specified,Not specified,Active,Not specified,"Free on-demand ride service within the Town of Jackson; no fixed routes or schedules. Booking via smartphone app or phone (307-400-4438). START overall (fixed-route + on-demand) reported roughly 1,035,000 total passengers in 2024, first time above pre-COVID levels, but this figure was not confirmed to be On-Demand-specific.",https://www.jacksonwy.gov/674/6906/START-On-Demand,43.480,-110.762,State expansion research 2026-07
Wind River Transportation Authority (WRTA),WY,"Fremont County, WY (Riverton, Lander, Wind River Indian Reservation), central Wyoming",Rural,Fremont County Association of Governments (WRTA),Demand-Response,Not specified,Phone,Advance,Not specified,Monday-Friday 6:00am-7:30pm; closed Saturday and Sunday,Not specified,"Federal (FTA 5311 Rural Transportation Grant, FTA 5339 Bus and Bus Facilities Grant), State (WDOT Highway Safety Office), Other (LOR Foundation, Donations)",Active,Not specified,"Curb-to-curb On-Demand service is one of three WRTA programs alongside Fixed Route and the SafeRide late-night program; agency traces to 1989 (as SANTA), renamed WRTA in 1996 under Fremont County governance. Open to general public, not eligibility-restricted.",https://fcagwy.gov/home/wrta/,43.025,-108.380,State expansion research 2026-07
Murray-Calloway Transit Authority On Demand,KY,"Murray / Calloway County, KY (Purchase area, Southwest Kentucky)",Mixed,Murray-Calloway Transit Authority (MCTA),Microtransit,Not specified,"Phone (270-753-9725), confirmed via MCTA FAQ; a rider app via Pantonium's ""EverRun"" platform was claimed by the source candidate but could not be independently confirmed — not mentioned on MCTA's own site",Same-day,"City ride $2 (advance) / $5 (same-day); County ride $4 (advance) / $7 (same-day); out-of-zone $2.00/mile; wait time $15/hr; shared-ride runs to Mayfield/Benton $15/person, Paducah $20/person (confirmed via services-and-pricing page; City/County Pass and children-free details not independently re-verified but same source)",Mon-Fri 7:00am-5:00pm; Sat 7:30am-4:30pm (separate weekend line 270-752-1139),Not specified,Not specified,Active,Not specified,"Branded ""City and County On Demand"" service, confirmed open to the general public (""It's for Everybody!""). Same-day, no-fixed-schedule phone-booked service confirmed directly on murraytransit.com. Distinct from TANK Plus (different operator/region: Northern KY/Cincinnati metro vs. Murray/Calloway in far western KY). Vendor/app claim (Pantonium EverRun) in the original candidate notes was NOT corroborated during this verification pass — MCTA's website makes no mention of an app or dispatch vendor — recommend confirming via Google Play listing or direct outreach before publishing that detail.",https://www.murraytransit.com,36.61,-88.31,State expansion research 2026-07
HoCo RapidRide,MD,"Howard County, MD (Route 1 corridor: Elkridge, Jessup, Savage, Hanover, Columbia)",Suburban,"Howard County Office of Transportation (Howard County Government), implemented in collaboration with Via",Microtransit,Via,"App (HoCo RapidRide app, iOS/Android); phone booking available at 443-348-9572 for riders without smartphones",Same-day,"$2 per ride; free for HCPSS students, community college students, and seniors 60+ with valid ID; first month free through April 17, 2025 as a launch promotion","Monday-Friday, 6:30 AM-6:00 PM (no weekend service)",2025,"$500,000 Maryland Statewide Transit Innovation Grant plus $530,000 Howard County matching funds",Active,Not specified,"Launched March 17, 2025 under County Executive Calvin Ball. Shared-ride van service using corner-to-corner (not door-to-door) pickup/dropoff model; connects Route 1 corridor communities (Elkridge, Jessup, Savage, Hanover, Columbia) to shopping destinations (Dobbin Center, Snowden Square, Gateway Overlook) and other local destinations. Riders must be at least 13 (younger with parent/guardian).",https://www.howardcountymd.gov/transportation/public-transit,39.17,-76.77,State expansion research 2026-07
PGC Link,MD,"Prince George's County, MD (Fort Washington-Oxon Hill-Accokeek zone; expansion proposed for Bowie, Hyattsville, and Laurel zones)",Suburban,Prince George's County Department of Public Works & Transportation (TheBus),Microtransit,TransLoc,App (TransLoc app),Same-day,"Free as of June 30, 2025 (county-wide fare waiver for TheBus, PGC Link, and Call-a-Bus); previously $2 via TransLoc app only, cash/tokens/SmarTrip not accepted",Not specified,Not specified,Not specified,Active - Expanding,Not specified,"Original zone covers Fort Washington-Oxon Hill-Accokeek and is confirmed operating. Additional zones (Bowie, Hyattsville, Laurel, and a split South County/National Harbor zone) appear on PGC's ArcGIS microtransit hub as proposed/planned expansion zones, not yet confirmed live. Fare was originally $2 via the TransLoc app but Prince George's County waived fares on TheBus, PGC Link, and Call-a-Bus as of June 30, 2025, per the City of Hyattsville's transportation page. Direct fetch of the county's own PGC Link page returned HTTP 403 during verification; findings rely on a DuckDuckGo search snippet of that page plus the Hyattsville city government confirmation.",https://www.princegeorgescountymd.gov/departments-offices/public-works-transportation/metro-and-transportation/thebus/microtransit-pgc-link,38.73,-77.01,State expansion research 2026-07
Ride On Flex,MD,"Montgomery County, MD (Zone 918 — Sandy Spring/White Oak, New Hampshire Ave corridor)",Suburban,Montgomery County Department of Transportation (Ride On),Microtransit,Not specified,"App (Ride On Flex app, iOS/Android) or phone call to 240-301-3842; call center hours Mon-Fri 6am-7pm",Same-day,$2 or less (standard Ride On fare),Zone 918: Mon-Fri 6-10am & 2:30-7:30pm,Not specified,Not specified,Active,"11-passenger buses, wheelchair accessible, onboard WiFi","As of July 1, 2026 the Rockville and Glenmont/Wheaton zones were discontinued; only Zone 918 (Sandy Spring/White Oak, along New Hampshire Ave from Cloverly St to Lockwood Dr/White Oak Center) continues operating. Same-day on-demand booking only, no fixed schedule. Not to be confused with fixed-route Ride On bus service. Won a 2020 NACo Innovation Award.",https://www.montgomerycountymd.gov/department-transportation/ride-montgomery-county/ride-flex,39.07,-76.99,State expansion research 2026-07
Delta Rides,MS,Northwest Mississippi Delta (21 counties per MDOT ConnectMS),Rural,"Regional network of nonprofit transportation providers in the Mississippi Delta, coordinated via a shared call center under MDOT's ConnectMS program (37 partner agencies including transit agencies, nonprofits, and Mississippi Valley State University)",Demand-Response,Not specified,Phone (662-846-6161),Advance,Not specified,Not specified,Not specified,Not specified,Active,Not specified,"Regional mobility-coordination network covering 21+ counties in NW Mississippi Delta; MDOT ConnectMS page describes it as 'a call center that provides connectivity between the systems' offering rides to employment, medical centers and other destinations. Own site states general 'families and communities' framing with no stated eligibility restriction (not ADA/senior-limited); phone-only reservation, no app/online booking found. Distinct from the state's only other inventoried MS system (Coast Transit Authority ADA Paratransit), which is a different region, operator, and eligibility model entirely.",https://yourdeltarides.org,33.52,-90.17,State expansion research 2026-07
SMART,MS,Southwest Mississippi (13 counties),Rural,S.M.A.R.T. Regional Group,Demand-Response,Not specified,Phone (601-445-7568),Advance,Not specified,Not specified,Not specified,Not specified,Active,Not specified,"Listed by MDOT's ConnectMS as the regional mobility-coordination network for 13 counties in southwest Mississippi, providing non-emergency medical transportation, employment trips, and college shuttles. Corroborated independently by the Mississippi Public Transit Association resources page, which names the operator as S.M.A.R.T Regional Group. No independent operator website located across two research passes; eligibility criteria for general-public access not explicitly documented on either source.",Not specified,31.56,-91.40,State expansion research 2026-07
TRANS-CON (Transportation Connection),MS,"Central Mississippi (Copiah, Hinds, Madison, Rankin, Simpson, Warren, Yazoo counties)",Rural,Jackson Medical Mall Foundation,Demand-Response,Not specified,Phone (601-218-7674),Advance,Not specified,Not specified,Not specified,Not specified,Active,Not specified,"Regional mobility-coordination network for 7 counties in central Mississippi, listed on MDOT's ConnectMS program page. Independent search confirmed the operator as Jackson Medical Mall Foundation and the full county list. MDOT describes the service as offering vanpool/commuter employment trips, non-emergency medical transportation, and student transportation to local colleges/universities — these read as example trip purposes under a general-public rural transit umbrella (per ConnectMS's own general description of its network), not confirmed eligibility restrictions, but this distinction was not independently verified beyond the MDOT page. No independent TRANS-CON or Jackson Medical Mall Foundation page with fare/hours/fleet/vendor details was located.",Not specified,32.30,-90.18,State expansion research 2026-07
RideMon,WV,"Morgantown / Monongalia County (microtransit zone covering Mountain Heights and Grafton Road areas, connecting to Mountaineer Mall, Hornbeck Road Walmart, and Sabraton Goodwill)",Suburban,Mountain Line Transit Authority,Microtransit,Spare,App (Spare app),Same-day,$0.75 per passenger (same as fixed-route bus fare),"Monday-Saturday, 7:30 AM-5:30 PM",2022,Not specified,Active,Vans (fleet size not specified),"Launched May 9, 2022 as a six-month pilot replacing coverage on low-performing Route 14 (Mt. Heights) and Route 15 (Grafton Road); originally booked via Uber's app under an Uber partnership, which ended June 2023 when the program switched to Spare's on-demand platform (current vendor). As of July 2026 the service had surpassed 15,000 total rides with roughly 600 rides/month, and RideMon ridership reportedly began outnumbering bus ridership in the same zone within about four months of launch.",https://www.busride.org/RideMon,39.6295,-79.9559,Deep sweep WV
Ready Ride (PVTA),WV,"Grant, Hardy, Hampshire, and Mineral Counties, WV (town-based zones in Petersburg, Moorefield, Romney, and Keyser)",Rural,Potomac Valley Transit Authority (PVTA),Microtransit,Spare (inferred from Google Play package name for the 'Ride PVTA' app; not independently confirmed on PVTA's own site),App ('Ride PVTA') or phone,Same-day / Advance,"$2.00 per boarding (current site); one earlier PVTA social post cited $1.50 per boarding — discrepancy unresolved, may reflect a fare change over time",Monday-Friday (specific hours vary by zone; not fully published),2019,Not specified,Active,Small buses/vans (fleet size not specified),"On-demand, no-fixed-route service that picks up multiple passengers within defined town zones; explicitly distinguished by PVTA from both fixed-route and NEMT/Medicaid transport. Petersburg zone launched July 1, 2019; Romney and Moorefield followed the same year; Keyser zone added around October 2019 (exact date unconfirmed). PVTA's separate Non-Emergency Medical Transport service (Medicaid-eligibility-restricted) is out of scope and not this row. PVTA also operates a distinct 'route deviation' fixed-route service, also out of scope.",https://www.potomacvalleytransit.org/routes/ready-ride-bus-service/,38.9954,-79.1289,Deep sweep WV
Brookings Area Transit Authority (BATA),SD,Brookings County,Rural,"Brookings Area Transit Authority (private non-profit, SDDOT Section 5311 subrecipient)",Demand-Response,Not specified,Phone,Flexible,$3.00/trip within Brookings city limits with advance reservation; $9.00/trip same-day within city limits,"Monday-Friday, 5:00 AM-6:00 PM",Not specified,"Federal, State, Local",Active,Not specified,Door-to-door service the operator describes as 'not limited to who may use it; it is available for everyone' in Brookings County. Typically requires 1-day advance reservation; same-day service available at a higher fare.,https://batabus.com/,44.3114,-96.7984,Deep sweep SD
Palace Transit,SD,"Mitchell, SD",Urban,City of Mitchell,Demand-Response,Not specified,Phone,"Same-day (higher fare, ~$10); 24hr advance preferred for standard fare",Not specified,"Dispatch: Monday-Friday, 7:00 AM-5:00 PM",Not specified,"Federal, State, Local",Active,Not specified,Curb-to-curb demand-response service the city's own site describes as open to 'anyone of any age' in Mitchell. Rides must be reserved by 4:00 PM the business day before travel.,https://www.cityofmitchellsd.gov/162/Palace-Transit,43.7094,-98.0298,Deep sweep SD
River Cities Public Transit,SD,"Pierre/Fort Pierre and Hughes, Stanley, Hand, Hyde, Dewey, Ziebach, Haakon, East Pennington, North Jackson, Jones, Lyman, and Minnehaha counties, SD",Rural,River Cities Public Transit (private non-profit),Demand-Response,Not specified,Phone,Flexible,Not specified,Not specified,Not specified,"Federal, State, Local",Active,Not specified,"Nonprofit serving 'individuals with disabilities, the elderly, low income as well as the general public' per operator's site. Offers same-day, on-demand ride requests as well as scheduled-ahead trips (discount for booking by 9pm the prior day). Also operates the Cheyenne River Sioux Tribal Transit contract, added separately in this sweep as Cheyenne River Sioux Transit.",https://www.rcptransit.com/,44.3683,-100.3510,Deep sweep SD
Southeast Public Transit (Yankton/Vermillion),SD,"Yankton and Vermillion, SD (Yankton and Clay counties)",Rural,"Yankton Transit, Inc., dba Southeast Public Transit",Demand-Response,Not specified,Phone,Flexible,$2.50 one-way within Yankton city limits,"Yankton: Monday-Friday, 5:00 AM-5:00 PM; Vermillion: Monday-Friday, 7:30 AM-5:00 PM",Not specified,"Federal, State, Local",Active,Not specified,Formed by the merger of the formerly separately-branded Yankton Transit and Vermillion Public Transit systems (both still listed individually as SDDOT Section 5311 rural subrecipients); open to the public with no stated eligibility restriction found. Yankton service requires booking the day before; Vermillion accepts same-day requests 'dependent upon availability' at a higher fare.,https://septransit.com/,42.8711,-97.3970,Deep sweep SD
Cheyenne River Sioux Transit,SD,"Eagle Butte and surrounding communities, Cheyenne River Reservation, SD",Rural,River Cities Public Transit (operates under contract for the Cheyenne River Sioux Tribe),Demand-Response,Not specified,Phone,Flexible,$1.00/punch pre-scheduled; $2.00/trip same-day; punch tickets $10 (10-punch)/$20 (20-punch),"Monday-Friday, 5:00 AM-6:00 PM; Saturday, 6:00 AM-3:00 PM",Not specified,"Federal, State",Active,11 demand-response vehicles (2024 NTD data),"Open to the general public with no stated eligibility restriction per operator's site. Discounted fare for booking at least 1 day ahead; same-day service available based on driver availability at a higher rate. 23,481 annual unlinked passenger trips (2024 NTD data).",https://www.rcptransit.com/cheyenne-river-sioux-transit/,44.9997,-101.2360,Deep sweep SD
Sisseton Wahpeton Oyate Transit,SD,"Lake Traverse Reservation, SD (Sisseton and surrounding communities)",Rural,Sisseton Wahpeton Oyate Department of Transportation,Demand-Response,Not specified,Phone,Advance,$3 round-trip (7 mi or less); $5 round-trip (over 7 mi); grocery trips within city limits free via store partnership,"Monday-Friday, 6:00 AM-6:00 PM; office 8:00 AM-4:30 PM",Not specified,Federal,Active,Not specified,"Tribal DOT states its mission covers 'our traveling Oyate and General Public,' and is described in secondary sources as the sole source of public transportation on the Lake Traverse Reservation. Booking window (advance vs. same-day) not explicitly confirmed on the operator's own site; Advance is used here as a reasonable inference from phone-dispatch demand-response service consistent with peer SD tribal transit systems -- verify directly before relying on it.",https://swo-nsn.gov/departments/department-of-commerce/department-of-transportation/,45.6633,-97.0463,Deep sweep SD
Rosebud Sioux Tribe Transit,SD,"Rosebud Reservation, Todd and Mellette counties, SD",Rural,Rosebud Sioux Tribe (RST Transportation Dept.),Demand-Response,Not specified,Phone,Not specified,Not specified,Not specified,Not specified,Federal,Active,"14 revenue vehicles, 9 operated in maximum service (2022 NTD data)","NTD reports this as a demand-response public transit agency with 54,019 annual unlinked passenger trips (2022 data), confirming it is an operating public transit system rather than just a roads department. Eligibility ('who can ride') and booking/scheduling window could not be confirmed from the tribe's own site (transportation section not found / page unreachable); inclusion is inferred from NTD mode classification and consistency with peer general-public SD tribal transit systems (Cheyenne River, Sisseton-Wahpeton) rather than direct verification. HIGH PRIORITY: confirm eligibility language directly with the tribe before treating this row as settled in-scope.",https://www.transit.dot.gov/ntd/transit-agency-profiles/rosebud-sioux-tribe,43.2380,-100.8460,Deep sweep SD
UTA On Demand,UT,"South Davis County, Salt Lake City Westside, Southern Salt Lake County, Tooele County, and West Provo/Orem (Wasatch Front); North Utah County zone (Eagle Mountain, Saratoga Springs, Lehi, American Fork, Pleasant Grove, Lindon, Highland, Cedar Hills, Alpine) launching Aug 17, 2026",Mixed,Utah Transit Authority (UTA),Microtransit,Via,"App, Phone",Same-day,$2.50 standard / $1.00 reduced fare; includes transfer to bus/TRAX/FrontRunner within 2 hours,Varies by zone; no Sunday service,2019,"Local, State (North Utah County zone sponsored by Utah County and UDOT; broader program funded through UTA's operating budget; federal FTA contribution plausible but not itemized on official materials)",Active - Expanding,Via-operated vans (WAV); fleet size not specified; Tooele County zone switched to all-electric vehicles per a 2020s UTA announcement,"645,308 boardings in 2025 (13.6% year-over-year growth per UTA's 2025 rider-data report, published Jan 2026); over 2 million total riders since program launch. Originally piloted Nov 2019 in southern Salt Lake County (Bluffdale, Draper, Herriman, Riverton, South Jordan; ~65 sq mi, 7 TRAX/FrontRunner stations); has since expanded to 5 concurrent zones with a 6th (North Utah County) launching Aug 2026. Treated as a single multi-zone system, consistent with how High Valley Transit Micro's multiple microzones are handled in this database.",https://www.rideuta.com/Services/UTA-On-Demand,40.56,-111.93,Deep sweep UT
Connect Pool (formerly CVTD POOL),UT,"Providence, Millville, River Heights, Cliffside, and portions of Logan, Cache County",Suburban,Connect Public Transit (Cache Valley Transit District),Microtransit,"Via (per current official site branding, ""Connect On-Demand by Via""); Ecolane was reported as the vendor at the service's 2023 launch — see concerns.csv for this discrepancy","App (Connect On-Demand by Via), Phone",Same-day,Free (zero-fare),Monday-Friday 6:15 AM-8:45 PM; Saturday 9:45 AM-6:30 PM; no Sunday service,2023,Not specified,Active,"2 wheelchair-accessible vans (7-passenger capacity each) with bike racks, at 2023 launch; current fleet size not confirmed","Launched Feb 6, 2023 as ""POOL"" to cover four bus routes being removed or modified; initial expectation of 50-80 trips/day. Cache Valley Transit District rebranded as ""Connect Public Transit"" in 2024; the on-demand service continues under ""Connect Pool""/""Connect On-Demand"" branding with expansion plans noted on the operator's site.",https://rideconnectutah.gov/pool,41.737,-111.8338,Deep sweep UT
Moab Area Transit (MAT),UT,"Moab and surrounding service area, Grand County",Rural,City of Moab,Microtransit,"Downtowner App, Inc.","App, Phone (833-628-3733)",Same-day,Free (fare-free),"Peak season (Mar 16-Oct 15): 9 AM-9 PM daily; Off-peak (Oct 16-Mar 15): Monday-Friday 9 AM-5 PM, on-demand only (fixed Main Street route suspended off-peak)",2023,"State, Federal, Local ($10 million Utah Hotspot grant administered by UDOT; FTA; City of Moab; Grand County)",Active,13 wheelchair-accessible 12-passenger vans,"Launched March 16, 2023 as Moab's first-ever public transit service; door-to-door on-demand microtransit supplements a fixed Main Street route. Only the on-demand/door-to-door component is in scope for this database; the fixed Main Street route is out of scope as fixed-route service.",https://www.moabcity.gov/615/Moab-Area-Transit,38.5733,-109.5498,Deep sweep UT
Fond du Lac Area Shared-Ride Taxi,WI,"City of Fond du Lac and Village of North Fond du Lac, WI (pickup/dropoff more than 1/4 mile from a fixed bus route)",Rural,Private taxi contractor under agreement with Fond du Lac Area Transit (contractor name not disclosed on source page),Demand-Response,Not specified,Phone,Same-day (accommodated based on driver availability); 4:30pm day-before preferred,"$5.00 (ages 5-64); $4.00 with monthly pass; $3.00 for seniors 65+ with Medicare, individuals with disabilities, and children under 5 with adult",Monday-Friday 6:00am-6:30pm (no weekend service; limited holiday exceptions for Christmas Eve/Day and New Year's Eve/Day),Not specified,"Not specified (Wisconsin's statewide Wis. Stat. 85.20 shared-ride taxi program is typically funded via WisDOT + FTA Section 5311/5307 + local match, but funding was not itemized on this source page)",Active,Not specified,"Part of Wisconsin's statewide Wis. Stat. 85.20 shared-ride taxi program; supplements Fond du Lac Area Transit's fixed-route bus network by covering pickup/dropoff points more than 1/4 mile from a fixed route. Curb-to-curb, phone-dispatched, open to the general public with no eligibility-certification requirement found.",https://www.fdl.wi.gov/transit/shared-ride-taxi-service/,43.773,-88.447,Deep sweep WI
Wisconsin Rapids Shared-Ride Taxi,WI,"City of Wisconsin Rapids and up to 5 miles outside city limits, WI",Rural,Running Inc. (private contractor) under agreement with City of Wisconsin Rapids,Demand-Response,Not specified (Running Inc. operates its own online booking portal at runninginc.net; not a known third-party microtransit software vendor),"Online (runninginc.net), Phone",Advance (reservation required; exact advance-notice window not published on source page),Not specified,Not specified,Not specified,"Local (City of Wisconsin Rapids transportation grant, per source page); state/federal funding plausible under WI's statewide shared-ride taxi program but not itemized on source page",Active,Not specified,"Door-to-door shared-ride service; priority given to in-city passengers over the 5-mile extended zone. Multiple passengers may share a single trip via 'most appropriate route' dispatching; no guaranteed arrival time noted for mid-trip destination changes. General public, no eligibility restriction found on source page.",https://www.wirapids.gov/208,44.3836,-89.8168,Deep sweep WI
Waupun Shared-Ride Taxi,WI,"City of Waupun, WI, plus trips outside the service area at a per-mile rate",Rural,"Brown Cab Service, Inc. (contracted by City of Waupun)",Demand-Response,Not specified,Phone,Advance (phone reservation required; exact advance-notice window not published — source instructs riders to 'call to verify in advance'),$4.00 regular; $3.00 elderly/disabled/student; $9.75 agency; $2.75 additional passenger to same destination; $10.00 package delivery; $6.00 late night; $2.50/mile outside service area (2024 rates),Mon-Thu 6am-6pm; Fri 6am-6pm and 9pm-2:30am; Sat 9am-2pm and 9pm-2:30am; closed Sunday (holiday exceptions apply; hours subject to change),Not specified,"State, Federal (source states only 'state and federal funding'; consistent with the WI Wis. Stat. 85.20 shared-ride taxi program pattern but not itemized)",Active,Not specified,"Source page explicitly states the service operates with 'no discrimination or restriction on trip purpose' — general public. Operated by Brown Cab Service under contract with the City of Waupun, part of the same multi-city Brown Cab shared-ride taxi network that also serves Medford, WI, and reportedly Edgerton, Fort Atkinson, Jefferson, Lake Mills, Monroe, Ripon, Sauk Prairie, and Whitewater, WI (those additional cities were identified via Brown Cab's own service-area list but not individually verified in this pass and are not yet added to the database).",https://www.cityofwaupunwi.gov/1540,43.6347,-88.7284,Deep sweep WI
Medford Shared-Ride Taxi Service,WI,"City of Medford and a 5-mile radius, WI",Rural,"Brown Cab Services, Inc. (contracted by City of Medford)",Demand-Response,Not specified,Phone,Advance (reservation required; exact advance-notice window not published on source page),Not specified (source describes 'subsidized fare rides' and directs riders to Brown Cab's website for current rates),Not specified,Not specified,"City of Medford General Fund, State of Wisconsin DOT 85.20 Program, FTA Section 5311 Program, and rider fares (all confirmed on source page)",Active,Not specified,"Demand-response service described as serving 'citizens in the community' (general-public framing; no eligibility-certification language found on source page). Operated by Brown Cab Services under contract with the City of Medford, part of the same multi-city Brown Cab shared-ride taxi network that also serves Waupun, WI.",https://www.medfordwi.gov/shared-ride-taxi-service,45.1364,-90.3396,Deep sweep WI
Viroqua-Westby Shared-Ride Taxi,WI,"City of Viroqua and City of Westby, WI",Rural,"Passenger Transit, Inc. (contracted by City of Viroqua and City of Westby)",Demand-Response,Not specified,"Phone, In-person with driver",Advance (reservation required; exact advance-notice window not published),"$3.75 adult, $2.50 senior/disabled, $2.75 student, plus $7.00 Viroqua-Westby inter-city surcharge (current rates per City of Viroqua fare schedule; proposed increase to $4.00/$3.00/$3.00/$4.00 effective Jan 1, 2026)","Not specified (operator describes overall service as 'seven days per week, 365 days per year'; office hours Mon-Fri 8:00am-4:00pm; per-city daily service-hours not published)",Not specified,Not specified,Active,Wheelchair-accessible vehicles available per operator site; fleet size not specified,"General-public eligibility confirmed directly on operator Passenger Transit Inc.'s own site (passengertransit.net), which states no restriction to a specific eligible population and offers wheelchair-accessible vehicles. Passenger Transit also operates a third shared-ride taxi city, Watertown, WI, not independently verified or added in this pass.",https://passengertransit.net,43.5566,-90.8887,Deep sweep WI
GIFT On-Demand,ID,City of Idaho Falls,Urban,City of Idaho Falls (Greater Idaho Falls Transit),Microtransit,Downtowner,"App, Phone",Same-day,$6/ride (scheduled); $10/ride after-hours (9-11pm),Mon-Wed 6am-9pm; Thu-Fri 6am-11pm; Sat 7am-11pm; Sun closed,2024,"FTA grant ($4.2M) plus Idaho Transportation Department ($327,000); operating as a 2-year pilot",Active - Pilot,Not specified,Replaced fixed-route service that ended in 2019. Open to general public with no age/disability eligibility restriction; rides can be booked same-day or up to 2 weeks in advance via the GIFT On-Demand app.,https://greateriftransit.com/,43.4666,-112.0362,Deep sweep ID
VRT On-Demand (Nampa/Caldwell),ID,"Nampa, Caldwell, and surrounding Canyon County",Suburban,Valley Regional Transit,Microtransit,Not specified,"App, Phone, Online",Same-day,$1.50 single ride / $2.50 day pass (standard VRT fare),Mon-Fri 6am-8pm; closed Sat-Sun,Not specified,Not specified,Active,Not specified,"General-public on-demand microtransit zone booked via the ""VRT Booking"" app, rideVRT.org, or phone. Technology vendor inferred as possibly Via from the booking-page URL structure but not independently confirmed; recorded as Not specified per project convention.",https://www.valleyregionaltransit.org/routes/nampa-caldwell-ondemand/,43.5407,-116.5635,Deep sweep ID
Wildrose Public Transportation,ND,"Northwest ND: Wildrose, Alamo, Zahl, Tioga, Ray, McGregor, Epping, Fortuna, Ambrose, Crosby, Noonan, Columbus, Lignite, Flaxton, Bowbells, Kenmare; longer routes to Williston, Minot, and Bismarck",Rural,Wildrose Public Transportation (nonprofit),Demand-Response,Not specified,Phone,Advance,Not specified,Not specified,Not specified,Not specified,Active,"3 vehicles: 10-passenger van, 12-passenger bus, and a minivan, all wheelchair lift/ramp equipped","General-public service; seniors in Divide/Williams counties are sponsored via a separate Senior Citizen grant (a subsidy, not an access restriction). Also bills VA/Medicaid as one of several payer types for eligible riders, alongside general fare-paying public.",https://wildrosend.org/wildrosepublictransportation,48.6288,-103.1863,Deep sweep ND
MyBlue On-Demand Microtransit,NM,"Five zones: Espanola (15-mile radius of transit center), Taos (2-mile radius of Route 340), Pojoaque/Nambe, Edgewood, and La Cienega -- spanning Santa Fe, Rio Arriba, Taos, and Los Alamos counties",Mixed,North Central Regional Transit District (NCRTD),Microtransit,Not specified,"App, Phone",Same-day,$1.00 per trip (most zones); free within the Pojoaque/Nambe zone; free for certified ADA paratransit riders and for military/veterans,Mon-Fri 6am-6pm (most zones); Edgewood 7:30am-5:30pm; La Cienega temporarily reduced to 6-7:30am and 3:30-4:30pm due to a stated staffing shortage as of Dec 2025,Not specified,Not specified,Active,Blue Bus / MyBlue microtransit vans; vehicle count not specified,"General-public zone-based on-demand microtransit requested via the ""MyBlue North Central RTD"" app or phone; no walk-ups permitted. Distinct from NCRTD's separate ADA-only paratransit program, which is excluded from this database as eligibility-restricted.",https://ncrtd.org/myblue/,35.9911,-106.0806,Deep sweep NM
RideKC Micro Transit (Johnson County),KS,"Johnson County, KS — approx. 80-square-mile '499 Micro Transit' zone including Downtown Overland Park, Mission Transit Center, and KU Edwards Campus",Mixed,Johnson County Transit (RideKC / Johnson County Government),Microtransit,Ecolane,"App, Phone",Same-day,"$5.00 for first 5 miles, $2.00 per additional mile; app or exact cash; Veterans Pass and JCCC Student Pass accepted","Monday–Friday, 6:00 a.m.–8:00 p.m.",Not specified,Not specified,Active,Accessible vehicles available upon request; fleet size not specified,General-public shared-ride on-demand service; riders must be 16+ or accompanied by an adult; no advance reservation required. Part of the multi-county RideKC On-Demand family of microtransit zones (see also Wyandotte County and Leavenworth rows).,https://www.jocogov.org/department/transit-ridekc-johnson-county/micro-transit,38.9822,-94.6708,Deep sweep KS
RideKC On-Demand (Wyandotte County / IRIS),KS,"Wyandotte County / Kansas City, KS — multiple zones: Midtown KCK to Legends, Southwest Edwardsville, Northeast microtransit zone (added Feb. 3, 2025)",Urban,"Unified Government of Wyandotte County and Kansas City, Kansas (UG Transportation)",Microtransit,Not specified (booked via 'IRIS' branded app/website; underlying platform vendor not confirmed),"App, Website, Phone",Same-day,$3.00 per person per ride; app or exact change; Veterans Pass or participating-school Student U-Pass accepted,Not specified,"Not specified (Northeast zone confirmed launched Feb. 3, 2025; Midtown/Legends and Edwardsville zones predate that)",Not specified,Active,Not specified,"UG's own announcement describes IRIS as 'an innovative new microtransit and paratransit service' — the general on-demand shared-ride zones (open to the public) are what's captured in this row; if UG operates a separate ADA-certified-only paratransit product under the same IRIS umbrella, that component is out of scope and not represented here. Part of the multi-county RideKC On-Demand family (see also Johnson County and Leavenworth rows).",https://www.wycokck.org/Departments/Transportation/RideKC-On-Demand-IRIS,39.1149,-94.6266,Deep sweep KS
RideLV Micro Transit,KS,"City of Leavenworth, KS city limits, plus four addresses in Lansing, KS (Progress Drive; W. Eisenhower Rd/DaVita Dialysis; First Terrace)",Urban,The Guidance Center (contracted by City of Leavenworth),Microtransit,Not specified (branded 'RideKC' app platform; specific white-label vendor not confirmed),App,Same-day,"$2.00 per direction per rider, flat rate; cash requires exact change","8:00 a.m.–5:00 p.m., weekdays",2023,"KDOT Section 5311 grant ($266,655 operations; $219,545 vehicles) plus City of Leavenworth local match ($81,996 over three years from Countywide Sales Tax economic development allocation)",Active,"3 vans, including wheelchair/handicapped-accessible vehicles",Open to general public; riders can schedule up to 7 days in advance via the app in addition to on-demand same-day booking; children under 18 must be accompanied by an adult. Launched April 2023.,https://www.leavenworthks.gov/cd/page/ride-lv-micro-transit,39.3111,-94.9224,Deep sweep KS
MOD Topeka (Metro On-Demand),KS,"Designated southeast zone of Topeka, KS",Urban,Topeka Metropolitan Transit Authority (Topeka Metro),Microtransit,Not specified (app store listing suggests Spare Labs platform; not independently confirmed on Topeka Metro's own site),"App, Website, Phone",Same-day,"$2.00 one-way; exact cash, or debit/credit accepted since March 27, 2023",Monday–Friday 5:35 a.m.–6:40 p.m.; Saturday 8:15 a.m.–6:40 p.m.,Not specified,Not specified,Active,Fully accessible vehicles with lift/mobility device securements; count not specified,Curb-to-curb shared-ride microtransit within a defined southeast Topeka zone; open to general public; up to three children under 5 may ride with a paying adult; Wi-Fi equipped vehicles.,https://www.topekametro.org/mod-topeka,39.0247,-95.6519,Deep sweep KS
OCCK OnDemand (Salina CityGo),KS,"City limits of Salina, KS",Urban,"OCCK, Inc. (OCCK Transportation / Salina CityGo)",Microtransit,"Transitioned software providers over time (TransLoc/Transit app integration circa 2022; new OnDemand-specific platform as of Dec. 15, 2025; specific current vendor name not confirmed)",App,Same-day,$5.00 per ride,"Monday–Friday, 5:00 a.m.–10:00 p.m.",Not specified (app-based booking dates to at least 2022; dedicated 'OnDemand' branding referenced from around Nov. 2024),Not specified,Active,Not specified,"Curb-to-curb shared-ride service open to the general public within Salina city limits; distinct from OCCK's separately branded 14-county 'Regional Paratransit' program, which is out of scope for this database (eligibility-restricted).",https://salinacitygo.com,38.8403,-97.6114,Deep sweep KS
Reno County Area Transit (RCAT) Demand Response,KS,"Hutchinson and South Hutchinson, Reno County, KS",Urban,"Reno County, Kansas",Demand-Response,Not specified,Phone (620-694-2913),Same-day (if schedule open); up to 7 days advance also accepted,"$2.00 per trip; exact cash or tickets required, no change given",Not specified (Monday–Saturday per operator; exact daily hours not published),Not specified,Not specified,Active,Not specified,"Door-to-door call-in service, distinct from Reno County's fixed-route and ADA paratransit programs; open to general public. Reservations may be made up to 7 days in advance, or next-day/same-day if availability permits; return trips must be scheduled and paid separately.",https://www.renocountyks.gov/Service-Options,38.0608,-97.9298,Deep sweep KS
CART (Cooperative Alliance for Regional Transportation),NH,"Derry, Hampstead, Londonderry, and Salem, NH (curb-to-curb)",Mixed,Manchester Transit Authority (MTA),Demand-Response,Not specified,Phone (603-434-3569 or 603-623-8801 opt. 2),Advance,$2.00 per adult trip; $1.00 per child (ages 5–15); under 5 free; exact cash only,"Derry: Mon–Fri 8:00 a.m.–7:30 p.m., Sat 9:30 a.m.–1:30 p.m.; Hampstead/Londonderry/Salem: Mon–Fri 8:00 a.m.–4:30 p.m.; reservation line Mon–Fri 6:30 a.m.–7:00 p.m., Sat 8:30 a.m.–6:00 p.m.",Not specified,Not specified,Active,Not specified,"Curb-to-curb demand-response service; MTA's own service page states rides must be scheduled at least one business day (up to one week) in advance, with 24-hour cancellation notice required; no eligibility restriction language found — appears open to general public. MTA/CART also runs a separately branded Salem Shopper Shuttle with 3/4-mile route deviation on a fixed schedule (Mon/Wed/Fri) — that service is a fixed-route variant and is excluded per project precedent; only the curb-to-curb CART demand-response service is represented here.",https://mtabus.org/cart/,42.8809,-71.3273,Deep sweep NH
RTC OnDemand,NV,"Southwest Las Vegas Valley and West Henderson, Clark County, NV (approx. 32–33 square mile zone, expanded multiple times since launch)",Urban,Regional Transportation Commission of Southern Nevada (RTC),Microtransit,RideCo,App,Same-day,$2.00 per ride for general riders; $3.00 for certified paratransit riders using the same on-demand fleet,Not specified,2021,CARES Act / American Rescue Plan federal stimulus funds cited at launch (2021); current recurring funding not itemized,Active,Shared fleet serving both general on-demand and ADA-certified paratransit riders via RideCo's Microtransit Service Integrator; vehicle count not specified,"Launched Sunday, August 8, 2021. Genuinely open to the general public (not restricted to paratransit-certified riders) — general riders are dropped at points of interest/transit stops while paratransit-certified riders in the same zone receive door-to-door service; ~50,000 total trips (fixed-route transfers, certified paratransit, and student riders combined) reported since inception as of a Jan. 2023 RTC committee presentation. This is distinct from RTC's separate ADA complementary paratransit program (RTC ACCESS), which remains out of scope for this database. rtcsnv.com blocks automated fetch (403); details sourced from RideCo's own case study/webinar, a public RTC committee PDF (via rtcsnv.civicweb.net), and Nevada Current news coverage.",https://www.rtcsnv.com/rtcondemand/,36.0272,-115.1147,Deep sweep NV
Lake Link (Nevada service area),NV,"Douglas County, NV: Round Hill, Lower Kingsbury, Zephyr Cove, Stateline casino corridor (also serves South Lake Tahoe, CA — see existing CA row)",Mixed,South Shore Transportation Management Association (South Shore TMA) / Tahoe Transportation District,Microtransit,"Via (per ltva.org, June 2024); NOTE: existing CA-side row in this database lists vendor as 'Civic Mobility' — discrepancy not resolved, see concerns.csv",App,Same-day,Free,7:00 a.m.–9:00 p.m. daily; extended to 11:00 p.m. Fri/Sat; 365 days/year,"2024 (per ltva.org; existing CA row lists 2022 — likely reflects an earlier CA-only pilot before the Nevada-side zone expansion, not independently reconciled)",Collaboration of public and private partnerships (specific sources not itemized),Active,"9-12 passenger microtransit shuttles, wheelchair-accessible, bike/ski racks; count not specified","This is the SAME underlying bi-state Lake Link service already recorded in this database under CA (row 'Lake Link', South Lake Tahoe) — added here as a mirrored NV row per the established bi-state precedent (see 'Access AT' NH/VT) because Lake Link's service area demonstrably includes real Nevada communities (Round Hill, Zephyr Cove, Stateline, Douglas County), not just California. Open to both residents and visitors; children under 16 must be accompanied by an adult; only service animals permitted.",https://ltva.org/lake-link-transportation/,38.9587,-119.9414,Deep sweep NV
CET Rural Dial-A-Ride,OR,"Prineville, La Pine, Madras, Redmond, Sisters, Warm Springs, plus a Deschutes River Woods pilot zone (Central Oregon)",Rural,"Cascades East Transit (CET), operated by Central Oregon Intergovernmental Council (COIC)",Demand-Response,Not specified (phone booking; Mobility by Ecolane app added Feb 2026),"Phone (541-385-8680, M-F 7am-5pm)",Advance,$4/ride,Not specified (booking line M-F 7am-5pm; ride-service hours not confirmed),Not specified,"Not specified (STIF likely, unconfirmed)",Active,Not specified,"Long-standing rural dial-a-ride program; March 30, 2026 regionwide expansion (not initial launch) added coverage; Deschutes River Woods pilot zone launched May 4, 2026. Distinguished by COIC/CET's own materials from Bend Dial-a-Ride and RIDE Assist, which are restricted to qualifying seniors/disabled riders (excluded, out of scope).",https://cascadeseasttransit.com/dial-a-ride/,44.32,-121.24,Deep sweep OR
Sunset Empire Transportation District Microtransit Pilot,OR,"Seaside and Cannon Beach (Clatsop County, North Coast), within the existing Route 20 service area",Rural,Sunset Empire Transportation District (SETD),Microtransit,Not specified,Phone (503-861-7433 option 2 / 503-861-5361),Same-day,Free (throughout the 2025 pilot),Not specified,2025,"Providence Health Services grant ($50,000, secured Dec. 2024)",Pilot - Ended,4 upfitted paratransit-style buses (shared with ADA paratransit fleet; no dedicated vehicles purchased),"Launched June 1, 2025; general public confirmed eligible (fleet 'supports both ADA paratransit requirements and general public microtransit service'). Per SETD's own Feb 26, 2026 Board of Commissioners item, the program 'has ended and we are studying data to demonstrate value for future sustainability' (255 total trips, 26 unique riders, ~$52/ride operating cost over the pilot). Language is exploratory about relaunch, not a confirmed permanent shutdown; no evidence of relaunch found as of this research (July 2026).",https://nwconnector.org/for-immediate-release-microtransit-pilot-program/,45.94,-123.94,Deep sweep OR
Basin Connect North,OR,Not specified — rural Klamath County north of Klamath Falls; specific towns not published on operator's site,Rural,Basin Transit Service (Klamath Falls),Demand-Response,Not specified,"Not specified (likely phone, 541-883-2877, shared dispatch line with Basin Connect South — not independently confirmed)",Not specified,Free of charge for the general public (per operator's own site),Not specified,Not specified,State Transportation Improvement Fund (STIF),Active,Not specified,"Sibling service to Basin Connect South; operator's site confirms general-public eligibility and free fare but does not publish service-area towns, hours, or booking details for the North product specifically. Included on confirmed scope fit despite thin operational data.",https://www.basintransit.com/basin-connect-north,42.22,-121.78,Deep sweep OR
SMART Flex,MI,"Zones in Dearborn, Troy/Clawson, Pontiac/Auburn Hills, Farmington/Farmington Hills, and the Hall Road corridor (Utica-New Baltimore) — Wayne, Oakland, and Macomb counties",Suburban,SMART (Suburban Mobility Authority for Regional Transportation),Microtransit,Via,"App (Ride SMART Flex), Phone (734-212-8429)",Same-day,$2-$8 per ride by distance (+$2/extra rider up to 2); 50% discount for seniors/disabled,Generally 6am-11pm daily (Hall Road zone 5am-11pm),2021,Not specified (SMART/FTA-backed pilot; not itemized),Active,Not specified,"Launched March 2021 with 3 zones; expanded August 2021 and May 2022. Eligibility confirmed as general public ('anyone within the zones, including residents and workers'). Zone expansions since launch suggest sustained demand; no hard ridership figures found.",https://www.smartbus.org/,42.53,-83.17,Deep sweep MI
CATA Rydz,MI,"Delta Township, downtown Lansing, MSU-to-airport corridor, plus late-night Lansing-Delta Township service",Mixed,Capital Area Transportation Authority (CATA),Microtransit,Via,App (CATA Rydz / Transit app),Same-day,$1.25 regular / $0.60 discounted one-way,"Mon-Fri 5:30am-8pm, Sat-Sun 9am-8pm (core zones); Airport/MSU 4am-1am daily; late-night 8pm-11:30pm daily",2024,MDOT 2024 Service Initiatives grant ($1.664M) + MDOT 2024 Equitable Mobility Challenge grant ($1.687M),Active,6 Chrysler Pacifica vehicles,"Launched November 12, 2024; late-night/airport trips require 2-hour prebooking. Lansing zone expanded August 18, 2025.",https://www.cata.org/services/cata-rydz,42.75,-84.60,Deep sweep MI
BATA Link On-Demand,MI,Grand Traverse and Leelanau Counties (Traverse City area and surrounding villages),Mixed,Bay Area Transportation Authority (BATA),Microtransit,Via (originally TransLoc at 2020 launch),"App (BATA Link), Phone (231-941-2324)",Same-day,"$6 full fare / $3 reduced (seniors, disabled, youth, military)","Weekdays 6am-10:30pm (limited after 7pm outside Traverse City); weekends 7am-7:30pm countywide, Traverse City until 10:30pm",2020,"FTA IMI grant ($276,499) + MDOT ($69,125) + Grand Traverse Regional Community Foundation/MI Health Endowment Fund ($50,000, NEMT+ add-on)",Active,Approx. 3-4 cutaway buses with wheelchair lifts at pilot outset (current fleet size not specified),"Launched August 1, 2020. Confirmed 'open to all residents within the service area' per Shared-Use Mobility Center case study. About 80% of riders qualified for reduced fare during the 2020-21 pilot period. Vendor changed from TransLoc to Via at some point post-launch (not independently dated).",https://www.bata.net/maps-schedules/link.html,44.7631,-85.6206,Deep sweep MI
TheRide FlexRide-East,MI,"Select areas of Ypsilanti Township, connecting to Ypsilanti Transit Center",Suburban,Ann Arbor Area Transportation Authority (TheRide/AAATA),Microtransit,Via,"App (FlexRide), Phone (734-794-0377)",Same-day,$1.00 standard one-way; free for GoldRide seniors and A-Ride disabled ID holders; $0.50 K-12,Mon-Fri 6am-10pm; Sat 8am-9pm; Sun 9am-7pm,Not specified,Not specified,Active,Not specified,"General-public eligibility confirmed on TheRide's own service page; launch date, funding, and fleet not found despite checking TheRide's news archive. Sibling service FlexRide-West was discontinued Jan 1, 2026 and replaced by a contracted operator in Pittsfield Township (not in scope, not added).",https://www.theride.org/services/flexride,42.2411,-83.5871,Deep sweep MI
MTA Genesee Connect,MI,"Hill Road corridor, Flint and Grand Blanc (Genesee County)",Suburban,"Mass Transportation Authority (MTA), Flint",Microtransit,Via (inferred from Google Play package name com.ridewithvia.mtaflint; not independently confirmed on MTA's own site),"App (MTA SmartMove), Phone (810-767-5541)",Same-day,"$2.50 up to 4 miles, then $0.40/mile",Mon-Sat 6am-9pm; Sun 7am-7pm,2026,Not specified,Active - Pilot,Vehicles hold up to 3 ambulatory passengers or 1 wheelchair user,"Launching July 2026 per MTA's own page, with more zones planned; too new for ridership data. Explicitly distinguished on MTA's site from 'Your Ride' (MTA's ADA/senior-restricted paratransit, out of scope) — Genesee Connect eligibility is 'anyone...within one of the zones.'",https://www.mtaflint.org/genesee-connect/,42.95,-83.66,Deep sweep MI
BCGo,MI,Calhoun County (Battle Creek area),Mixed,Battle Creek Transit (City of Battle Creek) — Calhoun County Coordinated Mobility Pilot,Microtransit,Liftango,"App (BCGo), Phone dispatch (269-966-3474)",Same-day,"Mileage-based, quoted in-app at booking (+$3/extra passenger)","Mon-Fri 5am-7:30pm (current; originally also had Sat 9am-5pm at 2021 launch, which appears to have lapsed)",2021,MDOT grant (Calhoun County Coordinated Mobility Pilot),Active,Not specified,"Launched March 8, 2021 as a 12-month pilot; has continued operating since. General-public eligibility confirmed (only age-related boarding rules, no eligibility certification). Current hours differ from 2021 launch hours, suggesting a possible weekend-service reduction worth a follow-up check.",https://www.bcgomi.com,42.3211,-85.1797,Deep sweep MI
Benzie Bus Dial-A-Ride,MI,Benzie County (based in Beulah),Rural,Benzie Bus / Benzie County Transportation Authority,Demand-Response,Not specified (Ecolane used for dispatch/tracking),"Phone (231-325-3000), text, email",Same-day (minimum 1-hour advance),"$3.00 full / $1.50 reduced (60+, disabled, military/veteran, student); no-show penalty 2x fare",Mon-Fri 5am-8pm; Sat 6am-8pm; Sun closed,Not specified,Not specified,Active,Not specified,Eligibility page confirms general-public access with ADA/60+ riders prioritized but not exclusive — matches project's 'prioritizes but still general public' scope rule. Note: minimum 1-hour advance notice puts this at the boundary between Same-day and Advance; classified Same-day since booking can occur the same day the trip is needed.,https://www.benziebus.com/book-a-ride/,44.6336,-86.0930,Deep sweep MI
WexExpress,MI,All of Wexford County; regional connections to Tustin and Traverse City,Rural,Cadillac/Wexford Transit Authority (CWTA),Demand-Response,Not specified,Phone/text (231-779-0123),Not specified,Not specified,Not specified,Not specified,Not specified,Active,Not specified,"Operator's site states door-to-door service is 'available for everyone' (general public confirmed), but most operational fields (fare, hours, scheduling window, launch year, funding, fleet) could not be confirmed from the homepage alone.",https://www.wexexpress.us/,44.2520,-85.4012,Deep sweep MI
Charlevoix County Transit,MI,All of Charlevoix County,Rural,Charlevoix County government (County Transit Dept.),Demand-Response,Not specified,Phone (231-582-6900),Advance,Not specified (prepaid account system; fare schedule not published on rider page),Weekdays 7:30am-4:30pm,Not specified,Not specified,Active,Not specified,"Lower-confidence scope call: no explicit eligibility-restriction language found, and no explicit general-public statement either — site describes service broadly as available 'throughout all of Charlevoix County' with no application/certification requirement mentioned. Included on that basis, consistent with other confirmed-general-public rural MI county systems in this batch, but flagged for human double-check.",https://www.charlevoixcounty.org/county_transit/,45.3178,-85.2601,Deep sweep MI
ROSCOTA,MI,"Roscommon County, with medical connections to neighboring/downstate counties",Rural,Roscommon County Transportation Authority,Demand-Response,Not specified (uses a 'CTS Rider App' and dispatch software),Phone or app,"Same-day (24hr preferred, not required; every effort made to accommodate last-minute trips)",Not specified,Mon-Fri 6am-7pm; Sat 9am-4pm; closed Sunday,Not specified,Not specified,Active,Not specified,"General-public eligibility confirmed ('Roscommon county residents and visitors'). Classified Advance since 24-hour notice is the agency's own stated preference, though same-day is explicitly accommodated when possible — borderline call. Site notes current peak-time capacity constraints.",https://www.roscota.net/,44.4953,-84.5883,Deep sweep MI
Black River Area Development (BRAD) Public Transit,AR,"City routes in Pocahontas, Walnut Ridge, Hoxie, Piggott, Corning; county routes into Clay, Lawrence, Randolph (plus stops in Greene, Craighead) counties",Rural,Black River Area Development Corporation,Demand-Response,Not specified,Phone (870-892-4547 / 1-888-723-4640),"Same-day (city routes, 1hr notice); county routes recommend calling several days ahead, first-come-first-served, no stated cutoff",City routes $2/one-way or $10 unlimited-day pass; county routes $10/person,"Varies by town, roughly Mon-Fri 8am-3pm (Corning Mon/Wed-Fri 9am-2pm, Piggott Tue only)",1975 (program); current on-demand form not dated separately,FTA Section 5311 (via ARDOT),Active,Not specified,"Eligibility directly confirmed via operator site: 'Everyone! No income guidelines apply.' County routes require a 5-passenger minimum. 2019 ARDOT Public Transportation Directory recorded 25,667 annual rides (stale figure, not current).",https://bradcorp.org/services/transportation/,36.2537,-90.9209,Deep sweep AR
CADC/SCAT (South Central Arkansas Transit),AR,"19 south-central AR counties: Calhoun, Clark, Columbia, Dallas, Garland, Hempstead, Hot Spring, Howard, Little River, Lafayette, Lonoke, Miller, Montgomery, Nevada, Ouachita, Pike, Saline, Sevier, Union",Rural,Central Arkansas Development Council (CADC),Demand-Response,Not specified,Phone (501-315-0800 / 501-915-0087),"Advance (72hr requested, not confirmed mandatory; same-day adjustments possible per handbook)","Not specified (described as available 'at a reduced rate to any person, regardless of income')",Not specified (office phone hours weekdays 10am-2pm),1975 (SCAT program origin),FTA Section 5311,Active,Not specified,"General-public eligibility confirmed on operator site. 24-hour advance minimum confirmed via a secondary source, not the primary page directly. 2019 ARDOT directory: 414,748 annual rides (stale figure).",https://www.cadc.com/transportation,34.5645,-92.5868,Deep sweep AR; corrected 2026-08-27 re: booking window
NICE Mini,NY,Nassau County - South Shore zone (Merrick-Lynbrook corridor to Hicksville LIRR) and Syosset/Plainview/Woodbury/Muttontown/East Norwich zone,Suburban,Nassau Inter-County Express (NICE); operated under contract by Transdev,Microtransit,Spare,"App, Phone",Same-day,$3.00 regular / $1.50 reduced; $3.50 single-ride e-ticket by card,Begins 6:00am daily; end time not published on official site,2022,Not specified,Active - Expanding,Not specified,Two zones as of 2024 (South Shore launched June 2022; Syosset zone added Summer 2024). NICE has stated plans for up to 4 additional Mini zones over the following 3 years.,https://www.ridemini.com,40.66,-73.56,Deep sweep NY
Suffolk Transit On-Demand,NY,Southampton zone (Stony Brook Southampton campus/Shinnecock Hills to South Ferry/North Haven incl. Sag Harbor) and East Hampton zone (East Hampton LIRR to Montauk Point incl. Springs/Amagansett),Suburban,Suffolk County Transit; operated by Hampton Jitney,Microtransit,Via Mobility LLC (per county press coverage; not independently confirmed on operator's own site),"App, Phone",Same-day,$2.25 per ride within zone,Daily 6:00am-8:00pm,2021,Not specified,Active,Not specified,"Southampton zone launched 2021; East Hampton zone added later (partnership announcement referenced an April 28 launch; year not independently confirmed, likely 2024). Operator's own site (sctbus.org) returned 403 to automated fetch; details corroborated via county legislature and town-government pages instead.",https://sctbus.org/On-Demand,40.90,-72.30,Deep sweep NY
Circuit New Rochelle (CircuitNR),NY,"Downtown New Rochelle plus expanded southern/eastern zones (YMCA on Weyman Ave, Montefiore on Cedar St)",Urban,"Circuit, in partnership with City of New Rochelle",Microtransit,Circuit (proprietary app),"App, Flag-down",Same-day,Free,"Mon-Thu 7am-7pm, Fri 7am-10pm, Sat 12pm-10pm, Sun 12pm-7pm",2019,Municipal (City of New Rochelle) + sponsor/advertiser partnerships,Active,100% electric vans/sedans/low-speed neighborhood vehicles; count not specified,Not specified,https://www.ridecircuit.com/new-rochelle,40.9115,-73.7823,Deep sweep NY
Circuit Rockaways (Rockaway Rides),NY,"Rockaway Peninsula - 116th St/Far Rockaway LIRR corridor, beach, Rockaway Hotel, transit hubs",Urban,Circuit,Microtransit,Circuit (proprietary app),"App, Kiosk, Flag-down",Same-day,Free per official site; one Feb 2026 news article referenced a possible $2.50 fare - discrepancy unresolved,Mon-Thu 7am-6pm; Fri 7am-9pm; Sat 10am-9pm; Sun 9am-5pm,2023,"$7M grant from NYSERDA (New York Clean Transportation Prizes Program), supported by LIPA",Active,100% electric vans/sedans/low-speed neighborhood vehicles,"Feb 2026 news coverage described the pilot as 'nearing its end' as grant funds are exhausted, with Circuit/community seeking extension funding; current operating status as of this research (July 2026) could not be independently verified.",https://www.ridecircuit.com/rockaways,40.6060,-73.7554,Deep sweep NY
Circuit Brentwood,NY,"Brentwood - Hauppauge Industrial Area, Suffolk County Community College, LIRR",Suburban,Circuit,Microtransit,Circuit (proprietary app),"App, Flag-down",Same-day,Free,Not specified,2024,"NYSERDA + LIPA, Clean Transportation Prize",Active,100% electric,Not specified,https://www.ridecircuit.com/brentwood,40.7815,-73.2454,Deep sweep NY
Circuit Southampton,NY,"Southampton village - LIRR, beach, Main Street",Suburban,Circuit,Microtransit,Circuit (proprietary app),"App, Flag-down",Same-day,Free,Not specified,2013,Municipal/business sponsorship + advertising,Active,100% electric,"Geographically overlaps with Suffolk Transit On-Demand's Southampton zone but is a separately operated, differently funded service (free flag-down/app vs. $2.25 fare app-booked service).",https://www.ridecircuit.com/southampton,40.8843,-72.3892,Deep sweep NY
Circuit East Hampton,NY,"East Hampton village - LIRR station, Jitney stop, Main Street, Main Beach",Suburban,Circuit,Microtransit,Circuit (proprietary app),"App, Phone (at some locations), Flag-down",Same-day,Free,Not specified,2011,Municipal partnership + advertising,Active,100% electric,Overlaps geographically with Suffolk Transit On-Demand's East Hampton zone; separately operated service.,https://www.ridecircuit.com/east-hampton,40.9635,-72.1848,Deep sweep NY
Circuit Montauk,NY,"Montauk - Bayfront Park, The Plaza, Jitney stop, beachside hotels",Suburban,Circuit,Microtransit,Circuit (proprietary app),"App, Flag-down (no advance scheduling)",Same-day,Free,Not specified,2012,Municipal partnership + advertising,Active,100% electric,Not specified,https://www.ridecircuit.com/montauk,41.0362,-71.9556,Deep sweep NY
Buffalo All Access,NY,Buffalo Niagara Medical Campus and surrounding neighborhoods,Urban,"Niagara Frontier Transportation Authority (NFTA), in partnership with Buffalo Niagara Medical Campus (BNMC) and University at Buffalo",Microtransit,Etch (completetrip.etch.app),"App, Phone, Kiosk",Same-day,Free,Mon-Fri 10:30am-2:30pm,2026,Federal (US DOT ITS4US program),Active - New,Not specified,"Community shuttle component is operating; a companion autonomous 'All Access Loop' shuttle was announced but not yet confirmed launched as of research date. Service is centered on the medical campus district but framed by the operator as open to the general public ('designed so everyone can travel with confidence'), not restricted to campus affiliates - flagged for a human eligibility double-check given the campus-adjacent framing.",https://bnmc.org/transportation/buffalo-all-access/,42.9025,-78.8626,Deep sweep NY
RTS On Demand,NY,"Seven-county Rochester region: Genesee, Livingston, Ontario, Orleans, Seneca, Wayne, and Wyoming counties (7 zones, each connecting to RTS Connect bus stops)",Mixed,Rochester Genesee Regional Transportation Authority (RGRTA) / RTS,Microtransit,"Conflicting sources: myrts.com branding/URL pattern suggests Via; a Feb 2025 The Routing Company press release describes the same 7-county rollout as powered by TRC's Pingo platform with 132 vehicles - not resolved, flagged as a discrepancy","App, Website, Phone",Same-day,Not specified,"Weekday service; a 2026 service-change notice eliminated weekend and after-8pm weekday RTS On Demand service effective Sept 7, 2026, implying broader hours previously existed in at least some zones",2025,Not specified,Active,"132 vehicles across the 7-zone service area per Feb 2025 press release, not independently confirmed on operator's own site","Zones phased in starting early 2025 (Seneca, Genesee, Orleans, Ontario, Wyoming first; Wayne and Livingston in spring 2025). General public eligibility confirmed on myrts.com.",https://www.myrts.com/on-demand,43.05,-77.5,Deep sweep NY
Centro MOVE,NY,Rome (single zone),Urban,Central New York Regional Transportation Authority (Centro),Microtransit,"Via Transportation, Inc.","App, Phone",Same-day,$1.00 to/from hub; $4.00 anywhere in zone,Not specified,2024,Not specified,Active,Wheelchair-accessible vehicles available on request; count not specified,"Launched March 5, 2024 in Rome alongside a consolidated 3-route fixed-network redesign. A Nov 2025 news article referenced a 'new on-demand service' as part of a broader Centro system redesign in Syracuse/Onondaga County, but no Syracuse-specific on-demand zone could be confirmed as launched - worth a follow-up check.",https://www.centro.org/move,43.2128,-75.4557,Deep sweep NY
Franklin County Public Transportation (Southern Zone Demand-Response),NY,"Southern Franklin County - Saranac Lake, Tupper Lake (zone-based, curb-to-curb)",Rural,Franklin County Public Transportation,Demand-Response,Not specified,Phone,"Same-day (if space available); 24hr advance requested, not required",$3.00 standard one-way; $2.00 senior/disabled/student,Mon-Fri 8:00am-3:45pm,Not specified,"County, State (NYSDOT 5311 rural formula program plausible but not explicitly confirmed on source page)",Active,Not specified,"Operator's own site states 'Anyone Can Ride' - explicitly general public, with a senior/disabled/student fare discount, not an access gate. Distinct from Franklin County's Northern routes (Malone, Chateaugay, Burke, Fort Covington), which are fixed-route with route deviation and were excluded here as a fixed-route variant, not standalone demand-response.",http://www.franklincountyny.gov/departments/transportation/index.php,44.33,-74.13,Deep sweep NY
Putnam On-Demand,NY,Putnam County (replaced former PART Route 3; county seat Carmel),Mixed,Putnam County Dept. of Planning Development & Transportation; operated by Via,Microtransit,Via,"App, Phone",Same-day,$2.50 standard; $1.25 reduced (senior/student/ADA); $0.75/$0.25 transfer to/from PART fixed route,Mon-Fri 8am-6pm; Sat 9am-3pm; no Sunday service,2025,FTA Urbanized Area Formula Grants (Section 5307),Active - New,"Wheelchair-accessible vehicles, ADA-trained drivers; count not specified","Launched May 12, 2025. Operator's page confirms service is available to the general public and also serves paratransit-eligible riders with accessible vehicles (not gated to ADA/senior certification). Funded via urbanized-area 5307 rather than rural 5311, despite Putnam's semi-rural/exurban character - flagged as a categorization edge case.",https://www.putnamcountyny.gov/transportation/,41.435,-73.681,Deep sweep NY
Move Sullivan,NY,Sullivan County (Highland and Delaware runs confirmed; county-wide per operator page),Rural,Sullivan County Division of Community Resources,Demand-Response,Not specified,Phone,Advance,$1.50 (exact fare required),Booking line open 8:00am-3:00pm; operating hours not published,Not specified,Not specified,Active,Not specified,Confirmed general-public eligibility (not restricted to seniors/disabled) on operator's own transportation page. Reservations required at least 24 hours before trip via phone (845-807-0180). Operational hours and exact service-area boundary not published on the source page - worth a follow-up call to the department.,https://www.sullivanny.gov/Departments/Transportation,41.6559,-74.6899,Deep sweep NY
LANtaFlex,PA,"Lehigh Valley flex zones: 501 Macungie, 502 Slate Belt, 503 Slatington/Walnutport, 504 Coplay/Egypt Airport, 505 Coopersburg, 506 Bath-Hanoverville-Nazareth, 507 West/South Easton (Lehigh and Northampton counties)",Suburban,Lehigh and Northampton Transportation Authority (LANTA),Demand-Response,Ecolane,Phone (888-253-8333),"Same-day (2hr notice, weekdays); Sat/Sun/Mon-morning trips require booking by prior Friday; up to 14 days advance also accepted",Standard LANTA fares (passes/transfers accepted; cash one-way fares accepted onboard),Reservation line Mon-Fri 8:00am-4:00pm; standing reservations available for daily commuters,2011,Not specified,Active,"Small transit vans, approx. 16-passenger capacity, shared-ride service","One of PennDOT's 6 statewide microtransit case-study systems (2024 report); operates in defined flex zones (largest over 25 sq mi) with transfer points to fixed LANTA routes, not a route-deviation service; reservations required at least 2 hours ahead, up to 14 days in advance; shares Ecolane software/reporting with LANTA's ADA paratransit and shared-ride service, so some agency-reported data combines microtransit and shared-ride trips.",https://lantabus.com/lantaflex/,40.585,-75.478,Deep sweep PA
BCTA Connect,PA,"Beaver County, PA (in-county); out-of-county destination service added Feb 2026",Suburban,Beaver County Transit Authority (BCTA),Microtransit,Not specified,App,Same-day,$4.00 per passenger (trips up to 10 miles); $5.00 per passenger (trips over 10 miles); children 50% discount when riding with a paying adult,Monday-Friday 6:00am-8:00pm,2025,Not specified,Active - Expanding,"Wheelchair-accessible vehicles (wheelchair lift, high roof)","Curb-to-curb on-demand service; app scheduling opened Jan 6 2025; an out-of-county destination expansion went live Feb 2, 2026; a public hearing on further proposed Connect service changes was posted July 22, 2026; local news (not independently accessed) referenced planned expansion of Connect service into Allegheny and Butler counties.",https://bcta.com/connect/,40.69,-80.35,Deep sweep PA
Buffalo Area Transit System (BATS),WY,"Buffalo & Johnson County, WY; weekly regional trips to Sheridan and Gillette; Kaycee local service",Rural,Buffalo Area Transit System,Demand-Response,Not specified,"Online (book-online portal), Phone","Same-day (2hr min, 24hr preferred); 4pm cutoff applies only to same-day requests made after 4pm",$1.00 local in-town; $2.00 outside town limits; regional (Sheridan/Gillette) fares not specified,In-town Mon-Fri 8:00am-5:00pm (office Mon-Fri 7:00am-5:00pm); regional trips to Sheridan Mon/Wed/Fri and Gillette Tue/Thu,Not specified,Not specified,Active,"4 buses (3 serving Buffalo, 1 serving regional routes); wheelchair-accessible vehicles available",Dial-a-ride/on-demand service requiring new rider registration; requests 24-hour advance booking (2-hour minimum if unavoidable); 1-hour cancellation notice required; 3-strikes no-show policy (30-day suspension). New Kaycee local service recently added.,https://www.wybats.com,44.349,-106.700,Deep sweep WY
SafeRide (Laramie),WY,"City of Laramie, WY (within city limits)",Mixed,University of Wyoming Transportation & Parking Services,Microtransit,Via,"App (UWYO SafeRide), Phone, In-person",Same-day,Free,Mon-Fri 10:00pm-2:00am; Sat 10:00am-2:00am; Sun 10:00am-10:00pm; summer Fri-Sat 10:00pm-2:00am,Not specified,Not specified,Active,Not specified,"Curb-to-curb, on-demand; operator's own site states 'SafeRide is open to the public, so anyone can ride!' (children must be accompanied by a parent/guardian); wheelchair accessible with advance notice; distinct from UW's separate fixed-route 'Roundup' bus service.",https://www.uwyo.edu/transportation/transit/saferide.html,41.311,-105.591,Deep sweep WY
Campbell County Dial-a-Ride,WY,"Gillette & Campbell County, WY (within city limits and countywide with notice)",Rural,Campbell County Senior Center,Demand-Response,Not specified,Phone,Advance,Within Gillette: $3.00 (senior/veteran/disabled) or $5.00 (general public) per stop; outside city/within county: $5.00 or $8.00 per stop; punch cards $60 (eligible groups) or $100 (general public) for 20 rides,Mon-Fri 8:00am-4:00pm,Not specified,"Federal Transit Administration and State Public Transit programs, administered through WYDOT",Active,Wheelchair-accessible buses,"Door-to-door service explicitly open to the general public at a higher fare tier alongside a senior/veteran/disabled discount tier; first-time riders must call to register. Distinct from the separate fixed-route Campbell County Public Transportation bus service in Gillette/Wright, not counted here.",https://www.campbellcountywy.gov/1990/Transportation,44.291,-105.502,Deep sweep WY
Gopher,VT,"Washington County, VT plus three neighboring northern Orange County towns (Barre-Montpelier area)",Rural,Community Rides Vermont (operating as Gopher),Demand-Response,Not specified,"Phone, Text",Flexible,"Tiered: subsidized rides for eligible Vermonters, market-rate taxi-like fares, and contracted corporate/institutional rates; exact dollar amounts not published",Mon-Wed 7:00am-9:30pm; Thu-Fri 7:00am-6:00pm,Not specified,Not specified,Active,Electric SUVs; count not specified,"Nonprofit 501(c)(3) launched as ""Community Rides Vermont,"" branded Gopher / Gopher-It Rideshare Program. Site states no explicit general-public restriction, and optimal booking window is 2-7 days ahead, but same-day/last-minute requests are explicitly accommodated when possible - recorded as Flexible scheduling window. Also operates as a subcontractor for Medicaid NEMT and Older Adults & People with Disabilities programs; those restricted programs are out of scope, only the general-public rideshare service is represented here.",https://gophervt.org/,44.197,-72.502,Deep sweep VT
Mountain Town Connector,VT,"14 towns in the greater Londonderry/southern Vermont mountain area, incl. Andover, Chester, Chester Depot, Jamaica, Windham, Winhall",Rural,Neighborhood Connections,Demand-Response,Not specified,Phone,Same-day,Free,Monday-Friday 9:00am-4:30pm (booking/dispatch hours); occasional weekend outings,2021,Not specified (originated via BDCC Community Facilities Technical Assistance and Training Program on behalf of USDA Rural Development),Active,One wheelchair-lift-equipped van,"Nonprofit resource-center program; own materials describe ""no age or income criteria to catch a ride"" and ""on-demand scheduling, flexible fixed routes, and group transportation trips."" Medical-related rides are prioritized but not exclusive. Door-through-door service; drivers may accompany riders into appointments. Single-van fleet limits capacity/scale.",https://www.ncvermont.org/transportation.html,43.225,-72.808,Deep sweep VT
MyRide by TVT (Middlebury),VT,"Middlebury, VT (Addison County; mapped zone, exact boundary shown only on operator map)",Rural,Tri-Valley Transit (TVT),Microtransit,Via,"App, Phone, Online (myridebytvt.app.ridewithvia.com)",Flexible,Not specified,Monday-Friday 7:00am-6:00pm,2026,Not specified,Active - New,"Vehicles up to 8 passengers, wheelchair-lift accessible, service animals accommodated (shared TVT MyRide fleet spec, per existing Montpelier MyRide row)","Replaced the prior EZ Trip service in Middlebury as of July 15, 2026 (same relaunch date as TVT's Montpelier MyRide zone, already in this CSV as a separate row); bookable 1 hour to 21 days in advance per TVT's own site (differs from Montpelier zone's 15-minute-to-30-day window) with Arrive By/Depart By options. Distinct mapped zone from Montpelier; not a duplicate of the existing MyRide by TVT (Montpelier) row.",https://www.trivalleytransit.org/myride/,44.016,-73.168,Deep sweep VT
WinReady,VA,"City of Winchester, VA (citywide)",Suburban,"City of Winchester (WinTran) / Via Transportation, Inc.",Microtransit,Via,"WinReady On Demand app, Phone",Same-day,Free (as of research date; funded in part by temporary ARPA/federal support per city transit funding page),Not specified (typical pickup ~30 min after request),2024,"Federal (FTA, ~50% of Winchester Transit funding), State (DRPT, ~16%), Local (City General Fund, ~34%)",Active,Not specified,"Launched March 25, 2024 as a free, publicly operated point-to-point rideshare service covering the entire City of Winchester; complements the WinTran fixed-route system. Via's ninth tech-enabled transit deployment in Virginia per RideWithVia coverage.",https://www.winchesterva.gov/Services-Payments/Public-Transit/WinReady,39.1857,-78.1633,Deep sweep VA
MetroFLX,VA,"Cities of Roanoke and Salem, and Town of Vinton, VA",Suburban,Valley Metro (Greater Roanoke Transit Company),Microtransit,Not specified (booked via Valley Metro's VMGO app; underlying platform vendor not identified),"VMGO app, Phone (540-343-1721)",Same-day,Same as regular Valley Metro bus fare; cash only as of research date,"Mon-Sat 8:45pm-12:45am (starts when fixed-route service ends), Sun 9:00am-6:00pm",2024,Local (City of Roanoke),Active,RADAR vans (wheelchair-lift equipped); fleet size not specified,"Launched Jan 22, 2024 to extend service after fixed-route buses stop running and to cover Sunday service; door-to-door within the Roanoke/Salem/Vinton tri-city area. Celebrated 2-year anniversary Jan 2026.",https://www.valleymetro.com,37.2710,-79.9414,Deep sweep VA
GLTC Flex,VA,"Lynchburg, VA (designated zone incl. Graves Mill Rd, Enterprise Dr, Timberlake Rd, airport area)",Suburban,Greater Lynchburg Transit Company (GLTC),Microtransit,Via,"GLTC Flex app, Phone (434-455-5099)",Same-day,Same as standard GLTC bus fare; discounted fares available for eligible riders,"Mon-Sat 5:15am-7:15pm, Sun 8:15am-6:45pm",2024,Not specified,Active,Not specified,"Launched Aug 2, 2024 (ribbon-cutting); provides customized point-to-point trips within a designated Lynchburg zone as an alternative to fixed-route buses. Open to the general public.",https://gltconline.com/flex/,37.4138,-79.1422,Deep sweep VA
HRT OnDemand,VA,"Zones in Virginia Beach (~15 sq mi), Newport News (~20 sq mi), Chesapeake (~11.3 sq mi), and Hampton (~5.9 sq mi)",Urban,Hampton Roads Transit (HRT),Microtransit,Via,"HRT OnDemand app, Phone (757-859-8294)",Same-day,$2/ride; free for qualified paratransit riders and Student Freedom Pass holders; children under 17 free with paying adult,"Weekdays 5:00am-9:00pm, Weekends 7:00am-8:00pm",2022,Not specified,Active,Not specified,"Original Newport News/Virginia Beach pilot ran July 2022-Feb 2023 (26,258 and 13,037 ride requests respectively); relaunched Oct 2024 and expanded to Chesapeake and Hampton Jan 2025. First/last-mile connector to HRT fixed-route bus and light rail. Pilot funding runs through Oct 2026 per one source.",https://gohrt.com/services/ondemand/,37.0871,-76.4730,Deep sweep VA
LC Transit On Demand,VA,"Leesburg (~5-6 sq mi zone) and Sterling (~14 sq mi zone), Loudoun County, VA",Suburban,Loudoun County Transit,Microtransit,RideCo,"LC Transit On Demand app, Web (book.lct.rideco.com), Phone (571-258-3464)",Same-day,Free,"Leesburg: Mon-Fri 7am-7pm (weekend service added Jul 5, 2026); Sterling: Mon-Fri 6am-8pm, weekends 8am-10pm",2025,State (DRPT grant; also cites a Low-No Transit Enhancement Grant),Active,Minivans and 6-passenger buses (green Transit On Demand decals),"Leesburg pilot launched 2025 and ""exceeded expectations,"" prompting expansion to Sterling; Leesburg and Sterling are independent zones (trips cannot cross zones; use Route 70 bus to connect). Open to the general public.",https://www.loudoun.gov/transitondemand,39.1157,-77.5636,Deep sweep VA
Arlington Microtransit (MICRO),VA,"Northwest Arlington (two zones: Arlington North and Arlington South), bounded by North Glebe Rd, Langston Blvd, and the county line",Urban,Arlington Transit (ART) / Arlington County (Via),Microtransit,Via,"App, Phone (571-517-4181)",Same-day,"$4.50 standard; $2.25 for seniors, persons with disabilities, K-12 students, and Metrorail connections; additional passengers $2.25 each; children under 5 free","Mon-Fri 5:30am-9:30pm, Sat 7:00am-9:30pm",2026,Local (Arlington County),Active - New,Not specified,"Launched Apr 13, 2026 as a stopgap replacing low-ridership fixed-route ART service in northwest Arlington; virtual bus-stop pickup/dropoff model connecting to East Falls Church Metro, Ballston-MU Metro, Virginia Hospital Center, and Madison Community Center. Riders must be 13+ unless with a guardian.",https://city.ridewithvia.com/art,38.8880,-77.1330,Deep sweep VA
Union County On-Demand Micro-Transit Pilot,NJ,"1.5-mile radius zone centered on Route 28 & South Avenue (County Route 610), Union County, NJ (~35,000 residents)",Suburban,"Union County (River North Transit, LLC / Via)",Microtransit,Via,"App, Web portal, Phone",Same-day,Not specified,Mon-Fri 7:00am-7:00pm (minimum),2026,Local (Union County contract with Via); specific grant/funding line not itemized in county announcement,Active - New,Not specified,"One-year pilot approved by the Union County Board of County Commissioners; launching Summer 2026 near the Westfield/Scotch Plains/Fanwood area to address employment, healthcare, shopping, and first/last-mile transit gaps. ADA-compliant, open to all riders.",https://ucnj.org/press-releases/public-info/2026/06/01/union-county-announces-new-on-demand-micro-transit-pilot-program-to-expand-transportation-access/,40.6640,-74.3181,Deep sweep NJ
GOTrenton!,NJ,"City of Trenton, NJ and surrounding areas",Urban,"Isles, Inc. (with NJ Dept. of Environmental Protection support)",Microtransit,Circuit,Circuit app,Same-day,$2/ride within Trenton; $4/ride to other locations,"Mon-Fri 7am-6pm, Sat 12pm-5pm, Sun 7am-1pm",2023,"State (NJ Dept. of Environmental Protection); Private/Nonprofit (Isles, Inc.)",Active,"Electric shuttles/vans, including Kia Niro EVs","Launched Oct 2023; free/emission-free electric rideshare for the city of Trenton, expanded April 2025; surpassed 100,000 riders per Trenton Journal coverage.",https://gotrenton.org,40.2206,-74.7597,Deep sweep NJ
Marshall County Rural Transit (MCPT),IN,"Marshall County, IN (Plymouth and county-wide); out-of-county trips within a 2-hour radius including South Bend/Mishawaka, Fort Wayne, and Indianapolis",Rural,Marshall County Council on Aging,Microtransit,Not specified,Phone,Same-day,$2.50 per boarding for in-town Plymouth service; out-of-town medical trips for riders 60+ are donation-based (Title III Older Americans Act funding),Mon-Fri 6:00 AM-6:00 PM (last call for in-town Plymouth service 5:00 PM),Not specified,"United Way of Marshall County, Area 2 Agency on Aging, FTA, INDOT",Active,Not specified,"Demand-response, curb-to-curb service explicitly marketed as open to the general public ('MCPT is public transportation so anyone can ride!'); same-day phone dispatch, no fixed schedule -- classified as Microtransit per project convention despite phone-only (no app) booking. Also provides separate Medicaid-funded trips for eligible riders.",https://marshallcountycouncilonaging.org/transit_brochure2024.pdf,41.3434,-86.3086,Deep sweep IN
Catch-A-Ride (Lifetime Resources),IN,"Ripley, Jefferson, Dearborn, Ohio, Switzerland, and Decatur counties, IN (southeast Indiana)",Rural,"Lifetime Resources, Inc.",Demand-Response,Not specified,Phone,Advance,"$3.00 base (0-5 miles) plus $0.25/additional mile; reduced $2.00 base fare for seniors 60+, children up to 16, and persons with permanent disabilities; $4.50 base subscription option; group rates available",Mon-Fri 6:00 AM-6:00 PM; call center Mon-Fri 7:00 AM-5:00 PM,Not specified,Not specified (operates under Title II ADA compliance; also accepts Medicaid/Medicaid Waiver/Medicare/Managed Care as payer sources alongside cash fares),Active,Wheelchair-accessible vehicles,"General-public demand-response covering six southeast Indiana counties; reservations accepted up to 30 days in advance, first-come first-served. Decatur County receives Catch-A-Ride service only (not Lifetime Resources' other programs).",https://lifetime-resources.org/catch-a-ride/,39.0134,-85.0666,Deep sweep IN
MAPS (Metro Area Public Transit System),MO,"Joplin, Webb City, Oronogo, Carterville, Duquesne, and Duenweg, MO",Urban,City of Joplin,Demand-Response,Not specified,"Phone, Web portal",Same-day (as little as 1hr advance notice),"$4.00 full fare; $2.00 half fare (seniors 60+, military/veterans, persons with disabilities, Medicare); $2.00 teen fare; $1.00 child (under 12)",Mon-Fri 6:30 AM-5:00 PM,Not specified,Not specified,Active,Not specified,"Curb-to-curb, prescheduled demand-response covering the greater Joplin metro area, open to the general public; separate paratransit tier serves ADA-eligible riders within 3/4 mile of the fixed bus route. Booking via joplinportal.maps-transit.com or phone.",https://www.joplinmo.org/365/Public-Transportation,37.0842,-94.5133,Deep sweep MO
VANLNK,NE,"City of Lincoln, NE (citywide)",Urban,StarTran (City of Lincoln),Microtransit,Not specified,App,Same-day,$5.00 per trip (shared ride),Mon-Sat (exact hours not specified),2020,Not specified,Active,Smaller vehicles than standard StarTran buses; wheelchair-accessible,"Launched April 20, 2020 as a pilot originally designed for disabled/senior riders; broadened to all residents citywide. Door-to-door, app-based on-demand booking anywhere within Lincoln city limits. A separate paratransit-eligible tier can now book up to 7 days in advance through the same app (2025 update) -- that advance option is for ADA-certified riders specifically; the general-public service remains same-day/on-demand.",https://transit.lincoln.ne.gov,40.8136,-96.7026,Deep sweep NE
TeleLift (North Fork Area Transit),NE,"Norfolk, Madison, Meadow Grove, Newman Grove, and Battle Creek, NE (Madison County); service reduced to Norfolk city limits as of July 2025 per a 30% state-funding cut",Rural,North Fork Area Transit,Demand-Response,Not specified,Phone,"Same-day (first-come-first-serve, may not always be available); 24hr advance recommended",In-town fares start at $2.00 with 24-hour advance reservation; higher fares for county trips and same-day requests,"Mon-Fri 7:00 AM-5:00 PM (hours effective July 1, 2025; reservation line Mon-Fri 8:00 AM-4:00 PM)",Not specified,"City of Norfolk, Norfolk United Way, Northeast Community College, local business sponsors, and Nebraska state funding (reduced ~30% per a 2025 service-hours notice)",Active,Not specified,General-public dial-a-ride operating 3 routes/74 stops within a 30-mile radius of Norfolk; no senior/disability eligibility restriction found. Also operates a separate Regional Flex Route 6 (Norfolk-Wayne) which is a fixed-route-with-deviation service and is NOT included here as it fits this project's route-deviation exclusion.,https://northforkareatransit.com,42.0283,-97.4170,Deep sweep NE
North Platte Public Transit,NE,"City of North Platte, NE and a 20-mile radius (incl. Lake Maloney, Indian Hills, Sutherland, Hershey, Maxwell)",Rural,City of North Platte,Demand-Response,Not specified,Phone,Flexible,"$1.50-$2.00 one-way in-city with advance reservation; $4.00 for same-day reservation; $5.00-$10.00 per direction for extended/outside-city-limits trips (Sutherland, Hershey, Maxwell up to $10)",Mon-Sat (phone lines close 1 hour before end of service),Not specified,Not specified (City of North Platte sponsored),Active,Not specified,"General-public dial-a-ride ('available to everyone in North Platte and now anyone within a 20 mile radius'); offers both advance-reserved and same-day (higher-fare) trips, hence classified Scheduling Window = Flexible.",https://northplattene.gov/296/Public-Transit,41.1239,-100.7654,Deep sweep NE
Fremont Transit Program,NE,"City of Fremont, NE plus 2 miles beyond city limits (Dodge County)",Rural,City of Fremont,Demand-Response,Not specified,Phone,Same-day ($5 fare if space available); 48hr advance gets $2 discount fare,$2.00 one-way when reserved 48+ hours in advance; $5.00 for same-day or under-48-hour reservations,Mon-Fri 8:30 AM-4:00 PM,"Not specified (program described as launched 'September 7', year not confirmed)",FTA Section 5311 Rural Public Transportation grant,Active,Wheelchair-accessible vans,"Door-to-door demand-response explicitly described as available to 'the general public, older adults and persons with disabilities.' One secondary source's framing ('for people whose disabilities prevent them from using fixed-route bus') conflicts with the general-public framing found elsewhere on the same city site; the general-public eligibility language is treated as controlling here per project convention, but flagged for verification.",https://www.fremontne.gov,41.4333,-96.4981,Deep sweep NE
SpartaGo,SC,"Spartanburg northside and southside neighborhoods, City of Spartanburg",Urban,City of Spartanburg / Spartanburg Area Regional Transit Agency (SPARTA),Microtransit,Not specified,App,Same-day,$2.00 per rider (credit or debit card only),"6:00 AM-6:00 PM, seven days a week",2025,"State (mass transit funds, vehicle purchase); Federal (COVID-era federal transit funds, pilot operations)",Pilot,3 ADA-compliant Ford Transit chassis Mobilitytrans conversion vans,"App-based direct pickup/dropoff similar to Uber/Lyft, serving Spartanburg's northside and southside neighborhoods only (not citywide). One-year pilot with a six-month evaluation checkpoint. Vehicle purchase cost ~$344,803; estimated pilot program cost ~$334,442.",https://www.cityofspartanburg.org/m/NewsFlash/Home/Detail/80,34.9496,-81.9320,Deep sweep SC
Santee Wateree RTA On-Demand (Sumter),SC,"City of Sumter, SC (former Routes 50, 60, 100 corridors: West Liberty St., South Main St., East Liberty St.)",Urban,Santee Wateree Regional Transportation Authority (SWRTA),Demand-Response,Not specified,Phone,Same-day,$1.00 per trip; free on Fridays,Monday-Friday 6:00 AM-6:00 PM (same-day reservation cutoff 4:00 PM),Not specified,Not specified,Active,Not specified,"Replaced three former fixed routes with a call-ahead, designated-stop on-demand zone service in Sumter (confirmed via SWRTA's own Facebook post; no eligibility restriction stated). SWRTA's separate services page describes a broader 'demand response' offering in Kershaw/Lee/Sumter counties in vaguer terms ('county residents...on a space available basis as a cash passenger') without confirming booking method or fare — this row covers only the confirmed Sumter on-demand zone service; the broader county-wide program may warrant separate follow-up.",https://www.swrta.com/system-information,33.9204,-80.3414,Deep sweep SC
RPT GO,MN,"South Rochester, MN microtransit zone (bounded south of 12th St SE, west of 50th Ave SE, east of Badger Run Creek; hubs at Cub Foods SE, RCTC, Mayo High School, Quarry Hill Park, Fairgrounds Park & Ride; expanded 2026 to include Central Park)",Urban,Rochester Public Transit (City of Rochester),Microtransit,"Spare (Spare Labs) -- inferred from Google Play package name com.sparelabs.platform.rider.rptgo, not independently confirmed on the city's own site",App,Same-day,$3.00 per ride; free for children under 5,Not specified,2024,Not specified,Active - Expanding,"Electric mid-size SUVs and hybrid-fuel vans, wheelchair accessible","Launched October 2024 as a one-year pilot (through September 2025); pilot concluded on schedule and the city expanded the zone afterward rather than ending it, per a March 2026 service update. Distinct from Rochester's ZIPS Paratransit, which is eligibility-restricted to riders with disabilities and out of scope.",https://www.rochestermn.gov/streets-parking-transit/transit/,44.0121,-92.4802,Deep sweep MN
goMARTI,MN,"20-square-mile Grand Rapids, MN service area with ~70 pickup/dropoff points; by 2025 expanded to connect Grand Rapids with rural and tribal communities along Highway 2",Rural,"City of Grand Rapids / Minnesota Department of Transportation (MnDOT), public-private partnership",Microtransit,Via (goMARTI 2.0 platform); originally launched on May Mobility's autonomous-vehicle platform,"App, Phone ((218) goMARTI)",Same-day,Free,"Monday-Saturday 10:00am-9:00pm, Sunday 8:00am-3:00pm (subject to change for weather/maintenance)",2022,"State (MnDOT), Local (City of Grand Rapids), Private (May Mobility, The PLUM Catalyst partnership)",Active - Expanding,"9 vehicles: autonomous shuttles (May Mobility) with onboard human safety operator, plus electric vans (Volkswagen ID.Buzz being tested); 5 of 9 equipped with wheelchair ramps","Launched October 2022 as one of the first rural/tribal-community autonomous-vehicle transit pilots in the US; original 18-month pilot passed a 10,000-rider milestone and a later count cited 35,000 total rides; evolved into ""goMARTI 2.0,"" combining AV shuttles with conventional electric-van service and expanding toward rural/tribal communities along Highway 2. MnDOT's 2025 CGMC presentation on goMARTI 2.0 could not be text-extracted (PDF rendered as binary/encoded) -- worth a follow-up read for expansion specifics.",https://gomarti.com,47.2372,-93.5300,Deep sweep MN
STA Link,WA,"Spokane County, WA — planned pilot zones: North Spokane Valley, Latah Valley, Liberty Lake, West Plains, Northeast Spokane (incl. Mead)",Suburban,"Spokane Transit Authority (contracted operator: Direct Medical Transportation, Inc.)",Microtransit,Spare,"App, Web, Phone",Same-day,"Expected to mirror STA standard bus fare (~$2.00 standard, $1.00 reduced) — not yet finalized at time of research",Not specified,"2026 (planned, fall 2026 launch; not yet operating at time of research)",Local (Spokane Transit Authority; flat hourly rate contract with operator),Planned/Pilot,Not specified,"Announced mobility-on-demand pilot supplementing STA's fixed-route and ADA paratransit service, part of the Connect 2035 strategic plan; riders matched into shared rides of 1-5 passengers; includes a separate accessible-van overlay for seniors/mobility-impaired riders alongside the general-public service. Not yet launched as of this research (cleared for fall 2026 launch beginning with North Spokane Valley and Latah Valley zones).",https://www.spokanetransit.com/press-releases/sta-link-on-demand-transit-pilot-cleared-for-fall-launch/,47.6588,-117.4260,Deep sweep WA
The Current (C-TRAN),WA,"Clark County, WA — zones: WSU Vancouver/Salmon Creek, Rose Village, Camas/Washougal, Port of Vancouver, Ridgefield/La Center, Battle Ground",Suburban,C-TRAN,Microtransit,Spare Labs,"App, Web (book.ridethecurrent.com), Phone",Same-day,$1.50 adult; $0.75 honored; free for youth 18 and under (Youth Opportunity Pass),"Most zones: weekdays 5:30am-7:00pm, weekends 8:00am-6:00pm; Port of Vancouver weekdays only 5:30am-7:00pm",Not specified,Not specified,Active,Not specified,"Point-to-point on-demand rideshare at bus-fare cost; riders arrive 5 minutes early, drivers wait up to 2 minutes; Hop Fastpass or cash accepted.",https://c-tran.com/thecurrent,45.6387,-122.6615,Deep sweep WA
Kitsap Transit On-Demand (Ride Pingo),WA,"Kitsap County, WA — zones: BI Ride (Bainbridge Island), Kingston Ride + Fast Ferry Commuter, SK Ride (South Kitsap), Purdy Ride, Nollwood Dial-A-Ride",Suburban,Kitsap Transit,Microtransit,The Routing Company (Ride Pingo app),"App (Ride Pingo), Phone",Same-day,"$2.00 general public; $1.00 seniors (62+), people with disabilities, youth (17 and under)",Varies by zone; SK Ride weekdays only; other zones include weekend/Sunday on-demand service,2021,Not specified,Active,Not specified,"Kitsap Transit was reported as the first US transit agency to launch a paid pilot with The Routing Company (2021); on-demand or up-to-7-days-advance booking available depending on zone; Kingston Ride Fast Ferry Commuter variant requires booking by 4pm the day before. Combines several named on-demand zones under one shared app/program, similar in structure to King County Metro Flex and Community Transit Zip Shuttle, both already in this database as single multi-zone rows.",https://www.kitsaptransit.com/service/routed-buses/on-demand-dial-a-ride-services,47.5673,-122.6329,Deep sweep WA
CONNECT (Ben Franklin Transit),WA,"Tri-Cities, WA — zones: Central Kennewick & Finley, Columbia Center & South Richland, West Richland & Badger Mountain, Central Richland, West Pasco, East Pasco",Suburban,Ben Franklin Transit (Via/Nomad Transit LLC),Microtransit,Via,"App, Phone",Same-day,$1.50 per ride; first two rides free for new users; 10-ride tickets and monthly/senior/youth/veteran passes accepted,Weekdays 5:45am-10:15pm; Saturdays 6:45am-10:15pm; Sundays 7:45am-6:45pm,Not specified,"State (Washington Climate Commitment Act), Local (Ben Franklin Transit)",Active,Not specified,On-demand rideshare connecting riders to BFT's fixed-route network across 6 zones; 3-hour transfer window with fixed-route service.,https://www.bft.org/connect-via-tricities/,46.2112,-119.1372,Deep sweep WA
HarborFlex (Dial-A-Ride),WA,"Grays Harbor County, WA — Montesano, Elma, Westport, Tokeland (weekdays), Ocean Shores (weekdays and weekends)",Rural,Grays Harbor Transit,Demand-Response,Not specified,"App, Phone",Same-day (1hr min notice),Not specified,"Varies by zone, approx. 7:30am-5:15pm; excludes 6 federal holidays",Not specified,Not specified,Active,Not specified,HarborFlex brand combines a certified ADA paratransit service with a general-public dial-a-ride (successor to the former 'Dial-A-Ride'); only the general-public dial-a-ride component is in scope here — trips bookable up to a week in advance via app or dispatch phone line.,https://ghtransit.com/harborflex/,46.9765,-123.6015,Deep sweep WA
Cowlitz Tribe Transit Service,WA,"South Lewis County (Centralia area) and Cowlitz County, WA — up to 20 miles from the I-5 corridor",Rural,Cowlitz Indian Tribe Department of Transportation,Demand-Response,Not specified,Phone,Advance,Not specified,Mon-Fri 7:00am-6:00pm (office hours 8:00am-4:30pm),Not specified,Not specified,Active,Wheelchair-accessible (lift-equipped),"Door-to-door dial-a-ride explicitly open to general public rural residents in the service area (not restricted to enrolled tribal members); rides for medical appointments, shopping, and quality-of-life trips; should be scheduled a few days in advance.",https://www.cowlitz.org/transit,46.1382,-122.9382,Deep sweep WA
katConnect,TN,"North Knoxville — Holston Ridge, Cassell Ridge, and Elk Hill Way apartment complexes, feeding Routes 12 and 20",Suburban,Knoxville Area Transit (KAT),Microtransit,Transit App,"App, Phone",Same-day,Starting at $1.00,Not specified,2024,Not specified,Active,Not specified,Not specified,https://www.katbus.com/schedules-maps/micro-transit/,36.03,-83.91,Deep sweep TN
CARTA GO,TN,"Chattanooga — Enterprise South/Amnicola Highway corridor (Route 25 weekend alternative), expanding to East Chattanooga/Route 10 corridor Aug 2026",Suburban,Chattanooga Area Regional Transportation Authority (CARTA),Microtransit,Not specified,App,Same-day,$2.00 one-way ($0.25 discount for in-app card payment),Not specified,2026,Not specified,Active - Expanding,Not specified,Not specified,https://www.gocarta.org/routes-schedules/carta-go/,35.05,-85.24,Deep sweep TN
NET Trans CONNECT,TN,"Greeneville, Tusculum, and Elizabethton, TN",Rural,NET Trans (First Tennessee Human Resource Agency),Microtransit,Not specified,"App, Phone",Same-day,Distance-based (quoted before trip confirmation),Not specified,2025,Not specified,Active,Ford Mustang Mach-E EVs (4-passenger; count not specified),Not specified,https://nettrans.org/ride/connect/,36.16,-82.83,Deep sweep TN
Pick Up Upper Cumberland,TN,"Cookeville, Algood, Baxter, Monterey area (Putnam County)",Rural,Upper Cumberland Human Resource Agency (UCHRA),Microtransit,Uber,App,Same-day,Not specified,Not specified,2021,Not specified,Active,"N/A (TNC-partnered, no dedicated fleet)",Not specified,https://ucpublictransit.com/services/,36.16,-85.50,Deep sweep TN
SETHRA Transit,TN,"Bledsoe, Bradley, Franklin, Grundy, Hamilton, Marion, McMinn, Meigs, Polk, Rhea, Sequatchie counties",Rural,Southeast Tennessee Human Resource Agency (SETHRA),Demand-Response,Not specified,Phone,Advance,Not specified,Not specified,Not specified,TDOT and fares,Active,Not specified,Not specified,https://www.sethratransit.org/,35.15,-84.87,Deep sweep TN
NWTHRA Rural Public Transportation,TN,"Benton, Carroll, Crockett, Dyer, Gibson, Henry, Lake, Obion, Weakley counties",Rural,Northwest Tennessee Human Resource Agency (NWTHRA),Demand-Response,Not specified,Phone,Advance,Not specified,Mon–Fri 6am–6pm; limited Saturday,Not specified,Not specified,Active,Not specified,Not specified,https://nwtdd.org/nwthra/public-transportation-staff/,36.3,-88.9,Deep sweep TN
Clarksville Transit System Demand Response,TN,"Clarksville/Montgomery County, areas outside CTS fixed routes",Suburban,Clarksville Transit System (CTS),Demand-Response,Not specified,Phone,Same-day,Not specified,Not specified,Not specified,Not specified,Active,Not specified,Not specified,https://www.clarksvilletn.gov/338/Clarksville-Transit-System,36.53,-87.36,Deep sweep TN
TARTA Flex,OH,"Lucas County / Rossford (Toledo metro) — NW, SW, East zones + overlap zone",Suburban,Toledo Area Regional Transit Authority (TARTA),Microtransit,Via,"App, Phone",Same-day,"$3/ride in-zone, $3 zone-transfer surcharge, free transfer to fixed route","Weekdays 7am–9pm, weekends/holidays 7am–7pm",Not specified,Not specified,Active,Not specified,Not specified,https://www.tarta.com/flex,41.65,-83.54,Deep sweep OH
Dayton RTA Connect On-Demand,OH,"Miami Valley (Montgomery County), 4 zones",Suburban,Greater Dayton RTA,Microtransit,"Lyft, Uber","App, Phone",Flexible,"$4.00/ride, nonrefundable","5am–1am, 7 days/week",Not specified,Not specified,Active,Not specified,Not specified,https://www.iriderta.org/ride/other-transportation-services/demand,39.76,-84.19,Deep sweep OH
BGo Curb to Curb,OH,"Butler County (Oxford, Middletown area)",Suburban,Butler County Regional Transit Authority (BCRTA),Microtransit,Via,"App, Phone",Same-day,$5.00/trip,"6am–11pm, Monday–Friday",Not specified,Not specified,Active,Not specified,Not specified,http://www.butlercountyrta.com/bgo-curb-to-curb/bgo/,39.45,-84.55,Deep sweep OH
MCFlex (Medina County),OH,"Wadsworth, Medina City (Brunswick planned)",Suburban,Medina County Public Transit,Microtransit,Not specified,Phone,Same-day,$1.50 one-way; $0.75 elderly/disabled; $4 all-day pass,Monday–Friday,Not specified,Not specified,Active - Expanding,Not specified,Not specified,https://www.medinacountytransit.org/ride-on-demand/,41.14,-81.86,Deep sweep OH
Laketran Rides on Demand,OH,Lake County,Suburban,Laketran,Microtransit,Not specified,"App, Phone",Same-day,$14.00/direction standard; $3.50 discounted (seniors/disabled/veterans),Monday–Friday 5am–9pm,Not specified,Not specified,Active,Not specified,Not specified,https://www.laketran.com/rides-on-demand,41.73,-81.24,Deep sweep OH
Fairfield County LINK Direct,OH,"Fairfield County (Lancaster area), plus out-of-county trips up to 50 miles",Rural,Fairfield County Transit,Demand-Response,Pingo,"App, Phone","Same-day (space permitting, higher fare/longer wait); 24hr advance preferred",$2.00 advance (general public) / $1.00 (mobility program) / $5.00 same-day fallback,"Mon–Fri 6am–6pm, Sat 7am–4pm",Not specified,Not specified,Active,Not specified,Not specified,https://www.co.fairfield.oh.us/transit,39.71,-82.60,Deep sweep OH
METRO NEXT,OH,"Summit County — Northern, Southern, Eastern, Western zones outside Akron METRO fixed-route service",Suburban,METRO Regional Transit Authority (Akron METRO),Microtransit,"Ecolane (""Mobility by Ecolane"" app); TL Worldwide Transportation for evening trips","App, Phone",Flexible,$5 per person one-way (trips under 10 miles),Monday–Friday 5am–8pm,Not specified,Not specified,Active - Expanding,"Not specified (""small, purple METRO bus"" vehicles)",Not specified,https://www.yourmetrobus.org/metro-next.aspx,41.08,-81.52,Deep sweep OH
Knox County Transit,OH,"Knox County, Ohio (Mount Vernon area); out-of-county trips available throughout Ohio",Rural,Knox County Transit,Demand-Response,Not specified,Phone,Same-day,"$1.00 (0–4mi), $3.00 (4–13mi), $5.00 (13–20mi) from Mount Vernon Square; 50% discount for seniors/disabled/veterans/students/first responders","Mon–Fri 5am–7pm, Sat 5am–5pm",Not specified,Not specified,Active,Not specified,Not specified,https://knoxcountytransit.com/knox-county-transit-services/,40.40,-82.48,Deep sweep OH
Move Metairie On-Demand Zone,LA,"Metairie Road District, Jefferson Parish",Suburban,"Jefferson Parish Transit (JP Transit), with Transdev and Lyft",Microtransit,Lyft,"App, Phone",Same-day,$1.50 base fare; subsidy covers up to $15/ride; cap of 60 subsidized rides/month per rider,Mon–Fri 6:00am–7:00pm,2023,Not specified,Active,Not specified,Not specified,https://jeffparish.gov/474/Move-Metairie,29.985,-90.181,Deep sweep LA
St. Landry Parish CAA Transit,LA,"St. Landry Parish (Opelousas), with trips extending into Lafayette Parish and neighboring parishes as scheduling permits",Rural,St. Landry Parish Community Action Agency,Demand-Response,Not specified,Phone,Same-day,Free,Mon–Fri 7:30am–3:30pm,Not specified,Not specified (Medicaid billing accepted for eligible riders alongside general-public service),Active,6 vehicles,~300 rides/month; over 60% ridership increase 2020–2024,https://stlandrypg.org/departments/community-action-agency/,30.53,-92.08,Deep sweep LA
Central Community Transit (CCT) Dial-a-Ride,MN,"Willmar, Olivia, and Litchfield, MN and outlying Kandiyohi, Renville, and Meeker counties",Rural,Central Community Transit (CCT),Demand-Response,Not specified,"Phone (Willmar 320-235-8413, Olivia 320-523-3589, Litchfield 320-693-2718)",Flexible,Not specified (senior program fares found; general fare schedule not published),"Willmar: Mon-Fri 5:30am-9:30pm, Sat 8:00am-4:30pm, Sun 8:00am-5:00pm; dispatch/scheduling office Mon-Fri 6:00am-5:00pm",Not specified,Not specified (MnDOT/FTA Section 5311 rural transit funding plausible for a multi-county Greater Minnesota provider but not itemized on sources found),Active,Not specified · lift-equipped buses,"Demand-response service described by state provider directories as available to the general public on a first-come-first-served basis; same-day pickup is available for an additional fee above the base advance-reservation fare, so recorded as Flexible scheduling window. Distinct from any Medicaid-eligibility NEMT product the operator may separately run (not confirmed either way).",https://www.mpta-transit.org/sites/mpta/files/uploads/2019-12/Central%20Community%20Transit.pdf,45.1215,-95.0433,Deep sweep MN
RIDES (Region 3 Regional Transit Authority),IA,"Buena Vista, Clay, Dickinson, Emmet, Lyon, O'Brien, Osceola, Palo Alto, and Sioux counties (Iowa DOT Region 3), NW Iowa",Rural,Region 3 Regional Transit Authority,Demand-Response,Not specified,"Phone, App (R Mobile), Text",Not specified,Not specified,Not specified,Not specified,Not specified,Active,Not specified,"Confirmed general public via operator's own homepage: 'All rides are open to the general public, including persons with disabilities.' Door-to-door service across eight NW Iowa counties; offers a rider-facing 'R Mobile' app plus SMS trip updates in addition to phone booking.",https://nwiarides.org/,43.1400,-95.1414,Deep sweep IA
MIDAS Regional Transit,IA,"Calhoun, Hamilton, Humboldt, Pocahontas, Webster, and Wright counties (Iowa DOT Region 5)",Rural,Mid-Iowa Development Association (MIDAS) Council of Governments,Demand-Response,Not specified,Phone,"Same-day (available if schedule allows, priced higher); day-prior preferred/cheaper","Day-prior booking: Adults $2.50, Students/Seniors $2.00 per trip; same-day (when available): Adults $3.50, Students/Seniors $3.00 per trip","Monday-Friday, 7:00 AM-5:00 PM",Not specified,Not specified,Active,ADA-accessible vehicles; fleet size not specified,"Confirmed general public via operator's own page: 'All transit services are open to the general public, including persons with disabilities.' Riders call dispatch the day prior; same-day service available if the schedule allows (at a fare premium).",https://www.midascogia.net/transit_services/regional_transportation_authority/demand_response_services.php,42.4975,-94.1680,Deep sweep IA
CorridorRides,IA,"Benton, Iowa, Johnson, Jones, Linn, and Washington counties (Iowa DOT Region 10), East-Central Iowa",Mixed,"East Central Iowa Council of Governments (ECICOG); six county-based providers: Benton County Transportation, Iowa County Transportation, Johnson County SEATS, Jones County JETS, Linn County LIFTS, Washington County Minibus",Demand-Response,Not specified,Phone,Advance,Short rides under $5; longer trips cost more; varies by county provider,Generally Monday-Friday 7:00 AM-5:00 PM; varies by county provider,Not specified,"Federal, State, Local (per operator's FAQ)",Active,Not specified,"Generally open to the public per operator's FAQ, BUT within Linn and Johnson counties, service inside 3/4 mile of a fixed city bus route is explicitly described as 'a paratransit service for only the elderly and disabled riders' — i.e. that urbanized-area portion is out of scope for this database, while service outside that buffer (and in the other four, non-urbanized counties) is general-public. Row represents the regional umbrella; added despite the mixed eligibility because the majority of the six-county coverage area is unrestricted.",https://www.corridorrides.com/faq,41.9779,-91.6656,Deep sweep IA
Southern Iowa Trolley,IA,"Adair, Adams, Clarke, Decatur, Ringgold, Taylor, and Union counties (Iowa DOT Region 14), SW Iowa",Rural,Southern Iowa Trolley Regional Transit Authority,Demand-Response,Not specified,Phone,Advance,Not specified (pricing on separate page not retrieved this pass),"Monday-Friday, 7:00 AM-3:45 PM (subject to change based on driver availability)",Not specified,Not specified,Active,Not specified,"Confirmed general public via operator's own page: service is for 'the general public, including persons with disabilities.' In-town service covers Corning, Creston, Greenfield, Leon, Mt. Ayr, and Osceola, plus Afton-Creston, Greenfield-Creston, and Lamoni-Mt. Ayr connector routes (the latter requiring 24-hour advance scheduling); Bedford service available on request.",https://www.southerniowatrolley.org/services-areas,41.0581,-94.3614,Deep sweep IA
NTS (Neighborhood Transportation Service),IA,"Cedar Rapids, Marion, and Hiawatha, IA (Linn County)",Urban,Horizons Family Services (nonprofit),Microtransit,Via,"App, Web, Phone",Flexible,$3.00 per ride (card/pre-purchased credit only; no on-vehicle cash payment),Weekdays 2:00-6:30 AM and 7:30 PM-1:00 AM; Saturdays 5:00-9:00 AM and 5:00 PM-11:59 PM; Sundays 5:00 AM-11:59 PM (fills the hours outside fixed-route Cedar Rapids Transit's schedule),Not specified,Not specified,Active,Not specified,"General public service (riders under 16 must be accompanied by an adult 18+); confirmed via operator's own page. Rides bookable up to 7 days in advance with a 30-minute pickup window, using the Via-powered app/web platform (horizons.app.ridewithvia.com). Operates during hours when Cedar Rapids' fixed-route buses do not run, effectively a gap-filler on-demand service across three cities.",https://horizonsfamily.org/transportation/linn-county-nts/,41.9779,-91.6656,Deep sweep IA
LR Rides (Lee-Russell Public Transit On-Demand),AL,"Auburn, Opelika, Lee County, and Russell County, AL (LRPT on-demand zones; separate PEX Paratransit component serves Phenix City/Columbus GA and is out of scope)",Mixed,Lee-Russell Council of Governments (Lee-Russell Public Transit),Microtransit,RideCo,"App, Web, Phone",Same-day,Free,6:00am-6:00pm Central Time; last pickup 5:30pm,Not specified,Not specified,Active,Not specified,Operator's own site states 'ANYONE CAN RIDE. IT DOES NOT REQUIRE CERTIFICATION FROM A PHYSICIAN' distinguishing LRPT on-demand from the separate PEX Paratransit component (which requires ADA physician certification and is excluded here as out of scope); passengers under 14 must be accompanied by an adult 18+.,https://www.lrcog.com/public-transit/lr-rides/,32.610,-85.410,Deep sweep AL
Custer County Transit,MT,"Miles City and Custer County, MT; weekly service to Billings",Rural,Custer County,Demand-Response,Not specified,Phone,"Same-day (bookings allowed, limited to schedule availability)",Local $1/stop; out-of-town local $10; Billings same-day round trip or one-way $25,Monday-Friday 8 AM-6 PM; Saturday 9 AM-3 PM,Not specified,Not specified,Active,Not specified,"Confirmed open to 'anyone in Custer County' per the operator's own page (children under 12 must be accompanied by an adult). Same-day booking permitted based on availability; 24-hour advance recommended; out-of-town local service requires 72-hour coordination. Primary coverage zone is 2 miles from downtown Miles City, with extended service countywide and weekly Billings trips (medical/airport only).",https://custercountymt.gov/services/custer-county-transit/,46.4083,-105.8405,Deep sweep MT
Fallon County Council on Aging Transportation,MT,"Fallon County, MT (Baker, Plevna)",Rural,Fallon County Council on Aging,Demand-Response,Not specified,Phone,Advance,Not specified,Not specified,Not specified,Not specified,Active,Not specified,"Operator's own page explicitly states: 'The transportation program is actually considered public transportation and is open to all members of the community, regardless of age' — despite Council on Aging primarily serving those 60+, this specific program is not age-restricted. Provides rides for medical, nutritional, social, recreational, shopping, and other needs.",https://falloncountymt.gov/council-on-aging/,46.3661,-104.2836,Deep sweep MT
Central Montana Shuttle,MT,"Fergus County, MT (Lewistown), with weekly service to Billings (Tuesdays) and Great Falls (Thursdays)",Rural,Fergus County Council on Aging,Demand-Response,Not specified,Phone,Not specified,Not specified,Not specified (office hours Mon-Fri 8 AM-5 PM),Not specified,Not specified,Active,Not specified,"Operator's own page states the shuttle 'provides rides to all people around Central Montana' and is 'open to the transit-dependent public, with rides tailored to the needs of the passengers.' A separate in-town 'Lewistown Lift' service was referenced in search results but not independently verified this pass.",https://www.fccoa.net/,47.0631,-109.4282,Deep sweep MT
CSKT Transit,MT,"Flathead Indian Reservation, MT (Lake, Sanders, and Missoula counties), plus off-reservation medical trips to Missoula and Kalispell",Rural,"Confederated Salish and Kootenai Tribes (CSKT), Department of Human Resource Development (DHRD)",Demand-Response,Not specified,"App (CSKT Transit Mobile App), Phone",Same-day (if space available); 24hr advance requested by 3pm day prior as standard policy,$2.00 one-way (local); $44.00 round trip (off-reservation medical),"Office: Mon-Thu 6:00 AM-5:30 PM, Fri 6:00 AM-4:30 PM; rides operate roughly 8:30 AM-3:00 PM daily",Not specified,Not specified,Active,Not specified,Operator's own page states: 'CSKT Transit is a Public Transportation offered to anyone needing a ride' — explicitly not restricted to tribal members. Riders 18+ (or accompanied). Book a day ahead by 3pm; same-day available if capacity permits. Off-reservation Missoula/Kalispell medical trips require 48-hour notice and are restricted to medical appointments.,https://cskt.org/dhrd/transit/,47.6119,-114.1052,Deep sweep MT
Lincoln County Transportation Service (LCTS),MT,"Lincoln County, MT (Libby, Troy, Eureka), with connections to Kalispell and Missoula",Rural,"Lincoln County Transportation Service, Inc.",Demand-Response,Not specified,Phone,Same-day (walk-up accommodated if space available); 24hr advance requested,Nominal charge (amount not specified); Medicaid covers eligible members' medical trips,Monday-Friday 8:00 AM-4:00 PM (drivers may start ~6:45 AM for Kalispell medical trips),Not specified,Not specified,Active,4 ten-passenger buses with wheelchair lifts; 1 wheelchair-accessible van; 2 standard vans,"Operator's page states LCTS 'serves all Lincoln County residents,' though it primarily transports passengers over 65, disadvantaged, or disabled riders — treated as general-public-with-priority per this database's established convention (not a certified-eligibility gate). Requests 24-hour notice for non-emergency trips; medical emergencies accommodated without advance notice.",https://www.lcts2ride.com/about/,48.3866,-115.5553,Deep sweep MT
Mineral County Pioneer Council Transportation,MT,"Mineral County, MT (Alberton, Superior, St. Regis), with trips to Missoula and Plains",Rural,Mineral County Pioneer Council,Demand-Response,Not specified,Phone,Not specified,Not specified,Not specified,Not specified,Not specified,Active,Not specified,"Operator's own page states the service 'serves everyone - seniors, individuals with disabilities, low income, and the unemployed' — read as general public rather than a certified-eligibility gate, consistent with this database's convention, though the enumerated-groups phrasing is somewhat ambiguous and worth a follow-up check.",https://www.mcpioneercouncil.com/about-mcpc.html,47.1919,-114.8913,Deep sweep MT
Phillips Transit Authority,MT,"Phillips County, MT (Malta)",Rural,Phillips Transit Authority,Demand-Response,Not specified,Phone,Not specified,Not specified,Not specified,"Not specified (operator marked its 20th anniversary in July 2026, implying a ~2006 founding)",Not specified,Active,Not specified,Operator's own page describes eligibility as 'citizens of Phillips County' and mentions a Dial-A-Ride option alongside fixed-route bus service; only the demand-response Dial-A-Ride component is in scope for this database.,https://www.maltatransit.com/about-us,48.3597,-107.8748,Deep sweep MT
Quality Transit,MT,"Sheridan County, MT (Medicine Lake, Outlook, Plentywood, Westby), with trips to Williston ND, Sidney, and Scobey",Rural,Sheridan County Council on Aging,Demand-Response,Not specified,Phone,Not specified,Free within Sheridan County; $25-$40 per rider for out-of-county trips,Weekday service only; specific hours not specified,Not specified,Not specified,Active,Not specified,"Described as a 'dial-a-ride service available to residents and visitors' — general public, not certified-eligibility restricted.",https://www.transit.wiki/Quality_Transit_(Montana),48.7772,-104.5567,Deep sweep MT
Crow Nation Transit,MT,"Crow Indian Reservation, Big Horn County, MT (St. Xavier, Wyola, Lodge Grass, Crow Agency, Hardin), with connections to Billings",Rural,Crow Tribe / Crow Tribe Department of Transportation,Demand-Response,Not specified,Not specified,Not specified,"$2 adults, $1 students, free for seniors and disabled riders",Weekday service only,Not specified,Not specified,Active,Not specified,"Described as serving the general public (not restricted to tribal members), with reduced/free fares for students, seniors, and disabled riders. Serves the Crow Nation Reservation with stops at Little Big Horn College and the Crow/Northern Cheyenne Hospital, plus downtown Billings.",https://www.transit.wiki/Crow_Nation_Transit,45.6013,-107.4534,Deep sweep MT
Fort Belknap Transit,MT,"Fort Belknap Indian Reservation, MT (Lodgepole, Hays, Fort Belknap Agency, Harlem)",Rural,Fort Belknap Indian Community,Demand-Response,Not specified,Not specified,Not specified,Free,Weekday service only,Not specified,Not specified,Active,Not specified,"No explicit eligibility restriction was found on available sources; inferred as general-public reservation transit by analogy to Montana's other tribal transit systems already in this database (Blackfeet, Rocky Boy, Fort Peck, Crow Nation), all of which are confirmed general-public. This inference was NOT independently verified for Fort Belknap this pass — direct site fetch timed out — so treat with more caution than the other MT tribal-transit rows.",https://www.transit.wiki/Fort_Belknap_Transit,48.5310,-108.7773,Deep sweep MT
Northern Cheyenne Transit (REZ RUNNER),MT,"Northern Cheyenne Indian Reservation, MT (Lame Deer), with monthly trips to Billings and Sheridan WY",Rural,Northern Cheyenne Tribe,Demand-Response,Not specified,Not specified,Not specified,Not specified,Not specified,Not specified,Not specified,Active,Not specified,"No explicit eligibility restriction found on available sources (operator's own page is promotional and does not state eligibility, booking, fare, or hours). Inferred as general-public reservation transit by analogy to Montana's other tribal transit systems already in this database (Blackfeet, Rocky Boy, Fort Peck, Crow Nation). This inference was NOT independently verified for Northern Cheyenne this pass; treat with more caution than the other MT tribal-transit rows.",http://www.cheyennenation.com/nct/transit/rezrunner.html,45.6094,-106.6635,Deep sweep MT
Norman On-Demand,OK,City of Norman (evening/late-night zone + Sunday zone),Suburban,City of Norman,Microtransit,Via,App,Same-day,6 free rides then $2 + $1/additional,Evenings/late-night + Sunday zone,2023,Not specified,Active,Not specified,"~25,000 rides through mid-2024",normanok.gov/residents-visitors/transit-parking/norman-demand,35.2226,-97.4395,Deep sweep OK
PICK Transportation,OK,"21 communities across NE/E Oklahoma (Bartlesville, Claremore, McAlester, Tahlequah, etc.)",Rural,Consortium led by Pelivan Transit (with JAMM/Cimarron/KATS + 9 tribal nations),Microtransit,Uber,App,Same-day,$3/trip,Weekday evenings + Saturday,2021,$1.5M FTA IMI grant,Active,Not specified,Not specified,Not specified,36.3128,-95.6161,Deep sweep OK
MCT Micro,IL,"Collinsville, Edwardsville, Troy-Maryville (multi-zone)",Suburban,Madison County Transit (MCT),Microtransit,Spare,App,Same-day,$1/ride,Not specified,Not specified,Not specified,Active,Not specified,Not specified,mct.org/micro,38.6706,-89.9848,Deep sweep IL
Central Illinois Public Transit (CIPT),IL,"Christian, Clay, Effingham, Fayette, Montgomery, Moultrie, Shelby counties",Rural,CEFS Economic Opportunity Corp,Demand-Response,Not specified,Phone,"Advance (24hr suggested, not required; same-day accepted if space permits)",Not specified,Not specified,Not specified,Not specified,Active,Not specified,"Corrected 2026-08-27: passenger handbook confirms same-day requests routinely accommodated when space allows; 24hr is a suggestion, not a requirement.",Not specified,39.1201,-88.5434,Deep sweep IL
Coles County Dial-A-Ride,IL,Coles & Douglas counties,Rural,Coles County Council on Aging,Demand-Response,Not specified,Phone,"Same-day (accommodated when possible, not guaranteed); reservations recommended up to 2 weeks advance",Not specified,Not specified,Not specified,Not specified,Active,Not specified,Not specified,Not specified,39.4961,-88.1770,Deep sweep IL
North Central Area Transit (NCAT),IL,LaSalle County,Rural,North Central Area Transit,Demand-Response,Not specified,Phone,Same-day (based on vehicle availability); 2-day advance requested by 10am,Not specified,Not specified,Not specified,Not specified,Active,Not specified,Not specified,Not specified,41.3456,-88.8420,Deep sweep IL
Pretzel City Area Transit (PCAT),IL,Freeport / Stephenson County,Rural,Pretzel City Area Transit,Demand-Response,Not specified,Phone,Same-day (not always guaranteed); 48hr advance requested,Not specified,Not specified,Not specified,Not specified,Active,Not specified,Not specified,Not specified,42.2967,-89.6212,Deep sweep IL
Henry County Public Transportation (HCPT),IL,"Kewanee; Henry, Stark & western Bureau counties",Rural,Henry County Public Transportation,Demand-Response,Not specified,Phone,Same-day ($6 priced fare tier); 24hr advance standard,Not specified,Not specified,Not specified,Not specified,Active,Not specified,Not specified,Not specified,41.2467,-89.9262,Deep sweep IL
Danville Mass Transit - Evening Dial-A-Ride,IL,Danville,Urban,Danville Mass Transit (DMT),Demand-Response,Not specified,Phone,Same-day (minimum 1-hour advance),Not specified,Evenings,Not specified,Not specified,Active,Not specified,Not specified,Not specified,40.1245,-87.6300,Deep sweep IL
BAT Flex,MA,"Rockland; Bridgewater (""Bridgewater Cares Microtransit"")",Suburban,Brockton Area Transit Authority (BAT),Microtransit,Not specified,App/Phone,Same-day,$1.50/ride (fare-free through June 2026),7 days/week,2025 (Bridgewater zone Nov 2025),Not specified,Active,Not specified,Not specified,Not specified,42.1306,-70.9137,Deep sweep MA
SRTA MicroConnector,MA,Fall River; New Bedford North/South (3 zones),Urban,Southeastern Regional Transit Authority (SRTA),Microtransit,Via,App,Same-day,$1/ride,Not specified,2025,Not specified,Active,Not specified,Feeds South Coast Rail,Not specified,41.7015,-71.1550,Deep sweep MA
NRTA Wave On-Demand,MA,Nantucket,Rural,Nantucket Regional Transit Authority (NRTA),Microtransit,QRyde,App/Phone,Same-day,Free through 2026 (MassDOT-funded),Not specified,Not specified,Not specified,Active,Not specified,Not specified,Not specified,41.2835,-70.0995,Deep sweep MA
RC Link,MA,"Revere, Chelsea",Urban,Joint Revere/Chelsea service,Microtransit,Via,App,Same-day,$2/ride ($1 reduced),Not specified,2025,MassDOT + Boston Region MPO,Active,Not specified,Not specified,Not specified,42.3918,-71.0328,Deep sweep MA
Stoneham Shuttle,MA,Stoneham,Suburban,Town of Stoneham,Microtransit,Circuit (Spare Labs),App,Same-day,Free,Not specified,2024,Not specified,Active,"All-electric, ADA-accessible fleet",Not specified,Not specified,42.4801,-71.0995,Deep sweep MA
Local Link,NC,"Eden, Wentworth, Madison, Mayodan, Stoneville (Rockingham County)",Rural,Rockingham County,Microtransit,Not specified,App/Phone/Web,Same-day,$5 flat,Mon-Fri 7:30am-3:30pm,2025,NCDOT MEE-NC grant,Pilot (through Jan 2027),Not specified,Not specified,rockinghammoves.org/microtransit.html,36.4954,-79.7370,Deep sweep NC
ACTA Microtransit,NC,"Graham, Haw River, Mebane (Alamance County)",Suburban,Alamance County Transportation Authority (ACTA),Microtransit,Not specified,App/Phone,Same-day,$2 in-zone / $5 inter-zone,Mon-Fri 8am-5pm,Not specified,NCDOT MEE-NC grant,Active,Not specified,Not specified,acta-nc.com/index.php/microtransit,36.0723,-79.4053,Deep sweep NC
GoRaleigh MicroLink,NC,Rolesville/Wake Forest zone; Fuquay-Varina zone,Suburban,City of Raleigh (GoRaleigh),Microtransit,Not specified,App/Phone,Same-day,"Free through mid-2025 (Rolesville/Wake Forest zone) / 2027 (Fuquay-Varina zone), then fares apply",Not specified,"2024 (Rolesville/Wake Forest); 2026 (Fuquay-Varina, replacing former FRX route)",Not specified,Active,Not specified,Not specified,goraleigh.org/microlink,35.9310,-78.4483,Deep sweep NC
Holly Springs Hopper,NC,Holly Springs + ETJ (Wake County),Suburban,Town of Holly Springs,Microtransit,Freebee,App/Phone,Same-day,$2 base (free for seniors/disabled),Not specified,2026,"CAMPO grant (partial) + town, 3-year contract",Active - New,"4 vehicles (VW ID Buzz / Toyota Sienna, ADA)",Not specified,hollyspringsnc.gov/2882/Holly-Springs-Hopper,35.6513,-78.8336,Deep sweep NC
Go Randolph (RCATS),NC,Asheboro pilot zone,Suburban,Randolph County Area Transit System (RCATS),Microtransit,Not specified,App/Website/Phone,Same-day,$6 flat,Mon-Fri 7am-6pm,2025,NCDOT MEE-NC grant + City of Asheboro,Active - New (pilot),Not specified,Not specified,randolphhub.com,35.7085,-79.8136,Deep sweep NC
Salisbury Connect,NC,"Salisbury, Spencer, East Spencer (Rowan County)",Suburban,City of Salisbury,Microtransit,Downtowner,App/Phone,Same-day,Tiered low fares,Not specified,2026,$2.8M NCDOT RURAL grant (MEE-NC),Active - New,5 Toyota Sienna minivans,Co-located with ADA paratransit service; only general-public microtransit component is in scope,Not specified,35.6704,-80.4746,Deep sweep NC
The Lift Flex,CO,Winter Park,Rural,Town of Winter Park,Microtransit,Not specified,App/Phone,Same-day,Free,Not specified,2026,CDOT Clean Transit Enterprise + Grand County grant,Active - New,Cutaway buses,Not specified,wpgov.com,39.8867,-105.7625,Deep sweep CO
Yellow Zone,CO,Steamboat Springs,Rural,City of Steamboat Springs,Microtransit,Downtowner,App,Same-day,Free,Daily 7am-6:20pm,Not specified,Not specified,Active,Not specified,Not specified,steamboatsprings.net/1312/Yellow-Zone,40.4850,-106.8317,Deep sweep CO
Basalt Connect,CO,Basalt,Rural,Town of Basalt,Microtransit,"Downtowner (""Ride Roaring Fork"")",App,Same-day,Free,Not specified,~2022,Town of Basalt + RFTA,Active,Not specified,Not specified,basalt.net/642/Basalt-Connect,39.3691,-107.0334,Deep sweep CO
Snowmass Village On-Demand Shuttle (Route 22),CO,Snowmass Village,Rural,Snowmass Village,Microtransit,Not specified,App,Same-day,Free (town + seasonal CDOT Zero Fare grant),Not specified,Not specified,Not specified,Active,Not specified,Not specified,villageshuttle.com/138/On-Demand-Shuttle,39.2110,-106.9378,Deep sweep CO
Call-N-Ride (Greeley-Evans Transit),CO,"Greeley, Evans",Urban,Greeley-Evans Transit (GET),Demand-Response,Not specified,Phone,Advance (1-14 days),Not specified,Sundays + weekday evenings,Not specified,Not specified,Active,Not specified,Not specified,greeleyevanstransit.com/services,40.4233,-104.7091,Deep sweep CO
Cripple Creek Bus / On-Demand Service,CO,"City of Cripple Creek & Victor, Teller County",Rural,City of Cripple Creek,Demand-Response,Not specified,Phone,Same-day (20-min notice),Conflicting sources (see concerns.csv),Not specified,Not specified,Not specified,Active,One 2021 Ford E-450 (ADA-lift),Not specified,cityofcripplecreek.com/transportation,38.7478,-105.1783,Deep sweep CO
YavaLine / YAV Connect,AZ,"Prescott Valley, Prescott",Suburban,New Horizons Disability Empowerment Center (for Town of Prescott Valley),Microtransit,Via,App/Phone,Same-day,$2 standard / $1 reduced / free age 5 and under,Mon-Fri 6am-8pm,2022,FTA grant,Active - Expanding,Not specified,Not specified,Not specified,34.6100,-112.3157,Deep sweep AZ
Camel Express,AZ,Quartzsite / La Paz Valley (La Paz County),Rural,Town of Quartzsite Transportation Dept,Demand-Response,Not specified,Phone,"Advance (up to 14 days, min ~1 day)",Not specified,Seasonal,Not specified,ADOT/FTA,Active,Not specified,Not specified,Not specified,33.6642,-114.2325,Deep sweep AZ
REV-UP,CA,"West Park, Biola, Kerman (rural Fresno County)",Rural,Fresno County Rural Transit Agency (FCRTA); operated by Inspiration Transportation,Microtransit,Not specified,App/Phone,Flexible,$5/ride,Not specified,2020,Not specified,Active,Chevy Bolt EVs,Not specified,Not specified,36.7241,-120.0691,Deep sweep CA
Clovis Transit Micro-Transit,CA,Clovis,Suburban,City of Clovis,Microtransit,Spare,App,Same-day,Free,Not specified,2025,Local sales tax,Active - New,Not specified,Not specified,Not specified,36.8252,-119.7029,Deep sweep CA
Visalia Connect,CA,Visalia,Suburban,City of Visalia,Microtransit,Not specified,App,Same-day,$5/trip,Not specified,2025,Not specified,Active,Not specified,Not specified,Not specified,36.3302,-119.2921,Deep sweep CA
TCRTA Transport,CA,Tulare County,Rural,Tulare County Regional Transit Agency (TCRTA),Microtransit,Not specified,App,Same-day,Not specified,Not specified,Not specified,Not specified,Active,Not specified,Not specified,Not specified,36.2077,-119.2900,Deep sweep CA
KART Flex Route,CA,"Hanford, Lemoore (Kings County)",Suburban,Kings Area Rural Transit (KART),Demand-Response,Not specified,App/Phone,Flexible (same-day or up to 7 days advance),$1.25,Not specified,Not specified,Not specified,Active,Not specified,Not specified,Not specified,36.3274,-119.6457,Deep sweep CA
Delano DART N'GO,CA,Delano,Suburban,City of Delano,Microtransit,Not specified,"App (""Rides On Demand"")",Same-day,Free,Not specified,Not specified,Not specified,Active,Not specified,Not specified,Not specified,35.7688,-119.2471,Deep sweep CA
Madera City Dial-A-Ride,CA,City of Madera,Suburban,City of Madera,Demand-Response,Not specified,Phone,Not specified,Not specified,Not specified,Not specified,Not specified,Active,Not specified,Not specified,Not specified,36.9613,-120.0607,Deep sweep CA
Madera County Connection Dial-A-Ride,CA,Rural Madera County,Rural,Madera County,Demand-Response,Not specified,Phone,Not specified,Not specified,Not specified,Not specified,Not specified,Active,Not specified,Not specified,Not specified,37.1000,-119.7000,Deep sweep CA
RABA Runabout,CA,"Redding, Shasta Lake, Anderson (5-6 zones)",Suburban,Redding Area Bus Authority (RABA); MTM Transit operated,Microtransit,Not specified,App,Same-day,Not specified,Not specified,2024,Not specified,Active,Not specified,Not specified,Not specified,40.5865,-122.3917,Deep sweep CA
ShastaConnect Rural Demand Response,CA,Rural Shasta County,Rural,Redding Area Bus Authority (RABA),Demand-Response,Not specified,Phone,Advance,Not specified,Not specified,Not specified,Not specified,Active,Not specified,Not specified,Not specified,40.7000,-122.2000,Deep sweep CA
B-Line FLEX,CA,"Paradise, Magalia (Butte County)",Rural,Butte County Association of Governments (B-Line),Microtransit,Not specified,App,Same-day,$2/request,Not specified,2026,Not specified,Pilot,Not specified,Not specified,Not specified,39.7596,-121.6219,Deep sweep CA
Yuba-Sutter Transit MOD,CA,"Linda, Olivehurst",Suburban,Yuba-Sutter Transit Authority,Microtransit,Not specified,App (multilingual),Same-day,$1.50,Not specified,Not specified,Not specified,Active,Not specified,Not specified,Not specified,39.1235,-121.5602,Deep sweep CA
Placer County Dial-A-Ride Microtransit,CA,"Rocklin, Lincoln",Suburban,Placer County,Microtransit,Spare (3-year contract),App,Same-day,Not specified,Not specified,Not specified,Not specified,Active,Not specified,Not specified,Not specified,38.7907,-121.2358,Deep sweep CA
BeeLine,CA,"Woodland, Winters, Knights Landing (Yolo County)",Suburban,Yolo County Transportation District; Transdev operated,Microtransit,RideCo,App,Same-day,$3,Not specified,2023,Not specified,Active,Not specified,Not specified,Not specified,38.6785,-121.7733,Deep sweep CA
LumaGo,CA,Petaluma,Suburban,City of Petaluma; MV Transportation operated,Microtransit,Not specified,App,Same-day,Free,Not specified,Not specified,Not specified,Active,Not specified,Not specified,Not specified,38.2324,-122.6367,Deep sweep CA
SMART Connect (Larkspur),CA,Larkspur ferry terminal (Marin County),Suburban,Sonoma-Marin Area Rail Transit (SMART),Microtransit,Ride Pingo,App,Same-day,Tiered,Thu-Sun,2024,Not specified,Pilot,Not specified,Not specified,Not specified,37.9349,-122.5350,Deep sweep CA
Van Go!,CA,San Joaquin County (countywide),Mixed,San Joaquin Regional Transit District (RTD),Demand-Response,Ecolane,App/Phone,Same-day,Sliding-scale,7 days/week,~2018,Not specified,Active,Not specified,Not specified,Not specified,37.9577,-121.2908,Deep sweep CA
Lathrop Transit Microtransit,CA,Lathrop,Suburban,City of Lathrop; United Transit operated,Microtransit,Not specified,App,Same-day,Free through June 2026,Not specified,Not specified,Not specified,Active,Not specified,Not specified,Not specified,37.8249,-121.2694,Deep sweep CA
San Benito County Express On-Demand,CA,Hollister,Suburban,San Benito County Express,Microtransit,Not specified,App/Phone,Same-day (1-hr advance option),Not specified,Not specified,2021,Not specified,Active,Not specified,Not specified,Not specified,36.8524,-121.4016,Deep sweep CA
MoGo,CA,Morgan Hill,Suburban,City of Morgan Hill / VTA,Microtransit,RideCo,App,Same-day,$2.50,Not specified,2022,VTA Measure B,Active,Not specified,Not specified,Not specified,37.1305,-121.6544,Deep sweep CA
AVTA On-Request Microtransit,CA,"Antelope Valley (Lancaster, Palmdale)",Suburban,Antelope Valley Transit Authority (AVTA),Microtransit,RideCo,App,Same-day,Not specified,Not specified,Not specified,Not specified,Active,GreenPower EV Star shuttles,Not specified,Not specified,34.6868,-118.1542,Deep sweep CA
LB Circuit,CA,Downtown Long Beach to Belmont Shore,Urban,City of Long Beach / Circuit Transit,Microtransit,Circuit,App,Same-day,Free,Weekend/evening,Not specified,Not specified,Active,Not specified,Not specified,Not specified,33.7701,-118.1937,Deep sweep CA
Whittier On-Demand Transit Pilot,CA,"Whittier, La Habra Heights",Suburban,City of Whittier,Microtransit,The Routing Company,App,Same-day,Not specified,Not specified,2025 (6-month pilot),Not specified,Pilot,16 vehicles,Not specified,Not specified,33.9792,-118.0328,Deep sweep CA
FRANC,CA,National City,Urban,City of National City,Microtransit,Circuit,App,Same-day,Free,Not specified,Not specified,CA Clean Mobility Options grant,Active,Not specified,Not specified,Not specified,32.6781,-117.0992,Deep sweep CA
gO'side Electric Shuttle,CA,Oceanside,Urban,SANDAG + City of Oceanside,Microtransit,Circuit,App,Same-day,$3,Not specified,2022 (relaunched 2023),Not specified,Active,Not specified,Not specified,Not specified,33.1959,-117.3795,Deep sweep CA
The Snapper,FL,Safety Harbor to Clearwater (Pinellas County),Suburban,Pinellas Suncoast Transit Authority (PSTA); Transdev operated,Microtransit,Not specified,App,Same-day,Not specified,Not specified,2023,Not specified,Active - Expanding,Not specified,Not specified,Not specified,27.9906,-82.6929,Deep sweep FL
The Squeeze,FL,"Lakeland, Bartow, Lake Wales (Polk County)",Suburban,Citrus Connection,Microtransit,Not specified,App,Same-day,Free,Not specified,Not specified,Community partnership,Active,Golf-cart shuttles,Not specified,Not specified,28.0395,-81.9498,Deep sweep FL
NeighborLink,FL,"Orange, Seminole, Osceola counties (10 zones)",Suburban,Central Florida Regional Transportation Authority (LYNX),Microtransit,Not specified,App,Same-day,$2 flat,Not specified,Not specified,Not specified,Active,ADA-accessible fleet,Transfers to LYNX/SunRail,Not specified,28.5383,-81.3792,Deep sweep FL
FlexTransit,FL,Escambia County (Pensacola),Suburban,Escambia County Area Transit (ECAT),Microtransit,RideCo,App,Same-day,$2.50,Not specified,2025,Not specified,Active - Expanding,9 ADA vans (13 more planned),Transitioned from paratransit-only soft launch (Apr 2025) to stated full public access by fall 2025,Not specified,30.4213,-87.2169,Deep sweep FL
VoRide,FL,Volusia County (West and East),Suburban,Votran,Microtransit,Spare Labs,App,Same-day,$2 base / $1 reduced,Not specified,2023,Not specified,Active,Not specified,Not specified,Not specified,29.0283,-81.3031,Deep sweep FL
StarMetro FLEX (Lake Jackson & Southside),FL,Tallahassee,Urban,StarMetro (City of Tallahassee),Demand-Response,Not specified,App/Phone,Advance (2-hour),Not specified,Not specified,Not specified,Not specified,Active,Not specified,Not specified,Not specified,30.4383,-84.2807,Deep sweep FL
TheBus Ride (Route 6),FL,Brooksville (Hernando County),Suburban,Hernando County Transit; RATP Dev partnership,Demand-Response,Not specified,Phone,Advance (2-hour),$1.25,Not specified,2025,Not specified,Active,Not specified,Not specified,Not specified,28.5553,-82.3879,Deep sweep FL
Island Hopper,FL,Amelia Island / Fernandina Beach (Nassau County),Suburban,Nassau County / City of Fernandina Beach,Demand-Response,Not specified,Phone,Same-day,$2/boarding,Saturdays 9am-5pm,Not specified,Not specified,Active,Not specified,Not specified,Not specified,30.6697,-81.4626,Deep sweep FL
VIA Link,TX,San Antonio (6 zones),Urban,VIA Metropolitan Transit,Microtransit,RideCo,App/Web/Phone,Same-day,$1.30,Not specified,2019,Not specified,Active,Not specified,Not specified,viainfo.net/link,29.4241,-98.4936,Deep sweep TX
CapMetro Pickup,TX,Austin (12 zones),Urban,Capital Metro; operated by MTM Transit,Microtransit,Not specified,App/Phone,Same-day,$1.25,Not specified,2019,Not specified,Active,Not specified,>1M rides by Apr 2024,capmetro.org/pickup,30.2672,-97.7431,Deep sweep TX
Sun Metro Microtransit,TX,Upper East El Paso (Fort Bliss area),Suburban,Sun Metro / City of El Paso,Microtransit,Not specified,App/Phone,Same-day,Not specified,Not specified,Not specified,Not specified,Pilot,Not specified,Not specified,sunmetro.net/microtransit,31.7619,-106.4850,Deep sweep TX
Micro McAllen,TX,NW McAllen,Suburban,Metro McAllen,Microtransit,RideCo,App,Same-day,$1.00 / $0.50 reduced,Not specified,Not specified,Not specified,Active,Not specified,Not specified,mcallen.net/metro,26.2034,-98.2300,Deep sweep TX
Micro Dash,TX,"Waco (South Hewitt, Central, Northcrest)",Suburban,Waco Transit System,Microtransit,The Routing Company / Ride Pingo,App,Same-day,$1.50,Not specified,2024,Not specified,Active,6 vehicles,Not specified,Not specified,31.5493,-97.1467,Deep sweep TX
Citibus On-Demand,TX,Lubbock,Urban,Citibus / City of Lubbock,Microtransit,GoPass app,App,Same-day,$2-10 distance-based,Not specified,2020,Not specified,Active,Not specified,Not specified,Not specified,33.5779,-101.8552,Deep sweep TX
ZipZone,TX,NW Abilene,Suburban,CityLink Transit,Microtransit,Not specified,App,Same-day,$3,Not specified,Not specified,Not specified,Active,Not specified,Not specified,abilenetx.gov/2127/ZipZone,32.4487,-99.7331,Deep sweep TX
STARNow,TX,"12 DFW-area cities (Mesquite, Balch Springs, Kaufman, Terrell, Forney, Seagoville, DeSoto, Cedar Hill, Duncanville, Hutchins, Lancaster, Wilmer)",Suburban,STAR Transit,Microtransit,Spare,App/Phone,Same-day,$1-2,Not specified,2019,Not specified,Active,Not specified,Not specified,Not specified,32.7668,-96.5992,Deep sweep TX
CARTS Now,TX,"Bastrop, Lockhart, Taylor, Marble Falls, Elgin, La Grange",Rural,Capital Area Rural Transportation System (CARTS),Microtransit,Not specified,App/Phone,Same-day (~15 min target),Not specified,Not specified,Not specified,Not specified,Active,Not specified,Not specified,Not specified,30.1105,-97.3151,Deep sweep TX
Via Grand Prairie,TX,City of Grand Prairie + TCC/UTA/Dallas Baptist/Dallas College,Suburban,City of Grand Prairie,Microtransit,Via,App,Same-day,$3 / $2 reduced,Not specified,2022,Not specified,Active,Not specified,Not specified,Not specified,32.7459,-96.9978,Deep sweep TX
Addison Orbit,TX,Town of Addison,Suburban,Town of Addison,Microtransit,Via,App,Same-day,$3 / $1.50 reduced / free under 12,Not specified,2026,Not specified,Active - New,Not specified,Not specified,Not specified,32.9618,-96.8291,Deep sweep TX
Highland Park On-Demand,TX,Town of Highland Park + 1-mile radius to Mockingbird Station,Urban,Town of Highland Park,Microtransit,Via,App,Same-day,Free,Not specified,2026,Not specified,Active - New,Not specified,Replaced prior DART fixed-route service,Not specified,32.8035,-96.7936,Deep sweep TX
Harris County Transit Plus,TX,"2 zones (North/South), NE Beltway 8 / Generation Park",Suburban,Harris County,Demand-Response,Not specified,App/Phone,Same-day (1hr min lead time; up to 3 days advance also accepted),$1 / $0.50 reduced,Not specified,2021,Not specified,Active,2 18-passenger buses,Not specified,Not specified (part of Harris County Precinct 1/METRO umbrella; no dedicated site confirmed),29.9000,-95.1500,Deep sweep TX
Round Rock Rides,TX,City of Round Rock,Suburban,City of Round Rock; operated by zTrip,Microtransit,RideCo,App,Flexible (30 min - 7 days),$4 / $2 reduced,Not specified,2023,Not specified,Active,Not specified,Not specified,Not specified,30.5083,-97.6789,Deep sweep TX
METRO curb2curb,TX,Missouri City and Kashmere Gardens zones,Suburban,Houston METRO,Microtransit,RideCo,App,Same-day,$1.25,5am-7pm,2020,Not specified,Active,Not specified,Distinct vendor/zones/fare/booking model from existing 'Houston Community Connector' row,Not specified,29.7604,-95.3698,Deep sweep TX
ART Pronto,TX,Kerrville and Seguin zones (Alamo Regional Transit),Suburban,Alamo Area Council of Governments,Microtransit,Not specified,App/Phone,Same-day (<30 min target),$4 flat,Not specified,Not specified,Not specified,Active,Not specified,Not specified,Not specified,30.0474,-99.1403,Deep sweep TX
SPARTAN Same Day,TX,Levelland and Plainview (South Plains CAA),Rural,South Plains Community Action Association,Microtransit,QRyde,App/Phone,Same-day,$1.00,Not specified,2025,Not specified,Active - New,Not specified,Not specified,Not specified,33.5865,-102.3779,Deep sweep TX
TRAX (Permian Basin RTD),TX,17-22 West Texas counties,Rural,Permian Basin Regional Transit District; operated by West Texas Opportunities Inc.,Demand-Response,Not specified,Phone,Advance,Not specified,Not specified,Not specified,Not specified,Active,Not specified,"~63,447 annual trips (2023); name collision with unrelated 'TRAX (Ark-Tex COG)' -- distinct systems",Not specified,31.9973,-102.0779,Deep sweep TX
SCRPT / The Connection,TX,Hunt County (Greenville),Rural,South Central Rural Public Transportation (SCRPT),Demand-Response,Not specified,Phone,Same-day (double fare tier); advance also accepted,Not specified,Not specified,1989,Not specified,Active,Not specified,Not specified,https://www.scrpt.org/transportation.htm,33.1384,-96.1108,Deep sweep TX
SWART Dial-a-Ride,TX,"Dimmit, Edwards, Kinney, La Salle, Maverick, Real, Uvalde, Zavala counties",Rural,Southwest Area Regional Transit District (SWART),Demand-Response,Not specified,Phone,"Same-day (double fare, subject to availability); 24hr advance preferred",$2+,Not specified,1981,Not specified,Active,Not specified,Not specified,https://paseoswart.org/,29.2100,-99.7862,Deep sweep TX
City of Del Rio Transportation,TX,Val Verde County + intercity medical trips,Rural,City of Del Rio,Demand-Response,Not specified,Phone,Not specified,Not specified,Not specified,Not specified,Not specified,Active,Not specified,"Scheduling window unconfirmed; fare figure found is from 2019, likely stale",Not specified,29.3709,-100.8959,Deep sweep TX
REAL Flash (Beeville/Alice/Rancho Alegre),TX,Beeville/Alice/Rancho Alegre zone (Bee & Jim Wells counties),Rural,Rural Economic Assistance League (REAL),Microtransit,Not specified,App/Phone,Same-day,$2,Mon-Fri 7am-3pm,Not specified,Not specified,Active,Not specified,Same operator/brand as existing 'REAL Microtransit (Rockport/Fulton)' row but a disjoint zone -- flagged for a possible merge decision,Not specified,28.4014,-97.7492,Deep sweep TX
Brunswick Breeze,GA,City of Brunswick / Glynn County,Suburban,City of Brunswick,Microtransit,Via,App/Phone,Same-day,$3 or less,Not specified,Not specified,Not specified,Active,Not specified,Not specified,Not specified,31.1310,-81.4915,Deep sweep GA
Roll With Us (METRA),GA,Uptown Columbus,Urban,METRA / Columbus Consolidated Government,Microtransit,Not specified,App,Same-day,Free,Not specified,Not specified,Not specified,Active,5-passenger solar golf carts,Not specified,Not specified,32.4609,-84.9877,Deep sweep GA
Jackson County Transport,GA,Jackson County (connects to Athens-Clarke),Rural,Jackson County,Demand-Response,Not specified,Phone,Advance (first-come-first-serve),Not specified,Mon-Fri 7am-4pm,Not specified,Not specified,Active,Not specified,Not specified,Not specified,34.1181,-83.5730,Deep sweep GA
Go Wake Forest,NC,Wake Forest town limits and a portion of Wakefield,Suburban,Town of Wake Forest (operated by Via),Microtransit,Via,App/Phone,Same-day,Free through Jan 31 2026; tiered/distance-based fare from Feb 1 2026 (+$1.25/additional passenger); reduced fare for seniors/low-income/mobility-disabled,Mon-Thu 6am-9:30pm; Fri 6am-10:30pm; Sat 8am-10:30pm; closed Sunday,2024,Not specified,Active,3 minivans (4th added during peak hours),"Replaced the town's prior fixed-route ""Wake Forest Loop"" bus",wakeforestnc.gov/transportation/go-wake-forest,35.9799,-78.5097,Deep sweep NC (dedup follow-up)
WRTD Dial-A-Ride,CT,"Ashford, Chaplin, Columbia, Coventry, Lebanon, Mansfield, Scotland, Willington, Windham/Willimantic (9-town WRTD district)",Mixed,Windham Region Transit District,Demand-Response,Ecolane,Phone/Website/App,"Advance (by 4pm business day before, up to 2 weeks ahead)","$3.00 one-way (seniors 60+: donation-based, ~$2.50 suggested via grant program)",Not specified,Not specified,Not specified,Active,Not specified,"Explicitly ""available to the general public, with no restrictions on age or disabilities""; distinct second product from same-day ""WRTD Link"" row",wrtd.org/dial-a-ride,41.8073,-72.2479,Deep sweep CT (dedup follow-up)
River Valley Transit Dial-A-Ride,CT,"Chester, Clinton, Deep River, Durham, Essex, East Haddam, East Hampton, Haddam, Killingworth, Lyme, Middlefield, Middletown, Old Lyme, Old Saybrook, Portland, Westbrook (16-town Estuary Transit District area)",Rural,River Valley Transit (Estuary Transit District),Demand-Response,Ecolane (Mobility by Ecolane),Phone/Website/App,"Advance (by 4:30pm business day before, up to 2 weeks ahead)",$3.50 one-way (discount for seniors 60+),Mon-Fri 6:30am-4:30pm,Not specified,Not specified,Active,Not specified,"Curb-to-curb, trip must start/end 3/4 mile beyond fixed RVT bus routes; distinct legacy product from the same-day TransLoc-based XtraMile/River HOP zone rows from the same operator",rivervalleytransit.com/dial-a-ride,41.45,-72.45,Deep sweep CT (dedup follow-up)
Baraboo Shared-Ride Taxi,WI,City of Baraboo + Village of West Baraboo (up to 8 miles),Rural,Running Inc.,Demand-Response,Not specified,Phone/Online,Same-day,Adult $6.00; Senior/Student/Disabled $5.00; +$3.00 first mile/$2.00 per add'l mi,Daily 6am-10pm (reduced on major holidays),Not specified,"City; ~$20,000 federal (2025); one-time $50,000 SSM Health Foundation donation Feb 2025 (city flags funding strain)",Active,Not specified,Financially strained per city commentary,baraboowi.gov/index.asp?SEC=6BB650DF-AA70-4F44-AE8B-F5ACF3B8E4CB,43.4711,-89.7443,Deep sweep WI (shared-ride taxi follow-up)
Beaver Dam Shared-Ride Taxi,WI,City of Beaver Dam,Rural,Running Inc.,Demand-Response,Not specified,Phone/Online,Same-day,Adult $3.50; Senior $2.00; Student $3.00; Disabled $2.00; +$1.50 add'l rider; $1.50/mi out-of-town; flat $6.00 after 10pm,Mon-Thu 6am-10pm; Fri 6am-2:30am; Sat 8am-2:30am; Sun 8am-8pm,Not specified (current operator since 2014),Federal and state transportation grants,Active,Not specified,,ci.beaverdam.wi.gov/545/Taxi-Ride,43.4633,-88.8372,Deep sweep WI (shared-ride taxi follow-up)
Berlin Shared-Ride Taxi,WI,City of Berlin + 5-mile radius,Rural,City of Berlin (contractor name unconfirmed),Demand-Response,Not specified,Phone only,Same-day (first-come-first-served),Adult $3.00; Senior/Student $2.00; +$0.75 add'l passenger; under 5 free w/ adult; Green Lake trips +$15; +$1.50/mi outside city limits,Mon-Sat 7:30am-5:30pm; Sun/Holidays 7:30am-3pm,Not specified,"Federal, State, and Local contributions",Active,Two caravans + two wheelchair-accessible lift vans,,cityofberlin.net/taxi-service,43.9666,-88.9426,Deep sweep WI (shared-ride taxi follow-up)
Black River Falls Shared-Ride Taxi,WI,City of Black River Falls + 5 miles surrounding,Rural,"Abby Vans, Inc.",Demand-Response,Not specified,Phone/Online,Not specified (appears same-day),Adult(18-64) $7.00; Student(4-17) $5.00; Senior(65+) $3.00; Disabled $3.00; Agency $10.00; +$4.00/mi outside area,Mon-Fri 6am-8pm; Sat-Sun 7am-8pm (eff. Jan 2025),"Program dates to 1989; briefly suspended ~Dec 2022, reopened under Abby Vans",Not specified,Active,Not specified,History of one prior service interruption (~Dec 2022),blackriverfallswi.gov/taxi-service,44.2947,-90.8471,Deep sweep WI (shared-ride taxi follow-up)
Clintonville Taxi,WI,City of Clintonville + 8-mile radius,Rural,Running Inc.,Demand-Response,Not specified,Phone only,Not specified (likely same-day),Adult $3.00; Senior/Student/Disabled $2.00; +$2.00/mi out-of-town; +$2.00 extra stop; 10-ride punch cards $30 (adult)/$20 (reduced),Mon-Fri 7:30am-5pm; Sat 9am-12pm; Sun closed,Not specified,Not specified (Title VI/ADA compliance language present),Active,Not specified,,clintonvillewi.gov/residents/page/clintonville-taxi,44.6194,-88.7548,Deep sweep WI (shared-ride taxi follow-up)
Door County Shared-Ride Taxi (Door 2 Door Rides),WI,"Most of Door County, divided into taxi zones",Rural,Door County government / ADRC of Door County,Demand-Response,Not specified,Phone only,"Same-day (Orange Core/Green Zone, 40-min notice); other zones 24hr preferred, not required",City Zone (Sturgeon Bay) $2.00/stop one-way; Extended area (to 10mi from ADRC) $5.00/trip; half-price for ADRC lunch-program trips,"ADRC-zone: Mon-Thu 7:45am-4:15pm, Fri 7:45am-1:15pm; other zones not fully specified",Not specified,Active,"Mixed fleet, some wheelchair-accessible",County RFP/contract consistent with WisDOT 85.20 state/federal/local pattern,,co.door.wi.gov/1046/Door-2-Door-Rides,44.8348,-87.3773,Deep sweep WI (shared-ride taxi follow-up)
Edgerton Shared-Ride Taxi,WI,City of Edgerton,Rural,"Brown Cab Service, Inc.",Demand-Response,Not specified,Phone,Not specified (industry-standard same-day),Adult(18-59) $3.50; Senior(59+)/Disabled $2.50; Student(6-17) $2.25; under 6 free; +$0.20/min wait; $2.25/mi beyond city; +$2.00 extra rider; $9.00 delivery,Mon-Fri 7:15am-5:15pm; Sat 9am-1pm,Not specified,"State (WisDOT 85.20, $8,739 in 2024), Federal (FTA 5311, $45,607), Local ($36,867), Farebox ($9,400) -- 2024 total expense $100,613 per LFB",Active,Not specified,,edgerton.wi.gov/transportation,42.834,-89.072,Deep sweep WI (shared-ride taxi follow-up)
Fort Atkinson Shared-Ride Taxi,WI,City of Fort Atkinson,Rural,"Brown Cab Service, Inc.",Demand-Response,Not specified,Phone/Email,Not specified,Adult $5.00 (current); Senior $3.50; Student $4.00; Disabled $3.50; +$2.00 add'l rider; $3.00/mi out-of-town,Mon-Fri 6:30am-7pm; Sat 7am-7pm; Sun 7am-3pm,Not specified,"State ($58,811), Federal ($94,029), Farebox ($141,000) -- 2024 total expense $293,840 per LFB",Active,Not specified,"Older Jefferson County ADRC directory cited $3.50 adult fare vs. current $5.00 -- possible fare-increase discrepancy, unresolved",fortatkinsonwi.gov/community/taxi.php,42.928,-88.839,Deep sweep WI (shared-ride taxi follow-up)
Grant County Shared-Ride Taxi,WI,"Lancaster, Boscobel, Fennimore (Grant County)",Rural,Grant County ADRC (Aging & Disability Resource Center of Southwest Wisconsin),Demand-Response,Not specified,Phone,"Same-day, minimal advance (call 15+ min ahead)",One-way $2.00; round trip $4.00; +$0.50 extra stops,Lancaster Tue/Thu 7:30am-4pm; Boscobel Wed 8:30am-12pm & Fri 1-4pm; Fennimore Wed 1-4:30pm & Fri 8:30am-12pm,Not specified,"State ($6,161), Federal ($36,364), Local ($30,203), Farebox ($6,000) -- 2024 total expense $78,728 (smallest of 39 Tier C systems) per LFB",Active,"Wheelchair-accessible lowered-floor minivan(s), one per location",Distinct from the same ADRC's separate age/disability-restricted Bus and Trips programs (out of scope) -- only the Taxi line is general-public,fennimore.com/community-life/elderly-services/grant-county-taxi-service,42.839,-90.713,Deep sweep WI (shared-ride taxi follow-up)
Hudson Public Transit (Shared-Ride Taxi),WI,City of Hudson,Rural,Running Inc.,Demand-Response,Not specified,Phone/Online,Same-day (~60 min advance recommended),Adult $3.50; Student(5-18) $2.50; Reduced(65+/disabled) $2.50 off-peak; +$0.25/min wait; $2.50/mi out-of-city,Daily 7am-7pm,"2024 (began Jan 1, 2024)","State ($59,811), Federal ($179,812), Local ($120,000), Farebox ($84,000) -- 2024 total expense $443,623 per LFB",Active,Not specified,,hudsonwi.gov/723/Hudson-Public-Transit,44.975,-92.754,Deep sweep WI (shared-ride taxi follow-up)
Jefferson Shared-Ride Taxi,WI,City of Jefferson,Rural,"Brown Cab Service, Inc.",Demand-Response,Not specified,Phone,"Not specified (""open to all customers at all times"")",Adult $5.00; Senior/Disabled $4.00; Student $5.00; +$3.00 add'l rider; under 6 free w/ guardian; $2.25/mi out-of-town,Mon-Sat 6:30am-6pm; Sun 6:30am-4pm (limited major holidays),Not specified,"State ($29,603), Federal ($113,050), Local ($83,446), Farebox ($38,000) -- 2024 total expense $264,099 per LFB",Active,Vans and handicap-accessible vehicles,,jeffersonwis.com/residents/city-services,43.007,-88.807,Deep sweep WI (shared-ride taxi follow-up)
Lake Mills Shared-Ride Taxi,WI,City of Lake Mills,Rural,"Brown Cab Service, Inc.",Demand-Response,Not specified,Phone,"Same-day (Advance Notice Needed: No, but recommended, per Jefferson County WI's own ride-resource page)",Regular $3.00; Elderly/Disabled $1.75; Student $2.00; +$1.75 add'l rider same party; nutrition-program trips $1.00; $1.75/mi out-of-city,Sun 7am-12:30pm; Mon-Fri 7am-7pm; Sat 8am-2pm,Not specified,"State ($12,549), Federal ($62,099), Local ($49,550), Farebox ($14,000) -- 2024 total expense $138,198 per LFB",Active,Wheelchair-lift equipped vehicle(s),,cityoflakemillswi.gov/browncab,43.073,-88.915,Deep sweep WI (shared-ride taxi follow-up)
Marinette Shared-Ride Taxi,WI,City of Marinette + 3-mile radius; Peshtigo/Menominee for additional fee,Rural,"GO Riteway Transportation Group (vehicle branding reads ""Taxi Inc."")",Demand-Response,Not specified,Phone,Same-day/on-demand (~30 min response); advance available for planned/accessible-van trips,Adults/Children $5.00; Seniors(60+) $4.00; documented disabled $4.00; 10-ride coupon available,Weekdays 6am-7pm; Sat 9am-7pm; Sun 8am-7pm,Not specified,"City, State and Federally Funded",Active (RFP for continued service posted Sept 2025),Handicap-accessible van available on request,,marinette.wi.us/583/Taxi,45.10,-87.63,Deep sweep WI (shared-ride taxi follow-up)
Marshfield Shared-Ride Taxi (Public Transit),WI,City of Marshfield,Rural,Running Inc.,Demand-Response,Not specified,Phone/Online,Same-day,Adult $5.00; Senior/Disabled $3.00; Student $5.00; +$1.25 add'l rider; adult 5-punch card $25.00,Mon-Thu & Sun 6am-12am; Fri-Sat 6am-3am,"Running Inc. became provider Jan 1, 2014","FTA, WisDOT, City of Marshfield",Active,4 vehicles (live status per operator site),,cityofmarshfieldwi.gov/community/public_transit.php,44.67,-90.17,Deep sweep WI (shared-ride taxi follow-up)
Mauston Shared-Ride Taxi,WI,City of Mauston,Rural,Running Inc.,Demand-Response,Not specified,Phone,Not specified,Adults(18+) $3.75; Students(5-17) $2.00; Seniors(60+)/Disabled $2.00; children under 4 alone $2.00 (free w/ adult); MCO fare $5.00; +$1.50/mi outside city (min $1.50),Daily 6:30am-10pm,Not specified,"FTA, WisDOT, City of Mauston",Active (2024 RFP for continued service found),Handicap-accessible vehicles,,mauston.com/?SEC=04D33E69-335B-4E21-A4A5-C73FFBD644F1,43.80,-90.07,Deep sweep WI (shared-ride taxi follow-up)
Monroe Cab Company (Shared-Ride Taxi),WI,City of Monroe (city limits +1-5 mi); also serves Pleasant View county facility,Rural,"Brown Cab Service, Inc. (branded ""Monroe Cab Company"")",Demand-Response,Not specified,Phone/Online,Same-day,Adult $4.50; Senior/Disabled $2.50; Student $2.75; +$2.00 add'l rider; $1.75/mi beyond city; 10-ride punch cards available,Mon-Fri 5:30am-10pm; Sat 6am-10pm; Sun 8am-2pm,Not specified,Federal and state funding,Active,"4 vehicles ""on the road right now"" (live status)","""Rides for any purpose, to all people, and no membership is required""",cityofmonroe.org/residents/our_community/monroe_cab_company.php,42.60,-89.64,Deep sweep WI (shared-ride taxi follow-up)
New Richmond Shared-Ride Taxi,WI,City of New Richmond + 5-mile radius,Rural,Running Inc.,Demand-Response,Not specified,Phone/Online,Not specified (likely same-day),Adult/Student $3.00; Senior/Disabled $2.50; $2.00/mi out-of-town; 10-punch cards $30 (adult/student)/$25 (senior/disabled),Mon-Sat 7am-8pm; Sun 8am-6pm,"Running Inc. became provider Jan 1, 2014",Not disclosed on page,Active; 2025 UW-Madison study proposes possible regionalization with Hudson/River Falls (not yet implemented),Not specified,,newrichmondwi.gov/community/shared_ride_taxi_service.php,45.12,-92.54,Deep sweep WI (shared-ride taxi follow-up)
Oneida Public Transit,WI,Oneida Nation Reservation and surrounding areas near Green Bay; extended area to/past Fox River for medical trips,Rural,"Oneida Nation, Human Services Division",Demand-Response,Not specified,Phone; group transport via request form,"Same-day accepted (subject to availability, secondary to advance bookings); 24hr advance preferred, required for extended-area medical trips",Children(7&under) free w/ adult; Students(8-18) $1.00; Adults(19-54) $1.50; Elders(55+) free; disabled $1.00-$1.50; extended-area fares $2.50-$6.00; monthly pass $25,Mon-Fri 5am-8pm (last pickup 7:15pm),Not specified (Passenger Handbook revised July 2023),"Not specified (likely tribal transit/FTA 5311(c), not independently confirmed)",Active,"Not specified (CDL drivers, daily-inspected vehicles)","Passenger Handbook explicitly: ""Anyone in the service area can use Oneida Public Transit""; explicitly distinguishes itself from paratransit",oneida-nsn.gov/divisions/human-services/oneida-public-transit,44.70,-88.15,Deep sweep WI (shared-ride taxi follow-up)
Plover Taxi Service,WI,Village of Plover,Rural,"Unconfirmed (new provider effective Jan 1, 2026, replacing prior operator; name not found)",Demand-Response,Not specified,Phone,Not specified; wheelchair-accessible vehicles require 24hr notice,"Adults $2; Children(3-18)/Seniors(60+)/disabled $1; +$1 add'l passenger; +$1 route stop; $1/mi beyond village limits (rates as of pre-2026 provider, may be revised)",Mon-Fri 6:30am-6pm; Sat 8am-4pm; closed Sundays/major holidays,"Not specified; provider transition Jan 1, 2026",Not disclosed (WisDOT 85.20 implied per LFB Tier C listing),Active (provider transition),Not specified,Operator identity unconfirmed pending 2026 provider transition -- recommend re-verification,ploverwi.gov/253/Taxi-Service,44.46,-89.54,Deep sweep WI (shared-ride taxi follow-up)
Portage Shared-Ride Taxi,WI,City of Portage,Rural,"Go Riteway (took over Jan 1, 2026; previously Running Inc./""Portage Cab"")",Demand-Response,Not specified,Phone,"Same-day (60-90 min ahead recommended, not required)",Adult $5.50; Senior/Student/Disabled $4.25; $4.00/mi beyond city limits,Mon-Fri 6am-9pm; Sat 8am-9pm; Sun 8am-6pm,"Not specified (operator transition Jan 1, 2026; program predates this)",Not specified,Active,Not specified,,portagewi.gov/taxi-1,43.539,-89.463,Deep sweep WI (shared-ride taxi follow-up)
Prairie du Chien Shared-Ride Taxi (Coulee Cab),WI,City of Prairie du Chien,Rural,Running Inc. (dba Coulee Cab),Demand-Response,Not specified,Phone/Online,Same-day,Adult $4.00; Senior/Student/Disabled $2.50; +$2.50 extra passenger; $2.50/mi beyond city; 10-ride punch cards $40 (adult)/$25 (reduced),Mon-Fri 6:30am-11:30pm; Sat 7am-11:30pm; Sun 7am-10pm,1995,Not specified (WisDOT 85.20 program city implied),"Active (~26,500 rides/yr, 4 cabs, 9 drivers per operator)",4 cabs,"Separate Crawford County ADRC senior/disabled-only ""Taxicab Program"" also exists in same city -- out of scope, not conflated with this general-public service",runninginc.net/coulee-cab,43.052,-91.144,Deep sweep WI (shared-ride taxi follow-up)
Sauk Prairie Shared-Ride Taxi,WI,Village of Prairie du Sac and Village of Sauk City,Rural,"Brown Cab Service, Inc.",Demand-Response,Not specified,Phone/Online,Same-day,Punch card $16.25 for 10 rides within village limits; exact cash fare not found,Not specified,Not specified,"FTA, WisDOT, passenger fares, and donations",Active,Not specified,"LFB roster line item ""Prairie du Sac,"" local brand name ""Sauk Prairie""",prairiedusac.net/transportation,43.283,-89.726,Deep sweep WI (shared-ride taxi follow-up)
Reedsburg Shared-Ride Taxi,WI,City of Reedsburg (+5mi out),Rural,Running Inc.,Demand-Response,Not specified,Phone,Same-day,Adult(18-61) $4.50; Senior(62+)/Student(5-18)/Disabled $3.50; under 4 free w/ adult; $2.00/mi beyond city (up to 5mi),Mon-Sat 6am-9pm; Sun 8am-7pm (eff. 12/1/2024),Not specified,Not specified,Active,Not specified (car/booster seats provided),,reedsburgwi.gov/taxi,43.532,-90.004,Deep sweep WI (shared-ride taxi follow-up)
Richland Center Shared-Ride Taxi,WI,City of Richland Center,Rural,"Running Inc. (since May 1, 2010)",Demand-Response,Not specified,Phone/Online,Same-day,Adult $3.50; Senior/Student/Disabled $2.50; $1.75/mi out-of-town; 10-punch cards $35 (adult)/$25 (reduced),Mon-Fri 6am-10pm; Sat 8am-6pm; Sun 7am-6pm,2010 (May 1),Not specified,Active,Wheelchair-accessible vehicles included,,richlandcenterwi.gov/administration/page/shared-ride-taxi-service,43.335,-90.384,Deep sweep WI (shared-ride taxi follow-up)
Ripon Shared-Ride Taxi,WI,City of Ripon,Rural,"Brown Cab Service, Inc.",Demand-Response,Not specified,Phone,Same-day,Adult $4.75; Senior/Disabled $3.50; Student $4.00; +$3.75 add'l rider; $3.50/mi beyond city; late-night surcharge $1.25 after 10pm,Weekdays 7am-7pm; Sat 8am-7pm; Sun 8am-1pm,Not specified,"FTA, State of Wisconsin, City of Ripon, and rider fares",Active,3 vehicles currently operational,City reportedly considered cutting hours per Dec 2024/Jan 2025 news article,browncab.net/BrownCabCity?Name=Ripon,43.839,-88.839,Deep sweep WI (shared-ride taxi follow-up)
River Falls Shared-Ride Taxi,WI,City of River Falls,Rural,"Running Inc. (took over Jan 1, 2015)",Demand-Response,Not specified,Phone/Online,Same-day,"Adult $2.75; Senior(62+) $1.50; Child(3-17) $1.25; Disabled $1.50; +$1.50/mi beyond 5-mile area; punch cards (10-ride: Adult $27.50, Senior/Disabled $15.00, Student $12.50)","~6am-8/10pm weekdays, 8am-6/8pm weekends (sources conflict slightly)","Program dates to 1985; Running Inc. became operator Jan 1, 2015",State and Federal grant dollars (not itemized),Active,2 vehicles (wheelchair accessible),,rfcity.org/110/Taxi-Service,44.86,-92.62,Deep sweep WI (shared-ride taxi follow-up)
Shawano Shared-Ride Taxi (Shawano City Cab),WI,City of Shawano,Rural,Running Inc.,Demand-Response,Not specified,Phone/Online,Not specified (appears same-day/on-demand),Adult $4.50; Senior/Student/Disabled $3.50; +$1.25/mi beyond service area; 10-ride punch cards $45 (adult)/$35 (reduced),Mon-Thu 6am-7pm; Fri 6am-9pm; Sat-Sun 8am-9pm,Not specified,"Not specified (separate county ADRC discount-ticket add-on tied to WisDOT 85.21, layered on this service, not its core funding)",Active,3 vehicles,"A separate county ""Reduced Fare Taxi Ticket Program"" (60+/disabled discount add-on) exists but is not a separate gated system -- do not conflate",cityofshawano.com/164/Title-VI-TransportationCab,44.78,-88.61,Deep sweep WI (shared-ride taxi follow-up)
Tomah Shared-Ride Taxi,WI,City of Tomah,Rural,"Abby Vans, Inc.",Demand-Response,Not specified,Phone only,Not specified (24/7 phone dispatch per one source),Adult $7.00; Senior(60+) $5.00; Children(3-12) $5.00; Disabled $5.00; Veterans $5.00; Agency $15.00; +$4.00/mi outside city limits (eff. 02/04/2026),"24/7 per one secondary source; official city page unreachable (403), unverified",Not specified,WisDOT and FTA (cited generally),Active,4 wheelchair-accessible vans per one secondary source (not confirmed on operator page),,abbyvans.com/tomah-transit,43.98,-90.50,Deep sweep WI (shared-ride taxi follow-up)
Watertown Shared-Ride Taxi,WI,City of Watertown (+2mi out-of-town),Rural,"Passenger Transit, Inc.",Demand-Response,Not specified,Phone/Online,Not specified (appears same-day/on-demand),Adult $5.00; Senior/Student/Disabled $3.00; Child (w/ adult) $2.00; out-of-town trips to 2mi beyond city $10.00,Weekdays 5:30am-11:45pm; Fri-Sat to 3am; Sun 7am-5:45pm; 365 days/yr,Not specified,Not specified,Active (city renewed lease per Sept 2024 news),"Discrepancy: one source ""6 vehicles on the road""; another lists 1 full-size van + 4 buses (1 ADA) + 11 minivans (6 ADA) -- likely roster vs. active-count mismatch, unresolved",Same operator as existing Viroqua-Westby CSV row,passengertransit.net/PassengerCity?Name=Watertown,43.19,-88.73,Deep sweep WI (shared-ride taxi follow-up)
Whitewater Shared-Ride Taxi,WI,City of Whitewater,Rural,"Brown Cab Service, Inc.",Demand-Response,Not specified,Phone/Online,"Same-day (encouraged in advance, ~15 min avg pickup window)","Discrepancy: one source $2.00-$5.25 range; operator city page cites base $3.25 adult/$2.25 senior-disabled/$2.50 student, +$2.25 per add'l rider/mile beyond city",Mon-Thu 7am-7pm; Fri-Sat 7am-12am; Sun 7am-4pm,Not specified,Not specified,"Active, but noted ""limited availability due to staffing constraints,"" fleet down to 1 vehicle","1 vehicle currently on the road (wheelchair accessible, no extra charge)",Staffing/fleet-capacity concern flagged,browncab.net/BrownCabCity?Name=Whitewater,42.83,-88.73,Deep sweep WI (shared-ride taxi follow-up)
Chippewa Falls Shared-Ride Taxi,WI,City of Chippewa Falls,Rural,"Running Inc. (since Jan 1, 2011)",Demand-Response,Not specified,Phone/Online,Same-day,Discrepancy: city page Adult $2.75/Senior-Student-Disabled $1.75 vs. Running Inc. page Adult $3.00/Senior-Student-Disabled $2.00 (10-ride punch cards $30/$20) -- likely a fare increase between snapshots,Mon-Fri 5am-7pm; Sat/Sun/Holidays 6:30am-4:30pm,Not specified (operator since 2011),"FTA, State of Wisconsin, City of Chippewa Falls, passenger fares",Active,"~4 vehicles (""4 vehicles on the road right now"")",,chippewafalls-wi.gov/168/Transit,44.94,-91.39,Deep sweep WI (shared-ride taxi follow-up)
Onalaska/Holmen/West Salem DriftLink Shared-Ride Taxi,WI,"Onalaska, Holmen, West Salem (multi-municipality)",Rural,"Running Inc. (branded ""DriftLink"")",Demand-Response,Not specified,Phone/Online,Not specified (Running Inc.'s general pattern elsewhere is same-day),"""Starting at $4"" per city/news source; full fare table not found",Daily 6:30am-7pm,Not specified,"Participating municipalities (Onalaska, Holmen, West Salem) combined with state and federal grants",Active (2025 news notes possible expansion into Town of Onalaska),Not specified,Onalaska also has separate fixed MTU Bus Route #9 -- only the shared-ride taxi/DriftLink piece is captured here,onalaskawi.gov/departments/public_transit/index.php,43.89,-91.20,Deep sweep WI (shared-ride taxi follow-up)
Ozaukee County Shared-Ride Taxi,WI,Ozaukee County,Rural,"Uncertain -- STS (per county Transit Development Plan) vs. GoRiteway (per secondary sources, possibly confused with neighboring Washington County's 2026 changeover)",Demand-Response,Mobility by Ecolane,Phone/App/In-person,"Same-day (general local trips, 24hr strongly encouraged not required); 24hr required for specialized transportation and cross-county trips into Washington County","Distance-tiered, <=5mi: Adult $5/Student $4/Senior-Disabled $3; one child under 5 free w/ adult",Mon-Fri 5am-11:30pm; Sat 8:30am-10pm; Sun 8am-6pm,Not specified,"Riders, Ozaukee County Board (tax levy), WisDOT, FTA",Active,"Sedans, wheelchair-accessible vans and minibuses (county-owned, count not specified)",Operator identity unresolved -- flagged for manual verification,ozaukeetransit.com/shared-ride-taxi,43.39,-87.88,Deep sweep WI (shared-ride taxi follow-up)
Stoughton Shared-Ride Taxi,WI,City of Stoughton,Rural,Running Inc.,Demand-Response,Not specified,Phone/Online,Not specified (Running Inc.'s general pattern elsewhere is same-day),"Adult/Student $5.00; Senior/Disabled $4.00; +$1.00/mi beyond 3-mile buffer; punch cards $50 (adult/student, 10-ride)/$40 (senior/disabled, 10-ride)",Mon-Thu 6am-6pm; Fri-Sat 6am-7pm; Sun 9am-2pm,"January 2, 2018",Not documented on fetched pages,Active,2 vehicles,,runninginc.net/Stoughton-transit,42.92,-89.22,Deep sweep WI (shared-ride taxi follow-up)
Washington County Shared-Ride Taxi,WI,Washington County,Rural,GO Riteway (took over Jan 2026; previously Specialized Transport Services/STS for ~20 years),Demand-Response,Not specified,Phone only,"Same-day (general trips, call-ahead, no stated minimum); 1-day advance requested (not required) for wheelchair/special-assistance requests","Distance-tiered eff. Jan 1 2024, <=5mi: Senior/Disabled $3/Adult $10/Student $4, scaling to 20+mi: $7/$30/$9; punch cards $20 (value $23)/$60 (value $70)","Mon-Fri 5am-9pm; Sat 5am-8:30pm; Sun 8am-4pm (eff. Jan 1, 2025)",Not specified precisely (~20-yr operator tenure prior to 2026 suggests program dates to roughly mid-2000s or earlier),"FTA and WisDOT operational grants, rider fares, Washington County tax levy",Active,Wheelchair-accessible vans available (rider supplies own wheelchair),"County site: West Bend and Hartford ""have their own public taxi services"" separate from this county-wide program -- three distinct, adjacent entries",washcowisco.gov/departments/highway_department/transit_services/shared_ride_taxi,43.42,-88.19,Deep sweep WI (shared-ride taxi follow-up)
West Bend Shared-Ride Taxi,WI,City of West Bend,Rural,Running Inc. (new 5-yr contract 2025; prior operator GO Riteway 2021-2025),Demand-Response,Not specified,Phone/Email,Same-day (book 1.5-2hr ahead recommended); standing reservations up to 1 week ahead,Adults(18-64) $5.50 one-way/$55 10-ride coupon; Youth(5-17)/Seniors(65+)/Disabled $4.50/$45 coupon; under 4 free; Agency Fare Coupon $80; $1.00/mi surcharge up to 2mi beyond city,Mon-Sat 6am-10pm; Sun 8am-4pm; 30-min response-time goal (not guaranteed),Not specified (contract history to at least 2021 under GO Riteway; underlying program likely predates that),Not disclosed on fetched pages,Active,Not specified,,westbendwi.gov/community/taxi_service/index.php,43.43,-88.18,Deep sweep WI (shared-ride taxi follow-up)
COAST (City of Avalon Seaside Transit),CA,"City of Avalon, Catalina Island",Rural (isolated island resort town),City of Avalon,Microtransit,"Circuit Transit (""Ride Circuit"" app)",App/Phone,Same-day,Starts at $2/rider,Daily 7am-9pm,2024,"TDA Article 8 + an LA County Prop source (citation truncated, needs re-fetch)",Active,"5x GEM e6 electric shuttles (5-pax), 1x Ford E-Transit van (10-pax), 1x Ford E-Transit van (7-pax), all electric",Replaced old age/disability-restricted Avalon Dial-A-Ride,cityofavalon.gov/202/COAST---City-of-Avalon-Seaside-Transit,33.3428,-118.3276,Deep sweep CA (Caltrans/NTD roster follow-up)
GoMonrovia,CA,City of Monrovia (San Gabriel Valley),Suburban,City of Monrovia,Microtransit,"Lyft (subsidized rides via app, promo code GOMONROVIA)",App,Same-day,"$6.00 flat ""Lyft Pass"" fare, open to all riders","Sun-Thu 7am-10pm, Fri-Sat 7am-1am, 365 days/yr",2018 (restructured Feb 2018 from prior city dial-a-ride),Not specified (city subsidizes ~$4.00/ride per one source),Active,N/A -- uses Lyft's TNC driver fleet,"Some secondary sources describe this as Via-powered; current sourcing found only Lyft -- discrepancy, don't assume an earlier Via phase without direct confirmation",gomonrovia.com,34.1443,-118.0019,Deep sweep CA (Caltrans/NTD roster follow-up)
Claremont Dial-a-Ride,CA,"City of Claremont + Pomona Valley Medical Center, Pomona courthouse, SSA office",Suburban,"Pomona Valley Transportation Authority (PVTA), on behalf of City of Claremont",Demand-Response,Not specified,Phone,Same-day (pickup within ~45 min of call),$2.50 general public in-city / $4.00 outside city; $1.50/$2.50 senior-disabled,"Sources conflict: one gives M-F 6am-7pm & Sat 7am-6pm; another gives M-Sat 6am-10pm, Sun 6am-6pm w/ 24/7 for seniors/disabled -- unresolved, needs direct verification",Not specified,Not specified,Active,Not specified,Explicitly serves general public 16+ alongside senior/disabled riders,pvtrans.org/programs/claremont-dial-a-ride,34.0967,-117.7198,Deep sweep CA (Caltrans/NTD roster follow-up)
Rosemead GO,CA,City of Rosemead (San Gabriel Valley),Suburban,City of Rosemead,Microtransit,Via,App/Phone,Same-day,$1/ride (promo: first 10 rides free through Oct 2025),Daily 6am-8pm,"2025 (went live July 1, 2025)",Not specified,Active,"All-electric, wheelchair-accessible; count not specified","Replaced fixed-route Explorer + restricted Dial-A-Ride; companion ""GO Plus"" remains senior/disabled-restricted, separately out of scope",city.ridewithvia.com/rosemead,34.0806,-118.0728,Deep sweep CA (Caltrans/NTD roster follow-up)
California City Dial-A-Ride,CA,City of California City,"Rural (exurban desert city, Mojave Desert)",City of California City,Demand-Response,Not specified,Phone,Same-day,"Not specified (discounted rate for seniors/disabled/ADA riders, base fare not found)",Weekdays only,Not specified,Not specified,Active,Not specified,,californiacity-ca.gov/CC/index.php/transportation,35.1258,-117.9859,Deep sweep CA (Caltrans/NTD roster follow-up)
McFarland City Transit Bus (Dial-A-Ride),CA,City of McFarland,"Rural (small agricultural city, San Joaquin Valley)",City of McFarland,Demand-Response,Not specified,Phone,Same-day,$1.00 general public adult; $0.50 senior/disabled/youth,M-F 8am-4:15pm,Not specified,Not specified,Active,Not specified,,mcfarlandcity.org/home-property-community/transit,35.6788,-119.2290,Deep sweep CA (Caltrans/NTD roster follow-up)
Ridgerunner Transit Dial-A-Ride (Ridgecrest),CA,Ridgecrest + Inyokern,"Rural (high desert, eastern Kern County)","City of Ridgecrest, Ridgerunner Transit",Demand-Response,Not specified,Phone,Same-day (if capacity allows; up to 7 days advance also accepted),"Free (fare-free grant program as of Nov 1, 2024)","M-F, departures 6:45am/10:45am/3:15pm from City Hall",Not specified,Grant-funded (unspecified grant),Active,Buses w/ bike racks + wheelchair lifts,Distinct from Ridgerunner's separate fixed/deviated-route network (out of scope on its own),ridgecrest-ca.gov/197/Transit-Division,35.6225,-117.6709,Deep sweep CA (Caltrans/NTD roster follow-up)
Shafter Dial-A-Ride,CA,Shafter city limits + outer-city zone,Rural (small city near Bakersfield),City of Shafter,Demand-Response,Not specified,Phone,Advance (exact lead time unspecified; described as on-demand),$1.50 general / $1.25 senior/disabled/youth / $4.25 outer-city,"M-F 7:30am-4pm, Sat 9am-3pm",Not specified,Not specified,Active,Not specified,,shafterca.gov/148/Transit,35.5005,-119.2712,Deep sweep CA (Caltrans/NTD roster follow-up)
Taft Area Transit,CA,"Taft, Ford City, South Taft, Taft Heights","Rural (small-town, SW Kern County)",City of Taft,Demand-Response,Not specified (phone dispatch),Phone,Not specified (no confirmed advance-notice requirement found),$3.00 adult; $2.00 senior(60+)/disabled; under 5 free,M-F 7:15am-5:30pm; Sat 10:15am-2:30pm,Not specified,Not specified,Active,Not specified,,cityoftaft.org/pview.aspx?id=5385&catid=563,35.1428,-119.4581,Deep sweep CA (Caltrans/NTD roster follow-up)
Tehachapi Dial-A-Ride,CA,"Tehachapi, Old Towne, Golden Hills",Rural (mountain town),"City of Tehachapi, operated in conjunction with Kern Regional Transit",Demand-Response,Not specified,Phone,"Same-day (provided when available, not guaranteed); advance also accepted",$2.00 general; $1.00 reduced (senior/disabled/youth),M-F 6am-7pm; Sat 7:30am-5:30pm,Not specified,Not specified,Active,2 buses,"""Available to all riders on a first-come, first-served basis"". CAVEAT: shares a phone number (1-800-323-2396) and hosting domain (kerntransit.org) with the separate ""Kern Regional Transit Dial-A-Ride network"" row -- possibly the same underlying operated service rather than genuinely distinct systems; flagged for human dedup review, not resolved this pass",kerntransit.org/dial-a-ride/tehachapi-dial-a-ride,35.1325,-118.4487,Deep sweep CA (Caltrans/NTD roster follow-up)
Kern Regional Transit Dial-A-Ride network,CA,"Frazier Park, Kern River Valley, Mojave, Lamont, Rosamond (unincorporated Kern County communities)",Rural (dispersed unincorporated communities across Kern County),Kern Regional Transit (Kern County),Demand-Response,Not specified (no on-demand app found),Phone,"Same-day (provided when available, not guaranteed); advance also accepted",Not specified (varies by zone),Not specified (varies by zone); 30-min pickup window standard,Not specified,Not specified,Active,Not specified,Distinct geography from the city-operated Taft/Wasco/Tehachapi/Ridgecrest/California City/McFarland/Shafter systems. Same caveat as Tehachapi Dial-A-Ride above re: possible overlap -- flagged for human dedup review,kerntransit.org/dial-a-ride,35.0528,-118.1745,Deep sweep CA (Caltrans/NTD roster follow-up)
Atascadero Dial-A-Ride,CA,City of Atascadero,"Suburban (small city, SLO County)",City of Atascadero Public Works Department,Demand-Response,Not specified (phone dispatch),Phone,"Same-day (first-come, first-served) and advance up to a week",$5 (Zone 1) / $8 (Zone 2) general public; $2.50/$5 senior/disabled/Medicare,M-F 7:30am-3:30pm,Not specified,Not specified,Active,Wheelchair-lift buses with bike racks,,atascadero.org/service/publictransit,35.4894,-120.6707,Deep sweep CA (Caltrans/NTD roster follow-up)
COLT RIDE On-Demand (Lompoc Transit),CA,"City of Lompoc, Mission Hills, Vandenberg Village",Suburban (semi-rural north Santa Barbara County),City of Lompoc (COLT),Microtransit,Pingo (Ride Pingo app / The Routing Company),App/Phone,Same-day,$2.00 within Lompoc city limits; $4.00 to/from Mission Hills or Vandenberg Village,M-F 6am-10pm; Sat 9am-5pm,2025 (early September 2025),Not specified,Active,Not specified (all vehicles ADA-accessible),Distinct from Lompoc's separate ADA paratransit,cityoflompoc.com/government/departments/public-works/transportation/city-of-lompoc-transit,34.6391,-120.4579,Deep sweep CA (Caltrans/NTD roster follow-up)
Chowchilla Area Transit Express (CATX),CA,"Chowchilla city limits + ""Gold Line"" destinations","Rural (small city, Central Valley)",City of Chowchilla,Demand-Response,Not specified,Phone,"Same-day (min 2hr notice); 1-day advance preferred, not required","$1.50 in-city / $2.00 Zone 2 / up to $3.00 Gold Line, senior discounts",Weekdays ~8am-4pm,Not specified,Not specified (generic federal DOT assistance referenced),Active,Wheelchair-lift buses,,cityofchowchilla.org/223/Chowchilla-Area-Transit-CATX,37.1177,-120.2588,Deep sweep CA (Caltrans/NTD roster follow-up)
Corcoran Area Transit (C-A-T),CA,Corcoran city limits + fringe/cemetery/state prisons,"Rural (small city, Central Valley)",City of Corcoran,Demand-Response,Not specified,Phone,Same-day (on-demand per operator framing; only 7:15-8am early pickups require day-before booking),$1.50 city / $3.50 fringe / $4.00 cemetery / $5.00 prisons; reduced $0.75-$2.50 senior/ADA,M-F 7:15am-5pm,"1999 (secondary source, unconfirmed)",Not specified,Active,Not specified,,cityofcorcoran.ca.gov/departments/transit/index.php,36.0980,-119.5605,Deep sweep CA (Caltrans/NTD roster follow-up)
MCT On Demand (Moorpark City Transit),CA,City of Moorpark,Suburban (eastern Ventura County),City of Moorpark Public Transit Division,Microtransit,RideCo,App/Web/Phone,"Same-day (~15 min pickup, advance option available)",$1.00 general public / $0.50 seniors 65+ / free for children <=5 and qualifying college students,M-F 6am-7pm,Not specified,Not specified,Active,ADA-accessible; count not specified,"Moorpark also runs a separate senior 65+ Dial-A-Ride and ADA paratransit -- both eligibility-restricted, out of scope on their own",mctondemand.com,34.2856,-118.8823,Deep sweep CA (Caltrans/NTD roster follow-up)
Porterville transPORT,CA,City of Porterville,"Suburban (small city, Central Valley)","City of Porterville, Porterville Transit",Microtransit,Not specified,App/Phone,Same-day,$5.00 one-way,"M-Sat 6am-10pm, Sun 8am-8pm",2020 (April),Not specified,Active,Wheelchair-accessible vehicles,Supersedes older senior/ADA-preferred Dial-A-COLT for general ridership,ci.porterville.ca.us/departments/porterville_transit/transport.php,36.0652,-119.0168,Deep sweep CA (Caltrans/NTD roster follow-up)
TRACER Plus (City of Tracy),CA,Within Tracy city limits,Suburban (Central Valley),City of Tracy (contracted to MTM Transit),Microtransit,"Via (""Ride Tracer"" app)",App/Phone,Same-day,$4 general (up to 3 passengers); $2 ADA/senior (up to 2 passengers),Varies by day (fills gaps around fixed-route hours),"~2020-2021 (announced Aug 2020, exact launch date unconfirmed)",Not specified,Active,Not specified,Distinct from separate eligibility-restricted TRACER Paratransit,cityoftracy.org/Departments/Public-Works/Traffic-Transportation/TRACERBus-Service,37.7397,-121.4252,Deep sweep CA (Caltrans/NTD roster follow-up)
Dixon Readi-Ride,CA,City of Dixon (separate medical paratransit runs to Vacaville/Davis),Rural (exurban Solano County),City of Dixon,Demand-Response,Not specified,Phone,"Same-day (space-available basis); 1-day advance recommended for time-sensitive rides, not required",Not specified,Not specified,1983,Not specified,Active,~8 vehicles per a 2022 STA planning doc (may be stale),"Solano Mobility describes it as ""on-demand, rather than route-based,"" general public",cityofdixonca.gov/departments/Transit/IntercityTransportation,38.4455,-121.8233,Deep sweep CA (Caltrans/NTD roster follow-up)
Rio Vista Delta Breeze - Route 51 Dial-A-Ride,CA,"Rio Vista, Isleton, Delta resort communities along SR-160",Rural (Delta river towns),City of Rio Vista (contracted to Transportation Concepts),Demand-Response,Not specified,"Phone / 511 ""Rio Vista Transit""","Same-day (min 30 min notice), also up to 7 days advance",Not specified,10am-1pm and 3pm-4:30pm,Not specified,FTA 5311 (5310 also referenced),Active,Not specified,,riovistacity.com/deltabreeze,38.1552,-121.6913,Deep sweep CA (Caltrans/NTD roster follow-up)
Colusa County Transit Agency,CA,"Colusa, Williams, Arbuckle, Princeton, Maxwell, Stonyford, Sites, Grimes/Meridian",Rural (Sacramento Valley agricultural county),"Colusa County Transit Agency (JPA, est. Oct 1, 1979)",Demand-Response,Not specified,Phone,Advance (reservation required; out-of-county medical trips by 2pm prior day),$1.50 in-town; $2.00 intercity; $3.50 to Yuba City,M-F 7am-5pm,Not specified (agency est. 1979),Not specified generally; out-of-county medical trips grant-sponsored,Active,9 vehicles agency-wide; 6 buses running daily,Flex route/dial-a-ride hybrid; no age/disability enrollment gate found,countyofcolusaca.gov/433/Transit-Information,39.2143,-122.0094,Deep sweep CA (Caltrans/NTD roster follow-up)
Eastern Sierra Transit Authority - Bishop/Mammoth Dial-A-Ride,CA,"Bishop, Mammoth Lakes, Lone Pine, Walker",Rural (Eastern Sierra mountain communities),Eastern Sierra Transit Authority,Demand-Response,"Not specified (an ""ESTA Dial-A-Ride app"" exists, platform vendor not identified)",Phone/App,Same-day (available by phone),Adult(16-59) fare tier confirmed alongside senior/disabled/child tiers; exact amount not retrieved (other sources suggest $3-$5 one-way by destination),M-Thu 7am-6:30pm; Fri 7am-2am; Sat 8:30am-2am; Sun 8am-12:30pm,Not specified,Not specified,Active,Not specified,Adult general-public fare tier alongside senior/disabled priority on holidays -- prioritizes but doesn't restrict,estransit.com/dial-a-ride,37.3635,-118.3953,Deep sweep CA (Caltrans/NTD roster follow-up)
Lake Transit Authority Dial-A-Ride,CA,Clearlake/Lower Lake and Lakeport,Rural (Lake County),Lake Transit Authority,Demand-Response,Not specified,Phone,"Same-day possible; ADA-certified riders prioritized for advance bookings (priority, not restriction)",Not specified,Same as local fixed-route hours (not retrieved),Not specified,Not specified,Active,Not specified,,laketransit.org/dial-a-ride,39.0430,-122.9164,Deep sweep CA (Caltrans/NTD roster follow-up)
Sage Stage (Modoc Transportation Agency),CA,Alturas + ~10-mile radius,"Rural (remote NE California county seat, ~2,700 pop)",Modoc Transportation Agency (dba Sage Stage); MV Transportation contract operator,Demand-Response,Not specified (traditional phone dispatch),Phone,"Same-day/walk-on accepted at designated stops (Alturas Rite Aid, Susanville Walmart, Burney McDonalds); 1-day advance preferred elsewhere",$2.00 general public; $1.00 children/senior/disabled,Not specified,Not specified,Not specified,Active,Not specified,,sagestage.com,41.4871,-120.5427,Deep sweep CA (Caltrans/NTD roster follow-up)
Desert Roadrunner Dial-A-Ride (Palo Verde Valley Transit Agency),CA,Blythe / East Riverside County & Palo Verde Valley,"Rural (desert, small city ~18,000 pop, CA/AZ border)",Palo Verde Valley Transit Agency (dba RidePV),Demand-Response,Not specified,Phone,"Same-day (min 2hr notice, up to 7 days advance also accepted)",Not specified (pass-based; amount not found),24/7 per source (unusual for a small rural DAR -- worth verifying),Not specified,Not specified,Active,Not specified,"Agency ""can also carry general passengers to or from areas without fixed routes"" -- prioritizes but doesn't restrict; distinct from separate fixed-route Desert Roadrunner buses; older name ""XTend-A-Ride"" could not be corroborated as current",pvvta.com,33.6103,-114.5964,Deep sweep CA (Caltrans/NTD roster follow-up)
Plumas Transit evening on-demand,CA,Quincy / American Valley,"Rural (mountain, small unincorporated county seat ~1,700 pop)",Plumas County Transportation Commission (Plumas Transit Systems),Microtransit,The Routing Company (Ride Pingo app),App/Phone,"Same-day (app-based, no fixed schedule during evening block)",Not specified,M-F 5:00-6:30pm and 7:30-8:45pm (evening only; daytime remains fixed route),"2024 (May 15, 2024)",Not specified for this specific service (agency receives FTA 5311 operating assistance generally),Active,Not specified,Only the evening app-booked block is in scope; daytime service remains fixed route,plumastransit.com,39.9366,-120.9490,Deep sweep CA (Caltrans/NTD roster follow-up)
Tuolumne County Transit Agency Dial-A-Ride,CA,Tuolumne County (Sonora and surrounding communities),"Rural (Sierra Nevada foothills, county seat ~5,000 pop)",Tuolumne County Transit Agency,Demand-Response,Via (confirmed via official app package ridewithvia.talan.tuolumnecounty),App/Phone,Same-day (on-demand),Not specified,Not specified,Not specified,Not specified,Active,8 demand-response vehicles (per 2023 NTD data),"Agency self-describes as ""curb to curb ADA Paratransit and Demand Response,"" open to general public ""on demand""; distinct from the county's ADA paratransit tier running alongside it",tuolumnecountytransit.com/dial-a-ride,37.9880,-120.3822,Deep sweep CA (Caltrans/NTD roster follow-up)
Morongo Dial-A-Ride,CA,"Morongo Indian Reservation, Banning/San Gorgonio Pass area","Rural (reservation area, Riverside County)",Morongo Band of Mission Indians,Demand-Response,Not specified,Phone,Not specified precisely,$1 one-way; $30 monthly pass (2014 launch figures; still fare-collecting per 2024 NTD revenue),M-F 6am-5pm,2014 (March),"Federal grants ($30,842 in FY2024 per NTD) + local government funds, consistent with FTA Section 5311(c) Tribal Transit Program",Active/Mature,"""Orange and white buses"" (2014 description); NTD 2024 shows 1 vehicle in maximum service","Restricted to reservation residents/tribal ID holders, which per project guidance counts as general public for that community; explicitly serves ""seniors, the disabled, students and others""",morongonation.org/transportation,33.93,-116.88,Deep sweep CA (Caltrans/NTD roster follow-up)
Yurok Tribe Transit Services - Demand Response,CA,"Yurok Ancestral Territory - Klamath, Weitchpec, Requa vicinity","Rural (coastal/reservation area, Del Norte/Humboldt Counties)",Yurok Tribe (Transportation Department),Demand-Response,Not specified,Phone,Not specified precisely,$1 each way (2013 launch figure; not reconfirmed current),Weekday service (exact hours not specified),2013,FTA Section 5311(c) Tribal Transit Formula Grant (confirmed via a DOL Davis-Bacon filing),"Active/Mature (4,418 annual unlinked trips per 2023 NTD)",Wheelchair-lift-equipped van (2013 description); NTD doesn't split fleet count by mode (15 revenue vehicles total across bus/DR/ferry),"2013 launch article describes it as open to ""all residents in the community""",yuroktribe.org/transportation,41.53,-124.04,Deep sweep CA (Caltrans/NTD roster follow-up)
Mobility on Demand (Gainesville RTS),FL,East Gainesville MOD zone,Urban,City of Gainesville Regional Transit System (RTS),Microtransit,Not specified,App/Phone,Same-day / up to 7 days advance,Free,"Weekdays 5:30-8:30am, 4:30-8:00pm",Not specified,Not specified,Active,Not specified,Not specified,go-rts.com,29.66,-82.29,Deep sweep FL (bounded verification follow-up)
Bond County Transit,IL,Bond County,Rural,Bond County Transit,Demand-Response,Not specified,Phone (transit office schedules; drivers do not),Not specified,Not specified,Not specified,Not specified,Not specified,Active,"16 revenue vehicles (2023 NTD); lift-accessible, 800 lb max combined weight","Site explicitly states ""ANYONE OF ANY AGE IS ELIGIBLE TO RIDE!""",bondcountytransit.org,38.8917,-89.4109,Deep sweep IL (bounded follow-up)
Waupaca County Catch a Ride,WI,Waupaca County (county-wide),Rural,Feonix - Mobility Rising (contracted by Waupaca County),Demand-Response,"SkedGo (per source; Feonix has used multiple TMS vendors elsewhere, worth double-checking)",Phone/App/Web,"Same-day accepted anytime during operating hours (phone/app/web); 24-48hr advance requested, not required","$3.00 (0-5mi), $4.00 (5-10mi), $5.00 (10+mi); 2nd rider -$1; PCAs and children 5-and-under free",Mon-Fri 5am-12am; Sat 6am-12am; Sun 8am-4pm,2026 (county-wide public version; underlying Feonix partnership dates to 2021 as employment-only pilot),Federal DOT Section 5311,"Active (newly launched 2026, ramping up trip-purpose priorities)",Not specified,Not specified,waupacacountycatcharide.org,44.3585,-89.0815,Deep sweep WI (bounded follow-up)
Cook County Transit,GA,Cook County / Adel,Rural,Cook County,Demand-Response,Not specified,Phone,Not specified,Not specified,Not specified,Not specified,Not specified,Active,8 vehicles,Not specified,https://cookcountyga.us/for-your-information/transit/,31.1418,-83.4243,GA batch 1 follow-up
Pierce County Transit,GA,Pierce County / Blackshear,Rural,Pierce County,Demand-Response,Not specified,Phone,Not specified,Not specified,Not specified,1992,Not specified,Active,Not specified,Not specified,https://piercecountyga.gov/road-department/,31.3018,-82.2360,GA batch 1 follow-up
Haralson County Transit,GA,Haralson County / Buchanan,Rural,Haralson County Board of Commissioners,Demand-Response,Not specified,Phone,Same-day (call by 2pm); 2-day advance for out-of-town trips,"$2-$10 by destination (cash/check only, exact fare)",Mon-Fri 7am-3pm,Not specified,Not specified,Active,Wheelchair-accessible vehicles,Not specified,https://www.haralsoncountyga.gov/transit-service.cfm,33.8032,-85.1830,GA batch 1 follow-up
Taylor County Transit,GA,Taylor County / Butler,Rural,Taylor County Transit Authority,Demand-Response,Not specified,Phone,Advance (3-day recommended),Not specified,Not specified,Not specified,Not specified,Active,3 vehicles,Not specified,https://taylorcountyga.com/departments-transit-authority.php,32.5487,-84.2352,GA batch 1 follow-up
Murray County Transit,GA,Murray County / Chatsworth,Rural,Murray County,Demand-Response,Not specified,Phone,Not specified,Not specified,Mon-Fri 8am-5pm (office),Not specified,"Murray County Government, GDOT, FTA",Active,Not specified,Not specified,https://www.murraycountyga.org/directory.aspx?did=18,34.7648,-84.7969,GA batch 1 follow-up
Habersham County Transit,GA,Habersham County / Clarkesville,Rural,Habersham County,Demand-Response,Not specified,Phone,Same-day ($2 same-day fee itemized in current fee schedule; no 24hr requirement found on current site),$0.60/mile (no minimum),Mon-Fri 7am-4pm,Not specified,Not specified,Active,Not specified,Rides not guaranteed; first-come first-served,Not specified,34.6062,-83.5254,GA batch 1 follow-up
Wilkinson County Transit,GA,Wilkinson County / Irwinton,Rural,Wilkinson County Transit Department,Demand-Response,Not specified,Phone,"Same-day (call-in, subject to bus availability)",$2.00 one-way (ages 0-61); $1.00 for seniors 62+,Mon-Fri 8:00am-5:00pm,Not specified,GDOT rural transit program (assumed 5311; not independently confirmed),Active,3 revenue vehicles/vans (~4465 annual unlinked trips per 2022 FTA NTD),"General public with priority for elderly/disabled riders, medical appointments, work, and students -- priority only, not a certification requirement",wilkinsoncounty.net/transit,32.8107,-83.3005,GA batch 2 follow-up
Lincoln County Transit,GA,Lincoln County / Lincolnton,Rural,Lincoln County Government,Demand-Response,Not specified,Phone,Not specified,Not specified,Not specified,Not specified,Not specified,Active,Not specified,"FTA NTD lists Lincoln County Transit (LCT) as ""Rural General Public Transit,"" ~11184 annual unlinked trips (most recent NTD profile). Could not locate a live county transit webpage within budget -- thinner data than other rows in this batch",Not specified,33.7940,-82.4749,GA batch 2 follow-up
Crawford County Transit,GA,Crawford County / Roberta,Rural,Crawford County Transit Department,Demand-Response,Not specified,Phone,Advance,$1 in-county one-way ($2 RT); $2 out-of-county one-way ($4 RT); +$1/additional stop,Mon-Fri 7am-3pm,Not specified,Not specified (GDOT/FTA 5311 implied),Active,Not specified,"Also serves Bibb, Houston, Peach, Taylor, Upson counties",https://www.crawfordcountyga.org/transit-department/,32.7346,-84.0163,GA batch 3 follow-up
Hancock County Transit,GA,Hancock County / Sparta,Rural,Hancock County Government,Demand-Response,Not specified,Phone,Not specified,Not specified,Mon-Sat 4am-5pm (per county listing); office Mon-Fri 9am-5pm,Not specified,Not specified,Active,Not specified,"FTA NTD classifies as 'Rural General Public Transit' (2014/2016/2019 profiles); ~13,397 annual unlinked trips (2019); housed alongside Hancock County Senior Center but not restricted to certified seniors",https://www.hancockcountyga.gov/transit-department,33.2782,-82.9718,GA batch 3 follow-up
Talbot County Transit,GA,Talbot County / Talbotton,Rural,Talbot County Government,Demand-Response,Not specified,Phone,Advance,Round-trip rates $4-$10 depending on destination,Mon-Fri 7:30am-2:30pm,Not specified,Not specified,Active,5 revenue vehicles,"~5,717 annual unlinked passenger trips (FTA NTD)",https://www.talbotcountyga.org/transit,32.6773,-84.5391,GA batch 3 follow-up
Wilkes County Transit,GA,Wilkes County / Washington,Rural,Wilkes County Commission Transit,Demand-Response,Not specified,Phone,"Same-day (on-demand for city riders, one ride home per day cap); Advance (24hr) for other county trips",Not specified,"Mon-Thu 7:30am-5pm, Fri 7:30am-12pm",Not specified,Not specified,Active,Not specified,"Scheduled city departures 7:30am/10am/12:30pm/2pm/4pm plus on-demand city service; serves Washington, Tignall, Rayle",https://www.wilkescountyga.org/transit,33.7357,-82.7332,GA batch 3 follow-up
Rio Metro Valencia County Dial-A-Ride,NM,"Valencia County: Belen, Bosque Farms, Los Chavez, Los Lunas, Peralta, Rio Communities, Tome, UNM-Valencia Campus; connects to NM Rail Runner Express stations and Albuquerque medical trips",Mixed,Rio Metro Regional Transit District (RMRTD),Demand-Response,Not specified,Phone,"Advance (up to 2 weeks ahead; requests due by noon prior business day, or noon Friday for Monday trips)",Free,Reservations Mon-Fri 5:00am-3:00pm; service operates Mon-Fri 4:30am-8:30pm,Not specified,Not specified,Active,Not specified,"General-public curb-to-curb dial-a-ride across Valencia County; distinct from RMRTD's Rio Rancho Dial-a-Ride (62+/disabled-only, excluded as paratransit) and Pueblo of Isleta Dial-a-Ride (eligibility unresolved)",riometro.org/244/Valencia-County,34.6636,-106.7767,Deep sweep NM (coverage-gap follow-up)
Rockin' 66 Express,NM,"Cibola County: Milan, Grants, Bluewater Village, Mt. Taylor Addition, San Rafael (extended-area stops require 24hr notice)",Rural,Village of Milan / Cibola Area Transit System,Demand-Response,Not specified,Phone/Text,Advance (1 day to 1 week; Monday trips due by Friday 3:00pm),$0.75/trip; $0.30 students age 10-17; free for veterans with ID; $30 monthly pass (60 rides),Mon-Fri 7:30am-5:00pm,Not specified,Not specified,Active,ADA-compliant buses and vans with wheelchair lifts/ramps,"General-public demand-response dial-a-ride, formerly branded ""Carrot Express""",villageofmilan.com/department/transit/index.php,35.1706,-107.8942,Deep sweep NM (coverage-gap follow-up)
Po'Pay Messenger,NM,"Ohkay Owingeh Pueblo and surrounding four-county area (~4,000 sq mi primary service area, ~10,079 route miles)",Rural,Ohkay Owingeh Pueblo (tribal government),Demand-Response,Not specified,Phone,Not specified,Not specified,Not specified,Not specified,FTA Tribal Transit Program (Section 5311(c)),Active,Not specified,"Serves both enrolled tribal members (3,000+) and non-Indian community members (11,500+) residing within Ohkay Owingeh boundaries -- meets the general-public/visitor test even though most riders are tribal members. Booking line: 505-852-4014",Not specified,36.0644,-106.0653,Deep sweep NM (coverage-gap follow-up)
Corre Cantinas,NM,Silver City and Grant County (expanded to Luna County Sept 2009),Rural,Corre Caminos (in partnership with Grant County DWI Program / Luna County DWI Program),Demand-Response,Not specified,Phone,Same-day,"$3.50 one-way / $7.00 round-trip, exact change required","Fri-Sat evenings (sources conflict on end time: 6:00pm-2:30am per Grant County site vs. 6:00pm-midnight, last pickup 11:45pm, per correcaminosnm.com)",2006 (Grant County DWI partnership); expanded to Luna County 2009,Grant/Luna County DWI Programs + NMDOT grant funding,Active,Not specified,"EDGE CASE flagged for human scope review: a weekend-night ""safe ride home"" service tied to DWI-prevention program funding rather than general mobility, but operated by the public regional transit agency (Corre Caminos), open to the general public, same-day phone-dispatched, no fixed schedule -- meets literal scope criteria on eligibility grounds even though its purpose framing is narrow. Distinct from the daytime Silver Route, which is route-deviation only (excluded, not a standalone system).",correcaminosnm.com/programs,32.7701,-108.2803,Deep sweep NM (coverage-gap follow-up)
CoosGO,OR,Bandon (Coos County),Rural,Coos County Area Transportation District (CCAT/CCATD),Demand-Response,Not specified,Phone (541-267-7111),Advance,$3 per person per ride ($2.75 via Token Transit app); children 18 and under free; monthly pass $30,Tuesdays only 9:00am-11:00am and 12:00pm-4:00pm,2025,Not specified,Active,Wheelchair-accessible vehicles (count not specified),"Curb-to-curb, confirmed open to general public on CCAT's own site. Operates within a 14-sq-mi Bandon zone (Bullards Beach State Park to Beach Loop Road); riders outside zone dropped near a fixed/intercity route. Distinct from CoosLIFT (same operator, ADA/senior-certified only, excluded). CCAT news references an unverified ""CoosGO South"" expansion, not independently confirmed.",coostransit.org/ways-to-go/coos-go,43.12,-124.41,Deep sweep OR (coverage-gap follow-up)
UPTD Dial-A-Ride,OR,"Douglas County -- areas primarily outside the ADA Paratransit service zone; trips may begin/end anywhere within the UPTD service area, subject to availability",Rural,Umpqua Public Transportation District (UPTD),Demand-Response,Not specified,Phone (888-232-8121 dispatch),Advance,$3 per trip; 12-ride ticket book $30,Not specified,Not specified,Not specified,Active,Not specified,"Confirmed via UPTD's own site: ""DAR is open to the general public, with priority given to seniors (age 60+) and individuals with disabilities... not ADA complementary paratransit."" Shared-ride, space-available, registration (not certification) required. Distinct from UPTD ParaTransit (disability-certification required, excluded).",umpquatransit.org/uptd-dial-a-ride-service,43.22,-123.34,Deep sweep OR (coverage-gap follow-up)
Blugo (Clinton Transit),MI,St. Johns and DeWitt (Clinton County),Suburban,Clinton Area Transit System (Clinton Transit),Microtransit,Ecolane (inferred from Clinton Transit app package name com.ecolane.bluebus.app; not independently confirmed as Blugo's specific backend),App (Clinton Transit app),Same-day,"$2.00 regular one-way within zone; $1.00 discounted (seniors 60+, youth <18, veterans, disabled)",Mon-Sat 7am-7pm,Not specified,Not specified,Active,Not specified,"Zone-based service -- pickup and drop-off must be in the same zone (St. Johns or DeWitt). Pickup as fast as ~10 minutes depending on availability. Part of Clinton Transit's MDOT Advancing Rural Mobility Program partnership; distinct from Clinton Transit's traditional mileage-based dial-a-ride service, which also serves the general public.",https://www.mybluebus.com/services-fares/,43.0011,-84.5602,MI coverage-gap follow-up
I-Ride (Isabella County Transportation Commission),MI,Isabella County (Mt. Pleasant area) with cross-county transfers,Rural,Isabella County Transportation Commission (ICTC),Demand-Response,Not specified,Phone (989-772-9441),Same-day,$2 regular; $1.50 youth; $1.00 senior/disabled; free age 80+ and under 5 (with paying adult); double fare outside Isabella County,Not specified,Not specified,Not specified,Active,Not specified,General-public eligibility confirmed as ICTC's public transportation service. Shared-ride demand-response countywide; same-day accepted but advance planning requested; 'Will-Call' flexible booking option; targets max 45-minute trips.,https://www.ictcbus.com/,43.5978,-84.7675,MI coverage-gap follow-up
I-DART (Ionia Dial-A-Ride),MI,City of Ionia and surrounding area,Rural,City of Ionia Public Transportation,Demand-Response,Via (inferred from Google Play package com.ridewithvia.ioniadialaride; not independently confirmed on city site),"Phone (616-527-4000), rider app","Same-day (30-min pickup window, 1hr advance if possible)","Punch-card based; Adult multi-ride card $28; Senior Hour $1/one-way (M-F 10-11am, 1-2pm); full fare schedule not confirmed",Mon-Fri 6:30am-4:45pm; Sat 9am-1pm,1980 (service established),Not specified,Active,Not specified,"General-public shared-ride demand-response, established 1980, later added app-based booking. Priority tiers favor daily recurring trips and 24-hour advance reservations over same-day requests, so classified Advance. Peak hours 7-9am and 2:30-4pm.",https://cityofionia.org/189/Dial-a-Ride,42.9848,-85.0692,MI coverage-gap follow-up
The Interurban,MI,"Saugatuck, Douglas, and Saugatuck Township (Allegan County)",Rural,Interurban Transit Authority,Demand-Response,Not specified,Phone (269-857-1418),Same-day,Not specified,Business hours vary by season (not further specified),Not specified,Not specified,Active,Not specified,"General-public curb-to-curb demand-response, open to residents and visitors. Accommodates bookings with as little as 15 minutes' notice; advance reservations also accepted.",https://saugatuckinterurban.org/,42.6539,-86.2010,MI coverage-gap follow-up
Antrim County Transportation,MI,Antrim County,"Rural northern lower Michigan county (Bellaire, Central Lake, Mancelona, Elk Rapids environs)",Antrim County Transportation (ACT),Demand-Response,Not specified,Phone,"Same-day (first-call-first-serve, call anytime during office hours)",Not specified,"Monday-Friday, 6:00 AM - 6:00 PM",Not specified,Not specified,Active,Not specified,"~24,944 annual unlinked passenger trips (2023 NTD); 16 revenue vehicles; 213,858 annual vehicle revenue miles",https://www.antrimcountymi.gov/departments___services_/antrim_county_transportation/index.php,45.0339,-85.2081,MI coverage-gap follow-up batch 2
Arenac Public Transportation Authority,MI,Arenac County,"Rural county in Michigan's northeast Lower Peninsula (Standish, Twining, Au Gres)",Arenac Public Transportation Authority (Arenac Transit),Demand-Response,Not specified,Phone,Not specified,$2.00 standard; $1.00 students/seniors/disabled; free for veterans and riders 80+,06:00 AM - 07:00 PM daily,Not specified,Not specified,Active,Not specified,Out-of-county medical trips also offered,https://arenactransit.com/,44.0009,-83.9508,MI coverage-gap follow-up batch 2
Clare County Transit Corporation,MI,Clare County,"Rural central Michigan county (Harrison, Clare, and surrounding townships)",Clare County Transit Corporation (CCTC),Demand-Response,Not specified,Phone,Same-day (contingent on bus availability); 24hr advance preferred,$2.00-$3.00 depending on distance,Not specified,Not specified,Not specified,Active,Not specified,"~53,386 rides in FY2023-24 over 293 service days; 441,637 miles; no membership required, open to all residents",http://www.clarecountytransit.org/,44.0161,-84.7967,MI coverage-gap follow-up batch 2
Crawford County Transportation Authority,MI,Crawford County,"Rural north-central Michigan county (Grayling and surrounding communities: Frederic, Maple Forest, Beaver Creek, South Branch, Lovells)",Crawford County Transportation Authority (CCTA),Demand-Response,Not specified,Phone,Not specified,Not specified,Monday-Friday 6:00 AM - 6:00 PM (last call 5:30 PM); Saturday 9:00 AM - 4:00 PM within city of Grayling only (last call 3:30 PM),1976,Not specified,Active,"16 buses and 3 vans, all wheelchair lift equipped",Not specified,https://crawfordbus.org/about-us/,44.6620,-84.7189,MI coverage-gap follow-up batch 2
Gladwin City/County Transit,MI,Gladwin County,Rural mid-Michigan county (City of Gladwin and surrounding townships),Gladwin City County Transit,Demand-Response,Not specified,"Phone, Online (payment portal)",Advance,$3.00 adult; $1.50 seniors 60+/disabled/students K-college/children; free preschooler with paying adult,Monday-Friday 6:00 AM - 8:00 PM (phone lines 6:30 AM-5:30 PM); Saturday 5:30 AM - 5:00 PM; closed Sunday,1996,Not specified,Active,Not specified,Not specified,https://www.gladwintransit.com/,43.9814,-84.4930,MI coverage-gap follow-up batch 2
Iosco Transit Corporation,MI,Iosco County,"Rural northeast Michigan county along Lake Huron (East Tawas, Tawas City, Oscoda, and surrounding areas)",Iosco Transit Corporation (ITC),Demand-Response,Ecolane,Phone,Not specified,~$2.25-$3.00 depending on distance,Not specified,Not specified,Not specified,Active,6 vehicles operated at maximum service,"~26,000 annual ridership; time-share/flexible-route service also offered to outlying parts of the county; curb-to-curb shared rides; open to all, no membership required",https://www.facebook.com/p/Iosco-Transit-Corporation-ITC-100064103525431/,44.2695,-83.4402,MI coverage-gap follow-up batch 2
Kalkaska Public Transit Authority,MI,Kalkaska County,Rural northern Michigan county (village of Kalkaska and surrounding countryside); also connects to Traverse City,Kalkaska Public Transit Authority (KAT/Kalkaska Area Transit),Demand-Response,Not specified,Phone,Not specified,"Not specified (seniors ride free countywide, effective Jan 1 2020)",Not specified,Not specified,Not specified,Active,Not specified,Offers separate 'Door to Door (Village)' and 'Door to Door (Countywide)' services distinct from student flex routes; free medical trips to Munson Medical Center via contract,https://kalkaskatransit.com/,44.7331,-85.1809,MI coverage-gap follow-up batch 2
Manistee County Transportation,MI,Manistee County,Rural northwest Michigan county along Lake Michigan (City of Manistee and surrounding townships),Manistee County Transportation Inc.,Demand-Response,Not specified,Phone,Not specified,Not specified,Monday-Friday 5:30 AM - 6:00 PM (last reservation 5:00 PM); Saturday 10:00 AM - 5:00 PM (last reservation 4:00 PM),1975,"Federal (36.3% of FY2020 operating funds per NTD), local",Active,24 revenue vehicles (NTD),"Students riding to West Shore Community College ride free; discounted rates for seniors, youths, and persons with disabilities",https://www.manisteecountytransportationinc.com/,44.2453,-86.3273,MI coverage-gap follow-up batch 2
Ogemaw County Public Transportation,MI,Ogemaw County,Rural north-central Michigan county (West Branch and surrounding townships),Ogemaw County Public Transit (OCPT),Demand-Response,Not specified,Not specified,Not specified,Not specified,Monday-Friday 7:00 AM - 6:00 PM,Not specified,Not specified,Active,14 vehicles,Not specified,https://www.ocmi.us/transit/,44.2761,-84.2413,MI coverage-gap follow-up batch 2
Thunder Bay Transportation Authority,MI,Alpena County,"City of Alpena and areas just outside city limits (northeast Michigan, Lake Huron shore)",Thunder Bay Transportation Authority (DART),Demand-Response,Not specified,Phone,Not specified,Not specified (free for riders 90+ within service area),7 days a week,1974,Local millage (subject of 2024 renewal vote),Active,7 wheelchair-lift-equipped buses,"~100,000 rides in 2023 (~75% Alpena city residents); over 4 million cumulative passengers and 7.7 million fleet miles since 1974",https://thunderbaytransportation.com/,45.0617,-83.4327,MI coverage-gap follow-up batch 2
Yates Township Transportation System,MI,Lake County,Yates Township and over thirteen adjacent townships in rural west-central Michigan (Idlewild area),Yates Township (Yates Dial-A-Ride),Demand-Response,Not specified,Phone,Same-day (1hr advance if possible); 24hr notice appreciated,Not specified,"6 days/week regular service; Sunday pilot (Yates/Pleasant Plains/Webber Townships only, reservations required by noon Friday, continuing through at least December 2026)",1976,Not specified,Active,Not specified,"Pilot deviated flex route extending Friday/Saturday hours in Yates, Pleasant Plains, and Webber Townships; serves human service agencies, senior centers, and riders with disabilities alongside general public",https://www.yatesdialaride.com/,43.8886,-85.7047,MI coverage-gap follow-up batch 2
Straits Regional Ride,MI,"Cheboygan, Emmet, and Presque Isle Counties","Multi-county rural service connecting Cheboygan, Onaway, Wolverine, Indian River, Petoskey, Alanson, and Mackinaw City in Michigan's northern Lower Peninsula",Cheboygan County (Straits Regional Ride),Demand-Response,Not specified,Phone,Advance,Not specified,Monday-Friday 6:00 AM - 5:00 PM dispatch; reduced hours when local schools are closed,Not specified,Not specified,Active,14 revenue vehicles (NTD 2022); wheelchair/walker/bicycle accessible,"35,147 annual unlinked passenger trips, 215,000 annual vehicle revenue miles, 13,545 annual vehicle revenue hours (FTA NTD 2022 Annual Agency Profile, ID 50285); supplemental true dial-a-ride offered within City of Cheboygan and a 5-mile radius",https://www.cheboygancounty.net/departments-services/straits-regional-ride/,45.6469,-84.4738,MI coverage-gap follow-up batch 2
Benson County Transportation,ND,Benson County (Maddock); serves surrounding county residents along routes at pre-determined meeting places,Rural,Benson County Transportation,Demand-Response,Not specified,Phone,"Same-day (advance appreciated, not required); cancellations preferred by noon prior business day",Not specified,Not specified,Not specified,Not specified,Active,Not specified; wheelchair accessible vehicles,"Operator's own site describes door-to-door demand-response service 'available to all ages' (general public), with free rides for veterans to medical appointments and Medicaid non-emergency medical transport as additional payer types, not access restrictions.",https://www.bensoncountytransit.com,47.9502,-99.5285,ND coverage-gap follow-up batch 1
Cavalier County Transit,ND,Cavalier County (Langdon),Rural,Cavalier County Transit,Demand-Response,Not specified,Phone,"Same-day (Langdon area, advance preferred not required); out-of-town trips require 72hr advance",Varies by destination; call dispatch for fare information,In-town Langdon Mon-Fri 8:00am-4:00pm; dispatch/scheduling Mon-Fri 8:30am-4:30pm; out-of-town trips require 72 hours advance notice,Not specified,Not specified,Active,Not specified,"Open to the general public per operator materials; trips for medical, shopping, banking, salon, youth activities, work, senior center, or personal/social visits.",https://www.cavaliercountyseniormealsandservices.com/Cavalier-County-Transit,48.7605,-98.3673,ND coverage-gap follow-up batch 1
Dickinson Public Transit,ND,Stark County and City of Dickinson; trips to Bismarck,Rural,Dickinson Public Transit,Demand-Response,Not specified,Phone,"Same-day (may require pickup-time negotiation, vehicle availability not guaranteed); advance encouraged","$4 one-way in-town Dickinson; higher for out-of-town trips (e.g., Bismarck); cash, check, credit card, or digital balance",Not specified; rides scheduled at least one day in advance,Not specified,Not specified,Active,Every vehicle can transport ambulatory and non-ambulatory riders (ADA accessible),Operator's own site states the service is 'open to the general public.',https://www.public-transit.org,46.8792,-102.7896,ND coverage-gap follow-up batch 1
Golden Valley/Billings County Council on Aging Public Transit,ND,Golden Valley and Billings Counties (Beach); also marketed locally as Billings County Transit,Rural,Golden Valley/Billings County Council on Aging,Demand-Response,Not specified,Phone,Advance,Not specified,Not specified,Not specified,County mill levy plus state and federal grants (per operator),Active,Not specified; van service covers a stated 160-mile service radius,"ND Community Action Partnership statewide transit resource guide lists this provider (both as 'Golden Valley County Public Transportation' and 'Billings County Transit,' same phone number) among services explicitly stated to be 'open to the public' with no age/sex/race/national origin/religion discrimination. Second-tier confidence: relies on third-party state resource guide rather than the operator's own site, which was less explicit.",https://www.goldenvalleycounty.org/boards/council-on-aging/,46.9219,-104.0119,ND coverage-gap follow-up batch 1
Hazen Public Transit,ND,"City of Hazen and surrounding area (Mercer County); Bismarck route Wednesdays, Dickinson route 2nd Thursday monthly",Rural,City of Hazen (Hazen Busing Project),Demand-Response,Not specified,Phone,Advance,Not specified,7:30am-5:00pm,Not specified,Not specified,Active,Includes an ADA mini-van; total fleet count not specified,"Described in search results as dial-a-ride service whose clients are 'the general public, the elderly and/or disabled' -- general public explicitly included, not restricted to eligibility-certified riders.",https://hazennd.gov/transit,47.2966,-101.6238,ND coverage-gap follow-up batch 1
James River Public Transit,ND,"Sheridan, Stutsman, and Wells counties (Jamestown); medical travel to Bismarck and Fargo",Rural,"James River Senior Citizens Center, Inc. (501c3 nonprofit)",Demand-Response,Not specified,Phone,"Same-day (Jamestown in-town, 24hr requested not required); Bismarck/Fargo out-of-town routes require advance booking",$2.50 one-way (dial-a-ride),"7 days a week, excluding holidays",Not specified,Not specified,Active,Not specified,"Operator markets itself directly as 'A General Public Transit Provider' in its own brochure; 24-hour notice requested but not required for dial-a-ride trips, suggesting near-same-day service in practice despite an Advance-labeled norm.",https://jamesriverseniors.com/transit/,46.9105,-98.7084,ND coverage-gap follow-up batch 1
Kenmare Wheels & Meals,ND,"Burke, Renville, and Ward Counties (Kenmare); rural route added to service area",Rural,"Kenmare Wheels & Meals, Inc. (nonprofit)",Demand-Response,Not specified,Phone,Same-day (phone reservations by 9am same day); email reservations need 2 days,$1.50 per round trip,"Mon, Wed, Thu 9:00am-4:00pm; Tue, Fri 9:00am-2:00pm",Not specified,Not specified,Active,Not specified,"Local news feature (kenmarend.com) quotes the service as available to 'persons of any age -- it's for kids, it's for adults, it's for anybody,' despite organizational mission language centered on senior meals/transport.",https://www.wheelsandmeals.org/kenmare-public-transit,48.6716,-102.0693,ND coverage-gap follow-up batch 1
Kidder Emmons Senior Services Public Transit,ND,"Kidder and Emmons Counties (Steele), with routes into Burleigh, Stutsman, and Wells counties",Rural,Kidder Emmons Senior Services (Kidder Council on Aging),Demand-Response,Not specified,Phone,"Same-day (within communities, if possible); 24hr advance recommended; city-to-city routes require noon-day-before booking",$1.00 within City of Steele; $9-$10 outside Steele depending on destination,Not specified,Not specified,Not specified,Active,3 vehicles,Operator states 'We are open to the Kidder County Public!' -- explicit general-public framing despite 'Senior Services' name.,https://kiddercountyseniors.com/kidder-county-senior-services/,47.1728,-99.9048,ND coverage-gap follow-up batch 1
Nutrition United Transit (Can-Do Transportation),ND,"Towner County (Can-Do Transportation service area); operator HQ in Rolla is the Rolette County seat, not Towner County -- see separate 'Rolette County Transit' row for the distinct Rolette County program",Rural,"Nutrition United, Inc. (nonprofit, est. 1978)",Demand-Response,Not specified,Phone,Advance,Not specified,Not specified,Not specified,Not specified,Active,"4 revenue vehicles (per FTA National Transit Database, 2023); 7,853 annual unlinked passenger trips (2023)","ND Community Action Partnership statewide transit resource guide lists 'Can-Do Transportation (Towner County)' -- same phone number, 701-477-6421, as Nutrition United -- among providers explicitly stated to be 'open to the public.' No independent confirmation found directly on an operator-run site; org's primary mission is senior meal service, so treat as moderately-confirmed general public.",Not specified,48.8577,-99.6199,ND coverage-gap follow-up batch 1
South Central Transit Network,ND,"Barnes, Emmons, Foster, Griggs, LaMoure, McIntosh, and Nelson Counties (Valley City)",Rural,"South Central Adult Services Council, Inc.",Demand-Response,Not specified,Phone,Same-day (first-call-first-served); advance as far as possible recommended,Not specified (posted per county on operator site),Not specified; not available on legal holidays,Not specified,Not specified,Active,ADA accessible; wheelchair accessible vehicles available,"Operator's own site states transit is 'available to the general public...for people of all ages,' first-call-first-served, on-demand and scheduled rides.",https://southcentraltransitnetwork.org,46.9247,-98.0032,ND coverage-gap follow-up batch 1
Devils Lake Transit,ND,"City of Devils Lake; Senior Meals & Services (parent operator) also serves Eddy, Benson, Ramsey, and Towner Counties under related branding",Rural,"Senior Meals & Services, Inc.",Demand-Response,Not specified,Phone,"Same-day (in-town, calls taken until 4:30pm); Grand Forks/Starkweather-Hampden/Edmore-Lawton-Brocket out-of-town routes require advance booking","Fare categories include Adult, Escort, and Under 16 (no dollar amounts found)",Mon-Fri 7:35am-5:00pm; calls accepted until 4:30pm,Not specified,Not specified,Active,Not specified,"ND Community Action Partnership statewide resource guide lists Devils Lake Transit among providers explicitly 'open to the public.' Fare categories (Adult/Escort/Under 16) rather than an eligibility-certification requirement support general-public inclusion, though operator's parent org name centers on seniors -- moderate confidence.",https://www.seniormealsandservices.com/dl-transit.html,48.1128,-98.8651,ND coverage-gap follow-up batch 1
Turtle Mountain Transit,ND,"Turtle Mountain Indian Reservation, Rolette County (Belcourt)",Rural,Turtle Mountain Band of Chippewa Indians,Demand-Response,Not specified,Phone,Not specified,Free (FTA-reported fare revenue $0 in 2023 and 2024),Not specified,Not specified,Federal (FTA/NTD-reporting tribal transit program),Active,4 revenue vehicles (2024 NTD),"Also operates/known as ""Turtle Mountain Tribal Transit"" -- same system, confirmed via matching phone numbers and single FTA NTD ID 88146. 2024 NTD: 3,236 unlinked passenger trips, 90,576 annual vehicle revenue miles. Distinct defunct entity ""Royal Coach Transportation, Inc."" also served Belcourt but was involuntarily dissolved 2018-08-08 -- excluded as discontinued.",https://tmchippewa.com/,48.8347,-99.7513,ND coverage-gap follow-up batch 2
Spirit Lake Transit,ND,Spirit Lake Reservation (Fort Totten); Benson/Eddy/Nelson/Ramsey county area,Rural,Spirit Lake Tribe (Employment & Training / 477 Program office),Demand-Response,Not specified,Phone,Not specified,$1 per ride; $20 punch ticket available,Not specified,Not specified,"Federal, state, local, and fare revenue (FTA 2023: ~$361K federal operating funds)",Active,7 revenue vehicles (2023 NTD),"FTA NTD ID 88128. 2023: 9,804 unlinked passenger trips. Distinct tribe/service area from the Turtle Mountain cluster -- do not conflate.",https://www.spiritlakenation.com/programs/employment-training/,47.9647,-98.9987,ND coverage-gap follow-up batch 2
Trenton Indian Service Area Aging Program,ND,"Trenton Indian Service Area, Williams County (Trenton, near Williston)",Rural,Trenton Indian Service Area (TISA) Aging Program,Demand-Response,Not specified,Phone,Not specified,Not specified,Not specified (TISA general office hours Mon-Fri 8:00am-4:30pm),Not specified,"Federal, state, and local (FTA 2015: state 41.7%, federal 31.3%, local 26.8%; total funding $84,746)",Active,Not specified,"Listed in the ND CAP statewide transportation resource guide as a public transportation agency ""available to everyone."" TISA is a distinct federally-recognized service area for Turtle Mountain Band of Chippewa descendants in NW ND, separate from the Turtle Mountain reservation cluster. 2018 NTD: 3,815 unlinked passenger trips.",https://mytisa.org/,48.1974,-103.8779,ND coverage-gap follow-up batch 2
Roswell Dial-a-Ride,NM,"Roswell city limits, NM -- off-route stops not served by the Main Street fixed route",Suburban,City of Roswell (Pecos Trails Transit / Roswell Transit),Demand-Response,Not specified,Phone,Same-day,$0.25 (same as Main Street fixed route); free for children under 5 and U.S. military veterans,"7 days/week; weekday hours align with fixed-route service (Mon-Fri ~6:07am-10:20pm, weekends ~9:08am-5:11pm)",Not specified,"FTA Section 5311 (Non-Urbanized Area Formula) -- confirmed for Roswell Transit system generally, not specific to Dial-a-Ride",Active,Not specified,"Distinct from City of Roswell's separate ADA-certified-only Paratransit/HandiVan program (same operator); not a door-to-door service, transfers to Main Street trips route through the transit terminal",https://www.roswell-nm.gov/290/Bus-Routes-Information,33.3943,-104.5230,NM/OR unresolved-leads follow-up
