{"type":"FeatureCollection","features":[{"type":"Feature","properties":{"name":"Black River Area Development (BRAD) Public Transit","boundary_type":"places","source":"Census TIGER place","fidelity":"approximate","updated":"2026-09","units":"Pocahontas city; Walnut Ridge city; Hoxie city; Piggott city; Corning city; Clay County; Lawrence County; Randolph County","note":"City routes serve Pocahontas, Walnut Ridge, Hoxie, Piggott, and Corning; county routes extend service into Clay, Lawrence, and Randolph counties (with incidental stops in Greene and Craighead counties, not mapped). https://bradcorp.org/services/transportation/","confidence":0.6},"geometry":{"type":"Polygon","coordinates":[[[-91.35434,35.97962],[-91.35388,35.99415],[-91.35282,36.02385],[-91.35173,36.05358],[-91.35096,36.06231],[-91.35038,36.06898],[-91.34862,36.12549],[-91.34887,36.14177],[-91.34873,36.1474],[-91.3487,36.1481],[-91.34846,36.15763],[-91.35199,36.15771],[-91.35204,36.15797],[-91.35078,36.20117],[-91.34986,36.23013],[-91.34983,36.23097],[-91.33216,36.23081],[-91.33111,36.24462],[-91.3124,36.2443],[-91.28805,36.24383],[-91.2678,36.2435],[-91.26042,36.24345],[-91.25933,36.24347],[-91.25933,36.24409],[-91.25892,36.25788],[-91.25874,36.27927],[-91.25848,36.33089],[-91.27597,36.33087],[-91.27486,36.37458],[-91.29243,36.37474],[-91.29155,36.38918],[-91.31009,36.3898],[-91.30873,36.42043],[-91.34423,36.42085],[-91.34907,36.42091],[-91.34906,36.42192],[-91.3489,36.43559],[-91.35338,36.43561],[-91.35325,36.4504],[-91.35761,36.45037],[-91.35739,36.46508],[-91.3619,36.46492],[-91.36185,36.47217],[-91.3806,36.47238],[-91.38048,36.47964],[-91.39845,36.47993],[-91.39819,36.48706],[-91.40724,36.48719],[-91.40687,36.49712],[-91.40514,36.49717],[-91.40492,36.49712],[-91.32747,36.49734],[-91.3024,36.49741],[-91.23565,36.49759],[-91.2274,36.49762],[-91.21864,36.49756],[-91.21736,36.49751],[-91.17242,36.49761],[-91.17239,36.49761],[-91.12653,36.49771],[-91.10923,36.49782],[-91.09628,36.49789],[-91.09588,36.49787],[-91.06369,36.49795],[-91.04634,36.49799],[-91.01797,36.49806],[-91.01671,36.49809],[-91.00856,36.49827],[-90.98126,36.49836],[-90.98072,36.49836],[-90.96306,36.49842],[-90.96291,36.49842],[-90.96065,36.49843],[-90.94044,36.49841],[-90.92493,36.4984],[-90.87922,36.49838],[-90.87687,36.49842],[-90.87657,36.49831],[-90.87377,36.49807],[-90.87259,36.4981],[-90.86373,36.49828],[-90.85043,36.49855],[-90.80263,36.49853],[-90.78424,36.49852],[-90.78245,36.49852],[-90.77891,36.49852],[-90.76567,36.49849],[-90.72629,36.49837],[-90.71123,36.49832],[-90.693,36.49851],[-90.65325,36.49849],[-90.64849,36.49845],[-90.61255,36.49856],[-90.60545,36.49846],[-90.5943,36.49846],[-90.58534,36.4985],[-90.58429,36.49849],[-90.57618,36.49845],[-90.57611,36.49845],[-90.51418,36.49841],[-90.50016,36.4984],[-90.49503,36.49837],[-90.49457,36.49837],[-90.46742,36.49834],[-90.4391,36.49831],[-90.43164,36.4983],[-90.42598,36.4983],[-90.37662,36.49825],[-90.3708,36.49824],[-90.33989,36.49821],[-90.3264,36.49816],[-90.31778,36.49812],[-90.26549,36.49792],[-90.24591,36.49784],[-90.22894,36.49777],[-90.22073,36.49786],[-90.2207,36.49786],[-90.21769,36.4978],[-90.21732,36.4978],[-90.19394,36.49782],[-90.15248,36.49795],[-90.15441,36.49683],[-90.15387,36.49534],[-90.15501,36.49365],[-90.15736,36.49422],[-90.15905,36.49373],[-90.15931,36.49245],[-90.15857,36.49157],[-90.156,36.49039],[-90.15637,36.48775],[-90.15946,36.48761],[-90.15931,36.48583],[-90.15714,36.48432],[-90.15946,36.48134],[-90.15938,36.48008],[-90.15884,36.47956],[-90.14833,36.47617],[-90.14538,36.47651],[-90.14368,36.47603],[-90.14227,36.47214],[-90.14222,36.47055],[-90.14633,36.46952],[-90.15289,36.47093],[-90.1557,36.4661],[-90.1558,36.46355],[-90.14462,36.46279],[-90.14385,36.46325],[-90.14316,36.46368],[-90.14248,36.46342],[-90.14153,36.46299],[-90.1411,36.46179],[-90.14115,36.46169],[-90.14157,36.46077],[-90.1414,36.45987],[-90.14004,36.45788],[-90.13732,36.45541],[-90.13685,36.45089],[-90.13603,36.44294],[-90.13399,36.43791],[-90.13414,36.4366],[-90.13756,36.43191],[-90.13904,36.43127],[-90.14272,36.43116],[-90.1438,36.42848],[-90.14414,36.42581],[-90.14374,36.42443],[-90.1395,36.42146],[-90.13777,36.42121],[-90.13559,36.4229],[-90.1348,36.42324],[-90.13423,36.42283],[-90.13475,36.41833],[-90.13492,36.4169],[-90.13622,36.41535],[-90.13865,36.41455],[-90.13851,36.41395],[-90.135,36.41372],[-90.13104,36.41507],[-90.12872,36.41166],[-90.12144,36.41093],[-90.1199,36.41019],[-90.11584,36.40823],[-90.11468,36.40604],[-90.10949,36.40407],[-90.10437,36.40464],[-90.10364,36.40472],[-90.09435,36.40396],[-90.08043,36.40076],[-90.07867,36.39912],[-90.07759,36.39734],[-90.07737,36.39699],[-90.07669,36.39587],[-90.07423,36.3933],[-90.0729,36.39301],[-90.06891,36.38866],[-90.06451,36.38208],[-90.06389,36.37298],[-90.06496,36.36693],[-90.0663,36.3593],[-90.07065,36.3561],[-90.07538,36.35015],[-90.07772,36.34948],[-90.0777,36.34848],[-90.07467,36.34479],[-90.07407,36.34289],[-90.07506,36.34177],[-90.07719,36.34134],[-90.07823,36.33651],[-90.07588,36.33518],[-90.07557,36.33404],[-90.07699,36.33079],[-90.07888,36.32798],[-90.08142,36.32564],[-90.08196,36.3221],[-90.07998,36.31862],[-90.07908,36.31841],[-90.0773,36.31933],[-90.0765,36.31924],[-90.06927,36.31315],[-90.06722,36.30924],[-90.06398,36.30304],[-90.07009,36.29471],[-90.07171,36.29337],[-90.0778,36.28835],[-90.07779,36.28832],[-90.07593,36.28149],[-90.08373,36.27233],[-90.08647,36.27153],[-90.08791,36.27145],[-90.09125,36.27126],[-90.10017,36.26899],[-90.10523,36.26684],[-90.11032,36.26697],[-90.11294,36.26656],[-90.11492,36.26559],[-90.11671,36.25904],[-90.11822,36.25349],[-90.12448,36.2442],[-90.12596,36.24342],[-90.12972,36.24323],[-90.13057,36.24209],[-90.13011,36.24031],[-90.12732,36.23642],[-90.12726,36.23635],[-90.12466,36.23555],[-90.12467,36.23379],[-90.12637,36.22937],[-90.13236,36.22644],[-90.13478,36.2264],[-90.13809,36.22725],[-90.14224,36.22752],[-90.15142,36.21917],[-90.1525,36.21558],[-90.15614,36.21371],[-90.15738,36.21382],[-90.15941,36.21542],[-90.16117,36.21577],[-90.16774,36.21332],[-90.17328,36.2103],[-90.17969,36.20826],[-90.18285,36.20511],[-90.18579,36.20467],[-90.18819,36.20536],[-90.19005,36.20149],[-90.19036,36.20138],[-90.2675,36.20081],[-90.26772,36.20054],[-90.28823,36.20058],[-90.32096,36.20058],[-90.32079,36.23014],[-90.31975,36.23015],[-90.31975,36.239],[-90.31976,36.24467],[-90.31958,36.25914],[-90.33407,36.25932],[-90.35565,36.25945],[-90.36426,36.25953],[-90.3724,36.25957],[-90.37387,36.25977],[-90.39102,36.25923],[-90.42689,36.25934],[-90.46391,36.25996],[-90.48087,36.26042],[-90.4827,36.26114],[-90.5205,36.26142],[-90.53479,36.26155],[-90.55273,36.26339],[-90.58882,36.26407],[-90.58879,36.26508],[-90.59316,36.26514],[-90.62471,36.26552],[-90.73439,36.26805],[-90.78867,36.26662],[-90.80668,36.26703],[-90.80793,36.22447],[-90.80819,36.22372],[-90.80869,36.19354],[-90.80906,36.17867],[-90.80907,36.17851],[-90.80931,36.17411],[-90.80914,36.17083],[-90.80931,36.16412],[-90.80981,36.14966],[-90.77761,36.14937],[-90.77349,36.14948],[-90.75956,36.14945],[-90.74752,36.14911],[-90.74833,36.14632],[-90.7502,36.14475],[-90.76348,36.13451],[-90.7659,36.13162],[-90.77065,36.125],[-90.77129,36.12362],[-90.77166,36.12244],[-90.7712,36.11749],[-90.77066,36.11129],[-90.77132,36.10863],[-90.77258,36.1075],[-90.77733,36.10514],[-90.77826,36.10323],[-90.77941,36.10232],[-90.78009,36.10431],[-90.78106,36.10469],[-90.78203,36.10349],[-90.78505,36.1041],[-90.7865,36.1013],[-90.78974,36.10023],[-90.78918,36.0989],[-90.78986,36.09649],[-90.79073,36.09678],[-90.79138,36.09439],[-90.79065,36.09324],[-90.79138,36.09248],[-90.7933,36.09288],[-90.79448,36.09152],[-90.79436,36.08821],[-90.79624,36.08809],[-90.7987,36.0893],[-90.80023,36.08835],[-90.79992,36.08731],[-90.80242,36.08597],[-90.80511,36.08766],[-90.80573,36.08641],[-90.80839,36.08492],[-90.81045,36.0829],[-90.81119,36.08407],[-90.81181,36.08288],[-90.81336,36.08316],[-90.81372,36.08192],[-90.81533,36.08085],[-90.81603,36.0814],[-90.81692,36.08037],[-90.81921,36.08038],[-90.82074,36.07976],[-90.82083,36.07842],[-90.822,36.07789],[-90.82219,36.07551],[-90.82342,36.07364],[-90.82191,36.07111],[-90.82318,36.06955],[-90.82452,36.0685],[-90.82473,36.05849],[-90.82548,36.05517],[-90.83887,36.03998],[-90.84054,36.03647],[-90.84056,36.0348],[-90.83827,36.02592],[-90.83775,36.02285],[-90.8385,36.02134],[-90.8458,36.01107],[-90.85487,36.00256],[-90.85531,36.00111],[-90.85537,35.99807],[-90.85477,35.9972],[-90.85371,35.99631],[-90.85407,35.9952],[-90.85814,35.99355],[-90.8581,35.99581],[-90.86003,35.99572],[-90.85823,35.99042],[-90.85708,35.99004],[-90.85368,35.99022],[-90.85081,35.98821],[-90.84853,35.98776],[-90.84681,35.98861],[-90.8451,35.98695],[-90.84707,35.98577],[-90.8474,35.98394],[-90.84444,35.98376],[-90.84231,35.98323],[-90.84113,35.98159],[-90.84142,35.97897],[-90.84292,35.97791],[-90.84499,35.97873],[-90.8474,35.97884],[-90.84882,35.97716],[-90.84776,35.97563],[-90.84634,35.97521],[-90.84454,35.97593],[-90.84402,35.97346],[-90.84684,35.9731],[-90.84723,35.97164],[-90.849,35.97261],[-90.84973,35.97202],[-90.852,35.97106],[-90.85199,35.96788],[-90.85122,35.96727],[-90.85047,35.96576],[-90.85114,35.96382],[-90.85214,35.96303],[-90.85471,35.96256],[-90.85521,35.96167],[-90.85442,35.95928],[-90.85525,35.95889],[-90.85716,35.96022],[-90.85813,35.95956],[-90.85787,35.95803],[-90.85988,35.95768],[-90.86154,35.9556],[-90.86091,35.95378],[-90.85902,35.95463],[-90.85831,35.95422],[-90.85775,35.952],[-90.85661,35.95047],[-90.85741,35.94963],[-90.8607,35.94855],[-90.8634,35.94957],[-90.86477,35.94727],[-90.86432,35.94555],[-90.86212,35.9462],[-90.86066,35.94549],[-90.86102,35.94417],[-90.86022,35.94262],[-90.86204,35.94161],[-90.86575,35.94147],[-90.8656,35.94065],[-90.86273,35.93879],[-90.86288,35.93049],[-90.8599,35.93034],[-90.85914,35.92907],[-90.86122,35.9267],[-90.86017,35.92524],[-90.86153,35.92409],[-90.8722,35.92439],[-90.87285,35.88087],[-90.98086,35.88366],[-91.03256,35.88503],[-91.03265,35.88503],[-91.07862,35.88701],[-91.0886,35.88754],[-91.1387,35.89003],[-91.19854,35.89004],[-91.19856,35.89002],[-91.22307,35.89042],[-91.24754,35.89081],[-91.29978,35.89075],[-91.35742,35.89066],[-91.35689,35.90709],[-91.35528,35.95618],[-91.35499,35.9593],[-91.35434,35.97962]]]}},{"type":"Feature","properties":{"name":"CADC/SCAT (South Central Arkansas Transit)","boundary_type":"counties","source":"Census TIGER county","fidelity":"exact","updated":"2026-09","units":"Calhoun County; Clark County; Columbia County; Dallas County; Garland County; Hempstead County; Hot Spring County; Howard County; Little River County; Lafayette County; Lonoke County; Miller County; Montgomery County; Nevada County; Ouachita County; Pike County; Saline County; Sevier County; Union County","note":"19-county service area explicitly documented.","confidence":0.95},"geometry":{"type":"MultiPolygon","coordinates":[[[[-93.03663,33.01759],[-93.07069,33.01779],[-93.07317,33.0179],[-93.08143,33.01793],[-93.10098,33.01779],[-93.10144,33.01774],[-93.11973,33.01778],[-93.15435,33.01786],[-93.15792,33.01786],[-93.1974,33.01795],[-93.21565,33.01839],[-93.22324,33.01826],[-93.23861,33.01799],[-93.23865,33.01799],[-93.30818,33.01816],[-93.3084,33.01818],[-93.34035,33.01834],[-93.37713,33.01823],[-93.39206,33.0183],[-93.39593,33.01831],[-93.41448,33.01839],[-93.42266,33.01842],[-93.42524,33.01844],[-93.43763,33.01849],[-93.46704,33.01861],[-93.4671,33.01861],[-93.4671,33.01861],[-93.48951,33.01844],[-93.49056,33.01844],[-93.49089,33.01844],[-93.491,33.01844],[-93.49215,33.01845],[-93.52097,33.01862],[-93.52099,33.01862],[-93.52492,33.01864],[-93.52541,33.01864],[-93.5315,33.01864],[-93.61086,33.01898],[-93.67489,33.01925],[-93.67626,33.01926],[-93.72327,33.01946],[-93.80714,33.01938],[-93.81455,33.01937],[-93.8146,33.01937],[-93.89105,33.01931],[-93.89558,33.01931],[-93.91823,33.01929],[-94.02447,33.01921],[-94.02798,33.01914],[-94.03584,33.01915],[-94.04144,33.01919],[-94.04296,33.01922],[-94.04304,33.07948],[-94.04295,33.08604],[-94.04287,33.09273],[-94.04295,33.11728],[-94.04301,33.13389],[-94.04308,33.13816],[-94.04308,33.13818],[-94.04318,33.14348],[-94.04272,33.16029],[-94.04287,33.19978],[-94.04288,33.19984],[-94.04289,33.20267],[-94.04288,33.21522],[-94.04273,33.24182],[-94.043,33.25013],[-94.04301,33.25179],[-94.04303,33.25523],[-94.04305,33.2609],[-94.04299,33.27123],[-94.04299,33.27124],[-94.04299,33.27124],[-94.04307,33.3305],[-94.04307,33.33957],[-94.04307,33.3438],[-94.04307,33.34735],[-94.04307,33.3498],[-94.04307,33.3521],[-94.04307,33.35281],[-94.04313,33.35872],[-94.04313,33.35876],[-94.04287,33.37117],[-94.04305,33.37772],[-94.04304,33.3805],[-94.04301,33.38781],[-94.04297,33.40006],[-94.04294,33.40559],[-94.04294,33.40565],[-94.04291,33.41311],[-94.04289,33.41966],[-94.04289,33.42023],[-94.04296,33.42844],[-94.04299,33.43102],[-94.04299,33.43459],[-94.04299,33.43582],[-94.043,33.43838],[-94.04301,33.43981],[-94.04305,33.4457],[-94.04306,33.44803],[-94.04306,33.44842],[-94.04309,33.45293],[-94.04309,33.45365],[-94.04312,33.45845],[-94.04319,33.47032],[-94.04319,33.47037],[-94.04319,33.47037],[-94.04327,33.48946],[-94.04328,33.49103],[-94.04325,33.49128],[-94.04301,33.49304],[-94.04302,33.49387],[-94.04302,33.49406],[-94.0432,33.51885],[-94.04329,33.5302],[-94.04337,33.54232],[-94.04343,33.55143],[-94.04343,33.55158],[-94.04345,33.55225],[-94.04497,33.5517],[-94.04604,33.55132],[-94.05021,33.55108],[-94.05188,33.55259],[-94.0561,33.55073],[-94.0619,33.54976],[-94.06548,33.55091],[-94.06909,33.55341],[-94.07216,33.55386],[-94.07383,33.55583],[-94.07374,33.55828],[-94.07172,33.55968],[-94.06798,33.56096],[-94.06669,33.56095],[-94.06118,33.55916],[-94.05985,33.55925],[-94.05644,33.561],[-94.05566,33.56189],[-94.0561,33.56725],[-94.0566,33.56782],[-94.06128,33.5688],[-94.06618,33.5689],[-94.06685,33.56891],[-94.0678,33.57013],[-94.06828,33.57197],[-94.06856,33.57356],[-94.06952,33.57416],[-94.0704,33.57456],[-94.07135,33.57484],[-94.07171,33.5746],[-94.07203,33.57416],[-94.07203,33.57352],[-94.07223,33.57261],[-94.07267,33.57223],[-94.08264,33.57549],[-94.08894,33.57532],[-94.09744,33.57372],[-94.10011,33.57257],[-94.10318,33.57035],[-94.11284,33.56699],[-94.1199,33.567],[-94.12036,33.5655],[-94.12072,33.56056],[-94.12288,33.55311],[-94.1239,33.5521],[-94.1269,33.55065],[-94.12866,33.55095],[-94.13138,33.55293],[-94.13305,33.55795],[-94.13431,33.56921],[-94.13514,33.57103],[-94.13605,33.57139],[-94.13686,33.571],[-94.1434,33.56551],[-94.14524,33.56499],[-94.14852,33.56568],[-94.15146,33.56839],[-94.15175,33.56948],[-94.15126,33.57179],[-94.14951,33.5736],[-94.14567,33.5756],[-94.14302,33.57773],[-94.14185,33.57959],[-94.14216,33.58139],[-94.14438,33.5821],[-94.14605,33.58197],[-94.14873,33.5802],[-94.15263,33.57592],[-94.15678,33.57575],[-94.16128,33.57927],[-94.16201,33.58088],[-94.16108,33.58797],[-94.16227,33.58891],[-94.16227,33.58891],[-94.17633,33.59108],[-94.18088,33.59261],[-94.18391,33.59468],[-94.18712,33.59137],[-94.19089,33.58747],[-94.19446,33.58289],[-94.19654,33.58172],[-94.19975,33.5811],[-94.20359,33.58082],[-94.20579,33.58138],[-94.21097,33.58314],[-94.213,33.58349],[-94.21443,33.58319],[-94.2172,33.58074],[-94.21741,33.57926],[-94.21614,33.57639],[-94.21133,33.57377],[-94.20967,33.57351],[-94.2074,33.57435],[-94.20427,33.575],[-94.20111,33.57585],[-94.19637,33.57478],[-94.1944,33.57368],[-94.19248,33.57043],[-94.18988,33.56245],[-94.19133,33.55767],[-94.19325,33.55615],[-94.19639,33.55512],[-94.19782,33.55524],[-94.19949,33.55609],[-94.20124,33.55783],[-94.20359,33.56655],[-94.20563,33.56723],[-94.20808,33.56691],[-94.21254,33.56386],[-94.2136,33.56313],[-94.21581,33.56037],[-94.21922,33.5561],[-94.22292,33.55409],[-94.22639,33.55291],[-94.23184,33.55209],[-94.23336,33.55223],[-94.2379,33.55268],[-94.2502,33.55676],[-94.25157,33.55819],[-94.25228,33.56045],[-94.25233,33.56186],[-94.25111,33.56528],[-94.24437,33.57355],[-94.23887,33.57672],[-94.23798,33.57776],[-94.23684,33.58091],[-94.23636,33.58599],[-94.23697,33.58741],[-94.24018,33.58954],[-94.24278,33.58971],[-94.24593,33.58911],[-94.25266,33.58614],[-94.2578,33.58251],[-94.26275,33.57735],[-94.26567,33.57359],[-94.27085,33.56478],[-94.27098,33.56322],[-94.272,33.56152],[-94.27447,33.55865],[-94.2756,33.55796],[-94.27909,33.55703],[-94.28757,33.55718],[-94.28944,33.55763],[-94.2909,33.55887],[-94.29169,33.56348],[-94.29037,33.56791],[-94.28217,33.57299],[-94.2806,33.57491],[-94.28085,33.57719],[-94.28265,33.58098],[-94.28358,33.58189],[-94.28702,33.58241],[-94.28913,33.58214],[-94.29326,33.58042],[-94.29839,33.57622],[-94.30102,33.57302],[-94.30358,33.56828],[-94.30718,33.5598],[-94.30621,33.55768],[-94.30641,33.55562],[-94.30845,33.55309],[-94.30958,33.55167],[-94.31949,33.54886],[-94.32366,33.54984],[-94.32768,33.55149],[-94.33059,33.55269],[-94.33183,33.55335],[-94.3332,33.55537],[-94.33387,33.55739],[-94.33389,33.55746],[-94.33438,33.56254],[-94.33494,33.56359],[-94.33842,33.56708],[-94.34058,33.56788],[-94.34402,33.56782],[-94.34551,33.56731],[-94.35243,33.56217],[-94.35265,33.56061],[-94.34729,33.5522],[-94.34738,33.55108],[-94.34895,33.54836],[-94.35595,33.54318],[-94.35792,33.54321],[-94.35897,33.54323],[-94.36135,33.54461],[-94.3633,33.54496],[-94.3716,33.545],[-94.37339,33.54447],[-94.38167,33.54404],[-94.38609,33.54492],[-94.38952,33.54678],[-94.39257,33.55114],[-94.39723,33.55379],[-94.39994,33.5571],[-94.40162,33.55938],[-94.40074,33.56253],[-94.39769,33.5649],[-94.39437,33.56564],[-94.39236,33.56529],[-94.38805,33.56551],[-94.38253,33.56706],[-94.38009,33.56894],[-94.37856,33.57133],[-94.37776,33.57461],[-94.37808,33.57702],[-94.37965,33.58061],[-94.38289,33.58327],[-94.38593,33.58189],[-94.39734,33.57161],[-94.40334,33.56842],[-94.4089,33.5682],[-94.41218,33.56869],[-94.41253,33.56894],[-94.41316,33.56937],[-94.42598,33.58642],[-94.42758,33.58932],[-94.43004,33.59112],[-94.43952,33.59415],[-94.44154,33.5915],[-94.44236,33.59124],[-94.44911,33.59089],[-94.45162,33.59136],[-94.454,33.59222],[-94.45823,33.59827],[-94.45913,33.59838],[-94.46809,33.59944],[-94.47115,33.60159],[-94.47197,33.60267],[-94.47217,33.6042],[-94.46945,33.60732],[-94.46234,33.61057],[-94.45477,33.61516],[-94.45296,33.61699],[-94.45233,33.61882],[-94.45271,33.62262],[-94.45525,33.62292],[-94.46029,33.62442],[-94.46113,33.62541],[-94.46274,33.63091],[-94.45882,33.63244],[-94.44845,33.6345],[-94.44751,33.63625],[-94.44687,33.64018],[-94.44864,33.64277],[-94.45482,33.6449],[-94.4592,33.64515],[-94.46145,33.64362],[-94.46419,33.63766],[-94.46608,33.63626],[-94.47642,33.63895],[-94.48131,33.63882],[-94.48587,33.63787],[-94.48558,33.65331],[-94.48553,33.66339],[-94.48452,33.68791],[-94.48462,33.69159],[-94.48384,33.71133],[-94.48387,33.71673],[-94.48365,33.72418],[-94.48357,33.72684],[-94.4833,33.73599],[-94.4833,33.736],[-94.48287,33.75056],[-94.48286,33.75078],[-94.48285,33.75107],[-94.48278,33.75364],[-94.48268,33.75629],[-94.48246,33.76496],[-94.48184,33.78901],[-94.48184,33.78902],[-94.48154,33.79572],[-94.48153,33.79604],[-94.48136,33.80265],[-94.48135,33.80289],[-94.48078,33.82314],[-94.48057,33.83017],[-94.47995,33.85133],[-94.47978,33.85671],[-94.47899,33.8812],[-94.47884,33.88148],[-94.47739,33.93776],[-94.47732,33.94086],[-94.47732,33.94095],[-94.47704,33.95384],[-94.47696,33.95737],[-94.47502,34.0159],[-94.4749,34.01966],[-94.4749,34.02184],[-94.4749,34.02188],[-94.47387,34.05946],[-94.47267,34.10298],[-94.47113,34.1592],[-94.47028,34.19018],[-94.40085,34.19049],[-94.31812,34.1911],[-94.31279,34.19132],[-94.29635,34.19166],[-94.27665,34.19195],[-94.24379,34.1925],[-94.24393,34.21537],[-94.24394,34.26506],[-94.24389,34.26905],[-94.25626,34.26922],[-94.2549,34.3462],[-94.25466,34.35579],[-94.24282,34.35566],[-94.04283,34.35215],[-93.93543,34.35023],[-93.93489,34.39321],[-93.93481,34.4324],[-93.93484,34.43572],[-93.93479,34.43856],[-93.93304,34.52148],[-93.93288,34.53706],[-93.93284,34.53903],[-93.93277,34.54036],[-93.93264,34.55079],[-93.93223,34.58038],[-93.93021,34.66605],[-93.87929,34.66564],[-93.87893,34.68025],[-93.87903,34.68732],[-93.87908,34.69081],[-93.87025,34.69076],[-93.86993,34.71252],[-93.81692,34.71123],[-93.81677,34.71851],[-93.78112,34.71808],[-93.78088,34.73241],[-93.76264,34.73227],[-93.7501,34.73226],[-93.74579,34.73213],[-93.74526,34.74661],[-93.70999,34.74598],[-93.65852,34.74532],[-93.60519,34.74477],[-93.56985,34.7446],[-93.4991,34.74388],[-93.48342,34.74382],[-93.42989,34.74347],[-93.3944,34.74339],[-93.39449,34.77242],[-93.37519,34.77319],[-93.35841,34.77336],[-93.28778,34.77324],[-93.27003,34.77196],[-93.08316,34.7719],[-93.07518,34.77189],[-93.07507,34.80127],[-93.07401,34.8582],[-93.03587,34.85853],[-92.96944,34.85906],[-92.82981,34.85535],[-92.82882,34.85436],[-92.82853,34.85242],[-92.82303,34.84935],[-92.82009,34.84883],[-92.81797,34.84793],[-92.81577,34.84831],[-92.80931,34.84709],[-92.80659,34.84817],[-92.80293,34.85158],[-92.7999,34.8513],[-92.79853,34.84749],[-92.79512,34.84685],[-92.79435,34.84534],[-92.79036,34.84431],[-92.78466,34.84094],[-92.78383,34.83994],[-92.78054,34.83965],[-92.77686,34.84093],[-92.77606,34.84154],[-92.77333,34.84178],[-92.77139,34.84252],[-92.76985,34.84211],[-92.76893,34.84035],[-92.76726,34.83928],[-92.76527,34.83938],[-92.76107,34.8409],[-92.75936,34.84183],[-92.75629,34.84264],[-92.75329,34.84082],[-92.75271,34.83886],[-92.7506,34.83613],[-92.74727,34.83531],[-92.7455,34.83447],[-92.74422,34.83119],[-92.74109,34.82917],[-92.74033,34.82783],[-92.73973,34.8536],[-92.65125,34.85168],[-92.65432,34.76454],[-92.65338,34.76451],[-92.57583,34.76241],[-92.54966,34.76169],[-92.55014,34.74543],[-92.54999,34.74518],[-92.55051,34.73296],[-92.55072,34.72555],[-92.55176,34.69602],[-92.55201,34.68933],[-92.54534,34.68916],[-92.49909,34.68799],[-92.5003,34.67361],[-92.48979,34.67334],[-92.44913,34.6722],[-92.44329,34.67204],[-92.44337,34.66957],[-92.44362,34.66282],[-92.44393,34.65415],[-92.44396,34.6534],[-92.44427,34.64646],[-92.44462,34.64079],[-92.44465,34.6404],[-92.44465,34.63886],[-92.44469,34.63801],[-92.44484,34.63447],[-92.44487,34.6336],[-92.44504,34.62993],[-92.44522,34.62704],[-92.44304,34.62694],[-92.43808,34.62687],[-92.43521,34.62682],[-92.41689,34.62655],[-92.41324,34.62652],[-92.39947,34.62639],[-92.38447,34.62635],[-92.38194,34.62634],[-92.37243,34.62611],[-92.36433,34.62593],[-92.35093,34.62573],[-92.34663,34.62564],[-92.34646,34.62564],[-92.34664,34.62275],[-92.3473,34.61168],[-92.34799,34.59718],[-92.34868,34.58257],[-92.34869,34.58229],[-92.3277,34.58194],[-92.31009,34.58175],[-92.26805,34.58126],[-92.26775,34.58126],[-92.26292,34.58121],[-92.24869,34.58103],[-92.24421,34.58089],[-92.24476,34.55291],[-92.24487,34.54473],[-92.24496,34.53942],[-92.24584,34.49358],[-92.26334,34.49383],[-92.34623,34.49499],[-92.36908,34.49514],[-92.39391,34.49562],[-92.39508,34.49563],[-92.40337,34.49571],[-92.40467,34.45189],[-92.47741,34.45334],[-92.48365,34.45345],[-92.50633,34.45378],[-92.53165,34.45406],[-92.5418,34.45423],[-92.55912,34.45472],[-92.57396,34.45509],[-92.58947,34.45558],[-92.59112,34.4543],[-92.59408,34.4532],[-92.59718,34.45262],[-92.59826,34.44809],[-92.59753,34.44454],[-92.59965,34.44143],[-92.60149,34.43899],[-92.60335,34.43767],[-92.6063,34.43478],[-92.61067,34.43198],[-92.61351,34.42854],[-92.61415,34.42894],[-92.61377,34.43238],[-92.61455,34.43269],[-92.61743,34.43123],[-92.62102,34.42805],[-92.62338,34.42539],[-92.6243,34.42332],[-92.62429,34.42001],[-92.62276,34.41875],[-92.61962,34.41733],[-92.61709,34.41694],[-92.61666,34.41381],[-92.6179,34.41314],[-92.61911,34.41365],[-92.61983,34.41514],[-92.6214,34.41527],[-92.62161,34.41395],[-92.62029,34.41213],[-92.62209,34.4111],[-92.62209,34.41252],[-92.62264,34.41384],[-92.62462,34.41317],[-92.63123,34.41343],[-92.66865,34.4145],[-92.67034,34.3563],[-92.67075,34.34187],[-92.67166,34.3124],[-92.67235,34.28325],[-92.67263,34.26868],[-92.67263,34.26859],[-92.6733,34.2394],[-92.67599,34.23944],[-92.67838,34.14964],[-92.5731,34.14735],[-92.5205,34.14586],[-92.49362,34.14425],[-92.49347,34.14168],[-92.49206,34.14144],[-92.49317,34.13953],[-92.49235,34.13797],[-92.49269,34.1359],[-92.49098,34.1351],[-92.49231,34.13351],[-92.49171,34.1329],[-92.48865,34.13271],[-92.48876,34.13451],[-92.48513,34.13437],[-92.48345,34.13298],[-92.48078,34.13359],[-92.47925,34.13232],[-92.47791,34.13411],[-92.47564,34.1354],[-92.47686,34.13233],[-92.47604,34.13174],[-92.47458,34.13406],[-92.47331,34.13437],[-92.47215,34.13374],[-92.47198,34.13499],[-92.46914,34.13396],[-92.46714,34.13377],[-92.46748,34.13476],[-92.46906,34.13515],[-92.46957,34.13643],[-92.46867,34.1374],[-92.46753,34.13594],[-92.46652,34.13601],[-92.46487,34.13442],[-92.46447,34.13304],[-92.4606,34.13303],[-92.46073,34.13181],[-92.45807,34.13096],[-92.45714,34.13245],[-92.45625,34.13179],[-92.4575,34.12965],[-92.45897,34.12846],[-92.45806,34.12673],[-92.45701,34.12673],[-92.45579,34.12799],[-92.45277,34.12807],[-92.45301,34.12715],[-92.45105,34.12675],[-92.45118,34.12552],[-92.44834,34.12384],[-92.44895,34.12343],[-92.44748,34.12353],[-92.44608,34.1252],[-92.44303,34.12379],[-92.44173,34.12403],[-92.44145,34.12626],[-92.44279,34.12677],[-92.44064,34.1266],[-92.4385,34.12564],[-92.438,34.12648],[-92.43594,34.12699],[-92.43576,34.12549],[-92.43343,34.12635],[-92.43084,34.12602],[-92.43161,34.12479],[-92.43092,34.12415],[-92.42932,34.12515],[-92.42797,34.12413],[-92.42663,34.12518],[-92.42512,34.1216],[-92.4225,34.12034],[-92.42082,34.12048],[-92.41858,34.11859],[-92.41774,34.1172],[-92.41493,34.11524],[-92.41297,34.11447],[-92.41228,34.11308],[-92.41136,34.11329],[-92.41094,34.11554],[-92.40964,34.11542],[-92.40864,34.11352],[-92.40741,34.1138],[-92.40712,34.11548],[-92.40589,34.11569],[-92.40495,34.11459],[-92.40445,34.11188],[-92.40327,34.11003],[-92.40105,34.10993],[-92.40046,34.10921],[-92.4021,34.10888],[-92.40452,34.10754],[-92.4041,34.10882],[-92.40562,34.10836],[-92.40553,34.10708],[-92.4023,34.10422],[-92.39939,34.10472],[-92.39749,34.10595],[-92.39616,34.10376],[-92.39406,34.10434],[-92.3928,34.10195],[-92.39075,34.10257],[-92.39042,34.10124],[-92.38797,34.09894],[-92.38909,34.09714],[-92.38818,34.09478],[-92.38569,34.09405],[-92.38552,34.09593],[-92.38379,34.09651],[-92.38212,34.09491],[-92.38156,34.09213],[-92.38007,34.0908],[-92.37814,34.0901],[-92.37769,34.08905],[-92.37888,34.08738],[-92.37705,34.08666],[-92.37522,34.08675],[-92.37376,34.0845],[-92.37363,34.08163],[-92.3723,34.07834],[-92.37045,34.07666],[-92.3725,34.07572],[-92.3734,34.07659],[-92.37452,34.07636],[-92.37357,34.07452],[-92.37222,34.07385],[-92.36912,34.07339],[-92.36833,34.07243],[-92.36455,34.07043],[-92.36137,34.06994],[-92.3604,34.06911],[-92.35772,34.06857],[-92.35495,34.06715],[-92.35378,34.06749],[-92.35341,34.06883],[-92.35497,34.07008],[-92.35359,34.07175],[-92.35138,34.07047],[-92.34977,34.06892],[-92.34883,34.06887],[-92.34882,34.07066],[-92.34733,34.07053],[-92.34512,34.06747],[-92.34625,34.06603],[-92.34431,34.06536],[-92.34292,34.06589],[-92.34125,34.06498],[-92.3406,34.06616],[-92.33914,34.06583],[-92.33679,34.06339],[-92.33724,34.06161],[-92.3367,34.05948],[-92.38168,34.0587],[-92.47161,34.0571],[-92.47161,34.05705],[-92.47241,34.03812],[-92.47396,34.00622],[-92.4756,33.9727],[-92.45599,33.97241],[-92.45752,33.96947],[-92.4547,33.9678],[-92.45573,33.96722],[-92.45366,33.96711],[-92.4546,33.96536],[-92.45295,33.96504],[-92.45191,33.9641],[-92.45202,33.96117],[-92.44792,33.9594],[-92.44728,33.96043],[-92.44528,33.95894],[-92.44409,33.95907],[-92.44359,33.95721],[-92.44124,33.9554],[-92.44395,33.95574],[-92.44368,33.95481],[-92.44099,33.95447],[-92.44316,33.95291],[-92.44078,33.95244],[-92.43919,33.95262],[-92.43938,33.95433],[-92.43814,33.95412],[-92.43639,33.95207],[-92.43759,33.95148],[-92.43657,33.95],[-92.43575,33.95144],[-92.43402,33.94936],[-92.43553,33.94913],[-92.43477,33.94821],[-92.43612,33.94798],[-92.43477,33.94736],[-92.43608,33.94632],[-92.43354,33.94577],[-92.43185,33.94626],[-92.43155,33.94496],[-92.42998,33.94424],[-92.43089,33.94306],[-92.42823,33.94333],[-92.42761,33.94408],[-92.42632,33.94357],[-92.42649,33.94253],[-92.42417,33.94189],[-92.42355,33.94089],[-92.42236,33.94118],[-92.42132,33.94041],[-92.41995,33.93731],[-92.42027,33.93535],[-92.41848,33.93344],[-92.41414,33.93101],[-92.413,33.92843],[-92.4144,33.92744],[-92.41255,33.92635],[-92.41248,33.9252],[-92.41005,33.92561],[-92.41091,33.9243],[-92.4098,33.92188],[-92.4112,33.91928],[-92.40994,33.91762],[-92.41021,33.91682],[-92.40834,33.91624],[-92.40778,33.91535],[-92.40582,33.91542],[-92.40532,33.91475],[-92.40413,33.91561],[-92.40346,33.91443],[-92.40055,33.91341],[-92.40043,33.91089],[-92.39948,33.90991],[-92.40026,33.90939],[-92.39895,33.90825],[-92.40056,33.90758],[-92.39908,33.90667],[-92.40012,33.90511],[-92.39848,33.90461],[-92.39819,33.90367],[-92.40028,33.90346],[-92.40028,33.90216],[-92.39923,33.90261],[-92.39852,33.90117],[-92.40049,33.90027],[-92.39889,33.89936],[-92.39818,33.90028],[-92.39801,33.89854],[-92.39672,33.89837],[-92.39729,33.89736],[-92.39696,33.89545],[-92.39582,33.89426],[-92.39467,33.89181],[-92.39601,33.89176],[-92.39533,33.88961],[-92.39399,33.88882],[-92.39547,33.88782],[-92.39347,33.88698],[-92.39591,33.88664],[-92.39446,33.88476],[-92.39172,33.88398],[-92.39297,33.88303],[-92.39031,33.88356],[-92.38997,33.88208],[-92.38799,33.88008],[-92.3883,33.87899],[-92.38615,33.87851],[-92.38584,33.8757],[-92.38491,33.8769],[-92.38369,33.87656],[-92.38374,33.87472],[-92.38207,33.87142],[-92.3805,33.87087],[-92.38097,33.8688],[-92.38009,33.86751],[-92.37864,33.86776],[-92.37776,33.86692],[-92.3765,33.86806],[-92.37538,33.86756],[-92.37631,33.86608],[-92.37523,33.86461],[-92.37259,33.86402],[-92.37168,33.86481],[-92.37034,33.86336],[-92.3704,33.86241],[-92.36611,33.8612],[-92.36542,33.86],[-92.36388,33.85933],[-92.36254,33.85982],[-92.36368,33.85784],[-92.36205,33.85653],[-92.35892,33.8559],[-92.35772,33.85456],[-92.35335,33.85311],[-92.35393,33.8507],[-92.35186,33.84831],[-92.35336,33.84866],[-92.35287,33.84692],[-92.35031,33.84756],[-92.34952,33.84651],[-92.34867,33.84567],[-92.34982,33.84494],[-92.35011,33.84183],[-92.34933,33.84141],[-92.34656,33.84165],[-92.34601,33.84241],[-92.34394,33.8419],[-92.34179,33.84025],[-92.34103,33.83694],[-92.34029,33.83539],[-92.33907,33.83559],[-92.34018,33.83481],[-92.33931,33.83378],[-92.34071,33.83343],[-92.33829,33.83261],[-92.33974,33.8315],[-92.33799,33.82997],[-92.33903,33.82919],[-92.3377,33.82898],[-92.33811,33.82733],[-92.33937,33.82737],[-92.33895,33.82575],[-92.34063,33.82464],[-92.33917,33.82347],[-92.33746,33.82328],[-92.33868,33.82053],[-92.33857,33.81846],[-92.33957,33.81819],[-92.33851,33.8169],[-92.33764,33.81703],[-92.33748,33.81432],[-92.33661,33.81353],[-92.33773,33.81317],[-92.3361,33.812],[-92.33684,33.81123],[-92.33559,33.81097],[-92.3365,33.80931],[-92.33884,33.80724],[-92.33736,33.80589],[-92.3397,33.80598],[-92.34123,33.80466],[-92.34012,33.80144],[-92.33891,33.80208],[-92.33631,33.80019],[-92.33637,33.79797],[-92.3352,33.79736],[-92.33554,33.79536],[-92.33425,33.79507],[-92.33352,33.79422],[-92.3332,33.79245],[-92.33314,33.79088],[-92.33167,33.78825],[-92.33229,33.78725],[-92.3318,33.78451],[-92.33077,33.78383],[-92.33177,33.78131],[-92.32889,33.78058],[-92.32836,33.77857],[-92.32712,33.77777],[-92.32794,33.77552],[-92.32908,33.7747],[-92.32816,33.77369],[-92.32864,33.77266],[-92.3304,33.77182],[-92.33008,33.77049],[-92.33175,33.77102],[-92.33194,33.76942],[-92.331,33.76849],[-92.33321,33.76787],[-92.33323,33.76624],[-92.33428,33.76569],[-92.33311,33.76392],[-92.33429,33.76304],[-92.33327,33.7616],[-92.33581,33.76087],[-92.33381,33.75897],[-92.33499,33.75713],[-92.33645,33.75743],[-92.33655,33.75541],[-92.33723,33.7542],[-92.33888,33.75327],[-92.33914,33.75131],[-92.33833,33.75011],[-92.33989,33.74963],[-92.34051,33.74786],[-92.33936,33.7472],[-92.34161,33.74586],[-92.3404,33.74375],[-92.34194,33.74298],[-92.33932,33.74143],[-92.33796,33.73961],[-92.33947,33.73685],[-92.33743,33.7356],[-92.33753,33.73393],[-92.33516,33.73371],[-92.33285,33.73187],[-92.33368,33.73053],[-92.33516,33.72995],[-92.33483,33.72866],[-92.33624,33.72789],[-92.33497,33.72567],[-92.33351,33.72533],[-92.3346,33.72395],[-92.3318,33.72477],[-92.333,33.7218],[-92.33063,33.7228],[-92.33031,33.7212],[-92.33215,33.71716],[-92.33167,33.71471],[-92.33279,33.71435],[-92.33302,33.71114],[-92.33086,33.70794],[-92.33092,33.70775],[-92.33048,33.70566],[-92.33142,33.70464],[-92.33006,33.70326],[-92.33097,33.70273],[-92.33033,33.7007],[-92.32758,33.69689],[-92.32778,33.69528],[-92.32902,33.69486],[-92.32679,33.6918],[-92.32577,33.69171],[-92.32466,33.69004],[-92.32252,33.6889],[-92.32188,33.68573],[-92.3209,33.6857],[-92.32081,33.68337],[-92.3201,33.68233],[-92.32084,33.68014],[-92.32202,33.67937],[-92.32059,33.67875],[-92.32047,33.67773],[-92.32142,33.67607],[-92.32153,33.67373],[-92.32389,33.67307],[-92.32293,33.67023],[-92.32354,33.66877],[-92.32521,33.66744],[-92.32624,33.66771],[-92.3255,33.66699],[-92.32661,33.6646],[-92.32606,33.66275],[-92.32707,33.66168],[-92.32616,33.65973],[-92.32697,33.65871],[-92.32621,33.65742],[-92.32445,33.65711],[-92.3233,33.65455],[-92.32481,33.65299],[-92.32404,33.65019],[-92.32199,33.64934],[-92.32229,33.64842],[-92.32053,33.64672],[-92.32243,33.64575],[-92.32269,33.64467],[-92.32063,33.64352],[-92.32167,33.64109],[-92.3234,33.64],[-92.32268,33.63834],[-92.32349,33.63729],[-92.32221,33.63662],[-92.32074,33.6341],[-92.32252,33.63006],[-92.32246,33.62822],[-92.32424,33.62698],[-92.32333,33.62524],[-92.32473,33.62354],[-92.32446,33.6222],[-92.32644,33.62032],[-92.32765,33.61864],[-92.32751,33.61761],[-92.32872,33.61698],[-92.32823,33.61601],[-92.32849,33.61386],[-92.32922,33.61235],[-92.32809,33.61099],[-92.32843,33.60948],[-92.32818,33.60706],[-92.32955,33.60688],[-92.32877,33.6056],[-92.32992,33.60519],[-92.32849,33.60391],[-92.33052,33.60308],[-92.32734,33.60137],[-92.3263,33.59931],[-92.32712,33.59854],[-92.32567,33.5966],[-92.32536,33.59336],[-92.32158,33.58693],[-92.32095,33.58557],[-92.32177,33.58435],[-92.32141,33.58338],[-92.32226,33.58248],[-92.32193,33.58076],[-92.32272,33.57964],[-92.32288,33.57747],[-92.32351,33.57708],[-92.32419,33.57244],[-92.32587,33.57105],[-92.32426,33.56924],[-92.32287,33.56896],[-92.32248,33.56761],[-92.31904,33.56406],[-92.31821,33.55786],[-92.31732,33.5577],[-92.31728,33.5556],[-92.31593,33.55323],[-92.3141,33.55102],[-92.31599,33.55047],[-92.31784,33.54783],[-92.31774,33.54626],[-92.31661,33.54577],[-92.31731,33.54106],[-92.31874,33.54106],[-92.31897,33.53828],[-92.32042,33.53777],[-92.32218,33.53357],[-92.32132,33.53258],[-92.32376,33.53152],[-92.32298,33.53023],[-92.32274,33.52658],[-92.32301,33.52443],[-92.32162,33.52329],[-92.32081,33.52162],[-92.31961,33.52093],[-92.3174,33.5211],[-92.3177,33.51986],[-92.31655,33.51718],[-92.31514,33.51556],[-92.31484,33.51403],[-92.31559,33.51215],[-92.31667,33.51145],[-92.31513,33.50902],[-92.31474,33.50656],[-92.31367,33.5063],[-92.31314,33.50443],[-92.31179,33.50284],[-92.31199,33.50142],[-92.31105,33.49987],[-92.31289,33.49773],[-92.31303,33.49565],[-92.31371,33.49501],[-92.31349,33.49295],[-92.31753,33.49114],[-92.31794,33.48919],[-92.31638,33.48881],[-92.31941,33.48582],[-92.32151,33.48674],[-92.32242,33.48567],[-92.32246,33.4811],[-92.32081,33.47978],[-92.32108,33.47649],[-92.31935,33.47524],[-92.3193,33.47431],[-92.31938,33.47225],[-92.32012,33.47156],[-92.32025,33.46884],[-92.32183,33.46794],[-92.32143,33.4673],[-92.32281,33.46652],[-92.32361,33.46462],[-92.32514,33.46301],[-92.32688,33.45989],[-92.32864,33.45877],[-92.32861,33.45705],[-92.32968,33.45615],[-92.32868,33.45563],[-92.32849,33.45392],[-92.32678,33.45271],[-92.32785,33.44906],[-92.32881,33.44466],[-92.32833,33.44321],[-92.32996,33.44214],[-92.33263,33.44196],[-92.33408,33.44086],[-92.33528,33.43796],[-92.33753,33.43656],[-92.33983,33.43146],[-92.34064,33.43017],[-92.34068,33.42851],[-92.33872,33.42366],[-92.33724,33.42294],[-92.3401,33.42063],[-92.3397,33.41972],[-92.34061,33.41775],[-92.34143,33.41455],[-92.34382,33.41433],[-92.34596,33.4132],[-92.34939,33.40958],[-92.34921,33.4084],[-92.35046,33.40714],[-92.35232,33.40386],[-92.35445,33.40265],[-92.356,33.40093],[-92.35668,33.39649],[-92.35579,33.39454],[-92.35631,33.3921],[-92.35781,33.39002],[-92.35857,33.38631],[-92.35995,33.38502],[-92.35944,33.38261],[-92.35885,33.38221],[-92.35986,33.38097],[-92.35987,33.37974],[-92.36141,33.37875],[-92.36294,33.37825],[-92.36588,33.38021],[-92.36783,33.38067],[-92.36888,33.37932],[-92.37006,33.37959],[-92.37263,33.37864],[-92.3746,33.37847],[-92.37619,33.37698],[-92.37595,33.37539],[-92.37669,33.37311],[-92.37508,33.37225],[-92.37384,33.36985],[-92.37241,33.36843],[-92.37219,33.36699],[-92.37334,33.36709],[-92.37583,33.36543],[-92.37671,33.36243],[-92.37762,33.36161],[-92.37823,33.35831],[-92.37652,33.3563],[-92.38049,33.3515],[-92.38044,33.34943],[-92.3817,33.34638],[-92.38171,33.34272],[-92.38153,33.3406],[-92.3823,33.33868],[-92.38128,33.33772],[-92.37691,33.33765],[-92.37789,33.3341],[-92.3802,33.33258],[-92.37955,33.33094],[-92.37965,33.32758],[-92.38015,33.3255],[-92.37857,33.3221],[-92.37884,33.31961],[-92.37759,33.31694],[-92.37883,33.31565],[-92.37868,33.31484],[-92.37644,33.3141],[-92.3745,33.31257],[-92.37207,33.31227],[-92.36974,33.31116],[-92.36688,33.30797],[-92.36531,33.30571],[-92.36176,33.30717],[-92.35925,33.30744],[-92.35745,33.30718],[-92.35375,33.30514],[-92.35203,33.30306],[-92.35028,33.29884],[-92.35031,33.29628],[-92.35095,33.29454],[-92.35226,33.29316],[-92.35513,33.29205],[-92.35661,33.29073],[-92.35836,33.28814],[-92.35931,33.28254],[-92.35911,33.28196],[-92.35747,33.28118],[-92.35094,33.28204],[-92.34632,33.28166],[-92.34284,33.28029],[-92.33956,33.27693],[-92.33796,33.2758],[-92.33526,33.27573],[-92.33309,33.27665],[-92.33139,33.27829],[-92.329,33.27983],[-92.32757,33.27956],[-92.32702,33.2771],[-92.3278,33.27299],[-92.32757,33.27152],[-92.32502,33.26752],[-92.32537,33.26545],[-92.32651,33.2641],[-92.32647,33.26272],[-92.325,33.26212],[-92.32078,33.2621],[-92.31721,33.26162],[-92.31404,33.26206],[-92.30945,33.26464],[-92.30851,33.26665],[-92.30999,33.26899],[-92.31256,33.27103],[-92.31288,33.27232],[-92.3119,33.27346],[-92.30884,33.27383],[-92.30365,33.27249],[-92.30233,33.2734],[-92.3013,33.27826],[-92.29989,33.27983],[-92.29748,33.28103],[-92.29442,33.27994],[-92.29305,33.27846],[-92.29115,33.27443],[-92.29145,33.27169],[-92.29287,33.26886],[-92.29375,33.2656],[-92.29308,33.26458],[-92.28878,33.26331],[-92.28595,33.26379],[-92.28427,33.2649],[-92.282,33.2673],[-92.27998,33.26825],[-92.27847,33.26837],[-92.27088,33.26656],[-92.26926,33.26549],[-92.26795,33.26285],[-92.26805,33.25957],[-92.26863,33.2563],[-92.26833,33.25528],[-92.26682,33.25452],[-92.26418,33.25476],[-92.25735,33.25701],[-92.25455,33.25637],[-92.25212,33.2533],[-92.24895,33.2513],[-92.24444,33.25017],[-92.24224,33.25051],[-92.23915,33.25285],[-92.23871,33.25496],[-92.23898,33.25661],[-92.23831,33.2582],[-92.23631,33.25849],[-92.23375,33.25685],[-92.22982,33.25488],[-92.2254,33.25392],[-92.22414,33.2524],[-92.22477,33.24506],[-92.2258,33.24193],[-92.22782,33.23935],[-92.2297,33.2379],[-92.23253,33.2365],[-92.2341,33.23466],[-92.23383,33.23276],[-92.23169,33.23108],[-92.22594,33.22932],[-92.22406,33.22817],[-92.22103,33.22715],[-92.21313,33.22702],[-92.21184,33.22667],[-92.21085,33.22533],[-92.21243,33.22326],[-92.21679,33.22241],[-92.2222,33.22188],[-92.22289,33.22142],[-92.22319,33.21856],[-92.22479,33.21575],[-92.22431,33.21169],[-92.22302,33.20971],[-92.22074,33.2091],[-92.21715,33.20992],[-92.21582,33.20983],[-92.21459,33.20888],[-92.21213,33.20562],[-92.21033,33.20216],[-92.20825,33.20167],[-92.20328,33.2046],[-92.20166,33.20507],[-92.2004,33.20463],[-92.19788,33.20174],[-92.19568,33.20172],[-92.19205,33.20314],[-92.1891,33.20383],[-92.18709,33.20484],[-92.18528,33.20711],[-92.18458,33.20899],[-92.18225,33.21304],[-92.18112,33.21401],[-92.17974,33.21391],[-92.17893,33.21233],[-92.17871,33.20906],[-92.17812,33.2066],[-92.17842,33.20314],[-92.17946,33.19897],[-92.17804,33.1966],[-92.17438,33.19515],[-92.17516,33.19388],[-92.17851,33.19356],[-92.18009,33.19267],[-92.18201,33.1893],[-92.18154,33.1876],[-92.18054,33.18668],[-92.17891,33.18645],[-92.1767,33.18717],[-92.17527,33.18914],[-92.17323,33.18982],[-92.17278,33.18801],[-92.17395,33.1855],[-92.17457,33.18272],[-92.17342,33.18186],[-92.17136,33.18247],[-92.16938,33.18489],[-92.16751,33.18439],[-92.16874,33.18111],[-92.16868,33.17914],[-92.16478,33.17683],[-92.16279,33.1733],[-92.16263,33.17195],[-92.16395,33.16989],[-92.16717,33.16764],[-92.17142,33.16584],[-92.17227,33.16456],[-92.17125,33.16316],[-92.16951,33.16237],[-92.16448,33.16131],[-92.16257,33.16116],[-92.15987,33.16188],[-92.15914,33.16301],[-92.16152,33.16702],[-92.16155,33.16842],[-92.16012,33.16888],[-92.15505,33.168],[-92.15366,33.16822],[-92.15023,33.17038],[-92.14626,33.16922],[-92.14512,33.16748],[-92.14855,33.16368],[-92.14789,33.16173],[-92.14667,33.1613],[-92.14293,33.16215],[-92.14097,33.16329],[-92.13877,33.16382],[-92.13755,33.1629],[-92.13724,33.16121],[-92.13597,33.16012],[-92.13442,33.16005],[-92.13047,33.16087],[-92.12736,33.16104],[-92.12212,33.16178],[-92.11757,33.16022],[-92.11429,33.1597],[-92.11165,33.15873],[-92.11074,33.1574],[-92.10876,33.15129],[-92.10828,33.14893],[-92.10828,33.14575],[-92.10916,33.14447],[-92.11128,33.14395],[-92.11557,33.14517],[-92.11868,33.1453],[-92.11946,33.1444],[-92.11868,33.14204],[-92.11454,33.13772],[-92.11344,33.13571],[-92.11318,33.13314],[-92.11423,33.1302],[-92.11618,33.1279],[-92.11743,33.12501],[-92.11814,33.1219],[-92.11992,33.11947],[-92.12238,33.11837],[-92.1238,33.11851],[-92.1261,33.12013],[-92.12743,33.12027],[-92.12872,33.11904],[-92.12883,33.11555],[-92.12963,33.11362],[-92.13187,33.11115],[-92.13601,33.10795],[-92.13676,33.10675],[-92.1366,33.1039],[-92.13705,33.10166],[-92.13891,33.10014],[-92.1427,33.09944],[-92.14366,33.09835],[-92.14307,33.09761],[-92.13837,33.09725],[-92.13382,33.09782],[-92.13258,33.09672],[-92.13494,33.09161],[-92.13516,33.09071],[-92.13513,33.08897],[-92.13429,33.08664],[-92.13223,33.08431],[-92.13126,33.08219],[-92.13094,33.07961],[-92.12944,33.07529],[-92.12945,33.07049],[-92.1282,33.06991],[-92.12507,33.07171],[-92.11943,33.07209],[-92.11742,33.07197],[-92.11505,33.07098],[-92.11389,33.06877],[-92.11485,33.06587],[-92.11472,33.06392],[-92.1139,33.06129],[-92.11187,33.05682],[-92.10896,33.05322],[-92.10878,33.05161],[-92.11041,33.05011],[-92.11448,33.04872],[-92.11527,33.04719],[-92.11191,33.04491],[-92.11018,33.0431],[-92.10908,33.03926],[-92.10946,33.03417],[-92.1088,33.0325],[-92.10763,33.03138],[-92.10494,33.03004],[-92.10201,33.03082],[-92.09823,33.03348],[-92.09689,33.03391],[-92.09438,33.03382],[-92.09035,33.03286],[-92.08677,33.03246],[-92.0827,33.03115],[-92.08172,33.0296],[-92.08173,33.02676],[-92.08102,33.0246],[-92.07878,33.0221],[-92.07843,33.02118],[-92.07872,33.01786],[-92.07743,33.01572],[-92.07426,33.01278],[-92.07002,33.01091],[-92.06896,33.00816],[-92.0691,33.00816],[-92.18889,33.00888],[-92.22137,33.00907],[-92.22283,33.00908],[-92.29266,33.0101],[-92.33589,33.01035],[-92.36286,33.01063],[-92.3683,33.01069],[-92.37029,33.01072],[-92.39188,33.011],[-92.4398,33.01162],[-92.4525,33.01179],[-92.46976,33.01201],[-92.50138,33.01216],[-92.50247,33.01216],[-92.50378,33.01216],[-92.52496,33.01238],[-92.52978,33.01243],[-92.53803,33.01252],[-92.66392,33.01382],[-92.69213,33.01411],[-92.70284,33.01422],[-92.70819,33.01427],[-92.71129,33.01431],[-92.71155,33.01431],[-92.71583,33.0144],[-92.71588,33.0144],[-92.72355,33.01433],[-92.72474,33.01435],[-92.72499,33.01435],[-92.7332,33.01435],[-92.79653,33.01484],[-92.80719,33.01509],[-92.8308,33.01566],[-92.84407,33.01603],[-92.84429,33.01607],[-92.85417,33.01613],[-92.86751,33.01606],[-92.89333,33.01631],[-92.94655,33.01681],[-92.97097,33.01719],[-92.97114,33.01719],[-92.98878,33.0173],[-93.03663,33.01759]]],[[[-92.11354,35.06667],[-92.11376,35.06752],[-92.11099,35.06642],[-92.11077,35.06557],[-92.10911,35.06563],[-92.10787,35.06649],[-92.10647,35.06545],[-92.10449,35.0657],[-92.10448,35.06831],[-92.10186,35.06843],[-92.10122,35.06667],[-92.0992,35.0678],[-92.09828,35.06595],[-92.09933,35.0656],[-92.09652,35.06437],[-92.09436,35.06447],[-92.094,35.06612],[-92.09308,35.06526],[-92.09116,35.06478],[-92.09072,35.06572],[-92.08905,35.06478],[-92.08764,35.06561],[-92.08765,35.06692],[-92.08425,35.06784],[-92.08441,35.06928],[-92.08235,35.06916],[-92.08238,35.06813],[-92.08018,35.06846],[-92.08025,35.07041],[-92.07834,35.07098],[-92.07707,35.07202],[-92.07752,35.07355],[-92.07512,35.07505],[-92.07324,35.07468],[-92.07266,35.07392],[-92.06877,35.07441],[-92.06824,35.07518],[-92.06699,35.07403],[-92.06491,35.07347],[-92.0631,35.07448],[-92.06206,35.0741],[-92.06184,35.0728],[-92.06068,35.0739],[-92.05908,35.07357],[-92.05901,35.0721],[-92.05798,35.07166],[-92.05892,35.0706],[-92.05726,35.06987],[-92.05789,35.06885],[-92.05536,35.06932],[-92.05406,35.06832],[-92.05428,35.06737],[-92.05226,35.06806],[-92.0503,35.06709],[-92.04838,35.06853],[-92.04693,35.06809],[-92.04285,35.06873],[-92.04374,35.07004],[-92.04171,35.07064],[-92.04114,35.07141],[-92.03889,35.07126],[-92.03869,35.07216],[-92.03671,35.07181],[-92.0349,35.07321],[-92.03335,35.07238],[-92.03234,35.07289],[-92.03179,35.07175],[-92.03006,35.07136],[-92.02779,35.07295],[-92.0264,35.07276],[-92.02571,35.07118],[-92.02369,35.07232],[-92.02163,35.07227],[-92.01688,35.07435],[-92.01588,35.07543],[-92.01306,35.07632],[-92.01135,35.07581],[-92.01211,35.07462],[-92.01082,35.07272],[-92.0123,35.07277],[-92.01183,35.07181],[-92.0092,35.07211],[-92.00974,35.07059],[-92.00813,35.06907],[-92.00836,35.06807],[-92.00569,35.06572],[-92.00438,35.06581],[-92.0039,35.06464],[-92.00293,35.06542],[-92.0026,35.06332],[-92.00177,35.06358],[-92.00122,35.06227],[-91.99972,35.06394],[-91.99883,35.06256],[-91.9976,35.06388],[-91.99765,35.06123],[-91.99647,35.06106],[-91.99663,35.05965],[-91.99576,35.05897],[-91.99429,35.05894],[-91.99349,35.06075],[-91.99219,35.06046],[-91.99134,35.06145],[-91.98959,35.06061],[-91.98856,35.06014],[-91.98387,35.05933],[-91.98063,35.05809],[-91.98207,35.05718],[-91.9823,35.0558],[-91.98013,35.05521],[-91.9792,35.05327],[-91.97753,35.05511],[-91.9762,35.05367],[-91.97737,35.05293],[-91.97609,35.05231],[-91.97398,35.053],[-91.97278,35.0513],[-91.9709,35.05137],[-91.97035,35.04966],[-91.96783,35.05041],[-91.9671,35.05146],[-91.96621,35.05089],[-91.9652,35.05163],[-91.96211,35.05085],[-91.96183,35.05224],[-91.96016,35.05081],[-91.96082,35.04991],[-91.95944,35.04965],[-91.95876,35.05044],[-91.95744,35.05014],[-91.9575,35.04926],[-91.95463,35.04933],[-91.95625,35.04808],[-91.95608,35.04672],[-91.95505,35.04597],[-91.95389,35.04652],[-91.95257,35.04538],[-91.95087,35.04528],[-91.9494,35.04453],[-91.94876,35.04587],[-91.94363,35.04594],[-91.94164,35.04457],[-91.93904,35.04373],[-91.93652,35.04439],[-91.93585,35.04621],[-91.93188,35.04526],[-91.93042,35.04434],[-91.92869,35.04528],[-91.92876,35.04689],[-91.92715,35.04541],[-91.92534,35.04592],[-91.9224,35.04409],[-91.92039,35.04295],[-91.91921,35.04359],[-91.91903,35.04178],[-91.9181,35.04135],[-91.91899,35.03979],[-91.91743,35.03804],[-91.91466,35.03692],[-91.91203,35.03485],[-91.90978,35.03446],[-91.90849,35.03495],[-91.90748,35.03352],[-91.90799,35.03284],[-91.90596,35.03113],[-91.90399,35.0307],[-91.90448,35.02935],[-91.90256,35.02769],[-91.89978,35.03046],[-91.8958,35.03216],[-91.8952,35.03292],[-91.89235,35.03226],[-91.8908,35.03086],[-91.88815,35.02868],[-91.88639,35.0279],[-91.8835,35.02849],[-91.88157,35.02771],[-91.87883,35.02455],[-91.87661,35.02513],[-91.87509,35.02359],[-91.87346,35.02522],[-91.86985,35.02564],[-91.86932,35.02416],[-91.86396,35.02465],[-91.86308,35.02552],[-91.86058,35.02587],[-91.85931,35.02547],[-91.85741,35.02583],[-91.85534,35.02472],[-91.8543,35.02624],[-91.85313,35.02596],[-91.85264,35.02456],[-91.85044,35.02563],[-91.84977,35.02773],[-91.84612,35.02788],[-91.8448,35.02705],[-91.84318,35.02707],[-91.84206,35.02882],[-91.84065,35.02973],[-91.83779,35.02949],[-91.83595,35.03052],[-91.83215,35.02837],[-91.82829,35.03131],[-91.82428,35.03218],[-91.82308,35.03179],[-91.81991,35.03177],[-91.81655,35.03251],[-91.81454,35.03204],[-91.81126,35.03353],[-91.81127,35.03088],[-91.80251,35.0307],[-91.80274,35.00874],[-91.80349,34.93611],[-91.80355,34.93011],[-91.80363,34.92576],[-91.8037,34.92152],[-91.6937,34.9196],[-91.69377,34.91624],[-91.69452,34.88306],[-91.69476,34.87509],[-91.69577,34.84372],[-91.6962,34.83935],[-91.69665,34.82194],[-91.69714,34.80305],[-91.69716,34.80227],[-91.69717,34.80188],[-91.69772,34.78849],[-91.69797,34.78158],[-91.69874,34.7593],[-91.69964,34.72666],[-91.70077,34.67207],[-91.69961,34.6731],[-91.69832,34.67075],[-91.69997,34.66973],[-91.6973,34.66942],[-91.69565,34.67042],[-91.69338,34.66998],[-91.69326,34.67092],[-91.6912,34.67052],[-91.69056,34.66983],[-91.68917,34.67028],[-91.68905,34.6688],[-91.68711,34.66568],[-91.68485,34.66459],[-91.68241,34.66431],[-91.68056,34.66348],[-91.67864,34.66167],[-91.67787,34.66318],[-91.67649,34.66362],[-91.67525,34.66302],[-91.67515,34.66224],[-91.67669,34.66151],[-91.67689,34.66065],[-91.67388,34.65807],[-91.6713,34.65833],[-91.67028,34.6574],[-91.66912,34.6575],[-91.66829,34.65646],[-91.66803,34.65459],[-91.666,34.65327],[-91.66414,34.65266],[-91.66351,34.65159],[-91.66463,34.64933],[-91.66356,34.64727],[-91.66124,34.64531],[-91.65836,34.64446],[-91.65791,34.64342],[-91.6561,34.64277],[-91.65122,34.64326],[-91.64828,34.64052],[-91.64495,34.63869],[-91.64168,34.63523],[-91.64019,34.63225],[-91.63866,34.62683],[-91.63847,34.62572],[-91.63915,34.62278],[-91.6401,34.62165],[-91.64035,34.61996],[-91.64199,34.61764],[-91.64244,34.61586],[-91.64592,34.61349],[-91.64837,34.61276],[-91.64796,34.60916],[-91.64899,34.60713],[-91.65186,34.60495],[-91.65313,34.60229],[-91.65764,34.60166],[-91.65963,34.60003],[-91.66023,34.59839],[-91.661,34.59616],[-91.66064,34.59407],[-91.66121,34.59036],[-91.66208,34.58802],[-91.66221,34.58586],[-91.66331,34.5838],[-91.66426,34.5834],[-91.66499,34.5798],[-91.66233,34.57757],[-91.65833,34.57696],[-91.65773,34.57533],[-91.65845,34.5729],[-91.65669,34.57199],[-91.65596,34.57088],[-91.65662,34.56934],[-91.6558,34.56865],[-91.65445,34.56884],[-91.65216,34.56671],[-91.65044,34.56689],[-91.64888,34.56966],[-91.64654,34.56887],[-91.64388,34.56927],[-91.64155,34.56832],[-91.64088,34.56725],[-91.63919,34.5674],[-91.63643,34.56642],[-91.6368,34.56441],[-91.6348,34.56417],[-91.63345,34.56221],[-91.63467,34.55794],[-91.63468,34.55424],[-91.63295,34.55327],[-91.63418,34.55188],[-91.63409,34.54954],[-91.63505,34.54837],[-91.63464,34.54648],[-91.63645,34.54512],[-91.63855,34.54208],[-91.64326,34.5401],[-91.64359,34.53866],[-91.6453,34.53782],[-91.64754,34.53592],[-91.64827,34.53415],[-91.65372,34.53073],[-91.65737,34.52872],[-91.65866,34.52843],[-91.65988,34.52616],[-91.66181,34.52567],[-91.66335,34.52445],[-91.66436,34.52288],[-91.66583,34.5218],[-91.66778,34.52155],[-91.6698,34.51866],[-91.66888,34.5175],[-91.66911,34.5164],[-91.67051,34.51504],[-91.67514,34.51335],[-91.67441,34.51133],[-91.67711,34.50984],[-91.67752,34.50846],[-91.67687,34.50715],[-91.67902,34.507],[-91.67717,34.50582],[-91.67667,34.50442],[-91.67578,34.50456],[-91.67852,34.49953],[-91.68102,34.49946],[-91.68006,34.49782],[-91.68104,34.49563],[-91.67983,34.49437],[-91.67959,34.49214],[-91.68077,34.49237],[-91.68226,34.49368],[-91.68342,34.4925],[-91.68111,34.491],[-91.68062,34.48957],[-91.67807,34.49005],[-91.67847,34.48884],[-91.68038,34.48807],[-91.6798,34.48618],[-91.67709,34.48675],[-91.67797,34.48447],[-91.67664,34.48343],[-91.67543,34.48392],[-91.67551,34.48291],[-91.67822,34.48191],[-91.70525,34.48273],[-91.74425,34.48329],[-91.81413,34.48423],[-91.90111,34.48722],[-91.90126,34.48717],[-91.92189,34.48801],[-91.94825,34.48842],[-91.97481,34.48872],[-91.97512,34.48871],[-91.99302,34.48893],[-91.9948,34.48897],[-92.00985,34.48929],[-92.03025,34.48954],[-92.0296,34.53654],[-92.02977,34.53697],[-92.02974,34.56351],[-92.02961,34.57783],[-92.0296,34.59218],[-92.02954,34.62125],[-92.02966,34.62166],[-92.05524,34.622],[-92.10907,34.62295],[-92.1094,34.6302],[-92.10989,34.6337],[-92.10939,34.63741],[-92.10789,34.64343],[-92.10855,34.64513],[-92.1075,34.64856],[-92.1062,34.64947],[-92.1051,34.65189],[-92.10332,34.6545],[-92.10067,34.65744],[-92.09965,34.65962],[-92.09918,34.66247],[-92.09877,34.66245],[-92.09844,34.67719],[-92.09709,34.68469],[-92.09629,34.68713],[-92.09655,34.69679],[-92.0959,34.70067],[-92.09287,34.70482],[-92.09344,34.70587],[-92.09328,34.71206],[-92.09286,34.71392],[-92.09742,34.7157],[-92.09709,34.72198],[-92.07879,34.72177],[-92.07853,34.73658],[-92.0783,34.74394],[-92.07661,34.79036],[-92.07536,34.82346],[-92.07484,34.83734],[-92.07561,34.83735],[-92.07551,34.8428],[-92.07551,34.84311],[-92.07536,34.85194],[-92.07487,34.85915],[-92.07437,34.8666],[-92.07324,34.89537],[-92.07324,34.89564],[-92.07317,34.89615],[-92.07316,34.89787],[-92.07226,34.92463],[-92.07371,34.92537],[-92.07366,34.92667],[-92.07336,34.93543],[-92.07313,34.94208],[-92.07309,34.94349],[-92.07279,34.95303],[-92.07278,34.95358],[-92.07276,34.95439],[-92.07204,34.97142],[-92.0719,34.9792],[-92.07185,34.9829],[-92.07149,34.9882],[-92.07107,34.99812],[-92.07073,35.00519],[-92.07081,35.01156],[-92.08901,35.01181],[-92.12154,35.0122],[-92.12006,35.05619],[-92.11975,35.06656],[-92.11839,35.06728],[-92.11603,35.066],[-92.11614,35.06709],[-92.11354,35.06667]]]]}},{"type":"Feature","properties":{"name":"METRO Connect","boundary_type":"places","source":"Census TIGER place","fidelity":"approximate","updated":"2026-09","units":"Little Rock city; North Little Rock city; Sherwood city; Conway city","note":"Service comprises multiple named zones (John Barrow Road, Riverdale, Levy-Amboy, East Little Rock, Hensley in Little Rock; separate zones in North Little Rock, Sherwood, and Conway). Zone boundaries not precisely specified; approximated by city extent.","confidence":0.7},"geometry":{"type":"MultiPolygon","coordinates":[[[[-92.51497,34.815],[-92.51479,34.81674],[-92.51267,34.8167],[-92.51274,34.81791],[-92.51126,34.81767],[-92.50179,34.81361],[-92.4973,34.81244],[-92.49735,34.81668],[-92.49865,34.81913],[-92.49726,34.8183],[-92.49286,34.8182],[-92.4927,34.82182],[-92.47949,34.82161],[-92.47959,34.81798],[-92.47046,34.8178],[-92.47058,34.81523],[-92.46511,34.81508],[-92.46495,34.81831],[-92.45425,34.81441],[-92.45101,34.81117],[-92.4509,34.81364],[-92.45089,34.81388],[-92.45109,34.81389],[-92.45169,34.81526],[-92.44969,34.81511],[-92.44994,34.81069],[-92.44749,34.81097],[-92.44099,34.81445],[-92.44008,34.81534],[-92.43887,34.81408],[-92.43695,34.81362],[-92.43444,34.81363],[-92.43189,34.8145],[-92.42901,34.81439],[-92.42542,34.8149],[-92.42375,34.81393],[-92.42382,34.8123],[-92.42104,34.81262],[-92.4185,34.81227],[-92.41703,34.81004],[-92.41276,34.809],[-92.40936,34.80655],[-92.40651,34.80538],[-92.4023,34.80409],[-92.39946,34.80354],[-92.39386,34.80164],[-92.39364,34.8017],[-92.39342,34.80177],[-92.39591,34.80391],[-92.39749,34.80596],[-92.39883,34.80789],[-92.3951,34.81395],[-92.39542,34.81577],[-92.39221,34.81562],[-92.38944,34.81547],[-92.38643,34.81408],[-92.38324,34.81083],[-92.38523,34.81175],[-92.38739,34.81443],[-92.38751,34.8118],[-92.38674,34.81128],[-92.38787,34.80956],[-92.38652,34.80676],[-92.38453,34.80405],[-92.38093,34.80059],[-92.38127,34.799],[-92.37882,34.79844],[-92.37865,34.79839],[-92.37523,34.79812],[-92.3664,34.79592],[-92.37449,34.80066],[-92.36671,34.80546],[-92.3615,34.80824],[-92.3595,34.80978],[-92.36309,34.81041],[-92.36309,34.81181],[-92.3654,34.8121],[-92.3667,34.81382],[-92.36236,34.81392],[-92.36285,34.81482],[-92.36537,34.81477],[-92.36532,34.81652],[-92.36375,34.81649],[-92.3656,34.81897],[-92.36529,34.81751],[-92.36752,34.81753],[-92.36747,34.82021],[-92.36918,34.82123],[-92.37069,34.82123],[-92.3708,34.81798],[-92.37349,34.81755],[-92.37406,34.81893],[-92.3742,34.81394],[-92.37395,34.80804],[-92.3772,34.81477],[-92.3786,34.81581],[-92.37855,34.81933],[-92.37761,34.81912],[-92.37762,34.82132],[-92.38303,34.82153],[-92.38297,34.82286],[-92.38741,34.82306],[-92.38749,34.82139],[-92.39074,34.82288],[-92.39199,34.8226],[-92.39187,34.82433],[-92.39117,34.82429],[-92.39112,34.82545],[-92.39039,34.82543],[-92.39033,34.82719],[-92.39178,34.82767],[-92.39177,34.82792],[-92.39351,34.82911],[-92.39387,34.82911],[-92.39511,34.83004],[-92.39599,34.8306],[-92.396,34.83086],[-92.39954,34.8319],[-92.40027,34.83223],[-92.40015,34.83634],[-92.39136,34.83596],[-92.39081,34.8396],[-92.38674,34.83957],[-92.38671,34.84304],[-92.3734,34.84291],[-92.37333,34.85018],[-92.36885,34.85012],[-92.36899,34.84301],[-92.36898,34.83913],[-92.36458,34.83908],[-92.36459,34.83547],[-92.36045,34.83537],[-92.36052,34.83206],[-92.36504,34.83208],[-92.36505,34.82834],[-92.356,34.82815],[-92.35609,34.82456],[-92.35184,34.82425],[-92.35189,34.82041],[-92.35043,34.82088],[-92.34935,34.81935],[-92.34727,34.81905],[-92.34549,34.8215],[-92.34545,34.82453],[-92.3439,34.8245],[-92.34014,34.82334],[-92.33878,34.82211],[-92.33882,34.82113],[-92.33874,34.81957],[-92.33784,34.81954],[-92.33532,34.81844],[-92.33471,34.81844],[-92.33256,34.8172],[-92.3312,34.81587],[-92.33035,34.81608],[-92.3299,34.81713],[-92.32951,34.81803],[-92.32668,34.81826],[-92.32611,34.81892],[-92.32612,34.81825],[-92.32499,34.81823],[-92.32499,34.81776],[-92.32631,34.81777],[-92.3265,34.81677],[-92.32822,34.81758],[-92.32858,34.81654],[-92.32748,34.81355],[-92.33039,34.81363],[-92.33121,34.81541],[-92.33149,34.81363],[-92.33419,34.81353],[-92.33204,34.81054],[-92.33038,34.80991],[-92.33023,34.80991],[-92.32792,34.80997],[-92.31804,34.80969],[-92.31827,34.80999],[-92.31836,34.81038],[-92.31741,34.81161],[-92.31768,34.81252],[-92.31619,34.81323],[-92.31636,34.8162],[-92.31541,34.81723],[-92.3167,34.81835],[-92.3153,34.81975],[-92.3163,34.82077],[-92.31673,34.82054],[-92.32127,34.82349],[-92.32113,34.82803],[-92.31246,34.82796],[-92.31253,34.82448],[-92.3081,34.82443],[-92.30806,34.82148],[-92.30578,34.82041],[-92.29917,34.82039],[-92.29916,34.81656],[-92.29515,34.81641],[-92.29467,34.81291],[-92.28927,34.81282],[-92.28042,34.81263],[-92.27732,34.81258],[-92.27717,34.81969],[-92.27714,34.82132],[-92.27617,34.82133],[-92.27067,34.81839],[-92.27006,34.81818],[-92.26787,34.81826],[-92.26596,34.81841],[-92.26568,34.81844],[-92.26573,34.81924],[-92.26528,34.8202],[-92.26474,34.82115],[-92.26395,34.82299],[-92.26286,34.82684],[-92.26132,34.83479],[-92.26158,34.8363],[-92.26233,34.83717],[-92.26031,34.83942],[-92.25948,34.8409],[-92.25946,34.84095],[-92.25839,34.87376],[-92.24945,34.87358],[-92.24938,34.87742],[-92.24488,34.8773],[-92.24495,34.87558],[-92.24128,34.87473],[-92.24497,34.87497],[-92.24504,34.87347],[-92.2427,34.87341],[-92.24049,34.87337],[-92.24051,34.86962],[-92.23168,34.86927],[-92.22944,34.86923],[-92.22932,34.87099],[-92.22723,34.87096],[-92.22716,34.87456],[-92.22712,34.87658],[-92.22349,34.87646],[-92.22357,34.87544],[-92.22434,34.87546],[-92.22438,34.87438],[-92.22429,34.87376],[-92.21782,34.8736],[-92.21896,34.87602],[-92.22183,34.8761],[-92.21843,34.87644],[-92.21831,34.88185],[-92.22008,34.88258],[-92.22088,34.8831],[-92.22023,34.88544],[-92.22196,34.88549],[-92.22251,34.88807],[-92.21887,34.88799],[-92.219,34.8836],[-92.214,34.88342],[-92.21331,34.89802],[-92.2018,34.89777],[-92.19541,34.89763],[-92.19509,34.90834],[-92.17797,34.90827],[-92.17812,34.90317],[-92.1712,34.89785],[-92.17078,34.89653],[-92.17109,34.89273],[-92.17194,34.88945],[-92.1723,34.88861],[-92.17431,34.88662],[-92.17766,34.88201],[-92.17863,34.88136],[-92.17867,34.8779],[-92.17714,34.87735],[-92.17474,34.87523],[-92.17459,34.87523],[-92.16227,34.87482],[-92.16236,34.8714],[-92.16156,34.86777],[-92.16637,34.86784],[-92.16637,34.865],[-92.16637,34.8648],[-92.16637,34.86421],[-92.17495,34.86427],[-92.17923,34.86433],[-92.17937,34.86105],[-92.18374,34.86194],[-92.18451,34.86093],[-92.18461,34.85798],[-92.18292,34.85733],[-92.1794,34.85964],[-92.17952,34.85437],[-92.17955,34.85363],[-92.17294,34.85342],[-92.17235,34.85341],[-92.17369,34.85121],[-92.17331,34.85064],[-92.17358,34.84893],[-92.17443,34.84811],[-92.17455,34.84675],[-92.1735,34.84543],[-92.17318,34.84377],[-92.17314,34.84305],[-92.17348,34.84233],[-92.17381,34.84211],[-92.17473,34.84199],[-92.17474,34.84002],[-92.1736,34.84067],[-92.17334,34.83939],[-92.17473,34.83929],[-92.1749,34.83761],[-92.17235,34.83659],[-92.17251,34.83399],[-92.17262,34.8325],[-92.18004,34.82961],[-92.18033,34.81521],[-92.1736,34.81507],[-92.17726,34.81213],[-92.18025,34.80964],[-92.18644,34.80465],[-92.1884,34.80468],[-92.18735,34.80388],[-92.1884,34.80299],[-92.18965,34.80354],[-92.19058,34.80269],[-92.19011,34.80155],[-92.19345,34.80527],[-92.19498,34.80528],[-92.19588,34.8032],[-92.19926,34.80339],[-92.19935,34.80154],[-92.20274,34.80157],[-92.20278,34.79977],[-92.2075,34.79985],[-92.2077,34.78892],[-92.20465,34.78881],[-92.20321,34.79005],[-92.20021,34.78997],[-92.20163,34.78691],[-92.20478,34.7835],[-92.19879,34.78372],[-92.19655,34.78314],[-92.19785,34.78204],[-92.19549,34.77964],[-92.1963,34.77882],[-92.199,34.77976],[-92.19897,34.78147],[-92.19896,34.78186],[-92.20488,34.78164],[-92.20451,34.78003],[-92.2035,34.77895],[-92.20325,34.77869],[-92.19901,34.7783],[-92.19902,34.77853],[-92.19349,34.7781],[-92.19024,34.77829],[-92.19023,34.77866],[-92.18122,34.77963],[-92.17095,34.78077],[-92.17272,34.78293],[-92.17691,34.78975],[-92.17674,34.79542],[-92.17559,34.7954],[-92.1755,34.79904],[-92.16342,34.79888],[-92.16386,34.78431],[-92.17092,34.78429],[-92.16838,34.78105],[-92.16652,34.78125],[-92.16361,34.78272],[-92.16134,34.783],[-92.15835,34.78251],[-92.15479,34.78246],[-92.1529,34.78492],[-92.14405,34.78586],[-92.14424,34.78706],[-92.14137,34.78748],[-92.1423,34.78605],[-92.13987,34.78633],[-92.13977,34.78729],[-92.13443,34.78689],[-92.12833,34.78703],[-92.12451,34.78672],[-92.12447,34.78753],[-92.12833,34.78762],[-92.12821,34.79128],[-92.12484,34.7912],[-92.12053,34.79069],[-92.1209,34.78729],[-92.11179,34.78714],[-92.11183,34.78657],[-92.1106,34.78634],[-92.1109,34.78203],[-92.11297,34.78347],[-92.11681,34.78357],[-92.11939,34.78402],[-92.11898,34.78522],[-92.12413,34.78359],[-92.12472,34.77999],[-92.11587,34.78106],[-92.11194,34.77983],[-92.10768,34.77736],[-92.10341,34.77725],[-92.10351,34.77525],[-92.10724,34.76729],[-92.10915,34.76792],[-92.10999,34.76621],[-92.11588,34.76908],[-92.11419,34.7717],[-92.11918,34.77361],[-92.12047,34.77275],[-92.12331,34.77516],[-92.12689,34.77702],[-92.12723,34.76211],[-92.12549,34.76002],[-92.12505,34.75804],[-92.11577,34.75782],[-92.11569,34.75704],[-92.11315,34.75704],[-92.10932,34.75646],[-92.10614,34.75553],[-92.10613,34.75039],[-92.10698,34.75046],[-92.10696,34.74435],[-92.11427,34.74448],[-92.11438,34.73686],[-92.10529,34.73669],[-92.10589,34.72953],[-92.11465,34.72967],[-92.115,34.72215],[-92.11059,34.7221],[-92.11063,34.71881],[-92.11069,34.71454],[-92.10217,34.71455],[-92.10211,34.70719],[-92.10715,34.70727],[-92.11551,34.70741],[-92.11567,34.69956],[-92.10674,34.69947],[-92.10675,34.69871],[-92.10945,34.69847],[-92.11481,34.69623],[-92.1156,34.69419],[-92.10678,34.6941],[-92.10675,34.69609],[-92.1027,34.6961],[-92.1027,34.69858],[-92.10247,34.69945],[-92.09959,34.69742],[-92.09818,34.69553],[-92.0983,34.6883],[-92.10719,34.68844],[-92.10745,34.68031],[-92.11635,34.68051],[-92.11647,34.67739],[-92.12376,34.67756],[-92.12641,34.67685],[-92.12693,34.67452],[-92.12945,34.67474],[-92.12921,34.6759],[-92.13305,34.67646],[-92.13305,34.67827],[-92.14124,34.67774],[-92.15048,34.67758],[-92.14977,34.67972],[-92.13722,34.67992],[-92.13593,34.6836],[-92.1314,34.6836],[-92.13116,34.68899],[-92.1254,34.68877],[-92.1252,34.69171],[-92.12434,34.69463],[-92.13057,34.6947],[-92.13256,34.69971],[-92.13187,34.70071],[-92.13582,34.70601],[-92.13267,34.70585],[-92.13267,34.70459],[-92.13058,34.70367],[-92.13005,34.70453],[-92.13153,34.70516],[-92.13058,34.70738],[-92.12482,34.70969],[-92.12286,34.71269],[-92.12216,34.71501],[-92.12216,34.71738],[-92.12336,34.72045],[-92.12526,34.7227],[-92.12785,34.72461],[-92.13002,34.72539],[-92.13863,34.72614],[-92.1387,34.71842],[-92.14188,34.72174],[-92.14485,34.72383],[-92.14985,34.72583],[-92.15017,34.72734],[-92.15151,34.72835],[-92.15429,34.72922],[-92.15917,34.73195],[-92.16433,34.73316],[-92.16463,34.72053],[-92.17106,34.72219],[-92.17367,34.72461],[-92.1713,34.72302],[-92.16905,34.72477],[-92.16924,34.72625],[-92.17283,34.72677],[-92.17276,34.72801],[-92.17671,34.72308],[-92.17759,34.72354],[-92.18183,34.72642],[-92.18634,34.73099],[-92.18961,34.73435],[-92.19158,34.73562],[-92.19869,34.74004],[-92.19963,34.74062],[-92.2085,34.74368],[-92.21433,34.74502],[-92.21489,34.745],[-92.21493,34.74244],[-92.21328,34.7418],[-92.20868,34.74195],[-92.20234,34.73964],[-92.20011,34.73799],[-92.19836,34.73747],[-92.19574,34.7347],[-92.19271,34.73316],[-92.18761,34.72702],[-92.18993,34.72722],[-92.18822,34.72648],[-92.18747,34.72622],[-92.18003,34.72129],[-92.17605,34.71957],[-92.17543,34.71856],[-92.17297,34.71821],[-92.16974,34.71671],[-92.16691,34.71658],[-92.16236,34.71473],[-92.16048,34.71315],[-92.15757,34.70977],[-92.15539,34.70499],[-92.16053,34.70624],[-92.16993,34.70666],[-92.17368,34.70663],[-92.1716,34.70311],[-92.16946,34.69967],[-92.16818,34.69932],[-92.16809,34.70291],[-92.15931,34.70264],[-92.15941,34.69961],[-92.15744,34.69973],[-92.157,34.69892],[-92.15064,34.69873],[-92.15075,34.69507],[-92.15678,34.69526],[-92.15883,34.69158],[-92.16086,34.68971],[-92.1635,34.68392],[-92.1634,34.68229],[-92.16175,34.68027],[-92.16878,34.6805],[-92.16869,34.68477],[-92.18154,34.68512],[-92.18118,34.69968],[-92.18118,34.69979],[-92.19409,34.70003],[-92.19413,34.70332],[-92.21164,34.70383],[-92.21183,34.70479],[-92.21339,34.7047],[-92.2204,34.70246],[-92.22046,34.70244],[-92.22039,34.70379],[-92.22255,34.70407],[-92.22315,34.70774],[-92.2214,34.70767],[-92.22136,34.71287],[-92.22337,34.71434],[-92.22575,34.71436],[-92.22471,34.71525],[-92.22467,34.71776],[-92.23647,34.71811],[-92.2375,34.7177],[-92.23321,34.71142],[-92.23344,34.70984],[-92.23523,34.70989],[-92.2357,34.70813],[-92.23738,34.70814],[-92.23746,34.70811],[-92.23751,34.70537],[-92.23747,34.70461],[-92.23051,34.70444],[-92.23096,34.70271],[-92.23155,34.70035],[-92.23328,34.69801],[-92.2337,34.69802],[-92.23562,34.69521],[-92.23772,34.69516],[-92.24223,34.69543],[-92.24191,34.70481],[-92.24631,34.70542],[-92.24663,34.69756],[-92.25551,34.69782],[-92.25588,34.68685],[-92.26936,34.6871],[-92.27025,34.68711],[-92.27102,34.69476],[-92.27705,34.69497],[-92.2775,34.68771],[-92.28175,34.6879],[-92.28189,34.68406],[-92.28619,34.68429],[-92.28652,34.67888],[-92.29088,34.67911],[-92.29123,34.67371],[-92.29591,34.67392],[-92.29565,34.6776],[-92.29978,34.67787],[-92.29967,34.67938],[-92.29843,34.68092],[-92.30085,34.68107],[-92.30406,34.67444],[-92.30797,34.6633],[-92.31008,34.66031],[-92.31015,34.65929],[-92.30647,34.65922],[-92.30589,34.65459],[-92.30601,34.65275],[-92.31063,34.6528],[-92.3106,34.65463],[-92.31355,34.65807],[-92.31567,34.65741],[-92.32247,34.65697],[-92.3239,34.65642],[-92.33887,34.64838],[-92.34563,34.64475],[-92.35018,34.64231],[-92.35052,34.63668],[-92.34609,34.63661],[-92.34624,34.63339],[-92.34311,34.63331],[-92.34329,34.6297],[-92.33884,34.62956],[-92.33913,34.62597],[-92.34346,34.62609],[-92.34334,34.62866],[-92.34633,34.62873],[-92.34646,34.62564],[-92.34663,34.62564],[-92.35093,34.62573],[-92.35069,34.63304],[-92.35514,34.63311],[-92.3549,34.63941],[-92.35489,34.63976],[-92.36396,34.63474],[-92.37413,34.6294],[-92.37998,34.62918],[-92.38181,34.62841],[-92.38194,34.62634],[-92.38447,34.62635],[-92.39947,34.62639],[-92.41324,34.62652],[-92.41689,34.62655],[-92.43521,34.62682],[-92.43808,34.62687],[-92.44304,34.62694],[-92.43836,34.6309],[-92.43813,34.63116],[-92.43799,34.6313],[-92.44267,34.63514],[-92.44283,34.63503],[-92.44487,34.6336],[-92.44484,34.63447],[-92.44469,34.63801],[-92.44465,34.63886],[-92.44465,34.6404],[-92.44462,34.64079],[-92.44427,34.64646],[-92.44396,34.6534],[-92.44393,34.65415],[-92.44362,34.66282],[-92.44337,34.66957],[-92.44329,34.67204],[-92.43174,34.67171],[-92.43137,34.68255],[-92.42697,34.68248],[-92.42698,34.68202],[-92.42262,34.68143],[-92.42264,34.68056],[-92.42702,34.68067],[-92.42708,34.67885],[-92.42262,34.67879],[-92.42258,34.67879],[-92.4225,34.6788],[-92.42083,34.67869],[-92.42076,34.6814],[-92.4197,34.68137],[-92.41975,34.67876],[-92.41424,34.6785],[-92.41401,34.68204],[-92.41836,34.68216],[-92.41824,34.68577],[-92.42264,34.68595],[-92.42319,34.68599],[-92.42329,34.68955],[-92.42675,34.68966],[-92.42655,34.69687],[-92.42219,34.69674],[-92.42215,34.70037],[-92.41772,34.70024],[-92.41794,34.69299],[-92.41358,34.6929],[-92.41346,34.69665],[-92.41344,34.69756],[-92.41346,34.70011],[-92.41508,34.70015],[-92.41344,34.70069],[-92.41326,34.70765],[-92.41308,34.70773],[-92.41393,34.71104],[-92.41283,34.71281],[-92.41256,34.71825],[-92.41274,34.71825],[-92.41693,34.71834],[-92.4168,34.72198],[-92.42993,34.7224],[-92.43433,34.72252],[-92.43421,34.72618],[-92.44304,34.72641],[-92.44292,34.72987],[-92.44705,34.73027],[-92.44684,34.73786],[-92.44661,34.74459],[-92.44246,34.74444],[-92.44255,34.74088],[-92.43847,34.74081],[-92.43387,34.74068],[-92.43376,34.74419],[-92.43367,34.74611],[-92.43255,34.74608],[-92.43035,34.7448],[-92.43026,34.74788],[-92.43537,34.74803],[-92.43678,34.74966],[-92.44232,34.74987],[-92.44231,34.75179],[-92.44396,34.7518],[-92.44392,34.753],[-92.44312,34.75299],[-92.4431,34.75433],[-92.4446,34.75502],[-92.44522,34.75182],[-92.45417,34.75213],[-92.45507,34.75212],[-92.45502,34.75677],[-92.45556,34.7587],[-92.45489,34.75865],[-92.45543,34.76036],[-92.45737,34.76111],[-92.46071,34.7613],[-92.46074,34.75962],[-92.46216,34.75993],[-92.46626,34.76025],[-92.46949,34.76147],[-92.46954,34.76321],[-92.47238,34.76437],[-92.47374,34.76362],[-92.4817,34.76374],[-92.48182,34.75944],[-92.48289,34.75926],[-92.48461,34.7596],[-92.48862,34.76199],[-92.49385,34.76354],[-92.49447,34.76394],[-92.49441,34.76765],[-92.49883,34.76776],[-92.49871,34.77139],[-92.49435,34.77128],[-92.49429,34.77493],[-92.49871,34.77512],[-92.4986,34.77708],[-92.49835,34.78215],[-92.5006,34.78222],[-92.49999,34.78947],[-92.4998,34.79669],[-92.48879,34.79654],[-92.48889,34.79291],[-92.47583,34.7926],[-92.47583,34.7944],[-92.48018,34.79451],[-92.48009,34.79813],[-92.48213,34.79817],[-92.48211,34.79906],[-92.48431,34.79911],[-92.48429,34.8],[-92.4887,34.80008],[-92.48865,34.80187],[-92.49305,34.80195],[-92.49301,34.80376],[-92.49737,34.80383],[-92.49738,34.805],[-92.51512,34.80532],[-92.51507,34.80796],[-92.52158,34.80811],[-92.52149,34.81164],[-92.51944,34.81157],[-92.51932,34.81516],[-92.51497,34.815]],[[-92.22598,34.85597],[-92.22682,34.85825],[-92.23073,34.86078],[-92.23189,34.86059],[-92.23186,34.86237],[-92.23623,34.86223],[-92.23636,34.85514],[-92.23205,34.85505],[-92.23112,34.8572],[-92.22819,34.85627],[-92.22823,34.85478],[-92.22583,34.85507],[-92.22549,34.85612],[-92.22598,34.85597]],[[-92.24779,34.84411],[-92.2478,34.84356],[-92.24762,34.84355],[-92.24764,34.84296],[-92.24574,34.84293],[-92.24571,34.84407],[-92.24779,34.84411]],[[-92.31597,34.78704],[-92.31261,34.7854],[-92.30927,34.78223],[-92.30801,34.78059],[-92.30569,34.7762],[-92.30729,34.77618],[-92.30648,34.77414],[-92.30044,34.7629],[-92.29791,34.75932],[-92.29404,34.75729],[-92.29406,34.75665],[-92.29125,34.75517],[-92.2862,34.7546],[-92.28261,34.75323],[-92.27877,34.75181],[-92.27585,34.75101],[-92.27324,34.75024],[-92.26933,34.74964],[-92.26334,34.74873],[-92.26284,34.74804],[-92.26271,34.748],[-92.26216,34.74795],[-92.25257,34.74638],[-92.24756,34.74639],[-92.24385,34.74518],[-92.23572,34.74421],[-92.22838,34.74284],[-92.22795,34.74189],[-92.22693,34.74329],[-92.22656,34.74588],[-92.22199,34.74551],[-92.22082,34.74814],[-92.23242,34.74844],[-92.24075,34.74892],[-92.245,34.74884],[-92.24872,34.74984],[-92.25862,34.75094],[-92.26265,34.75156],[-92.27422,34.75344],[-92.28127,34.75519],[-92.282,34.75584],[-92.29021,34.76152],[-92.29558,34.76424],[-92.29739,34.7655],[-92.29817,34.76716],[-92.29998,34.76888],[-92.30166,34.7717],[-92.30742,34.78207],[-92.30739,34.78395],[-92.30662,34.78534],[-92.30862,34.78754],[-92.31182,34.78884],[-92.31362,34.79014],[-92.31531,34.7899],[-92.32557,34.78966],[-92.33065,34.78986],[-92.33067,34.78869],[-92.32165,34.78837],[-92.31597,34.78704]],[[-92.34146,34.77764],[-92.34034,34.77852],[-92.34028,34.7803],[-92.34001,34.78478],[-92.34891,34.78509],[-92.34908,34.7797],[-92.34913,34.77791],[-92.34921,34.77575],[-92.34476,34.77562],[-92.34473,34.77752],[-92.34146,34.77764]],[[-92.33945,34.80283],[-92.33769,34.80261],[-92.33043,34.80255],[-92.33034,34.80875],[-92.33036,34.80875],[-92.33193,34.80871],[-92.33196,34.80998],[-92.33486,34.80931],[-92.33828,34.80935],[-92.33988,34.80985],[-92.33976,34.809],[-92.34351,34.80906],[-92.34358,34.807],[-92.34128,34.80653],[-92.33938,34.8051],[-92.33945,34.80283]],[[-92.31274,34.80953],[-92.31276,34.8082],[-92.31049,34.80886],[-92.31037,34.80946],[-92.3091,34.80984],[-92.30835,34.80931],[-92.30837,34.80766],[-92.30986,34.80732],[-92.30989,34.80589],[-92.30787,34.80583],[-92.30396,34.80575],[-92.30387,34.80794],[-92.30386,34.80847],[-92.30377,34.81131],[-92.30821,34.8116],[-92.30969,34.81051],[-92.31093,34.81226],[-92.30677,34.8126],[-92.30373,34.81257],[-92.30371,34.81304],[-92.29935,34.81298],[-92.29935,34.81303],[-92.29929,34.81408],[-92.29922,34.8154],[-92.30387,34.81544],[-92.30415,34.81553],[-92.30813,34.81668],[-92.30643,34.81772],[-92.30901,34.818],[-92.3123,34.81938],[-92.31408,34.81623],[-92.3151,34.81416],[-92.31388,34.81343],[-92.31315,34.8132],[-92.31274,34.80953]],[[-92.23636,34.86876],[-92.23762,34.86764],[-92.23684,34.86738],[-92.23514,34.86811],[-92.23554,34.86876],[-92.23636,34.86876]],[[-92.23176,34.86588],[-92.23182,34.86377],[-92.23068,34.86313],[-92.22956,34.86449],[-92.23176,34.86588]],[[-92.19085,34.75936],[-92.1911,34.75417],[-92.18424,34.75288],[-92.18234,34.75381],[-92.18219,34.75248],[-92.1792,34.75132],[-92.16694,34.75145],[-92.16452,34.7524],[-92.1645,34.75545],[-92.1627,34.75545],[-92.16279,34.7532],[-92.15787,34.75529],[-92.15564,34.75525],[-92.15576,34.7474],[-92.15984,34.74754],[-92.16028,34.74623],[-92.1662,34.73758],[-92.15928,34.73738],[-92.15928,34.73473],[-92.1574,34.73473],[-92.1574,34.73348],[-92.15112,34.73228],[-92.1511,34.74287],[-92.14723,34.74283],[-92.1473,34.73641],[-92.1338,34.73607],[-92.13379,34.75087],[-92.12945,34.75075],[-92.12917,34.76178],[-92.13354,34.76183],[-92.13347,34.76545],[-92.13222,34.76613],[-92.12905,34.76613],[-92.12877,34.77424],[-92.12897,34.77792],[-92.13219,34.77853],[-92.13592,34.77873],[-92.15503,34.77652],[-92.1551,34.77306],[-92.1584,34.77306],[-92.1601,34.77558],[-92.16052,34.77134],[-92.15832,34.77184],[-92.15863,34.76958],[-92.16026,34.76781],[-92.16079,34.76572],[-92.16223,34.76576],[-92.16248,34.75888],[-92.16449,34.75767],[-92.16438,34.76311],[-92.16679,34.76308],[-92.17424,34.76127],[-92.1747,34.76225],[-92.17734,34.7654],[-92.17732,34.76746],[-92.17399,34.76781],[-92.17389,34.76932],[-92.17941,34.76991],[-92.18157,34.77014],[-92.19145,34.7711],[-92.19428,34.77007],[-92.19948,34.76695],[-92.19955,34.76691],[-92.19966,34.76327],[-92.19516,34.76313],[-92.19533,34.75952],[-92.19085,34.75936]]],[[[-92.15354,34.74714],[-92.14719,34.74368],[-92.15576,34.74383],[-92.15576,34.7474],[-92.15501,34.74737],[-92.15463,34.74735],[-92.15354,34.74714]]],[[[-92.45539,34.75211],[-92.45507,34.75212],[-92.45506,34.75204],[-92.45513,34.75026],[-92.4573,34.75058],[-92.45742,34.74669],[-92.45527,34.74668],[-92.45543,34.74117],[-92.45768,34.74123],[-92.4576,34.74311],[-92.45974,34.74315],[-92.45967,34.74674],[-92.46188,34.74678],[-92.46179,34.75039],[-92.45954,34.75035],[-92.45947,34.75215],[-92.45539,34.75211]]],[[[-92.38134,34.80796],[-92.38318,34.80947],[-92.38363,34.80846],[-92.3839,34.80992],[-92.38255,34.81037],[-92.38281,34.81101],[-92.38134,34.80796]]],[[[-92.53443,35.06321],[-92.53446,35.06163],[-92.53611,35.06385],[-92.54011,35.06313],[-92.53881,35.06348],[-92.53877,35.06446],[-92.53571,35.06442],[-92.53443,35.06321]]],[[[-92.56759,35.01837],[-92.56346,35.02137],[-92.56048,35.02236],[-92.55772,35.02479],[-92.55087,35.03207],[-92.54828,35.03546],[-92.55189,35.03567],[-92.55847,35.03578],[-92.55541,35.03917],[-92.55198,35.04303],[-92.54931,35.04655],[-92.54605,35.05169],[-92.54502,35.05379],[-92.54256,35.05734],[-92.53458,35.05721],[-92.53447,35.06077],[-92.53211,35.06076],[-92.53295,35.06321],[-92.53443,35.06321],[-92.53434,35.0644],[-92.52759,35.06423],[-92.52736,35.07138],[-92.53153,35.07135],[-92.53237,35.07152],[-92.53953,35.0717],[-92.53795,35.0734],[-92.53781,35.0755],[-92.53604,35.07531],[-92.53572,35.07406],[-92.53221,35.07158],[-92.53148,35.07143],[-92.52518,35.07151],[-92.5253,35.06786],[-92.51652,35.06764],[-92.51638,35.07129],[-92.5178,35.07131],[-92.51728,35.075],[-92.51345,35.07494],[-92.51335,35.07862],[-92.51608,35.07863],[-92.51602,35.08055],[-92.51992,35.08063],[-92.52087,35.08194],[-92.52043,35.08367],[-92.52028,35.08543],[-92.51888,35.08541],[-92.51887,35.08597],[-92.51899,35.08697],[-92.5202,35.08699],[-92.52013,35.08918],[-92.5246,35.08972],[-92.53342,35.08979],[-92.53328,35.09351],[-92.53772,35.09364],[-92.53736,35.10459],[-92.53281,35.10462],[-92.53281,35.10817],[-92.52462,35.10803],[-92.52446,35.11412],[-92.52283,35.11278],[-92.52015,35.11151],[-92.52012,35.11237],[-92.51996,35.11924],[-92.51822,35.12273],[-92.51588,35.12905],[-92.51474,35.13024],[-92.51328,35.12909],[-92.51082,35.12667],[-92.51095,35.12213],[-92.49915,35.12196],[-92.504,35.12309],[-92.50722,35.12412],[-92.50953,35.12572],[-92.50644,35.12565],[-92.50637,35.12928],[-92.48424,35.12878],[-92.48436,35.12523],[-92.48878,35.12529],[-92.48889,35.1217],[-92.48677,35.12166],[-92.48718,35.12095],[-92.48732,35.12062],[-92.49769,35.12206],[-92.49793,35.11518],[-92.50234,35.11471],[-92.50235,35.11373],[-92.50675,35.11269],[-92.50679,35.1114],[-92.50783,35.11132],[-92.50786,35.10986],[-92.51007,35.11112],[-92.50885,35.11123],[-92.50881,35.11266],[-92.51352,35.11232],[-92.51355,35.11094],[-92.51075,35.11107],[-92.51076,35.1095],[-92.50695,35.10938],[-92.50703,35.10755],[-92.50251,35.10753],[-92.5024,35.11105],[-92.49969,35.11107],[-92.49363,35.11098],[-92.48918,35.11207],[-92.4903,35.11456],[-92.48469,35.11443],[-92.48462,35.11716],[-92.48395,35.11572],[-92.47971,35.1167],[-92.47757,35.11681],[-92.47572,35.11784],[-92.47129,35.11806],[-92.4712,35.11989],[-92.475,35.12013],[-92.47561,35.12144],[-92.47548,35.12514],[-92.46677,35.12516],[-92.47099,35.12588],[-92.47081,35.13204],[-92.46643,35.13195],[-92.4665,35.13009],[-92.46216,35.12998],[-92.46229,35.1266],[-92.45783,35.1265],[-92.45771,35.13004],[-92.45995,35.13061],[-92.45943,35.13306],[-92.45799,35.1331],[-92.45908,35.13434],[-92.4595,35.1355],[-92.46196,35.13557],[-92.46183,35.13909],[-92.46177,35.1401],[-92.46613,35.14015],[-92.46603,35.14285],[-92.4705,35.14293],[-92.47038,35.1465],[-92.45716,35.14627],[-92.45743,35.13949],[-92.45519,35.1414],[-92.45327,35.14231],[-92.45246,35.14256],[-92.45089,35.14254],[-92.45291,35.14182],[-92.45427,35.1418],[-92.45329,35.14103],[-92.45348,35.14025],[-92.4519,35.13985],[-92.45083,35.1386],[-92.45301,35.13845],[-92.45472,35.13803],[-92.45529,35.13732],[-92.45657,35.13601],[-92.45905,35.1355],[-92.45759,35.133],[-92.45691,35.13261],[-92.45764,35.13128],[-92.45326,35.13121],[-92.45335,35.12823],[-92.44896,35.12813],[-92.44903,35.12696],[-92.44815,35.12767],[-92.44867,35.1293],[-92.44568,35.13084],[-92.44358,35.1304],[-92.44357,35.13179],[-92.44234,35.13134],[-92.44283,35.12801],[-92.4412,35.12798],[-92.44116,35.12919],[-92.43808,35.12939],[-92.43811,35.12791],[-92.44093,35.12797],[-92.44011,35.12706],[-92.44031,35.12069],[-92.43588,35.12062],[-92.43569,35.12426],[-92.42695,35.12405],[-92.42728,35.11319],[-92.42363,35.11315],[-92.41404,35.11294],[-92.41399,35.11481],[-92.40722,35.12002],[-92.39615,35.11977],[-92.39639,35.1126],[-92.39195,35.1133],[-92.38309,35.11313],[-92.38318,35.11035],[-92.385,35.11059],[-92.38541,35.11062],[-92.3856,35.10512],[-92.39219,35.10525],[-92.392,35.11074],[-92.39641,35.11099],[-92.39659,35.10535],[-92.40101,35.10542],[-92.40105,35.10231],[-92.39664,35.10218],[-92.3967,35.09811],[-92.39236,35.09798],[-92.39229,35.10044],[-92.39051,35.1004],[-92.39054,35.09947],[-92.3839,35.0993],[-92.38368,35.10291],[-92.38147,35.10287],[-92.38167,35.0977],[-92.38819,35.09787],[-92.3882,35.09701],[-92.39239,35.09714],[-92.39255,35.09081],[-92.39412,35.09086],[-92.3956,35.08826],[-92.39497,35.08583],[-92.39265,35.08557],[-92.39256,35.09016],[-92.39185,35.09079],[-92.3883,35.09069],[-92.38838,35.08741],[-92.38747,35.08847],[-92.38549,35.08844],[-92.38681,35.08655],[-92.3884,35.08659],[-92.38846,35.08335],[-92.39525,35.08353],[-92.395,35.07991],[-92.40145,35.08012],[-92.40148,35.07796],[-92.39936,35.07823],[-92.39938,35.07642],[-92.39721,35.07636],[-92.3972,35.07816],[-92.3961,35.07813],[-92.39613,35.07635],[-92.39285,35.0762],[-92.39276,35.07986],[-92.38432,35.07952],[-92.38439,35.07587],[-92.39072,35.0761],[-92.39079,35.07256],[-92.39726,35.07271],[-92.39734,35.06709],[-92.39689,35.06633],[-92.40052,35.06774],[-92.40249,35.06815],[-92.40632,35.06757],[-92.40648,35.06204],[-92.39746,35.06178],[-92.39773,35.05559],[-92.40026,35.05553],[-92.40023,35.05465],[-92.40059,35.05279],[-92.40255,35.04988],[-92.40523,35.04759],[-92.40694,35.04772],[-92.40675,35.05375],[-92.40748,35.05495],[-92.41131,35.05499],[-92.41137,35.05126],[-92.41452,35.05136],[-92.41497,35.05291],[-92.41582,35.05146],[-92.41849,35.05152],[-92.41758,35.05267],[-92.42285,35.05461],[-92.4233,35.05286],[-92.42906,35.05452],[-92.42916,35.05123],[-92.42679,35.05029],[-92.42208,35.05025],[-92.42091,35.04779],[-92.42053,35.0406],[-92.42378,35.04063],[-92.42259,35.03696],[-92.42509,35.03702],[-92.42507,35.0382],[-92.43831,35.03842],[-92.43809,35.04554],[-92.44246,35.04572],[-92.44242,35.04723],[-92.44521,35.04726],[-92.44479,35.04623],[-92.44625,35.04616],[-92.44649,35.0438],[-92.44587,35.04215],[-92.44695,35.04098],[-92.44692,35.04054],[-92.44396,35.04049],[-92.44398,35.03989],[-92.44659,35.03993],[-92.44689,35.03963],[-92.44688,35.03918],[-92.44491,35.03824],[-92.44589,35.03758],[-92.44267,35.03752],[-92.44278,35.0337],[-92.43844,35.0336],[-92.43855,35.02996],[-92.44713,35.03009],[-92.44767,35.0257],[-92.44735,35.02527],[-92.44745,35.02488],[-92.44856,35.0255],[-92.45181,35.02515],[-92.45187,35.02309],[-92.4507,35.02307],[-92.45075,35.02106],[-92.45637,35.02111],[-92.4563,35.02301],[-92.46443,35.02324],[-92.46466,35.01956],[-92.45444,35.01937],[-92.45564,35.0163],[-92.45678,35.01635],[-92.45723,35.00553],[-92.4791,35.00601],[-92.47897,35.00964],[-92.48126,35.00969],[-92.47977,35.01102],[-92.47628,35.01019],[-92.47623,35.01141],[-92.47756,35.01144],[-92.47683,35.01376],[-92.47849,35.01451],[-92.47975,35.01273],[-92.48256,35.01199],[-92.48454,35.01204],[-92.48478,35.01333],[-92.48328,35.01328],[-92.48307,35.01781],[-92.48124,35.01694],[-92.48072,35.02103],[-92.48453,35.02075],[-92.48441,35.02379],[-92.48015,35.02505],[-92.47947,35.02332],[-92.47933,35.02711],[-92.485,35.02725],[-92.48478,35.03433],[-92.47797,35.03435],[-92.47771,35.04155],[-92.48645,35.04186],[-92.48638,35.04407],[-92.48754,35.0441],[-92.48635,35.04516],[-92.48628,35.04833],[-92.4907,35.04818],[-92.49089,35.04636],[-92.49119,35.04552],[-92.49444,35.04561],[-92.49435,35.0482],[-92.49124,35.04735],[-92.4906,35.05004],[-92.49044,35.05515],[-92.48879,35.0551],[-92.48875,35.05638],[-92.48157,35.05615],[-92.48147,35.05896],[-92.48144,35.05981],[-92.49024,35.06001],[-92.49032,35.05785],[-92.49263,35.05786],[-92.49269,35.05649],[-92.49783,35.05654],[-92.49702,35.05845],[-92.49923,35.05849],[-92.49917,35.06023],[-92.50792,35.06043],[-92.5077,35.06763],[-92.51543,35.06764],[-92.51556,35.06409],[-92.51668,35.06356],[-92.51677,35.06054],[-92.53,35.06071],[-92.53042,35.04991],[-92.52599,35.04986],[-92.52619,35.04448],[-92.52645,35.04258],[-92.52657,35.04257],[-92.53516,35.04265],[-92.5353,35.03905],[-92.53081,35.0389],[-92.53093,35.03531],[-92.53107,35.03167],[-92.5355,35.03177],[-92.5358,35.02083],[-92.54461,35.02101],[-92.54488,35.01375],[-92.54928,35.01386],[-92.54966,34.99934],[-92.55837,34.99956],[-92.55831,35.00319],[-92.56259,35.00329],[-92.56245,35.01082],[-92.56643,35.00748],[-92.56702,35.00337],[-92.58698,35.00373],[-92.58512,35.00704],[-92.57777,35.01156],[-92.57028,35.01476],[-92.56759,35.01837]],[[-92.4008,35.11261],[-92.40323,35.11269],[-92.40327,35.11126],[-92.40344,35.10548],[-92.401,35.10543],[-92.40084,35.11118],[-92.4008,35.11261]]]]}},{"type":"Feature","properties":{"name":"ORT On-Demand","boundary_type":"places","source":"Census TIGER place","fidelity":"approximate","updated":"2026-09","units":"Fayetteville city; Springdale city; Rogers city; Bentonville city","note":"On-demand zones within and around four NWA cities. Rogers/Fayetteville/Springdale have full service (Mon-Sat); Bentonville Sat only.","confidence":0.75},"geometry":{"type":"MultiPolygon","coordinates":[[[[-94.1331,36.00042],[-94.1275,36.00031],[-94.12418,36.00024],[-94.12456,35.98936],[-94.12712,35.98941],[-94.12902,35.98946],[-94.12889,35.99307],[-94.13781,35.99328],[-94.13748,36.00415],[-94.13297,36.00407],[-94.1331,36.00042]]],[[[-94.28885,36.07599],[-94.28875,36.07961],[-94.28436,36.07956],[-94.26933,36.07943],[-94.26861,36.08],[-94.26859,36.08095],[-94.26857,36.08196],[-94.26654,36.08304],[-94.26205,36.083],[-94.26195,36.08662],[-94.25973,36.0866],[-94.25981,36.08297],[-94.25532,36.08302],[-94.25534,36.08114],[-94.24864,36.08105],[-94.24851,36.08633],[-94.24182,36.08628],[-94.24185,36.08458],[-94.23964,36.08453],[-94.23958,36.08637],[-94.23741,36.08628],[-94.23743,36.08527],[-94.23437,36.08522],[-94.23414,36.08506],[-94.23512,36.08449],[-94.23742,36.08451],[-94.23749,36.08088],[-94.23305,36.0808],[-94.23318,36.08423],[-94.23375,36.08478],[-94.23269,36.08627],[-94.23511,36.0863],[-94.23466,36.09096],[-94.23208,36.09142],[-94.23054,36.09179],[-94.23046,36.09179],[-94.22911,36.09176],[-94.22915,36.08979],[-94.22527,36.08974],[-94.22524,36.09112],[-94.22413,36.09122],[-94.22409,36.09335],[-94.22609,36.09339],[-94.22672,36.09361],[-94.227,36.0953],[-94.22695,36.09556],[-94.22592,36.09682],[-94.23034,36.09692],[-94.23003,36.10739],[-94.22781,36.10735],[-94.22789,36.10374],[-94.2257,36.1037],[-94.22565,36.10514],[-94.22428,36.10511],[-94.22425,36.10729],[-94.22251,36.10726],[-94.22256,36.10524],[-94.22118,36.10521],[-94.22113,36.10727],[-94.21892,36.10724],[-94.21902,36.10298],[-94.21682,36.10295],[-94.21656,36.11022],[-94.21618,36.11078],[-94.21432,36.11074],[-94.21439,36.10881],[-94.21196,36.10897],[-94.20969,36.10934],[-94.20893,36.10936],[-94.20888,36.11066],[-94.2121,36.1107],[-94.21225,36.11071],[-94.2122,36.11253],[-94.2165,36.11261],[-94.21648,36.11443],[-94.21207,36.11432],[-94.21207,36.11251],[-94.20761,36.11245],[-94.20766,36.11064],[-94.20319,36.11057],[-94.20307,36.11418],[-94.19861,36.11304],[-94.19501,36.1133],[-94.19409,36.11456],[-94.19401,36.11764],[-94.19401,36.12088],[-94.18943,36.12119],[-94.18951,36.11844],[-94.1806,36.11826],[-94.18062,36.11734],[-94.17743,36.11731],[-94.17634,36.1173],[-94.17608,36.1207],[-94.16717,36.12058],[-94.16716,36.11943],[-94.16353,36.12012],[-94.16327,36.12322],[-94.16093,36.12177],[-94.16073,36.12007],[-94.15825,36.12],[-94.1582,36.12056],[-94.15797,36.12955],[-94.15765,36.12964],[-94.15501,36.13049],[-94.15344,36.13036],[-94.15264,36.1316],[-94.14781,36.13132],[-94.14789,36.13345],[-94.15111,36.13333],[-94.1533,36.13334],[-94.15324,36.13856],[-94.15754,36.13867],[-94.15888,36.13865],[-94.15767,36.13994],[-94.15748,36.14315],[-94.15975,36.14234],[-94.16324,36.14243],[-94.16315,36.14597],[-94.16645,36.14605],[-94.16633,36.14968],[-94.17073,36.14973],[-94.17104,36.14252],[-94.19781,36.14293],[-94.19793,36.14023],[-94.19729,36.13941],[-94.19786,36.13942],[-94.19817,36.13934],[-94.20098,36.1394],[-94.20239,36.13944],[-94.20307,36.13945],[-94.2039,36.14351],[-94.20644,36.14878],[-94.20782,36.15472],[-94.21134,36.1555],[-94.21141,36.15557],[-94.21217,36.15771],[-94.20849,36.15767],[-94.21123,36.16312],[-94.21056,36.1684],[-94.21282,36.16844],[-94.21236,36.17583],[-94.21345,36.17584],[-94.21416,36.1795],[-94.2194,36.17954],[-94.21929,36.1833],[-94.22374,36.18343],[-94.22391,36.18343],[-94.22388,36.18432],[-94.22642,36.18575],[-94.2289,36.19105],[-94.2307,36.19804],[-94.21909,36.1979],[-94.21857,36.19828],[-94.21671,36.19969],[-94.21451,36.19858],[-94.21374,36.19963],[-94.21132,36.20032],[-94.2128,36.19695],[-94.21156,36.19617],[-94.21007,36.19397],[-94.20856,36.19394],[-94.2042,36.19006],[-94.19539,36.18997],[-94.19544,36.18825],[-94.1943,36.18822],[-94.19424,36.18997],[-94.19226,36.18995],[-94.1922,36.19356],[-94.1955,36.19363],[-94.19514,36.21001],[-94.1944,36.21181],[-94.21313,36.21228],[-94.21414,36.21227],[-94.21861,36.21236],[-94.21856,36.2142],[-94.21409,36.21414],[-94.21397,36.21961],[-94.21833,36.21968],[-94.21843,36.21601],[-94.22306,36.21605],[-94.22485,36.21247],[-94.22982,36.21256],[-94.22947,36.21294],[-94.22805,36.21385],[-94.23176,36.21388],[-94.23214,36.21261],[-94.24422,36.21274],[-94.24394,36.22004],[-94.2484,36.22015],[-94.24854,36.2166],[-94.25075,36.21664],[-94.25091,36.21296],[-94.25225,36.21299],[-94.25218,36.21394],[-94.25394,36.21488],[-94.25387,36.21666],[-94.25744,36.2167],[-94.25729,36.22038],[-94.25718,36.22401],[-94.2528,36.22374],[-94.25273,36.22522],[-94.24821,36.22514],[-94.24825,36.22388],[-94.24379,36.22381],[-94.24366,36.22743],[-94.24463,36.22969],[-94.24291,36.2296],[-94.24289,36.23084],[-94.24511,36.23069],[-94.2479,36.23448],[-94.248,36.23109],[-94.25245,36.23115],[-94.25234,36.23464],[-94.24852,36.23463],[-94.24864,36.2366],[-94.25048,36.23858],[-94.24873,36.23933],[-94.24766,36.24031],[-94.24773,36.23824],[-94.24338,36.23813],[-94.24345,36.23455],[-94.24204,36.23447],[-94.24217,36.23085],[-94.24048,36.23084],[-94.24073,36.22739],[-94.23922,36.22735],[-94.23925,36.22618],[-94.23698,36.22611],[-94.2369,36.23081],[-94.24014,36.23085],[-94.24017,36.23246],[-94.23904,36.23244],[-94.239,36.23442],[-94.23874,36.23998],[-94.23775,36.23998],[-94.23838,36.24107],[-94.23884,36.24388],[-94.23579,36.24513],[-94.2341,36.24498],[-94.23218,36.24523],[-94.2323,36.24163],[-94.23177,36.23796],[-94.22861,36.23792],[-94.22956,36.23994],[-94.22532,36.23889],[-94.22544,36.23494],[-94.22256,36.23427],[-94.22033,36.23421],[-94.22034,36.23783],[-94.22119,36.23784],[-94.22132,36.23903],[-94.2253,36.24037],[-94.22525,36.24146],[-94.22171,36.24141],[-94.21608,36.2422],[-94.21597,36.24497],[-94.20878,36.24488],[-94.20661,36.24534],[-94.20659,36.24483],[-94.20447,36.24466],[-94.20426,36.2484],[-94.20138,36.24832],[-94.19759,36.24821],[-94.19769,36.2446],[-94.19099,36.24442],[-94.19106,36.24079],[-94.17305,36.24048],[-94.16988,36.24057],[-94.16858,36.24026],[-94.15556,36.23994],[-94.15514,36.23994],[-94.15369,36.24009],[-94.15076,36.23995],[-94.14563,36.23983],[-94.14464,36.2388],[-94.1431,36.23978],[-94.13705,36.23955],[-94.13266,36.23945],[-94.12821,36.23931],[-94.12761,36.23933],[-94.11916,36.239],[-94.11554,36.23892],[-94.11422,36.23172],[-94.11381,36.22972],[-94.11329,36.2297],[-94.11297,36.22798],[-94.10634,36.2279],[-94.1064,36.2251],[-94.10186,36.22502],[-94.10187,36.22462],[-94.09284,36.22399],[-94.08829,36.22391],[-94.08825,36.22574],[-94.08704,36.22571],[-94.08709,36.22392],[-94.08388,36.22387],[-94.08389,36.223],[-94.0929,36.22319],[-94.093,36.2186],[-94.08851,36.21849],[-94.0887,36.20945],[-94.08437,36.20939],[-94.08442,36.20575],[-94.08505,36.20624],[-94.08804,36.20578],[-94.08846,36.20863],[-94.09215,36.20868],[-94.09232,36.20223],[-94.09007,36.20225],[-94.09012,36.20028],[-94.08863,36.20027],[-94.08867,36.20201],[-94.08966,36.20272],[-94.08706,36.20333],[-94.08603,36.20439],[-94.08387,36.20272],[-94.08449,36.20058],[-94.08739,36.2006],[-94.08746,36.19809],[-94.08899,36.19811],[-94.08927,36.19421],[-94.09083,36.19321],[-94.09254,36.19456],[-94.09261,36.1924],[-94.09299,36.18055],[-94.08961,36.18052],[-94.0904,36.17773],[-94.09046,36.17546],[-94.09199,36.1755],[-94.09209,36.17358],[-94.09055,36.17359],[-94.08757,36.1735],[-94.08762,36.17123],[-94.08534,36.17118],[-94.08311,36.17118],[-94.08312,36.16821],[-94.08339,36.16264],[-94.08116,36.1624],[-94.08129,36.15893],[-94.08012,36.15893],[-94.08022,36.1553],[-94.07689,36.15523],[-94.07686,36.15662],[-94.0724,36.15677],[-94.07415,36.15774],[-94.0761,36.15776],[-94.07679,36.15872],[-94.07664,36.16246],[-94.07175,36.16114],[-94.07141,36.1611],[-94.07147,36.15862],[-94.06792,36.15852],[-94.06833,36.14778],[-94.07274,36.14791],[-94.07274,36.14881],[-94.07703,36.14892],[-94.077,36.15003],[-94.0793,36.14802],[-94.07705,36.148],[-94.07706,36.14701],[-94.07933,36.14703],[-94.07942,36.14343],[-94.07645,36.14337],[-94.07737,36.13711],[-94.08594,36.13727],[-94.09073,36.13736],[-94.09077,36.1337],[-94.09557,36.13385],[-94.10931,36.13408],[-94.11127,36.13532],[-94.11131,36.13416],[-94.11321,36.13419],[-94.11332,36.13058],[-94.11144,36.13053],[-94.11133,36.13322],[-94.10959,36.13408],[-94.10879,36.13315],[-94.10894,36.12687],[-94.1134,36.12692],[-94.11349,36.12333],[-94.11354,36.12125],[-94.11374,36.11249],[-94.10927,36.11239],[-94.10935,36.1097],[-94.11056,36.10879],[-94.11383,36.10889],[-94.11396,36.10523],[-94.10759,36.10498],[-94.1075,36.10605],[-94.10611,36.10603],[-94.10581,36.10409],[-94.11217,36.10417],[-94.10934,36.10209],[-94.10508,36.1015],[-94.10511,36.10034],[-94.10735,36.0997],[-94.10739,36.09787],[-94.10521,36.09783],[-94.10525,36.09569],[-94.10821,36.09573],[-94.10779,36.09124],[-94.10877,36.09073],[-94.10783,36.09064],[-94.1036,36.09056],[-94.10354,36.08623],[-94.10092,36.0852],[-94.10092,36.08493],[-94.10147,36.08509],[-94.10192,36.08511],[-94.10245,36.08535],[-94.10271,36.08565],[-94.10355,36.08566],[-94.10363,36.08332],[-94.11249,36.08349],[-94.11256,36.08114],[-94.11113,36.08084],[-94.11127,36.07621],[-94.10834,36.07615],[-94.10816,36.08044],[-94.10631,36.07999],[-94.10652,36.07856],[-94.10412,36.07711],[-94.10532,36.07515],[-94.10701,36.07518],[-94.10711,36.07245],[-94.10847,36.07247],[-94.10836,36.07521],[-94.11125,36.07528],[-94.1113,36.07255],[-94.11286,36.07259],[-94.11339,36.05829],[-94.11238,36.05916],[-94.11164,36.05668],[-94.10755,36.05555],[-94.10376,36.05392],[-94.10031,36.0567],[-94.09947,36.05824],[-94.09695,36.05791],[-94.09542,36.05649],[-94.09201,36.05513],[-94.09208,36.05291],[-94.09562,36.05359],[-94.09575,36.04924],[-94.09303,36.04766],[-94.09225,36.04764],[-94.09217,36.05014],[-94.09063,36.05066],[-94.09073,36.0476],[-94.08778,36.04755],[-94.08767,36.05128],[-94.08146,36.05147],[-94.0806,36.04897],[-94.07885,36.0494],[-94.07887,36.04889],[-94.07816,36.04737],[-94.07641,36.0475],[-94.0763,36.05117],[-94.07429,36.05264],[-94.07419,36.05432],[-94.07875,36.05442],[-94.0784,36.05496],[-94.07416,36.05487],[-94.07412,36.05562],[-94.07068,36.05555],[-94.06953,36.05706],[-94.06889,36.05895],[-94.07407,36.05929],[-94.0695,36.05979],[-94.06955,36.06258],[-94.07391,36.06268],[-94.07397,36.06516],[-94.07202,36.0687],[-94.06812,36.06971],[-94.06484,36.06701],[-94.06266,36.06602],[-94.06054,36.06219],[-94.06169,36.06068],[-94.0637,36.05585],[-94.06073,36.05575],[-94.06067,36.05678],[-94.05514,36.05668],[-94.05405,36.05575],[-94.05412,36.05396],[-94.05192,36.053],[-94.04974,36.05113],[-94.04868,36.04928],[-94.04311,36.04916],[-94.04317,36.04733],[-94.03764,36.0454],[-94.02985,36.04524],[-94.03002,36.0398],[-94.02671,36.03883],[-94.02795,36.03787],[-94.02899,36.03706],[-94.03011,36.03709],[-94.03406,36.04046],[-94.03888,36.04182],[-94.04335,36.04195],[-94.04556,36.042],[-94.04955,36.04132],[-94.04965,36.03879],[-94.05152,36.03908],[-94.05238,36.03821],[-94.05248,36.03543],[-94.05539,36.03431],[-94.05704,36.0331],[-94.05884,36.03262],[-94.06037,36.03318],[-94.05921,36.03501],[-94.05711,36.0405],[-94.05941,36.04189],[-94.06148,36.04398],[-94.06601,36.04553],[-94.0734,36.04578],[-94.0826,36.0456],[-94.08344,36.04524],[-94.08342,36.04561],[-94.08682,36.04567],[-94.08691,36.04294],[-94.08351,36.0429],[-94.08365,36.03925],[-94.08806,36.03936],[-94.08799,36.04117],[-94.09078,36.04123],[-94.09012,36.04448],[-94.09237,36.0445],[-94.09417,36.04368],[-94.09414,36.04567],[-94.10039,36.04933],[-94.10123,36.04712],[-94.10389,36.04716],[-94.10397,36.04477],[-94.10133,36.04603],[-94.10125,36.04552],[-94.09984,36.04527],[-94.09979,36.04686],[-94.09674,36.0468],[-94.0969,36.04215],[-94.09823,36.04157],[-94.09808,36.03959],[-94.10504,36.03974],[-94.10543,36.02703],[-94.10992,36.02713],[-94.1098,36.03077],[-94.11428,36.03087],[-94.12283,36.03108],[-94.1228,36.03096],[-94.12097,36.02918],[-94.12207,36.02921],[-94.12213,36.02609],[-94.12764,36.02638],[-94.12748,36.02717],[-94.12938,36.02646],[-94.13305,36.02985],[-94.13371,36.03016],[-94.13575,36.03079],[-94.13662,36.03052],[-94.1411,36.03063],[-94.14557,36.02979],[-94.14559,36.02929],[-94.14597,36.01886],[-94.14148,36.01877],[-94.14152,36.01674],[-94.1437,36.01796],[-94.14599,36.01825],[-94.14605,36.01523],[-94.15501,36.01548],[-94.159,36.01557],[-94.16391,36.01569],[-94.16417,36.00475],[-94.15968,36.00466],[-94.15973,36.00361],[-94.15999,35.99739],[-94.16215,35.99744],[-94.16444,35.99749],[-94.16456,35.99374],[-94.16506,35.99314],[-94.16603,35.99028],[-94.17212,35.99041],[-94.17206,35.99222],[-94.17125,35.99221],[-94.1712,35.99402],[-94.17079,35.99408],[-94.16913,35.99404],[-94.17001,35.99762],[-94.17092,36.00127],[-94.17402,36.00134],[-94.17316,36.01582],[-94.17731,36.01601],[-94.17744,36.01241],[-94.18414,36.01254],[-94.18381,36.02113],[-94.18533,36.02082],[-94.18527,36.02365],[-94.18658,36.02488],[-94.18581,36.02705],[-94.18785,36.02712],[-94.19926,36.02734],[-94.19945,36.01988],[-94.20063,36.01939],[-94.20257,36.02017],[-94.21429,36.02048],[-94.21751,36.02057],[-94.21867,36.02128],[-94.21864,36.0242],[-94.22318,36.02427],[-94.2248,36.02505],[-94.22477,36.02794],[-94.22304,36.02791],[-94.2206,36.02787],[-94.22076,36.03131],[-94.22023,36.0315],[-94.22072,36.03151],[-94.22071,36.03332],[-94.21848,36.03327],[-94.21847,36.03487],[-94.21847,36.03513],[-94.22289,36.03522],[-94.22287,36.03652],[-94.22727,36.03737],[-94.22737,36.03786],[-94.22736,36.03802],[-94.22284,36.03796],[-94.22278,36.04106],[-94.22361,36.04107],[-94.22358,36.04246],[-94.22431,36.04247],[-94.22664,36.04344],[-94.22387,36.04706],[-94.22433,36.04695],[-94.22428,36.04978],[-94.22707,36.04983],[-94.22705,36.05141],[-94.23145,36.05146],[-94.23138,36.05718],[-94.23144,36.05719],[-94.23583,36.05725],[-94.24024,36.05757],[-94.2402,36.05915],[-94.2425,36.05917],[-94.24247,36.06099],[-94.2447,36.06099],[-94.24488,36.05374],[-94.25384,36.05382],[-94.25374,36.05746],[-94.25589,36.05748],[-94.25445,36.05783],[-94.25369,36.06097],[-94.25354,36.06555],[-94.25655,36.06555],[-94.25641,36.06619],[-94.25351,36.06617],[-94.25345,36.06756],[-94.25796,36.06763],[-94.25897,36.06846],[-94.28017,36.0686],[-94.2802,36.06752],[-94.28199,36.06785],[-94.28243,36.06862],[-94.28194,36.06634],[-94.28304,36.06635],[-94.28277,36.06497],[-94.28026,36.06495],[-94.28044,36.05765],[-94.28193,36.05765],[-94.29003,36.05629],[-94.29142,36.05794],[-94.29135,36.06147],[-94.28915,36.06142],[-94.28908,36.06507],[-94.29122,36.0651],[-94.29109,36.06874],[-94.29784,36.06884],[-94.2978,36.07223],[-94.29337,36.07241],[-94.29328,36.07547],[-94.28885,36.07599]],[[-94.22336,36.09334],[-94.22328,36.09513],[-94.22399,36.09514],[-94.22409,36.09335],[-94.22336,36.09334]],[[-94.21411,36.03503],[-94.20349,36.03472],[-94.19456,36.03455],[-94.19431,36.04176],[-94.21388,36.04227],[-94.21831,36.04242],[-94.21847,36.03513],[-94.21411,36.03503]],[[-94.1168,36.03397],[-94.11584,36.03394],[-94.11581,36.03512],[-94.11485,36.0351],[-94.11477,36.03732],[-94.11748,36.03665],[-94.1176,36.03323],[-94.11747,36.03285],[-94.11684,36.03274],[-94.1168,36.03397]],[[-94.18772,36.18965],[-94.18772,36.18999],[-94.18774,36.19065],[-94.18874,36.19067],[-94.18875,36.18978],[-94.18853,36.18923],[-94.19005,36.18918],[-94.19005,36.18878],[-94.18779,36.18873],[-94.18778,36.18904],[-94.18772,36.18965]],[[-94.18688,36.19038],[-94.18688,36.19026],[-94.18689,36.18982],[-94.18621,36.1898],[-94.18619,36.19036],[-94.18688,36.19038]]],[[[-94.27711,36.30395],[-94.27716,36.30035],[-94.28146,36.30044],[-94.28579,36.30086],[-94.28604,36.30376],[-94.28603,36.30416],[-94.28157,36.30406],[-94.28049,36.30458],[-94.27711,36.30395]]],[[[-94.24998,36.31441],[-94.24993,36.31623],[-94.24546,36.31618],[-94.2455,36.31435],[-94.24998,36.31441]]],[[[-94.1554,36.35867],[-94.15191,36.3585],[-94.15168,36.35849],[-94.15171,36.35762],[-94.13859,36.35725],[-94.13852,36.35913],[-94.14304,36.35926],[-94.14296,36.36197],[-94.13846,36.36186],[-94.13849,36.36095],[-94.13398,36.36089],[-94.13407,36.35906],[-94.11839,36.35876],[-94.11834,36.3608],[-94.12226,36.35976],[-94.12218,36.36243],[-94.11829,36.36235],[-94.11809,36.36961],[-94.11923,36.36962],[-94.11911,36.37327],[-94.11855,36.37325],[-94.11846,36.37668],[-94.11835,36.38055],[-94.12004,36.38058],[-94.11993,36.38419],[-94.11864,36.38416],[-94.11853,36.38777],[-94.11976,36.39056],[-94.11527,36.39043],[-94.11525,36.3903],[-94.11526,36.39138],[-94.11573,36.39139],[-94.11926,36.39311],[-94.11962,36.39393],[-94.11946,36.39444],[-94.11915,36.39474],[-94.1175,36.39571],[-94.11701,36.39632],[-94.11695,36.39783],[-94.11679,36.39856],[-94.11671,36.39902],[-94.11707,36.40141],[-94.11499,36.40133],[-94.11503,36.39762],[-94.11217,36.39765],[-94.11107,36.40124],[-94.11085,36.40527],[-94.1108,36.4061],[-94.10858,36.40604],[-94.10859,36.40575],[-94.10606,36.40564],[-94.10616,36.40207],[-94.10761,36.40198],[-94.10919,36.39727],[-94.10627,36.3972],[-94.10647,36.39093],[-94.11295,36.39113],[-94.11334,36.37663],[-94.10705,36.37653],[-94.10586,36.38065],[-94.10461,36.38139],[-94.10436,36.3837],[-94.10219,36.38374],[-94.10245,36.37645],[-94.09796,36.37618],[-94.09799,36.37448],[-94.09814,36.36911],[-94.09829,36.3655],[-94.10262,36.36559],[-94.10275,36.36202],[-94.0984,36.36189],[-94.09861,36.35464],[-94.10372,36.35481],[-94.10388,36.34975],[-94.09041,36.3496],[-94.08587,36.34937],[-94.08591,36.34652],[-94.08592,36.34632],[-94.08593,36.34375],[-94.08594,36.34154],[-94.08582,36.33872],[-94.08331,36.33662],[-94.08145,36.33403],[-94.08358,36.32895],[-94.0828,36.32569],[-94.08617,36.32567],[-94.08619,36.31844],[-94.08623,36.31484],[-94.08397,36.31478],[-94.08402,36.31115],[-94.0863,36.31121],[-94.08533,36.30872],[-94.08354,36.3085],[-94.08181,36.30725],[-94.08612,36.30553],[-94.08181,36.30549],[-94.08197,36.30208],[-94.08364,36.3014],[-94.08428,36.30298],[-94.08323,36.30419],[-94.08621,36.30505],[-94.08642,36.30376],[-94.08906,36.30375],[-94.08877,36.30939],[-94.092,36.30946],[-94.09202,36.30719],[-94.09317,36.30741],[-94.09377,36.3095],[-94.09542,36.30951],[-94.09543,36.30767],[-94.09996,36.3077],[-94.09995,36.30819],[-94.10223,36.30821],[-94.10108,36.30673],[-94.09997,36.30672],[-94.09995,36.30589],[-94.10564,36.30591],[-94.10564,36.30411],[-94.10802,36.30412],[-94.10782,36.30448],[-94.10846,36.30456],[-94.10857,36.30412],[-94.1135,36.30412],[-94.1135,36.30419],[-94.11351,36.30508],[-94.11645,36.30508],[-94.11648,36.30409],[-94.11651,36.30236],[-94.11131,36.30244],[-94.11131,36.30342],[-94.10847,36.30337],[-94.10995,36.29997],[-94.11027,36.29871],[-94.10443,36.29864],[-94.10614,36.29773],[-94.10444,36.29581],[-94.10447,36.2932],[-94.11079,36.29323],[-94.11157,36.2896],[-94.11269,36.28596],[-94.1167,36.286],[-94.11652,36.28963],[-94.11804,36.28964],[-94.11819,36.28246],[-94.1182,36.28228],[-94.121,36.28237],[-94.12106,36.28062],[-94.12271,36.28072],[-94.12265,36.28244],[-94.12714,36.28259],[-94.12992,36.28265],[-94.14057,36.28299],[-94.14318,36.28306],[-94.14329,36.2831],[-94.14499,36.28314],[-94.145,36.28282],[-94.14507,36.27952],[-94.14154,36.27945],[-94.14163,36.27719],[-94.14083,36.27398],[-94.14542,36.27409],[-94.14561,36.26881],[-94.15242,36.2688],[-94.15251,36.2654],[-94.16345,36.26566],[-94.17248,36.26593],[-94.17698,36.26601],[-94.17697,36.26605],[-94.19939,36.26648],[-94.19947,36.2629],[-94.20391,36.263],[-94.20384,36.26998],[-94.2036,36.27729],[-94.19907,36.27719],[-94.19459,36.27707],[-94.19007,36.27697],[-94.18988,36.28309],[-94.18993,36.28427],[-94.1943,36.28435],[-94.19455,36.27794],[-94.19562,36.27887],[-94.19904,36.27896],[-94.20329,36.27907],[-94.2035,36.28085],[-94.208,36.28096],[-94.2082,36.27377],[-94.21046,36.27382],[-94.21023,36.281],[-94.21306,36.28106],[-94.21303,36.282],[-94.21393,36.28202],[-94.21396,36.28107],[-94.22293,36.28121],[-94.22396,36.28089],[-94.22383,36.28562],[-94.22381,36.28762],[-94.22538,36.28767],[-94.22597,36.28495],[-94.22825,36.28495],[-94.22824,36.28589],[-94.22819,36.29049],[-94.23267,36.29055],[-94.23262,36.29235],[-94.23709,36.29243],[-94.2416,36.29252],[-94.24169,36.28889],[-94.24839,36.28906],[-94.2485,36.28539],[-94.25074,36.28545],[-94.25075,36.28335],[-94.2558,36.28379],[-94.25584,36.28194],[-94.2526,36.28188],[-94.25323,36.27808],[-94.25339,36.27466],[-94.24659,36.27432],[-94.24663,36.27213],[-94.24675,36.27085],[-94.24787,36.27094],[-94.24771,36.27356],[-94.25108,36.27361],[-94.25123,36.27099],[-94.24903,36.27095],[-94.2491,36.26721],[-94.25135,36.26727],[-94.25147,36.26363],[-94.25339,36.26367],[-94.25278,36.26208],[-94.25676,36.26009],[-94.26062,36.25676],[-94.26053,36.26019],[-94.26202,36.26121],[-94.26326,36.26039],[-94.26569,36.26024],[-94.26571,36.26144],[-94.26147,36.26152],[-94.26186,36.26386],[-94.26043,36.26382],[-94.26027,36.26846],[-94.26454,36.26908],[-94.26574,36.27049],[-94.26017,36.27119],[-94.27148,36.27136],[-94.2715,36.27268],[-94.27291,36.27493],[-94.26896,36.27488],[-94.26878,36.27941],[-94.26638,36.27939],[-94.26583,36.2746],[-94.2602,36.27478],[-94.25997,36.28202],[-94.26433,36.28207],[-94.2642,36.28929],[-94.26284,36.28927],[-94.26286,36.29122],[-94.2597,36.2918],[-94.25937,36.30011],[-94.25948,36.30011],[-94.25937,36.30369],[-94.26372,36.30375],[-94.26376,36.30198],[-94.26824,36.30204],[-94.26799,36.31285],[-94.26581,36.3128],[-94.26574,36.3146],[-94.27243,36.3147],[-94.27229,36.32203],[-94.27364,36.32018],[-94.27609,36.32025],[-94.27669,36.32211],[-94.27693,36.31466],[-94.27702,36.30756],[-94.28144,36.3083],[-94.28224,36.30596],[-94.28217,36.30765],[-94.28594,36.30773],[-94.28603,36.30416],[-94.29051,36.30424],[-94.2907,36.29703],[-94.29963,36.29718],[-94.29967,36.29906],[-94.29957,36.30105],[-94.30104,36.30107],[-94.30291,36.30084],[-94.30293,36.30046],[-94.30404,36.30046],[-94.30404,36.30006],[-94.30424,36.3005],[-94.30621,36.30021],[-94.31295,36.30192],[-94.31288,36.30524],[-94.31285,36.30645],[-94.31734,36.30648],[-94.31744,36.30242],[-94.32268,36.30207],[-94.32455,36.30241],[-94.32502,36.30354],[-94.32622,36.30481],[-94.32185,36.30476],[-94.32168,36.312],[-94.30826,36.31182],[-94.30822,36.31541],[-94.31711,36.31557],[-94.31698,36.3228],[-94.32146,36.32287],[-94.32131,36.33012],[-94.32121,36.33556],[-94.31785,36.33553],[-94.31781,36.3373],[-94.31668,36.33728],[-94.31683,36.33008],[-94.30781,36.32992],[-94.30772,36.3354],[-94.31225,36.33541],[-94.3122,36.33721],[-94.31444,36.33725],[-94.31427,36.34451],[-94.30304,36.34437],[-94.30086,36.34434],[-94.30087,36.3407],[-94.30316,36.34074],[-94.30762,36.34078],[-94.30765,36.3391],[-94.30321,36.339],[-94.30322,36.33861],[-94.30015,36.33855],[-94.29987,36.33555],[-94.29705,36.33548],[-94.29711,36.33336],[-94.29436,36.33335],[-94.29426,36.33695],[-94.28975,36.33685],[-94.28968,36.3405],[-94.28522,36.3404],[-94.27749,36.34026],[-94.27705,36.33864],[-94.27643,36.33547],[-94.27195,36.33539],[-94.27381,36.33548],[-94.27379,36.33658],[-94.2719,36.33653],[-94.27185,36.33937],[-94.26927,36.33929],[-94.26932,36.33649],[-94.26747,36.33646],[-94.26738,36.34006],[-94.26246,36.33995],[-94.25395,36.33987],[-94.25386,36.34295],[-94.25383,36.34414],[-94.25381,36.34511],[-94.25376,36.34712],[-94.24477,36.34698],[-94.24467,36.3506],[-94.25037,36.35068],[-94.25136,36.3485],[-94.25144,36.35254],[-94.25365,36.35255],[-94.25356,36.35607],[-94.25268,36.35606],[-94.25266,36.35782],[-94.25172,36.3578],[-94.25174,36.35551],[-94.24835,36.35596],[-94.24833,36.35774],[-94.24443,36.35766],[-94.24581,36.35961],[-94.24888,36.35896],[-94.24891,36.35775],[-94.25096,36.35779],[-94.25095,36.35786],[-94.25077,36.35786],[-94.25067,36.3591],[-94.25092,36.35911],[-94.25376,36.35928],[-94.25376,36.35785],[-94.25787,36.35793],[-94.26279,36.35803],[-94.26235,36.36164],[-94.27131,36.36182],[-94.27121,36.36543],[-94.27562,36.36551],[-94.27561,36.36773],[-94.2756,36.36848],[-94.27093,36.36684],[-94.26891,36.36965],[-94.27104,36.37156],[-94.26648,36.37148],[-94.26645,36.37261],[-94.26404,36.37257],[-94.26358,36.37179],[-94.26337,36.37082],[-94.26354,36.36893],[-94.26201,36.36948],[-94.2614,36.36944],[-94.26136,36.37008],[-94.26206,36.37011],[-94.26348,36.37256],[-94.25959,36.37248],[-94.25957,36.3743],[-94.25747,36.37427],[-94.25742,36.37605],[-94.25293,36.37597],[-94.25291,36.37958],[-94.2528,36.38219],[-94.24831,36.38217],[-94.24839,36.37871],[-94.24585,36.37877],[-94.24583,36.3783],[-94.24396,36.37827],[-94.24395,36.37992],[-94.24582,36.3798],[-94.24542,36.3812],[-94.24162,36.38113],[-94.24156,36.38295],[-94.24532,36.383],[-94.24484,36.38325],[-94.24598,36.38424],[-94.2459,36.38667],[-94.24448,36.38665],[-94.24432,36.38889],[-94.24512,36.38889],[-94.24505,36.39087],[-94.24362,36.39084],[-94.24353,36.39385],[-94.23907,36.39378],[-94.23892,36.39736],[-94.23706,36.39874],[-94.23533,36.39867],[-94.23389,36.39368],[-94.23572,36.38956],[-94.23473,36.38863],[-94.23616,36.38442],[-94.23483,36.38399],[-94.23493,36.37921],[-94.23321,36.37916],[-94.23048,36.37913],[-94.23017,36.38692],[-94.23082,36.38712],[-94.23223,36.3913],[-94.23015,36.39182],[-94.23001,36.39721],[-94.22775,36.39715],[-94.22762,36.40074],[-94.22542,36.40072],[-94.22531,36.40429],[-94.22668,36.40432],[-94.22528,36.40556],[-94.2252,36.40833],[-94.22301,36.40827],[-94.22518,36.40899],[-94.22501,36.41446],[-94.22787,36.41527],[-94.2279,36.41431],[-94.22941,36.41434],[-94.22946,36.41427],[-94.22956,36.41097],[-94.23112,36.41172],[-94.23519,36.41181],[-94.23571,36.41034],[-94.23412,36.40961],[-94.23398,36.40815],[-94.23859,36.40827],[-94.23854,36.41006],[-94.24045,36.41194],[-94.24741,36.41207],[-94.24736,36.41404],[-94.24843,36.41366],[-94.24869,36.41422],[-94.24903,36.4157],[-94.24749,36.41566],[-94.23384,36.41539],[-94.23362,36.42272],[-94.22352,36.42248],[-94.22336,36.4221],[-94.22384,36.42197],[-94.22318,36.42066],[-94.22292,36.4188],[-94.22272,36.41879],[-94.22176,36.41991],[-94.22282,36.42287],[-94.22136,36.4234],[-94.22271,36.42469],[-94.22526,36.42531],[-94.22628,36.42619],[-94.23082,36.42898],[-94.23293,36.43268],[-94.23347,36.43384],[-94.23425,36.43475],[-94.23575,36.43691],[-94.23603,36.43709],[-94.23622,36.43867],[-94.23417,36.43885],[-94.23345,36.43628],[-94.23154,36.43729],[-94.22946,36.43543],[-94.23054,36.43343],[-94.22889,36.4327],[-94.22898,36.43378],[-94.22864,36.43165],[-94.22527,36.42879],[-94.22018,36.42649],[-94.22227,36.42485],[-94.22116,36.42346],[-94.22014,36.42376],[-94.21792,36.42415],[-94.21723,36.42121],[-94.21465,36.41873],[-94.21348,36.41871],[-94.2135,36.41511],[-94.20902,36.41494],[-94.20895,36.4171],[-94.20764,36.41612],[-94.20565,36.41628],[-94.20289,36.41509],[-94.20003,36.41475],[-94.20027,36.40532],[-94.19832,36.40426],[-94.20132,36.40198],[-94.20128,36.40035],[-94.2004,36.40033],[-94.20057,36.39448],[-94.19661,36.3943],[-94.19601,36.3978],[-94.19144,36.39766],[-94.19157,36.39283],[-94.18771,36.39306],[-94.18408,36.39269],[-94.18396,36.3891],[-94.18372,36.38839],[-94.18309,36.38728],[-94.17937,36.38401],[-94.17903,36.38408],[-94.17875,36.38454],[-94.18171,36.38675],[-94.18306,36.38908],[-94.17814,36.38898],[-94.178,36.39438],[-94.18252,36.39397],[-94.18332,36.39627],[-94.1846,36.3995],[-94.18654,36.40093],[-94.18569,36.40213],[-94.18227,36.40379],[-94.18187,36.40711],[-94.17766,36.40704],[-94.17755,36.41066],[-94.17302,36.4106],[-94.17313,36.40698],[-94.17087,36.40695],[-94.17106,36.40089],[-94.1712,36.39608],[-94.17345,36.39612],[-94.17352,36.39338],[-94.16909,36.39303],[-94.16839,36.39064],[-94.16452,36.3905],[-94.16464,36.38684],[-94.16249,36.38679],[-94.16254,36.38501],[-94.1614,36.38498],[-94.16135,36.38676],[-94.16147,36.38676],[-94.1614,36.38794],[-94.16022,36.38791],[-94.16025,36.38676],[-94.16026,36.3867],[-94.15783,36.38586],[-94.15647,36.38359],[-94.16002,36.38205],[-94.16042,36.37952],[-94.15819,36.37949],[-94.15821,36.37772],[-94.15458,36.37765],[-94.15472,36.37037],[-94.1569,36.37041],[-94.15705,36.3685],[-94.15823,36.36863],[-94.15818,36.37044],[-94.16058,36.37048],[-94.1623,36.37048],[-94.16268,36.37297],[-94.16379,36.37423],[-94.1656,36.37425],[-94.16664,36.37054],[-94.16516,36.37062],[-94.16229,36.37033],[-94.16183,36.36915],[-94.16196,36.366],[-94.16082,36.36597],[-94.16098,36.36144],[-94.15795,36.36145],[-94.15719,36.35774],[-94.1554,36.35867]],[[-94.19416,36.29159],[-94.19858,36.29169],[-94.19869,36.29167],[-94.19884,36.28444],[-94.1943,36.28435],[-94.19416,36.29159]],[[-94.25315,36.2917],[-94.25508,36.29173],[-94.25513,36.28965],[-94.25303,36.29103],[-94.25213,36.29122],[-94.25059,36.29081],[-94.25052,36.29269],[-94.25312,36.29274],[-94.25315,36.2917]],[[-94.25488,36.30002],[-94.25501,36.29462],[-94.2532,36.29479],[-94.25387,36.29637],[-94.25046,36.29498],[-94.25042,36.29633],[-94.24819,36.29626],[-94.24814,36.29807],[-94.24591,36.29802],[-94.24585,36.29981],[-94.25035,36.29991],[-94.25488,36.30002]],[[-94.23247,36.29957],[-94.23237,36.30318],[-94.23569,36.30325],[-94.2356,36.30694],[-94.24119,36.30702],[-94.2411,36.3106],[-94.24557,36.3107],[-94.2455,36.31435],[-94.24101,36.31427],[-94.24072,36.32515],[-94.24972,36.32522],[-94.24971,36.32807],[-94.25424,36.32722],[-94.2543,36.32536],[-94.25198,36.32532],[-94.25203,36.32354],[-94.24977,36.32351],[-94.24981,36.32167],[-94.24384,36.32158],[-94.24389,36.31884],[-94.24987,36.31894],[-94.24988,36.31803],[-94.26333,36.31821],[-94.26347,36.3155],[-94.25894,36.31546],[-94.25908,36.31088],[-94.25456,36.31085],[-94.2545,36.31361],[-94.25001,36.31336],[-94.25015,36.3072],[-94.25374,36.30724],[-94.25378,36.30633],[-94.25017,36.30628],[-94.25024,36.30445],[-94.24575,36.30436],[-94.24579,36.30345],[-94.24128,36.30336],[-94.24138,36.29971],[-94.23247,36.29957]],[[-94.22796,36.2995],[-94.22106,36.29949],[-94.22096,36.3031],[-94.2187,36.30306],[-94.21858,36.30669],[-94.21634,36.30664],[-94.21629,36.30803],[-94.21623,36.31019],[-94.21104,36.31112],[-94.20723,36.31103],[-94.20716,36.31336],[-94.21161,36.3138],[-94.21157,36.31732],[-94.21604,36.31749],[-94.21599,36.31948],[-94.21391,36.31945],[-94.21389,36.32101],[-94.21373,36.32101],[-94.21365,36.32468],[-94.21479,36.32469],[-94.21483,36.32257],[-94.21596,36.32258],[-94.21595,36.32287],[-94.21923,36.32291],[-94.21937,36.32115],[-94.22109,36.32112],[-94.2274,36.32122],[-94.22755,36.31628],[-94.22307,36.31619],[-94.22315,36.3139],[-94.22574,36.31397],[-94.22714,36.314],[-94.22786,36.31403],[-94.23209,36.31411],[-94.2322,36.31043],[-94.2266,36.3103],[-94.22634,36.30765],[-94.2263,36.30755],[-94.22728,36.3067],[-94.22732,36.3067],[-94.22772,36.30672],[-94.22771,36.30643],[-94.2278,36.30625],[-94.22796,36.2995]],[[-94.20665,36.33358],[-94.20847,36.33361],[-94.21125,36.33268],[-94.21124,36.33196],[-94.20668,36.3319],[-94.20666,36.33319],[-94.20665,36.33358]],[[-94.18857,36.33316],[-94.18794,36.33315],[-94.18856,36.33342],[-94.18857,36.33316]],[[-94.11594,36.37622],[-94.11635,36.37633],[-94.11672,36.37653],[-94.11692,36.37661],[-94.11709,36.37664],[-94.11743,36.37665],[-94.11748,36.37533],[-94.11564,36.37528],[-94.11562,36.37618],[-94.11594,36.37622]],[[-94.11042,36.29818],[-94.11287,36.29819],[-94.11289,36.29688],[-94.11077,36.29686],[-94.11073,36.29707],[-94.11042,36.29818]],[[-94.09995,36.30909],[-94.09994,36.30951],[-94.09994,36.30954],[-94.10381,36.30956],[-94.10381,36.30877],[-94.10222,36.30876],[-94.10221,36.30911],[-94.09995,36.30909]],[[-94.30437,36.31807],[-94.30362,36.31885],[-94.30367,36.3164],[-94.30144,36.31638],[-94.30144,36.31528],[-94.30074,36.31526],[-94.30067,36.31893],[-94.30362,36.31896],[-94.30358,36.32078],[-94.30804,36.32086],[-94.308,36.32267],[-94.31251,36.32274],[-94.31259,36.31912],[-94.3081,36.31903],[-94.30812,36.31814],[-94.30437,36.31807]],[[-94.28556,36.32233],[-94.2855,36.32587],[-94.28106,36.32576],[-94.28216,36.32942],[-94.28205,36.33304],[-94.28536,36.33315],[-94.28542,36.32952],[-94.2989,36.32978],[-94.29905,36.32251],[-94.28563,36.32225],[-94.28556,36.32225],[-94.28556,36.32233]],[[-94.28565,36.31982],[-94.28484,36.31977],[-94.28475,36.32223],[-94.28552,36.32225],[-94.28556,36.32225],[-94.28565,36.31982]],[[-94.27223,36.32407],[-94.27219,36.32564],[-94.26774,36.32556],[-94.26768,36.3292],[-94.26484,36.32918],[-94.26487,36.33036],[-94.26764,36.3304],[-94.26756,36.33284],[-94.26534,36.3328],[-94.26532,36.33402],[-94.27199,36.33402],[-94.2765,36.33297],[-94.2766,36.32934],[-94.27436,36.3293],[-94.27347,36.32409],[-94.27223,36.32407]],[[-94.25778,36.3621],[-94.25835,36.36211],[-94.25835,36.36183],[-94.25778,36.36182],[-94.25778,36.36198],[-94.25778,36.3621]],[[-94.2583,36.36383],[-94.2583,36.36351],[-94.25776,36.3635],[-94.25775,36.36382],[-94.2583,36.36383]],[[-94.24887,36.37895],[-94.25072,36.37887],[-94.25084,36.37773],[-94.25044,36.37772],[-94.24939,36.37769],[-94.24887,36.37895]],[[-94.24881,36.3625],[-94.24883,36.36181],[-94.24612,36.36176],[-94.24609,36.36244],[-94.24881,36.3625]],[[-94.23606,36.33226],[-94.23609,36.33108],[-94.23463,36.33104],[-94.23458,36.33221],[-94.23606,36.33226]],[[-94.23538,36.36117],[-94.23546,36.35926],[-94.23318,36.35921],[-94.23316,36.36111],[-94.23538,36.36117]],[[-94.23526,36.35558],[-94.23528,36.3541],[-94.23528,36.35405],[-94.23351,36.354],[-94.23347,36.35552],[-94.23526,36.35558]],[[-94.23087,36.33614],[-94.23088,36.33579],[-94.22702,36.33571],[-94.22681,36.34486],[-94.23131,36.34498],[-94.2315,36.3358],[-94.23098,36.33579],[-94.23097,36.33614],[-94.23087,36.33614]],[[-94.22882,36.35544],[-94.231,36.35548],[-94.2311,36.35394],[-94.22886,36.35391],[-94.22884,36.35478],[-94.22882,36.35544]],[[-94.22735,36.32484],[-94.22928,36.32487],[-94.22935,36.32127],[-94.22766,36.32123],[-94.22745,36.32122],[-94.22735,36.32484]],[[-94.22321,36.35294],[-94.22664,36.35266],[-94.2267,36.35141],[-94.22363,36.35123],[-94.22328,36.35049],[-94.22321,36.35294]],[[-94.21904,36.41665],[-94.22048,36.41731],[-94.22057,36.41517],[-94.21955,36.41517],[-94.21855,36.41518],[-94.21904,36.41665]],[[-94.20073,36.38971],[-94.20068,36.3918],[-94.20343,36.39188],[-94.20348,36.39171],[-94.20358,36.39124],[-94.20358,36.38971],[-94.20327,36.38956],[-94.20139,36.38973],[-94.20073,36.38971]],[[-94.19634,36.38757],[-94.19862,36.38764],[-94.19862,36.38685],[-94.19859,36.38668],[-94.19636,36.38666],[-94.19634,36.38757]]]]}}]}