{"type":"FeatureCollection","features":[{"type":"Feature","properties":{"name":"Apache Junction Dial-a-Ride","boundary_type":"city","source":"Census TIGER place","fidelity":"exact","updated":"2026-09","units":"Apache Junction city","note":"City of Apache Junction curb-to-curb demand-response","confidence":0.95},"geometry":{"type":"Polygon","coordinates":[[[-111.58286,33.4187],[-111.58286,33.42134],[-111.58066,33.42135],[-111.58066,33.42233],[-111.58068,33.42596],[-111.58067,33.43682],[-111.58064,33.45133],[-111.50716,33.45137],[-111.50715,33.44556],[-111.50715,33.44413],[-111.49861,33.4441],[-111.49852,33.45042],[-111.49706,33.45137],[-111.49426,33.45138],[-111.49422,33.4499],[-111.49417,33.43693],[-111.49417,33.42961],[-111.50276,33.42964],[-111.50274,33.40786],[-111.49414,33.40787],[-111.49411,33.38973],[-111.49411,33.38607],[-111.48977,33.38607],[-111.4898,33.38247],[-111.47724,33.38247],[-111.47688,33.36736],[-111.47689,33.36543],[-111.47689,33.35086],[-111.54568,33.35085],[-111.54272,33.34708],[-111.53797,33.33989],[-111.53043,33.32749],[-111.52974,33.32595],[-111.52598,33.31348],[-111.52475,33.30715],[-111.52406,33.3034],[-111.5224,33.30011],[-111.56332,33.30006],[-111.58065,33.30005],[-111.58068,33.30704],[-111.5834,33.30718],[-111.58362,33.32087],[-111.58374,33.33532],[-111.58374,33.33663],[-111.5838,33.34263],[-111.58385,33.34976],[-111.58392,33.36179],[-111.58395,33.36542],[-111.57219,33.36539],[-111.57215,33.36899],[-111.5678,33.36899],[-111.56781,33.37257],[-111.58402,33.37255],[-111.58408,33.3788],[-111.5807,33.37874],[-111.57633,33.37877],[-111.57662,33.38431],[-111.57897,33.38648],[-111.57897,33.3877],[-111.58065,33.3877],[-111.58065,33.39334],[-111.58065,33.39693],[-111.58065,33.4006],[-111.58065,33.40781],[-111.58065,33.41506],[-111.58064,33.41686],[-111.58164,33.41644],[-111.58486,33.41644],[-111.58486,33.41869],[-111.58286,33.4187]],[[-111.57201,33.38244],[-111.56339,33.38245],[-111.56337,33.38645],[-111.56339,33.38966],[-111.56482,33.38966],[-111.56482,33.39332],[-111.57191,33.39334],[-111.57203,33.39334],[-111.57202,33.38647],[-111.57201,33.38244]],[[-111.53744,33.38881],[-111.53746,33.39062],[-111.53957,33.39062],[-111.53957,33.38881],[-111.53744,33.38881]],[[-111.53307,33.37911],[-111.53198,33.37973],[-111.53307,33.38201],[-111.53563,33.38245],[-111.53719,33.38246],[-111.5372,33.3791],[-111.53307,33.37911]],[[-111.5289,33.38255],[-111.52876,33.37907],[-111.52874,33.38247],[-111.52444,33.38246],[-111.52441,33.3861],[-111.5263,33.38599],[-111.5263,33.38545],[-111.52734,33.38532],[-111.52741,33.38482],[-111.52874,33.38482],[-111.52886,33.38422],[-111.5331,33.38417],[-111.53295,33.38256],[-111.5289,33.38255]],[[-111.52875,33.38769],[-111.52877,33.38973],[-111.52442,33.38973],[-111.52443,33.39337],[-111.52877,33.39336],[-111.53248,33.39335],[-111.53308,33.39147],[-111.53307,33.38766],[-111.52875,33.38769]],[[-111.51571,33.38792],[-111.51572,33.3934],[-111.51794,33.39336],[-111.52009,33.39337],[-111.52008,33.38791],[-111.51571,33.38792]],[[-111.51144,33.38517],[-111.51144,33.3861],[-111.51575,33.3861],[-111.51575,33.38516],[-111.51144,33.38517]]]}},{"type":"Feature","properties":{"name":"Beeline Bus Dial-a-Ride","boundary_type":"city","source":"Census TIGER place","fidelity":"exact","updated":"2026-09","units":"Payson town","note":"Town of Payson operates dial-a-ride service serving seniors and general public.","confidence":0.9},"geometry":{"type":"Polygon","coordinates":[[[-111.36943,34.25479],[-111.36946,34.26076],[-111.34325,34.26074],[-111.34318,34.27169],[-111.32191,34.27169],[-111.31405,34.27171],[-111.2735,34.27179],[-111.27351,34.25538],[-111.28001,34.25538],[-111.28001,34.25355],[-111.27351,34.25356],[-111.27351,34.2519],[-111.27349,34.23727],[-111.27335,34.21741],[-111.31262,34.2175],[-111.32569,34.21756],[-111.33171,34.21757],[-111.33222,34.21757],[-111.33246,34.21757],[-111.33641,34.21759],[-111.36916,34.21766],[-111.36921,34.23301],[-111.37029,34.233],[-111.37032,34.23428],[-111.37036,34.23572],[-111.36926,34.23574],[-111.36938,34.24928],[-111.37053,34.24923],[-111.37046,34.25479],[-111.36943,34.25479]]]}},{"type":"Feature","properties":{"name":"Camel Express","boundary_type":"county","source":"Census TIGER county","fidelity":"approximate","updated":"2026-09","units":"La Paz County","note":"Curb-to-curb Dial-A-Ride core zone covers the Town of Quartzsite plus the adjacent unincorporated La Paz Valley (an RV/desert area ~5 mi south of town) and Rainbow Acres, all within La Paz County; deviated flex routes extend further to Parker, Ehrenberg, Blythe, Yuma, and Lake Havasu City. No published zone boundary or size, so La Paz County is used as the containing unit at approximate fidelity rather than the town alone. Sources: https://www.ci.quartzsite.az.us/government/departments/transportation.php and https://cptdb.ca/wiki/index.php/Quartzsite_Camel_Express.","confidence":0.75},"geometry":{"type":"Polygon","coordinates":[[[-114.7299,33.30575],[-114.72362,33.31211],[-114.71079,33.32061],[-114.70796,33.32342],[-114.70524,33.32777],[-114.70094,33.33701],[-114.69803,33.35244],[-114.69817,33.35657],[-114.69905,33.36115],[-114.70735,33.37663],[-114.70701,33.38063],[-114.70731,33.38254],[-114.70841,33.38415],[-114.7136,33.38826],[-114.72287,33.39878],[-114.72529,33.40234],[-114.72553,33.40406],[-114.72528,33.40505],[-114.72383,33.40653],[-114.72006,33.40789],[-114.71088,33.40725],[-114.70173,33.40839],[-114.69771,33.41094],[-114.6968,33.41209],[-114.6965,33.41406],[-114.69565,33.41513],[-114.68795,33.41794],[-114.6739,33.4183],[-114.65838,33.41304],[-114.65283,33.41292],[-114.64954,33.41363],[-114.6433,33.41674],[-114.64101,33.41843],[-114.63518,33.42273],[-114.62964,33.42814],[-114.62712,33.43355],[-114.62228,33.44756],[-114.62339,33.45449],[-114.62292,33.45656],[-114.61247,33.47077],[-114.60784,33.47483],[-114.6017,33.48139],[-114.59971,33.48432],[-114.59876,33.4868],[-114.59728,33.49065],[-114.59155,33.49944],[-114.58824,33.50245],[-114.58047,33.50646],[-114.57376,33.50754],[-114.56953,33.50922],[-114.56096,33.51674],[-114.56055,33.51827],[-114.56083,33.52433],[-114.55951,33.53072],[-114.5589,33.53182],[-114.54201,33.54248],[-114.5246,33.55223],[-114.52439,33.55368],[-114.52683,33.55747],[-114.53566,33.56879],[-114.53578,33.56892],[-114.53596,33.56915],[-114.5403,33.58062],[-114.54062,33.59141],[-114.5327,33.60197],[-114.53075,33.60457],[-114.53061,33.60475],[-114.52919,33.60665],[-114.52678,33.60883],[-114.52207,33.61128],[-114.52237,33.61417],[-114.52773,33.61847],[-114.52908,33.62171],[-114.53121,33.62391],[-114.53108,33.62792],[-114.53031,33.62904],[-114.52637,33.63026],[-114.5238,33.6347],[-114.52486,33.63867],[-114.52539,33.64067],[-114.52855,33.64309],[-114.52955,33.64386],[-114.53321,33.64844],[-114.53319,33.65166],[-114.53058,33.65446],[-114.52516,33.65594],[-114.51834,33.65593],[-114.51456,33.65801],[-114.51406,33.66018],[-114.51534,33.66203],[-114.51711,33.66288],[-114.51974,33.66273],[-114.52067,33.66268],[-114.52644,33.66388],[-114.53027,33.66682],[-114.53212,33.6697],[-114.53152,33.67511],[-114.53104,33.67682],[-114.53035,33.67925],[-114.52778,33.68268],[-114.52396,33.68588],[-114.51911,33.68847],[-114.51241,33.69128],[-114.50986,33.69188],[-114.50499,33.69302],[-114.49649,33.6969],[-114.49572,33.69845],[-114.4942,33.70792],[-114.4949,33.71443],[-114.49656,33.71916],[-114.50079,33.7222],[-114.50266,33.72458],[-114.50418,33.72805],[-114.5068,33.73052],[-114.51026,33.73215],[-114.51235,33.73421],[-114.51191,33.73499],[-114.50821,33.74159],[-114.506,33.74634],[-114.50448,33.751],[-114.50434,33.75638],[-114.50483,33.76021],[-114.50486,33.76047],[-114.50709,33.76793],[-114.51673,33.78834],[-114.52009,33.79947],[-114.52805,33.81496],[-114.52716,33.81619],[-114.52271,33.81898],[-114.52073,33.82203],[-114.51997,33.82538],[-114.52046,33.82778],[-114.52341,33.83532],[-114.52554,33.83861],[-114.5296,33.84806],[-114.53055,33.85499],[-114.53061,33.85544],[-114.52949,33.85688],[-114.52791,33.85892],[-114.52362,33.86005],[-114.51681,33.85812],[-114.51467,33.85864],[-114.50564,33.86428],[-114.50389,33.86575],[-114.50302,33.868],[-114.50339,33.87502],[-114.50434,33.87688],[-114.51014,33.88078],[-114.51611,33.88613],[-114.52363,33.89364],[-114.52478,33.89563],[-114.52587,33.90101],[-114.52505,33.90164],[-114.52294,33.90113],[-114.51634,33.89792],[-114.51371,33.89796],[-114.51094,33.8991],[-114.50871,33.90064],[-114.50799,33.90181],[-114.50792,33.90381],[-114.50856,33.9061],[-114.51151,33.91109],[-114.51843,33.91752],[-114.52536,33.92227],[-114.52838,33.92367],[-114.53368,33.92513],[-114.53457,33.92538],[-114.53576,33.9276],[-114.53548,33.93465],[-114.52868,33.94782],[-114.522,33.95562],[-114.51586,33.95811],[-114.51123,33.95704],[-114.50957,33.95726],[-114.49988,33.96179],[-114.49505,33.96684],[-114.48478,33.97552],[-114.4831,33.97774],[-114.48233,33.98018],[-114.48145,33.98126],[-114.47591,33.98442],[-114.47114,33.98804],[-114.46793,33.99288],[-114.46619,33.99347],[-114.46225,33.99344],[-114.46012,33.99389],[-114.45863,33.99556],[-114.45803,33.99782],[-114.45818,33.9981],[-114.45918,34.00002],[-114.46096,34.00125],[-114.46628,34.00388],[-114.46731,34.00519],[-114.4674,34.00745],[-114.46587,34.01099],[-114.46452,34.01198],[-114.46334,34.01226],[-114.45481,34.01097],[-114.45021,34.01257],[-114.44382,34.01618],[-114.44054,34.01933],[-114.43827,34.02261],[-114.43617,34.02808],[-114.43495,34.03778],[-114.4355,34.04261],[-114.4386,34.0502],[-114.43941,34.05381],[-114.43934,34.05789],[-114.43768,34.07194],[-114.43543,34.07973],[-114.43432,34.0865],[-114.43418,34.08738],[-114.43338,34.08841],[-114.42803,34.09279],[-114.42617,34.09704],[-114.4205,34.10347],[-114.41591,34.10764],[-114.41168,34.11003],[-114.41011,34.11044],[-114.408,34.111],[-114.40594,34.11154],[-114.40135,34.11165],[-114.39056,34.11008],[-114.37923,34.11599],[-114.3693,34.11752],[-114.36652,34.11857],[-114.3604,34.12358],[-114.35637,34.13043],[-114.35303,34.13312],[-114.34805,34.13446],[-114.33611,34.13403],[-114.33168,34.13508],[-114.32458,34.13676],[-114.32078,34.13864],[-114.31221,34.14478],[-114.30219,34.15611],[-114.29903,34.15968],[-114.29902,34.15969],[-114.29867,34.16009],[-114.29281,34.16672],[-114.28729,34.17053],[-114.27527,34.17215],[-114.26827,34.17021],[-114.25414,34.17383],[-114.24419,34.17963],[-114.24071,34.18323],[-114.22971,34.18693],[-114.22902,34.18743],[-114.22703,34.18887],[-114.22494,34.1939],[-114.22586,34.20177],[-114.22519,34.20364],[-114.22338,34.20514],[-114.21545,34.20896],[-114.21176,34.21154],[-114.20825,34.2155],[-114.19088,34.23086],[-114.17827,34.23981],[-114.17805,34.23997],[-114.1764,34.24151],[-114.17595,34.24269],[-114.17591,34.24559],[-114.1746,34.2473],[-114.16654,34.24965],[-114.16387,34.25335],[-114.16481,34.25724],[-114.16463,34.259],[-114.16242,34.25942],[-114.15685,34.25841],[-114.15335,34.25829],[-114.14478,34.25962],[-114.13545,34.25789],[-114.13326,34.25846],[-114.13149,34.26039],[-114.13121,34.26273],[-114.13477,34.26897],[-114.13667,34.27438],[-114.13704,34.27702],[-114.13605,34.28083],[-114.13836,34.28856],[-114.13953,34.29584],[-114.13817,34.30094],[-114.13828,34.30323],[-114.13675,34.30432],[-114.13146,34.30367],[-114.12839,34.3041],[-114.12578,34.30143],[-114.11879,34.29807],[-114.11443,34.2954],[-114.11159,34.29505],[-114.1086,34.29556],[-114.10591,34.29664],[-114.09824,34.30064],[-114.0937,34.30006],[-114.08744,34.29856],[-114.08528,34.29653],[-114.08327,34.29535],[-114.08209,34.29377],[-114.07972,34.29211],[-114.07541,34.2929],[-114.07347,34.29187],[-114.06925,34.29048],[-114.06572,34.28753],[-114.06315,34.28392],[-114.05964,34.28214],[-114.05825,34.27983],[-114.05667,34.27879],[-114.05244,34.27789],[-114.05015,34.27459],[-114.04737,34.27356],[-114.04688,34.26997],[-114.04309,34.26761],[-114.03944,34.26479],[-114.03761,34.26392],[-114.03654,34.26037],[-114.03498,34.25975],[-114.03139,34.25969],[-114.0275,34.2627],[-114.0253,34.26799],[-114.02447,34.26818],[-114.02253,34.26765],[-114.02094,34.26625],[-114.01904,34.26612],[-114.01769,34.26314],[-114.01424,34.26003],[-114.01238,34.25696],[-114.00964,34.25499],[-114.00579,34.25374],[-114.00145,34.25402],[-113.99975,34.25497],[-113.99751,34.25441],[-113.99649,34.25493],[-113.99012,34.25447],[-113.98567,34.25561],[-113.9832,34.25558],[-113.98292,34.25625],[-113.97881,34.25742],[-113.96335,34.25814],[-113.95652,34.25745],[-113.94956,34.25707],[-113.93957,34.25486],[-113.93125,34.25002],[-113.9291,34.24936],[-113.91729,34.24919],[-113.90547,34.24835],[-113.89571,34.24882],[-113.89287,34.24934],[-113.88746,34.25081],[-113.87944,34.25249],[-113.87671,34.25427],[-113.87105,34.25504],[-113.86093,34.2534],[-113.8577,34.25342],[-113.85292,34.25199],[-113.85171,34.25126],[-113.84995,34.24653],[-113.84966,34.24254],[-113.84751,34.2398],[-113.8443,34.23656],[-113.84261,34.23325],[-113.84146,34.2297],[-113.83896,34.22479],[-113.83808,34.22387],[-113.83355,34.22318],[-113.8318,34.22402],[-113.82522,34.22544],[-113.82031,34.22813],[-113.8198,34.22882],[-113.8196,34.23229],[-113.8176,34.23478],[-113.81632,34.23533],[-113.81569,34.23539],[-113.81319,34.23257],[-113.8077,34.23312],[-113.80329,34.23573],[-113.80117,34.23623],[-113.79789,34.2356],[-113.79461,34.23674],[-113.79101,34.23476],[-113.78932,34.23318],[-113.78632,34.23236],[-113.78117,34.22922],[-113.77816,34.22896],[-113.77417,34.22905],[-113.76906,34.23258],[-113.76426,34.23333],[-113.75784,34.23669],[-113.75354,34.23746],[-113.75146,34.23817],[-113.74793,34.23841],[-113.74385,34.24012],[-113.7367,34.24061],[-113.73406,34.24122],[-113.73235,34.24101],[-113.73074,34.24025],[-113.72431,34.22844],[-113.7244,34.22639],[-113.72278,34.22313],[-113.7205,34.22234],[-113.71742,34.22227],[-113.71558,34.22175],[-113.7146,34.22124],[-113.71503,34.21847],[-113.71418,34.21768],[-113.70736,34.21522],[-113.70596,34.21252],[-113.70603,34.21113],[-113.70438,34.20994],[-113.70039,34.20989],[-113.69504,34.21082],[-113.69328,34.2103],[-113.68968,34.21075],[-113.68278,34.20963],[-113.68087,34.21014],[-113.67929,34.20987],[-113.67722,34.21105],[-113.67606,34.21262],[-113.6742,34.21322],[-113.672,34.21266],[-113.66825,34.21353],[-113.66512,34.21301],[-113.66397,34.21206],[-113.66185,34.21456],[-113.66017,34.21556],[-113.65918,34.2173],[-113.65802,34.21757],[-113.65686,34.21654],[-113.65475,34.21669],[-113.65036,34.22098],[-113.64851,34.22196],[-113.64704,34.22206],[-113.64544,34.2208],[-113.64343,34.22362],[-113.6444,34.22545],[-113.64409,34.22648],[-113.64177,34.22759],[-113.64031,34.22702],[-113.63916,34.22314],[-113.63603,34.22479],[-113.63424,34.22402],[-113.62927,34.22756],[-113.62631,34.22917],[-113.62426,34.22817],[-113.61991,34.22747],[-113.61763,34.22742],[-113.61269,34.22967],[-113.61219,34.23102],[-113.60743,34.23166],[-113.60609,34.22933],[-113.60504,34.22953],[-113.60222,34.2319],[-113.59938,34.23334],[-113.59818,34.23609],[-113.59721,34.23719],[-113.59375,34.23885],[-113.58962,34.24207],[-113.58673,34.24339],[-113.58457,34.25064],[-113.5833,34.25786],[-113.58202,34.2598],[-113.57614,34.26426],[-113.57338,34.2675],[-113.56973,34.26895],[-113.56898,34.27],[-113.56929,34.27185],[-113.5686,34.2747],[-113.56588,34.27575],[-113.56382,34.27749],[-113.5616,34.28024],[-113.55527,34.28538],[-113.55368,34.2857],[-113.55243,34.2884],[-113.55124,34.28977],[-113.5468,34.29647],[-113.54686,34.29737],[-113.53939,34.30645],[-113.53523,34.30825],[-113.53408,34.30837],[-113.53097,34.31015],[-113.52686,34.31058],[-113.52585,34.31038],[-113.52444,34.30893],[-113.52045,34.30903],[-113.51955,34.31056],[-113.51674,34.31036],[-113.51356,34.30732],[-113.51233,34.30556],[-113.51055,34.30444],[-113.50802,34.30484],[-113.50307,34.30288],[-113.49976,34.30311],[-113.49447,34.30289],[-113.49147,34.30404],[-113.48981,34.3052],[-113.48778,34.30512],[-113.48347,34.3033],[-113.48113,34.30317],[-113.47803,34.3043],[-113.47603,34.30544],[-113.47363,34.30436],[-113.47237,34.30197],[-113.47047,34.30193],[-113.46728,34.30391],[-113.4658,34.30391],[-113.46302,34.30285],[-113.45838,34.30151],[-113.45382,34.30081],[-113.45232,34.3],[-113.4465,34.29931],[-113.44211,34.29965],[-113.43869,34.30072],[-113.43656,34.30067],[-113.43516,34.30145],[-113.43314,34.30151],[-113.43042,34.3003],[-113.42644,34.30051],[-113.41964,34.29872],[-113.41771,34.29754],[-113.4158,34.29549],[-113.41246,34.29447],[-113.41107,34.29475],[-113.40492,34.29732],[-113.40145,34.29968],[-113.3987,34.30024],[-113.39496,34.29943],[-113.38841,34.29604],[-113.38654,34.29488],[-113.38058,34.2941],[-113.37917,34.29338],[-113.37314,34.29272],[-113.37051,34.29197],[-113.36737,34.29225],[-113.36244,34.29405],[-113.35905,34.295],[-113.35186,34.29948],[-113.34848,34.30307],[-113.34683,34.3058],[-113.34617,34.30823],[-113.34148,34.31233],[-113.34145,34.31297],[-113.34391,34.31597],[-113.34363,34.31846],[-113.3427,34.3191],[-113.34087,34.31903],[-113.33638,34.3175],[-113.33342,34.31791],[-113.33374,34.25002],[-113.33342,34.2491],[-113.33327,34.15317],[-113.33308,34.15058],[-113.33323,34.12502],[-113.33363,34.12225],[-113.33331,34.00004],[-113.33506,33.63863],[-113.33506,33.62647],[-113.33505,33.56597],[-113.33505,33.55195],[-113.33506,33.48555],[-113.33505,33.37747],[-113.64469,33.37733],[-113.74439,33.37731],[-113.75148,33.37731],[-113.95749,33.37758],[-113.95804,33.46441],[-114.07045,33.46444],[-114.21698,33.46446],[-114.25094,33.46442],[-114.26881,33.4644],[-114.26799,33.28914],[-114.2688,33.28914],[-114.2688,33.02996],[-114.37178,33.02996],[-114.37178,33.02802],[-114.47325,33.02788],[-114.49144,33.02787],[-114.51688,33.02783],[-114.52013,33.02998],[-114.52358,33.03096],[-114.53846,33.03342],[-114.55319,33.03397],[-114.57165,33.03662],[-114.57516,33.03654],[-114.57829,33.03538],[-114.5814,33.03254],[-114.58476,33.02823],[-114.58698,33.02694],[-114.58978,33.02623],[-114.60101,33.02541],[-114.61879,33.0272],[-114.62579,33.02944],[-114.62829,33.03105],[-114.63419,33.03903],[-114.63955,33.04529],[-114.64162,33.0469],[-114.64598,33.0489],[-114.649,33.04676],[-114.65504,33.03711],[-114.65783,33.03382],[-114.65983,33.03267],[-114.66232,33.03267],[-114.66506,33.03391],[-114.6708,33.03798],[-114.67366,33.0419],[-114.6751,33.04753],[-114.6743,33.05717],[-114.68699,33.07097],[-114.68912,33.07612],[-114.68931,33.07918],[-114.6886,33.08287],[-114.68902,33.08404],[-114.69255,33.08579],[-114.69463,33.08623],[-114.70116,33.08637],[-114.70473,33.08705],[-114.70649,33.08816],[-114.70782,33.0911],[-114.7079,33.09743],[-114.70617,33.10533],[-114.70368,33.11377],[-114.69683,33.13121],[-114.68999,33.13788],[-114.68707,33.1422],[-114.68449,33.14812],[-114.68225,33.15521],[-114.67936,33.15952],[-114.67873,33.16295],[-114.68025,33.16972],[-114.67903,33.17474],[-114.67583,33.18152],[-114.67536,33.18549],[-114.67519,33.18818],[-114.67818,33.19958],[-114.67875,33.20345],[-114.67607,33.21084],[-114.67371,33.21925],[-114.67363,33.22312],[-114.67448,33.2255],[-114.6781,33.2303],[-114.68273,33.23492],[-114.68942,33.24525],[-114.68954,33.24643],[-114.6882,33.24797],[-114.67449,33.2556],[-114.67209,33.2585],[-114.6724,33.26047],[-114.67703,33.27017],[-114.68051,33.27358],[-114.68436,33.27602],[-114.69445,33.27979],[-114.70287,33.28192],[-114.7112,33.28334],[-114.71787,33.28516],[-114.72167,33.28698],[-114.72326,33.28808],[-114.73122,33.30243],[-114.73122,33.30404],[-114.7299,33.30575]]]}},{"type":"Feature","properties":{"name":"CG LINK (Casa Grande) (formerly CART Dial-a-Ride)","boundary_type":"city","source":"Census TIGER place","fidelity":"exact","updated":"2026-09","units":"Casa Grande city","note":"City of Casa Grande operates dial-a-ride service within city limits.","confidence":0.9},"geometry":{"type":"Polygon","coordinates":[[[-111.91215,32.98414],[-111.89513,32.98287],[-111.89513,32.98172],[-111.87796,32.98176],[-111.8778,32.98904],[-111.86066,32.989],[-111.86065,32.99262],[-111.85632,32.99262],[-111.85634,32.99621],[-111.82374,32.99629],[-111.78261,32.99636],[-111.78272,32.98812],[-111.77399,32.98821],[-111.77411,32.99639],[-111.76531,32.99645],[-111.7653,32.98926],[-111.7569,32.98934],[-111.75683,32.99443],[-111.75641,32.99652],[-111.74824,32.99651],[-111.73941,32.98553],[-111.73942,32.97836],[-111.74808,32.97838],[-111.74807,32.9752],[-111.75687,32.97487],[-111.75687,32.97476],[-111.76537,32.97468],[-111.76548,32.97831],[-111.76547,32.98183],[-111.77402,32.98175],[-111.78059,32.98175],[-111.78479,32.98164],[-111.79105,32.98158],[-111.79106,32.96726],[-111.78482,32.96732],[-111.77404,32.96742],[-111.76536,32.96752],[-111.76542,32.97101],[-111.75891,32.97108],[-111.75892,32.97383],[-111.75686,32.97386],[-111.75664,32.96984],[-111.75222,32.96984],[-111.75223,32.97203],[-111.74803,32.97203],[-111.74807,32.96765],[-111.73078,32.96747],[-111.72526,32.96718],[-111.72216,32.96398],[-111.72217,32.9645],[-111.72217,32.96747],[-111.71354,32.96736],[-111.71352,32.96013],[-111.71871,32.96019],[-111.70616,32.94392],[-111.70378,32.94072],[-111.70372,32.93823],[-111.7032,32.93733],[-111.69994,32.93608],[-111.69364,32.92833],[-111.69042,32.92339],[-111.68877,32.91952],[-111.68829,32.91964],[-111.68343,32.91978],[-111.68347,32.91244],[-111.67914,32.91241],[-111.67911,32.91607],[-111.67476,32.91605],[-111.67478,32.91235],[-111.6714,32.91235],[-111.67142,32.91058],[-111.67304,32.91058],[-111.67305,32.90871],[-111.6748,32.90873],[-111.67483,32.90508],[-111.67265,32.90508],[-111.67264,32.90688],[-111.67049,32.90689],[-111.67037,32.9161],[-111.65327,32.91631],[-111.65327,32.91634],[-111.64467,32.9163],[-111.64472,32.90893],[-111.62308,32.9089],[-111.62314,32.90432],[-111.61877,32.90428],[-111.61881,32.90156],[-111.61025,32.90157],[-111.61043,32.88697],[-111.61901,32.88696],[-111.61912,32.87969],[-111.62781,32.87972],[-111.63647,32.87979],[-111.63663,32.86502],[-111.64531,32.86505],[-111.64534,32.8536],[-111.64692,32.85406],[-111.65064,32.85306],[-111.65142,32.85045],[-111.64537,32.85044],[-111.63673,32.85041],[-111.63673,32.84754],[-111.6368,32.82994],[-111.63682,32.82853],[-111.65373,32.82835],[-111.65377,32.82134],[-111.65377,32.82124],[-111.66676,32.82131],[-111.67105,32.82319],[-111.67108,32.82133],[-111.67333,32.82131],[-111.67333,32.81766],[-111.67886,32.81763],[-111.67977,32.81763],[-111.67977,32.81463],[-111.67977,32.81452],[-111.67977,32.81397],[-111.68847,32.8139],[-111.68847,32.80665],[-111.69707,32.80671],[-111.69705,32.80303],[-111.69278,32.80302],[-111.6928,32.79572],[-111.69708,32.79572],[-111.69709,32.79203],[-111.70557,32.79209],[-111.72264,32.79218],[-111.72272,32.7775],[-111.73995,32.77757],[-111.73993,32.79938],[-111.7572,32.79927],[-111.75728,32.79987],[-111.7573,32.80662],[-111.75718,32.80663],[-111.75738,32.82113],[-111.75738,32.82123],[-111.74006,32.82133],[-111.73987,32.80667],[-111.70563,32.80674],[-111.70569,32.82131],[-111.71424,32.82135],[-111.71424,32.82858],[-111.72287,32.82857],[-111.72287,32.8348],[-111.72287,32.83577],[-111.71855,32.83579],[-111.71858,32.83944],[-111.70997,32.83946],[-111.70992,32.83581],[-111.70308,32.83703],[-111.7018,32.83845],[-111.69936,32.83986],[-111.69701,32.8389],[-111.697,32.83581],[-111.6899,32.83578],[-111.70212,32.8434],[-111.70218,32.85041],[-111.70569,32.85041],[-111.70568,32.85177],[-111.70905,32.85176],[-111.70899,32.85716],[-111.71131,32.85717],[-111.71127,32.85972],[-111.71392,32.85972],[-111.71393,32.85874],[-111.71761,32.85875],[-111.71757,32.86118],[-111.71603,32.86118],[-111.71605,32.86486],[-111.72287,32.86489],[-111.72736,32.8649],[-111.73153,32.86783],[-111.73152,32.86861],[-111.72716,32.86861],[-111.72709,32.87227],[-111.73579,32.87227],[-111.73588,32.86494],[-111.73713,32.86494],[-111.7385,32.86495],[-111.74975,32.872],[-111.7518,32.87199],[-111.75194,32.86857],[-111.75739,32.86855],[-111.75737,32.8649],[-111.77035,32.86487],[-111.77033,32.85946],[-111.76601,32.85943],[-111.76598,32.85036],[-111.78725,32.85023],[-111.78727,32.85392],[-111.7916,32.8539],[-111.79159,32.86111],[-111.80023,32.86116],[-111.80025,32.86476],[-111.80022,32.87939],[-111.80889,32.87938],[-111.80888,32.87294],[-111.81075,32.87295],[-111.81075,32.8711],[-111.81317,32.8711],[-111.81318,32.87212],[-111.81749,32.87213],[-111.81753,32.87939],[-111.82616,32.8794],[-111.82611,32.88676],[-111.80893,32.88673],[-111.80022,32.8867],[-111.80028,32.89395],[-111.80891,32.89404],[-111.81319,32.89406],[-111.81322,32.8977],[-111.81747,32.89772],[-111.81747,32.90136],[-111.82618,32.90141],[-111.82624,32.90812],[-111.82645,32.91546],[-111.82024,32.91542],[-111.80889,32.90839],[-111.79158,32.89765],[-111.79149,32.88668],[-111.78941,32.88668],[-111.78948,32.89213],[-111.78732,32.89213],[-111.78733,32.89584],[-111.80915,32.90933],[-111.82554,32.91963],[-111.8255,32.92336],[-111.80002,32.92319],[-111.79989,32.92992],[-111.79119,32.92985],[-111.79101,32.92307],[-111.77396,32.92304],[-111.77389,32.93008],[-111.76554,32.93064],[-111.75695,32.93079],[-111.75692,32.93449],[-111.76015,32.93445],[-111.76022,32.93538],[-111.76569,32.93483],[-111.77372,32.93471],[-111.77372,32.9305],[-111.7825,32.93045],[-111.78248,32.93827],[-111.79104,32.93816],[-111.80857,32.93814],[-111.80858,32.9455],[-111.80701,32.94583],[-111.80716,32.94856],[-111.80858,32.94911],[-111.80859,32.95561],[-111.80654,32.9556],[-111.80654,32.9607],[-111.81334,32.95998],[-111.84325,32.96002],[-111.84335,32.9455],[-111.83474,32.9455],[-111.83489,32.93825],[-111.82628,32.93825],[-111.82625,32.92007],[-111.82627,32.91601],[-111.84364,32.91596],[-111.84354,32.91692],[-111.85186,32.9183],[-111.86049,32.92327],[-111.86058,32.91593],[-111.86929,32.91587],[-111.86901,32.90873],[-111.86076,32.90867],[-111.86071,32.90135],[-111.85212,32.90139],[-111.85199,32.89409],[-111.84808,32.89409],[-111.84335,32.89256],[-111.84336,32.89009],[-111.84232,32.8902],[-111.83777,32.88622],[-111.83874,32.88517],[-111.84178,32.88729],[-111.84339,32.88557],[-111.84339,32.87939],[-111.8606,32.87945],[-111.86059,32.88312],[-111.86707,32.88311],[-111.86706,32.87965],[-111.86491,32.87946],[-111.86492,32.87674],[-111.86059,32.87673],[-111.86058,32.87218],[-111.87761,32.87222],[-111.91203,32.87214],[-111.91203,32.87486],[-111.90991,32.87486],[-111.90992,32.8794],[-111.90345,32.87941],[-111.90346,32.88667],[-111.91204,32.88667],[-111.91207,32.8939],[-111.89485,32.89393],[-111.89513,32.93823],[-111.89079,32.93822],[-111.89079,32.94001],[-111.8951,32.93998],[-111.89504,32.95383],[-111.90359,32.95404],[-111.90361,32.96812],[-111.90475,32.96882],[-111.90557,32.96886],[-111.91211,32.97289],[-111.91211,32.97334],[-111.91222,32.9734],[-111.91219,32.97372],[-111.91215,32.98414]],[[-111.88643,32.96724],[-111.8865,32.97448],[-111.89454,32.97444],[-111.89511,32.97444],[-111.89511,32.96719],[-111.88643,32.96724]],[[-111.86916,32.94553],[-111.86916,32.94652],[-111.86914,32.95278],[-111.8778,32.9528],[-111.8778,32.95187],[-111.87781,32.94553],[-111.86916,32.94553]]]}},{"type":"Feature","properties":{"name":"Chandler Flex","boundary_type":"city","source":"Census TIGER place","fidelity":"approximate","updated":"2026-09","units":"Chandler city","note":"Service limited to south Chandler (Chandler Blvd to Chandler Heights Rd, Price Rd to Arizona Ave); using city as proxy for mapped service zone.","confidence":0.8},"geometry":{"type":"Polygon","coordinates":[[[-111.96328,33.32712],[-111.96308,33.32004],[-111.95577,33.32008],[-111.95297,33.32726],[-111.95265,33.32726],[-111.95049,33.32718],[-111.94579,33.3272],[-111.94557,33.32357],[-111.94102,33.32363],[-111.93699,33.32329],[-111.93696,33.32012],[-111.93426,33.32012],[-111.92816,33.32013],[-111.92801,33.32247],[-111.92803,33.32367],[-111.91968,33.32368],[-111.91971,33.32735],[-111.91115,33.32735],[-111.89366,33.32757],[-111.89345,33.33491],[-111.89371,33.34573],[-111.89381,33.34936],[-111.8939,33.35675],[-111.88683,33.3568],[-111.87653,33.35686],[-111.8591,33.35705],[-111.85153,33.35697],[-111.84181,33.35702],[-111.84183,33.36131],[-111.83304,33.36133],[-111.83307,33.35707],[-111.8331,33.34975],[-111.8331,33.33882],[-111.83293,33.33882],[-111.82429,33.33886],[-111.82413,33.33523],[-111.8241,33.33158],[-111.82411,33.32796],[-111.80693,33.32812],[-111.80682,33.32812],[-111.8068,33.3209],[-111.80682,33.31373],[-111.80401,33.31374],[-111.79835,33.31375],[-111.79835,33.31423],[-111.78998,33.31425],[-111.78998,33.3137],[-111.79007,33.30642],[-111.79007,33.30627],[-111.79404,33.30592],[-111.79403,33.30278],[-111.796,33.30277],[-111.79673,33.30277],[-111.79671,33.29914],[-111.79383,33.29916],[-111.78994,33.29916],[-111.78964,33.29218],[-111.78946,33.28306],[-111.78934,33.27737],[-111.78967,33.27736],[-111.78962,33.27376],[-111.77492,33.27395],[-111.77935,33.2703],[-111.78001,33.26896],[-111.7803,33.26638],[-111.7815,33.26314],[-111.78136,33.26315],[-111.77298,33.26328],[-111.7728,33.26306],[-111.7728,33.25587],[-111.78566,33.25561],[-111.78564,33.25019],[-111.78142,33.25026],[-111.78135,33.24847],[-111.77695,33.24854],[-111.77693,33.2526],[-111.77482,33.25264],[-111.77482,33.25224],[-111.77264,33.25223],[-111.77264,33.24882],[-111.76408,33.24868],[-111.76408,33.24847],[-111.76402,33.24106],[-111.76409,33.24106],[-111.76416,33.23388],[-111.76416,33.23378],[-111.76515,33.23378],[-111.76515,33.23013],[-111.77273,33.23008],[-111.7727,33.22104],[-111.77259,33.22104],[-111.7726,33.22287],[-111.76834,33.22279],[-111.76835,33.2265],[-111.75561,33.22655],[-111.75563,33.21924],[-111.75542,33.21925],[-111.75542,33.21909],[-111.75543,33.21196],[-111.75545,33.20965],[-111.75539,33.20853],[-111.75543,33.20478],[-111.7724,33.20472],[-111.77259,33.20468],[-111.78335,33.20469],[-111.78921,33.20473],[-111.80215,33.20471],[-111.80637,33.20469],[-111.8112,33.20453],[-111.82369,33.20424],[-111.82373,33.20698],[-111.82816,33.20689],[-111.82817,33.20784],[-111.83248,33.20777],[-111.83254,33.21717],[-111.83155,33.21851],[-111.83287,33.21849],[-111.83287,33.21703],[-111.83422,33.21546],[-111.83554,33.2124],[-111.83634,33.21194],[-111.83644,33.21747],[-111.83678,33.21843],[-111.83676,33.21532],[-111.84117,33.2149],[-111.84112,33.204],[-111.84113,33.204],[-111.84126,33.21856],[-111.8413,33.22577],[-111.84588,33.22569],[-111.84592,33.21851],[-111.84985,33.21847],[-111.84978,33.2293],[-111.85826,33.22918],[-111.85839,33.21833],[-111.8585,33.21833],[-111.8584,33.23281],[-111.8764,33.23259],[-111.8764,33.23267],[-111.87709,33.23268],[-111.89288,33.23239],[-111.89314,33.23238],[-111.89328,33.26139],[-111.89345,33.27592],[-111.8936,33.29115],[-111.91111,33.29104],[-111.92817,33.29092],[-111.94566,33.29087],[-111.96772,33.2908],[-111.96768,33.2944],[-111.97158,33.29437],[-111.9717,33.3028],[-111.97108,33.30527],[-111.97133,33.30638],[-111.9722,33.3064],[-111.97226,33.31992],[-111.97223,33.32707],[-111.96328,33.32712]],[[-111.77259,33.21984],[-111.77252,33.21948],[-111.77011,33.21941],[-111.77011,33.22104],[-111.77259,33.22104],[-111.77259,33.21984]],[[-111.96614,33.29715],[-111.96615,33.29622],[-111.96496,33.29623],[-111.96496,33.29813],[-111.96757,33.29812],[-111.96757,33.29714],[-111.96614,33.29715]],[[-111.88514,33.33513],[-111.88524,33.34216],[-111.88535,33.34928],[-111.88967,33.34924],[-111.88966,33.34306],[-111.88964,33.34213],[-111.89235,33.3421],[-111.8921,33.33503],[-111.88514,33.33513]],[[-111.87663,33.3431],[-111.87664,33.34775],[-111.8777,33.34937],[-111.8809,33.34931],[-111.88085,33.34239],[-111.87663,33.3431]],[[-111.85859,33.24189],[-111.85859,33.24242],[-111.85858,33.24491],[-111.85995,33.24489],[-111.85995,33.24368],[-111.861,33.24368],[-111.861,33.24187],[-111.85859,33.24189]],[[-111.84998,33.29703],[-111.84997,33.29884],[-111.85019,33.29883],[-111.85027,33.29883],[-111.85027,33.29703],[-111.84998,33.29703]],[[-111.84553,33.23311],[-111.84552,33.23502],[-111.84956,33.23496],[-111.84967,33.23307],[-111.84553,33.23311]],[[-111.84208,33.27209],[-111.84158,33.27255],[-111.83673,33.27312],[-111.83674,33.27494],[-111.835,33.27497],[-111.83429,33.27663],[-111.83934,33.27656],[-111.84136,33.27578],[-111.84129,33.27387],[-111.84164,33.27356],[-111.84573,33.2735],[-111.84573,33.27258],[-111.84645,33.27202],[-111.84208,33.27209]],[[-111.83903,33.21676],[-111.83904,33.21841],[-111.84032,33.2184],[-111.84031,33.21745],[-111.84112,33.21745],[-111.84111,33.21672],[-111.83903,33.21676]],[[-111.83937,33.28095],[-111.83698,33.28098],[-111.83718,33.27811],[-111.84008,33.27807],[-111.84007,33.27687],[-111.83314,33.27697],[-111.83286,33.2789],[-111.83287,33.28046],[-111.83533,33.28042],[-111.83678,33.28039],[-111.83701,33.28413],[-111.83699,33.28221],[-111.83938,33.28218],[-111.84101,33.28386],[-111.84099,33.2821],[-111.83937,33.28095]],[[-111.82638,33.28055],[-111.82639,33.28284],[-111.8264,33.28345],[-111.82769,33.28361],[-111.82897,33.28394],[-111.82882,33.28424],[-111.83091,33.2842],[-111.8329,33.28418],[-111.83287,33.28046],[-111.82638,33.28055]],[[-111.83686,33.22499],[-111.83658,33.21879],[-111.83586,33.22479],[-111.83587,33.23313],[-111.83673,33.23311],[-111.83685,33.23311],[-111.83777,33.2311],[-111.83945,33.22947],[-111.83686,33.22499]],[[-111.83697,33.24768],[-111.83393,33.24772],[-111.83396,33.25133],[-111.83263,33.25135],[-111.83266,33.25443],[-111.8302,33.255],[-111.83267,33.25507],[-111.8327,33.25863],[-111.83668,33.25857],[-111.83671,33.26219],[-111.83669,33.26219],[-111.8367,33.26482],[-111.83506,33.26484],[-111.83505,33.26245],[-111.83273,33.26249],[-111.83276,33.26591],[-111.83708,33.26584],[-111.83704,33.26219],[-111.83697,33.24768]],[[-111.83183,33.24461],[-111.83158,33.24567],[-111.8314,33.24598],[-111.8326,33.24598],[-111.83261,33.24461],[-111.83183,33.24461]],[[-111.82859,33.2314],[-111.82895,33.22869],[-111.82818,33.22595],[-111.8283,33.2332],[-111.82981,33.23322],[-111.83001,33.23321],[-111.82859,33.2314]],[[-111.82837,33.24965],[-111.82535,33.2551],[-111.82756,33.25254],[-111.82845,33.25],[-111.82955,33.24784],[-111.82935,33.24784],[-111.82837,33.24965]],[[-111.82432,33.26603],[-111.82437,33.26953],[-111.82854,33.26969],[-111.82846,33.26597],[-111.82432,33.26603]],[[-111.82516,33.24418],[-111.82517,33.24594],[-111.82403,33.24595],[-111.82403,33.24621],[-111.82517,33.2462],[-111.82518,33.24684],[-111.82622,33.24683],[-111.82623,33.24752],[-111.82816,33.24755],[-111.82829,33.24413],[-111.82516,33.24418]],[[-111.82423,33.28264],[-111.82206,33.28267],[-111.82286,33.28415],[-111.82423,33.28414],[-111.82423,33.28412],[-111.82436,33.28264],[-111.82423,33.28264]],[[-111.81909,33.28439],[-111.81996,33.28517],[-111.81996,33.28607],[-111.82404,33.28603],[-111.82402,33.28433],[-111.81909,33.28439]],[[-111.82159,33.26762],[-111.82124,33.26812],[-111.81863,33.26962],[-111.81821,33.27007],[-111.81785,33.27067],[-111.81706,33.27339],[-111.81768,33.27202],[-111.82343,33.27197],[-111.82395,33.2708],[-111.82394,33.26803],[-111.82159,33.26762]],[[-111.81848,33.21903],[-111.81849,33.22247],[-111.81632,33.22252],[-111.81631,33.21905],[-111.81516,33.2191],[-111.81519,33.22255],[-111.81362,33.22257],[-111.8136,33.2191],[-111.81257,33.21912],[-111.81258,33.22257],[-111.80656,33.22266],[-111.80657,33.22987],[-111.80228,33.2299],[-111.80229,33.2318],[-111.80444,33.23178],[-111.80444,33.23107],[-111.80658,33.23089],[-111.80658,33.23361],[-111.81311,33.23349],[-111.8131,33.23166],[-111.81526,33.23162],[-111.81524,33.23071],[-111.81959,33.23064],[-111.81959,33.23155],[-111.82287,33.23149],[-111.82287,33.22967],[-111.82376,33.22875],[-111.81959,33.22882],[-111.81961,33.22606],[-111.82383,33.22597],[-111.82376,33.21896],[-111.81848,33.21903]],[[-111.80445,33.23362],[-111.80552,33.23361],[-111.80551,33.23177],[-111.80444,33.23178],[-111.80445,33.23362]],[[-111.82375,33.22693],[-111.82176,33.22697],[-111.82177,33.22787],[-111.82376,33.22784],[-111.82375,33.22717],[-111.82375,33.22693]],[[-111.81559,33.28277],[-111.81645,33.28276],[-111.81615,33.28199],[-111.81559,33.28277]],[[-111.81438,33.25524],[-111.81372,33.25525],[-111.81375,33.25707],[-111.81535,33.25704],[-111.81534,33.25523],[-111.81438,33.25524]],[[-111.80685,33.25531],[-111.80687,33.25713],[-111.81109,33.25711],[-111.81108,33.25527],[-111.80685,33.25531]],[[-111.80663,33.23719],[-111.80662,33.23789],[-111.81102,33.23782],[-111.81101,33.23714],[-111.80663,33.23719]],[[-111.80617,33.28746],[-111.80618,33.28795],[-111.80623,33.28795],[-111.80674,33.28795],[-111.80673,33.28746],[-111.80617,33.28746]],[[-111.80476,33.24086],[-111.80477,33.24184],[-111.80666,33.24182],[-111.80665,33.24084],[-111.80476,33.24086]],[[-111.79602,33.23366],[-111.79586,33.23428],[-111.7959,33.24101],[-111.80238,33.24094],[-111.80227,33.23364],[-111.79602,33.23366]],[[-111.79814,33.24457],[-111.79817,33.24821],[-111.7992,33.24819],[-111.79917,33.24455],[-111.79814,33.24457]],[[-111.792,33.21939],[-111.792,33.22209],[-111.78939,33.22212],[-111.78939,33.22649],[-111.79423,33.22644],[-111.7924,33.22438],[-111.79213,33.22063],[-111.79601,33.22007],[-111.792,33.21939]],[[-111.78971,33.25467],[-111.78972,33.25556],[-111.79167,33.25553],[-111.79167,33.25465],[-111.78971,33.25467]],[[-111.78595,33.2632],[-111.78597,33.26472],[-111.78816,33.26469],[-111.78815,33.26306],[-111.78595,33.2632]],[[-111.7846,33.22286],[-111.77709,33.22294],[-111.77706,33.22274],[-111.77702,33.22651],[-111.78568,33.22655],[-111.78466,33.21941],[-111.7846,33.22286]],[[-111.76836,33.24047],[-111.76835,33.24104],[-111.77265,33.24102],[-111.77265,33.24045],[-111.76836,33.24047]]]}},{"type":"Feature","properties":{"name":"Cobre Valley Community Transit","boundary_type":"places","source":"Census TIGER place","fidelity":"exact","updated":"2026-09","units":"Globe city; Miami town","note":"Dial-a-ride service covering Globe-Miami area in Cobre Valley.","confidence":0.9},"geometry":{"type":"MultiPolygon","coordinates":[[[[-110.83091,33.41545],[-110.83054,33.41629],[-110.83045,33.41841],[-110.82858,33.41693],[-110.82637,33.4181],[-110.82567,33.42162],[-110.82124,33.4215],[-110.82123,33.42244],[-110.82126,33.42574],[-110.81258,33.42578],[-110.8126,33.42935],[-110.8084,33.42935],[-110.80779,33.42935],[-110.80222,33.42221],[-110.80071,33.41926],[-110.79853,33.4174],[-110.79564,33.41351],[-110.79522,33.41026],[-110.79361,33.40836],[-110.79327,33.40775],[-110.79257,33.40775],[-110.79099,33.40776],[-110.79099,33.40648],[-110.78428,33.40896],[-110.78044,33.40999],[-110.7776,33.40418],[-110.77115,33.40418],[-110.76823,33.40421],[-110.75653,33.4042],[-110.75654,33.40783],[-110.74263,33.40783],[-110.74149,33.40979],[-110.73366,33.41935],[-110.72764,33.42667],[-110.72602,33.42945],[-110.72594,33.42961],[-110.72198,33.42963],[-110.72191,33.42178],[-110.72047,33.42227],[-110.71986,33.42211],[-110.71867,33.42195],[-110.71734,33.42227],[-110.7083,33.42238],[-110.70879,33.41956],[-110.71667,33.37443],[-110.71799,33.3669],[-110.72287,33.33879],[-110.72336,33.33879],[-110.75761,33.33882],[-110.7576,33.35072],[-110.75757,33.3755],[-110.75757,33.37623],[-110.74959,33.37644],[-110.74662,33.37618],[-110.74513,33.37663],[-110.75089,33.3805],[-110.75439,33.38231],[-110.75837,33.38535],[-110.75903,33.38486],[-110.75647,33.38288],[-110.75738,33.38223],[-110.75959,33.38451],[-110.76142,33.38475],[-110.76193,33.38576],[-110.76474,33.38612],[-110.76509,33.3802],[-110.76873,33.38259],[-110.77062,33.38525],[-110.7694,33.38613],[-110.76568,33.38618],[-110.76526,33.38694],[-110.76566,33.38799],[-110.76876,33.38764],[-110.76751,33.38889],[-110.76926,33.38889],[-110.7717,33.38616],[-110.77336,33.38762],[-110.77223,33.38869],[-110.77369,33.38974],[-110.77369,33.39355],[-110.77843,33.38955],[-110.77729,33.38828],[-110.77547,33.38626],[-110.7747,33.38393],[-110.77575,33.38254],[-110.77475,33.3813],[-110.77269,33.38327],[-110.77108,33.3824],[-110.7697,33.37885],[-110.77229,33.37867],[-110.77391,33.37676],[-110.77549,33.37744],[-110.77734,33.37634],[-110.78014,33.37628],[-110.78067,33.37481],[-110.77975,33.37868],[-110.77972,33.37885],[-110.79107,33.37888],[-110.78326,33.38535],[-110.78134,33.38611],[-110.77739,33.38613],[-110.7796,33.38859],[-110.78215,33.3866],[-110.78583,33.38539],[-110.78867,33.39146],[-110.79327,33.38973],[-110.79366,33.38862],[-110.79301,33.38608],[-110.79532,33.38609],[-110.79535,33.39141],[-110.79893,33.3914],[-110.79964,33.39217],[-110.79962,33.39688],[-110.79718,33.39687],[-110.79836,33.39889],[-110.7996,33.3989],[-110.79897,33.40054],[-110.80028,33.40301],[-110.79888,33.40413],[-110.8039,33.40416],[-110.80414,33.39695],[-110.80826,33.39699],[-110.80824,33.4017],[-110.80826,33.40702],[-110.80868,33.41797],[-110.81038,33.41725],[-110.80986,33.41493],[-110.81272,33.41518],[-110.81296,33.41494],[-110.8169,33.41495],[-110.81689,33.41796],[-110.81977,33.4176],[-110.82251,33.41823],[-110.82521,33.41692],[-110.82498,33.41481],[-110.82664,33.41412],[-110.82564,33.41229],[-110.82561,33.41134],[-110.82562,33.40756],[-110.82428,33.4076],[-110.82428,33.40763],[-110.8228,33.40837],[-110.82281,33.40763],[-110.82127,33.40768],[-110.82124,33.40622],[-110.82124,33.40509],[-110.82383,33.40508],[-110.82564,33.40454],[-110.8286,33.40455],[-110.82661,33.40718],[-110.82801,33.40686],[-110.82884,33.40794],[-110.82733,33.408],[-110.82799,33.41026],[-110.83001,33.41226],[-110.83175,33.4112],[-110.8329,33.41315],[-110.83589,33.41092],[-110.83636,33.4119],[-110.838,33.41134],[-110.83864,33.41319],[-110.83682,33.41404],[-110.83091,33.41545]]],[[[-110.88037,33.39126],[-110.87957,33.39265],[-110.88592,33.39454],[-110.88545,33.39614],[-110.87887,33.39494],[-110.87657,33.40039],[-110.87162,33.40217],[-110.87056,33.40097],[-110.86883,33.4021],[-110.86599,33.4025],[-110.86501,33.40166],[-110.86421,33.40163],[-110.86046,33.40416],[-110.86004,33.40453],[-110.86007,33.40298],[-110.86006,33.40266],[-110.86012,33.4004],[-110.85979,33.3932],[-110.87438,33.3932],[-110.87608,33.39045],[-110.87729,33.39158],[-110.87947,33.3899],[-110.8774,33.38525],[-110.88102,33.38247],[-110.88263,33.38608],[-110.88572,33.38763],[-110.88708,33.38779],[-110.89084,33.38514],[-110.88493,33.39004],[-110.88037,33.39126]]]]}},{"type":"Feature","properties":{"name":"CRIT Transit","boundary_type":"tribal","source":"Census TIGER AIANNH area","fidelity":"exact","updated":"2026-09","units":"Colorado River Indian Reservation","note":"Colorado River Indian Tribes demand-response service; Parker indicates location near reservation","confidence":0.9},"geometry":{"type":"Polygon","coordinates":[[[-114.55041,33.69166],[-114.54934,33.69441],[-114.54926,33.70028],[-114.54876,33.70142],[-114.5443,33.70471],[-114.54215,33.70561],[-114.53733,33.70639],[-114.53446,33.70657],[-114.53106,33.70605],[-114.5301,33.70492],[-114.52747,33.70335],[-114.52048,33.70057],[-114.51441,33.69651],[-114.51067,33.69423],[-114.50986,33.69188],[-114.50499,33.69302],[-114.49649,33.6969],[-114.49572,33.69845],[-114.4942,33.70792],[-114.4949,33.71443],[-114.49656,33.71916],[-114.50079,33.7222],[-114.50266,33.72458],[-114.50418,33.72805],[-114.5068,33.73052],[-114.51026,33.73215],[-114.51235,33.73421],[-114.51191,33.73499],[-114.50821,33.74159],[-114.506,33.74634],[-114.50448,33.751],[-114.50434,33.75638],[-114.50483,33.76021],[-114.52103,33.75799],[-114.52349,33.7651],[-114.52435,33.76604],[-114.52704,33.76702],[-114.52722,33.76823],[-114.52626,33.77113],[-114.52728,33.77311],[-114.5261,33.77409],[-114.52539,33.77813],[-114.5274,33.78111],[-114.52708,33.7873],[-114.52898,33.78863],[-114.52895,33.79206],[-114.52989,33.79632],[-114.52949,33.79948],[-114.52972,33.81041],[-114.53039,33.81202],[-114.53067,33.81504],[-114.53155,33.81789],[-114.5316,33.82176],[-114.53265,33.82242],[-114.53295,33.82682],[-114.53451,33.83192],[-114.53454,33.83424],[-114.53318,33.83997],[-114.53168,33.84224],[-114.53158,33.84604],[-114.5324,33.85191],[-114.53252,33.8531],[-114.53055,33.85499],[-114.53061,33.85544],[-114.52949,33.85688],[-114.53054,33.85788],[-114.53129,33.85996],[-114.53062,33.86329],[-114.52908,33.86788],[-114.52686,33.87284],[-114.52389,33.87738],[-114.52275,33.88122],[-114.52296,33.88371],[-114.52673,33.88792],[-114.52693,33.89051],[-114.52777,33.89534],[-114.52879,33.89896],[-114.52899,33.90114],[-114.53247,33.90581],[-114.53362,33.90816],[-114.53472,33.91166],[-114.5355,33.91529],[-114.53459,33.91889],[-114.53382,33.9199],[-114.53278,33.92068],[-114.53287,33.92149],[-114.53343,33.92326],[-114.53368,33.92513],[-114.53457,33.92538],[-114.53576,33.9276],[-114.53761,33.92968],[-114.5378,33.9325],[-114.53682,33.93652],[-114.53452,33.94108],[-114.53233,33.94385],[-114.53099,33.94465],[-114.53019,33.94694],[-114.52898,33.94879],[-114.52601,33.95186],[-114.52348,33.95497],[-114.52129,33.95662],[-114.51064,33.96863],[-114.51253,34.00002],[-114.51461,34.0077],[-114.51488,34.01253],[-114.45015,34.07976],[-114.41598,34.11524],[-114.41383,34.11739],[-114.40932,34.12045],[-114.40658,34.12404],[-114.40565,34.12633],[-114.40298,34.12949],[-114.38534,34.14682],[-114.38158,34.15067],[-114.37564,34.15623],[-114.37458,34.15769],[-114.37186,34.16027],[-114.36849,34.16412],[-114.36537,34.16771],[-114.32194,34.21214],[-114.3209,34.21353],[-114.28795,34.24727],[-114.28566,34.25008],[-114.25525,34.2812],[-114.25103,34.26668],[-114.2458,34.25],[-114.24344,34.23683],[-114.23278,34.20166],[-114.23026,34.19203],[-114.22902,34.18743],[-114.22759,34.18249],[-114.22485,34.17307],[-114.22184,34.16247],[-114.21812,34.14952],[-114.21826,34.14826],[-114.21663,34.14614],[-114.21674,34.14414],[-114.21234,34.12586],[-114.22732,34.1232],[-114.2201,34.10585],[-114.2387,34.05716],[-114.25078,34.02642],[-114.25185,34.02329],[-114.25198,34.02296],[-114.25896,34.00558],[-114.26157,34.00002],[-114.26719,33.98574],[-114.34805,33.78234],[-114.34848,33.78091],[-114.3486,33.77947],[-114.35299,33.75002],[-114.354,33.75002],[-114.3545,33.74603],[-114.36264,33.68022],[-114.36413,33.66767],[-114.36438,33.6485],[-114.36442,33.64625],[-114.36572,33.59471],[-114.40435,33.61827],[-114.40553,33.62087],[-114.40866,33.62339],[-114.40944,33.62715],[-114.41446,33.63018],[-114.42307,33.62792],[-114.42528,33.63126],[-114.42938,33.63298],[-114.43375,33.63391],[-114.43872,33.63442],[-114.45508,33.63443],[-114.45904,33.63629],[-114.47695,33.63661],[-114.47694,33.63614],[-114.4934,33.63853],[-114.5207,33.63869],[-114.52434,33.63885],[-114.52486,33.63867],[-114.54714,33.63872],[-114.546,33.6401],[-114.54406,33.64158],[-114.54254,33.64124],[-114.5377,33.64046],[-114.53679,33.64058],[-114.53447,33.64144],[-114.53017,33.64279],[-114.52855,33.64309],[-114.52955,33.64386],[-114.53321,33.64844],[-114.53319,33.65166],[-114.53058,33.65446],[-114.52516,33.65594],[-114.51834,33.65593],[-114.51456,33.65801],[-114.51406,33.66018],[-114.51534,33.66203],[-114.51711,33.66288],[-114.51974,33.66273],[-114.52067,33.66268],[-114.52644,33.66388],[-114.53027,33.66682],[-114.53212,33.6697],[-114.53152,33.67511],[-114.53104,33.67682],[-114.53403,33.67896],[-114.5364,33.68256],[-114.53733,33.68279],[-114.54934,33.68274],[-114.55049,33.68297],[-114.55171,33.68429],[-114.55271,33.68669],[-114.55257,33.68836],[-114.55041,33.69166]]]}},{"type":"Feature","properties":{"name":"Florence Dial-a-Ride","boundary_type":"city","source":"Census TIGER place","fidelity":"exact","updated":"2026-09","units":"Florence town","note":"Town of Florence operates local demand-response service.","confidence":0.9},"geometry":{"type":"Polygon","coordinates":[[[-111.50776,33.09667],[-111.50773,33.08942],[-111.49843,33.08942],[-111.48199,33.08947],[-111.48201,33.09674],[-111.46584,33.09678],[-111.46492,33.09581],[-111.46488,33.09072],[-111.46486,33.08961],[-111.45897,33.08958],[-111.45629,33.08957],[-111.45646,33.11528],[-111.46028,33.11531],[-111.46028,33.11583],[-111.46194,33.11584],[-111.4619,33.11858],[-111.47388,33.11861],[-111.4736,33.11837],[-111.47359,33.11755],[-111.47775,33.11758],[-111.47773,33.11853],[-111.48611,33.11837],[-111.49093,33.12344],[-111.49121,33.13284],[-111.4739,33.13318],[-111.47413,33.14768],[-111.49178,33.14792],[-111.49195,33.15274],[-111.49178,33.15274],[-111.48742,33.1528],[-111.48768,33.16205],[-111.47982,33.16216],[-111.47978,33.16035],[-111.47432,33.16042],[-111.47412,33.14841],[-111.46612,33.15348],[-111.46366,33.15509],[-111.4653,33.15351],[-111.46295,33.15107],[-111.46087,33.14764],[-111.45647,33.14762],[-111.45655,33.14033],[-111.45364,33.14031],[-111.45368,33.14268],[-111.45049,33.14268],[-111.45055,33.14758],[-111.44005,33.14763],[-111.43935,33.14765],[-111.43937,33.13297],[-111.44032,33.13281],[-111.45649,33.13294],[-111.45652,33.11853],[-111.43623,33.11845],[-111.43654,33.11928],[-111.43933,33.1216],[-111.43935,33.12932],[-111.43499,33.12927],[-111.43499,33.13298],[-111.40488,33.13283],[-111.40495,33.11833],[-111.4047,33.10377],[-111.42185,33.10386],[-111.42189,33.08947],[-111.41609,33.08756],[-111.39614,33.07772],[-111.39609,33.06742],[-111.38999,33.06735],[-111.38754,33.06661],[-111.38747,33.07815],[-111.38726,33.07815],[-111.3749,33.07826],[-111.37505,33.07749],[-111.37586,33.07463],[-111.37032,33.07467],[-111.37035,33.06597],[-111.3791,33.06122],[-111.3791,33.06097],[-111.3791,33.06008],[-111.37053,33.05997],[-111.37377,33.05831],[-111.37908,33.05475],[-111.37908,33.05403],[-111.3791,33.04575],[-111.37043,33.04568],[-111.35353,33.04572],[-111.35347,33.04934],[-111.34461,33.04935],[-111.34482,33.06035],[-111.33632,33.06026],[-111.33623,33.05048],[-111.33593,33.04769],[-111.33805,33.04575],[-111.31859,33.04585],[-111.31896,33.06032],[-111.30162,33.06012],[-111.30135,33.03141],[-111.30289,33.03141],[-111.30286,33.0164],[-111.32053,33.01644],[-111.32059,33.01647],[-111.34604,33.01648],[-111.34606,33.01738],[-111.35471,33.01738],[-111.35468,33.01646],[-111.35906,33.0165],[-111.35899,33.01279],[-111.35686,33.01284],[-111.35685,33.01103],[-111.34615,33.01104],[-111.34604,33.00931],[-111.346,32.98977],[-111.34164,32.98974],[-111.34161,32.98746],[-111.35469,32.98743],[-111.35468,32.98066],[-111.36306,32.98015],[-111.36329,32.98748],[-111.37142,32.98759],[-111.37092,33.00087],[-111.37177,33.00209],[-111.38753,33.00216],[-111.38751,33.00944],[-111.38238,33.00942],[-111.38238,33.00693],[-111.3792,33.00692],[-111.37918,33.0092],[-111.37619,33.0084],[-111.37629,33.00909],[-111.37077,33.00937],[-111.37058,33.02256],[-111.37059,33.02392],[-111.37481,33.02396],[-111.37482,33.02064],[-111.3791,33.02034],[-111.37909,33.01853],[-111.37904,33.01669],[-111.39609,33.01682],[-111.39587,33.00724],[-111.39585,32.99999],[-111.39868,32.9963],[-111.39846,32.99523],[-111.4042,32.9954],[-111.40443,32.98814],[-111.41132,32.98798],[-111.42142,32.9881],[-111.42782,32.98819],[-111.42784,32.99556],[-111.43318,32.99562],[-111.43321,32.98828],[-111.43844,32.98836],[-111.43844,32.99204],[-111.44709,32.99203],[-111.44705,33.00285],[-111.44278,33.00285],[-111.44276,33.00549],[-111.44276,33.00651],[-111.44168,33.00652],[-111.44278,33.01013],[-111.43856,33.01013],[-111.43425,33.01005],[-111.43419,33.00719],[-111.43313,33.0074],[-111.43319,33.01003],[-111.42995,33.00996],[-111.43018,33.01349],[-111.42596,33.01337],[-111.42607,33.0159],[-111.43017,33.01452],[-111.4306,33.03133],[-111.43885,33.03135],[-111.43912,33.03168],[-111.43914,33.03851],[-111.44293,33.03732],[-111.44294,33.04015],[-111.44765,33.04015],[-111.44764,33.03501],[-111.4496,33.03501],[-111.45145,33.03277],[-111.45538,33.03235],[-111.45834,33.03139],[-111.45872,33.03026],[-111.46027,33.02938],[-111.46408,33.02863],[-111.46466,33.02886],[-111.46473,33.03135],[-111.47331,33.03141],[-111.47332,33.03945],[-111.47757,33.03943],[-111.47759,33.04231],[-111.47334,33.04234],[-111.47334,33.04415],[-111.47642,33.04415],[-111.47639,33.04516],[-111.47639,33.04584],[-111.47979,33.04608],[-111.48184,33.04614],[-111.48292,33.04651],[-111.48401,33.04725],[-111.48401,33.04584],[-111.49041,33.04576],[-111.49044,33.04037],[-111.49474,33.04037],[-111.49476,33.03859],[-111.50769,33.03863],[-111.50761,33.03126],[-111.51192,33.03124],[-111.51189,33.02766],[-111.5162,33.02766],[-111.51632,33.04188],[-111.51633,33.05281],[-111.51651,33.09663],[-111.50776,33.09667]],[[-111.48283,33.04672],[-111.47979,33.04635],[-111.47981,33.05315],[-111.48187,33.05312],[-111.48184,33.04949],[-111.48401,33.0495],[-111.48401,33.0476],[-111.48283,33.04672]],[[-111.43749,33.0495],[-111.42201,33.04947],[-111.42197,33.0531],[-111.43904,33.05313],[-111.43905,33.0495],[-111.43749,33.0495]],[[-111.40613,33.01692],[-111.40623,33.02317],[-111.40749,33.02305],[-111.40837,33.02293],[-111.40905,33.02278],[-111.409,33.01687],[-111.40613,33.01692]]]}},{"type":"Feature","properties":{"name":"Gila River Transit Dial-a-Ride","boundary_type":"tribal","source":"Census TIGER AIANNH area","fidelity":"exact","updated":"2026-09","units":"Gila River Indian Reservation","note":"Tribal demand-response service on Gila River Indian Community reservation.","confidence":0.9},"geometry":{"type":"Polygon","coordinates":[[[-112.30563,33.38275],[-112.30396,33.38309],[-112.2997,33.38232],[-112.29455,33.37996],[-112.29258,33.37949],[-112.28852,33.37929],[-112.2804,33.38147],[-112.27524,33.38159],[-112.27252,33.38126],[-112.26303,33.38274],[-112.26255,33.38339],[-112.26127,33.38352],[-112.25967,33.38315],[-112.2571,33.38353],[-112.25538,33.38363],[-112.25482,33.38377],[-112.25429,33.38376],[-112.24963,33.38262],[-112.24191,33.38395],[-112.2406,33.38441],[-112.23712,33.38766],[-112.23712,33.3884],[-112.23495,33.38897],[-112.23381,33.38774],[-112.22907,33.38324],[-112.22823,33.38252],[-112.2229,33.37733],[-112.2202,33.37459],[-112.2201,33.37441],[-112.21987,33.37005],[-112.21532,33.37003],[-112.2032,33.35829],[-112.20054,33.3557],[-112.18635,33.34172],[-112.16919,33.32505],[-112.16912,33.32498],[-112.16356,33.31954],[-112.15175,33.30815],[-112.14791,33.30465],[-112.14313,33.30068],[-112.13379,33.29026],[-112.1296,33.29045],[-112.11622,33.29048],[-112.1004,33.29051],[-112.09784,33.29051],[-112.08514,33.29054],[-112.08353,33.29055],[-112.06342,33.29059],[-112.04812,33.29063],[-112.03195,33.29066],[-112.01448,33.29069],[-111.99713,33.2907],[-111.99538,33.29071],[-111.98119,33.29074],[-111.98042,33.29068],[-111.97978,33.29073],[-111.97221,33.29076],[-111.97155,33.29077],[-111.96772,33.2908],[-111.94566,33.29087],[-111.92817,33.29092],[-111.91111,33.29104],[-111.8936,33.29115],[-111.89345,33.27592],[-111.89328,33.26139],[-111.89314,33.23238],[-111.89288,33.23239],[-111.89312,33.2285],[-111.8931,33.21925],[-111.89308,33.20471],[-111.89255,33.20328],[-111.88435,33.20343],[-111.87573,33.20354],[-111.86723,33.20364],[-111.85842,33.20377],[-111.84947,33.20389],[-111.84113,33.204],[-111.84112,33.204],[-111.84107,33.204],[-111.8328,33.20412],[-111.82369,33.20424],[-111.8112,33.20453],[-111.80637,33.20469],[-111.80215,33.20471],[-111.78921,33.20473],[-111.78335,33.20469],[-111.77259,33.20468],[-111.7724,33.20472],[-111.75543,33.20478],[-111.75233,33.20478],[-111.7508,33.20475],[-111.73073,33.20468],[-111.71703,33.20467],[-111.71611,33.20464],[-111.71071,33.20464],[-111.70318,33.20464],[-111.68591,33.20464],[-111.68576,33.15798],[-111.68603,33.14615],[-111.68603,33.11766],[-111.66104,33.11783],[-111.63622,33.11798],[-111.62174,33.11813],[-111.60274,33.11818],[-111.59475,33.11819],[-111.57726,33.11817],[-111.52489,33.11819],[-111.51663,33.11825],[-111.51651,33.09663],[-111.51633,33.05281],[-111.51632,33.04188],[-111.5162,33.02766],[-111.51601,33.02444],[-111.51595,33.01858],[-111.51587,33.0161],[-111.51583,33.01348],[-111.51978,33.01336],[-111.52432,33.01335],[-111.52435,33.01428],[-111.52444,33.01698],[-111.53207,33.01693],[-111.54188,33.01698],[-111.54191,33.02396],[-111.55893,33.02402],[-111.55898,33.02762],[-111.5675,33.02761],[-111.56745,33.02035],[-111.55886,33.02039],[-111.55876,33.01317],[-111.57599,33.01307],[-111.57597,33.01067],[-111.57963,33.01069],[-111.57962,33.00698],[-111.58393,33.00698],[-111.58393,33.00247],[-111.58392,32.99971],[-111.5925,32.99975],[-111.59246,33.0025],[-111.59491,33.00251],[-111.59687,33.00252],[-111.59692,33.00696],[-111.6011,33.00699],[-111.60112,33.00254],[-111.60105,32.99615],[-111.61833,32.99631],[-111.61849,32.97575],[-111.61847,32.97517],[-111.61852,32.97199],[-111.61857,32.97086],[-111.6186,32.96726],[-111.63576,32.96729],[-111.63587,32.96729],[-111.64451,32.96735],[-111.6479,32.96711],[-111.66217,32.9676],[-111.66924,32.96738],[-111.67055,32.96738],[-111.68652,32.96715],[-111.68752,32.96704],[-111.68773,32.99614],[-111.69124,32.99606],[-111.7225,32.99652],[-111.72527,32.99635],[-111.72781,32.9965],[-111.74798,32.99662],[-111.74824,32.99651],[-111.75641,32.99652],[-111.76531,32.99645],[-111.77411,32.99639],[-111.78261,32.99636],[-111.82374,32.99629],[-111.85634,32.99621],[-111.88606,32.99619],[-111.89289,32.99602],[-111.89513,32.99601],[-111.89519,33.01186],[-111.90187,33.01248],[-111.9134,33.01412],[-111.92269,33.01417],[-111.92898,33.01418],[-111.9276,33.02896],[-111.92728,33.06554],[-111.94485,33.06578],[-111.96193,33.06535],[-111.97054,33.06537],[-111.97047,33.08757],[-111.99607,33.08771],[-111.99612,33.08771],[-111.99716,33.08794],[-112.01306,33.08798],[-112.01323,33.08793],[-112.03053,33.08699],[-112.03642,33.08711],[-112.04813,33.08739],[-112.04812,33.08691],[-112.06514,33.08693],[-112.08274,33.08708],[-112.09572,33.08706],[-112.13465,33.08691],[-112.13591,33.08711],[-112.18591,33.0876],[-112.18791,33.0875],[-112.19398,33.08698],[-112.20214,33.08702],[-112.20214,33.08717],[-112.20215,33.11674],[-112.20214,33.13457],[-112.20212,33.20328],[-112.20209,33.24686],[-112.30618,33.24692],[-112.30615,33.2612],[-112.30614,33.29038],[-112.30615,33.36263],[-112.30612,33.377],[-112.30613,33.38058],[-112.30875,33.38082],[-112.30867,33.38103],[-112.30563,33.38275]],[[-111.94472,33.07305],[-111.94449,33.08771],[-111.96067,33.08778],[-111.96149,33.08792],[-111.96198,33.07264],[-111.94472,33.07305]],[[-111.90186,33.02951],[-111.89975,33.02928],[-111.8928,33.02939],[-111.8927,33.04378],[-111.90534,33.04379],[-111.90995,33.04397],[-111.91017,33.02913],[-111.90186,33.02951]],[[-111.59244,33.0263],[-111.59245,33.03117],[-111.59928,33.03113],[-111.59993,33.03101],[-111.60107,33.03105],[-111.60111,33.03066],[-111.60112,33.0263],[-111.59244,33.0263]]]}},{"type":"Feature","properties":{"name":"Glendale OnBoard (formerly Glendale Dial-A-Ride)","boundary_type":"city","source":"Census TIGER place","fidelity":"exact","updated":"2026-09","units":"Glendale city","note":"City of Glendale operates curb-to-curb service within city limits.","confidence":0.9},"geometry":{"type":"MultiPolygon","coordinates":[[[[-112.42765,33.57172],[-112.42764,33.56624],[-112.43048,33.56623],[-112.43127,33.56623],[-112.43125,33.57346],[-112.42706,33.57325],[-112.42765,33.57172]]],[[[-112.43999,33.5698],[-112.43995,33.56619],[-112.44426,33.56618],[-112.44427,33.57612],[-112.43561,33.57619],[-112.43563,33.56989],[-112.43999,33.5698]]],[[[-112.41834,33.58067],[-112.41834,33.58073],[-112.40962,33.58073],[-112.39368,33.58047],[-112.35051,33.58009],[-112.35041,33.58009],[-112.35035,33.56559],[-112.34184,33.56553],[-112.34181,33.5584],[-112.35033,33.55845],[-112.3503,33.55261],[-112.34977,33.5526],[-112.34928,33.55236],[-112.34792,33.55186],[-112.34651,33.55159],[-112.34599,33.55155],[-112.34599,33.5512],[-112.34599,33.55112],[-112.31567,33.55093],[-112.30963,33.55085],[-112.30959,33.55078],[-112.30676,33.55073],[-112.28972,33.55095],[-112.2669,33.55139],[-112.26654,33.5514],[-112.26643,33.55149],[-112.255,33.55175],[-112.255,33.55164],[-112.23779,33.55192],[-112.2203,33.55233],[-112.21143,33.55259],[-112.21166,33.55407],[-112.21164,33.5597],[-112.21142,33.55997],[-112.21167,33.56018],[-112.2116,33.56685],[-112.20316,33.56715],[-112.20302,33.57118],[-112.20301,33.57446],[-112.20294,33.5817],[-112.20289,33.58749],[-112.20288,33.58897],[-112.20285,33.59621],[-112.20264,33.6063],[-112.20262,33.61061],[-112.20256,33.61418],[-112.20267,33.61418],[-112.20263,33.61836],[-112.20393,33.62133],[-112.20449,33.62192],[-112.21025,33.6238],[-112.21555,33.62841],[-112.21556,33.63052],[-112.21805,33.63269],[-112.2178,33.63468],[-112.21578,33.63568],[-112.21592,33.63805],[-112.22025,33.63801],[-112.22896,33.63795],[-112.23343,33.63795],[-112.23783,33.63808],[-112.23782,33.63816],[-112.23783,33.63967],[-112.24006,33.63852],[-112.23783,33.6419],[-112.23779,33.65253],[-112.23767,33.65253],[-112.23659,33.65272],[-112.23553,33.65633],[-112.23484,33.65993],[-112.23281,33.66327],[-112.23085,33.66639],[-112.22471,33.67718],[-112.2236,33.67805],[-112.22244,33.68158],[-112.22044,33.68171],[-112.22048,33.68792],[-112.22047,33.68809],[-112.22053,33.69619],[-112.22027,33.69626],[-112.22028,33.69629],[-112.21886,33.69627],[-112.20306,33.69628],[-112.20288,33.69772],[-112.17888,33.6977],[-112.16969,33.69777],[-112.16924,33.67026],[-112.16942,33.66851],[-112.16928,33.66436],[-112.16919,33.66186],[-112.16913,33.65994],[-112.16895,33.65451],[-112.16909,33.64724],[-112.16927,33.63903],[-112.16843,33.63236],[-112.16849,33.62516],[-112.16854,33.61794],[-112.16856,33.61543],[-112.16858,33.61073],[-112.16866,33.60355],[-112.16876,33.59636],[-112.16866,33.59526],[-112.16677,33.59471],[-112.16623,33.59301],[-112.16351,33.58986],[-112.1598,33.58808],[-112.15693,33.58437],[-112.15174,33.58192],[-112.15165,33.58192],[-112.1517,33.57472],[-112.15175,33.56752],[-112.15171,33.56035],[-112.15167,33.55312],[-112.15157,33.54664],[-112.15155,33.54571],[-112.15157,33.53845],[-112.15159,33.53118],[-112.15161,33.52828],[-112.15163,33.52392],[-112.15164,33.5203],[-112.15166,33.51669],[-112.15165,33.51283],[-112.15169,33.51012],[-112.15222,33.50945],[-112.15548,33.50933],[-112.16876,33.50937],[-112.17316,33.5094],[-112.18636,33.50947],[-112.19504,33.50936],[-112.20316,33.50926],[-112.20322,33.50924],[-112.21133,33.50908],[-112.2201,33.5089],[-112.22046,33.50889],[-112.22865,33.50879],[-112.2377,33.50869],[-112.24637,33.50868],[-112.25501,33.50868],[-112.26909,33.5083],[-112.27248,33.50821],[-112.27248,33.50832],[-112.27239,33.52277],[-112.28266,33.52237],[-112.28979,33.5224],[-112.29438,33.52213],[-112.29437,33.51893],[-112.29867,33.51875],[-112.29866,33.51513],[-112.30646,33.51481],[-112.30675,33.51479],[-112.30693,33.5216],[-112.30693,33.52196],[-112.3239,33.52204],[-112.3239,33.51742],[-112.32399,33.5174],[-112.32399,33.51477],[-112.32981,33.51491],[-112.33244,33.51498],[-112.33244,33.50778],[-112.34088,33.50793],[-112.34953,33.50816],[-112.35385,33.50838],[-112.35387,33.51532],[-112.35809,33.51537],[-112.35831,33.51896],[-112.371,33.51906],[-112.37092,33.51545],[-112.38379,33.51547],[-112.38367,33.50826],[-112.41843,33.50821],[-112.41884,33.50822],[-112.44416,33.50826],[-112.46135,33.50823],[-112.46133,33.51761],[-112.4613,33.51761],[-112.46132,33.50826],[-112.44416,33.50829],[-112.44415,33.52272],[-112.42683,33.52273],[-112.42683,33.53728],[-112.42684,33.54066],[-112.42287,33.54067],[-112.42288,33.54451],[-112.42686,33.54431],[-112.42688,33.54901],[-112.42479,33.54902],[-112.4236,33.55167],[-112.41959,33.55168],[-112.4193,33.54946],[-112.4227,33.54946],[-112.4227,33.54781],[-112.41912,33.54781],[-112.41908,33.54279],[-112.41957,33.53713],[-112.41907,33.53095],[-112.41946,33.52635],[-112.42269,33.52636],[-112.42268,33.52521],[-112.41967,33.52524],[-112.41993,33.52267],[-112.41949,33.514],[-112.42255,33.51357],[-112.42254,33.50825],[-112.41884,33.50825],[-112.41843,33.50825],[-112.401,33.50826],[-112.40103,33.5118],[-112.39263,33.51183],[-112.39262,33.50829],[-112.38797,33.50829],[-112.38807,33.51546],[-112.38512,33.51548],[-112.38383,33.51549],[-112.37997,33.5155],[-112.37891,33.5155],[-112.37523,33.5155],[-112.37463,33.5155],[-112.37126,33.51548],[-112.37101,33.51548],[-112.37096,33.51548],[-112.37103,33.51911],[-112.36505,33.51909],[-112.36508,33.52253],[-112.36666,33.52255],[-112.37187,33.52263],[-112.37537,33.52268],[-112.38932,33.52266],[-112.39242,33.51994],[-112.39253,33.51908],[-112.40375,33.51905],[-112.40277,33.52269],[-112.40111,33.52421],[-112.40112,33.52634],[-112.40936,33.52634],[-112.40955,33.52258],[-112.40954,33.5154],[-112.41804,33.51541],[-112.41786,33.51905],[-112.41388,33.51905],[-112.41388,33.52259],[-112.41763,33.52266],[-112.41784,33.52657],[-112.41716,33.5371],[-112.41762,33.54447],[-112.40959,33.54448],[-112.40958,33.53538],[-112.41211,33.53537],[-112.41211,33.53359],[-112.40114,33.53361],[-112.40142,33.54082],[-112.39305,33.54084],[-112.39303,33.54445],[-112.39737,33.54445],[-112.39762,33.54804],[-112.40193,33.54805],[-112.40212,33.55081],[-112.39914,33.55083],[-112.3992,33.55165],[-112.4096,33.55171],[-112.40962,33.55887],[-112.41772,33.55886],[-112.41772,33.5613],[-112.41707,33.56627],[-112.3675,33.56579],[-112.36758,33.55134],[-112.35862,33.5513],[-112.3584,33.54515],[-112.35467,33.54511],[-112.35462,33.54409],[-112.34912,33.54403],[-112.34965,33.54489],[-112.34961,33.55094],[-112.34697,33.55035],[-112.34175,33.55032],[-112.34179,33.55106],[-112.34602,33.55109],[-112.34602,33.5512],[-112.35034,33.55258],[-112.35036,33.55848],[-112.34185,33.55842],[-112.34188,33.5655],[-112.35039,33.56556],[-112.35044,33.58006],[-112.38064,33.58027],[-112.38068,33.57314],[-112.37621,33.57308],[-112.37623,33.56673],[-112.38064,33.56671],[-112.38092,33.56607],[-112.3936,33.56622],[-112.39368,33.58044],[-112.40962,33.58062],[-112.40961,33.57708],[-112.41393,33.57714],[-112.41393,33.57348],[-112.4023,33.5734],[-112.40226,33.56637],[-112.41707,33.56645],[-112.41741,33.57348],[-112.41776,33.57592],[-112.4173,33.5806],[-112.41834,33.58064],[-112.41944,33.58063],[-112.41915,33.57713],[-112.41921,33.56937],[-112.41957,33.56659],[-112.42538,33.5666],[-112.42655,33.56715],[-112.42668,33.58063],[-112.44425,33.58056],[-112.44856,33.58056],[-112.45193,33.58055],[-112.46149,33.58055],[-112.4615,33.56615],[-112.46153,33.56615],[-112.46152,33.58058],[-112.45193,33.58058],[-112.44425,33.58059],[-112.41834,33.58067]],[[-112.31329,33.52202],[-112.3133,33.52924],[-112.31542,33.52925],[-112.31542,33.53288],[-112.3165,33.53332],[-112.31849,33.53624],[-112.34101,33.53656],[-112.34101,33.53671],[-112.34253,33.53673],[-112.34488,33.53675],[-112.34486,33.53359],[-112.34963,33.53363],[-112.34961,33.53671],[-112.35802,33.5368],[-112.35799,33.5297],[-112.35803,33.52891],[-112.35801,33.52251],[-112.35795,33.5154],[-112.35384,33.51535],[-112.35381,33.5084],[-112.35369,33.5084],[-112.34949,33.50828],[-112.34949,33.50819],[-112.34088,33.50796],[-112.33247,33.50781],[-112.33247,33.515],[-112.3298,33.51494],[-112.32402,33.5148],[-112.32402,33.5174],[-112.32401,33.52204],[-112.3239,33.52204],[-112.31329,33.52202]],[[-112.40114,33.53137],[-112.40113,33.52996],[-112.3968,33.52992],[-112.39684,33.53359],[-112.40086,33.5336],[-112.40114,33.53361],[-112.40114,33.53137]],[[-112.36584,33.52359],[-112.3656,33.52922],[-112.35935,33.52972],[-112.37537,33.52991],[-112.37539,33.52636],[-112.37537,33.52286],[-112.36666,33.52273],[-112.36508,33.52271],[-112.36584,33.52359]],[[-112.36026,33.5204],[-112.361,33.51953],[-112.36031,33.51911],[-112.35832,33.51902],[-112.35832,33.52043],[-112.36026,33.5204]],[[-112.35552,33.53749],[-112.35706,33.53744],[-112.35709,33.53791],[-112.35807,33.53792],[-112.35739,33.53755],[-112.35737,33.53703],[-112.3555,33.53704],[-112.35552,33.53749]],[[-112.34114,33.53682],[-112.34147,33.54362],[-112.34273,33.54252],[-112.34263,33.54025],[-112.34254,33.5385],[-112.34246,33.53684],[-112.34114,33.53682]],[[-112.3412,33.54358],[-112.34088,33.53697],[-112.31854,33.53672],[-112.31975,33.54013],[-112.31548,33.54011],[-112.31554,33.54372],[-112.31125,33.54371],[-112.31131,33.55078],[-112.34155,33.55107],[-112.34122,33.54396],[-112.34024,33.54395],[-112.32418,33.54383],[-112.3412,33.54358]],[[-112.30708,33.53645],[-112.31118,33.53646],[-112.31117,33.522],[-112.30693,33.52199],[-112.30681,33.5362],[-112.30708,33.53645]],[[-112.29204,33.54899],[-112.29202,33.55088],[-112.29843,33.55077],[-112.29845,33.54369],[-112.28983,33.54375],[-112.28975,33.54902],[-112.29204,33.54899]],[[-112.27153,33.51204],[-112.27229,33.51203],[-112.2723,33.51147],[-112.27154,33.51148],[-112.27153,33.51184],[-112.27153,33.51204]],[[-112.26367,33.54449],[-112.25503,33.54474],[-112.255,33.54888],[-112.25069,33.54899],[-112.25068,33.5517],[-112.255,33.55161],[-112.25719,33.55156],[-112.25721,33.54797],[-112.25848,33.54799],[-112.25846,33.55153],[-112.26657,33.55137],[-112.26827,33.55132],[-112.27116,33.54788],[-112.27154,33.54746],[-112.2719,33.54304],[-112.26961,33.53736],[-112.26394,33.53758],[-112.26367,33.54449]],[[-112.26369,33.51961],[-112.26371,33.51587],[-112.25502,33.51612],[-112.255,33.51969],[-112.26369,33.51961]],[[-112.2421,33.55028],[-112.23902,33.55069],[-112.23903,33.55186],[-112.24207,33.55176],[-112.24439,33.55174],[-112.24506,33.54843],[-112.24636,33.54837],[-112.23791,33.54845],[-112.24209,33.54892],[-112.2421,33.55028]],[[-112.23184,33.55202],[-112.23407,33.55197],[-112.23453,33.55032],[-112.2377,33.55026],[-112.23768,33.54907],[-112.2341,33.54953],[-112.23182,33.54861],[-112.23184,33.55202]],[[-112.22063,33.54877],[-112.23131,33.5486],[-112.23126,33.54505],[-112.23342,33.54502],[-112.23344,33.54698],[-112.23722,33.54693],[-112.23723,33.54757],[-112.23763,33.54489],[-112.22902,33.54503],[-112.22076,33.54515],[-112.22063,33.54877]],[[-112.23122,33.53795],[-112.23129,33.54135],[-112.23759,33.54131],[-112.23758,33.54025],[-112.23335,33.5403],[-112.23335,33.53792],[-112.23122,33.53795]],[[-112.19452,33.54569],[-112.19277,33.54417],[-112.19278,33.5457],[-112.19452,33.54569]],[[-112.19015,33.53129],[-112.19015,33.53072],[-112.18946,33.53074],[-112.18946,33.5313],[-112.19015,33.53129]]]]}},{"type":"Feature","properties":{"name":"Havasu Mobility","boundary_type":"city","source":"Census TIGER place","fidelity":"exact","updated":"2026-09","units":"Lake Havasu City city","note":"City of Lake Havasu City operates this demand-response service.","confidence":0.95},"geometry":{"type":"Polygon","coordinates":[[[-114.37418,34.45618],[-114.37362,34.46],[-114.37304,34.46053],[-114.36677,34.4625],[-114.36441,34.46496],[-114.36376,34.4686],[-114.36246,34.47007],[-114.3597,34.46927],[-114.36206,34.47152],[-114.35804,34.47234],[-114.35615,34.47365],[-114.35546,34.47541],[-114.35565,34.47793],[-114.35674,34.4812],[-114.35752,34.48208],[-114.35606,34.48391],[-114.35704,34.48387],[-114.3573,34.48559],[-114.35907,34.48996],[-114.36047,34.48912],[-114.36146,34.48992],[-114.36114,34.49121],[-114.36242,34.49232],[-114.36283,34.49409],[-114.3617,34.49544],[-114.36287,34.49865],[-114.36418,34.4996],[-114.36331,34.50107],[-114.36352,34.50366],[-114.36418,34.50415],[-114.36557,34.50398],[-114.36598,34.50558],[-114.36299,34.50674],[-114.36478,34.50783],[-114.3677,34.50657],[-114.36664,34.50734],[-114.36837,34.50893],[-114.36665,34.50987],[-114.36665,34.51212],[-114.36592,34.51393],[-114.36824,34.51217],[-114.36698,34.51443],[-114.36824,34.51536],[-114.36984,34.51399],[-114.36904,34.51591],[-114.36765,34.5174],[-114.36925,34.52064],[-114.37084,34.51992],[-114.37051,34.52179],[-114.37224,34.52658],[-114.37211,34.52762],[-114.37211,34.5291],[-114.37528,34.53196],[-114.36856,34.53202],[-114.35304,34.53202],[-114.35149,34.53202],[-114.3515,34.53316],[-114.35144,34.53593],[-114.35227,34.53827],[-114.35149,34.53827],[-114.35155,34.5421],[-114.35345,34.5416],[-114.35508,34.54635],[-114.35908,34.54634],[-114.36413,34.56068],[-114.36901,34.56067],[-114.36901,34.57486],[-114.36977,34.57743],[-114.37339,34.5896],[-114.36973,34.58958],[-114.36775,34.58958],[-114.3562,34.57494],[-114.33417,34.57477],[-114.33418,34.54627],[-114.32855,34.5463],[-114.3285,34.54872],[-114.32579,34.54874],[-114.32593,34.55243],[-114.31279,34.55274],[-114.31278,34.55121],[-114.31093,34.5512],[-114.31092,34.54971],[-114.30982,34.54971],[-114.30978,34.54785],[-114.31165,34.54783],[-114.31162,34.54626],[-114.26411,34.54622],[-114.26391,34.53268],[-114.26411,34.52473],[-114.2641,34.51682],[-114.25554,34.51701],[-114.24632,34.51677],[-114.24625,34.50399],[-114.24774,34.5033],[-114.26409,34.5033],[-114.26407,34.49262],[-114.26405,34.4854],[-114.26006,34.48703],[-114.2596,34.48868],[-114.25537,34.48866],[-114.25532,34.48109],[-114.26395,34.48108],[-114.26395,34.4761],[-114.26393,34.47383],[-114.24644,34.47382],[-114.24639,34.46388],[-114.24611,34.45027],[-114.24155,34.44854],[-114.24154,34.44705],[-114.24361,34.44704],[-114.24367,34.4452],[-114.24587,34.44518],[-114.2459,34.43406],[-114.26819,34.43359],[-114.2685,34.44835],[-114.27287,34.4484],[-114.27299,34.45218],[-114.28457,34.45209],[-114.28675,34.45208],[-114.28769,34.45212],[-114.29744,34.45215],[-114.29908,34.45211],[-114.29898,34.44952],[-114.29883,34.44471],[-114.29903,34.43035],[-114.30317,34.43029],[-114.30347,34.43144],[-114.30764,34.43273],[-114.30825,34.4342],[-114.30532,34.43657],[-114.30676,34.43666],[-114.30762,34.43524],[-114.31001,34.43447],[-114.31149,34.4363],[-114.31158,34.43708],[-114.30905,34.43751],[-114.3079,34.43854],[-114.30951,34.43876],[-114.30928,34.43971],[-114.31101,34.43825],[-114.31315,34.43778],[-114.31385,34.43809],[-114.31276,34.44083],[-114.31347,34.44091],[-114.31495,34.44024],[-114.31435,34.44234],[-114.31583,34.44144],[-114.31598,34.44281],[-114.31911,34.44245],[-114.32067,34.44349],[-114.31909,34.44485],[-114.31836,34.44665],[-114.3203,34.44697],[-114.32315,34.4497],[-114.32522,34.4493],[-114.32465,34.44804],[-114.32643,34.44779],[-114.32778,34.44909],[-114.32638,34.4503],[-114.32695,34.45197],[-114.32821,34.45297],[-114.33029,34.45303],[-114.33206,34.45415],[-114.33215,34.4555],[-114.33331,34.4555],[-114.33244,34.45821],[-114.33433,34.45864],[-114.33485,34.45699],[-114.33599,34.45738],[-114.33548,34.45907],[-114.33627,34.46036],[-114.33889,34.46191],[-114.34084,34.46],[-114.34134,34.46219],[-114.34441,34.46435],[-114.34617,34.46418],[-114.34667,34.46516],[-114.34874,34.46461],[-114.35023,34.46271],[-114.35181,34.46086],[-114.3509,34.46019],[-114.34896,34.46153],[-114.34852,34.45946],[-114.34894,34.45807],[-114.34859,34.45548],[-114.34743,34.45493],[-114.3495,34.45401],[-114.34987,34.45294],[-114.35274,34.45219],[-114.35434,34.45343],[-114.35891,34.4521],[-114.35958,34.45271],[-114.35728,34.45363],[-114.3616,34.45285],[-114.3606,34.45116],[-114.36304,34.4524],[-114.36218,34.45122],[-114.36463,34.44997],[-114.36904,34.44998],[-114.37048,34.44925],[-114.37176,34.451],[-114.3719,34.4491],[-114.37336,34.44969],[-114.37263,34.45004],[-114.3737,34.45185],[-114.3747,34.45186],[-114.37521,34.45367],[-114.37445,34.45454],[-114.37605,34.45516],[-114.37418,34.45618]]]}},{"type":"Feature","properties":{"name":"May Mobility AV Pilot","boundary_type":"city","source":"Census TIGER place","fidelity":"exact","updated":"2026-09","units":"Sun City CDP","note":"Autonomous microtransit pilot in Sun City; pilot concluded","confidence":0.9},"geometry":{"type":"Polygon","coordinates":[[[-112.30766,33.63068],[-112.30757,33.63145],[-112.30768,33.63854],[-112.30501,33.63849],[-112.3022,33.63834],[-112.3015,33.63832],[-112.301,33.64521],[-112.29849,33.64522],[-112.2985,33.6457],[-112.29854,33.6525],[-112.2899,33.65259],[-112.28978,33.6526],[-112.28988,33.66724],[-112.27999,33.66723],[-112.27254,33.66714],[-112.27238,33.65263],[-112.26812,33.65262],[-112.25931,33.65262],[-112.25936,33.63804],[-112.255,33.63796],[-112.25485,33.62425],[-112.25702,33.62409],[-112.25708,33.60968],[-112.26376,33.60949],[-112.26388,33.59499],[-112.26385,33.58773],[-112.27248,33.58734],[-112.27248,33.58033],[-112.27248,33.5735],[-112.27249,33.56697],[-112.27249,33.56692],[-112.27246,33.56578],[-112.27248,33.56562],[-112.27426,33.56568],[-112.27614,33.56565],[-112.28114,33.56561],[-112.2841,33.56558],[-112.28979,33.56563],[-112.2985,33.56554],[-112.30022,33.5655],[-112.30279,33.57123],[-112.30307,33.57549],[-112.30208,33.57632],[-112.30285,33.57935],[-112.29938,33.58002],[-112.29869,33.58001],[-112.29873,33.59383],[-112.29873,33.59461],[-112.29869,33.60519],[-112.30464,33.60681],[-112.30435,33.60748],[-112.30408,33.60886],[-112.30348,33.60885],[-112.30313,33.6145],[-112.30319,33.62341],[-112.30753,33.62346],[-112.30897,33.63012],[-112.30996,33.6307],[-112.30766,33.63068]]]}},{"type":"Feature","properties":{"name":"Mountain Line GO!","boundary_type":"city","source":"Census TIGER place","fidelity":"approximate","updated":"2026-09","units":"Flagstaff city","note":"Microtransit pilot serving specific zones in Flagstaff; full zone boundaries not specified","confidence":0.7},"geometry":{"type":"Polygon","coordinates":[[[-111.71452,35.18656],[-111.71052,35.18487],[-111.70597,35.18391],[-111.70118,35.18245],[-111.7012,35.1835],[-111.70477,35.18447],[-111.70572,35.18483],[-111.7057,35.19004],[-111.70369,35.18953],[-111.70299,35.19128],[-111.69695,35.18972],[-111.69695,35.19262],[-111.69043,35.19267],[-111.69041,35.18995],[-111.69149,35.18994],[-111.6915,35.18903],[-111.69151,35.18814],[-111.6891,35.18815],[-111.6891,35.18881],[-111.68709,35.18841],[-111.68711,35.19489],[-111.68428,35.19611],[-111.67843,35.19456],[-111.67492,35.19448],[-111.66945,35.19213],[-111.66781,35.19241],[-111.66206,35.19593],[-111.66264,35.19596],[-111.66902,35.19264],[-111.67075,35.19292],[-111.67396,35.19482],[-111.67877,35.19519],[-111.6838,35.1967],[-111.68935,35.19458],[-111.69048,35.19541],[-111.6971,35.19537],[-111.69706,35.19398],[-111.70138,35.19348],[-111.70128,35.20993],[-111.71898,35.20978],[-111.71902,35.22441],[-111.70143,35.22448],[-111.70143,35.23029],[-111.70142,35.23899],[-111.67977,35.23956],[-111.67182,35.2396],[-111.66764,35.23965],[-111.66651,35.23976],[-111.6603,35.23973],[-111.66039,35.24327],[-111.65819,35.24327],[-111.65809,35.23972],[-111.65742,35.23967],[-111.65741,35.23603],[-111.65604,35.23239],[-111.65458,35.23239],[-111.65458,35.22808],[-111.65896,35.2269],[-111.65908,35.22708],[-111.66242,35.22516],[-111.66233,35.22156],[-111.65895,35.22155],[-111.65786,35.22209],[-111.65811,35.2234],[-111.65981,35.22518],[-111.65762,35.22519],[-111.64906,35.22517],[-111.64898,35.2179],[-111.64751,35.21927],[-111.64491,35.2184],[-111.64458,35.22156],[-111.64016,35.22158],[-111.64017,35.22523],[-111.63133,35.22529],[-111.63148,35.23227],[-111.62578,35.23253],[-111.58683,35.23262],[-111.58683,35.23147],[-111.57808,35.23145],[-111.5778,35.23989],[-111.5707,35.23986],[-111.56876,35.24162],[-111.56689,35.24157],[-111.5669,35.23987],[-111.54247,35.24014],[-111.5336,35.23996],[-111.52474,35.23936],[-111.5247,35.2331],[-111.52462,35.21992],[-111.52461,35.21482],[-111.52801,35.21565],[-111.53566,35.21753],[-111.53888,35.21809],[-111.54278,35.2185],[-111.55003,35.21783],[-111.55178,35.21795],[-111.56713,35.22035],[-111.57651,35.22176],[-111.57994,35.2218],[-111.58337,35.22128],[-111.58688,35.22016],[-111.59548,35.21562],[-111.60472,35.21068],[-111.60416,35.21068],[-111.5864,35.2198],[-111.58356,35.22068],[-111.57798,35.2212],[-111.57573,35.22114],[-111.56729,35.21982],[-111.55324,35.21762],[-111.5502,35.21677],[-111.54315,35.21797],[-111.53585,35.217],[-111.52757,35.21495],[-111.52027,35.21317],[-111.51405,35.21379],[-111.50949,35.21277],[-111.50799,35.21193],[-111.50696,35.21081],[-111.50697,35.20706],[-111.50697,35.19826],[-111.50697,35.19553],[-111.52452,35.19545],[-111.52455,35.19284],[-111.5246,35.18838],[-111.52458,35.1737],[-111.5425,35.17395],[-111.54325,35.16673],[-111.55997,35.16667],[-111.55937,35.15188],[-111.58387,35.15189],[-111.59284,35.15197],[-111.59567,35.152],[-111.59566,35.15228],[-111.59839,35.15221],[-111.59836,35.15043],[-111.59783,35.12877],[-111.59771,35.12296],[-111.59972,35.12294],[-111.65755,35.12264],[-111.67296,35.12246],[-111.67296,35.12284],[-111.67295,35.12567],[-111.66816,35.12499],[-111.6682,35.12977],[-111.67714,35.12974],[-111.67709,35.12244],[-111.68283,35.12242],[-111.68603,35.1224],[-111.68604,35.12697],[-111.68614,35.12733],[-111.68643,35.12828],[-111.68606,35.1343],[-111.68622,35.15163],[-111.70127,35.15147],[-111.70155,35.16355],[-111.70159,35.16542],[-111.70137,35.18082],[-111.70971,35.18062],[-111.71389,35.18101],[-111.7191,35.1808],[-111.71887,35.18794],[-111.71452,35.18656]],[[-111.67918,35.16263],[-111.67916,35.16327],[-111.67916,35.16629],[-111.6836,35.16627],[-111.68359,35.16262],[-111.67918,35.16263]],[[-111.67485,35.18806],[-111.67492,35.19194],[-111.67936,35.19187],[-111.67931,35.18794],[-111.67485,35.18806]],[[-111.65776,35.21798],[-111.65643,35.21798],[-111.65687,35.2204],[-111.65787,35.22041],[-111.65789,35.21957],[-111.65776,35.21798]],[[-111.65607,35.21587],[-111.65507,35.21587],[-111.65525,35.21792],[-111.65607,35.21792],[-111.65607,35.21613],[-111.65607,35.21587]],[[-111.64392,35.15187],[-111.64372,35.15554],[-111.64817,35.15552],[-111.6481,35.15184],[-111.64392,35.15187]],[[-111.63161,35.13952],[-111.62942,35.13953],[-111.62934,35.13771],[-111.62613,35.13862],[-111.62391,35.13772],[-111.62615,35.13953],[-111.62807,35.14135],[-111.62945,35.14225],[-111.6327,35.14225],[-111.6327,35.13861],[-111.63161,35.13952]],[[-111.62641,35.19069],[-111.62641,35.19192],[-111.6285,35.19135],[-111.62895,35.19136],[-111.6289,35.1907],[-111.62641,35.19069]],[[-111.61404,35.1341],[-111.61186,35.13412],[-111.61078,35.13231],[-111.60968,35.13323],[-111.60641,35.13325],[-111.60639,35.13415],[-111.60855,35.13594],[-111.61075,35.13593],[-111.61072,35.13776],[-111.61514,35.13774],[-111.61513,35.1341],[-111.61404,35.1341]],[[-111.61086,35.1706],[-111.61095,35.17881],[-111.60876,35.17979],[-111.60877,35.18156],[-111.61097,35.18155],[-111.61316,35.1788],[-111.61307,35.17061],[-111.61086,35.1706]],[[-111.60209,35.17425],[-111.60098,35.17425],[-111.59769,35.17425],[-111.59771,35.17608],[-111.5988,35.17608],[-111.59884,35.18159],[-111.60216,35.18152],[-111.60325,35.18152],[-111.6032,35.17609],[-111.60209,35.17425]],[[-111.58801,35.22807],[-111.58806,35.22607],[-111.58702,35.22608],[-111.58728,35.22719],[-111.58689,35.22721],[-111.58687,35.22895],[-111.58853,35.22896],[-111.58854,35.22839],[-111.58913,35.22839],[-111.58914,35.22794],[-111.58801,35.22807]],[[-111.58412,35.22434],[-111.58377,35.22401],[-111.58316,35.22444],[-111.58291,35.22463],[-111.58342,35.22507],[-111.58305,35.22535],[-111.58569,35.22517],[-111.58451,35.22409],[-111.58412,35.22434]],[[-111.57299,35.2253],[-111.57299,35.2268],[-111.57366,35.22674],[-111.57366,35.2253],[-111.57299,35.2253]],[[-111.55468,35.2139],[-111.55467,35.21574],[-111.55056,35.21571],[-111.56025,35.21756],[-111.56025,35.21393],[-111.55468,35.2139]],[[-111.5547,35.22715],[-111.5548,35.23076],[-111.55905,35.23074],[-111.55903,35.22716],[-111.5547,35.22715]],[[-111.55131,35.22534],[-111.55133,35.22869],[-111.55159,35.22864],[-111.5532,35.22778],[-111.55319,35.22534],[-111.55131,35.22534]]]}},{"type":"Feature","properties":{"name":"Peoria Transit On-Demand","boundary_type":"city","source":"Census TIGER place","fidelity":"exact","updated":"2026-09","units":"Peoria city","note":"City of Peoria microtransit service in Maricopa County","confidence":0.95},"geometry":{"type":"Polygon","coordinates":[[[-112.44708,33.82836],[-112.44706,33.83217],[-112.42975,33.82904],[-112.42964,33.85454],[-112.42971,33.86955],[-112.42957,33.88366],[-112.37739,33.88357],[-112.37747,33.825],[-112.37302,33.82608],[-112.37029,33.82729],[-112.36393,33.83086],[-112.35963,33.83286],[-112.35474,33.83446],[-112.34751,33.83572],[-112.34259,33.83589],[-112.34267,33.89733],[-112.34174,33.89735],[-112.34188,33.89896],[-112.34297,33.91193],[-112.34305,33.94096],[-112.32478,33.94065],[-112.32507,33.95509],[-112.3076,33.9553],[-112.30758,33.95708],[-112.28924,33.95673],[-112.2553,33.95714],[-112.25564,33.90543],[-112.2589,33.90504],[-112.26067,33.90398],[-112.26162,33.90233],[-112.26436,33.8992],[-112.22109,33.89925],[-112.22098,33.87434],[-112.22099,33.87398],[-112.22094,33.84008],[-112.22836,33.84302],[-112.23077,33.84297],[-112.23214,33.84147],[-112.23547,33.82802],[-112.23555,33.82771],[-112.23557,33.82762],[-112.23577,33.82682],[-112.25269,33.82688],[-112.2396,33.81238],[-112.23922,33.81238],[-112.23843,33.81238],[-112.23823,33.80882],[-112.23388,33.80882],[-112.23382,33.80526],[-112.22201,33.80498],[-112.21772,33.80475],[-112.2196,33.80052],[-112.21924,33.79767],[-112.21912,33.79339],[-112.22022,33.79191],[-112.2201,33.78867],[-112.22167,33.78371],[-112.22445,33.77891],[-112.22508,33.77792],[-112.22525,33.77504],[-112.22646,33.77434],[-112.22655,33.77356],[-112.22099,33.77121],[-112.2173,33.7645],[-112.21431,33.76135],[-112.20356,33.7613],[-112.20354,33.7519],[-112.20355,33.75134],[-112.20357,33.74935],[-112.20341,33.74855],[-112.20353,33.7395],[-112.20344,33.72504],[-112.20334,33.71807],[-112.20332,33.71229],[-112.20292,33.71204],[-112.20288,33.69772],[-112.20306,33.69628],[-112.21886,33.69627],[-112.22028,33.69629],[-112.22027,33.69626],[-112.22053,33.69619],[-112.22047,33.68809],[-112.22048,33.68792],[-112.22044,33.68171],[-112.22244,33.68158],[-112.2236,33.67805],[-112.22471,33.67718],[-112.23085,33.66639],[-112.23281,33.66327],[-112.23484,33.65993],[-112.23553,33.65633],[-112.23659,33.65272],[-112.23767,33.65253],[-112.23779,33.65253],[-112.23783,33.6419],[-112.24006,33.63852],[-112.23783,33.63967],[-112.23782,33.63816],[-112.23783,33.63808],[-112.23343,33.63795],[-112.22896,33.63795],[-112.22025,33.63801],[-112.21592,33.63805],[-112.21578,33.63568],[-112.2178,33.63468],[-112.21805,33.63269],[-112.21556,33.63052],[-112.21555,33.62841],[-112.21562,33.62822],[-112.21379,33.62637],[-112.21379,33.62482],[-112.21475,33.62481],[-112.21562,33.62485],[-112.21563,33.61769],[-112.2189,33.61765],[-112.2189,33.61941],[-112.21991,33.6194],[-112.21991,33.61763],[-112.21993,33.61398],[-112.21713,33.61315],[-112.21784,33.6158],[-112.21564,33.61583],[-112.21555,33.61461],[-112.21123,33.61409],[-112.21114,33.61952],[-112.20799,33.61953],[-112.20798,33.61782],[-112.20691,33.61787],[-112.2069,33.61413],[-112.20267,33.61418],[-112.20256,33.61418],[-112.20262,33.61061],[-112.20264,33.6063],[-112.20285,33.59621],[-112.20288,33.58897],[-112.20289,33.58749],[-112.20294,33.5817],[-112.20301,33.57446],[-112.20302,33.57118],[-112.20316,33.56715],[-112.20727,33.5671],[-112.2116,33.5671],[-112.2116,33.56685],[-112.21167,33.56018],[-112.21172,33.55562],[-112.21166,33.55407],[-112.21143,33.55259],[-112.21175,33.55258],[-112.2203,33.55233],[-112.23779,33.55192],[-112.23779,33.55197],[-112.24641,33.55193],[-112.255,33.55175],[-112.26643,33.55149],[-112.26654,33.5514],[-112.2669,33.55139],[-112.28972,33.55095],[-112.30676,33.55073],[-112.30676,33.55082],[-112.30679,33.55275],[-112.30692,33.56538],[-112.30022,33.5655],[-112.2985,33.56554],[-112.28979,33.56563],[-112.2841,33.56558],[-112.28114,33.56561],[-112.27614,33.56565],[-112.27426,33.56568],[-112.27248,33.56562],[-112.27246,33.56578],[-112.27249,33.56692],[-112.27249,33.56697],[-112.27248,33.5735],[-112.27248,33.58033],[-112.27248,33.58734],[-112.26385,33.58773],[-112.26388,33.59499],[-112.26376,33.60949],[-112.25708,33.60968],[-112.25702,33.62409],[-112.25485,33.62425],[-112.255,33.63796],[-112.25936,33.63804],[-112.25931,33.65262],[-112.26812,33.65262],[-112.27238,33.65263],[-112.27254,33.66714],[-112.27999,33.66723],[-112.28988,33.66724],[-112.28978,33.6526],[-112.2899,33.65259],[-112.29854,33.6525],[-112.30284,33.65245],[-112.30294,33.66702],[-112.29976,33.66712],[-112.29935,33.67432],[-112.29862,33.67703],[-112.29955,33.67639],[-112.29987,33.67797],[-112.30148,33.67795],[-112.30305,33.67793],[-112.30307,33.68015],[-112.30162,33.68158],[-112.30082,33.6816],[-112.29902,33.68068],[-112.29852,33.68042],[-112.29809,33.68149],[-112.29669,33.68685],[-112.29655,33.68721],[-112.29549,33.68963],[-112.2944,33.69188],[-112.29415,33.69267],[-112.28967,33.69271],[-112.28966,33.69453],[-112.28968,33.69561],[-112.28967,33.6962],[-112.28979,33.69966],[-112.28961,33.69817],[-112.28866,33.69816],[-112.28805,33.69916],[-112.28717,33.69915],[-112.28716,33.69816],[-112.28536,33.69863],[-112.28533,33.69639],[-112.28095,33.69627],[-112.27671,33.69669],[-112.2767,33.69808],[-112.27458,33.69806],[-112.27416,33.70074],[-112.27472,33.70074],[-112.27464,33.7035],[-112.27677,33.70352],[-112.27687,33.71064],[-112.27825,33.71064],[-112.27831,33.71196],[-112.28128,33.71301],[-112.28112,33.71065],[-112.28556,33.71076],[-112.28549,33.70718],[-112.28974,33.70721],[-112.29034,33.71088],[-112.29429,33.71082],[-112.29437,33.71325],[-112.30005,33.71323],[-112.30953,33.71325],[-112.30954,33.71406],[-112.30897,33.71406],[-112.30805,33.71425],[-112.30805,33.71411],[-112.29971,33.71425],[-112.2944,33.71431],[-112.29459,33.72057],[-112.29473,33.72494],[-112.29076,33.72494],[-112.29083,33.72865],[-112.28734,33.72868],[-112.28651,33.72989],[-112.2865,33.73968],[-112.28184,33.73966],[-112.27527,33.7396],[-112.27485,33.74782],[-112.27475,33.76098],[-112.27474,33.76846],[-112.2748,33.77956],[-112.27716,33.77952],[-112.28625,33.77958],[-112.28628,33.7724],[-112.28183,33.77233],[-112.28178,33.76884],[-112.28612,33.76891],[-112.28613,33.76539],[-112.28612,33.76161],[-112.28428,33.75873],[-112.28711,33.75518],[-112.28612,33.75436],[-112.28622,33.75066],[-112.29051,33.7507],[-112.29053,33.74707],[-112.29488,33.74701],[-112.29518,33.73965],[-112.2952,33.72977],[-112.29799,33.72494],[-112.30577,33.72494],[-112.30878,33.72494],[-112.30939,33.72494],[-112.31105,33.72495],[-112.31294,33.72494],[-112.32108,33.72493],[-112.32209,33.72493],[-112.32831,33.72492],[-112.32846,33.72492],[-112.32955,33.72361],[-112.33012,33.72344],[-112.33354,33.72386],[-112.33594,33.72371],[-112.34264,33.7209],[-112.34268,33.72487],[-112.34266,33.73128],[-112.35133,33.73127],[-112.35133,33.73851],[-112.36003,33.73853],[-112.36001,33.75303],[-112.36019,33.75303],[-112.36613,33.75304],[-112.38546,33.75306],[-112.387,33.75313],[-112.39463,33.75305],[-112.39474,33.75305],[-112.39474,33.75724],[-112.39475,33.76032],[-112.39475,33.76367],[-112.39475,33.76754],[-112.39475,33.76918],[-112.3948,33.78001],[-112.39484,33.78212],[-112.41228,33.78211],[-112.41247,33.78211],[-112.42109,33.78212],[-112.42356,33.78212],[-112.43918,33.78221],[-112.44705,33.7822],[-112.44704,33.78547],[-112.44703,33.7946],[-112.44709,33.80734],[-112.44707,33.81098],[-112.44708,33.82836]],[[-112.28146,33.71787],[-112.275,33.71786],[-112.27503,33.72142],[-112.27468,33.72484],[-112.27673,33.72483],[-112.27783,33.72301],[-112.27947,33.72302],[-112.27952,33.72482],[-112.28169,33.7246],[-112.28139,33.71426],[-112.28146,33.71787]],[[-112.26812,33.55875],[-112.26814,33.56573],[-112.27248,33.56559],[-112.27253,33.55856],[-112.26812,33.55875]],[[-112.26377,33.69623],[-112.25506,33.69624],[-112.25509,33.69748],[-112.25345,33.69642],[-112.25485,33.69625],[-112.25404,33.69612],[-112.25073,33.69611],[-112.24643,33.69609],[-112.24639,33.69257],[-112.25068,33.69259],[-112.25074,33.68899],[-112.25484,33.68902],[-112.25471,33.68192],[-112.24318,33.68178],[-112.24214,33.68254],[-112.24218,33.68528],[-112.24656,33.68534],[-112.24655,33.689],[-112.23783,33.68887],[-112.23785,33.69439],[-112.23987,33.69441],[-112.23987,33.69608],[-112.23792,33.69624],[-112.24039,33.69623],[-112.24038,33.69715],[-112.23882,33.69714],[-112.23782,33.69804],[-112.23777,33.70354],[-112.242,33.70356],[-112.24196,33.70532],[-112.24414,33.70496],[-112.24415,33.70347],[-112.25066,33.70347],[-112.25074,33.70546],[-112.25496,33.70549],[-112.25933,33.70546],[-112.25938,33.70357],[-112.27221,33.70348],[-112.2722,33.70056],[-112.27086,33.69988],[-112.27184,33.69891],[-112.27224,33.6962],[-112.26377,33.69623]],[[-112.23975,33.55449],[-112.23798,33.55421],[-112.23779,33.55217],[-112.23783,33.55701],[-112.24208,33.55648],[-112.24216,33.55262],[-112.23975,33.55449]],[[-112.23563,33.55749],[-112.23562,33.55794],[-112.23616,33.55792],[-112.23615,33.55838],[-112.23782,33.55834],[-112.23782,33.55743],[-112.23563,33.55749]],[[-112.23591,33.68896],[-112.22906,33.689],[-112.22906,33.69261],[-112.23754,33.69257],[-112.23751,33.68983],[-112.23591,33.68896]],[[-112.23314,33.61627],[-112.23313,33.61731],[-112.22876,33.6174],[-112.22876,33.61734],[-112.22013,33.61763],[-112.22002,33.61763],[-112.22001,33.62008],[-112.22874,33.61988],[-112.22868,33.62095],[-112.2331,33.62087],[-112.2373,33.62077],[-112.2374,33.61617],[-112.23314,33.61627]],[[-112.22041,33.55263],[-112.22061,33.55422],[-112.22256,33.55417],[-112.22255,33.55598],[-112.22475,33.55591],[-112.22474,33.55252],[-112.22041,33.55263]],[[-112.21352,33.61045],[-112.21354,33.61343],[-112.21455,33.61341],[-112.21456,33.61286],[-112.21567,33.61298],[-112.21569,33.61042],[-112.21352,33.61045]]]}},{"type":"Feature","properties":{"name":"SEAGO Area Transit","boundary_type":"county","source":"Census TIGER county","fidelity":"exact","updated":"2026-09","units":"Graham County","note":"Demand-response for Graham County per fleet notes; Safford and Thatcher are county-seat context","confidence":0.95},"geometry":{"type":"Polygon","coordinates":[[[-110.45299,33.29687],[-110.45,33.29745],[-110.44723,33.30029],[-110.44977,33.30465],[-110.44852,33.30683],[-110.44998,33.31122],[-110.44899,33.31312],[-110.45082,33.31632],[-110.44895,33.32101],[-110.44715,33.32287],[-110.44603,33.3239],[-110.44424,33.32638],[-110.44638,33.32966],[-110.4474,33.3338],[-110.44732,33.33944],[-110.44838,33.34203],[-110.44782,33.34458],[-110.44797,33.34693],[-110.44782,33.34814],[-110.44702,33.34972],[-110.44486,33.35063],[-110.4445,33.35238],[-110.44529,33.35437],[-110.44853,33.35673],[-110.45173,33.36156],[-110.45081,33.36477],[-110.4488,33.36615],[-110.44685,33.36601],[-110.44354,33.36755],[-110.44311,33.36784],[-110.44272,33.36988],[-110.44249,33.37078],[-110.44305,33.37831],[-110.44154,33.38167],[-110.4364,33.38453],[-110.43395,33.3852],[-110.43137,33.38708],[-110.42785,33.38831],[-110.42551,33.38749],[-110.4228,33.3858],[-110.42038,33.38542],[-110.41873,33.38631],[-110.41771,33.39212],[-110.41708,33.39324],[-110.41458,33.39513],[-110.41375,33.39742],[-110.41423,33.39995],[-110.41307,33.40155],[-110.4111,33.40106],[-110.41053,33.39989],[-110.40822,33.39946],[-110.40154,33.40264],[-110.39953,33.40152],[-110.39512,33.40443],[-110.39154,33.40378],[-110.38864,33.40266],[-110.38753,33.40342],[-110.38633,33.40656],[-110.38448,33.40705],[-110.3823,33.40644],[-110.38318,33.40491],[-110.38075,33.40273],[-110.37551,33.40176],[-110.36968,33.39959],[-110.36926,33.39686],[-110.367,33.39758],[-110.36609,33.40042],[-110.364,33.39832],[-110.36298,33.39822],[-110.35921,33.4006],[-110.358,33.40337],[-110.35638,33.4046],[-110.35286,33.40353],[-110.35136,33.40478],[-110.35194,33.40769],[-110.35003,33.40875],[-110.34723,33.40818],[-110.34854,33.41077],[-110.34608,33.41436],[-110.34589,33.4168],[-110.34777,33.41993],[-110.34689,33.42082],[-110.34295,33.42056],[-110.34156,33.4213],[-110.34131,33.42339],[-110.34273,33.42516],[-110.34119,33.42693],[-110.33786,33.42733],[-110.33572,33.42813],[-110.32957,33.42717],[-110.3232,33.43009],[-110.32158,33.43275],[-110.32015,33.43311],[-110.31852,33.43252],[-110.31309,33.43347],[-110.31166,33.43299],[-110.30945,33.43014],[-110.30697,33.43062],[-110.30542,33.43166],[-110.30405,33.43126],[-110.3031,33.42877],[-110.30069,33.42918],[-110.29713,33.42878],[-110.29238,33.42966],[-110.28857,33.43162],[-110.28631,33.43364],[-110.2808,33.4373],[-110.27937,33.43745],[-110.27725,33.4389],[-110.27672,33.4405],[-110.27226,33.44208],[-110.27095,33.44136],[-110.27088,33.43956],[-110.2679,33.43746],[-110.26567,33.43543],[-110.26321,33.43539],[-110.26106,33.43639],[-110.25725,33.43606],[-110.25567,33.43651],[-110.2542,33.43803],[-110.25216,33.43847],[-110.24984,33.43695],[-110.24743,33.43642],[-110.24377,33.43811],[-110.24142,33.4399],[-110.23968,33.44042],[-110.23805,33.44212],[-110.23619,33.44189],[-110.23506,33.44012],[-110.2339,33.43973],[-110.23229,33.44179],[-110.22946,33.44414],[-110.22717,33.44309],[-110.22736,33.44086],[-110.22602,33.44023],[-110.22195,33.44017],[-110.22013,33.43881],[-110.21965,33.43605],[-110.21902,33.4355],[-110.21534,33.43599],[-110.21356,33.43776],[-110.21089,33.44175],[-110.20882,33.44183],[-110.20787,33.44021],[-110.20628,33.43937],[-110.20391,33.4394],[-110.20079,33.44023],[-110.19914,33.44233],[-110.19784,33.44304],[-110.19662,33.44305],[-110.19123,33.44171],[-110.19035,33.44173],[-110.19011,33.44308],[-110.19248,33.44509],[-110.19308,33.44688],[-110.19285,33.44902],[-110.19101,33.45145],[-110.18972,33.45185],[-110.18843,33.45128],[-110.18542,33.44799],[-110.18349,33.44692],[-110.18187,33.44732],[-110.18241,33.44929],[-110.1803,33.44983],[-110.17678,33.4484],[-110.17243,33.45085],[-110.16918,33.45163],[-110.16891,33.45574],[-110.16951,33.45818],[-110.16777,33.46016],[-110.16898,33.46157],[-110.1686,33.46305],[-110.16982,33.46458],[-110.16969,33.46539],[-110.00065,33.46592],[-110.00065,33.57693],[-109.99853,33.57901],[-109.99754,33.58107],[-109.99597,33.58226],[-109.99509,33.58257],[-109.99247,33.58168],[-109.98842,33.58103],[-109.98386,33.57905],[-109.98218,33.57684],[-109.98108,33.57627],[-109.97268,33.57643],[-109.97047,33.57735],[-109.96852,33.5764],[-109.9685,33.5739],[-109.96767,33.57272],[-109.96636,33.57316],[-109.96647,33.57729],[-109.96606,33.5787],[-109.96364,33.57974],[-109.96228,33.5798],[-109.96046,33.57893],[-109.96019,33.57667],[-109.96108,33.57455],[-109.96013,33.57257],[-109.95766,33.57213],[-109.95361,33.57297],[-109.9501,33.57323],[-109.94833,33.57251],[-109.9449,33.57043],[-109.94275,33.56878],[-109.9411,33.56847],[-109.93796,33.57053],[-109.93506,33.57028],[-109.93015,33.56938],[-109.92767,33.56796],[-109.92444,33.56804],[-109.9235,33.56751],[-109.92255,33.568],[-109.92095,33.57003],[-109.9194,33.57104],[-109.91603,33.57487],[-109.91503,33.57553],[-109.91203,33.57592],[-109.90817,33.5753],[-109.90483,33.57509],[-109.9004,33.5754],[-109.89883,33.57495],[-109.89753,33.57296],[-109.89754,33.56924],[-109.89531,33.56739],[-109.89168,33.56787],[-109.88962,33.56874],[-109.88644,33.56809],[-109.88506,33.56828],[-109.88245,33.57128],[-109.88165,33.57132],[-109.88052,33.56696],[-109.87832,33.56492],[-109.87794,33.56398],[-109.87817,33.5595],[-109.87707,33.55903],[-109.87321,33.56224],[-109.87085,33.56301],[-109.86827,33.56205],[-109.86762,33.55972],[-109.86882,33.55812],[-109.86737,33.55643],[-109.86343,33.55356],[-109.86006,33.55143],[-109.85654,33.54858],[-109.85578,33.54621],[-109.85421,33.54521],[-109.85043,33.54738],[-109.84872,33.5487],[-109.84769,33.55018],[-109.84638,33.54901],[-109.84647,33.54785],[-109.8482,33.54524],[-109.85078,33.54202],[-109.8523,33.54079],[-109.85265,33.53931],[-109.85077,33.53514],[-109.85014,33.53461],[-109.84847,33.53467],[-109.84883,33.5366],[-109.84827,33.53797],[-109.84662,33.53958],[-109.84646,33.54047],[-109.84471,33.54091],[-109.84447,33.53938],[-109.8455,33.53648],[-109.84539,33.53468],[-109.84446,33.53336],[-109.84169,33.53078],[-109.83817,33.52918],[-109.83476,33.52999],[-109.8335,33.53183],[-109.83354,33.53504],[-109.83202,33.53596],[-109.83045,33.53526],[-109.82976,33.53198],[-109.82756,33.5305],[-109.82505,33.52966],[-109.82346,33.5275],[-109.82571,33.52448],[-109.82578,33.52213],[-109.82158,33.52166],[-109.8195,33.52098],[-109.81916,33.5189],[-109.82044,33.51831],[-109.82133,33.51681],[-109.82055,33.51436],[-109.82127,33.51206],[-109.82316,33.51075],[-109.8235,33.50947],[-109.82262,33.50888],[-109.81987,33.51036],[-109.81749,33.50988],[-109.8165,33.50802],[-109.81326,33.50524],[-109.81053,33.50475],[-109.8068,33.50479],[-109.80443,33.50392],[-109.80402,33.50319],[-109.80525,33.5005],[-109.80683,33.50012],[-109.80839,33.50063],[-109.81118,33.50076],[-109.81381,33.49959],[-109.81395,33.49851],[-109.81218,33.49737],[-109.81095,33.49833],[-109.80905,33.49865],[-109.80696,33.49805],[-109.80691,33.49658],[-109.80847,33.49525],[-109.80882,33.49224],[-109.80781,33.48943],[-109.80898,33.48884],[-109.81194,33.48915],[-109.81348,33.48601],[-109.81205,33.48358],[-109.80832,33.48495],[-109.80649,33.4849],[-109.80555,33.48411],[-109.80479,33.48212],[-109.80272,33.48189],[-109.80193,33.48288],[-109.80285,33.48526],[-109.8046,33.48736],[-109.80415,33.48814],[-109.80211,33.48886],[-109.79978,33.48831],[-109.7988,33.48558],[-109.79661,33.48376],[-109.79265,33.48526],[-109.79075,33.48464],[-109.79025,33.48376],[-109.78838,33.48275],[-109.78455,33.48174],[-109.7846,33.47915],[-109.78402,33.47656],[-109.78114,33.47646],[-109.77982,33.47708],[-109.77643,33.477],[-109.77207,33.47603],[-109.77044,33.47629],[-109.76727,33.47542],[-109.76256,33.47751],[-109.7618,33.47871],[-109.76217,33.48104],[-109.76078,33.48184],[-109.75827,33.48093],[-109.75322,33.48141],[-109.75091,33.48224],[-109.74769,33.48467],[-109.74618,33.48533],[-109.74584,33.48716],[-109.7466,33.48824],[-109.74593,33.49046],[-109.74234,33.49299],[-109.74186,33.49415],[-109.74229,33.49719],[-109.74409,33.50151],[-109.74404,33.50327],[-109.74178,33.50599],[-109.74058,33.50811],[-109.74062,33.50926],[-109.73964,33.51055],[-109.73646,33.51295],[-109.73179,33.51451],[-109.72982,33.51427],[-109.7283,33.51539],[-109.72809,33.51723],[-109.73029,33.51855],[-109.73146,33.52106],[-109.72891,33.52273],[-109.72585,33.52327],[-109.72414,33.52279],[-109.72395,33.52204],[-109.72531,33.5204],[-109.72338,33.51876],[-109.72149,33.51894],[-109.72104,33.51982],[-109.72228,33.52216],[-109.71778,33.52439],[-109.7131,33.52519],[-109.71292,33.52661],[-109.71479,33.52767],[-109.71618,33.52925],[-109.71638,33.5306],[-109.71556,33.53135],[-109.70946,33.53116],[-109.70748,33.5319],[-109.70651,33.5345],[-109.70783,33.53638],[-109.70763,33.53871],[-109.70659,33.53987],[-109.70426,33.53971],[-109.70221,33.53545],[-109.70058,33.53498],[-109.69882,33.53571],[-109.69764,33.53697],[-109.69655,33.53919],[-109.6942,33.53996],[-109.6927,33.53936],[-109.69095,33.53982],[-109.69093,33.54155],[-109.6901,33.54211],[-109.68583,33.54294],[-109.68477,33.54353],[-109.68125,33.54793],[-109.67928,33.55097],[-109.67864,33.5532],[-109.67944,33.55534],[-109.67848,33.55703],[-109.67091,33.55453],[-109.66785,33.55459],[-109.66523,33.55532],[-109.66478,33.55685],[-109.6658,33.55798],[-109.67194,33.55934],[-109.67225,33.5605],[-109.67052,33.56509],[-109.67066,33.56712],[-109.67283,33.56835],[-109.67514,33.56794],[-109.6765,33.56887],[-109.67452,33.57075],[-109.67422,33.57164],[-109.67553,33.57324],[-109.67197,33.57478],[-109.66901,33.57656],[-109.6676,33.57826],[-109.66479,33.57965],[-109.6629,33.57953],[-109.66077,33.57863],[-109.65967,33.58032],[-109.66062,33.58359],[-109.65647,33.58433],[-109.6546,33.58411],[-109.6539,33.58331],[-109.65242,33.58325],[-109.6458,33.58519],[-109.64521,33.58589],[-109.64351,33.58596],[-109.63575,33.58455],[-109.63416,33.58487],[-109.63235,33.58443],[-109.63099,33.58495],[-109.63047,33.58743],[-109.62881,33.5887],[-109.62622,33.58964],[-109.62493,33.58906],[-109.62322,33.58422],[-109.62163,33.58324],[-109.61963,33.58406],[-109.61957,33.58579],[-109.61833,33.58817],[-109.61689,33.59252],[-109.61482,33.59474],[-109.61346,33.5946],[-109.61203,33.59278],[-109.61001,33.59283],[-109.60931,33.5935],[-109.60876,33.59614],[-109.60704,33.59842],[-109.60416,33.60138],[-109.60618,33.60509],[-109.60694,33.60748],[-109.60548,33.61162],[-109.60288,33.61288],[-109.60061,33.61107],[-109.59838,33.61029],[-109.59849,33.61305],[-109.59506,33.61442],[-109.59217,33.61488],[-109.58959,33.61638],[-109.58709,33.61554],[-109.58558,33.61284],[-109.58174,33.61285],[-109.58009,33.61402],[-109.5798,33.61604],[-109.58217,33.61687],[-109.58234,33.61781],[-109.57917,33.61854],[-109.57795,33.61767],[-109.57695,33.61798],[-109.57241,33.6211],[-109.57191,33.62195],[-109.56808,33.6225],[-109.56767,33.62324],[-109.56549,33.62417],[-109.5618,33.62629],[-109.55939,33.62642],[-109.55682,33.62388],[-109.55509,33.62018],[-109.55355,33.61984],[-109.55015,33.62157],[-109.54659,33.6209],[-109.54614,33.62024],[-109.54695,33.61883],[-109.54603,33.61749],[-109.54377,33.61674],[-109.54313,33.6178],[-109.54362,33.61943],[-109.54158,33.61995],[-109.54082,33.62252],[-109.54124,33.62375],[-109.54013,33.62468],[-109.53835,33.62467],[-109.53456,33.62005],[-109.52982,33.61868],[-109.52518,33.61864],[-109.52474,33.62001],[-109.52567,33.62201],[-109.52818,33.62292],[-109.52621,33.62589],[-109.52416,33.62711],[-109.52342,33.62955],[-109.52253,33.63089],[-109.52065,33.63241],[-109.51962,33.63399],[-109.51744,33.63464],[-109.51797,33.63604],[-109.51762,33.63871],[-109.51863,33.64069],[-109.51944,33.64387],[-109.5195,33.6458],[-109.51817,33.64589],[-109.5176,33.64343],[-109.5156,33.64324],[-109.51483,33.64171],[-109.51395,33.64163],[-109.51184,33.64219],[-109.5118,33.64448],[-109.50992,33.64507],[-109.50855,33.64418],[-109.50606,33.64344],[-109.50439,33.64373],[-109.50258,33.64577],[-109.50281,33.64998],[-109.50241,33.65068],[-109.50062,33.65085],[-109.50116,33.65209],[-109.50006,33.65275],[-109.49668,33.65244],[-109.49544,33.6527],[-109.49544,33.64168],[-109.49555,33.64],[-109.4957,33.18048],[-109.49574,33.07841],[-109.48747,33.06656],[-109.42543,32.97684],[-109.33806,32.84999],[-109.33342,32.84327],[-109.31815,32.84278],[-109.26701,32.77093],[-109.25237,32.75024],[-109.24817,32.75022],[-109.24515,32.74206],[-109.21383,32.68066],[-109.21296,32.65363],[-109.20625,32.6358],[-109.21043,32.62507],[-109.21108,32.62296],[-109.21948,32.60169],[-109.21126,32.58429],[-109.22595,32.54303],[-109.22616,32.53895],[-109.22607,32.5291],[-109.17615,32.48423],[-109.17511,32.48217],[-109.16509,32.47264],[-109.14221,32.45207],[-109.11418,32.42635],[-109.22774,32.42635],[-109.22775,32.42475],[-109.33012,32.42581],[-109.43207,32.42757],[-109.66316,32.42668],[-109.67107,32.4267],[-109.67363,32.4267],[-109.72247,32.42683],[-109.73998,32.42687],[-109.74204,32.42709],[-109.78949,32.4271],[-109.84017,32.42711],[-110.12867,32.42676],[-110.25126,32.4266],[-110.34897,32.42639],[-110.34899,32.42765],[-110.451,32.42755],[-110.45152,32.514],[-110.44923,32.514],[-110.44862,32.70226],[-110.44853,32.77116],[-110.44848,32.94748],[-110.44936,32.94748],[-110.44939,32.98742],[-110.44939,32.98818],[-110.44939,32.99016],[-110.44902,33.19453],[-110.44696,33.19213],[-110.44643,33.18985],[-110.4414,33.18887],[-110.43693,33.18768],[-110.43558,33.18918],[-110.43263,33.18771],[-110.43016,33.18959],[-110.42974,33.19098],[-110.42638,33.19218],[-110.42061,33.19358],[-110.41962,33.19112],[-110.41686,33.19157],[-110.41594,33.19249],[-110.41377,33.19173],[-110.40859,33.19204],[-110.40643,33.19448],[-110.4046,33.19747],[-110.40378,33.19626],[-110.40154,33.19661],[-110.40051,33.19838],[-110.40305,33.20151],[-110.40527,33.20402],[-110.4082,33.2042],[-110.41047,33.20605],[-110.41238,33.20853],[-110.4139,33.21156],[-110.41709,33.21306],[-110.41871,33.21471],[-110.42094,33.21597],[-110.42159,33.21719],[-110.41999,33.22119],[-110.42064,33.22223],[-110.4176,33.2231],[-110.41707,33.22682],[-110.41841,33.22806],[-110.42215,33.22867],[-110.42386,33.23042],[-110.42765,33.23594],[-110.43236,33.23678],[-110.43524,33.23919],[-110.43635,33.24463],[-110.43679,33.25129],[-110.44019,33.25359],[-110.44383,33.25553],[-110.44491,33.25848],[-110.44349,33.26218],[-110.4466,33.26328],[-110.44852,33.26524],[-110.44916,33.26848],[-110.44833,33.27068],[-110.4492,33.2744],[-110.45138,33.27723],[-110.45176,33.27915],[-110.45218,33.28051],[-110.45508,33.28215],[-110.4549,33.28391],[-110.45342,33.28708],[-110.45338,33.29063],[-110.45701,33.29142],[-110.45814,33.29377],[-110.45719,33.29527],[-110.45299,33.29687]]]}},{"type":"Feature","properties":{"name":"Sedona Shuttle Connect","boundary_type":"city","source":"Census TIGER place","fidelity":"exact","updated":"2026-09","units":"Sedona city","note":"City-operated shuttle service within Sedona city limits.","confidence":0.95},"geometry":{"type":"Polygon","coordinates":[[[-111.83868,34.85438],[-111.83982,34.87553],[-111.83954,34.89021],[-111.82351,34.89021],[-111.8196,34.89011],[-111.81957,34.88149],[-111.81764,34.8815],[-111.81538,34.88227],[-111.8154,34.87958],[-111.81653,34.87957],[-111.81655,34.87572],[-111.80881,34.87572],[-111.80875,34.87938],[-111.80432,34.8794],[-111.80427,34.88297],[-111.79574,34.88296],[-111.7954,34.88449],[-111.7954,34.88506],[-111.77767,34.88458],[-111.76638,34.88447],[-111.74339,34.88434],[-111.74312,34.87625],[-111.74289,34.86532],[-111.75657,34.86529],[-111.7565,34.86352],[-111.7586,34.86351],[-111.75856,34.85988],[-111.76077,34.85989],[-111.76042,34.85094],[-111.75823,34.85088],[-111.7581,34.8465],[-111.7581,34.83276],[-111.76032,34.83273],[-111.76035,34.81807],[-111.77999,34.81812],[-111.78819,34.81809],[-111.78802,34.82537],[-111.79588,34.82556],[-111.79626,34.83088],[-111.79357,34.83238],[-111.78849,34.83289],[-111.78728,34.8359],[-111.78516,34.83729],[-111.78517,34.83849],[-111.78513,34.84007],[-111.7873,34.84006],[-111.80604,34.84006],[-111.82411,34.83991],[-111.84644,34.83966],[-111.84656,34.84576],[-111.84743,34.85428],[-111.83868,34.85438]]]}},{"type":"Feature","properties":{"name":"Sun On Demand","boundary_type":"city","source":"Census TIGER place","fidelity":"approximate","updated":"2026-09","units":"Tucson city","note":"Zone-based microtransit complementing fixed routes; specific zone coverage not detailed","confidence":0.7},"geometry":{"type":"Polygon","coordinates":[[[-111.05446,32.2068],[-111.05446,32.21097],[-111.05446,32.21411],[-111.05272,32.21411],[-111.05246,32.21574],[-111.0533,32.21631],[-111.05,32.2181],[-111.04492,32.21601],[-111.04487,32.21951],[-111.04595,32.2194],[-111.04595,32.22144],[-111.04168,32.22142],[-111.04169,32.22326],[-111.04381,32.22325],[-111.04382,32.22508],[-111.0417,32.22508],[-111.04172,32.22863],[-111.04044,32.22856],[-111.0396,32.22781],[-111.03959,32.22509],[-111.04034,32.22509],[-111.04032,32.22271],[-111.03744,32.22272],[-111.03745,32.22518],[-111.03738,32.23634],[-111.03747,32.23637],[-111.03755,32.24152],[-111.03747,32.24364],[-111.03771,32.24557],[-111.03602,32.24998],[-111.03357,32.25062],[-111.02907,32.25061],[-111.02907,32.2507],[-111.02892,32.25648],[-111.02894,32.25665],[-111.02895,32.25836],[-111.02893,32.26064],[-111.03101,32.26063],[-111.0333,32.26199],[-111.03524,32.26473],[-111.0373,32.26541],[-111.03745,32.27609],[-111.03323,32.2761],[-111.03315,32.27873],[-111.03394,32.27974],[-111.04368,32.29425],[-111.04624,32.29423],[-111.04643,32.29784],[-111.05047,32.29782],[-111.05038,32.3039],[-111.05036,32.30506],[-111.04609,32.30506],[-111.04604,32.3087],[-111.04274,32.30888],[-111.04375,32.31207],[-111.0432,32.31235],[-111.04443,32.31578],[-111.04467,32.31646],[-111.04436,32.31653],[-111.04489,32.31818],[-111.04594,32.31967],[-111.04406,32.32091],[-111.0426,32.3209],[-111.04247,32.31964],[-111.03978,32.31963],[-111.03971,32.31771],[-111.03789,32.3177],[-111.03742,32.31599],[-111.03743,32.31236],[-111.02877,32.31239],[-111.02892,32.31076],[-111.02892,32.30995],[-111.02892,32.30948],[-111.02887,32.30785],[-111.02922,32.30723],[-111.03444,32.30875],[-111.03603,32.30984],[-111.04103,32.30992],[-111.03807,32.30633],[-111.03935,32.3056],[-111.03998,32.30525],[-111.03377,32.29763],[-111.02579,32.28926],[-111.01979,32.28188],[-111.01802,32.27989],[-111.01714,32.2798],[-111.01618,32.2798],[-111.01761,32.28163],[-111.01495,32.28171],[-111.01181,32.2817],[-111.00337,32.28144],[-111.00335,32.27959],[-110.99921,32.27947],[-110.99909,32.27947],[-110.99924,32.28312],[-110.99742,32.28308],[-110.99737,32.28099],[-110.99523,32.28094],[-110.99522,32.2794],[-110.99496,32.27939],[-110.99311,32.27936],[-110.99292,32.27936],[-110.98665,32.27926],[-110.98669,32.28509],[-110.9895,32.28512],[-110.98999,32.28672],[-110.9868,32.28748],[-110.9867,32.29371],[-110.98621,32.2955],[-110.98306,32.29532],[-110.98106,32.29741],[-110.97999,32.30112],[-110.97854,32.30102],[-110.97833,32.30102],[-110.97625,32.30116],[-110.97624,32.29859],[-110.97805,32.29731],[-110.978,32.29469],[-110.97525,32.29367],[-110.97244,32.2916],[-110.97293,32.29558],[-110.97398,32.29698],[-110.97398,32.30057],[-110.96968,32.3011],[-110.9697,32.29745],[-110.96832,32.29801],[-110.96753,32.29627],[-110.96807,32.29623],[-110.96971,32.29565],[-110.96972,32.29183],[-110.96672,32.29235],[-110.96119,32.29118],[-110.96117,32.29538],[-110.96199,32.29562],[-110.9639,32.2959],[-110.96424,32.29938],[-110.96096,32.29749],[-110.96075,32.29749],[-110.96087,32.29898],[-110.95948,32.29944],[-110.95996,32.2975],[-110.95669,32.29751],[-110.95671,32.30085],[-110.95534,32.30171],[-110.95353,32.3018],[-110.95372,32.2996],[-110.95492,32.29859],[-110.95416,32.29655],[-110.95592,32.293],[-110.95592,32.29266],[-110.95459,32.29271],[-110.95402,32.29267],[-110.95351,32.29258],[-110.95228,32.29203],[-110.95005,32.29149],[-110.94871,32.29088],[-110.94709,32.28918],[-110.94659,32.2894],[-110.94386,32.28792],[-110.94386,32.28716],[-110.94383,32.2857],[-110.94381,32.28485],[-110.94156,32.28365],[-110.94158,32.28572],[-110.9415,32.28698],[-110.93958,32.28686],[-110.93955,32.28573],[-110.93957,32.28221],[-110.93878,32.28221],[-110.93898,32.28303],[-110.93642,32.28651],[-110.93516,32.28596],[-110.93292,32.28527],[-110.93269,32.28545],[-110.92775,32.28397],[-110.92688,32.28338],[-110.92688,32.28158],[-110.92578,32.27979],[-110.92578,32.27952],[-110.92555,32.27952],[-110.92468,32.27952],[-110.92467,32.27554],[-110.92427,32.2731],[-110.92036,32.27161],[-110.92035,32.27099],[-110.92031,32.26869],[-110.91581,32.26873],[-110.9158,32.26523],[-110.90985,32.26523],[-110.90982,32.26875],[-110.91434,32.26874],[-110.91428,32.27121],[-110.91416,32.27585],[-110.90961,32.27585],[-110.90594,32.27748],[-110.90116,32.2777],[-110.89902,32.27686],[-110.8977,32.27488],[-110.89275,32.27174],[-110.89249,32.27091],[-110.88225,32.26795],[-110.88145,32.26792],[-110.8753,32.26891],[-110.87506,32.2689],[-110.87505,32.26958],[-110.8751,32.27348],[-110.87348,32.27339],[-110.86966,32.27378],[-110.86833,32.27047],[-110.86663,32.26885],[-110.86661,32.26835],[-110.86659,32.26789],[-110.8687,32.26885],[-110.87093,32.26995],[-110.87169,32.27004],[-110.87206,32.27006],[-110.87205,32.26764],[-110.86854,32.26346],[-110.86661,32.25966],[-110.86651,32.25793],[-110.86587,32.25606],[-110.86553,32.25659],[-110.86542,32.25607],[-110.86287,32.25397],[-110.86092,32.25364],[-110.86032,32.25319],[-110.85987,32.25362],[-110.85901,32.25315],[-110.85795,32.25228],[-110.85794,32.25065],[-110.85403,32.25063],[-110.85098,32.2507],[-110.8452,32.25065],[-110.84344,32.25076],[-110.84358,32.25262],[-110.84088,32.25269],[-110.84113,32.25806],[-110.84112,32.26143],[-110.84108,32.2643],[-110.83475,32.2636],[-110.83243,32.26273],[-110.83243,32.26168],[-110.82813,32.26168],[-110.82474,32.26],[-110.81944,32.25997],[-110.81909,32.2602],[-110.81513,32.26111],[-110.81358,32.26214],[-110.81094,32.26145],[-110.81082,32.26359],[-110.80653,32.26361],[-110.80654,32.26633],[-110.80485,32.26632],[-110.80488,32.26752],[-110.80248,32.26752],[-110.8025,32.26903],[-110.79791,32.269],[-110.79795,32.26532],[-110.802,32.26537],[-110.80215,32.26173],[-110.80062,32.26172],[-110.80055,32.26299],[-110.798,32.26275],[-110.79924,32.26365],[-110.79896,32.26485],[-110.79572,32.26283],[-110.79725,32.26172],[-110.79369,32.2617],[-110.79372,32.25596],[-110.78415,32.2514],[-110.78126,32.25092],[-110.77639,32.25095],[-110.77642,32.25378],[-110.77515,32.25522],[-110.77222,32.25523],[-110.77206,32.2524],[-110.76905,32.25239],[-110.76797,32.25459],[-110.76796,32.25213],[-110.76561,32.25204],[-110.76561,32.2546],[-110.76368,32.25461],[-110.76388,32.25824],[-110.76026,32.25824],[-110.75497,32.2584],[-110.75495,32.25563],[-110.75939,32.25462],[-110.75934,32.25096],[-110.76713,32.25094],[-110.76804,32.25039],[-110.76808,32.24645],[-110.76885,32.24646],[-110.76901,32.24445],[-110.76707,32.24445],[-110.76723,32.24271],[-110.76419,32.24273],[-110.76423,32.23978],[-110.76612,32.23908],[-110.77264,32.23912],[-110.77265,32.23821],[-110.77267,32.23544],[-110.75568,32.23546],[-110.75317,32.23546],[-110.75326,32.22817],[-110.7558,32.22817],[-110.7558,32.22086],[-110.75597,32.22085],[-110.75566,32.20631],[-110.75567,32.19376],[-110.75825,32.19216],[-110.76208,32.19132],[-110.76944,32.19181],[-110.76947,32.18815],[-110.77269,32.18818],[-110.7727,32.17721],[-110.7727,32.17713],[-110.75565,32.17713],[-110.75571,32.16992],[-110.75083,32.16998],[-110.75085,32.16807],[-110.74653,32.16716],[-110.74651,32.16267],[-110.75502,32.16276],[-110.75503,32.15686],[-110.75091,32.15685],[-110.75093,32.15547],[-110.73806,32.15554],[-110.73824,32.15249],[-110.73437,32.15246],[-110.73402,32.15151],[-110.73828,32.15188],[-110.74784,32.15095],[-110.74788,32.14822],[-110.74472,32.14822],[-110.74262,32.14635],[-110.74264,32.14485],[-110.74343,32.14453],[-110.7469,32.14454],[-110.74685,32.13738],[-110.74687,32.12982],[-110.74423,32.12981],[-110.74278,32.1298],[-110.74283,32.12734],[-110.74362,32.12698],[-110.74652,32.12584],[-110.74972,32.12146],[-110.75176,32.11971],[-110.75338,32.1193],[-110.77268,32.1192],[-110.77268,32.11894],[-110.77268,32.11879],[-110.74964,32.11907],[-110.75048,32.11955],[-110.74685,32.12472],[-110.74542,32.12569],[-110.74534,32.12582],[-110.74354,32.12659],[-110.74284,32.12688],[-110.73862,32.12621],[-110.73865,32.12164],[-110.73866,32.1191],[-110.73795,32.1191],[-110.73408,32.11898],[-110.7342,32.10835],[-110.7342,32.10796],[-110.73337,32.10795],[-110.72996,32.10794],[-110.73,32.10023],[-110.73001,32.0995],[-110.73004,32.09713],[-110.72537,32.09709],[-110.72144,32.09705],[-110.72147,32.08976],[-110.7215,32.0827],[-110.72151,32.08204],[-110.72154,32.07533],[-110.7189,32.07531],[-110.71888,32.07036],[-110.71555,32.06249],[-110.72016,32.06291],[-110.72313,32.06273],[-110.73159,32.06305],[-110.73165,32.06634],[-110.73584,32.06635],[-110.73583,32.06991],[-110.74005,32.06994],[-110.74003,32.07538],[-110.74435,32.07541],[-110.74436,32.07355],[-110.7486,32.07359],[-110.74858,32.07543],[-110.75949,32.07545],[-110.76421,32.07566],[-110.7642,32.07705],[-110.76848,32.07947],[-110.76847,32.0827],[-110.77269,32.0827],[-110.77267,32.07387],[-110.76535,32.07379],[-110.76531,32.0665],[-110.75678,32.06641],[-110.75677,32.07016],[-110.75295,32.07012],[-110.75299,32.06651],[-110.74868,32.06646],[-110.74871,32.06275],[-110.74208,32.06276],[-110.73985,32.06251],[-110.73987,32.05904],[-110.7359,32.05907],[-110.73592,32.0555],[-110.7274,32.05543],[-110.72741,32.05182],[-110.72318,32.05179],[-110.72322,32.04115],[-110.71622,32.04109],[-110.7074,32.04107],[-110.70621,32.04011],[-110.70626,32.03409],[-110.71876,32.03411],[-110.71883,32.03388],[-110.73082,32.03383],[-110.75699,32.03407],[-110.77382,32.03413],[-110.77379,32.05112],[-110.77389,32.05193],[-110.77586,32.05573],[-110.79952,32.05584],[-110.79955,32.04864],[-110.80803,32.0486],[-110.80815,32.01961],[-110.79107,32.01986],[-110.77836,32.01966],[-110.77833,32.02316],[-110.77386,32.02311],[-110.77399,31.99648],[-110.77385,31.9945],[-110.77241,31.99052],[-110.85817,31.99059],[-110.85899,31.99059],[-110.85882,32.00124],[-110.92756,32.00151],[-110.92746,32.01607],[-110.94012,32.01608],[-110.94023,32.02335],[-110.94465,32.02338],[-110.94463,32.02947],[-110.94463,32.03039],[-110.94468,32.04527],[-110.94891,32.04525],[-110.94896,32.04884],[-110.95098,32.04883],[-110.95323,32.05541],[-110.95329,32.05966],[-110.9275,32.05951],[-110.9275,32.06697],[-110.92748,32.07578],[-110.9561,32.07574],[-110.95617,32.07722],[-110.95786,32.07722],[-110.95805,32.08019],[-110.95651,32.08023],[-110.95633,32.09024],[-110.95833,32.09023],[-110.95862,32.09235],[-110.95937,32.10516],[-110.95616,32.10512],[-110.95619,32.10643],[-110.95964,32.10645],[-110.95986,32.1108],[-110.95987,32.11095],[-110.94106,32.11083],[-110.93861,32.10867],[-110.93666,32.107],[-110.93774,32.10609],[-110.93686,32.10534],[-110.93114,32.10536],[-110.91995,32.0959],[-110.91526,32.09973],[-110.92125,32.10494],[-110.90919,32.10489],[-110.90909,32.09337],[-110.90907,32.09056],[-110.89637,32.09039],[-110.89644,32.08306],[-110.90065,32.08308],[-110.90067,32.07572],[-110.89308,32.07572],[-110.89308,32.07076],[-110.89248,32.0738],[-110.89244,32.07572],[-110.88004,32.07572],[-110.88016,32.06744],[-110.87654,32.06741],[-110.87666,32.05956],[-110.8931,32.05955],[-110.89309,32.06141],[-110.91028,32.06147],[-110.91029,32.04623],[-110.91042,32.04512],[-110.9105,32.03072],[-110.85896,32.03039],[-110.85883,32.04493],[-110.85494,32.04493],[-110.85497,32.04145],[-110.8463,32.04144],[-110.84632,32.04508],[-110.84211,32.04508],[-110.84211,32.04868],[-110.85863,32.04876],[-110.8587,32.05934],[-110.87596,32.05956],[-110.87574,32.07573],[-110.87491,32.07573],[-110.87501,32.09026],[-110.85797,32.09035],[-110.85796,32.09291],[-110.85469,32.09287],[-110.85472,32.09031],[-110.84102,32.09013],[-110.82718,32.09011],[-110.81885,32.0901],[-110.80926,32.08438],[-110.80757,32.08396],[-110.80441,32.08374],[-110.80425,32.08445],[-110.80419,32.0953],[-110.80513,32.0957],[-110.80951,32.09556],[-110.81004,32.09634],[-110.80997,32.10232],[-110.81401,32.10469],[-110.81289,32.10469],[-110.82412,32.11116],[-110.82399,32.12567],[-110.82392,32.12563],[-110.82384,32.13271],[-110.83092,32.13277],[-110.83201,32.13009],[-110.83249,32.12883],[-110.83249,32.11573],[-110.84103,32.12038],[-110.83947,32.11884],[-110.83947,32.11541],[-110.82374,32.10662],[-110.82378,32.0932],[-110.83464,32.10005],[-110.83723,32.10227],[-110.8389,32.10469],[-110.84211,32.10472],[-110.84469,32.10478],[-110.85797,32.10524],[-110.87505,32.10489],[-110.87506,32.09757],[-110.89223,32.09756],[-110.8922,32.11941],[-110.89194,32.12174],[-110.89197,32.13439],[-110.89172,32.13439],[-110.89199,32.13563],[-110.89211,32.14267],[-110.89544,32.14843],[-110.89312,32.14901],[-110.89004,32.14643],[-110.88783,32.14268],[-110.88615,32.14075],[-110.88294,32.13871],[-110.88034,32.13789],[-110.87983,32.13931],[-110.87805,32.14059],[-110.87496,32.13883],[-110.87502,32.14157],[-110.87512,32.14868],[-110.87722,32.14872],[-110.87721,32.15042],[-110.87723,32.15044],[-110.8794,32.15047],[-110.87942,32.1522],[-110.88147,32.15224],[-110.88146,32.15408],[-110.8835,32.1541],[-110.88348,32.15598],[-110.88463,32.15769],[-110.88677,32.1577],[-110.88675,32.15945],[-110.88888,32.1595],[-110.88887,32.16127],[-110.89094,32.16127],[-110.89098,32.16298],[-110.89098,32.16304],[-110.89204,32.16304],[-110.89205,32.16325],[-110.89229,32.16325],[-110.89229,32.16302],[-110.8921,32.15461],[-110.89239,32.15325],[-110.89219,32.14921],[-110.89602,32.15125],[-110.90587,32.15694],[-110.90772,32.15917],[-110.90798,32.16313],[-110.90804,32.16613],[-110.90655,32.16549],[-110.90652,32.16465],[-110.90501,32.16493],[-110.90298,32.16465],[-110.90299,32.16556],[-110.90087,32.16535],[-110.90012,32.16464],[-110.90012,32.16307],[-110.89645,32.16306],[-110.89639,32.16757],[-110.89883,32.17051],[-110.90069,32.17053],[-110.90071,32.17238],[-110.90284,32.1724],[-110.90286,32.17423],[-110.90499,32.17428],[-110.90502,32.17614],[-110.90838,32.17618],[-110.9084,32.17711],[-110.90714,32.1771],[-110.90715,32.17795],[-110.90829,32.17798],[-110.90853,32.1852],[-110.90919,32.18943],[-110.90928,32.19515],[-110.9093,32.1962],[-110.91001,32.19466],[-110.91236,32.19312],[-110.91355,32.19261],[-110.91863,32.19253],[-110.92092,32.19254],[-110.91795,32.19096],[-110.91789,32.1881],[-110.92222,32.18419],[-110.92641,32.18358],[-110.92636,32.17799],[-110.92633,32.17065],[-110.92131,32.17065],[-110.92081,32.16871],[-110.91765,32.16874],[-110.91763,32.16699],[-110.92177,32.167],[-110.92196,32.16479],[-110.92632,32.16724],[-110.92628,32.16319],[-110.9263,32.15754],[-110.92629,32.15061],[-110.92629,32.14879],[-110.92627,32.14696],[-110.92619,32.14143],[-110.91773,32.14155],[-110.91773,32.14152],[-110.91255,32.14156],[-110.91257,32.14524],[-110.9095,32.14566],[-110.9095,32.14701],[-110.9174,32.15194],[-110.91614,32.15498],[-110.91605,32.1561],[-110.91269,32.15609],[-110.90928,32.15432],[-110.90908,32.1543],[-110.909,32.14749],[-110.90793,32.14601],[-110.90339,32.14291],[-110.90576,32.1428],[-110.90577,32.14046],[-110.90114,32.14049],[-110.90112,32.1377],[-110.89626,32.13469],[-110.89638,32.13435],[-110.89289,32.13438],[-110.89307,32.11942],[-110.90068,32.11955],[-110.90066,32.11388],[-110.90251,32.11391],[-110.90727,32.11804],[-110.90934,32.11807],[-110.90937,32.10858],[-110.92613,32.10874],[-110.94004,32.11955],[-110.9603,32.11954],[-110.96076,32.11954],[-110.96781,32.11952],[-110.97757,32.11944],[-110.98887,32.11935],[-110.99198,32.11933],[-111.00319,32.11933],[-111.00319,32.11957],[-111.00507,32.11962],[-111.00524,32.12145],[-111.00693,32.12155],[-111.00705,32.12308],[-111.00311,32.12306],[-111.0035,32.128],[-111.00316,32.13118],[-111.00537,32.13178],[-111.00756,32.1318],[-111.00761,32.12779],[-111.01133,32.12781],[-111.01178,32.12781],[-111.01168,32.14034],[-111.01159,32.14841],[-111.01305,32.14841],[-111.01211,32.15046],[-111.00876,32.15321],[-111.00711,32.15937],[-111.00695,32.16],[-111.00619,32.1664],[-111.00742,32.16678],[-111.01169,32.16685],[-111.01167,32.17045],[-111.00523,32.17051],[-111.00497,32.16963],[-111.00491,32.16969],[-111.00325,32.1723],[-111.00278,32.17417],[-111.01165,32.17417],[-111.01188,32.1779],[-111.01188,32.1782],[-111.01591,32.17786],[-111.01597,32.18511],[-111.04595,32.18489],[-111.04602,32.19952],[-111.05449,32.19951],[-111.05448,32.2031],[-111.0588,32.2031],[-111.05873,32.20679],[-111.05446,32.2068]],[[-110.97754,32.18851],[-110.97472,32.18852],[-110.97243,32.1888],[-110.9616,32.18606],[-110.96163,32.19234],[-110.96116,32.19555],[-110.96093,32.19715],[-110.96092,32.19959],[-110.96089,32.20321],[-110.96539,32.20322],[-110.96846,32.2032],[-110.97307,32.20318],[-110.97761,32.20316],[-110.97759,32.1995],[-110.97754,32.18851]],[[-110.85382,32.14145],[-110.85382,32.13762],[-110.84956,32.13753],[-110.84958,32.13397],[-110.84045,32.13365],[-110.84113,32.13423],[-110.84113,32.13735],[-110.8452,32.13745],[-110.84519,32.13948],[-110.84317,32.13944],[-110.84315,32.141],[-110.84102,32.14094],[-110.84101,32.14433],[-110.84771,32.14844],[-110.85193,32.14849],[-110.85191,32.14985],[-110.85349,32.15002],[-110.8558,32.15006],[-110.85793,32.14993],[-110.85795,32.14155],[-110.85382,32.14145]]]}},{"type":"Feature","properties":{"name":"Sun Shuttle - Green Valley","boundary_type":"places","source":"Census TIGER place","fidelity":"exact","updated":"2026-09","units":"Green Valley CDP; Sahuarita town","note":"Two-town service area in southern Pima County. Green Valley and Sahuarita are both established communities south of Tucson.","confidence":0.9},"geometry":{"type":"Polygon","coordinates":[[[-111.03327,31.80387],[-111.02976,31.81096],[-111.02308,31.82453],[-111.02176,31.82684],[-111.02217,31.82842],[-111.00912,31.85279],[-111.01257,31.85321],[-111.01359,31.85232],[-111.01772,31.85308],[-111.01821,31.85693],[-111.01793,31.86092],[-111.01785,31.87596],[-111.01806,31.8814],[-111.01597,31.88496],[-111.01269,31.88928],[-111.01177,31.89006],[-111.01176,31.89044],[-111.00868,31.89238],[-111.00429,31.89523],[-111.00411,31.89633],[-111.00361,31.89743],[-111.00342,31.89951],[-111.00349,31.91414],[-111.00356,31.93588],[-111.00896,31.93605],[-111.01231,31.93543],[-111.01226,31.93996],[-111.00554,31.94104],[-111.00398,31.9416],[-111.00395,31.94325],[-110.99514,31.94329],[-110.99529,31.9579],[-110.99513,31.97188],[-110.98989,31.972],[-110.99182,31.98664],[-110.99253,31.99276],[-110.99273,32.00151],[-110.99202,32.00151],[-110.96996,32.00147],[-110.96135,32.00148],[-110.95044,32.00141],[-110.95062,31.9987],[-110.94454,31.99856],[-110.94462,31.99438],[-110.93618,31.99433],[-110.93616,31.97258],[-110.93123,31.9726],[-110.93123,31.97063],[-110.93306,31.96883],[-110.93109,31.96702],[-110.93113,31.95764],[-110.93644,31.95734],[-110.93643,31.95604],[-110.94435,31.95601],[-110.94435,31.95191],[-110.94351,31.95192],[-110.94351,31.9503],[-110.94435,31.95031],[-110.94468,31.94948],[-110.94495,31.93946],[-110.94873,31.93946],[-110.94851,31.93422],[-110.94843,31.92112],[-110.94826,31.91724],[-110.95236,31.91722],[-110.95246,31.91344],[-110.92669,31.91354],[-110.92652,31.89919],[-110.92636,31.88253],[-110.92602,31.8703],[-110.92596,31.86924],[-110.93734,31.86886],[-110.94407,31.86863],[-110.94415,31.87741],[-110.94822,31.87744],[-110.94811,31.87236],[-110.94974,31.87236],[-110.95608,31.85639],[-110.95761,31.85691],[-110.95579,31.85608],[-110.95165,31.8528],[-110.95123,31.85215],[-110.95707,31.841],[-110.96166,31.84251],[-110.96501,31.84455],[-110.97766,31.81922],[-110.98262,31.8204],[-110.98436,31.82181],[-110.9882,31.81606],[-110.98945,31.81204],[-110.98712,31.81108],[-110.98217,31.80998],[-110.98541,31.80358],[-110.9881,31.80564],[-110.98932,31.80564],[-110.99283,31.80766],[-110.99463,31.8075],[-110.99706,31.80623],[-110.9972,31.80594],[-110.99835,31.80586],[-110.9996,31.80632],[-110.99995,31.80538],[-111.0022,31.8047],[-111.00979,31.80508],[-111.0135,31.80437],[-111.01558,31.80099],[-111.02285,31.78713],[-111.02718,31.78084],[-111.03087,31.77493],[-111.03304,31.77075],[-111.03962,31.75818],[-111.04011,31.75849],[-111.04271,31.76042],[-111.04961,31.76863],[-111.05021,31.76975],[-111.04398,31.78217],[-111.03327,31.80387]]]}},{"type":"Feature","properties":{"name":"Sun Shuttle - Oro Valley","boundary_type":"city","source":"Census TIGER place","fidelity":"exact","updated":"2026-09","units":"Oro Valley town","note":"App-enabled microtransit zone in Oro Valley, Northern Pima County","confidence":0.95},"geometry":{"type":"Polygon","coordinates":[[[-111.02947,32.4238],[-111.02928,32.42745],[-111.0124,32.42754],[-111.01028,32.42754],[-111.01026,32.42564],[-111.00386,32.42558],[-111.00175,32.426],[-111.00174,32.42744],[-110.99748,32.42746],[-110.99751,32.43113],[-110.99534,32.43118],[-110.99533,32.43472],[-110.99107,32.43474],[-110.99106,32.43837],[-110.99542,32.43835],[-111.0123,32.43833],[-111.01229,32.44926],[-111.01462,32.44925],[-111.0146,32.45105],[-111.0123,32.45104],[-111.01239,32.46015],[-111.00701,32.45992],[-111.0054,32.46013],[-110.99565,32.46015],[-110.99538,32.46193],[-110.99756,32.46193],[-110.99746,32.46549],[-111.00603,32.46553],[-111.00606,32.46371],[-111.01028,32.46372],[-111.01032,32.46191],[-111.01246,32.46192],[-111.01491,32.46269],[-111.01491,32.46373],[-111.0124,32.46372],[-111.01242,32.46755],[-111.01243,32.47459],[-111.00999,32.47459],[-111.00389,32.47459],[-111.0039,32.47823],[-110.99534,32.47824],[-110.99534,32.48187],[-110.98396,32.48189],[-110.97209,32.48194],[-110.96983,32.48195],[-110.96972,32.47467],[-110.9506,32.47463],[-110.94406,32.47456],[-110.94409,32.46729],[-110.94214,32.46728],[-110.93559,32.46725],[-110.93563,32.46005],[-110.93241,32.46002],[-110.92836,32.46],[-110.9282,32.46001],[-110.92788,32.46002],[-110.92981,32.45642],[-110.93255,32.45234],[-110.93332,32.44998],[-110.93351,32.44698],[-110.93362,32.43079],[-110.93424,32.42735],[-110.93643,32.42183],[-110.93662,32.4164],[-110.938,32.41286],[-110.93447,32.41283],[-110.93164,32.4128],[-110.93156,32.40989],[-110.92909,32.40702],[-110.92745,32.40594],[-110.92747,32.39478],[-110.9443,32.39457],[-110.94429,32.38058],[-110.96115,32.38055],[-110.96115,32.36882],[-110.96114,32.36558],[-110.96115,32.3585],[-110.96115,32.35567],[-110.96115,32.35387],[-110.96122,32.35387],[-110.9613,32.35185],[-110.9612,32.35184],[-110.96118,32.34459],[-110.96445,32.34458],[-110.96256,32.34372],[-110.96582,32.33981],[-110.96581,32.33725],[-110.9669,32.33725],[-110.96971,32.33686],[-110.96809,32.33812],[-110.96769,32.34091],[-110.9701,32.33977],[-110.97009,32.34206],[-110.96827,32.34394],[-110.96622,32.34457],[-110.97629,32.34454],[-110.97711,32.34038],[-110.97735,32.33714],[-110.98275,32.33726],[-110.98286,32.34458],[-110.97868,32.34464],[-110.97869,32.3518],[-110.97871,32.35903],[-110.97883,32.36582],[-110.98073,32.36609],[-110.98705,32.36614],[-110.98721,32.36614],[-110.98723,32.37343],[-110.99044,32.37341],[-110.99256,32.37263],[-110.99584,32.37243],[-110.99584,32.37257],[-110.99576,32.37974],[-110.99686,32.37942],[-111.00133,32.37481],[-111.00215,32.37322],[-111.00354,32.3726],[-111.00434,32.37334],[-111.00956,32.37354],[-111.00966,32.37354],[-111.00966,32.37407],[-111.00965,32.37537],[-111.00859,32.37537],[-111.00764,32.37898],[-111.00426,32.37899],[-111.00426,32.38256],[-111.01282,32.38258],[-111.01272,32.38734],[-111.01273,32.38806],[-111.01281,32.38806],[-111.02133,32.38808],[-111.02131,32.39533],[-111.02156,32.39553],[-111.02987,32.39555],[-111.02997,32.41538],[-111.03014,32.41772],[-111.03006,32.4238],[-111.02947,32.4238]],[[-110.94311,32.4035],[-110.94206,32.40414],[-110.94054,32.40617],[-110.93911,32.40691],[-110.94185,32.4093],[-110.94364,32.40813],[-110.94686,32.40618],[-110.94437,32.4032],[-110.94311,32.4035]]]}},{"type":"Feature","properties":{"name":"Sun Shuttle Dial-a-Ride","boundary_type":"county","source":"Census TIGER county","fidelity":"exact","updated":"2026-09","units":"Pima County","note":"RTA operates countywide; description emphasizes Tucson metro but service is county-based.","confidence":0.85},"geometry":{"type":"Polygon","coordinates":[[[-113.02806,32.50507],[-112.91585,32.50536],[-112.72544,32.50537],[-112.57475,32.50606],[-112.52071,32.50676],[-112.20362,32.50672],[-112.18665,32.50675],[-111.95513,32.50666],[-111.86138,32.50665],[-111.79458,32.50664],[-111.79254,32.50664],[-111.59081,32.50671],[-111.56926,32.50677],[-111.56925,32.50139],[-111.46568,32.50134],[-111.36977,32.50135],[-111.36667,32.50135],[-111.35158,32.50139],[-111.28722,32.50158],[-111.26687,32.50162],[-111.26642,32.50162],[-111.26094,32.50162],[-111.24327,32.50164],[-111.23269,32.50165],[-111.2257,32.50185],[-111.15757,32.50162],[-111.15749,32.51125],[-111.11465,32.5113],[-111.09745,32.51132],[-111.08051,32.51134],[-111.04722,32.51135],[-111.02966,32.51134],[-110.99919,32.51132],[-110.97932,32.51131],[-110.92837,32.51124],[-110.92571,32.51118],[-110.92571,32.5114],[-110.91442,32.51147],[-110.90395,32.51158],[-110.89918,32.51172],[-110.88645,32.51153],[-110.87149,32.51141],[-110.85872,32.51122],[-110.84508,32.51112],[-110.8451,32.51387],[-110.78566,32.51384],[-110.69567,32.5138],[-110.68408,32.5138],[-110.65294,32.5138],[-110.50647,32.5139],[-110.50058,32.51419],[-110.45152,32.514],[-110.451,32.42755],[-110.45093,32.34091],[-110.45095,32.26904],[-110.45096,32.26768],[-110.45096,32.25375],[-110.44767,32.25376],[-110.44837,32.13761],[-110.44992,32.07972],[-110.45154,32.07968],[-110.45153,32.04972],[-110.45149,31.98737],[-110.45129,31.96353],[-110.45129,31.96318],[-110.45116,31.94767],[-110.45116,31.94716],[-110.45114,31.94472],[-110.45082,31.90511],[-110.45111,31.81809],[-110.45229,31.8181],[-110.4523,31.74455],[-110.4523,31.73122],[-110.55852,31.73134],[-110.65964,31.73143],[-110.80708,31.73168],[-110.85576,31.7317],[-110.85577,31.7267],[-110.87236,31.72674],[-110.88044,31.72671],[-110.88983,31.72672],[-110.94317,31.72672],[-110.95749,31.72673],[-110.99385,31.72651],[-111.01171,31.7264],[-111.03884,31.72622],[-111.05804,31.72623],[-111.06396,31.72607],[-111.07869,31.72613],[-111.08418,31.72592],[-111.15822,31.7259],[-111.16418,31.72589],[-111.16464,31.63817],[-111.16427,31.63086],[-111.16424,31.58922],[-111.16432,31.56485],[-111.16428,31.55041],[-111.16285,31.54385],[-111.16372,31.52172],[-111.18369,31.52082],[-111.33572,31.52129],[-111.36692,31.52136],[-111.36616,31.47043],[-111.36637,31.42607],[-111.45108,31.4532],[-111.56019,31.48814],[-111.62311,31.50803],[-111.77019,31.55453],[-111.97942,31.62068],[-112.2461,31.70419],[-112.36504,31.74113],[-112.37576,31.74399],[-112.38812,31.74805],[-112.39942,31.75176],[-112.56251,31.80188],[-112.60776,31.81579],[-112.86707,31.89549],[-113.12596,31.97278],[-113.21731,32.00211],[-113.33381,32.03878],[-113.33386,32.41865],[-113.33389,32.50519],[-113.02806,32.50507]]]}},{"type":"Feature","properties":{"name":"Tolleson Micro Transit Program","boundary_type":"city","source":"Census TIGER place","fidelity":"exact","updated":"2026-09","units":"Tolleson city","note":"Microtransit program; all rides must begin or end within Tolleson city limits","confidence":0.95},"geometry":{"type":"Polygon","coordinates":[[[-112.28118,33.45011],[-112.28102,33.45011],[-112.27251,33.45023],[-112.27254,33.46144],[-112.27254,33.46473],[-112.27242,33.46473],[-112.26853,33.46481],[-112.26853,33.46471],[-112.25524,33.46495],[-112.25525,33.46467],[-112.25091,33.46502],[-112.23819,33.46533],[-112.23832,33.46295],[-112.2383,33.46211],[-112.23836,33.4518],[-112.23833,33.45175],[-112.22127,33.45169],[-112.22128,33.44672],[-112.22128,33.44575],[-112.22501,33.44563],[-112.22534,33.44679],[-112.22972,33.44659],[-112.22536,33.44663],[-112.22524,33.44452],[-112.2297,33.44453],[-112.234,33.44409],[-112.23402,33.44662],[-112.23679,33.4466],[-112.23786,33.4476],[-112.23833,33.45167],[-112.23829,33.44084],[-112.23404,33.44082],[-112.23355,33.44387],[-112.22126,33.44439],[-112.22097,33.43715],[-112.22293,33.43712],[-112.22966,33.43707],[-112.23823,33.43715],[-112.23823,33.43724],[-112.25514,33.43588],[-112.27236,33.43578],[-112.28678,33.43601],[-112.2897,33.43564],[-112.28969,33.43632],[-112.28978,33.44632],[-112.28978,33.44994],[-112.28118,33.45011]],[[-112.26375,33.44347],[-112.26374,33.44358],[-112.26375,33.4438],[-112.27241,33.4437],[-112.27241,33.44339],[-112.26375,33.44347]]]}},{"type":"Feature","properties":{"name":"WeRIDE","boundary_type":"places","source":"Census TIGER place","fidelity":"exact","updated":"2026-09","units":"Avondale city; Goodyear city; Surprise city","note":"Shared microtransit service across three West Valley cities.","confidence":0.9},"geometry":{"type":"MultiPolygon","coordinates":[[[[-112.47857,33.25422],[-112.47855,33.2615],[-112.46151,33.26148],[-112.46142,33.2751],[-112.46119,33.27678],[-112.46107,33.29036],[-112.46982,33.29039],[-112.46981,33.29766],[-112.487,33.29763],[-112.48709,33.30133],[-112.46981,33.30141],[-112.46972,33.31488],[-112.46985,33.31578],[-112.46987,33.31947],[-112.4525,33.31944],[-112.45249,33.32665],[-112.44814,33.32668],[-112.44818,33.33394],[-112.4655,33.33398],[-112.46545,33.34853],[-112.46986,33.34848],[-112.46963,33.35541],[-112.46075,33.35569],[-112.46043,33.36293],[-112.45176,33.3629],[-112.45179,33.37377],[-112.44317,33.37374],[-112.44319,33.37732],[-112.44415,33.3774],[-112.44396,33.39471],[-112.4439,33.37815],[-112.44269,33.37737],[-112.43549,33.37735],[-112.43548,33.37818],[-112.43548,33.38108],[-112.43115,33.38107],[-112.43111,33.38489],[-112.42677,33.38493],[-112.42675,33.39173],[-112.42681,33.39215],[-112.4398,33.39214],[-112.43981,33.39693],[-112.44124,33.39735],[-112.43718,33.40134],[-112.43942,33.40123],[-112.43943,33.40318],[-112.43024,33.4043],[-112.43546,33.40232],[-112.42959,33.40378],[-112.42681,33.40416],[-112.40945,33.40639],[-112.40946,33.39931],[-112.40924,33.4063],[-112.40509,33.40678],[-112.4009,33.40813],[-112.42668,33.40528],[-112.42668,33.40501],[-112.4268,33.40499],[-112.42689,33.40498],[-112.42689,33.40525],[-112.43544,33.40421],[-112.43544,33.40664],[-112.44414,33.40659],[-112.4463,33.4066],[-112.44631,33.40841],[-112.44846,33.40839],[-112.44848,33.40659],[-112.46106,33.40657],[-112.46146,33.41025],[-112.46147,33.42114],[-112.45273,33.42113],[-112.45281,33.42841],[-112.46147,33.4284],[-112.46147,33.43569],[-112.45709,33.43568],[-112.45764,33.43728],[-112.45765,33.43942],[-112.46146,33.43944],[-112.46146,33.44622],[-112.45279,33.44977],[-112.4528,33.44655],[-112.44848,33.44649],[-112.44848,33.42833],[-112.44415,33.42838],[-112.43547,33.42827],[-112.43547,33.43289],[-112.43622,33.43289],[-112.43622,33.43564],[-112.44397,33.43566],[-112.44397,33.44296],[-112.44398,33.4502],[-112.44416,33.4502],[-112.4607,33.4502],[-112.46028,33.4575],[-112.44435,33.4575],[-112.44429,33.46108],[-112.45618,33.46109],[-112.46134,33.46089],[-112.46148,33.4575],[-112.46148,33.46093],[-112.46148,33.46179],[-112.46148,33.46209],[-112.46149,33.46466],[-112.46147,33.47477],[-112.46147,33.47918],[-112.46156,33.4937],[-112.46153,33.50816],[-112.46143,33.50817],[-112.46135,33.50823],[-112.44416,33.50826],[-112.41884,33.50822],[-112.41843,33.50821],[-112.38367,33.50826],[-112.38379,33.51547],[-112.37092,33.51545],[-112.37076,33.50837],[-112.37076,33.5082],[-112.37938,33.50819],[-112.37948,33.49892],[-112.37533,33.49896],[-112.37528,33.49381],[-112.37509,33.49348],[-112.36299,33.49349],[-112.36251,33.49368],[-112.36221,33.49341],[-112.36239,33.48638],[-112.35887,33.48603],[-112.35831,33.48611],[-112.35831,33.48602],[-112.35801,33.48608],[-112.35204,33.48826],[-112.3459,33.49214],[-112.34392,33.49302],[-112.34087,33.49332],[-112.34087,33.49342],[-112.33629,33.4934],[-112.33227,33.49349],[-112.33217,33.49326],[-112.32805,33.49325],[-112.32815,33.50399],[-112.32399,33.50393],[-112.32379,33.49677],[-112.31961,33.49669],[-112.31959,33.4932],[-112.313,33.49289],[-112.31082,33.49288],[-112.30756,33.49309],[-112.29852,33.49336],[-112.29022,33.49365],[-112.28135,33.49372],[-112.28105,33.49373],[-112.27244,33.4938],[-112.27247,33.47932],[-112.27247,33.47928],[-112.27248,33.47565],[-112.28557,33.47539],[-112.28557,33.47277],[-112.28773,33.47173],[-112.28127,33.47185],[-112.27668,33.47191],[-112.27666,33.47475],[-112.27248,33.47483],[-112.2725,33.47196],[-112.27254,33.46473],[-112.27254,33.46144],[-112.27251,33.45023],[-112.28102,33.45011],[-112.28118,33.45011],[-112.28978,33.44994],[-112.28978,33.44632],[-112.28969,33.43632],[-112.30619,33.43629],[-112.30618,33.43548],[-112.30642,33.43548],[-112.30642,33.43539],[-112.3023,33.43547],[-112.29383,33.43546],[-112.2897,33.43545],[-112.28965,33.42817],[-112.28957,33.42099],[-112.29035,33.42101],[-112.29791,33.42098],[-112.30629,33.42069],[-112.30624,33.41708],[-112.29796,33.41722],[-112.28951,33.41735],[-112.28945,33.41358],[-112.28931,33.40637],[-112.28907,33.39545],[-112.28895,33.37953],[-112.28916,33.39201],[-112.30613,33.39178],[-112.30613,33.39182],[-112.28917,33.39207],[-112.28925,33.39545],[-112.30184,33.39529],[-112.30204,33.40622],[-112.29699,33.40631],[-112.29774,33.40777],[-112.29774,33.40982],[-112.3062,33.40977],[-112.30618,33.40614],[-112.30617,33.40261],[-112.31049,33.40252],[-112.31047,33.3958],[-112.31471,33.39534],[-112.32078,33.39555],[-112.34044,33.39552],[-112.34044,33.39894],[-112.35499,33.39911],[-112.35718,33.39914],[-112.35719,33.39307],[-112.35717,33.38603],[-112.35717,33.3777],[-112.32276,33.37745],[-112.32285,33.3801],[-112.32301,33.38455],[-112.31902,33.38453],[-112.3188,33.3809],[-112.30875,33.38082],[-112.30613,33.38058],[-112.30612,33.377],[-112.30615,33.36263],[-112.30614,33.29038],[-112.30615,33.2612],[-112.34918,33.26129],[-112.34919,33.26853],[-112.34054,33.26853],[-112.34053,33.27578],[-112.35792,33.27578],[-112.35792,33.21787],[-112.35788,33.21767],[-112.3752,33.21787],[-112.37529,33.20332],[-112.37087,33.20332],[-112.37087,33.20695],[-112.36655,33.20695],[-112.36656,33.19619],[-112.36871,33.19619],[-112.36872,33.19243],[-112.37088,33.19244],[-112.37088,33.19619],[-112.37521,33.19613],[-112.37522,33.18897],[-112.36658,33.18878],[-112.3666,33.18517],[-112.36445,33.18517],[-112.36442,33.18879],[-112.36226,33.18876],[-112.36228,33.18517],[-112.35797,33.18517],[-112.35794,33.18875],[-112.3444,33.1887],[-112.34073,33.18882],[-112.34081,33.15976],[-112.34931,33.15977],[-112.34931,33.16339],[-112.35362,33.1634],[-112.35362,33.16702],[-112.35793,33.16703],[-112.35793,33.15977],[-112.36655,33.15978],[-112.3666,33.14532],[-112.36507,33.14522],[-112.35039,33.14531],[-112.35039,33.14708],[-112.34069,33.14706],[-112.34069,33.14162],[-112.34501,33.14162],[-112.34501,33.13799],[-112.33207,33.13799],[-112.33206,33.1525],[-112.30623,33.15254],[-112.20231,33.15248],[-112.20214,33.13457],[-112.20215,33.11674],[-112.20214,33.08717],[-112.20322,33.08716],[-112.20214,33.07247],[-112.20215,33.02915],[-112.20298,33.02915],[-112.20299,33.01461],[-112.21044,33.0146],[-112.21161,33.01548],[-112.21164,33.02186],[-112.21593,33.02186],[-112.216,33.02903],[-112.22013,33.02904],[-112.2201,33.04363],[-112.2244,33.0437],[-112.22443,33.02912],[-112.23068,33.02913],[-112.23734,33.02913],[-112.23743,33.01461],[-112.26329,33.01458],[-112.26329,33.01825],[-112.27191,33.01824],[-112.27192,33.01462],[-112.27837,33.0147],[-112.27837,33.01824],[-112.27622,33.01824],[-112.27621,33.02005],[-112.28052,33.02005],[-112.28052,33.01471],[-112.30637,33.01462],[-112.30638,33.04364],[-112.31479,33.04365],[-112.31488,33.05091],[-112.30626,33.0509],[-112.30625,33.05812],[-112.31487,33.05811],[-112.31487,33.06542],[-112.30201,33.06541],[-112.30195,33.05814],[-112.29549,33.05815],[-112.2955,33.05997],[-112.29334,33.05997],[-112.29334,33.06179],[-112.29764,33.06179],[-112.29763,33.07273],[-112.30624,33.07274],[-112.30623,33.08592],[-112.30794,33.08718],[-112.31486,33.08718],[-112.31486,33.09234],[-112.32756,33.10171],[-112.30203,33.10172],[-112.30204,33.09443],[-112.28901,33.09446],[-112.28902,33.07314],[-112.2884,33.07268],[-112.27343,33.07268],[-112.27342,33.07131],[-112.27186,33.07131],[-112.27189,33.06484],[-112.26736,33.06481],[-112.26736,33.06328],[-112.26454,33.06325],[-112.26332,33.06264],[-112.26313,33.06721],[-112.2545,33.06723],[-112.25449,33.07265],[-112.27179,33.07276],[-112.27184,33.10162],[-112.25445,33.10171],[-112.25446,33.10534],[-112.26633,33.10533],[-112.26633,33.10715],[-112.2631,33.10715],[-112.2631,33.10806],[-112.26525,33.10805],[-112.26525,33.10896],[-112.27177,33.10902],[-112.27181,33.10353],[-112.28041,33.10353],[-112.28037,33.10904],[-112.28473,33.10901],[-112.28476,33.10171],[-112.29762,33.10171],[-112.29761,33.10541],[-112.33256,33.10543],[-112.34716,33.11619],[-112.34933,33.11627],[-112.34918,33.11806],[-112.34929,33.12893],[-112.35364,33.12893],[-112.35364,33.12712],[-112.35148,33.12711],[-112.35148,33.12349],[-112.36662,33.12349],[-112.36667,33.13075],[-112.37088,33.13074],[-112.37089,33.13401],[-112.39245,33.15002],[-112.39245,33.14961],[-112.39244,33.14528],[-112.4011,33.14528],[-112.40109,33.15253],[-112.39634,33.15253],[-112.38389,33.15252],[-112.38391,33.14526],[-112.37518,33.14526],[-112.37527,33.15997],[-112.39244,33.15985],[-112.39244,33.18882],[-112.3795,33.18895],[-112.3795,33.19606],[-112.38382,33.19607],[-112.38382,33.1997],[-112.38813,33.1997],[-112.38813,33.20333],[-112.40951,33.20332],[-112.40952,33.18882],[-112.41383,33.18882],[-112.41387,33.19607],[-112.42239,33.1961],[-112.4224,33.20333],[-112.42669,33.20333],[-112.4267,33.18885],[-112.4612,33.18879],[-112.46123,33.20341],[-112.46092,33.20341],[-112.4526,33.2034],[-112.45258,33.21068],[-112.44397,33.21066],[-112.44397,33.21796],[-112.46101,33.21792],[-112.46124,33.2179],[-112.46136,33.24695],[-112.49578,33.24698],[-112.49576,33.26013],[-112.49592,33.26151],[-112.48708,33.26154],[-112.48702,33.25423],[-112.47857,33.25422]],[[-112.30621,33.41036],[-112.30694,33.41036],[-112.30694,33.40977],[-112.3062,33.40977],[-112.30621,33.41036]],[[-112.36617,33.38802],[-112.36623,33.38801],[-112.36622,33.37754],[-112.36658,33.36288],[-112.35787,33.36278],[-112.35364,33.36274],[-112.35367,33.36825],[-112.35472,33.36824],[-112.35473,33.37005],[-112.35365,33.37004],[-112.35366,33.37362],[-112.34933,33.37364],[-112.34932,33.36269],[-112.34391,33.3627],[-112.34068,33.3628],[-112.34067,33.37003],[-112.3396,33.37185],[-112.34068,33.37562],[-112.34492,33.37562],[-112.34491,33.37698],[-112.32276,33.3773],[-112.35728,33.37761],[-112.36117,33.37749],[-112.36117,33.3779],[-112.36117,33.38725],[-112.36118,33.38999],[-112.3612,33.39184],[-112.36624,33.39184],[-112.36617,33.38802]],[[-112.38374,33.27947],[-112.3839,33.276],[-112.38394,33.27227],[-112.3752,33.27226],[-112.37521,33.27589],[-112.35792,33.27585],[-112.35795,33.28995],[-112.38394,33.28989],[-112.38374,33.27947]],[[-112.45378,33.46443],[-112.44459,33.46463],[-112.45274,33.46476],[-112.46134,33.46466],[-112.46131,33.46246],[-112.45953,33.46284],[-112.45376,33.46254],[-112.45378,33.46443]],[[-112.44133,33.4175],[-112.44395,33.41742],[-112.44395,33.41386],[-112.44087,33.41389],[-112.44066,33.41596],[-112.44133,33.4175]],[[-112.42681,33.39218],[-112.42674,33.39218],[-112.42681,33.40414],[-112.42681,33.39218]],[[-112.40954,33.42479],[-112.41379,33.42478],[-112.41378,33.42838],[-112.41787,33.42835],[-112.41814,33.42111],[-112.42238,33.42111],[-112.42242,33.4138],[-112.40953,33.4139],[-112.40955,33.42088],[-112.40954,33.42479]],[[-112.40909,33.3943],[-112.40919,33.3992],[-112.40946,33.39917],[-112.40944,33.39174],[-112.4093,33.39174],[-112.40923,33.39174],[-112.40909,33.3943]],[[-112.3921,33.40919],[-112.3921,33.40948],[-112.39652,33.40884],[-112.40081,33.40841],[-112.40081,33.40814],[-112.40082,33.40729],[-112.39254,33.40832],[-112.39211,33.40827],[-112.3921,33.40919]],[[-112.38293,33.41019],[-112.37933,33.41213],[-112.36221,33.42213],[-112.36222,33.42263],[-112.36225,33.4235],[-112.3647,33.42162],[-112.38307,33.41118],[-112.38574,33.41025],[-112.39196,33.40951],[-112.39196,33.4092],[-112.39197,33.40872],[-112.39115,33.40857],[-112.38555,33.40928],[-112.38293,33.41019]],[[-112.36247,33.43527],[-112.36227,33.42932],[-112.35829,33.42943],[-112.3585,33.43525],[-112.36247,33.43527]],[[-112.33462,33.40252],[-112.33406,33.40422],[-112.33393,33.40609],[-112.33967,33.40606],[-112.34047,33.4061],[-112.34062,33.41346],[-112.34478,33.41347],[-112.34469,33.40979],[-112.34897,33.40987],[-112.34896,33.40919],[-112.34892,33.40612],[-112.34889,33.40271],[-112.33462,33.40252]],[[-112.33227,33.43439],[-112.32844,33.43442],[-112.32566,33.43523],[-112.33236,33.4351],[-112.33273,33.4351],[-112.33443,33.43508],[-112.33442,33.43204],[-112.33439,33.42792],[-112.33219,33.42789],[-112.33227,33.43439]],[[-112.33069,33.43888],[-112.33072,33.44591],[-112.33235,33.44594],[-112.33231,33.43976],[-112.33228,33.43592],[-112.33013,33.43594],[-112.33069,33.43888]],[[-112.31086,33.458],[-112.31515,33.45731],[-112.31515,33.45687],[-112.31442,33.45687],[-112.31086,33.45687],[-112.31086,33.458]],[[-112.31204,33.46564],[-112.312,33.4677],[-112.31416,33.46771],[-112.31423,33.464],[-112.31406,33.46399],[-112.31404,33.46563],[-112.31204,33.46564]],[[-112.30661,33.46772],[-112.30773,33.46772],[-112.30762,33.46698],[-112.30763,33.46625],[-112.30661,33.46626],[-112.30661,33.46772]],[[-112.30064,33.44467],[-112.29835,33.44469],[-112.2984,33.44982],[-112.30654,33.44967],[-112.30652,33.44613],[-112.30359,33.44572],[-112.30152,33.44658],[-112.30064,33.44467]]],[[[-112.46103,33.40058],[-112.4528,33.40158],[-112.4528,33.39923],[-112.46102,33.39924],[-112.46103,33.40058]]],[[[-112.58218,33.72377],[-112.5821,33.7241],[-112.5771,33.72425],[-112.56816,33.72413],[-112.56816,33.73867],[-112.56401,33.73867],[-112.56399,33.724],[-112.55397,33.72416],[-112.54256,33.72433],[-112.54226,33.72626],[-112.54138,33.72593],[-112.53355,33.72597],[-112.53354,33.73194],[-112.52783,33.72874],[-112.52487,33.73102],[-112.52485,33.72765],[-112.52491,33.72761],[-112.53053,33.72429],[-112.53,33.72403],[-112.51293,33.72413],[-112.51299,33.69692],[-112.51301,33.68237],[-112.51298,33.67531],[-112.50467,33.67527],[-112.50469,33.66776],[-112.49702,33.66773],[-112.48735,33.66768],[-112.48717,33.68229],[-112.46126,33.68229],[-112.46112,33.69736],[-112.4613,33.69996],[-112.46134,33.72435],[-112.46874,33.72428],[-112.46897,33.72774],[-112.47305,33.72775],[-112.47307,33.73111],[-112.47739,33.73111],[-112.4774,33.73503],[-112.47958,33.735],[-112.48006,33.73855],[-112.48175,33.73855],[-112.48177,33.74116],[-112.48187,33.74233],[-112.4818,33.75317],[-112.49543,33.75311],[-112.51649,33.76955],[-112.52054,33.77269],[-112.52054,33.77406],[-112.51619,33.77407],[-112.51619,33.78222],[-112.51618,33.78532],[-112.5131,33.78531],[-112.51618,33.78593],[-112.51618,33.79309],[-112.5205,33.79309],[-112.52057,33.79671],[-112.51618,33.79678],[-112.51617,33.81487],[-112.51007,33.81485],[-112.51006,33.81851],[-112.50021,33.81849],[-112.49915,33.81832],[-112.49926,33.81122],[-112.48178,33.81121],[-112.48186,33.81485],[-112.47964,33.81485],[-112.47965,33.81845],[-112.48183,33.81851],[-112.48184,33.82559],[-112.46435,33.82571],[-112.46442,33.8112],[-112.45572,33.81118],[-112.4556,33.79302],[-112.45992,33.79302],[-112.45999,33.78946],[-112.4557,33.78944],[-112.45571,33.78222],[-112.45575,33.7749],[-112.46441,33.77493],[-112.46447,33.78223],[-112.48183,33.78226],[-112.48189,33.77494],[-112.47307,33.77494],[-112.4731,33.76774],[-112.46441,33.76772],[-112.4644,33.76405],[-112.46005,33.76405],[-112.46005,33.75864],[-112.46441,33.75861],[-112.46443,33.75314],[-112.44688,33.73879],[-112.4471,33.74236],[-112.44697,33.75297],[-112.41224,33.75313],[-112.41225,33.75872],[-112.42097,33.75813],[-112.42095,33.7604],[-112.41223,33.76036],[-112.4122,33.76757],[-112.41228,33.78095],[-112.41228,33.78211],[-112.39484,33.78212],[-112.3948,33.78001],[-112.39475,33.76918],[-112.39475,33.76754],[-112.39487,33.76754],[-112.40345,33.76755],[-112.40344,33.76634],[-112.39991,33.76633],[-112.40344,33.76532],[-112.40343,33.76035],[-112.39482,33.76033],[-112.39475,33.76032],[-112.39474,33.75724],[-112.39474,33.75305],[-112.39463,33.75305],[-112.39454,33.74151],[-112.3947,33.7404],[-112.39469,33.73861],[-112.39474,33.73847],[-112.39481,33.72486],[-112.4091,33.72471],[-112.40908,33.72208],[-112.4076,33.72207],[-112.40757,33.71845],[-112.40541,33.71845],[-112.40542,33.72026],[-112.40326,33.72026],[-112.40324,33.71845],[-112.39127,33.71851],[-112.39126,33.71665],[-112.38165,33.71664],[-112.38169,33.72205],[-112.38599,33.7221],[-112.38601,33.7247],[-112.38601,33.72479],[-112.38013,33.7248],[-112.38015,33.72619],[-112.37734,33.72621],[-112.37733,33.72477],[-112.3602,33.72483],[-112.35151,33.72485],[-112.35147,33.72208],[-112.36008,33.72201],[-112.35992,33.71847],[-112.35144,33.71849],[-112.35139,33.71507],[-112.35513,33.71291],[-112.35961,33.7115],[-112.35999,33.71108],[-112.35991,33.69665],[-112.35991,33.69617],[-112.3599,33.69559],[-112.3599,33.69438],[-112.36334,33.69566],[-112.37112,33.69569],[-112.37436,33.69552],[-112.39035,33.69159],[-112.39442,33.68832],[-112.39444,33.68898],[-112.39445,33.68921],[-112.3944,33.69271],[-112.39974,33.69034],[-112.40029,33.69089],[-112.39873,33.69198],[-112.39874,33.69309],[-112.40011,33.69309],[-112.39636,33.69603],[-112.39659,33.69671],[-112.40912,33.69674],[-112.40913,33.69413],[-112.40741,33.69413],[-112.4074,33.69311],[-112.40524,33.6931],[-112.40525,33.69492],[-112.39861,33.69497],[-112.40436,33.68948],[-112.40913,33.68949],[-112.40914,33.6873],[-112.40914,33.68493],[-112.40575,33.68228],[-112.40372,33.68072],[-112.39491,33.67382],[-112.39035,33.66974],[-112.38208,33.66386],[-112.3733,33.65713],[-112.37209,33.65604],[-112.35727,33.64442],[-112.34978,33.63872],[-112.34861,33.63765],[-112.34208,33.63269],[-112.34208,33.63281],[-112.34208,33.63313],[-112.34916,33.63872],[-112.35676,33.64483],[-112.35549,33.64594],[-112.34717,33.64343],[-112.34203,33.64338],[-112.33941,33.63873],[-112.33468,33.63857],[-112.33452,33.63857],[-112.33432,33.63858],[-112.32913,33.63862],[-112.32478,33.63874],[-112.32472,33.63874],[-112.31729,33.63871],[-112.31733,33.6423],[-112.31597,33.64231],[-112.31361,33.64249],[-112.31205,33.64248],[-112.31209,33.66727],[-112.3117,33.66769],[-112.30775,33.66771],[-112.30772,33.66617],[-112.30781,33.65232],[-112.30284,33.65245],[-112.29854,33.6525],[-112.2985,33.6457],[-112.29849,33.64522],[-112.301,33.64521],[-112.3015,33.63832],[-112.3022,33.63834],[-112.30501,33.63849],[-112.30768,33.63854],[-112.30757,33.63145],[-112.30766,33.63068],[-112.30996,33.6307],[-112.31207,33.63072],[-112.32478,33.63078],[-112.32481,33.62348],[-112.32909,33.62351],[-112.32953,33.62352],[-112.33028,33.62358],[-112.33042,33.62359],[-112.33081,33.6236],[-112.34206,33.62356],[-112.34217,33.62356],[-112.3422,33.62044],[-112.34218,33.61631],[-112.34207,33.60922],[-112.34206,33.60908],[-112.34201,33.60181],[-112.34201,33.59456],[-112.34195,33.59363],[-112.34198,33.59194],[-112.34199,33.5873],[-112.34189,33.58016],[-112.35051,33.58016],[-112.35904,33.58022],[-112.37636,33.58034],[-112.39368,33.58056],[-112.39368,33.58047],[-112.40962,33.58073],[-112.41834,33.58073],[-112.4269,33.58073],[-112.44425,33.58059],[-112.45193,33.58058],[-112.47009,33.58066],[-112.47007,33.59016],[-112.46778,33.59517],[-112.46159,33.59513],[-112.46162,33.605],[-112.46165,33.60961],[-112.46427,33.60961],[-112.46297,33.61705],[-112.4631,33.63128],[-112.46039,33.63829],[-112.46033,33.63844],[-112.47871,33.63845],[-112.4828,33.63882],[-112.48644,33.6399],[-112.48947,33.64144],[-112.49831,33.64828],[-112.50581,33.65384],[-112.51318,33.65749],[-112.52037,33.65965],[-112.52533,33.66045],[-112.52905,33.66074],[-112.60851,33.66063],[-112.60851,33.66078],[-112.60854,33.68758],[-112.6085,33.69691],[-112.60798,33.69691],[-112.58219,33.69684],[-112.58218,33.72377]],[[-112.48747,33.66422],[-112.48734,33.66063],[-112.46121,33.66043],[-112.4612,33.66419],[-112.48558,33.66421],[-112.48747,33.66422]],[[-112.44843,33.60968],[-112.44419,33.6097],[-112.44417,33.61686],[-112.44418,33.61696],[-112.45732,33.61689],[-112.45733,33.6168],[-112.45912,33.61339],[-112.45922,33.60966],[-112.45286,33.60968],[-112.45287,33.60854],[-112.44843,33.60854],[-112.44843,33.60968]],[[-112.43331,33.61695],[-112.43333,33.60973],[-112.42915,33.60974],[-112.42692,33.61165],[-112.4269,33.61695],[-112.43331,33.61695]],[[-112.41229,33.72466],[-112.41222,33.73876],[-112.42971,33.73857],[-112.42971,33.73143],[-112.42492,33.73142],[-112.42091,33.72697],[-112.42091,33.72461],[-112.41229,33.72466]]]]}},{"type":"Feature","properties":{"name":"WeRIDE Buckeye","boundary_type":"city","source":"Census TIGER place","fidelity":"exact","updated":"2026-09","units":"Buckeye city","note":"City of Buckeye microtransit encompassing municipal area","confidence":0.95},"geometry":{"type":"MultiPolygon","coordinates":[[[[-112.67725,33.3267],[-112.67722,33.33378],[-112.69392,33.33335],[-112.69507,33.33377],[-112.71164,33.33392],[-112.71164,33.33395],[-112.67719,33.33381],[-112.67722,33.32673],[-112.66376,33.3299],[-112.66379,33.32987],[-112.67718,33.3267],[-112.67725,33.3267]]],[[[-112.70732,33.37126],[-112.70877,33.37038],[-112.70877,33.36825],[-112.71188,33.36803],[-112.71188,33.37125],[-112.70732,33.37126]]],[[[-112.69417,33.37031],[-112.69418,33.36983],[-112.6942,33.36972],[-112.69863,33.36925],[-112.69864,33.3703],[-112.69417,33.37031]]],[[[-112.7205,33.37745],[-112.71842,33.37744],[-112.71735,33.37445],[-112.71734,33.37089],[-112.71577,33.36757],[-112.71922,33.36728],[-112.7205,33.37043],[-112.7205,33.37745]]],[[[-112.68113,33.3775],[-112.6812,33.37316],[-112.67688,33.37315],[-112.6769,33.37149],[-112.68559,33.37067],[-112.68542,33.37751],[-112.68113,33.3775]]],[[[-112.71188,33.37417],[-112.71421,33.37414],[-112.71422,33.37745],[-112.71188,33.37744],[-112.71188,33.37417]]],[[[-112.71188,33.37774],[-112.72269,33.37775],[-112.72275,33.38453],[-112.72863,33.38493],[-112.72923,33.39197],[-112.72499,33.39197],[-112.72496,33.38852],[-112.71629,33.38851],[-112.7163,33.39209],[-112.71193,33.39209],[-112.71188,33.37774]]],[[[-112.6799,33.44625],[-112.67773,33.4462],[-112.67773,33.44552],[-112.68184,33.44555],[-112.68185,33.44626],[-112.6799,33.44625]]],[[[-112.67761,33.4517],[-112.67753,33.44781],[-112.67766,33.44629],[-112.68077,33.44635],[-112.68077,33.44808],[-112.68295,33.4481],[-112.683,33.44994],[-112.67969,33.44991],[-112.67968,33.44807],[-112.67861,33.44806],[-112.67856,33.4499],[-112.67968,33.44991],[-112.6797,33.45171],[-112.67761,33.4517]]],[[[-112.68945,33.44818],[-112.68946,33.45],[-112.68623,33.44997],[-112.6862,33.44815],[-112.68945,33.44818]]],[[[-112.69983,33.45335],[-112.69985,33.45406],[-112.69816,33.45405],[-112.69816,33.45333],[-112.69927,33.45334],[-112.69927,33.45255],[-112.69983,33.45257],[-112.69983,33.45335]]],[[[-112.68845,33.46091],[-112.69066,33.46099],[-112.69068,33.46442],[-112.68855,33.46442],[-112.68845,33.46091]]],[[[-112.82975,33.66136],[-112.82921,33.65982],[-112.82861,33.6566],[-112.8287,33.65287],[-112.82933,33.64934],[-112.82867,33.63919],[-112.82782,33.62596],[-112.82767,33.62504],[-112.8253,33.61917],[-112.82499,33.61704],[-112.82393,33.61495],[-112.82071,33.61155],[-112.81957,33.60983],[-112.84166,33.60982],[-112.8416,33.62425],[-112.85898,33.62431],[-112.85923,33.63924],[-112.85897,33.66778],[-112.83392,33.66779],[-112.83303,33.66642],[-112.83302,33.6643],[-112.83203,33.6643],[-112.82975,33.66136]]],[[[-112.83301,33.66779],[-112.83302,33.66705],[-112.83351,33.66779],[-112.83301,33.66779]]],[[[-112.64267,33.23215],[-112.64288,33.22577],[-112.64456,33.21764],[-112.64565,33.21713],[-112.64521,33.21659],[-112.64715,33.20696],[-112.64788,33.20438],[-112.64971,33.20071],[-112.64968,33.19837],[-112.64878,33.19616],[-112.65023,33.19457],[-112.65004,33.17073],[-112.64144,33.17082],[-112.64146,33.17441],[-112.63281,33.17444],[-112.63279,33.16728],[-112.64988,33.16722],[-112.65044,33.16524],[-112.65077,33.15992],[-112.64138,33.15998],[-112.64142,33.14572],[-112.65031,33.14583],[-112.65877,33.14578],[-112.65909,33.14207],[-112.66734,33.14198],[-112.66741,33.1493],[-112.67797,33.14922],[-112.67965,33.15449],[-112.68173,33.16005],[-112.68245,33.16361],[-112.68024,33.16457],[-112.68118,33.16611],[-112.68311,33.1648],[-112.68473,33.16722],[-112.69322,33.1793],[-112.69356,33.2033],[-112.68492,33.20323],[-112.68471,33.20702],[-112.67195,33.20707],[-112.67207,33.2179],[-112.66768,33.21791],[-112.66777,33.23242],[-112.64267,33.23215]],[[-112.66768,33.21784],[-112.66766,33.21069],[-112.65895,33.2106],[-112.65899,33.21793],[-112.66755,33.21791],[-112.66768,33.21791],[-112.66768,33.21784]],[[-112.66754,33.18916],[-112.67531,33.18975],[-112.68478,33.18912],[-112.68479,33.189],[-112.67597,33.18969],[-112.66754,33.18916]],[[-112.66766,33.19602],[-112.66455,33.19599],[-112.65461,33.19598],[-112.65466,33.20319],[-112.65893,33.20332],[-112.65898,33.19963],[-112.6676,33.1997],[-112.66766,33.19602]]],[[[-112.64184,33.22731],[-112.64171,33.22793],[-112.64024,33.22799],[-112.64023,33.22856],[-112.63307,33.22866],[-112.63309,33.22749],[-112.63375,33.22752],[-112.64184,33.22731]]],[[[-112.62293,33.35559],[-112.62308,33.35488],[-112.6231,33.35198],[-112.62432,33.35198],[-112.62463,33.35533],[-112.62293,33.35559]]],[[[-112.62703,33.36855],[-112.62712,33.35598],[-112.63354,33.35566],[-112.64247,33.35562],[-112.6425,33.34841],[-112.65117,33.34835],[-112.65112,33.35559],[-112.65993,33.35558],[-112.65985,33.36559],[-112.65128,33.36616],[-112.64238,33.36755],[-112.63766,33.36855],[-112.63369,33.36904],[-112.62746,33.36984],[-112.62703,33.36855]]],[[[-112.61955,33.37022],[-112.61953,33.36807],[-112.62283,33.36805],[-112.62283,33.36943],[-112.62039,33.37021],[-112.61955,33.37022]]],[[[-112.67596,33.37031],[-112.67595,33.37101],[-112.66824,33.37179],[-112.66827,33.37026],[-112.67596,33.37031]]],[[[-112.59456,33.37224],[-112.59373,33.37224],[-112.59374,33.37356],[-112.59315,33.37367],[-112.59319,33.37044],[-112.59458,33.37043],[-112.59456,33.37224]]],[[[-112.56559,33.37768],[-112.56791,33.3777],[-112.56792,33.37828],[-112.5656,33.37882],[-112.56559,33.37768]]],[[[-112.53899,33.37765],[-112.55289,33.37774],[-112.55291,33.38113],[-112.54754,33.38113],[-112.54737,33.38286],[-112.5402,33.38367],[-112.5429,33.38417],[-112.53879,33.38573],[-112.53899,33.37765]]],[[[-112.66379,33.39951],[-112.66375,33.39586],[-112.65997,33.39487],[-112.65996,33.39213],[-112.66856,33.39214],[-112.66851,33.39949],[-112.67717,33.3994],[-112.67713,33.40954],[-112.66631,33.40723],[-112.66256,33.4062],[-112.64808,33.40441],[-112.6428,33.40474],[-112.64281,33.3995],[-112.65997,33.39947],[-112.66379,33.39951]]],[[[-112.74713,33.72421],[-112.74712,33.7114],[-112.72979,33.71138],[-112.7298,33.72411],[-112.72441,33.72423],[-112.71239,33.72413],[-112.71239,33.71143],[-112.69514,33.71136],[-112.69513,33.7041],[-112.68647,33.70408],[-112.68647,33.69683],[-112.67782,33.69679],[-112.67779,33.72419],[-112.6813,33.72419],[-112.6813,33.72617],[-112.67912,33.72617],[-112.67912,33.72866],[-112.6813,33.72866],[-112.68132,33.73853],[-112.65525,33.73855],[-112.65522,33.72416],[-112.66917,33.72417],[-112.66916,33.71137],[-112.66062,33.71135],[-112.65272,33.71158],[-112.60849,33.71137],[-112.6085,33.69691],[-112.60854,33.68758],[-112.60851,33.66078],[-112.61164,33.66063],[-112.60851,33.66063],[-112.60846,33.6533],[-112.62578,33.6533],[-112.62574,33.63907],[-112.64313,33.63881],[-112.64311,33.62425],[-112.66911,33.62425],[-112.66917,33.55186],[-112.62581,33.55193],[-112.62578,33.54476],[-112.6084,33.54456],[-112.60837,33.53744],[-112.62576,33.53746],[-112.62556,33.5229],[-112.58715,33.52307],[-112.58724,33.55187],[-112.54829,33.55159],[-112.54825,33.5372],[-112.51356,33.53702],[-112.49605,33.53693],[-112.49615,33.52264],[-112.48994,33.52266],[-112.48583,33.52502],[-112.48583,33.52681],[-112.48402,33.52777],[-112.48815,33.52978],[-112.48581,33.52979],[-112.48544,33.53067],[-112.48365,33.52949],[-112.48293,33.52983],[-112.48496,33.53212],[-112.48282,33.53213],[-112.48224,33.53523],[-112.48127,33.534],[-112.48012,33.53441],[-112.47959,33.5371],[-112.46981,33.53711],[-112.46985,33.52604],[-112.46385,33.52606],[-112.46278,33.52484],[-112.46207,33.5227],[-112.46984,33.52272],[-112.47889,33.52269],[-112.47891,33.5154],[-112.49605,33.51539],[-112.49615,33.50092],[-112.47874,33.50087],[-112.47876,33.49727],[-112.47558,33.49725],[-112.47561,33.49371],[-112.4756,33.49181],[-112.47877,33.49183],[-112.47905,33.49362],[-112.47947,33.49166],[-112.48262,33.49166],[-112.48263,33.49363],[-112.49295,33.49358],[-112.49622,33.49367],[-112.49622,33.49289],[-112.49622,33.48647],[-112.49263,33.48656],[-112.47878,33.48665],[-112.47878,33.47921],[-112.47877,33.47195],[-112.47023,33.47193],[-112.47023,33.47902],[-112.46174,33.47907],[-112.46147,33.47477],[-112.46149,33.46466],[-112.46148,33.46209],[-112.46148,33.46179],[-112.46148,33.46093],[-112.46148,33.4575],[-112.46146,33.4502],[-112.46146,33.44632],[-112.46415,33.44525],[-112.4788,33.44016],[-112.48747,33.43711],[-112.48749,33.43564],[-112.48746,33.42834],[-112.48852,33.42858],[-112.49609,33.42855],[-112.49615,33.43341],[-112.49066,33.43564],[-112.49102,33.43563],[-112.49602,33.43375],[-112.49602,33.43557],[-112.50046,33.43552],[-112.50047,33.43184],[-112.50404,33.4294],[-112.50424,33.43197],[-112.50427,33.43567],[-112.51292,33.43567],[-112.51294,33.42636],[-112.51782,33.42416],[-112.52165,33.42323],[-112.52165,33.42332],[-112.52819,33.42145],[-112.53034,33.42142],[-112.53893,33.42132],[-112.53904,33.41905],[-112.54767,33.41705],[-112.5511,33.41752],[-112.55428,33.41657],[-112.5561,33.4174],[-112.55614,33.41624],[-112.5562,33.41389],[-112.55526,33.41389],[-112.55526,33.4163],[-112.54807,33.41674],[-112.53904,33.41889],[-112.5312,33.42019],[-112.53028,33.42049],[-112.53031,33.41738],[-112.52177,33.41775],[-112.52172,33.41415],[-112.52316,33.41413],[-112.52314,33.41042],[-112.52153,33.41046],[-112.52149,33.40681],[-112.52147,33.39224],[-112.52998,33.39224],[-112.53006,33.38959],[-112.53589,33.38821],[-112.53852,33.3888],[-112.53858,33.39224],[-112.5387,33.39224],[-112.53877,33.3877],[-112.55617,33.38351],[-112.57298,33.37959],[-112.57304,33.37814],[-112.57218,33.37785],[-112.56403,33.37944],[-112.56214,33.37963],[-112.55777,33.38128],[-112.55615,33.38145],[-112.55249,33.38171],[-112.54751,33.38319],[-112.5475,33.38507],[-112.53307,33.38859],[-112.53028,33.38856],[-112.52827,33.38912],[-112.52291,33.38963],[-112.52292,33.391],[-112.52163,33.39131],[-112.52162,33.38961],[-112.5282,33.38902],[-112.53029,33.38841],[-112.53542,33.38708],[-112.54374,33.38413],[-112.55225,33.38162],[-112.55614,33.38126],[-112.55786,33.38105],[-112.56205,33.37951],[-112.57198,33.37775],[-112.57104,33.37698],[-112.57198,33.37635],[-112.5731,33.37465],[-112.57163,33.37644],[-112.56849,33.37759],[-112.55629,33.37753],[-112.56138,33.37764],[-112.5614,33.37953],[-112.55772,33.38091],[-112.5561,33.38108],[-112.55609,33.37946],[-112.55399,33.37945],[-112.55395,33.37752],[-112.53406,33.37747],[-112.53507,33.37547],[-112.53841,33.37547],[-112.53852,33.3703],[-112.55574,33.37028],[-112.55598,33.36317],[-112.53874,33.36313],[-112.53225,33.36286],[-112.53226,33.35933],[-112.55671,33.35945],[-112.55671,33.35948],[-112.54743,33.35942],[-112.54742,33.36184],[-112.54674,33.36277],[-112.55611,33.36283],[-112.5561,33.36302],[-112.57558,33.36322],[-112.57563,33.3596],[-112.57776,33.35939],[-112.57776,33.35585],[-112.59077,33.35598],[-112.59076,33.34866],[-112.5991,33.34857],[-112.59981,33.34496],[-112.60811,33.34301],[-112.60812,33.34222],[-112.60813,33.34058],[-112.60815,33.33766],[-112.62102,33.33759],[-112.62106,33.33398],[-112.61242,33.33385],[-112.61244,33.33027],[-112.62346,33.33031],[-112.62361,33.33031],[-112.62342,33.32256],[-112.62406,33.31691],[-112.62416,33.31604],[-112.61687,33.316],[-112.61666,33.31957],[-112.60833,33.31955],[-112.60816,33.32316],[-112.60432,33.32321],[-112.60431,33.32685],[-112.59554,33.32695],[-112.59552,33.33054],[-112.59081,33.33053],[-112.59082,33.33419],[-112.58216,33.3342],[-112.58211,33.34569],[-112.5821,33.34871],[-112.57774,33.34871],[-112.57776,33.35234],[-112.57352,33.35237],[-112.57342,33.34846],[-112.57332,33.34503],[-112.57334,33.3432],[-112.57346,33.3344],[-112.55612,33.33425],[-112.55604,33.29115],[-112.55604,33.29062],[-112.51273,33.29044],[-112.5126,33.2398],[-112.50441,33.23975],[-112.50445,33.23245],[-112.50843,33.23252],[-112.50842,33.22534],[-112.50012,33.22522],[-112.50022,33.23243],[-112.49602,33.23249],[-112.496,33.21794],[-112.49599,33.20146],[-112.49593,33.13096],[-112.51149,33.13098],[-112.61526,33.13093],[-112.63402,33.13092],[-112.64165,33.13091],[-112.64147,33.14195],[-112.63718,33.14189],[-112.63712,33.15277],[-112.62847,33.15271],[-112.62859,33.17801],[-112.64581,33.17806],[-112.64584,33.18525],[-112.63294,33.1853],[-112.63297,33.1889],[-112.6416,33.18886],[-112.64167,33.19958],[-112.64664,33.19958],[-112.64699,33.20079],[-112.64192,33.227],[-112.61584,33.22769],[-112.61586,33.24663],[-112.63815,33.24676],[-112.62642,33.30533],[-112.65995,33.30524],[-112.66009,33.29068],[-112.66769,33.29066],[-112.66762,33.27574],[-112.68503,33.27582],[-112.68497,33.26128],[-112.65039,33.26107],[-112.65056,33.25916],[-112.65034,33.25488],[-112.65035,33.23589],[-112.68493,33.23617],[-112.68489,33.22897],[-112.71144,33.22897],[-112.7115,33.22977],[-112.73746,33.22986],[-112.73741,33.23328],[-112.73956,33.23329],[-112.73956,33.23524],[-112.74378,33.23527],[-112.74379,33.23348],[-112.76257,33.23367],[-112.76269,33.25161],[-112.74975,33.25157],[-112.7499,33.25882],[-112.76283,33.25871],[-112.76305,33.26924],[-112.75904,33.26929],[-112.75915,33.27257],[-112.76351,33.27244],[-112.76371,33.27575],[-112.7589,33.27626],[-112.75936,33.2902],[-112.76372,33.2902],[-112.76374,33.30274],[-112.76156,33.30277],[-112.76157,33.30458],[-112.75941,33.3046],[-112.75937,33.30825],[-112.75073,33.30836],[-112.7507,33.31201],[-112.74421,33.31206],[-112.7442,33.31024],[-112.73508,33.31025],[-112.73198,33.30841],[-112.72907,33.30783],[-112.72907,33.30663],[-112.72489,33.30663],[-112.72492,33.30481],[-112.71203,33.30521],[-112.70737,33.30522],[-112.7074,33.30881],[-112.69018,33.30883],[-112.69015,33.31425],[-112.68583,33.31425],[-112.68584,33.31245],[-112.68151,33.31245],[-112.68148,33.31607],[-112.69444,33.31607],[-112.69446,33.31246],[-112.70874,33.31236],[-112.71178,33.31236],[-112.71183,33.31962],[-112.70314,33.3196],[-112.70312,33.3232],[-112.67716,33.32324],[-112.67277,33.32326],[-112.67274,33.32628],[-112.67275,33.32681],[-112.66506,33.32683],[-112.65982,33.32682],[-112.65979,33.33037],[-112.64943,33.33037],[-112.64275,33.33037],[-112.64243,33.33351],[-112.64243,33.33398],[-112.64579,33.33397],[-112.63352,33.33683],[-112.62531,33.33898],[-112.63352,33.33704],[-112.63352,33.33707],[-112.62531,33.339],[-112.62526,33.34846],[-112.62457,33.34846],[-112.61666,33.3485],[-112.61666,33.34117],[-112.59984,33.34498],[-112.59982,33.34857],[-112.60384,33.34855],[-112.60379,33.35587],[-112.62516,33.35573],[-112.62516,33.36298],[-112.62458,33.36662],[-112.61743,33.36678],[-112.61744,33.37012],[-112.60814,33.37032],[-112.61662,33.37025],[-112.61663,33.37131],[-112.60809,33.37238],[-112.60806,33.37032],[-112.59081,33.37033],[-112.59081,33.37046],[-112.59092,33.37298],[-112.59228,33.37364],[-112.59078,33.37407],[-112.60099,33.37317],[-112.60404,33.37345],[-112.60807,33.37252],[-112.61633,33.3715],[-112.62432,33.37099],[-112.62486,33.37109],[-112.62824,33.37099],[-112.62932,33.3702],[-112.63369,33.36964],[-112.63815,33.36921],[-112.64238,33.36819],[-112.65156,33.36629],[-112.66013,33.36572],[-112.67221,33.36299],[-112.67706,33.36295],[-112.71401,33.36303],[-112.71814,33.36399],[-112.7238,33.36298],[-112.73355,33.36306],[-112.73555,33.36333],[-112.73511,33.36279],[-112.73515,33.36278],[-112.73636,33.36433],[-112.73576,33.36361],[-112.73345,33.36362],[-112.73347,33.36476],[-112.72736,33.36587],[-112.72736,33.36305],[-112.72444,33.36308],[-112.71861,33.36421],[-112.71423,33.3633],[-112.68808,33.36327],[-112.68561,33.36312],[-112.67706,33.36323],[-112.67241,33.36319],[-112.66809,33.36413],[-112.66805,33.37181],[-112.63373,33.37526],[-112.6273,33.37591],[-112.62779,33.37113],[-112.62531,33.37114],[-112.62503,33.37745],[-112.62801,33.37745],[-112.62801,33.37639],[-112.63374,33.37582],[-112.67556,33.37153],[-112.67556,33.37277],[-112.67674,33.37274],[-112.67681,33.37765],[-112.6773,33.37777],[-112.67733,33.38864],[-112.65997,33.38861],[-112.65999,33.37764],[-112.65564,33.37764],[-112.65562,33.3849],[-112.634,33.38499],[-112.63374,33.3922],[-112.63373,33.39229],[-112.6425,33.39231],[-112.64249,33.40486],[-112.63369,33.40654],[-112.63111,33.40756],[-112.62777,33.40735],[-112.62555,33.4064],[-112.62555,33.40853],[-112.62929,33.40851],[-112.63369,33.40674],[-112.64286,33.40498],[-112.64778,33.40464],[-112.66255,33.40647],[-112.66588,33.40741],[-112.67712,33.40977],[-112.67713,33.4137],[-112.67726,33.41371],[-112.69462,33.41353],[-112.69478,33.43509],[-112.70351,33.43534],[-112.7035,33.43353],[-112.70559,33.43357],[-112.70567,33.43908],[-112.70997,33.43922],[-112.71004,33.43554],[-112.71209,33.4356],[-112.71206,33.43203],[-112.72076,33.43203],[-112.72073,33.42839],[-112.70343,33.42814],[-112.70343,33.42454],[-112.71203,33.42475],[-112.71196,33.39942],[-112.71335,33.39936],[-112.71333,33.39772],[-112.71195,33.39769],[-112.71196,33.39935],[-112.70334,33.39925],[-112.70331,33.39549],[-112.69454,33.39562],[-112.69453,33.39194],[-112.69893,33.39197],[-112.69892,33.38842],[-112.69457,33.38839],[-112.69448,33.37767],[-112.69417,33.37042],[-112.70255,33.3704],[-112.70259,33.3739],[-112.69953,33.3739],[-112.70156,33.37764],[-112.70262,33.37764],[-112.70264,33.37577],[-112.70407,33.37577],[-112.70392,33.37763],[-112.7076,33.37761],[-112.70756,33.39205],[-112.71193,33.39209],[-112.71195,33.39666],[-112.71431,33.39666],[-112.71434,33.39539],[-112.71207,33.39538],[-112.71207,33.39392],[-112.7146,33.39453],[-112.71631,33.39452],[-112.7163,33.39209],[-112.72492,33.3922],[-112.72494,33.39573],[-112.7271,33.39574],[-112.72708,33.39301],[-112.72934,33.39305],[-112.72941,33.4003],[-112.72718,33.40028],[-112.72729,33.40664],[-112.73365,33.40663],[-112.73363,33.40116],[-112.7358,33.40116],[-112.73579,33.40025],[-112.73796,33.40024],[-112.73797,33.40299],[-112.7423,33.40298],[-112.7423,33.40479],[-112.74339,33.40479],[-112.7434,33.4066],[-112.74661,33.40659],[-112.74658,33.40107],[-112.74648,33.37757],[-112.73748,33.36586],[-112.73748,33.3658],[-112.74651,33.37757],[-112.74662,33.40112],[-112.74666,33.41389],[-112.751,33.41386],[-112.751,33.41745],[-112.74992,33.41745],[-112.74992,33.41927],[-112.75101,33.41927],[-112.75112,33.43563],[-112.75525,33.43565],[-112.75541,33.43735],[-112.75553,33.45636],[-112.74684,33.4544],[-112.74683,33.45471],[-112.74691,33.46452],[-112.74688,33.46452],[-112.74367,33.46478],[-112.74693,33.46555],[-112.74714,33.48341],[-112.74718,33.48801],[-112.74721,33.49391],[-112.74459,33.49396],[-112.73838,33.49387],[-112.73842,33.50092],[-112.73409,33.50103],[-112.73406,33.49275],[-112.73622,33.49275],[-112.73619,33.48641],[-112.72964,33.48636],[-112.72962,33.47919],[-112.72958,33.47822],[-112.72978,33.4757],[-112.7296,33.46481],[-112.71227,33.46477],[-112.71225,33.47327],[-112.71246,33.4791],[-112.7211,33.4793],[-112.72107,33.48643],[-112.72319,33.4864],[-112.72322,33.49007],[-112.72971,33.49001],[-112.72968,33.49185],[-112.72322,33.49185],[-112.72323,33.49363],[-112.7211,33.49459],[-112.72116,33.50395],[-112.72117,33.50724],[-112.72236,33.50816],[-112.73853,33.50819],[-112.7385,33.5227],[-112.74576,33.5227],[-112.74719,33.5227],[-112.74721,33.53722],[-112.74479,33.53721],[-112.7298,33.53721],[-112.72986,33.55183],[-112.71231,33.55179],[-112.71251,33.57517],[-112.71245,33.58075],[-112.72983,33.58071],[-112.72986,33.58799],[-112.73533,33.58796],[-112.74738,33.58792],[-112.74748,33.59518],[-112.78183,33.59534],[-112.78184,33.60842],[-112.78198,33.60977],[-112.81919,33.60983],[-112.81972,33.61088],[-112.82407,33.61568],[-112.82479,33.61892],[-112.82745,33.62598],[-112.82831,33.63919],[-112.82895,33.64893],[-112.82814,33.65553],[-112.8289,33.66007],[-112.83121,33.66429],[-112.82874,33.6643],[-112.82874,33.66792],[-112.81574,33.66797],[-112.81575,33.66966],[-112.81565,33.72401],[-112.78946,33.72422],[-112.74713,33.72421]],[[-112.62502,33.37748],[-112.625,33.37732],[-112.62528,33.37114],[-112.62486,33.37123],[-112.62489,33.37621],[-112.61355,33.37734],[-112.60803,33.37737],[-112.60804,33.37718],[-112.59468,33.3772],[-112.59231,33.37697],[-112.59074,33.37806],[-112.60785,33.37798],[-112.60803,33.37798],[-112.61247,33.37825],[-112.60804,33.37824],[-112.60806,33.3812],[-112.61669,33.38125],[-112.61669,33.37767],[-112.62504,33.37759],[-112.62535,33.38473],[-112.62524,33.38844],[-112.6243,33.39193],[-112.62539,33.39218],[-112.62967,33.39219],[-112.62968,33.38847],[-112.62697,33.38845],[-112.62663,33.38417],[-112.62651,33.37798],[-112.62818,33.3776],[-112.63349,33.37761],[-112.62801,33.37745],[-112.62502,33.37748]],[[-112.69404,33.43508],[-112.68639,33.4351],[-112.68642,33.44101],[-112.69263,33.44223],[-112.69263,33.44066],[-112.69481,33.44065],[-112.69478,33.43509],[-112.69404,33.43508]],[[-112.74682,33.4574],[-112.73389,33.45741],[-112.73388,33.4524],[-112.68194,33.44069],[-112.67741,33.44043],[-112.67299,33.43867],[-112.65791,33.43526],[-112.65425,33.43475],[-112.64637,33.434],[-112.64297,33.43334],[-112.63549,33.43016],[-112.63162,33.42925],[-112.6295,33.42925],[-112.62581,33.42993],[-112.6221,33.42955],[-112.61998,33.42821],[-112.6169,33.4282],[-112.6169,33.43106],[-112.61475,33.43106],[-112.61473,33.43182],[-112.60817,33.43177],[-112.60814,33.42862],[-112.60477,33.42954],[-112.59523,33.43273],[-112.59524,33.43546],[-112.59851,33.43547],[-112.59854,33.43815],[-112.59521,33.43785],[-112.59516,33.4428],[-112.60822,33.44273],[-112.60847,33.44983],[-112.62581,33.45],[-112.62573,33.46448],[-112.64318,33.46446],[-112.6429,33.45003],[-112.63003,33.44999],[-112.63001,33.4464],[-112.63438,33.44639],[-112.63436,33.44273],[-112.6386,33.44275],[-112.63863,33.44728],[-112.64138,33.44727],[-112.64082,33.44463],[-112.64294,33.44463],[-112.64295,33.43919],[-112.63871,33.4392],[-112.63869,33.43549],[-112.64307,33.43551],[-112.64307,33.43646],[-112.64726,33.43637],[-112.64728,33.43729],[-112.65367,33.43725],[-112.65366,33.43897],[-112.66015,33.43887],[-112.66021,33.44071],[-112.66666,33.44078],[-112.66666,33.44275],[-112.67201,33.44277],[-112.6731,33.44452],[-112.67726,33.4443],[-112.67743,33.44989],[-112.66923,33.4498],[-112.66886,33.45046],[-112.6689,33.45358],[-112.67763,33.45355],[-112.67766,33.45629],[-112.67876,33.45629],[-112.67875,33.45723],[-112.6788,33.45816],[-112.67767,33.45815],[-112.67769,33.46037],[-112.68193,33.46086],[-112.68194,33.46278],[-112.67982,33.46272],[-112.67982,33.46376],[-112.67783,33.46339],[-112.67773,33.46336],[-112.67773,33.4636],[-112.67848,33.46456],[-112.68195,33.46457],[-112.69079,33.46466],[-112.69519,33.46447],[-112.71225,33.46452],[-112.71226,33.46474],[-112.73007,33.46474],[-112.73007,33.46467],[-112.74688,33.46452],[-112.74682,33.4574]],[[-112.59096,33.44282],[-112.59089,33.43465],[-112.58658,33.43543],[-112.55649,33.44515],[-112.53866,33.4509],[-112.53881,33.45578],[-112.54422,33.45573],[-112.54423,33.45301],[-112.54775,33.45297],[-112.5477,33.45753],[-112.55659,33.45747],[-112.55659,33.4643],[-112.55647,33.46458],[-112.53045,33.46447],[-112.52395,33.46455],[-112.52217,33.46477],[-112.52218,33.46861],[-112.52039,33.47183],[-112.51805,33.47385],[-112.52105,33.4764],[-112.52544,33.47194],[-112.52869,33.47195],[-112.5287,33.46816],[-112.53082,33.46814],[-112.53083,33.47544],[-112.5373,33.47554],[-112.53729,33.47922],[-112.54589,33.47925],[-112.54591,33.47557],[-112.56104,33.47561],[-112.56104,33.48292],[-112.56969,33.48294],[-112.56969,33.47196],[-112.56542,33.47195],[-112.56544,33.46844],[-112.56105,33.46846],[-112.56107,33.46458],[-112.58273,33.46464],[-112.58268,33.47936],[-112.60007,33.47946],[-112.60012,33.46462],[-112.59106,33.4645],[-112.59083,33.45013],[-112.5952,33.45006],[-112.59516,33.4428],[-112.59096,33.44282]],[[-112.74268,33.48276],[-112.7427,33.48198],[-112.74283,33.48202],[-112.74265,33.47915],[-112.7383,33.47915],[-112.73832,33.48072],[-112.73836,33.4855],[-112.74053,33.4855],[-112.74051,33.48276],[-112.74268,33.48276]],[[-112.7273,33.4357],[-112.71209,33.43563],[-112.71211,33.44103],[-112.71428,33.44103],[-112.71426,33.43922],[-112.71651,33.43923],[-112.71655,33.44648],[-112.71864,33.44649],[-112.71862,33.44468],[-112.72061,33.44469],[-112.7206,33.44288],[-112.72951,33.44292],[-112.72966,33.45021],[-112.73386,33.45141],[-112.73387,33.4502],[-112.7379,33.45019],[-112.74035,33.45019],[-112.74034,33.44295],[-112.73811,33.44295],[-112.73812,33.43567],[-112.72948,33.43568],[-112.7295,33.42842],[-112.72626,33.4284],[-112.72624,33.43382],[-112.7273,33.4357]],[[-112.72984,33.60973],[-112.72115,33.60969],[-112.72114,33.62423],[-112.71246,33.62423],[-112.71245,33.63949],[-112.71244,33.66055],[-112.70813,33.66054],[-112.70816,33.66417],[-112.70381,33.66418],[-112.7038,33.68229],[-112.71242,33.68234],[-112.71243,33.6678],[-112.71677,33.66777],[-112.71674,33.66054],[-112.72118,33.66054],[-112.72114,33.65329],[-112.72983,33.65329],[-112.72982,33.63939],[-112.72982,33.62425],[-112.73852,33.62427],[-112.73852,33.60249],[-112.73427,33.60249],[-112.73426,33.6018],[-112.73421,33.59782],[-112.73419,33.59522],[-112.73358,33.59523],[-112.72985,33.59524],[-112.72984,33.60973]],[[-112.71226,33.44285],[-112.71211,33.44284],[-112.71166,33.4439],[-112.71137,33.44649],[-112.7128,33.44676],[-112.7126,33.44389],[-112.71226,33.44285]],[[-112.66016,33.42086],[-112.65997,33.4346],[-112.66213,33.43509],[-112.67306,33.43514],[-112.67738,33.435],[-112.67735,33.42075],[-112.66016,33.42086]],[[-112.63129,33.42826],[-112.63429,33.42893],[-112.6428,33.4305],[-112.64279,33.42827],[-112.64032,33.42824],[-112.63129,33.42826]],[[-112.6426,33.37782],[-112.6426,33.37763],[-112.63391,33.37761],[-112.63391,33.37779],[-112.6426,33.37782]],[[-112.63369,33.36982],[-112.63369,33.37025],[-112.64224,33.37019],[-112.64237,33.36837],[-112.6383,33.36936],[-112.63369,33.36982]],[[-112.6417,33.2032],[-112.61582,33.20314],[-112.61584,33.21754],[-112.63087,33.21765],[-112.63315,33.21765],[-112.63289,33.21043],[-112.64173,33.21038],[-112.6417,33.2032]],[[-112.62994,33.41736],[-112.63384,33.41744],[-112.63437,33.42107],[-112.63633,33.42115],[-112.63633,33.42286],[-112.63428,33.42285],[-112.63428,33.4246],[-112.63859,33.42459],[-112.63859,33.42287],[-112.63655,33.42286],[-112.63654,33.42115],[-112.63847,33.42113],[-112.6385,33.41472],[-112.6338,33.41476],[-112.62993,33.41633],[-112.62994,33.41736]],[[-112.62131,33.42281],[-112.61692,33.42328],[-112.61691,33.42458],[-112.62302,33.42462],[-112.62477,33.42314],[-112.62576,33.42121],[-112.62614,33.42121],[-112.62965,33.42105],[-112.62959,33.41647],[-112.62698,33.41753],[-112.62705,33.42093],[-112.62617,33.42092],[-112.62516,33.421],[-112.6236,33.41736],[-112.62127,33.41736],[-112.62131,33.42281]],[[-112.62521,33.41965],[-112.62538,33.42009],[-112.62552,33.42089],[-112.62548,33.41736],[-112.62399,33.41736],[-112.62521,33.41965]],[[-112.62071,33.40788],[-112.62203,33.41141],[-112.62536,33.41008],[-112.62462,33.40686],[-112.62064,33.40661],[-112.62071,33.40788]],[[-112.59118,33.41248],[-112.59104,33.41265],[-112.60186,33.41236],[-112.60812,33.41319],[-112.61297,33.41372],[-112.61791,33.41298],[-112.62171,33.41154],[-112.62028,33.40661],[-112.61692,33.40649],[-112.61688,33.41298],[-112.61272,33.41358],[-112.608,33.413],[-112.60223,33.41213],[-112.59959,33.41204],[-112.59118,33.41248]],[[-112.60364,33.35955],[-112.60363,33.36304],[-112.60807,33.36301],[-112.60808,33.3606],[-112.60744,33.35957],[-112.60364,33.35955]],[[-112.60553,33.38222],[-112.60406,33.38124],[-112.60405,33.38479],[-112.60661,33.38478],[-112.6077,33.38407],[-112.60769,33.38222],[-112.60553,33.38222]],[[-112.59528,33.39213],[-112.59526,33.39558],[-112.60126,33.39551],[-112.60126,33.39205],[-112.59921,33.39196],[-112.59528,33.39213]],[[-112.60013,33.38117],[-112.60014,33.37807],[-112.59949,33.37807],[-112.59946,33.38117],[-112.60013,33.38117]],[[-112.58928,33.42455],[-112.58606,33.42432],[-112.58229,33.42634],[-112.58229,33.42814],[-112.58874,33.42812],[-112.58872,33.42643],[-112.58873,33.42631],[-112.58928,33.42455]],[[-112.58626,33.43422],[-112.58654,33.43357],[-112.58441,33.43357],[-112.58442,33.43506],[-112.58225,33.43539],[-112.58348,33.43538],[-112.58373,33.4354],[-112.58514,33.43493],[-112.58626,33.43422]],[[-112.57449,33.3784],[-112.57367,33.37831],[-112.57361,33.38239],[-112.57568,33.38239],[-112.5757,33.3843],[-112.5737,33.38482],[-112.5839,33.38477],[-112.58389,33.38307],[-112.58121,33.38197],[-112.58195,33.38133],[-112.58392,33.38211],[-112.58272,33.38069],[-112.58317,33.37941],[-112.57787,33.37937],[-112.57585,33.37889],[-112.57786,33.37837],[-112.57772,33.37759],[-112.57446,33.37762],[-112.57449,33.3784]],[[-112.58284,33.52306],[-112.58273,33.50856],[-112.56545,33.5085],[-112.56547,33.52302],[-112.58284,33.52306]],[[-112.58194,33.41295],[-112.58196,33.41272],[-112.57371,33.41293],[-112.57325,33.41295],[-112.58194,33.41295]],[[-112.57773,33.36323],[-112.57772,33.36119],[-112.57676,33.3612],[-112.57678,33.36323],[-112.57773,33.36323]],[[-112.57382,33.39748],[-112.57382,33.39933],[-112.57585,33.39933],[-112.57585,33.39849],[-112.57585,33.39747],[-112.57382,33.39748]],[[-112.56609,33.40304],[-112.56608,33.3993],[-112.56489,33.39929],[-112.5649,33.40309],[-112.56609,33.40304]],[[-112.55662,33.44418],[-112.55915,33.44337],[-112.56319,33.44207],[-112.55955,33.44301],[-112.55679,33.4436],[-112.55662,33.44418]],[[-112.56285,33.41483],[-112.56285,33.41379],[-112.55637,33.41381],[-112.55649,33.41621],[-112.56285,33.41483]],[[-112.55272,33.44528],[-112.54799,33.44697],[-112.55646,33.44423],[-112.55644,33.44288],[-112.55616,33.44365],[-112.55272,33.44528]],[[-112.55615,33.41023],[-112.55621,33.40684],[-112.54879,33.40685],[-112.54876,33.41028],[-112.55615,33.41023]],[[-112.55606,33.42127],[-112.53929,33.42138],[-112.53919,33.42857],[-112.54066,33.42849],[-112.556,33.42837],[-112.555,33.42748],[-112.55599,33.42668],[-112.55606,33.42127]],[[-112.55216,33.46447],[-112.55216,33.46102],[-112.5477,33.461],[-112.54793,33.4644],[-112.55216,33.46447]],[[-112.53086,33.48926],[-112.53082,33.49366],[-112.54801,33.4938],[-112.54811,33.48652],[-112.53085,33.4865],[-112.53086,33.48926]],[[-112.53901,33.39957],[-112.54113,33.39955],[-112.54772,33.39942],[-112.54769,33.39254],[-112.53869,33.39238],[-112.53901,33.39957]],[[-112.54479,33.36289],[-112.54479,33.36174],[-112.54305,33.36172],[-112.54305,33.36289],[-112.54479,33.36289]],[[-112.53079,33.51691],[-112.53085,33.52282],[-112.53963,33.52287],[-112.53959,33.50828],[-112.53084,33.50832],[-112.53079,33.51691]],[[-112.53648,33.40673],[-112.53648,33.40744],[-112.53779,33.40743],[-112.5378,33.4086],[-112.53892,33.40859],[-112.53886,33.40671],[-112.53648,33.40673]],[[-112.53004,33.39233],[-112.53018,33.39953],[-112.53439,33.39957],[-112.53437,33.39591],[-112.53863,33.39595],[-112.53847,33.39239],[-112.53004,33.39233]],[[-112.53031,33.45042],[-112.53031,33.45031],[-112.52598,33.45029],[-112.52598,33.4504],[-112.53031,33.45042]],[[-112.4983,33.4539],[-112.49828,33.45021],[-112.49629,33.45016],[-112.49612,33.45015],[-112.49615,33.4503],[-112.49571,33.45195],[-112.49571,33.4572],[-112.49614,33.45391],[-112.4983,33.4539]],[[-112.468,33.46468],[-112.47022,33.46468],[-112.47024,33.47008],[-112.47878,33.47015],[-112.47878,33.46489],[-112.48317,33.46492],[-112.48317,33.46844],[-112.48103,33.46833],[-112.48108,33.47383],[-112.48207,33.47383],[-112.48208,33.47561],[-112.48326,33.4756],[-112.48328,33.47912],[-112.48968,33.47911],[-112.48966,33.47559],[-112.49185,33.47558],[-112.49182,33.472],[-112.49633,33.47202],[-112.49636,33.46475],[-112.49615,33.46475],[-112.48732,33.46288],[-112.48732,33.46466],[-112.47878,33.46461],[-112.47879,33.4633],[-112.4676,33.46283],[-112.468,33.46468]],[[-112.48036,33.45758],[-112.48731,33.45759],[-112.48758,33.45759],[-112.49571,33.45757],[-112.47978,33.45746],[-112.48036,33.45758]],[[-112.47715,33.45475],[-112.47663,33.45387],[-112.47866,33.45388],[-112.47862,33.45523],[-112.47898,33.45521],[-112.47912,33.45433],[-112.47914,33.45204],[-112.47906,33.45032],[-112.47881,33.4502],[-112.47016,33.45021],[-112.4702,33.45749],[-112.4625,33.45749],[-112.46569,33.45769],[-112.46572,33.46198],[-112.47304,33.46196],[-112.47663,33.46166],[-112.47662,33.45929],[-112.47863,33.45929],[-112.47864,33.46151],[-112.4792,33.45769],[-112.47862,33.45837],[-112.47786,33.45883],[-112.47662,33.45883],[-112.47662,33.45748],[-112.47976,33.45757],[-112.47976,33.45653],[-112.48036,33.45298],[-112.47916,33.45298],[-112.47915,33.45436],[-112.47901,33.45524],[-112.47862,33.45732],[-112.47673,33.45732],[-112.47674,33.45562],[-112.47715,33.45475]]],[[[-112.55658,33.44896],[-112.55652,33.44743],[-112.56302,33.44735],[-112.56298,33.44553],[-112.56947,33.44542],[-112.56948,33.44636],[-112.57383,33.44631],[-112.57379,33.44447],[-112.58035,33.44269],[-112.5824,33.44263],[-112.58241,33.45735],[-112.57389,33.45729],[-112.57389,33.44997],[-112.56525,33.45028],[-112.55663,33.45016],[-112.55664,33.44956],[-112.55658,33.44896]]],[[[-112.5549,33.45018],[-112.55606,33.45016],[-112.55606,33.45204],[-112.555,33.45203],[-112.5549,33.45018]]],[[[-112.65963,33.7858],[-112.65965,33.79313],[-112.66397,33.79313],[-112.664,33.81121],[-112.65533,33.81119],[-112.65533,33.78221],[-112.65525,33.73889],[-112.68132,33.73889],[-112.68134,33.75317],[-112.67269,33.75315],[-112.6727,33.76768],[-112.66403,33.76767],[-112.66398,33.78222],[-112.66397,33.7858],[-112.65963,33.7858]]],[[[-112.50432,33.35999],[-112.50438,33.35937],[-112.5117,33.35934],[-112.51172,33.35937],[-112.5044,33.3594],[-112.50432,33.35999]]],[[[-112.46111,33.3774],[-112.45828,33.3774],[-112.45828,33.37376],[-112.46147,33.36968],[-112.46927,33.35994],[-112.47401,33.35998],[-112.474,33.36001],[-112.46927,33.35996],[-112.4615,33.36969],[-112.45831,33.37376],[-112.45832,33.37737],[-112.46222,33.37739],[-112.46222,33.37741],[-112.46111,33.3774]]],[[[-112.46368,33.37728],[-112.46911,33.37568],[-112.47199,33.37459],[-112.47773,33.37412],[-112.47766,33.37757],[-112.46368,33.37728]]],[[[-112.4868,33.38108],[-112.48325,33.3811],[-112.48325,33.37953],[-112.48541,33.37869],[-112.48541,33.37755],[-112.48688,33.37755],[-112.4868,33.38108]]],[[[-112.50433,33.38356],[-112.50432,33.37905],[-112.50414,33.37758],[-112.50851,33.37763],[-112.50852,33.3836],[-112.50433,33.38356]]],[[[-112.53032,33.37774],[-112.53863,33.37769],[-112.53868,33.37891],[-112.5386,33.38579],[-112.5359,33.38676],[-112.53034,33.3882],[-112.52897,33.38855],[-112.52579,33.38859],[-112.52583,33.37777],[-112.53032,33.37774]],[[-112.53859,33.3849],[-112.53862,33.38298],[-112.53763,33.38298],[-112.53761,33.38482],[-112.53859,33.3849]]],[[[-112.47889,33.39886],[-112.47877,33.39803],[-112.47127,33.39879],[-112.46589,33.39838],[-112.46151,33.39761],[-112.4615,33.40288],[-112.47012,33.40295],[-112.47068,33.40658],[-112.47663,33.40659],[-112.47664,33.4083],[-112.47865,33.40831],[-112.47879,33.42483],[-112.46164,33.42471],[-112.46189,33.42101],[-112.47007,33.42102],[-112.47009,33.4174],[-112.46164,33.41749],[-112.46179,33.41386],[-112.46158,33.40657],[-112.46147,33.40657],[-112.46147,33.38867],[-112.46222,33.37741],[-112.46232,33.38871],[-112.4615,33.3887],[-112.4615,33.39182],[-112.46963,33.39189],[-112.4697,33.3883],[-112.47827,33.38844],[-112.47825,33.38473],[-112.48266,33.3847],[-112.48269,33.38851],[-112.47841,33.38844],[-112.47813,33.39205],[-112.47828,33.39552],[-112.47674,33.39676],[-112.47677,33.39489],[-112.47812,33.39486],[-112.4781,33.39205],[-112.4615,33.39184],[-112.46163,33.39742],[-112.46611,33.3982],[-112.47134,33.39861],[-112.47893,33.39786],[-112.47879,33.39569],[-112.48966,33.39568],[-112.49202,33.39603],[-112.49653,33.39364],[-112.50833,33.39182],[-112.51435,33.39053],[-112.5214,33.38963],[-112.52141,33.39117],[-112.51722,33.39217],[-112.5172,33.39031],[-112.51178,33.39136],[-112.49647,33.39379],[-112.49175,33.39626],[-112.49178,33.39696],[-112.47889,33.39886]]],[[[-112.49639,33.39684],[-112.5042,33.39586],[-112.50418,33.40656],[-112.49621,33.4065],[-112.49639,33.39684]]],[[[-112.49587,33.4066],[-112.49587,33.40648],[-112.47889,33.40649],[-112.47889,33.39886],[-112.49609,33.39675],[-112.49609,33.4066],[-112.49587,33.4066]]],[[[-112.49608,33.41021],[-112.49609,33.41387],[-112.48747,33.41386],[-112.48746,33.41023],[-112.48259,33.41023],[-112.48257,33.40659],[-112.49186,33.40659],[-112.49185,33.41018],[-112.49608,33.41021]]],[[[-112.53216,33.42117],[-112.53145,33.42117],[-112.5308,33.42038],[-112.53362,33.41999],[-112.53362,33.42115],[-112.53216,33.42117]]],[[[-112.5042,33.41392],[-112.51293,33.41397],[-112.51294,33.42617],[-112.50927,33.42785],[-112.50679,33.42859],[-112.50424,33.4286],[-112.50421,33.42118],[-112.49622,33.42105],[-112.49621,33.41459],[-112.5042,33.41392]]],[[[-112.47703,33.42665],[-112.47861,33.42658],[-112.4788,33.42659],[-112.4788,33.42824],[-112.47709,33.42828],[-112.47703,33.42665]]]]}},{"type":"Feature","properties":{"name":"WeRIDE El Mirage","boundary_type":"city","source":"Census TIGER place","fidelity":"exact","updated":"2026-09","units":"El Mirage city","note":"Microtransit zone encompassing El Mirage municipal area","confidence":0.95},"geometry":{"type":"Polygon","coordinates":[[[-112.34189,33.58016],[-112.34199,33.5873],[-112.34198,33.59194],[-112.34195,33.59363],[-112.34201,33.59456],[-112.34201,33.60181],[-112.34206,33.60908],[-112.34207,33.60922],[-112.34218,33.61631],[-112.3422,33.62044],[-112.34217,33.62356],[-112.34206,33.62356],[-112.33081,33.6236],[-112.33042,33.62359],[-112.31301,33.60974],[-112.31171,33.60931],[-112.32953,33.62352],[-112.32909,33.62351],[-112.32481,33.62348],[-112.32478,33.63078],[-112.31207,33.63072],[-112.31167,33.62351],[-112.30998,33.62357],[-112.30753,33.62346],[-112.30319,33.62341],[-112.30313,33.6145],[-112.30348,33.60885],[-112.30408,33.60886],[-112.30738,33.60884],[-112.30744,33.60838],[-112.30741,33.60756],[-112.30741,33.60746],[-112.30467,33.6067],[-112.30564,33.60162],[-112.30701,33.59454],[-112.30744,33.59379],[-112.31128,33.58714],[-112.3159,33.58716],[-112.31587,33.57995],[-112.31583,33.57266],[-112.32004,33.57268],[-112.32011,33.56534],[-112.31862,33.56496],[-112.31811,33.56533],[-112.31629,33.56533],[-112.31631,33.56542],[-112.31619,33.56542],[-112.31579,33.56542],[-112.31567,33.55093],[-112.34599,33.55112],[-112.34599,33.5512],[-112.34599,33.55155],[-112.346,33.55258],[-112.34977,33.5526],[-112.3503,33.55261],[-112.35033,33.55845],[-112.34181,33.5584],[-112.34184,33.56553],[-112.35035,33.56559],[-112.35041,33.58009],[-112.35051,33.58009],[-112.35051,33.58016],[-112.34189,33.58016]]]}},{"type":"Feature","properties":{"name":"White Mountain Apache Transit","boundary_type":"tribal","source":"Census TIGER AIANNH area","fidelity":"approximate","updated":"2026-09","units":"Fort Apache Reservation","note":"Demand-response service serving Whiteriver and the Fort Apache Indian Reservation, operated by the White Mountain Apache Tribe (whitemountainapache.org). Encoded as the Fort Apache Indian Reservation (Census AIANNH) boundary, approximate fidelity, matching the pattern used for Gila River.","confidence":0.75},"geometry":{"type":"Polygon","coordinates":[[[-110.78289,34.23469],[-110.78314,34.23701],[-110.78311,34.29986],[-110.78193,34.29906],[-110.7797,34.299],[-110.76461,34.29243],[-110.76126,34.28787],[-110.75789,34.27934],[-110.75893,34.27896],[-110.76176,34.27616],[-110.76234,34.27299],[-110.7667,34.269],[-110.76734,34.26731],[-110.76653,34.26166],[-110.76696,34.259],[-110.76323,34.25841],[-110.76271,34.25919],[-110.75783,34.26098],[-110.75068,34.26331],[-110.75068,34.26467],[-110.73904,34.27065],[-110.73697,34.27055],[-110.73143,34.267],[-110.7294,34.26693],[-110.71738,34.26979],[-110.71442,34.26839],[-110.71105,34.26823],[-110.70659,34.2709],[-110.70049,34.27109],[-110.69777,34.26999],[-110.69256,34.27148],[-110.67671,34.275],[-110.67201,34.2773],[-110.67053,34.2766],[-110.66571,34.2763],[-110.65911,34.27418],[-110.65617,34.27207],[-110.65288,34.268],[-110.64946,34.26604],[-110.64429,34.26634],[-110.64488,34.26831],[-110.6442,34.26924],[-110.64077,34.26863],[-110.63935,34.28461],[-110.6362,34.28805],[-110.63028,34.28884],[-110.62568,34.28781],[-110.61658,34.28666],[-110.61116,34.28723],[-110.60116,34.28918],[-110.59698,34.29128],[-110.58405,34.28744],[-110.58218,34.28166],[-110.57683,34.27667],[-110.57143,34.27434],[-110.5689,34.27485],[-110.56536,34.28129],[-110.56068,34.27914],[-110.55251,34.27351],[-110.54752,34.27136],[-110.54497,34.27098],[-110.54199,34.27131],[-110.53912,34.27299],[-110.53775,34.27435],[-110.53972,34.27542],[-110.54045,34.27748],[-110.54067,34.28025],[-110.54034,34.28249],[-110.53391,34.28486],[-110.52661,34.2904],[-110.52362,34.29291],[-110.52291,34.29595],[-110.52208,34.29708],[-110.519,34.29814],[-110.51701,34.3004],[-110.51183,34.30299],[-110.51001,34.30335],[-110.50124,34.30148],[-110.49662,34.3016],[-110.49171,34.30085],[-110.4887,34.30145],[-110.47572,34.30039],[-110.47059,34.30344],[-110.46792,34.30346],[-110.46476,34.30248],[-110.45686,34.30294],[-110.45601,34.3054],[-110.45063,34.30358],[-110.44771,34.30203],[-110.44066,34.30006],[-110.43701,34.30039],[-110.43325,34.30366],[-110.43325,34.30516],[-110.43134,34.30544],[-110.43114,34.30711],[-110.42831,34.30559],[-110.42487,34.30586],[-110.4237,34.30562],[-110.4191,34.29754],[-110.4167,34.2965],[-110.4173,34.29369],[-110.41333,34.2939],[-110.40823,34.29197],[-110.40701,34.2928],[-110.40688,34.29022],[-110.4047,34.28847],[-110.40229,34.28814],[-110.39467,34.28845],[-110.39317,34.28749],[-110.39318,34.28417],[-110.38923,34.2822],[-110.38717,34.28214],[-110.38427,34.28348],[-110.38202,34.2826],[-110.38175,34.28075],[-110.37741,34.27958],[-110.37653,34.28023],[-110.37428,34.27945],[-110.37316,34.2768],[-110.3712,34.27559],[-110.37164,34.27291],[-110.3732,34.27129],[-110.37271,34.26772],[-110.3713,34.2657],[-110.37391,34.26131],[-110.373,34.26009],[-110.3694,34.25684],[-110.36323,34.25556],[-110.3577,34.25339],[-110.35512,34.25184],[-110.35345,34.25004],[-110.35242,34.24673],[-110.34825,34.23978],[-110.34479,34.23784],[-110.34009,34.23566],[-110.33759,34.23403],[-110.33546,34.23343],[-110.32609,34.23575],[-110.32266,34.23926],[-110.32031,34.23947],[-110.31668,34.23824],[-110.31349,34.23572],[-110.30825,34.23552],[-110.30462,34.23416],[-110.30277,34.23075],[-110.29907,34.22598],[-110.29611,34.22267],[-110.29262,34.22047],[-110.28786,34.21883],[-110.28428,34.21803],[-110.27381,34.21686],[-110.26865,34.21708],[-110.26158,34.21683],[-110.26047,34.21755],[-110.25067,34.21937],[-110.2421,34.21921],[-110.23924,34.21966],[-110.23351,34.22319],[-110.23101,34.22577],[-110.23073,34.23069],[-110.22774,34.23492],[-110.22217,34.24037],[-110.21911,34.24274],[-110.21649,34.24383],[-110.21235,34.24399],[-110.20779,34.24444],[-110.20398,34.24609],[-110.20273,34.24754],[-110.20265,34.25097],[-110.20128,34.25086],[-110.2,34.24938],[-110.19736,34.2495],[-110.19457,34.24769],[-110.19272,34.24711],[-110.19218,34.24289],[-110.19062,34.24238],[-110.19098,34.2408],[-110.18784,34.23855],[-110.18287,34.23798],[-110.18148,34.23835],[-110.17936,34.23713],[-110.17729,34.23746],[-110.1766,34.239],[-110.17079,34.23914],[-110.16745,34.23679],[-110.16286,34.23444],[-110.16343,34.2297],[-110.16406,34.22863],[-110.16284,34.22722],[-110.15923,34.22604],[-110.15832,34.22198],[-110.15619,34.22136],[-110.15326,34.22174],[-110.14994,34.22154],[-110.14655,34.22007],[-110.13972,34.2159],[-110.13865,34.21635],[-110.13769,34.21444],[-110.13609,34.21357],[-110.12567,34.21309],[-110.12322,34.21239],[-110.11857,34.21375],[-110.11676,34.21316],[-110.11561,34.20955],[-110.11378,34.20684],[-110.11116,34.20568],[-110.10833,34.20186],[-110.10641,34.20246],[-110.10385,34.20234],[-110.10263,34.2028],[-110.10067,34.20576],[-110.09515,34.20727],[-110.09019,34.21037],[-110.08786,34.21249],[-110.08698,34.21238],[-110.08675,34.21053],[-110.08328,34.20757],[-110.08103,34.20435],[-110.07935,34.20273],[-110.07651,34.19793],[-110.07758,34.19427],[-110.07612,34.19349],[-110.07497,34.19123],[-110.07283,34.1912],[-110.06917,34.19297],[-110.06801,34.19387],[-110.06714,34.19512],[-110.05997,34.19589],[-110.05708,34.19907],[-110.05416,34.20069],[-110.05176,34.20101],[-110.04785,34.20218],[-110.04393,34.20454],[-110.04212,34.20417],[-110.04123,34.2032],[-110.04072,34.20047],[-110.04096,34.19889],[-110.04094,34.1982],[-110.03928,34.19717],[-110.03669,34.19695],[-110.03547,34.1952],[-110.0332,34.19351],[-110.03378,34.19303],[-110.03399,34.19035],[-110.0317,34.18858],[-110.03015,34.18629],[-110.02901,34.18725],[-110.02475,34.18442],[-110.02483,34.18355],[-110.02439,34.18246],[-110.02211,34.18107],[-110.01899,34.17737],[-110.01675,34.17574],[-110.0159,34.17456],[-110.01756,34.17217],[-110.01798,34.16956],[-110.01817,34.16768],[-110.01598,34.16605],[-110.01234,34.16462],[-110.0108,34.16497],[-110.01061,34.161],[-110.01409,34.15952],[-110.01453,34.15593],[-110.01259,34.15432],[-110.01073,34.15165],[-110.01228,34.15002],[-110.01257,34.14826],[-110.01148,34.14673],[-110.00846,34.14681],[-110.00687,34.14611],[-110.00205,34.14195],[-109.99815,34.14348],[-109.99559,34.14355],[-109.98976,34.14207],[-109.98459,34.13969],[-109.98222,34.13949],[-109.98064,34.13853],[-109.98053,34.13662],[-109.97856,34.13282],[-109.97618,34.12595],[-109.97553,34.12504],[-109.97534,34.12208],[-109.97803,34.11723],[-109.97212,34.11233],[-109.96936,34.10968],[-109.96653,34.10924],[-109.96608,34.11014],[-109.96233,34.11247],[-109.95957,34.11347],[-109.95478,34.11335],[-109.95192,34.11452],[-109.94698,34.11486],[-109.94501,34.11447],[-109.94276,34.11308],[-109.93892,34.11107],[-109.93438,34.10986],[-109.93316,34.10923],[-109.93079,34.1065],[-109.93006,34.10598],[-109.9221,34.10292],[-109.91617,34.10186],[-109.91543,34.10184],[-109.9098,34.10242],[-109.90353,34.10223],[-109.89753,34.09909],[-109.89218,34.09834],[-109.8902,34.0992],[-109.88591,34.10079],[-109.88423,34.10397],[-109.88271,34.10473],[-109.88023,34.10512],[-109.87672,34.10446],[-109.87471,34.10479],[-109.87022,34.10712],[-109.86586,34.10838],[-109.86239,34.10809],[-109.85919,34.1095],[-109.85919,34.10977],[-109.85654,34.10974],[-109.85266,34.11096],[-109.84939,34.11085],[-109.84542,34.11156],[-109.8438,34.11045],[-109.83919,34.1099],[-109.83534,34.11009],[-109.8289,34.11148],[-109.82664,34.11149],[-109.82331,34.1118],[-109.81854,34.11439],[-109.81793,34.11599],[-109.81559,34.11854],[-109.80891,34.12056],[-109.80705,34.12258],[-109.80735,34.12401],[-109.80426,34.12583],[-109.80365,34.12625],[-109.80317,34.12703],[-109.80182,34.12776],[-109.79896,34.12589],[-109.79563,34.12504],[-109.79384,34.12504],[-109.78887,34.12421],[-109.78209,34.12141],[-109.78149,34.12065],[-109.77759,34.11823],[-109.77549,34.11819],[-109.77334,34.11917],[-109.76373,34.11865],[-109.76226,34.11779],[-109.75821,34.11987],[-109.7538,34.12571],[-109.75168,34.12769],[-109.74892,34.12844],[-109.74754,34.12799],[-109.74394,34.12839],[-109.7418,34.13],[-109.73942,34.12995],[-109.7406,34.13229],[-109.73983,34.13575],[-109.73559,34.13638],[-109.7338,34.13705],[-109.73189,34.1354],[-109.7294,34.13506],[-109.72729,34.13967],[-109.72519,34.13958],[-109.72091,34.13806],[-109.71884,34.1388],[-109.71786,34.13788],[-109.71497,34.13987],[-109.7126,34.14257],[-109.71004,34.14375],[-109.7052,34.14402],[-109.70331,34.14341],[-109.70371,34.13862],[-109.70262,34.13826],[-109.70157,34.1365],[-109.69745,34.13356],[-109.69381,34.13057],[-109.69159,34.1316],[-109.69135,34.13338],[-109.68741,34.13339],[-109.6843,34.1372],[-109.68342,34.13882],[-109.68168,34.13922],[-109.6797,34.14118],[-109.67926,34.14384],[-109.67607,34.1486],[-109.67429,34.15012],[-109.67202,34.1504],[-109.67072,34.14969],[-109.66746,34.14599],[-109.66584,34.14599],[-109.66186,34.14283],[-109.65978,34.13919],[-109.65824,34.13757],[-109.65727,34.13774],[-109.6562,34.13258],[-109.6536,34.13043],[-109.65611,34.12749],[-109.6588,34.12551],[-109.66017,34.12178],[-109.65522,34.10679],[-109.65389,34.10545],[-109.65277,34.10143],[-109.64246,34.09996],[-109.6399,34.1012],[-109.63746,34.10036],[-109.63323,34.1002],[-109.62959,34.09946],[-109.6244,34.09989],[-109.62241,34.10063],[-109.61666,34.10034],[-109.61544,34.09966],[-109.61297,34.0995],[-109.61087,34.10075],[-109.60546,34.10231],[-109.6065,34.09991],[-109.60649,34.09779],[-109.60012,34.09114],[-109.59934,34.0828],[-109.592,34.07678],[-109.58436,34.06114],[-109.58179,34.0574],[-109.57875,34.05493],[-109.56585,34.04926],[-109.55952,34.03781],[-109.55968,34.0365],[-109.55842,34.03441],[-109.55676,34.03293],[-109.55105,34.02994],[-109.54427,34.03013],[-109.54275,34.03017],[-109.53272,34.02373],[-109.52691,34.02399],[-109.52145,34.01946],[-109.52306,34.01533],[-109.53063,34.00822],[-109.52827,34.00119],[-109.52964,34.00048],[-109.52943,33.99925],[-109.53159,33.99599],[-109.53073,33.9911],[-109.52823,33.98959],[-109.52568,33.98708],[-109.52766,33.98548],[-109.53113,33.98009],[-109.5342,33.97636],[-109.53586,33.97597],[-109.53774,33.97444],[-109.53819,33.97307],[-109.53667,33.97071],[-109.53794,33.96969],[-109.53735,33.96794],[-109.53729,33.96505],[-109.53889,33.96276],[-109.54055,33.96243],[-109.54106,33.95999],[-109.54428,33.9574],[-109.54361,33.95538],[-109.5441,33.94925],[-109.54622,33.94776],[-109.54969,33.94447],[-109.55285,33.94413],[-109.55761,33.94027],[-109.55896,33.93881],[-109.5676,33.92644],[-109.56911,33.92508],[-109.56936,33.92361],[-109.57193,33.92141],[-109.57069,33.91922],[-109.56663,33.91654],[-109.56633,33.91295],[-109.56434,33.90995],[-109.55283,33.91284],[-109.54962,33.91439],[-109.54063,33.91947],[-109.53758,33.92209],[-109.53572,33.92195],[-109.53403,33.92072],[-109.5314,33.9204],[-109.52659,33.91607],[-109.52501,33.91582],[-109.5204,33.91622],[-109.51797,33.9159],[-109.5166,33.91498],[-109.51485,33.91188],[-109.51321,33.91009],[-109.51139,33.90951],[-109.5101,33.90973],[-109.50182,33.91324],[-109.49685,33.91563],[-109.49556,33.91572],[-109.49509,33.77751],[-109.49524,33.75966],[-109.49568,33.75403],[-109.49633,33.74892],[-109.49502,33.70051],[-109.49668,33.65244],[-109.50006,33.65275],[-109.50116,33.65209],[-109.50062,33.65085],[-109.50241,33.65068],[-109.50281,33.64998],[-109.50258,33.64577],[-109.50439,33.64373],[-109.50606,33.64344],[-109.50855,33.64418],[-109.50992,33.64507],[-109.5118,33.64448],[-109.51184,33.64219],[-109.51395,33.64163],[-109.51483,33.64171],[-109.5156,33.64324],[-109.5176,33.64343],[-109.51817,33.64589],[-109.5195,33.6458],[-109.51944,33.64387],[-109.51863,33.64069],[-109.51762,33.63871],[-109.51797,33.63604],[-109.51744,33.63464],[-109.51962,33.63399],[-109.52065,33.63241],[-109.52253,33.63089],[-109.52342,33.62955],[-109.52416,33.62711],[-109.52621,33.62589],[-109.52818,33.62292],[-109.52567,33.62201],[-109.52474,33.62001],[-109.52518,33.61864],[-109.52982,33.61868],[-109.53456,33.62005],[-109.53835,33.62467],[-109.54013,33.62468],[-109.54124,33.62375],[-109.54082,33.62252],[-109.54158,33.61995],[-109.54362,33.61943],[-109.54313,33.6178],[-109.54377,33.61674],[-109.54603,33.61749],[-109.54695,33.61883],[-109.54614,33.62024],[-109.54659,33.6209],[-109.55015,33.62157],[-109.55355,33.61984],[-109.55509,33.62018],[-109.55682,33.62388],[-109.55939,33.62642],[-109.5618,33.62629],[-109.56549,33.62417],[-109.56767,33.62324],[-109.56808,33.6225],[-109.57191,33.62195],[-109.57241,33.6211],[-109.57695,33.61798],[-109.57795,33.61767],[-109.57917,33.61854],[-109.58234,33.61781],[-109.58217,33.61687],[-109.5798,33.61604],[-109.58009,33.61402],[-109.58174,33.61285],[-109.58558,33.61284],[-109.58709,33.61554],[-109.58959,33.61638],[-109.59217,33.61488],[-109.59506,33.61442],[-109.59849,33.61305],[-109.59838,33.61029],[-109.60061,33.61107],[-109.60288,33.61288],[-109.60548,33.61162],[-109.60694,33.60748],[-109.60618,33.60509],[-109.60416,33.60138],[-109.60704,33.59842],[-109.60876,33.59614],[-109.60931,33.5935],[-109.61001,33.59283],[-109.61203,33.59278],[-109.61346,33.5946],[-109.61482,33.59474],[-109.61689,33.59252],[-109.61833,33.58817],[-109.61957,33.58579],[-109.61963,33.58406],[-109.62163,33.58324],[-109.62322,33.58422],[-109.62493,33.58906],[-109.62622,33.58964],[-109.62881,33.5887],[-109.63047,33.58743],[-109.63099,33.58495],[-109.63235,33.58443],[-109.63416,33.58487],[-109.63575,33.58455],[-109.64351,33.58596],[-109.64521,33.58589],[-109.6458,33.58519],[-109.65242,33.58325],[-109.6539,33.58331],[-109.6546,33.58411],[-109.65647,33.58433],[-109.66062,33.58359],[-109.65967,33.58032],[-109.66077,33.57863],[-109.6629,33.57953],[-109.66479,33.57965],[-109.6676,33.57826],[-109.66901,33.57656],[-109.67197,33.57478],[-109.67553,33.57324],[-109.67422,33.57164],[-109.67452,33.57075],[-109.6765,33.56887],[-109.67514,33.56794],[-109.67283,33.56835],[-109.67066,33.56712],[-109.67052,33.56509],[-109.67225,33.5605],[-109.67194,33.55934],[-109.6658,33.55798],[-109.66478,33.55685],[-109.66523,33.55532],[-109.66785,33.55459],[-109.67091,33.55453],[-109.67848,33.55703],[-109.67944,33.55534],[-109.67864,33.5532],[-109.67928,33.55097],[-109.68125,33.54793],[-109.68477,33.54353],[-109.68583,33.54294],[-109.6901,33.54211],[-109.69093,33.54155],[-109.69095,33.53982],[-109.6927,33.53936],[-109.6942,33.53996],[-109.69655,33.53919],[-109.69764,33.53697],[-109.69882,33.53571],[-109.70058,33.53498],[-109.70221,33.53545],[-109.70426,33.53971],[-109.70659,33.53987],[-109.70763,33.53871],[-109.70783,33.53638],[-109.70651,33.5345],[-109.70748,33.5319],[-109.70946,33.53116],[-109.71556,33.53135],[-109.71638,33.5306],[-109.71618,33.52925],[-109.71479,33.52767],[-109.71292,33.52661],[-109.7131,33.52519],[-109.71778,33.52439],[-109.72228,33.52216],[-109.72104,33.51982],[-109.72149,33.51894],[-109.72338,33.51876],[-109.72531,33.5204],[-109.72395,33.52204],[-109.72414,33.52279],[-109.72585,33.52327],[-109.72891,33.52273],[-109.73146,33.52106],[-109.73029,33.51855],[-109.72809,33.51723],[-109.7283,33.51539],[-109.72982,33.51427],[-109.73179,33.51451],[-109.73646,33.51295],[-109.73964,33.51055],[-109.74062,33.50926],[-109.74058,33.50811],[-109.74178,33.50599],[-109.74404,33.50327],[-109.74409,33.50151],[-109.74229,33.49719],[-109.74186,33.49415],[-109.74234,33.49299],[-109.74593,33.49046],[-109.7466,33.48824],[-109.74584,33.48716],[-109.74618,33.48533],[-109.74769,33.48467],[-109.75091,33.48224],[-109.75322,33.48141],[-109.75827,33.48093],[-109.76078,33.48184],[-109.76217,33.48104],[-109.7618,33.47871],[-109.76256,33.47751],[-109.76727,33.47542],[-109.77044,33.47629],[-109.77207,33.47603],[-109.77643,33.477],[-109.77982,33.47708],[-109.78114,33.47646],[-109.78402,33.47656],[-109.7846,33.47915],[-109.78455,33.48174],[-109.78838,33.48275],[-109.79025,33.48376],[-109.79075,33.48464],[-109.79265,33.48526],[-109.79661,33.48376],[-109.7988,33.48558],[-109.79978,33.48831],[-109.80211,33.48886],[-109.80415,33.48814],[-109.8046,33.48736],[-109.80285,33.48526],[-109.80193,33.48288],[-109.80272,33.48189],[-109.80479,33.48212],[-109.80555,33.48411],[-109.80649,33.4849],[-109.80832,33.48495],[-109.81205,33.48358],[-109.81348,33.48601],[-109.81194,33.48915],[-109.80898,33.48884],[-109.80781,33.48943],[-109.80882,33.49224],[-109.80847,33.49525],[-109.80691,33.49658],[-109.80696,33.49805],[-109.80905,33.49865],[-109.81095,33.49833],[-109.81218,33.49737],[-109.81395,33.49851],[-109.81381,33.49959],[-109.81118,33.50076],[-109.80839,33.50063],[-109.80683,33.50012],[-109.80525,33.5005],[-109.80402,33.50319],[-109.80443,33.50392],[-109.8068,33.50479],[-109.81053,33.50475],[-109.81326,33.50524],[-109.8165,33.50802],[-109.81749,33.50988],[-109.81987,33.51036],[-109.82262,33.50888],[-109.8235,33.50947],[-109.82316,33.51075],[-109.82127,33.51206],[-109.82055,33.51436],[-109.82133,33.51681],[-109.82044,33.51831],[-109.81916,33.5189],[-109.8195,33.52098],[-109.82158,33.52166],[-109.82578,33.52213],[-109.82571,33.52448],[-109.82346,33.5275],[-109.82505,33.52966],[-109.82756,33.5305],[-109.82976,33.53198],[-109.83045,33.53526],[-109.83202,33.53596],[-109.83354,33.53504],[-109.8335,33.53183],[-109.83476,33.52999],[-109.83817,33.52918],[-109.84169,33.53078],[-109.84446,33.53336],[-109.84539,33.53468],[-109.8455,33.53648],[-109.84447,33.53938],[-109.84471,33.54091],[-109.84646,33.54047],[-109.84662,33.53958],[-109.84827,33.53797],[-109.84883,33.5366],[-109.84847,33.53467],[-109.85014,33.53461],[-109.85077,33.53514],[-109.85265,33.53931],[-109.8523,33.54079],[-109.85078,33.54202],[-109.8482,33.54524],[-109.84647,33.54785],[-109.84638,33.54901],[-109.84769,33.55018],[-109.84872,33.5487],[-109.85043,33.54738],[-109.85421,33.54521],[-109.85578,33.54621],[-109.85654,33.54858],[-109.86006,33.55143],[-109.86343,33.55356],[-109.86737,33.55643],[-109.86882,33.55812],[-109.86762,33.55972],[-109.86827,33.56205],[-109.87085,33.56301],[-109.87321,33.56224],[-109.87707,33.55903],[-109.87817,33.5595],[-109.87794,33.56398],[-109.87832,33.56492],[-109.88052,33.56696],[-109.88165,33.57132],[-109.88245,33.57128],[-109.88506,33.56828],[-109.88644,33.56809],[-109.88962,33.56874],[-109.89168,33.56787],[-109.89531,33.56739],[-109.89754,33.56924],[-109.89753,33.57296],[-109.89883,33.57495],[-109.9004,33.5754],[-109.90483,33.57509],[-109.90817,33.5753],[-109.91203,33.57592],[-109.91503,33.57553],[-109.91603,33.57487],[-109.9194,33.57104],[-109.92095,33.57003],[-109.92255,33.568],[-109.9235,33.56751],[-109.92444,33.56804],[-109.92767,33.56796],[-109.93015,33.56938],[-109.93506,33.57028],[-109.93796,33.57053],[-109.9411,33.56847],[-109.94275,33.56878],[-109.9449,33.57043],[-109.94833,33.57251],[-109.9501,33.57323],[-109.95361,33.57297],[-109.95766,33.57213],[-109.96013,33.57257],[-109.96108,33.57455],[-109.96019,33.57667],[-109.96046,33.57893],[-109.96228,33.5798],[-109.96364,33.57974],[-109.96606,33.5787],[-109.96647,33.57729],[-109.96636,33.57316],[-109.96767,33.57272],[-109.9685,33.5739],[-109.96852,33.5764],[-109.97047,33.57735],[-109.97268,33.57643],[-109.98108,33.57627],[-109.98218,33.57684],[-109.98386,33.57905],[-109.98842,33.58103],[-109.99247,33.58168],[-109.99509,33.58257],[-109.99597,33.58226],[-109.99754,33.58107],[-109.99853,33.57901],[-110.00065,33.57693],[-110.00415,33.57579],[-110.00663,33.57698],[-110.0106,33.57794],[-110.01236,33.57871],[-110.01484,33.57896],[-110.0155,33.57689],[-110.01424,33.57479],[-110.01278,33.57344],[-110.01338,33.57216],[-110.01598,33.57068],[-110.02076,33.56954],[-110.02237,33.57107],[-110.02367,33.57422],[-110.02594,33.57612],[-110.02938,33.57746],[-110.03361,33.57974],[-110.03497,33.58116],[-110.03825,33.5827],[-110.03885,33.58497],[-110.03855,33.58658],[-110.03953,33.58819],[-110.04088,33.58886],[-110.04315,33.58855],[-110.04291,33.58522],[-110.04381,33.58438],[-110.04554,33.5845],[-110.04803,33.58687],[-110.04969,33.58706],[-110.05095,33.58659],[-110.05252,33.58434],[-110.05566,33.58231],[-110.05943,33.58123],[-110.06058,33.58004],[-110.06062,33.57873],[-110.05881,33.57608],[-110.06006,33.57505],[-110.06192,33.57852],[-110.06466,33.57995],[-110.06676,33.58172],[-110.06905,33.58277],[-110.07493,33.58293],[-110.07743,33.58409],[-110.07755,33.58571],[-110.08033,33.58838],[-110.08136,33.58993],[-110.08044,33.59128],[-110.07578,33.59186],[-110.07458,33.59351],[-110.07469,33.59534],[-110.07637,33.59604],[-110.07692,33.59697],[-110.07541,33.59779],[-110.07364,33.59733],[-110.07313,33.59654],[-110.07064,33.595],[-110.06953,33.59653],[-110.0701,33.59746],[-110.07264,33.59864],[-110.07609,33.59906],[-110.0785,33.59974],[-110.08078,33.60115],[-110.08351,33.60113],[-110.08503,33.5977],[-110.08744,33.59679],[-110.08839,33.59786],[-110.08832,33.59981],[-110.08736,33.60163],[-110.08346,33.60382],[-110.08365,33.60479],[-110.08547,33.60606],[-110.09052,33.60708],[-110.09141,33.60698],[-110.09282,33.60536],[-110.09251,33.60313],[-110.09309,33.60153],[-110.09483,33.60021],[-110.09814,33.60079],[-110.09875,33.60276],[-110.09828,33.60593],[-110.09571,33.60631],[-110.09505,33.60779],[-110.09665,33.60912],[-110.09581,33.61051],[-110.0925,33.61177],[-110.09073,33.60984],[-110.08938,33.60968],[-110.08674,33.6112],[-110.0864,33.61309],[-110.08696,33.61436],[-110.09011,33.61666],[-110.09143,33.61807],[-110.09361,33.61897],[-110.09487,33.6178],[-110.09534,33.61568],[-110.09479,33.61395],[-110.09557,33.61346],[-110.0973,33.61471],[-110.09849,33.61855],[-110.09795,33.62132],[-110.0969,33.62393],[-110.09744,33.62472],[-110.09934,33.62428],[-110.10106,33.62159],[-110.10238,33.62186],[-110.10182,33.62438],[-110.09973,33.62512],[-110.09666,33.62884],[-110.09726,33.63085],[-110.10037,33.63309],[-110.10168,33.63591],[-110.10051,33.63959],[-110.10131,33.64164],[-110.10314,33.64304],[-110.10569,33.64375],[-110.10745,33.64279],[-110.11062,33.64388],[-110.11227,33.6463],[-110.11808,33.65147],[-110.1211,33.65326],[-110.1258,33.65497],[-110.12836,33.65526],[-110.13208,33.6578],[-110.13342,33.65997],[-110.13655,33.66135],[-110.13812,33.66105],[-110.14198,33.66741],[-110.14513,33.66877],[-110.1488,33.66945],[-110.15189,33.66933],[-110.15256,33.6702],[-110.15204,33.67333],[-110.15264,33.67525],[-110.15486,33.67547],[-110.15581,33.67635],[-110.15446,33.67923],[-110.15395,33.682],[-110.15582,33.6839],[-110.15788,33.68509],[-110.16197,33.68506],[-110.16276,33.6856],[-110.16523,33.68539],[-110.16875,33.68628],[-110.17367,33.69011],[-110.17483,33.69058],[-110.17834,33.69097],[-110.18233,33.69098],[-110.18449,33.69047],[-110.18809,33.69232],[-110.18906,33.69377],[-110.19183,33.69491],[-110.19485,33.69737],[-110.19526,33.69878],[-110.19328,33.70135],[-110.19064,33.70268],[-110.18839,33.70321],[-110.18605,33.70244],[-110.18299,33.70393],[-110.18158,33.70546],[-110.18307,33.70819],[-110.18668,33.70935],[-110.18902,33.70939],[-110.19097,33.70872],[-110.19153,33.70742],[-110.19342,33.70669],[-110.19586,33.70763],[-110.19648,33.70939],[-110.19627,33.71206],[-110.19417,33.71746],[-110.1966,33.71817],[-110.19925,33.71703],[-110.20107,33.71491],[-110.20139,33.71306],[-110.20321,33.71137],[-110.20478,33.71123],[-110.20932,33.7129],[-110.21156,33.71301],[-110.21321,33.71216],[-110.21376,33.71085],[-110.21536,33.71069],[-110.21573,33.71325],[-110.21725,33.71415],[-110.21927,33.71397],[-110.21971,33.71091],[-110.22055,33.71038],[-110.2232,33.71036],[-110.22324,33.70749],[-110.22469,33.70743],[-110.22687,33.70948],[-110.22788,33.71248],[-110.22704,33.71397],[-110.22519,33.71527],[-110.2271,33.71669],[-110.22918,33.7163],[-110.23174,33.71706],[-110.23252,33.71829],[-110.23247,33.72102],[-110.23146,33.72541],[-110.23152,33.72699],[-110.23152,33.72865],[-110.23066,33.73034],[-110.22903,33.73055],[-110.22663,33.7286],[-110.22524,33.72856],[-110.22471,33.72973],[-110.22596,33.73126],[-110.22857,33.73259],[-110.22944,33.73361],[-110.22927,33.73611],[-110.22602,33.73792],[-110.22676,33.74005],[-110.23083,33.74058],[-110.23208,33.74154],[-110.23201,33.74337],[-110.2348,33.7461],[-110.23618,33.74853],[-110.23945,33.7511],[-110.24235,33.7516],[-110.24309,33.75313],[-110.24013,33.75272],[-110.23654,33.75428],[-110.23708,33.75547],[-110.24055,33.75674],[-110.24288,33.75647],[-110.24561,33.75722],[-110.24778,33.75656],[-110.24857,33.75498],[-110.24724,33.75402],[-110.24801,33.75206],[-110.25066,33.75021],[-110.25071,33.74936],[-110.24908,33.74788],[-110.25114,33.7456],[-110.25493,33.7456],[-110.25643,33.746],[-110.25738,33.74811],[-110.26196,33.75097],[-110.26568,33.75253],[-110.2669,33.75424],[-110.2697,33.75467],[-110.27361,33.76132],[-110.27762,33.76361],[-110.27839,33.765],[-110.28184,33.76796],[-110.28315,33.7678],[-110.28369,33.76649],[-110.2834,33.76395],[-110.28541,33.76363],[-110.28802,33.76436],[-110.28959,33.76552],[-110.29187,33.76938],[-110.29227,33.77241],[-110.29168,33.77536],[-110.29064,33.77694],[-110.29079,33.77915],[-110.29213,33.77899],[-110.29373,33.77674],[-110.29673,33.77618],[-110.29804,33.77441],[-110.30016,33.77416],[-110.30252,33.77512],[-110.30398,33.77494],[-110.30666,33.77587],[-110.30591,33.77869],[-110.30806,33.7803],[-110.3097,33.78072],[-110.31494,33.78427],[-110.31718,33.78231],[-110.31839,33.78214],[-110.32066,33.78354],[-110.32519,33.78414],[-110.3263,33.78369],[-110.32804,33.78426],[-110.33061,33.78733],[-110.33188,33.79029],[-110.33372,33.79123],[-110.33677,33.79134],[-110.34204,33.79496],[-110.34257,33.79662],[-110.34176,33.79974],[-110.34373,33.80115],[-110.3447,33.80101],[-110.34448,33.79926],[-110.34646,33.79759],[-110.35068,33.79648],[-110.35366,33.79418],[-110.35711,33.79238],[-110.35702,33.79122],[-110.35416,33.7906],[-110.35233,33.78927],[-110.3531,33.78721],[-110.35596,33.78701],[-110.35684,33.78771],[-110.36278,33.78859],[-110.36885,33.78856],[-110.37111,33.78954],[-110.37142,33.79044],[-110.36892,33.79131],[-110.36614,33.79324],[-110.36216,33.79521],[-110.35972,33.79792],[-110.35966,33.80023],[-110.36693,33.80019],[-110.36853,33.80077],[-110.37141,33.80093],[-110.37445,33.80005],[-110.37566,33.80059],[-110.37677,33.80252],[-110.38173,33.80584],[-110.38155,33.80766],[-110.38051,33.80752],[-110.37781,33.80569],[-110.37422,33.80494],[-110.37274,33.80588],[-110.36953,33.81013],[-110.36924,33.81233],[-110.37124,33.81341],[-110.37585,33.817],[-110.3769,33.81733],[-110.37812,33.81684],[-110.37869,33.81524],[-110.38205,33.81003],[-110.38486,33.81034],[-110.38852,33.80993],[-110.39086,33.80895],[-110.3945,33.80998],[-110.39499,33.81131],[-110.39787,33.81132],[-110.39881,33.80824],[-110.3979,33.80505],[-110.39613,33.80415],[-110.39474,33.80236],[-110.3947,33.80027],[-110.39544,33.79873],[-110.39832,33.79668],[-110.40098,33.7974],[-110.40257,33.79652],[-110.40115,33.79496],[-110.39926,33.79475],[-110.39847,33.79227],[-110.40069,33.79095],[-110.40257,33.78917],[-110.40399,33.78912],[-110.40634,33.79271],[-110.40606,33.79554],[-110.40749,33.79693],[-110.4093,33.79747],[-110.41226,33.79751],[-110.416,33.79888],[-110.42067,33.79885],[-110.42455,33.79748],[-110.4264,33.79573],[-110.42783,33.79586],[-110.42732,33.80014],[-110.42809,33.80129],[-110.42931,33.80589],[-110.42993,33.80642],[-110.43539,33.80525],[-110.43697,33.80311],[-110.4357,33.80062],[-110.436,33.79936],[-110.44004,33.80123],[-110.4416,33.80433],[-110.44449,33.80435],[-110.44508,33.80169],[-110.44652,33.80107],[-110.44886,33.80121],[-110.45358,33.80361],[-110.45449,33.80298],[-110.45362,33.80028],[-110.45416,33.79863],[-110.45528,33.79805],[-110.45884,33.79865],[-110.46249,33.80033],[-110.46366,33.8051],[-110.46536,33.80587],[-110.47061,33.80596],[-110.47215,33.80425],[-110.4734,33.79907],[-110.47304,33.79749],[-110.47419,33.79595],[-110.47565,33.79633],[-110.48001,33.79991],[-110.48209,33.80031],[-110.48444,33.79937],[-110.48477,33.79748],[-110.48742,33.79481],[-110.48865,33.79155],[-110.49079,33.79051],[-110.49224,33.7953],[-110.49389,33.79721],[-110.49773,33.79832],[-110.50212,33.79836],[-110.50422,33.79784],[-110.50578,33.79728],[-110.50817,33.79765],[-110.50884,33.80051],[-110.51022,33.80236],[-110.51107,33.80241],[-110.51188,33.80145],[-110.51212,33.79949],[-110.51139,33.79794],[-110.51096,33.79304],[-110.51387,33.79174],[-110.51607,33.7925],[-110.51787,33.79456],[-110.52028,33.79492],[-110.52424,33.79657],[-110.52496,33.79779],[-110.52433,33.79862],[-110.52212,33.79923],[-110.51562,33.79855],[-110.51455,33.79955],[-110.51398,33.80124],[-110.51431,33.80353],[-110.51528,33.80503],[-110.51826,33.80678],[-110.52006,33.80836],[-110.52309,33.81211],[-110.52594,33.81442],[-110.53194,33.81819],[-110.53447,33.82053],[-110.53784,33.82318],[-110.54194,33.82514],[-110.55115,33.82673],[-110.55185,33.82805],[-110.55505,33.83012],[-110.55548,33.83208],[-110.55547,33.83605],[-110.55621,33.83738],[-110.55808,33.83836],[-110.56068,33.83702],[-110.56088,33.83607],[-110.56267,33.83346],[-110.56332,33.8286],[-110.56566,33.82543],[-110.56686,33.82496],[-110.56966,33.82585],[-110.57462,33.83054],[-110.57912,33.83314],[-110.58044,33.83303],[-110.58338,33.83535],[-110.58531,33.83606],[-110.58683,33.83556],[-110.58978,33.83142],[-110.59009,33.8301],[-110.59161,33.82912],[-110.59316,33.82908],[-110.59783,33.83171],[-110.60026,33.831],[-110.60153,33.82849],[-110.60439,33.82596],[-110.60687,33.8232],[-110.611,33.82331],[-110.61417,33.82191],[-110.61653,33.82136],[-110.61852,33.82223],[-110.62066,33.82603],[-110.6237,33.82557],[-110.62488,33.8248],[-110.62595,33.82351],[-110.62576,33.82093],[-110.62479,33.81859],[-110.62385,33.81297],[-110.62464,33.81191],[-110.62786,33.81038],[-110.62877,33.80846],[-110.62994,33.80783],[-110.63151,33.81091],[-110.63355,33.81148],[-110.63626,33.81147],[-110.63823,33.81205],[-110.64005,33.81341],[-110.64216,33.81568],[-110.64438,33.81611],[-110.64933,33.81607],[-110.64997,33.81572],[-110.6489,33.81321],[-110.64911,33.81195],[-110.6518,33.81076],[-110.6542,33.81086],[-110.6568,33.81025],[-110.65823,33.8088],[-110.65857,33.80645],[-110.65747,33.80462],[-110.65601,33.80391],[-110.65561,33.80134],[-110.65941,33.79822],[-110.66156,33.7973],[-110.66247,33.79573],[-110.66443,33.794],[-110.66486,33.79298],[-110.66965,33.79082],[-110.67201,33.78731],[-110.67358,33.78262],[-110.67519,33.7765],[-110.67581,33.77509],[-110.67784,33.77275],[-110.67931,33.77198],[-110.68382,33.77137],[-110.68681,33.77041],[-110.6887,33.7693],[-110.68987,33.76635],[-110.68963,33.76486],[-110.6915,33.76094],[-110.69103,33.75806],[-110.69195,33.75722],[-110.69139,33.75309],[-110.69356,33.75118],[-110.69302,33.7485],[-110.69201,33.74564],[-110.69074,33.74357],[-110.68934,33.74224],[-110.69039,33.74009],[-110.69521,33.73984],[-110.70001,33.73986],[-110.70193,33.74019],[-110.70437,33.73969],[-110.70711,33.73849],[-110.70933,33.7361],[-110.71052,33.73581],[-110.71075,33.73476],[-110.71467,33.73046],[-110.7166,33.72901],[-110.71846,33.72991],[-110.71973,33.72921],[-110.72221,33.72922],[-110.72311,33.72876],[-110.72346,33.72722],[-110.72304,33.72522],[-110.72209,33.72427],[-110.71899,33.72257],[-110.7174,33.72114],[-110.71643,33.71848],[-110.71703,33.71676],[-110.71749,33.71335],[-110.71861,33.71126],[-110.72003,33.71173],[-110.72325,33.71112],[-110.72688,33.71091],[-110.72888,33.71177],[-110.7351,33.71074],[-110.73696,33.70985],[-110.73792,33.70835],[-110.73709,33.70723],[-110.7354,33.70667],[-110.733,33.70662],[-110.73069,33.70572],[-110.72925,33.70352],[-110.73146,33.70025],[-110.73311,33.6985],[-110.73777,33.69658],[-110.74161,33.69624],[-110.74443,33.69781],[-110.74903,33.71566],[-110.75046,33.72526],[-110.75796,33.75032],[-110.77865,33.83073],[-110.78132,33.84705],[-110.78125,33.85687],[-110.78157,33.86185],[-110.78149,33.87564],[-110.78322,33.89788],[-110.78292,33.99249],[-110.78307,33.99715],[-110.7827,34.15752],[-110.78327,34.1675],[-110.78276,34.17531],[-110.78289,34.23469]]]}},{"type":"Feature","properties":{"name":"Wickenburg Dial-a-Ride","boundary_type":"city","source":"Census TIGER place","fidelity":"exact","updated":"2026-09","units":"Wickenburg town","note":"Town of Wickenburg dial-a-ride service","confidence":0.95},"geometry":{"type":"Polygon","coordinates":[[[-112.81992,33.97906],[-112.8199,33.97089],[-112.80668,33.97083],[-112.8068,33.98533],[-112.77113,33.98531],[-112.77091,33.98532],[-112.77065,33.9837],[-112.77138,33.98196],[-112.76718,33.98026],[-112.76754,33.9817],[-112.76318,33.98168],[-112.76324,33.98381],[-112.76438,33.9846],[-112.76439,33.98695],[-112.76543,33.98695],[-112.76478,33.98977],[-112.76571,33.99263],[-112.76656,33.99263],[-112.76819,33.99497],[-112.76686,33.99499],[-112.76687,33.99619],[-112.77194,33.99619],[-112.77196,33.99991],[-112.77524,33.9999],[-112.77438,34.00117],[-112.77582,34.00238],[-112.77438,34.00449],[-112.77421,34.00476],[-112.78948,34.0118],[-112.79266,34.0072],[-112.79417,34.00782],[-112.79806,34.0056],[-112.79808,34.00723],[-112.81142,34.00717],[-112.81346,34.01564],[-112.81731,34.03063],[-112.81163,34.02711],[-112.80692,34.02342],[-112.80426,34.0217],[-112.80601,34.02312],[-112.8097,34.02699],[-112.81034,34.02785],[-112.81114,34.0296],[-112.81725,34.05615],[-112.81779,34.05792],[-112.78935,34.05788],[-112.78929,34.03255],[-112.79245,34.03388],[-112.79359,34.03129],[-112.79188,34.02952],[-112.79451,34.02556],[-112.78937,34.01793],[-112.79291,34.01796],[-112.79465,34.0168],[-112.79361,34.01572],[-112.79464,34.01514],[-112.79348,34.01439],[-112.78699,34.0144],[-112.78775,34.01387],[-112.78502,34.01334],[-112.78501,34.01087],[-112.77197,34.01069],[-112.77197,34.00716],[-112.76257,34.00706],[-112.76237,34.00359],[-112.75857,34.00363],[-112.75853,34.00286],[-112.75444,34.00285],[-112.75446,34.01071],[-112.75874,34.01071],[-112.75879,34.01425],[-112.76318,34.01428],[-112.76322,34.02154],[-112.75881,34.02154],[-112.75877,34.02502],[-112.75437,34.02515],[-112.75455,34.03234],[-112.74358,34.03264],[-112.74345,34.02893],[-112.75019,34.02875],[-112.75005,34.0252],[-112.74579,34.02525],[-112.74576,34.02119],[-112.7429,34.02114],[-112.74445,34.02059],[-112.74431,34.01895],[-112.74586,34.01992],[-112.74659,34.01797],[-112.748,34.01796],[-112.74798,34.01616],[-112.74581,34.01747],[-112.74578,34.01533],[-112.74368,34.01538],[-112.74321,34.0144],[-112.74577,34.01431],[-112.74581,34.00645],[-112.74581,34.00431],[-112.74583,33.9999],[-112.74627,33.9999],[-112.76314,33.99973],[-112.76046,33.9988],[-112.75786,33.99779],[-112.75455,33.99523],[-112.75326,33.99628],[-112.75169,33.99566],[-112.75297,33.99403],[-112.75055,33.9925],[-112.7472,33.9925],[-112.74493,33.99174],[-112.74533,33.99057],[-112.74302,33.98936],[-112.74142,33.99005],[-112.74151,33.99256],[-112.74289,33.99687],[-112.7438,33.99986],[-112.73426,33.99748],[-112.73271,33.99983],[-112.7255,33.99981],[-112.72598,33.99843],[-112.72389,33.99819],[-112.7239,33.99711],[-112.727,33.99591],[-112.72493,33.99515],[-112.71778,33.99337],[-112.71976,33.99654],[-112.71559,33.99803],[-112.71711,33.99978],[-112.71148,33.99977],[-112.71277,33.99861],[-112.71091,33.99599],[-112.71529,33.99591],[-112.71524,33.99273],[-112.71081,33.99163],[-112.71108,33.98525],[-112.70247,33.98523],[-112.70242,33.98352],[-112.70441,33.98354],[-112.70228,33.98258],[-112.7023,33.98011],[-112.70236,33.97436],[-112.70674,33.97438],[-112.70682,33.96998],[-112.70699,33.95965],[-112.70922,33.95967],[-112.70915,33.9633],[-112.71103,33.96331],[-112.711,33.96079],[-112.71295,33.96065],[-112.71172,33.95895],[-112.71419,33.95859],[-112.71456,33.9601],[-112.71571,33.9601],[-112.7158,33.95621],[-112.71793,33.95622],[-112.72001,33.95795],[-112.71589,33.95348],[-112.71287,33.94981],[-112.71128,33.94683],[-112.71124,33.94526],[-112.70985,33.94529],[-112.70748,33.94325],[-112.7074,33.94191],[-112.76304,33.94176],[-112.76309,33.94538],[-112.76526,33.94537],[-112.76522,33.94724],[-112.76314,33.94791],[-112.76304,33.95263],[-112.76517,33.95206],[-112.76736,33.95247],[-112.76845,33.95174],[-112.76882,33.94723],[-112.77166,33.94723],[-112.77217,33.95183],[-112.7739,33.94899],[-112.78213,33.94135],[-112.7842,33.93827],[-112.78844,33.93455],[-112.78907,33.93457],[-112.78901,33.95629],[-112.79928,33.9563],[-112.79862,33.94944],[-112.80171,33.9486],[-112.80431,33.94614],[-112.80934,33.9485],[-112.82425,33.94846],[-112.82426,33.95631],[-112.80684,33.95631],[-112.80678,33.96153],[-112.8085,33.96088],[-112.80992,33.96381],[-112.82379,33.96381],[-112.82427,33.96472],[-112.82884,33.96482],[-112.82863,33.97913],[-112.81992,33.97906]],[[-112.78039,33.95266],[-112.78039,33.95628],[-112.78257,33.95628],[-112.78257,33.95266],[-112.78039,33.95266]]]}},{"type":"Feature","properties":{"name":"YavaLine / YAV Connect","boundary_type":"places","source":"Census TIGER place","fidelity":"exact","updated":"2026-09","units":"Prescott Valley town; Prescott city","note":"Serves both Prescott Valley and Prescott in Yavapai County. Operator serves Town of Prescott Valley with regional coordination.","confidence":0.9},"geometry":{"type":"MultiPolygon","coordinates":[[[[-112.20262,34.58087],[-112.2028,34.57111],[-112.20546,34.57117],[-112.20545,34.5712],[-112.20283,34.57114],[-112.20265,34.58074],[-112.20262,34.58087]]],[[[-112.51905,34.57225],[-112.51925,34.57389],[-112.51786,34.57383],[-112.51801,34.57628],[-112.51771,34.57681],[-112.51727,34.57656],[-112.51348,34.57341],[-112.50907,34.57069],[-112.50776,34.57039],[-112.50453,34.57135],[-112.50552,34.569],[-112.50531,34.56329],[-112.50144,34.5633],[-112.50142,34.56082],[-112.49983,34.56083],[-112.49994,34.56293],[-112.49713,34.56327],[-112.49552,34.56328],[-112.49402,34.56587],[-112.49604,34.5666],[-112.49567,34.56759],[-112.49524,34.56835],[-112.49622,34.56913],[-112.49724,34.56952],[-112.49757,34.5689],[-112.49991,34.56899],[-112.49984,34.56675],[-112.50325,34.56674],[-112.50223,34.56923],[-112.50225,34.57119],[-112.49959,34.57133],[-112.49882,34.57355],[-112.4982,34.5778],[-112.49834,34.57827],[-112.49958,34.57896],[-112.49962,34.57778],[-112.50439,34.57784],[-112.5042,34.58139],[-112.5031,34.58139],[-112.50309,34.58501],[-112.5001,34.58492],[-112.49817,34.5868],[-112.49832,34.58505],[-112.49008,34.58523],[-112.48222,34.58525],[-112.48221,34.59062],[-112.48756,34.59058],[-112.48621,34.59242],[-112.49002,34.59238],[-112.48943,34.59382],[-112.48902,34.59709],[-112.49446,34.59423],[-112.4954,34.59244],[-112.49629,34.59925],[-112.49563,34.60397],[-112.49603,34.60769],[-112.49572,34.60883],[-112.49304,34.614],[-112.49279,34.61605],[-112.49297,34.6213],[-112.48209,34.62148],[-112.48222,34.62873],[-112.46518,34.62881],[-112.44899,34.62887],[-112.43982,34.62894],[-112.43962,34.62835],[-112.43876,34.62867],[-112.43638,34.62897],[-112.43443,34.62899],[-112.43374,34.62789],[-112.43524,34.62644],[-112.4366,34.62607],[-112.43786,34.62536],[-112.44083,34.62532],[-112.44121,34.62441],[-112.4368,34.62436],[-112.43692,34.62263],[-112.4354,34.62261],[-112.43549,34.61828],[-112.43834,34.61823],[-112.43844,34.61463],[-112.43408,34.61471],[-112.43405,34.61108],[-112.44723,34.61084],[-112.4472,34.60719],[-112.44926,34.60717],[-112.45208,34.60353],[-112.4541,34.60526],[-112.45485,34.60467],[-112.45577,34.60341],[-112.45599,34.6017],[-112.45537,34.60158],[-112.45481,34.60119],[-112.4548,34.60103],[-112.45398,34.60101],[-112.4536,34.60052],[-112.45411,34.59975],[-112.45636,34.59975],[-112.45646,34.5996],[-112.45669,34.59935],[-112.45557,34.59885],[-112.45206,34.59996],[-112.43835,34.60019],[-112.43706,34.59981],[-112.4367,34.5994],[-112.4362,34.59647],[-112.43524,34.59555],[-112.4284,34.59194],[-112.42674,34.59292],[-112.42662,34.59527],[-112.42445,34.60195],[-112.42202,34.60696],[-112.41943,34.61103],[-112.41908,34.61335],[-112.42099,34.61627],[-112.42413,34.61856],[-112.42691,34.62441],[-112.42943,34.63296],[-112.43182,34.63243],[-112.43406,34.63096],[-112.43737,34.62982],[-112.43903,34.62971],[-112.43913,34.62947],[-112.44691,34.62964],[-112.44682,34.64264],[-112.44592,34.64358],[-112.44245,34.64364],[-112.44271,34.6509],[-112.44713,34.65088],[-112.44681,34.64357],[-112.46507,34.64344],[-112.46508,34.64377],[-112.46528,34.65787],[-112.43861,34.65806],[-112.43641,34.65807],[-112.43729,34.66169],[-112.43692,34.66169],[-112.44015,34.67274],[-112.42962,34.67278],[-112.42977,34.66178],[-112.42537,34.66169],[-112.42538,34.66105],[-112.42087,34.66107],[-112.42086,34.66169],[-112.42079,34.66551],[-112.41619,34.66553],[-112.40837,34.6729],[-112.40758,34.6802],[-112.40322,34.68023],[-112.40318,34.68742],[-112.40311,34.67692],[-112.40311,34.6761],[-112.39919,34.67988],[-112.39876,34.68088],[-112.39852,34.6818],[-112.39751,34.68431],[-112.38484,34.67652],[-112.3908,34.67477],[-112.39111,34.67285],[-112.39299,34.67016],[-112.39236,34.66726],[-112.39394,34.66495],[-112.39421,34.6635],[-112.39285,34.65931],[-112.39571,34.65581],[-112.39657,34.65405],[-112.39495,34.65292],[-112.38931,34.65813],[-112.37722,34.65816],[-112.37705,34.65816],[-112.35981,34.65802],[-112.3597,34.67256],[-112.33437,34.67256],[-112.32875,34.67242],[-112.25602,34.67223],[-112.21919,34.67214],[-112.20183,34.67209],[-112.20184,34.67191],[-112.20184,34.66483],[-112.20184,34.66376],[-112.20185,34.66004],[-112.20185,34.65619],[-112.20185,34.65586],[-112.20185,34.65539],[-112.20184,34.64299],[-112.20184,34.64271],[-112.20184,34.64046],[-112.20184,34.64008],[-112.20184,34.6396],[-112.20184,34.63753],[-112.20184,34.63551],[-112.20185,34.62845],[-112.20185,34.62791],[-112.20187,34.62694],[-112.20188,34.62658],[-112.20203,34.61717],[-112.20211,34.61413],[-112.20214,34.61133],[-112.20215,34.61074],[-112.20219,34.60747],[-112.20223,34.60484],[-112.20224,34.60387],[-112.20226,34.60264],[-112.20229,34.60043],[-112.2023,34.59974],[-112.2023,34.59951],[-112.2026,34.58213],[-112.20263,34.58211],[-112.20187,34.67206],[-112.21919,34.67202],[-112.21917,34.66677],[-112.22814,34.66484],[-112.23683,34.66484],[-112.23681,34.67214],[-112.25602,34.67221],[-112.32435,34.67234],[-112.32439,34.66737],[-112.3244,34.65443],[-112.32443,34.64334],[-112.30063,34.64335],[-112.2895,34.64333],[-112.2897,34.62253],[-112.29005,34.61306],[-112.29009,34.61135],[-112.28587,34.6113],[-112.28583,34.60731],[-112.28149,34.60734],[-112.28116,34.61461],[-112.27239,34.61451],[-112.27284,34.60026],[-112.27989,34.60024],[-112.2832,34.60021],[-112.28318,34.59634],[-112.29062,34.59634],[-112.29087,34.5893],[-112.27307,34.58936],[-112.27112,34.58748],[-112.2707,34.58679],[-112.27107,34.58669],[-112.27084,34.58502],[-112.27312,34.58489],[-112.27495,34.58521],[-112.27492,34.58605],[-112.27649,34.58564],[-112.27758,34.5849],[-112.27857,34.58303],[-112.27912,34.58295],[-112.27824,34.57894],[-112.28578,34.58227],[-112.28601,34.5756],[-112.28602,34.57521],[-112.2961,34.57829],[-112.29378,34.57183],[-112.27623,34.57185],[-112.2718,34.57196],[-112.27187,34.57545],[-112.26594,34.57545],[-112.26474,34.57208],[-112.26169,34.57205],[-112.26159,34.57313],[-112.26779,34.58067],[-112.2676,34.58077],[-112.26483,34.57888],[-112.26273,34.5781],[-112.25987,34.5768],[-112.26298,34.57504],[-112.2607,34.57194],[-112.25181,34.57177],[-112.25181,34.57174],[-112.26057,34.57178],[-112.26497,34.57191],[-112.26559,34.5719],[-112.26203,34.56967],[-112.25897,34.56529],[-112.25865,34.56445],[-112.26007,34.56445],[-112.2621,34.56639],[-112.26428,34.56632],[-112.26813,34.56776],[-112.27226,34.57021],[-112.27561,34.57155],[-112.28826,34.57153],[-112.28828,34.56671],[-112.2758,34.56673],[-112.27537,34.56511],[-112.27637,34.56424],[-112.27977,34.56496],[-112.27964,34.56225],[-112.28144,34.56285],[-112.29085,34.563],[-112.29076,34.56533],[-112.29065,34.56815],[-112.30397,34.56821],[-112.3039,34.57182],[-112.30799,34.57184],[-112.30811,34.56833],[-112.30824,34.56471],[-112.29963,34.56462],[-112.29975,34.55737],[-112.2789,34.55726],[-112.27492,34.55713],[-112.27479,34.55741],[-112.27331,34.55822],[-112.27161,34.55704],[-112.27075,34.55736],[-112.27161,34.55874],[-112.27161,34.56077],[-112.27605,34.56017],[-112.27657,34.56071],[-112.27426,34.56198],[-112.2706,34.56171],[-112.27045,34.55864],[-112.26854,34.5585],[-112.26829,34.56184],[-112.26441,34.5623],[-112.26448,34.56091],[-112.26256,34.56155],[-112.26404,34.55992],[-112.26466,34.55784],[-112.26581,34.55744],[-112.26464,34.55638],[-112.2646,34.55397],[-112.26742,34.55383],[-112.2716,34.55656],[-112.27296,34.55651],[-112.27285,34.55034],[-112.27285,34.55007],[-112.25572,34.54987],[-112.25571,34.54826],[-112.25378,34.54827],[-112.2532,34.54896],[-112.25224,34.54881],[-112.25159,34.54686],[-112.25027,34.54716],[-112.25117,34.54909],[-112.25242,34.54969],[-112.25267,34.55009],[-112.25573,34.55221],[-112.25576,34.55734],[-112.25859,34.55815],[-112.26259,34.56267],[-112.2618,34.56344],[-112.25929,34.562],[-112.25851,34.56276],[-112.254,34.56077],[-112.2512,34.56077],[-112.2469,34.56074],[-112.24689,34.55942],[-112.23809,34.55938],[-112.23815,34.55712],[-112.23292,34.55707],[-112.22041,34.55708],[-112.22028,34.5461],[-112.22475,34.54615],[-112.22477,34.54275],[-112.23806,34.54284],[-112.23806,34.54621],[-112.24245,34.54623],[-112.24244,34.54259],[-112.23806,34.54256],[-112.23799,34.53527],[-112.23355,34.53522],[-112.23344,34.52965],[-112.23347,34.52856],[-112.23753,34.52953],[-112.24204,34.52972],[-112.24182,34.52858],[-112.24423,34.52798],[-112.24373,34.52951],[-112.24522,34.53166],[-112.2469,34.53169],[-112.24691,34.53268],[-112.24415,34.53356],[-112.24696,34.54004],[-112.24842,34.53999],[-112.24792,34.53898],[-112.25151,34.53923],[-112.2515,34.54209],[-112.253,34.54205],[-112.253,34.54126],[-112.25393,34.54131],[-112.25453,34.54207],[-112.2556,34.54208],[-112.25627,34.54262],[-112.27376,34.54287],[-112.29112,34.54305],[-112.30905,34.54331],[-112.32683,34.54333],[-112.33693,34.54326],[-112.33602,34.54563],[-112.33797,34.54601],[-112.33899,34.54326],[-112.34351,34.54325],[-112.34352,34.5431],[-112.36245,34.54321],[-112.36264,34.54321],[-112.36085,34.54417],[-112.36087,34.5577],[-112.36503,34.55775],[-112.36496,34.56122],[-112.36081,34.56106],[-112.36069,34.56849],[-112.36206,34.5685],[-112.36926,34.56856],[-112.36928,34.57152],[-112.36927,34.57216],[-112.37811,34.57228],[-112.38907,34.57194],[-112.38739,34.56785],[-112.38698,34.56783],[-112.38676,34.55766],[-112.38299,34.55773],[-112.38204,34.55981],[-112.37968,34.55945],[-112.38034,34.55777],[-112.37808,34.55782],[-112.37806,34.54538],[-112.37969,34.54489],[-112.38126,34.54329],[-112.39924,34.54335],[-112.40417,34.54336],[-112.4042,34.53972],[-112.4121,34.53972],[-112.41274,34.53972],[-112.41269,34.52888],[-112.42774,34.52757],[-112.4277,34.52776],[-112.42622,34.53513],[-112.42588,34.54226],[-112.43,34.54207],[-112.43032,34.54567],[-112.42972,34.54567],[-112.42127,34.54567],[-112.42596,34.55002],[-112.42173,34.55017],[-112.42185,34.55279],[-112.42367,34.55152],[-112.42502,34.55138],[-112.426,34.55213],[-112.42797,34.55187],[-112.42861,34.55247],[-112.42981,34.55358],[-112.42218,34.55557],[-112.42283,34.55712],[-112.42647,34.55604],[-112.42655,34.55763],[-112.42583,34.56513],[-112.43006,34.56521],[-112.42973,34.56921],[-112.4392,34.56228],[-112.4403,34.5633],[-112.43749,34.56553],[-112.4332,34.57014],[-112.4295,34.57476],[-112.42495,34.57981],[-112.41896,34.58414],[-112.41225,34.58687],[-112.41224,34.58719],[-112.41783,34.58523],[-112.41914,34.58438],[-112.42525,34.57995],[-112.42963,34.57512],[-112.43347,34.5703],[-112.43772,34.56573],[-112.44052,34.5635],[-112.44235,34.56554],[-112.44345,34.56531],[-112.47418,34.56532],[-112.47667,34.56532],[-112.4765,34.56491],[-112.46613,34.55533],[-112.46087,34.55048],[-112.45733,34.55316],[-112.4549,34.55502],[-112.45304,34.55605],[-112.45173,34.55646],[-112.44842,34.55696],[-112.44723,34.55899],[-112.44657,34.55888],[-112.44877,34.55501],[-112.44941,34.55526],[-112.45035,34.55319],[-112.44988,34.54898],[-112.4505,34.54797],[-112.44967,34.54742],[-112.44935,34.54765],[-112.44874,34.54796],[-112.44573,34.54798],[-112.44602,34.54574],[-112.44745,34.54569],[-112.44934,34.54585],[-112.44734,34.54198],[-112.44732,34.54187],[-112.44747,34.54139],[-112.44773,34.53484],[-112.44715,34.53272],[-112.44947,34.53323],[-112.45123,34.5333],[-112.45201,34.53255],[-112.45052,34.53125],[-112.45224,34.53081],[-112.45238,34.52703],[-112.45201,34.52469],[-112.45346,34.52401],[-112.45745,34.52467],[-112.45762,34.52693],[-112.46069,34.52687],[-112.46049,34.52336],[-112.46111,34.5233],[-112.46474,34.52323],[-112.46456,34.51246],[-112.47718,34.51257],[-112.48532,34.51258],[-112.48677,34.51314],[-112.48668,34.51595],[-112.48429,34.51673],[-112.4818,34.52022],[-112.48221,34.52039],[-112.48376,34.52045],[-112.4831,34.52165],[-112.48452,34.52294],[-112.48207,34.52253],[-112.48025,34.52331],[-112.47968,34.52471],[-112.4796,34.52543],[-112.47989,34.52748],[-112.48213,34.52767],[-112.48312,34.53071],[-112.48867,34.527],[-112.49142,34.527],[-112.49123,34.5236],[-112.49056,34.52353],[-112.49117,34.5226],[-112.49118,34.51995],[-112.50053,34.51974],[-112.50015,34.51265],[-112.50604,34.51282],[-112.50738,34.51453],[-112.50875,34.51457],[-112.50877,34.51637],[-112.51094,34.51641],[-112.51091,34.51466],[-112.51314,34.51472],[-112.51314,34.5165],[-112.51536,34.51653],[-112.5153,34.51557],[-112.51373,34.51506],[-112.51463,34.51351],[-112.5162,34.51355],[-112.51579,34.51468],[-112.5174,34.51472],[-112.51749,34.51849],[-112.51751,34.52009],[-112.51035,34.51993],[-112.50692,34.52003],[-112.50689,34.52066],[-112.50831,34.52268],[-112.50822,34.52314],[-112.50907,34.5233],[-112.51016,34.52252],[-112.51051,34.52391],[-112.50772,34.52624],[-112.50805,34.52699],[-112.51743,34.52714],[-112.51701,34.5458],[-112.51584,34.54584],[-112.51612,34.54747],[-112.51444,34.54757],[-112.51304,34.54648],[-112.51304,34.54787],[-112.51157,34.54755],[-112.51094,34.54596],[-112.50959,34.546],[-112.5096,34.54658],[-112.50751,34.54621],[-112.50817,34.54771],[-112.50608,34.54827],[-112.50325,34.54801],[-112.50326,34.54715],[-112.49978,34.54657],[-112.49977,34.55116],[-112.50466,34.55235],[-112.50468,34.55112],[-112.50608,34.55231],[-112.51233,34.55237],[-112.51231,34.55704],[-112.51669,34.557],[-112.5169,34.57041],[-112.53008,34.5703],[-112.52682,34.57311],[-112.52357,34.57353],[-112.52087,34.57324],[-112.51905,34.57225]],[[-112.36045,34.5434],[-112.36044,34.54322],[-112.34351,34.54325],[-112.36045,34.5434]],[[-112.39459,34.62901],[-112.37702,34.629],[-112.3761,34.62897],[-112.37598,34.629],[-112.35962,34.62897],[-112.35951,34.63035],[-112.35952,34.63051],[-112.35952,34.63103],[-112.35957,34.64218],[-112.35945,34.64351],[-112.37711,34.64357],[-112.39457,34.64359],[-112.39459,34.62901]],[[-112.34198,34.64345],[-112.34197,34.65324],[-112.34192,34.67239],[-112.35966,34.67253],[-112.35953,34.65798],[-112.35945,34.64351],[-112.34198,34.64345]],[[-112.39468,34.60394],[-112.40335,34.60395],[-112.40338,34.6004],[-112.41048,34.60043],[-112.40835,34.59589],[-112.40697,34.59409],[-112.40723,34.59261],[-112.41057,34.58784],[-112.41227,34.58638],[-112.40809,34.58627],[-112.40798,34.58944],[-112.39502,34.58935],[-112.39472,34.60035],[-112.38623,34.6003],[-112.38174,34.60028],[-112.38142,34.61482],[-112.39458,34.61467],[-112.39468,34.60394]],[[-112.42464,34.63103],[-112.42827,34.63005],[-112.42674,34.62494],[-112.42443,34.62282],[-112.42487,34.62749],[-112.42464,34.63103]],[[-112.41691,34.59461],[-112.41684,34.5971],[-112.4146,34.59704],[-112.4129,34.597],[-112.41212,34.61093],[-112.41823,34.61094],[-112.41747,34.61186],[-112.41748,34.61347],[-112.41869,34.61525],[-112.41637,34.61661],[-112.41626,34.6183],[-112.41535,34.61829],[-112.41534,34.6218],[-112.4254,34.62186],[-112.42336,34.61818],[-112.42078,34.61648],[-112.41926,34.61494],[-112.4186,34.61299],[-112.41922,34.61037],[-112.42125,34.60728],[-112.42107,34.60245],[-112.42301,34.60113],[-112.42414,34.60133],[-112.42593,34.59624],[-112.42579,34.59314],[-112.42554,34.59376],[-112.41812,34.59358],[-112.41691,34.59461]],[[-112.36045,34.54342],[-112.34345,34.54345],[-112.34334,34.55756],[-112.35868,34.55768],[-112.35868,34.55591],[-112.36046,34.55586],[-112.36055,34.56846],[-112.36077,34.56103],[-112.36493,34.56119],[-112.36498,34.55778],[-112.36083,34.55773],[-112.36079,34.54342],[-112.36045,34.54342]],[[-112.35739,34.57304],[-112.35806,34.57384],[-112.35825,34.57492],[-112.35931,34.57638],[-112.36036,34.57639],[-112.36038,34.57202],[-112.35876,34.572],[-112.35795,34.57284],[-112.35739,34.57304]],[[-112.35479,34.58121],[-112.35117,34.58272],[-112.3508,34.59667],[-112.35067,34.59697],[-112.35132,34.59703],[-112.35795,34.59673],[-112.35796,34.59287],[-112.35744,34.59034],[-112.35922,34.58998],[-112.36027,34.58972],[-112.36032,34.58096],[-112.35652,34.58171],[-112.35549,34.5819],[-112.35479,34.58121]],[[-112.3528,34.57511],[-112.35232,34.57647],[-112.35043,34.57556],[-112.34922,34.57658],[-112.34998,34.57777],[-112.3519,34.57796],[-112.35812,34.57682],[-112.35797,34.57597],[-112.35719,34.57441],[-112.35595,34.5732],[-112.3528,34.57511]],[[-112.34977,34.57426],[-112.3535,34.57429],[-112.35544,34.5729],[-112.35221,34.57196],[-112.34975,34.57189],[-112.34977,34.57426]],[[-112.34265,34.57254],[-112.34437,34.57276],[-112.34437,34.5718],[-112.32535,34.57207],[-112.32554,34.57602],[-112.32559,34.5769],[-112.32746,34.57658],[-112.32761,34.58011],[-112.33055,34.57995],[-112.33145,34.58125],[-112.33397,34.581],[-112.3341,34.57946],[-112.33504,34.58147],[-112.33864,34.58053],[-112.34074,34.5813],[-112.34213,34.58083],[-112.34085,34.57943],[-112.34367,34.57908],[-112.34402,34.57979],[-112.34578,34.57923],[-112.34742,34.57617],[-112.34672,34.57489],[-112.34266,34.57489],[-112.34265,34.57312],[-112.34265,34.57254]],[[-112.34233,34.60414],[-112.34458,34.60413],[-112.34424,34.60221],[-112.34318,34.60053],[-112.34237,34.60113],[-112.34233,34.60414]]],[[[-112.26891,34.65538],[-112.26371,34.6577],[-112.2619,34.6625],[-112.26091,34.66337],[-112.25703,34.6607],[-112.2603,34.65951],[-112.26466,34.65681],[-112.26892,34.65508],[-112.27194,34.6545],[-112.27194,34.64329],[-112.2895,34.64337],[-112.28954,34.65124],[-112.28954,34.65788],[-112.27193,34.65783],[-112.27194,34.65478],[-112.26891,34.65538]]]]}}]}