{"type":"FeatureCollection","features":[{"type":"Feature","properties":{"name":"Atascadero Dial-A-Ride","boundary_type":"city","source":"Census TIGER place","fidelity":"exact","updated":"2026-09","units":"Atascadero city","note":"City of Atascadero, SLO County","confidence":0.95},"geometry":{"type":"Polygon","coordinates":[[[-120.73596,35.50984],[-120.70865,35.52779],[-120.70565,35.52578],[-120.70408,35.52545],[-120.70349,35.52531],[-120.70324,35.52541],[-120.703,35.5264],[-120.70412,35.52658],[-120.70442,35.52659],[-120.70512,35.52767],[-120.70796,35.53025],[-120.70646,35.53097],[-120.7057,35.5326],[-120.70319,35.53137],[-120.69621,35.5288],[-120.69395,35.52797],[-120.69038,35.52576],[-120.6813,35.52113],[-120.67216,35.52108],[-120.66232,35.50997],[-120.65979,35.50157],[-120.65839,35.50091],[-120.65392,35.49881],[-120.64893,35.49875],[-120.64581,35.49355],[-120.64509,35.49234],[-120.64041,35.48918],[-120.63944,35.48851],[-120.63661,35.47868],[-120.62876,35.47457],[-120.62719,35.46648],[-120.62374,35.46184],[-120.62354,35.4562],[-120.62031,35.45373],[-120.6189,35.45158],[-120.6215,35.45193],[-120.62598,35.45143],[-120.62718,35.44982],[-120.63034,35.4506],[-120.63035,35.4489],[-120.63489,35.44665],[-120.6355,35.44724],[-120.63684,35.44556],[-120.63759,35.44387],[-120.6374,35.44322],[-120.63704,35.43838],[-120.63736,35.43798],[-120.64151,35.43972],[-120.64193,35.44131],[-120.64309,35.44144],[-120.6441,35.44169],[-120.64523,35.44246],[-120.64593,35.44433],[-120.6478,35.44604],[-120.65114,35.44291],[-120.65055,35.44124],[-120.65411,35.44091],[-120.65469,35.44313],[-120.65441,35.44517],[-120.65304,35.44514],[-120.65306,35.44651],[-120.65013,35.44828],[-120.65394,35.45231],[-120.65407,35.45495],[-120.65944,35.45361],[-120.66211,35.45242],[-120.66795,35.45393],[-120.66773,35.45302],[-120.66934,35.45275],[-120.66913,35.45189],[-120.67212,35.45054],[-120.67323,35.45188],[-120.67443,35.45029],[-120.67593,35.45143],[-120.6788,35.45071],[-120.67921,35.44964],[-120.68292,35.4492],[-120.68166,35.44801],[-120.68161,35.44681],[-120.68799,35.44964],[-120.68948,35.44753],[-120.69602,35.45093],[-120.6966,35.45017],[-120.69969,35.44983],[-120.70219,35.44787],[-120.70263,35.44577],[-120.70168,35.4432],[-120.70451,35.43985],[-120.71717,35.44577],[-120.71919,35.44671],[-120.71431,35.45137],[-120.71442,35.4511],[-120.71265,35.45039],[-120.71116,35.45218],[-120.7116,35.4528],[-120.71196,35.45279],[-120.71233,35.45327],[-120.71325,35.45385],[-120.7143,35.4546],[-120.71409,35.45485],[-120.71934,35.45916],[-120.72576,35.45886],[-120.72872,35.45956],[-120.73539,35.46574],[-120.73603,35.47143],[-120.7302,35.47845],[-120.72972,35.48105],[-120.72833,35.48265],[-120.72603,35.48302],[-120.7264,35.48352],[-120.72462,35.48443],[-120.72764,35.48731],[-120.72825,35.48809],[-120.73118,35.49032],[-120.73479,35.49215],[-120.73811,35.49005],[-120.74473,35.49399],[-120.74379,35.49567],[-120.73596,35.50984]]]}},{"type":"Feature","properties":{"name":"AVTA On-Request Microtransit","boundary_type":"places","source":"Census TIGER place","fidelity":"exact","updated":"2026-09","units":"Lancaster city; Palmdale city","note":"Antelope Valley region covers Lancaster and Palmdale","confidence":0.95},"geometry":{"type":"Polygon","coordinates":[[[-118.28335,34.58375],[-118.28332,34.58747],[-118.27459,34.5874],[-118.27465,34.58376],[-118.26146,34.58374],[-118.26143,34.5877],[-118.26648,34.58766],[-118.26653,34.59132],[-118.27092,34.5913],[-118.27105,34.59595],[-118.27104,34.60408],[-118.26232,34.60404],[-118.26234,34.60675],[-118.26525,34.60676],[-118.26528,34.60947],[-118.26473,34.60947],[-118.26214,34.60923],[-118.25865,34.60796],[-118.25504,34.60643],[-118.25401,34.60556],[-118.25054,34.6043],[-118.2453,34.60124],[-118.24407,34.60084],[-118.24134,34.60111],[-118.23515,34.59876],[-118.23575,34.59763],[-118.23557,34.59466],[-118.22683,34.59463],[-118.22725,34.60189],[-118.21849,34.60186],[-118.21857,34.60911],[-118.22738,34.60917],[-118.22749,34.6154],[-118.22575,34.61604],[-118.22383,34.61593],[-118.2231,34.61488],[-118.21863,34.61421],[-118.22393,34.61759],[-118.22832,34.61645],[-118.22996,34.61645],[-118.23336,34.61645],[-118.2712,34.61673],[-118.27108,34.62667],[-118.27123,34.64551],[-118.2841,34.64538],[-118.28765,34.64547],[-118.28884,34.64547],[-118.30645,34.64543],[-118.30649,34.65273],[-118.31236,34.65499],[-118.31276,34.65602],[-118.31561,34.65508],[-118.31736,34.65617],[-118.31679,34.6568],[-118.3188,34.65765],[-118.31977,34.6592],[-118.32244,34.66007],[-118.32438,34.66007],[-118.32437,34.66084],[-118.32435,34.6616],[-118.3221,34.66142],[-118.32209,34.66463],[-118.32431,34.66463],[-118.32415,34.67464],[-118.31978,34.67466],[-118.3198,34.6783],[-118.32415,34.67829],[-118.32422,34.68921],[-118.31552,34.68923],[-118.31551,34.70017],[-118.31115,34.70015],[-118.31116,34.70376],[-118.30677,34.70374],[-118.30685,34.71103],[-118.31558,34.71105],[-118.31566,34.71825],[-118.32004,34.71824],[-118.32005,34.72189],[-118.31567,34.72191],[-118.31569,34.72553],[-118.32006,34.72551],[-118.32007,34.72913],[-118.3157,34.72915],[-118.31572,34.73267],[-118.31135,34.73271],[-118.31136,34.72918],[-118.30693,34.7292],[-118.3072,34.74368],[-118.31113,34.74363],[-118.31104,34.74],[-118.31496,34.73994],[-118.31501,34.74175],[-118.31894,34.74169],[-118.31879,34.73746],[-118.32172,34.73742],[-118.32182,34.73983],[-118.32475,34.73978],[-118.32487,34.74234],[-118.31896,34.74229],[-118.31914,34.74713],[-118.32058,34.74707],[-118.3207,34.75071],[-118.32515,34.75069],[-118.32518,34.7519],[-118.32064,34.75198],[-118.32087,34.76162],[-118.31201,34.76181],[-118.31214,34.76905],[-118.30769,34.76915],[-118.30755,34.76189],[-118.31145,34.76183],[-118.31253,34.76087],[-118.31233,34.75214],[-118.31627,34.75207],[-118.31616,34.74713],[-118.29871,34.74735],[-118.29872,34.74008],[-118.29221,34.74012],[-118.29223,34.73828],[-118.29872,34.73826],[-118.29872,34.73645],[-118.29441,34.73646],[-118.29442,34.73459],[-118.29657,34.73457],[-118.29658,34.73282],[-118.29444,34.73283],[-118.29414,34.72561],[-118.28981,34.72563],[-118.29015,34.73285],[-118.28573,34.73287],[-118.28558,34.72927],[-118.28778,34.72926],[-118.28762,34.72564],[-118.28102,34.72567],[-118.28121,34.72929],[-118.2768,34.72931],[-118.27675,34.72582],[-118.27226,34.72579],[-118.27228,34.72752],[-118.26793,34.72754],[-118.26784,34.72392],[-118.2722,34.72389],[-118.27204,34.71481],[-118.26546,34.71484],[-118.2655,34.71848],[-118.25453,34.71855],[-118.25461,34.72217],[-118.259,34.72215],[-118.25905,34.72396],[-118.25795,34.72397],[-118.25802,34.72578],[-118.25471,34.7258],[-118.25489,34.73357],[-118.25466,34.76199],[-118.23718,34.76209],[-118.17561,34.76235],[-118.17541,34.74778],[-118.17508,34.73322],[-118.14178,34.73338],[-118.1308,34.7334],[-118.13062,34.71852],[-118.11232,34.71888],[-118.10355,34.71884],[-118.09498,34.71878],[-118.07714,34.71899],[-118.05916,34.71928],[-118.05922,34.69727],[-118.04123,34.69719],[-118.0412,34.68996],[-118.03457,34.68995],[-118.03458,34.69359],[-118.03235,34.69359],[-118.03231,34.68995],[-118.01896,34.68997],[-118.0189,34.6863],[-118.01721,34.68631],[-118.01727,34.68998],[-117.98731,34.69014],[-117.98738,34.68642],[-117.98627,34.68641],[-117.98628,34.69015],[-117.97862,34.6902],[-117.97859,34.67916],[-117.96967,34.67921],[-117.96967,34.6829],[-117.96525,34.68294],[-117.96526,34.68655],[-117.96304,34.68653],[-117.96301,34.6902],[-117.96087,34.69018],[-117.9608,34.68287],[-117.95195,34.68277],[-117.95195,34.68095],[-117.94755,34.68094],[-117.94759,34.67547],[-117.93867,34.67542],[-117.93873,34.66068],[-117.91631,34.66061],[-117.91637,34.64635],[-117.91654,34.63145],[-117.91632,34.61671],[-117.91619,34.58718],[-117.93386,34.58733],[-117.95143,34.58713],[-117.96913,34.58714],[-117.97271,34.58717],[-117.97358,34.58713],[-117.98346,34.58714],[-117.98693,34.58704],[-117.98698,34.57973],[-117.98718,34.56141],[-117.97831,34.56143],[-117.97828,34.55794],[-117.97925,34.55791],[-117.97925,34.55398],[-117.98145,34.55396],[-117.98147,34.55085],[-117.98149,34.54832],[-117.9837,34.54832],[-117.98371,34.5465],[-117.9852,34.54649],[-117.98564,34.54555],[-117.98624,34.54467],[-117.98815,34.54467],[-117.98816,34.54236],[-117.98817,34.54104],[-117.98956,34.54043],[-117.99136,34.53829],[-117.99215,34.53805],[-117.99256,34.53738],[-117.99372,34.53738],[-117.99491,34.53555],[-117.99694,34.53553],[-117.9969,34.532],[-117.9969,34.52828],[-118.0011,34.52826],[-118.00128,34.52814],[-118.00128,34.52465],[-118.00192,34.5246],[-118.00287,34.52194],[-118.00249,34.52112],[-118.0036,34.52123],[-118.00578,34.52148],[-118.00746,34.52217],[-118.00888,34.52341],[-118.01411,34.53101],[-118.02051,34.53572],[-118.0208,34.53556],[-118.02768,34.53549],[-118.02771,34.54086],[-118.03429,34.54083],[-118.03427,34.54272],[-118.04525,34.54271],[-118.04967,34.54271],[-118.04968,34.53911],[-118.04876,34.53764],[-118.04969,34.53631],[-118.04961,34.53163],[-118.05181,34.53109],[-118.0548,34.5323],[-118.05938,34.53303],[-118.06283,34.53263],[-118.06285,34.53551],[-118.07459,34.53542],[-118.07164,34.53423],[-118.07159,34.52913],[-118.07156,34.52815],[-118.05836,34.5282],[-118.05749,34.5281],[-118.05514,34.52734],[-118.04881,34.52416],[-118.0452,34.52183],[-118.04513,34.51371],[-118.05391,34.51369],[-118.05392,34.51006],[-118.05987,34.51004],[-118.05939,34.51368],[-118.0796,34.51356],[-118.07965,34.52436],[-118.07966,34.52816],[-118.07968,34.5348],[-118.08293,34.53658],[-118.08443,34.53594],[-118.0872,34.53677],[-118.0936,34.53749],[-118.09598,34.53588],[-118.09725,34.53572],[-118.1008,34.53712],[-118.10312,34.53643],[-118.11333,34.55095],[-118.11401,34.55304],[-118.11427,34.55799],[-118.11528,34.55799],[-118.1204,34.55794],[-118.1238,34.55794],[-118.1238,34.5566],[-118.12711,34.55736],[-118.1296,34.55548],[-118.1292,34.5531],[-118.13159,34.5531],[-118.13179,34.55519],[-118.13029,34.55792],[-118.12936,34.55792],[-118.12934,34.55973],[-118.13203,34.55975],[-118.13105,34.55792],[-118.1322,34.55791],[-118.13261,34.55791],[-118.13824,34.55796],[-118.1383,34.55564],[-118.13892,34.55563],[-118.13889,34.55796],[-118.14122,34.55798],[-118.1427,34.558],[-118.14278,34.5652],[-118.15164,34.56527],[-118.15161,34.56181],[-118.1543,34.56261],[-118.15719,34.56415],[-118.16022,34.56368],[-118.16172,34.56416],[-118.16489,34.56661],[-118.16485,34.55882],[-118.16485,34.55813],[-118.1838,34.55827],[-118.1853,34.55827],[-118.19572,34.55829],[-118.20002,34.5583],[-118.20002,34.55736],[-118.19395,34.55735],[-118.19389,34.54616],[-118.19822,34.54626],[-118.19823,34.54259],[-118.20698,34.5427],[-118.22018,34.54275],[-118.22025,34.53909],[-118.23788,34.53895],[-118.2555,34.53929],[-118.25534,34.54306],[-118.25468,34.5583],[-118.25639,34.5583],[-118.2876,34.55818],[-118.28763,34.56327],[-118.28775,34.5802],[-118.28773,34.5814],[-118.2877,34.58375],[-118.28335,34.58375]],[[-118.25481,34.64672],[-118.25528,34.6471],[-118.25455,34.6477],[-118.25625,34.64908],[-118.25898,34.64686],[-118.25928,34.64554],[-118.25481,34.64559],[-118.25481,34.64672]],[[-118.24492,34.64941],[-118.24817,34.64941],[-118.24781,34.65106],[-118.24938,34.65105],[-118.24929,34.64921],[-118.25371,34.6492],[-118.25361,34.64559],[-118.2449,34.64561],[-118.24492,34.64941]],[[-118.22302,34.63823],[-118.22319,34.63086],[-118.21881,34.63091],[-118.21001,34.63095],[-118.20998,34.6443],[-118.20729,34.64561],[-118.20344,34.6456],[-118.20343,34.64652],[-118.20234,34.64651],[-118.20233,34.64559],[-118.20124,34.64559],[-118.20124,34.64698],[-118.20125,34.64852],[-118.20136,34.66014],[-118.20144,34.66014],[-118.20571,34.66013],[-118.20568,34.66386],[-118.20136,34.66472],[-118.20139,34.66655],[-118.2025,34.66839],[-118.20137,34.66839],[-118.20135,34.67118],[-118.20252,34.67118],[-118.2036,34.67296],[-118.20361,34.67477],[-118.20588,34.67479],[-118.20584,34.67756],[-118.20703,34.67755],[-118.20805,34.67888],[-118.21027,34.6789],[-118.2102,34.67484],[-118.21131,34.67485],[-118.21132,34.67127],[-118.21016,34.66937],[-118.2142,34.66939],[-118.21453,34.66757],[-118.21884,34.6676],[-118.21888,34.67491],[-118.22324,34.67487],[-118.22316,34.66025],[-118.22762,34.66022],[-118.22742,34.65291],[-118.2318,34.6529],[-118.23174,34.65029],[-118.22855,34.65016],[-118.22733,34.64925],[-118.22727,34.64561],[-118.23162,34.64563],[-118.23171,34.64924],[-118.23612,34.64928],[-118.23606,34.64561],[-118.23616,34.63824],[-118.22302,34.63823]],[[-118.20995,34.62369],[-118.20184,34.62369],[-118.20184,34.62311],[-118.20117,34.62311],[-118.20115,34.62369],[-118.18351,34.62378],[-118.18364,34.61645],[-118.18337,34.60911],[-118.18324,34.60548],[-118.17434,34.60541],[-118.1699,34.6054],[-118.16544,34.60542],[-118.15656,34.60549],[-118.15656,34.60914],[-118.15214,34.60915],[-118.14889,34.60915],[-118.14887,34.61286],[-118.14994,34.61288],[-118.14992,34.61658],[-118.1499,34.61844],[-118.14884,34.61844],[-118.14881,34.62395],[-118.15211,34.62385],[-118.15207,34.63026],[-118.15316,34.63025],[-118.15325,34.64572],[-118.15341,34.64572],[-118.15536,34.64578],[-118.16555,34.64575],[-118.16994,34.64576],[-118.17078,34.64578],[-118.18305,34.64569],[-118.18337,34.63112],[-118.21001,34.63095],[-118.20995,34.62369]],[[-118.04997,34.6661],[-118.04778,34.6661],[-118.0478,34.66801],[-118.05222,34.66794],[-118.0522,34.66426],[-118.05443,34.66423],[-118.05446,34.6679],[-118.05892,34.6679],[-118.05887,34.66062],[-118.04993,34.66062],[-118.04997,34.6661]],[[-117.98736,34.66077],[-117.98737,34.66435],[-117.99632,34.66437],[-117.99632,34.66804],[-117.99181,34.66806],[-117.99187,34.68642],[-117.99639,34.6864],[-117.99633,34.67538],[-118.0008,34.67538],[-118.0008,34.6717],[-118.00523,34.67169],[-118.00751,34.67223],[-118.00975,34.67168],[-118.00975,34.67536],[-118.01421,34.67536],[-118.01421,34.668],[-118.00523,34.66804],[-118.00523,34.66436],[-118.03655,34.66428],[-118.03657,34.66798],[-118.02762,34.66797],[-118.02764,34.67163],[-118.04105,34.67151],[-118.04098,34.66063],[-118.0145,34.66074],[-117.98736,34.66077]],[[-117.9476,34.66806],[-117.95205,34.66805],[-117.95205,34.67547],[-117.96964,34.67551],[-117.96979,34.66075],[-117.94764,34.66074],[-117.9476,34.66806]],[[-118.15632,34.58503],[-118.15407,34.58445],[-118.15406,34.58397],[-118.15284,34.58348],[-118.15184,34.58348],[-118.15185,34.58393],[-118.15091,34.58452],[-118.14992,34.58456],[-118.15012,34.58714],[-118.14748,34.58715],[-118.14753,34.59146],[-118.14829,34.59174],[-118.1483,34.59538],[-118.1513,34.59345],[-118.15361,34.59555],[-118.14991,34.5968],[-118.14983,34.59827],[-118.15575,34.59614],[-118.15701,34.59543],[-118.16087,34.59261],[-118.15854,34.5927],[-118.15595,34.5946],[-118.1553,34.594],[-118.15719,34.59153],[-118.16136,34.58849],[-118.1616,34.5871],[-118.15635,34.58712],[-118.15632,34.58503]],[[-118.12378,34.58718],[-118.1238,34.58901],[-118.12424,34.589],[-118.12453,34.58718],[-118.12408,34.58718],[-118.12378,34.58718]],[[-118.112,34.58731],[-118.11201,34.5946],[-118.11944,34.59453],[-118.11829,34.58724],[-118.11782,34.58728],[-118.112,34.58731]],[[-118.0674,34.59109],[-118.04076,34.59104],[-118.04075,34.58737],[-118.02292,34.58716],[-118.02287,34.57982],[-118.00497,34.57957],[-117.99594,34.57965],[-117.99602,34.59428],[-117.98703,34.59441],[-117.95164,34.59453],[-117.95173,34.63132],[-117.95183,34.6387],[-117.96969,34.63862],[-117.96988,34.64604],[-118.04982,34.64599],[-118.04976,34.63142],[-118.04977,34.62779],[-118.05867,34.62778],[-118.05864,34.6241],[-118.06926,34.6241],[-118.07025,34.62346],[-118.0702,34.61678],[-118.072,34.61678],[-118.07197,34.6065],[-118.07377,34.60685],[-118.07348,34.60784],[-118.07495,34.60812],[-118.07657,34.60222],[-118.07657,34.60346],[-118.07521,34.60826],[-118.07828,34.60949],[-118.08087,34.61],[-118.08087,34.61243],[-118.0792,34.61208],[-118.07851,34.61388],[-118.07709,34.6136],[-118.0775,34.61678],[-118.08098,34.61678],[-118.08097,34.6095],[-118.08087,34.60802],[-118.07984,34.60802],[-118.07983,34.60225],[-118.09407,34.60241],[-118.10315,34.60218],[-118.10316,34.59108],[-118.07632,34.59094],[-118.0674,34.59109]],[[-118.29144,34.68746],[-118.28916,34.68747],[-118.2891,34.67475],[-118.28043,34.67471],[-118.28035,34.67716],[-118.28503,34.67717],[-118.28503,34.67836],[-118.28042,34.67833],[-118.28048,34.68384],[-118.28256,34.68383],[-118.28257,34.68559],[-118.276,34.68565],[-118.276,34.68465],[-118.27162,34.68471],[-118.27162,34.68566],[-118.26066,34.68568],[-118.26067,34.68934],[-118.26724,34.68933],[-118.26737,34.69662],[-118.2762,34.6966],[-118.27621,34.7039],[-118.27626,34.7039],[-118.27639,34.71477],[-118.28508,34.71477],[-118.28501,34.70385],[-118.28118,34.70386],[-118.28061,34.70328],[-118.28061,34.69294],[-118.28482,34.69293],[-118.2849,34.69656],[-118.28926,34.69655],[-118.28936,34.70382],[-118.28941,34.71111],[-118.2938,34.71104],[-118.2938,34.7129],[-118.29163,34.71291],[-118.29164,34.71472],[-118.29382,34.7147],[-118.29384,34.71835],[-118.30262,34.71832],[-118.30259,34.70378],[-118.30362,34.70377],[-118.30357,34.69833],[-118.3025,34.69833],[-118.30248,34.69652],[-118.31114,34.69651],[-118.31107,34.68922],[-118.29145,34.68927],[-118.29144,34.68746]],[[-118.2599,34.70757],[-118.26323,34.70757],[-118.26315,34.70399],[-118.26307,34.70025],[-118.2587,34.70028],[-118.25848,34.68933],[-118.2541,34.68935],[-118.25435,34.70403],[-118.25441,34.71124],[-118.26325,34.71119],[-118.26325,34.70935],[-118.25992,34.70937],[-118.2599,34.70757]],[[-118.23995,34.65056],[-118.23839,34.65289],[-118.23622,34.65289],[-118.23628,34.65653],[-118.2407,34.65653],[-118.24063,34.65288],[-118.24497,34.65284],[-118.24493,34.64961],[-118.24292,34.65054],[-118.23995,34.65056]]]}},{"type":"Feature","properties":{"name":"B-Line FLEX","boundary_type":"places","source":"Census TIGER place","fidelity":"exact","updated":"2026-09","units":"Paradise town; Magalia CDP","note":"Service covers Paradise and Magalia in Butte County","confidence":0.9},"geometry":{"type":"Polygon","coordinates":[[[-121.65533,39.74818],[-121.65494,39.75565],[-121.65403,39.7566],[-121.64619,39.76312],[-121.64538,39.76379],[-121.64501,39.76972],[-121.64451,39.77016],[-121.64424,39.77092],[-121.64414,39.77276],[-121.64312,39.77373],[-121.64136,39.77475],[-121.64104,39.77559],[-121.64111,39.77648],[-121.64032,39.77779],[-121.6396,39.77901],[-121.6395,39.77935],[-121.64009,39.7804],[-121.64011,39.78087],[-121.6397,39.78176],[-121.6391,39.78239],[-121.63821,39.78277],[-121.63783,39.78293],[-121.63748,39.78327],[-121.63703,39.78391],[-121.63647,39.78425],[-121.63576,39.78519],[-121.6319,39.78644],[-121.62839,39.78658],[-121.62907,39.78921],[-121.63054,39.78859],[-121.62942,39.7911],[-121.6276,39.79214],[-121.63133,39.7914],[-121.63292,39.7902],[-121.63507,39.78997],[-121.6362,39.79103],[-121.63654,39.79338],[-121.6377,39.79319],[-121.6358,39.79483],[-121.63487,39.79338],[-121.63436,39.79532],[-121.63256,39.79677],[-121.63209,39.79995],[-121.63165,39.80169],[-121.63114,39.80011],[-121.6295,39.80414],[-121.62732,39.80488],[-121.62661,39.80983],[-121.62601,39.81037],[-121.62988,39.80857],[-121.63578,39.8077],[-121.63812,39.80694],[-121.64121,39.8064],[-121.64372,39.80791],[-121.64311,39.80974],[-121.6398,39.81076],[-121.64028,39.81218],[-121.63621,39.81216],[-121.63749,39.81383],[-121.63458,39.81553],[-121.63807,39.81684],[-121.63828,39.8177],[-121.63571,39.81873],[-121.63718,39.82149],[-121.63535,39.82098],[-121.63287,39.82171],[-121.63384,39.82277],[-121.63265,39.82379],[-121.63056,39.82432],[-121.62996,39.82567],[-121.63128,39.82623],[-121.63213,39.82822],[-121.63095,39.82838],[-121.62913,39.83046],[-121.62751,39.83059],[-121.62775,39.8321],[-121.63,39.83323],[-121.62771,39.83406],[-121.62839,39.836],[-121.62642,39.83695],[-121.62487,39.83884],[-121.62431,39.84041],[-121.6215,39.84107],[-121.62031,39.84267],[-121.6191,39.84607],[-121.61778,39.84711],[-121.61433,39.85225],[-121.61374,39.85352],[-121.61317,39.85901],[-121.61413,39.8669],[-121.61388,39.86763],[-121.6137,39.86807],[-121.61164,39.8703],[-121.61045,39.87098],[-121.61084,39.87459],[-121.61179,39.8758],[-121.61151,39.87878],[-121.6069,39.87985],[-121.60278,39.87826],[-121.59979,39.8801],[-121.59789,39.87968],[-121.59968,39.87601],[-121.6009,39.87471],[-121.60045,39.87123],[-121.5938,39.86814],[-121.59193,39.86696],[-121.59068,39.86426],[-121.58937,39.86333],[-121.58897,39.8618],[-121.58628,39.86017],[-121.58383,39.85781],[-121.58295,39.85775],[-121.57974,39.8548],[-121.57965,39.85241],[-121.57812,39.85142],[-121.57565,39.85327],[-121.57691,39.84859],[-121.58112,39.84694],[-121.58165,39.84616],[-121.58128,39.84389],[-121.58394,39.84098],[-121.58257,39.83936],[-121.58278,39.83813],[-121.58078,39.8347],[-121.58245,39.83292],[-121.5839,39.83048],[-121.58612,39.82875],[-121.58878,39.82441],[-121.5897,39.8246],[-121.58891,39.82402],[-121.58686,39.81973],[-121.58551,39.81614],[-121.58439,39.81502],[-121.58193,39.81609],[-121.58172,39.81563],[-121.58017,39.81529],[-121.5784,39.81276],[-121.57743,39.81298],[-121.57756,39.81137],[-121.57693,39.8079],[-121.57742,39.80712],[-121.57955,39.80101],[-121.57803,39.80013],[-121.57808,39.79849],[-121.57236,39.79857],[-121.57025,39.79131],[-121.5691,39.79132],[-121.56924,39.78789],[-121.56921,39.78635],[-121.57023,39.78634],[-121.57013,39.77964],[-121.5681,39.77969],[-121.568,39.77732],[-121.57003,39.77732],[-121.56974,39.77061],[-121.56847,39.766],[-121.56841,39.76723],[-121.56655,39.76725],[-121.56645,39.76514],[-121.56745,39.76395],[-121.5658,39.75503],[-121.56589,39.74985],[-121.56557,39.74782],[-121.56546,39.74483],[-121.56572,39.74401],[-121.56552,39.73855],[-121.56524,39.73424],[-121.56456,39.73112],[-121.56552,39.73036],[-121.56793,39.73105],[-121.57425,39.73091],[-121.58015,39.73119],[-121.58077,39.73117],[-121.58083,39.72538],[-121.59147,39.72547],[-121.60318,39.72542],[-121.61186,39.7254],[-121.64091,39.72577],[-121.64332,39.72645],[-121.64486,39.72592],[-121.64914,39.72578],[-121.65535,39.72629],[-121.65554,39.72745],[-121.65495,39.72823],[-121.65565,39.72995],[-121.65518,39.74111],[-121.65517,39.74405],[-121.65533,39.74818]]]}},{"type":"Feature","properties":{"name":"BeeLine","boundary_type":"places","source":"Census TIGER place","fidelity":"exact","updated":"2026-09","units":"Woodland city; Winters city; Knights Landing CDP","note":"Microtransit service covering three communities in Yolo County","confidence":0.85},"geometry":{"type":"MultiPolygon","coordinates":[[[[-121.9898,38.52537],[-121.98962,38.53262],[-121.98958,38.53621],[-121.98604,38.5361],[-121.98609,38.53263],[-121.98125,38.53263],[-121.98143,38.53888],[-121.97112,38.53894],[-121.97112,38.54176],[-121.96906,38.5413],[-121.96901,38.53846],[-121.9699,38.53851],[-121.96897,38.53503],[-121.96903,38.53274],[-121.96746,38.53277],[-121.96741,38.53374],[-121.96154,38.53352],[-121.95575,38.53415],[-121.95624,38.53934],[-121.95315,38.53941],[-121.95314,38.53663],[-121.95338,38.5341],[-121.95527,38.53185],[-121.95498,38.53068],[-121.95343,38.52866],[-121.95311,38.52682],[-121.95312,38.52564],[-121.9604,38.52301],[-121.96361,38.5228],[-121.96784,38.5201],[-121.97069,38.51578],[-121.97461,38.51373],[-121.97642,38.51724],[-121.97981,38.51679],[-121.98211,38.51874],[-121.98633,38.51884],[-121.98724,38.518],[-121.98884,38.51846],[-121.98943,38.5187],[-121.99088,38.52104],[-121.99281,38.52127],[-121.99248,38.5235],[-121.99075,38.52336],[-121.99033,38.52526],[-121.9898,38.52537]]],[[[-121.98955,38.53987],[-122.00056,38.53988],[-122.0006,38.55217],[-121.98536,38.55207],[-121.98521,38.53982],[-121.98955,38.53987]]],[[[-121.70818,38.65499],[-121.70818,38.66933],[-121.67668,38.66933],[-121.67668,38.65499],[-121.70818,38.65499]]],[[[-121.80244,38.69219],[-121.80244,38.69474],[-121.79778,38.69474],[-121.79778,38.69421],[-121.79318,38.69427],[-121.79315,38.69207],[-121.78836,38.69204],[-121.78848,38.69536],[-121.78627,38.69534],[-121.78632,38.69389],[-121.78572,38.69203],[-121.78382,38.69202],[-121.77529,38.69193],[-121.77524,38.6968],[-121.76928,38.69191],[-121.76526,38.69188],[-121.76522,38.69586],[-121.7703,38.6971],[-121.77025,38.69884],[-121.76521,38.69891],[-121.76516,38.70931],[-121.76203,38.7093],[-121.76505,38.70179],[-121.76474,38.70037],[-121.76294,38.69876],[-121.72787,38.69855],[-121.72783,38.69176],[-121.73536,38.69172],[-121.73562,38.68445],[-121.73749,38.68446],[-121.73704,38.67742],[-121.72854,38.67734],[-121.7284,38.68442],[-121.71878,38.68431],[-121.71427,38.68453],[-121.70982,38.67833],[-121.70936,38.67345],[-121.72217,38.67332],[-121.72344,38.67232],[-121.72345,38.67111],[-121.72851,38.67109],[-121.72854,38.6636],[-121.71911,38.66356],[-121.71911,38.66926],[-121.70944,38.66922],[-121.70944,38.64779],[-121.7191,38.64784],[-121.71904,38.64079],[-121.72914,38.64092],[-121.74739,38.64098],[-121.7477,38.64198],[-121.74736,38.65571],[-121.76118,38.65553],[-121.76126,38.65185],[-121.76591,38.65157],[-121.7659,38.65572],[-121.77506,38.65574],[-121.78432,38.65579],[-121.79355,38.65597],[-121.79776,38.65591],[-121.80268,38.65606],[-121.80266,38.66312],[-121.80261,38.66638],[-121.80251,38.67767],[-121.80249,38.68491],[-121.80244,38.69219]],[[-121.7191,38.6481],[-121.7191,38.66295],[-121.72847,38.663],[-121.72889,38.64789],[-121.72106,38.64785],[-121.7191,38.64784],[-121.7191,38.6481]],[[-121.76561,38.66287],[-121.76104,38.66284],[-121.76078,38.66671],[-121.76556,38.6669],[-121.76561,38.66287]]],[[[-121.72442,38.80468],[-121.72371,38.80563],[-121.72382,38.80383],[-121.72214,38.80154],[-121.71746,38.80237],[-121.71221,38.80092],[-121.70784,38.80059],[-121.70504,38.80123],[-121.70504,38.79569],[-121.71802,38.79597],[-121.71878,38.79591],[-121.71984,38.7956],[-121.72145,38.7925],[-121.72218,38.79072],[-121.72563,38.79347],[-121.72899,38.7956],[-121.72455,38.79977],[-121.72536,38.80186],[-121.72419,38.80266],[-121.72442,38.80468]]]]}},{"type":"Feature","properties":{"name":"Calexico On Demand","boundary_type":"city","source":"Census TIGER place","fidelity":"exact","updated":"2026-09","units":"Calexico city","note":"Citywide service in Calexico, Imperial County at CA-Mexico border.","confidence":0.95},"geometry":{"type":"Polygon","coordinates":[[[-115.53002,32.66396],[-115.52909,32.66548],[-115.52743,32.67034],[-115.52828,32.67055],[-115.5278,32.67185],[-115.52634,32.67185],[-115.52467,32.67184],[-115.52467,32.67444],[-115.52298,32.67923],[-115.52179,32.68205],[-115.52041,32.68363],[-115.51837,32.68495],[-115.51626,32.68567],[-115.5079,32.68552],[-115.50825,32.6864],[-115.51134,32.694],[-115.51688,32.70894],[-115.51377,32.70877],[-115.49946,32.70875],[-115.4825,32.7086],[-115.48251,32.70128],[-115.48001,32.70127],[-115.47571,32.70065],[-115.47172,32.69933],[-115.46936,32.69802],[-115.46516,32.69472],[-115.46523,32.69389],[-115.46417,32.69402],[-115.45667,32.69401],[-115.45668,32.69303],[-115.4599,32.69073],[-115.45679,32.68673],[-115.4568,32.68311],[-115.46535,32.68314],[-115.46948,32.68315],[-115.47396,32.68315],[-115.47397,32.68003],[-115.47444,32.67985],[-115.47406,32.67866],[-115.47408,32.67474],[-115.47409,32.66643],[-115.48256,32.66579],[-115.49045,32.6652],[-115.49676,32.66472],[-115.49914,32.66454],[-115.53105,32.66214],[-115.53348,32.66196],[-115.53002,32.66396]]]}},{"type":"Feature","properties":{"name":"California City Dial-A-Ride","boundary_type":"city","source":"Census TIGER place","fidelity":"exact","updated":"2026-09","units":"California City city","note":"Rural Mojave Desert city dial-a-ride","confidence":0.95},"geometry":{"type":"Polygon","coordinates":[[[-118.0779,35.18378],[-118.0572,35.18414],[-118.04958,35.18391],[-118.04908,35.18397],[-118.03908,35.18412],[-117.98581,35.18428],[-117.95019,35.18425],[-117.95017,35.1705],[-117.95026,35.16965],[-117.94459,35.16959],[-117.89741,35.16995],[-117.89749,35.18446],[-117.88205,35.18452],[-117.8798,35.18466],[-117.87983,35.19907],[-117.8626,35.19926],[-117.86232,35.20285],[-117.86242,35.21388],[-117.84453,35.21386],[-117.84472,35.24296],[-117.84308,35.24314],[-117.78745,35.24321],[-117.78251,35.24296],[-117.78252,35.24185],[-117.77362,35.24718],[-117.77358,35.25018],[-117.76907,35.25024],[-117.769,35.25388],[-117.76242,35.25391],[-117.76231,35.25766],[-117.75637,35.25755],[-117.75464,35.25858],[-117.75554,35.26048],[-117.75545,35.26208],[-117.75643,35.26593],[-117.74763,35.26588],[-117.74649,35.26348],[-117.73114,35.27267],[-117.72521,35.27193],[-117.72085,35.27261],[-117.704,35.27239],[-117.69408,35.27334],[-117.694,35.27518],[-117.69074,35.27507],[-117.6894,35.27468],[-117.68807,35.27341],[-117.68746,35.27343],[-117.68466,35.27744],[-117.68466,35.27397],[-117.662,35.27366],[-117.65828,35.27369],[-117.65825,35.27489],[-117.65468,35.27492],[-117.65163,35.2746],[-117.65162,35.27382],[-117.65157,35.27218],[-117.64909,35.27221],[-117.64906,35.27338],[-117.64935,35.27349],[-117.64932,35.27386],[-117.6313,35.27418],[-117.63117,35.24997],[-117.63097,35.24737],[-117.63124,35.18279],[-117.63129,35.18247],[-117.63127,35.15592],[-117.6369,35.15611],[-117.64902,35.15688],[-117.66411,35.15704],[-117.68525,35.15651],[-117.6843,35.14218],[-117.71968,35.14133],[-117.71987,35.15587],[-117.70288,35.15624],[-117.70219,35.17058],[-117.73598,35.17051],[-117.73795,35.17029],[-117.73774,35.14118],[-117.7557,35.14108],[-117.7557,35.12655],[-117.77274,35.12646],[-117.77283,35.13381],[-117.79048,35.13373],[-117.79078,35.15562],[-117.79734,35.15579],[-117.80844,35.15563],[-117.80834,35.14087],[-117.82589,35.14097],[-117.82584,35.12638],[-117.84394,35.12622],[-117.84384,35.13175],[-117.84415,35.14084],[-117.87999,35.14084],[-117.91454,35.14071],[-117.91459,35.13337],[-117.91486,35.13055],[-117.91486,35.12486],[-117.91419,35.11231],[-117.91432,35.11152],[-117.92928,35.1114],[-117.93193,35.1115],[-117.93181,35.09688],[-117.93524,35.09687],[-117.93531,35.088],[-117.93743,35.08758],[-117.95319,35.0875],[-117.95308,35.07293],[-117.93527,35.0727],[-117.93533,35.0581],[-117.95297,35.05831],[-117.95256,35.0434],[-117.97085,35.04333],[-117.97041,35.02821],[-117.96123,35.02852],[-117.9526,35.02854],[-117.95225,35.01483],[-117.95242,35.01441],[-117.96461,35.01528],[-117.97014,35.01404],[-117.9721,35.01416],[-117.97834,35.01622],[-117.9888,35.01694],[-117.98878,35.01455],[-118.00663,35.01452],[-118.00654,35.0182],[-118.01557,35.01882],[-118.01557,35.0148],[-118.04253,35.01472],[-118.04267,35.02192],[-118.05173,35.02204],[-118.05173,35.02339],[-118.06296,35.02541],[-118.06278,35.07135],[-118.06279,35.09641],[-118.05701,35.0964],[-118.05677,35.11094],[-118.09275,35.11099],[-118.09275,35.11094],[-118.11002,35.11047],[-118.11772,35.11078],[-118.13462,35.11104],[-118.0779,35.18378]]]}},{"type":"Feature","properties":{"name":"Chowchilla Area Transit Express (CATX)","boundary_type":"city","source":"Census TIGER place","fidelity":"approximate","updated":"2026-09","units":"Chowchilla city","note":"Service includes city limits plus 'Gold Line' destinations; mapped to city as proxy","confidence":0.75},"geometry":{"type":"MultiPolygon","coordinates":[[[[-120.16152,37.09833],[-120.16154,37.10089],[-120.16483,37.10091],[-120.16447,37.11037],[-120.14716,37.11002],[-120.14717,37.08572],[-120.15955,37.08546],[-120.16541,37.08551],[-120.16518,37.0905],[-120.16502,37.09836],[-120.16152,37.09833]]],[[[-120.29129,37.12436],[-120.28567,37.12249],[-120.28193,37.1221],[-120.27915,37.12263],[-120.27881,37.12276],[-120.27882,37.12381],[-120.27484,37.12531],[-120.27344,37.12657],[-120.27083,37.12716],[-120.2671,37.12715],[-120.26607,37.12635],[-120.26597,37.12626],[-120.26536,37.12715],[-120.26295,37.12713],[-120.25958,37.12711],[-120.25655,37.1271],[-120.25659,37.12801],[-120.2559,37.12836],[-120.25549,37.12896],[-120.25611,37.12939],[-120.25599,37.12956],[-120.25517,37.13073],[-120.251,37.13318],[-120.24799,37.1332],[-120.24587,37.13376],[-120.24219,37.13618],[-120.23852,37.13661],[-120.23706,37.13632],[-120.23424,37.13455],[-120.23046,37.13431],[-120.22735,37.1359],[-120.22345,37.13628],[-120.22017,37.13776],[-120.2204,37.12678],[-120.22045,37.11326],[-120.22097,37.11288],[-120.22606,37.11291],[-120.22983,37.10975],[-120.22898,37.10911],[-120.22037,37.10248],[-120.2173,37.09983],[-120.21424,37.09472],[-120.22001,37.09474],[-120.21569,37.09128],[-120.22039,37.09104],[-120.2204,37.08396],[-120.23859,37.08396],[-120.2477,37.08393],[-120.24767,37.09104],[-120.2522,37.09102],[-120.25219,37.09457],[-120.24763,37.09457],[-120.2476,37.09826],[-120.25673,37.09826],[-120.25674,37.09989],[-120.25674,37.10079],[-120.2589,37.10016],[-120.2589,37.09878],[-120.26117,37.09878],[-120.26117,37.09821],[-120.26583,37.09927],[-120.26578,37.10391],[-120.27022,37.10392],[-120.27022,37.10298],[-120.2737,37.10297],[-120.27176,37.10555],[-120.27384,37.10405],[-120.2779,37.10626],[-120.27857,37.10551],[-120.28156,37.10551],[-120.29283,37.10548],[-120.29286,37.11275],[-120.29286,37.11999],[-120.2927,37.12428],[-120.29129,37.12436]]]]}},{"type":"Feature","properties":{"name":"Chula Vista Senior Microtransit","boundary_type":"city","source":"Census TIGER place","fidelity":"exact","updated":"2026-09","units":"Chula Vista city","note":"Service covers City of Chula Vista citywide","confidence":0.95},"geometry":{"type":"Polygon","coordinates":[[[-117.11707,32.6474],[-117.11047,32.64908],[-117.10649,32.65028],[-117.10418,32.65058],[-117.10278,32.64638],[-117.09619,32.64825],[-117.09847,32.65413],[-117.09472,32.65623],[-117.09277,32.6516],[-117.08882,32.65269],[-117.08974,32.65501],[-117.09065,32.65741],[-117.087,32.65891],[-117.08712,32.66031],[-117.08449,32.66102],[-117.0832,32.6589],[-117.07797,32.65689],[-117.07282,32.65671],[-117.07091,32.6568],[-117.07056,32.65538],[-117.06806,32.65259],[-117.0651,32.65029],[-117.06369,32.6504],[-117.05849,32.64864],[-117.05798,32.6478],[-117.05785,32.64778],[-117.05834,32.64735],[-117.06116,32.64782],[-117.06133,32.64736],[-117.06163,32.64572],[-117.06284,32.64587],[-117.0624,32.64484],[-117.06404,32.64217],[-117.06302,32.64206],[-117.0625,32.64036],[-117.06575,32.63983],[-117.06509,32.63811],[-117.06091,32.63999],[-117.06082,32.63899],[-117.05803,32.64033],[-117.058,32.64339],[-117.05671,32.64015],[-117.05561,32.64046],[-117.05344,32.64099],[-117.05253,32.64133],[-117.05443,32.64171],[-117.05592,32.64409],[-117.052,32.6453],[-117.05136,32.64361],[-117.04932,32.64419],[-117.04998,32.6459],[-117.03968,32.64872],[-117.03749,32.64932],[-117.03941,32.65374],[-117.03687,32.65353],[-117.03503,32.65643],[-117.02974,32.6578],[-117.03012,32.65857],[-117.03092,32.65842],[-117.03114,32.65988],[-117.03341,32.65955],[-117.03498,32.66043],[-117.03689,32.65859],[-117.04072,32.65808],[-117.04168,32.65747],[-117.04304,32.65641],[-117.04381,32.65844],[-117.04167,32.65862],[-117.04384,32.66002],[-117.04127,32.66413],[-117.04021,32.665],[-117.03575,32.66541],[-117.03201,32.66627],[-117.02292,32.66872],[-117.02317,32.66673],[-117.0239,32.66556],[-117.02731,32.66312],[-117.02806,32.66269],[-117.02613,32.66015],[-117.02274,32.66204],[-117.02127,32.66039],[-117.0205,32.65739],[-117.01751,32.65837],[-117.01742,32.65833],[-117.01799,32.65766],[-117.01642,32.6573],[-117.01516,32.65718],[-117.01442,32.65688],[-117.0131,32.65679],[-117.01283,32.65659],[-117.01265,32.65704],[-117.01219,32.65691],[-117.01236,32.65643],[-117.01173,32.65624],[-117.01118,32.65595],[-117.01015,32.65571],[-117.00948,32.65577],[-117.0086,32.65555],[-117.00888,32.65622],[-117.01194,32.66417],[-117.00942,32.66486],[-117.00373,32.66643],[-117.00285,32.66409],[-117.00109,32.65944],[-116.99853,32.66016],[-116.99674,32.66067],[-116.99306,32.66153],[-116.99256,32.66025],[-116.98161,32.66027],[-116.98001,32.66133],[-116.98009,32.66523],[-116.98004,32.66726],[-116.98438,32.66729],[-116.98446,32.66667],[-116.98391,32.66537],[-116.98519,32.66486],[-116.98518,32.66592],[-116.98587,32.66642],[-116.98822,32.6641],[-116.98974,32.66394],[-116.99291,32.66508],[-116.99495,32.66687],[-116.99725,32.67232],[-116.99726,32.67425],[-116.98869,32.6744],[-116.98858,32.67786],[-116.98595,32.67603],[-116.98546,32.67569],[-116.98339,32.67426],[-116.98161,32.67382],[-116.98001,32.67248],[-116.97999,32.67157],[-116.97783,32.67161],[-116.97782,32.6707],[-116.97601,32.67072],[-116.97565,32.67255],[-116.96258,32.67202],[-116.96239,32.67632],[-116.9606,32.67634],[-116.96063,32.67808],[-116.95838,32.67812],[-116.95812,32.68561],[-116.95547,32.68555],[-116.94958,32.68541],[-116.94954,32.67799],[-116.94082,32.67803],[-116.9408,32.68162],[-116.94509,32.68159],[-116.94497,32.68515],[-116.92781,32.68428],[-116.92772,32.66698],[-116.93436,32.66696],[-116.93435,32.66516],[-116.93663,32.66516],[-116.93658,32.65826],[-116.93762,32.65869],[-116.93797,32.65861],[-116.93834,32.65765],[-116.93699,32.65572],[-116.94095,32.65557],[-116.93905,32.65482],[-116.9393,32.65418],[-116.93681,32.65376],[-116.93945,32.65199],[-116.9374,32.6519],[-116.93772,32.65091],[-116.94185,32.64796],[-116.93753,32.64775],[-116.9364,32.64856],[-116.93407,32.64789],[-116.93245,32.64889],[-116.93225,32.64765],[-116.93084,32.64728],[-116.93411,32.64333],[-116.93473,32.64317],[-116.93206,32.64282],[-116.93333,32.64175],[-116.93262,32.64079],[-116.93361,32.63874],[-116.93242,32.63811],[-116.93171,32.63399],[-116.93403,32.63371],[-116.9316,32.63225],[-116.93082,32.62909],[-116.93268,32.62865],[-116.92998,32.62695],[-116.93194,32.62416],[-116.93441,32.6245],[-116.93277,32.6232],[-116.93371,32.62013],[-116.93521,32.62],[-116.93388,32.61861],[-116.93333,32.61412],[-116.93348,32.61193],[-116.93445,32.61192],[-116.93292,32.60819],[-116.93239,32.60699],[-116.93242,32.60665],[-116.93372,32.60632],[-116.9332,32.60472],[-116.93163,32.60516],[-116.93143,32.60476],[-116.93005,32.60135],[-116.92889,32.59855],[-116.93642,32.59636],[-116.96611,32.58769],[-116.9839,32.58252],[-116.99754,32.57852],[-116.99963,32.57796],[-117.00105,32.58182],[-117.00151,32.58311],[-117.01447,32.58363],[-117.01446,32.58886],[-117.01448,32.59108],[-117.03232,32.59122],[-117.03229,32.58753],[-117.03554,32.5875],[-117.03582,32.59116],[-117.03614,32.59116],[-117.04496,32.59119],[-117.04496,32.59101],[-117.04493,32.58792],[-117.04609,32.58741],[-117.04698,32.5874],[-117.04925,32.58756],[-117.0493,32.59106],[-117.0537,32.59105],[-117.0538,32.58795],[-117.0538,32.58742],[-117.05813,32.58743],[-117.05812,32.59037],[-117.05934,32.59104],[-117.06186,32.59105],[-117.06242,32.59107],[-117.07309,32.5911],[-117.07321,32.59112],[-117.07537,32.59111],[-117.07954,32.59113],[-117.08408,32.59119],[-117.08409,32.59481],[-117.08893,32.59494],[-117.08951,32.59495],[-117.09113,32.5991],[-117.09119,32.60156],[-117.09247,32.60157],[-117.09256,32.6046],[-117.09782,32.60507],[-117.09776,32.60684],[-117.09853,32.6105],[-117.09826,32.61301],[-117.09842,32.61296],[-117.10156,32.61207],[-117.11768,32.60753],[-117.12142,32.63023],[-117.12399,32.64636],[-117.11707,32.6474]],[[-117.01766,32.59844],[-117.0078,32.5983],[-116.99915,32.60254],[-116.99963,32.61062],[-117.01153,32.60777],[-117.01072,32.60585],[-117.02308,32.60598],[-117.02313,32.59851],[-117.01766,32.59844]]]}},{"type":"Feature","properties":{"name":"Claremont Dial-a-Ride","boundary_type":"city","source":"Census TIGER place","fidelity":"approximate","updated":"2026-09","units":"Claremont city","note":"Primary service area is City of Claremont; also serves nearby medical/civic facilities in Pomona area","confidence":0.85},"geometry":{"type":"Polygon","coordinates":[[[-117.74491,34.12164],[-117.74392,34.12155],[-117.7393,34.12156],[-117.74192,34.12642],[-117.74169,34.1468],[-117.7417,34.14725],[-117.7332,34.14728],[-117.73323,34.15091],[-117.72878,34.15087],[-117.72887,34.15814],[-117.72451,34.15812],[-117.72455,34.1654],[-117.71585,34.16538],[-117.7157,34.1581],[-117.70273,34.15794],[-117.70291,34.15427],[-117.6865,34.15427],[-117.68429,34.15585],[-117.68383,34.15798],[-117.68257,34.15976],[-117.68256,34.16105],[-117.68476,34.15794],[-117.69833,34.1579],[-117.6979,34.16525],[-117.67771,34.16517],[-117.6785,34.16199],[-117.68171,34.15583],[-117.68326,34.15049],[-117.68555,34.14249],[-117.6868,34.13812],[-117.68917,34.13232],[-117.69231,34.12468],[-117.69356,34.12163],[-117.69963,34.10683],[-117.70436,34.09529],[-117.7049,34.09395],[-117.70548,34.09261],[-117.70864,34.0853],[-117.70957,34.08319],[-117.71009,34.08198],[-117.71117,34.07954],[-117.71925,34.07952],[-117.72273,34.0795],[-117.728,34.07948],[-117.728,34.08145],[-117.728,34.08507],[-117.728,34.0856],[-117.72799,34.08715],[-117.72798,34.09042],[-117.73234,34.09033],[-117.73236,34.09399],[-117.73241,34.09872],[-117.73679,34.09886],[-117.7368,34.10339],[-117.73681,34.10519],[-117.73682,34.10709],[-117.73681,34.11084],[-117.73898,34.11074],[-117.73901,34.10814],[-117.74116,34.10811],[-117.74208,34.1108],[-117.74534,34.11082],[-117.74853,34.1108],[-117.74854,34.1126],[-117.75004,34.1126],[-117.75005,34.10964],[-117.75061,34.10964],[-117.75077,34.12067],[-117.75073,34.12164],[-117.74491,34.12164]],[[-117.73218,34.12168],[-117.73221,34.12417],[-117.73334,34.12415],[-117.73336,34.12586],[-117.73051,34.12723],[-117.72901,34.12749],[-117.72912,34.12413],[-117.72997,34.12156],[-117.72682,34.12157],[-117.72679,34.1279],[-117.73764,34.12894],[-117.73773,34.12531],[-117.7366,34.12341],[-117.73643,34.12336],[-117.73645,34.12277],[-117.73725,34.12277],[-117.73804,34.12167],[-117.73218,34.12168]],[[-117.70375,34.14065],[-117.70279,34.14155],[-117.70165,34.14533],[-117.70231,34.14621],[-117.70074,34.14861],[-117.70198,34.14887],[-117.70392,34.14631],[-117.70422,34.14384],[-117.70723,34.14235],[-117.7052,34.14217],[-117.70375,34.14065]]]}},{"type":"Feature","properties":{"name":"Clovis Transit Micro-Transit","boundary_type":"city","source":"Census TIGER place","fidelity":"exact","updated":"2026-09","units":"Clovis city","note":"Microtransit service within city of Clovis.","confidence":0.9},"geometry":{"type":"MultiPolygon","coordinates":[[[[-119.61209,36.79386],[-119.61318,36.79385],[-119.61478,36.79385],[-119.61478,36.79569],[-119.61479,36.79625],[-119.61207,36.79625],[-119.61209,36.79386]]],[[[-119.7273,36.8142],[-119.72729,36.81576],[-119.72718,36.81942],[-119.72743,36.82056],[-119.72905,36.82303],[-119.72937,36.82444],[-119.72945,36.83028],[-119.72955,36.83759],[-119.72962,36.84483],[-119.72968,36.84942],[-119.72971,36.85209],[-119.72972,36.85215],[-119.72975,36.85948],[-119.72975,36.86315],[-119.72979,36.8668],[-119.72016,36.86669],[-119.7111,36.8666],[-119.71032,36.86664],[-119.70658,36.86661],[-119.70659,36.87025],[-119.7027,36.87025],[-119.70206,36.87059],[-119.70206,36.87386],[-119.69294,36.87389],[-119.69304,36.86657],[-119.69389,36.86539],[-119.69574,36.86255],[-119.69997,36.86112],[-119.70212,36.8593],[-119.70214,36.85201],[-119.69304,36.852],[-119.68405,36.85197],[-119.67505,36.85195],[-119.67501,36.85557],[-119.67187,36.85556],[-119.67304,36.85704],[-119.67319,36.85938],[-119.67497,36.86016],[-119.67499,36.86392],[-119.67529,36.86395],[-119.67808,36.86357],[-119.67805,36.85923],[-119.68112,36.85923],[-119.68158,36.86322],[-119.684,36.86391],[-119.684,36.85699],[-119.68854,36.85655],[-119.68855,36.85474],[-119.69077,36.85475],[-119.69075,36.85927],[-119.68854,36.85927],[-119.68852,36.86578],[-119.6888,36.86577],[-119.68884,36.86666],[-119.68397,36.86651],[-119.67486,36.86643],[-119.66596,36.86643],[-119.6568,36.86641],[-119.64896,36.86642],[-119.63884,36.86641],[-119.62682,36.86628],[-119.62515,36.86548],[-119.62483,36.86503],[-119.62981,36.86143],[-119.64218,36.85449],[-119.64165,36.85414],[-119.64258,36.85434],[-119.64622,36.85223],[-119.65879,36.84518],[-119.65638,36.84406],[-119.65606,36.83816],[-119.65498,36.83567],[-119.65744,36.83566],[-119.65744,36.83115],[-119.65667,36.83112],[-119.65668,36.82968],[-119.65493,36.82967],[-119.65492,36.82796],[-119.65602,36.82799],[-119.65666,36.82757],[-119.65667,36.82659],[-119.65718,36.82661],[-119.65717,36.82478],[-119.65492,36.82478],[-119.65492,36.82292],[-119.64592,36.82296],[-119.64594,36.81928],[-119.64145,36.8193],[-119.64144,36.82106],[-119.63837,36.82104],[-119.63986,36.82265],[-119.63692,36.82055],[-119.63692,36.8229],[-119.63001,36.82286],[-119.63,36.81981],[-119.62794,36.81929],[-119.62793,36.80828],[-119.62596,36.80827],[-119.62588,36.80455],[-119.62589,36.80291],[-119.62385,36.80291],[-119.62384,36.80112],[-119.62795,36.80113],[-119.63692,36.80112],[-119.63694,36.79486],[-119.6355,36.79384],[-119.62789,36.79384],[-119.61478,36.79385],[-119.61475,36.79022],[-119.61926,36.78925],[-119.62166,36.79022],[-119.62789,36.7902],[-119.6279,36.78657],[-119.6279,36.78418],[-119.63029,36.78407],[-119.6303,36.7825],[-119.63095,36.78258],[-119.63695,36.78496],[-119.63855,36.78613],[-119.64031,36.78626],[-119.64205,36.78772],[-119.64595,36.78728],[-119.64596,36.79022],[-119.65053,36.79021],[-119.65044,36.78711],[-119.65334,36.78722],[-119.65502,36.78761],[-119.66292,36.78899],[-119.66405,36.78934],[-119.67008,36.79207],[-119.67306,36.79228],[-119.68213,36.79255],[-119.68215,36.78945],[-119.68613,36.78937],[-119.68974,36.78944],[-119.69109,36.78943],[-119.69231,36.78305],[-119.70025,36.78303],[-119.7003,36.7851],[-119.70029,36.79113],[-119.7003,36.79284],[-119.69994,36.79059],[-119.69154,36.79035],[-119.69107,36.79396],[-119.69108,36.79639],[-119.69107,36.80123],[-119.69149,36.80124],[-119.69557,36.80124],[-119.69556,36.79695],[-119.69734,36.7959],[-119.6999,36.79495],[-119.7003,36.79335],[-119.70028,36.80003],[-119.70028,36.80125],[-119.70212,36.80127],[-119.70916,36.80124],[-119.70915,36.79796],[-119.70913,36.79444],[-119.70916,36.78672],[-119.71812,36.78671],[-119.71813,36.79403],[-119.72265,36.79407],[-119.72734,36.79414],[-119.73166,36.79421],[-119.7317,36.80127],[-119.73173,36.80734],[-119.73184,36.80734],[-119.73184,36.80752],[-119.73216,36.80753],[-119.73204,36.8077],[-119.73198,36.80787],[-119.73197,36.80807],[-119.73176,36.80826],[-119.73178,36.80853],[-119.73268,36.80905],[-119.72933,36.81213],[-119.72727,36.81215],[-119.7273,36.8142]]],[[[-119.69497,36.94883],[-119.69156,36.9488],[-119.69168,36.94417],[-119.69098,36.94422],[-119.68415,36.94586],[-119.68412,36.9453],[-119.6809,36.94584],[-119.67976,36.94467],[-119.67932,36.94433],[-119.67832,36.943],[-119.6809,36.94056],[-119.68342,36.93944],[-119.68794,36.93985],[-119.69131,36.93914],[-119.69126,36.9381],[-119.6947,36.93792],[-119.69153,36.93909],[-119.69184,36.94028],[-119.69721,36.94039],[-119.70193,36.94365],[-119.70195,36.9466],[-119.70069,36.94658],[-119.70066,36.94887],[-119.69497,36.94883]]]]}},{"type":"Feature","properties":{"name":"COAST (City of Avalon Seaside Transit)","boundary_type":"city","source":"Census TIGER place","fidelity":"exact","updated":"2026-09","units":"Avalon city","note":"City of Avalon on Catalina Island; replaces previous ADA-restricted dial-a-ride","confidence":0.95},"geometry":{"type":"Polygon","coordinates":[[[-118.34371,33.33908],[-118.3435,33.34031],[-118.33721,33.34723],[-118.33147,33.3535],[-118.33572,33.35507],[-118.3354,33.35625],[-118.3314,33.35602],[-118.32916,33.35148],[-118.32446,33.34878],[-118.32274,33.34473],[-118.32188,33.34432],[-118.31848,33.34269],[-118.31653,33.34083],[-118.31022,33.33478],[-118.31021,33.33579],[-118.30906,33.3309],[-118.30983,33.3309],[-118.31599,33.32693],[-118.3177,33.33091],[-118.31769,33.33968],[-118.32438,33.33237],[-118.3269,33.32961],[-118.32674,33.31807],[-118.34666,33.31809],[-118.34666,33.32104],[-118.34371,33.33908]]]}},{"type":"Feature","properties":{"name":"COLT RIDE On-Demand (Lompoc Transit)","boundary_type":"places","source":"Census TIGER place","fidelity":"exact","updated":"2026-09","units":"Lompoc city; Mission Hills CDP; Vandenberg Village CDP","note":"City and surrounding communities in Santa Barbara County","confidence":0.75},"geometry":{"type":"MultiPolygon","coordinates":[[[[-120.49443,34.58532],[-120.49713,34.58691],[-120.49635,34.58844],[-120.49327,34.58804],[-120.49438,34.58639],[-120.49443,34.58532]]],[[[-120.50357,34.68904],[-120.47841,34.68888],[-120.47784,34.69232],[-120.47565,34.69675],[-120.47515,34.6996],[-120.47378,34.70303],[-120.47553,34.70394],[-120.48514,34.70698],[-120.48642,34.70771],[-120.48737,34.70883],[-120.47803,34.72469],[-120.48063,34.72569],[-120.48185,34.72686],[-120.48003,34.72629],[-120.4772,34.72696],[-120.47441,34.72868],[-120.47137,34.73147],[-120.47093,34.73262],[-120.46891,34.73376],[-120.46597,34.73233],[-120.46345,34.73017],[-120.46187,34.72988],[-120.45985,34.72793],[-120.4589,34.72607],[-120.45744,34.72498],[-120.45358,34.72407],[-120.45055,34.72389],[-120.44738,34.72266],[-120.4449,34.72062],[-120.43643,34.72183],[-120.43558,34.72226],[-120.43484,34.7214],[-120.43389,34.71919],[-120.43354,34.71642],[-120.43704,34.70791],[-120.4424,34.70535],[-120.44896,34.70406],[-120.44894,34.70117],[-120.45218,34.70105],[-120.45392,34.70123],[-120.45498,34.70047],[-120.455,34.69828],[-120.45694,34.69471],[-120.45858,34.68989],[-120.45878,34.68879],[-120.44902,34.68869],[-120.45228,34.68349],[-120.45004,34.68679],[-120.44787,34.69052],[-120.44464,34.68986],[-120.43889,34.69222],[-120.43683,34.69225],[-120.43508,34.70033],[-120.43087,34.70036],[-120.42957,34.70004],[-120.42559,34.7],[-120.4258,34.69946],[-120.42698,34.69847],[-120.43216,34.69711],[-120.43234,34.69687],[-120.43066,34.69043],[-120.42995,34.68927],[-120.42646,34.68558],[-120.42615,34.68488],[-120.4375,34.68488],[-120.43657,34.68133],[-120.43734,34.67848],[-120.4394,34.67643],[-120.43989,34.67503],[-120.44684,34.677],[-120.45142,34.67705],[-120.45098,34.67457],[-120.45215,34.67364],[-120.45457,34.67251],[-120.45722,34.67308],[-120.45745,34.67169],[-120.45752,34.66994],[-120.4549,34.66992],[-120.45394,34.66992],[-120.45312,34.66923],[-120.45318,34.66395],[-120.4488,34.66384],[-120.44807,34.66559],[-120.44702,34.66591],[-120.44513,34.66366],[-120.44445,34.66063],[-120.44325,34.66064],[-120.44007,34.657],[-120.43631,34.65004],[-120.43694,34.65001],[-120.43675,34.64921],[-120.43323,34.64282],[-120.43233,34.63868],[-120.43229,34.63423],[-120.43406,34.63548],[-120.43536,34.63502],[-120.44025,34.63277],[-120.44123,34.6295],[-120.44464,34.62878],[-120.44531,34.63074],[-120.45123,34.63074],[-120.44944,34.62828],[-120.45422,34.62854],[-120.45698,34.63103],[-120.45926,34.63104],[-120.45951,34.63103],[-120.46186,34.63105],[-120.46663,34.63108],[-120.46688,34.62824],[-120.46692,34.63101],[-120.47124,34.6306],[-120.47994,34.63067],[-120.48022,34.62081],[-120.48423,34.62168],[-120.48782,34.62247],[-120.48724,34.6252],[-120.48619,34.62486],[-120.48526,34.62545],[-120.48443,34.62752],[-120.48425,34.62944],[-120.48231,34.62943],[-120.48216,34.62989],[-120.48217,34.63054],[-120.48426,34.63056],[-120.48435,34.63434],[-120.47556,34.63429],[-120.47552,34.63914],[-120.4799,34.63919],[-120.4798,34.6484],[-120.47552,34.64832],[-120.47549,34.65005],[-120.47975,34.65051],[-120.47972,34.65362],[-120.48413,34.65369],[-120.484,34.6611],[-120.48564,34.66116],[-120.4853,34.66366],[-120.48471,34.66365],[-120.48835,34.66543],[-120.48909,34.66771],[-120.49271,34.66863],[-120.49306,34.67174],[-120.49431,34.67124],[-120.49515,34.67052],[-120.49644,34.66993],[-120.49841,34.669],[-120.50368,34.66845],[-120.50674,34.67105],[-120.5071,34.67335],[-120.50719,34.67352],[-120.51031,34.67426],[-120.51147,34.67514],[-120.51574,34.6759],[-120.51693,34.6759],[-120.51898,34.67735],[-120.51905,34.67954],[-120.51886,34.69193],[-120.50373,34.69178],[-120.50357,34.68904]]]]}},{"type":"Feature","properties":{"name":"Colusa County Transit Agency","boundary_type":"county","source":"Census TIGER county","fidelity":"exact","updated":"2026-09","units":"Colusa County","note":"County-wide service via Colusa County Transit Agency covering multiple towns","confidence":0.9},"geometry":{"type":"Polygon","coordinates":[[[-122.73906,39.38327],[-122.70005,39.38297],[-122.69337,39.38323],[-122.68925,39.38379],[-122.67438,39.38468],[-122.54891,39.38505],[-122.54072,39.38496],[-122.524,39.38483],[-122.50752,39.38406],[-122.41623,39.384],[-122.25698,39.38484],[-122.24852,39.38496],[-122.20345,39.38501],[-122.19233,39.38526],[-122.13601,39.38549],[-122.13616,39.4145],[-122.12609,39.4144],[-122.08018,39.4142],[-122.02163,39.41368],[-122.0099,39.41358],[-122.00886,39.41357],[-122.00769,39.40839],[-122.00637,39.40526],[-122.00374,39.40348],[-122.00383,39.39699],[-122.00485,39.39509],[-122.00741,39.39229],[-122.00783,39.39057],[-122.00743,39.38826],[-122.00783,39.38585],[-122.00973,39.38386],[-121.89001,39.38386],[-121.88894,39.38308],[-121.88877,39.38134],[-121.88546,39.37701],[-121.88387,39.37393],[-121.88484,39.37273],[-121.88738,39.37214],[-121.88876,39.36942],[-121.88991,39.36871],[-121.89165,39.36562],[-121.89136,39.3642],[-121.89348,39.3629],[-121.89273,39.36187],[-121.89377,39.36024],[-121.89389,39.35834],[-121.89563,39.35923],[-121.89646,39.35807],[-121.89861,39.35791],[-121.89867,39.35536],[-121.8997,39.35401],[-121.89719,39.34383],[-121.89462,39.34211],[-121.89439,39.34108],[-121.89589,39.33772],[-121.90019,39.33536],[-121.90028,39.33378],[-121.90305,39.33012],[-121.90311,39.32742],[-121.90461,39.32586],[-121.90443,39.32337],[-121.90543,39.32275],[-121.90578,39.31664],[-121.90723,39.3152],[-121.9074,39.31309],[-121.9087,39.30799],[-121.90827,39.30388],[-121.90764,39.30312],[-121.90856,39.30143],[-121.91057,39.30089],[-121.91337,39.29937],[-121.91688,39.29572],[-121.9167,39.29211],[-121.91873,39.29231],[-121.91841,39.29078],[-121.91912,39.28924],[-121.92136,39.28915],[-121.92221,39.28699],[-121.9208,39.28163],[-121.92414,39.27786],[-121.92794,39.27524],[-121.92957,39.27061],[-121.93309,39.2699],[-121.93692,39.26795],[-121.94131,39.26236],[-121.94191,39.2601],[-121.94166,39.25796],[-121.94226,39.2561],[-121.94528,39.2531],[-121.94682,39.24984],[-121.94666,39.24768],[-121.94737,39.24357],[-121.94828,39.24177],[-121.94818,39.24039],[-121.94658,39.23906],[-121.94469,39.23651],[-121.94255,39.23199],[-121.94005,39.22867],[-121.94018,39.22524],[-121.94119,39.22405],[-121.94124,39.22158],[-121.93969,39.22173],[-121.93607,39.22102],[-121.93772,39.21953],[-121.9376,39.21774],[-121.93631,39.21651],[-121.93242,39.21157],[-121.93334,39.20927],[-121.93004,39.20386],[-121.92833,39.19873],[-121.92941,39.1974],[-121.93532,39.19542],[-121.9371,39.19407],[-121.93438,39.19127],[-121.93517,39.18935],[-121.93968,39.18784],[-121.94401,39.18383],[-121.9457,39.18124],[-121.94551,39.17984],[-121.94224,39.17709],[-121.93939,39.17421],[-121.93797,39.1709],[-121.93492,39.1619],[-121.93309,39.16003],[-121.93145,39.15905],[-121.9269,39.15727],[-121.92409,39.15523],[-121.92012,39.15299],[-121.91792,39.15042],[-121.91721,39.14728],[-121.91795,39.14448],[-121.91898,39.14225],[-121.92054,39.14134],[-121.92505,39.14256],[-121.93174,39.14241],[-121.93675,39.14421],[-121.93776,39.14398],[-121.93953,39.14132],[-121.93917,39.13614],[-121.93795,39.133],[-121.93393,39.13004],[-121.92496,39.1282],[-121.92357,39.12656],[-121.92209,39.12263],[-121.92072,39.12203],[-121.91888,39.1221],[-121.91464,39.1236],[-121.9123,39.12388],[-121.91109,39.12315],[-121.91009,39.12117],[-121.90996,39.11929],[-121.91064,39.11727],[-121.91296,39.11526],[-121.91274,39.11355],[-121.90954,39.11305],[-121.90756,39.11456],[-121.90553,39.11477],[-121.90388,39.11091],[-121.90352,39.10806],[-121.90592,39.10419],[-121.90583,39.10309],[-121.90401,39.10145],[-121.89998,39.10006],[-121.89851,39.09669],[-121.89437,39.09613],[-121.89349,39.09176],[-121.89395,39.09084],[-121.89537,39.08763],[-121.89524,39.08679],[-121.89376,39.08498],[-121.89022,39.08288],[-121.88974,39.08116],[-121.89319,39.08072],[-121.89439,39.08002],[-121.89413,39.078],[-121.89083,39.07405],[-121.8891,39.07237],[-121.88418,39.07087],[-121.87896,39.07074],[-121.87608,39.07008],[-121.8712,39.0672],[-121.86935,39.06692],[-121.85956,39.06846],[-121.8517,39.07151],[-121.84796,39.07082],[-121.84474,39.06793],[-121.84233,39.06621],[-121.83854,39.06413],[-121.83821,39.06295],[-121.84071,39.05336],[-121.84088,39.05168],[-121.83962,39.04688],[-121.83874,39.04509],[-121.8336,39.04048],[-121.83019,39.03864],[-121.82949,39.0374],[-121.82954,39.03574],[-121.83079,39.03365],[-121.83067,39.0327],[-121.82908,39.03212],[-121.82564,39.03216],[-121.82437,39.03178],[-121.82271,39.0286],[-121.82276,39.02551],[-121.82165,39.02287],[-121.82098,39.02028],[-121.82181,39.01873],[-121.82601,39.01409],[-121.82681,39.01179],[-121.82595,39.01065],[-121.8203,39.00649],[-121.81621,39.00569],[-121.81311,39.00594],[-121.80796,39.00441],[-121.8054,39.00324],[-121.80242,39.00024],[-121.79759,38.99817],[-121.79561,38.99668],[-121.79537,38.99569],[-121.79589,38.99458],[-121.80069,38.99058],[-121.8021,38.98977],[-121.80737,38.98949],[-121.81196,38.98886],[-121.81729,38.98893],[-121.81951,38.98828],[-121.82073,38.98517],[-121.821,38.98084],[-121.82081,38.9766],[-121.82162,38.9745],[-121.82442,38.97349],[-121.82757,38.97305],[-121.83209,38.97116],[-121.83365,38.96975],[-121.83457,38.96815],[-121.83461,38.96521],[-121.83412,38.96388],[-121.83221,38.96145],[-121.83217,38.96022],[-121.83569,38.95743],[-121.83922,38.95586],[-121.84037,38.95452],[-121.83788,38.95202],[-121.8366,38.94913],[-121.8369,38.94586],[-121.83657,38.94382],[-121.83524,38.94238],[-121.83188,38.94068],[-121.83013,38.93843],[-121.83066,38.93718],[-121.83401,38.93411],[-121.83553,38.93196],[-121.83602,38.93004],[-121.83777,38.92735],[-121.83733,38.92607],[-121.83549,38.92448],[-121.88263,38.92515],[-121.88876,38.92497],[-121.91512,38.92535],[-121.91592,38.92533],[-122.00041,38.92554],[-122.06112,38.92586],[-122.08737,38.92563],[-122.08937,38.92579],[-122.09801,38.92561],[-122.22937,38.92476],[-122.24734,38.9239],[-122.26147,38.92406],[-122.32339,38.92406],[-122.33683,38.92394],[-122.33797,38.92395],[-122.34017,38.92425],[-122.34142,38.92715],[-122.35011,38.92878],[-122.35494,38.93196],[-122.35642,38.93191],[-122.36078,38.93465],[-122.36397,38.9358],[-122.36408,38.93657],[-122.36758,38.93903],[-122.37069,38.93995],[-122.37302,38.93982],[-122.37414,38.94132],[-122.37661,38.94222],[-122.37966,38.94503],[-122.38181,38.94627],[-122.38176,38.94711],[-122.38776,38.95134],[-122.39062,38.95226],[-122.39349,38.95462],[-122.39403,38.95561],[-122.39718,38.9565],[-122.39999,38.95534],[-122.40198,38.95611],[-122.40206,38.95702],[-122.40416,38.95818],[-122.40921,38.963],[-122.40934,38.9646],[-122.40811,38.96646],[-122.40899,38.96847],[-122.40665,38.96935],[-122.40702,38.97142],[-122.40825,38.97303],[-122.41065,38.97396],[-122.41149,38.97518],[-122.41533,38.97772],[-122.41677,38.97825],[-122.41713,38.98092],[-122.41846,38.9823],[-122.41873,38.98521],[-122.41829,38.98719],[-122.41931,38.98918],[-122.41829,38.99122],[-122.41616,38.99151],[-122.41409,38.99535],[-122.41573,38.99719],[-122.41192,38.99814],[-122.41187,39.00093],[-122.41094,39.00244],[-122.41191,39.00509],[-122.41007,39.0057],[-122.40871,39.00735],[-122.41089,39.01029],[-122.40937,39.01132],[-122.40914,39.01212],[-122.41125,39.01546],[-122.40998,39.01752],[-122.41342,39.02022],[-122.41661,39.01994],[-122.41781,39.0206],[-122.42108,39.02095],[-122.42434,39.02043],[-122.42926,39.02204],[-122.43434,39.02252],[-122.43729,39.02136],[-122.43773,39.02236],[-122.44068,39.02479],[-122.44275,39.02542],[-122.45019,39.03266],[-122.45485,39.03441],[-122.45451,39.03604],[-122.45822,39.03899],[-122.46127,39.03867],[-122.46234,39.04003],[-122.46733,39.04297],[-122.46818,39.04476],[-122.46551,39.04789],[-122.46724,39.04892],[-122.47133,39.04922],[-122.47321,39.05067],[-122.47485,39.05083],[-122.48167,39.05273],[-122.48386,39.05231],[-122.4862,39.053],[-122.49128,39.05299],[-122.49202,39.0535],[-122.49223,39.05953],[-122.49082,39.0599],[-122.48945,39.06144],[-122.48955,39.06343],[-122.49085,39.06479],[-122.48758,39.06477],[-122.48678,39.06604],[-122.48495,39.06588],[-122.48388,39.06695],[-122.48623,39.06935],[-122.48868,39.0692],[-122.48839,39.07044],[-122.48935,39.07325],[-122.49023,39.07368],[-122.49052,39.0773],[-122.48898,39.07859],[-122.48918,39.08015],[-122.48771,39.08058],[-122.48624,39.08254],[-122.4862,39.08605],[-122.48711,39.08654],[-122.48721,39.08829],[-122.48839,39.08982],[-122.48739,39.09138],[-122.48759,39.09315],[-122.48886,39.09567],[-122.48896,39.09738],[-122.48983,39.09968],[-122.49246,39.10182],[-122.49244,39.10303],[-122.49425,39.10393],[-122.49446,39.10636],[-122.49646,39.10781],[-122.49595,39.11113],[-122.49449,39.11343],[-122.4942,39.11508],[-122.49715,39.11633],[-122.50091,39.12107],[-122.50006,39.12232],[-122.50022,39.12457],[-122.49776,39.12675],[-122.49702,39.1307],[-122.49706,39.13359],[-122.49515,39.13481],[-122.49479,39.13585],[-122.49605,39.13788],[-122.49683,39.1405],[-122.49493,39.14072],[-122.49292,39.13946],[-122.48797,39.1416],[-122.48504,39.14127],[-122.4808,39.1384],[-122.48029,39.1394],[-122.47822,39.14006],[-122.47864,39.14083],[-122.4771,39.1417],[-122.47454,39.1447],[-122.4769,39.14694],[-122.47756,39.14835],[-122.47716,39.14991],[-122.47784,39.15152],[-122.47962,39.1527],[-122.48089,39.15255],[-122.47824,39.15477],[-122.47953,39.15804],[-122.48072,39.15906],[-122.48257,39.16293],[-122.47999,39.16457],[-122.4785,39.16677],[-122.47702,39.16704],[-122.47538,39.17015],[-122.47608,39.17261],[-122.47729,39.17395],[-122.48453,39.17511],[-122.48599,39.17494],[-122.4889,39.17631],[-122.49184,39.17529],[-122.49401,39.1781],[-122.49363,39.18353],[-122.49854,39.19109],[-122.50027,39.19107],[-122.5008,39.1897],[-122.50346,39.19058],[-122.5084,39.19032],[-122.51081,39.19326],[-122.51199,39.19562],[-122.51379,39.19601],[-122.51532,39.20025],[-122.51588,39.20358],[-122.51533,39.20921],[-122.51766,39.209],[-122.52176,39.21038],[-122.52724,39.20952],[-122.5288,39.21141],[-122.53385,39.21014],[-122.53499,39.2116],[-122.53837,39.20978],[-122.53999,39.20768],[-122.54142,39.20692],[-122.54533,39.20718],[-122.54735,39.20666],[-122.55329,39.20674],[-122.55545,39.20616],[-122.55958,39.20582],[-122.56347,39.20431],[-122.56721,39.2037],[-122.57344,39.20429],[-122.57444,39.20677],[-122.57593,39.2069],[-122.57808,39.2092],[-122.57898,39.21066],[-122.58296,39.21229],[-122.58778,39.21283],[-122.58936,39.21358],[-122.59153,39.21245],[-122.59353,39.21432],[-122.59705,39.21391],[-122.60058,39.21451],[-122.60186,39.21418],[-122.60628,39.21581],[-122.61018,39.21616],[-122.61233,39.21881],[-122.61566,39.22005],[-122.61643,39.22097],[-122.61963,39.22123],[-122.62255,39.22318],[-122.62768,39.22306],[-122.6293,39.22245],[-122.63331,39.22253],[-122.63489,39.22319],[-122.63807,39.21999],[-122.64456,39.21634],[-122.64719,39.21619],[-122.64858,39.21532],[-122.64864,39.21411],[-122.65014,39.21392],[-122.6542,39.21534],[-122.65647,39.21462],[-122.66536,39.21755],[-122.66591,39.219],[-122.66774,39.22082],[-122.67033,39.22139],[-122.6712,39.22418],[-122.67382,39.2253],[-122.67973,39.22453],[-122.67958,39.22685],[-122.67654,39.22905],[-122.67584,39.23009],[-122.6817,39.23456],[-122.68093,39.23873],[-122.682,39.23944],[-122.68685,39.24115],[-122.68748,39.24334],[-122.69136,39.24743],[-122.69769,39.24989],[-122.70478,39.25365],[-122.70584,39.25484],[-122.70988,39.25569],[-122.71245,39.25701],[-122.71336,39.25949],[-122.71696,39.26046],[-122.71648,39.26294],[-122.719,39.26447],[-122.72321,39.26528],[-122.72285,39.26683],[-122.72664,39.2714],[-122.72864,39.27328],[-122.7297,39.27349],[-122.73277,39.27189],[-122.73499,39.27193],[-122.73841,39.27362],[-122.73891,39.27502],[-122.7454,39.27804],[-122.7482,39.27908],[-122.7511,39.28171],[-122.75321,39.28303],[-122.75709,39.28431],[-122.75811,39.28538],[-122.75689,39.28693],[-122.75714,39.28944],[-122.75851,39.29263],[-122.75823,39.29395],[-122.76193,39.29718],[-122.76423,39.30028],[-122.76613,39.30103],[-122.76622,39.30354],[-122.76778,39.30434],[-122.77049,39.31002],[-122.77222,39.31021],[-122.77525,39.31256],[-122.77547,39.31518],[-122.77273,39.31896],[-122.77295,39.32161],[-122.77252,39.32397],[-122.7683,39.32549],[-122.76901,39.32684],[-122.76824,39.33114],[-122.76483,39.33501],[-122.76464,39.33729],[-122.76571,39.33841],[-122.76531,39.34274],[-122.76312,39.34314],[-122.76123,39.34462],[-122.7594,39.34432],[-122.75599,39.34564],[-122.7521,39.34635],[-122.75174,39.34791],[-122.74964,39.35013],[-122.7482,39.35332],[-122.74583,39.35622],[-122.74245,39.35746],[-122.74172,39.3589],[-122.74164,39.36177],[-122.74221,39.36529],[-122.74348,39.36813],[-122.74661,39.36939],[-122.74987,39.3695],[-122.75224,39.37058],[-122.75315,39.37261],[-122.75559,39.37567],[-122.75886,39.37702],[-122.75995,39.37813],[-122.76317,39.3778],[-122.76586,39.37629],[-122.76809,39.37398],[-122.77069,39.37481],[-122.7742,39.37488],[-122.77672,39.37688],[-122.77887,39.37934],[-122.78182,39.37946],[-122.78469,39.38195],[-122.78509,39.38298],[-122.73906,39.38327]]]}},{"type":"Feature","properties":{"name":"Connect Torrance","boundary_type":"city","source":"Census TIGER place","fidelity":"exact","updated":"2026-09","units":"Torrance city","note":"Service covers City of Torrance citywide","confidence":0.95},"geometry":{"type":"Polygon","coordinates":[[[-118.39096,33.8152],[-118.38791,33.81462],[-118.38641,33.81522],[-118.38509,33.81761],[-118.38538,33.81892],[-118.3843,33.81893],[-118.38313,33.81853],[-118.38182,33.81773],[-118.37974,33.81652],[-118.37574,33.81589],[-118.37443,33.81566],[-118.37443,33.81961],[-118.37442,33.8274],[-118.37292,33.82766],[-118.37483,33.83721],[-118.37516,33.83889],[-118.37591,33.84267],[-118.37709,33.84859],[-118.37795,33.85285],[-118.37837,33.85495],[-118.37822,33.85499],[-118.37506,33.85615],[-118.37549,33.85826],[-118.3728,33.85826],[-118.36987,33.85827],[-118.36714,33.85827],[-118.36541,33.85828],[-118.3649,33.85828],[-118.36137,33.85828],[-118.35363,33.85832],[-118.35331,33.85877],[-118.35774,33.86203],[-118.35895,33.86373],[-118.35896,33.86554],[-118.35264,33.86555],[-118.35246,33.86553],[-118.35246,33.86879],[-118.3525,33.87279],[-118.35251,33.87432],[-118.35235,33.87443],[-118.35199,33.87458],[-118.34489,33.87688],[-118.34378,33.87723],[-118.33514,33.88001],[-118.32649,33.88282],[-118.31782,33.88552],[-118.31348,33.88706],[-118.31349,33.88195],[-118.31349,33.88013],[-118.31345,33.87294],[-118.30912,33.87294],[-118.30912,33.87281],[-118.30915,33.86921],[-118.30915,33.86561],[-118.30915,33.86198],[-118.30915,33.85995],[-118.30915,33.85835],[-118.30914,33.84739],[-118.30912,33.84286],[-118.30912,33.83821],[-118.30912,33.83808],[-118.30912,33.83736],[-118.30901,33.83024],[-118.30891,33.82793],[-118.30902,33.82563],[-118.30899,33.82332],[-118.30898,33.82278],[-118.30895,33.82019],[-118.30892,33.81704],[-118.30894,33.81346],[-118.30894,33.81271],[-118.3088,33.81104],[-118.30825,33.80901],[-118.30923,33.80845],[-118.30887,33.80721],[-118.30879,33.80222],[-118.31175,33.80222],[-118.3117,33.80765],[-118.31992,33.80766],[-118.31992,33.80686],[-118.32794,33.80686],[-118.32795,33.8059],[-118.32792,33.80333],[-118.32594,33.80333],[-118.32595,33.80086],[-118.32809,33.80086],[-118.32811,33.79824],[-118.32819,33.79026],[-118.32645,33.78954],[-118.32626,33.78955],[-118.32625,33.78852],[-118.32867,33.78902],[-118.32868,33.78726],[-118.3278,33.7862],[-118.32557,33.78619],[-118.32315,33.78587],[-118.32315,33.78252],[-118.32485,33.78272],[-118.32501,33.78309],[-118.32973,33.78344],[-118.32973,33.78522],[-118.32854,33.78521],[-118.32842,33.78613],[-118.32971,33.78608],[-118.33168,33.78544],[-118.33301,33.78404],[-118.33365,33.78052],[-118.33472,33.78143],[-118.34048,33.78629],[-118.34202,33.78758],[-118.35105,33.79521],[-118.35539,33.79886],[-118.3617,33.80417],[-118.36777,33.80419],[-118.37442,33.80421],[-118.37813,33.80422],[-118.38311,33.80423],[-118.39053,33.80425],[-118.39397,33.80426],[-118.39168,33.81104],[-118.39096,33.8152]]]}},{"type":"Feature","properties":{"name":"Corcoran Area Transit (C-A-T)","boundary_type":"city","source":"Census TIGER place","fidelity":"approximate","updated":"2026-09","units":"Corcoran city","note":"Service includes city limits plus fringe areas and state prisons; mapped to city as proxy","confidence":0.75},"geometry":{"type":"MultiPolygon","coordinates":[[[[-119.58101,36.07983],[-119.58101,36.08352],[-119.57508,36.08351],[-119.57507,36.07977],[-119.58101,36.07983]]],[[[-119.58104,36.11183],[-119.58101,36.10902],[-119.57425,36.10901],[-119.57429,36.11418],[-119.57665,36.11423],[-119.57669,36.11625],[-119.576,36.11626],[-119.57603,36.11971],[-119.57183,36.1196],[-119.57466,36.12348],[-119.56663,36.12356],[-119.56528,36.12166],[-119.56713,36.12164],[-119.56651,36.12083],[-119.5716,36.12089],[-119.57084,36.11986],[-119.56781,36.11986],[-119.56779,36.11892],[-119.5622,36.11891],[-119.56147,36.118],[-119.56325,36.11801],[-119.56324,36.11619],[-119.56771,36.11625],[-119.56771,36.11447],[-119.56322,36.11466],[-119.56458,36.11312],[-119.56488,36.11124],[-119.5556,36.10743],[-119.55434,36.10769],[-119.55425,36.10529],[-119.55424,36.10127],[-119.55217,36.10124],[-119.55108,36.09781],[-119.55023,36.09616],[-119.55423,36.09623],[-119.55429,36.09442],[-119.55415,36.07983],[-119.55408,36.0726],[-119.5388,36.07237],[-119.53627,36.06895],[-119.53628,36.0655],[-119.53627,36.06527],[-119.53616,36.05078],[-119.5369,36.05076],[-119.53678,36.04202],[-119.55403,36.04211],[-119.55389,36.05079],[-119.563,36.05077],[-119.56298,36.06516],[-119.56306,36.07987],[-119.57192,36.07987],[-119.57201,36.08715],[-119.58103,36.0871],[-119.58119,36.09081],[-119.58986,36.09081],[-119.58986,36.09444],[-119.58994,36.10903],[-119.58452,36.10903],[-119.58455,36.11183],[-119.58104,36.11183]]],[[[-119.55302,36.10893],[-119.54512,36.11428],[-119.54532,36.10893],[-119.55302,36.10893]]],[[[-119.55421,36.1362],[-119.55422,36.13441],[-119.57194,36.13449],[-119.57192,36.13566],[-119.56315,36.13569],[-119.56314,36.1367],[-119.57199,36.13663],[-119.57202,36.13793],[-119.54974,36.13792],[-119.54972,36.13633],[-119.55421,36.1362]]]]}},{"type":"Feature","properties":{"name":"Delano DART N'GO","boundary_type":"city","source":"Census TIGER place","fidelity":"exact","updated":"2026-09","units":"Delano city","note":"Microtransit service within city of Delano.","confidence":0.9},"geometry":{"type":"MultiPolygon","coordinates":[[[[-119.31638,35.75398],[-119.31635,35.74674],[-119.32072,35.74678],[-119.32078,35.73951],[-119.33006,35.73954],[-119.32995,35.74673],[-119.32983,35.75394],[-119.31638,35.75398]]],[[[-119.30366,35.79035],[-119.30305,35.77587],[-119.28076,35.77601],[-119.28056,35.78328],[-119.28626,35.78349],[-119.28597,35.79034],[-119.25879,35.79042],[-119.25286,35.79043],[-119.24919,35.79045],[-119.24136,35.79046],[-119.24094,35.79046],[-119.23648,35.79046],[-119.23244,35.79047],[-119.22349,35.79049],[-119.20551,35.79049],[-119.20539,35.7831],[-119.22312,35.78318],[-119.22314,35.77587],[-119.22316,35.76867],[-119.21414,35.76865],[-119.2141,35.76137],[-119.21864,35.76137],[-119.21865,35.76354],[-119.22318,35.76362],[-119.22304,35.76137],[-119.22315,35.75747],[-119.23639,35.75753],[-119.23627,35.75104],[-119.23407,35.7469],[-119.22322,35.74694],[-119.22312,35.7252],[-119.23731,35.72509],[-119.23568,35.71807],[-119.23605,35.71806],[-119.23738,35.71806],[-119.23671,35.71599],[-119.23588,35.71424],[-119.24082,35.71425],[-119.24082,35.71791],[-119.24104,35.7179],[-119.24096,35.72509],[-119.24095,35.73235],[-119.24945,35.73231],[-119.24949,35.73777],[-119.24727,35.73778],[-119.24728,35.7396],[-119.2418,35.73962],[-119.24226,35.74135],[-119.24734,35.74142],[-119.24733,35.74338],[-119.26678,35.74331],[-119.26682,35.74697],[-119.2584,35.74699],[-119.25845,35.75774],[-119.25847,35.76138],[-119.26292,35.76137],[-119.26737,35.76137],[-119.27628,35.76136],[-119.27629,35.765],[-119.27182,35.765],[-119.27185,35.77453],[-119.27631,35.77455],[-119.27631,35.77564],[-119.28522,35.77566],[-119.2852,35.76497],[-119.28983,35.765],[-119.28988,35.76852],[-119.29421,35.76854],[-119.2941,35.76133],[-119.303,35.76131],[-119.3119,35.76129],[-119.32972,35.76125],[-119.32991,35.77576],[-119.32097,35.7758],[-119.32119,35.79031],[-119.30366,35.79035]],[[-119.24019,35.73324],[-119.24039,35.73318],[-119.24054,35.72838],[-119.23912,35.72848],[-119.23999,35.73235],[-119.24019,35.73324]]],[[[-119.33375,35.75404],[-119.33383,35.76124],[-119.32972,35.76125],[-119.32983,35.75407],[-119.33375,35.75404]]]]}},{"type":"Feature","properties":{"name":"Desert Roadrunner Dial-A-Ride (Palo Verde Valley Transit Agency)","boundary_type":"places","source":"Census TIGER place","fidelity":"approximate","updated":"2026-09","units":"Blythe city","note":"Service centers on Blythe; Palo Verde Valley and East Riverside County context suggests broader coverage area but discrete boundaries unclear","confidence":0.7},"geometry":{"type":"MultiPolygon","coordinates":[[[[-114.89035,33.55471],[-114.9121,33.55466],[-114.91198,33.54741],[-114.91632,33.54742],[-114.91644,33.55468],[-114.93353,33.55465],[-114.93379,33.56553],[-114.93806,33.56554],[-114.93812,33.56912],[-114.8903,33.56921],[-114.89035,33.55471]]],[[[-114.67076,33.61729],[-114.67073,33.61362],[-114.65785,33.61361],[-114.65809,33.62086],[-114.65374,33.6209],[-114.65361,33.61723],[-114.64014,33.61722],[-114.64012,33.61631],[-114.63846,33.61631],[-114.63844,33.61543],[-114.63622,33.61543],[-114.63618,33.61356],[-114.62753,33.61354],[-114.62745,33.60998],[-114.62305,33.60998],[-114.61427,33.61011],[-114.61446,33.61693],[-114.61453,33.61733],[-114.60741,33.61746],[-114.60745,33.61928],[-114.61016,33.61923],[-114.61044,33.63197],[-114.62358,33.63176],[-114.6265,33.63177],[-114.62665,33.63901],[-114.62814,33.63901],[-114.62861,33.66081],[-114.64156,33.66064],[-114.65898,33.6607],[-114.65912,33.66783],[-114.65046,33.66783],[-114.65059,33.67514],[-114.64408,33.67512],[-114.64423,33.68229],[-114.64201,33.68232],[-114.64216,33.68932],[-114.63871,33.68777],[-114.63609,33.68705],[-114.62916,33.68621],[-114.61587,33.68638],[-114.61585,33.68482],[-114.61546,33.66098],[-114.61986,33.66091],[-114.61969,33.65367],[-114.61525,33.65367],[-114.61503,33.64644],[-114.60631,33.64657],[-114.59776,33.64673],[-114.59761,33.63803],[-114.59784,33.63682],[-114.59956,33.63214],[-114.59725,33.63217],[-114.57118,33.63261],[-114.55806,33.63282],[-114.55383,33.63291],[-114.55415,33.64741],[-114.56124,33.64715],[-114.56127,33.64813],[-114.55726,33.65471],[-114.55432,33.65776],[-114.5544,33.66207],[-114.53537,33.66237],[-114.52967,33.66219],[-114.51974,33.66224],[-114.51974,33.66273],[-114.51711,33.66288],[-114.51534,33.66203],[-114.51406,33.66018],[-114.51456,33.65801],[-114.51834,33.65593],[-114.52516,33.65594],[-114.53058,33.65446],[-114.53319,33.65166],[-114.53321,33.64844],[-114.52955,33.64386],[-114.52855,33.64309],[-114.53017,33.64279],[-114.53447,33.64144],[-114.53448,33.64221],[-114.53663,33.64151],[-114.53933,33.64143],[-114.5407,33.6419],[-114.54216,33.64191],[-114.54406,33.64158],[-114.546,33.6401],[-114.54714,33.63872],[-114.52486,33.63867],[-114.5238,33.6347],[-114.52637,33.63026],[-114.53031,33.62904],[-114.53108,33.62792],[-114.53121,33.62391],[-114.52908,33.62171],[-114.52773,33.61847],[-114.52237,33.61417],[-114.52207,33.61128],[-114.52678,33.60883],[-114.52919,33.60665],[-114.53061,33.60475],[-114.53075,33.60457],[-114.5327,33.60197],[-114.54062,33.59141],[-114.5403,33.58062],[-114.53596,33.56915],[-114.53578,33.56892],[-114.54432,33.56878],[-114.54409,33.57075],[-114.54491,33.57323],[-114.54689,33.57409],[-114.54687,33.5757],[-114.54471,33.57647],[-114.5439,33.57906],[-114.54438,33.58157],[-114.54533,33.58317],[-114.54503,33.58814],[-114.54429,33.58929],[-114.57033,33.58897],[-114.57463,33.58891],[-114.57483,33.59619],[-114.57915,33.59612],[-114.57922,33.59975],[-114.5879,33.59958],[-114.58794,33.60142],[-114.60325,33.60117],[-114.60531,33.60056],[-114.60527,33.59931],[-114.6075,33.59928],[-114.60756,33.60664],[-114.61076,33.60681],[-114.623,33.60642],[-114.623,33.6063],[-114.65122,33.60635],[-114.65623,33.60611],[-114.65729,33.60552],[-114.65776,33.60326],[-114.65823,33.60584],[-114.66203,33.60636],[-114.66946,33.60638],[-114.67114,33.60603],[-114.68176,33.60623],[-114.68245,33.60639],[-114.69174,33.60641],[-114.6923,33.60682],[-114.69135,33.60682],[-114.69051,33.60773],[-114.69048,33.60989],[-114.69231,33.60987],[-114.69233,33.61727],[-114.6815,33.61728],[-114.67076,33.61729]]]]}},{"type":"Feature","properties":{"name":"Dixon Readi-Ride","boundary_type":"city","source":"Census TIGER place","fidelity":"exact","updated":"2026-09","units":"Dixon city","note":"City of Dixon, Solano County; medical paratransit to Vacaville/Davis is separate service","confidence":0.95},"geometry":{"type":"MultiPolygon","coordinates":[[[[-121.79541,38.3909],[-121.79544,38.38742],[-121.78622,38.38735],[-121.78624,38.38007],[-121.79534,38.3801],[-121.79532,38.38369],[-121.7998,38.38374],[-121.79987,38.38747],[-121.8045,38.38754],[-121.80448,38.39105],[-121.80385,38.39102],[-121.79541,38.3909]]],[[[-121.80448,38.39105],[-121.80469,38.39106],[-121.81353,38.39121],[-121.81363,38.39836],[-121.80445,38.39841],[-121.80447,38.39465],[-121.80448,38.39105]]],[[[-121.84092,38.45981],[-121.84092,38.46129],[-121.83929,38.4614],[-121.83719,38.4627],[-121.82525,38.47202],[-121.82233,38.47518],[-121.8223,38.47929],[-121.8202,38.47964],[-121.82023,38.48181],[-121.81637,38.4818],[-121.81415,38.48106],[-121.81143,38.48287],[-121.80386,38.48901],[-121.79828,38.48879],[-121.79829,38.48426],[-121.80387,38.48428],[-121.80396,38.46917],[-121.81218,38.46002],[-121.81017,38.45963],[-121.81012,38.45583],[-121.81185,38.45658],[-121.81504,38.45648],[-121.81841,38.4527],[-121.81317,38.45271],[-121.8132,38.44643],[-121.81028,38.44637],[-121.81036,38.44545],[-121.81149,38.44546],[-121.81146,38.44358],[-121.8133,38.44359],[-121.81319,38.43836],[-121.80871,38.4383],[-121.80873,38.43095],[-121.82257,38.43132],[-121.83176,38.43138],[-121.83194,38.42388],[-121.83636,38.4239],[-121.83638,38.426],[-121.84117,38.42604],[-121.84117,38.42737],[-121.84116,38.42774],[-121.83666,38.43292],[-121.84111,38.43298],[-121.84108,38.43616],[-121.85022,38.43628],[-121.85024,38.43854],[-121.85952,38.43862],[-121.86786,38.43859],[-121.85985,38.44506],[-121.85911,38.44584],[-121.85634,38.44782],[-121.84092,38.45981]]]]}},{"type":"Feature","properties":{"name":"Eastern Sierra Transit Authority - Bishop/Mammoth Dial-A-Ride","boundary_type":"places","source":"Census TIGER place","fidelity":"exact","updated":"2026-09","units":"Bishop city; Mammoth Lakes town; Lone Pine CDP; Walker CDP","note":"Service covers Bishop, Mammoth Lakes, Lone Pine, and Walker in Eastern Sierra; discrete town coverage","confidence":0.8},"geometry":{"type":"MultiPolygon","coordinates":[[[[-118.10093,36.59515],[-118.09211,36.59851],[-118.08792,36.59917],[-118.08662,36.60069],[-118.08323,36.60081],[-118.0795,36.60162],[-118.07308,36.60183],[-118.07284,36.60285],[-118.07439,36.60468],[-118.07345,36.60736],[-118.07387,36.60921],[-118.0774,36.61251],[-118.08027,36.61414],[-118.08249,36.61587],[-118.08439,36.61918],[-118.08495,36.62222],[-118.08581,36.6238],[-118.08535,36.62493],[-118.0863,36.62686],[-118.08644,36.63211],[-118.08783,36.63455],[-118.08921,36.63513],[-118.09136,36.63841],[-118.0934,36.63936],[-118.09376,36.64288],[-118.09334,36.64591],[-118.09418,36.65023],[-118.09544,36.65152],[-118.09552,36.6528],[-118.094,36.6535],[-118.09274,36.65297],[-118.09178,36.65353],[-118.08806,36.65348],[-118.0811,36.64012],[-118.07289,36.62747],[-118.06724,36.61721],[-118.06665,36.61541],[-118.06203,36.61559],[-118.04179,36.61545],[-118.04097,36.61722],[-118.04097,36.57926],[-118.05762,36.57921],[-118.05717,36.5759],[-118.05205,36.56478],[-118.05126,36.56225],[-118.04745,36.54288],[-118.05109,36.54228],[-118.05842,36.5426],[-118.06106,36.54176],[-118.06387,36.54362],[-118.06373,36.54272],[-118.06613,36.54046],[-118.06736,36.54044],[-118.07037,36.5375],[-118.07197,36.53778],[-118.07435,36.5358],[-118.07993,36.53225],[-118.08094,36.53108],[-118.08635,36.5275],[-118.08767,36.5259],[-118.09025,36.52416],[-118.092,36.52237],[-118.09524,36.52105],[-118.09962,36.51466],[-118.09986,36.51271],[-118.10165,36.52113],[-118.10511,36.52658],[-118.1064,36.53106],[-118.10641,36.53323],[-118.10456,36.55308],[-118.10331,36.56624],[-118.10336,36.56745],[-118.10451,36.56886],[-118.10955,36.57252],[-118.112,36.57473],[-118.11381,36.57817],[-118.114,36.58051],[-118.11607,36.58414],[-118.11587,36.59448],[-118.11002,36.59568],[-118.10432,36.59485],[-118.10093,36.59515]]],[[[-118.37206,37.34982],[-118.37699,37.34981],[-118.37692,37.35777],[-118.37693,37.35785],[-118.37277,37.35785],[-118.37212,37.35784],[-118.37206,37.34982]]],[[[-118.4487,37.36127],[-118.44714,37.36127],[-118.44714,37.36025],[-118.4487,37.36023],[-118.4487,37.36127]]],[[[-118.38628,37.3786],[-118.38625,37.3758],[-118.38617,37.3687],[-118.38853,37.3686],[-118.38849,37.36718],[-118.38811,37.36492],[-118.38609,37.36496],[-118.38606,37.36353],[-118.38602,37.36153],[-118.38152,37.36151],[-118.38153,37.35979],[-118.38595,37.35978],[-118.38595,37.35972],[-118.37949,37.3597],[-118.37705,37.35932],[-118.37709,37.3615],[-118.37693,37.35785],[-118.37845,37.35784],[-118.3795,37.3596],[-118.38594,37.35957],[-118.38603,37.35874],[-118.39132,37.35867],[-118.3913,37.35398],[-118.39525,37.354],[-118.39527,37.35552],[-118.39814,37.35547],[-118.4005,37.35983],[-118.40464,37.35984],[-118.40464,37.3614],[-118.40966,37.36139],[-118.40591,37.36383],[-118.40806,37.36383],[-118.40806,37.36854],[-118.41381,37.36853],[-118.4138,37.37383],[-118.4138,37.37591],[-118.39532,37.3758],[-118.39534,37.37867],[-118.38628,37.3786]]],[[[-118.93724,37.63738],[-118.94662,37.63742],[-118.94692,37.59602],[-118.9501,37.59393],[-118.95982,37.58053],[-118.96199,37.58054],[-118.96554,37.58472],[-118.9678,37.58642],[-118.96846,37.58828],[-118.96979,37.58975],[-118.97417,37.59342],[-118.97566,37.59588],[-118.97816,37.59325],[-118.98117,37.58877],[-118.98405,37.5891],[-118.98674,37.58856],[-118.98761,37.58959],[-118.98949,37.58859],[-118.99045,37.58387],[-118.99271,37.58292],[-118.99419,37.58405],[-118.99617,37.58722],[-119.0004,37.589],[-119.00038,37.59341],[-119.02616,37.59344],[-119.02696,37.59574],[-119.02936,37.59744],[-119.03326,37.60174],[-119.03436,37.60354],[-119.03446,37.60604],[-119.03197,37.61384],[-119.03151,37.61733],[-119.03197,37.61884],[-119.03089,37.62089],[-119.03083,37.62494],[-119.03123,37.62741],[-119.03271,37.62865],[-119.03256,37.63054],[-119.03412,37.63103],[-119.03536,37.63265],[-119.03826,37.63277],[-119.04249,37.63523],[-119.04359,37.63653],[-119.04532,37.63705],[-119.04928,37.64164],[-119.052,37.644],[-119.05462,37.64514],[-119.05359,37.64639],[-119.05433,37.65118],[-119.05745,37.65335],[-119.0587,37.65509],[-119.06034,37.65598],[-119.0614,37.65783],[-119.06067,37.65911],[-118.98948,37.65925],[-118.93701,37.65926],[-118.9372,37.64022],[-118.93724,37.63738]]],[[[-118.84171,37.62547],[-118.83448,37.62328],[-118.83943,37.62329],[-118.85778,37.62831],[-118.86232,37.63021],[-118.86165,37.63121],[-118.85206,37.62915],[-118.85143,37.631],[-118.84224,37.62847],[-118.84171,37.62547]]],[[[-119.50321,38.52822],[-119.50166,38.52983],[-119.49977,38.52955],[-119.4976,38.53035],[-119.49887,38.53355],[-119.49689,38.53384],[-119.49431,38.53643],[-119.49861,38.54201],[-119.50012,38.54565],[-119.46128,38.54594],[-119.46133,38.55336],[-119.45641,38.55341],[-119.45643,38.54588],[-119.44729,38.54606],[-119.44689,38.53922],[-119.44743,38.53111],[-119.4428,38.5314],[-119.44288,38.52758],[-119.43841,38.52784],[-119.43864,38.52032],[-119.44305,38.52015],[-119.44313,38.51639],[-119.44448,38.51638],[-119.4408,38.51332],[-119.44333,38.51306],[-119.44469,38.5106],[-119.44521,38.50585],[-119.44738,38.50021],[-119.44728,38.49303],[-119.44913,38.4891],[-119.451,38.48709],[-119.45679,38.48721],[-119.45872,38.48537],[-119.46198,38.48427],[-119.46499,38.48429],[-119.46508,38.48701],[-119.48429,38.48745],[-119.48214,38.4932],[-119.48406,38.49308],[-119.4865,38.49097],[-119.48877,38.49056],[-119.48736,38.49158],[-119.48698,38.49293],[-119.48513,38.49481],[-119.48589,38.49603],[-119.48534,38.49962],[-119.48796,38.49916],[-119.49065,38.49981],[-119.49335,38.50215],[-119.49525,38.50597],[-119.49512,38.50669],[-119.50278,38.50875],[-119.50679,38.50875],[-119.50698,38.51138],[-119.51013,38.51401],[-119.51493,38.51627],[-119.51505,38.5184],[-119.51618,38.52117],[-119.51788,38.52314],[-119.51526,38.52636],[-119.51303,38.5273],[-119.50787,38.52688],[-119.50321,38.52822]]]]}},{"type":"Feature","properties":{"name":"El Cajon Microtransit","boundary_type":"city","source":"Census TIGER place","fidelity":"exact","updated":"2026-09","units":"El Cajon city","note":"Service covers City of El Cajon service zone","confidence":0.95},"geometry":{"type":"Polygon","coordinates":[[[-117.00576,32.82029],[-117.0032,32.82077],[-117.00209,32.81965],[-116.99957,32.82178],[-117.00065,32.82392],[-117.0007,32.82436],[-117.00019,32.82546],[-116.99961,32.82513],[-116.99646,32.82522],[-116.996,32.8263],[-116.99695,32.82697],[-116.99866,32.82681],[-116.99866,32.82777],[-117.0007,32.82777],[-117.0007,32.82832],[-116.99929,32.82833],[-116.99413,32.829],[-116.99351,32.82629],[-116.99006,32.82628],[-116.99023,32.82839],[-116.98825,32.82839],[-116.98714,32.83097],[-116.98381,32.8307],[-116.98386,32.83034],[-116.98148,32.83044],[-116.97722,32.82961],[-116.96403,32.82956],[-116.96406,32.82767],[-116.96233,32.8275],[-116.96233,32.82494],[-116.96233,32.82449],[-116.96507,32.82441],[-116.96402,32.81882],[-116.9641,32.81575],[-116.96527,32.8149],[-116.96437,32.81295],[-116.96599,32.81107],[-116.96355,32.81201],[-116.9642,32.812],[-116.96179,32.81233],[-116.95908,32.81152],[-116.95825,32.81049],[-116.95813,32.81152],[-116.95772,32.81051],[-116.95525,32.81051],[-116.95269,32.8105],[-116.95177,32.81332],[-116.95524,32.81333],[-116.95601,32.81334],[-116.956,32.81524],[-116.95381,32.81524],[-116.95378,32.81687],[-116.95004,32.81689],[-116.95006,32.81912],[-116.9518,32.81912],[-116.95179,32.82136],[-116.94976,32.82137],[-116.94933,32.82137],[-116.94936,32.82293],[-116.94749,32.82205],[-116.94733,32.82234],[-116.94732,32.82124],[-116.94658,32.82205],[-116.94618,32.82184],[-116.94611,32.82011],[-116.94675,32.82011],[-116.94675,32.81911],[-116.94748,32.81911],[-116.9475,32.81686],[-116.94462,32.81665],[-116.94462,32.8159],[-116.94847,32.81583],[-116.94925,32.81512],[-116.94926,32.81333],[-116.94929,32.81333],[-116.94926,32.80851],[-116.94461,32.80898],[-116.94461,32.80871],[-116.94461,32.80835],[-116.94406,32.80871],[-116.93788,32.80875],[-116.93683,32.81087],[-116.93634,32.81088],[-116.93647,32.81337],[-116.93615,32.81337],[-116.94056,32.81392],[-116.94016,32.81593],[-116.94001,32.81685],[-116.93572,32.81685],[-116.93349,32.81706],[-116.93004,32.81545],[-116.93079,32.8136],[-116.92976,32.81313],[-116.92924,32.81585],[-116.92287,32.81842],[-116.92234,32.81862],[-116.91853,32.81801],[-116.91936,32.81966],[-116.91983,32.81993],[-116.91819,32.82255],[-116.91469,32.82144],[-116.91352,32.82288],[-116.91399,32.82129],[-116.90998,32.82066],[-116.90924,32.82055],[-116.91132,32.81746],[-116.91307,32.81596],[-116.91221,32.81605],[-116.91172,32.81422],[-116.90964,32.81398],[-116.90963,32.81231],[-116.91204,32.81271],[-116.91354,32.81133],[-116.91279,32.8107],[-116.91539,32.80974],[-116.91463,32.80809],[-116.91696,32.80736],[-116.91696,32.80892],[-116.91828,32.80926],[-116.91919,32.80771],[-116.91886,32.80771],[-116.91888,32.80559],[-116.92036,32.80559],[-116.92145,32.80178],[-116.91927,32.80236],[-116.91951,32.8002],[-116.91812,32.80021],[-116.91035,32.80021],[-116.91021,32.80091],[-116.9102,32.80203],[-116.90984,32.80221],[-116.90813,32.80222],[-116.90812,32.80106],[-116.90742,32.80158],[-116.90649,32.80048],[-116.90477,32.80089],[-116.90246,32.80284],[-116.9039,32.80372],[-116.90306,32.80475],[-116.90269,32.8046],[-116.9022,32.80455],[-116.90212,32.80306],[-116.90131,32.80324],[-116.90113,32.80541],[-116.90177,32.80794],[-116.89644,32.80637],[-116.90016,32.80373],[-116.90033,32.80323],[-116.89918,32.80297],[-116.89773,32.80262],[-116.89744,32.80179],[-116.89624,32.80172],[-116.89574,32.79968],[-116.89692,32.79943],[-116.8976,32.79863],[-116.89741,32.7978],[-116.90044,32.79663],[-116.89972,32.79594],[-116.8999,32.79483],[-116.90103,32.79396],[-116.90122,32.79431],[-116.90334,32.79389],[-116.90544,32.79483],[-116.90495,32.79552],[-116.90427,32.79539],[-116.90393,32.79565],[-116.90603,32.79742],[-116.90719,32.79642],[-116.90784,32.79545],[-116.91169,32.79763],[-116.91581,32.7964],[-116.91581,32.7949],[-116.91667,32.7949],[-116.91666,32.7945],[-116.91796,32.79449],[-116.91797,32.79639],[-116.9209,32.79627],[-116.92136,32.79649],[-116.92467,32.79648],[-116.92469,32.79273],[-116.9215,32.79274],[-116.92154,32.78946],[-116.92042,32.789],[-116.91805,32.78902],[-116.91794,32.7886],[-116.91634,32.78863],[-116.91634,32.78749],[-116.9178,32.78755],[-116.91791,32.78649],[-116.91877,32.78551],[-116.91785,32.78472],[-116.9181,32.78206],[-116.91666,32.78183],[-116.91712,32.78147],[-116.9206,32.77871],[-116.92081,32.77874],[-116.9208,32.7793],[-116.92168,32.77931],[-116.92168,32.77982],[-116.92411,32.77982],[-116.92414,32.77898],[-116.92515,32.77908],[-116.92515,32.78135],[-116.92537,32.78135],[-116.9259,32.78074],[-116.92601,32.78022],[-116.92651,32.78003],[-116.92707,32.78007],[-116.92748,32.77933],[-116.92721,32.77921],[-116.92787,32.77605],[-116.92788,32.77826],[-116.93137,32.77827],[-116.93215,32.77901],[-116.93238,32.78108],[-116.93567,32.78128],[-116.9364,32.78164],[-116.93649,32.78333],[-116.93455,32.78367],[-116.93481,32.78368],[-116.93455,32.78408],[-116.93455,32.78471],[-116.93598,32.78471],[-116.93598,32.78527],[-116.93649,32.78527],[-116.93648,32.78471],[-116.93735,32.78471],[-116.93783,32.78474],[-116.93783,32.78511],[-116.93841,32.7851],[-116.93842,32.78658],[-116.9395,32.78658],[-116.9395,32.78694],[-116.94057,32.78694],[-116.94143,32.78546],[-116.94237,32.78671],[-116.94237,32.78661],[-116.94412,32.78692],[-116.94443,32.78621],[-116.94443,32.78692],[-116.94505,32.78624],[-116.9469,32.78662],[-116.94719,32.78511],[-116.94615,32.78511],[-116.94501,32.78403],[-116.94513,32.7831],[-116.94263,32.78055],[-116.94518,32.77938],[-116.94629,32.77822],[-116.94689,32.77855],[-116.94657,32.77968],[-116.94832,32.78012],[-116.94818,32.77934],[-116.9499,32.7786],[-116.9499,32.7804],[-116.95096,32.7804],[-116.9509,32.77875],[-116.95261,32.77792],[-116.95583,32.77792],[-116.95647,32.77023],[-116.95734,32.77023],[-116.957,32.76771],[-116.95852,32.76793],[-116.95871,32.76751],[-116.96222,32.76803],[-116.96173,32.77119],[-116.95836,32.77121],[-116.95959,32.77316],[-116.95903,32.77568],[-116.95943,32.77577],[-116.96398,32.77316],[-116.96774,32.77319],[-116.96657,32.77471],[-116.96772,32.77566],[-116.96771,32.77429],[-116.96876,32.7732],[-116.97566,32.77325],[-116.97432,32.77576],[-116.9776,32.77783],[-116.97703,32.77959],[-116.97792,32.78011],[-116.97874,32.77938],[-116.97927,32.77986],[-116.98039,32.77949],[-116.98111,32.77786],[-116.9836,32.77905],[-116.9848,32.77891],[-116.98485,32.7784],[-116.9881,32.77847],[-116.98819,32.77845],[-116.98814,32.77912],[-116.98809,32.77975],[-116.99039,32.78087],[-116.9872,32.783],[-116.98765,32.78428],[-116.98459,32.78505],[-116.9863,32.78563],[-116.98457,32.78745],[-116.98485,32.78843],[-116.98732,32.78767],[-116.98799,32.7893],[-116.98599,32.79042],[-116.98819,32.79066],[-116.9872,32.79442],[-116.98864,32.79568],[-116.99122,32.79506],[-116.99712,32.79499],[-116.99714,32.79525],[-116.99927,32.79608],[-117.00217,32.79467],[-117.00403,32.79426],[-117.00428,32.79458],[-117.00588,32.79473],[-117.00604,32.80108],[-117.00601,32.80267],[-117.00595,32.81294],[-117.00635,32.81328],[-117.00997,32.81562],[-117.0112,32.82028],[-117.00576,32.82029]]]}},{"type":"Feature","properties":{"name":"Escalon eRide","boundary_type":"city","source":"Census TIGER place","fidelity":"exact","updated":"2026-09","units":"Escalon city","note":"Door-to-door service within city of Escalon.","confidence":0.95},"geometry":{"type":"MultiPolygon","coordinates":[[[[-121.00291,37.75902],[-121.00261,37.75846],[-121.00051,37.75745],[-121.0045,37.75268],[-121.00733,37.75121],[-121.00881,37.75069],[-121.00977,37.75173],[-121.00961,37.7572],[-121.00415,37.75733],[-121.00291,37.75902]]],[[[-121.00154,37.8005],[-121.00148,37.80252],[-120.99683,37.80158],[-120.99687,37.80258],[-121.00055,37.80463],[-120.99695,37.80468],[-120.99701,37.80691],[-120.99278,37.80692],[-120.99263,37.80372],[-120.99124,37.80333],[-120.99189,37.80063],[-120.98034,37.80047],[-120.97925,37.80074],[-120.9783,37.80074],[-120.97841,37.79765],[-120.98088,37.79763],[-120.98082,37.79592],[-120.97838,37.79587],[-120.97835,37.79422],[-120.98268,37.79426],[-120.98172,37.79117],[-120.97818,37.79116],[-120.97816,37.78934],[-120.98275,37.78934],[-120.98405,37.78752],[-120.98632,37.78898],[-120.99218,37.78891],[-120.99183,37.78572],[-120.99319,37.78572],[-120.99315,37.78247],[-120.99231,37.78206],[-120.9963,37.78207],[-120.9962,37.77309],[-120.99943,37.7731],[-121.0005,37.77487],[-121.00057,37.77848],[-121.00421,37.77946],[-121.00293,37.78035],[-121.00318,37.7875],[-121.00086,37.78748],[-121.00112,37.79172],[-121.00733,37.79164],[-121.00735,37.78831],[-121.01021,37.78973],[-121.01022,37.79227],[-121.0148,37.7923],[-121.01486,37.79438],[-121.01493,37.79713],[-121.00881,37.79714],[-121.00884,37.79851],[-121.01312,37.79853],[-121.01496,37.79849],[-121.01497,37.79856],[-121.01517,37.80577],[-121.00849,37.80575],[-121.00154,37.8005]]]]}},{"type":"Feature","properties":{"name":"EVE (Everyone Ventures Everywhere)","boundary_type":"city","source":"Census TIGER place","fidelity":"exact","updated":"2026-09","units":"Anaheim city","note":"City of Anaheim on-demand service; replacing legacy FRAN service with ZEV fleet.","confidence":0.9},"geometry":{"type":"Polygon","coordinates":[[[-118.01644,33.82448],[-118.01649,33.82637],[-118.01417,33.82653],[-118.01312,33.83044],[-118.01093,33.83046],[-118.01098,33.83197],[-118.00774,33.83192],[-118.00776,33.83335],[-118.00663,33.83378],[-118.00224,33.83387],[-118.00226,33.83568],[-117.9979,33.83571],[-117.99737,33.83572],[-117.99352,33.83575],[-117.99025,33.83578],[-117.98608,33.83579],[-117.98569,33.83946],[-117.9848,33.83947],[-117.98049,33.83951],[-117.98049,33.84325],[-117.9805,33.84497],[-117.97833,33.845],[-117.97834,33.84681],[-117.9805,33.8468],[-117.98055,33.85092],[-117.98055,33.85127],[-117.98058,33.85384],[-117.98058,33.85403],[-117.98487,33.85393],[-117.98487,33.85664],[-117.98489,33.85767],[-117.98302,33.85772],[-117.98256,33.85747],[-117.9762,33.85419],[-117.97514,33.855],[-117.97466,33.8563],[-117.96794,33.85426],[-117.96637,33.85425],[-117.95923,33.85419],[-117.95378,33.85423],[-117.94983,33.85427],[-117.94179,33.85434],[-117.93301,33.85442],[-117.93215,33.85443],[-117.93077,33.85444],[-117.92868,33.85428],[-117.92749,33.85418],[-117.92429,33.85443],[-117.91989,33.85454],[-117.91991,33.85949],[-117.91988,33.86312],[-117.91127,33.86318],[-117.90687,33.86319],[-117.90671,33.85422],[-117.90443,33.85422],[-117.90237,33.85421],[-117.90179,33.85433],[-117.90133,33.85457],[-117.90109,33.85478],[-117.90074,33.85517],[-117.90049,33.85534],[-117.90014,33.85547],[-117.90014,33.85559],[-117.89728,33.85634],[-117.89587,33.85637],[-117.89369,33.85638],[-117.89372,33.85785],[-117.88935,33.85789],[-117.88938,33.85969],[-117.88313,33.85974],[-117.88428,33.85567],[-117.88483,33.85391],[-117.88498,33.85361],[-117.87545,33.85603],[-117.87292,33.85666],[-117.8688,33.85774],[-117.8694,33.85942],[-117.87043,33.85917],[-117.87105,33.8609],[-117.87033,33.86203],[-117.86583,33.86224],[-117.8617,33.8633],[-117.86245,33.865],[-117.86719,33.86375],[-117.86771,33.86716],[-117.8653,33.86866],[-117.86321,33.86858],[-117.84931,33.86824],[-117.84801,33.86854],[-117.84558,33.8686],[-117.84259,33.868],[-117.8392,33.86816],[-117.83711,33.86817],[-117.83706,33.86417],[-117.83126,33.86423],[-117.83125,33.86282],[-117.83124,33.86211],[-117.82835,33.86213],[-117.82831,33.86102],[-117.82593,33.86102],[-117.82593,33.86088],[-117.82341,33.8609],[-117.82342,33.86202],[-117.81843,33.86204],[-117.81851,33.86648],[-117.81851,33.86669],[-117.81839,33.86801],[-117.81758,33.86961],[-117.81729,33.87019],[-117.81405,33.87081],[-117.81351,33.87027],[-117.8104,33.87096],[-117.80593,33.87192],[-117.80485,33.87321],[-117.80466,33.87333],[-117.80447,33.87337],[-117.80468,33.87349],[-117.80367,33.87303],[-117.80287,33.87401],[-117.79835,33.87124],[-117.7951,33.86853],[-117.79537,33.86773],[-117.79316,33.86554],[-117.79127,33.86556],[-117.79112,33.86556],[-117.7907,33.86465],[-117.79047,33.86264],[-117.79048,33.86235],[-117.78623,33.86249],[-117.78274,33.86302],[-117.78107,33.86348],[-117.78034,33.86371],[-117.7788,33.86442],[-117.77728,33.86561],[-117.77263,33.87058],[-117.7711,33.87183],[-117.76893,33.87304],[-117.76764,33.8735],[-117.76538,33.87401],[-117.7602,33.87453],[-117.7533,33.87639],[-117.74894,33.87768],[-117.74689,33.87855],[-117.74583,33.87924],[-117.7458,33.87766],[-117.74834,33.87647],[-117.74897,33.87487],[-117.7491,33.87454],[-117.7469,33.87345],[-117.74456,33.87024],[-117.74056,33.87084],[-117.73797,33.87083],[-117.73397,33.87017],[-117.72561,33.8673],[-117.72376,33.86696],[-117.71509,33.86621],[-117.71149,33.86679],[-117.71124,33.86687],[-117.70615,33.86911],[-117.70568,33.86913],[-117.70491,33.86932],[-117.70173,33.8706],[-117.70005,33.87193],[-117.69831,33.87273],[-117.69725,33.8729],[-117.69336,33.87298],[-117.69272,33.87302],[-117.69101,33.87328],[-117.6881,33.87299],[-117.68392,33.87097],[-117.68208,33.86984],[-117.67509,33.86917],[-117.67507,33.86881],[-117.67505,33.86872],[-117.67455,33.86213],[-117.67633,33.86209],[-117.67804,33.86318],[-117.67992,33.86265],[-117.67861,33.8608],[-117.68012,33.86077],[-117.68312,33.86179],[-117.68345,33.85979],[-117.6805,33.85767],[-117.68178,33.8564],[-117.6835,33.85725],[-117.68546,33.8568],[-117.68435,33.8579],[-117.68666,33.8602],[-117.68596,33.86187],[-117.68879,33.86251],[-117.68844,33.85902],[-117.68633,33.85753],[-117.68566,33.85473],[-117.68849,33.85341],[-117.69098,33.85349],[-117.69194,33.85254],[-117.69388,33.85389],[-117.69271,33.85505],[-117.69491,33.85661],[-117.69566,33.85505],[-117.69728,33.85618],[-117.69822,33.85291],[-117.69953,33.85193],[-117.69851,33.85025],[-117.70053,33.8495],[-117.70059,33.8477],[-117.6973,33.84517],[-117.69839,33.84263],[-117.70008,33.84157],[-117.70097,33.83831],[-117.70253,33.83674],[-117.69966,33.83443],[-117.70096,33.83354],[-117.70114,33.83166],[-117.70267,33.829],[-117.70521,33.82887],[-117.70575,33.82654],[-117.70646,33.82794],[-117.70905,33.82821],[-117.71083,33.83015],[-117.71078,33.83128],[-117.71285,33.83262],[-117.71288,33.8346],[-117.71417,33.83299],[-117.71349,33.83131],[-117.71422,33.82978],[-117.71402,33.8274],[-117.71474,33.82704],[-117.71683,33.82903],[-117.71865,33.83002],[-117.72064,33.82999],[-117.72033,33.83355],[-117.72134,33.83492],[-117.72195,33.83758],[-117.72177,33.83982],[-117.72233,33.84147],[-117.72428,33.84286],[-117.72518,33.84488],[-117.72904,33.84563],[-117.73183,33.84231],[-117.73236,33.84319],[-117.74427,33.82906],[-117.74717,33.82578],[-117.76058,33.82748],[-117.76116,33.82788],[-117.76194,33.82882],[-117.76299,33.82912],[-117.76194,33.82998],[-117.7624,33.83035],[-117.76141,33.83189],[-117.76282,33.83405],[-117.76572,33.83443],[-117.76753,33.83271],[-117.77251,33.83253],[-117.77629,33.83062],[-117.77919,33.83214],[-117.7839,33.83266],[-117.78392,33.83413],[-117.78669,33.83411],[-117.78865,33.83517],[-117.79278,33.8356],[-117.79318,33.8361],[-117.79523,33.83561],[-117.79671,33.83628],[-117.79941,33.83619],[-117.80063,33.83741],[-117.80061,33.8381],[-117.80177,33.83877],[-117.80506,33.8377],[-117.80677,33.83876],[-117.81101,33.83725],[-117.81433,33.83619],[-117.81433,33.83829],[-117.81695,33.83711],[-117.82204,33.83778],[-117.82141,33.83625],[-117.82256,33.83588],[-117.82261,33.8335],[-117.82461,33.83403],[-117.82816,33.83786],[-117.82932,33.83779],[-117.83052,33.83725],[-117.83151,33.83815],[-117.83419,33.83895],[-117.8329,33.84068],[-117.83118,33.84231],[-117.83167,33.84224],[-117.83478,33.8428],[-117.83637,33.84704],[-117.84302,33.8469],[-117.84441,33.84685],[-117.84516,33.84682],[-117.84992,33.84543],[-117.85069,33.84713],[-117.85416,33.84574],[-117.85926,33.84294],[-117.86009,33.84277],[-117.85799,33.84173],[-117.86344,33.83546],[-117.86472,33.83395],[-117.87051,33.81673],[-117.87057,33.81657],[-117.87096,33.81567],[-117.87191,33.81286],[-117.87568,33.8047],[-117.87729,33.80229],[-117.87818,33.80055],[-117.87881,33.79945],[-117.88126,33.79305],[-117.88654,33.79306],[-117.88654,33.79363],[-117.88914,33.79362],[-117.88927,33.79439],[-117.88918,33.79613],[-117.89425,33.79613],[-117.89556,33.79613],[-117.89138,33.7919],[-117.89753,33.7901],[-117.8976,33.79251],[-117.90413,33.7925],[-117.90629,33.7925],[-117.90629,33.7924],[-117.90624,33.79064],[-117.91053,33.79062],[-117.91048,33.78885],[-117.91256,33.78894],[-117.91489,33.78895],[-117.91499,33.79242],[-117.91724,33.79243],[-117.91735,33.79608],[-117.92387,33.79605],[-117.92392,33.79878],[-117.92828,33.79874],[-117.92823,33.79601],[-117.93259,33.79598],[-117.93257,33.79426],[-117.93474,33.79424],[-117.93472,33.79233],[-117.93859,33.79231],[-117.9391,33.79231],[-117.94124,33.7923],[-117.9413,33.7959],[-117.94134,33.79863],[-117.93706,33.79868],[-117.93706,33.80047],[-117.94137,33.80043],[-117.94142,33.80308],[-117.94366,33.80306],[-117.94785,33.80306],[-117.94913,33.80306],[-117.95014,33.80306],[-117.95349,33.80305],[-117.95887,33.80304],[-117.96084,33.80302],[-117.96322,33.8031],[-117.96323,33.80674],[-117.95888,33.80678],[-117.95888,33.80684],[-117.9589,33.81049],[-117.95891,33.81469],[-117.95948,33.81469],[-117.96033,33.81775],[-117.96281,33.81773],[-117.96332,33.81772],[-117.96328,33.82135],[-117.95893,33.8214],[-117.95893,33.8221],[-117.96038,33.82209],[-117.96171,33.82401],[-117.96171,33.82501],[-117.96111,33.82502],[-117.9603,33.82763],[-117.95892,33.82764],[-117.95892,33.8289],[-117.96327,33.8288],[-117.96219,33.82684],[-117.96249,33.82501],[-117.96543,33.82499],[-117.96546,33.82768],[-117.96764,33.82767],[-117.96763,33.82498],[-117.96762,33.82132],[-117.96762,33.8198],[-117.96756,33.81979],[-117.96654,33.81978],[-117.96654,33.81941],[-117.96597,33.81941],[-117.96596,33.8189],[-117.9663,33.81889],[-117.9663,33.81824],[-117.96761,33.81823],[-117.96761,33.81767],[-117.9676,33.81443],[-117.96759,33.8104],[-117.96977,33.81038],[-117.97194,33.81036],[-117.97195,33.8114],[-117.97433,33.81079],[-117.97574,33.81078],[-117.97574,33.81032],[-117.98015,33.81028],[-117.98018,33.81392],[-117.97579,33.81396],[-117.97581,33.81577],[-117.98457,33.81568],[-117.98895,33.81565],[-117.99332,33.81561],[-117.99551,33.81565],[-117.99766,33.81375],[-118.00204,33.81371],[-118.00578,33.81368],[-118.00287,33.81189],[-118.00856,33.81183],[-118.01071,33.81091],[-118.01071,33.81108],[-118.01191,33.81107],[-118.01181,33.80998],[-118.0142,33.80996],[-118.01727,33.80993],[-118.01731,33.81428],[-118.01735,33.81719],[-118.01473,33.81721],[-118.01475,33.81918],[-118.01605,33.81997],[-118.01519,33.82042],[-118.01386,33.82094],[-118.01201,33.82148],[-118.01094,33.82166],[-118.01096,33.82287],[-118.01379,33.82267],[-118.01381,33.82444],[-118.01508,33.82405],[-118.01522,33.82269],[-118.01739,33.82267],[-118.01742,33.82446],[-118.01644,33.82448]]]}},{"type":"Feature","properties":{"name":"FRANC","boundary_type":"city","source":"Census TIGER place","fidelity":"exact","updated":"2026-09","units":"National City city","note":"City agency serving National City","confidence":0.95},"geometry":{"type":"Polygon","coordinates":[[[-117.12475,32.67929],[-117.12132,32.67942],[-117.11084,32.68237],[-117.1096,32.68272],[-117.10141,32.68502],[-117.10199,32.68669],[-117.10201,32.68678],[-117.10235,32.68779],[-117.10244,32.68896],[-117.09814,32.68894],[-117.09813,32.68839],[-117.09603,32.68838],[-117.0953,32.68896],[-117.09406,32.68897],[-117.09373,32.68898],[-117.09377,32.69167],[-117.09376,32.69173],[-117.09046,32.69131],[-117.08513,32.6919],[-117.08513,32.69237],[-117.08144,32.69329],[-117.08077,32.69312],[-117.07961,32.69273],[-117.07844,32.69311],[-117.07783,32.69159],[-117.07681,32.69187],[-117.07665,32.69192],[-117.07617,32.69016],[-117.07551,32.68847],[-117.07353,32.68907],[-117.06569,32.69125],[-117.06434,32.68886],[-117.06599,32.68733],[-117.06465,32.68384],[-117.06661,32.68327],[-117.07283,32.68156],[-117.07149,32.67813],[-117.07083,32.67638],[-117.0689,32.67142],[-117.06885,32.67128],[-117.06543,32.66242],[-117.06439,32.66281],[-117.06126,32.66367],[-117.05855,32.66392],[-117.0574,32.66412],[-117.05716,32.66465],[-117.05019,32.66701],[-117.0501,32.66663],[-117.04988,32.66595],[-117.05152,32.66437],[-117.05107,32.66402],[-117.04928,32.66311],[-117.05397,32.66206],[-117.05461,32.66371],[-117.05684,32.66318],[-117.05527,32.6595],[-117.05623,32.6594],[-117.05575,32.65808],[-117.05647,32.65702],[-117.05968,32.65652],[-117.06195,32.65756],[-117.06383,32.65702],[-117.0638,32.65668],[-117.06414,32.65345],[-117.06369,32.6504],[-117.0651,32.65029],[-117.06806,32.65259],[-117.07056,32.65538],[-117.07091,32.6568],[-117.07282,32.65671],[-117.07797,32.65689],[-117.0832,32.6589],[-117.08449,32.66102],[-117.08712,32.66031],[-117.087,32.65891],[-117.09065,32.65741],[-117.08974,32.65501],[-117.08882,32.65269],[-117.09277,32.6516],[-117.09472,32.65623],[-117.09847,32.65413],[-117.09619,32.64825],[-117.10278,32.64638],[-117.10418,32.65058],[-117.10649,32.65028],[-117.11047,32.64908],[-117.11707,32.6474],[-117.12399,32.64636],[-117.12142,32.63023],[-117.11768,32.60753],[-117.10156,32.61207],[-117.09842,32.61296],[-117.09826,32.61301],[-117.09853,32.6105],[-117.09776,32.60684],[-117.09782,32.60507],[-117.09819,32.60515],[-117.09989,32.60453],[-117.10199,32.60429],[-117.10445,32.60309],[-117.10846,32.60385],[-117.11646,32.60657],[-117.11856,32.60627],[-117.11873,32.60735],[-117.12056,32.61898],[-117.12549,32.64377],[-117.12569,32.64475],[-117.12927,32.66729],[-117.13057,32.67552],[-117.1331,32.67717],[-117.13542,32.67861],[-117.12475,32.67929]],[[-117.08264,32.66233],[-117.08234,32.66243],[-117.0802,32.66316],[-117.08049,32.66154],[-117.07861,32.66123],[-117.07809,32.66264],[-117.07758,32.66198],[-117.07608,32.66232],[-117.07487,32.66058],[-117.07267,32.66092],[-117.0732,32.66231],[-117.07101,32.66291],[-117.06929,32.66128],[-117.06795,32.66174],[-117.0701,32.66335],[-117.06782,32.66375],[-117.0678,32.66654],[-117.07061,32.67007],[-117.07255,32.66913],[-117.07408,32.66908],[-117.07432,32.66967],[-117.07697,32.66893],[-117.07643,32.66754],[-117.07796,32.66666],[-117.0765,32.66564],[-117.0796,32.66343],[-117.07994,32.66608],[-117.07985,32.66615],[-117.07854,32.66805],[-117.07901,32.66834],[-117.0805,32.66792],[-117.08084,32.66652],[-117.08297,32.66622],[-117.08346,32.66214],[-117.08264,32.66233]],[[-117.05698,32.66109],[-117.05733,32.66203],[-117.05862,32.66125],[-117.05922,32.66144],[-117.05889,32.66056],[-117.05698,32.66109]]]}},{"type":"Feature","properties":{"name":"GET Bus On-Demand","boundary_type":"city","source":"Census TIGER place","fidelity":"approximate","updated":"2026-09","units":"Bakersfield city","note":"Zone-based, not full-city coverage: originally southwest Bakersfield only, expanded April 2026 to add downtown and parts of the east side; no published boundary streets or sq-mi figure. https://www.turnto23.com/news/local-news/golden-empire-transit-district-on-demand-service-expands-zones","confidence":0.75},"geometry":{"type":"MultiPolygon","coordinates":[[[[-118.96761,35.19404],[-118.96759,35.20862],[-118.94997,35.20865],[-118.94991,35.19398],[-118.96761,35.19404]]],[[[-118.94541,35.23033],[-118.94541,35.22844],[-118.93965,35.22847],[-118.93955,35.22317],[-118.93221,35.22324],[-118.93217,35.20868],[-118.94997,35.20865],[-118.95002,35.22315],[-118.96768,35.22335],[-118.96767,35.23778],[-118.95001,35.23781],[-118.95001,35.23032],[-118.94541,35.23033]]],[[[-118.97838,35.23777],[-118.97993,35.24694],[-118.97959,35.25233],[-118.96762,35.25238],[-118.96767,35.23778],[-118.97838,35.23777]]],[[[-119.25242,35.30708],[-119.2469,35.30705],[-119.24689,35.31068],[-119.24357,35.31068],[-119.24355,35.3143],[-119.23466,35.3143],[-119.23463,35.31794],[-119.23127,35.31798],[-119.23126,35.31979],[-119.21952,35.3199],[-119.21949,35.32536],[-119.21647,35.32541],[-119.21644,35.32765],[-119.21202,35.32764],[-119.21196,35.33267],[-119.19423,35.33263],[-119.19417,35.33993],[-119.1853,35.33985],[-119.18533,35.34355],[-119.1809,35.34352],[-119.1809,35.34633],[-119.19867,35.34716],[-119.19875,35.35438],[-119.18319,35.3544],[-119.1832,35.35622],[-119.18098,35.35668],[-119.18098,35.35441],[-119.17656,35.3552],[-119.17655,35.35805],[-119.1743,35.35808],[-119.17236,35.3617],[-119.17212,35.3617],[-119.17207,35.3617],[-119.16324,35.36172],[-119.16323,35.35985],[-119.15438,35.35959],[-119.15423,35.35816],[-119.15217,35.35816],[-119.15173,35.35459],[-119.14689,35.35445],[-119.14682,35.35659],[-119.14554,35.35589],[-119.14554,35.36105],[-119.14554,35.36895],[-119.15375,35.36878],[-119.1544,35.36534],[-119.15883,35.36535],[-119.15885,35.36808],[-119.16328,35.36811],[-119.16326,35.36536],[-119.16771,35.36536],[-119.16771,35.36897],[-119.17214,35.36899],[-119.17224,35.36902],[-119.17217,35.37623],[-119.16762,35.37624],[-119.16754,35.36998],[-119.16347,35.37003],[-119.16329,35.36899],[-119.16218,35.36899],[-119.16218,35.3708],[-119.16013,35.37081],[-119.16013,35.36914],[-119.15441,35.36911],[-119.15441,35.37624],[-119.15441,35.37988],[-119.15277,35.37987],[-119.15277,35.38206],[-119.15109,35.38207],[-119.1511,35.38351],[-119.15441,35.3835],[-119.1544,35.38711],[-119.14662,35.38712],[-119.14662,35.38758],[-119.14572,35.38758],[-119.14571,35.38712],[-119.1457,35.38654],[-119.14773,35.38577],[-119.14774,35.38351],[-119.14792,35.38351],[-119.14792,35.38178],[-119.14579,35.38144],[-119.14574,35.37623],[-119.14553,35.37282],[-119.14553,35.37259],[-119.13906,35.37258],[-119.13906,35.37322],[-119.13679,35.37261],[-119.13679,35.37258],[-119.13236,35.3727],[-119.13238,35.37619],[-119.12793,35.37618],[-119.12352,35.37617],[-119.12355,35.37105],[-119.12128,35.37112],[-119.1208,35.36898],[-119.11904,35.36905],[-119.11907,35.37071],[-119.11841,35.36898],[-119.1145,35.369],[-119.1145,35.36896],[-119.1128,35.36896],[-119.11279,35.37069],[-119.10996,35.37068],[-119.10996,35.37206],[-119.10552,35.37205],[-119.10551,35.3742],[-119.10345,35.37421],[-119.10331,35.37611],[-119.10985,35.37613],[-119.10983,35.37747],[-119.10634,35.37746],[-119.10633,35.37976],[-119.10105,35.37974],[-119.10104,35.38226],[-119.10168,35.38345],[-119.1099,35.38347],[-119.11441,35.38348],[-119.11892,35.38349],[-119.11892,35.38707],[-119.11442,35.38707],[-119.11437,35.38932],[-119.11138,35.38935],[-119.11106,35.39074],[-119.11441,35.39073],[-119.11443,35.39804],[-119.11672,35.39802],[-119.1189,35.39801],[-119.12784,35.39794],[-119.12786,35.39219],[-119.13089,35.39198],[-119.13081,35.39088],[-119.1298,35.39085],[-119.12826,35.39069],[-119.13045,35.39061],[-119.1314,35.38798],[-119.13387,35.3886],[-119.13668,35.39091],[-119.13666,35.39233],[-119.13674,35.39389],[-119.13668,35.39522],[-119.13667,35.39797],[-119.13802,35.398],[-119.13947,35.39834],[-119.1453,35.39798],[-119.14551,35.39941],[-119.14333,35.39951],[-119.14332,35.40522],[-119.1455,35.40522],[-119.14898,35.40548],[-119.15066,35.40607],[-119.15177,35.4068],[-119.15638,35.41071],[-119.15877,35.40883],[-119.15411,35.40501],[-119.1564,35.40367],[-119.15495,35.40162],[-119.1605,35.40175],[-119.16326,35.40161],[-119.16326,35.40408],[-119.16323,35.41248],[-119.17211,35.41249],[-119.19872,35.41251],[-119.1987,35.41977],[-119.21217,35.41979],[-119.21204,35.42714],[-119.21643,35.42717],[-119.21637,35.44164],[-119.21617,35.44164],[-119.19874,35.44161],[-119.1985,35.44161],[-119.19422,35.4381],[-119.1942,35.44161],[-119.16317,35.44155],[-119.15424,35.44153],[-119.15423,35.43599],[-119.15387,35.43492],[-119.14606,35.42855],[-119.14546,35.42699],[-119.1457,35.44152],[-119.1226,35.44148],[-119.10991,35.44145],[-119.10949,35.44145],[-119.10073,35.44142],[-119.09929,35.44142],[-119.09517,35.44142],[-119.09218,35.44133],[-119.08886,35.44099],[-119.08772,35.44106],[-119.0873,35.44068],[-119.07453,35.43104],[-119.07453,35.42696],[-119.08339,35.42697],[-119.09224,35.42698],[-119.10111,35.42704],[-119.10109,35.43067],[-119.10996,35.43073],[-119.11006,35.4316],[-119.11516,35.43069],[-119.11895,35.43067],[-119.11895,35.42704],[-119.10998,35.4271],[-119.10997,35.41983],[-119.10997,35.41801],[-119.10554,35.41799],[-119.10559,35.4198],[-119.1011,35.41977],[-119.09223,35.41971],[-119.09222,35.41243],[-119.09222,35.41084],[-119.08583,35.41079],[-119.08583,35.40944],[-119.08334,35.40944],[-119.08334,35.40878],[-119.09222,35.40881],[-119.09222,35.40518],[-119.08332,35.40514],[-119.07456,35.40511],[-119.07462,35.41051],[-119.07896,35.41053],[-119.07884,35.41225],[-119.07452,35.41225],[-119.07452,35.41239],[-119.07222,35.41239],[-119.0722,35.41082],[-119.0678,35.41055],[-119.06778,35.40871],[-119.05864,35.40863],[-119.05873,35.41154],[-119.05694,35.41154],[-119.05649,35.40929],[-119.05669,35.4051],[-119.05005,35.40499],[-119.05977,35.39625],[-119.06068,35.39427],[-119.06232,35.39427],[-119.0655,35.39249],[-119.06795,35.39054],[-119.0699,35.39054],[-119.06989,35.39508],[-119.07324,35.39509],[-119.07323,35.39782],[-119.06545,35.39779],[-119.06541,35.40159],[-119.07438,35.4016],[-119.07438,35.40152],[-119.07433,35.39782],[-119.08327,35.39787],[-119.08327,35.39419],[-119.08327,35.39294],[-119.08551,35.39294],[-119.08551,35.3942],[-119.09065,35.39422],[-119.09221,35.39422],[-119.09219,35.39056],[-119.08996,35.39056],[-119.09129,35.38815],[-119.09082,35.38341],[-119.08807,35.3834],[-119.08776,35.38355],[-119.08879,35.38498],[-119.08779,35.38498],[-119.08772,35.38365],[-119.08713,35.38417],[-119.08713,35.38538],[-119.08661,35.38538],[-119.08661,35.38339],[-119.07534,35.38335],[-119.0839,35.37983],[-119.08753,35.37902],[-119.0895,35.3797],[-119.08702,35.37723],[-119.08698,35.3688],[-119.07588,35.36876],[-119.07448,35.36924],[-119.07445,35.37238],[-119.07007,35.37236],[-119.06992,35.38214],[-119.06635,35.38213],[-119.06545,35.38332],[-119.06547,35.37963],[-119.06134,35.37961],[-119.06132,35.38316],[-119.05652,35.38314],[-119.05656,35.37876],[-119.05217,35.37867],[-119.05208,35.38328],[-119.05208,35.38343],[-119.05017,35.38342],[-119.05017,35.38587],[-119.04609,35.38586],[-119.04529,35.38469],[-119.04474,35.38695],[-119.04517,35.40035],[-119.04597,35.40323],[-119.04707,35.40396],[-119.04837,35.40623],[-119.04809,35.40669],[-119.04439,35.40378],[-119.0408,35.40305],[-119.04009,35.40222],[-119.03783,35.4004],[-119.03574,35.39918],[-119.03363,35.39767],[-119.03296,35.39717],[-119.03249,35.39767],[-119.02997,35.39886],[-119.02679,35.39975],[-119.02559,35.40172],[-119.02106,35.40383],[-119.02075,35.40402],[-119.01907,35.40494],[-119.01759,35.4057],[-119.01459,35.40868],[-119.01384,35.40943],[-119.01328,35.40963],[-119.01263,35.40964],[-119.01209,35.40948],[-119.01145,35.40906],[-119.01106,35.40869],[-119.01058,35.4085],[-119.01012,35.40868],[-119.00796,35.40971],[-119.00667,35.41099],[-119.0032,35.41177],[-118.99993,35.41226],[-118.99587,35.41246],[-118.99355,35.41311],[-118.99148,35.41345],[-118.98874,35.41234],[-118.98375,35.41416],[-118.98321,35.41434],[-118.98014,35.41517],[-118.97824,35.41683],[-118.97824,35.41735],[-118.97832,35.42495],[-118.97687,35.42556],[-118.97424,35.42706],[-118.97243,35.42788],[-118.96775,35.42778],[-118.96642,35.42776],[-118.96016,35.42581],[-118.95905,35.42581],[-118.95881,35.42517],[-118.9588,35.42393],[-118.96774,35.42488],[-118.97133,35.42571],[-118.9751,35.42199],[-118.97494,35.41068],[-118.97175,35.41173],[-118.96686,35.41402],[-118.96355,35.41459],[-118.95999,35.41583],[-118.9582,35.41717],[-118.94896,35.42181],[-118.94875,35.42156],[-118.94544,35.42346],[-118.94492,35.42363],[-118.93937,35.42613],[-118.93596,35.42664],[-118.93424,35.42775],[-118.93311,35.42919],[-118.93196,35.43301],[-118.93166,35.43682],[-118.93221,35.43856],[-118.93569,35.44369],[-118.93545,35.44587],[-118.93343,35.44764],[-118.93063,35.44787],[-118.92733,35.44632],[-118.92523,35.44568],[-118.92532,35.44407],[-118.9221,35.44412],[-118.92209,35.4416],[-118.92019,35.44161],[-118.90307,35.44179],[-118.90224,35.43699],[-118.90109,35.43546],[-118.89935,35.43437],[-118.89038,35.43114],[-118.88843,35.431],[-118.88829,35.43132],[-118.88294,35.43196],[-118.88174,35.43151],[-118.87751,35.43243],[-118.87435,35.43563],[-118.87206,35.43546],[-118.86993,35.43425],[-118.86791,35.43426],[-118.86573,35.43348],[-118.86193,35.43287],[-118.85348,35.43318],[-118.85296,35.43196],[-118.84897,35.42815],[-118.84512,35.42701],[-118.83038,35.42661],[-118.83029,35.44212],[-118.81705,35.44219],[-118.81701,35.43585],[-118.81441,35.43502],[-118.81245,35.43375],[-118.80961,35.4365],[-118.80756,35.43763],[-118.80356,35.43913],[-118.79604,35.44028],[-118.7935,35.4421],[-118.79059,35.44207],[-118.7905,35.43481],[-118.77284,35.43464],[-118.77266,35.42743],[-118.808,35.42771],[-118.80789,35.39869],[-118.81155,35.39862],[-118.82561,35.39838],[-118.82561,35.38444],[-118.82561,35.38385],[-118.84346,35.38381],[-118.84326,35.39834],[-118.84914,35.39825],[-118.84918,35.40465],[-118.85003,35.40516],[-118.8594,35.40541],[-118.86097,35.40541],[-118.86096,35.40178],[-118.86538,35.40173],[-118.86539,35.4058],[-118.86102,35.40718],[-118.861,35.40903],[-118.86761,35.40901],[-118.86781,35.40538],[-118.86981,35.40433],[-118.86988,35.39811],[-118.86094,35.39815],[-118.86093,35.38372],[-118.87869,35.38359],[-118.87865,35.36902],[-118.89194,35.36902],[-118.89196,35.36539],[-118.89417,35.36538],[-118.89415,35.36902],[-118.89637,35.36901],[-118.89638,35.3836],[-118.89793,35.38356],[-118.90523,35.38353],[-118.90518,35.3793],[-118.90711,35.37803],[-118.90746,35.38352],[-118.90968,35.38352],[-118.90968,35.3817],[-118.91194,35.38169],[-118.91195,35.38031],[-118.91421,35.38036],[-118.91421,35.37986],[-118.91865,35.37982],[-118.91866,35.37621],[-118.9247,35.37615],[-118.92454,35.38058],[-118.92477,35.38339],[-118.92746,35.38336],[-118.93021,35.38334],[-118.93195,35.38332],[-118.93201,35.3809],[-118.93211,35.3797],[-118.93783,35.37964],[-118.93923,35.38046],[-118.93911,35.38047],[-118.93824,35.38185],[-118.93814,35.38303],[-118.93899,35.38325],[-118.93684,35.38647],[-118.93408,35.38649],[-118.93197,35.38697],[-118.93206,35.39638],[-118.93726,35.39626],[-118.94537,35.39629],[-118.94533,35.39285],[-118.94766,35.39288],[-118.94956,35.39176],[-118.94974,35.39134],[-118.95417,35.39086],[-118.95417,35.3904],[-118.9586,35.39028],[-118.95858,35.38852],[-118.95841,35.38739],[-118.95932,35.38671],[-118.96256,35.38668],[-118.96305,35.38675],[-118.96302,35.38849],[-118.96483,35.38847],[-118.96522,35.38668],[-118.96744,35.38662],[-118.96743,35.38528],[-118.96742,35.383],[-118.96744,35.38094],[-118.97105,35.38181],[-118.97409,35.38254],[-118.97187,35.38315],[-118.97164,35.38551],[-118.97275,35.38605],[-118.97254,35.38663],[-118.97036,35.38663],[-118.96967,35.39027],[-118.96746,35.39028],[-118.96747,35.39118],[-118.96525,35.39122],[-118.96526,35.39212],[-118.96747,35.39209],[-118.96968,35.39207],[-118.96968,35.3938],[-118.97633,35.39199],[-118.97634,35.39389],[-118.97633,35.39701],[-118.98124,35.39704],[-118.98367,35.3961],[-118.98368,35.39751],[-118.98516,35.39751],[-118.98525,35.40158],[-118.98532,35.40479],[-118.98975,35.40478],[-118.98983,35.40873],[-118.99207,35.408],[-118.99458,35.40672],[-118.99859,35.40454],[-118.99844,35.39747],[-118.99897,35.39408],[-118.99848,35.39363],[-118.9972,35.39226],[-118.99404,35.39256],[-118.99409,35.39232],[-118.99652,35.39083],[-118.99652,35.39026],[-118.99487,35.39012],[-118.99484,35.39022],[-118.99226,35.39023],[-118.99226,35.39074],[-118.99048,35.39074],[-118.99048,35.39036],[-118.98989,35.39036],[-118.98993,35.39024],[-118.98515,35.39013],[-118.98515,35.38906],[-118.98499,35.38798],[-118.98344,35.38761],[-118.98441,35.38648],[-118.98491,35.38513],[-118.98512,35.38302],[-118.97895,35.38301],[-118.97873,35.38365],[-118.97621,35.38305],[-118.97631,35.37903],[-118.97541,35.37882],[-118.97559,35.37832],[-118.97631,35.37575],[-118.97519,35.3749],[-118.97605,35.37511],[-118.97626,35.37525],[-118.97624,35.37504],[-118.97634,35.37298],[-118.97515,35.37263],[-118.97635,35.37092],[-118.97637,35.36855],[-118.97826,35.36853],[-118.97957,35.3649],[-118.97859,35.36491],[-118.97859,35.36309],[-118.98038,35.36308],[-118.98106,35.3618],[-118.97536,35.36129],[-118.97486,35.36096],[-118.97638,35.36064],[-118.97637,35.35764],[-118.97195,35.35769],[-118.97195,35.35405],[-118.96819,35.35407],[-118.96752,35.35462],[-118.96752,35.35771],[-118.95865,35.35776],[-118.95865,35.35921],[-118.9559,35.35918],[-118.95422,35.35778],[-118.95423,35.35573],[-118.9498,35.35578],[-118.94979,35.3578],[-118.94978,35.35961],[-118.94644,35.35964],[-118.94643,35.36145],[-118.94089,35.36148],[-118.9409,35.35786],[-118.94531,35.3578],[-118.94533,35.35421],[-118.94923,35.35418],[-118.94921,35.35463],[-118.94962,35.35462],[-118.94962,35.35418],[-118.94962,35.35317],[-118.94104,35.35213],[-118.94092,35.35049],[-118.94092,35.34703],[-118.94092,35.34337],[-118.94092,35.3388],[-118.93647,35.33882],[-118.93646,35.33973],[-118.93201,35.33975],[-118.92757,35.33977],[-118.92423,35.33908],[-118.92356,35.33978],[-118.92329,35.33256],[-118.93202,35.33247],[-118.93648,35.33248],[-118.93654,35.32608],[-118.94094,35.32607],[-118.94094,35.32516],[-118.94986,35.32513],[-118.94986,35.31049],[-118.94986,35.31042],[-118.94985,35.29603],[-118.94986,35.28149],[-118.96298,35.28144],[-118.96303,35.26691],[-118.94985,35.26693],[-118.94989,35.2524],[-118.95012,35.2524],[-118.96762,35.25238],[-118.96761,35.25783],[-118.97317,35.25781],[-118.97648,35.25486],[-118.97647,35.26325],[-118.96762,35.26326],[-118.9676,35.2669],[-118.96317,35.26691],[-118.96311,35.28144],[-118.96756,35.28148],[-118.98542,35.28132],[-118.98765,35.28132],[-118.98545,35.27573],[-118.99741,35.27571],[-119.00179,35.27571],[-119.00307,35.2789],[-119.00307,35.27897],[-119.00326,35.27773],[-119.01192,35.27772],[-119.02125,35.27772],[-119.02125,35.27408],[-119.02115,35.27408],[-119.02097,35.26863],[-119.01672,35.26864],[-119.01671,35.26682],[-119.01194,35.26683],[-119.01206,35.2632],[-119.02127,35.26318],[-119.02206,35.26298],[-119.02171,35.26162],[-119.0214,35.26045],[-119.0218,35.26045],[-119.02572,35.26142],[-119.02561,35.26324],[-119.02849,35.26328],[-119.02848,35.26685],[-119.02784,35.26685],[-119.02792,35.26802],[-119.02679,35.26801],[-119.02679,35.27048],[-119.02812,35.27048],[-119.03019,35.27049],[-119.03453,35.27051],[-119.03673,35.27143],[-119.03679,35.27414],[-119.03878,35.27415],[-119.03884,35.26785],[-119.03797,35.2669],[-119.03707,35.2669],[-119.03707,35.26642],[-119.03309,35.26597],[-119.03011,35.26521],[-119.03012,35.26351],[-119.03897,35.26341],[-119.03898,35.25979],[-119.03899,35.25615],[-119.04342,35.25615],[-119.04339,35.26693],[-119.04782,35.26694],[-119.05255,35.26697],[-119.05666,35.26699],[-119.05669,35.25981],[-119.06554,35.25984],[-119.06555,35.25255],[-119.06775,35.25255],[-119.06776,35.2562],[-119.07273,35.25622],[-119.07039,35.25986],[-119.07439,35.25987],[-119.0744,35.25451],[-119.07441,35.25257],[-119.07557,35.25259],[-119.08326,35.25267],[-119.08323,35.26353],[-119.0777,35.26352],[-119.07697,35.26708],[-119.08986,35.26712],[-119.08987,35.26353],[-119.09218,35.26353],[-119.09218,35.26713],[-119.10118,35.26715],[-119.10116,35.28167],[-119.10984,35.28168],[-119.10978,35.26718],[-119.10989,35.26718],[-119.10989,35.26881],[-119.11083,35.26882],[-119.11082,35.26718],[-119.12833,35.26723],[-119.14604,35.26719],[-119.14587,35.29622],[-119.19897,35.29612],[-119.19883,35.31908],[-119.20025,35.31811],[-119.21854,35.30748],[-119.24582,35.30504],[-119.24775,35.30319],[-119.25244,35.30256],[-119.25244,35.30244],[-119.25453,35.30091],[-119.25731,35.3005],[-119.2613,35.30138],[-119.26236,35.30113],[-119.26531,35.30353],[-119.25461,35.30355],[-119.25243,35.30434],[-119.25242,35.30708]],[[-119.18974,35.31319],[-119.18709,35.31163],[-119.18516,35.31106],[-119.18342,35.31085],[-119.16343,35.31087],[-119.16344,35.32037],[-119.16493,35.32222],[-119.17311,35.33615],[-119.17652,35.33617],[-119.17656,35.33252],[-119.18096,35.33252],[-119.18107,35.32389],[-119.1874,35.32158],[-119.19696,35.32022],[-119.1975,35.31992],[-119.19686,35.31878],[-119.19006,35.31286],[-119.18974,35.31319]],[[-119.12768,35.42847],[-119.12886,35.42964],[-119.12962,35.42986],[-119.13673,35.42987],[-119.13677,35.43061],[-119.14096,35.43061],[-119.14095,35.42922],[-119.14373,35.4292],[-119.14373,35.42699],[-119.13657,35.42698],[-119.12771,35.42697],[-119.12768,35.42847]],[[-119.13016,35.37074],[-119.13017,35.36909],[-119.12807,35.36906],[-119.1281,35.37074],[-119.13016,35.37074]],[[-119.12817,35.29262],[-119.1282,35.28909],[-119.1234,35.28908],[-119.12339,35.29262],[-119.12817,35.29262]],[[-119.12793,35.37586],[-119.12793,35.37436],[-119.12575,35.37436],[-119.12574,35.37586],[-119.12793,35.37586]],[[-119.12344,35.43064],[-119.12348,35.4271],[-119.12148,35.42712],[-119.12146,35.43066],[-119.12344,35.43064]],[[-119.10993,35.43798],[-119.10995,35.43435],[-119.10108,35.4343],[-119.1011,35.43793],[-119.10993,35.43798]],[[-119.10118,35.29255],[-119.10117,35.29438],[-119.09662,35.29438],[-119.09661,35.29615],[-119.10614,35.29617],[-119.10617,35.29478],[-119.10522,35.2948],[-119.10526,35.29255],[-119.10118,35.29255]],[[-119.07499,35.34373],[-119.07448,35.3439],[-119.07426,35.34484],[-119.07384,35.34751],[-119.0738,35.35415],[-119.07565,35.35417],[-119.07903,35.35418],[-119.08336,35.34716],[-119.08421,35.34544],[-119.08968,35.34598],[-119.08886,35.34361],[-119.08447,35.34309],[-119.08394,35.34201],[-119.07499,35.34373]],[[-119.06331,35.27065],[-119.0633,35.26702],[-119.06109,35.26701],[-119.06109,35.27063],[-119.06331,35.27065]],[[-119.05595,35.34736],[-119.05594,35.3478],[-119.05562,35.3478],[-119.05563,35.34687],[-119.05511,35.34687],[-119.05226,35.34685],[-119.04798,35.34681],[-119.04872,35.34452],[-119.04892,35.34452],[-119.04934,35.34319],[-119.04915,35.34319],[-119.04792,35.3401],[-119.04621,35.34085],[-119.04023,35.3408],[-119.04018,35.34139],[-119.03974,35.3414],[-119.03912,35.34139],[-119.03896,35.34309],[-119.03672,35.34309],[-119.03646,35.34181],[-119.03511,35.34189],[-119.03632,35.34309],[-119.03451,35.34339],[-119.03399,35.34077],[-119.03568,35.34015],[-119.02785,35.33996],[-119.0256,35.34036],[-119.02564,35.34126],[-119.02341,35.34126],[-119.02341,35.34036],[-119.02344,35.3396],[-119.02119,35.33959],[-119.02119,35.34126],[-119.02119,35.34588],[-119.02227,35.3467],[-119.02119,35.3467],[-119.02115,35.3501],[-119.0234,35.35033],[-119.0234,35.35129],[-119.02561,35.35125],[-119.02561,35.35138],[-119.03004,35.35205],[-119.03016,35.35246],[-119.03014,35.35373],[-119.03447,35.3536],[-119.03559,35.35278],[-119.03671,35.35254],[-119.03684,35.35],[-119.03874,35.34853],[-119.0397,35.34861],[-119.04168,35.34865],[-119.04164,35.35079],[-119.04009,35.35102],[-119.04339,35.35206],[-119.04458,35.35133],[-119.04506,35.35417],[-119.04735,35.35418],[-119.04783,35.35418],[-119.04822,35.35418],[-119.05227,35.3542],[-119.05227,35.35355],[-119.05407,35.35354],[-119.05652,35.35079],[-119.0567,35.35016],[-119.0567,35.35012],[-119.05623,35.35004],[-119.05625,35.34986],[-119.0567,35.3499],[-119.05673,35.34688],[-119.05626,35.34688],[-119.05626,35.34736],[-119.05595,35.34736]],[[-119.01446,35.33311],[-119.01196,35.33219],[-119.01422,35.33211],[-119.01262,35.32968],[-119.00999,35.33219],[-119.00303,35.3322],[-119.00302,35.33946],[-119.01187,35.33945],[-119.01519,35.33945],[-119.02091,35.33944],[-119.02091,35.33581],[-119.02076,35.3323],[-119.0152,35.33231],[-119.01446,35.33311]],[[-118.99425,35.33946],[-118.98981,35.33946],[-118.98548,35.33947],[-118.98547,35.34],[-118.98431,35.33947],[-118.98103,35.3395],[-118.98094,35.34672],[-118.97648,35.34677],[-118.97646,35.34859],[-118.982,35.3485],[-118.9814,35.34672],[-118.98509,35.34672],[-118.98515,35.35035],[-118.98512,35.35158],[-118.98926,35.35223],[-118.99314,35.34851],[-118.99418,35.34752],[-118.99494,35.34679],[-118.99419,35.3468],[-118.99419,35.34672],[-118.98696,35.34672],[-118.987,35.34444],[-118.98541,35.34444],[-118.98541,35.34422],[-118.98702,35.34308],[-118.99047,35.34266],[-118.9915,35.34308],[-118.99204,35.34345],[-118.9942,35.34556],[-118.99925,35.34769],[-119.00301,35.34756],[-119.00301,35.34671],[-119.00741,35.34671],[-119.00746,35.34309],[-119.00301,35.34309],[-119.00302,35.33946],[-118.99425,35.33946]],[[-119.00324,35.31223],[-119.00526,35.31182],[-119.00527,35.31041],[-119.00305,35.31042],[-119.00305,35.3086],[-119.00305,35.30315],[-119.00306,35.29955],[-118.99645,35.29955],[-118.99423,35.29881],[-118.99423,35.29955],[-118.99104,35.29955],[-118.99153,35.30305],[-118.99094,35.30679],[-118.99034,35.30884],[-118.99012,35.31043],[-118.99193,35.31043],[-118.99355,35.31108],[-118.99428,35.31182],[-118.99424,35.31042],[-118.99864,35.31042],[-118.99864,35.31405],[-119.00285,35.31405],[-119.00285,35.31541],[-119.00084,35.31539],[-119.00086,35.31671],[-119.00285,35.31672],[-119.00304,35.31894],[-119.00525,35.31994],[-119.00595,35.31768],[-119.00636,35.31752],[-119.00636,35.31586],[-119.00747,35.31586],[-119.00747,35.31712],[-119.0068,35.31712],[-119.0068,35.31752],[-119.00747,35.31767],[-119.00747,35.31977],[-119.00849,35.31977],[-119.00849,35.31767],[-119.00974,35.31404],[-119.00733,35.31404],[-119.00734,35.31223],[-119.00324,35.31223]],[[-119.00915,35.3317],[-119.00434,35.32565],[-119.00303,35.32502],[-119.00303,35.3318],[-119.00915,35.3317]],[[-118.98542,35.28148],[-118.98537,35.28862],[-118.97539,35.28869],[-118.97539,35.29201],[-118.96754,35.29204],[-118.96754,35.29235],[-118.98094,35.2923],[-118.98096,35.29593],[-118.98538,35.29592],[-118.98537,35.2923],[-118.99082,35.29229],[-118.98993,35.2887],[-118.99422,35.28864],[-118.99421,35.28501],[-118.992,35.28502],[-118.992,35.28147],[-118.98542,35.28148]],[[-118.97653,35.31048],[-118.98096,35.31053],[-118.98099,35.31408],[-118.98543,35.31406],[-118.98543,35.31043],[-118.98539,35.29955],[-118.97651,35.29958],[-118.97653,35.31048]]]]}},{"type":"Feature","properties":{"name":"GO Now","boundary_type":"city","source":"Census TIGER place","fidelity":"approximate","updated":"2026-09","units":"Oxnard city","note":"Zone is a subset of South Oxnard only (Lemonwood, Cal-Gisler, Diamond Bar, Tierra Vista, Oxnard Pacific Mobile Estates neighborhoods), not Port Hueneme or all of Oxnard; no published zone map with boundary streets. https://www.gctd.org/gctd-launches-go-now-on-demand-service-in-south-oxnard-with-a-ribbon-cutting-ceremony-on-june-28-2023/","confidence":0.75},"geometry":{"type":"Polygon","coordinates":[[[-119.25655,34.23633],[-119.25652,34.23537],[-119.2561,34.22442],[-119.25586,34.22293],[-119.25925,34.2221],[-119.25584,34.2131],[-119.25602,34.21656],[-119.25298,34.21527],[-119.25194,34.21234],[-119.2503,34.21218],[-119.25285,34.21153],[-119.25347,34.20878],[-119.24284,34.2087],[-119.24286,34.20474],[-119.23982,34.20399],[-119.23909,34.20319],[-119.2391,34.20035],[-119.23649,34.19773],[-119.22546,34.19765],[-119.22539,34.20312],[-119.20138,34.20293],[-119.2014,34.20158],[-119.19775,34.20159],[-119.19774,34.2029],[-119.19533,34.20288],[-119.19526,34.20838],[-119.1995,34.2084],[-119.20788,34.20847],[-119.20778,34.21453],[-119.20717,34.2169],[-119.20706,34.21937],[-119.22081,34.21945],[-119.22072,34.22665],[-119.22011,34.22819],[-119.21727,34.23056],[-119.21584,34.23291],[-119.21186,34.23371],[-119.2048,34.23453],[-119.19959,34.23447],[-119.19656,34.23531],[-119.19404,34.23537],[-119.19076,34.2375],[-119.18882,34.23956],[-119.18765,34.24105],[-119.18739,34.24146],[-119.18719,34.24183],[-119.16173,34.261],[-119.15904,34.25948],[-119.16103,34.25781],[-119.16747,34.25398],[-119.1611,34.25039],[-119.16105,34.248],[-119.16635,34.24104],[-119.16988,34.23635],[-119.16756,34.23475],[-119.17022,34.22942],[-119.16902,34.22861],[-119.1682,34.22943],[-119.16515,34.22805],[-119.16325,34.22995],[-119.1628,34.22861],[-119.16034,34.22801],[-119.15974,34.22938],[-119.15791,34.22815],[-119.1579,34.22814],[-119.15652,34.23074],[-119.15054,34.22859],[-119.14852,34.23061],[-119.14431,34.22772],[-119.14485,34.22718],[-119.1411,34.22461],[-119.13941,34.22527],[-119.1405,34.22417],[-119.13956,34.22277],[-119.13898,34.22362],[-119.13713,34.22264],[-119.13706,34.22353],[-119.13505,34.22254],[-119.13007,34.22245],[-119.12697,34.22311],[-119.12366,34.22233],[-119.11958,34.2223],[-119.11994,34.22192],[-119.12002,34.22179],[-119.12014,34.2175],[-119.12455,34.21727],[-119.1247,34.20512],[-119.1248,34.1968],[-119.12488,34.1968],[-119.14229,34.19683],[-119.15977,34.19701],[-119.15993,34.18985],[-119.16003,34.18256],[-119.15671,34.18246],[-119.14829,34.1824],[-119.14835,34.17779],[-119.1484,34.1732],[-119.14701,34.17319],[-119.14707,34.16737],[-119.14343,34.16575],[-119.14274,34.16609],[-119.14182,34.16654],[-119.14184,34.16464],[-119.14005,34.1636],[-119.14002,34.16623],[-119.13615,34.1662],[-119.1362,34.16171],[-119.13989,34.16177],[-119.14446,34.16175],[-119.14447,34.15917],[-119.14884,34.15921],[-119.14889,34.15493],[-119.14886,34.15452],[-119.16624,34.15459],[-119.16644,34.15376],[-119.16665,34.14738],[-119.1655,34.14737],[-119.16556,34.14007],[-119.16676,34.14007],[-119.16676,34.13282],[-119.16063,34.13277],[-119.16166,34.12934],[-119.16175,34.12551],[-119.16004,34.1255],[-119.15621,34.12312],[-119.15395,34.12531],[-119.15375,34.12656],[-119.15645,34.12658],[-119.15644,34.12729],[-119.15358,34.12727],[-119.15362,34.12537],[-119.15493,34.1241],[-119.15955,34.11965],[-119.15962,34.1197],[-119.17816,34.13203],[-119.18864,34.139],[-119.18925,34.13924],[-119.18651,34.14271],[-119.18627,34.14316],[-119.18624,34.14747],[-119.18654,34.15156],[-119.18649,34.15473],[-119.18603,34.16105],[-119.18642,34.16103],[-119.18637,34.16523],[-119.18641,34.16804],[-119.18923,34.16805],[-119.18921,34.17022],[-119.19512,34.17063],[-119.19509,34.17277],[-119.19508,34.17351],[-119.19506,34.17562],[-119.19508,34.18073],[-119.20433,34.18079],[-119.20445,34.18118],[-119.20831,34.18122],[-119.21093,34.18124],[-119.21727,34.18128],[-119.22134,34.1813],[-119.22145,34.17586],[-119.22144,34.1614],[-119.22144,34.16133],[-119.22175,34.16015],[-119.22196,34.15863],[-119.22418,34.15825],[-119.22281,34.15904],[-119.22264,34.17558],[-119.22378,34.17559],[-119.22401,34.17559],[-119.22409,34.16846],[-119.22454,34.16747],[-119.226,34.16726],[-119.22723,34.1697],[-119.2265,34.17029],[-119.22643,34.17527],[-119.22941,34.17529],[-119.23045,34.17416],[-119.2288,34.16874],[-119.22689,34.1652],[-119.22531,34.16307],[-119.22418,34.16011],[-119.22485,34.15919],[-119.22467,34.16114],[-119.22621,34.1616],[-119.2273,34.16348],[-119.23311,34.17273],[-119.23173,34.17327],[-119.2325,34.17463],[-119.23383,34.17392],[-119.23496,34.17597],[-119.23714,34.1758],[-119.2446,34.18986],[-119.24856,34.19731],[-119.24861,34.19742],[-119.25704,34.2133],[-119.26425,34.22749],[-119.26593,34.23461],[-119.26593,34.23469],[-119.26606,34.23606],[-119.25655,34.23633]],[[-119.23539,34.19181],[-119.23494,34.19046],[-119.23406,34.19045],[-119.22815,34.19034],[-119.22122,34.19035],[-119.22118,34.19437],[-119.22116,34.19699],[-119.23654,34.1971],[-119.23588,34.19495],[-119.23539,34.19181]],[[-119.21452,34.20081],[-119.21453,34.20167],[-119.21683,34.20208],[-119.22072,34.20208],[-119.22071,34.20087],[-119.21452,34.20081]]]}},{"type":"Feature","properties":{"name":"Go West Covina","boundary_type":"city","source":"Census TIGER place","fidelity":"exact","updated":"2026-09","units":"West Covina city","note":"Service covers City of West Covina citywide","confidence":0.95},"geometry":{"type":"Polygon","coordinates":[[[-117.96471,34.06578],[-117.96285,34.06544],[-117.96144,34.06677],[-117.96364,34.0684],[-117.96197,34.06939],[-117.95996,34.06818],[-117.95796,34.07007],[-117.95744,34.07056],[-117.95693,34.07102],[-117.95599,34.07192],[-117.95834,34.07367],[-117.95658,34.07531],[-117.95424,34.07358],[-117.95001,34.07754],[-117.94792,34.07948],[-117.9459,34.07935],[-117.94557,34.08296],[-117.94449,34.08296],[-117.94416,34.0866],[-117.94521,34.08664],[-117.94491,34.09019],[-117.94879,34.08932],[-117.94876,34.09237],[-117.94299,34.09249],[-117.93913,34.09242],[-117.93913,34.09197],[-117.93854,34.09196],[-117.93678,34.09193],[-117.9368,34.08989],[-117.93856,34.08996],[-117.9416,34.09009],[-117.94185,34.08716],[-117.94203,34.08524],[-117.9387,34.08511],[-117.93854,34.08691],[-117.93614,34.08678],[-117.93613,34.0869],[-117.93601,34.08839],[-117.93402,34.08825],[-117.93413,34.08681],[-117.93431,34.08495],[-117.92905,34.08474],[-117.92655,34.08472],[-117.92637,34.08658],[-117.92535,34.08658],[-117.92134,34.08891],[-117.91659,34.08843],[-117.91656,34.08465],[-117.90793,34.08458],[-117.90777,34.08459],[-117.90767,34.08631],[-117.90514,34.08629],[-117.90337,34.08628],[-117.90331,34.07915],[-117.90331,34.07903],[-117.9033,34.07547],[-117.8989,34.07543],[-117.89889,34.07361],[-117.8924,34.07358],[-117.89231,34.07721],[-117.89017,34.07718],[-117.89015,34.07527],[-117.88744,34.07525],[-117.8814,34.07521],[-117.88128,34.07348],[-117.87419,34.07345],[-117.87242,34.07484],[-117.86978,34.07575],[-117.86976,34.07457],[-117.86579,34.07321],[-117.86751,34.07178],[-117.86332,34.07057],[-117.86155,34.06906],[-117.85909,34.06837],[-117.8589,34.06797],[-117.85821,34.0659],[-117.86131,34.06635],[-117.86244,34.0678],[-117.86382,34.06718],[-117.86488,34.06892],[-117.87153,34.06814],[-117.86884,34.06385],[-117.86857,34.06232],[-117.86917,34.05923],[-117.87096,34.06004],[-117.87184,34.0574],[-117.87026,34.05665],[-117.86946,34.05493],[-117.8661,34.05526],[-117.86416,34.05215],[-117.86301,34.0517],[-117.86702,34.0466],[-117.87206,34.04831],[-117.87517,34.04824],[-117.88027,34.04562],[-117.88166,34.04491],[-117.88415,34.04368],[-117.88892,34.04348],[-117.88895,34.04308],[-117.88956,34.02962],[-117.89103,34.02867],[-117.89572,34.02749],[-117.89454,34.02492],[-117.89032,34.02031],[-117.88818,34.01746],[-117.88704,34.01578],[-117.88677,34.01546],[-117.88425,34.01637],[-117.8836,34.01488],[-117.88305,34.01322],[-117.88005,34.01342],[-117.87903,34.01191],[-117.87481,34.01399],[-117.87404,34.01451],[-117.87279,34.0155],[-117.87057,34.01728],[-117.86788,34.01569],[-117.86806,34.01526],[-117.86933,34.01163],[-117.8739,34.01161],[-117.87389,34.00987],[-117.87385,34.00391],[-117.87279,34.00265],[-117.8764,34.00185],[-117.88105,34.00184],[-117.88768,34.00287],[-117.89104,34.00342],[-117.89076,34.0064],[-117.88729,34.00653],[-117.88717,34.00756],[-117.88279,34.00727],[-117.88311,34.00413],[-117.88084,34.00395],[-117.88074,34.00485],[-117.88053,34.00693],[-117.88013,34.01143],[-117.8847,34.01006],[-117.88682,34.01017],[-117.88688,34.01018],[-117.88659,34.01361],[-117.88913,34.01362],[-117.88927,34.01284],[-117.89031,34.01209],[-117.89019,34.01364],[-117.89965,34.01371],[-117.90289,34.01373],[-117.90804,34.01375],[-117.90988,34.01376],[-117.91025,34.01654],[-117.91075,34.02042],[-117.91136,34.02509],[-117.91215,34.02638],[-117.91428,34.02548],[-117.91705,34.02609],[-117.91654,34.02737],[-117.91552,34.02994],[-117.91505,34.03086],[-117.91591,34.03212],[-117.91585,34.03216],[-117.91607,34.0324],[-117.91656,34.03332],[-117.91751,34.03427],[-117.91754,34.03423],[-117.9189,34.03497],[-117.91946,34.03515],[-117.92208,34.03542],[-117.9263,34.03572],[-117.92664,34.03978],[-117.92655,34.04031],[-117.9257,34.04318],[-117.92568,34.04413],[-117.92375,34.04409],[-117.92349,34.04412],[-117.92284,34.04323],[-117.92284,34.04408],[-117.92028,34.04447],[-117.91773,34.04657],[-117.91506,34.04691],[-117.9141,34.04733],[-117.91467,34.05027],[-117.91247,34.05026],[-117.91246,34.05115],[-117.92178,34.05214],[-117.92554,34.05218],[-117.92559,34.05036],[-117.92562,34.04855],[-117.93323,34.04863],[-117.9332,34.05045],[-117.92989,34.05041],[-117.92992,34.05138],[-117.93427,34.05136],[-117.93429,34.05046],[-117.93819,34.05049],[-117.93861,34.05231],[-117.94193,34.05234],[-117.94249,34.05182],[-117.94406,34.05315],[-117.9482,34.04951],[-117.94934,34.05035],[-117.95165,34.05205],[-117.95173,34.05211],[-117.95373,34.0502],[-117.9567,34.04739],[-117.96143,34.0509],[-117.96379,34.05264],[-117.95885,34.05732],[-117.96206,34.0597],[-117.96285,34.059],[-117.96459,34.05984],[-117.96357,34.06081],[-117.96592,34.06256],[-117.96599,34.06261],[-117.96714,34.06346],[-117.96471,34.06578]],[[-117.87389,34.0594],[-117.8745,34.05997],[-117.87518,34.06015],[-117.87467,34.05995],[-117.87389,34.0594]],[[-117.87356,34.05904],[-117.87246,34.05765],[-117.8719,34.05801],[-117.87172,34.05842],[-117.87262,34.05919],[-117.87199,34.06035],[-117.87222,34.06072],[-117.87333,34.05887],[-117.87389,34.0594],[-117.87356,34.05904]]]}},{"type":"Feature","properties":{"name":"gO'side Electric Shuttle","boundary_type":"city","source":"Census TIGER place","fidelity":"exact","updated":"2026-09","units":"Oceanside city","note":"SANDAG/City of Oceanside electric shuttle service","confidence":0.95},"geometry":{"type":"Polygon","coordinates":[[[-117.39556,33.214],[-117.39374,33.21273],[-117.39407,33.20845],[-117.39252,33.20701],[-117.38932,33.20796],[-117.36974,33.22308],[-117.34699,33.24058],[-117.34692,33.24064],[-117.30602,33.27214],[-117.29795,33.27835],[-117.29668,33.27934],[-117.29662,33.27938],[-117.28913,33.28515],[-117.26982,33.29999],[-117.26928,33.29999],[-117.26803,33.29999],[-117.26232,33.29997],[-117.2623,33.29793],[-117.26409,33.29721],[-117.26419,33.29497],[-117.26119,33.29549],[-117.26131,33.29633],[-117.25799,33.29635],[-117.25795,33.29272],[-117.26225,33.29274],[-117.26225,33.28552],[-117.2493,33.28537],[-117.24935,33.28172],[-117.25251,33.28223],[-117.25362,33.28152],[-117.2536,33.27815],[-117.24583,33.27804],[-117.24499,33.27801],[-117.24496,33.26708],[-117.24404,33.26709],[-117.23937,33.26712],[-117.23937,33.26806],[-117.23787,33.26771],[-117.23822,33.26622],[-117.23924,33.26558],[-117.24503,33.26574],[-117.24536,33.26346],[-117.24928,33.26355],[-117.24926,33.25888],[-117.245,33.25894],[-117.24286,33.25979],[-117.24286,33.25616],[-117.24286,33.25607],[-117.24501,33.25479],[-117.245,33.25347],[-117.245,33.25333],[-117.24498,33.24877],[-117.24493,33.24061],[-117.25572,33.24656],[-117.25806,33.24352],[-117.25992,33.24452],[-117.26221,33.24148],[-117.26042,33.24046],[-117.26279,33.23743],[-117.26102,33.23646],[-117.26148,33.23585],[-117.25914,33.23551],[-117.25778,33.23525],[-117.25858,33.22889],[-117.26222,33.22718],[-117.2574,33.22457],[-117.25742,33.22343],[-117.25349,33.22315],[-117.25608,33.22317],[-117.25605,33.22119],[-117.25601,33.21959],[-117.25836,33.21996],[-117.26222,33.21915],[-117.26223,33.21563],[-117.26222,33.21563],[-117.2622,33.21043],[-117.26655,33.20834],[-117.27092,33.20836],[-117.27091,33.20666],[-117.27232,33.20667],[-117.27361,33.20475],[-117.2737,33.20475],[-117.27949,33.20479],[-117.2795,33.19787],[-117.2795,33.19644],[-117.2795,33.1957],[-117.27951,33.19386],[-117.28515,33.19391],[-117.28775,33.19393],[-117.28772,33.1903],[-117.28565,33.18667],[-117.28825,33.18673],[-117.28825,33.18387],[-117.28394,33.18377],[-117.28394,33.18158],[-117.2801,33.18106],[-117.27992,33.18223],[-117.27834,33.18362],[-117.27825,33.1837],[-117.27809,33.18366],[-117.27788,33.18364],[-117.27737,33.18367],[-117.27737,33.1835],[-117.27736,33.18209],[-117.27886,33.1821],[-117.27838,33.18102],[-117.27518,33.18135],[-117.27378,33.18321],[-117.27294,33.18298],[-117.27294,33.18284],[-117.25372,33.174],[-117.25316,33.17375],[-117.25317,33.17376],[-117.24886,33.17178],[-117.25067,33.16943],[-117.25658,33.16176],[-117.25799,33.15993],[-117.2592,33.15837],[-117.26186,33.15491],[-117.26185,33.1531],[-117.27064,33.15309],[-117.27069,33.15733],[-117.27074,33.16134],[-117.27096,33.17715],[-117.27309,33.17717],[-117.27526,33.17717],[-117.27526,33.17577],[-117.27956,33.17577],[-117.281,33.17385],[-117.28388,33.17322],[-117.28391,33.17581],[-117.28598,33.17578],[-117.29255,33.17567],[-117.29899,33.17595],[-117.29915,33.17651],[-117.29919,33.1778],[-117.29941,33.18257],[-117.30641,33.18016],[-117.3079,33.17981],[-117.30963,33.17956],[-117.31019,33.17951],[-117.31082,33.17969],[-117.31461,33.18009],[-117.32026,33.18124],[-117.32261,33.18198],[-117.32317,33.18202],[-117.32693,33.18141],[-117.32691,33.18119],[-117.32911,33.18059],[-117.33134,33.17973],[-117.34025,33.1798],[-117.3441,33.17982],[-117.34429,33.17614],[-117.34961,33.1762],[-117.34953,33.17445],[-117.35029,33.17479],[-117.35223,33.17478],[-117.35278,33.16885],[-117.35682,33.16884],[-117.35972,33.16884],[-117.35734,33.16658],[-117.35866,33.16462],[-117.36589,33.17302],[-117.36912,33.17677],[-117.37987,33.18926],[-117.38037,33.18985],[-117.38791,33.19861],[-117.39148,33.20276],[-117.39696,33.2076],[-117.398,33.20945],[-117.39839,33.2107],[-117.39556,33.214]]]}},{"type":"Feature","properties":{"name":"GoMicro","boundary_type":"places","source":"Census TIGER place","fidelity":"exact","updated":"2026-09","units":"Hemet city; San Jacinto city","note":"Serves both Hemet and San Jacinto in Riverside County. Replaced low-performing fixed routes.","confidence":0.85},"geometry":{"type":"Polygon","coordinates":[[[-117.0677,33.75833],[-117.06053,33.75833],[-117.05676,33.75832],[-117.05461,33.75824],[-117.05398,33.75835],[-117.05087,33.75833],[-117.05031,33.75805],[-117.05017,33.75107],[-117.03615,33.75111],[-117.03624,33.75842],[-117.03338,33.76821],[-117.03335,33.77294],[-117.03341,33.77294],[-117.03342,33.77431],[-117.04215,33.77435],[-117.04217,33.77656],[-117.03782,33.77657],[-117.03784,33.78039],[-117.03795,33.78743],[-117.03998,33.79019],[-117.04221,33.79076],[-117.04432,33.78983],[-117.05092,33.78975],[-117.05102,33.79883],[-117.05976,33.81502],[-117.06046,33.81632],[-117.05985,33.82869],[-117.0599,33.83633],[-117.05838,33.83776],[-117.05094,33.83311],[-117.03631,33.82403],[-117.03373,33.82349],[-117.02235,33.82353],[-117.02239,33.83224],[-117.01018,33.83685],[-117.00365,33.83365],[-117.00353,33.83361],[-117.00353,33.83373],[-117.0013,33.83301],[-116.99512,33.83094],[-116.9837,33.82585],[-116.9814,33.82373],[-116.97838,33.82375],[-116.97603,33.82254],[-116.9744,33.82188],[-116.97376,33.82165],[-116.97398,33.82073],[-116.97227,33.81652],[-116.97207,33.81207],[-116.96136,33.81211],[-116.96138,33.81568],[-116.96039,33.81655],[-116.96695,33.82045],[-116.96605,33.82272],[-116.96654,33.82239],[-116.96654,33.82251],[-116.96657,33.82379],[-116.95472,33.82384],[-116.95472,33.81659],[-116.94599,33.81663],[-116.94599,33.81325],[-116.95124,33.81322],[-116.9547,33.81415],[-116.95471,33.813],[-116.95831,33.80931],[-116.95683,33.8081],[-116.95941,33.80596],[-116.95463,33.80203],[-116.95571,33.80199],[-116.95683,33.80199],[-116.95682,33.80112],[-116.95897,33.80143],[-116.9589,33.78932],[-116.95455,33.78934],[-116.95313,33.78935],[-116.95455,33.79025],[-116.95458,33.7948],[-116.95024,33.79483],[-116.95029,33.79996],[-116.94908,33.80013],[-116.9451,33.8035],[-116.94441,33.80411],[-116.93951,33.80014],[-116.93847,33.79923],[-116.93893,33.80063],[-116.93863,33.80099],[-116.93686,33.80246],[-116.93311,33.80121],[-116.93063,33.79952],[-116.93047,33.79933],[-116.92962,33.79821],[-116.92427,33.79916],[-116.92472,33.80146],[-116.9247,33.80211],[-116.91945,33.8021],[-116.91942,33.79845],[-116.92239,33.79845],[-116.92236,33.79397],[-116.92713,33.79119],[-116.92724,33.79111],[-116.92704,33.79082],[-116.92646,33.78997],[-116.92239,33.78602],[-116.9246,33.78396],[-116.92862,33.78038],[-116.92876,33.78038],[-116.93262,33.78039],[-116.92834,33.7751],[-116.92079,33.7683],[-116.9173,33.76578],[-116.91846,33.76531],[-116.91506,33.76494],[-116.91506,33.76229],[-116.91363,33.7623],[-116.91075,33.76052],[-116.91508,33.76044],[-116.91502,33.75868],[-116.91493,33.75503],[-116.91015,33.75506],[-116.91012,33.75142],[-116.9089,33.75142],[-116.90888,33.74935],[-116.90889,33.7478],[-116.91949,33.74777],[-116.92816,33.74776],[-116.93258,33.74774],[-116.94126,33.74771],[-116.94563,33.74768],[-116.94559,33.74495],[-116.94776,33.74495],[-116.94822,33.74405],[-116.94835,33.74405],[-116.94885,33.74481],[-116.95211,33.74582],[-116.95645,33.74574],[-116.95758,33.74624],[-116.95783,33.74399],[-116.95778,33.74399],[-116.95778,33.74392],[-116.95752,33.74307],[-116.95861,33.74308],[-116.95859,33.74037],[-116.95855,33.73673],[-116.95587,33.73674],[-116.95583,33.73491],[-116.95855,33.7349],[-116.95855,33.7313],[-116.96072,33.73125],[-116.96083,33.72946],[-116.96284,33.72947],[-116.96285,33.72763],[-116.96068,33.72765],[-116.96068,33.72576],[-116.96067,33.72356],[-116.9636,33.7238],[-116.9672,33.72281],[-116.96716,33.71481],[-116.96297,33.71469],[-116.96298,33.71305],[-116.95966,33.71307],[-116.95963,33.70951],[-116.96291,33.7095],[-116.96286,33.70299],[-116.96046,33.70297],[-116.95406,33.70307],[-116.95405,33.70239],[-116.95402,33.70098],[-116.95417,33.70098],[-116.95387,33.69273],[-116.96249,33.68581],[-116.97124,33.68581],[-116.97124,33.68576],[-116.97667,33.6857],[-116.97642,33.68302],[-116.97469,33.68169],[-116.98426,33.67848],[-116.98452,33.67117],[-116.98856,33.67115],[-116.98863,33.68541],[-116.98865,33.68569],[-116.99069,33.68568],[-116.99087,33.68848],[-116.99363,33.69456],[-116.99781,33.7013],[-116.99897,33.70144],[-117.00094,33.69811],[-117.00196,33.69836],[-117.00132,33.69963],[-117.00174,33.7028],[-117.00118,33.70392],[-117.00235,33.7044],[-117.00164,33.70535],[-117.00278,33.70621],[-117.00375,33.70601],[-117.00474,33.703],[-117.00705,33.70393],[-117.00853,33.70268],[-117.00955,33.70376],[-117.00973,33.70231],[-117.01108,33.70066],[-117.01378,33.70412],[-117.01498,33.70376],[-117.01938,33.70376],[-117.01949,33.7075],[-117.02147,33.70748],[-117.02095,33.70835],[-117.02806,33.70785],[-117.03025,33.70714],[-117.03289,33.70526],[-117.03863,33.70031],[-117.04058,33.69929],[-117.04279,33.69879],[-117.04617,33.6987],[-117.04995,33.69861],[-117.05001,33.7003],[-117.0501,33.71215],[-117.04878,33.71355],[-117.0501,33.71421],[-117.05013,33.72917],[-117.04797,33.72915],[-117.04796,33.73279],[-117.04345,33.73282],[-117.03885,33.74388],[-117.0393,33.74388],[-117.0601,33.74383],[-117.06136,33.7436],[-117.06317,33.7427],[-117.06317,33.7438],[-117.06795,33.74378],[-117.06907,33.74377],[-117.06908,33.74501],[-117.06982,33.74597],[-117.06754,33.74601],[-117.0677,33.75833]]]}},{"type":"Feature","properties":{"name":"GoMonrovia","boundary_type":"city","source":"Census TIGER place","fidelity":"exact","updated":"2026-09","units":"Monrovia city","note":"City of Monrovia in San Gabriel Valley","confidence":0.95},"geometry":{"type":"Polygon","coordinates":[[[-118.02128,34.15708],[-118.02129,34.15793],[-118.02065,34.15746],[-118.02039,34.15765],[-118.02126,34.15855],[-118.02111,34.15905],[-118.02131,34.1598],[-118.02137,34.17333],[-118.01963,34.1754],[-118.01637,34.17669],[-118.01759,34.17945],[-118.02137,34.17944],[-118.02138,34.19394],[-118.01284,34.19397],[-117.97753,34.19429],[-117.95995,34.1942],[-117.95974,34.17959],[-117.9425,34.17948],[-117.94233,34.16689],[-117.94362,34.16689],[-117.94363,34.16524],[-117.95956,34.16516],[-117.97752,34.16511],[-117.97756,34.1559],[-117.983,34.15753],[-117.98487,34.15681],[-117.98587,34.15516],[-117.98523,34.15388],[-117.98517,34.1526],[-117.98517,34.15161],[-117.98542,34.15161],[-117.98542,34.15155],[-117.98366,34.15151],[-117.98342,34.15053],[-117.9834,34.15044],[-117.98317,34.14991],[-117.98279,34.14958],[-117.98259,34.14954],[-117.98218,34.14949],[-117.98204,34.14945],[-117.98197,34.14779],[-117.98021,34.14687],[-117.97538,34.14691],[-117.97538,34.14366],[-117.97755,34.14325],[-117.97975,34.14323],[-117.97975,34.14045],[-117.98058,34.14045],[-117.98059,34.13958],[-117.98629,34.13957],[-117.9863,34.13947],[-117.98634,34.13239],[-117.98663,34.13213],[-117.98732,34.13043],[-117.98769,34.12948],[-117.99029,34.12964],[-117.99068,34.13047],[-117.99499,34.13044],[-117.99499,34.12966],[-117.99595,34.12684],[-117.99923,34.12773],[-117.99955,34.12643],[-117.99992,34.12494],[-118.00373,34.12452],[-118.00375,34.11744],[-118.0013,34.11796],[-117.99943,34.11797],[-117.99954,34.11767],[-117.99841,34.11767],[-117.9979,34.11901],[-117.99588,34.11848],[-117.99706,34.11768],[-117.9995,34.11685],[-118.00085,34.11626],[-118.00375,34.11731],[-118.00414,34.114],[-118.00447,34.11125],[-118.00454,34.1111],[-118.0005,34.10854],[-118.00224,34.10497],[-118.00687,34.10654],[-118.00734,34.10557],[-118.01555,34.1029],[-118.01576,34.1042],[-118.01301,34.1052],[-118.00719,34.11056],[-118.00488,34.11105],[-118.00481,34.11106],[-118.00461,34.11174],[-118.00433,34.11407],[-118.004,34.1169],[-118.00444,34.11706],[-118.00524,34.11524],[-118.0071,34.11522],[-118.0071,34.11447],[-118.00717,34.11447],[-118.00718,34.11683],[-118.00569,34.11676],[-118.0057,34.11733],[-118.00648,34.11835],[-118.00395,34.11744],[-118.0039,34.12203],[-118.0039,34.12452],[-118.00391,34.13038],[-118.00611,34.13036],[-118.00673,34.12934],[-118.00724,34.13032],[-118.00941,34.1303],[-118.01257,34.13027],[-118.01391,34.13025],[-118.02001,34.13016],[-118.02002,34.13062],[-118.02032,34.1309],[-118.02033,34.1311],[-118.02045,34.13781],[-118.02054,34.1429],[-118.0206,34.14565],[-118.0207,34.15091],[-118.02101,34.15111],[-118.02123,34.15454],[-118.02127,34.15466],[-118.0213,34.15476],[-118.02188,34.15475],[-118.02191,34.15705],[-118.02128,34.15708]]]}},{"type":"Feature","properties":{"name":"KART Flex Route","boundary_type":"places","source":"Census TIGER place","fidelity":"exact","updated":"2026-09","units":"Hanford city; Lemoore city","note":"Demand-response service serving Hanford and Lemoore in Kings County.","confidence":0.85},"geometry":{"type":"MultiPolygon","coordinates":[[[[-119.83438,36.30191],[-119.80772,36.30186],[-119.80771,36.30568],[-119.80774,36.31338],[-119.79883,36.3134],[-119.79638,36.31341],[-119.79637,36.3152],[-119.79426,36.31518],[-119.79425,36.31703],[-119.79095,36.3171],[-119.79098,36.32084],[-119.78078,36.32077],[-119.78078,36.32195],[-119.77956,36.32077],[-119.76486,36.32069],[-119.76608,36.31694],[-119.76469,36.31349],[-119.76404,36.31207],[-119.76481,36.30649],[-119.76747,36.30388],[-119.7676,36.29906],[-119.76986,36.29418],[-119.77001,36.29166],[-119.77014,36.29137],[-119.77625,36.29133],[-119.77626,36.28729],[-119.77916,36.28732],[-119.78085,36.28661],[-119.781,36.27705],[-119.78989,36.27644],[-119.78989,36.26918],[-119.79889,36.26906],[-119.79879,36.25467],[-119.80553,36.25475],[-119.80775,36.25822],[-119.80769,36.25885],[-119.80768,36.26927],[-119.80791,36.28225],[-119.8079,36.28469],[-119.80873,36.28399],[-119.835,36.2842],[-119.84353,36.28394],[-119.84355,36.29436],[-119.83474,36.29576],[-119.83438,36.29585],[-119.83438,36.30191]]],[[[-119.67849,36.29111],[-119.67877,36.29332],[-119.67863,36.29335],[-119.67739,36.29338],[-119.67733,36.29104],[-119.67849,36.29111]]],[[[-119.64261,36.29224],[-119.64261,36.29416],[-119.64117,36.29416],[-119.64122,36.29224],[-119.64261,36.29224]]],[[[-119.67279,36.35718],[-119.67306,36.37175],[-119.65936,36.37183],[-119.65746,36.36986],[-119.65506,36.36948],[-119.65505,36.37184],[-119.64606,36.37191],[-119.64607,36.36688],[-119.64605,36.36571],[-119.64036,36.36572],[-119.6404,36.37011],[-119.63929,36.37012],[-119.63929,36.37192],[-119.63853,36.37193],[-119.63777,36.37193],[-119.63707,36.37074],[-119.63699,36.36853],[-119.63601,36.36633],[-119.63474,36.36519],[-119.62052,36.35725],[-119.62605,36.35727],[-119.62507,36.35643],[-119.62507,36.35547],[-119.62797,36.35544],[-119.62794,36.3499],[-119.62621,36.3499],[-119.62463,36.34989],[-119.62459,36.34912],[-119.62347,36.34457],[-119.62347,36.34253],[-119.62346,36.33948],[-119.62345,36.3323],[-119.6217,36.33231],[-119.62169,36.33062],[-119.62345,36.33059],[-119.62343,36.32798],[-119.62122,36.32797],[-119.61528,36.32796],[-119.61527,36.32568],[-119.61672,36.32513],[-119.60998,36.32496],[-119.61001,36.32796],[-119.60699,36.32796],[-119.60696,36.33102],[-119.60354,36.33154],[-119.60092,36.33195],[-119.60084,36.328],[-119.60097,36.328],[-119.60094,36.32531],[-119.60307,36.32477],[-119.60998,36.32376],[-119.6147,36.32376],[-119.61896,36.32318],[-119.61904,36.32182],[-119.62121,36.3218],[-119.62131,36.32253],[-119.62348,36.32257],[-119.62447,36.32253],[-119.62446,36.3234],[-119.62571,36.3234],[-119.62796,36.32323],[-119.62796,36.32251],[-119.62795,36.31889],[-119.62541,36.31523],[-119.6234,36.31524],[-119.62343,36.31345],[-119.62119,36.31346],[-119.61893,36.31346],[-119.61896,36.30568],[-119.6208,36.30576],[-119.62797,36.30565],[-119.62801,36.30575],[-119.62795,36.31339],[-119.63248,36.31336],[-119.63553,36.31334],[-119.63552,36.31155],[-119.63694,36.31153],[-119.63694,36.31075],[-119.6389,36.31078],[-119.63922,36.30681],[-119.64139,36.30603],[-119.64143,36.30227],[-119.6459,36.30219],[-119.64594,36.3093],[-119.64887,36.30929],[-119.64708,36.29846],[-119.64589,36.29849],[-119.64344,36.29855],[-119.64358,36.29129],[-119.64592,36.29129],[-119.6459,36.28942],[-119.64151,36.28942],[-119.64156,36.28408],[-119.63694,36.28417],[-119.63695,36.27864],[-119.64116,36.27858],[-119.64115,36.27709],[-119.63696,36.27683],[-119.63691,36.26582],[-119.64592,36.26547],[-119.64586,36.26087],[-119.65486,36.26076],[-119.65491,36.28023],[-119.65489,36.29074],[-119.65706,36.29104],[-119.65715,36.29469],[-119.65937,36.29469],[-119.65944,36.2983],[-119.66157,36.2983],[-119.66189,36.29478],[-119.66329,36.29225],[-119.66203,36.29101],[-119.66238,36.29086],[-119.66335,36.29087],[-119.66374,36.28377],[-119.66373,36.29087],[-119.66372,36.29105],[-119.66265,36.29113],[-119.6636,36.29182],[-119.66321,36.29447],[-119.66197,36.29511],[-119.66211,36.2983],[-119.66377,36.2983],[-119.66826,36.29832],[-119.66831,36.30015],[-119.67278,36.30017],[-119.67276,36.29834],[-119.68535,36.29833],[-119.68361,36.30371],[-119.68279,36.30445],[-119.68298,36.30566],[-119.6784,36.30565],[-119.67837,36.31346],[-119.68195,36.31349],[-119.68198,36.30922],[-119.68411,36.3092],[-119.68413,36.31131],[-119.68651,36.31126],[-119.68653,36.30996],[-119.6888,36.30996],[-119.68885,36.31354],[-119.68904,36.31354],[-119.68901,36.31419],[-119.68839,36.31538],[-119.68747,36.31663],[-119.68984,36.31822],[-119.6875,36.31857],[-119.68652,36.32068],[-119.68651,36.32443],[-119.68322,36.32445],[-119.68201,36.32541],[-119.68199,36.32802],[-119.68413,36.32805],[-119.68411,36.33004],[-119.69101,36.33008],[-119.691,36.34263],[-119.69101,36.35354],[-119.68647,36.35348],[-119.68649,36.35715],[-119.67279,36.35718]],[[-119.62795,36.32796],[-119.62796,36.33166],[-119.63231,36.33168],[-119.63232,36.33442],[-119.63701,36.3346],[-119.637,36.32903],[-119.63175,36.32887],[-119.63178,36.32797],[-119.62795,36.32796]]]]}},{"type":"Feature","properties":{"name":"Kern Regional Transit Dial-A-Ride network","boundary_type":"places","source":"Census TIGER place","fidelity":"approximate","updated":"2026-09","units":"Frazier Park CDP; Mojave CDP; Lamont CDP; Rosamond CDP","note":"CDP polygons for these four unincorporated Kern County communities (kerntransit.org/dial-a-ride) overstate actual coverage: Rosamond CDP alone is ~74 sq mi of largely undeveloped high desert, and Kern Transit states dial-a-ride service runs 'on paved and maintained roads ONLY' with no published zone map or acreage (checked kerntransit.org/dial-a-ride/rosamond-dial-a-ride/ and /mojave-dial-a-ride/ -- neither gives a boundary or size). Kept as the named-CDP proxy (best available unit) since no smaller stated zone exists; treat mapped area as an overstatement of true coverage.","confidence":0.55},"geometry":{"type":"MultiPolygon","coordinates":[[[[-118.97468,34.81793],[-118.97706,34.82051],[-118.97645,34.82082],[-118.97403,34.82121],[-118.96978,34.82126],[-118.96489,34.82253],[-118.95922,34.82313],[-118.95663,34.82375],[-118.95718,34.82688],[-118.95559,34.82908],[-118.95644,34.83262],[-118.95243,34.83115],[-118.95451,34.83309],[-118.95426,34.83372],[-118.95122,34.83261],[-118.94748,34.83281],[-118.94454,34.82809],[-118.94402,34.82798],[-118.94327,34.82798],[-118.94303,34.82792],[-118.94219,34.82699],[-118.94071,34.82693],[-118.94022,34.82694],[-118.94017,34.82583],[-118.93685,34.82417],[-118.93432,34.82327],[-118.93508,34.82608],[-118.93457,34.82759],[-118.93594,34.82909],[-118.93466,34.83244],[-118.93352,34.83205],[-118.93264,34.829],[-118.93195,34.8248],[-118.93109,34.82361],[-118.9275,34.82257],[-118.92726,34.82152],[-118.92179,34.82112],[-118.91622,34.81926],[-118.91213,34.81755],[-118.91333,34.81618],[-118.91843,34.81585],[-118.92388,34.81703],[-118.92989,34.81487],[-118.93296,34.81431],[-118.93485,34.81572],[-118.93632,34.81513],[-118.93756,34.81435],[-118.93778,34.8114],[-118.94029,34.80932],[-118.94105,34.80684],[-118.9398,34.8055],[-118.94416,34.80177],[-118.94746,34.80154],[-118.95008,34.79967],[-118.95216,34.79903],[-118.9533,34.79779],[-118.95556,34.79728],[-118.95847,34.79729],[-118.95965,34.79665],[-118.95998,34.79479],[-118.96276,34.79077],[-118.96468,34.79145],[-118.96381,34.78981],[-118.97672,34.78981],[-118.97802,34.78981],[-118.97793,34.81171],[-118.97672,34.8122],[-118.97469,34.81662],[-118.97468,34.81793]]],[[[-118.29131,34.90727],[-118.26492,34.90733],[-118.26477,34.90006],[-118.247,34.90015],[-118.23816,34.90015],[-118.24007,34.90123],[-118.24081,34.90255],[-118.23917,34.90365],[-118.23494,34.90503],[-118.23291,34.90673],[-118.22809,34.90642],[-118.22779,34.90782],[-118.22666,34.90806],[-118.22191,34.91107],[-118.21484,34.91056],[-118.21562,34.9142],[-118.21496,34.91582],[-118.21228,34.9174],[-118.20854,34.91811],[-118.20765,34.92143],[-118.20636,34.92213],[-118.20317,34.92178],[-118.14995,34.92294],[-118.15048,34.91545],[-118.15144,34.91175],[-118.1529,34.90827],[-118.15479,34.90504],[-118.16387,34.89135],[-118.16526,34.88836],[-118.16569,34.88517],[-118.16521,34.8782],[-118.16377,34.87886],[-118.16167,34.88256],[-118.16057,34.88326],[-118.15794,34.88215],[-118.15518,34.88264],[-118.15097,34.88166],[-118.151,34.88399],[-118.14939,34.88331],[-118.14097,34.88248],[-118.14067,34.88312],[-118.14049,34.87204],[-118.14056,34.86464],[-118.14037,34.83557],[-118.14007,34.82085],[-118.15563,34.82068],[-118.16678,34.82057],[-118.17024,34.82051],[-118.22005,34.82014],[-118.23767,34.82015],[-118.24652,34.82012],[-118.29046,34.8201],[-118.2911,34.87509],[-118.29363,34.87971],[-118.29354,34.88061],[-118.2912,34.88656],[-118.29123,34.90006],[-118.29131,34.90727]]],[[[-118.25057,35.07889],[-118.24752,35.07891],[-118.24752,35.08266],[-118.24676,35.08267],[-118.244,35.08269],[-118.2417,35.0844],[-118.23991,35.08295],[-118.23586,35.08279],[-118.22504,35.08285],[-118.22281,35.08168],[-118.22115,35.07978],[-118.22135,35.06897],[-118.21969,35.06812],[-118.20381,35.06837],[-118.184,35.06846],[-118.17952,35.06868],[-118.17759,35.06949],[-118.17762,35.07285],[-118.17333,35.07063],[-118.16457,35.07837],[-118.16086,35.07647],[-118.15761,35.07652],[-118.13172,35.07709],[-118.1318,35.06968],[-118.13186,35.05423],[-118.12747,35.0541],[-118.12727,35.04033],[-118.13072,35.04025],[-118.13104,35.03864],[-118.13217,35.0389],[-118.13176,35.03579],[-118.1316,35.02951],[-118.13184,35.01825],[-118.13427,35.01818],[-118.12385,35.01065],[-118.12318,35.00995],[-118.11486,35.00393],[-118.1138,35.00356],[-118.1043,34.99684],[-118.13211,34.99613],[-118.13224,34.98159],[-118.13202,34.96702],[-118.14086,34.9668],[-118.1408,34.95226],[-118.14061,34.93769],[-118.15836,34.93739],[-118.15858,34.93825],[-118.15868,34.95195],[-118.20352,34.95086],[-118.24757,34.95096],[-118.24759,34.95487],[-118.24625,34.957],[-118.23939,34.96539],[-118.23879,34.96624],[-118.23915,34.99443],[-118.25669,34.99447],[-118.25678,35.00904],[-118.25774,35.00922],[-118.25624,35.01227],[-118.25644,35.01702],[-118.25495,35.01867],[-118.25392,35.02103],[-118.25407,35.0257],[-118.25299,35.03155],[-118.25316,35.03291],[-118.2522,35.03422],[-118.24698,35.03971],[-118.24697,35.04072],[-118.24313,35.04509],[-118.24339,35.05385],[-118.24913,35.05374],[-118.25,35.05327],[-118.25667,35.05324],[-118.25672,35.06561],[-118.25646,35.06685],[-118.25787,35.07652],[-118.2572,35.07973],[-118.25654,35.08064],[-118.25357,35.0801],[-118.25057,35.07889]]],[[[-118.92119,35.28154],[-118.9212,35.28881],[-118.91435,35.28883],[-118.90977,35.28886],[-118.90977,35.28158],[-118.89842,35.28163],[-118.89652,35.27973],[-118.89565,35.27767],[-118.89429,35.27582],[-118.8968,35.27184],[-118.89936,35.27123],[-118.90164,35.26962],[-118.90079,35.26824],[-118.90111,35.26704],[-118.89661,35.26706],[-118.89645,35.25249],[-118.90983,35.25243],[-118.91441,35.25241],[-118.92328,35.25241],[-118.9233,35.24504],[-118.92334,35.23783],[-118.93218,35.23783],[-118.93215,35.25241],[-118.93212,35.26696],[-118.9321,35.28151],[-118.92119,35.28154]]]]}},{"type":"Feature","properties":{"name":"Lake Link","boundary_type":"city","source":"Census TIGER place","fidelity":"exact","updated":"2026-09","units":"South Lake Tahoe city","note":"App-based microtransit serving South Lake Tahoe area.","confidence":0.9},"geometry":{"type":"Polygon","coordinates":[[[-120.01795,38.93392],[-120.01799,38.93662],[-120.01447,38.93677],[-120.00869,38.93801],[-120.0066,38.94049],[-120.0041,38.94204],[-120.00082,38.94307],[-119.99614,38.94324],[-119.99132,38.94345],[-119.98692,38.944],[-119.97765,38.94486],[-119.96978,38.94635],[-119.96411,38.94831],[-119.96074,38.95029],[-119.96074,38.94995],[-119.95902,38.95078],[-119.95891,38.95084],[-119.95297,38.95623],[-119.95172,38.95825],[-119.95195,38.9585],[-119.95003,38.96149],[-119.94957,38.96433],[-119.94207,38.95919],[-119.93876,38.95692],[-119.93583,38.95492],[-119.93707,38.95514],[-119.93955,38.95323],[-119.94262,38.95003],[-119.93956,38.94962],[-119.94059,38.94681],[-119.931,38.94677],[-119.93103,38.93951],[-119.93004,38.93803],[-119.93398,38.93796],[-119.93398,38.93676],[-119.93674,38.93555],[-119.93605,38.93433],[-119.93864,38.93797],[-119.94282,38.93611],[-119.94109,38.93377],[-119.94316,38.93276],[-119.94161,38.93071],[-119.94438,38.9307],[-119.9526,38.93068],[-119.95255,38.91624],[-119.9543,38.91626],[-119.96093,38.91627],[-119.96672,38.91659],[-119.96702,38.91667],[-119.96916,38.91803],[-119.96962,38.92059],[-119.97129,38.9214],[-119.97127,38.92346],[-119.97359,38.92339],[-119.97473,38.92341],[-119.97505,38.92123],[-119.97891,38.91868],[-119.98271,38.91617],[-119.98376,38.91846],[-119.9857,38.91911],[-119.98646,38.92086],[-119.98885,38.92198],[-119.99023,38.92107],[-119.99303,38.91923],[-119.99461,38.91537],[-119.99454,38.91094],[-119.99852,38.91094],[-119.99862,38.91235],[-120.0013,38.91198],[-120.00127,38.9111],[-119.99823,38.9063],[-119.99602,38.9044],[-119.99448,38.9039],[-119.99277,38.90603],[-119.99191,38.91148],[-119.9906,38.91124],[-119.98698,38.91311],[-119.98505,38.91169],[-119.98505,38.9105],[-119.98665,38.90868],[-119.98827,38.90867],[-119.99264,38.89416],[-119.99318,38.89415],[-119.99424,38.89413],[-119.99631,38.88625],[-119.99686,38.88415],[-119.99755,38.88154],[-120.00037,38.88199],[-119.99897,38.88935],[-119.99985,38.89415],[-120.00383,38.89415],[-120.004,38.90136],[-120.01307,38.90134],[-120.01311,38.90628],[-120.01301,38.90667],[-120.01342,38.90862],[-120.02213,38.90859],[-120.02225,38.91409],[-120.02241,38.92195],[-120.02253,38.92809],[-120.02265,38.93385],[-120.01795,38.93392]]]}},{"type":"Feature","properties":{"name":"Lake Transit Authority Dial-A-Ride","boundary_type":"places","source":"Census TIGER place","fidelity":"exact","updated":"2026-09","units":"Clearlake city; Lower Lake CDP; Lakeport city","note":"Service covers Clearlake, the unincorporated CDP of Lower Lake (south of Clearlake, Lake County), and Lakeport. Source: laketransit.org/dial-a-ride","confidence":0.8},"geometry":{"type":"MultiPolygon","coordinates":[[[[-122.6245,38.91611],[-122.62459,38.91759],[-122.61231,38.91745],[-122.61243,38.91934],[-122.61374,38.9235],[-122.61487,38.92523],[-122.61987,38.92632],[-122.62034,38.92723],[-122.62265,38.92772],[-122.6261,38.92957],[-122.62907,38.93006],[-122.63022,38.93191],[-122.63389,38.93207],[-122.63649,38.93177],[-122.6372,38.93106],[-122.64001,38.93111],[-122.64071,38.93314],[-122.6427,38.93498],[-122.64294,38.93621],[-122.63855,38.93621],[-122.6359,38.93884],[-122.63593,38.9415],[-122.63533,38.94145],[-122.63473,38.94182],[-122.63434,38.94405],[-122.63615,38.94725],[-122.63697,38.94763],[-122.63714,38.94878],[-122.64345,38.95189],[-122.64437,38.95348],[-122.64688,38.95404],[-122.64802,38.95518],[-122.64998,38.95853],[-122.64998,38.96007],[-122.65184,38.96155],[-122.65048,38.96307],[-122.65055,38.96507],[-122.65349,38.96585],[-122.65649,38.96802],[-122.6593,38.96808],[-122.66046,38.96734],[-122.66321,38.96803],[-122.66502,38.97031],[-122.66854,38.97182],[-122.66882,38.9705],[-122.67086,38.97068],[-122.67424,38.97376],[-122.67679,38.97497],[-122.67928,38.97554],[-122.6831,38.97735],[-122.68482,38.97695],[-122.68644,38.97979],[-122.68809,38.97982],[-122.68957,38.9808],[-122.69169,38.97932],[-122.69343,38.9804],[-122.69516,38.98021],[-122.69712,38.97841],[-122.69775,38.97692],[-122.69939,38.97756],[-122.69812,38.9812],[-122.69448,38.98119],[-122.69236,38.98209],[-122.69126,38.98096],[-122.69041,38.98239],[-122.68792,38.98102],[-122.68639,38.98146],[-122.68645,38.98958],[-122.68615,38.99374],[-122.68548,38.99343],[-122.68225,38.99415],[-122.68072,38.99471],[-122.6699,38.99461],[-122.66808,38.99482],[-122.66791,38.99103],[-122.66323,38.99078],[-122.66328,38.9942],[-122.66067,38.99395],[-122.6592,38.99207],[-122.65599,38.99068],[-122.65901,38.99056],[-122.65897,38.987],[-122.65153,38.98719],[-122.64896,38.98472],[-122.64949,38.98337],[-122.65364,38.9833],[-122.65383,38.98202],[-122.65206,38.98181],[-122.65336,38.9798],[-122.64907,38.97649],[-122.64321,38.97196],[-122.6404,38.97201],[-122.64037,38.96921],[-122.63361,38.96909],[-122.63325,38.9763],[-122.63111,38.97626],[-122.63106,38.97267],[-122.62649,38.97263],[-122.62635,38.97646],[-122.6216,38.97643],[-122.62199,38.9801],[-122.61648,38.98017],[-122.61678,38.97634],[-122.6127,38.97637],[-122.61283,38.98331],[-122.60261,38.98324],[-122.60303,38.97634],[-122.60715,38.97632],[-122.60759,38.96937],[-122.61232,38.96929],[-122.61209,38.96161],[-122.60333,38.96172],[-122.60367,38.94527],[-122.60384,38.93228],[-122.57605,38.93192],[-122.57602,38.92677],[-122.58156,38.92648],[-122.58713,38.92712],[-122.58773,38.9268],[-122.58849,38.92519],[-122.59224,38.92346],[-122.58998,38.92089],[-122.59021,38.91533],[-122.58818,38.91461],[-122.58551,38.91134],[-122.58552,38.90855],[-122.59082,38.90895],[-122.59485,38.90799],[-122.59618,38.90265],[-122.59724,38.90101],[-122.60198,38.8991],[-122.60226,38.89958],[-122.60775,38.89953],[-122.6106,38.90204],[-122.61169,38.90192],[-122.612,38.89988],[-122.61825,38.90341],[-122.61984,38.90484],[-122.62294,38.90568],[-122.62502,38.90765],[-122.62777,38.90768],[-122.62969,38.90636],[-122.63202,38.90695],[-122.63207,38.91775],[-122.62878,38.91772],[-122.6245,38.91611]]],[[[-122.93289,39.04046],[-122.9308,39.04045],[-122.93066,39.04186],[-122.93127,39.04378],[-122.93139,39.05002],[-122.93075,39.05497],[-122.93079,39.05637],[-122.93118,39.059],[-122.93168,39.06241],[-122.91935,39.06227],[-122.91791,39.06328],[-122.91157,39.06243],[-122.91162,39.0612],[-122.9119,39.05476],[-122.91205,39.05041],[-122.91209,39.03979],[-122.91244,39.03815],[-122.91242,39.03573],[-122.91244,39.02958],[-122.91091,39.02759],[-122.91236,39.02577],[-122.9114,39.02494],[-122.91544,39.02342],[-122.91739,39.02371],[-122.91764,39.0236],[-122.91383,39.01801],[-122.91333,39.01699],[-122.91223,39.01639],[-122.91373,39.01568],[-122.91405,39.01433],[-122.91711,39.01441],[-122.9169,39.01078],[-122.93126,39.01103],[-122.93248,39.01296],[-122.93114,39.01452],[-122.93117,39.01807],[-122.92194,39.01807],[-122.92186,39.02585],[-122.92126,39.02697],[-122.92322,39.02697],[-122.92326,39.02883],[-122.92651,39.02889],[-122.92646,39.03152],[-122.9294,39.03155],[-122.9294,39.03316],[-122.9307,39.03314],[-122.93093,39.03039],[-122.9326,39.03039],[-122.9326,39.03322],[-122.9358,39.03325],[-122.93577,39.03505],[-122.93706,39.03509],[-122.93701,39.03328],[-122.93823,39.03325],[-122.93815,39.03685],[-122.93447,39.03684],[-122.9332,39.03641],[-122.93289,39.04046]]]]}},{"type":"Feature","properties":{"name":"Lathrop Transit Microtransit","boundary_type":"city","source":"Census TIGER place","fidelity":"exact","updated":"2026-09","units":"Lathrop city","note":"City of Lathrop microtransit service","confidence":0.95},"geometry":{"type":"Polygon","coordinates":[[[-121.4138,37.80341],[-121.41136,37.80349],[-121.40983,37.80472],[-121.41029,37.80573],[-121.40879,37.80642],[-121.40205,37.80549],[-121.39852,37.80579],[-121.39769,37.80626],[-121.3978,37.80822],[-121.39635,37.80964],[-121.39268,37.80936],[-121.38481,37.8116],[-121.38395,37.81166],[-121.38388,37.8137],[-121.38241,37.81448],[-121.38261,37.81609],[-121.38181,37.81716],[-121.37997,37.81732],[-121.3803,37.81985],[-121.3782,37.82024],[-121.3779,37.82152],[-121.37662,37.82219],[-121.37369,37.82151],[-121.36989,37.8215],[-121.36752,37.81962],[-121.36605,37.81928],[-121.36163,37.8197],[-121.36045,37.81934],[-121.35867,37.81752],[-121.35388,37.81691],[-121.35113,37.81788],[-121.34866,37.82152],[-121.3478,37.82175],[-121.34197,37.81733],[-121.34111,37.82125],[-121.33938,37.82205],[-121.33431,37.81963],[-121.33287,37.81776],[-121.33314,37.81636],[-121.33522,37.81335],[-121.33522,37.8104],[-121.33421,37.80905],[-121.33071,37.80806],[-121.32687,37.80901],[-121.32499,37.81034],[-121.31947,37.81122],[-121.31772,37.81249],[-121.32004,37.81512],[-121.31927,37.81622],[-121.31679,37.81599],[-121.31487,37.81769],[-121.31577,37.81852],[-121.31897,37.81879],[-121.32074,37.82039],[-121.32004,37.82142],[-121.31789,37.82197],[-121.31494,37.82357],[-121.31434,37.82472],[-121.31162,37.82529],[-121.31009,37.82618],[-121.31012,37.82689],[-121.31154,37.82987],[-121.31212,37.83159],[-121.31254,37.83212],[-121.3157,37.83494],[-121.31669,37.83632],[-121.31801,37.84087],[-121.31747,37.84086],[-121.28603,37.84104],[-121.28331,37.85258],[-121.28309,37.85565],[-121.2822,37.85565],[-121.28147,37.85852],[-121.28119,37.85829],[-121.28075,37.85755],[-121.27491,37.85753],[-121.27491,37.8556],[-121.27434,37.8556],[-121.26443,37.85561],[-121.26253,37.82158],[-121.26167,37.80563],[-121.26176,37.80351],[-121.2626,37.79999],[-121.2639,37.79731],[-121.26819,37.79729],[-121.26911,37.79731],[-121.27054,37.7973],[-121.27055,37.7971],[-121.27054,37.79057],[-121.2735,37.78893],[-121.27884,37.78697],[-121.28373,37.78533],[-121.30043,37.7797],[-121.303,37.78389],[-121.30535,37.78552],[-121.3062,37.78486],[-121.30913,37.78287],[-121.3109,37.7808],[-121.31361,37.77961],[-121.32125,37.77414],[-121.3191,37.77285],[-121.31274,37.77038],[-121.31348,37.76955],[-121.30801,37.76729],[-121.30671,37.76924],[-121.30588,37.76862],[-121.30955,37.76521],[-121.30954,37.76033],[-121.31266,37.76032],[-121.3153,37.76326],[-121.31816,37.76432],[-121.32207,37.76755],[-121.32353,37.76987],[-121.32646,37.77164],[-121.32957,37.77007],[-121.33045,37.77228],[-121.33336,37.7734],[-121.33568,37.77541],[-121.33963,37.77958],[-121.34004,37.78124],[-121.34656,37.78348],[-121.34834,37.78481],[-121.34948,37.78456],[-121.35041,37.78831],[-121.35138,37.78949],[-121.3533,37.79],[-121.35999,37.78876],[-121.36206,37.78943],[-121.36582,37.79606],[-121.36769,37.79819],[-121.37061,37.80032],[-121.38832,37.8045],[-121.39132,37.80499],[-121.39819,37.80333],[-121.40233,37.80237],[-121.40529,37.80149],[-121.40623,37.80144],[-121.41269,37.80202],[-121.41405,37.80311],[-121.41397,37.80335],[-121.4138,37.80341]]]}},{"type":"Feature","properties":{"name":"LB Circuit","boundary_type":"city","source":"Census TIGER place","fidelity":"approximate","updated":"2026-09","units":"Long Beach city","note":"Microtransit service zone within Long Beach (downtown to Belmont Shore area)","confidence":0.85},"geometry":{"type":"Polygon","coordinates":[[[-118.24077,33.7583],[-118.24545,33.76389],[-118.22075,33.78262],[-118.22594,33.78815],[-118.22609,33.78831],[-118.22751,33.79037],[-118.22697,33.79086],[-118.2268,33.79215],[-118.22244,33.80415],[-118.22244,33.80445],[-118.22244,33.80824],[-118.22244,33.81188],[-118.2245,33.82157],[-118.22458,33.82429],[-118.22458,33.82438],[-118.2223,33.82438],[-118.22228,33.8256],[-118.21755,33.82574],[-118.21571,33.8259],[-118.21678,33.82943],[-118.21688,33.83036],[-118.21685,33.83172],[-118.21665,33.83255],[-118.21601,33.83428],[-118.21342,33.83429],[-118.21256,33.83588],[-118.2124,33.83609],[-118.21128,33.83918],[-118.20773,33.83919],[-118.20769,33.83933],[-118.2059,33.84659],[-118.20659,33.84657],[-118.20659,33.84668],[-118.20661,33.84668],[-118.20662,33.84672],[-118.20663,33.84681],[-118.20619,33.84861],[-118.20574,33.84911],[-118.20463,33.85461],[-118.20133,33.86014],[-118.20113,33.8609],[-118.20355,33.86111],[-118.20632,33.87034],[-118.20616,33.87035],[-118.20549,33.8704],[-118.20548,33.87273],[-118.20549,33.87297],[-118.2055,33.87429],[-118.20715,33.87427],[-118.20803,33.87493],[-118.20848,33.8748],[-118.20853,33.87493],[-118.20853,33.87832],[-118.20887,33.88083],[-118.20887,33.88129],[-118.20714,33.88131],[-118.20545,33.88132],[-118.20485,33.88132],[-118.20367,33.88138],[-118.20056,33.8814],[-118.19945,33.8814],[-118.18834,33.88145],[-118.18789,33.88146],[-118.18761,33.88269],[-118.18752,33.88302],[-118.1872,33.88544],[-118.18669,33.88544],[-118.17743,33.88536],[-118.17743,33.88195],[-118.1687,33.882],[-118.1687,33.88196],[-118.16002,33.88196],[-118.15471,33.88198],[-118.15162,33.882],[-118.15131,33.88199],[-118.15129,33.87981],[-118.15129,33.87694],[-118.15126,33.87466],[-118.15127,33.87292],[-118.15124,33.86892],[-118.14665,33.86894],[-118.14677,33.86031],[-118.15119,33.8603],[-118.15119,33.86021],[-118.15698,33.8601],[-118.15697,33.85746],[-118.15552,33.85747],[-118.15551,33.8544],[-118.15985,33.85436],[-118.16417,33.85435],[-118.16433,33.85435],[-118.16433,33.85393],[-118.1677,33.85426],[-118.16764,33.85178],[-118.16756,33.84694],[-118.16432,33.84706],[-118.16431,33.83242],[-118.16431,33.8278],[-118.16736,33.82778],[-118.16736,33.82669],[-118.16736,33.82015],[-118.16464,33.82005],[-118.16409,33.82276],[-118.16404,33.8276],[-118.16085,33.82758],[-118.15792,33.82514],[-118.15596,33.82514],[-118.15595,33.82751],[-118.1541,33.82755],[-118.1541,33.82898],[-118.15104,33.82949],[-118.14995,33.83238],[-118.14765,33.83251],[-118.14271,33.83249],[-118.14265,33.84668],[-118.14243,33.84672],[-118.13379,33.84672],[-118.13202,33.84708],[-118.12987,33.84707],[-118.12507,33.84705],[-118.12492,33.84705],[-118.12489,33.84302],[-118.12491,33.83955],[-118.12494,33.83609],[-118.12496,33.83411],[-118.12498,33.83244],[-118.12078,33.83242],[-118.11831,33.83241],[-118.11653,33.83241],[-118.1097,33.83239],[-118.10776,33.83238],[-118.10513,33.83237],[-118.09886,33.83235],[-118.09353,33.83201],[-118.09324,33.83129],[-118.08414,33.83131],[-118.08193,33.83126],[-118.08192,33.83084],[-118.0827,33.82999],[-118.0817,33.82508],[-118.08134,33.82498],[-118.07843,33.82412],[-118.07468,33.82301],[-118.0725,33.82347],[-118.0718,33.82321],[-118.07183,33.82397],[-118.06872,33.82402],[-118.06887,33.82217],[-118.06663,33.8222],[-118.06593,33.82401],[-118.06544,33.82401],[-118.06327,33.82411],[-118.06325,33.82076],[-118.06317,33.81968],[-118.06745,33.81754],[-118.06876,33.81736],[-118.06953,33.8165],[-118.07181,33.81536],[-118.07184,33.81535],[-118.07283,33.81486],[-118.08152,33.80615],[-118.08424,33.80342],[-118.08474,33.80291],[-118.08623,33.79688],[-118.08726,33.79524],[-118.09303,33.78612],[-118.09323,33.78581],[-118.09328,33.78573],[-118.0967,33.77909],[-118.09706,33.77438],[-118.09706,33.77419],[-118.09706,33.77372],[-118.09363,33.7681],[-118.09233,33.76453],[-118.09204,33.75968],[-118.09197,33.75847],[-118.09809,33.75516],[-118.0986,33.7546],[-118.10585,33.75066],[-118.10587,33.75097],[-118.11305,33.74709],[-118.11406,33.74614],[-118.11463,33.74461],[-118.11541,33.74329],[-118.1326,33.75316],[-118.1327,33.75322],[-118.1369,33.7548],[-118.14037,33.7561],[-118.14176,33.75662],[-118.14636,33.75835],[-118.14946,33.75952],[-118.1507,33.75998],[-118.15629,33.76107],[-118.15663,33.76114],[-118.15981,33.76176],[-118.16651,33.76307],[-118.16864,33.76349],[-118.17035,33.76371],[-118.17392,33.76417],[-118.1757,33.7644],[-118.17591,33.76442],[-118.17927,33.76486],[-118.1808,33.76505],[-118.18266,33.76272],[-118.18268,33.7627],[-118.18024,33.75948],[-118.18034,33.75878],[-118.18212,33.75861],[-118.18669,33.75662],[-118.19048,33.75581],[-118.19018,33.75282],[-118.19011,33.75276],[-118.18847,33.75144],[-118.19022,33.74951],[-118.18529,33.73596],[-118.18573,33.73296],[-118.19577,33.73292],[-118.21478,33.74542],[-118.23095,33.74056],[-118.24277,33.74336],[-118.24335,33.74252],[-118.24897,33.7559],[-118.24077,33.7583]],[[-118.18173,33.80423],[-118.18175,33.80064],[-118.18066,33.79995],[-118.172,33.7943],[-118.16764,33.79149],[-118.1655,33.78986],[-118.16331,33.78986],[-118.16275,33.78986],[-118.15674,33.78977],[-118.15349,33.78976],[-118.15023,33.78976],[-118.14965,33.78984],[-118.15217,33.79346],[-118.15457,33.79347],[-118.15456,33.79637],[-118.1589,33.79637],[-118.15889,33.79712],[-118.15139,33.79712],[-118.15135,33.80443],[-118.15578,33.80442],[-118.15888,33.80216],[-118.15892,33.80443],[-118.15891,33.80986],[-118.16118,33.80903],[-118.16325,33.80913],[-118.16327,33.81168],[-118.1763,33.81165],[-118.1763,33.80438],[-118.18065,33.80439],[-118.18066,33.81164],[-118.17849,33.81163],[-118.17849,33.81347],[-118.17414,33.81347],[-118.17415,33.81529],[-118.17197,33.81529],[-118.17197,33.81863],[-118.1741,33.81865],[-118.17849,33.81863],[-118.18445,33.81862],[-118.18458,33.81509],[-118.18458,33.81164],[-118.18458,33.80433],[-118.18173,33.80423]],[[-118.11299,33.82501],[-118.11044,33.825],[-118.11043,33.82753],[-118.10854,33.82753],[-118.10855,33.82499],[-118.10779,33.82499],[-118.10776,33.83031],[-118.11429,33.83024],[-118.1143,33.82843],[-118.11656,33.82844],[-118.11656,33.82765],[-118.11657,33.82502],[-118.11299,33.82501]]]}},{"type":"Feature","properties":{"name":"LumaGo","boundary_type":"city","source":"Census TIGER place","fidelity":"exact","updated":"2026-09","units":"Petaluma city","note":"City of Petaluma microtransit service","confidence":0.95},"geometry":{"type":"MultiPolygon","coordinates":[[[[-122.67886,38.27878],[-122.67282,38.27929],[-122.67153,38.2807],[-122.66977,38.28291],[-122.66786,38.28218],[-122.66851,38.27911],[-122.66604,38.27768],[-122.66498,38.27706],[-122.66361,38.27481],[-122.65581,38.26784],[-122.65463,38.26917],[-122.65356,38.27035],[-122.65113,38.2689],[-122.65019,38.26996],[-122.6514,38.27067],[-122.65073,38.27139],[-122.652,38.27206],[-122.6502,38.27406],[-122.64746,38.27712],[-122.64369,38.27506],[-122.64237,38.27654],[-122.63372,38.27163],[-122.62775,38.2684],[-122.62345,38.26597],[-122.62039,38.26933],[-122.61984,38.26901],[-122.61209,38.26465],[-122.61109,38.26576],[-122.60492,38.2623],[-122.60569,38.26132],[-122.60369,38.2602],[-122.60003,38.2573],[-122.59529,38.25377],[-122.59729,38.25161],[-122.59141,38.24835],[-122.59147,38.24801],[-122.58492,38.24428],[-122.5891,38.2397],[-122.58608,38.23802],[-122.58953,38.23426],[-122.58942,38.23419],[-122.57386,38.22547],[-122.57234,38.22464],[-122.56767,38.22207],[-122.56991,38.21934],[-122.57816,38.21028],[-122.57899,38.20953],[-122.5827,38.20981],[-122.58421,38.21182],[-122.58238,38.21624],[-122.58386,38.21843],[-122.58783,38.21925],[-122.59173,38.21783],[-122.59242,38.21869],[-122.59407,38.22058],[-122.59661,38.22121],[-122.59899,38.2208],[-122.60365,38.22154],[-122.60626,38.22482],[-122.61295,38.22832],[-122.61412,38.22839],[-122.61423,38.22841],[-122.61542,38.22826],[-122.61573,38.22808],[-122.61302,38.22337],[-122.61823,38.22335],[-122.61822,38.21884],[-122.61741,38.21671],[-122.62407,38.21718],[-122.62579,38.21986],[-122.62773,38.2197],[-122.62777,38.21482],[-122.62842,38.21312],[-122.62806,38.21261],[-122.62466,38.20779],[-122.62446,38.20746],[-122.62785,38.20745],[-122.62788,38.20531],[-122.63721,38.20527],[-122.63717,38.2125],[-122.63561,38.21252],[-122.6357,38.2143],[-122.63723,38.2143],[-122.63743,38.21533],[-122.63948,38.21505],[-122.6418,38.21665],[-122.64366,38.21634],[-122.65114,38.21536],[-122.65112,38.21616],[-122.65564,38.21616],[-122.65569,38.21981],[-122.66028,38.21986],[-122.66488,38.2199],[-122.66459,38.22507],[-122.66481,38.22661],[-122.66374,38.22736],[-122.65508,38.22739],[-122.65515,38.22979],[-122.65651,38.23011],[-122.6585,38.23077],[-122.65886,38.23322],[-122.65889,38.2346],[-122.66007,38.23464],[-122.66003,38.23512],[-122.66036,38.23513],[-122.66035,38.23653],[-122.65973,38.23654],[-122.65972,38.23866],[-122.66048,38.23871],[-122.6604,38.23898],[-122.66324,38.23956],[-122.66303,38.24034],[-122.66023,38.23949],[-122.66001,38.24023],[-122.65952,38.24201],[-122.65928,38.24311],[-122.66034,38.24589],[-122.66178,38.24708],[-122.66031,38.2468],[-122.65865,38.24616],[-122.65809,38.24913],[-122.65983,38.24932],[-122.65953,38.25006],[-122.65418,38.24941],[-122.65466,38.24832],[-122.65464,38.2457],[-122.6524,38.24542],[-122.64986,38.2449],[-122.64806,38.2449],[-122.64624,38.24679],[-122.64724,38.24699],[-122.6507,38.2477],[-122.65006,38.24956],[-122.64985,38.25017],[-122.64827,38.2518],[-122.65091,38.25441],[-122.65498,38.25718],[-122.65581,38.25813],[-122.65342,38.2598],[-122.65926,38.26333],[-122.66011,38.26145],[-122.66241,38.26119],[-122.66625,38.26395],[-122.66694,38.2635],[-122.67112,38.26711],[-122.67374,38.27021],[-122.67572,38.27267],[-122.67577,38.27273],[-122.68044,38.27065],[-122.6802,38.27228],[-122.6824,38.27367],[-122.68236,38.27644],[-122.68054,38.27766],[-122.67886,38.27878]],[[-122.65171,38.25598],[-122.65292,38.257],[-122.65275,38.25724],[-122.65511,38.25807],[-122.65178,38.2556],[-122.65171,38.25598]],[[-122.64821,38.2522],[-122.64677,38.25333],[-122.64783,38.25461],[-122.64846,38.2551],[-122.64879,38.2552],[-122.64955,38.25506],[-122.65016,38.25517],[-122.65116,38.25516],[-122.64932,38.25324],[-122.64821,38.2522]]],[[[-122.61369,38.29569],[-122.61429,38.29546],[-122.61457,38.29564],[-122.61406,38.29622],[-122.61317,38.29575],[-122.61369,38.29569]]],[[[-122.57683,38.29692],[-122.57904,38.29793],[-122.5786,38.29885],[-122.57759,38.29931],[-122.57487,38.29749],[-122.57683,38.29692]]]]}},{"type":"Feature","properties":{"name":"Madera City Dial-A-Ride","boundary_type":"city","source":"Census TIGER place","fidelity":"exact","updated":"2026-09","units":"Madera city","note":"Dial-a-ride service within city of Madera.","confidence":0.95},"geometry":{"type":"MultiPolygon","coordinates":[[[[-120.17465,36.94541],[-120.15606,36.94558],[-120.15605,36.94381],[-120.15822,36.94381],[-120.15825,36.94144],[-120.15605,36.94144],[-120.15605,36.93823],[-120.18359,36.93814],[-120.18366,36.94176],[-120.1746,36.9418],[-120.17465,36.94541]]],[[[-120.12865,37.00611],[-120.12293,37.00017],[-120.11943,36.99644],[-120.10819,36.99645],[-120.10826,37.0001],[-120.10661,37.00018],[-120.10634,37.00048],[-120.10565,37.00089],[-120.10253,37.00149],[-120.09751,36.99979],[-120.09248,37.00061],[-120.09249,36.9928],[-120.08772,36.9928],[-120.08845,36.98685],[-120.08393,36.98314],[-120.08372,36.98298],[-120.07422,36.98285],[-120.06839,36.98282],[-120.06839,36.98546],[-120.06687,36.98546],[-120.06687,36.9869],[-120.0632,36.98687],[-120.06319,36.98283],[-120.05799,36.98282],[-120.05617,36.98414],[-120.05617,36.98684],[-120.05618,36.98848],[-120.0554,36.98848],[-120.05533,36.98684],[-120.05242,36.98678],[-120.04148,36.98677],[-120.04157,36.98171],[-120.0466,36.98174],[-120.0464,36.97998],[-120.04052,36.98002],[-120.04217,36.97864],[-120.04281,36.97682],[-120.0435,36.97553],[-120.04185,36.97421],[-120.03336,36.97904],[-120.0333,36.97439],[-120.03275,36.97071],[-120.03764,36.9707],[-120.03768,36.96712],[-120.03766,36.95982],[-120.03304,36.95983],[-120.03295,36.95261],[-120.03304,36.95262],[-120.03758,36.95264],[-120.03752,36.94538],[-120.03518,36.94538],[-120.03513,36.94168],[-120.03289,36.94168],[-120.03257,36.93811],[-120.0103,36.93803],[-120.01033,36.93437],[-120.01488,36.9344],[-120.01491,36.93187],[-120.01936,36.93185],[-120.01936,36.93167],[-120.02778,36.93171],[-120.02806,36.93197],[-120.02941,36.93264],[-120.0329,36.93605],[-120.03306,36.93587],[-120.0332,36.93543],[-120.0334,36.9348],[-120.03337,36.92734],[-120.03967,36.92767],[-120.04492,36.92926],[-120.04724,36.92889],[-120.04732,36.92895],[-120.04813,36.93823],[-120.05601,36.93835],[-120.05582,36.93104],[-120.05604,36.93103],[-120.06945,36.93098],[-120.06941,36.93463],[-120.06721,36.93463],[-120.06718,36.9381],[-120.07404,36.93825],[-120.07404,36.93833],[-120.08305,36.93835],[-120.08308,36.94189],[-120.08756,36.94022],[-120.08757,36.93837],[-120.08771,36.93473],[-120.09219,36.93474],[-120.09211,36.9384],[-120.09213,36.94188],[-120.10106,36.94188],[-120.10107,36.94299],[-120.09649,36.94299],[-120.09662,36.9456],[-120.10133,36.94557],[-120.10148,36.9528],[-120.10468,36.95281],[-120.10464,36.95493],[-120.10579,36.95493],[-120.10579,36.95281],[-120.10807,36.95282],[-120.10804,36.96011],[-120.11025,36.96013],[-120.11033,36.96538],[-120.11033,36.96656],[-120.12845,36.96668],[-120.12844,36.96771],[-120.13058,36.96825],[-120.13439,36.96802],[-120.13833,36.96821],[-120.14343,36.96906],[-120.14711,36.97056],[-120.1473,36.9964],[-120.12858,36.99644],[-120.12865,37.00611]],[[-120.06506,36.94725],[-120.06674,36.94725],[-120.06957,36.94726],[-120.06953,36.94555],[-120.06505,36.94556],[-120.06506,36.94725]]]]}},{"type":"Feature","properties":{"name":"Madera County Connection Dial-A-Ride","boundary_type":"county","source":"Census TIGER county","fidelity":"approximate","updated":"2026-09","units":"Madera County","note":"MCC Dial-A-Ride covers rural/unincorporated county areas in and around the Cities of Madera and Chowchilla (plus Fairmead and North Fork), run as separate Madera-area and Chowchilla-area zones with no published boundary map or acreage; the urbanized cores of Madera and Chowchilla have their own city dial-a-ride services. County boundary shown here is an approximation, not the actual rural-only service footprint. Source: https://mcctransit.com/mcc-area-dial-a-ride/","confidence":0.6},"geometry":{"type":"Polygon","coordinates":[[[-120.54397,37.02966],[-120.54117,37.03107],[-120.53785,37.03409],[-120.53822,37.03852],[-120.53712,37.03984],[-120.53782,37.04113],[-120.53972,37.04187],[-120.5417,37.04451],[-120.49236,37.08398],[-120.47669,37.09639],[-120.47247,37.09414],[-120.46978,37.09434],[-120.46551,37.09778],[-120.46137,37.09907],[-120.45753,37.09938],[-120.45608,37.10034],[-120.45286,37.09887],[-120.45175,37.10017],[-120.44977,37.10098],[-120.4449,37.10197],[-120.44423,37.10314],[-120.43857,37.10441],[-120.43405,37.10482],[-120.433,37.1056],[-120.42779,37.10625],[-120.42608,37.10777],[-120.42468,37.10762],[-120.42065,37.10983],[-120.41697,37.1082],[-120.4153,37.10906],[-120.41481,37.1109],[-120.41066,37.11131],[-120.4063,37.11122],[-120.40613,37.11271],[-120.40418,37.11397],[-120.4041,37.1157],[-120.40076,37.11776],[-120.39539,37.11908],[-120.39356,37.1213],[-120.38883,37.12098],[-120.38572,37.12287],[-120.38489,37.12459],[-120.37899,37.12435],[-120.37735,37.12281],[-120.37601,37.12278],[-120.37223,37.12113],[-120.36733,37.12098],[-120.36564,37.11996],[-120.36331,37.11971],[-120.36183,37.12067],[-120.35899,37.12045],[-120.35837,37.12182],[-120.35552,37.12242],[-120.35412,37.12335],[-120.34975,37.12257],[-120.34929,37.1235],[-120.3412,37.1246],[-120.33987,37.12629],[-120.33578,37.12721],[-120.33356,37.12833],[-120.33099,37.13058],[-120.32833,37.13109],[-120.32861,37.13388],[-120.32454,37.13638],[-120.32239,37.13646],[-120.31835,37.13777],[-120.31598,37.13782],[-120.31362,37.13882],[-120.31094,37.14111],[-120.30537,37.14089],[-120.30364,37.14132],[-120.30296,37.1429],[-120.29846,37.14743],[-120.29816,37.14775],[-120.29639,37.1493],[-120.29052,37.15239],[-120.29038,37.15243],[-120.28669,37.15247],[-120.28327,37.153],[-120.27942,37.15287],[-120.27411,37.15214],[-120.27234,37.15334],[-120.26804,37.15324],[-120.26474,37.15385],[-120.26264,37.15516],[-120.25922,37.15537],[-120.25631,37.15621],[-120.24791,37.15796],[-120.24388,37.15701],[-120.24122,37.15819],[-120.23593,37.1587],[-120.23228,37.15992],[-120.23041,37.16178],[-120.22729,37.1634],[-120.22296,37.16397],[-120.2195,37.16215],[-120.21366,37.16432],[-120.20872,37.16445],[-120.20213,37.16268],[-120.19813,37.16325],[-120.19479,37.16315],[-120.18759,37.16025],[-120.18549,37.16175],[-120.18076,37.16151],[-120.17649,37.16226],[-120.17564,37.16506],[-120.17413,37.16593],[-120.17023,37.16598],[-120.16854,37.16419],[-120.16458,37.1627],[-120.16182,37.16342],[-120.15705,37.16553],[-120.15295,37.16602],[-120.14655,37.16385],[-120.14256,37.16407],[-120.1339,37.1663],[-120.13281,37.16736],[-120.126,37.16611],[-120.1201,37.16553],[-120.11509,37.16566],[-120.11454,37.16666],[-120.10986,37.16722],[-120.10928,37.16672],[-120.10638,37.16715],[-120.10333,37.16774],[-120.09971,37.17078],[-120.09665,37.17196],[-120.09474,37.17255],[-120.0879,37.17334],[-120.08517,37.17339],[-120.08076,37.17445],[-120.07668,37.17648],[-120.07127,37.17757],[-120.06468,37.17782],[-120.06165,37.17958],[-120.05882,37.18001],[-120.05692,37.18084],[-120.0541,37.18241],[-120.05205,37.18311],[-119.87634,37.32533],[-119.87537,37.32597],[-119.77958,37.40294],[-119.76181,37.41711],[-119.75099,37.41732],[-119.7471,37.41775],[-119.7366,37.41776],[-119.72984,37.41774],[-119.70975,37.41777],[-119.70626,37.41778],[-119.69149,37.41779],[-119.65119,37.41783],[-119.65118,37.44594],[-119.65117,37.46135],[-119.63638,37.46136],[-119.61549,37.46152],[-119.61515,37.49468],[-119.58422,37.4947],[-119.58358,37.56034],[-119.51274,37.61673],[-119.50369,37.6239],[-119.4512,37.66569],[-119.30899,37.77799],[-119.30828,37.77573],[-119.30488,37.77433],[-119.30068,37.77143],[-119.29788,37.77063],[-119.29338,37.76793],[-119.29408,37.75973],[-119.29123,37.75636],[-119.28908,37.75503],[-119.28958,37.74993],[-119.29068,37.74933],[-119.28918,37.74733],[-119.28838,37.74503],[-119.28208,37.74383],[-119.27778,37.74213],[-119.27178,37.73923],[-119.26898,37.73923],[-119.26548,37.73613],[-119.26408,37.73293],[-119.26118,37.73273],[-119.26048,37.73143],[-119.26008,37.72663],[-119.25788,37.72463],[-119.25518,37.72533],[-119.25438,37.72763],[-119.25298,37.72943],[-119.25103,37.73013],[-119.24877,37.72946],[-119.24304,37.72855],[-119.24047,37.72708],[-119.23926,37.72747],[-119.23802,37.72502],[-119.23548,37.72323],[-119.23033,37.72057],[-119.22999,37.71741],[-119.22644,37.71615],[-119.22341,37.7163],[-119.22219,37.71505],[-119.21775,37.71446],[-119.21633,37.71412],[-119.21387,37.71773],[-119.21129,37.72023],[-119.21068,37.72201],[-119.20733,37.72406],[-119.20172,37.73175],[-119.20054,37.73492],[-119.19849,37.73666],[-119.19489,37.73696],[-119.19154,37.73781],[-119.18791,37.73637],[-119.1857,37.73667],[-119.184,37.73945],[-119.18254,37.73709],[-119.17998,37.73647],[-119.1771,37.73478],[-119.17282,37.73573],[-119.17096,37.73809],[-119.16745,37.73823],[-119.16407,37.73612],[-119.16118,37.73569],[-119.15733,37.73653],[-119.15543,37.73471],[-119.14959,37.73289],[-119.14789,37.73276],[-119.14476,37.73421],[-119.1427,37.73297],[-119.14077,37.73325],[-119.13803,37.73613],[-119.1357,37.7348],[-119.13265,37.73393],[-119.12837,37.73465],[-119.1257,37.73371],[-119.12431,37.73394],[-119.12163,37.73109],[-119.11801,37.73028],[-119.11445,37.72819],[-119.10969,37.72474],[-119.1087,37.7232],[-119.10677,37.71927],[-119.10356,37.71694],[-119.10181,37.71619],[-119.10159,37.71365],[-119.09892,37.71142],[-119.09685,37.70765],[-119.09313,37.70363],[-119.09087,37.70268],[-119.08805,37.70267],[-119.08542,37.69904],[-119.08256,37.69654],[-119.08071,37.69553],[-119.07335,37.69289],[-119.07348,37.69123],[-119.07131,37.68879],[-119.06882,37.68652],[-119.06517,37.68456],[-119.06412,37.68011],[-119.06203,37.67654],[-119.06247,37.67377],[-119.06244,37.6711],[-119.06062,37.66904],[-119.05955,37.66538],[-119.06031,37.66381],[-119.06,37.66134],[-119.06067,37.65911],[-119.0614,37.65783],[-119.06034,37.65598],[-119.0587,37.65509],[-119.05745,37.65335],[-119.05433,37.65118],[-119.05359,37.64639],[-119.05462,37.64514],[-119.052,37.644],[-119.04928,37.64164],[-119.04532,37.63705],[-119.04359,37.63653],[-119.04249,37.63523],[-119.03826,37.63277],[-119.03536,37.63265],[-119.03412,37.63103],[-119.03256,37.63054],[-119.03271,37.62865],[-119.03123,37.62741],[-119.03083,37.62494],[-119.03089,37.62089],[-119.03197,37.61884],[-119.03151,37.61733],[-119.03197,37.61384],[-119.03446,37.60604],[-119.03436,37.60354],[-119.03326,37.60174],[-119.02936,37.59744],[-119.02696,37.59574],[-119.02616,37.59344],[-119.02516,37.59014],[-119.02236,37.58574],[-119.28666,37.37494],[-119.30091,37.36272],[-119.30699,37.35614],[-119.31038,37.35427],[-119.31219,37.35272],[-119.31521,37.34801],[-119.31537,37.34581],[-119.31154,37.34294],[-119.31143,37.34075],[-119.31223,37.33971],[-119.31684,37.33778],[-119.32218,37.33755],[-119.32441,37.33706],[-119.32577,37.33542],[-119.32581,37.33396],[-119.32455,37.33251],[-119.31739,37.32889],[-119.31644,37.32813],[-119.31558,37.3258],[-119.3163,37.32393],[-119.31856,37.32116],[-119.32007,37.32057],[-119.32429,37.32084],[-119.32718,37.31904],[-119.32824,37.31727],[-119.33062,37.31565],[-119.3323,37.31513],[-119.33466,37.3129],[-119.33527,37.31176],[-119.33404,37.30513],[-119.33404,37.30393],[-119.33088,37.30216],[-119.32945,37.29877],[-119.32943,37.29732],[-119.32705,37.29269],[-119.32687,37.29075],[-119.32816,37.28718],[-119.33085,37.28302],[-119.33125,37.28117],[-119.33129,37.27738],[-119.3322,37.27514],[-119.33203,37.27359],[-119.32744,37.27084],[-119.3264,37.26986],[-119.32611,37.26837],[-119.32459,37.26547],[-119.32449,37.25864],[-119.3236,37.25584],[-119.32223,37.25379],[-119.32239,37.24977],[-119.3221,37.24738],[-119.32323,37.24501],[-119.32493,37.24396],[-119.32883,37.24245],[-119.33152,37.23981],[-119.33205,37.23765],[-119.33177,37.23451],[-119.33257,37.23341],[-119.3329,37.22951],[-119.33385,37.22621],[-119.334,37.22346],[-119.33757,37.2199],[-119.33779,37.21916],[-119.3372,37.21792],[-119.33537,37.21656],[-119.33099,37.21547],[-119.32943,37.21],[-119.33041,37.2079],[-119.33057,37.20579],[-119.33363,37.20312],[-119.3372,37.20046],[-119.33878,37.19665],[-119.33897,37.19515],[-119.34119,37.19087],[-119.34311,37.18907],[-119.34783,37.18678],[-119.35134,37.18628],[-119.35362,37.18593],[-119.36056,37.18054],[-119.36084,37.17498],[-119.36042,37.17029],[-119.36068,37.16961],[-119.36176,37.168],[-119.36499,37.16574],[-119.36796,37.16507],[-119.37071,37.16511],[-119.37464,37.16435],[-119.37572,37.16335],[-119.3757,37.16048],[-119.37503,37.15787],[-119.37907,37.15515],[-119.38262,37.15444],[-119.38497,37.15331],[-119.38557,37.1509],[-119.38652,37.14953],[-119.38885,37.14921],[-119.39979,37.14984],[-119.40327,37.15431],[-119.4036,37.1565],[-119.40681,37.16003],[-119.40865,37.16122],[-119.41174,37.162],[-119.41818,37.16406],[-119.42112,37.16391],[-119.4258,37.1643],[-119.42834,37.16382],[-119.43212,37.16257],[-119.43306,37.16152],[-119.43288,37.15475],[-119.4331,37.15202],[-119.43394,37.14829],[-119.43487,37.14695],[-119.43656,37.14617],[-119.44272,37.14405],[-119.45141,37.14477],[-119.45456,37.14405],[-119.45894,37.14524],[-119.46193,37.14504],[-119.46263,37.14421],[-119.46394,37.13841],[-119.46595,37.13442],[-119.46699,37.13119],[-119.46865,37.12838],[-119.46914,37.12589],[-119.46881,37.12449],[-119.46652,37.12139],[-119.46625,37.1196],[-119.46875,37.11551],[-119.46982,37.1117],[-119.47055,37.11064],[-119.47481,37.10996],[-119.47914,37.11025],[-119.48155,37.10952],[-119.48409,37.11082],[-119.48638,37.11485],[-119.48964,37.11861],[-119.49131,37.11971],[-119.49307,37.12379],[-119.4931,37.12495],[-119.49176,37.12771],[-119.49174,37.1306],[-119.49122,37.13201],[-119.48912,37.13459],[-119.48892,37.13639],[-119.4901,37.13858],[-119.49312,37.14167],[-119.49626,37.14397],[-119.49928,37.14451],[-119.50376,37.14773],[-119.50435,37.14906],[-119.50673,37.15055],[-119.50933,37.1505],[-119.51343,37.1478],[-119.51702,37.14712],[-119.5177,37.14638],[-119.51838,37.14284],[-119.51992,37.13856],[-119.52226,37.13545],[-119.52256,37.1324],[-119.52354,37.1293],[-119.52454,37.12832],[-119.52762,37.12869],[-119.53312,37.13297],[-119.53635,37.13408],[-119.53879,37.13439],[-119.54093,37.13563],[-119.54148,37.13751],[-119.5437,37.13996],[-119.54789,37.14361],[-119.55216,37.14522],[-119.55378,37.14517],[-119.55644,37.14384],[-119.55941,37.14362],[-119.56249,37.14107],[-119.56378,37.13832],[-119.56327,37.13364],[-119.5636,37.13157],[-119.5634,37.12828],[-119.56393,37.12658],[-119.56672,37.12117],[-119.56897,37.11834],[-119.56857,37.11669],[-119.56723,37.11595],[-119.55986,37.11588],[-119.55619,37.11548],[-119.55436,37.11572],[-119.55123,37.11706],[-119.54805,37.11644],[-119.54618,37.11495],[-119.54317,37.11139],[-119.53976,37.10905],[-119.53807,37.10679],[-119.53768,37.10402],[-119.53942,37.09898],[-119.54229,37.09542],[-119.54718,37.09485],[-119.54941,37.09402],[-119.55324,37.09258],[-119.55534,37.09124],[-119.559,37.08806],[-119.55954,37.08435],[-119.5606,37.08161],[-119.56148,37.07805],[-119.56247,37.07675],[-119.56329,37.07437],[-119.563,37.07334],[-119.56114,37.07198],[-119.56063,37.07004],[-119.562,37.06874],[-119.56143,37.06549],[-119.56298,37.0641],[-119.56691,37.06401],[-119.56842,37.06357],[-119.58075,37.0661],[-119.58352,37.06569],[-119.58598,37.06578],[-119.58943,37.06664],[-119.59455,37.07019],[-119.59696,37.07127],[-119.60005,37.07163],[-119.60491,37.07102],[-119.60608,37.07037],[-119.60684,37.06804],[-119.60967,37.06469],[-119.61062,37.06202],[-119.61032,37.05964],[-119.61064,37.05777],[-119.61319,37.0535],[-119.61337,37.05078],[-119.61036,37.04567],[-119.61074,37.04465],[-119.61493,37.03878],[-119.61585,37.03536],[-119.61694,37.03335],[-119.61874,37.03189],[-119.61922,37.02896],[-119.62066,37.02706],[-119.62244,37.02607],[-119.62597,37.02518],[-119.63217,37.02098],[-119.63406,37.02089],[-119.63537,37.02155],[-119.63618,37.0237],[-119.63595,37.02535],[-119.6346,37.02737],[-119.63206,37.02959],[-119.63036,37.03184],[-119.62903,37.03462],[-119.63935,37.04329],[-119.64749,37.04377],[-119.6516,37.04296],[-119.654,37.04118],[-119.65938,37.03894],[-119.6593,37.03567],[-119.65756,37.02486],[-119.65711,37.0189],[-119.65736,37.0164],[-119.65861,37.01333],[-119.66219,37.01176],[-119.67092,37.00926],[-119.67174,37.00924],[-119.67736,37.00911],[-119.68071,37.01036],[-119.68256,37.01002],[-119.68479,37.01038],[-119.68764,37.01143],[-119.69078,37.01199],[-119.69387,37.01096],[-119.69807,37.00875],[-119.6993,37.00728],[-119.69971,37.0049],[-119.70074,37.00333],[-119.70502,37.00066],[-119.70536,36.99979],[-119.70729,36.99839],[-119.70767,36.99718],[-119.71318,36.99164],[-119.71382,36.9909],[-119.7199,36.98762],[-119.72116,36.98627],[-119.72775,36.98231],[-119.73163,36.97941],[-119.73674,36.97443],[-119.7405,36.97021],[-119.74054,36.96806],[-119.74139,36.96409],[-119.74182,36.95992],[-119.7432,36.95584],[-119.74325,36.95463],[-119.74236,36.9537],[-119.73786,36.95402],[-119.73667,36.9536],[-119.73585,36.95219],[-119.73406,36.9492],[-119.73385,36.94856],[-119.73377,36.94644],[-119.73726,36.94402],[-119.74165,36.94386],[-119.74565,36.939],[-119.7472,36.93843],[-119.75027,36.93689],[-119.75253,36.93522],[-119.75227,36.93262],[-119.75035,36.93048],[-119.75039,36.9278],[-119.7527,36.92443],[-119.7546,36.9227],[-119.75873,36.92024],[-119.76154,36.9202],[-119.76612,36.91882],[-119.77274,36.9186],[-119.77431,36.91476],[-119.77566,36.90913],[-119.78768,36.89843],[-119.78931,36.89671],[-119.78952,36.89384],[-119.78873,36.89256],[-119.78845,36.89022],[-119.78496,36.88472],[-119.78611,36.87889],[-119.78925,36.87613],[-119.7925,36.87629],[-119.79288,36.87621],[-119.79652,36.87542],[-119.7976,36.87437],[-119.80218,36.86669],[-119.80615,36.86444],[-119.80796,36.86388],[-119.80964,36.86257],[-119.81179,36.85775],[-119.81242,36.85266],[-119.81383,36.85021],[-119.81875,36.84807],[-119.82374,36.8486],[-119.83181,36.85167],[-119.83729,36.85411],[-119.8384,36.85606],[-119.83837,36.8582],[-119.84066,36.86124],[-119.84134,36.86124],[-119.84466,36.86055],[-119.84776,36.86016],[-119.849,36.85836],[-119.84808,36.85719],[-119.85106,36.85288],[-119.85378,36.85135],[-119.85668,36.85205],[-119.85855,36.85404],[-119.85883,36.85343],[-119.86089,36.85454],[-119.86204,36.8542],[-119.86281,36.85362],[-119.86484,36.85148],[-119.86586,36.85113],[-119.86617,36.85218],[-119.87062,36.85223],[-119.87501,36.85426],[-119.87952,36.85603],[-119.88489,36.85855],[-119.88785,36.8549],[-119.88793,36.85475],[-119.88861,36.85211],[-119.8903,36.85153],[-119.89529,36.85256],[-119.90289,36.8518],[-119.90596,36.8501],[-119.9091,36.8462],[-119.91192,36.84532],[-119.91711,36.84487],[-119.91952,36.84507],[-119.9214,36.84685],[-119.92376,36.84771],[-119.92778,36.84846],[-119.9291,36.84791],[-119.93259,36.84446],[-119.93234,36.84332],[-119.93255,36.84299],[-119.93455,36.83802],[-119.93699,36.83619],[-119.94351,36.83403],[-119.9521,36.83478],[-119.9539,36.83528],[-119.95853,36.83547],[-119.9618,36.83464],[-119.96664,36.83248],[-119.97054,36.83287],[-119.97702,36.83505],[-119.97723,36.83605],[-119.97972,36.83973],[-119.98465,36.84084],[-119.98738,36.83984],[-119.98993,36.83823],[-119.9914,36.8355],[-119.9913,36.83238],[-119.99075,36.83056],[-119.99137,36.82972],[-119.99239,36.82895],[-119.99805,36.82749],[-120.00134,36.8273],[-120.00292,36.82778],[-120.00657,36.8275],[-120.00845,36.82806],[-120.01125,36.82785],[-120.01333,36.82823],[-120.01625,36.8262],[-120.01983,36.82519],[-120.02089,36.82363],[-120.02165,36.81951],[-120.02265,36.81783],[-120.0246,36.81652],[-120.02498,36.81573],[-120.02814,36.81448],[-120.03322,36.81533],[-120.0355,36.8159],[-120.04076,36.81525],[-120.04229,36.8155],[-120.04609,36.81759],[-120.05086,36.82186],[-120.05613,36.82286],[-120.05778,36.82286],[-120.05908,36.82257],[-120.06261,36.8205],[-120.0661,36.81927],[-120.07073,36.81862],[-120.0727,36.81922],[-120.07366,36.82022],[-120.07578,36.82436],[-120.07946,36.82534],[-120.08207,36.82479],[-120.08363,36.82392],[-120.08869,36.82244],[-120.09164,36.82119],[-120.09334,36.81991],[-120.09504,36.81791],[-120.09635,36.81723],[-120.09712,36.81686],[-120.09822,36.81508],[-120.09988,36.81506],[-120.10426,36.81335],[-120.10961,36.81258],[-120.11433,36.81404],[-120.11683,36.81385],[-120.12299,36.81267],[-120.12382,36.8117],[-120.12645,36.8115],[-120.12911,36.81177],[-120.13138,36.80998],[-120.13657,36.8093],[-120.13952,36.80756],[-120.14055,36.80634],[-120.14348,36.80466],[-120.1474,36.80305],[-120.14838,36.80331],[-120.15005,36.80199],[-120.15534,36.79882],[-120.15693,36.79819],[-120.16003,36.79799],[-120.1629,36.79872],[-120.16417,36.8005],[-120.16563,36.80115],[-120.16702,36.80271],[-120.16869,36.80346],[-120.1722,36.8031],[-120.17318,36.80246],[-120.17407,36.79989],[-120.17445,36.79608],[-120.1765,36.79317],[-120.17979,36.79142],[-120.18197,36.78807],[-120.18247,36.78483],[-120.18153,36.78328],[-120.18288,36.78153],[-120.18556,36.78009],[-120.1863,36.77845],[-120.18883,36.77641],[-120.19123,36.776],[-120.1926,36.77646],[-120.19494,36.77956],[-120.19968,36.78074],[-120.20181,36.78295],[-120.20112,36.78643],[-120.20222,36.79001],[-120.20425,36.79083],[-120.20708,36.79091],[-120.2084,36.78896],[-120.2103,36.78857],[-120.21358,36.78898],[-120.21749,36.78867],[-120.22126,36.78661],[-120.22122,36.78454],[-120.22271,36.78276],[-120.22572,36.78215],[-120.23071,36.78264],[-120.23326,36.78106],[-120.2335,36.77867],[-120.23162,36.77579],[-120.23131,36.77327],[-120.2292,36.77014],[-120.2295,36.76931],[-120.234,36.7683],[-120.23571,36.76918],[-120.24278,36.77099],[-120.24568,36.77133],[-120.24876,36.77509],[-120.25052,36.77485],[-120.25277,36.77369],[-120.2548,36.77004],[-120.25753,36.76964],[-120.26055,36.77226],[-120.26223,36.7726],[-120.26529,36.77196],[-120.27032,36.77162],[-120.27268,36.77406],[-120.27457,36.77398],[-120.27575,36.77294],[-120.27627,36.77018],[-120.27754,36.76875],[-120.28088,36.76674],[-120.28224,36.76735],[-120.28211,36.76913],[-120.28122,36.77215],[-120.28313,36.77317],[-120.28649,36.77333],[-120.28826,36.7726],[-120.28971,36.76961],[-120.28932,36.76745],[-120.28795,36.76482],[-120.28829,36.76367],[-120.29059,36.76305],[-120.29273,36.76413],[-120.29417,36.76682],[-120.29363,36.7691],[-120.29212,36.77082],[-120.29317,36.77223],[-120.29769,36.77228],[-120.30016,36.77126],[-120.30191,36.76995],[-120.30408,36.76964],[-120.30606,36.77027],[-120.30653,36.77206],[-120.30529,36.77361],[-120.30168,36.7737],[-120.30016,36.77416],[-120.2998,36.77685],[-120.30134,36.77819],[-120.30286,36.7788],[-120.30913,36.78024],[-120.3114,36.78177],[-120.31382,36.78185],[-120.31454,36.77917],[-120.31766,36.7777],[-120.32172,36.7777],[-120.32292,36.77831],[-120.32435,36.77989],[-120.32429,36.78212],[-120.3226,36.78369],[-120.32239,36.78509],[-120.32422,36.7863],[-120.32925,36.78518],[-120.33225,36.78321],[-120.33461,36.78288],[-120.33556,36.78417],[-120.33531,36.78624],[-120.33426,36.78895],[-120.33419,36.79099],[-120.33513,36.79207],[-120.33694,36.7924],[-120.3405,36.79126],[-120.34299,36.79093],[-120.34509,36.79264],[-120.34607,36.79473],[-120.34662,36.79765],[-120.34885,36.79825],[-120.35067,36.79749],[-120.35095,36.79544],[-120.34879,36.79093],[-120.34747,36.78921],[-120.34482,36.78784],[-120.34433,36.78635],[-120.34512,36.78505],[-120.34652,36.78456],[-120.34942,36.78513],[-120.35309,36.78686],[-120.35588,36.78735],[-120.35809,36.78719],[-120.36905,36.7848],[-120.37155,36.78584],[-120.37293,36.78894],[-120.37128,36.79198],[-120.36982,36.79597],[-120.37272,36.79851],[-120.37413,36.80027],[-120.37429,36.80174],[-120.37279,36.80369],[-120.37108,36.80508],[-120.36828,36.80665],[-120.36809,36.80751],[-120.36961,36.81036],[-120.37182,36.81058],[-120.37467,36.80851],[-120.3756,36.80834],[-120.37751,36.80915],[-120.37813,36.81084],[-120.37815,36.81557],[-120.3791,36.81717],[-120.38681,36.82298],[-120.38903,36.82444],[-120.39187,36.82417],[-120.39417,36.82337],[-120.39522,36.8245],[-120.39625,36.82431],[-120.39771,36.82233],[-120.40071,36.82241],[-120.40417,36.82594],[-120.40437,36.82983],[-120.40507,36.83177],[-120.40676,36.83406],[-120.40913,36.83582],[-120.40907,36.83796],[-120.41044,36.84],[-120.41216,36.83966],[-120.41334,36.83667],[-120.41413,36.83612],[-120.41709,36.83563],[-120.41876,36.83656],[-120.41968,36.83831],[-120.42219,36.84014],[-120.4229,36.84021],[-120.42663,36.84011],[-120.42884,36.84353],[-120.43154,36.84654],[-120.43359,36.84949],[-120.43389,36.85058],[-120.43587,36.851],[-120.43748,36.85007],[-120.4405,36.8502],[-120.43911,36.85259],[-120.43853,36.85449],[-120.43949,36.85571],[-120.44178,36.85642],[-120.44612,36.85615],[-120.44737,36.85657],[-120.44898,36.85834],[-120.44898,36.86033],[-120.45265,36.85997],[-120.45408,36.86021],[-120.45625,36.86286],[-120.45432,36.86532],[-120.45097,36.8675],[-120.45019,36.86853],[-120.4503,36.87122],[-120.45194,36.87188],[-120.45738,36.87303],[-120.45931,36.87491],[-120.45907,36.87655],[-120.45774,36.87828],[-120.45455,36.87909],[-120.45356,36.8802],[-120.45367,36.88079],[-120.45654,36.88384],[-120.4598,36.8844],[-120.4606,36.8855],[-120.46432,36.88661],[-120.46642,36.88908],[-120.46675,36.89219],[-120.46603,36.8941],[-120.46445,36.89501],[-120.46273,36.90029],[-120.46092,36.90267],[-120.46335,36.90398],[-120.46336,36.90565],[-120.45968,36.90613],[-120.456,36.90538],[-120.45445,36.90662],[-120.45403,36.90823],[-120.45034,36.91117],[-120.45018,36.912],[-120.45082,36.91347],[-120.45339,36.91467],[-120.45914,36.91526],[-120.46195,36.91686],[-120.46197,36.91942],[-120.45887,36.92085],[-120.45696,36.92226],[-120.45723,36.92387],[-120.46067,36.92672],[-120.46226,36.92755],[-120.46388,36.93098],[-120.46525,36.93208],[-120.46569,36.93454],[-120.46801,36.93747],[-120.47005,36.93809],[-120.47275,36.93822],[-120.47517,36.93925],[-120.47562,36.93999],[-120.47681,36.94463],[-120.4786,36.94712],[-120.47904,36.94882],[-120.47772,36.95323],[-120.47832,36.95523],[-120.47988,36.95666],[-120.48074,36.95924],[-120.48471,36.96323],[-120.48783,36.96447],[-120.48913,36.96682],[-120.48872,36.96775],[-120.48475,36.96974],[-120.48379,36.97098],[-120.48414,36.9724],[-120.48517,36.97308],[-120.48821,36.97344],[-120.49123,36.97578],[-120.49401,36.9754],[-120.49476,36.97579],[-120.49517,36.97831],[-120.49614,36.97966],[-120.49952,36.98197],[-120.5001,36.98357],[-120.4998,36.98711],[-120.50143,36.99325],[-120.5007,36.99467],[-120.50118,36.99674],[-120.50346,36.99721],[-120.50416,36.9982],[-120.50281,37.00041],[-120.50444,37.00079],[-120.50679,36.9996],[-120.50854,37.00077],[-120.50874,37.00263],[-120.5083,37.00503],[-120.50896,37.00762],[-120.51159,37.00991],[-120.51379,37.01096],[-120.51641,37.01087],[-120.52018,37.01128],[-120.52326,37.01407],[-120.5252,37.01378],[-120.52814,37.01257],[-120.52977,37.01255],[-120.53117,37.01399],[-120.52963,37.01686],[-120.52975,37.01867],[-120.53071,37.02018],[-120.53326,37.02036],[-120.53519,37.01937],[-120.53766,37.01991],[-120.53689,37.02245],[-120.53782,37.02385],[-120.54055,37.02512],[-120.54457,37.02609],[-120.54554,37.02758],[-120.54397,37.02966]]]}},{"type":"Feature","properties":{"name":"Marin Transit Connect","boundary_type":"county","source":"Census TIGER county","fidelity":"approximate","updated":"2026-09","units":"Marin County","note":"Geofenced to central Marin and SMART stations; not all of Marin County covered.","confidence":0.75},"geometry":{"type":"MultiPolygon","coordinates":[[[[-122.43953,37.86754],[-122.43827,37.86772],[-122.43649,37.8663],[-122.43438,37.86687],[-122.43458,37.86891],[-122.43376,37.86997],[-122.4325,37.87036],[-122.43193,37.87154],[-122.43103,37.87206],[-122.43005,37.87211],[-122.42703,37.87031],[-122.42474,37.87044],[-122.42319,37.86929],[-122.42307,37.86817],[-122.42195,37.86611],[-122.42198,37.86407],[-122.42134,37.86327],[-122.42032,37.86306],[-122.41993,37.8607],[-122.42136,37.85913],[-122.41989,37.85653],[-122.42002,37.85504],[-122.41881,37.8536],[-122.41858,37.85332],[-122.41872,37.85292],[-122.41875,37.85282],[-122.41963,37.8527],[-122.42311,37.85452],[-122.43067,37.85567],[-122.43455,37.85368],[-122.43949,37.85565],[-122.44083,37.8554],[-122.44237,37.85624],[-122.44222,37.85832],[-122.44504,37.86052],[-122.44515,37.86142],[-122.44122,37.86254],[-122.43953,37.86754]]],[[[-123.01153,38.00344],[-122.99242,38.04176],[-122.96089,38.11296],[-122.95209,38.13856],[-122.94907,38.15406],[-122.94963,38.16404],[-122.95354,38.17028],[-122.95363,38.17567],[-122.95584,38.17801],[-122.96086,38.17941],[-122.96735,38.18276],[-122.96541,38.18711],[-122.96637,38.19851],[-122.96811,38.20243],[-122.98073,38.21534],[-122.98042,38.22098],[-122.98183,38.2231],[-122.98551,38.22488],[-122.99195,38.23318],[-122.99563,38.23863],[-122.995,38.24004],[-122.99282,38.24004],[-122.98715,38.23754],[-122.97899,38.22929],[-122.97278,38.22964],[-122.97264,38.23129],[-122.97255,38.23241],[-122.97249,38.23315],[-122.96931,38.23868],[-122.96713,38.24959],[-122.96814,38.25366],[-122.97708,38.2679],[-122.97725,38.268],[-122.98632,38.27316],[-122.98945,38.28024],[-122.9946,38.2831],[-122.99711,38.28946],[-123.00291,38.29571],[-123.00279,38.29571],[-123.00159,38.29715],[-122.99871,38.29841],[-122.99411,38.29939],[-122.99358,38.30008],[-122.99414,38.30399],[-122.99499,38.30525],[-122.99475,38.30619],[-122.99312,38.30644],[-122.99163,38.30553],[-122.99061,38.30586],[-122.98771,38.30811],[-122.98413,38.30822],[-122.98316,38.31041],[-122.98161,38.31113],[-122.97716,38.31093],[-122.97487,38.31147],[-122.97108,38.30994],[-122.96905,38.3108],[-122.96751,38.31365],[-122.96731,38.31599],[-122.96612,38.31697],[-122.96129,38.31654],[-122.95678,38.31406],[-122.95528,38.31353],[-122.95188,38.31329],[-122.94972,38.31208],[-122.94675,38.31121],[-122.9436,38.31256],[-122.94033,38.3109],[-122.93745,38.31213],[-122.93759,38.31295],[-122.93506,38.31395],[-122.9338,38.31359],[-122.93457,38.31257],[-122.93655,38.31185],[-122.9367,38.31045],[-122.93543,38.30961],[-122.93252,38.31171],[-122.92841,38.3128],[-122.92564,38.31274],[-122.9238,38.31152],[-122.92287,38.30903],[-122.92151,38.30857],[-122.91824,38.31013],[-122.9166,38.31321],[-122.91964,38.31465],[-122.92095,38.31684],[-122.918,38.31795],[-122.91607,38.32026],[-122.91291,38.32032],[-122.91132,38.32121],[-122.9081,38.32075],[-122.90666,38.31994],[-122.9073,38.31864],[-122.91016,38.31789],[-122.91088,38.31686],[-122.90924,38.31427],[-122.90816,38.31429],[-122.90173,38.31694],[-122.89993,38.31679],[-122.89844,38.31452],[-122.87441,38.29809],[-122.85371,38.28419],[-122.84184,38.27624],[-122.82856,38.26732],[-122.81197,38.25613],[-122.80092,38.24839],[-122.7921,38.2424],[-122.79176,38.24217],[-122.7871,38.239],[-122.74823,38.21272],[-122.7399,38.20702],[-122.72299,38.20713],[-122.72159,38.20672],[-122.71771,38.20501],[-122.71503,38.2034],[-122.71434,38.20122],[-122.70601,38.19829],[-122.70444,38.19846],[-122.70104,38.19598],[-122.69825,38.19613],[-122.69661,38.19537],[-122.69519,38.19517],[-122.69352,38.19516],[-122.69103,38.19448],[-122.6883,38.19469],[-122.68305,38.19169],[-122.68072,38.18974],[-122.6766,38.18977],[-122.67576,38.18906],[-122.67288,38.18983],[-122.66716,38.1897],[-122.66448,38.18763],[-122.664,38.1865],[-122.65944,38.18698],[-122.65403,38.1849],[-122.64971,38.18154],[-122.64924,38.18113],[-122.64661,38.18121],[-122.63795,38.18025],[-122.63632,38.1788],[-122.63387,38.17845],[-122.62818,38.17889],[-122.62541,38.18239],[-122.62265,38.18262],[-122.62095,38.18196],[-122.61883,38.18231],[-122.61511,38.18235],[-122.6125,38.18059],[-122.61,38.1813],[-122.60563,38.18043],[-122.6035,38.18085],[-122.60164,38.18334],[-122.60092,38.18526],[-122.59817,38.18719],[-122.59493,38.18838],[-122.5926,38.18877],[-122.59146,38.18763],[-122.59114,38.18599],[-122.58722,38.18699],[-122.58681,38.18772],[-122.58451,38.18807],[-122.58371,38.18704],[-122.58212,38.18802],[-122.58186,38.18611],[-122.5798,38.18554],[-122.5782,38.18358],[-122.57324,38.1833],[-122.57069,38.18352],[-122.57093,38.18459],[-122.57317,38.18588],[-122.5725,38.18707],[-122.57059,38.18712],[-122.56893,38.18452],[-122.56584,38.18314],[-122.56509,38.18222],[-122.56646,38.17913],[-122.56838,38.17684],[-122.56446,38.17508],[-122.56399,38.17352],[-122.56426,38.17069],[-122.56319,38.16932],[-122.55924,38.16862],[-122.55628,38.16971],[-122.55329,38.16998],[-122.55198,38.169],[-122.55349,38.16662],[-122.55599,38.16547],[-122.55799,38.16353],[-122.55843,38.16197],[-122.55714,38.15958],[-122.5548,38.15866],[-122.54961,38.15729],[-122.5476,38.15747],[-122.54538,38.15873],[-122.54371,38.15807],[-122.5415,38.15518],[-122.5377,38.15151],[-122.53326,38.14812],[-122.52955,38.1461],[-122.52396,38.14351],[-122.51902,38.13974],[-122.51595,38.13645],[-122.5131,38.13212],[-122.51151,38.12715],[-122.51129,38.12492],[-122.50793,38.1181],[-122.50571,38.11553],[-122.5019,38.11242],[-122.4988,38.1113],[-122.49883,38.11121],[-122.48831,38.10532],[-122.48795,38.10512],[-122.48605,38.10119],[-122.48591,38.09924],[-122.48533,38.0909],[-122.48376,38.07176],[-122.48555,38.06851],[-122.49226,38.05638],[-122.49294,38.04843],[-122.49328,38.04757],[-122.49599,38.04081],[-122.49946,38.03216],[-122.49783,38.0194],[-122.49574,38.01668],[-122.49474,38.01539],[-122.49456,38.01515],[-122.48747,38.01436],[-122.48147,38.00762],[-122.4756,38.00628],[-122.47418,38.00596],[-122.47335,38.00577],[-122.46946,38.00488],[-122.46655,38.00422],[-122.46607,38.00411],[-122.46588,38.00407],[-122.46519,38.00391],[-122.46281,38.00337],[-122.46265,38.00321],[-122.46187,38.0025],[-122.45592,37.99703],[-122.4507,37.99223],[-122.44996,37.99096],[-122.44841,37.98831],[-122.4473,37.98439],[-122.4561,37.97989],[-122.46371,37.98148],[-122.46656,37.98476],[-122.47197,37.98177],[-122.47464,37.97764],[-122.47464,37.97502],[-122.47514,37.97437],[-122.47725,37.97165],[-122.48442,37.97055],[-122.48657,37.97044],[-122.49202,37.97017],[-122.49246,37.97015],[-122.49331,37.97025],[-122.49466,37.97042],[-122.49555,37.97052],[-122.4965,37.96771],[-122.49169,37.96541],[-122.4903,37.96475],[-122.4903,37.96098],[-122.4903,37.95919],[-122.48652,37.94691],[-122.48048,37.94544],[-122.47963,37.94289],[-122.47951,37.94253],[-122.48425,37.94068],[-122.48652,37.93979],[-122.48941,37.93703],[-122.48985,37.9366],[-122.49703,37.93894],[-122.49864,37.94147],[-122.50199,37.94216],[-122.50506,37.94279],[-122.50506,37.94232],[-122.50506,37.9419],[-122.50506,37.93641],[-122.50306,37.92875],[-122.49972,37.92633],[-122.49357,37.92188],[-122.48637,37.92188],[-122.48528,37.92105],[-122.48522,37.92099],[-122.48504,37.92086],[-122.48259,37.91899],[-122.48156,37.9182],[-122.47933,37.91649],[-122.47915,37.91635],[-122.47559,37.91692],[-122.47358,37.91254],[-122.47297,37.90885],[-122.47606,37.90792],[-122.47614,37.90773],[-122.47701,37.90566],[-122.47453,37.90404],[-122.47406,37.90373],[-122.47278,37.90289],[-122.4723,37.90257],[-122.47144,37.90212],[-122.46942,37.90105],[-122.46251,37.89741],[-122.45856,37.89406],[-122.44841,37.89341],[-122.44374,37.88672],[-122.44151,37.88463],[-122.43829,37.88237],[-122.43885,37.88062],[-122.44184,37.88093],[-122.44317,37.87987],[-122.44445,37.87884],[-122.44413,37.87736],[-122.44398,37.87666],[-122.44395,37.87652],[-122.44818,37.87521],[-122.44988,37.87267],[-122.45114,37.87275],[-122.45234,37.87283],[-122.4552,37.87303],[-122.45717,37.87221],[-122.45798,37.87188],[-122.46066,37.874],[-122.46248,37.8733],[-122.46313,37.87203],[-122.46324,37.87181],[-122.46248,37.86875],[-122.45846,37.86557],[-122.45807,37.86327],[-122.4596,37.8627],[-122.46882,37.86885],[-122.47366,37.87493],[-122.4742,37.87738],[-122.4727,37.87908],[-122.47118,37.88079],[-122.47226,37.88326],[-122.47256,37.88395],[-122.47294,37.88482],[-122.47447,37.88575],[-122.48146,37.88995],[-122.48346,37.89145],[-122.4864,37.89367],[-122.48903,37.89565],[-122.49341,37.89393],[-122.49901,37.89386],[-122.49915,37.89392],[-122.50122,37.89485],[-122.50237,37.89537],[-122.50427,37.89412],[-122.5008,37.88673],[-122.4989,37.88598],[-122.4965,37.87734],[-122.49847,37.87579],[-122.50054,37.87415],[-122.49812,37.87224],[-122.49627,37.87078],[-122.4946,37.86627],[-122.48771,37.86421],[-122.47844,37.85952],[-122.47856,37.85697],[-122.47865,37.8551],[-122.47881,37.85161],[-122.47949,37.85048],[-122.47981,37.84994],[-122.47987,37.84984],[-122.47986,37.84969],[-122.47974,37.84757],[-122.47752,37.84655],[-122.47737,37.84559],[-122.4769,37.84261],[-122.47561,37.84153],[-122.47226,37.83681],[-122.47213,37.83508],[-122.47261,37.833],[-122.47369,37.83293],[-122.47446,37.83375],[-122.47612,37.83396],[-122.47778,37.83338],[-122.47907,37.83038],[-122.47849,37.82607],[-122.47908,37.82554],[-122.48348,37.82673],[-122.49093,37.82675],[-122.49548,37.82243],[-122.49903,37.82239],[-122.49979,37.82206],[-122.50001,37.82091],[-122.50445,37.82109],[-122.50569,37.8233],[-122.51109,37.82501],[-122.52009,37.82567],[-122.52365,37.82482],[-122.52764,37.82103],[-122.52889,37.81834],[-122.52958,37.81768],[-122.53069,37.81804],[-122.53188,37.82118],[-122.53498,37.82422],[-122.53412,37.82616],[-122.53728,37.83033],[-122.54899,37.83623],[-122.55899,37.84653],[-122.55933,37.84724],[-122.56149,37.85183],[-122.57353,37.85573],[-122.57539,37.85873],[-122.57819,37.85961],[-122.57969,37.86008],[-122.58182,37.85704],[-122.58429,37.85923],[-122.58978,37.86436],[-122.59841,37.87243],[-122.60129,37.87513],[-122.61394,37.87843],[-122.61744,37.87723],[-122.62112,37.87882],[-122.62409,37.88105],[-122.62693,37.88074],[-122.62871,37.88169],[-122.62821,37.88451],[-122.62896,37.88522],[-122.64196,37.89751],[-122.65882,37.90474],[-122.67847,37.9066],[-122.67854,37.90659],[-122.6843,37.905],[-122.69357,37.90117],[-122.69972,37.89714],[-122.70038,37.89494],[-122.70264,37.89382],[-122.71023,37.89642],[-122.71402,37.90047],[-122.71897,37.9022],[-122.72177,37.90135],[-122.72518,37.90269],[-122.7273,37.90463],[-122.72785,37.90615],[-122.73006,37.91232],[-122.7329,37.92023],[-122.73688,37.92581],[-122.7369,37.92583],[-122.74875,37.93108],[-122.75461,37.93553],[-122.75898,37.93597],[-122.76614,37.938],[-122.76823,37.94167],[-122.77178,37.94402],[-122.77648,37.94377],[-122.77612,37.94629],[-122.77928,37.94827],[-122.78267,37.9485],[-122.78324,37.95133],[-122.79174,37.96942],[-122.7974,37.97666],[-122.80609,37.98331],[-122.80878,37.98536],[-122.81147,37.98512],[-122.82138,37.99674],[-122.85657,38.01672],[-122.88211,38.02527],[-122.90511,38.02838],[-122.92314,38.02868],[-122.93971,38.03191],[-122.95681,38.02872],[-122.97238,38.02025],[-122.98178,38.00912],[-122.98314,38.00576],[-122.98366,38.00074],[-122.98303,37.99741],[-122.97404,37.9943],[-122.9677,37.99378],[-122.96354,37.98991],[-122.9721,37.99013],[-122.97439,37.99243],[-122.98601,37.99208],[-122.9915,37.99445],[-122.99422,37.99318],[-123.00633,37.99363],[-123.00748,37.99536],[-123.01167,37.99509],[-123.01428,37.99393],[-123.02407,37.99488],[-123.02056,37.99954],[-123.0152,38.00028],[-123.01153,38.00344]]]]}},{"type":"Feature","properties":{"name":"MBTA Ready Ride","boundary_type":"places","source":"Census TIGER place","fidelity":"approximate","updated":"2026-09","units":"Yucca Valley town; Morongo Valley CDP; Joshua Tree CDP; Twentynine Palms city","note":"Basin Transit's Ready Ride operates in six named Morongo Basin communities with separate schedules per area: Yucca Valley, Morongo Valley, Joshua Tree, Twentynine Palms (all mapped here), plus Wonder Valley and Landers, which have no Census-designated place boundary and are omitted from the drawn area (both are small unincorporated areas adjoining Twentynine Palms/Yucca Valley respectively). https://basin-transit.com/ready-ride/","confidence":0.75},"geometry":{"type":"MultiPolygon","coordinates":[[[[-116.61389,34.09049],[-116.56344,34.09034],[-116.56327,34.11829],[-116.54196,34.11831],[-116.54055,34.11691],[-116.53968,34.11492],[-116.53693,34.11422],[-116.53631,34.11338],[-116.53663,34.11003],[-116.53493,34.10943],[-116.53003,34.10385],[-116.52842,34.10139],[-116.51099,34.10137],[-116.5111,34.09728],[-116.50943,34.09896],[-116.50657,34.09997],[-116.5046,34.10147],[-116.50239,34.10225],[-116.50047,34.09964],[-116.49709,34.10133],[-116.49586,34.09953],[-116.49239,34.09774],[-116.49274,34.09018],[-116.4997,34.09026],[-116.50016,34.07574],[-116.51142,34.07566],[-116.51114,34.06031],[-116.51275,34.06145],[-116.54619,34.06137],[-116.5461,34.04688],[-116.54828,34.04684],[-116.55016,34.04563],[-116.55067,34.04411],[-116.54966,34.04291],[-116.55041,34.04087],[-116.55007,34.03932],[-116.55278,34.03693],[-116.55219,34.03462],[-116.55374,34.03276],[-116.59148,34.03262],[-116.60334,34.03258],[-116.60571,34.0364],[-116.61205,34.04025],[-116.61415,34.04283],[-116.61643,34.04427],[-116.62019,34.04568],[-116.62007,34.04831],[-116.6222,34.04983],[-116.62274,34.05176],[-116.6216,34.05224],[-116.61904,34.05485],[-116.61937,34.05773],[-116.6181,34.05944],[-116.61879,34.06194],[-116.62309,34.0693],[-116.6223,34.07026],[-116.62003,34.07099],[-116.6145,34.07213],[-116.61389,34.09049]]],[[[-116.33501,34.16375],[-116.33495,34.16736],[-116.32496,34.16762],[-116.32491,34.16949],[-116.32153,34.16941],[-116.32157,34.17095],[-116.32146,34.17126],[-116.3172,34.17133],[-116.31096,34.17131],[-116.30937,34.17094],[-116.30837,34.17135],[-116.29098,34.17139],[-116.28658,34.17123],[-116.28185,34.17147],[-116.26446,34.17162],[-116.26446,34.13877],[-116.25583,34.13873],[-116.25587,34.13512],[-116.25591,34.13512],[-116.25581,34.12058],[-116.26566,34.12044],[-116.2653,34.11057],[-116.26562,34.10209],[-116.26555,34.07783],[-116.3006,34.07731],[-116.30064,34.07612],[-116.33558,34.07594],[-116.33575,34.09078],[-116.353,34.09074],[-116.353,34.07658],[-116.3547,34.07743],[-116.35618,34.07903],[-116.35737,34.08172],[-116.36154,34.08538],[-116.36356,34.08923],[-116.36608,34.09078],[-116.37039,34.0942],[-116.37042,34.07605],[-116.38551,34.07613],[-116.38801,34.07607],[-116.42247,34.07623],[-116.44933,34.07627],[-116.45777,34.07596],[-116.47517,34.07586],[-116.47529,34.10913],[-116.4779,34.10895],[-116.48114,34.10741],[-116.48114,34.10912],[-116.48114,34.11169],[-116.49279,34.11166],[-116.49264,34.13531],[-116.45889,34.13534],[-116.45764,34.13534],[-116.45767,34.16427],[-116.44017,34.1643],[-116.44005,34.1935],[-116.43936,34.1935],[-116.42255,34.19345],[-116.42249,34.17157],[-116.42029,34.17157],[-116.42029,34.16616],[-116.40454,34.16609],[-116.4011,34.16591],[-116.38705,34.16582],[-116.38705,34.16438],[-116.38116,34.1649],[-116.37834,34.16441],[-116.37832,34.1658],[-116.36954,34.16582],[-116.35205,34.16586],[-116.35206,34.16402],[-116.34349,34.16399],[-116.33501,34.16375]]],[[[-116.17695,34.14953],[-116.17707,34.16421],[-116.16818,34.16413],[-116.15942,34.16411],[-116.10702,34.16434],[-116.10721,34.17163],[-116.10702,34.17519],[-116.09812,34.17521],[-116.09817,34.17157],[-116.09157,34.1716],[-116.09158,34.1657],[-116.09376,34.16566],[-116.09375,34.16431],[-116.07167,34.16443],[-116.07175,34.17887],[-116.07175,34.17903],[-116.07143,34.20826],[-116.0583,34.20834],[-116.05832,34.21576],[-116.05838,34.2278],[-116.0672,34.23707],[-116.0716,34.2371],[-116.07598,34.23716],[-116.07603,34.24442],[-116.08038,34.24446],[-116.0804,34.24802],[-116.08257,34.24812],[-116.08256,34.24448],[-116.08942,34.24454],[-116.09826,34.24437],[-116.09827,34.25164],[-116.06302,34.25185],[-116.04359,34.22312],[-116.04111,34.22316],[-116.0365,34.21617],[-116.03642,34.21233],[-116.03637,34.20863],[-116.03642,34.19412],[-116.00132,34.19427],[-116.00152,34.15087],[-115.98391,34.1509],[-115.98394,34.13636],[-115.98389,34.12178],[-115.97428,34.12181],[-115.97427,34.11853],[-115.97865,34.11852],[-115.97866,34.1155],[-115.98178,34.1155],[-115.98178,34.1164],[-115.98396,34.1164],[-115.984,34.07786],[-116.03657,34.07826],[-116.03672,34.10696],[-116.05441,34.10715],[-116.05441,34.11377],[-116.05436,34.1211],[-116.07973,34.1208],[-116.09734,34.12075],[-116.1944,34.12045],[-116.19448,34.13513],[-116.19463,34.13513],[-116.19447,34.13622],[-116.19448,34.14964],[-116.17695,34.14953]]]]}},{"type":"Feature","properties":{"name":"McFarland City Transit Bus (Dial-A-Ride)","boundary_type":"city","source":"Census TIGER place","fidelity":"exact","updated":"2026-09","units":"McFarland city","note":"Agricultural San Joaquin Valley city dial-a-ride","confidence":0.95},"geometry":{"type":"Polygon","coordinates":[[[-119.25863,35.68878],[-119.23437,35.68887],[-119.23436,35.69244],[-119.23208,35.6924],[-119.23194,35.69088],[-119.23196,35.68889],[-119.22978,35.68881],[-119.22308,35.68895],[-119.2231,35.6857],[-119.22078,35.68568],[-119.22083,35.6818],[-119.21926,35.68173],[-119.21371,35.68154],[-119.21368,35.67988],[-119.2175,35.67993],[-119.21755,35.67449],[-119.20471,35.6746],[-119.20461,35.66009],[-119.20451,35.64558],[-119.21466,35.64548],[-119.21982,35.64568],[-119.22427,35.64545],[-119.24103,35.6454],[-119.241,35.65991],[-119.24099,35.66353],[-119.24986,35.66349],[-119.24984,35.6671],[-119.24771,35.66712],[-119.24769,35.67075],[-119.24096,35.67074],[-119.24094,35.67438],[-119.24089,35.68161],[-119.24928,35.68158],[-119.24923,35.6851],[-119.24974,35.68851],[-119.25863,35.68854],[-119.27641,35.68845],[-119.2765,35.67429],[-119.28568,35.67425],[-119.28539,35.68873],[-119.25863,35.68878]]]}},{"type":"Feature","properties":{"name":"MCT On Demand (Moorpark City Transit)","boundary_type":"city","source":"Census TIGER place","fidelity":"exact","updated":"2026-09","units":"Moorpark city","note":"City of Moorpark, eastern Ventura County","confidence":0.95},"geometry":{"type":"Polygon","coordinates":[[[-118.91626,34.29763],[-118.91228,34.30211],[-118.90968,34.30669],[-118.90971,34.30783],[-118.87935,34.30781],[-118.86594,34.30786],[-118.86593,34.30075],[-118.8587,34.30062],[-118.84676,34.30063],[-118.84957,34.30359],[-118.84483,34.30588],[-118.84402,34.30783],[-118.83324,34.30785],[-118.83328,34.30272],[-118.83086,34.30073],[-118.82261,34.30074],[-118.82259,34.30256],[-118.82069,34.30256],[-118.82048,34.30256],[-118.82077,34.30181],[-118.82087,34.30149],[-118.82104,34.29954],[-118.8198,34.29708],[-118.82244,34.29505],[-118.82145,34.29226],[-118.8212,34.29156],[-118.82408,34.2887],[-118.82425,34.28761],[-118.82526,34.2878],[-118.82693,34.28827],[-118.82693,34.28803],[-118.83111,34.28754],[-118.83111,34.28698],[-118.83243,34.28657],[-118.83778,34.28885],[-118.83831,34.29063],[-118.8424,34.29181],[-118.84333,34.29151],[-118.85392,34.28804],[-118.85385,34.28643],[-118.84859,34.28659],[-118.84861,34.2779],[-118.85363,34.27705],[-118.85777,34.27505],[-118.85281,34.26888],[-118.85143,34.26777],[-118.84989,34.2676],[-118.85134,34.26663],[-118.85454,34.26441],[-118.85656,34.26361],[-118.86086,34.26368],[-118.86287,34.26351],[-118.86431,34.26311],[-118.86525,34.26273],[-118.86603,34.2625],[-118.86602,34.26087],[-118.86604,34.26087],[-118.89017,34.2608],[-118.90592,34.26077],[-118.91281,34.26075],[-118.91254,34.2649],[-118.91307,34.26813],[-118.91463,34.26972],[-118.90982,34.26978],[-118.90968,34.26981],[-118.90718,34.26993],[-118.90721,34.27887],[-118.91669,34.27885],[-118.91662,34.28021],[-118.90989,34.2816],[-118.90991,34.28586],[-118.91066,34.28851],[-118.91005,34.28976],[-118.92049,34.28964],[-118.92051,34.29577],[-118.91626,34.29763]]]}},{"type":"Feature","properties":{"name":"Merced Microtransit","boundary_type":"city","source":"Census TIGER place","fidelity":"exact","updated":"2026-09","units":"Merced city","note":"Microtransit pilot serving city of Merced.","confidence":0.9},"geometry":{"type":"Polygon","coordinates":[[[-120.5425,37.23405],[-120.54303,37.23885],[-120.54293,37.24389],[-120.54142,37.24543],[-120.53882,37.24684],[-120.53863,37.24813],[-120.53653,37.25225],[-120.53047,37.25325],[-120.53056,37.25544],[-120.52889,37.25542],[-120.52871,37.27309],[-120.52405,37.27333],[-120.52348,37.29156],[-120.52768,37.29163],[-120.52777,37.2953],[-120.52332,37.29549],[-120.52318,37.29913],[-120.51403,37.2991],[-120.51399,37.3074],[-120.51004,37.30788],[-120.51226,37.31029],[-120.51011,37.30951],[-120.50904,37.31147],[-120.51224,37.31141],[-120.51611,37.31339],[-120.52075,37.31393],[-120.52276,37.31462],[-120.52235,37.31599],[-120.5197,37.31773],[-120.5143,37.31838],[-120.51226,37.31935],[-120.51188,37.32001],[-120.51153,37.32038],[-120.50975,37.32083],[-120.50528,37.32099],[-120.50487,37.32062],[-120.5047,37.32649],[-120.50454,37.33173],[-120.50429,37.33173],[-120.49895,37.33193],[-120.49896,37.33459],[-120.50445,37.33459],[-120.50431,37.33919],[-120.49916,37.33959],[-120.4969,37.34341],[-120.49878,37.34341],[-120.49903,37.34648],[-120.49461,37.34651],[-120.48607,37.3466],[-120.48618,37.35551],[-120.486,37.3611],[-120.4777,37.36111],[-120.47751,37.36493],[-120.48144,37.36489],[-120.48142,37.36823],[-120.49063,37.3682],[-120.48995,37.36107],[-120.49022,37.36107],[-120.49152,37.37551],[-120.46991,37.37553],[-120.46834,37.37569],[-120.46858,37.36111],[-120.46871,37.35374],[-120.45994,37.35375],[-120.45982,37.34668],[-120.45048,37.34668],[-120.4509,37.33213],[-120.45091,37.33213],[-120.45092,37.33185],[-120.43296,37.33192],[-120.43322,37.32534],[-120.43523,37.32434],[-120.43679,37.32507],[-120.43898,37.32464],[-120.43966,37.32363],[-120.43974,37.31941],[-120.43991,37.31847],[-120.4444,37.31845],[-120.44444,37.31535],[-120.44673,37.31454],[-120.44444,37.31343],[-120.44444,37.31166],[-120.44671,37.31167],[-120.44665,37.3137],[-120.44855,37.31411],[-120.44854,37.31264],[-120.45131,37.31264],[-120.4514,37.31001],[-120.45353,37.31086],[-120.45326,37.31406],[-120.4575,37.31412],[-120.4575,37.31574],[-120.46019,37.31576],[-120.46142,37.3155],[-120.46143,37.31395],[-120.4603,37.31395],[-120.46033,37.31219],[-120.46146,37.31219],[-120.46147,37.31189],[-120.46227,37.3119],[-120.46226,37.30819],[-120.46156,37.30802],[-120.45991,37.30768],[-120.45762,37.30742],[-120.45582,37.30663],[-120.4524,37.30947],[-120.44962,37.30912],[-120.44884,37.30794],[-120.4449,37.30759],[-120.44501,37.30367],[-120.44502,37.30301],[-120.44686,37.303],[-120.44685,37.30209],[-120.45062,37.30146],[-120.45183,37.30095],[-120.45573,37.30084],[-120.45598,37.30033],[-120.45613,37.29989],[-120.45306,37.29877],[-120.45484,37.29554],[-120.45397,37.29518],[-120.4533,37.29489],[-120.45034,37.29491],[-120.45033,37.29516],[-120.44985,37.29516],[-120.44938,37.29742],[-120.44266,37.29512],[-120.4335,37.29509],[-120.42452,37.29506],[-120.42104,37.29509],[-120.41532,37.29515],[-120.40802,37.29522],[-120.40628,37.29524],[-120.39943,37.29543],[-120.39952,37.29013],[-120.40634,37.28992],[-120.4064,37.2734],[-120.43348,37.27321],[-120.43443,37.27548],[-120.43728,37.27765],[-120.43824,37.27516],[-120.43976,37.27606],[-120.44346,37.27778],[-120.44351,37.27656],[-120.45801,37.28832],[-120.46025,37.28988],[-120.46278,37.29139],[-120.46746,37.29358],[-120.46752,37.2889],[-120.46752,37.28885],[-120.46753,37.28793],[-120.46979,37.28795],[-120.481,37.28813],[-120.48111,37.28635],[-120.4811,37.28632],[-120.48109,37.28449],[-120.47438,37.28436],[-120.47438,37.28258],[-120.47606,37.28094],[-120.47414,37.28069],[-120.47417,37.27724],[-120.46978,37.27721],[-120.46979,37.27325],[-120.48782,37.27372],[-120.48775,37.27697],[-120.48554,37.27697],[-120.48546,37.28094],[-120.48341,37.28111],[-120.48334,37.28637],[-120.48257,37.28721],[-120.48261,37.28816],[-120.48741,37.28823],[-120.48753,37.28704],[-120.48754,37.28684],[-120.48932,37.28685],[-120.48925,37.2846],[-120.48951,37.28097],[-120.48766,37.28099],[-120.48768,37.28019],[-120.48941,37.28021],[-120.48929,37.27686],[-120.49673,37.27692],[-120.49672,37.28096],[-120.49671,37.28453],[-120.49666,37.28758],[-120.49701,37.2882],[-120.50009,37.28819],[-120.50023,37.28819],[-120.50016,37.28444],[-120.50211,37.28445],[-120.50214,37.28325],[-120.5039,37.28433],[-120.50588,37.28437],[-120.50591,37.28081],[-120.5022,37.28084],[-120.502,37.28084],[-120.50202,37.27891],[-120.49923,37.27895],[-120.49926,37.27399],[-120.50321,37.27382],[-120.50431,37.27551],[-120.50601,37.27552],[-120.5061,37.27467],[-120.51288,37.28072],[-120.52362,37.28081],[-120.52379,37.27321],[-120.528,37.2729],[-120.52852,37.25547],[-120.5239,37.25548],[-120.52402,37.24401],[-120.51098,37.24398],[-120.51119,37.2362],[-120.51194,37.23584],[-120.521,37.23567],[-120.52101,37.23031],[-120.52194,37.22939],[-120.52134,37.22834],[-120.52277,37.22502],[-120.52403,37.2242],[-120.52369,37.22308],[-120.52506,37.2218],[-120.52502,37.22862],[-120.54254,37.22862],[-120.54335,37.22862],[-120.5425,37.23405]],[[-120.48982,37.3145],[-120.48924,37.31427],[-120.48935,37.31734],[-120.49048,37.31631],[-120.49343,37.31577],[-120.49312,37.31504],[-120.48982,37.3145]],[[-120.45045,37.32246],[-120.44983,37.32401],[-120.45105,37.32454],[-120.4511,37.32246],[-120.45045,37.32246]],[[-120.44638,37.31983],[-120.44437,37.32021],[-120.44193,37.32021],[-120.44186,37.32279],[-120.44343,37.32453],[-120.44472,37.32359],[-120.44587,37.32424],[-120.44837,37.32413],[-120.44846,37.32003],[-120.44638,37.31983]],[[-120.4444,37.28781],[-120.43355,37.2878],[-120.4335,37.29488],[-120.44485,37.29486],[-120.44486,37.29013],[-120.44778,37.28953],[-120.4478,37.28782],[-120.4444,37.28781]]]}},{"type":"Feature","properties":{"name":"Micro-Link","boundary_type":"places","source":"Census TIGER place","fidelity":"exact","updated":"2026-09","units":"Hesperia city; Victorville city","note":"Victor Valley region; explicitly serves Hesperia and Victorville zones.","confidence":0.85},"geometry":{"type":"Polygon","coordinates":[[[-117.43783,34.36114],[-117.43783,34.36337],[-117.43564,34.36342],[-117.43564,34.36436],[-117.43343,34.36516],[-117.43344,34.36903],[-117.42817,34.36896],[-117.42761,34.37243],[-117.42914,34.37247],[-117.4292,34.37576],[-117.42497,34.37585],[-117.42519,34.38759],[-117.42239,34.38763],[-117.4224,34.38848],[-117.42015,34.38846],[-117.42022,34.39031],[-117.42243,34.39032],[-117.42246,34.39126],[-117.42529,34.3913],[-117.42535,34.39397],[-117.42105,34.39392],[-117.4211,34.39578],[-117.4254,34.39572],[-117.42549,34.39754],[-117.41697,34.39756],[-117.41708,34.40494],[-117.40817,34.40499],[-117.40822,34.41223],[-117.40811,34.42672],[-117.41776,34.4267],[-117.41593,34.42878],[-117.41212,34.43404],[-117.4109,34.43403],[-117.41091,34.43469],[-117.41083,34.43583],[-117.40694,34.44127],[-117.40403,34.44543],[-117.41712,34.45117],[-117.41714,34.4558],[-117.40848,34.45583],[-117.40838,34.46303],[-117.43459,34.46324],[-117.43478,34.47755],[-117.44123,34.47756],[-117.44703,34.47735],[-117.45543,34.47743],[-117.45986,34.47765],[-117.46864,34.47767],[-117.46872,34.48495],[-117.46825,34.48507],[-117.45786,34.48474],[-117.45095,34.48478],[-117.45101,34.50648],[-117.43475,34.50662],[-117.42591,34.50666],[-117.41709,34.50671],[-117.41697,34.50671],[-117.39954,34.50668],[-117.39938,34.51406],[-117.39941,34.52134],[-117.39944,34.52856],[-117.3994,34.53582],[-117.39944,34.54185],[-117.39938,34.54313],[-117.36424,34.543],[-117.36409,34.55722],[-117.37406,34.55727],[-117.37412,34.55954],[-117.3742,34.56007],[-117.37407,34.56093],[-117.37424,34.57222],[-117.37686,34.57216],[-117.38302,34.57218],[-117.39848,34.57205],[-117.39852,34.57931],[-117.40074,34.57931],[-117.40076,34.58658],[-117.40083,34.60119],[-117.38991,34.60123],[-117.3899,34.61583],[-117.39166,34.61581],[-117.39186,34.63046],[-117.39175,34.6454],[-117.38306,34.64542],[-117.35914,34.64519],[-117.3591,34.64463],[-117.35658,34.64466],[-117.35649,34.63028],[-117.35642,34.62654],[-117.35317,34.60844],[-117.35105,34.60847],[-117.34943,34.60115],[-117.34762,34.59887],[-117.33888,34.58637],[-117.33888,34.58588],[-117.33889,34.58514],[-117.34487,34.58527],[-117.34438,34.58397],[-117.33887,34.58392],[-117.33448,34.58388],[-117.33449,34.57896],[-117.33442,34.57643],[-117.33288,34.57491],[-117.3314,34.57435],[-117.3231,34.57427],[-117.3279,34.57648],[-117.33006,34.57893],[-117.33205,34.58227],[-117.33231,34.58336],[-117.33132,34.58743],[-117.33169,34.59122],[-117.33262,34.59331],[-117.33195,34.59364],[-117.32573,34.59363],[-117.32583,34.58632],[-117.31304,34.58644],[-117.29511,34.58663],[-117.29183,34.58667],[-117.29127,34.58712],[-117.29025,34.58669],[-117.26889,34.58631],[-117.26869,34.5807],[-117.26869,34.58031],[-117.27635,34.57183],[-117.28186,34.56585],[-117.28173,34.55708],[-117.28239,34.55137],[-117.28231,34.54575],[-117.28219,34.53594],[-117.28524,34.53513],[-117.28741,34.53352],[-117.28698,34.53332],[-117.28747,34.53315],[-117.28655,34.53232],[-117.28654,34.52913],[-117.28531,34.52914],[-117.28499,34.52914],[-117.28423,34.52649],[-117.28359,34.52665],[-117.2816,34.52089],[-117.28014,34.51464],[-117.27755,34.51466],[-117.27737,34.50405],[-117.27733,34.50014],[-117.27736,34.49327],[-117.27737,34.48517],[-117.27732,34.4783],[-117.26844,34.47833],[-117.26842,34.4763],[-117.2678,34.47633],[-117.26765,34.47591],[-117.26524,34.47861],[-117.26222,34.47911],[-117.26285,34.48019],[-117.26035,34.48127],[-117.25982,34.48047],[-117.25889,34.4814],[-117.25617,34.48115],[-117.2542,34.48096],[-117.25355,34.47287],[-117.25404,34.47095],[-117.25546,34.47094],[-117.25526,34.45806],[-117.25483,34.45664],[-117.25102,34.45667],[-117.25091,34.45304],[-117.24689,34.45306],[-117.24643,34.4458],[-117.24218,34.44583],[-117.24203,34.43736],[-117.24201,34.43657],[-117.24199,34.43494],[-117.24023,34.43496],[-117.23821,34.43498],[-117.23814,34.43017],[-117.23791,34.41401],[-117.23789,34.41316],[-117.23775,34.40591],[-117.2418,34.40585],[-117.24178,34.4025],[-117.2418,34.40077],[-117.24154,34.36961],[-117.26347,34.3692],[-117.26341,34.35834],[-117.25466,34.35845],[-117.25464,34.35473],[-117.25354,34.35478],[-117.25349,34.35042],[-117.248,34.35054],[-117.24806,34.34731],[-117.24866,34.34626],[-117.25012,34.34525],[-117.25087,34.3461],[-117.2542,34.34406],[-117.27199,34.34382],[-117.27197,34.34026],[-117.2851,34.34012],[-117.28507,34.33658],[-117.28945,34.33655],[-117.28942,34.33295],[-117.27627,34.33309],[-117.2762,34.32579],[-117.26641,34.32606],[-117.25929,34.32596],[-117.25879,34.32779],[-117.25352,34.32761],[-117.2524,34.33125],[-117.25027,34.33119],[-117.2504,34.32565],[-117.2588,34.32597],[-117.25905,34.3203],[-117.25898,34.3112],[-117.26314,34.311],[-117.27608,34.31126],[-117.29365,34.31099],[-117.29366,34.30759],[-117.30725,34.30752],[-117.30911,34.30771],[-117.30952,34.31112],[-117.31198,34.31114],[-117.31063,34.31273],[-117.31064,34.31471],[-117.31218,34.31473],[-117.31336,34.31291],[-117.31334,34.31115],[-117.31818,34.3112],[-117.32008,34.31116],[-117.32791,34.30755],[-117.33523,34.30748],[-117.33525,34.31104],[-117.33678,34.31114],[-117.34598,34.31102],[-117.34586,34.30924],[-117.35024,34.30923],[-117.35029,34.311],[-117.35032,34.31425],[-117.36351,34.31669],[-117.36345,34.31082],[-117.3635,34.30364],[-117.38533,34.30357],[-117.38521,34.30732],[-117.38085,34.30732],[-117.38085,34.31098],[-117.37853,34.31099],[-117.37856,34.31464],[-117.37662,34.31453],[-117.37658,34.31897],[-117.38093,34.31972],[-117.38086,34.32274],[-117.37658,34.32275],[-117.37551,34.32366],[-117.37552,34.32637],[-117.37337,34.32817],[-117.37229,34.32817],[-117.37228,34.32638],[-117.37115,34.32634],[-117.3712,34.32275],[-117.37009,34.32185],[-117.36137,34.32183],[-117.36139,34.32545],[-117.35489,34.3254],[-117.35491,34.32904],[-117.35047,34.32908],[-117.35052,34.33634],[-117.33298,34.33638],[-117.33297,34.34004],[-117.32876,34.34003],[-117.32888,34.34353],[-117.32448,34.34362],[-117.32454,34.34713],[-117.31581,34.3473],[-117.31582,34.35091],[-117.31152,34.35101],[-117.31152,34.35464],[-117.30175,34.35463],[-117.30273,34.35543],[-117.30277,34.36191],[-117.29844,34.36192],[-117.29843,34.36553],[-117.2897,34.36552],[-117.28968,34.36913],[-117.33784,34.36876],[-117.34633,34.36863],[-117.34629,34.36623],[-117.34642,34.36619],[-117.34641,34.36575],[-117.35118,34.36532],[-117.35496,34.36351],[-117.35497,34.36152],[-117.35923,34.36154],[-117.35933,34.3615],[-117.36367,34.36154],[-117.3638,34.36732],[-117.36368,34.36818],[-117.36371,34.36885],[-117.3608,34.36887],[-117.35502,34.3687],[-117.35514,34.38316],[-117.35514,34.39772],[-117.35527,34.40703],[-117.35677,34.40996],[-117.35718,34.41036],[-117.3619,34.41034],[-117.36193,34.41225],[-117.36411,34.41224],[-117.36411,34.40851],[-117.3716,34.40853],[-117.37156,34.40487],[-117.36508,34.40485],[-117.36513,34.40645],[-117.36408,34.40666],[-117.36398,34.40487],[-117.3597,34.40487],[-117.35957,34.3977],[-117.36387,34.39766],[-117.36393,34.40308],[-117.36723,34.40303],[-117.36722,34.40127],[-117.37266,34.40129],[-117.3727,34.40489],[-117.38146,34.40488],[-117.38156,34.41222],[-117.385,34.41213],[-117.38814,34.41215],[-117.38817,34.4049],[-117.39027,34.40489],[-117.39443,34.40485],[-117.3974,34.40132],[-117.39683,34.39775],[-117.39909,34.39756],[-117.39906,34.39424],[-117.40289,34.39181],[-117.40371,34.39036],[-117.40686,34.39031],[-117.3998,34.38309],[-117.4086,34.38303],[-117.40975,34.37918],[-117.41769,34.37924],[-117.42036,34.37604],[-117.41637,34.37608],[-117.41626,34.36883],[-117.42485,34.36892],[-117.4248,34.36156],[-117.42864,34.36158],[-117.42861,34.35847],[-117.43319,34.35844],[-117.43346,34.35419],[-117.43799,34.35415],[-117.4406,34.35424],[-117.43783,34.35788],[-117.43783,34.36114]],[[-117.36434,34.50772],[-117.36434,34.51401],[-117.37313,34.51397],[-117.38178,34.51397],[-117.38183,34.51352],[-117.38178,34.50723],[-117.38065,34.5077],[-117.36434,34.50772]],[[-117.35993,34.4922],[-117.34679,34.49222],[-117.34679,34.48616],[-117.34136,34.48623],[-117.34011,34.4867],[-117.33615,34.4902],[-117.3349,34.49236],[-117.3328,34.49239],[-117.3323,34.4935],[-117.33456,34.49366],[-117.33448,34.50328],[-117.3345,34.50509],[-117.34677,34.50492],[-117.34675,34.50311],[-117.35117,34.5031],[-117.35118,34.50672],[-117.35914,34.50671],[-117.36426,34.49947],[-117.36008,34.49945],[-117.36011,34.4922],[-117.35993,34.4922]],[[-117.33986,34.57544],[-117.33776,34.57543],[-117.33674,34.5758],[-117.33583,34.5752],[-117.33558,34.57611],[-117.33824,34.5756],[-117.33994,34.57552],[-117.34325,34.57491],[-117.3414,34.57511],[-117.33938,34.57421],[-117.33986,34.57544]],[[-117.33486,34.57896],[-117.33486,34.57995],[-117.33809,34.5799],[-117.33808,34.57896],[-117.33579,34.57898],[-117.33486,34.57896]]]}},{"type":"Feature","properties":{"name":"MODE","boundary_type":"city","source":"Census TIGER place","fidelity":"exact","updated":"2026-09","units":"Santa Monica city","note":"Mobility On-Demand Every Day; Big Blue Bus service within Santa Monica.","confidence":0.9},"geometry":{"type":"Polygon","coordinates":[[[-118.51232,34.03019],[-118.50935,34.03279],[-118.50867,34.03297],[-118.50872,34.03303],[-118.50769,34.03627],[-118.50753,34.04008],[-118.50396,34.04072],[-118.49448,34.05043],[-118.49386,34.05004],[-118.49182,34.0483],[-118.48888,34.04578],[-118.48377,34.04143],[-118.48001,34.04446],[-118.47965,34.04511],[-118.47946,34.04508],[-118.47937,34.04515],[-118.47844,34.04563],[-118.47787,34.04638],[-118.47728,34.0467],[-118.47446,34.04428],[-118.47372,34.04404],[-118.47096,34.04128],[-118.47089,34.04133],[-118.46929,34.03997],[-118.46772,34.03863],[-118.46459,34.03596],[-118.46146,34.03328],[-118.45917,34.03133],[-118.4577,34.03164],[-118.45708,34.02971],[-118.453,34.02796],[-118.45267,34.02757],[-118.44887,34.02297],[-118.44352,34.01658],[-118.44703,34.01471],[-118.45599,34.00999],[-118.45876,34.00856],[-118.46409,34.00577],[-118.4689,34.00317],[-118.47019,34.00249],[-118.47358,34.00068],[-118.47662,33.99909],[-118.47762,33.99857],[-118.47846,33.99808],[-118.47992,33.99735],[-118.48224,33.99561],[-118.48261,33.99599],[-118.48682,34.0003],[-118.49243,34.00604],[-118.5022,34.01604],[-118.50334,34.01721],[-118.50904,34.02086],[-118.51669,34.02577],[-118.51524,34.02694],[-118.51232,34.03019]]]}},{"type":"Feature","properties":{"name":"MoGo","boundary_type":"city","source":"Census TIGER place","fidelity":"exact","updated":"2026-09","units":"Morgan Hill city","note":"City of Morgan Hill microtransit service","confidence":0.95},"geometry":{"type":"Polygon","coordinates":[[[-121.69701,37.12915],[-121.69287,37.12706],[-121.69066,37.12516],[-121.68712,37.12464],[-121.68652,37.12587],[-121.69313,37.1318],[-121.69312,37.13377],[-121.67251,37.14412],[-121.67038,37.14211],[-121.66898,37.14281],[-121.6703,37.14548],[-121.67856,37.15027],[-121.68145,37.15088],[-121.67914,37.15295],[-121.6811,37.15493],[-121.67839,37.15677],[-121.67708,37.15597],[-121.67714,37.15604],[-121.67607,37.15679],[-121.67388,37.15468],[-121.67225,37.15579],[-121.67445,37.15792],[-121.66913,37.16164],[-121.66684,37.15961],[-121.67077,37.15647],[-121.66855,37.15479],[-121.66523,37.15163],[-121.65676,37.15711],[-121.65465,37.15862],[-121.65422,37.16063],[-121.64958,37.16834],[-121.6489,37.16972],[-121.64219,37.16862],[-121.64146,37.16754],[-121.63356,37.16504],[-121.63314,37.16463],[-121.63354,37.16316],[-121.6301,37.16175],[-121.62914,37.15789],[-121.63307,37.15522],[-121.63733,37.15688],[-121.64237,37.15127],[-121.64046,37.14921],[-121.64531,37.14532],[-121.64936,37.14222],[-121.64694,37.14022],[-121.64577,37.14111],[-121.64338,37.13904],[-121.64233,37.1399],[-121.64425,37.14146],[-121.64325,37.14219],[-121.64117,37.14105],[-121.63617,37.14489],[-121.63683,37.14542],[-121.63577,37.14626],[-121.63993,37.14963],[-121.63579,37.15302],[-121.63491,37.15237],[-121.63666,37.15029],[-121.63303,37.14727],[-121.64064,37.14129],[-121.63634,37.1368],[-121.63445,37.13832],[-121.63195,37.13544],[-121.62992,37.13623],[-121.63058,37.13733],[-121.62852,37.13811],[-121.63144,37.14067],[-121.62385,37.14665],[-121.61682,37.14094],[-121.61543,37.13852],[-121.61277,37.13949],[-121.61191,37.14045],[-121.61384,37.14203],[-121.60378,37.14991],[-121.61716,37.15794],[-121.6168,37.16243],[-121.61488,37.16088],[-121.61178,37.15919],[-121.61187,37.15816],[-121.60849,37.15752],[-121.60566,37.15547],[-121.60521,37.15443],[-121.60361,37.15452],[-121.60294,37.15279],[-121.60022,37.15129],[-121.59965,37.14982],[-121.59682,37.14865],[-121.59675,37.14832],[-121.59609,37.14856],[-121.59591,37.14849],[-121.59515,37.14906],[-121.59507,37.14916],[-121.59472,37.14976],[-121.59342,37.14988],[-121.59358,37.14817],[-121.59421,37.14836],[-121.59428,37.14426],[-121.59341,37.14658],[-121.59149,37.14899],[-121.5907,37.15099],[-121.58518,37.1527],[-121.58454,37.14673],[-121.58417,37.13908],[-121.58328,37.1375],[-121.58507,37.13862],[-121.58739,37.13809],[-121.58665,37.13677],[-121.58998,37.1349],[-121.59191,37.13469],[-121.59692,37.13288],[-121.59755,37.13272],[-121.59833,37.13367],[-121.60029,37.13299],[-121.59845,37.12987],[-121.59305,37.12088],[-121.58878,37.12248],[-121.58325,37.11183],[-121.58462,37.11123],[-121.58388,37.10983],[-121.58883,37.10803],[-121.58928,37.10789],[-121.59289,37.11472],[-121.59263,37.11494],[-121.59534,37.1199],[-121.59541,37.12001],[-121.59369,37.12047],[-121.5991,37.12963],[-121.60096,37.13275],[-121.6025,37.13217],[-121.60309,37.13319],[-121.60715,37.13164],[-121.61053,37.13034],[-121.61416,37.13648],[-121.62726,37.13147],[-121.62351,37.12518],[-121.62508,37.12458],[-121.62395,37.12271],[-121.62541,37.12182],[-121.62288,37.12058],[-121.62641,37.11913],[-121.62873,37.11822],[-121.62538,37.11715],[-121.63411,37.11382],[-121.63228,37.11201],[-121.6303,37.11275],[-121.62897,37.11072],[-121.62976,37.10956],[-121.63517,37.10763],[-121.63176,37.10563],[-121.63258,37.10686],[-121.62861,37.1082],[-121.6278,37.10742],[-121.62994,37.10521],[-121.6306,37.10489],[-121.62998,37.1045],[-121.62944,37.10508],[-121.62906,37.10484],[-121.62716,37.10679],[-121.62104,37.10086],[-121.62321,37.10005],[-121.63065,37.10469],[-121.63133,37.10395],[-121.63178,37.10423],[-121.63384,37.10208],[-121.63778,37.10512],[-121.6417,37.10012],[-121.63438,37.09552],[-121.63298,37.09695],[-121.62956,37.09475],[-121.62429,37.09698],[-121.62078,37.09589],[-121.61835,37.097],[-121.61675,37.09564],[-121.61645,37.09527],[-121.61953,37.09526],[-121.62148,37.09418],[-121.62957,37.09201],[-121.62885,37.09057],[-121.6295,37.09042],[-121.63021,37.08906],[-121.63368,37.08882],[-121.63596,37.08893],[-121.63794,37.09002],[-121.6394,37.09126],[-121.64015,37.09129],[-121.64394,37.09108],[-121.64477,37.0903],[-121.64485,37.09025],[-121.64511,37.08982],[-121.6454,37.09013],[-121.64807,37.09195],[-121.64631,37.0942],[-121.6493,37.09837],[-121.65149,37.09847],[-121.65323,37.09733],[-121.65739,37.10139],[-121.65831,37.10395],[-121.65632,37.10494],[-121.65311,37.10262],[-121.65116,37.10456],[-121.65233,37.10526],[-121.64712,37.10929],[-121.64806,37.11131],[-121.64914,37.11071],[-121.65231,37.11631],[-121.65237,37.11868],[-121.65408,37.11839],[-121.6584,37.1168],[-121.65906,37.11805],[-121.66169,37.1171],[-121.66182,37.11708],[-121.66185,37.11749],[-121.66846,37.11721],[-121.66708,37.11654],[-121.66592,37.11599],[-121.66424,37.11644],[-121.66413,37.11456],[-121.66523,37.11494],[-121.66829,37.11644],[-121.66977,37.11713],[-121.67223,37.11733],[-121.67108,37.11884],[-121.67312,37.1208],[-121.67035,37.12918],[-121.66879,37.13133],[-121.67282,37.13514],[-121.67301,37.13502],[-121.67622,37.13281],[-121.67494,37.13158],[-121.67662,37.13015],[-121.67454,37.12809],[-121.67637,37.12776],[-121.68084,37.12465],[-121.67842,37.1242],[-121.67685,37.12305],[-121.6784,37.12241],[-121.67993,37.12077],[-121.68242,37.12005],[-121.68688,37.12054],[-121.69,37.12037],[-121.69348,37.12139],[-121.69784,37.12336],[-121.69805,37.12401],[-121.69701,37.12915]]]}},{"type":"Feature","properties":{"name":"Morongo Dial-A-Ride","boundary_type":"tribal","source":"Census TIGER AIANNH area","fidelity":"exact","updated":"2026-09","units":"Morongo Reservation and Off-Reservation Trust Land","note":"Service restricted to Morongo Indian Reservation; also serves Banning/San Gorgonio Pass area residents with tribal affiliation","confidence":0.85},"geometry":{"type":"MultiPolygon","coordinates":[[[[-116.87704,33.87171],[-116.86445,33.87168],[-116.86034,33.87168],[-116.86031,33.86637],[-116.86026,33.85675],[-116.8775,33.85673],[-116.87727,33.86422],[-116.86796,33.86424],[-116.86787,33.86789],[-116.87715,33.86797],[-116.87704,33.87171]]],[[[-116.8244,33.90071],[-116.82426,33.88621],[-116.82426,33.88609],[-116.84204,33.88626],[-116.84236,33.87804],[-116.84229,33.87166],[-116.86034,33.87168],[-116.8593,33.88514],[-116.85912,33.88571],[-116.85699,33.88577],[-116.84204,33.88628],[-116.84196,33.90089],[-116.8244,33.90071]]],[[[-116.90078,33.89617],[-116.89424,33.8961],[-116.89405,33.88676],[-116.90483,33.88628],[-116.91184,33.88625],[-116.91162,33.89608],[-116.90276,33.89619],[-116.9028,33.89982],[-116.9006,33.89986],[-116.9006,33.89684],[-116.90078,33.89617]]],[[[-116.85925,33.88571],[-116.87657,33.88672],[-116.87673,33.90332],[-116.85926,33.90329],[-116.85927,33.9011],[-116.85924,33.88943],[-116.85925,33.88571]]],[[[-116.85931,33.90687],[-116.84196,33.90683],[-116.84195,33.90341],[-116.85852,33.90337],[-116.8593,33.90441],[-116.85931,33.90687]]],[[[-116.92063,33.94711],[-116.92044,33.94719],[-116.91208,33.94718],[-116.91181,33.93982],[-116.92062,33.93982],[-116.92063,33.94711]]],[[[-116.79805,33.86613],[-116.80025,33.86617],[-116.80029,33.86438],[-116.79807,33.86436],[-116.79809,33.86246],[-116.79594,33.86245],[-116.796,33.86433],[-116.78942,33.86425],[-116.78948,33.85715],[-116.8039,33.85698],[-116.80658,33.85696],[-116.80697,33.86446],[-116.80662,33.87135],[-116.79583,33.87138],[-116.79587,33.86784],[-116.79803,33.86785],[-116.79805,33.86613]]],[[[-116.76322,33.89608],[-116.75456,33.89608],[-116.75445,33.89607],[-116.75451,33.88618],[-116.77197,33.88608],[-116.77193,33.87871],[-116.78926,33.87878],[-116.78936,33.88599],[-116.77201,33.88608],[-116.77197,33.89349],[-116.76322,33.89348],[-116.76322,33.89561],[-116.76322,33.89608]]],[[[-116.79374,33.89341],[-116.78939,33.89332],[-116.78936,33.88599],[-116.79724,33.88573],[-116.80677,33.88542],[-116.80677,33.88616],[-116.80675,33.89727],[-116.79807,33.89713],[-116.79807,33.89604],[-116.79378,33.89601],[-116.79374,33.89341]]],[[[-116.73694,33.9034],[-116.71993,33.90325],[-116.71993,33.88617],[-116.73703,33.88622],[-116.73694,33.9034]]],[[[-116.79807,33.89972],[-116.79808,33.90336],[-116.79763,33.90336],[-116.79374,33.90341],[-116.79373,33.90094],[-116.79373,33.89968],[-116.79807,33.89972]]],[[[-116.8249,34.01936],[-116.82481,34.0039],[-116.81593,34.00422],[-116.80724,34.00482],[-116.80728,34.01936],[-116.77239,34.01944],[-116.77218,33.97597],[-116.71988,33.97619],[-116.71971,33.9618],[-116.72844,33.96174],[-116.72849,33.95452],[-116.71972,33.95458],[-116.71967,33.94758],[-116.73741,33.94724],[-116.73725,33.93289],[-116.73724,33.93267],[-116.71969,33.93263],[-116.71979,33.92273],[-116.71974,33.92232],[-116.7198,33.9179],[-116.73727,33.91804],[-116.73701,33.90607],[-116.73694,33.9034],[-116.73749,33.90334],[-116.74856,33.90351],[-116.75447,33.90345],[-116.75447,33.90479],[-116.75462,33.91798],[-116.77204,33.91797],[-116.77208,33.91888],[-116.77212,33.92531],[-116.78075,33.92499],[-116.78071,33.91927],[-116.78946,33.91927],[-116.78946,33.9189],[-116.78946,33.91797],[-116.8068,33.91803],[-116.80681,33.92152],[-116.80679,33.92924],[-116.80743,33.92923],[-116.80753,33.92969],[-116.80735,33.92984],[-116.80751,33.92995],[-116.80713,33.93049],[-116.80676,33.93031],[-116.80674,33.93261],[-116.7895,33.93261],[-116.78954,33.93991],[-116.79384,33.93991],[-116.7938,33.94701],[-116.80678,33.947],[-116.80674,33.93266],[-116.81027,33.9327],[-116.82447,33.93271],[-116.82447,33.93263],[-116.82453,33.93263],[-116.82453,33.93207],[-116.82463,33.93031],[-116.8245,33.9282],[-116.82454,33.91812],[-116.84188,33.91802],[-116.84183,33.92783],[-116.84192,33.9288],[-116.84153,33.93339],[-116.84626,33.93351],[-116.85773,33.93355],[-116.85928,33.93264],[-116.85949,33.93446],[-116.85954,33.93805],[-116.85962,33.94633],[-116.85964,33.94719],[-116.87693,33.94716],[-116.87704,33.94769],[-116.87701,33.9544],[-116.87679,33.9544],[-116.87711,34.0158],[-116.87695,34.01939],[-116.85973,34.01944],[-116.85936,34.0052],[-116.84211,34.00486],[-116.84234,34.01934],[-116.8249,34.01936]],[[-116.74646,33.93268],[-116.74972,33.93267],[-116.75453,33.93259],[-116.75451,33.9281],[-116.75149,33.92805],[-116.75147,33.9267],[-116.7537,33.92671],[-116.7537,33.92715],[-116.75449,33.92715],[-116.75445,33.92114],[-116.74675,33.92172],[-116.73856,33.92469],[-116.73723,33.92494],[-116.73724,33.93267],[-116.74646,33.93268]],[[-116.84073,33.93239],[-116.84074,33.92983],[-116.84179,33.92883],[-116.83957,33.92913],[-116.83526,33.9304],[-116.83687,33.93121],[-116.83687,33.93241],[-116.84073,33.93239]],[[-116.83331,33.93086],[-116.83331,33.93059],[-116.8321,33.93098],[-116.83212,33.93243],[-116.83332,33.93242],[-116.83331,33.93086]],[[-116.78972,33.99775],[-116.78099,33.99776],[-116.781,34.005],[-116.7858,34.00506],[-116.78975,34.005],[-116.78972,33.99775]],[[-116.7897,33.9905],[-116.78688,33.99051],[-116.78537,33.99051],[-116.7854,33.99414],[-116.78971,33.99412],[-116.7897,33.9905]],[[-116.78934,33.92458],[-116.78825,33.92459],[-116.78827,33.9264],[-116.78922,33.92639],[-116.78936,33.92639],[-116.78934,33.92458]]]]}},{"type":"Feature","properties":{"name":"MST On Call","boundary_type":"county","source":"Census TIGER county","fidelity":"exact","updated":"2026-09","units":"Monterey County","note":"Monterey-Salinas Transit operates county-wide; noted service to South County deep rural communities.","confidence":0.9},"geometry":{"type":"Polygon","coordinates":[[[-121.97526,36.57995],[-121.97487,36.58045],[-121.97498,36.5819],[-121.97443,36.58243],[-121.97439,36.58256],[-121.97424,36.58305],[-121.97188,36.5832],[-121.97086,36.58221],[-121.9679,36.58231],[-121.96417,36.58782],[-121.96382,36.58833],[-121.96332,36.58907],[-121.9643,36.59041],[-121.96388,36.59122],[-121.96115,36.59647],[-121.96205,36.59858],[-121.9607,36.60334],[-121.95935,36.60417],[-121.95815,36.60896],[-121.95588,36.60974],[-121.95174,36.60845],[-121.94697,36.61096],[-121.94599,36.61411],[-121.94514,36.61479],[-121.94278,36.61668],[-121.94134,36.61784],[-121.94107,36.61806],[-121.94132,36.62269],[-121.93954,36.62582],[-121.93837,36.62682],[-121.93828,36.62723],[-121.93762,36.63011],[-121.93855,36.63243],[-121.93855,36.63391],[-121.93643,36.63675],[-121.93097,36.63692],[-121.92967,36.63696],[-121.92595,36.63528],[-121.92573,36.63518],[-121.92456,36.63465],[-121.92448,36.63455],[-121.92234,36.63195],[-121.92173,36.6284],[-121.92166,36.62837],[-121.92155,36.62833],[-121.91752,36.62658],[-121.91593,36.62646],[-121.91626,36.62488],[-121.91416,36.62305],[-121.91158,36.62246],[-121.90953,36.62097],[-121.9044,36.62058],[-121.90221,36.61845],[-121.89717,36.61352],[-121.89752,36.61227],[-121.89523,36.60947],[-121.89283,36.60942],[-121.89196,36.60799],[-121.89153,36.60727],[-121.88932,36.60362],[-121.88955,36.60205],[-121.88958,36.60188],[-121.88966,36.60135],[-121.88717,36.60094],[-121.88684,36.60093],[-121.88329,36.60088],[-121.87582,36.60226],[-121.87159,36.60415],[-121.86618,36.60656],[-121.85836,36.61197],[-121.85757,36.61251],[-121.85712,36.61294],[-121.85072,36.61892],[-121.84177,36.62918],[-121.84154,36.62947],[-121.83726,36.6349],[-121.82477,36.65582],[-121.81843,36.66886],[-121.8137,36.68236],[-121.81367,36.68246],[-121.80897,36.69855],[-121.8079,36.70566],[-121.80663,36.71414],[-121.80624,36.72833],[-121.80564,36.75024],[-121.80518,36.75182],[-121.8051,36.75207],[-121.8051,36.75209],[-121.79814,36.77568],[-121.79493,36.78655],[-121.79314,36.79123],[-121.78828,36.80399],[-121.78943,36.80793],[-121.79052,36.81167],[-121.79154,36.81519],[-121.79918,36.82733],[-121.80336,36.83607],[-121.80428,36.83801],[-121.80936,36.84865],[-121.81055,36.85065],[-121.81047,36.85067],[-121.80795,36.85271],[-121.8017,36.85655],[-121.80084,36.85755],[-121.80049,36.85883],[-121.80081,36.86133],[-121.80291,36.8656],[-121.8035,36.86744],[-121.80265,36.86933],[-121.79906,36.87204],[-121.79736,36.87369],[-121.79553,36.87621],[-121.79431,36.87887],[-121.79322,36.88002],[-121.78993,36.88179],[-121.78775,36.88426],[-121.78701,36.88497],[-121.78565,36.88554],[-121.78437,36.88577],[-121.7839,36.88565],[-121.78327,36.8853],[-121.78355,36.88584],[-121.78022,36.88384],[-121.77953,36.88361],[-121.77611,36.8833],[-121.7725,36.88377],[-121.77227,36.88385],[-121.76936,36.88518],[-121.76506,36.88827],[-121.76416,36.89149],[-121.76054,36.89436],[-121.75748,36.89998],[-121.75473,36.90217],[-121.75412,36.90277],[-121.7533,36.90371],[-121.75131,36.90533],[-121.74783,36.90725],[-121.74536,36.90929],[-121.74444,36.90946],[-121.74021,36.90853],[-121.73606,36.90851],[-121.72838,36.91141],[-121.72701,36.91398],[-121.72559,36.91434],[-121.72182,36.91303],[-121.71855,36.91056],[-121.71542,36.90887],[-121.7138,36.90925],[-121.71252,36.91076],[-121.71,36.9153],[-121.70681,36.91513],[-121.70266,36.91816],[-121.69996,36.91968],[-121.69848,36.91855],[-121.69846,36.91674],[-121.70096,36.91368],[-121.70679,36.9112],[-121.70553,36.9095],[-121.70232,36.90817],[-121.6991,36.9111],[-121.69744,36.91161],[-121.69469,36.91],[-121.6863,36.90785],[-121.68062,36.90328],[-121.67643,36.90548],[-121.67582,36.90611],[-121.67346,36.90817],[-121.67053,36.90919],[-121.66766,36.91203],[-121.66205,36.91409],[-121.6579,36.91381],[-121.65523,36.91286],[-121.65353,36.91137],[-121.6522,36.9092],[-121.65216,36.90805],[-121.6537,36.90378],[-121.65323,36.90212],[-121.65162,36.90067],[-121.65005,36.90022],[-121.64824,36.90239],[-121.64656,36.90283],[-121.64599,36.90212],[-121.64545,36.89793],[-121.64605,36.89648],[-121.64563,36.89424],[-121.644,36.894],[-121.64363,36.89185],[-121.64128,36.87983],[-121.64256,36.8737],[-121.63011,36.85703],[-121.63003,36.85692],[-121.62605,36.85172],[-121.62266,36.84772],[-121.62209,36.8462],[-121.5977,36.83735],[-121.57474,36.81805],[-121.56056,36.8055],[-121.54812,36.79448],[-121.53563,36.78412],[-121.50575,36.75891],[-121.50401,36.7572],[-121.50243,36.7602],[-121.49742,36.7604],[-121.49574,36.76197],[-121.49259,36.76331],[-121.49168,36.7628],[-121.48903,36.76386],[-121.48433,36.76424],[-121.483,36.76505],[-121.48186,36.76546],[-121.47928,36.76108],[-121.47722,36.76065],[-121.47437,36.75667],[-121.47666,36.75341],[-121.47611,36.75108],[-121.47565,36.74921],[-121.47442,36.7494],[-121.473,36.74632],[-121.47138,36.74545],[-121.46658,36.74556],[-121.46555,36.74348],[-121.46411,36.74419],[-121.46237,36.74385],[-121.46175,36.74209],[-121.46003,36.74094],[-121.46017,36.73726],[-121.45783,36.73634],[-121.45966,36.73552],[-121.45889,36.73383],[-121.45443,36.73098],[-121.45467,36.73],[-121.45265,36.72921],[-121.45229,36.72798],[-121.45256,36.72624],[-121.45134,36.72479],[-121.45308,36.72304],[-121.45307,36.7212],[-121.45587,36.72138],[-121.4584,36.71915],[-121.46014,36.71884],[-121.46159,36.71764],[-121.46262,36.71834],[-121.46412,36.71757],[-121.46602,36.71811],[-121.46782,36.71718],[-121.47438,36.71673],[-121.47681,36.71526],[-121.48337,36.7155],[-121.48396,36.71458],[-121.48451,36.71306],[-121.48332,36.7101],[-121.48233,36.70963],[-121.48159,36.70752],[-121.48049,36.70654],[-121.48171,36.70459],[-121.47855,36.70291],[-121.47748,36.70302],[-121.47754,36.70139],[-121.47668,36.69996],[-121.47491,36.69905],[-121.47537,36.69782],[-121.47282,36.69689],[-121.47184,36.69358],[-121.46939,36.69077],[-121.46838,36.6865],[-121.46902,36.68543],[-121.46543,36.68473],[-121.46297,36.68518],[-121.46096,36.68669],[-121.45896,36.68572],[-121.45866,36.68442],[-121.45684,36.68196],[-121.45532,36.68182],[-121.45374,36.67993],[-121.4515,36.67994],[-121.44953,36.67876],[-121.44611,36.67377],[-121.44433,36.67315],[-121.44083,36.67416],[-121.43923,36.67574],[-121.43791,36.67559],[-121.43589,36.67737],[-121.43281,36.67785],[-121.43157,36.67873],[-121.42918,36.67761],[-121.42539,36.67516],[-121.42343,36.67451],[-121.41987,36.67309],[-121.41553,36.67306],[-121.41484,36.67246],[-121.41178,36.66647],[-121.41205,36.66485],[-121.4109,36.66282],[-121.40923,36.66116],[-121.40982,36.65996],[-121.40835,36.65666],[-121.40699,36.65604],[-121.40195,36.65542],[-121.39891,36.65703],[-121.39625,36.65675],[-121.39586,36.65543],[-121.39114,36.65465],[-121.39003,36.65561],[-121.38837,36.65463],[-121.38611,36.6549],[-121.38358,36.65327],[-121.38072,36.65403],[-121.37833,36.65286],[-121.37342,36.65547],[-121.37116,36.65543],[-121.36803,36.65674],[-121.36616,36.65638],[-121.36315,36.65467],[-121.35951,36.65281],[-121.35749,36.65081],[-121.35488,36.64944],[-121.35317,36.64946],[-121.35213,36.64775],[-121.35009,36.64836],[-121.35067,36.64617],[-121.34901,36.64294],[-121.34659,36.64315],[-121.34539,36.64127],[-121.34231,36.63952],[-121.34159,36.63801],[-121.34312,36.63675],[-121.34348,36.63542],[-121.34161,36.63331],[-121.34209,36.63135],[-121.33995,36.62918],[-121.3384,36.62839],[-121.33583,36.62496],[-121.33525,36.62348],[-121.33225,36.62036],[-121.33033,36.62005],[-121.32952,36.6187],[-121.32446,36.61463],[-121.3231,36.61253],[-121.31837,36.61003],[-121.3184,36.60824],[-121.31967,36.60653],[-121.31871,36.60485],[-121.32155,36.6043],[-121.32378,36.60237],[-121.325,36.59844],[-121.32513,36.59166],[-121.32419,36.59025],[-121.32437,36.58817],[-121.32735,36.58589],[-121.32723,36.58418],[-121.32533,36.58375],[-121.32494,36.58245],[-121.32628,36.58076],[-121.32499,36.58019],[-121.32347,36.57787],[-121.32587,36.57651],[-121.32863,36.57664],[-121.33139,36.57623],[-121.33392,36.5744],[-121.33348,36.57168],[-121.33125,36.5705],[-121.33163,36.56592],[-121.33077,36.56349],[-121.33171,36.56195],[-121.32888,36.56146],[-121.32976,36.55801],[-121.32914,36.55544],[-121.32828,36.55456],[-121.32599,36.5535],[-121.32144,36.55281],[-121.31925,36.55182],[-121.31841,36.55068],[-121.31612,36.54948],[-121.31348,36.54992],[-121.31168,36.54825],[-121.31004,36.5459],[-121.30774,36.54496],[-121.30787,36.54333],[-121.30514,36.54074],[-121.30156,36.53924],[-121.30115,36.5376],[-121.29871,36.53466],[-121.29851,36.53306],[-121.29677,36.53231],[-121.29712,36.53026],[-121.29602,36.52925],[-121.29536,36.52713],[-121.29689,36.52599],[-121.29782,36.52382],[-121.30063,36.52261],[-121.30325,36.52013],[-121.30312,36.51841],[-121.30482,36.51737],[-121.30719,36.51681],[-121.30731,36.51422],[-121.30676,36.51217],[-121.30837,36.51033],[-121.31073,36.50875],[-121.30978,36.50621],[-121.31197,36.50459],[-121.31179,36.50274],[-121.30902,36.49957],[-121.30771,36.49967],[-121.30594,36.50222],[-121.3045,36.50246],[-121.30205,36.50507],[-121.29984,36.50564],[-121.29715,36.50394],[-121.29599,36.50521],[-121.29453,36.50611],[-121.29179,36.50606],[-121.29097,36.50548],[-121.28815,36.50538],[-121.28722,36.50476],[-121.28496,36.5057],[-121.28409,36.50393],[-121.28199,36.50271],[-121.27847,36.50239],[-121.27561,36.5033],[-121.27225,36.50317],[-121.27117,36.50224],[-121.26896,36.50197],[-121.26648,36.50237],[-121.2652,36.50368],[-121.26309,36.50344],[-121.2596,36.50446],[-121.25788,36.50453],[-121.25488,36.50351],[-121.25219,36.50559],[-121.24984,36.50473],[-121.24722,36.50687],[-121.24409,36.50691],[-121.24292,36.50558],[-121.23929,36.50478],[-121.23953,36.50343],[-121.23876,36.50135],[-121.23729,36.49997],[-121.2379,36.49949],[-121.23686,36.49762],[-121.23458,36.49618],[-121.23292,36.49313],[-121.23101,36.49204],[-121.23249,36.48941],[-121.23082,36.48814],[-121.2303,36.48626],[-121.22811,36.4846],[-121.22885,36.48161],[-121.22795,36.48068],[-121.23047,36.47856],[-121.22951,36.47528],[-121.22546,36.47199],[-121.22328,36.47247],[-121.22236,36.47384],[-121.22067,36.47381],[-121.21937,36.4725],[-121.21682,36.47403],[-121.21511,36.47322],[-121.21392,36.47017],[-121.20982,36.4648],[-121.20556,36.46242],[-121.20204,36.45794],[-121.19904,36.45646],[-121.19767,36.45506],[-121.19792,36.45172],[-121.196,36.44807],[-121.19346,36.44575],[-121.15318,36.4139],[-121.12037,36.38789],[-121.11662,36.38495],[-121.0408,36.32397],[-121.0402,36.27117],[-121.03697,36.27237],[-121.03571,36.27367],[-121.0364,36.2753],[-121.03577,36.27558],[-121.03361,36.27521],[-121.03027,36.27588],[-121.02773,36.27546],[-121.02565,36.27218],[-121.02588,36.27046],[-121.02862,36.2698],[-121.02866,36.26723],[-121.0277,36.26421],[-121.02618,36.26315],[-121.02766,36.26179],[-121.02724,36.25989],[-121.02471,36.25993],[-121.02234,36.26147],[-121.02046,36.25997],[-121.01892,36.25964],[-121.01812,36.26158],[-121.01621,36.26382],[-121.01551,36.2679],[-121.01416,36.26859],[-121.0131,36.2677],[-121.01317,36.26597],[-121.01176,36.26453],[-121.0109,36.26522],[-121.01046,36.26885],[-121.00454,36.26707],[-121.00246,36.26806],[-121.00017,36.27081],[-120.9947,36.2699],[-120.99241,36.26992],[-120.99079,36.27128],[-120.98985,36.2738],[-120.98749,36.27514],[-120.98721,36.27733],[-120.98814,36.28007],[-120.98773,36.28262],[-120.98807,36.28523],[-120.98506,36.29021],[-120.98645,36.292],[-120.9858,36.29294],[-120.98456,36.29262],[-120.98281,36.29117],[-120.98072,36.29108],[-120.97881,36.29001],[-120.97559,36.29056],[-120.9736,36.29017],[-120.97227,36.2878],[-120.97024,36.28723],[-120.9645,36.28265],[-120.96425,36.28049],[-120.96269,36.28102],[-120.95913,36.28073],[-120.95828,36.27844],[-120.95665,36.27597],[-120.95343,36.27471],[-120.94868,36.27793],[-120.94546,36.27901],[-120.94258,36.28048],[-120.93916,36.28346],[-120.93927,36.28533],[-120.94121,36.2866],[-120.9372,36.28867],[-120.93633,36.28956],[-120.93457,36.28933],[-120.93443,36.29068],[-120.9361,36.29251],[-120.93648,36.29415],[-120.93424,36.29594],[-120.9331,36.29977],[-120.93038,36.30138],[-120.9275,36.30062],[-120.9257,36.30213],[-120.92616,36.30639],[-120.92555,36.30808],[-120.92382,36.30994],[-120.91978,36.31098],[-120.91814,36.31056],[-120.91612,36.30884],[-120.91279,36.30874],[-120.91171,36.30826],[-120.91043,36.30558],[-120.90711,36.30361],[-120.90488,36.30403],[-120.90471,36.3023],[-120.89902,36.30076],[-120.89851,36.29933],[-120.89634,36.29753],[-120.89237,36.29249],[-120.88922,36.29036],[-120.88692,36.29283],[-120.88325,36.29408],[-120.8817,36.29336],[-120.88048,36.29488],[-120.87873,36.29538],[-120.87389,36.29517],[-120.87155,36.29338],[-120.86933,36.29371],[-120.86647,36.29216],[-120.86508,36.29258],[-120.86247,36.28983],[-120.86078,36.29057],[-120.85966,36.29011],[-120.85982,36.28812],[-120.85676,36.28611],[-120.85629,36.28469],[-120.85202,36.28596],[-120.851,36.285],[-120.85135,36.2832],[-120.84962,36.28169],[-120.84768,36.28176],[-120.84502,36.28089],[-120.84387,36.27896],[-120.84028,36.27664],[-120.83935,36.27449],[-120.83984,36.27362],[-120.83858,36.27217],[-120.83671,36.27151],[-120.83752,36.27073],[-120.83907,36.27153],[-120.83935,36.27057],[-120.83745,36.26671],[-120.83621,36.26556],[-120.83706,36.26274],[-120.83313,36.26204],[-120.83285,36.25921],[-120.82945,36.25955],[-120.82811,36.25835],[-120.82952,36.25725],[-120.82706,36.25697],[-120.82558,36.25773],[-120.82567,36.25441],[-120.82464,36.25515],[-120.82371,36.25728],[-120.82158,36.25599],[-120.82114,36.25417],[-120.81894,36.25327],[-120.81428,36.2531],[-120.81302,36.25026],[-120.81077,36.2517],[-120.81044,36.2485],[-120.8118,36.24735],[-120.81217,36.2452],[-120.80973,36.24483],[-120.80691,36.24324],[-120.80651,36.24104],[-120.80547,36.24017],[-120.80277,36.23999],[-120.80175,36.24065],[-120.80032,36.23921],[-120.80189,36.23744],[-120.79893,36.23548],[-120.79657,36.2364],[-120.79491,36.23642],[-120.79431,36.23464],[-120.79128,36.23418],[-120.78928,36.235],[-120.78876,36.2324],[-120.789,36.23054],[-120.78306,36.22896],[-120.78065,36.22482],[-120.7815,36.22307],[-120.78089,36.22236],[-120.77897,36.22322],[-120.77478,36.21991],[-120.77233,36.22017],[-120.77061,36.21882],[-120.76926,36.21665],[-120.76858,36.21409],[-120.76571,36.21377],[-120.76524,36.21303],[-120.76697,36.21067],[-120.76663,36.20972],[-120.76379,36.20909],[-120.76237,36.20502],[-120.76038,36.20309],[-120.75869,36.20208],[-120.75634,36.20331],[-120.7531,36.19974],[-120.7486,36.19882],[-120.74668,36.19978],[-120.74379,36.19912],[-120.74309,36.1993],[-120.74077,36.20013],[-120.74049,36.20096],[-120.73852,36.2015],[-120.73583,36.20317],[-120.73222,36.20361],[-120.73139,36.20355],[-120.73053,36.2016],[-120.72855,36.20272],[-120.72726,36.20145],[-120.72478,36.20132],[-120.72293,36.19997],[-120.72043,36.19956],[-120.72079,36.19849],[-120.71886,36.19788],[-120.71843,36.19685],[-120.71277,36.19857],[-120.71187,36.19836],[-120.71126,36.20041],[-120.70951,36.20141],[-120.70699,36.2037],[-120.70612,36.20373],[-120.70621,36.20591],[-120.70554,36.20686],[-120.70576,36.2092],[-120.70486,36.21167],[-120.7059,36.2123],[-120.70601,36.2185],[-120.70689,36.22039],[-120.7066,36.22469],[-120.70734,36.2251],[-120.70641,36.22769],[-120.70743,36.23179],[-120.70802,36.23252],[-120.70937,36.2367],[-120.71018,36.23676],[-120.71183,36.23954],[-120.71174,36.24238],[-120.71346,36.24747],[-120.71466,36.24826],[-120.71422,36.24961],[-120.71603,36.25189],[-120.71636,36.25384],[-120.7177,36.26001],[-120.71943,36.26065],[-120.7216,36.26495],[-120.7243,36.2669],[-120.72481,36.27032],[-120.7284,36.27227],[-120.72923,36.27362],[-120.73087,36.27408],[-120.73201,36.27537],[-120.73208,36.27697],[-120.73332,36.27984],[-120.73385,36.2842],[-120.73626,36.28572],[-120.73723,36.28786],[-120.73829,36.28825],[-120.73947,36.29198],[-120.74311,36.29806],[-120.74485,36.2989],[-120.74571,36.30037],[-120.74756,36.30121],[-120.75045,36.30387],[-120.75573,36.30528],[-120.75638,36.3067],[-120.75834,36.3086],[-120.75605,36.3078],[-120.75294,36.3078],[-120.75062,36.30992],[-120.74665,36.31023],[-120.74508,36.3093],[-120.74103,36.30584],[-120.73924,36.30476],[-120.7358,36.30368],[-120.73514,36.30263],[-120.73128,36.30127],[-120.73022,36.30027],[-120.72557,36.29729],[-120.72269,36.29416],[-120.72258,36.29266],[-120.72086,36.29299],[-120.71868,36.2921],[-120.71688,36.29245],[-120.71619,36.2904],[-120.71435,36.28929],[-120.71178,36.28857],[-120.71076,36.28731],[-120.70944,36.28721],[-120.70768,36.28576],[-120.7064,36.28692],[-120.70375,36.28706],[-120.70114,36.28529],[-120.70089,36.28394],[-120.69966,36.28416],[-120.69773,36.28288],[-120.69703,36.28109],[-120.6955,36.27987],[-120.6949,36.27799],[-120.69313,36.2779],[-120.69168,36.27634],[-120.69021,36.27362],[-120.68723,36.27145],[-120.68393,36.2709],[-120.68308,36.27196],[-120.68165,36.27154],[-120.67974,36.26962],[-120.67858,36.26732],[-120.68042,36.26706],[-120.67987,36.26528],[-120.67759,36.26334],[-120.67536,36.26226],[-120.6746,36.26019],[-120.67367,36.25975],[-120.67295,36.25768],[-120.67459,36.25548],[-120.67643,36.25492],[-120.67812,36.25535],[-120.67991,36.25418],[-120.68177,36.25138],[-120.67974,36.24666],[-120.67675,36.24431],[-120.67197,36.24268],[-120.66954,36.23977],[-120.66892,36.23767],[-120.66692,36.236],[-120.66251,36.23533],[-120.65909,36.23398],[-120.65641,36.23352],[-120.65593,36.23249],[-120.65296,36.23144],[-120.65141,36.23025],[-120.6511,36.22766],[-120.64955,36.22532],[-120.64926,36.22395],[-120.64503,36.22098],[-120.64133,36.22008],[-120.63972,36.21823],[-120.63882,36.21498],[-120.6371,36.21452],[-120.63464,36.21255],[-120.63323,36.21035],[-120.62939,36.20742],[-120.62942,36.20579],[-120.62691,36.20323],[-120.63275,36.19872],[-120.63406,36.19811],[-120.63815,36.19754],[-120.63921,36.19647],[-120.639,36.19385],[-120.64114,36.19202],[-120.64039,36.19128],[-120.64074,36.18966],[-120.64277,36.18798],[-120.64237,36.18592],[-120.64495,36.18372],[-120.64464,36.17936],[-120.64885,36.17942],[-120.64873,36.17746],[-120.64992,36.17719],[-120.65198,36.17409],[-120.65235,36.17286],[-120.64905,36.16933],[-120.64969,36.16822],[-120.65462,36.16772],[-120.65949,36.17005],[-120.66306,36.17116],[-120.66459,36.16721],[-120.66425,36.16565],[-120.66576,36.16515],[-120.66799,36.1657],[-120.6688,36.16444],[-120.67194,36.16429],[-120.67186,36.16255],[-120.66798,36.16057],[-120.66748,36.1588],[-120.66755,36.15602],[-120.66663,36.15378],[-120.6657,36.1519],[-120.66662,36.15121],[-120.66649,36.14965],[-120.6647,36.14727],[-120.66484,36.14035],[-120.66629,36.13997],[-120.66755,36.13806],[-120.66631,36.13733],[-120.66271,36.13673],[-120.66029,36.13462],[-120.6581,36.13382],[-120.65573,36.13178],[-120.65516,36.12992],[-120.65358,36.12836],[-120.65255,36.12496],[-120.65422,36.12271],[-120.6532,36.11881],[-120.6512,36.11708],[-120.64938,36.11783],[-120.64622,36.1172],[-120.64542,36.1162],[-120.64657,36.11381],[-120.64557,36.11304],[-120.64622,36.11075],[-120.64878,36.10799],[-120.64611,36.10475],[-120.64189,36.10127],[-120.64055,36.10197],[-120.63835,36.1019],[-120.63536,36.10101],[-120.6336,36.10332],[-120.63222,36.10183],[-120.62767,36.0992],[-120.626,36.09708],[-120.62381,36.09796],[-120.61969,36.09666],[-120.61775,36.09665],[-120.61516,36.09516],[-120.61226,36.09522],[-120.6115,36.09701],[-120.61236,36.09905],[-120.61022,36.0987],[-120.60816,36.10015],[-120.60802,36.1027],[-120.60399,36.1017],[-120.60061,36.10159],[-120.59807,36.09971],[-120.5981,36.09884],[-120.59573,36.0969],[-120.59513,36.09546],[-120.59231,36.09183],[-120.5898,36.0896],[-120.59317,36.08853],[-120.5928,36.08561],[-120.59403,36.08516],[-120.59492,36.08324],[-120.59472,36.08089],[-120.59586,36.07957],[-120.59603,36.07778],[-120.59228,36.07371],[-120.59201,36.07133],[-120.58834,36.06896],[-120.58761,36.0666],[-120.58459,36.06619],[-120.58132,36.06288],[-120.57648,36.06071],[-120.57537,36.05911],[-120.57258,36.05692],[-120.56944,36.05527],[-120.56665,36.05293],[-120.56456,36.05286],[-120.56317,36.05182],[-120.56057,36.05134],[-120.55921,36.05002],[-120.55573,36.05025],[-120.55178,36.04952],[-120.55071,36.04762],[-120.54787,36.04736],[-120.54541,36.04612],[-120.54308,36.04328],[-120.54359,36.04178],[-120.54304,36.03982],[-120.54174,36.03885],[-120.54041,36.03666],[-120.53851,36.03596],[-120.53677,36.03621],[-120.53555,36.03509],[-120.53053,36.03538],[-120.5294,36.03429],[-120.52699,36.03571],[-120.52727,36.03424],[-120.52878,36.0328],[-120.5298,36.02898],[-120.52915,36.02664],[-120.5298,36.02428],[-120.52622,36.02278],[-120.5226,36.02316],[-120.52001,36.02088],[-120.51896,36.02227],[-120.51975,36.02371],[-120.51941,36.02719],[-120.51757,36.02754],[-120.51457,36.02568],[-120.51319,36.02568],[-120.51333,36.02375],[-120.51044,36.022],[-120.50923,36.02384],[-120.50722,36.02326],[-120.50834,36.02158],[-120.50488,36.02141],[-120.50486,36.02036],[-120.50251,36.02058],[-120.50226,36.02222],[-120.50045,36.02223],[-120.4998,36.02065],[-120.49755,36.02018],[-120.49701,36.01912],[-120.49511,36.01863],[-120.49345,36.0174],[-120.48808,36.01464],[-120.48851,36.01365],[-120.48622,36.01118],[-120.48305,36.01211],[-120.48045,36.0113],[-120.4787,36.01018],[-120.47843,36.00879],[-120.48045,36.00593],[-120.47817,36.00384],[-120.47739,36.00082],[-120.47644,36.00045],[-120.47507,36.00038],[-120.47289,35.99883],[-120.47239,35.99693],[-120.47055,35.99706],[-120.47037,35.99576],[-120.46861,35.99435],[-120.46723,35.99462],[-120.46599,35.99354],[-120.46369,35.99278],[-120.46107,35.9937],[-120.45437,35.99022],[-120.4497,35.98843],[-120.44909,35.98511],[-120.44675,35.98391],[-120.44361,35.9809],[-120.43966,35.97958],[-120.43708,35.97617],[-120.43694,35.97308],[-120.43609,35.97074],[-120.43305,35.96893],[-120.43117,35.96925],[-120.42964,35.97034],[-120.42552,35.97223],[-120.42393,35.97241],[-120.42279,35.97375],[-120.42041,35.97342],[-120.41725,35.97489],[-120.41326,35.97463],[-120.40854,35.97596],[-120.40723,35.9744],[-120.40078,35.97157],[-120.3966,35.97036],[-120.394,35.96787],[-120.39101,35.9679],[-120.38887,35.96926],[-120.38765,35.9686],[-120.38463,35.96859],[-120.3717,35.96627],[-120.36834,35.96648],[-120.36559,35.96565],[-120.36226,35.96519],[-120.3604,35.96442],[-120.36036,35.96241],[-120.36249,35.95941],[-120.3593,35.95833],[-120.35879,35.95668],[-120.35753,35.95555],[-120.35699,35.95383],[-120.35733,35.95212],[-120.35638,35.9498],[-120.35651,35.94806],[-120.35451,35.94649],[-120.34964,35.94406],[-120.34829,35.94477],[-120.34583,35.94485],[-120.34419,35.94253],[-120.34303,35.9421],[-120.34025,35.93898],[-120.33588,35.93709],[-120.33696,35.93591],[-120.33711,35.9317],[-120.33634,35.92968],[-120.33507,35.92841],[-120.33685,35.92552],[-120.33637,35.92311],[-120.33209,35.91879],[-120.33275,35.91705],[-120.33229,35.91552],[-120.32991,35.91351],[-120.32599,35.91313],[-120.32427,35.90884],[-120.32292,35.90782],[-120.31872,35.90691],[-120.31507,35.90719],[-120.31257,35.90789],[-120.30629,35.90801],[-120.30093,35.90753],[-120.29758,35.90785],[-120.29516,35.90754],[-120.29314,35.90615],[-120.28886,35.90615],[-120.2874,35.90552],[-120.28342,35.90592],[-120.28198,35.90678],[-120.27897,35.90693],[-120.27576,35.90588],[-120.27452,35.90389],[-120.27239,35.90189],[-120.2702,35.9008],[-120.26786,35.89843],[-120.26269,35.89609],[-120.2574,35.89058],[-120.25654,35.88905],[-120.25265,35.88717],[-120.24794,35.88267],[-120.24622,35.87974],[-120.24327,35.87767],[-120.24347,35.87513],[-120.24521,35.87312],[-120.24437,35.87233],[-120.24427,35.87036],[-120.24131,35.86786],[-120.24025,35.86593],[-120.24081,35.86548],[-120.24599,35.86413],[-120.24861,35.86187],[-120.24858,35.86018],[-120.25098,35.85728],[-120.25422,35.85591],[-120.25591,35.85568],[-120.25496,35.85332],[-120.2575,35.85187],[-120.25686,35.8513],[-120.2578,35.84958],[-120.25833,35.84633],[-120.25918,35.84529],[-120.25766,35.84347],[-120.25509,35.84258],[-120.25468,35.841],[-120.25156,35.83562],[-120.25171,35.83441],[-120.25026,35.83309],[-120.24984,35.82994],[-120.24747,35.82679],[-120.24615,35.82639],[-120.24453,35.82399],[-120.24234,35.82342],[-120.23891,35.82575],[-120.23452,35.82326],[-120.23117,35.82325],[-120.22982,35.82101],[-120.22698,35.82143],[-120.22067,35.81954],[-120.21991,35.81891],[-120.21809,35.8143],[-120.21796,35.81027],[-120.21952,35.8071],[-120.21902,35.80551],[-120.21655,35.80364],[-120.21784,35.80202],[-120.21674,35.80139],[-120.2156,35.79822],[-120.2163,35.79677],[-120.21485,35.79518],[-120.21486,35.79361],[-120.21612,35.79195],[-120.21578,35.79005],[-120.21398,35.78928],[-120.24455,35.78946],[-120.25098,35.78898],[-120.40489,35.78997],[-120.42618,35.78996],[-120.51526,35.79027],[-120.5801,35.79082],[-120.58364,35.79073],[-120.58379,35.79075],[-120.58526,35.79085],[-120.61983,35.79084],[-120.65817,35.79086],[-120.69161,35.79089],[-120.72194,35.79111],[-120.73078,35.79111],[-120.73138,35.79112],[-120.75065,35.79113],[-120.75101,35.79132],[-120.85444,35.79187],[-120.86429,35.79174],[-120.87568,35.79189],[-120.95927,35.79256],[-121.00102,35.7929],[-121.00155,35.79267],[-121.11445,35.79331],[-121.12594,35.79394],[-121.17227,35.79408],[-121.18506,35.79416],[-121.24498,35.79454],[-121.34636,35.79518],[-121.35674,35.80419],[-121.36285,35.80841],[-121.36641,35.80885],[-121.3701,35.81145],[-121.37359,35.8121],[-121.37366,35.81504],[-121.37769,35.81785],[-121.38788,35.82344],[-121.3921,35.82815],[-121.39543,35.83349],[-121.40212,35.83933],[-121.40341,35.84209],[-121.40682,35.84462],[-121.40778,35.84622],[-121.40773,35.84853],[-121.40955,35.85039],[-121.41035,35.85296],[-121.41511,35.85791],[-121.42511,35.85975],[-121.42959,35.86235],[-121.43005,35.86247],[-121.43244,35.86313],[-121.43439,35.86521],[-121.43448,35.8653],[-121.43958,35.86695],[-121.44147,35.8703],[-121.44425,35.87076],[-121.44681,35.87221],[-121.4466,35.87423],[-121.45316,35.88093],[-121.45936,35.88295],[-121.46214,35.88613],[-121.46158,35.88808],[-121.46328,35.88926],[-121.46143,35.89117],[-121.46087,35.89823],[-121.46447,35.90034],[-121.4626,35.90371],[-121.47146,35.91457],[-121.47188,35.92041],[-121.46848,35.92222],[-121.46859,35.92753],[-121.47551,35.93093],[-121.4747,35.93258],[-121.47478,35.9372],[-121.47572,35.93934],[-121.47958,35.94664],[-121.47946,35.94863],[-121.48171,35.94969],[-121.48271,35.95329],[-121.48212,35.9549],[-121.48297,35.95831],[-121.48455,35.95952],[-121.48563,35.97085],[-121.488,35.97322],[-121.4908,35.98187],[-121.49408,35.98703],[-121.49566,35.98764],[-121.50083,35.9981],[-121.51138,36.00687],[-121.52384,36.00992],[-121.52582,36.01145],[-121.52638,36.01189],[-121.53182,36.01456],[-121.54202,36.01561],[-121.54392,36.01747],[-121.55032,36.01926],[-121.56126,36.02062],[-121.56719,36.01969],[-121.5746,36.02516],[-121.5821,36.04075],[-121.58944,36.04768],[-121.59039,36.05036],[-121.58918,36.05378],[-121.59256,36.0569],[-121.59189,36.06153],[-121.59289,36.06557],[-121.59956,36.06944],[-121.60669,36.07209],[-121.60739,36.07518],[-121.60853,36.07657],[-121.60977,36.07715],[-121.61385,36.08098],[-121.61445,36.0835],[-121.61634,36.08507],[-121.61759,36.0854],[-121.61889,36.08692],[-121.6186,36.0902],[-121.62201,36.09969],[-121.62643,36.10676],[-121.62606,36.10786],[-121.62934,36.11162],[-121.62937,36.11411],[-121.63228,36.11611],[-121.6327,36.12046],[-121.64491,36.12802],[-121.64578,36.13041],[-121.6494,36.13419],[-121.6497,36.13659],[-121.65213,36.13784],[-121.65447,36.14111],[-121.65455,36.14123],[-121.67457,36.16001],[-121.67426,36.16113],[-121.6752,36.16294],[-121.67826,36.16516],[-121.68641,36.16819],[-121.69977,36.17692],[-121.70166,36.18101],[-121.70963,36.18894],[-121.71441,36.19141],[-121.71718,36.19515],[-121.7306,36.20132],[-121.74003,36.20699],[-121.74664,36.2104],[-121.75344,36.21095],[-121.75567,36.21256],[-121.76277,36.21769],[-121.76726,36.22093],[-121.77985,36.22741],[-121.78584,36.22835],[-121.78691,36.2289],[-121.79437,36.23281],[-121.79706,36.23421],[-121.80133,36.23455],[-121.80697,36.23309],[-121.81112,36.23381],[-121.81474,36.23531],[-121.81469,36.23755],[-121.81954,36.2411],[-121.82628,36.24208],[-121.82886,36.24688],[-121.83327,36.24765],[-121.83578,36.25075],[-121.83889,36.25922],[-121.83935,36.26048],[-121.84094,36.26266],[-121.85013,36.27531],[-121.85197,36.27783],[-121.85354,36.27865],[-121.85814,36.28105],[-121.86355,36.28139],[-121.86587,36.28467],[-121.86679,36.28512],[-121.8744,36.28887],[-121.8748,36.28906],[-121.87677,36.29104],[-121.87914,36.29342],[-121.88232,36.29662],[-121.88849,36.30281],[-121.89676,36.30494],[-121.89964,36.30267],[-121.90273,36.30638],[-121.9028,36.30689],[-121.9029,36.30759],[-121.89943,36.3077],[-121.89471,36.31781],[-121.8962,36.32342],[-121.89612,36.32366],[-121.89612,36.32367],[-121.8956,36.3252],[-121.897,36.32716],[-121.89439,36.3311],[-121.89356,36.33235],[-121.89304,36.34243],[-121.9002,36.3507],[-121.90548,36.35606],[-121.90557,36.35789],[-121.90425,36.36037],[-121.90483,36.36158],[-121.90267,36.3639],[-121.9034,36.37139],[-121.90671,36.37314],[-121.90181,36.38188],[-121.90247,36.38466],[-121.90163,36.38705],[-121.90404,36.3882],[-121.90319,36.3936],[-121.90566,36.39821],[-121.91158,36.40061],[-121.91343,36.40171],[-121.91506,36.40321],[-121.91337,36.40494],[-121.91285,36.40667],[-121.91356,36.40691],[-121.91531,36.40748],[-121.91593,36.40957],[-121.91721,36.41107],[-121.91718,36.41114],[-121.91681,36.41192],[-121.91513,36.41228],[-121.9167,36.41535],[-121.91491,36.41971],[-121.91413,36.42608],[-121.91712,36.42855],[-121.9185,36.43251],[-121.92694,36.44668],[-121.92691,36.44778],[-121.92701,36.44844],[-121.9283,36.44847],[-121.92876,36.44763],[-121.92924,36.44788],[-121.93038,36.44848],[-121.92994,36.45234],[-121.92981,36.45348],[-121.9255,36.45392],[-121.92607,36.45893],[-121.92991,36.46684],[-121.93164,36.46753],[-121.9349,36.46884],[-121.93677,36.4718],[-121.9372,36.47249],[-121.93839,36.48139],[-121.9416,36.4856],[-121.94162,36.48575],[-121.94204,36.48948],[-121.94204,36.48951],[-121.94206,36.4895],[-121.94383,36.48825],[-121.94388,36.48821],[-121.94619,36.49085],[-121.93922,36.4969],[-121.93898,36.49742],[-121.93705,36.49796],[-121.93681,36.4986],[-121.93896,36.49914],[-121.94003,36.4999],[-121.93972,36.50154],[-121.93896,36.5022],[-121.93876,36.50642],[-121.93931,36.50713],[-121.94188,36.50724],[-121.94208,36.50898],[-121.94154,36.51086],[-121.94328,36.51282],[-121.95209,36.51739],[-121.95203,36.5183],[-121.95092,36.51939],[-121.95173,36.52072],[-121.95314,36.52113],[-121.95421,36.52223],[-121.95305,36.5233],[-121.95084,36.52231],[-121.94982,36.52104],[-121.9485,36.52189],[-121.94832,36.523],[-121.9471,36.52325],[-121.9448,36.52192],[-121.94467,36.52072],[-121.94225,36.52064],[-121.94179,36.52158],[-121.9404,36.52084],[-121.94091,36.51951],[-121.93853,36.51883],[-121.93706,36.51951],[-121.93685,36.52091],[-121.93556,36.52244],[-121.93418,36.52222],[-121.93213,36.52311],[-121.92795,36.52239],[-121.92683,36.52351],[-121.92474,36.5256],[-121.92891,36.53784],[-121.93183,36.53951],[-121.93233,36.53979],[-121.93353,36.54481],[-121.9327,36.54521],[-121.932,36.54555],[-121.92997,36.54652],[-121.93157,36.55495],[-121.932,36.55726],[-121.93205,36.5575],[-121.93251,36.55994],[-121.9394,36.5644],[-121.94253,36.56643],[-121.94966,36.5676],[-121.95132,36.56659],[-121.95181,36.5618],[-121.9534,36.5613],[-121.95691,36.56348],[-121.95796,36.5652],[-121.96622,36.56932],[-121.97006,36.56963],[-121.97042,36.57212],[-121.97378,36.57666],[-121.9747,36.57688],[-121.97561,36.57709],[-121.97633,36.57856],[-121.97676,36.57943],[-121.97659,36.58006],[-121.97526,36.57995]]]}},{"type":"Feature","properties":{"name":"NCTD+ San Marcos","boundary_type":"zone_approx","source":"Manual approximation","fidelity":"approximate","updated":"2026-09","units":"buffer 2.87 km @ San Marcos city; clipped to San Marcos city","note":"10-square-mile service zone centered in San Marcos (North San Diego County); may extend outside city limits (https://www.gonctd.com/plus)","confidence":0.85},"geometry":{"type":"Polygon","coordinates":[[[-117.20531,33.1299],[-117.20566,33.13213],[-117.20578,33.13438],[-117.20566,33.13662],[-117.20531,33.13885],[-117.20473,33.14105],[-117.20392,33.14319],[-117.20289,33.14527],[-117.20165,33.14727],[-117.20021,33.14916],[-117.19857,33.15095],[-117.19676,33.15261],[-117.19478,33.15413],[-117.19265,33.1555],[-117.19038,33.1567],[-117.188,33.15774],[-117.18552,33.1586],[-117.18296,33.15928],[-117.18034,33.15977],[-117.17767,33.16006],[-117.17499,33.16016],[-117.17231,33.16006],[-117.16964,33.15977],[-117.16702,33.15928],[-117.16446,33.1586],[-117.16198,33.15774],[-117.1596,33.1567],[-117.15733,33.1555],[-117.1552,33.15413],[-117.15322,33.15261],[-117.1514,33.15095],[-117.14977,33.14916],[-117.14833,33.14727],[-117.14709,33.14527],[-117.14606,33.14319],[-117.14525,33.14105],[-117.14467,33.13885],[-117.14432,33.13662],[-117.1442,33.13438],[-117.14432,33.13213],[-117.14467,33.1299],[-117.14525,33.1277],[-117.14606,33.12556],[-117.14709,33.12348],[-117.14833,33.12149],[-117.14977,33.11959],[-117.1514,33.1178],[-117.15322,33.11615],[-117.1552,33.11463],[-117.15733,33.11326],[-117.1596,33.11205],[-117.16198,33.11101],[-117.16446,33.11015],[-117.16702,33.10947],[-117.16964,33.10899],[-117.17231,33.10869],[-117.17499,33.1086],[-117.17767,33.10869],[-117.18034,33.10899],[-117.18296,33.10947],[-117.18552,33.11015],[-117.188,33.11101],[-117.19038,33.11205],[-117.19265,33.11326],[-117.19478,33.11463],[-117.1951,33.11487],[-117.19147,33.11483],[-117.19051,33.12029],[-117.19505,33.12053],[-117.19512,33.12194],[-117.19544,33.12244],[-117.19547,33.12298],[-117.19552,33.12339],[-117.19613,33.12706],[-117.19725,33.12794],[-117.1998,33.12998],[-117.20059,33.13061],[-117.20284,33.13026],[-117.204,33.12723],[-117.20458,33.12732],[-117.20473,33.1277],[-117.20531,33.1299]]]}},{"type":"Feature","properties":{"name":"NCTD+ Vista","boundary_type":"zone_approx","source":"Manual approximation","fidelity":"approximate","updated":"2026-09","units":"buffer 2.4 km @ Vista city; clipped to Vista city","note":"7-square-mile service zone centered in Vista (North San Diego County); may extend outside city limits (https://www.gonctd.com/plus)","confidence":0.85},"geometry":{"type":"Polygon","coordinates":[[[-117.26677,33.18845],[-117.26628,33.19028],[-117.2656,33.19208],[-117.26474,33.19382],[-117.26371,33.19548],[-117.2625,33.19707],[-117.26113,33.19856],[-117.25961,33.19995],[-117.25796,33.20122],[-117.25617,33.20236],[-117.25428,33.20338],[-117.25228,33.20424],[-117.25021,33.20496],[-117.24806,33.20553],[-117.24587,33.20594],[-117.24364,33.20618],[-117.2414,33.20626],[-117.23915,33.20618],[-117.23692,33.20594],[-117.23473,33.20553],[-117.23259,33.20496],[-117.23051,33.20424],[-117.22852,33.20338],[-117.22662,33.20236],[-117.22484,33.20122],[-117.22318,33.19995],[-117.22166,33.19856],[-117.2203,33.19707],[-117.21909,33.19548],[-117.21805,33.19382],[-117.21719,33.19208],[-117.21651,33.19028],[-117.21631,33.18952],[-117.21681,33.18854],[-117.21746,33.18979],[-117.21749,33.18979],[-117.21753,33.18978],[-117.21754,33.18997],[-117.22009,33.19069],[-117.22111,33.18598],[-117.21852,33.18488],[-117.21904,33.18293],[-117.21859,33.18273],[-117.21748,33.18194],[-117.21879,33.18103],[-117.22118,33.18178],[-117.2218,33.18002],[-117.22407,33.18125],[-117.22593,33.17953],[-117.22834,33.17948],[-117.22887,33.17947],[-117.22877,33.17922],[-117.2282,33.1782],[-117.22511,33.17357],[-117.22484,33.17386],[-117.22231,33.1733],[-117.21961,33.17406],[-117.21907,33.17396],[-117.21909,33.17392],[-117.2203,33.17234],[-117.22166,33.17085],[-117.22318,33.16946],[-117.22484,33.16819],[-117.22662,33.16704],[-117.22852,33.16603],[-117.23051,33.16516],[-117.23259,33.16445],[-117.23473,33.16388],[-117.23692,33.16347],[-117.23915,33.16323],[-117.2414,33.16315],[-117.24364,33.16323],[-117.24587,33.16347],[-117.24806,33.16388],[-117.25021,33.16445],[-117.25228,33.16516],[-117.25354,33.16571],[-117.25067,33.16943],[-117.24886,33.17178],[-117.24834,33.1702],[-117.2464,33.17022],[-117.24643,33.16833],[-117.24473,33.16833],[-117.24489,33.17333],[-117.24682,33.17372],[-117.24716,33.17548],[-117.24781,33.17621],[-117.24854,33.17905],[-117.24972,33.17733],[-117.25355,33.17672],[-117.25352,33.17643],[-117.25331,33.17646],[-117.25254,33.17581],[-117.2522,33.17507],[-117.2526,33.17438],[-117.25291,33.17439],[-117.25325,33.17418],[-117.25317,33.17376],[-117.25316,33.17375],[-117.25372,33.174],[-117.25605,33.17749],[-117.25399,33.1778],[-117.25497,33.17935],[-117.254,33.18211],[-117.2562,33.1827],[-117.25608,33.18111],[-117.25916,33.18176],[-117.26008,33.18453],[-117.26423,33.18365],[-117.26422,33.18515],[-117.26355,33.18658],[-117.26421,33.18658],[-117.26421,33.18604],[-117.26513,33.18667],[-117.26641,33.18667],[-117.26643,33.18297],[-117.26706,33.18283],[-117.26716,33.1847],[-117.26706,33.18658],[-117.26677,33.18845]],[[-117.23549,33.17307],[-117.23531,33.17574],[-117.23387,33.17576],[-117.23286,33.17819],[-117.23464,33.1794],[-117.23911,33.17936],[-117.23913,33.18069],[-117.24128,33.1795],[-117.242,33.17869],[-117.24293,33.17847],[-117.2442,33.17787],[-117.24477,33.17751],[-117.24476,33.17565],[-117.24009,33.1757],[-117.24292,33.17352],[-117.23549,33.17307]]]}},{"type":"Feature","properties":{"name":"OC Flex","boundary_type":"county","source":"Census TIGER county","fidelity":"approximate","updated":"2026-09","units":"Orange County","note":"Orange County service (operator OCTA). Note: service was discontinued July 2025 but boundary is recorded for historical purposes.","confidence":0.8},"geometry":{"type":"Polygon","coordinates":[[[-118.11406,33.74614],[-118.11305,33.74709],[-118.10587,33.75097],[-118.10585,33.75066],[-118.0986,33.7546],[-118.09809,33.75516],[-118.09197,33.75847],[-118.09204,33.75968],[-118.09233,33.76453],[-118.09363,33.7681],[-118.09706,33.77372],[-118.09706,33.77419],[-118.09706,33.77438],[-118.0967,33.77909],[-118.09328,33.78573],[-118.09323,33.78581],[-118.09303,33.78612],[-118.08726,33.79524],[-118.08623,33.79688],[-118.08474,33.80291],[-118.08424,33.80342],[-118.08152,33.80615],[-118.07283,33.81486],[-118.07184,33.81535],[-118.07181,33.81536],[-118.06953,33.8165],[-118.06876,33.81736],[-118.06745,33.81754],[-118.06317,33.81968],[-118.06325,33.82076],[-118.06327,33.82411],[-118.06332,33.83153],[-118.06123,33.83331],[-118.05899,33.83521],[-118.059,33.83885],[-118.05904,33.84563],[-118.05904,33.8462],[-118.05892,33.8462],[-118.05469,33.84622],[-118.05472,33.84982],[-118.05037,33.84997],[-118.05038,33.8507],[-118.05022,33.85356],[-118.04608,33.85361],[-118.04617,33.8578],[-118.04619,33.85869],[-118.04185,33.85871],[-118.04188,33.86233],[-118.03754,33.86237],[-118.0376,33.86601],[-118.03371,33.86604],[-118.02872,33.86624],[-118.02878,33.87332],[-118.01138,33.87343],[-118.01138,33.87349],[-118.01147,33.88085],[-118.00275,33.88089],[-118.00279,33.88267],[-118.00285,33.88816],[-117.99939,33.88817],[-117.99923,33.88818],[-117.99406,33.88822],[-117.99404,33.88938],[-117.99412,33.8925],[-117.99414,33.89551],[-117.98968,33.89549],[-117.9877,33.89549],[-117.98533,33.8956],[-117.9854,33.90259],[-117.98435,33.90276],[-117.97659,33.90281],[-117.97657,33.90641],[-117.97658,33.90976],[-117.97657,33.91121],[-117.97657,33.91369],[-117.97656,33.91742],[-117.97655,33.92467],[-117.97653,33.92803],[-117.97654,33.92817],[-117.97653,33.93187],[-117.97652,33.93629],[-117.97652,33.93676],[-117.97651,33.93984],[-117.97651,33.93992],[-117.9765,33.94605],[-117.97071,33.94604],[-117.9679,33.94606],[-117.96669,33.94606],[-117.96478,33.94605],[-117.95922,33.94607],[-117.95809,33.94607],[-117.95429,33.94607],[-117.95046,33.94607],[-117.9461,33.94608],[-117.94185,33.94608],[-117.93162,33.94608],[-117.92915,33.94608],[-117.92742,33.94608],[-117.92581,33.94608],[-117.92484,33.94608],[-117.91999,33.94608],[-117.91973,33.94608],[-117.91956,33.94764],[-117.91559,33.947],[-117.91485,33.94696],[-117.91189,33.94608],[-117.90085,33.94605],[-117.89377,33.94606],[-117.89036,33.94604],[-117.87195,33.94573],[-117.87016,33.94583],[-117.86837,33.94594],[-117.85197,33.94693],[-117.84962,33.94692],[-117.8418,33.94687],[-117.80031,33.94663],[-117.79187,33.94662],[-117.78325,33.94626],[-117.78188,33.94539],[-117.77466,33.9402],[-117.76822,33.93577],[-117.76557,33.93383],[-117.7481,33.92143],[-117.73775,33.91473],[-117.73546,33.91325],[-117.73253,33.91135],[-117.73254,33.91033],[-117.71028,33.89667],[-117.70729,33.89481],[-117.68788,33.8829],[-117.6793,33.87762],[-117.67579,33.87395],[-117.67302,33.87104],[-117.67244,33.87026],[-117.67193,33.86971],[-117.67161,33.86937],[-117.67505,33.86872],[-117.67455,33.86213],[-117.67428,33.85796],[-117.66212,33.8575],[-117.63665,33.82997],[-117.60727,33.79736],[-117.58079,33.76948],[-117.58014,33.76799],[-117.57463,33.76646],[-117.56917,33.76461],[-117.54835,33.76011],[-117.53645,33.75767],[-117.53581,33.75002],[-117.53532,33.73603],[-117.53503,33.72754],[-117.53414,33.71258],[-117.534,33.71035],[-117.49764,33.70558],[-117.47457,33.70381],[-117.45982,33.69171],[-117.45798,33.69029],[-117.45589,33.68895],[-117.44816,33.68363],[-117.42404,33.66702],[-117.41331,33.6593],[-117.4139,33.65765],[-117.41581,33.65527],[-117.45794,33.60219],[-117.46114,33.59769],[-117.46132,33.59745],[-117.4927,33.55772],[-117.4967,33.55262],[-117.50116,33.54581],[-117.50624,33.5395],[-117.51021,33.534],[-117.50991,33.52055],[-117.50318,33.5204],[-117.50376,33.50894],[-117.50972,33.50906],[-117.50972,33.50502],[-117.50945,33.48403],[-117.50958,33.47163],[-117.50861,33.46961],[-117.51501,33.46774],[-117.52692,33.46178],[-117.5276,33.46114],[-117.53843,33.45564],[-117.54267,33.45499],[-117.54828,33.45367],[-117.55183,33.45312],[-117.55584,33.45182],[-117.55723,33.45119],[-117.55798,33.45163],[-117.57334,33.45334],[-117.57848,33.45393],[-117.58342,33.43538],[-117.58833,33.41678],[-117.59078,33.40751],[-117.5936,33.39682],[-117.596,33.38779],[-117.59646,33.38825],[-117.60031,33.39716],[-117.60678,33.4048],[-117.61249,33.41155],[-117.6199,33.41954],[-117.62217,33.422],[-117.62727,33.42587],[-117.63153,33.43061],[-117.63163,33.43069],[-117.63378,33.43236],[-117.64259,33.43923],[-117.64484,33.44036],[-117.64543,33.44065],[-117.64558,33.44073],[-117.64559,33.44073],[-117.64572,33.44083],[-117.65069,33.44462],[-117.65269,33.44615],[-117.65807,33.44955],[-117.66359,33.45198],[-117.66991,33.45593],[-117.67338,33.4581],[-117.67648,33.45958],[-117.67911,33.46084],[-117.68102,33.46175],[-117.68426,33.46191],[-117.68458,33.46193],[-117.68942,33.46166],[-117.68993,33.45785],[-117.69198,33.45663],[-117.69135,33.45435],[-117.69138,33.45403],[-117.69469,33.4556],[-117.70467,33.45788],[-117.70709,33.46028],[-117.70855,33.46063],[-117.70965,33.46033],[-117.71337,33.46002],[-117.71462,33.45991],[-117.71535,33.46056],[-117.71566,33.46167],[-117.71569,33.46266],[-117.71478,33.46326],[-117.7151,33.46446],[-117.71845,33.46984],[-117.72036,33.47291],[-117.72151,33.47368],[-117.72143,33.47514],[-117.72384,33.47909],[-117.72533,33.48153],[-117.72536,33.48158],[-117.72641,33.4833],[-117.72649,33.48343],[-117.73226,33.48484],[-117.7337,33.48519],[-117.73424,33.48563],[-117.73363,33.48708],[-117.73529,33.48909],[-117.73785,33.48952],[-117.73957,33.49564],[-117.743,33.4991],[-117.74308,33.49919],[-117.7464,33.50255],[-117.74692,33.50308],[-117.75325,33.5106],[-117.7551,33.5128],[-117.76007,33.51478],[-117.76267,33.51934],[-117.76281,33.51944],[-117.76455,33.52074],[-117.76638,33.52352],[-117.77371,33.5295],[-117.77648,33.53177],[-117.77929,33.5354],[-117.7825,33.53954],[-117.78428,33.54184],[-117.78896,33.54292],[-117.79256,33.54375],[-117.7929,33.54395],[-117.79556,33.54554],[-117.79927,33.5457],[-117.80422,33.5468],[-117.80501,33.54732],[-117.80692,33.54857],[-117.80698,33.54883],[-117.80751,33.55095],[-117.81138,33.55232],[-117.81351,33.55121],[-117.81456,33.55179],[-117.81859,33.55403],[-117.81982,33.55472],[-117.81947,33.55655],[-117.81921,33.55789],[-117.82636,33.56358],[-117.82874,33.56446],[-117.8328,33.56596],[-117.8342,33.56748],[-117.83539,33.56879],[-117.84009,33.57389],[-117.84143,33.57451],[-117.84678,33.57698],[-117.85364,33.58014],[-117.85848,33.58275],[-117.86111,33.58417],[-117.86427,33.58587],[-117.86615,33.58734],[-117.87075,33.59093],[-117.87256,33.59233],[-117.87335,33.59293],[-117.87857,33.59414],[-117.87931,33.59431],[-117.88711,33.59612],[-117.89359,33.59845],[-117.89916,33.60045],[-117.90248,33.60165],[-117.90653,33.60253],[-117.91523,33.60441],[-117.92662,33.60688],[-117.92802,33.60719],[-117.93017,33.60939],[-117.93475,33.61406],[-117.93897,33.61836],[-117.94059,33.62002],[-117.95731,33.62958],[-117.95749,33.62968],[-117.95755,33.62971],[-117.95757,33.62973],[-117.95794,33.62994],[-117.95845,33.63023],[-117.96505,33.634],[-117.97088,33.63733],[-117.9879,33.64706],[-118.00059,33.65432],[-118.0008,33.65448],[-118.00536,33.65812],[-118.00806,33.66028],[-118.00989,33.66174],[-118.01135,33.66291],[-118.0145,33.66543],[-118.01814,33.66833],[-118.02905,33.67704],[-118.03217,33.67989],[-118.0363,33.68368],[-118.05333,33.70127],[-118.05397,33.70185],[-118.05422,33.70208],[-118.06426,33.7112],[-118.06441,33.71134],[-118.06473,33.7116],[-118.07932,33.72343],[-118.08697,33.72962],[-118.08893,33.73121],[-118.09278,33.73294],[-118.09476,33.73383],[-118.09486,33.73387],[-118.09899,33.73572],[-118.11365,33.74228],[-118.11541,33.74329],[-118.11463,33.74461],[-118.11406,33.74614]]]}},{"type":"Feature","properties":{"name":"OmniRide (Omnitrans)","boundary_type":"places","source":"Census TIGER place","fidelity":"exact","updated":"2026-09","units":"Bloomington CDP; Chino city; Chino Hills city; Upland city","note":"Three service zones across San Bernardino Valley: Bloomington, Chino/Chino Hills, and Upland","confidence":0.85},"geometry":{"type":"MultiPolygon","coordinates":[[[[-117.77975,34.0048],[-117.77,34.00472],[-117.76752,34.00469],[-117.76705,34.01119],[-117.76723,34.01357],[-117.76765,34.01939],[-117.76766,34.02351],[-117.76659,34.02335],[-117.746,34.02012],[-117.74398,34.01853],[-117.73527,34.01263],[-117.73397,34.01149],[-117.73376,34.0115],[-117.71647,34.01165],[-117.71539,34.01256],[-117.71546,34.01892],[-117.7133,34.01891],[-117.71327,34.02075],[-117.71549,34.02208],[-117.71548,34.0214],[-117.71766,34.02139],[-117.71769,34.02336],[-117.71987,34.02462],[-117.71985,34.02616],[-117.72426,34.02513],[-117.72421,34.02245],[-117.72864,34.02243],[-117.73051,34.01885],[-117.73534,34.0188],[-117.73012,34.02137],[-117.72947,34.02514],[-117.72868,34.02983],[-117.72865,34.02992],[-117.72803,34.03353],[-117.72651,34.03338],[-117.7265,34.03154],[-117.72424,34.03155],[-117.72427,34.03336],[-117.71996,34.03339],[-117.71991,34.02796],[-117.71819,34.02797],[-117.71771,34.02817],[-117.71773,34.02977],[-117.71555,34.02976],[-117.71556,34.02902],[-117.71553,34.02797],[-117.71338,34.02799],[-117.7134,34.03031],[-117.71557,34.03074],[-117.71557,34.0316],[-117.71779,34.03158],[-117.71779,34.0334],[-117.71559,34.03342],[-117.71558,34.03287],[-117.71346,34.03182],[-117.71342,34.03343],[-117.71123,34.03347],[-117.71123,34.03521],[-117.71347,34.03522],[-117.71349,34.03886],[-117.71017,34.03889],[-117.71026,34.0407],[-117.70914,34.04072],[-117.70907,34.03707],[-117.70689,34.03707],[-117.7069,34.03392],[-117.70618,34.03349],[-117.70514,34.0335],[-117.70512,34.03257],[-117.70469,34.03257],[-117.70468,34.03167],[-117.70367,34.03168],[-117.70368,34.0335],[-117.70252,34.03348],[-117.70037,34.03351],[-117.70037,34.03531],[-117.70254,34.03528],[-117.70257,34.0389],[-117.70477,34.0389],[-117.70479,34.04075],[-117.7026,34.04075],[-117.69824,34.04078],[-117.69388,34.0408],[-117.6917,34.04082],[-117.69176,34.04764],[-117.68954,34.04775],[-117.68076,34.04836],[-117.68084,34.04774],[-117.68082,34.0409],[-117.68075,34.03543],[-117.68182,34.03543],[-117.68184,34.03363],[-117.68073,34.03364],[-117.67855,34.03365],[-117.67854,34.03183],[-117.67311,34.03189],[-117.672,34.03193],[-117.67265,34.03054],[-117.66764,34.03029],[-117.66778,34.03192],[-117.66329,34.03194],[-117.65894,34.03196],[-117.65675,34.03197],[-117.65708,34.03008],[-117.65457,34.0301],[-117.65458,34.02698],[-117.65453,34.02656],[-117.65451,34.02283],[-117.65448,34.01931],[-117.65063,34.01933],[-117.6506,34.01206],[-117.6507,34.0048],[-117.65069,33.99758],[-117.65064,33.98636],[-117.65063,33.98306],[-117.60703,33.98334],[-117.60682,33.98332],[-117.60681,33.97541],[-117.5998,33.97531],[-117.60696,33.97306],[-117.61094,33.97181],[-117.61098,33.96873],[-117.61097,33.96008],[-117.61092,33.946],[-117.61092,33.94266],[-117.61095,33.92511],[-117.64339,33.92511],[-117.65539,33.92511],[-117.65537,33.92434],[-117.65535,33.9214],[-117.65557,33.90985],[-117.65514,33.90771],[-117.65488,33.88882],[-117.67629,33.88882],[-117.67668,33.88873],[-117.67548,33.88812],[-117.67277,33.88673],[-117.67274,33.88539],[-117.67041,33.88324],[-117.66882,33.88055],[-117.67265,33.87664],[-117.67301,33.87542],[-117.67054,33.87426],[-117.67191,33.87109],[-117.67302,33.87104],[-117.67579,33.87395],[-117.6793,33.87762],[-117.68788,33.8829],[-117.70729,33.89481],[-117.71028,33.89667],[-117.73254,33.91033],[-117.73253,33.91135],[-117.73546,33.91325],[-117.73775,33.91473],[-117.7481,33.92143],[-117.76557,33.93383],[-117.76822,33.93577],[-117.77466,33.9402],[-117.78188,33.94539],[-117.78325,33.94626],[-117.7846,33.94736],[-117.79355,33.95382],[-117.79358,33.9579],[-117.79367,33.96813],[-117.80244,33.96831],[-117.80254,33.97555],[-117.79111,33.99468],[-117.78517,34.00462],[-117.77975,34.0048]]],[[[-117.41822,34.06766],[-117.41822,34.06772],[-117.41821,34.07044],[-117.41826,34.07765],[-117.41739,34.07766],[-117.41826,34.07863],[-117.41828,34.08493],[-117.41828,34.08495],[-117.41206,34.08495],[-117.40956,34.08496],[-117.4052,34.08497],[-117.40085,34.08501],[-117.40085,34.08498],[-117.39433,34.08499],[-117.3943,34.0836],[-117.39648,34.08364],[-117.39648,34.07863],[-117.39211,34.07863],[-117.39211,34.07955],[-117.39102,34.07955],[-117.39104,34.07772],[-117.39084,34.07772],[-117.39079,34.07522],[-117.39186,34.07433],[-117.38775,34.07409],[-117.38774,34.0705],[-117.3897,34.07049],[-117.38969,34.06839],[-117.38777,34.06837],[-117.38335,34.06849],[-117.38337,34.06778],[-117.38337,34.06323],[-117.38336,34.05772],[-117.38111,34.05776],[-117.3811,34.05596],[-117.38113,34.05103],[-117.37896,34.05049],[-117.38112,34.05049],[-117.38113,34.04981],[-117.37643,34.04991],[-117.37611,34.04758],[-117.37335,34.04825],[-117.37334,34.04676],[-117.38331,34.04362],[-117.38631,34.0427],[-117.38631,34.04051],[-117.38895,34.03802],[-117.39059,34.03806],[-117.39059,34.03387],[-117.40149,34.03402],[-117.40149,34.03801],[-117.402,34.03784],[-117.40944,34.03779],[-117.40948,34.0398],[-117.40949,34.0406],[-117.40949,34.04073],[-117.40946,34.04148],[-117.40945,34.04456],[-117.40147,34.04456],[-117.40146,34.04663],[-117.40542,34.04666],[-117.40543,34.04864],[-117.40947,34.0486],[-117.42256,34.04851],[-117.42258,34.06315],[-117.42038,34.06315],[-117.4204,34.06692],[-117.41822,34.06766]]],[[[-117.68917,34.13232],[-117.6868,34.13812],[-117.68555,34.14249],[-117.68326,34.15049],[-117.67398,34.15051],[-117.674,34.15231],[-117.67044,34.15232],[-117.67041,34.1469],[-117.661,34.14694],[-117.66105,34.15055],[-117.65137,34.15057],[-117.63692,34.15058],[-117.63587,34.14672],[-117.63384,34.14308],[-117.63207,34.1399],[-117.62989,34.13627],[-117.62887,34.135],[-117.62704,34.13257],[-117.6264,34.13257],[-117.62519,34.13257],[-117.62325,34.13069],[-117.62197,34.12669],[-117.62121,34.12549],[-117.62005,34.1216],[-117.62058,34.1216],[-117.62126,34.12159],[-117.62191,34.12295],[-117.62251,34.12302],[-117.62312,34.12278],[-117.62326,34.12196],[-117.62325,34.12157],[-117.62345,34.12156],[-117.62346,34.11858],[-117.6249,34.11855],[-117.62596,34.11643],[-117.62705,34.118],[-117.62847,34.11645],[-117.62848,34.11436],[-117.62847,34.11207],[-117.62751,34.1117],[-117.62744,34.10829],[-117.62833,34.1083],[-117.62854,34.10671],[-117.62854,34.10661],[-117.62854,34.10478],[-117.62854,34.09943],[-117.62857,34.09597],[-117.62857,34.09256],[-117.63051,34.09271],[-117.63334,34.09322],[-117.63334,34.09252],[-117.6333,34.08708],[-117.63974,34.08701],[-117.64145,34.08708],[-117.64364,34.08744],[-117.64616,34.08748],[-117.65095,34.08743],[-117.66074,34.08743],[-117.67014,34.08738],[-117.68089,34.08737],[-117.68092,34.08987],[-117.68092,34.09237],[-117.68093,34.09391],[-117.68962,34.09392],[-117.68962,34.09594],[-117.68963,34.09674],[-117.69334,34.09628],[-117.70436,34.09529],[-117.69963,34.10683],[-117.69356,34.12163],[-117.69231,34.12468],[-117.68917,34.13232]]]]}},{"type":"Feature","properties":{"name":"Pa'Lante","boundary_type":"zone_approx","source":"Manual approximation","fidelity":"approximate","updated":"2026-09","units":"buffer 3.27 km @ 37.3382,-121.8863; clipped to San Jose city","note":"Service area is a stated 13-square-mile zone in East San Jose (council districts 5, 7, 8), not the full city (469 km2). Approximated as a circle of matching area centered on the CSV pin, clipped to San Jose city limits. Source: https://www.sanjoseca.gov/your-government/departments-offices/transportation/palante-an-east-san-jose-microtransit-pilot","confidence":0.75},"geometry":{"type":"Polygon","coordinates":[[[-121.84992,37.3331],[-121.85061,37.3306],[-121.85158,37.32815],[-121.85282,37.32579],[-121.8543,37.32351],[-121.85604,37.32135],[-121.858,37.31932],[-121.86018,37.31743],[-121.86255,37.3157],[-121.86511,37.31414],[-121.86783,37.31276],[-121.87069,37.31158],[-121.87366,37.3106],[-121.87674,37.30983],[-121.87988,37.30927],[-121.88308,37.30894],[-121.8863,37.30883],[-121.88952,37.30894],[-121.89272,37.30927],[-121.89586,37.30983],[-121.89894,37.3106],[-121.90191,37.31158],[-121.90477,37.31276],[-121.90749,37.31414],[-121.91005,37.3157],[-121.91242,37.31743],[-121.9146,37.31932],[-121.91656,37.32135],[-121.9183,37.32351],[-121.91978,37.32579],[-121.92102,37.32815],[-121.92199,37.3306],[-121.92268,37.3331],[-121.92311,37.33564],[-121.92325,37.3382],[-121.92311,37.34076],[-121.92268,37.3433],[-121.92199,37.3458],[-121.92102,37.34825],[-121.91978,37.35061],[-121.9183,37.35289],[-121.91656,37.35505],[-121.9146,37.35708],[-121.91242,37.35897],[-121.91005,37.3607],[-121.90749,37.36226],[-121.90477,37.36364],[-121.90191,37.36482],[-121.89894,37.3658],[-121.89586,37.36657],[-121.89272,37.36713],[-121.88952,37.36746],[-121.8863,37.36757],[-121.88308,37.36746],[-121.87988,37.36713],[-121.87674,37.36657],[-121.87366,37.3658],[-121.87069,37.36482],[-121.86783,37.36364],[-121.86511,37.36226],[-121.86255,37.3607],[-121.86018,37.35897],[-121.858,37.35708],[-121.85604,37.35505],[-121.8543,37.35289],[-121.85282,37.35061],[-121.85158,37.34825],[-121.85061,37.3458],[-121.84992,37.3433],[-121.84949,37.34076],[-121.84935,37.3382],[-121.84949,37.33564],[-121.84992,37.3331]]]}},{"type":"Feature","properties":{"name":"Palo Alto Link","boundary_type":"city","source":"Census TIGER place","fidelity":"exact","updated":"2026-09","units":"Palo Alto city","note":"Microtransit rideshare service within city of Palo Alto.","confidence":0.95},"geometry":{"type":"Polygon","coordinates":[[[-122.20132,37.36701],[-122.2016,37.36801],[-122.20101,37.37121],[-122.20071,37.37196],[-122.19933,37.37267],[-122.19778,37.37358],[-122.19584,37.37296],[-122.19488,37.37472],[-122.19337,37.37931],[-122.19132,37.37964],[-122.18849,37.37848],[-122.18632,37.37988],[-122.18758,37.38063],[-122.18688,37.38155],[-122.18898,37.38354],[-122.18936,37.38475],[-122.18661,37.38392],[-122.18342,37.38459],[-122.18549,37.38774],[-122.18165,37.38875],[-122.17237,37.39049],[-122.17023,37.39016],[-122.16979,37.392],[-122.16784,37.4002],[-122.16449,37.39873],[-122.16173,37.39631],[-122.15203,37.39432],[-122.15247,37.39816],[-122.15225,37.40035],[-122.15303,37.40194],[-122.15197,37.40516],[-122.15472,37.40556],[-122.15597,37.40632],[-122.14971,37.41392],[-122.15334,37.41599],[-122.15727,37.41803],[-122.15636,37.41911],[-122.15429,37.42161],[-122.15168,37.42479],[-122.14924,37.42769],[-122.15183,37.42994],[-122.16021,37.4373],[-122.16397,37.44069],[-122.16571,37.44125],[-122.16542,37.44193],[-122.16763,37.44363],[-122.16887,37.4425],[-122.16712,37.44128],[-122.16813,37.43967],[-122.16916,37.44043],[-122.17054,37.4409],[-122.17456,37.43204],[-122.17812,37.4328],[-122.18076,37.43401],[-122.18229,37.4345],[-122.18988,37.42883],[-122.19051,37.43096],[-122.18765,37.43331],[-122.18456,37.43409],[-122.18217,37.43948],[-122.17986,37.43946],[-122.1798,37.44084],[-122.1757,37.44188],[-122.17514,37.44301],[-122.17415,37.44478],[-122.1703,37.44718],[-122.1689,37.44741],[-122.16725,37.45097],[-122.16582,37.45093],[-122.1653,37.45284],[-122.16269,37.45384],[-122.16238,37.45388],[-122.15952,37.45472],[-122.15769,37.45349],[-122.15571,37.45418],[-122.15593,37.45542],[-122.15351,37.45668],[-122.14874,37.45709],[-122.14676,37.45658],[-122.14493,37.4582],[-122.14303,37.45811],[-122.14191,37.45783],[-122.13877,37.4548],[-122.13671,37.45434],[-122.1339,37.45438],[-122.12988,37.45309],[-122.12829,37.45186],[-122.12786,37.45274],[-122.12598,37.45355],[-122.12237,37.45338],[-122.12177,37.45424],[-122.12383,37.46122],[-122.11769,37.46524],[-122.11516,37.46628],[-122.1091,37.463],[-122.1018,37.46273],[-122.09627,37.45784],[-122.08874,37.45227],[-122.08839,37.45223],[-122.08544,37.45195],[-122.08693,37.45086],[-122.08725,37.45081],[-122.09083,37.45033],[-122.09015,37.44931],[-122.09101,37.44696],[-122.09425,37.44565],[-122.09508,37.44416],[-122.09318,37.44265],[-122.09419,37.44129],[-122.09609,37.4412],[-122.09956,37.43713],[-122.09951,37.43599],[-122.10076,37.42769],[-122.10115,37.42791],[-122.09776,37.4248],[-122.09815,37.42165],[-122.10025,37.42177],[-122.10216,37.41559],[-122.10203,37.41552],[-122.10129,37.41205],[-122.10339,37.41334],[-122.1058,37.41074],[-122.10557,37.41059],[-122.10797,37.40842],[-122.1081,37.40829],[-122.10821,37.40837],[-122.11564,37.4127],[-122.11651,37.4113],[-122.11729,37.41065],[-122.11639,37.41006],[-122.11569,37.40963],[-122.11581,37.40951],[-122.11515,37.40912],[-122.11308,37.40781],[-122.11359,37.40747],[-122.11762,37.40428],[-122.11994,37.40642],[-122.12005,37.40626],[-122.12241,37.40426],[-122.12447,37.40127],[-122.12483,37.39921],[-122.12824,37.39661],[-122.12949,37.39615],[-122.12757,37.3945],[-122.12834,37.39221],[-122.1266,37.38898],[-122.12711,37.38876],[-122.12958,37.39254],[-122.13033,37.39369],[-122.13307,37.39373],[-122.13215,37.39094],[-122.13532,37.39213],[-122.13635,37.38959],[-122.13508,37.38953],[-122.13507,37.38855],[-122.13825,37.38918],[-122.13822,37.38967],[-122.13882,37.38966],[-122.14017,37.39106],[-122.14153,37.39539],[-122.14325,37.39452],[-122.14975,37.39215],[-122.1502,37.39183],[-122.15131,37.39346],[-122.16196,37.39541],[-122.16647,37.39882],[-122.16725,37.39924],[-122.1689,37.39193],[-122.17186,37.37975],[-122.16992,37.37925],[-122.16782,37.3775],[-122.17048,37.3695],[-122.17134,37.36699],[-122.17222,37.36442],[-122.16883,37.36355],[-122.17165,37.36253],[-122.17009,37.36075],[-122.17289,37.3611],[-122.17338,37.3608],[-122.17386,37.36054],[-122.17425,37.36053],[-122.17503,37.35989],[-122.17558,37.35889],[-122.17527,37.3584],[-122.17419,37.35834],[-122.17263,37.35792],[-122.17213,37.35961],[-122.1676,37.35883],[-122.16903,37.35687],[-122.16584,37.35535],[-122.16528,37.35353],[-122.17221,37.35274],[-122.17208,37.34576],[-122.1725,37.33848],[-122.16804,37.33825],[-122.16847,37.33085],[-122.16012,37.33085],[-122.16005,37.32346],[-122.15049,37.3236],[-122.1505,37.32777],[-122.15013,37.32779],[-122.14615,37.3279],[-122.14622,37.33105],[-122.1457,37.33105],[-122.13222,37.3311],[-122.13266,37.31353],[-122.13274,37.30953],[-122.13498,37.30164],[-122.13508,37.29727],[-122.13517,37.29366],[-122.15195,37.29438],[-122.15257,37.28822],[-122.15339,37.28971],[-122.15623,37.29181],[-122.16119,37.293],[-122.16216,37.29387],[-122.16302,37.29392],[-122.16404,37.29408],[-122.16466,37.29448],[-122.16684,37.29524],[-122.16526,37.29649],[-122.16514,37.29799],[-122.16404,37.29884],[-122.16267,37.3009],[-122.16353,37.30166],[-122.16231,37.30377],[-122.16233,37.30441],[-122.16388,37.30485],[-122.16497,37.30553],[-122.16658,37.30562],[-122.16956,37.31052],[-122.17081,37.31198],[-122.17582,37.31275],[-122.17891,37.31254],[-122.17967,37.31595],[-122.17924,37.31751],[-122.18167,37.32214],[-122.18546,37.32374],[-122.18323,37.32623],[-122.17928,37.32619],[-122.17855,37.32516],[-122.17507,37.32574],[-122.18272,37.33286],[-122.18523,37.33646],[-122.18595,37.3387],[-122.19029,37.34197],[-122.1914,37.34347],[-122.1935,37.345],[-122.1959,37.3483],[-122.1958,37.35058],[-122.1967,37.35188],[-122.19984,37.35562],[-122.20247,37.36027],[-122.20265,37.36305],[-122.20132,37.36701]]]}},{"type":"Feature","properties":{"name":"Peery Park Rides","boundary_type":"zone_approx","source":"Manual approximation","fidelity":"approximate","updated":"2026-09","units":"buffer 2.0 km @ 37.3900,-122.0300; clipped to Sunnyvale city","note":"Zone is bounded by US-101 (north), Fair Oaks Ave (east), El Camino Real (south), and the Mountain View city line (west) \u2014 roughly a 2x2.5 mi rectangle in northwest Sunnyvale (~5 sq mi), not the full city (57 km2). Approximated as a ~2.0 km radius circle around the service area (Peery Park business district) clipped to Sunnyvale city limits. Source: https://www.sunnyvale.ca.gov/homes-streets-and-property/transportation-and-traffic-safety/peery-park-rides","confidence":0.55},"geometry":{"type":"Polygon","coordinates":[[[-122.03393,37.40769],[-122.03197,37.4079],[-122.03,37.40797],[-122.02803,37.4079],[-122.02607,37.40769],[-122.02415,37.40735],[-122.02227,37.40688],[-122.02044,37.40628],[-122.01869,37.40556],[-122.01703,37.40472],[-122.01546,37.40376],[-122.01401,37.4027],[-122.01268,37.40155],[-122.01148,37.40031],[-122.01042,37.39898],[-122.00951,37.39759],[-122.00875,37.39614],[-122.00816,37.39465],[-122.00773,37.39312],[-122.00747,37.39157],[-122.00739,37.39],[-122.00747,37.38843],[-122.00773,37.38688],[-122.00816,37.38535],[-122.00875,37.38386],[-122.00951,37.38241],[-122.01042,37.38102],[-122.01148,37.37969],[-122.01268,37.37845],[-122.01401,37.3773],[-122.01546,37.37624],[-122.01703,37.37528],[-122.01869,37.37444],[-122.02044,37.37372],[-122.02227,37.37312],[-122.02415,37.37265],[-122.02607,37.37231],[-122.02803,37.3721],[-122.03,37.37203],[-122.03197,37.3721],[-122.03393,37.37231],[-122.03585,37.37265],[-122.03773,37.37312],[-122.03956,37.37372],[-122.04131,37.37444],[-122.04297,37.37528],[-122.04454,37.37624],[-122.04599,37.3773],[-122.04732,37.37845],[-122.04852,37.37969],[-122.04958,37.38102],[-122.05049,37.38241],[-122.05125,37.38386],[-122.05184,37.38535],[-122.05206,37.38614],[-122.04968,37.38587],[-122.04744,37.38648],[-122.04743,37.38803],[-122.04742,37.38887],[-122.04635,37.39027],[-122.04498,37.39445],[-122.04665,37.39496],[-122.04498,37.39982],[-122.04735,37.40152],[-122.04732,37.40155],[-122.04599,37.4027],[-122.04588,37.40279],[-122.03736,37.40091],[-122.03725,37.40189],[-122.03719,37.40702],[-122.03585,37.40735],[-122.03393,37.40769]]]}},{"type":"Feature","properties":{"name":"Placer County Dial-A-Ride Microtransit","boundary_type":"places","source":"Census TIGER place","fidelity":"exact","updated":"2026-09","units":"Rocklin city; Lincoln city","note":"Dial-A-Ride service in Rocklin and Lincoln","confidence":0.9},"geometry":{"type":"MultiPolygon","coordinates":[[[[-121.29946,38.83163],[-121.29948,38.8392],[-121.29949,38.83962],[-121.29971,38.83962],[-121.30694,38.83905],[-121.3071,38.83903],[-121.30699,38.84945],[-121.30671,38.85223],[-121.30612,38.85432],[-121.30495,38.85711],[-121.30506,38.85722],[-121.32603,38.85715],[-121.32604,38.85354],[-121.33549,38.85356],[-121.3355,38.85843],[-121.33889,38.8561],[-121.34267,38.85628],[-121.3458,38.85168],[-121.34936,38.85171],[-121.34929,38.8681],[-121.34008,38.8681],[-121.33549,38.86811],[-121.33547,38.86447],[-121.33068,38.86452],[-121.33074,38.86817],[-121.33177,38.86813],[-121.33078,38.86875],[-121.33063,38.87274],[-121.32961,38.87354],[-121.32185,38.87366],[-121.32136,38.88314],[-121.3214,38.88629],[-121.33071,38.88633],[-121.33071,38.88996],[-121.3342,38.88997],[-121.33446,38.89726],[-121.34007,38.89727],[-121.34027,38.89728],[-121.35837,38.89727],[-121.35845,38.92008],[-121.35846,38.92645],[-121.35838,38.92645],[-121.3446,38.92646],[-121.34458,38.91927],[-121.34006,38.91927],[-121.34014,38.9119],[-121.31768,38.9118],[-121.31603,38.91132],[-121.30312,38.90354],[-121.30311,38.90458],[-121.27948,38.90464],[-121.27917,38.90564],[-121.27473,38.90568],[-121.27476,38.90844],[-121.27244,38.90845],[-121.27242,38.90476],[-121.26521,38.90481],[-121.2651,38.90112],[-121.25238,38.90096],[-121.25168,38.90047],[-121.25162,38.89771],[-121.24982,38.89435],[-121.24713,38.89401],[-121.2471,38.89037],[-121.24594,38.89019],[-121.24609,38.88649],[-121.24711,38.8865],[-121.24729,38.86835],[-121.23583,38.86841],[-121.23287,38.86695],[-121.23242,38.86667],[-121.22868,38.86448],[-121.22872,38.86193],[-121.22873,38.86131],[-121.22828,38.8612],[-121.2277,38.85786],[-121.22881,38.85615],[-121.23155,38.85467],[-121.23145,38.8514],[-121.23146,38.84856],[-121.22714,38.84884],[-121.22173,38.85114],[-121.22248,38.84837],[-121.2207,38.84471],[-121.22041,38.84414],[-121.22015,38.83949],[-121.22047,38.83941],[-121.2204,38.83332],[-121.22031,38.83223],[-121.22149,38.83253],[-121.22391,38.83239],[-121.22391,38.8246],[-121.22111,38.8246],[-121.2234,38.82063],[-121.22463,38.81763],[-121.22894,38.81759],[-121.22876,38.8099],[-121.22707,38.80994],[-121.22027,38.80955],[-121.21032,38.80935],[-121.21024,38.80906],[-121.20956,38.80952],[-121.20923,38.80935],[-121.20866,38.81036],[-121.2083,38.81028],[-121.2054,38.81029],[-121.20541,38.80702],[-121.20092,38.80687],[-121.19675,38.81041],[-121.19649,38.81053],[-121.19391,38.81045],[-121.19392,38.80973],[-121.19635,38.80977],[-121.19634,38.80408],[-121.19427,38.80407],[-121.19309,38.8056],[-121.1916,38.80559],[-121.19161,38.80394],[-121.18966,38.80276],[-121.19233,38.79805],[-121.19238,38.79386],[-121.2011,38.79383],[-121.20127,38.78858],[-121.20147,38.78227],[-121.20464,38.78222],[-121.20412,38.78134],[-121.20273,38.77892],[-121.20269,38.77774],[-121.20379,38.77607],[-121.20693,38.7742],[-121.21112,38.77377],[-121.21784,38.77038],[-121.23005,38.77039],[-121.2474,38.77034],[-121.24739,38.77083],[-121.24736,38.77396],[-121.25009,38.77394],[-121.2513,38.77394],[-121.25241,38.77267],[-121.2541,38.77332],[-121.25489,38.77354],[-121.25435,38.77356],[-121.25383,38.77329],[-121.25333,38.77397],[-121.25722,38.77394],[-121.26041,38.77498],[-121.26433,38.77748],[-121.26536,38.77933],[-121.26572,38.7809],[-121.26571,38.78181],[-121.2657,38.78363],[-121.26569,38.79207],[-121.26862,38.79324],[-121.27492,38.7957],[-121.27649,38.79566],[-121.27655,38.79568],[-121.28409,38.79563],[-121.29152,38.79574],[-121.2949,38.79565],[-121.29541,38.796],[-121.29784,38.79707],[-121.29896,38.79937],[-121.29889,38.80191],[-121.29984,38.80301],[-121.29999,38.80633],[-121.29978,38.81729],[-121.29946,38.83163]]],[[[-121.40505,38.94086],[-121.40505,38.94813],[-121.38638,38.94816],[-121.38635,38.9409],[-121.40505,38.94086]]]]}},{"type":"Feature","properties":{"name":"Plumas Transit evening on-demand","boundary_type":"places","source":"Census TIGER place","fidelity":"approximate","updated":"2026-09","units":"Quincy CDP","note":"Service covers Quincy and American Valley area; evening app-booked block in scope only","confidence":0.75},"geometry":{"type":"Polygon","coordinates":[[[-120.98551,39.92459],[-120.98471,39.92601],[-120.98296,39.92544],[-120.97936,39.92647],[-120.97832,39.9282],[-120.9755,39.92871],[-120.97553,39.92612],[-120.97324,39.92805],[-120.97199,39.92999],[-120.97176,39.93269],[-120.96873,39.93489],[-120.96923,39.93653],[-120.96727,39.9369],[-120.96789,39.93457],[-120.96864,39.93324],[-120.96641,39.93441],[-120.96246,39.93553],[-120.96216,39.93633],[-120.96377,39.93948],[-120.972,39.9412],[-120.97787,39.94337],[-120.9777,39.94534],[-120.97939,39.94746],[-120.97439,39.9483],[-120.97267,39.94791],[-120.97121,39.94625],[-120.96687,39.9459],[-120.96363,39.94596],[-120.9602,39.94503],[-120.95695,39.94528],[-120.95002,39.94477],[-120.94361,39.94539],[-120.94188,39.94698],[-120.94093,39.94868],[-120.93858,39.95088],[-120.93356,39.95317],[-120.93098,39.95533],[-120.93042,39.95422],[-120.93411,39.9495],[-120.93527,39.9487],[-120.93789,39.94847],[-120.93562,39.94306],[-120.9389,39.94031],[-120.93917,39.93915],[-120.93772,39.9379],[-120.93448,39.93662],[-120.93456,39.93603],[-120.93274,39.93504],[-120.93237,39.93241],[-120.93619,39.93055],[-120.9395,39.93067],[-120.93984,39.92994],[-120.93919,39.92895],[-120.93672,39.92838],[-120.93584,39.92753],[-120.93314,39.92653],[-120.93197,39.92417],[-120.93312,39.92301],[-120.93346,39.92396],[-120.93551,39.92478],[-120.93609,39.92339],[-120.93861,39.92162],[-120.93877,39.91866],[-120.93973,39.91787],[-120.94254,39.91744],[-120.94549,39.91381],[-120.95058,39.90881],[-120.95187,39.90682],[-120.95165,39.90841],[-120.94893,39.91093],[-120.95142,39.91106],[-120.95405,39.91236],[-120.95487,39.91441],[-120.95807,39.91647],[-120.95948,39.91985],[-120.96046,39.91825],[-120.96275,39.9191],[-120.96584,39.91948],[-120.96587,39.91762],[-120.96854,39.91841],[-120.97073,39.91994],[-120.97278,39.91835],[-120.97443,39.91972],[-120.97741,39.9204],[-120.97832,39.91995],[-120.98017,39.92144],[-120.98375,39.92269],[-120.98451,39.92197],[-120.98883,39.92313],[-120.98492,39.92274],[-120.98551,39.92459]]]}},{"type":"Feature","properties":{"name":"Porterville transPORT","boundary_type":"city","source":"Census TIGER place","fidelity":"exact","updated":"2026-09","units":"Porterville city","note":"City of Porterville, Tulare County","confidence":0.95},"geometry":{"type":"MultiPolygon","coordinates":[[[[-119.09468,36.01714],[-119.09092,36.01601],[-119.09102,36.01501],[-119.08009,36.01501],[-119.08009,36.01472],[-119.08008,36.00776],[-119.09817,36.00774],[-119.09815,36.01781],[-119.09742,36.01899],[-119.09535,36.01895],[-119.09468,36.01714]]],[[[-119.08918,36.02221],[-119.09656,36.02224],[-119.09724,36.02271],[-119.09719,36.02593],[-119.09596,36.0259],[-119.09594,36.02954],[-119.08912,36.02944],[-119.08918,36.02221]]],[[[-118.96449,36.05231],[-118.96387,36.05206],[-118.96387,36.0514],[-118.96596,36.0514],[-118.96722,36.05141],[-118.96722,36.05354],[-118.96722,36.05392],[-118.96629,36.05373],[-118.9653,36.05283],[-118.96449,36.05231]]],[[[-118.96822,36.05674],[-118.96883,36.05673],[-118.96883,36.05689],[-118.96768,36.0569],[-118.96768,36.05674],[-118.96822,36.05674]]],[[[-118.98125,36.05933],[-118.98111,36.05933],[-118.98111,36.05922],[-118.98125,36.05922],[-118.98125,36.05933]]],[[[-119.07084,36.03842],[-119.06886,36.0368],[-119.06274,36.03679],[-119.06273,36.0387],[-119.05325,36.03862],[-119.05329,36.03676],[-119.06206,36.03679],[-119.0621,36.03316],[-119.05332,36.03314],[-119.05333,36.03133],[-119.05111,36.03133],[-119.05111,36.03042],[-119.05333,36.03042],[-119.05333,36.02941],[-119.04889,36.02944],[-119.0489,36.02588],[-119.05336,36.02588],[-119.05337,36.02232],[-119.03989,36.02229],[-119.03987,36.0295],[-119.04439,36.0295],[-119.04432,36.03674],[-119.04436,36.03674],[-119.0443,36.04039],[-119.0398,36.04039],[-119.03972,36.04974],[-119.04169,36.0513],[-119.04403,36.04992],[-119.04403,36.05174],[-119.04149,36.05195],[-119.03959,36.05403],[-119.03964,36.06017],[-119.04415,36.0609],[-119.04421,36.06227],[-119.04848,36.06224],[-119.04856,36.0586],[-119.0447,36.05861],[-119.04699,36.05629],[-119.05116,36.05501],[-119.05302,36.05506],[-119.05302,36.05463],[-119.05677,36.05489],[-119.06054,36.05515],[-119.06642,36.0588],[-119.06642,36.06002],[-119.07089,36.06056],[-119.07086,36.06219],[-119.07534,36.06219],[-119.0745,36.064],[-119.07527,36.06512],[-119.07526,36.08035],[-119.07769,36.08035],[-119.07769,36.08241],[-119.07972,36.08242],[-119.07972,36.08477],[-119.07127,36.09162],[-119.07078,36.0915],[-119.07078,36.09202],[-119.0688,36.09482],[-119.06425,36.09478],[-119.06151,36.09478],[-119.05738,36.09476],[-119.05532,36.09475],[-119.05548,36.09837],[-119.05874,36.09839],[-119.05887,36.10201],[-119.05347,36.10238],[-119.05362,36.10558],[-119.04913,36.10554],[-119.04899,36.10193],[-119.04468,36.10185],[-119.04455,36.10262],[-119.04344,36.1026],[-119.04349,36.10423],[-119.04352,36.10521],[-119.04065,36.10566],[-119.04313,36.10934],[-119.04462,36.11272],[-119.04026,36.1129],[-119.0403,36.11639],[-119.03591,36.11636],[-119.03572,36.10543],[-119.03453,36.10288],[-119.03353,36.10176],[-119.03015,36.10178],[-119.02791,36.10446],[-119.02781,36.09923],[-119.02677,36.10017],[-119.02674,36.09635],[-119.02599,36.09279],[-119.02541,36.09097],[-119.02216,36.09031],[-119.02215,36.08928],[-119.01772,36.08891],[-119.01773,36.09005],[-119.01506,36.09006],[-119.01507,36.09102],[-119.01774,36.091],[-119.0178,36.0964],[-119.01331,36.09645],[-119.01325,36.09101],[-119.0087,36.09104],[-119.00869,36.08743],[-119.01098,36.08742],[-119.01095,36.08388],[-119.00868,36.08391],[-119.00868,36.08518],[-119.00765,36.08562],[-119.00423,36.08564],[-119.00422,36.08383],[-118.99064,36.08384],[-118.99065,36.08021],[-118.97783,36.08026],[-118.97765,36.07614],[-118.98049,36.07618],[-118.98045,36.07368],[-118.97955,36.07383],[-118.97751,36.07332],[-118.96841,36.0732],[-118.96838,36.07136],[-118.96615,36.07138],[-118.96612,36.06956],[-118.96835,36.06955],[-118.9683,36.06597],[-118.97726,36.06584],[-118.98165,36.06584],[-118.98839,36.06581],[-118.98842,36.06939],[-118.9929,36.06939],[-118.99291,36.06746],[-118.99293,36.06571],[-118.99375,36.06682],[-118.99741,36.06568],[-118.99739,36.06441],[-118.99503,36.06335],[-118.99815,36.06326],[-118.99954,36.06235],[-118.99953,36.06117],[-119.0035,36.06048],[-119.00374,36.05848],[-119.00772,36.05852],[-119.00803,36.05482],[-119.00791,36.05479],[-119.00798,36.05373],[-119.0039,36.05371],[-119.00391,36.05402],[-119.0025,36.05426],[-119.00258,36.05438],[-119.0029,36.05487],[-118.99255,36.05488],[-118.99188,36.0543],[-118.99184,36.05146],[-118.9927,36.05235],[-118.99604,36.05233],[-118.99604,36.05152],[-118.98269,36.05128],[-118.98164,36.05129],[-118.97275,36.05134],[-118.97277,36.05331],[-118.9744,36.0533],[-118.97276,36.05497],[-118.96739,36.05359],[-118.96874,36.05141],[-118.97045,36.05193],[-118.97128,36.05134],[-118.97129,36.05129],[-118.97054,36.05098],[-118.97067,36.04612],[-118.97074,36.04384],[-118.97756,36.04391],[-118.97765,36.0332],[-118.9909,36.03318],[-118.99087,36.03681],[-118.99095,36.04037],[-118.98646,36.04038],[-118.98633,36.04398],[-118.99012,36.04402],[-118.99046,36.04589],[-118.99027,36.05096],[-118.99933,36.0508],[-118.99647,36.04818],[-119.00205,36.04818],[-119.00215,36.051],[-119.00504,36.05095],[-119.00814,36.05092],[-119.00843,36.04266],[-119.01012,36.04266],[-119.01016,36.04042],[-119.02417,36.04035],[-119.02419,36.03673],[-119.02638,36.03671],[-119.02642,36.03671],[-119.02641,36.04035],[-119.03534,36.04039],[-119.03926,36.04039],[-119.03932,36.03673],[-119.03957,36.02211],[-119.05116,36.02217],[-119.05117,36.01862],[-119.0534,36.01863],[-119.05338,36.02106],[-119.05493,36.02225],[-119.07556,36.02228],[-119.07552,36.02591],[-119.0846,36.02589],[-119.08456,36.02943],[-119.0799,36.02949],[-119.07993,36.044],[-119.07089,36.04407],[-119.07084,36.03842]],[[-119.02807,36.09721],[-119.02825,36.09848],[-119.03085,36.09857],[-119.03273,36.09993],[-119.03638,36.09997],[-119.03515,36.0982],[-119.03871,36.09823],[-119.03942,36.09812],[-119.03722,36.09571],[-119.03577,36.0957],[-119.0326,36.09245],[-119.03114,36.09263],[-119.0331,36.09341],[-119.0351,36.09546],[-119.0339,36.09646],[-119.03287,36.09646],[-119.0341,36.09816],[-119.03122,36.09818],[-119.03122,36.09637],[-119.02674,36.09635],[-119.02807,36.09721]],[[-119.06633,36.08031],[-119.06177,36.08032],[-119.0619,36.08758],[-119.06637,36.08757],[-119.06633,36.08031]],[[-119.05303,36.06593],[-119.05744,36.06593],[-119.05801,36.06581],[-119.05804,36.06581],[-119.05808,36.05858],[-119.05295,36.05858],[-119.05292,36.0651],[-119.05292,36.06584],[-119.05303,36.06593]],[[-119.02807,36.08921],[-119.02589,36.08922],[-119.02746,36.09062],[-119.0294,36.0906],[-119.02807,36.08921]],[[-119.02422,36.07912],[-119.02315,36.07909],[-119.02315,36.0801],[-119.0242,36.08015],[-119.02422,36.07912]],[[-119.00411,36.07296],[-119.0041,36.07048],[-118.99969,36.07045],[-118.99972,36.0729],[-118.99979,36.07294],[-119.00411,36.07296]]]]}},{"type":"Feature","properties":{"name":"RABA Runabout","boundary_type":"places","source":"Census TIGER place","fidelity":"exact","updated":"2026-09","units":"Redding city; Shasta Lake city; Anderson city","note":"Service covers 5-6 zones in Redding area; listed places are primary service centers","confidence":0.85},"geometry":{"type":"MultiPolygon","coordinates":[[[[-122.32082,40.45885],[-122.32429,40.46138],[-122.32128,40.46394],[-122.32568,40.46695],[-122.3218,40.47011],[-122.32076,40.47097],[-122.31695,40.46892],[-122.31438,40.46838],[-122.31673,40.46634],[-122.31138,40.46272],[-122.30827,40.46539],[-122.30639,40.46786],[-122.31052,40.47201],[-122.30832,40.4725],[-122.30692,40.47284],[-122.30418,40.47322],[-122.30227,40.47325],[-122.29458,40.47193],[-122.28394,40.46932],[-122.27673,40.46842],[-122.27502,40.46881],[-122.26946,40.47309],[-122.2678,40.4734],[-122.26541,40.47289],[-122.25842,40.4699],[-122.25731,40.4684],[-122.25713,40.46582],[-122.25592,40.46424],[-122.25377,40.46362],[-122.25594,40.46138],[-122.25579,40.46284],[-122.25742,40.46251],[-122.26185,40.46545],[-122.26755,40.46095],[-122.27151,40.46369],[-122.27324,40.46222],[-122.27534,40.46137],[-122.27719,40.46265],[-122.28316,40.45746],[-122.28352,40.45714],[-122.28005,40.45474],[-122.27896,40.45564],[-122.27495,40.459],[-122.27217,40.457],[-122.27393,40.45549],[-122.27415,40.4552],[-122.2841,40.44734],[-122.27909,40.44583],[-122.27515,40.44367],[-122.27831,40.44109],[-122.27129,40.43882],[-122.26923,40.43814],[-122.27346,40.43449],[-122.27396,40.43267],[-122.27462,40.43251],[-122.27403,40.43208],[-122.273,40.43135],[-122.27345,40.43008],[-122.27545,40.43068],[-122.28058,40.43073],[-122.28056,40.42596],[-122.28221,40.42619],[-122.2829,40.43056],[-122.2836,40.43037],[-122.28485,40.43114],[-122.28564,40.43336],[-122.28533,40.43177],[-122.28727,40.43338],[-122.28842,40.43339],[-122.28539,40.42963],[-122.28462,40.42843],[-122.28513,40.42788],[-122.28521,40.42758],[-122.28476,40.42599],[-122.28648,40.42601],[-122.29281,40.42611],[-122.29322,40.42083],[-122.29339,40.41972],[-122.29354,40.41875],[-122.31185,40.4187],[-122.31172,40.42983],[-122.30698,40.42979],[-122.30694,40.43215],[-122.30725,40.43334],[-122.30219,40.43337],[-122.3022,40.44062],[-122.30245,40.44061],[-122.31168,40.44055],[-122.3117,40.44418],[-122.31456,40.44418],[-122.31625,40.44292],[-122.31772,40.44417],[-122.32103,40.44422],[-122.32129,40.44445],[-122.32207,40.44555],[-122.32134,40.44605],[-122.32139,40.44832],[-122.32626,40.44967],[-122.32482,40.45125],[-122.31729,40.45763],[-122.31796,40.45858],[-122.32082,40.45885]]],[[[-122.29277,40.47574],[-122.29312,40.47659],[-122.2932,40.47749],[-122.29321,40.47893],[-122.28909,40.47895],[-122.28729,40.47659],[-122.27732,40.4766],[-122.27421,40.47593],[-122.27417,40.46998],[-122.27831,40.46893],[-122.28523,40.47035],[-122.29328,40.47243],[-122.29329,40.47377],[-122.29295,40.47429],[-122.29275,40.4748],[-122.29277,40.47574]]],[[[-122.44141,40.59195],[-122.43976,40.59296],[-122.43748,40.59307],[-122.43973,40.59454],[-122.44474,40.59903],[-122.44554,40.60044],[-122.44782,40.60055],[-122.44866,40.60701],[-122.44591,40.60702],[-122.43973,40.60692],[-122.43094,40.60707],[-122.43092,40.61065],[-122.42608,40.61059],[-122.42609,40.61424],[-122.41955,40.61416],[-122.41152,40.61403],[-122.4114,40.62108],[-122.41386,40.62107],[-122.41623,40.62285],[-122.41986,40.62293],[-122.41985,40.62361],[-122.41984,40.62384],[-122.42105,40.62387],[-122.42103,40.62477],[-122.41728,40.6247],[-122.41619,40.62533],[-122.41609,40.63023],[-122.41827,40.63123],[-122.41608,40.63112],[-122.41478,40.63331],[-122.41306,40.63362],[-122.41438,40.6337],[-122.41435,40.63477],[-122.41573,40.63428],[-122.41589,40.63598],[-122.41135,40.63767],[-122.41141,40.63919],[-122.40914,40.63927],[-122.40759,40.64039],[-122.40674,40.63938],[-122.40654,40.63549],[-122.40466,40.63543],[-122.3985,40.63556],[-122.39861,40.63354],[-122.39683,40.62854],[-122.39519,40.62581],[-122.3926,40.62282],[-122.3926,40.62327],[-122.3923,40.63572],[-122.38311,40.63575],[-122.37502,40.63638],[-122.37492,40.63275],[-122.36882,40.63283],[-122.36608,40.63981],[-122.36904,40.64007],[-122.36916,40.64545],[-122.37503,40.64545],[-122.375,40.63911],[-122.37676,40.63894],[-122.3786,40.63769],[-122.37862,40.6388],[-122.38116,40.64037],[-122.38359,40.64016],[-122.38421,40.65094],[-122.39249,40.65105],[-122.39382,40.66319],[-122.39407,40.66572],[-122.39691,40.66573],[-122.41123,40.66572],[-122.4111,40.68546],[-122.41129,40.6884],[-122.41107,40.70946],[-122.40525,40.70967],[-122.39346,40.70976],[-122.39241,40.70583],[-122.38986,40.69535],[-122.38775,40.69534],[-122.36284,40.69525],[-122.36034,40.69522],[-122.35531,40.69523],[-122.35525,40.69983],[-122.35522,40.70025],[-122.3553,40.70593],[-122.33772,40.70605],[-122.3372,40.70587],[-122.34198,40.69821],[-122.34432,40.69416],[-122.34825,40.68026],[-122.34556,40.68017],[-122.34505,40.6689],[-122.34523,40.66759],[-122.34543,40.66492],[-122.34394,40.66462],[-122.34276,40.66367],[-122.33592,40.66372],[-122.33587,40.6731],[-122.33099,40.67315],[-122.32903,40.68059],[-122.31813,40.68065],[-122.32181,40.67482],[-122.32218,40.67293],[-122.32353,40.67039],[-122.32469,40.66623],[-122.32749,40.66432],[-122.32917,40.66098],[-122.33011,40.65672],[-122.3331,40.6545],[-122.33473,40.65347],[-122.33744,40.65242],[-122.33998,40.65134],[-122.33913,40.64917],[-122.34047,40.64746],[-122.34513,40.6476],[-122.34516,40.63672],[-122.33545,40.63636],[-122.33523,40.6292],[-122.33036,40.62918],[-122.33026,40.62507],[-122.32867,40.62464],[-122.32528,40.62547],[-122.32352,40.62185],[-122.33015,40.62185],[-122.33007,40.6185],[-122.33005,40.61797],[-122.32191,40.61956],[-122.32051,40.61947],[-122.3204,40.61461],[-122.31789,40.61462],[-122.31669,40.61155],[-122.31537,40.60629],[-122.31505,40.59115],[-122.31506,40.58873],[-122.3149,40.58196],[-122.31846,40.58197],[-122.31838,40.57836],[-122.32078,40.57836],[-122.32076,40.57117],[-122.31479,40.57104],[-122.31481,40.57835],[-122.31363,40.57835],[-122.31368,40.58015],[-122.31008,40.58013],[-122.31007,40.57955],[-122.30605,40.57951],[-122.30531,40.57813],[-122.30531,40.57463],[-122.30294,40.5746],[-122.30295,40.571],[-122.30038,40.571],[-122.29948,40.56907],[-122.29897,40.5639],[-122.29516,40.56386],[-122.29099,40.56316],[-122.29096,40.55805],[-122.29094,40.5567],[-122.29578,40.55671],[-122.2957,40.5493],[-122.31484,40.5492],[-122.31478,40.54875],[-122.31464,40.54123],[-122.30756,40.54127],[-122.30754,40.53642],[-122.30817,40.53642],[-122.30819,40.53473],[-122.30272,40.53475],[-122.30276,40.5373],[-122.29915,40.53732],[-122.29914,40.53668],[-122.29562,40.5367],[-122.29561,40.5348],[-122.29158,40.53479],[-122.29085,40.53479],[-122.29088,40.53843],[-122.28135,40.5385],[-122.28135,40.54031],[-122.27658,40.54035],[-122.27659,40.53489],[-122.27649,40.5058],[-122.27648,40.50102],[-122.27662,40.49888],[-122.27662,40.49851],[-122.28115,40.49849],[-122.27767,40.49625],[-122.27447,40.49303],[-122.27429,40.49128],[-122.27667,40.49126],[-122.27668,40.49335],[-122.28428,40.49332],[-122.28427,40.49124],[-122.29557,40.49119],[-122.29361,40.48908],[-122.29333,40.48713],[-122.29746,40.48711],[-122.29875,40.4863],[-122.29827,40.48406],[-122.30119,40.48405],[-122.3012,40.48755],[-122.3026,40.48759],[-122.30268,40.49124],[-122.30558,40.49125],[-122.3056,40.49841],[-122.31025,40.49838],[-122.3124,40.49873],[-122.31233,40.50019],[-122.31482,40.50018],[-122.31482,40.50321],[-122.31651,40.50555],[-122.31459,40.50564],[-122.31454,40.50829],[-122.31525,40.50901],[-122.31414,40.51079],[-122.31401,40.51294],[-122.30502,40.51292],[-122.30503,40.5202],[-122.31338,40.52019],[-122.31337,40.51836],[-122.31456,40.51836],[-122.31457,40.51646],[-122.31561,40.51646],[-122.3197,40.52221],[-122.32277,40.52376],[-122.32409,40.52376],[-122.32419,40.53106],[-122.32839,40.53109],[-122.33405,40.53446],[-122.33537,40.53471],[-122.33609,40.53471],[-122.33741,40.53471],[-122.33738,40.53104],[-122.34092,40.53105],[-122.34095,40.53471],[-122.34213,40.53471],[-122.34214,40.5373],[-122.33902,40.53881],[-122.33983,40.54562],[-122.34338,40.54573],[-122.3433,40.5443],[-122.34338,40.53702],[-122.34412,40.53627],[-122.34454,40.53648],[-122.34779,40.53786],[-122.34815,40.53789],[-122.34812,40.53657],[-122.34971,40.53682],[-122.34941,40.53463],[-122.35003,40.53462],[-122.35366,40.53463],[-122.35317,40.53324],[-122.35438,40.53122],[-122.35886,40.53047],[-122.35967,40.52866],[-122.36022,40.52567],[-122.35802,40.52106],[-122.35722,40.51621],[-122.35791,40.51415],[-122.35909,40.51255],[-122.3635,40.50837],[-122.36516,40.5063],[-122.36462,40.50482],[-122.36139,40.50165],[-122.35689,40.4989],[-122.35069,40.49636],[-122.35001,40.49559],[-122.35617,40.49106],[-122.35842,40.49081],[-122.36214,40.49258],[-122.36597,40.49519],[-122.37537,40.50167],[-122.37812,40.50485],[-122.37825,40.50508],[-122.37837,40.50504],[-122.37934,40.5046],[-122.38274,40.50071],[-122.38504,40.49702],[-122.39338,40.50536],[-122.39173,40.50555],[-122.38923,40.50628],[-122.38615,40.50568],[-122.38082,40.50613],[-122.37946,40.50493],[-122.37962,40.50572],[-122.38018,40.5076],[-122.38034,40.50915],[-122.38104,40.51238],[-122.38313,40.51294],[-122.38349,40.51505],[-122.38724,40.51662],[-122.38821,40.51457],[-122.39179,40.51292],[-122.39399,40.51278],[-122.39445,40.51245],[-122.39292,40.50932],[-122.39155,40.50822],[-122.3925,40.50763],[-122.39927,40.50751],[-122.40591,40.50657],[-122.40518,40.5029],[-122.40968,40.50289],[-122.41191,40.49972],[-122.41719,40.50075],[-122.42269,40.49915],[-122.4257,40.49869],[-122.42699,40.49698],[-122.42874,40.49713],[-122.43199,40.49491],[-122.43415,40.49459],[-122.43688,40.49525],[-122.43849,40.49469],[-122.43779,40.50124],[-122.42815,40.50248],[-122.42811,40.50292],[-122.4275,40.51356],[-122.42333,40.51493],[-122.41971,40.5144],[-122.4193,40.51361],[-122.41588,40.51335],[-122.41218,40.51422],[-122.41111,40.51364],[-122.40825,40.51411],[-122.40596,40.51571],[-122.39796,40.51547],[-122.39627,40.51398],[-122.39293,40.51391],[-122.39194,40.51452],[-122.39135,40.51777],[-122.39234,40.51954],[-122.39104,40.51951],[-122.39081,40.51965],[-122.39016,40.52337],[-122.39104,40.52607],[-122.38955,40.53017],[-122.39307,40.53162],[-122.39441,40.53177],[-122.40408,40.53288],[-122.40404,40.53252],[-122.40531,40.53223],[-122.40675,40.53161],[-122.41012,40.53047],[-122.41735,40.52944],[-122.42384,40.53018],[-122.42644,40.52956],[-122.42722,40.51736],[-122.43977,40.5176],[-122.44063,40.52089],[-122.43915,40.52345],[-122.43664,40.52425],[-122.44149,40.52868],[-122.44651,40.52841],[-122.44646,40.53198],[-122.44613,40.5382],[-122.44572,40.54586],[-122.43666,40.54562],[-122.43677,40.54458],[-122.43677,40.54456],[-122.43484,40.54427],[-122.43248,40.54458],[-122.43244,40.54558],[-122.42547,40.54562],[-122.42541,40.54682],[-122.42538,40.54751],[-122.42517,40.55251],[-122.42993,40.55268],[-122.42985,40.55562],[-122.42982,40.55667],[-122.43093,40.55667],[-122.43094,40.55644],[-122.43218,40.55645],[-122.43218,40.55623],[-122.43263,40.55623],[-122.43453,40.55623],[-122.43488,40.55861],[-122.4346,40.55885],[-122.43387,40.55951],[-122.43454,40.55953],[-122.43429,40.56335],[-122.43405,40.56676],[-122.43836,40.5669],[-122.43851,40.57695],[-122.43893,40.5775],[-122.43899,40.57894],[-122.43737,40.57833],[-122.43742,40.58259],[-122.439,40.58329],[-122.44585,40.58427],[-122.45054,40.58552],[-122.45038,40.58732],[-122.44818,40.58993],[-122.44346,40.59186],[-122.44141,40.59195]],[[-122.36662,40.55037],[-122.36509,40.55011],[-122.36394,40.5563],[-122.36432,40.55803],[-122.36256,40.55817],[-122.36254,40.55881],[-122.36453,40.55878],[-122.36527,40.56148],[-122.36432,40.56159],[-122.36445,40.56222],[-122.36542,40.5624],[-122.36545,40.56377],[-122.36964,40.56374],[-122.36962,40.5615],[-122.37306,40.56118],[-122.37414,40.5609],[-122.37325,40.55568],[-122.37565,40.55232],[-122.37509,40.55143],[-122.36903,40.55135],[-122.3688,40.54971],[-122.36662,40.55037]]]]}},{"type":"Feature","properties":{"name":"REV-UP","boundary_type":"places","source":"Census TIGER place","fidelity":"exact","updated":"2026-09","units":"West Park CDP; Biola CDP; Kerman city","note":"Three rural communities in Fresno County (West Park, Biola, Kerman).","confidence":0.85},"geometry":{"type":"MultiPolygon","coordinates":[[[[-119.84448,36.71389],[-119.84447,36.70664],[-119.84451,36.69212],[-119.84447,36.68488],[-119.84896,36.68484],[-119.84894,36.68299],[-119.8534,36.68297],[-119.8534,36.69207],[-119.85579,36.69206],[-119.85574,36.6947],[-119.85342,36.69483],[-119.85342,36.70658],[-119.85792,36.70656],[-119.86236,36.70653],[-119.86238,36.72104],[-119.84455,36.72116],[-119.84448,36.71389]]],[[[-120.0737,36.73833],[-120.07374,36.73479],[-120.0692,36.73484],[-120.06682,36.73487],[-120.06691,36.73869],[-120.06008,36.73868],[-120.06012,36.73669],[-120.05334,36.73672],[-120.05338,36.73494],[-120.0514,36.73493],[-120.05142,36.73676],[-120.04675,36.73683],[-120.04668,36.7351],[-120.04221,36.73496],[-120.04225,36.7277],[-120.04205,36.7277],[-120.04198,36.72117],[-120.03669,36.7226],[-120.03671,36.72042],[-120.04203,36.72041],[-120.04243,36.71881],[-120.0485,36.71983],[-120.05079,36.71963],[-120.05152,36.71892],[-120.05154,36.71312],[-120.0604,36.71305],[-120.06436,36.71306],[-120.06441,36.70574],[-120.07356,36.70567],[-120.07353,36.71295],[-120.06947,36.71299],[-120.0694,36.71981],[-120.08294,36.71981],[-120.083,36.72744],[-120.08304,36.73474],[-120.07826,36.73475],[-120.0782,36.73833],[-120.0737,36.73833]]],[[[-120.02467,36.80771],[-120.01456,36.80773],[-120.01557,36.79975],[-120.01552,36.79323],[-120.02879,36.79323],[-120.0291,36.79324],[-120.02913,36.79771],[-120.02786,36.79969],[-120.0246,36.80054],[-120.02467,36.80771]]]]}},{"type":"Feature","properties":{"name":"Richmond Moves","boundary_type":"zone_approx","source":"Manual approximation","fidelity":"approximate","updated":"2026-09","units":"buffer 2.15 km @ 37.9400,-122.3500; clipped to Richmond city","note":"Citywide service zone in Richmond, stated as 5.6 sq mi, centered on the CSV pin location (near BART/Civic Center) rather than the city-wide centroid, since Richmond's irregular shape caused the prior centroid-centered circle to fall partly outside city limits and undershoot the stated area. Clipped to Richmond city limits. Serves predominantly low-income and disadvantaged communities. Source: https://city.ridewithvia.com/richmond-moves","confidence":0.8},"geometry":{"type":"Polygon","coordinates":[[[-122.32699,37.94661],[-122.32635,37.945],[-122.32588,37.94335],[-122.3256,37.94168],[-122.32551,37.94],[-122.3256,37.93832],[-122.32588,37.93665],[-122.32635,37.935],[-122.32699,37.93339],[-122.32781,37.93184],[-122.32879,37.93034],[-122.32994,37.92892],[-122.33124,37.92759],[-122.33268,37.92634],[-122.33426,37.9252],[-122.33595,37.92418],[-122.33776,37.92327],[-122.33965,37.9225],[-122.34162,37.92185],[-122.34366,37.92134],[-122.34575,37.92098],[-122.34787,37.92076],[-122.35,37.92069],[-122.35213,37.92076],[-122.35425,37.92098],[-122.35634,37.92134],[-122.35838,37.92185],[-122.36035,37.9225],[-122.36224,37.92327],[-122.36405,37.92418],[-122.36574,37.9252],[-122.36732,37.92634],[-122.36876,37.92759],[-122.37006,37.92892],[-122.37121,37.93034],[-122.37219,37.93184],[-122.37301,37.93339],[-122.37365,37.935],[-122.37412,37.93665],[-122.3744,37.93832],[-122.37449,37.94],[-122.3744,37.94168],[-122.37412,37.94335],[-122.37365,37.945],[-122.37301,37.94661],[-122.37219,37.94816],[-122.37121,37.94966],[-122.37056,37.95046],[-122.36888,37.95039],[-122.36886,37.95125],[-122.36886,37.95231],[-122.36876,37.95241],[-122.36732,37.95366],[-122.3658,37.95475],[-122.36421,37.95475],[-122.35988,37.95474],[-122.3596,37.95775],[-122.35838,37.95815],[-122.35777,37.9583],[-122.35806,37.95474],[-122.35861,37.95045],[-122.35713,37.95043],[-122.35554,37.95032],[-122.35208,37.95033],[-122.34741,37.95032],[-122.3474,37.95058],[-122.34736,37.95322],[-122.34636,37.95618],[-122.34264,37.95538],[-122.34031,37.95248],[-122.33989,37.95276],[-122.33885,37.95342],[-122.33564,37.95216],[-122.33391,37.95175],[-122.33351,37.95145],[-122.33273,37.94988],[-122.33164,37.94909],[-122.32844,37.94913],[-122.32781,37.94816],[-122.32699,37.94661]]]}},{"type":"Feature","properties":{"name":"Ride Plus","boundary_type":"places","source":"Census TIGER place","fidelity":"approximate","updated":"2026-09","units":"East Palo Alto city; Half Moon Bay city","note":"Serves East Palo Alto and Half Moon Bay (HMB). Geared towards equity priority communities.","confidence":0.6},"geometry":{"type":"MultiPolygon","coordinates":[[[[-122.14718,37.47357],[-122.14586,37.47559],[-122.13952,37.47593],[-122.13976,37.48085],[-122.13867,37.48188],[-122.13126,37.48419],[-122.1309,37.48337],[-122.13233,37.47981],[-122.1265,37.475],[-122.12051,37.47724],[-122.1205,37.47721],[-122.12104,37.47655],[-122.12314,37.474],[-122.11755,37.46757],[-122.11516,37.46628],[-122.11769,37.46524],[-122.12383,37.46122],[-122.12177,37.45424],[-122.12237,37.45338],[-122.12598,37.45355],[-122.12786,37.45274],[-122.12829,37.45186],[-122.12988,37.45309],[-122.1339,37.45438],[-122.13671,37.45434],[-122.13877,37.4548],[-122.14191,37.45783],[-122.14303,37.45811],[-122.14493,37.4582],[-122.14501,37.45848],[-122.1446,37.46047],[-122.14455,37.46079],[-122.14505,37.46079],[-122.14572,37.4611],[-122.15,37.46175],[-122.15126,37.46274],[-122.15088,37.46411],[-122.15056,37.46599],[-122.15095,37.46623],[-122.15536,37.46883],[-122.15631,37.46941],[-122.15642,37.4697],[-122.15369,37.4745],[-122.14718,37.47357]]],[[[-122.4484,37.49613],[-122.44306,37.51774],[-122.44232,37.52075],[-122.43697,37.5176],[-122.43975,37.50733],[-122.43584,37.50795],[-122.43592,37.50548],[-122.43695,37.50438],[-122.43717,37.5014],[-122.43566,37.49826],[-122.43656,37.495],[-122.43491,37.49271],[-122.43718,37.48967],[-122.43697,37.48799],[-122.43253,37.4856],[-122.43512,37.48203],[-122.43459,37.48106],[-122.43069,37.48443],[-122.43092,37.48336],[-122.42812,37.48163],[-122.42548,37.47853],[-122.42179,37.47199],[-122.41898,37.47505],[-122.41906,37.47485],[-122.41749,37.47419],[-122.41814,37.47415],[-122.41837,37.47434],[-122.41881,37.47424],[-122.41928,37.47387],[-122.42135,37.46916],[-122.41652,37.46718],[-122.421,37.46426],[-122.42106,37.46124],[-122.42487,37.46109],[-122.42548,37.46158],[-122.42658,37.4623],[-122.42675,37.46237],[-122.42761,37.4616],[-122.42702,37.46053],[-122.42682,37.46022],[-122.42655,37.45968],[-122.42633,37.45933],[-122.42584,37.45695],[-122.42599,37.45689],[-122.42609,37.45635],[-122.42624,37.45595],[-122.42616,37.45583],[-122.42604,37.45582],[-122.42569,37.45571],[-122.42565,37.45568],[-122.42651,37.45534],[-122.42907,37.45498],[-122.42589,37.43139],[-122.42108,37.43254],[-122.42082,37.43134],[-122.42652,37.42786],[-122.42652,37.42768],[-122.42638,37.42492],[-122.43817,37.42519],[-122.43933,37.42667],[-122.4406,37.42937],[-122.44207,37.43251],[-122.44369,37.43594],[-122.44505,37.45116],[-122.44541,37.45515],[-122.44599,37.46154],[-122.44719,37.46529],[-122.45207,37.48048],[-122.45209,37.48054],[-122.45869,37.49128],[-122.45958,37.49273],[-122.46022,37.49315],[-122.45831,37.49316],[-122.45313,37.49442],[-122.4484,37.49613]]],[[[-122.46763,37.49797],[-122.46789,37.49814],[-122.47239,37.50054],[-122.47482,37.49948],[-122.4768,37.50103],[-122.4763,37.50222],[-122.47589,37.50306],[-122.4679,37.49995],[-122.46763,37.49797]]]]}},{"type":"Feature","properties":{"name":"Ridgerunner Transit Dial-A-Ride (Ridgecrest)","boundary_type":"places","source":"Census TIGER place","fidelity":"exact","updated":"2026-09","units":"Ridgecrest city; Inyokern CDP","note":"High desert service covering Ridgecrest and Inyokern in eastern Kern County","confidence":0.9},"geometry":{"type":"MultiPolygon","coordinates":[[[[-117.6968,35.60783],[-117.70562,35.60786],[-117.70559,35.61519],[-117.69674,35.61521],[-117.69668,35.62251],[-117.70556,35.62253],[-117.70555,35.62985],[-117.69884,35.62987],[-117.69879,35.63348],[-117.69653,35.63349],[-117.69651,35.6371],[-117.69655,35.63727],[-117.69654,35.6444],[-117.69659,35.65187],[-117.67869,35.65186],[-117.67084,35.65189],[-117.67005,35.6518],[-117.67022,35.68099],[-117.66785,35.68079],[-117.65218,35.68077],[-117.61652,35.68069],[-117.61652,35.65161],[-117.63435,35.65085],[-117.63439,35.62251],[-117.63425,35.60813],[-117.6352,35.60815],[-117.6352,35.6062],[-117.63609,35.60619],[-117.63614,35.60438],[-117.63792,35.60438],[-117.63886,35.60293],[-117.63995,35.60294],[-117.64005,35.60435],[-117.64347,35.60433],[-117.64357,35.61155],[-117.64824,35.61162],[-117.65248,35.60869],[-117.65409,35.60822],[-117.65582,35.60805],[-117.65467,35.60807],[-117.65473,35.60563],[-117.65704,35.60567],[-117.65697,35.60805],[-117.6613,35.60804],[-117.66145,35.60072],[-117.66752,35.60072],[-117.67046,35.60081],[-117.67061,35.59346],[-117.67008,35.57883],[-117.65206,35.57866],[-117.65239,35.5641],[-117.68812,35.56398],[-117.68786,35.5786],[-117.67893,35.5787],[-117.67942,35.58614],[-117.6881,35.58613],[-117.68822,35.58785],[-117.68371,35.5879],[-117.68388,35.59161],[-117.67933,35.59161],[-117.67936,35.59341],[-117.67938,35.59694],[-117.67491,35.59701],[-117.67487,35.60069],[-117.67989,35.60072],[-117.68835,35.59523],[-117.68845,35.59342],[-117.69045,35.5934],[-117.69073,35.59367],[-117.69133,35.59342],[-117.70492,35.59334],[-117.70589,35.5934],[-117.7058,35.59704],[-117.697,35.59707],[-117.6968,35.60783]]],[[[-117.8667,35.68116],[-117.84383,35.68127],[-117.84273,35.68093],[-117.84139,35.68164],[-117.84028,35.6813],[-117.80715,35.68123],[-117.79728,35.65563],[-117.79289,35.65552],[-117.793,35.65292],[-117.79218,35.65198],[-117.79771,35.65189],[-117.80064,35.65142],[-117.80021,35.65078],[-117.77587,35.62274],[-117.80304,35.623],[-117.81212,35.62287],[-117.81199,35.62571],[-117.83934,35.63712],[-117.83932,35.64367],[-117.83961,35.64796],[-117.83934,35.6537],[-117.83953,35.65567],[-117.83938,35.66346],[-117.84208,35.66345],[-117.84206,35.66672],[-117.84786,35.66663],[-117.85343,35.66657],[-117.87212,35.66621],[-117.87039,35.67069],[-117.86702,35.6795],[-117.8667,35.68116]]]]}},{"type":"Feature","properties":{"name":"Rio Vista Delta Breeze - Route 51 Dial-A-Ride","boundary_type":"places","source":"Census TIGER place","fidelity":"exact","updated":"2026-09","units":"Rio Vista city; Isleton city","note":"Service covers Rio Vista, Isleton, and unincorporated Delta resort communities (e.g. along SR-160 river frontage) between them; only Rio Vista and Isleton are incorporated places with mappable boundaries, so the resort-community portion of the service area is not separately represented here. Source: riovistacity.com/deltabreeze","confidence":0.7},"geometry":{"type":"MultiPolygon","coordinates":[[[[-121.58747,38.15782],[-121.59159,38.15765],[-121.59281,38.15497],[-121.59614,38.15678],[-121.59257,38.16065],[-121.58747,38.15782]]],[[[-121.60568,38.16447],[-121.60268,38.16549],[-121.59971,38.16716],[-121.59729,38.1676],[-121.59301,38.16553],[-121.61113,38.15728],[-121.61215,38.15997],[-121.61703,38.15815],[-121.61832,38.15651],[-121.61994,38.15656],[-121.61637,38.16376],[-121.60996,38.16385],[-121.60568,38.16447]]],[[[-121.71372,38.20507],[-121.71371,38.1948],[-121.70848,38.19505],[-121.70962,38.19848],[-121.70725,38.19896],[-121.70467,38.19789],[-121.70454,38.1947],[-121.69742,38.19502],[-121.69334,38.19666],[-121.68311,38.19703],[-121.6827,38.19148],[-121.68256,38.18526],[-121.68212,38.18052],[-121.68505,38.18289],[-121.68606,38.18196],[-121.68655,38.17978],[-121.68612,38.17791],[-121.68943,38.17532],[-121.68414,38.17109],[-121.67913,38.17368],[-121.67103,38.17684],[-121.66835,38.17504],[-121.67162,38.17248],[-121.6762,38.16677],[-121.68033,38.16281],[-121.68457,38.16076],[-121.68559,38.15971],[-121.68587,38.15459],[-121.68705,38.15187],[-121.6877,38.14683],[-121.68823,38.14542],[-121.68972,38.14256],[-121.69587,38.144],[-121.6942,38.14931],[-121.69457,38.14854],[-121.69592,38.15039],[-121.69956,38.14979],[-121.70332,38.1496],[-121.7212,38.16382],[-121.7109,38.17182],[-121.72324,38.18165],[-121.72601,38.18298],[-121.73247,38.18328],[-121.73225,38.19789],[-121.72301,38.19782],[-121.72298,38.20501],[-121.71372,38.20507]]]]}},{"type":"Feature","properties":{"name":"Rosemead GO","boundary_type":"city","source":"Census TIGER place","fidelity":"exact","updated":"2026-09","units":"Rosemead city","note":"City of Rosemead all-electric microtransit replacing fixed-route service","confidence":0.95},"geometry":{"type":"Polygon","coordinates":[[[-118.1073,34.06257],[-118.10729,34.06622],[-118.1074,34.06986],[-118.10797,34.06985],[-118.10746,34.07156],[-118.10381,34.07158],[-118.10037,34.07149],[-118.09954,34.07159],[-118.09954,34.07233],[-118.0958,34.07226],[-118.09061,34.07233],[-118.0906,34.07264],[-118.0871,34.07237],[-118.0871,34.07279],[-118.08719,34.07486],[-118.08891,34.07485],[-118.08791,34.07648],[-118.08788,34.08028],[-118.08351,34.08045],[-118.08775,34.08551],[-118.08801,34.08993],[-118.0882,34.09174],[-118.08722,34.09174],[-118.08726,34.09502],[-118.08369,34.09384],[-118.07959,34.0925],[-118.07769,34.09187],[-118.07378,34.09058],[-118.07326,34.09041],[-118.06771,34.08858],[-118.06644,34.08816],[-118.06184,34.08663],[-118.06308,34.08119],[-118.05941,34.08129],[-118.05972,34.08293],[-118.0577,34.08274],[-118.05681,34.08498],[-118.05597,34.0847],[-118.0559,34.08036],[-118.05577,34.07271],[-118.05577,34.07245],[-118.05851,34.07242],[-118.06439,34.07237],[-118.07293,34.07227],[-118.07292,34.07206],[-118.07241,34.06992],[-118.06789,34.06548],[-118.06776,34.06535],[-118.06894,34.06569],[-118.06976,34.06283],[-118.06876,34.06284],[-118.06857,34.06284],[-118.06744,34.06284],[-118.06937,34.061],[-118.07026,34.05724],[-118.07159,34.05724],[-118.07528,34.05722],[-118.07526,34.0536],[-118.07857,34.05361],[-118.07965,34.05172],[-118.07968,34.04996],[-118.08186,34.04997],[-118.08185,34.04814],[-118.08216,34.04408],[-118.08009,34.04407],[-118.07748,34.04049],[-118.07815,34.03942],[-118.08076,34.03941],[-118.0807,34.03933],[-118.07789,34.0356],[-118.08078,34.03453],[-118.0823,34.03491],[-118.08257,34.03802],[-118.08389,34.0382],[-118.09026,34.03996],[-118.09044,34.04043],[-118.08963,34.04179],[-118.08902,34.0438],[-118.08586,34.04248],[-118.08318,34.0427],[-118.08318,34.04317],[-118.08183,34.04317],[-118.08398,34.04451],[-118.084,34.04814],[-118.08617,34.04814],[-118.08617,34.04999],[-118.08831,34.05],[-118.08833,34.0512],[-118.09048,34.05121],[-118.09049,34.05172],[-118.09049,34.05186],[-118.09253,34.05215],[-118.09112,34.05313],[-118.09113,34.054],[-118.09463,34.05457],[-118.09946,34.05537],[-118.10062,34.05537],[-118.10135,34.05374],[-118.10326,34.05313],[-118.1043,34.05356],[-118.10571,34.05534],[-118.10803,34.05534],[-118.10809,34.05987],[-118.10811,34.06256],[-118.1073,34.06257]]]}},{"type":"Feature","properties":{"name":"SacRT Flex","boundary_type":"city","source":"Census TIGER place","fidelity":"approximate","updated":"2026-09","units":"Sacramento city","note":"Service in Sacramento. Text does not specify if countywide or citywide; assuming city based on operator focus.","confidence":0.75},"geometry":{"type":"Polygon","coordinates":[[[-121.55734,38.65555],[-121.55049,38.65562],[-121.5502,38.66417],[-121.55022,38.66438],[-121.55005,38.66544],[-121.55009,38.67106],[-121.5579,38.67106],[-121.55789,38.67136],[-121.5579,38.67806],[-121.55788,38.6856],[-121.54032,38.68551],[-121.53126,38.6855],[-121.51603,38.6852],[-121.50742,38.68522],[-121.4936,38.68522],[-121.48562,38.68519],[-121.48553,38.67576],[-121.48467,38.67435],[-121.47838,38.67093],[-121.4771,38.67],[-121.47538,38.66996],[-121.4661,38.6699],[-121.44743,38.6692],[-121.42914,38.66911],[-121.41762,38.669],[-121.41526,38.66898],[-121.4153,38.65831],[-121.41752,38.6601],[-121.41993,38.66004],[-121.42223,38.65803],[-121.42164,38.65452],[-121.42164,38.65272],[-121.42341,38.65101],[-121.4199,38.65097],[-121.41759,38.64995],[-121.4176,38.6472],[-121.41068,38.64713],[-121.41057,38.63989],[-121.40561,38.6398],[-121.40404,38.63979],[-121.40315,38.64061],[-121.40246,38.64061],[-121.3887,38.64368],[-121.38326,38.64219],[-121.3832,38.63989],[-121.38201,38.64102],[-121.37896,38.64076],[-121.37691,38.64259],[-121.37243,38.64457],[-121.37027,38.64361],[-121.36712,38.644],[-121.36663,38.64464],[-121.3663,38.64476],[-121.36607,38.64455],[-121.36516,38.64377],[-121.36417,38.64457],[-121.36313,38.64418],[-121.36433,38.64218],[-121.36591,38.64173],[-121.36631,38.64189],[-121.36767,38.64227],[-121.36961,38.64169],[-121.37528,38.63998],[-121.38294,38.63715],[-121.39217,38.6336],[-121.40138,38.63007],[-121.41065,38.62647],[-121.41107,38.62616],[-121.41528,38.62454],[-121.41528,38.61817],[-121.41969,38.6201],[-121.4197,38.61861],[-121.41992,38.61785],[-121.41993,38.61093],[-121.41994,38.60863],[-121.41995,38.59608],[-121.41999,38.59608],[-121.42,38.58894],[-121.41995,38.582],[-121.42006,38.58138],[-121.41993,38.58059],[-121.42169,38.57744],[-121.42133,38.57728],[-121.41599,38.57533],[-121.41534,38.57535],[-121.41534,38.57487],[-121.41475,38.57495],[-121.41329,38.57434],[-121.41123,38.57432],[-121.40523,38.5707],[-121.4052,38.57205],[-121.40149,38.57148],[-121.39657,38.57068],[-121.39747,38.56798],[-121.39979,38.56784],[-121.40022,38.56354],[-121.39836,38.5628],[-121.39333,38.56406],[-121.38285,38.56676],[-121.38264,38.56411],[-121.38217,38.56281],[-121.37947,38.55885],[-121.37512,38.55309],[-121.37846,38.55152],[-121.37886,38.54707],[-121.38635,38.54704],[-121.38631,38.5431],[-121.37095,38.53876],[-121.371,38.53514],[-121.37035,38.52966],[-121.37029,38.52524],[-121.36842,38.52525],[-121.36839,38.52394],[-121.36741,38.52396],[-121.36736,38.5221],[-121.36986,38.52209],[-121.36989,38.51924],[-121.3679,38.51924],[-121.3679,38.51814],[-121.36283,38.51816],[-121.36274,38.51395],[-121.36994,38.51393],[-121.36994,38.51137],[-121.37181,38.50736],[-121.3722,38.50344],[-121.37548,38.50403],[-121.37893,38.5034],[-121.39055,38.50339],[-121.39055,38.50069],[-121.39515,38.50067],[-121.39521,38.50338],[-121.39937,38.50337],[-121.40904,38.50348],[-121.40904,38.50333],[-121.40898,38.49968],[-121.41535,38.49965],[-121.41552,38.50114],[-121.41595,38.50324],[-121.41668,38.50324],[-121.42207,38.50323],[-121.42286,38.50367],[-121.42294,38.50422],[-121.4274,38.50469],[-121.42971,38.504],[-121.4332,38.50478],[-121.43245,38.50324],[-121.43704,38.50321],[-121.43681,38.50735],[-121.43685,38.51049],[-121.44514,38.51046],[-121.4452,38.51209],[-121.44146,38.51214],[-121.44156,38.51767],[-121.43923,38.5177],[-121.43976,38.51882],[-121.44015,38.51967],[-121.44197,38.52363],[-121.44438,38.52362],[-121.4444,38.52496],[-121.44941,38.52492],[-121.45032,38.52492],[-121.45277,38.52492],[-121.4528,38.52896],[-121.45572,38.53059],[-121.45282,38.53138],[-121.45362,38.53138],[-121.45362,38.53218],[-121.45544,38.53219],[-121.45545,38.5337],[-121.45337,38.5337],[-121.45336,38.53218],[-121.44594,38.5322],[-121.4474,38.53517],[-121.44971,38.53942],[-121.45549,38.53944],[-121.45912,38.53944],[-121.46009,38.53945],[-121.46009,38.53402],[-121.46122,38.53351],[-121.46471,38.53346],[-121.4647,38.53214],[-121.46232,38.53214],[-121.46232,38.52569],[-121.46164,38.52491],[-121.46463,38.52495],[-121.46585,38.52494],[-121.46525,38.5243],[-121.4669,38.52327],[-121.46702,38.52249],[-121.46878,38.52248],[-121.47015,38.5249],[-121.47175,38.52489],[-121.47097,38.52165],[-121.47094,38.5215],[-121.46637,38.5215],[-121.46666,38.51933],[-121.46537,38.51906],[-121.46532,38.51871],[-121.46592,38.51764],[-121.46971,38.51761],[-121.47755,38.51769],[-121.47526,38.51033],[-121.47302,38.50309],[-121.47223,38.50059],[-121.46777,38.5006],[-121.46451,38.50317],[-121.4645,38.50026],[-121.46154,38.50028],[-121.46142,38.50004],[-121.45927,38.49601],[-121.4569,38.49154],[-121.45498,38.48754],[-121.4541,38.48517],[-121.44723,38.48517],[-121.44721,38.48376],[-121.44443,38.48425],[-121.44085,38.48489],[-121.44071,38.48156],[-121.43076,38.48162],[-121.42776,38.47877],[-121.42643,38.47753],[-121.42044,38.4775],[-121.41897,38.47434],[-121.41549,38.46723],[-121.41469,38.46523],[-121.4113,38.45813],[-121.41065,38.45678],[-121.40861,38.45261],[-121.406,38.44704],[-121.40498,38.44478],[-121.40402,38.44266],[-121.40314,38.44029],[-121.40348,38.43789],[-121.40468,38.43802],[-121.41776,38.438],[-121.42103,38.43803],[-121.43284,38.43794],[-121.43615,38.43794],[-121.43619,38.44146],[-121.44499,38.44148],[-121.44465,38.44718],[-121.44465,38.4488],[-121.44486,38.45211],[-121.44547,38.45511],[-121.4487,38.45531],[-121.44865,38.4524],[-121.45435,38.45231],[-121.4521,38.45729],[-121.44591,38.45731],[-121.44636,38.45964],[-121.45066,38.4604],[-121.45704,38.46218],[-121.46047,38.46158],[-121.46104,38.46344],[-121.46151,38.46357],[-121.46121,38.46144],[-121.461,38.46007],[-121.46067,38.45882],[-121.46442,38.45978],[-121.47509,38.45973],[-121.47664,38.45904],[-121.4773,38.4587],[-121.47777,38.45841],[-121.47759,38.45758],[-121.47892,38.4563],[-121.48253,38.45622],[-121.48251,38.45782],[-121.49307,38.45643],[-121.49426,38.4586],[-121.49464,38.45853],[-121.49969,38.45772],[-121.50115,38.45914],[-121.50178,38.46152],[-121.50062,38.4617],[-121.50141,38.46578],[-121.50312,38.46719],[-121.50322,38.46974],[-121.50413,38.46969],[-121.50509,38.46956],[-121.50608,38.47095],[-121.50887,38.47281],[-121.51188,38.47367],[-121.51732,38.4745],[-121.52145,38.4744],[-121.52934,38.47387],[-121.53334,38.47383],[-121.53858,38.47457],[-121.54272,38.47645],[-121.54429,38.47765],[-121.54733,38.48129],[-121.54841,38.48251],[-121.55593,38.49285],[-121.55827,38.49636],[-121.5588,38.49748],[-121.55904,38.49959],[-121.5587,38.50194],[-121.55868,38.50214],[-121.55855,38.50317],[-121.55498,38.51016],[-121.55357,38.5123],[-121.55178,38.51386],[-121.54548,38.51561],[-121.54082,38.5165],[-121.5314,38.51727],[-121.5255,38.51878],[-121.5242,38.52151],[-121.52518,38.52268],[-121.52992,38.52678],[-121.53077,38.52791],[-121.53098,38.52897],[-121.52977,38.53121],[-121.52847,38.53211],[-121.52037,38.53537],[-121.5132,38.54074],[-121.51262,38.54167],[-121.51129,38.54629],[-121.51513,38.55517],[-121.51654,38.5579],[-121.51845,38.56128],[-121.52096,38.5662],[-121.51897,38.56871],[-121.51157,38.575],[-121.50827,38.58051],[-121.50627,38.58629],[-121.50683,38.58902],[-121.50867,38.5968],[-121.51157,38.6009],[-121.51577,38.6027],[-121.52495,38.60417],[-121.52572,38.60429],[-121.52767,38.6046],[-121.5348,38.60295],[-121.53481,38.60513],[-121.53645,38.60471],[-121.53754,38.60423],[-121.54053,38.60239],[-121.54055,38.60077],[-121.54349,38.59851],[-121.54517,38.59971],[-121.54721,38.59974],[-121.54353,38.60514],[-121.53812,38.61302],[-121.53643,38.61472],[-121.53009,38.61832],[-121.52405,38.62149],[-121.52488,38.62277],[-121.53369,38.62756],[-121.54535,38.62726],[-121.54536,38.63091],[-121.53736,38.63093],[-121.53575,38.6365],[-121.53751,38.63874],[-121.53907,38.64179],[-121.53969,38.64211],[-121.54474,38.64352],[-121.54615,38.64257],[-121.54896,38.64304],[-121.54998,38.64208],[-121.55247,38.64336],[-121.55527,38.64913],[-121.55807,38.65497],[-121.56012,38.65634],[-121.55734,38.65555]],[[-121.50256,38.642],[-121.49323,38.64198],[-121.4932,38.63773],[-121.48934,38.63918],[-121.48416,38.64002],[-121.47781,38.64079],[-121.47777,38.64196],[-121.47549,38.64583],[-121.47549,38.64957],[-121.47501,38.64957],[-121.475,38.64987],[-121.47613,38.65523],[-121.47639,38.65655],[-121.4822,38.65648],[-121.48406,38.6563],[-121.49327,38.65623],[-121.49323,38.64943],[-121.5027,38.64931],[-121.50271,38.64663],[-121.50256,38.642]]]}},{"type":"Feature","properties":{"name":"Sage Stage (Modoc Transportation Agency)","boundary_type":"buffered","source":"Census TIGER unit + service radius","fidelity":"approximate","updated":"2026-09","units":"Alturas city; +16.09 km radius","note":"Alturas city center plus ~10-mile radius service area","confidence":0.85},"geometry":{"type":"Polygon","coordinates":[[[-120.76827,41.49134],[-120.76394,41.51931],[-120.75246,41.54612],[-120.74367,41.55801],[-120.74238,41.5612],[-120.72466,41.58601],[-120.70086,41.60778],[-120.67188,41.62569],[-120.63881,41.63905],[-120.60292,41.64735],[-120.56556,41.65029],[-120.56089,41.65032],[-120.52303,41.64772],[-120.50944,41.64469],[-120.50351,41.64441],[-120.46613,41.6368],[-120.43153,41.62376],[-120.4011,41.60581],[-120.37607,41.58366],[-120.37022,41.57566],[-120.36418,41.57004],[-120.34685,41.54534],[-120.33617,41.51862],[-120.33255,41.49085],[-120.33254,41.48901],[-120.33255,41.48754],[-120.33257,41.48602],[-120.3366,41.45796],[-120.34784,41.43102],[-120.36585,41.40623],[-120.38994,41.38453],[-120.39574,41.38101],[-120.40429,41.37386],[-120.43323,41.35733],[-120.4455,41.35274],[-120.47268,41.3397],[-120.50928,41.32918],[-120.54795,41.32443],[-120.58711,41.32562],[-120.62514,41.33272],[-120.66047,41.34542],[-120.69164,41.36321],[-120.7019,41.37204],[-120.71517,41.38062],[-120.73805,41.40238],[-120.75497,41.42701],[-120.7653,41.4536],[-120.76867,41.48119],[-120.76784,41.48735],[-120.76827,41.49134]]]}},{"type":"Feature","properties":{"name":"San Benito County Express On-Demand","boundary_type":"city","source":"Census TIGER place","fidelity":"exact","updated":"2026-09","units":"Hollister city","note":"On-demand service centered on Hollister","confidence":0.85},"geometry":{"type":"MultiPolygon","coordinates":[[[[-121.44314,36.85708],[-121.44343,36.85662],[-121.43822,36.85388],[-121.43927,36.85253],[-121.44371,36.85369],[-121.44376,36.85228],[-121.44595,36.85261],[-121.44749,36.85249],[-121.44885,36.85209],[-121.45071,36.85203],[-121.45107,36.85241],[-121.44776,36.85775],[-121.44314,36.85708]]],[[[-121.42984,36.84869],[-121.4288,36.84872],[-121.43145,36.85115],[-121.43079,36.85148],[-121.43124,36.85186],[-121.43042,36.85205],[-121.43023,36.85551],[-121.4316,36.85557],[-121.43164,36.85785],[-121.42884,36.85773],[-121.42406,36.85753],[-121.42388,36.86073],[-121.42063,36.86059],[-121.42076,36.8574],[-121.41297,36.85708],[-121.41293,36.85822],[-121.41102,36.85814],[-121.41109,36.857],[-121.40961,36.85692],[-121.40944,36.85913],[-121.41166,36.86348],[-121.40704,36.86327],[-121.40278,36.85697],[-121.40486,36.86013],[-121.4032,36.86042],[-121.40315,36.86151],[-121.40566,36.86163],[-121.40561,36.86322],[-121.40159,36.86305],[-121.40139,36.86364],[-121.40137,36.86418],[-121.40355,36.8662],[-121.4075,36.86618],[-121.40732,36.86962],[-121.4065,36.86959],[-121.40456,36.86737],[-121.40116,36.86755],[-121.40111,36.86937],[-121.4051,36.86953],[-121.40497,36.87156],[-121.40195,36.87143],[-121.40156,36.87758],[-121.40461,36.87779],[-121.40451,36.87951],[-121.40898,36.87969],[-121.40911,36.87783],[-121.41252,36.87798],[-121.41542,36.88208],[-121.41224,36.88202],[-121.41226,36.88479],[-121.41608,36.88498],[-121.41649,36.88398],[-121.41641,36.88915],[-121.40992,36.89095],[-121.41939,36.90067],[-121.42401,36.90418],[-121.4199,36.90672],[-121.41674,36.90236],[-121.41236,36.8979],[-121.4144,36.90298],[-121.40824,36.9045],[-121.406,36.89906],[-121.40215,36.89902],[-121.40148,36.89473],[-121.39858,36.89525],[-121.39857,36.89801],[-121.39664,36.89827],[-121.39418,36.89545],[-121.39384,36.8937],[-121.39312,36.8934],[-121.39291,36.89296],[-121.39208,36.89219],[-121.39233,36.89047],[-121.39171,36.88947],[-121.39159,36.88843],[-121.39036,36.8842],[-121.38918,36.88309],[-121.38976,36.88126],[-121.39515,36.88281],[-121.39519,36.88204],[-121.40002,36.8835],[-121.40023,36.87989],[-121.39534,36.87967],[-121.39553,36.87677],[-121.4004,36.87698],[-121.4005,36.87477],[-121.39731,36.87465],[-121.39765,36.86922],[-121.39931,36.86825],[-121.39741,36.86817],[-121.39752,36.86596],[-121.39754,36.86594],[-121.39759,36.86498],[-121.40052,36.86495],[-121.40063,36.86297],[-121.3957,36.86278],[-121.39562,36.86488],[-121.39291,36.86461],[-121.39169,36.86394],[-121.39073,36.86246],[-121.39077,36.86005],[-121.39588,36.86024],[-121.39611,36.85643],[-121.39074,36.8562],[-121.38399,36.85594],[-121.38418,36.85171],[-121.3818,36.85163],[-121.38161,36.85585],[-121.37694,36.85566],[-121.37715,36.85145],[-121.37607,36.8514],[-121.37632,36.84723],[-121.37441,36.84714],[-121.37456,36.84431],[-121.37168,36.845],[-121.37196,36.84221],[-121.37421,36.8423],[-121.37545,36.83869],[-121.37214,36.83856],[-121.37059,36.83965],[-121.37074,36.84305],[-121.36929,36.843],[-121.36909,36.84691],[-121.36363,36.84656],[-121.36364,36.84352],[-121.36361,36.83925],[-121.36934,36.83918],[-121.37087,36.83877],[-121.371,36.83486],[-121.36922,36.83445],[-121.36922,36.8332],[-121.36524,36.83319],[-121.36361,36.83265],[-121.36359,36.82433],[-121.36362,36.82234],[-121.36799,36.82236],[-121.3682,36.81791],[-121.37035,36.81921],[-121.37094,36.81954],[-121.38104,36.82545],[-121.38243,36.82676],[-121.38358,36.82832],[-121.37776,36.82827],[-121.37765,36.82955],[-121.37772,36.83089],[-121.38174,36.83056],[-121.38421,36.82923],[-121.38576,36.83156],[-121.38674,36.83144],[-121.38682,36.83005],[-121.39325,36.82928],[-121.4007,36.82959],[-121.40203,36.83335],[-121.40038,36.83334],[-121.40077,36.83634],[-121.40265,36.8364],[-121.40244,36.8398],[-121.40605,36.83993],[-121.40704,36.83089],[-121.40967,36.83241],[-121.4095,36.83699],[-121.41081,36.8376],[-121.41076,36.83911],[-121.41189,36.83917],[-121.41207,36.83745],[-121.41685,36.83946],[-121.41611,36.84011],[-121.41817,36.8423],[-121.41804,36.84452],[-121.42077,36.8444],[-121.42447,36.84701],[-121.42605,36.84764],[-121.42651,36.84734],[-121.42572,36.84588],[-121.42918,36.84583],[-121.43312,36.84693],[-121.43306,36.84833],[-121.43481,36.84984],[-121.43406,36.84999],[-121.43268,36.8505],[-121.42984,36.84869]],[[-121.40788,36.84507],[-121.40852,36.84508],[-121.40854,36.84555],[-121.41048,36.84556],[-121.41048,36.84448],[-121.4079,36.84441],[-121.40788,36.84507]],[[-121.39286,36.89188],[-121.39338,36.89172],[-121.3938,36.89158],[-121.3934,36.88925],[-121.39262,36.88971],[-121.39286,36.89188]],[[-121.38117,36.83492],[-121.38118,36.83549],[-121.38189,36.8355],[-121.38186,36.8352],[-121.38225,36.83517],[-121.38224,36.83549],[-121.38248,36.83548],[-121.38244,36.83493],[-121.38135,36.8349],[-121.38117,36.83492]],[[-121.37984,36.8473],[-121.3783,36.8473],[-121.37859,36.84731],[-121.3787,36.84925],[-121.38108,36.84868],[-121.38115,36.84741],[-121.38103,36.8474],[-121.38173,36.84385],[-121.37999,36.84401],[-121.37984,36.8473]],[[-121.37782,36.83878],[-121.37762,36.8419],[-121.3784,36.84231],[-121.37751,36.8441],[-121.37892,36.84374],[-121.37902,36.83948],[-121.3786,36.83881],[-121.37782,36.83878]]]]}},{"type":"Feature","properties":{"name":"Santa Clarita GO!","boundary_type":"city","source":"Census TIGER place","fidelity":"exact","updated":"2026-09","units":"Santa Clarita city","note":"City of Santa Clarita microtransit; noted service to Canyon Country.","confidence":0.85},"geometry":{"type":"MultiPolygon","coordinates":[[[[-118.55491,34.35693],[-118.5574,34.3568],[-118.55795,34.35654],[-118.55785,34.3569],[-118.55551,34.35846],[-118.55491,34.35693]]],[[[-118.55796,34.35697],[-118.55843,34.35616],[-118.56058,34.3567],[-118.56096,34.35803],[-118.56596,34.35766],[-118.56344,34.35922],[-118.55599,34.35986],[-118.55545,34.35875],[-118.55796,34.35697]]],[[[-118.60592,34.44945],[-118.60367,34.44706],[-118.60082,34.44723],[-118.59855,34.44815],[-118.59638,34.4466],[-118.58979,34.44803],[-118.58792,34.44731],[-118.58133,34.44746],[-118.58295,34.45029],[-118.58433,34.45401],[-118.58682,34.45574],[-118.58129,34.461],[-118.57452,34.46131],[-118.57496,34.46274],[-118.5735,34.46426],[-118.57357,34.46788],[-118.57497,34.46804],[-118.57259,34.47004],[-118.57208,34.47031],[-118.57141,34.47074],[-118.57259,34.47091],[-118.57298,34.47096],[-118.57734,34.47172],[-118.57743,34.47812],[-118.58182,34.47814],[-118.58187,34.4818],[-118.5731,34.48175],[-118.57324,34.4854],[-118.56886,34.48539],[-118.56901,34.48903],[-118.56006,34.48902],[-118.56018,34.49628],[-118.56002,34.50003],[-118.55544,34.49999],[-118.55166,34.4999],[-118.54665,34.49757],[-118.54662,34.4963],[-118.54422,34.4963],[-118.5419,34.49518],[-118.54214,34.4941],[-118.54236,34.48899],[-118.54667,34.489],[-118.54669,34.48535],[-118.55552,34.48536],[-118.55538,34.47442],[-118.55108,34.47441],[-118.55107,34.4725],[-118.54781,34.4725],[-118.54782,34.47441],[-118.54497,34.47435],[-118.54712,34.47393],[-118.54769,34.47122],[-118.54677,34.47102],[-118.5471,34.46885],[-118.54743,34.46782],[-118.54721,34.46738],[-118.54732,34.4674],[-118.54695,34.46681],[-118.54463,34.46682],[-118.54437,34.4667],[-118.54331,34.46494],[-118.54192,34.46483],[-118.54041,34.46643],[-118.53768,34.46309],[-118.53774,34.47454],[-118.53682,34.47525],[-118.53776,34.47684],[-118.53781,34.48171],[-118.53138,34.48169],[-118.5274,34.48168],[-118.5202,34.48166],[-118.52014,34.48893],[-118.51135,34.48895],[-118.51132,34.49627],[-118.5025,34.49633],[-118.49381,34.49613],[-118.49391,34.48879],[-118.49821,34.48888],[-118.49823,34.48521],[-118.5025,34.4853],[-118.50248,34.4824],[-118.50252,34.47791],[-118.49829,34.47782],[-118.49832,34.47411],[-118.4941,34.47405],[-118.49147,34.47485],[-118.4897,34.47215],[-118.48528,34.47209],[-118.48526,34.47393],[-118.48084,34.4739],[-118.48088,34.46822],[-118.48531,34.46823],[-118.48507,34.46021],[-118.48582,34.4597],[-118.48082,34.45961],[-118.481,34.45601],[-118.47207,34.45589],[-118.47208,34.45392],[-118.46786,34.45346],[-118.46144,34.45948],[-118.45006,34.45951],[-118.44348,34.45963],[-118.44347,34.45604],[-118.44127,34.45607],[-118.44125,34.4525],[-118.43695,34.45254],[-118.43664,34.44887],[-118.4341,34.44922],[-118.43248,34.44644],[-118.43259,34.4381],[-118.43185,34.4381],[-118.4318,34.43818],[-118.42825,34.43729],[-118.42824,34.43905],[-118.4239,34.4391],[-118.42388,34.44002],[-118.41872,34.44007],[-118.41518,34.44009],[-118.41507,34.44556],[-118.40623,34.44578],[-118.40297,34.44638],[-118.40282,34.44953],[-118.40042,34.4496],[-118.39961,34.44872],[-118.39788,34.44917],[-118.39809,34.44745],[-118.39629,34.44606],[-118.39459,34.44675],[-118.39561,34.44963],[-118.39735,34.44967],[-118.39732,34.45337],[-118.39352,34.45327],[-118.39415,34.45368],[-118.39226,34.45473],[-118.39405,34.4549],[-118.39406,34.45613],[-118.39276,34.45575],[-118.39234,34.45681],[-118.39246,34.46038],[-118.388,34.46034],[-118.38769,34.45312],[-118.38885,34.45315],[-118.38906,34.44947],[-118.38876,34.44863],[-118.38921,34.44751],[-118.38769,34.44692],[-118.38769,34.44947],[-118.37871,34.44927],[-118.37895,34.43687],[-118.37981,34.43811],[-118.38246,34.43767],[-118.38206,34.43511],[-118.38483,34.43437],[-118.38709,34.43452],[-118.38704,34.43369],[-118.38976,34.43396],[-118.39102,34.43386],[-118.39237,34.43352],[-118.39944,34.43037],[-118.40238,34.42908],[-118.4042,34.42839],[-118.40421,34.42563],[-118.39759,34.427],[-118.39762,34.42415],[-118.3977,34.41457],[-118.39786,34.39908],[-118.39975,34.40015],[-118.40082,34.4017],[-118.4009,34.40363],[-118.40396,34.40646],[-118.40731,34.40574],[-118.40858,34.40353],[-118.40567,34.4007],[-118.40366,34.40046],[-118.40323,34.39852],[-118.40384,34.39763],[-118.40383,34.39457],[-118.39792,34.39441],[-118.39805,34.38179],[-118.40559,34.38148],[-118.4056,34.38073],[-118.4056,34.35955],[-118.40956,34.35951],[-118.40945,34.3706],[-118.41318,34.37053],[-118.41325,34.36684],[-118.41548,34.36686],[-118.41551,34.36315],[-118.41997,34.36318],[-118.41995,34.36691],[-118.41883,34.3669],[-118.41879,34.3706],[-118.42656,34.3707],[-118.42665,34.36699],[-118.43111,34.36704],[-118.43087,34.37446],[-118.4331,34.37448],[-118.4342,34.37628],[-118.43642,34.37629],[-118.43641,34.3772],[-118.43975,34.37721],[-118.43979,34.37452],[-118.44195,34.37453],[-118.44192,34.37814],[-118.44408,34.37817],[-118.44409,34.38079],[-118.44847,34.38074],[-118.44886,34.38468],[-118.4625,34.38461],[-118.46282,34.39121],[-118.4716,34.39118],[-118.47258,34.39236],[-118.4729,34.39258],[-118.47801,34.38961],[-118.48198,34.38642],[-118.48549,34.38417],[-118.48663,34.38347],[-118.49348,34.37754],[-118.49904,34.37259],[-118.49969,34.37165],[-118.50029,34.37063],[-118.49681,34.37064],[-118.49645,34.3669],[-118.49166,34.36684],[-118.49162,34.36958],[-118.4891,34.36955],[-118.48908,34.37042],[-118.4847,34.37037],[-118.48477,34.36675],[-118.47591,34.36628],[-118.47584,34.3591],[-118.48493,34.35958],[-118.48505,34.35159],[-118.48864,34.35162],[-118.48894,34.34446],[-118.5015,34.34439],[-118.5045,34.34456],[-118.50466,34.34457],[-118.506,34.34137],[-118.50945,34.34146],[-118.51086,34.3415],[-118.51055,34.34488],[-118.51521,34.34515],[-118.5151,34.34688],[-118.51974,34.34714],[-118.51973,34.34929],[-118.51972,34.35078],[-118.52402,34.35248],[-118.53328,34.35244],[-118.53339,34.35619],[-118.55138,34.35617],[-118.5519,34.35642],[-118.55384,34.35866],[-118.55641,34.36524],[-118.5607,34.37111],[-118.56548,34.37864],[-118.56681,34.3807],[-118.56888,34.38608],[-118.57017,34.38929],[-118.57123,34.39408],[-118.57262,34.39984],[-118.57631,34.40832],[-118.58005,34.41701],[-118.58328,34.42317],[-118.58435,34.42521],[-118.58627,34.42887],[-118.58741,34.43043],[-118.59611,34.43791],[-118.5989,34.4398],[-118.60534,34.44315],[-118.60983,34.44564],[-118.61076,34.44645],[-118.61317,34.44969],[-118.61058,34.45053],[-118.60863,34.44909],[-118.60592,34.44945]]]]}},{"type":"Feature","properties":{"name":"Shafter Dial-A-Ride","boundary_type":"city","source":"Census TIGER place","fidelity":"approximate","updated":"2026-09","units":"Shafter city","note":"Service includes city limits plus outer-city zone; mapped to city as proxy","confidence":0.8},"geometry":{"type":"MultiPolygon","coordinates":[[[[-119.34151,35.44198],[-119.35022,35.44201],[-119.35026,35.45633],[-119.34139,35.45629],[-119.34151,35.44198]]],[[[-119.27871,35.46748],[-119.29207,35.46756],[-119.29202,35.47083],[-119.27869,35.4708],[-119.2787,35.46885],[-119.27871,35.46748]]],[[[-119.29361,35.50353],[-119.29164,35.50342],[-119.29165,35.50713],[-119.29146,35.51438],[-119.29595,35.51439],[-119.29581,35.52075],[-119.2958,35.52139],[-119.28722,35.51437],[-119.27814,35.51435],[-119.278,35.52155],[-119.2759,35.52154],[-119.2759,35.51786],[-119.26917,35.51786],[-119.26909,35.52152],[-119.26477,35.52151],[-119.26477,35.51785],[-119.25557,35.51792],[-119.25554,35.51428],[-119.24201,35.51423],[-119.23993,35.51033],[-119.23755,35.50916],[-119.23524,35.50696],[-119.23386,35.50695],[-119.21435,35.50685],[-119.21425,35.51033],[-119.20518,35.5103],[-119.2052,35.51429],[-119.18779,35.51401],[-119.18874,35.51516],[-119.19538,35.51841],[-119.20335,35.525],[-119.20394,35.5263],[-119.20639,35.52899],[-119.20799,35.53013],[-119.20851,35.5327],[-119.20473,35.53298],[-119.20468,35.53677],[-119.19274,35.53677],[-119.19173,35.53395],[-119.19009,35.53144],[-119.18828,35.52968],[-119.1885,35.5275],[-119.18762,35.52468],[-119.18354,35.51821],[-119.18047,35.51427],[-119.15195,35.51425],[-119.1525,35.49961],[-119.14681,35.49959],[-119.13823,35.49231],[-119.15263,35.49235],[-119.15271,35.48986],[-119.11132,35.45855],[-119.1089,35.4558],[-119.10281,35.44726],[-119.09912,35.44419],[-119.09881,35.4436],[-119.09929,35.44142],[-119.10073,35.44142],[-119.10073,35.4437],[-119.10513,35.44371],[-119.10512,35.44608],[-119.10947,35.4461],[-119.10949,35.44145],[-119.10991,35.44145],[-119.1226,35.44148],[-119.1457,35.44152],[-119.15424,35.44153],[-119.16317,35.44155],[-119.1942,35.44161],[-119.1985,35.44161],[-119.19874,35.44161],[-119.21617,35.44164],[-119.21637,35.44164],[-119.22575,35.44165],[-119.24348,35.44165],[-119.24338,35.44893],[-119.24304,35.47796],[-119.24293,35.48522],[-119.26071,35.48527],[-119.26067,35.48879],[-119.26935,35.48876],[-119.26943,35.4853],[-119.27849,35.48533],[-119.28213,35.48534],[-119.28287,35.48598],[-119.2829,35.48897],[-119.28508,35.48897],[-119.28513,35.48535],[-119.29045,35.48536],[-119.29178,35.48609],[-119.29173,35.48895],[-119.28955,35.48899],[-119.28949,35.49072],[-119.28729,35.49073],[-119.28727,35.4926],[-119.29619,35.49263],[-119.30502,35.49265],[-119.305,35.49994],[-119.29611,35.49989],[-119.29364,35.49988],[-119.29361,35.50353]]]]}},{"type":"Feature","properties":{"name":"ShastaConnect Rural Demand Response","boundary_type":"county","source":"Census TIGER county","fidelity":"exact","updated":"2026-09","units":"Shasta County","note":"Rural Shasta County demand-response service","confidence":0.95},"geometry":{"type":"Polygon","coordinates":[[[-123.06734,40.31076],[-123.06495,40.31064],[-123.06218,40.31256],[-123.06208,40.31574],[-123.06459,40.31987],[-123.06269,40.32205],[-123.06483,40.32374],[-123.06549,40.32633],[-123.06699,40.32818],[-123.06665,40.33012],[-123.06764,40.3301],[-123.06879,40.33223],[-123.06719,40.33419],[-123.06644,40.33621],[-123.06432,40.33685],[-123.06451,40.33953],[-123.06368,40.3424],[-123.06575,40.34397],[-123.06555,40.34481],[-123.06423,40.34518],[-123.05992,40.34813],[-123.05625,40.3487],[-123.05188,40.34685],[-123.04655,40.34674],[-123.04397,40.34701],[-123.04455,40.35137],[-123.04384,40.35224],[-123.04393,40.35442],[-123.04101,40.35766],[-123.04015,40.36172],[-123.03715,40.36444],[-123.03114,40.36361],[-123.0269,40.36676],[-123.02312,40.36757],[-123.02124,40.36923],[-123.01954,40.3717],[-123.0183,40.37241],[-123.01951,40.37362],[-123.019,40.37687],[-123.01721,40.38079],[-123.01814,40.38331],[-123.01639,40.38559],[-123.01267,40.38808],[-123.00944,40.38923],[-123.00631,40.38968],[-123.00423,40.39167],[-123.00115,40.39353],[-122.99989,40.3933],[-122.99658,40.39638],[-122.99884,40.40019],[-122.99977,40.40356],[-122.99791,40.40648],[-122.99783,40.41101],[-122.99864,40.41297],[-122.99798,40.41421],[-122.99825,40.41821],[-122.99299,40.41841],[-122.99058,40.41943],[-122.98782,40.41884],[-122.98465,40.41907],[-122.98222,40.41828],[-122.97492,40.41961],[-122.97288,40.4203],[-122.97017,40.42191],[-122.966,40.42282],[-122.96478,40.42421],[-122.96129,40.42597],[-122.95834,40.42187],[-122.95559,40.42119],[-122.9533,40.42198],[-122.95109,40.42396],[-122.94695,40.4256],[-122.94559,40.42531],[-122.94387,40.42709],[-122.9422,40.42717],[-122.93862,40.42886],[-122.93694,40.43099],[-122.93688,40.43239],[-122.93813,40.43339],[-122.93779,40.43692],[-122.93609,40.43768],[-122.93425,40.43985],[-122.93062,40.44202],[-122.93129,40.44525],[-122.92793,40.44713],[-122.92339,40.44784],[-122.92254,40.44845],[-122.92018,40.44829],[-122.91771,40.44977],[-122.91514,40.44843],[-122.90994,40.44658],[-122.90706,40.44627],[-122.9052,40.4453],[-122.90227,40.44517],[-122.90108,40.44564],[-122.90098,40.44689],[-122.89694,40.45006],[-122.8943,40.45558],[-122.89477,40.45874],[-122.89536,40.4597],[-122.89255,40.46062],[-122.89124,40.46258],[-122.89038,40.46493],[-122.88929,40.46574],[-122.88996,40.46857],[-122.88671,40.46973],[-122.88459,40.47181],[-122.88364,40.47477],[-122.87982,40.47728],[-122.87723,40.47852],[-122.87652,40.48041],[-122.87336,40.48087],[-122.87171,40.48157],[-122.86615,40.48202],[-122.8641,40.48167],[-122.86069,40.48265],[-122.85825,40.48233],[-122.85661,40.48265],[-122.85545,40.48405],[-122.85103,40.48592],[-122.85043,40.48804],[-122.84952,40.48888],[-122.84697,40.49078],[-122.84645,40.49352],[-122.84812,40.49736],[-122.85208,40.50095],[-122.84888,40.50229],[-122.84595,40.50518],[-122.84306,40.5056],[-122.84012,40.50667],[-122.83624,40.50633],[-122.8343,40.50687],[-122.82878,40.507],[-122.82658,40.50831],[-122.82461,40.50866],[-122.81951,40.51096],[-122.8131,40.51067],[-122.80791,40.51139],[-122.80411,40.51051],[-122.80054,40.51124],[-122.79799,40.51251],[-122.79656,40.51362],[-122.79325,40.51452],[-122.79353,40.51696],[-122.7929,40.52113],[-122.79362,40.52343],[-122.79141,40.5258],[-122.78803,40.5282],[-122.78544,40.52853],[-122.78222,40.53187],[-122.78296,40.53487],[-122.78567,40.53654],[-122.7859,40.5382],[-122.78519,40.54092],[-122.78279,40.54337],[-122.78057,40.54441],[-122.77924,40.54646],[-122.77711,40.54717],[-122.77613,40.54848],[-122.77182,40.5506],[-122.7679,40.55334],[-122.76745,40.55517],[-122.76258,40.55564],[-122.75925,40.55654],[-122.75702,40.55512],[-122.7496,40.5554],[-122.74392,40.5538],[-122.74392,40.55583],[-122.74299,40.5566],[-122.74125,40.56021],[-122.74131,40.56412],[-122.73267,40.57105],[-122.72628,40.57335],[-122.72218,40.57533],[-122.71989,40.5746],[-122.71761,40.57216],[-122.71439,40.57095],[-122.71076,40.57148],[-122.70787,40.56967],[-122.69879,40.56929],[-122.6953,40.57251],[-122.69307,40.57534],[-122.6933,40.57782],[-122.6931,40.58075],[-122.69565,40.58194],[-122.70012,40.58574],[-122.70098,40.5877],[-122.69973,40.58961],[-122.70012,40.59114],[-122.70198,40.59303],[-122.70128,40.59602],[-122.70345,40.59737],[-122.70364,40.59909],[-122.70543,40.60048],[-122.70499,40.6032],[-122.70565,40.60524],[-122.70688,40.60546],[-122.70601,40.60997],[-122.70672,40.61115],[-122.70979,40.61206],[-122.71063,40.61255],[-122.71149,40.61801],[-122.71075,40.62127],[-122.711,40.62477],[-122.70956,40.62741],[-122.71027,40.62919],[-122.70965,40.6312],[-122.71222,40.63274],[-122.71562,40.63404],[-122.71848,40.63448],[-122.7215,40.63412],[-122.72351,40.63495],[-122.72581,40.6343],[-122.72829,40.63492],[-122.73239,40.63443],[-122.73617,40.63628],[-122.73542,40.63979],[-122.73377,40.6413],[-122.73328,40.64348],[-122.73194,40.64532],[-122.73033,40.64565],[-122.72737,40.64922],[-122.72703,40.65047],[-122.72956,40.65379],[-122.73082,40.65405],[-122.73156,40.65547],[-122.73377,40.65696],[-122.73359,40.66243],[-122.73586,40.6637],[-122.74121,40.6654],[-122.74073,40.66689],[-122.74199,40.66911],[-122.74296,40.67278],[-122.74238,40.67625],[-122.74258,40.67881],[-122.74703,40.68166],[-122.74847,40.68213],[-122.75163,40.68563],[-122.7522,40.68899],[-122.75202,40.68988],[-122.74918,40.69191],[-122.74676,40.69248],[-122.74531,40.69423],[-122.74169,40.6953],[-122.73952,40.69432],[-122.73798,40.69281],[-122.73512,40.69266],[-122.73362,40.69327],[-122.72997,40.69218],[-122.72473,40.69384],[-122.72236,40.69547],[-122.72163,40.69784],[-122.72181,40.70007],[-122.71951,40.70207],[-122.7195,40.70477],[-122.71846,40.70832],[-122.71242,40.71001],[-122.71114,40.71156],[-122.71153,40.71488],[-122.70996,40.71931],[-122.70735,40.72328],[-122.70671,40.72567],[-122.70726,40.72709],[-122.70909,40.72805],[-122.70956,40.72951],[-122.71255,40.73143],[-122.71324,40.73344],[-122.716,40.73624],[-122.71985,40.73937],[-122.7184,40.7437],[-122.71724,40.74468],[-122.71741,40.74718],[-122.71507,40.74716],[-122.70972,40.74939],[-122.70629,40.74956],[-122.70433,40.75241],[-122.70161,40.75388],[-122.7001,40.75601],[-122.70151,40.75811],[-122.69764,40.75992],[-122.69282,40.76072],[-122.68984,40.76259],[-122.68823,40.76444],[-122.6843,40.76545],[-122.68116,40.76758],[-122.67493,40.77057],[-122.67353,40.77095],[-122.66984,40.77357],[-122.66736,40.77712],[-122.66795,40.77839],[-122.66557,40.78208],[-122.6621,40.7839],[-122.6582,40.78765],[-122.66034,40.79126],[-122.66166,40.79431],[-122.66094,40.79566],[-122.6611,40.79967],[-122.66122,40.80073],[-122.65746,40.80195],[-122.65631,40.80677],[-122.65524,40.80818],[-122.65585,40.80983],[-122.65974,40.81599],[-122.66115,40.81759],[-122.66119,40.81945],[-122.6622,40.82108],[-122.66538,40.8234],[-122.66585,40.82611],[-122.66367,40.82953],[-122.66,40.83216],[-122.65932,40.83373],[-122.65723,40.83538],[-122.65649,40.83879],[-122.6554,40.84155],[-122.65088,40.84321],[-122.64337,40.84388],[-122.63953,40.84525],[-122.63956,40.85005],[-122.63889,40.85341],[-122.63732,40.85608],[-122.63467,40.85706],[-122.63438,40.86129],[-122.63201,40.86293],[-122.63048,40.8647],[-122.62643,40.86709],[-122.62613,40.87129],[-122.62643,40.87281],[-122.62613,40.87745],[-122.62504,40.87969],[-122.62322,40.88018],[-122.61962,40.87968],[-122.61527,40.88107],[-122.61442,40.88197],[-122.6102,40.88436],[-122.60761,40.88727],[-122.60666,40.88946],[-122.60546,40.89064],[-122.60466,40.89283],[-122.60452,40.8953],[-122.60494,40.8972],[-122.60438,40.89793],[-122.60046,40.89975],[-122.60001,40.90034],[-122.60117,40.90123],[-122.60212,40.90635],[-122.60366,40.90888],[-122.60534,40.90975],[-122.60616,40.91125],[-122.6082,40.91223],[-122.60974,40.91394],[-122.60958,40.91665],[-122.61041,40.91858],[-122.61275,40.92124],[-122.60899,40.92618],[-122.60891,40.92784],[-122.60743,40.92972],[-122.60771,40.93279],[-122.60677,40.93862],[-122.60527,40.94004],[-122.60319,40.94062],[-122.60351,40.94224],[-122.60504,40.94412],[-122.60394,40.9457],[-122.60513,40.94904],[-122.60556,40.9515],[-122.60734,40.95456],[-122.6071,40.95811],[-122.60309,40.95939],[-122.6032,40.96061],[-122.60134,40.96332],[-122.60098,40.96625],[-122.60175,40.97056],[-122.60151,40.97153],[-122.59917,40.9735],[-122.59853,40.97585],[-122.59442,40.97805],[-122.59137,40.97668],[-122.58963,40.97956],[-122.58971,40.98389],[-122.58919,40.98538],[-122.58759,40.98537],[-122.58175,40.98296],[-122.57548,40.98317],[-122.5748,40.98379],[-122.56918,40.98499],[-122.56672,40.98745],[-122.56439,40.98819],[-122.5633,40.99036],[-122.56303,40.99368],[-122.56095,40.99661],[-122.55839,40.99726],[-122.55759,40.99845],[-122.55544,40.99948],[-122.55524,41.00274],[-122.55449,41.00362],[-122.5481,41.00522],[-122.54527,41.0051],[-122.54276,41.00351],[-122.53885,41.00211],[-122.53788,41.00238],[-122.53508,41.00598],[-122.53508,41.0081],[-122.53042,41.01063],[-122.52775,41.01439],[-122.52873,41.01755],[-122.52709,41.02108],[-122.52834,41.02444],[-122.52848,41.0344],[-122.52893,41.03651],[-122.52808,41.03752],[-122.52813,41.04062],[-122.52684,41.04169],[-122.52742,41.04412],[-122.52734,41.04572],[-122.5252,41.04747],[-122.52236,41.05228],[-122.52317,41.05921],[-122.52579,41.06304],[-122.52762,41.06421],[-122.53176,41.06482],[-122.53683,41.06417],[-122.53794,41.06504],[-122.53795,41.06821],[-122.53977,41.07261],[-122.53787,41.07466],[-122.53586,41.07587],[-122.52883,41.07675],[-122.52314,41.08082],[-122.52123,41.08308],[-122.51642,41.0849],[-122.51531,41.08661],[-122.51335,41.08823],[-122.50624,41.08604],[-122.50293,41.08649],[-122.50001,41.08763],[-122.49526,41.08612],[-122.4933,41.08599],[-122.48809,41.08769],[-122.48421,41.09003],[-122.48061,41.0916],[-122.47659,41.09199],[-122.47365,41.09461],[-122.46814,41.09684],[-122.46711,41.09647],[-122.46382,41.09684],[-122.46231,41.09768],[-122.45906,41.09617],[-122.45714,41.09661],[-122.45539,41.10323],[-122.45374,41.105],[-122.45186,41.10823],[-122.45347,41.11349],[-122.44953,41.1165],[-122.44857,41.11824],[-122.44893,41.12178],[-122.44833,41.1307],[-122.44666,41.1317],[-122.44638,41.13463],[-122.44811,41.13591],[-122.44839,41.1393],[-122.44918,41.14042],[-122.45061,41.14694],[-122.44996,41.14928],[-122.44808,41.15122],[-122.44825,41.15361],[-122.44622,41.15596],[-122.44545,41.15793],[-122.44602,41.15924],[-122.44896,41.15875],[-122.44989,41.15916],[-122.45402,41.16629],[-122.45743,41.16832],[-122.46296,41.16723],[-122.46532,41.16768],[-122.46829,41.16923],[-122.47103,41.17173],[-122.4744,41.17561],[-122.47776,41.17716],[-122.47995,41.17653],[-122.48613,41.17706],[-122.49095,41.17557],[-122.49255,41.17597],[-122.49773,41.17857],[-122.49876,41.17959],[-122.49838,41.18268],[-122.37612,41.1829],[-122.31775,41.18485],[-122.28837,41.18492],[-122.2835,41.18489],[-122.19603,41.18444],[-122.19225,41.18444],[-122.14763,41.18455],[-122.12611,41.18297],[-122.07282,41.1831],[-122.01863,41.18323],[-121.81966,41.18339],[-121.81552,41.18329],[-121.80739,41.18328],[-121.7923,41.1833],[-121.71826,41.18339],[-121.44649,41.18348],[-121.33179,41.18389],[-121.33179,41.10973],[-121.33114,41.0455],[-121.33119,40.92099],[-121.33192,40.91336],[-121.33234,40.90539],[-121.31998,40.90589],[-121.32039,40.89722],[-121.32086,40.89406],[-121.32119,40.8887],[-121.32107,40.75977],[-121.32107,40.7596],[-121.32191,40.65496],[-121.32288,40.58492],[-121.32279,40.54125],[-121.32292,40.51184],[-121.32298,40.49759],[-121.32668,40.49757],[-121.32783,40.44537],[-121.33757,40.44548],[-121.34653,40.44971],[-121.36611,40.44593],[-121.49763,40.44559],[-121.50108,40.44575],[-121.51462,40.44492],[-121.52299,40.44538],[-121.53231,40.44626],[-121.53651,40.44633],[-121.56513,40.4458],[-121.57075,40.44351],[-121.57205,40.44342],[-121.57496,40.44322],[-121.57708,40.44245],[-121.58189,40.43581],[-121.5837,40.43444],[-121.58642,40.43355],[-121.58971,40.43128],[-121.59309,40.43113],[-121.59773,40.43199],[-121.60044,40.43176],[-121.60421,40.43445],[-121.60614,40.43502],[-121.60893,40.43838],[-121.61405,40.43908],[-121.61539,40.43906],[-121.61932,40.43739],[-121.62137,40.43717],[-121.62463,40.43796],[-121.62852,40.43802],[-121.63267,40.43767],[-121.63653,40.43702],[-121.63955,40.43686],[-121.64026,40.43611],[-121.64667,40.43497],[-121.64955,40.43642],[-121.65375,40.44035],[-121.65588,40.44188],[-121.65866,40.4417],[-121.65994,40.44343],[-121.66191,40.44475],[-121.66626,40.44594],[-121.67053,40.44755],[-121.67167,40.44856],[-121.67177,40.45017],[-121.67377,40.45067],[-121.67733,40.4502],[-121.68148,40.45137],[-121.68258,40.45212],[-121.68588,40.45313],[-121.69116,40.45194],[-121.69402,40.45051],[-121.69638,40.44888],[-121.69858,40.44829],[-121.70139,40.4484],[-121.70333,40.44989],[-121.70936,40.4508],[-121.71142,40.44976],[-121.7152,40.4485],[-121.7174,40.44905],[-121.72006,40.44847],[-121.72188,40.44524],[-121.72461,40.44339],[-121.72642,40.44111],[-121.72924,40.43966],[-121.73142,40.43702],[-121.73469,40.43564],[-121.73855,40.43571],[-121.7423,40.43646],[-121.74781,40.43683],[-121.74898,40.43627],[-121.7551,40.43658],[-121.75773,40.43629],[-121.76021,40.43689],[-121.76407,40.43662],[-121.76692,40.43732],[-121.77005,40.43711],[-121.77278,40.43852],[-121.7745,40.4378],[-121.77652,40.43771],[-121.77697,40.43882],[-121.77881,40.43827],[-121.7795,40.43934],[-121.78154,40.43974],[-121.78403,40.44233],[-121.78801,40.4437],[-121.7897,40.44343],[-121.78998,40.44218],[-121.79246,40.44318],[-121.79628,40.44249],[-121.79907,40.44346],[-121.80434,40.44353],[-121.80654,40.44495],[-121.80937,40.44322],[-121.81385,40.44126],[-121.81639,40.44125],[-121.8192,40.44028],[-121.82196,40.44027],[-121.82506,40.4392],[-121.82687,40.43916],[-121.83079,40.43766],[-121.83608,40.43755],[-121.83876,40.43784],[-121.83943,40.43923],[-121.8435,40.44036],[-121.84576,40.43958],[-121.84733,40.44107],[-121.8495,40.44221],[-121.85179,40.44246],[-121.8559,40.44133],[-121.85873,40.44155],[-121.86052,40.44049],[-121.86417,40.44039],[-121.86722,40.43872],[-121.87266,40.43618],[-121.87718,40.43691],[-121.87999,40.43596],[-121.88208,40.43355],[-121.88423,40.4324],[-121.88709,40.43012],[-121.8875,40.42888],[-121.8921,40.42692],[-121.89495,40.4273],[-121.89588,40.42554],[-121.89701,40.42525],[-121.89872,40.42263],[-121.90017,40.42211],[-121.90071,40.42099],[-121.9019,40.42103],[-121.90406,40.42259],[-121.90664,40.42167],[-121.91096,40.42289],[-121.91304,40.42379],[-121.91415,40.42606],[-121.91616,40.42506],[-121.92115,40.42341],[-121.92312,40.42186],[-121.92559,40.41927],[-121.9278,40.41821],[-121.93283,40.418],[-121.93377,40.41726],[-121.93616,40.41741],[-121.93794,40.41587],[-121.93943,40.4162],[-121.94115,40.41536],[-121.94419,40.41674],[-121.94654,40.41688],[-121.94793,40.4179],[-121.95085,40.41895],[-121.95162,40.41787],[-121.95414,40.41884],[-121.96057,40.41928],[-121.96142,40.42052],[-121.96487,40.42165],[-121.96751,40.42211],[-121.97153,40.42186],[-121.97394,40.42251],[-121.9762,40.421],[-121.97801,40.42121],[-121.97962,40.42271],[-121.98359,40.42298],[-121.98471,40.42274],[-121.98517,40.42373],[-121.98704,40.42444],[-121.9892,40.42339],[-121.99274,40.42433],[-121.99201,40.42515],[-121.99488,40.42565],[-121.99764,40.42279],[-122.0,40.42332],[-122.00099,40.42451],[-122.00303,40.42485],[-122.00496,40.42639],[-122.00794,40.42573],[-122.01032,40.42656],[-122.01165,40.42527],[-122.01379,40.42456],[-122.0141,40.42216],[-122.01537,40.42091],[-122.01734,40.42157],[-122.0203,40.42415],[-122.02233,40.42392],[-122.02425,40.42272],[-122.03009,40.42099],[-122.03086,40.41916],[-122.0301,40.41772],[-122.031,40.41735],[-122.03259,40.41755],[-122.03556,40.41969],[-122.03978,40.41843],[-122.04471,40.41848],[-122.04798,40.41996],[-122.05252,40.42024],[-122.05594,40.41806],[-122.05701,40.4166],[-122.06045,40.41662],[-122.06384,40.41533],[-122.06704,40.41567],[-122.07205,40.4153],[-122.07467,40.41412],[-122.08015,40.41228],[-122.08502,40.41271],[-122.08913,40.41219],[-122.0909,40.41071],[-122.09187,40.41114],[-122.0904,40.41358],[-122.09128,40.41434],[-122.09294,40.41375],[-122.0935,40.41229],[-122.09552,40.41002],[-122.09822,40.41021],[-122.09864,40.41134],[-122.09858,40.41476],[-122.10072,40.41304],[-122.1031,40.41196],[-122.10468,40.41014],[-122.10955,40.40854],[-122.11094,40.40754],[-122.11069,40.40567],[-122.11291,40.40507],[-122.11478,40.40534],[-122.11757,40.40665],[-122.11831,40.40645],[-122.12132,40.40336],[-122.1245,40.40298],[-122.12611,40.4038],[-122.12896,40.40382],[-122.12977,40.40304],[-122.12907,40.39947],[-122.12939,40.39876],[-122.1336,40.39759],[-122.137,40.39814],[-122.14091,40.39787],[-122.14259,40.39812],[-122.14973,40.39808],[-122.15183,40.3974],[-122.15579,40.39684],[-122.15946,40.39695],[-122.16029,40.39529],[-122.16227,40.39435],[-122.16304,40.39318],[-122.16685,40.39377],[-122.17029,40.39306],[-122.17151,40.39373],[-122.17355,40.39248],[-122.17643,40.39245],[-122.17785,40.39184],[-122.18292,40.3925],[-122.18415,40.39196],[-122.18388,40.39056],[-122.18572,40.38825],[-122.18848,40.38748],[-122.18772,40.38534],[-122.18659,40.38472],[-122.18263,40.38394],[-122.18031,40.38479],[-122.17805,40.38379],[-122.17742,40.38255],[-122.17564,40.3815],[-122.17291,40.37916],[-122.17479,40.37962],[-122.17893,40.37968],[-122.18195,40.37891],[-122.18363,40.37934],[-122.18733,40.3814],[-122.19013,40.38343],[-122.19046,40.38477],[-122.19211,40.38603],[-122.19311,40.39216],[-122.19356,40.39231],[-122.19884,40.38104],[-122.19917,40.37794],[-122.20432,40.37872],[-122.20686,40.38179],[-122.20887,40.38227],[-122.21165,40.38186],[-122.21446,40.38259],[-122.21773,40.38529],[-122.2232,40.38622],[-122.2262,40.38908],[-122.22715,40.38931],[-122.22961,40.38906],[-122.23098,40.38821],[-122.23119,40.38691],[-122.23371,40.38558],[-122.2367,40.38549],[-122.24164,40.38672],[-122.24636,40.38651],[-122.25065,40.38713],[-122.25236,40.38694],[-122.25487,40.38482],[-122.2555,40.38353],[-122.25595,40.37992],[-122.25697,40.37937],[-122.25961,40.37901],[-122.262,40.37992],[-122.26439,40.37979],[-122.26918,40.3778],[-122.27193,40.37741],[-122.27463,40.37791],[-122.28085,40.37579],[-122.28319,40.3757],[-122.28477,40.37633],[-122.28603,40.37728],[-122.28911,40.37744],[-122.29324,40.38039],[-122.29572,40.3798],[-122.29799,40.37787],[-122.29943,40.37549],[-122.30538,40.37347],[-122.30826,40.37143],[-122.31041,40.37106],[-122.3131,40.37159],[-122.31672,40.37303],[-122.31834,40.37425],[-122.32235,40.37488],[-122.32504,40.3742],[-122.32594,40.37331],[-122.32875,40.37282],[-122.33001,40.37276],[-122.3313,40.37369],[-122.33695,40.37417],[-122.33809,40.37374],[-122.34036,40.37134],[-122.34401,40.37085],[-122.35101,40.37223],[-122.35337,40.37177],[-122.35544,40.37193],[-122.3575,40.37282],[-122.35894,40.37268],[-122.36492,40.37416],[-122.36956,40.37249],[-122.37148,40.37261],[-122.37261,40.37313],[-122.37462,40.37267],[-122.37695,40.37311],[-122.3789,40.37199],[-122.38069,40.37219],[-122.38342,40.374],[-122.38874,40.37428],[-122.39494,40.37206],[-122.39972,40.37316],[-122.4031,40.37439],[-122.41259,40.37454],[-122.41438,40.3762],[-122.41618,40.3789],[-122.41785,40.37968],[-122.42234,40.37924],[-122.42653,40.37657],[-122.42886,40.37551],[-122.43251,40.3745],[-122.4385,40.37399],[-122.44092,40.37319],[-122.44502,40.3734],[-122.44789,40.37538],[-122.45008,40.37625],[-122.45122,40.37789],[-122.45292,40.37851],[-122.45552,40.37837],[-122.45765,40.37739],[-122.45867,40.37622],[-122.46145,40.37544],[-122.46309,40.37574],[-122.4636,40.37778],[-122.4654,40.38036],[-122.46767,40.3818],[-122.46869,40.38315],[-122.47049,40.38393],[-122.47665,40.38446],[-122.4792,40.38411],[-122.48269,40.38052],[-122.48512,40.38109],[-122.48695,40.38269],[-122.49129,40.38376],[-122.49491,40.38365],[-122.49655,40.38273],[-122.49906,40.38229],[-122.5018,40.38337],[-122.50257,40.38678],[-122.50503,40.38941],[-122.5064,40.38946],[-122.50805,40.38852],[-122.51062,40.38797],[-122.51383,40.38839],[-122.51547,40.38946],[-122.51628,40.39079],[-122.51999,40.39368],[-122.524,40.3945],[-122.52537,40.39429],[-122.52597,40.39308],[-122.52331,40.39153],[-122.52194,40.38811],[-122.52286,40.38704],[-122.52568,40.38761],[-122.52789,40.38576],[-122.52921,40.38542],[-122.53148,40.38304],[-122.5308,40.38146],[-122.5322,40.37981],[-122.53409,40.37956],[-122.53705,40.38141],[-122.54013,40.38242],[-122.54214,40.3818],[-122.54115,40.37958],[-122.54166,40.37652],[-122.54513,40.37684],[-122.54821,40.37858],[-122.55103,40.37812],[-122.55065,40.37487],[-122.55327,40.37296],[-122.55521,40.37253],[-122.55587,40.37022],[-122.55674,40.36948],[-122.55883,40.3693],[-122.56204,40.36669],[-122.56398,40.36559],[-122.56491,40.3655],[-122.56694,40.36701],[-122.56814,40.36727],[-122.57152,40.36692],[-122.57858,40.368],[-122.5813,40.36733],[-122.58238,40.36614],[-122.58193,40.36328],[-122.58322,40.36138],[-122.58585,40.35928],[-122.59159,40.35889],[-122.5953,40.35799],[-122.59787,40.35657],[-122.59978,40.3547],[-122.60241,40.35101],[-122.60531,40.3501],[-122.60654,40.34888],[-122.61016,40.34641],[-122.61117,40.34613],[-122.61659,40.34682],[-122.62057,40.34824],[-122.62209,40.34826],[-122.62517,40.34745],[-122.62541,40.34654],[-122.62388,40.34405],[-122.62158,40.3426],[-122.62107,40.34144],[-122.62191,40.34038],[-122.62397,40.33988],[-122.63034,40.33919],[-122.63207,40.33874],[-122.6327,40.33812],[-122.63276,40.33556],[-122.63395,40.33414],[-122.63659,40.3338],[-122.6383,40.33428],[-122.64114,40.33348],[-122.64592,40.33318],[-122.64793,40.33076],[-122.65026,40.32863],[-122.65134,40.32829],[-122.65699,40.32934],[-122.66345,40.33221],[-122.665,40.33202],[-122.66727,40.33086],[-122.67032,40.32994],[-122.67421,40.33063],[-122.67541,40.33234],[-122.67565,40.33543],[-122.67726,40.33626],[-122.67989,40.33678],[-122.6833,40.33621],[-122.68723,40.33693],[-122.68948,40.338],[-122.69077,40.33993],[-122.6936,40.3416],[-122.70128,40.34355],[-122.70229,40.34424],[-122.70593,40.34518],[-122.70855,40.34755],[-122.70985,40.3482],[-122.71482,40.34774],[-122.71781,40.34813],[-122.7233,40.34797],[-122.72564,40.34708],[-122.73032,40.34673],[-122.73189,40.34709],[-122.73242,40.3493],[-122.7314,40.35242],[-122.73197,40.35526],[-122.73047,40.3585],[-122.73542,40.36118],[-122.73775,40.3636],[-122.74036,40.365],[-122.74318,40.36492],[-122.74576,40.36563],[-122.74976,40.36534],[-122.75179,40.36401],[-122.75242,40.36269],[-122.75189,40.36092],[-122.75275,40.36044],[-122.75559,40.36094],[-122.75815,40.36333],[-122.76164,40.36251],[-122.76528,40.36213],[-122.76906,40.36087],[-122.77183,40.36069],[-122.7735,40.3592],[-122.77744,40.35842],[-122.78116,40.35864],[-122.78393,40.35754],[-122.78504,40.35619],[-122.78806,40.35526],[-122.79312,40.35613],[-122.79486,40.35537],[-122.80055,40.35553],[-122.80219,40.35604],[-122.80379,40.3555],[-122.80557,40.35589],[-122.80748,40.35527],[-122.81046,40.35348],[-122.81183,40.35182],[-122.81346,40.35112],[-122.81928,40.35084],[-122.82171,40.34963],[-122.82451,40.34941],[-122.82858,40.34997],[-122.83003,40.34963],[-122.83301,40.34794],[-122.83493,40.34869],[-122.83637,40.34843],[-122.8396,40.3454],[-122.84387,40.34548],[-122.85,40.34368],[-122.85158,40.34375],[-122.85438,40.34305],[-122.85557,40.34439],[-122.86015,40.34509],[-122.86291,40.34508],[-122.86431,40.34761],[-122.86987,40.34714],[-122.87142,40.34859],[-122.87277,40.34885],[-122.87309,40.34819],[-122.8757,40.34784],[-122.87642,40.34669],[-122.87789,40.34683],[-122.87836,40.3446],[-122.87956,40.34489],[-122.88076,40.34388],[-122.87998,40.3425],[-122.88053,40.34184],[-122.88274,40.3427],[-122.884,40.34223],[-122.88273,40.34063],[-122.88327,40.33947],[-122.88706,40.33691],[-122.88805,40.3348],[-122.89109,40.33332],[-122.89338,40.33111],[-122.89539,40.32814],[-122.89782,40.32553],[-122.89826,40.32423],[-122.89941,40.32453],[-122.90122,40.32314],[-122.90107,40.32173],[-122.90259,40.32139],[-122.90154,40.31934],[-122.90293,40.31856],[-122.90392,40.31596],[-122.9065,40.31791],[-122.907,40.3167],[-122.9087,40.31613],[-122.90868,40.3139],[-122.9097,40.31263],[-122.91153,40.31305],[-122.91113,40.31147],[-122.91208,40.31175],[-122.91356,40.31021],[-122.91518,40.31117],[-122.91675,40.31038],[-122.91658,40.30921],[-122.91804,40.30867],[-122.91821,40.30685],[-122.91921,40.30658],[-122.92173,40.30671],[-122.92366,40.30774],[-122.92534,40.30625],[-122.92648,40.3071],[-122.93005,40.30771],[-122.92976,40.30964],[-122.93389,40.31075],[-122.93365,40.31292],[-122.93516,40.3132],[-122.93719,40.31206],[-122.93963,40.31155],[-122.94138,40.31267],[-122.94249,40.3123],[-122.94369,40.31018],[-122.94643,40.31052],[-122.94644,40.30875],[-122.94752,40.30808],[-122.94981,40.30803],[-122.95018,40.30972],[-122.95116,40.31019],[-122.95423,40.30969],[-122.95689,40.31082],[-122.96001,40.31057],[-122.96572,40.31061],[-122.96679,40.3102],[-122.9683,40.31089],[-122.97055,40.3105],[-122.97257,40.3131],[-122.97687,40.31515],[-122.97961,40.31291],[-122.98143,40.31373],[-122.9839,40.31328],[-122.98586,40.31141],[-122.988,40.31184],[-122.99005,40.30982],[-122.99232,40.31048],[-122.99328,40.30952],[-122.99599,40.30934],[-122.99614,40.30846],[-122.9987,40.30753],[-122.99966,40.30839],[-123.00237,40.30772],[-123.00433,40.30799],[-123.00844,40.30656],[-123.01192,40.30648],[-123.01355,40.30324],[-123.017,40.30271],[-123.02107,40.30258],[-123.02251,40.30356],[-123.02523,40.30366],[-123.02848,40.30173],[-123.02936,40.30029],[-123.0338,40.2988],[-123.03531,40.29682],[-123.0371,40.29542],[-123.04125,40.29097],[-123.04665,40.29184],[-123.04784,40.29146],[-123.05123,40.2875],[-123.05667,40.28538],[-123.06073,40.28551],[-123.06543,40.28697],[-123.06452,40.28865],[-123.06547,40.28978],[-123.06515,40.29154],[-123.06631,40.29407],[-123.06497,40.29872],[-123.06627,40.3014],[-123.06811,40.30289],[-123.06863,40.30473],[-123.06803,40.30617],[-123.06884,40.30826],[-123.06734,40.31076]]]}},{"type":"Feature","properties":{"name":"SLO Transit Microtransit","boundary_type":"city","source":"Census TIGER place","fidelity":"exact","updated":"2026-09","units":"San Luis Obispo city","note":"Microtransit service within city limits; launched to reduce fixed route strain.","confidence":0.85},"geometry":{"type":"Polygon","coordinates":[[[-120.71708,35.26414],[-120.71285,35.26274],[-120.70933,35.26241],[-120.70777,35.26172],[-120.70516,35.26381],[-120.70805,35.26644],[-120.70436,35.26862],[-120.70405,35.26827],[-120.69991,35.27208],[-120.69532,35.26894],[-120.68996,35.27226],[-120.6841,35.27587],[-120.67485,35.26783],[-120.67481,35.27502],[-120.677,35.27958],[-120.67579,35.27958],[-120.67596,35.28466],[-120.67466,35.28491],[-120.67468,35.28865],[-120.67822,35.28856],[-120.67825,35.28943],[-120.68476,35.28942],[-120.6873,35.2923],[-120.68849,35.29214],[-120.68765,35.29289],[-120.688,35.29496],[-120.68926,35.29496],[-120.68929,35.30155],[-120.69791,35.30155],[-120.69791,35.31108],[-120.69359,35.31136],[-120.69365,35.30913],[-120.69441,35.30862],[-120.68177,35.30866],[-120.68036,35.30751],[-120.68036,35.30154],[-120.67611,35.3013],[-120.67577,35.30063],[-120.67591,35.30058],[-120.67592,35.29815],[-120.67589,35.29815],[-120.67438,35.29821],[-120.67285,35.2978],[-120.66695,35.29774],[-120.66673,35.30148],[-120.66545,35.29682],[-120.66509,35.2961],[-120.65832,35.29827],[-120.65841,35.29727],[-120.65809,35.29609],[-120.65311,35.29603],[-120.64333,35.29589],[-120.64336,35.2928],[-120.6422,35.29307],[-120.64089,35.29071],[-120.64112,35.2896],[-120.64336,35.28903],[-120.64364,35.27558],[-120.64241,35.27604],[-120.64039,35.27374],[-120.63906,35.27225],[-120.63597,35.27225],[-120.63565,35.27119],[-120.63572,35.2688],[-120.63144,35.26862],[-120.63133,35.26552],[-120.62803,35.26551],[-120.62759,35.26368],[-120.63112,35.26271],[-120.6358,35.26245],[-120.63518,35.26086],[-120.62824,35.25407],[-120.62509,35.2503],[-120.62227,35.25054],[-120.62049,35.24991],[-120.61779,35.24772],[-120.62227,35.24517],[-120.62358,35.24321],[-120.62762,35.24321],[-120.6358,35.2432],[-120.63579,35.24137],[-120.63362,35.24121],[-120.63359,35.23949],[-120.63131,35.23956],[-120.6313,35.23828],[-120.6301,35.23863],[-120.6275,35.23738],[-120.62968,35.23413],[-120.63129,35.23486],[-120.63129,35.23589],[-120.63331,35.23589],[-120.63837,35.2411],[-120.63997,35.23993],[-120.6447,35.24166],[-120.64639,35.24174],[-120.64742,35.24315],[-120.64913,35.24315],[-120.64914,35.24533],[-120.64766,35.24683],[-120.64913,35.24683],[-120.64916,35.25046],[-120.66475,35.25049],[-120.66472,35.2468],[-120.663,35.24681],[-120.66491,35.24403],[-120.66551,35.24147],[-120.66245,35.24128],[-120.66241,35.23579],[-120.67446,35.23568],[-120.67573,35.23574],[-120.67573,35.23769],[-120.67849,35.23765],[-120.67926,35.23809],[-120.67871,35.23891],[-120.67759,35.2407],[-120.67923,35.23949],[-120.68323,35.24077],[-120.68342,35.23819],[-120.68386,35.23664],[-120.68486,35.23524],[-120.68843,35.23315],[-120.68853,35.2338],[-120.68689,35.23661],[-120.68579,35.24011],[-120.68453,35.24087],[-120.68459,35.24245],[-120.68627,35.2439],[-120.68335,35.24542],[-120.68349,35.24722],[-120.68602,35.25075],[-120.689,35.24928],[-120.69138,35.2495],[-120.69331,35.25193],[-120.69913,35.24867],[-120.70764,35.24389],[-120.72316,35.25746],[-120.71912,35.26449],[-120.71708,35.26414]]]}},{"type":"Feature","properties":{"name":"SMART Connect (Larkspur)","boundary_type":"places","source":"Census TIGER place","fidelity":"exact","updated":"2026-09","units":"Larkspur city; Corte Madera town","note":"Zone is a small subset of Larkspur, not the whole city: weekdays the shuttle covers only the SMART Larkspur Station, Golden Gate Ferry Larkspur Terminal, and the surrounding Larkspur Landing area; weekends it expands to include the Village and Town Center shopping malls in Corte Madera. Encoded as the two containing cities (approximate) since no zone size or street-level boundary is published. Source: https://www.sonomamarintrain.org/LarkspurShuttle","confidence":0.6},"geometry":{"type":"Polygon","coordinates":[[[-122.50989,37.94143],[-122.50506,37.9419],[-122.50506,37.93641],[-122.50306,37.92875],[-122.49972,37.92633],[-122.49357,37.92188],[-122.48637,37.92188],[-122.48528,37.92105],[-122.48522,37.92099],[-122.48588,37.92012],[-122.48792,37.91985],[-122.48719,37.91875],[-122.48908,37.91792],[-122.48918,37.91533],[-122.49571,37.91563],[-122.49594,37.91173],[-122.49885,37.91173],[-122.50488,37.91192],[-122.50338,37.90933],[-122.51076,37.90923],[-122.51058,37.90783],[-122.51402,37.90856],[-122.51399,37.90865],[-122.51547,37.91129],[-122.51835,37.91776],[-122.52006,37.9176],[-122.52004,37.9174],[-122.52237,37.91713],[-122.52402,37.91712],[-122.52577,37.91712],[-122.5285,37.91616],[-122.5317,37.91795],[-122.53324,37.91782],[-122.53414,37.91899],[-122.53699,37.92069],[-122.53745,37.92085],[-122.53892,37.92192],[-122.53962,37.92212],[-122.54084,37.922],[-122.54868,37.92176],[-122.55277,37.92167],[-122.55307,37.92554],[-122.55303,37.92601],[-122.55322,37.92757],[-122.55231,37.93339],[-122.55171,37.93353],[-122.55035,37.93443],[-122.54257,37.93548],[-122.54637,37.94111],[-122.54642,37.9421],[-122.5482,37.94307],[-122.55107,37.94793],[-122.54935,37.9485],[-122.54967,37.95077],[-122.54579,37.95161],[-122.54494,37.949],[-122.54345,37.94805],[-122.53958,37.94716],[-122.53854,37.9445],[-122.5372,37.94586],[-122.5361,37.94552],[-122.53482,37.94462],[-122.53396,37.94492],[-122.53324,37.94527],[-122.5333,37.94591],[-122.53448,37.94554],[-122.53608,37.9462],[-122.53387,37.94804],[-122.53446,37.94951],[-122.534,37.95003],[-122.53369,37.95054],[-122.5253,37.94758],[-122.52026,37.94565],[-122.51782,37.94771],[-122.52099,37.94938],[-122.52397,37.94953],[-122.52318,37.94969],[-122.52387,37.95066],[-122.52383,37.95072],[-122.52485,37.95078],[-122.52545,37.95244],[-122.5271,37.95225],[-122.5288,37.95851],[-122.52664,37.95772],[-122.52427,37.95568],[-122.52371,37.95557],[-122.52256,37.95418],[-122.52033,37.95412],[-122.51627,37.95154],[-122.51399,37.95242],[-122.51397,37.95217],[-122.51177,37.95255],[-122.51076,37.95233],[-122.51006,37.95218],[-122.50954,37.95188],[-122.5058,37.95117],[-122.50498,37.9497],[-122.50174,37.94783],[-122.50239,37.94292],[-122.50138,37.94248],[-122.50199,37.94216],[-122.50506,37.94279],[-122.50506,37.94232],[-122.509,37.9423],[-122.51313,37.94305],[-122.51346,37.94311],[-122.51278,37.9399],[-122.51286,37.94222],[-122.50989,37.94143]],[[-122.51728,37.93988],[-122.51632,37.94057],[-122.51593,37.94178],[-122.5192,37.93931],[-122.51885,37.93899],[-122.51728,37.93988]]]}},{"type":"Feature","properties":{"name":"SunRide","boundary_type":"places","source":"Census TIGER place","fidelity":"approximate","updated":"2026-09","units":"Cathedral City city; Coachella city; Desert Hot Springs city; Desert Edge CDP; Indio city; La Quinta city; Mecca CDP; North Shore CDP; Palm Desert city; Palm Springs city","note":"SunRide operates 8 named zones in the Coachella Valley: Cathedral City, Coachella, Desert Hot Springs-Desert Edge, Indio, La Quinta, Mecca-North Shore, Palm Desert, and Palm Springs (RCTC and multiple secondary sources; SunLine's own city.ridewithvia.com/sunride page shows only a map image, no zone list in text). Each named place is used as an approximate proxy for its zone \u2014 the actual zone likely covers only part of each city/CDP, not the whole jurisdiction. Source: https://www.rctc.org/emerging-on-demand-microtransit-services-expand-mobility-options-in-riverside-county/","confidence":0.6},"geometry":{"type":"MultiPolygon","coordinates":[[[[-116.3022,33.70545],[-116.29885,33.70707],[-116.29914,33.71614],[-116.3001,33.71612],[-116.2989,33.71766],[-116.29492,33.71721],[-116.29495,33.71783],[-116.29585,33.71997],[-116.29773,33.72176],[-116.3031,33.7265],[-116.30389,33.72901],[-116.3126,33.72898],[-116.31556,33.72897],[-116.32966,33.72897],[-116.33009,33.72898],[-116.33005,33.74357],[-116.33879,33.74352],[-116.34754,33.7435],[-116.34754,33.73118],[-116.34753,33.72889],[-116.35633,33.72888],[-116.36068,33.72888],[-116.36066,33.72139],[-116.36066,33.71599],[-116.35693,33.71601],[-116.35635,33.71609],[-116.35636,33.71484],[-116.35636,33.71442],[-116.361,33.71426],[-116.36098,33.71299],[-116.36459,33.71297],[-116.365,33.71309],[-116.36548,33.71221],[-116.37034,33.7119],[-116.37365,33.71165],[-116.37365,33.71061],[-116.37354,33.70486],[-116.37344,33.70132],[-116.37305,33.68491],[-116.3737,33.68348],[-116.37291,33.68355],[-116.37295,33.67072],[-116.37574,33.67071],[-116.37708,33.67794],[-116.38195,33.68489],[-116.39099,33.68421],[-116.38881,33.68371],[-116.388,33.68243],[-116.38781,33.68027],[-116.38902,33.67923],[-116.3885,33.67507],[-116.38988,33.6745],[-116.391,33.67567],[-116.39099,33.6779],[-116.40603,33.6779],[-116.406,33.67609],[-116.40785,33.67605],[-116.40815,33.6753],[-116.40807,33.67099],[-116.40807,33.67084],[-116.40913,33.67067],[-116.4253,33.67068],[-116.42539,33.67068],[-116.42543,33.68504],[-116.41231,33.68495],[-116.40832,33.68502],[-116.40807,33.68502],[-116.40803,33.6896],[-116.40801,33.69051],[-116.4103,33.69051],[-116.41031,33.69141],[-116.40802,33.69141],[-116.40802,33.69957],[-116.42544,33.69956],[-116.4255,33.71414],[-116.40812,33.71419],[-116.40815,33.73299],[-116.40637,33.73352],[-116.40538,33.7322],[-116.39963,33.73227],[-116.3956,33.73251],[-116.39555,33.73425],[-116.39146,33.73425],[-116.39122,33.73452],[-116.39119,33.73605],[-116.3912,33.74124],[-116.3912,33.74694],[-116.39121,33.75245],[-116.39116,33.7579],[-116.3909,33.76717],[-116.39079,33.77257],[-116.38819,33.77258],[-116.38816,33.78724],[-116.38816,33.80189],[-116.39685,33.80182],[-116.39672,33.81],[-116.38819,33.80494],[-116.37085,33.79466],[-116.35513,33.78533],[-116.33395,33.77274],[-116.32553,33.76774],[-116.31954,33.76464],[-116.30196,33.7592],[-116.30267,33.75785],[-116.30376,33.75486],[-116.30381,33.75089],[-116.30381,33.75041],[-116.30385,33.7436],[-116.30386,33.73812],[-116.30229,33.73702],[-116.29836,33.73632],[-116.29837,33.73483],[-116.29837,33.73454],[-116.29842,33.73454],[-116.29842,33.73271],[-116.28628,33.73203],[-116.28628,33.72912],[-116.27665,33.7292],[-116.2754,33.72914],[-116.27538,33.73032],[-116.27537,33.73527],[-116.27526,33.73647],[-116.26738,33.7365],[-116.26695,33.738],[-116.26682,33.73832],[-116.26813,33.7383],[-116.26873,33.7416],[-116.26843,33.74375],[-116.26501,33.74378],[-116.26623,33.74576],[-116.27163,33.74837],[-116.28638,33.75431],[-116.29508,33.75702],[-116.29507,33.75829],[-116.29517,33.75993],[-116.29125,33.75832],[-116.28643,33.75836],[-116.28631,33.77292],[-116.28334,33.77294],[-116.28327,33.77728],[-116.28319,33.78726],[-116.28325,33.79518],[-116.28545,33.79644],[-116.28558,33.79837],[-116.28953,33.79836],[-116.30114,33.79833],[-116.30123,33.80385],[-116.30124,33.81026],[-116.30125,33.81203],[-116.30127,33.81647],[-116.29218,33.81654],[-116.29217,33.81283],[-116.28377,33.81289],[-116.28344,33.81289],[-116.28334,33.80197],[-116.26578,33.80203],[-116.26542,33.77764],[-116.26044,33.77758],[-116.25726,33.77668],[-116.25251,33.77469],[-116.24867,33.77023],[-116.24205,33.76527],[-116.23405,33.76134],[-116.2298,33.76176],[-116.22982,33.75847],[-116.21168,33.75846],[-116.21048,33.75703],[-116.20875,33.75617],[-116.20408,33.75472],[-116.20369,33.75121],[-116.19936,33.75117],[-116.19936,33.74972],[-116.19452,33.74606],[-116.19093,33.74695],[-116.18588,33.74701],[-116.18168,33.74557],[-116.18149,33.77322],[-116.19628,33.7732],[-116.19628,33.78045],[-116.17744,33.78048],[-116.16427,33.74766],[-116.16418,33.74708],[-116.16418,33.72679],[-116.16418,33.72647],[-116.16079,33.72401],[-116.15811,33.72116],[-116.15744,33.71851],[-116.15467,33.71493],[-116.15418,33.71493],[-116.12931,33.71488],[-116.1293,33.72945],[-116.09449,33.72928],[-116.07824,33.72929],[-116.07825,33.70074],[-116.07827,33.69953],[-116.08575,33.69938],[-116.09452,33.69794],[-116.09455,33.68566],[-116.0783,33.68572],[-116.07804,33.67144],[-116.09437,33.67157],[-116.10836,33.67146],[-116.12063,33.67117],[-116.14672,33.67131],[-116.14671,33.66776],[-116.13804,33.66765],[-116.13805,33.66393],[-116.13367,33.66391],[-116.13368,33.66032],[-116.12932,33.66026],[-116.12931,33.65667],[-116.11636,33.65669],[-116.11628,33.65297],[-116.11183,33.65297],[-116.11177,33.64939],[-116.12488,33.6494],[-116.12487,33.64571],[-116.12714,33.64572],[-116.12714,33.64211],[-116.13056,33.64211],[-116.1352,33.6421],[-116.13802,33.64208],[-116.1407,33.64498],[-116.14142,33.64625],[-116.14218,33.64885],[-116.14619,33.64885],[-116.14689,33.64885],[-116.15366,33.65669],[-116.1598,33.65671],[-116.15981,33.65304],[-116.16414,33.65304],[-116.16422,33.65673],[-116.18178,33.65656],[-116.19928,33.65655],[-116.19908,33.66375],[-116.19907,33.66554],[-116.20343,33.66555],[-116.20342,33.66727],[-116.20554,33.66728],[-116.20554,33.66914],[-116.20776,33.66916],[-116.20774,33.67274],[-116.20336,33.67274],[-116.20349,33.68181],[-116.21211,33.68177],[-116.21127,33.68359],[-116.21321,33.68359],[-116.21325,33.6855],[-116.21653,33.68551],[-116.21644,33.67101],[-116.23389,33.67104],[-116.234,33.65664],[-116.23346,33.64216],[-116.23337,33.61921],[-116.22902,33.61922],[-116.22901,33.62019],[-116.22469,33.62023],[-116.22471,33.6165],[-116.22905,33.6165],[-116.22904,33.61287],[-116.22902,33.60558],[-116.23338,33.60555],[-116.23336,33.59824],[-116.24643,33.5982],[-116.25031,33.59819],[-116.25032,33.58368],[-116.26764,33.58374],[-116.28494,33.58403],[-116.28502,33.59814],[-116.26795,33.59812],[-116.26812,33.59818],[-116.2681,33.61265],[-116.32146,33.61265],[-116.32147,33.64201],[-116.32147,33.67068],[-116.32148,33.67693],[-116.32148,33.68484],[-116.32103,33.68484],[-116.32107,33.69938],[-116.31242,33.69942],[-116.3022,33.70545]],[[-116.19466,33.71504],[-116.19468,33.71139],[-116.19465,33.70762],[-116.19542,33.7076],[-116.19406,33.70585],[-116.19029,33.70584],[-116.19028,33.70036],[-116.18595,33.70037],[-116.18594,33.70404],[-116.18151,33.70404],[-116.18158,33.70969],[-116.18159,33.71488],[-116.18158,33.71496],[-116.18158,33.71523],[-116.18167,33.72225],[-116.19472,33.72223],[-116.19466,33.71504]],[[-116.1962,33.70398],[-116.19905,33.70396],[-116.19906,33.70039],[-116.19469,33.70036],[-116.19467,33.70274],[-116.1962,33.70398]],[[-116.19675,33.70585],[-116.19902,33.70846],[-116.19905,33.70776],[-116.19905,33.70585],[-116.19675,33.70585]]],[[[-116.66765,33.91424],[-116.66911,33.91465],[-116.67152,33.91593],[-116.6717,33.91603],[-116.67263,33.9168],[-116.67353,33.9178],[-116.67376,33.9181],[-116.67651,33.92121],[-116.67817,33.92268],[-116.67142,33.9229],[-116.65671,33.92203],[-116.65344,33.92225],[-116.64531,33.9236],[-116.64048,33.92379],[-116.63592,33.92305],[-116.63255,33.92187],[-116.63232,33.90313],[-116.63228,33.90003],[-116.63228,33.89987],[-116.63245,33.89954],[-116.63255,33.89932],[-116.63267,33.89878],[-116.63254,33.88816],[-116.61519,33.88817],[-116.61526,33.87471],[-116.59671,33.87468],[-116.58377,33.87453],[-116.58304,33.87453],[-116.58978,33.87967],[-116.61508,33.89463],[-116.61491,33.90238],[-116.60592,33.90064],[-116.60372,33.90038],[-116.58014,33.90107],[-116.58015,33.90128],[-116.58026,33.9212],[-116.58347,33.92117],[-116.58349,33.92483],[-116.5803,33.92484],[-116.58023,33.93207],[-116.57601,33.93207],[-116.57521,33.93192],[-116.57056,33.93192],[-116.57058,33.92483],[-116.55401,33.92485],[-116.55406,33.91758],[-116.54531,33.9176],[-116.53654,33.9177],[-116.53656,33.9249],[-116.52762,33.92492],[-116.52743,33.94057],[-116.52751,33.94057],[-116.53168,33.94678],[-116.52742,33.94674],[-116.52768,33.9615],[-116.53633,33.96149],[-116.5363,33.9541],[-116.54513,33.95413],[-116.54502,33.96146],[-116.58899,33.96142],[-116.59045,33.96135],[-116.59772,33.96102],[-116.59772,33.94645],[-116.61524,33.9464],[-116.61523,33.94733],[-116.63261,33.94734],[-116.63268,33.99065],[-116.61537,33.99069],[-116.61537,33.99002],[-116.59774,33.99004],[-116.58899,33.99052],[-116.58892,33.99233],[-116.58682,33.99244],[-116.58683,33.99425],[-116.58246,33.99448],[-116.58243,33.99268],[-116.58106,33.99257],[-116.58082,33.99096],[-116.55064,33.99074],[-116.53786,33.99056],[-116.53632,33.98847],[-116.53631,33.98714],[-116.53796,33.98725],[-116.53905,33.98567],[-116.54304,33.98313],[-116.54271,33.98045],[-116.53996,33.97749],[-116.54166,33.97882],[-116.54293,33.97802],[-116.54121,33.97613],[-116.53978,33.97613],[-116.52749,33.97608],[-116.52755,33.97661],[-116.52767,33.98619],[-116.52769,33.98841],[-116.52773,33.99054],[-116.52761,33.99055],[-116.5242,33.99051],[-116.51896,33.99046],[-116.51887,33.98327],[-116.50698,33.98327],[-116.50698,33.98189],[-116.50474,33.98033],[-116.50356,33.98032],[-116.50357,33.98327],[-116.50216,33.98323],[-116.50018,33.98321],[-116.49988,33.98326],[-116.49269,33.98325],[-116.49266,33.97848],[-116.49265,33.97602],[-116.4754,33.97532],[-116.47503,33.96142],[-116.47093,33.96142],[-116.46737,33.96142],[-116.4575,33.96139],[-116.45753,33.94777],[-116.45753,33.9468],[-116.47507,33.94686],[-116.47511,33.94654],[-116.47537,33.93953],[-116.47992,33.93949],[-116.48406,33.93962],[-116.48408,33.93947],[-116.49297,33.93947],[-116.49707,33.93948],[-116.49747,33.93222],[-116.50175,33.93223],[-116.50177,33.925],[-116.4932,33.925],[-116.49303,33.91768],[-116.50176,33.91776],[-116.50162,33.89138],[-116.48808,33.88853],[-116.47407,33.8886],[-116.44078,33.88858],[-116.44078,33.85937],[-116.44079,33.85937],[-116.44083,33.84502],[-116.43597,33.84506],[-116.42349,33.83586],[-116.42344,33.83073],[-116.42323,33.83073],[-116.40583,33.83094],[-116.40586,33.82367],[-116.40637,33.82278],[-116.40523,33.8214],[-116.40578,33.82107],[-116.40578,33.81969],[-116.40718,33.81891],[-116.4097,33.82069],[-116.42324,33.82874],[-116.42646,33.83063],[-116.4266,33.83071],[-116.43882,33.83794],[-116.43869,33.83064],[-116.44086,33.83064],[-116.44082,33.82686],[-116.44072,33.82327],[-116.44065,33.81599],[-116.44061,33.8015],[-116.44934,33.80147],[-116.44936,33.79787],[-116.4494,33.79423],[-116.44943,33.78697],[-116.44077,33.787],[-116.44083,33.7801],[-116.44083,33.77972],[-116.44307,33.77972],[-116.44309,33.77351],[-116.44735,33.77628],[-116.45393,33.77636],[-116.45384,33.77257],[-116.4583,33.77252],[-116.4609,33.77313],[-116.46175,33.77251],[-116.46243,33.77051],[-116.46369,33.76949],[-116.46323,33.76747],[-116.46513,33.7695],[-116.4686,33.76551],[-116.4728,33.76303],[-116.47203,33.7607],[-116.47316,33.76004],[-116.4743,33.75788],[-116.47607,33.75609],[-116.47517,33.75804],[-116.47552,33.76001],[-116.47659,33.75837],[-116.4778,33.75814],[-116.47792,33.75749],[-116.47764,33.74674],[-116.4778,33.74269],[-116.47563,33.7428],[-116.46066,33.74273],[-116.46014,33.71979],[-116.46005,33.71408],[-116.46025,33.71408],[-116.46018,33.65604],[-116.44284,33.65612],[-116.44281,33.6416],[-116.46015,33.64159],[-116.46015,33.62729],[-116.46016,33.61247],[-116.47754,33.61242],[-116.47753,33.62698],[-116.49484,33.62691],[-116.49498,33.65602],[-116.51212,33.65585],[-116.51217,33.68494],[-116.53019,33.68497],[-116.53028,33.69964],[-116.53025,33.71046],[-116.52993,33.71399],[-116.52808,33.714],[-116.51288,33.71399],[-116.51287,33.72874],[-116.5129,33.74342],[-116.51293,33.75812],[-116.51295,33.77228],[-116.52163,33.7723],[-116.52161,33.76152],[-116.52993,33.76144],[-116.52994,33.77232],[-116.54588,33.77228],[-116.54755,33.77232],[-116.56306,33.77228],[-116.56308,33.78682],[-116.56291,33.80142],[-116.56291,33.80143],[-116.56309,33.81127],[-116.56308,33.8122],[-116.5631,33.8159],[-116.56307,33.82312],[-116.57166,33.82316],[-116.57164,33.83038],[-116.58024,33.83034],[-116.59774,33.83025],[-116.61457,33.83017],[-116.61461,33.84501],[-116.61467,33.8592],[-116.61505,33.8592],[-116.63266,33.85916],[-116.6326,33.87329],[-116.6326,33.87378],[-116.66686,33.87377],[-116.66729,33.85908],[-116.68472,33.85905],[-116.68394,33.88804],[-116.6673,33.88814],[-116.66732,33.91081],[-116.66753,33.91404],[-116.66765,33.91424]],[[-116.48426,33.75879],[-116.48334,33.7592],[-116.4828,33.75982],[-116.48132,33.76059],[-116.48162,33.76069],[-116.48159,33.76085],[-116.48146,33.76245],[-116.48151,33.76245],[-116.48218,33.76139],[-116.48401,33.75982],[-116.48405,33.75928],[-116.48426,33.75879]],[[-116.51233,33.97422],[-116.51234,33.97608],[-116.51455,33.97608],[-116.51451,33.96874],[-116.51016,33.96874],[-116.51018,33.96934],[-116.51019,33.97237],[-116.51233,33.97422]]],[[[-116.42317,33.91806],[-116.42327,33.91038],[-116.4319,33.91041],[-116.44073,33.91039],[-116.44065,33.91757],[-116.44064,33.91812],[-116.44514,33.91797],[-116.45283,33.91815],[-116.45804,33.91792],[-116.45814,33.9253],[-116.45791,33.93253],[-116.43182,33.9323],[-116.4318,33.92512],[-116.4231,33.92492],[-116.42317,33.91806]]],[[[-115.93027,33.55058],[-115.92956,33.54862],[-115.92583,33.54685],[-115.92304,33.54441],[-115.92148,33.5421],[-115.9211,33.54232],[-115.91774,33.53572],[-115.91443,33.53417],[-115.91241,33.53211],[-115.91008,33.52771],[-115.91075,33.52785],[-115.90748,33.52469],[-115.90557,33.52369],[-115.89318,33.52052],[-115.88615,33.51775],[-115.88446,33.51676],[-115.88263,33.51461],[-115.87937,33.51405],[-115.87632,33.51071],[-115.87245,33.5098],[-115.86949,33.5108],[-115.86736,33.51509],[-115.86657,33.51521],[-115.85807,33.5136],[-115.85727,33.51044],[-115.85881,33.50942],[-115.86504,33.50635],[-115.87288,33.50297],[-115.86833,33.49455],[-115.86994,33.49166],[-115.86964,33.48749],[-115.86795,33.48502],[-115.87161,33.48383],[-115.87669,33.48105],[-115.88057,33.47835],[-115.88462,33.47464],[-115.88836,33.47847],[-115.89194,33.48294],[-115.89181,33.48161],[-115.90202,33.49443],[-115.90541,33.49804],[-115.90734,33.49366],[-115.91093,33.49612],[-115.9127,33.49836],[-115.91311,33.49983],[-115.91657,33.50234],[-115.91725,33.50516],[-115.919,33.50706],[-115.92271,33.50934],[-115.92464,33.51014],[-115.93114,33.51167],[-115.93343,33.51287],[-115.93592,33.51532],[-115.93737,33.51772],[-115.9382,33.52],[-115.94916,33.52291],[-115.94917,33.53161],[-115.94924,33.53753],[-115.95624,33.54126],[-115.94616,33.55487],[-115.94153,33.55443],[-115.93663,33.55319],[-115.93362,33.55318],[-115.93027,33.55058]]],[[[-116.04782,33.59492],[-116.04345,33.59494],[-116.04403,33.56943],[-116.04426,33.55468],[-116.06327,33.5548],[-116.06351,33.5549],[-116.07247,33.55474],[-116.0791,33.55474],[-116.07896,33.5694],[-116.07919,33.56936],[-116.09235,33.56936],[-116.09265,33.57209],[-116.09517,33.57944],[-116.09516,33.58398],[-116.07891,33.5841],[-116.07814,33.59491],[-116.07786,33.5987],[-116.04769,33.59873],[-116.04782,33.59492]]],[[[-116.19897,33.64932],[-116.19863,33.64206],[-116.20295,33.64209],[-116.20324,33.64936],[-116.19897,33.64932]]]]}},{"type":"Feature","properties":{"name":"SV Hopper (Silicon Valley Hopper)","boundary_type":"places","source":"Census TIGER place","fidelity":"approximate","updated":"2026-09","units":"Cupertino city; Santa Clara city","note":"Cupertino service is citywide (full fidelity). Santa Clara service is Phase 1 only, covering the southern part of the city; Phase 2 (north Santa Clara) is planned but not yet deployed. No street-level or zone-size data is published for the Santa Clara zone (city.ridewithvia.com/hopper only shows an in-app map), so Santa Clara is shown as the whole city as an approximate proxy that overstates current coverage \u2014 treat the Santa Clara portion as a rough upper bound, not the actual footprint. Source: https://city.ridewithvia.com/hopper","confidence":0.5},"geometry":{"type":"Polygon","coordinates":[[[-122.07758,37.30807],[-122.07758,37.30865],[-122.08736,37.30866],[-122.08744,37.31111],[-122.08753,37.31357],[-122.08607,37.31535],[-122.07758,37.31533],[-122.07758,37.31718],[-122.08143,37.32048],[-122.07913,37.32238],[-122.07827,37.32306],[-122.08256,37.32371],[-122.08485,37.32496],[-122.08863,37.32606],[-122.08942,37.32671],[-122.08283,37.33112],[-122.08398,37.3314],[-122.08464,37.33407],[-122.0874,37.33369],[-122.08731,37.33296],[-122.09095,37.33662],[-122.09051,37.33961],[-122.08966,37.34063],[-122.0847,37.33791],[-122.08317,37.33689],[-122.08392,37.33571],[-122.08197,37.33199],[-122.07969,37.33409],[-122.07477,37.3323],[-122.07407,37.33188],[-122.07171,37.33091],[-122.06971,37.32972],[-122.06927,37.33001],[-122.06882,37.3331],[-122.06888,37.3314],[-122.06361,37.33043],[-122.06227,37.32869],[-122.06029,37.32854],[-122.05965,37.32935],[-122.06082,37.3311],[-122.06384,37.33324],[-122.0654,37.33361],[-122.06853,37.33358],[-122.06849,37.33368],[-122.06803,37.33545],[-122.06418,37.33434],[-122.06478,37.33491],[-122.06481,37.33646],[-122.06722,37.33753],[-122.0624,37.33754],[-122.05973,37.33753],[-122.05958,37.33753],[-122.05961,37.33833],[-122.05925,37.33833],[-122.05896,37.33808],[-122.05796,37.33777],[-122.05789,37.33752],[-122.05857,37.33634],[-122.05734,37.33387],[-122.05735,37.33215],[-122.05739,37.33213],[-122.05736,37.33161],[-122.05275,37.33023],[-122.05275,37.33185],[-122.05102,37.33328],[-122.05081,37.3363],[-122.05053,37.33754],[-122.05006,37.33754],[-122.04487,37.33754],[-122.04483,37.3342],[-122.04482,37.33394],[-122.0444,37.33394],[-122.04369,37.33393],[-122.04369,37.3342],[-122.04371,37.33755],[-122.04312,37.33756],[-122.04151,37.33757],[-122.0403,37.33758],[-122.03976,37.33758],[-122.03673,37.33757],[-122.03675,37.33943],[-122.03239,37.33945],[-122.03239,37.33822],[-122.03043,37.33825],[-122.03044,37.33763],[-122.01962,37.3377],[-122.01999,37.33331],[-122.01999,37.33292],[-122.0191,37.33292],[-122.01645,37.33295],[-122.01643,37.33773],[-122.01416,37.33774],[-122.00833,37.33769],[-122.0071,37.33777],[-122.00537,37.33777],[-122.00239,37.3378],[-121.99554,37.33787],[-121.99557,37.3396],[-121.99561,37.34146],[-122.00226,37.34144],[-122.00289,37.34139],[-122.003,37.34531],[-122.0022,37.34527],[-122.00207,37.34526],[-122.00022,37.34524],[-122.00029,37.34862],[-122.00032,37.35217],[-122.00042,37.35337],[-122.00157,37.35242],[-122.00044,37.35408],[-122.00051,37.3586],[-121.99962,37.36065],[-121.99584,37.36067],[-121.99581,37.36183],[-121.99583,37.36442],[-121.99574,37.36691],[-121.99592,37.37015],[-121.98732,37.37038],[-121.98343,37.37042],[-121.98258,37.37028],[-121.97782,37.37041],[-121.97781,37.37058],[-121.9824,37.37058],[-121.98256,37.37137],[-121.98244,37.37174],[-121.98245,37.37411],[-121.9869,37.37407],[-122.00471,37.37391],[-122.00398,37.37705],[-122.00159,37.3776],[-121.99311,37.37773],[-121.98697,37.37778],[-121.98698,37.38845],[-121.98701,37.39335],[-121.98702,37.39597],[-121.98665,37.39597],[-121.98632,37.41223],[-121.97065,37.41867],[-121.96802,37.419],[-121.96756,37.41781],[-121.96448,37.4143],[-121.96214,37.41163],[-121.9606,37.41013],[-121.96008,37.40986],[-121.95504,37.40787],[-121.95214,37.40487],[-121.94778,37.40172],[-121.94457,37.40102],[-121.94288,37.40091],[-121.9421,37.40055],[-121.94168,37.39779],[-121.94065,37.39567],[-121.93962,37.39061],[-121.93607,37.38706],[-121.93564,37.38548],[-121.93812,37.38172],[-121.93841,37.3802],[-121.943,37.37762],[-121.94752,37.37775],[-121.94619,37.37512],[-121.94577,37.37363],[-121.94331,37.37341],[-121.94272,37.37342],[-121.93515,37.37223],[-121.93834,37.37266],[-121.93705,37.37016],[-121.93609,37.36586],[-121.9417,37.37072],[-121.94126,37.36987],[-121.94126,37.36803],[-121.94147,37.36722],[-121.94154,37.36695],[-121.94154,37.36654],[-121.94135,37.3665],[-121.94065,37.36644],[-121.93941,37.36441],[-121.93315,37.35865],[-121.93216,37.35773],[-121.93177,37.3574],[-121.93211,37.35698],[-121.93211,37.35671],[-121.93211,37.35642],[-121.93213,37.35122],[-121.93208,37.34949],[-121.92968,37.34803],[-121.93142,37.34567],[-121.93196,37.34446],[-121.93151,37.34433],[-121.93212,37.34305],[-121.93221,37.34284],[-121.93208,37.34236],[-121.93204,37.3417],[-121.93206,37.34058],[-121.93208,37.33849],[-121.93304,37.33775],[-121.93393,37.33799],[-121.93458,37.33801],[-121.93484,37.33786],[-121.93525,37.33769],[-121.9357,37.33784],[-121.93796,37.33794],[-121.93942,37.33795],[-121.93957,37.3379],[-121.94346,37.33765],[-121.95016,37.33807],[-121.95022,37.33733],[-121.95019,37.33411],[-121.95026,37.33066],[-121.95025,37.3299],[-121.95023,37.32847],[-121.95032,37.32847],[-121.95302,37.32844],[-121.95303,37.32991],[-121.95528,37.32991],[-121.95549,37.3299],[-121.95641,37.3299],[-121.95642,37.32722],[-121.95543,37.32699],[-121.9502,37.32697],[-121.94959,37.32578],[-121.94666,37.32576],[-121.94666,37.32554],[-121.94667,37.32337],[-121.94709,37.32338],[-121.94765,37.32342],[-121.95018,37.3234],[-121.95978,37.32332],[-121.96988,37.32326],[-121.97279,37.32323],[-121.97543,37.32322],[-121.98238,37.32319],[-121.98728,37.32315],[-121.99251,37.32312],[-121.99573,37.3231],[-122.00015,37.32309],[-122.00337,37.32308],[-122.00337,37.32293],[-122.00248,37.32026],[-121.99986,37.32103],[-121.99986,37.32107],[-121.99941,37.32068],[-121.99583,37.31993],[-121.99576,37.31641],[-121.99599,37.31412],[-121.99596,37.31211],[-121.996,37.31067],[-121.99619,37.30967],[-122.00292,37.31033],[-122.0077,37.31077],[-122.01349,37.31041],[-122.01561,37.31023],[-122.01775,37.31009],[-122.01987,37.30992],[-122.02111,37.30954],[-122.02318,37.30987],[-122.02888,37.31152],[-122.03157,37.3123],[-122.03227,37.31223],[-122.03247,37.31224],[-122.03432,37.31232],[-122.03432,37.31007],[-122.03309,37.30824],[-122.03294,37.30824],[-122.03336,37.30493],[-122.035,37.3038],[-122.03239,37.30206],[-122.03225,37.30086],[-122.03225,37.29836],[-122.03226,37.29396],[-122.0395,37.29369],[-122.04003,37.29378],[-122.04073,37.2938],[-122.04382,37.29374],[-122.04743,37.29375],[-122.04949,37.29297],[-122.05062,37.29741],[-122.05801,37.29736],[-122.05956,37.29618],[-122.05957,37.2901],[-122.06408,37.29009],[-122.06404,37.28635],[-122.06403,37.28608],[-122.064,37.28272],[-122.05928,37.28274],[-122.05927,37.27911],[-122.06078,37.27931],[-122.064,37.28112],[-122.06391,37.27913],[-122.06448,37.27897],[-122.06801,37.27948],[-122.06855,37.27916],[-122.06852,37.28627],[-122.06857,37.28916],[-122.06847,37.29373],[-122.06687,37.2937],[-122.06845,37.29657],[-122.06841,37.30032],[-122.07558,37.3004],[-122.07704,37.30067],[-122.07956,37.30046],[-122.09091,37.30066],[-122.09181,37.30067],[-122.09181,37.30087],[-122.09168,37.3043],[-122.09218,37.3043],[-122.09201,37.30807],[-122.09199,37.3081],[-122.07758,37.30807]],[[-121.97891,37.33794],[-121.97885,37.33794],[-121.97882,37.33794],[-121.97878,37.33794],[-121.97884,37.33814],[-121.9792,37.33893],[-121.9793,37.33921],[-121.97951,37.3391],[-121.979,37.33794],[-121.97891,37.33794]]]}},{"type":"Feature","properties":{"name":"Taft Area Transit","boundary_type":"places","source":"Census TIGER place","fidelity":"exact","updated":"2026-09","units":"Taft city; Ford City CDP; South Taft CDP; Taft Heights CDP","note":"Multiple communities in SW Kern County; some may be unincorporated","confidence":0.7},"geometry":{"type":"Polygon","coordinates":[[[-119.48272,35.14835],[-119.48271,35.15336],[-119.48504,35.15465],[-119.48496,35.15854],[-119.48272,35.15853],[-119.47403,35.15847],[-119.47395,35.15128],[-119.47291,35.15128],[-119.47229,35.14757],[-119.46961,35.14823],[-119.46961,35.14982],[-119.46659,35.14982],[-119.46659,35.15123],[-119.46515,35.15123],[-119.4652,35.15751],[-119.46548,35.18059],[-119.46506,35.18059],[-119.45391,35.18064],[-119.45324,35.16556],[-119.45283,35.16295],[-119.44807,35.15635],[-119.44785,35.15143],[-119.43839,35.15144],[-119.43852,35.15435],[-119.43503,35.15531],[-119.42973,35.1553],[-119.42975,35.15337],[-119.42978,35.15145],[-119.41187,35.15153],[-119.41182,35.13709],[-119.37601,35.13735],[-119.37601,35.12567],[-119.37776,35.12121],[-119.37798,35.11779],[-119.37872,35.11268],[-119.37623,35.10836],[-119.37603,35.09387],[-119.37615,35.09343],[-119.39461,35.09346],[-119.41836,35.09363],[-119.42026,35.09362],[-119.42072,35.10799],[-119.42957,35.10752],[-119.42952,35.11511],[-119.43907,35.11498],[-119.43897,35.12228],[-119.44758,35.12245],[-119.45453,35.12273],[-119.45972,35.12296],[-119.47231,35.12285],[-119.47272,35.12516],[-119.47246,35.1264],[-119.47783,35.12636],[-119.47782,35.12504],[-119.48013,35.12497],[-119.48269,35.12492],[-119.48269,35.12347],[-119.49085,35.12357],[-119.49085,35.12645],[-119.48753,35.12644],[-119.48854,35.13658],[-119.49193,35.13658],[-119.49165,35.14419],[-119.49178,35.14746],[-119.48297,35.14751],[-119.48272,35.14835]]]}},{"type":"Feature","properties":{"name":"TART Connect","boundary_type":"places","source":"Census TIGER place","fidelity":"approximate","updated":"2026-09","units":"Sunnyside-Tahoe City CDP; Carnelian Bay CDP; Tahoe Vista CDP; Kings Beach CDP","note":"TART's own site lists 4 California zones: Zone 1 (West Shore, Tahoe City, Dollar Hill), Zone 2 (Carnelian Bay, Tahoe Vista, Kings Beach), Zone 3 (Olympic Valley), Zone 4 (Northstar); the page explicitly notes TART Connect does not serve Incline Village, NV. All named communities are unincorporated Placer County, CA. Only Zone 1/2 communities have Census place/CDP boundaries: Tahoe City is CDP 'Sunnyside-Tahoe City'. 'West Shore' and 'Dollar Hill' are represented via the other Zone 1 communities. Olympic Valley/Squaw Valley and Northstar have no Census CDP boundary in Placer County (the only Census place named 'Squaw Valley' in CA is an unrelated Fresno County community), so Zones 3 and 4 are not captured in this polygon; a human should follow up with Placer County GIS for those two zones. Source: https://tahoetruckeetransit.com/tart-connect/","confidence":0.6},"geometry":{"type":"MultiPolygon","coordinates":[[[[-120.1835,39.14993],[-120.17907,39.14975],[-120.17769,39.1517],[-120.17473,39.15135],[-120.16685,39.15131],[-120.16071,39.15263],[-120.15904,39.15],[-120.15883,39.14862],[-120.15757,39.14902],[-120.15701,39.15043],[-120.15472,39.15082],[-120.15274,39.15279],[-120.15276,39.15449],[-120.1591,39.15455],[-120.15911,39.15636],[-120.15738,39.15635],[-120.15737,39.15817],[-120.1527,39.15816],[-120.15274,39.16227],[-120.15275,39.16372],[-120.15276,39.16503],[-120.14998,39.16468],[-120.14882,39.1665],[-120.14903,39.16875],[-120.14798,39.17061],[-120.14954,39.17183],[-120.14907,39.17316],[-120.1508,39.1762],[-120.15041,39.17927],[-120.14947,39.18042],[-120.14677,39.18062],[-120.14453,39.18183],[-120.14121,39.17927],[-120.13942,39.17476],[-120.13838,39.17339],[-120.13695,39.17474],[-120.13517,39.17335],[-120.13422,39.17216],[-120.14088,39.16756],[-120.13934,39.16586],[-120.14001,39.15711],[-120.14232,39.15418],[-120.14227,39.14908],[-120.14469,39.14537],[-120.15051,39.14198],[-120.1516,39.14075],[-120.15041,39.13343],[-120.15401,39.12797],[-120.15538,39.1278],[-120.15692,39.13202],[-120.15957,39.13391],[-120.16108,39.13424],[-120.16284,39.13574],[-120.16968,39.13667],[-120.17145,39.13606],[-120.17583,39.13591],[-120.17911,39.13538],[-120.18121,39.13612],[-120.18192,39.13735],[-120.18423,39.13849],[-120.18676,39.13772],[-120.18878,39.13823],[-120.19072,39.13977],[-120.19513,39.141],[-120.19268,39.14425],[-120.18818,39.14646],[-120.18647,39.14809],[-120.1835,39.14993]]],[[[-120.08902,39.22016],[-120.08804,39.22255],[-120.08913,39.2252],[-120.08878,39.22594],[-120.08613,39.22574],[-120.0865,39.22966],[-120.08563,39.23262],[-120.0858,39.23394],[-120.08326,39.23477],[-120.08389,39.23733],[-120.08374,39.23974],[-120.08557,39.24065],[-120.08159,39.24006],[-120.07917,39.23833],[-120.07544,39.24011],[-120.0748,39.24163],[-120.07675,39.24737],[-120.07852,39.24779],[-120.07625,39.2514],[-120.0798,39.25551],[-120.076,39.25714],[-120.07263,39.26066],[-120.07139,39.26057],[-120.06865,39.25862],[-120.06819,39.25845],[-120.06161,39.25851],[-120.05603,39.25798],[-120.05142,39.25807],[-120.04786,39.25746],[-120.0463,39.25809],[-120.0391,39.25838],[-120.03479,39.25911],[-120.03264,39.25876],[-120.0307,39.25924],[-120.02951,39.26173],[-120.02747,39.26358],[-120.02718,39.26154],[-120.02596,39.26099],[-120.0217,39.26119],[-120.01717,39.26069],[-120.01515,39.26134],[-120.0128,39.26065],[-120.01247,39.25906],[-120.01217,39.25745],[-120.01298,39.25206],[-120.01004,39.24955],[-120.00969,39.24792],[-120.00606,39.24627],[-120.00603,39.24426],[-120.00575,39.22521],[-120.00569,39.22261],[-120.00567,39.22178],[-120.01017,39.22203],[-120.01326,39.22435],[-120.01759,39.23092],[-120.02304,39.23382],[-120.02392,39.2348],[-120.03148,39.23611],[-120.03432,39.2366],[-120.0372,39.23603],[-120.03941,39.23722],[-120.04147,39.23716],[-120.0424,39.23613],[-120.0511,39.23819],[-120.05724,39.23829],[-120.06383,39.23585],[-120.0673,39.23512],[-120.06872,39.23417],[-120.06845,39.23248],[-120.06613,39.23042],[-120.06639,39.22738],[-120.07298,39.22378],[-120.07818,39.22496],[-120.08204,39.22424],[-120.08415,39.22311],[-120.08508,39.21807],[-120.08716,39.21841],[-120.09191,39.2189],[-120.09924,39.22119],[-120.09788,39.22171],[-120.09481,39.22035],[-120.09127,39.21989],[-120.08902,39.22016]]]]}},{"type":"Feature","properties":{"name":"TCRTA Transport","boundary_type":"county","source":"Census TIGER county","fidelity":"exact","updated":"2026-09","units":"Tulare County","note":"County-wide microtransit service in Tulare County.","confidence":0.9},"geometry":{"type":"Polygon","coordinates":[[[-119.56366,36.49605],[-119.5569,36.50206],[-119.55685,36.50338],[-119.55358,36.50344],[-119.55353,36.50489],[-119.55091,36.50705],[-119.54999,36.50776],[-119.5481,36.50916],[-119.54613,36.50896],[-119.54606,36.51055],[-119.53892,36.5166],[-119.53756,36.5178],[-119.53721,36.51821],[-119.52857,36.52512],[-119.51894,36.53229],[-119.51876,36.53275],[-119.51436,36.53645],[-119.50996,36.53955],[-119.50986,36.53963],[-119.50326,36.54534],[-119.50097,36.54683],[-119.49676,36.55073],[-119.49546,36.55165],[-119.48991,36.55672],[-119.48484,36.56061],[-119.48452,36.56086],[-119.47476,36.56825],[-119.46632,36.57524],[-119.45781,36.57526],[-119.45754,36.57526],[-119.44882,36.57525],[-119.44429,36.5752],[-119.4311,36.57508],[-119.43071,36.57516],[-119.42186,36.57515],[-119.41293,36.57522],[-119.41114,36.5751],[-119.39605,36.57486],[-119.39485,36.57495],[-119.37702,36.57468],[-119.35898,36.57445],[-119.34051,36.57418],[-119.31856,36.57388],[-119.3138,36.57384],[-119.3051,36.57373],[-119.30496,36.5882],[-119.30487,36.59831],[-119.30481,36.61718],[-119.30479,36.61789],[-119.30481,36.62107],[-119.30479,36.63161],[-119.30475,36.63284],[-119.30462,36.66061],[-119.23239,36.66068],[-119.22479,36.66032],[-119.21439,36.65984],[-119.19632,36.6593],[-119.17479,36.65888],[-119.16178,36.65895],[-119.12269,36.65841],[-119.10645,36.65773],[-119.09205,36.65755],[-119.08842,36.65751],[-119.07166,36.65826],[-119.01442,36.65735],[-118.98478,36.65715],[-118.98481,36.6581],[-118.98319,36.71533],[-118.98244,36.74165],[-118.92886,36.7412],[-118.75091,36.73944],[-118.55503,36.73914],[-118.55549,36.74475],[-118.40793,36.74482],[-118.36059,36.74477],[-118.35993,36.74393],[-118.35673,36.74223],[-118.35443,36.74213],[-118.35133,36.74103],[-118.34973,36.73923],[-118.34893,36.73733],[-118.34243,36.73043],[-118.33963,36.72903],[-118.33863,36.72303],[-118.33693,36.71993],[-118.33603,36.71633],[-118.33563,36.71293],[-118.33593,36.70983],[-118.33493,36.70823],[-118.33473,36.70553],[-118.33553,36.70443],[-118.33873,36.70243],[-118.34133,36.70213],[-118.34483,36.69873],[-118.34673,36.69653],[-118.35173,36.69483],[-118.35413,36.69473],[-118.35683,36.69553],[-118.35883,36.69563],[-118.36393,36.69423],[-118.36625,36.69171],[-118.36613,36.69044],[-118.36423,36.68794],[-118.35993,36.68563],[-118.35783,36.68553],[-118.35563,36.68393],[-118.35333,36.68393],[-118.35203,36.68293],[-118.35113,36.68083],[-118.34753,36.67603],[-118.34753,36.67233],[-118.33993,36.67273],[-118.33343,36.67143],[-118.33123,36.66943],[-118.33123,36.66813],[-118.32935,36.66657],[-118.32993,36.66483],[-118.33373,36.66213],[-118.33563,36.66163],[-118.33753,36.65893],[-118.33823,36.65543],[-118.33758,36.6548],[-118.33643,36.65303],[-118.33493,36.65263],[-118.32813,36.64803],[-118.32523,36.64713],[-118.32333,36.64443],[-118.32223,36.64143],[-118.31893,36.63843],[-118.32033,36.63723],[-118.32073,36.63513],[-118.32023,36.63313],[-118.32083,36.62703],[-118.31653,36.62593],[-118.31103,36.62493],[-118.31032,36.62223],[-118.30752,36.62043],[-118.30572,36.62033],[-118.30192,36.61813],[-118.30262,36.61543],[-118.30102,36.61253],[-118.29792,36.61113],[-118.29822,36.60923],[-118.29702,36.60733],[-118.29452,36.60643],[-118.29392,36.60513],[-118.29082,36.60373],[-118.28592,36.60333],[-118.28162,36.60453],[-118.28022,36.60213],[-118.27462,36.59733],[-118.27542,36.59563],[-118.27802,36.59233],[-118.28312,36.59083],[-118.28902,36.59073],[-118.28932,36.58843],[-118.28782,36.58503],[-118.28802,36.58373],[-118.29302,36.57923],[-118.29222,36.57883],[-118.29412,36.57744],[-118.29412,36.57633],[-118.28982,36.57323],[-118.28982,36.57214],[-118.29184,36.57048],[-118.29242,36.56903],[-118.29232,36.56553],[-118.29132,36.56473],[-118.29212,36.56274],[-118.29122,36.55933],[-118.29052,36.55853],[-118.28622,36.55663],[-118.27942,36.55513],[-118.27802,36.55333],[-118.27492,36.55054],[-118.27272,36.55163],[-118.26742,36.55183],[-118.26532,36.55154],[-118.26122,36.54743],[-118.26162,36.54604],[-118.26022,36.54413],[-118.25842,36.54333],[-118.25202,36.54214],[-118.25192,36.54013],[-118.24992,36.53773],[-118.25042,36.53603],[-118.24862,36.53274],[-118.25012,36.53093],[-118.25092,36.52884],[-118.25092,36.52564],[-118.24772,36.52314],[-118.24692,36.52153],[-118.24162,36.52204],[-118.23902,36.52363],[-118.23912,36.51284],[-118.23742,36.51163],[-118.23942,36.50923],[-118.23812,36.50583],[-118.24142,36.50003],[-118.23922,36.49693],[-118.23672,36.49563],[-118.23502,36.49374],[-118.23792,36.49224],[-118.23912,36.49074],[-118.24162,36.49023],[-118.24672,36.48813],[-118.24892,36.48654],[-118.24982,36.48473],[-118.24992,36.48244],[-118.24622,36.48013],[-118.24272,36.47933],[-118.24002,36.47733],[-118.23702,36.47704],[-118.23702,36.47393],[-118.23262,36.46883],[-118.23262,36.46634],[-118.23022,36.46453],[-118.22762,36.46453],[-118.22382,36.46363],[-118.22252,36.46274],[-118.22102,36.45983],[-118.21852,36.45864],[-118.21592,36.45674],[-118.21532,36.45504],[-118.21442,36.44874],[-118.21332,36.44684],[-118.21022,36.44484],[-118.20962,36.44214],[-118.21042,36.44094],[-118.21042,36.43894],[-118.21212,36.43704],[-118.21462,36.43664],[-118.21442,36.43434],[-118.21262,36.43354],[-118.21132,36.43124],[-118.20982,36.43034],[-118.20372,36.43124],[-118.19952,36.43014],[-118.19742,36.42804],[-118.19542,36.42784],[-118.19362,36.42654],[-118.18972,36.42774],[-118.18442,36.42664],[-118.18172,36.42754],[-118.17832,36.42764],[-118.17482,36.42674],[-118.17092,36.42904],[-118.16832,36.42954],[-118.16422,36.42974],[-118.16272,36.43114],[-118.15702,36.43264],[-118.15422,36.42714],[-118.15252,36.42674],[-118.15162,36.42514],[-118.14922,36.42534],[-118.14752,36.42464],[-118.14442,36.42124],[-118.14122,36.42094],[-118.13792,36.41804],[-118.13752,36.41474],[-118.13902,36.41084],[-118.13902,36.40854],[-118.14032,36.40354],[-118.14622,36.39864],[-118.15392,36.39684],[-118.16002,36.39384],[-118.16102,36.39174],[-118.16302,36.38964],[-118.15812,36.38894],[-118.15612,36.38734],[-118.15312,36.37954],[-118.14782,36.37944],[-118.14662,36.37814],[-118.14412,36.37704],[-118.14152,36.37334],[-118.14102,36.37164],[-118.13822,36.37164],[-118.13112,36.37074],[-118.13052,36.37034],[-118.13042,36.36714],[-118.12912,36.36444],[-118.12682,36.36264],[-118.12252,36.35474],[-118.12422,36.35194],[-118.12252,36.35094],[-118.12082,36.35024],[-118.11622,36.34934],[-118.11072,36.34894],[-118.10842,36.34804],[-118.10542,36.34824],[-118.10242,36.34744],[-118.10032,36.34614],[-118.10142,36.34324],[-118.10182,36.33934],[-118.10072,36.33536],[-118.09952,36.33294],[-118.09832,36.33274],[-118.09769,36.3311],[-118.09974,36.33057],[-118.10012,36.32882],[-118.10321,36.32705],[-118.10305,36.3254],[-118.10755,36.32561],[-118.1094,36.32386],[-118.11252,36.32204],[-118.11282,36.32064],[-118.11416,36.31926],[-118.11342,36.31697],[-118.11164,36.31556],[-118.11255,36.31334],[-118.11042,36.30984],[-118.11182,36.30834],[-118.11458,36.30698],[-118.11841,36.30767],[-118.12162,36.30684],[-118.11972,36.30334],[-118.12012,36.30224],[-118.12112,36.30114],[-118.12422,36.30134],[-118.12701,36.30022],[-118.1257,36.2978],[-118.12592,36.29626],[-118.12544,36.29287],[-118.12577,36.29166],[-118.12505,36.28955],[-118.12502,36.28674],[-118.12734,36.28353],[-118.1276,36.28035],[-118.12715,36.27966],[-118.12197,36.2777],[-118.11974,36.27309],[-118.11738,36.27117],[-118.11705,36.2675],[-118.11788,36.26437],[-118.11759,36.26302],[-118.11928,36.2596],[-118.11937,36.25556],[-118.11689,36.25095],[-118.11557,36.24994],[-118.11442,36.24784],[-118.11412,36.24404],[-118.11222,36.24004],[-118.10932,36.23774],[-118.10802,36.23724],[-118.10522,36.23364],[-118.10552,36.23064],[-118.10492,36.22934],[-118.10582,36.22824],[-118.10862,36.22764],[-118.10922,36.22554],[-118.10742,36.22214],[-118.10802,36.22004],[-118.10692,36.21604],[-118.10562,36.21344],[-118.10362,36.21044],[-118.10192,36.20884],[-118.09812,36.20654],[-118.09462,36.20494],[-118.09201,36.20114],[-118.09071,36.19734],[-118.08591,36.19754],[-118.08301,36.19534],[-118.08151,36.19544],[-118.07711,36.19154],[-118.07371,36.18944],[-118.07171,36.18654],[-118.07001,36.17864],[-118.06851,36.17754],[-118.06591,36.17664],[-118.06201,36.17424],[-118.06031,36.17234],[-118.05931,36.17014],[-118.06051,36.16754],[-118.05951,36.16544],[-118.06031,36.16504],[-118.06261,36.16204],[-118.06081,36.16074],[-118.05931,36.15874],[-118.05881,36.15694],[-118.05891,36.15294],[-118.05971,36.15084],[-118.06041,36.14974],[-118.06401,36.14774],[-118.06541,36.14774],[-118.06811,36.14534],[-118.07151,36.14334],[-118.07351,36.14034],[-118.07361,36.13904],[-118.07101,36.13374],[-118.07161,36.12924],[-118.06831,36.12554],[-118.06821,36.12024],[-118.06631,36.11934],[-118.06631,36.11464],[-118.06491,36.11034],[-118.06601,36.10954],[-118.06801,36.10984],[-118.06831,36.10854],[-118.06641,36.10604],[-118.06621,36.10394],[-118.06731,36.09344],[-118.06221,36.08934],[-118.05871,36.09184],[-118.05761,36.09164],[-118.05681,36.08944],[-118.05521,36.08734],[-118.05281,36.08564],[-118.05151,36.08324],[-118.05151,36.08134],[-118.05071,36.08004],[-118.04981,36.07674],[-118.04991,36.07514],[-118.05121,36.07344],[-118.05101,36.06924],[-118.05161,36.06574],[-118.05171,36.05954],[-118.05091,36.05804],[-118.04791,36.05594],[-118.04861,36.05324],[-118.04701,36.05294],[-118.04271,36.04854],[-118.04401,36.04464],[-118.04631,36.04294],[-118.04561,36.04074],[-118.04211,36.03844],[-118.04171,36.03654],[-118.03951,36.03424],[-118.0402,36.03239],[-118.04141,36.02984],[-118.03791,36.02984],[-118.03711,36.02914],[-118.03701,36.02614],[-118.03581,36.02334],[-118.03621,36.02024],[-118.03461,36.01434],[-118.03541,36.01304],[-118.03411,36.01094],[-118.03361,36.00894],[-118.03081,36.00704],[-118.02701,36.00584],[-118.02531,36.00484],[-118.02231,36.00454],[-118.01901,36.00334],[-118.01641,36.00104],[-118.01451,35.99994],[-118.01427,35.99851],[-118.01208,35.99831],[-118.01067,35.99174],[-118.00623,35.98976],[-118.00638,35.98676],[-118.00358,35.98372],[-118.0053,35.98051],[-118.00392,35.97884],[-118.00402,35.97783],[-118.00524,35.97697],[-118.00961,35.97818],[-118.01152,35.97581],[-118.01143,35.97423],[-118.0147,35.97245],[-118.01382,35.97072],[-118.01243,35.96972],[-118.01268,35.96784],[-118.0138,35.96782],[-118.01523,35.96451],[-118.01758,35.96302],[-118.01824,35.96098],[-118.01713,35.95813],[-118.01679,35.95455],[-118.01107,35.9546],[-118.00954,35.95235],[-118.00945,35.94861],[-118.00688,35.94648],[-118.00354,35.94593],[-118.00037,35.94653],[-117.9986,35.94627],[-117.99813,35.94494],[-117.99594,35.94408],[-117.99335,35.94426],[-117.99194,35.94377],[-117.98981,35.94041],[-117.98967,35.93887],[-117.98797,35.93734],[-117.98538,35.93414],[-117.98643,35.93216],[-117.98329,35.92656],[-117.98445,35.92418],[-117.98584,35.92267],[-117.98801,35.91754],[-117.99005,35.91592],[-117.99022,35.91274],[-117.98887,35.91017],[-117.98901,35.9079],[-117.9855,35.90581],[-117.98773,35.90262],[-117.98707,35.89925],[-117.98566,35.89745],[-117.98247,35.8958],[-117.9822,35.89309],[-117.98431,35.89067],[-117.98469,35.88772],[-117.98739,35.88627],[-117.98901,35.88412],[-117.98846,35.88211],[-117.9888,35.87977],[-117.9857,35.87828],[-117.98287,35.87495],[-117.98328,35.87278],[-117.98202,35.87024],[-117.98213,35.86904],[-117.98076,35.86751],[-117.98104,35.86691],[-117.98499,35.86666],[-117.98844,35.8657],[-117.99054,35.86582],[-117.99366,35.86961],[-117.9967,35.86949],[-117.99826,35.86878],[-117.99984,35.8664],[-118.00172,35.86516],[-118.00225,35.8639],[-118.00549,35.8627],[-118.00646,35.85897],[-118.00742,35.85818],[-118.00643,35.85711],[-118.00654,35.85484],[-118.0051,35.85317],[-118.00478,35.85126],[-118.00554,35.84574],[-118.00543,35.84327],[-118.00291,35.84129],[-118.00451,35.84034],[-118.00505,35.83908],[-118.00446,35.83609],[-118.00633,35.83119],[-118.00619,35.82904],[-118.00265,35.82539],[-117.99889,35.82376],[-117.9986,35.82303],[-118.00046,35.82028],[-118.00169,35.82019],[-118.00372,35.81828],[-118.00773,35.81708],[-118.00887,35.8122],[-118.00751,35.81128],[-118.00748,35.81],[-118.00878,35.8066],[-118.01048,35.80439],[-118.00754,35.79992],[-118.00738,35.79884],[-118.00879,35.79716],[-118.00938,35.79531],[-118.00788,35.78991],[-118.00809,35.78894],[-118.01851,35.78943],[-118.05892,35.79147],[-118.19521,35.79036],[-118.36099,35.79026],[-118.40767,35.79177],[-118.44891,35.79236],[-118.57079,35.78972],[-118.57389,35.78973],[-118.58951,35.78974],[-118.62272,35.78988],[-118.68114,35.78995],[-118.74531,35.79017],[-118.80244,35.79017],[-118.91847,35.7905],[-118.93823,35.79055],[-118.98068,35.79066],[-118.98193,35.79073],[-119.05344,35.79077],[-119.07121,35.79077],[-119.08904,35.79075],[-119.10237,35.79075],[-119.115,35.79074],[-119.18774,35.79053],[-119.19196,35.79053],[-119.19673,35.79051],[-119.20551,35.79049],[-119.22349,35.79049],[-119.23244,35.79047],[-119.23648,35.79046],[-119.24094,35.79046],[-119.24136,35.79046],[-119.24919,35.79045],[-119.25286,35.79043],[-119.25879,35.79042],[-119.28597,35.79034],[-119.30313,35.79034],[-119.30366,35.79035],[-119.32119,35.79031],[-119.32982,35.7903],[-119.35519,35.79028],[-119.3587,35.79023],[-119.42782,35.79007],[-119.51363,35.78994],[-119.5156,35.79003],[-119.53812,35.7899],[-119.53769,35.93478],[-119.53764,35.93567],[-119.53738,35.96335],[-119.53624,35.96341],[-119.53611,36.00725],[-119.53616,36.05078],[-119.53627,36.06527],[-119.53628,36.0655],[-119.53627,36.06895],[-119.53628,36.06956],[-119.53651,36.07037],[-119.53659,36.0711],[-119.53638,36.13789],[-119.52914,36.13791],[-119.52912,36.15238],[-119.5292,36.19614],[-119.52924,36.2111],[-119.52926,36.22616],[-119.52936,36.24815],[-119.52936,36.26985],[-119.51159,36.26914],[-119.47461,36.26902],[-119.47437,36.29789],[-119.47482,36.30512],[-119.47523,36.31337],[-119.47536,36.32767],[-119.4754,36.34909],[-119.47545,36.35118],[-119.47535,36.35608],[-119.47505,36.37092],[-119.47519,36.37494],[-119.47503,36.39048],[-119.47489,36.40095],[-119.52879,36.40147],[-119.52854,36.44512],[-119.52841,36.45987],[-119.52829,36.48754],[-119.52818,36.48805],[-119.52719,36.48889],[-119.53382,36.48891],[-119.5345,36.48886],[-119.55654,36.48896],[-119.56027,36.48876],[-119.57319,36.48884],[-119.56647,36.49434],[-119.56366,36.49605]]]}},{"type":"Feature","properties":{"name":"Tehachapi Dial-A-Ride","boundary_type":"places","source":"Census TIGER place","fidelity":"exact","updated":"2026-09","units":"Tehachapi city; Golden Hills CDP","note":"Tehachapi city and Golden Hills CDP; Old Towne is likely a neighborhood within the service area","confidence":0.75},"geometry":{"type":"MultiPolygon","coordinates":[[[[-118.57489,35.122],[-118.5734,35.12198],[-118.57348,35.12353],[-118.55727,35.1236],[-118.55729,35.11647],[-118.55315,35.11647],[-118.55305,35.10921],[-118.55745,35.10913],[-118.55747,35.09828],[-118.57513,35.09836],[-118.57513,35.10901],[-118.58386,35.10896],[-118.58373,35.11657],[-118.59307,35.11624],[-118.59278,35.12349],[-118.57484,35.12352],[-118.57489,35.122]]],[[[-118.47,35.14564],[-118.46996,35.14465],[-118.47018,35.14406],[-118.47134,35.14355],[-118.47079,35.14237],[-118.46937,35.14308],[-118.46845,35.14198],[-118.46742,35.14126],[-118.46586,35.14062],[-118.45923,35.13962],[-118.45567,35.1396],[-118.45367,35.1467],[-118.45272,35.14669],[-118.45348,35.1492],[-118.44953,35.1492],[-118.44941,35.15799],[-118.42733,35.15808],[-118.42758,35.154],[-118.43126,35.1538],[-118.43138,35.15021],[-118.4222,35.14991],[-118.41394,35.14995],[-118.41394,35.13869],[-118.41903,35.13879],[-118.41888,35.1328],[-118.419,35.12859],[-118.41151,35.12756],[-118.40721,35.12668],[-118.39649,35.12522],[-118.39656,35.12035],[-118.40636,35.12295],[-118.40945,35.12438],[-118.41428,35.12433],[-118.41427,35.12458],[-118.4275,35.12427],[-118.42756,35.11692],[-118.43233,35.1169],[-118.43245,35.10971],[-118.43257,35.1097],[-118.43668,35.10968],[-118.43666,35.11687],[-118.43998,35.11687],[-118.43997,35.11333],[-118.44551,35.11331],[-118.44555,35.10972],[-118.45012,35.10974],[-118.45803,35.10968],[-118.45822,35.11445],[-118.46148,35.11422],[-118.46133,35.10953],[-118.46779,35.10948],[-118.47691,35.10943],[-118.50394,35.10946],[-118.51701,35.10946],[-118.52174,35.10965],[-118.52179,35.11169],[-118.52147,35.11272],[-118.52155,35.11309],[-118.52139,35.13027],[-118.52124,35.14336],[-118.52083,35.15341],[-118.51264,35.15395],[-118.51065,35.16106],[-118.5077,35.16109],[-118.50784,35.1633],[-118.50781,35.17439],[-118.50532,35.17565],[-118.50378,35.1757],[-118.50321,35.17708],[-118.50174,35.17739],[-118.49892,35.18128],[-118.4978,35.17962],[-118.4955,35.17871],[-118.49328,35.17966],[-118.49114,35.17958],[-118.488,35.17806],[-118.49238,35.17747],[-118.49234,35.17573],[-118.48201,35.17584],[-118.48112,35.174],[-118.47941,35.17294],[-118.4775,35.17003],[-118.47492,35.16819],[-118.47423,35.16708],[-118.47385,35.16377],[-118.47505,35.15784],[-118.47574,35.15748],[-118.4742,35.15483],[-118.47178,35.14933],[-118.47161,35.14717],[-118.47167,35.14628],[-118.47112,35.14777],[-118.46955,35.14772],[-118.47,35.14564]],[[-118.47293,35.14527],[-118.47646,35.14283],[-118.47564,35.14077],[-118.47211,35.13986],[-118.47129,35.13913],[-118.47684,35.13911],[-118.47691,35.12429],[-118.47628,35.12429],[-118.47554,35.12063],[-118.47616,35.11348],[-118.47266,35.11346],[-118.46796,35.11332],[-118.46776,35.11901],[-118.46568,35.11903],[-118.4657,35.12015],[-118.46775,35.12016],[-118.46779,35.12062],[-118.46964,35.12062],[-118.46988,35.1237],[-118.47156,35.12428],[-118.47278,35.12428],[-118.47287,35.12799],[-118.47011,35.128],[-118.47006,35.13167],[-118.46761,35.13169],[-118.46761,35.13579],[-118.46907,35.13683],[-118.47165,35.14],[-118.47566,35.14136],[-118.47589,35.14267],[-118.47167,35.14628],[-118.47293,35.14527]],[[-118.46119,35.12413],[-118.46637,35.12396],[-118.46644,35.12074],[-118.45992,35.12072],[-118.46108,35.12143],[-118.46119,35.12413]],[[-118.46171,35.12809],[-118.46513,35.12794],[-118.46565,35.12444],[-118.45993,35.12446],[-118.46012,35.12796],[-118.46171,35.12809]]]]}},{"type":"Feature","properties":{"name":"The S Microtransit","boundary_type":"county","source":"Census TIGER county","fidelity":"exact","updated":"2026-09","units":"Stanislaus County","note":"County-wide service; merger of former Modesto Area Express programs under StanRTA.","confidence":0.85},"geometry":{"type":"Polygon","coordinates":[[[-121.48341,37.47542],[-121.47888,37.47971],[-121.47634,37.48029],[-121.47453,37.47934],[-121.47297,37.48068],[-121.47265,37.48217],[-121.47192,37.48178],[-121.37545,37.55843],[-121.37425,37.55923],[-121.37375,37.55983],[-121.36054,37.57005],[-121.3342,37.5904],[-121.32898,37.59479],[-121.32405,37.59883],[-121.28555,37.62903],[-121.26945,37.6416],[-121.24122,37.66401],[-121.24123,37.66425],[-121.24003,37.66492],[-121.23473,37.6637],[-121.23327,37.66251],[-121.23155,37.66259],[-121.22907,37.66434],[-121.22985,37.66643],[-121.22925,37.66893],[-121.22541,37.66988],[-121.22277,37.66981],[-121.22036,37.67104],[-121.21871,37.67321],[-121.21849,37.67385],[-121.21909,37.67646],[-121.21993,37.67664],[-121.22094,37.67498],[-121.22201,37.67511],[-121.22275,37.67723],[-121.22132,37.67814],[-121.21971,37.67769],[-121.21837,37.67887],[-121.21864,37.67977],[-121.2226,37.68037],[-121.22347,37.68361],[-121.22195,37.68262],[-121.22097,37.68305],[-121.21976,37.68479],[-121.21789,37.68568],[-121.21639,37.68787],[-121.21497,37.6868],[-121.21083,37.68587],[-121.20869,37.6863],[-121.20772,37.68878],[-121.20525,37.69203],[-121.20684,37.69372],[-121.20607,37.6949],[-121.20416,37.69344],[-121.20224,37.69596],[-121.20126,37.69556],[-121.19982,37.69622],[-121.1993,37.69422],[-121.20084,37.69376],[-121.20131,37.69246],[-121.19964,37.69037],[-121.19782,37.69052],[-121.19778,37.6916],[-121.19627,37.69257],[-121.19642,37.69457],[-121.19423,37.69495],[-121.19379,37.69342],[-121.19237,37.69228],[-121.19192,37.69048],[-121.19024,37.69189],[-121.18902,37.6913],[-121.18947,37.68971],[-121.18786,37.69011],[-121.18744,37.68751],[-121.18626,37.68769],[-121.18585,37.68879],[-121.18244,37.68771],[-121.18112,37.68809],[-121.1831,37.68998],[-121.17988,37.69051],[-121.17895,37.69108],[-121.17968,37.69298],[-121.18222,37.6916],[-121.18401,37.69285],[-121.18224,37.69374],[-121.18063,37.69356],[-121.18023,37.69571],[-121.18243,37.69662],[-121.18257,37.69854],[-121.18177,37.699],[-121.17694,37.6988],[-121.17591,37.69942],[-121.1768,37.70228],[-121.17886,37.70194],[-121.18016,37.70342],[-121.17845,37.70553],[-121.17655,37.70607],[-121.1763,37.70405],[-121.16892,37.69913],[-121.16624,37.6994],[-121.16368,37.70038],[-121.16574,37.70111],[-121.16682,37.70223],[-121.16567,37.70425],[-121.1634,37.70372],[-121.15922,37.70444],[-121.15875,37.70641],[-121.1614,37.70673],[-121.16212,37.70805],[-121.15935,37.70853],[-121.16083,37.71114],[-121.15839,37.71179],[-121.15777,37.71335],[-121.15913,37.7151],[-121.15883,37.71695],[-121.15609,37.71681],[-121.15712,37.71781],[-121.15585,37.71984],[-121.15456,37.7202],[-121.15391,37.71896],[-121.15105,37.71948],[-121.14611,37.7175],[-121.14544,37.71999],[-121.14188,37.72098],[-121.14276,37.72214],[-121.14156,37.7229],[-121.138,37.72232],[-121.13738,37.72414],[-121.13652,37.72468],[-121.13499,37.72305],[-121.13074,37.7223],[-121.12845,37.72423],[-121.12556,37.72262],[-121.12421,37.7242],[-121.12268,37.72412],[-121.12362,37.72282],[-121.12136,37.72192],[-121.12074,37.72234],[-121.12137,37.72447],[-121.1187,37.72361],[-121.11628,37.72466],[-121.11676,37.72649],[-121.11295,37.72767],[-121.11025,37.73013],[-121.10989,37.73038],[-121.10763,37.73228],[-121.10949,37.73445],[-121.11135,37.74003],[-121.11021,37.74204],[-121.10905,37.74203],[-121.10685,37.74013],[-121.10555,37.74002],[-121.10259,37.74128],[-121.09985,37.74019],[-121.101,37.7377],[-121.09577,37.73596],[-121.0963,37.73353],[-121.09438,37.73366],[-121.09509,37.7345],[-121.09273,37.73475],[-121.08999,37.7366],[-121.08837,37.74105],[-121.08527,37.74085],[-121.084,37.74179],[-121.08255,37.74133],[-121.08183,37.73979],[-121.07985,37.74023],[-121.0794,37.73845],[-121.07643,37.73757],[-121.07508,37.73893],[-121.0724,37.73796],[-121.07096,37.73808],[-121.06885,37.73953],[-121.06699,37.73956],[-121.06655,37.74018],[-121.06742,37.74242],[-121.06694,37.74475],[-121.06313,37.74391],[-121.06489,37.7462],[-121.06144,37.74634],[-121.05994,37.74926],[-121.05706,37.74915],[-121.05621,37.75037],[-121.05548,37.7492],[-121.0543,37.74947],[-121.05204,37.74852],[-121.05335,37.74682],[-121.05334,37.74563],[-121.05071,37.74571],[-121.05175,37.74424],[-121.05181,37.74251],[-121.05033,37.74168],[-121.04883,37.74262],[-121.04636,37.74263],[-121.04525,37.73942],[-121.04399,37.7387],[-121.043,37.73862],[-121.04384,37.74153],[-121.04153,37.74167],[-121.03965,37.73955],[-121.03787,37.73916],[-121.03718,37.74252],[-121.03651,37.74301],[-121.03296,37.74287],[-121.02882,37.7407],[-121.02648,37.74177],[-121.02405,37.74666],[-121.02086,37.74775],[-121.02064,37.74842],[-121.0213,37.75008],[-121.0195,37.75208],[-121.01772,37.75528],[-121.01402,37.75652],[-121.01117,37.75575],[-121.01375,37.75429],[-121.01235,37.75402],[-121.01093,37.75118],[-121.01189,37.74973],[-121.008,37.74909],[-121.007,37.75111],[-121.00433,37.75245],[-121.00306,37.75173],[-120.99785,37.75501],[-120.99894,37.75713],[-120.9957,37.76018],[-120.99276,37.76076],[-120.99199,37.75898],[-120.98631,37.75645],[-120.98164,37.75656],[-120.9816,37.75536],[-120.98065,37.75393],[-120.97722,37.75277],[-120.97524,37.751],[-120.97316,37.74795],[-120.97,37.74648],[-120.96186,37.74182],[-120.95881,37.74145],[-120.95696,37.74049],[-120.95416,37.73844],[-120.94796,37.74049],[-120.94444,37.74213],[-120.94199,37.74229],[-120.93908,37.74196],[-120.93301,37.7395],[-120.92681,37.73858],[-120.92359,37.73764],[-120.92225,37.73748],[-120.92058,37.73846],[-120.92146,37.74333],[-120.9211,37.74596],[-120.92212,37.7486],[-120.92063,37.74931],[-120.92256,37.75031],[-120.92267,37.75713],[-120.92337,37.75781],[-120.92264,37.75957],[-120.92325,37.79357],[-120.92342,37.8003],[-120.92385,37.8131],[-120.92414,37.8206],[-120.92434,37.82755],[-120.92472,37.83891],[-120.92536,37.85686],[-120.92548,37.85841],[-120.92635,37.88672],[-120.92645,37.91893],[-120.92655,37.92072],[-120.92645,37.92173],[-120.92638,37.94483],[-120.92645,37.94522],[-120.92635,37.98332],[-120.92645,37.98402],[-120.92652,38.01723],[-120.92654,38.07311],[-120.92645,38.07742],[-120.91868,38.07076],[-120.87605,38.02889],[-120.85251,38.00934],[-120.84993,38.00714],[-120.84474,38.00317],[-120.84115,38.00078],[-120.83278,37.99384],[-120.7939,37.95923],[-120.789,37.95477],[-120.784,37.95096],[-120.78045,37.94773],[-120.77579,37.94304],[-120.77038,37.93881],[-120.76742,37.93612],[-120.75269,37.92333],[-120.751,37.92072],[-120.74734,37.91605],[-120.74462,37.91258],[-120.72867,37.89767],[-120.71938,37.8903],[-120.66084,37.83893],[-120.65994,37.83823],[-120.6552,37.83326],[-120.65343,37.83197],[-120.65327,37.83186],[-120.57114,37.77204],[-120.55864,37.763],[-120.5476,37.75478],[-120.54188,37.74994],[-120.46282,37.69033],[-120.45094,37.68124],[-120.44145,37.67411],[-120.39673,37.6406],[-120.39582,37.64006],[-120.38761,37.6337],[-120.38767,37.63336],[-120.52521,37.58006],[-120.59907,37.55105],[-120.62264,37.54184],[-120.6273,37.53977],[-120.67603,37.5209],[-120.68159,37.51862],[-120.74833,37.49263],[-120.75778,37.48911],[-120.78491,37.47825],[-120.79953,37.47324],[-120.81525,37.46715],[-120.81557,37.46696],[-120.82287,37.46346],[-120.82316,37.46333],[-120.83086,37.46018],[-120.84105,37.45644],[-120.84906,37.45419],[-120.85352,37.45261],[-120.87041,37.4455],[-120.88582,37.44038],[-120.92223,37.4255],[-120.93673,37.4195],[-120.94062,37.41668],[-120.98376,37.39964],[-120.98396,37.39857],[-120.98872,37.39651],[-120.99005,37.39557],[-120.99021,37.39349],[-120.99124,37.39148],[-120.99005,37.38971],[-120.99201,37.38977],[-120.9942,37.38875],[-120.99453,37.38665],[-120.99342,37.38436],[-120.99296,37.38532],[-120.98848,37.38663],[-120.98463,37.38698],[-120.98307,37.38659],[-120.98196,37.3854],[-120.98312,37.38423],[-120.98368,37.38191],[-120.98556,37.37838],[-120.98532,37.37671],[-120.98437,37.37514],[-120.98234,37.37509],[-120.98111,37.37668],[-120.97853,37.37759],[-120.97612,37.37755],[-120.97312,37.37615],[-120.9737,37.37407],[-120.97672,37.37425],[-120.97826,37.37327],[-120.97886,37.37094],[-120.97801,37.37005],[-120.97434,37.36975],[-120.97423,37.36857],[-120.97573,37.36771],[-120.97833,37.36763],[-120.98164,37.36645],[-120.9814,37.36487],[-120.97971,37.36375],[-120.97818,37.36194],[-120.97812,37.35994],[-120.97888,37.35711],[-120.97709,37.3549],[-120.97702,37.35162],[-120.97646,37.34962],[-120.97507,37.34922],[-120.97255,37.34957],[-120.97059,37.34887],[-120.97056,37.34812],[-120.96844,37.34601],[-120.96464,37.34648],[-120.96468,37.34538],[-120.97174,37.33934],[-120.97339,37.33814],[-121.00104,37.31691],[-121.0083,37.31071],[-121.01187,37.30743],[-121.01504,37.30454],[-121.01581,37.30402],[-121.01612,37.30379],[-121.03102,37.29183],[-121.05013,37.27653],[-121.0623,37.26704],[-121.0674,37.26217],[-121.07975,37.25318],[-121.08655,37.2475],[-121.08913,37.24583],[-121.09693,37.23951],[-121.09814,37.23837],[-121.22251,37.13838],[-121.2268,37.13477],[-121.23134,37.13854],[-121.2323,37.13989],[-121.23332,37.14355],[-121.23498,37.14776],[-121.23614,37.14972],[-121.23549,37.1529],[-121.23656,37.15404],[-121.23638,37.15608],[-121.23711,37.1572],[-121.23931,37.15774],[-121.24248,37.15747],[-121.24384,37.15857],[-121.24572,37.15783],[-121.24876,37.15766],[-121.25069,37.15823],[-121.25771,37.15897],[-121.25986,37.15884],[-121.26229,37.15947],[-121.2646,37.16389],[-121.26716,37.16713],[-121.26951,37.17117],[-121.2731,37.17332],[-121.27538,37.17874],[-121.27778,37.17963],[-121.28019,37.18307],[-121.28111,37.1836],[-121.28227,37.18368],[-121.2841,37.18251],[-121.2843,37.18089],[-121.28606,37.18114],[-121.28748,37.17919],[-121.28773,37.17737],[-121.29096,37.17543],[-121.29065,37.17213],[-121.29152,37.17034],[-121.29252,37.17048],[-121.29559,37.16891],[-121.29855,37.16596],[-121.30067,37.16627],[-121.30262,37.16816],[-121.30604,37.16664],[-121.31164,37.17004],[-121.31288,37.17015],[-121.31407,37.1694],[-121.31403,37.16791],[-121.31891,37.16768],[-121.32323,37.16643],[-121.32601,37.16672],[-121.32841,37.16595],[-121.33188,37.17001],[-121.33255,37.17128],[-121.33435,37.1708],[-121.33829,37.17352],[-121.34238,37.17419],[-121.34366,37.17693],[-121.34667,37.17991],[-121.35015,37.1817],[-121.35176,37.18195],[-121.35456,37.18389],[-121.35708,37.18339],[-121.35956,37.18445],[-121.36094,37.18432],[-121.36317,37.18351],[-121.36453,37.18032],[-121.37221,37.17696],[-121.37333,37.17396],[-121.37707,37.17173],[-121.37965,37.16801],[-121.38291,37.16788],[-121.38427,37.1662],[-121.38455,37.16551],[-121.38324,37.16299],[-121.38415,37.162],[-121.38396,37.16016],[-121.38169,37.15763],[-121.38355,37.15149],[-121.38532,37.15197],[-121.39113,37.15075],[-121.39342,37.14813],[-121.39746,37.1506],[-121.39902,37.15013],[-121.4,37.15086],[-121.40114,37.15492],[-121.40464,37.15599],[-121.40653,37.15884],[-121.4076,37.16324],[-121.40773,37.16901],[-121.40886,37.17011],[-121.4122,37.17133],[-121.41339,37.1729],[-121.41165,37.17336],[-121.41008,37.17576],[-121.41114,37.17785],[-121.4089,37.18084],[-121.40946,37.18415],[-121.41152,37.18541],[-121.41021,37.1896],[-121.41046,37.19201],[-121.41172,37.19361],[-121.4117,37.19492],[-121.41375,37.19765],[-121.41532,37.199],[-121.41572,37.20241],[-121.41686,37.20604],[-121.41687,37.21126],[-121.41837,37.21321],[-121.42107,37.21483],[-121.42189,37.21821],[-121.42149,37.21997],[-121.42222,37.22193],[-121.42509,37.22355],[-121.4264,37.2235],[-121.42783,37.22521],[-121.42895,37.22539],[-121.43156,37.22782],[-121.43407,37.22645],[-121.4361,37.22937],[-121.44175,37.23113],[-121.44345,37.23336],[-121.4452,37.23451],[-121.44608,37.23597],[-121.44874,37.23728],[-121.44814,37.23949],[-121.45263,37.24536],[-121.45262,37.24638],[-121.45575,37.24944],[-121.45553,37.25285],[-121.45597,37.25392],[-121.45502,37.25555],[-121.45725,37.26094],[-121.45593,37.26288],[-121.45485,37.26314],[-121.45406,37.2751],[-121.45397,37.27718],[-121.45905,37.28274],[-121.45805,37.28414],[-121.45401,37.28405],[-121.45297,37.28673],[-121.44866,37.2903],[-121.44965,37.29394],[-121.44355,37.29664],[-121.44112,37.29386],[-121.4385,37.29317],[-121.43682,37.29197],[-121.43402,37.29293],[-121.43139,37.29499],[-121.42724,37.29591],[-121.42345,37.29529],[-121.42275,37.29914],[-121.41906,37.30201],[-121.41811,37.30342],[-121.41475,37.30536],[-121.41426,37.30651],[-121.41131,37.30803],[-121.40894,37.30988],[-121.40752,37.30984],[-121.40575,37.31099],[-121.40633,37.31276],[-121.40748,37.31311],[-121.40833,37.31762],[-121.4094,37.32146],[-121.41194,37.32444],[-121.41022,37.32506],[-121.41115,37.32754],[-121.40915,37.33064],[-121.42075,37.34474],[-121.41982,37.34654],[-121.4206,37.34777],[-121.42046,37.35047],[-121.41955,37.35112],[-121.41981,37.35281],[-121.42123,37.35429],[-121.42365,37.35884],[-121.4225,37.36309],[-121.41929,37.36445],[-121.41765,37.36984],[-121.41613,37.37371],[-121.41585,37.37592],[-121.41105,37.37838],[-121.40907,37.38067],[-121.40969,37.38201],[-121.41063,37.38611],[-121.41216,37.38727],[-121.41255,37.38943],[-121.41405,37.38971],[-121.41945,37.39073],[-121.42405,37.39364],[-121.43155,37.39424],[-121.43608,37.39613],[-121.43896,37.39462],[-121.44025,37.39453],[-121.44274,37.39276],[-121.44458,37.39336],[-121.44816,37.39168],[-121.4498,37.39229],[-121.45155,37.39464],[-121.45665,37.39554],[-121.45825,37.39814],[-121.45565,37.40103],[-121.45635,37.40673],[-121.46355,37.41593],[-121.46625,37.41503],[-121.47261,37.42334],[-121.4722,37.42413],[-121.46876,37.42529],[-121.47034,37.42771],[-121.46994,37.43087],[-121.46414,37.4376],[-121.46186,37.4388],[-121.46215,37.44233],[-121.46348,37.44569],[-121.46265,37.44844],[-121.46279,37.45003],[-121.46292,37.45149],[-121.46405,37.45248],[-121.46402,37.45384],[-121.46533,37.45455],[-121.46718,37.45334],[-121.46893,37.45387],[-121.46955,37.45574],[-121.47309,37.45676],[-121.47345,37.46017],[-121.47451,37.46153],[-121.4772,37.46325],[-121.4831,37.46516],[-121.48425,37.46603],[-121.48625,37.47433],[-121.48677,37.47565],[-121.48341,37.47542]]]}},{"type":"Feature","properties":{"name":"The Wave","boundary_type":"places","source":"Census TIGER place","fidelity":"exact","updated":"2026-09","units":"Goleta city; Carpinteria city","note":"Microtransit zones in Goleta and Carpinteria; official brand name for Santa Barbara MTD's service.","confidence":0.85},"geometry":{"type":"MultiPolygon","coordinates":[[[[-119.53891,34.41045],[-119.53912,34.40933],[-119.53607,34.40816],[-119.53693,34.40682],[-119.53462,34.40598],[-119.53362,34.4069],[-119.52994,34.40517],[-119.52899,34.40734],[-119.52785,34.40706],[-119.52651,34.40959],[-119.51776,34.40693],[-119.51715,34.40929],[-119.51934,34.41021],[-119.51946,34.41111],[-119.51807,34.41361],[-119.51426,34.41259],[-119.51555,34.40999],[-119.515,34.40862],[-119.51485,34.40786],[-119.50995,34.40691],[-119.50546,34.40526],[-119.50835,34.3986],[-119.50677,34.39566],[-119.50636,34.39603],[-119.5029,34.39713],[-119.50324,34.39038],[-119.50048,34.38954],[-119.50038,34.39101],[-119.49667,34.39146],[-119.49673,34.39238],[-119.49502,34.39239],[-119.495,34.39127],[-119.4908,34.39082],[-119.48531,34.38885],[-119.48451,34.39057],[-119.48194,34.38997],[-119.48204,34.38471],[-119.48009,34.38487],[-119.48018,34.3842],[-119.48305,34.38406],[-119.48229,34.38287],[-119.48354,34.38146],[-119.48614,34.38098],[-119.48966,34.38219],[-119.49734,34.38481],[-119.50248,34.38453],[-119.50405,34.38444],[-119.50422,34.38449],[-119.51065,34.38629],[-119.5188,34.38928],[-119.52356,34.39319],[-119.52921,34.39516],[-119.52745,34.39928],[-119.5262,34.3996],[-119.52935,34.40114],[-119.53778,34.40502],[-119.53991,34.4055],[-119.5427,34.40561],[-119.54269,34.41141],[-119.54094,34.41042],[-119.53891,34.41045]]],[[[-119.92134,34.43673],[-119.9114,34.4331],[-119.90557,34.43271],[-119.90493,34.43495],[-119.90107,34.43719],[-119.90572,34.43846],[-119.90449,34.44123],[-119.90044,34.44129],[-119.89702,34.44226],[-119.89574,34.44341],[-119.89424,34.44269],[-119.88954,34.44276],[-119.88793,34.44337],[-119.88809,34.44171],[-119.88629,34.44485],[-119.8853,34.44485],[-119.88526,34.44186],[-119.88123,34.44099],[-119.87453,34.44099],[-119.86854,34.44197],[-119.8629,34.44202],[-119.86022,34.44255],[-119.85604,34.44569],[-119.84989,34.4486],[-119.84769,34.45046],[-119.84725,34.45076],[-119.84597,34.45111],[-119.84276,34.45102],[-119.84235,34.45114],[-119.84132,34.45218],[-119.83871,34.45231],[-119.83871,34.45505],[-119.83712,34.4539],[-119.83346,34.45366],[-119.83053,34.45369],[-119.82706,34.45552],[-119.82396,34.45437],[-119.82319,34.45851],[-119.82095,34.45874],[-119.82052,34.45877],[-119.81999,34.45634],[-119.81996,34.45143],[-119.81992,34.44913],[-119.81541,34.44868],[-119.81579,34.44699],[-119.81543,34.44591],[-119.81567,34.44439],[-119.81621,34.4436],[-119.81045,34.4432],[-119.8112,34.44268],[-119.80534,34.44111],[-119.80639,34.43966],[-119.80587,34.43725],[-119.8068,34.43503],[-119.80754,34.4341],[-119.80747,34.42981],[-119.81131,34.42952],[-119.81129,34.43059],[-119.81373,34.43065],[-119.81363,34.43375],[-119.81412,34.43506],[-119.81672,34.43502],[-119.8182,34.43392],[-119.81829,34.42938],[-119.82177,34.42954],[-119.82194,34.42339],[-119.82562,34.42251],[-119.82718,34.42374],[-119.82737,34.42395],[-119.83071,34.42641],[-119.83066,34.42649],[-119.82875,34.42649],[-119.82875,34.42708],[-119.82906,34.42708],[-119.82902,34.42933],[-119.83067,34.42933],[-119.83078,34.42932],[-119.83078,34.42989],[-119.83075,34.43031],[-119.83075,34.43156],[-119.83068,34.43529],[-119.83166,34.43881],[-119.84042,34.43761],[-119.84028,34.43629],[-119.84196,34.43604],[-119.84126,34.43296],[-119.84475,34.43217],[-119.84929,34.43126],[-119.85959,34.43047],[-119.85979,34.42431],[-119.86507,34.42429],[-119.86503,34.42279],[-119.86513,34.41919],[-119.86969,34.41915],[-119.8698,34.41934],[-119.86982,34.42229],[-119.87355,34.42189],[-119.87666,34.42094],[-119.87764,34.42249],[-119.88029,34.42337],[-119.88214,34.42281],[-119.8829,34.42425],[-119.88493,34.42275],[-119.88492,34.42168],[-119.88483,34.41433],[-119.88751,34.41721],[-119.89147,34.41971],[-119.90035,34.42125],[-119.90411,34.42319],[-119.91288,34.42923],[-119.91343,34.42961],[-119.92043,34.43314],[-119.92186,34.43355],[-119.92188,34.43587],[-119.91989,34.43555],[-119.92134,34.43673]]]]}},{"type":"Feature","properties":{"name":"TRACER Plus (City of Tracy)","boundary_type":"gtfs_flex","source":"Agency GTFS-Flex feed","fidelity":"exact","updated":"2026-09","units":"GTFS-Flex locations.geojson, area_795 (route 74462 (zone shared with route 74461 Paratransit))","note":"Official geofence from the agency's GTFS-Flex feed (data.trilliumtransit.com/gtfs/tracy-ca-us/tracy-ca-us--flex-v2.zip), route 74462 (zone shared with route 74461 Paratransit). Fetched 2026-09-10.","confidence":1.0},"geometry":{"type":"Polygon","coordinates":[[[-121.40998,37.7649],[-121.38804,37.76495],[-121.38954,37.76146],[-121.38954,37.75431],[-121.38283,37.75449],[-121.3828,37.75111],[-121.38512,37.75023],[-121.38518,37.73973],[-121.3956,37.73973],[-121.39829,37.73971],[-121.39829,37.74418],[-121.41004,37.73964],[-121.41652,37.73734],[-121.41648,37.72514],[-121.41645,37.72233],[-121.4111,37.72233],[-121.4111,37.71831],[-121.39815,37.71824],[-121.39807,37.71066],[-121.41635,37.71064],[-121.41643,37.69772],[-121.4212,37.69764],[-121.42122,37.69601],[-121.42121,37.69573],[-121.43463,37.6957],[-121.43445,37.67895],[-121.43694,37.68069],[-121.44024,37.68069],[-121.44351,37.68315],[-121.44363,37.6887],[-121.4528,37.68863],[-121.45273,37.68038],[-121.45052,37.6793],[-121.44912,37.67834],[-121.44787,37.6772],[-121.44521,37.67386],[-121.4526,37.67379],[-121.45256,37.66931],[-121.45722,37.67224],[-121.46209,37.66852],[-121.46378,37.66699],[-121.46507,37.66557],[-121.46655,37.66408],[-121.46798,37.66307],[-121.46944,37.66411],[-121.47088,37.66425],[-121.47219,37.66395],[-121.47287,37.66309],[-121.47289,37.662],[-121.47418,37.66138],[-121.47678,37.66408],[-121.48033,37.66707],[-121.48469,37.67077],[-121.4892,37.67497],[-121.49332,37.67979],[-121.49594,37.68393],[-121.49657,37.68769],[-121.49284,37.69384],[-121.5063,37.70195],[-121.50342,37.70288],[-121.50153,37.70303],[-121.49997,37.70258],[-121.49336,37.69847],[-121.49081,37.6975],[-121.49057,37.69869],[-121.49151,37.69991],[-121.47865,37.69979],[-121.47746,37.69917],[-121.47514,37.69907],[-121.47108,37.69707],[-121.47101,37.69462],[-121.46014,37.6907],[-121.45423,37.69145],[-121.45279,37.69145],[-121.45289,37.69589],[-121.47033,37.69586],[-121.47036,37.69735],[-121.47503,37.69962],[-121.47649,37.6996],[-121.47647,37.7023],[-121.46813,37.70232],[-121.46396,37.70231],[-121.46396,37.70559],[-121.46635,37.70559],[-121.46635,37.71052],[-121.4616,37.71047],[-121.46152,37.70334],[-121.45289,37.70336],[-121.45291,37.70672],[-121.45295,37.70919],[-121.453,37.71062],[-121.45303,37.71805],[-121.44369,37.71813],[-121.44381,37.72161],[-121.45298,37.72156],[-121.45303,37.72324],[-121.46989,37.71692],[-121.47241,37.71749],[-121.47668,37.71953],[-121.47668,37.72166],[-121.47668,37.7252],[-121.46793,37.72519],[-121.46809,37.73231],[-121.47138,37.73232],[-121.47145,37.73928],[-121.47664,37.73926],[-121.47661,37.73095],[-121.4855,37.73094],[-121.48552,37.72879],[-121.49438,37.72894],[-121.49428,37.72166],[-121.53131,37.72195],[-121.53178,37.7223],[-121.53144,37.72305],[-121.53144,37.73025],[-121.5324,37.73089],[-121.53817,37.73561],[-121.54373,37.73868],[-121.54401,37.73972],[-121.54435,37.74023],[-121.54507,37.74044],[-121.54764,37.74021],[-121.54846,37.74036],[-121.54898,37.74085],[-121.54942,37.74201],[-121.54977,37.74238],[-121.55279,37.74289],[-121.55363,37.74334],[-121.55027,37.74359],[-121.54769,37.7435],[-121.49988,37.74041],[-121.48162,37.7393],[-121.47772,37.7392],[-121.47766,37.74983],[-121.47976,37.75079],[-121.48489,37.75404],[-121.47711,37.75404],[-121.46975,37.75402],[-121.46994,37.76554],[-121.4622,37.76558],[-121.46228,37.76309],[-121.45336,37.76307],[-121.45338,37.77403],[-121.43507,37.77399],[-121.43513,37.77958],[-121.42704,37.77956],[-121.42701,37.77399],[-121.42604,37.77399],[-121.426,37.77056],[-121.42325,37.77055],[-121.42325,37.76904],[-121.4201,37.76906],[-121.42026,37.77459],[-121.41731,37.77636],[-121.41474,37.77478],[-121.41471,37.76696],[-121.41001,37.76694],[-121.40998,37.7649]]]}},{"type":"Feature","properties":{"name":"Tri MyRide (Tri Delta Transit)","boundary_type":"places","source":"Census TIGER place","fidelity":"exact","updated":"2026-09","units":"Antioch city; Oakley city; Pittsburg city; Bay Point CDP","note":"Two service zones: Antioch/Oakley zone and Pittsburg/Bay Point zone in East Contra Costa County","confidence":0.85},"geometry":{"type":"Polygon","coordinates":[[[-121.83032,38.02972],[-121.82807,38.02802],[-121.82267,38.02532],[-121.81817,38.02219],[-121.81567,38.02104],[-121.81331,38.02054],[-121.80931,38.02032],[-121.80127,38.02162],[-121.80125,38.02112],[-121.80013,38.02093],[-121.80026,38.01746],[-121.79874,38.01707],[-121.79804,38.01716],[-121.78906,38.01548],[-121.78591,38.01548],[-121.78449,38.01495],[-121.77957,38.0148],[-121.77448,38.0162],[-121.77202,38.01641],[-121.76738,38.01857],[-121.76456,38.01851],[-121.76524,38.01912],[-121.76064,38.0202],[-121.75717,38.01983],[-121.75715,38.01228],[-121.75078,38.01224],[-121.75089,38.01671],[-121.75059,38.01956],[-121.75055,38.02108],[-121.74914,38.02032],[-121.74372,38.02039],[-121.74014,38.01992],[-121.73904,38.01698],[-121.73489,38.01514],[-121.73228,38.01475],[-121.73053,38.01338],[-121.72618,38.01297],[-121.72381,38.01069],[-121.72054,38.00878],[-121.71828,38.00834],[-121.71701,38.00972],[-121.71599,38.00856],[-121.71476,38.00729],[-121.71159,38.00658],[-121.69696,38.00638],[-121.69522,38.00717],[-121.69155,38.00534],[-121.69094,38.01035],[-121.68948,38.01335],[-121.68476,38.01351],[-121.68233,38.012],[-121.67912,38.01126],[-121.67859,38.01103],[-121.67805,38.0108],[-121.67308,38.01209],[-121.66069,38.01204],[-121.66062,38.0119],[-121.65915,38.01191],[-121.65897,38.00939],[-121.6569,38.00938],[-121.65687,38.01157],[-121.65002,38.01145],[-121.64507,38.00809],[-121.63419,38.00553],[-121.63495,38.00055],[-121.62994,38.00109],[-121.62944,37.9996],[-121.62998,37.99796],[-121.62904,37.99596],[-121.62714,37.9972],[-121.62534,37.9962],[-121.62463,37.99037],[-121.6274,37.99041],[-121.62739,37.98861],[-121.62543,37.98763],[-121.62566,37.98321],[-121.62576,37.97854],[-121.62262,37.9785],[-121.62259,37.97622],[-121.62609,37.9761],[-121.64022,37.97616],[-121.64497,37.97971],[-121.64938,37.98331],[-121.65856,37.99065],[-121.65923,37.99065],[-121.66831,37.99065],[-121.66835,37.98694],[-121.67059,37.98695],[-121.67057,37.98878],[-121.67286,37.98879],[-121.67294,37.98575],[-121.67752,37.9857],[-121.67755,37.98338],[-121.67757,37.9791],[-121.67763,37.96884],[-121.68267,37.96884],[-121.69603,37.96885],[-121.69603,37.96879],[-121.70434,37.96879],[-121.71409,37.96898],[-121.72993,37.9688],[-121.73026,37.96889],[-121.73239,37.97125],[-121.7324,37.96894],[-121.7324,37.96878],[-121.73259,37.96146],[-121.74274,37.96151],[-121.74737,37.96152],[-121.75078,37.96153],[-121.75077,37.95688],[-121.75077,37.94569],[-121.75082,37.93982],[-121.75991,37.93976],[-121.77278,37.93972],[-121.77356,37.93975],[-121.78724,37.93968],[-121.78722,37.93249],[-121.78251,37.93255],[-121.778,37.93313],[-121.77704,37.93106],[-121.77811,37.92527],[-121.77816,37.92326],[-121.77862,37.92085],[-121.78496,37.9219],[-121.80541,37.92939],[-121.80545,37.93224],[-121.81338,37.93216],[-121.81699,37.9335],[-121.82063,37.93404],[-121.824,37.93537],[-121.82404,37.9389],[-121.8054,37.939],[-121.8054,37.93939],[-121.82398,37.93933],[-121.82394,37.95123],[-121.82098,37.95277],[-121.82235,37.95376],[-121.82405,37.95459],[-121.82312,37.95985],[-121.82178,37.96281],[-121.82241,37.96534],[-121.83382,37.96588],[-121.8376,37.96862],[-121.84369,37.96872],[-121.85127,37.96872],[-121.85128,37.98319],[-121.85465,37.98322],[-121.86048,37.98316],[-121.8697,37.983],[-121.86981,37.99024],[-121.87917,37.99054],[-121.89181,37.99082],[-121.89262,37.9884],[-121.89268,37.99084],[-121.89588,37.99075],[-121.89587,37.99078],[-121.89729,37.99079],[-121.89716,37.98815],[-121.89733,37.98788],[-121.89716,37.98767],[-121.89706,37.98369],[-121.8987,37.98367],[-121.90672,37.98361],[-121.90767,38.00525],[-121.90973,38.00524],[-121.90974,38.00393],[-121.91055,38.0039],[-121.9114,38.00265],[-121.91682,38.00262],[-121.9176,38.00126],[-121.91949,37.99796],[-121.92403,37.99798],[-121.92392,38.00518],[-121.92175,38.00937],[-121.92256,38.01063],[-121.92555,38.01172],[-121.9283,38.00509],[-121.93273,38.00503],[-121.93274,38.01051],[-121.9327,38.01214],[-121.94179,38.01207],[-121.94194,38.01117],[-121.94407,38.01107],[-121.94466,38.00983],[-121.94256,38.0094],[-121.94212,38.00696],[-121.9441,38.00543],[-121.94653,38.00541],[-121.94642,38.00208],[-121.94653,37.99772],[-121.94772,37.99767],[-121.94791,37.99717],[-121.94819,37.99502],[-121.94901,37.99001],[-121.95014,37.98851],[-121.95342,37.98849],[-121.95348,37.99069],[-121.95337,37.99574],[-121.95338,37.99757],[-121.95112,37.9976],[-121.95113,37.9994],[-121.95794,37.99932],[-121.95809,38.00112],[-121.96009,38.0011],[-121.96108,38.00468],[-121.96113,38.0083],[-121.96033,38.00927],[-121.96303,38.0083],[-121.96417,38.00829],[-121.97863,38.00822],[-121.9786,38.01185],[-121.98353,38.01177],[-121.98608,38.01425],[-121.98787,38.01577],[-121.9919,38.01451],[-121.99295,38.01334],[-121.9964,38.01219],[-121.99728,38.01057],[-121.99804,38.01278],[-122.00214,38.01176],[-122.00306,38.01292],[-122.00369,38.0135],[-122.00596,38.01577],[-122.0066,38.01751],[-122.00592,38.01816],[-122.00603,38.02884],[-121.99683,38.03155],[-121.99136,38.0316],[-121.99121,38.0326],[-121.98759,38.03338],[-121.98007,38.03393],[-121.97878,38.03395],[-121.97882,38.04123],[-121.9747,38.04122],[-121.9697,38.04004],[-121.96965,38.05608],[-121.95757,38.05532],[-121.95091,38.05392],[-121.94676,38.05288],[-121.93776,38.04983],[-121.93543,38.04879],[-121.93274,38.04813],[-121.931,38.04761],[-121.9281,38.04698],[-121.92581,38.04647],[-121.92079,38.04573],[-121.91014,38.04496],[-121.90857,38.04502],[-121.9068,38.045],[-121.90117,38.04536],[-121.88957,38.04666],[-121.88518,38.04759],[-121.88018,38.04871],[-121.87474,38.05068],[-121.87271,38.05184],[-121.86958,38.05441],[-121.85893,38.04673],[-121.85328,38.04291],[-121.85112,38.03974],[-121.8509,38.03771],[-121.84946,38.03501],[-121.85217,38.03226],[-121.84753,38.02976],[-121.84616,38.02901],[-121.84229,38.02834],[-121.84055,38.02855],[-121.83827,38.02908],[-121.8313,38.03006],[-121.83032,38.02972]],[[-121.84224,37.98554],[-121.84232,37.98934],[-121.84477,37.98933],[-121.84626,37.99048],[-121.84989,37.99045],[-121.85142,37.98954],[-121.85151,37.98694],[-121.85021,37.98644],[-121.84573,37.98646],[-121.84224,37.98554]],[[-121.81967,38.00709],[-121.81968,38.01019],[-121.82047,38.01104],[-121.82507,38.0111],[-121.82505,38.00578],[-121.8199,38.00471],[-121.81971,38.00611],[-121.81967,38.00709]]]}},{"type":"Feature","properties":{"name":"Tuolumne County Transit Agency Dial-A-Ride","boundary_type":"county","source":"Census TIGER county","fidelity":"exact","updated":"2026-09","units":"Tuolumne County","note":"County-wide demand-response service covering Sonora and surrounding Tuolumne County communities","confidence":0.9},"geometry":{"type":"Polygon","coordinates":[[[-120.64865,37.83756],[-120.64659,37.83828],[-120.64344,37.84048],[-120.64271,37.84225],[-120.64369,37.84405],[-120.64151,37.84603],[-120.63916,37.84672],[-120.63738,37.8487],[-120.6379,37.8499],[-120.63797,37.85238],[-120.63689,37.85475],[-120.63571,37.85586],[-120.63548,37.8579],[-120.63379,37.86061],[-120.62768,37.86331],[-120.62597,37.86507],[-120.6238,37.8662],[-120.62271,37.86747],[-120.61697,37.87005],[-120.60903,37.87271],[-120.60474,37.87324],[-120.60451,37.87381],[-120.60544,37.87541],[-120.60507,37.87612],[-120.6046,37.87637],[-120.60014,37.87963],[-120.5963,37.88336],[-120.59716,37.88495],[-120.59737,37.88597],[-120.59587,37.88888],[-120.59001,37.89198],[-120.58856,37.89354],[-120.58775,37.89498],[-120.5843,37.89601],[-120.58129,37.89602],[-120.57298,37.89413],[-120.57135,37.89444],[-120.56816,37.89756],[-120.56699,37.89973],[-120.56655,37.90116],[-120.56436,37.90305],[-120.56298,37.90726],[-120.56252,37.91053],[-120.56287,37.91244],[-120.5622,37.91407],[-120.56111,37.91472],[-120.55663,37.91591],[-120.55515,37.91683],[-120.55338,37.91973],[-120.55111,37.92168],[-120.54728,37.92168],[-120.54401,37.91999],[-120.54235,37.92045],[-120.53985,37.92444],[-120.53726,37.92751],[-120.53725,37.93011],[-120.53945,37.93326],[-120.54002,37.93581],[-120.53944,37.93739],[-120.53674,37.94004],[-120.5366,37.94192],[-120.53524,37.9444],[-120.53399,37.94506],[-120.52988,37.94603],[-120.5238,37.94905],[-120.52221,37.94992],[-120.51674,37.95197],[-120.51495,37.95339],[-120.51344,37.95644],[-120.51335,37.95795],[-120.51509,37.96215],[-120.5176,37.96531],[-120.52477,37.96824],[-120.52641,37.96929],[-120.52767,37.97091],[-120.52797,37.97244],[-120.52757,37.97454],[-120.52829,37.9759],[-120.53113,37.97631],[-120.53869,37.97445],[-120.54232,37.97454],[-120.54327,37.97572],[-120.54285,37.97725],[-120.54115,37.97848],[-120.53635,37.98017],[-120.53182,37.98067],[-120.52812,37.98224],[-120.52775,37.98394],[-120.52994,37.98624],[-120.53428,37.98944],[-120.53498,37.99094],[-120.53277,37.99216],[-120.52994,37.99254],[-120.52519,37.99367],[-120.52165,37.99516],[-120.52051,37.99635],[-120.5204,37.99836],[-120.51886,38.00222],[-120.51618,38.00413],[-120.51352,38.00405],[-120.51109,38.00259],[-120.50928,37.99993],[-120.50969,37.99816],[-120.51401,37.99663],[-120.51355,37.99561],[-120.51078,37.99339],[-120.50919,37.99151],[-120.50577,37.9909],[-120.50452,37.99114],[-120.49982,37.99544],[-120.49937,37.99619],[-120.49928,37.99992],[-120.50016,38.00412],[-120.50044,38.00663],[-120.49982,38.00794],[-120.49672,38.0082],[-120.49342,38.0107],[-120.49206,38.0112],[-120.48972,38.00938],[-120.48689,38.00947],[-120.48368,38.01211],[-120.48172,38.0124],[-120.47795,38.01176],[-120.47378,38.01244],[-120.46851,38.00965],[-120.46503,38.00959],[-120.46375,38.01039],[-120.4628,38.01193],[-120.46385,38.01336],[-120.46734,38.01359],[-120.46843,38.01434],[-120.46968,38.01645],[-120.46884,38.01965],[-120.46453,38.02109],[-120.46213,38.02237],[-120.46164,38.02338],[-120.46147,38.02691],[-120.46104,38.02784],[-120.45775,38.03155],[-120.45492,38.03753],[-120.45396,38.03821],[-120.45394,38.04135],[-120.44822,38.04652],[-120.44628,38.04778],[-120.44344,38.05165],[-120.44348,38.05572],[-120.44253,38.05874],[-120.44007,38.0606],[-120.43807,38.06089],[-120.43299,38.05953],[-120.43124,38.06051],[-120.43056,38.06971],[-120.43125,38.07284],[-120.43082,38.07339],[-120.42674,38.0727],[-120.42437,38.0732],[-120.42425,38.0757],[-120.42153,38.07875],[-120.41864,38.0806],[-120.41617,38.08064],[-120.41463,38.08191],[-120.41459,38.08396],[-120.4119,38.08602],[-120.4106,38.08788],[-120.4104,38.09243],[-120.40944,38.0952],[-120.41051,38.09993],[-120.41001,38.1024],[-120.40837,38.1039],[-120.40192,38.10783],[-120.39587,38.10989],[-120.38796,38.11524],[-120.38622,38.11824],[-120.38576,38.12094],[-120.38443,38.12362],[-120.38403,38.12565],[-120.38252,38.12757],[-120.37878,38.12977],[-120.37809,38.13208],[-120.37869,38.13391],[-120.37803,38.13556],[-120.3749,38.13601],[-120.37267,38.13675],[-120.3714,38.13787],[-120.37108,38.14018],[-120.37235,38.14114],[-120.37603,38.14192],[-120.3762,38.14265],[-120.37264,38.14663],[-120.37151,38.14992],[-120.36881,38.15223],[-120.36757,38.15281],[-120.35754,38.15388],[-120.35792,38.15809],[-120.36021,38.15953],[-120.36032,38.16035],[-120.35679,38.16298],[-120.35357,38.16378],[-120.3505,38.16982],[-120.34835,38.17071],[-120.34482,38.17012],[-120.34093,38.17163],[-120.34021,38.17293],[-120.34096,38.17483],[-120.33994,38.17819],[-120.33725,38.17805],[-120.33745,38.1805],[-120.33971,38.18311],[-120.33951,38.18391],[-120.33626,38.18439],[-120.33553,38.18496],[-120.33565,38.18794],[-120.33321,38.188],[-120.33185,38.1889],[-120.33173,38.19031],[-120.33014,38.19388],[-120.33042,38.19498],[-120.32683,38.1958],[-120.32567,38.19873],[-120.3219,38.20133],[-120.32053,38.20424],[-120.3185,38.20589],[-120.31725,38.20726],[-120.31722,38.20881],[-120.31583,38.21075],[-120.31591,38.21211],[-120.31211,38.21581],[-120.3102,38.21842],[-120.30819,38.22207],[-120.30758,38.22443],[-120.30363,38.22701],[-120.30198,38.22944],[-120.29417,38.23243],[-120.29124,38.234],[-120.2906,38.23528],[-120.29025,38.23805],[-120.29057,38.23951],[-120.29036,38.24388],[-120.28922,38.24656],[-120.28655,38.24782],[-120.28614,38.24976],[-120.28422,38.2516],[-120.28219,38.25212],[-120.27972,38.25493],[-120.27734,38.25669],[-120.27591,38.25882],[-120.27356,38.25902],[-120.27243,38.25977],[-120.27243,38.26218],[-120.27399,38.26437],[-120.27379,38.26543],[-120.2719,38.26764],[-120.27101,38.27028],[-120.27018,38.27112],[-120.266,38.27258],[-120.26489,38.27425],[-120.26048,38.27806],[-120.25806,38.28323],[-120.25637,38.28575],[-120.25451,38.28677],[-120.25187,38.28702],[-120.24984,38.28869],[-120.24697,38.2902],[-120.24277,38.29318],[-120.23987,38.29579],[-120.23799,38.29842],[-120.23727,38.30155],[-120.23457,38.30364],[-120.23432,38.30439],[-120.23382,38.30643],[-120.23156,38.30746],[-120.22875,38.31439],[-120.22535,38.31579],[-120.22452,38.3182],[-120.22266,38.31982],[-120.21697,38.32145],[-120.21108,38.32456],[-120.20893,38.32674],[-120.20516,38.32965],[-120.20371,38.33255],[-120.20154,38.33464],[-120.19988,38.33923],[-120.19759,38.34216],[-120.19617,38.34285],[-120.19617,38.34459],[-120.19478,38.34635],[-120.1933,38.34937],[-120.19124,38.34985],[-120.19014,38.35276],[-120.18988,38.35596],[-120.18822,38.35759],[-120.1848,38.35882],[-120.18419,38.36086],[-120.1825,38.36374],[-120.18224,38.36614],[-120.18094,38.36809],[-120.17844,38.37022],[-120.17647,38.37125],[-120.17618,38.37401],[-120.17403,38.37363],[-120.17362,38.3755],[-120.17051,38.37591],[-120.16677,38.37976],[-120.16267,38.38093],[-120.16122,38.3809],[-120.15854,38.38529],[-120.15532,38.3869],[-120.15308,38.38694],[-120.14895,38.38887],[-120.14657,38.39037],[-120.14582,38.39163],[-120.14099,38.39401],[-120.13736,38.39317],[-120.13663,38.39486],[-120.13492,38.39653],[-120.13274,38.39683],[-120.12884,38.39575],[-120.12695,38.39639],[-120.12163,38.39948],[-120.12064,38.39948],[-120.11559,38.40119],[-120.11256,38.40078],[-120.1082,38.40206],[-120.10745,38.40117],[-120.10515,38.40087],[-120.09902,38.40153],[-120.09777,38.40288],[-120.09018,38.40375],[-120.08791,38.40338],[-120.08535,38.40592],[-120.08215,38.40846],[-120.08085,38.4101],[-120.07741,38.41067],[-120.0757,38.41209],[-120.07471,38.4114],[-120.07326,38.41202],[-120.07357,38.41358],[-120.06974,38.41348],[-120.0679,38.41549],[-120.0654,38.41476],[-120.06392,38.41494],[-120.06261,38.41652],[-120.05982,38.41716],[-120.05709,38.41711],[-120.05575,38.4186],[-120.05374,38.41921],[-120.04903,38.41937],[-120.0483,38.42063],[-120.04589,38.42229],[-120.04277,38.42298],[-120.04056,38.42593],[-120.0385,38.42597],[-120.03643,38.42462],[-120.02992,38.42468],[-120.02925,38.42505],[-120.02797,38.4264],[-120.02387,38.42932],[-120.02311,38.43087],[-120.02107,38.43183],[-120.01995,38.43352],[-120.01857,38.43235],[-119.88786,38.35796],[-119.88475,38.35619],[-119.8825,38.3593],[-119.86967,38.3676],[-119.86486,38.36907],[-119.85498,38.37248],[-119.85124,38.37491],[-119.83755,38.38241],[-119.81568,38.38714],[-119.81469,38.38752],[-119.80481,38.39862],[-119.80242,38.40021],[-119.80165,38.4014],[-119.79866,38.40212],[-119.78448,38.40487],[-119.77989,38.40771],[-119.77394,38.40637],[-119.77055,38.40666],[-119.76558,38.40938],[-119.7629,38.41177],[-119.75348,38.41676],[-119.75064,38.41739],[-119.749,38.41699],[-119.72058,38.4183],[-119.71289,38.41845],[-119.70845,38.41744],[-119.70404,38.41532],[-119.70181,38.41281],[-119.70065,38.41267],[-119.70021,38.41125],[-119.69848,38.40929],[-119.69873,38.40608],[-119.69429,38.38513],[-119.69362,38.3789],[-119.70003,38.36521],[-119.66952,38.34829],[-119.66325,38.34361],[-119.6392,38.32688],[-119.64012,38.32516],[-119.64299,38.32403],[-119.64334,38.32232],[-119.64478,38.32164],[-119.64526,38.31792],[-119.64476,38.31687],[-119.64276,38.31624],[-119.6431,38.30994],[-119.64219,38.30699],[-119.64241,38.30559],[-119.64405,38.30259],[-119.64435,38.2996],[-119.64335,38.29541],[-119.64248,38.29384],[-119.64353,38.29191],[-119.64457,38.29085],[-119.64894,38.28912],[-119.65137,38.28664],[-119.64878,38.28379],[-119.64426,38.27973],[-119.64206,38.27818],[-119.63776,38.27839],[-119.63612,38.27555],[-119.63304,38.27376],[-119.63193,38.27262],[-119.63019,38.2687],[-119.62681,38.26806],[-119.61912,38.26412],[-119.61621,38.26343],[-119.6132,38.26142],[-119.61294,38.25911],[-119.61646,38.25784],[-119.62041,38.25494],[-119.6219,38.25279],[-119.61961,38.24991],[-119.61839,38.24943],[-119.61649,38.24557],[-119.61402,38.2428],[-119.60943,38.24075],[-119.60489,38.2392],[-119.60521,38.23709],[-119.60418,38.23496],[-119.60494,38.23416],[-119.60928,38.23237],[-119.61477,38.23272],[-119.6191,38.22946],[-119.62108,38.22889],[-119.62442,38.22867],[-119.62375,38.22454],[-119.62476,38.2239],[-119.6235,38.2204],[-119.62658,38.21889],[-119.6256,38.21805],[-119.62633,38.21561],[-119.62543,38.21507],[-119.6271,38.2132],[-119.62502,38.20871],[-119.62544,38.206],[-119.62635,38.20466],[-119.63093,38.20394],[-119.63267,38.19886],[-119.63094,38.19819],[-119.62794,38.1949],[-119.62496,38.19405],[-119.62089,38.19172],[-119.61771,38.1905],[-119.61277,38.19085],[-119.60993,38.19043],[-119.60835,38.18867],[-119.60565,38.18841],[-119.59842,38.1817],[-119.5955,38.18297],[-119.59361,38.18445],[-119.59142,38.18509],[-119.58939,38.18443],[-119.58656,38.18484],[-119.58358,38.18261],[-119.57974,38.17778],[-119.57837,38.17565],[-119.57903,38.17385],[-119.58135,38.1725],[-119.58014,38.16937],[-119.5792,38.16824],[-119.5796,38.16543],[-119.5779,38.16373],[-119.5765,38.15766],[-119.57176,38.15758],[-119.56601,38.15696],[-119.56426,38.15406],[-119.55793,38.15472],[-119.55222,38.15377],[-119.54834,38.15462],[-119.54695,38.15442],[-119.5455,38.15306],[-119.54557,38.15149],[-119.54795,38.14811],[-119.54741,38.14398],[-119.54555,38.14307],[-119.54189,38.14465],[-119.53808,38.1441],[-119.53116,38.14449],[-119.52671,38.14216],[-119.52552,38.1408],[-119.52086,38.13961],[-119.51668,38.13909],[-119.51553,38.13735],[-119.50966,38.13737],[-119.50649,38.13711],[-119.50533,38.14026],[-119.50581,38.14843],[-119.50629,38.1508],[-119.50761,38.1525],[-119.50555,38.15374],[-119.50448,38.15812],[-119.50183,38.15926],[-119.49935,38.15711],[-119.49713,38.15689],[-119.4958,38.15498],[-119.49727,38.15087],[-119.49697,38.1493],[-119.49354,38.14637],[-119.49012,38.14494],[-119.48913,38.14344],[-119.48851,38.13843],[-119.48899,38.13314],[-119.48852,38.13217],[-119.48293,38.13166],[-119.48177,38.13103],[-119.47908,38.13107],[-119.47694,38.12957],[-119.47331,38.12862],[-119.46946,38.12828],[-119.47078,38.12492],[-119.47086,38.12151],[-119.47278,38.11905],[-119.47284,38.11697],[-119.47187,38.11609],[-119.46832,38.11507],[-119.46675,38.11403],[-119.46208,38.10911],[-119.45776,38.11072],[-119.45912,38.10762],[-119.46228,38.10588],[-119.4645,38.10359],[-119.46469,38.1015],[-119.46369,38.09833],[-119.4598,38.09628],[-119.45578,38.0958],[-119.45438,38.09607],[-119.45296,38.09782],[-119.45075,38.09923],[-119.44833,38.09916],[-119.44726,38.09495],[-119.44587,38.09306],[-119.4443,38.09414],[-119.44047,38.09568],[-119.43999,38.09682],[-119.44157,38.1011],[-119.44156,38.10268],[-119.44023,38.10487],[-119.43776,38.10633],[-119.4374,38.10749],[-119.43562,38.1082],[-119.43419,38.11001],[-119.43166,38.11523],[-119.43055,38.11627],[-119.42881,38.11556],[-119.42693,38.11249],[-119.42575,38.11172],[-119.42396,38.10744],[-119.41921,38.10669],[-119.4142,38.10769],[-119.41089,38.10769],[-119.40251,38.10555],[-119.40029,38.10559],[-119.39702,38.10682],[-119.39395,38.10436],[-119.39278,38.10183],[-119.38988,38.09913],[-119.3873,38.09785],[-119.38285,38.0977],[-119.38194,38.09531],[-119.38022,38.09255],[-119.37847,38.09362],[-119.37456,38.09352],[-119.37396,38.09093],[-119.37105,38.08859],[-119.36879,38.08872],[-119.3681,38.08982],[-119.36506,38.0902],[-119.36143,38.08829],[-119.36116,38.08637],[-119.35894,38.08408],[-119.35713,38.08298],[-119.3541,38.08329],[-119.35408,38.08457],[-119.35139,38.08462],[-119.34984,38.08557],[-119.3477,38.08382],[-119.34592,38.08311],[-119.34502,38.08065],[-119.33944,38.07309],[-119.33671,38.07039],[-119.33726,38.06815],[-119.33584,38.06628],[-119.33411,38.06524],[-119.32793,38.0657],[-119.32728,38.06384],[-119.32421,38.06094],[-119.32391,38.056],[-119.323,38.05157],[-119.32264,38.04986],[-119.32025,38.04808],[-119.31672,38.04785],[-119.31635,38.04663],[-119.31424,38.04558],[-119.31249,38.04569],[-119.31119,38.04476],[-119.31045,38.0431],[-119.31062,38.04025],[-119.31395,38.03453],[-119.30971,38.03392],[-119.30906,38.03163],[-119.30755,38.03052],[-119.30721,38.02746],[-119.30516,38.02535],[-119.30459,38.02389],[-119.30815,38.01949],[-119.30869,38.01524],[-119.30703,38.01232],[-119.3089,38.00715],[-119.30929,38.00478],[-119.31058,38.00336],[-119.3099,38.00116],[-119.31249,37.99772],[-119.31469,37.99212],[-119.31779,37.98822],[-119.31839,37.98642],[-119.31709,37.98422],[-119.31499,37.98352],[-119.31429,37.98262],[-119.31469,37.98112],[-119.31679,37.97892],[-119.31859,37.97762],[-119.32055,37.97318],[-119.32259,37.97102],[-119.32199,37.96902],[-119.31789,37.96702],[-119.31529,37.96532],[-119.31459,37.96412],[-119.31489,37.96022],[-119.31389,37.95432],[-119.31309,37.95302],[-119.30969,37.94992],[-119.30839,37.94682],[-119.30279,37.94492],[-119.30039,37.94472],[-119.29589,37.94272],[-119.29389,37.93842],[-119.29099,37.93612],[-119.28789,37.93302],[-119.28059,37.93382],[-119.27889,37.93322],[-119.27699,37.93152],[-119.27079,37.93002],[-119.26949,37.92852],[-119.26779,37.92773],[-119.26619,37.92802],[-119.26399,37.92652],[-119.26409,37.92402],[-119.26509,37.91963],[-119.26559,37.91383],[-119.26388,37.91222],[-119.25511,37.91143],[-119.25068,37.91033],[-119.24698,37.91013],[-119.24308,37.91063],[-119.24168,37.91023],[-119.23978,37.91183],[-119.23448,37.91033],[-119.23198,37.90883],[-119.22668,37.90663],[-119.22408,37.90353],[-119.22378,37.90233],[-119.22208,37.90153],[-119.21988,37.89863],[-119.21748,37.89843],[-119.21598,37.89913],[-119.21078,37.89943],[-119.20968,37.89693],[-119.21068,37.89393],[-119.20838,37.89213],[-119.20778,37.89003],[-119.20648,37.88923],[-119.20138,37.88803],[-119.20078,37.88743],[-119.20008,37.88453],[-119.20078,37.88323],[-119.20358,37.88393],[-119.20638,37.88333],[-119.20908,37.88083],[-119.21038,37.87793],[-119.21328,37.87333],[-119.21408,37.87153],[-119.21448,37.86833],[-119.21398,37.86593],[-119.21348,37.85963],[-119.21258,37.85693],[-119.21338,37.85483],[-119.21598,37.85323],[-119.21688,37.84963],[-119.21548,37.84703],[-119.21328,37.84673],[-119.21048,37.84563],[-119.20728,37.84703],[-119.20178,37.84753],[-119.19838,37.84573],[-119.19618,37.84403],[-119.19817,37.84323],[-119.20228,37.84293],[-119.20688,37.83993],[-119.20687,37.83781],[-119.20588,37.83583],[-119.20548,37.83333],[-119.20398,37.82983],[-119.20518,37.82803],[-119.20758,37.82693],[-119.21228,37.82563],[-119.21328,37.82503],[-119.21538,37.82193],[-119.21688,37.81873],[-119.21398,37.81633],[-119.21158,37.81513],[-119.20768,37.81213],[-119.20498,37.81153],[-119.20498,37.80953],[-119.20368,37.80803],[-119.20328,37.80613],[-119.20128,37.80433],[-119.20178,37.79933],[-119.20268,37.79773],[-119.20328,37.79493],[-119.20438,37.79323],[-119.21278,37.79173],[-119.21528,37.78993],[-119.21698,37.78773],[-119.21848,37.78383],[-119.22028,37.78023],[-119.22128,37.77913],[-119.22708,37.77843],[-119.22988,37.77693],[-119.23078,37.77443],[-119.23658,37.77363],[-119.23968,37.77123],[-119.24308,37.76913],[-119.24488,37.76703],[-119.24728,37.76153],[-119.25018,37.75744],[-119.25298,37.75733],[-119.25498,37.75633],[-119.25568,37.75383],[-119.25458,37.75083],[-119.25468,37.74663],[-119.25588,37.74503],[-119.25798,37.74433],[-119.26055,37.7425],[-119.26118,37.74103],[-119.26418,37.74063],[-119.26898,37.73923],[-119.27178,37.73923],[-119.27778,37.74213],[-119.28208,37.74383],[-119.28838,37.74503],[-119.28918,37.74733],[-119.29068,37.74933],[-119.28958,37.74993],[-119.28908,37.75503],[-119.29123,37.75636],[-119.29408,37.75973],[-119.29338,37.76793],[-119.29788,37.77063],[-119.30068,37.77143],[-119.30488,37.77433],[-119.30828,37.77573],[-119.30899,37.77799],[-119.31098,37.77843],[-119.31098,37.77973],[-119.30788,37.78123],[-119.30728,37.78283],[-119.31048,37.78563],[-119.31098,37.78753],[-119.31038,37.79053],[-119.31048,37.79253],[-119.31228,37.79413],[-119.31818,37.79363],[-119.32178,37.79403],[-119.32358,37.79553],[-119.32468,37.79773],[-119.32698,37.79943],[-119.33188,37.79923],[-119.33399,37.80033],[-119.33609,37.80313],[-119.33939,37.80553],[-119.34369,37.80613],[-119.34589,37.80563],[-119.34669,37.80633],[-119.34799,37.81013],[-119.34899,37.81083],[-119.35499,37.81183],[-119.35559,37.81243],[-119.35469,37.81513],[-119.35279,37.81753],[-119.35119,37.82383],[-119.35139,37.82553],[-119.35229,37.82633],[-119.3726,37.83288],[-119.37391,37.83522],[-119.37382,37.83969],[-119.37551,37.84087],[-119.37707,37.83968],[-119.37929,37.84095],[-119.38039,37.84021],[-119.3826,37.83706],[-119.38372,37.83647],[-119.38729,37.83763],[-119.39259,37.83792],[-119.40059,37.83472],[-119.40269,37.83523],[-119.40469,37.83722],[-119.40459,37.84253],[-119.40509,37.84822],[-119.40679,37.85232],[-119.40729,37.85492],[-119.41059,37.85502],[-119.41549,37.85462],[-119.41829,37.85572],[-119.42009,37.85722],[-119.42199,37.85772],[-119.42489,37.86552],[-119.42679,37.86672],[-119.43419,37.86512],[-119.43929,37.86022],[-119.44269,37.85982],[-119.44329,37.86112],[-119.44209,37.86392],[-119.44199,37.86752],[-119.44389,37.86922],[-119.44579,37.86942],[-119.44859,37.86852],[-119.45149,37.87102],[-119.45419,37.87072],[-119.46279,37.86842],[-119.46599,37.86462],[-119.46959,37.86352],[-119.47189,37.86062],[-119.47239,37.85822],[-119.47429,37.85562],[-119.47589,37.85742],[-119.47689,37.85962],[-119.47909,37.86062],[-119.48119,37.86082],[-119.48409,37.86442],[-119.4869,37.86492],[-119.4923,37.86312],[-119.4966,37.86502],[-119.4996,37.86762],[-119.501,37.86717],[-119.5026,37.86782],[-119.5047,37.86962],[-119.5066,37.87452],[-119.5082,37.87672],[-119.5126,37.88062],[-119.5153,37.88442],[-119.5177,37.88562],[-119.5238,37.88672],[-119.5273,37.88972],[-119.5298,37.89112],[-119.5312,37.89502],[-119.5336,37.89712],[-119.5344,37.89992],[-119.534,37.90292],[-119.5357,37.90412],[-119.5411,37.90252],[-119.5567,37.90092],[-119.5586,37.90312],[-119.563,37.90252],[-119.5659,37.90172],[-119.5692,37.89952],[-119.5709,37.89742],[-119.5741,37.89562],[-119.5816,37.89372],[-119.5864,37.89012],[-119.5869,37.88782],[-119.5858,37.88472],[-119.5871,37.88182],[-119.5873,37.87872],[-119.5845,37.87622],[-119.58486,37.87492],[-119.58635,37.8723],[-119.58955,37.86965],[-119.59195,37.86611],[-119.59322,37.86563],[-119.59787,37.86097],[-119.60089,37.85922],[-119.60525,37.85766],[-119.60853,37.85534],[-119.61016,37.85317],[-119.61188,37.8542],[-119.61585,37.85414],[-119.61911,37.8532],[-119.62031,37.85116],[-119.62248,37.84957],[-119.62295,37.84847],[-119.62499,37.84771],[-119.626,37.84815],[-119.6286,37.84722],[-119.6325,37.84752],[-119.6381,37.84912],[-119.6411,37.84852],[-119.6462,37.84682],[-119.6486,37.84502],[-119.6524,37.83892],[-119.6553,37.83662],[-119.6577,37.83412],[-119.6573,37.83182],[-119.6535,37.82882],[-119.6509,37.82082],[-119.6539,37.81042],[-119.6573,37.81022],[-119.6599,37.80942],[-119.6653,37.80302],[-119.6672,37.80122],[-119.6706,37.80022],[-119.6752,37.80012],[-119.6814,37.80062],[-119.684,37.79972],[-119.687,37.79952],[-119.6897,37.80022],[-119.6914,37.79952],[-119.6932,37.79692],[-119.6938,37.79472],[-119.6979,37.78962],[-119.6996,37.78912],[-119.7018,37.78982],[-119.7054,37.79232],[-119.7098,37.79352],[-119.7131,37.79312],[-119.71681,37.79172],[-119.72001,37.78922],[-119.72271,37.78762],[-119.72711,37.78692],[-119.73391,37.78792],[-119.73621,37.78692],[-119.73881,37.78452],[-119.74251,37.78412],[-119.74601,37.78292],[-119.74761,37.78142],[-119.74941,37.77572],[-119.75101,37.77332],[-119.7552,37.77213],[-119.75766,37.7728],[-119.76132,37.77192],[-119.76261,37.77032],[-119.76591,37.77033],[-119.76901,37.77113],[-119.772,37.76893],[-119.77201,37.76673],[-119.77381,37.76692],[-119.77541,37.76582],[-119.77791,37.76582],[-119.78111,37.76342],[-119.78451,37.76392],[-119.78611,37.76582],[-119.78851,37.76463],[-119.79151,37.76463],[-119.79591,37.76212],[-119.79792,37.76136],[-119.80167,37.76101],[-119.80395,37.75967],[-119.8049,37.76015],[-119.8055,37.75962],[-119.80501,37.75642],[-119.80851,37.75492],[-119.80941,37.75503],[-119.81291,37.75832],[-119.81781,37.75973],[-119.82071,37.75982],[-119.82281,37.76192],[-119.82481,37.76192],[-119.82731,37.76443],[-119.82791,37.76823],[-119.83031,37.76882],[-119.83061,37.76953],[-119.83411,37.76913],[-119.83791,37.77023],[-119.83951,37.77013],[-119.84221,37.76913],[-119.84211,37.76712],[-119.84061,37.76503],[-119.84371,37.76252],[-119.84581,37.76262],[-119.84701,37.76183],[-119.84871,37.75853],[-119.85201,37.75773],[-119.85238,37.7582],[-119.85391,37.76123],[-119.85661,37.76313],[-119.86061,37.76443],[-119.8616,37.76739],[-119.86431,37.77202],[-119.86731,37.77213],[-119.86821,37.77322],[-119.87191,37.77343],[-119.87551,37.77253],[-119.87381,37.77063],[-119.87271,37.76753],[-119.87351,37.76603],[-119.87551,37.76553],[-119.87601,37.76383],[-119.87781,37.76303],[-119.88011,37.76253],[-119.88111,37.76303],[-119.88491,37.76073],[-119.88851,37.76143],[-119.8916,37.76132],[-119.89251,37.76223],[-119.89851,37.76093],[-119.90131,37.75933],[-119.90121,37.75783],[-119.90331,37.75833],[-119.90701,37.75793],[-119.90941,37.75973],[-119.91521,37.76263],[-119.91801,37.76223],[-119.92371,37.76403],[-119.92861,37.76463],[-119.93041,37.76333],[-119.93381,37.76383],[-119.93541,37.76283],[-119.93841,37.76303],[-119.94481,37.76493],[-119.94541,37.76753],[-119.94761,37.77043],[-119.95061,37.77053],[-119.95501,37.77323],[-119.95861,37.77623],[-119.96361,37.78103],[-119.96491,37.78283],[-119.97181,37.78403],[-119.97562,37.78683],[-119.98022,37.78903],[-119.98242,37.78953],[-119.98872,37.79283],[-119.99412,37.79443],[-119.99842,37.79623],[-120.00102,37.79873],[-120.00362,37.79891],[-120.00631,37.80139],[-120.00844,37.80249],[-120.00973,37.80227],[-120.01443,37.80449],[-120.01683,37.80638],[-120.02366,37.81001],[-120.02659,37.81188],[-120.03233,37.81085],[-120.03599,37.80787],[-120.03905,37.81081],[-120.04635,37.8133],[-120.04889,37.8112],[-120.05279,37.81287],[-120.05513,37.81279],[-120.0551,37.81626],[-120.05565,37.81807],[-120.05684,37.82028],[-120.05751,37.82388],[-120.05893,37.82492],[-120.05975,37.82468],[-120.06155,37.82603],[-120.06515,37.8229],[-120.06617,37.82418],[-120.07222,37.82666],[-120.07586,37.82718],[-120.07951,37.82881],[-120.08471,37.82703],[-120.08543,37.82351],[-120.08764,37.82245],[-120.08943,37.82283],[-120.09047,37.82187],[-120.09011,37.82029],[-120.09071,37.81865],[-120.09086,37.81581],[-120.09204,37.81555],[-120.08907,37.81226],[-120.09028,37.81075],[-120.09371,37.80973],[-120.09366,37.80822],[-120.09875,37.80773],[-120.09937,37.80608],[-120.09873,37.80474],[-120.1013,37.80251],[-120.10074,37.80067],[-120.10328,37.80013],[-120.1062,37.79903],[-120.10643,37.79838],[-120.10781,37.79689],[-120.11225,37.79387],[-120.11579,37.79316],[-120.11976,37.78966],[-120.12025,37.7875],[-120.11938,37.78586],[-120.12393,37.7857],[-120.12683,37.78178],[-120.12809,37.78154],[-120.13533,37.78201],[-120.13936,37.78317],[-120.14212,37.78304],[-120.147,37.78636],[-120.15406,37.78836],[-120.15678,37.78764],[-120.1587,37.78792],[-120.16181,37.78741],[-120.16362,37.78878],[-120.16595,37.78956],[-120.16947,37.79195],[-120.16935,37.79303],[-120.17354,37.79597],[-120.17305,37.79829],[-120.17409,37.79938],[-120.17581,37.79822],[-120.1771,37.79594],[-120.17837,37.79466],[-120.1823,37.79556],[-120.18296,37.79329],[-120.18202,37.79087],[-120.1806,37.78933],[-120.18058,37.78841],[-120.18227,37.78669],[-120.18229,37.78432],[-120.18357,37.78289],[-120.18558,37.78197],[-120.18547,37.7812],[-120.18869,37.78022],[-120.18658,37.77833],[-120.18626,37.77726],[-120.18353,37.77495],[-120.18486,37.77334],[-120.18695,37.77213],[-120.18706,37.77054],[-120.18898,37.76793],[-120.19086,37.76752],[-120.19294,37.76909],[-120.19347,37.76971],[-120.1981,37.76939],[-120.19843,37.76825],[-120.1981,37.7653],[-120.20138,37.76315],[-120.2026,37.76359],[-120.20473,37.76306],[-120.20665,37.76336],[-120.20956,37.76317],[-120.21055,37.76427],[-120.21262,37.76517],[-120.2142,37.76474],[-120.21616,37.76525],[-120.21688,37.76285],[-120.22038,37.7631],[-120.22287,37.76237],[-120.22412,37.76363],[-120.22616,37.76071],[-120.22701,37.76037],[-120.22936,37.76223],[-120.23066,37.76379],[-120.23376,37.76418],[-120.236,37.76391],[-120.23823,37.76526],[-120.23958,37.7634],[-120.23903,37.76122],[-120.24091,37.7585],[-120.23893,37.75595],[-120.23969,37.75349],[-120.2434,37.75117],[-120.2453,37.75054],[-120.24884,37.74964],[-120.25102,37.75092],[-120.25333,37.75073],[-120.2556,37.74854],[-120.25654,37.74844],[-120.25758,37.74666],[-120.25784,37.74399],[-120.2587,37.74269],[-120.26165,37.74089],[-120.26068,37.73961],[-120.26069,37.73738],[-120.25842,37.73558],[-120.26072,37.73356],[-120.26474,37.73597],[-120.2673,37.7361],[-120.26863,37.73702],[-120.27182,37.73796],[-120.27322,37.73784],[-120.27608,37.73897],[-120.27779,37.74092],[-120.28234,37.74531],[-120.28275,37.74376],[-120.28664,37.74027],[-120.28689,37.73899],[-120.28566,37.73677],[-120.28433,37.73591],[-120.2838,37.73364],[-120.28508,37.73262],[-120.28618,37.72978],[-120.28764,37.72946],[-120.29044,37.7313],[-120.29414,37.73212],[-120.29587,37.73339],[-120.29969,37.73375],[-120.30311,37.73457],[-120.3057,37.73423],[-120.30769,37.73561],[-120.30961,37.73425],[-120.31387,37.73424],[-120.31528,37.73387],[-120.31677,37.73119],[-120.31914,37.72978],[-120.31913,37.72867],[-120.32084,37.72616],[-120.32429,37.72663],[-120.32612,37.72607],[-120.3283,37.72825],[-120.332,37.7295],[-120.3338,37.728],[-120.33531,37.72784],[-120.33557,37.72648],[-120.33829,37.72674],[-120.34096,37.72606],[-120.3428,37.72698],[-120.34521,37.72566],[-120.34544,37.72479],[-120.34247,37.72277],[-120.34315,37.72103],[-120.3398,37.71709],[-120.34056,37.71592],[-120.33958,37.71422],[-120.33991,37.71264],[-120.33823,37.71108],[-120.33809,37.70911],[-120.33316,37.70656],[-120.33322,37.70468],[-120.33201,37.70344],[-120.33196,37.70161],[-120.33022,37.6996],[-120.33021,37.69807],[-120.3278,37.69546],[-120.326,37.69243],[-120.32317,37.68941],[-120.32292,37.68781],[-120.32129,37.68773],[-120.31945,37.68643],[-120.31808,37.68235],[-120.31533,37.67882],[-120.31311,37.67536],[-120.31045,37.67312],[-120.3094,37.67005],[-120.30641,37.66576],[-120.30885,37.66406],[-120.31231,37.66295],[-120.31174,37.66014],[-120.31029,37.65865],[-120.30984,37.65598],[-120.31257,37.65367],[-120.31574,37.65307],[-120.32182,37.64986],[-120.32594,37.64897],[-120.32838,37.65004],[-120.33254,37.65332],[-120.33292,37.65577],[-120.33483,37.65746],[-120.33526,37.65896],[-120.33681,37.65926],[-120.34326,37.66313],[-120.34507,37.66571],[-120.34513,37.66782],[-120.34776,37.67018],[-120.34799,37.67123],[-120.35262,37.67456],[-120.35542,37.6755],[-120.35775,37.6751],[-120.35918,37.67378],[-120.36246,37.67282],[-120.3623,37.67478],[-120.36321,37.67612],[-120.36503,37.67705],[-120.36631,37.68079],[-120.36937,37.67963],[-120.37448,37.6803],[-120.37635,37.682],[-120.3797,37.68099],[-120.3809,37.68243],[-120.38307,37.68204],[-120.38376,37.68366],[-120.38664,37.68484],[-120.38966,37.68337],[-120.39193,37.68356],[-120.39171,37.67977],[-120.39353,37.67969],[-120.3925,37.67536],[-120.39442,37.67504],[-120.39534,37.67226],[-120.39281,37.66953],[-120.39412,37.66812],[-120.39062,37.66652],[-120.38922,37.66316],[-120.38669,37.66152],[-120.38634,37.66002],[-120.38435,37.658],[-120.38186,37.6571],[-120.37988,37.65706],[-120.37602,37.6539],[-120.37514,37.65221],[-120.37687,37.64948],[-120.37642,37.64892],[-120.37777,37.64685],[-120.3792,37.64597],[-120.38109,37.6435],[-120.38107,37.64177],[-120.3827,37.64198],[-120.3831,37.63991],[-120.3855,37.63465],[-120.38694,37.63485],[-120.38761,37.6337],[-120.39582,37.64006],[-120.39673,37.6406],[-120.44145,37.67411],[-120.45094,37.68124],[-120.46282,37.69033],[-120.54188,37.74994],[-120.5476,37.75478],[-120.55864,37.763],[-120.57114,37.77204],[-120.65327,37.83186],[-120.65324,37.83282],[-120.64865,37.83756]]]}},{"type":"Feature","properties":{"name":"Van Go!","boundary_type":"county","source":"Census TIGER county","fidelity":"exact","updated":"2026-09","units":"San Joaquin County","note":"Countywide demand-response service","confidence":0.95},"geometry":{"type":"Polygon","coordinates":[[[-121.5823,38.05144],[-121.58243,38.05381],[-121.58351,38.05928],[-121.58388,38.0599],[-121.58224,38.06439],[-121.5822,38.06842],[-121.58113,38.06926],[-121.57849,38.07006],[-121.57483,38.07184],[-121.57292,38.07424],[-121.57675,38.07819],[-121.57723,38.08601],[-121.57834,38.09174],[-121.58002,38.09441],[-121.57406,38.09636],[-121.56718,38.09732],[-121.56461,38.09925],[-121.56403,38.10142],[-121.56432,38.10287],[-121.56575,38.10528],[-121.56718,38.10624],[-121.5732,38.1089],[-121.58078,38.11101],[-121.5835,38.11348],[-121.58436,38.1183],[-121.58407,38.12023],[-121.58088,38.12492],[-121.57943,38.12568],[-121.57647,38.12896],[-121.57553,38.12953],[-121.57189,38.13151],[-121.56681,38.13411],[-121.56244,38.13598],[-121.55769,38.13675],[-121.55729,38.13912],[-121.55916,38.14064],[-121.56014,38.14213],[-121.55918,38.14389],[-121.55338,38.14541],[-121.55174,38.14536],[-121.5499,38.14606],[-121.54847,38.14753],[-121.54692,38.14811],[-121.54442,38.14726],[-121.5434,38.14757],[-121.54266,38.15083],[-121.54058,38.15198],[-121.53762,38.15121],[-121.53631,38.15158],[-121.53453,38.15576],[-121.5362,38.15728],[-121.53615,38.15816],[-121.53397,38.15968],[-121.53346,38.16267],[-121.5314,38.1631],[-121.5293,38.16902],[-121.52511,38.17128],[-121.52436,38.17232],[-121.52461,38.17484],[-121.52612,38.17712],[-121.52607,38.17891],[-121.52781,38.18102],[-121.52711,38.18286],[-121.525,38.18387],[-121.52445,38.18552],[-121.52554,38.18676],[-121.52674,38.18994],[-121.52818,38.19164],[-121.52915,38.19383],[-121.5289,38.19533],[-121.52718,38.19674],[-121.5256,38.19728],[-121.5245,38.1994],[-121.52213,38.20191],[-121.51987,38.20316],[-121.51273,38.20256],[-121.50993,38.20458],[-121.5083,38.20711],[-121.50808,38.20923],[-121.50433,38.21213],[-121.50523,38.21579],[-121.50625,38.21754],[-121.50749,38.22256],[-121.50701,38.22352],[-121.50639,38.22459],[-121.50434,38.22454],[-121.50101,38.22685],[-121.49766,38.22768],[-121.49586,38.22711],[-121.49167,38.22769],[-121.49057,38.23017],[-121.49076,38.23219],[-121.48981,38.23366],[-121.4877,38.23468],[-121.48677,38.23582],[-121.48663,38.23731],[-121.48738,38.2387],[-121.48661,38.24046],[-121.48432,38.24151],[-121.48324,38.24215],[-121.48159,38.24442],[-121.47874,38.24599],[-121.47821,38.24854],[-121.47851,38.25108],[-121.47968,38.25214],[-121.48007,38.25358],[-121.47658,38.25634],[-121.47572,38.25809],[-121.47096,38.2599],[-121.46884,38.25941],[-121.46608,38.25993],[-121.46157,38.25919],[-121.45792,38.25718],[-121.45578,38.25757],[-121.45302,38.25562],[-121.45043,38.25462],[-121.44814,38.25501],[-121.44777,38.2551],[-121.44454,38.25685],[-121.43991,38.25553],[-121.43624,38.25511],[-121.43442,38.25427],[-121.43089,38.25504],[-121.4291,38.25467],[-121.42885,38.25422],[-121.42763,38.25157],[-121.42508,38.2504],[-121.42536,38.2468],[-121.42746,38.24597],[-121.42717,38.2448],[-121.42394,38.24233],[-121.42263,38.23959],[-121.42098,38.23839],[-121.42052,38.23724],[-121.41569,38.23561],[-121.41123,38.23193],[-121.411,38.23193],[-121.40975,38.23287],[-121.40643,38.23152],[-121.40517,38.22996],[-121.40169,38.23069],[-121.40132,38.22947],[-121.39819,38.22743],[-121.39572,38.22798],[-121.39492,38.22972],[-121.39246,38.2304],[-121.38905,38.23316],[-121.38542,38.23135],[-121.38251,38.23207],[-121.38024,38.23098],[-121.37791,38.23055],[-121.37317,38.23106],[-121.37091,38.22973],[-121.36698,38.23124],[-121.36582,38.23086],[-121.36435,38.22866],[-121.3629,38.22828],[-121.36239,38.22991],[-121.35805,38.23075],[-121.35468,38.23103],[-121.35031,38.23039],[-121.34801,38.22882],[-121.34402,38.22826],[-121.34179,38.22965],[-121.33904,38.22893],[-121.33747,38.2294],[-121.33481,38.23127],[-121.3319,38.23152],[-121.32931,38.23283],[-121.32444,38.2331],[-121.32177,38.23268],[-121.31774,38.23521],[-121.31489,38.23551],[-121.31307,38.23475],[-121.31092,38.23487],[-121.30905,38.23579],[-121.30678,38.23476],[-121.30531,38.23475],[-121.30068,38.23672],[-121.2955,38.23762],[-121.2927,38.23887],[-121.29126,38.24031],[-121.28814,38.24564],[-121.28799,38.24581],[-121.28628,38.2472],[-121.28562,38.24748],[-121.28517,38.24756],[-121.28366,38.24857],[-121.28303,38.24966],[-121.28227,38.24984],[-121.28119,38.25005],[-121.27684,38.24926],[-121.27486,38.25053],[-121.26838,38.25227],[-121.25904,38.25027],[-121.25269,38.24695],[-121.24942,38.24652],[-121.24758,38.24543],[-121.24477,38.24519],[-121.24237,38.24541],[-121.2375,38.24748],[-121.23442,38.24742],[-121.23364,38.2469],[-121.23065,38.24673],[-121.22925,38.24753],[-121.22555,38.24486],[-121.22251,38.24441],[-121.22075,38.24488],[-121.21752,38.24663],[-121.21502,38.2488],[-121.20789,38.24882],[-121.20341,38.24875],[-121.19807,38.25247],[-121.19414,38.25575],[-121.19202,38.2567],[-121.18977,38.25607],[-121.18203,38.25683],[-121.18022,38.25532],[-121.17308,38.25521],[-121.17201,38.25559],[-121.17128,38.25692],[-121.1691,38.25809],[-121.16384,38.25979],[-121.16364,38.26022],[-121.16153,38.2608],[-121.15699,38.26079],[-121.15296,38.26248],[-121.14701,38.26391],[-121.14594,38.26537],[-121.14289,38.26756],[-121.14155,38.2692],[-121.13934,38.27015],[-121.13767,38.27158],[-121.13382,38.27188],[-121.13121,38.27468],[-121.12778,38.27745],[-121.12013,38.27816],[-121.11683,38.27735],[-121.1145,38.27881],[-121.10951,38.28106],[-121.10642,38.28151],[-121.1021,38.28323],[-121.1002,38.28265],[-121.09894,38.2831],[-121.09544,38.28163],[-121.09311,38.28257],[-121.09266,38.28384],[-121.0899,38.28396],[-121.08538,38.28705],[-121.08423,38.28636],[-121.08203,38.28825],[-121.07929,38.28977],[-121.07822,38.29168],[-121.07638,38.29197],[-121.0739,38.29326],[-121.07328,38.29436],[-121.07104,38.29533],[-121.06848,38.29852],[-121.06665,38.29915],[-121.06478,38.29947],[-121.06167,38.29894],[-121.05992,38.29708],[-121.05549,38.29507],[-121.05339,38.29319],[-121.04834,38.29114],[-121.04749,38.29114],[-121.04363,38.29374],[-121.04057,38.29772],[-121.03544,38.29813],[-121.03304,38.29923],[-121.03051,38.29891],[-121.02708,38.30025],[-121.01637,38.2744],[-121.0064,38.2506],[-121.00636,38.25051],[-121.00346,38.24301],[-120.9955,38.2254],[-120.98645,38.20465],[-120.97534,38.17822],[-120.96917,38.16302],[-120.93885,38.08832],[-120.92645,38.07742],[-120.92654,38.07311],[-120.92652,38.01723],[-120.92645,37.98402],[-120.92635,37.98332],[-120.92645,37.94522],[-120.92638,37.94483],[-120.92645,37.92173],[-120.92655,37.92072],[-120.92645,37.91893],[-120.92635,37.88672],[-120.92548,37.85841],[-120.92536,37.85686],[-120.92472,37.83891],[-120.92434,37.82755],[-120.92414,37.8206],[-120.92385,37.8131],[-120.92342,37.8003],[-120.92325,37.79357],[-120.92264,37.75957],[-120.92337,37.75781],[-120.92267,37.75713],[-120.92256,37.75031],[-120.92063,37.74931],[-120.92212,37.7486],[-120.9211,37.74596],[-120.92146,37.74333],[-120.92058,37.73846],[-120.92225,37.73748],[-120.92359,37.73764],[-120.92681,37.73858],[-120.93301,37.7395],[-120.93908,37.74196],[-120.94199,37.74229],[-120.94444,37.74213],[-120.94796,37.74049],[-120.95416,37.73844],[-120.95696,37.74049],[-120.95881,37.74145],[-120.96186,37.74182],[-120.97,37.74648],[-120.97316,37.74795],[-120.97524,37.751],[-120.97722,37.75277],[-120.98065,37.75393],[-120.9816,37.75536],[-120.98164,37.75656],[-120.98631,37.75645],[-120.99199,37.75898],[-120.99276,37.76076],[-120.9957,37.76018],[-120.99894,37.75713],[-120.99785,37.75501],[-121.00306,37.75173],[-121.00433,37.75245],[-121.007,37.75111],[-121.008,37.74909],[-121.01189,37.74973],[-121.01093,37.75118],[-121.01235,37.75402],[-121.01375,37.75429],[-121.01117,37.75575],[-121.01402,37.75652],[-121.01772,37.75528],[-121.0195,37.75208],[-121.0213,37.75008],[-121.02064,37.74842],[-121.02086,37.74775],[-121.02405,37.74666],[-121.02648,37.74177],[-121.02882,37.7407],[-121.03296,37.74287],[-121.03651,37.74301],[-121.03718,37.74252],[-121.03787,37.73916],[-121.03965,37.73955],[-121.04153,37.74167],[-121.04384,37.74153],[-121.043,37.73862],[-121.04399,37.7387],[-121.04525,37.73942],[-121.04636,37.74263],[-121.04883,37.74262],[-121.05033,37.74168],[-121.05181,37.74251],[-121.05175,37.74424],[-121.05071,37.74571],[-121.05334,37.74563],[-121.05335,37.74682],[-121.05204,37.74852],[-121.0543,37.74947],[-121.05548,37.7492],[-121.05621,37.75037],[-121.05706,37.74915],[-121.05994,37.74926],[-121.06144,37.74634],[-121.06489,37.7462],[-121.06313,37.74391],[-121.06694,37.74475],[-121.06742,37.74242],[-121.06655,37.74018],[-121.06699,37.73956],[-121.06885,37.73953],[-121.07096,37.73808],[-121.0724,37.73796],[-121.07508,37.73893],[-121.07643,37.73757],[-121.0794,37.73845],[-121.07985,37.74023],[-121.08183,37.73979],[-121.08255,37.74133],[-121.084,37.74179],[-121.08527,37.74085],[-121.08837,37.74105],[-121.08999,37.7366],[-121.09273,37.73475],[-121.09509,37.7345],[-121.09438,37.73366],[-121.0963,37.73353],[-121.09577,37.73596],[-121.101,37.7377],[-121.09985,37.74019],[-121.10259,37.74128],[-121.10555,37.74002],[-121.10685,37.74013],[-121.10905,37.74203],[-121.11021,37.74204],[-121.11135,37.74003],[-121.10949,37.73445],[-121.10763,37.73228],[-121.10989,37.73038],[-121.11025,37.73013],[-121.11295,37.72767],[-121.11676,37.72649],[-121.11628,37.72466],[-121.1187,37.72361],[-121.12137,37.72447],[-121.12074,37.72234],[-121.12136,37.72192],[-121.12362,37.72282],[-121.12268,37.72412],[-121.12421,37.7242],[-121.12556,37.72262],[-121.12845,37.72423],[-121.13074,37.7223],[-121.13499,37.72305],[-121.13652,37.72468],[-121.13738,37.72414],[-121.138,37.72232],[-121.14156,37.7229],[-121.14276,37.72214],[-121.14188,37.72098],[-121.14544,37.71999],[-121.14611,37.7175],[-121.15105,37.71948],[-121.15391,37.71896],[-121.15456,37.7202],[-121.15585,37.71984],[-121.15712,37.71781],[-121.15609,37.71681],[-121.15883,37.71695],[-121.15913,37.7151],[-121.15777,37.71335],[-121.15839,37.71179],[-121.16083,37.71114],[-121.15935,37.70853],[-121.16212,37.70805],[-121.1614,37.70673],[-121.15875,37.70641],[-121.15922,37.70444],[-121.1634,37.70372],[-121.16567,37.70425],[-121.16682,37.70223],[-121.16574,37.70111],[-121.16368,37.70038],[-121.16624,37.6994],[-121.16892,37.69913],[-121.1763,37.70405],[-121.17655,37.70607],[-121.17845,37.70553],[-121.18016,37.70342],[-121.17886,37.70194],[-121.1768,37.70228],[-121.17591,37.69942],[-121.17694,37.6988],[-121.18177,37.699],[-121.18257,37.69854],[-121.18243,37.69662],[-121.18023,37.69571],[-121.18063,37.69356],[-121.18224,37.69374],[-121.18401,37.69285],[-121.18222,37.6916],[-121.17968,37.69298],[-121.17895,37.69108],[-121.17988,37.69051],[-121.1831,37.68998],[-121.18112,37.68809],[-121.18244,37.68771],[-121.18585,37.68879],[-121.18626,37.68769],[-121.18744,37.68751],[-121.18786,37.69011],[-121.18947,37.68971],[-121.18902,37.6913],[-121.19024,37.69189],[-121.19192,37.69048],[-121.19237,37.69228],[-121.19379,37.69342],[-121.19423,37.69495],[-121.19642,37.69457],[-121.19627,37.69257],[-121.19778,37.6916],[-121.19782,37.69052],[-121.19964,37.69037],[-121.20131,37.69246],[-121.20084,37.69376],[-121.1993,37.69422],[-121.19982,37.69622],[-121.20126,37.69556],[-121.20224,37.69596],[-121.20416,37.69344],[-121.20607,37.6949],[-121.20684,37.69372],[-121.20525,37.69203],[-121.20772,37.68878],[-121.20869,37.6863],[-121.21083,37.68587],[-121.21497,37.6868],[-121.21639,37.68787],[-121.21789,37.68568],[-121.21976,37.68479],[-121.22097,37.68305],[-121.22195,37.68262],[-121.22347,37.68361],[-121.2226,37.68037],[-121.21864,37.67977],[-121.21837,37.67887],[-121.21971,37.67769],[-121.22132,37.67814],[-121.22275,37.67723],[-121.22201,37.67511],[-121.22094,37.67498],[-121.21993,37.67664],[-121.21909,37.67646],[-121.21849,37.67385],[-121.21871,37.67321],[-121.22036,37.67104],[-121.22277,37.66981],[-121.22541,37.66988],[-121.22925,37.66893],[-121.22985,37.66643],[-121.22907,37.66434],[-121.23155,37.66259],[-121.23327,37.66251],[-121.23473,37.6637],[-121.24003,37.66492],[-121.24123,37.66425],[-121.24122,37.66401],[-121.26945,37.6416],[-121.28555,37.62903],[-121.32405,37.59883],[-121.32898,37.59479],[-121.3342,37.5904],[-121.36054,37.57005],[-121.37375,37.55983],[-121.37425,37.55923],[-121.37545,37.55843],[-121.47192,37.48178],[-121.47106,37.48332],[-121.4712,37.48503],[-121.46921,37.48936],[-121.47094,37.49118],[-121.47376,37.49278],[-121.4759,37.49527],[-121.47936,37.49648],[-121.48074,37.49978],[-121.48206,37.50144],[-121.48659,37.50139],[-121.48938,37.50214],[-121.49318,37.50242],[-121.49602,37.50494],[-121.49538,37.50813],[-121.49668,37.50921],[-121.49723,37.51246],[-121.49987,37.51511],[-121.49994,37.51624],[-121.50237,37.51847],[-121.49958,37.52014],[-121.49827,37.52243],[-121.50147,37.525],[-121.5034,37.5256],[-121.50637,37.52555],[-121.50788,37.52477],[-121.51151,37.52508],[-121.51367,37.52476],[-121.51675,37.52551],[-121.51913,37.52445],[-121.52233,37.5247],[-121.52386,37.52621],[-121.52789,37.52739],[-121.52882,37.52806],[-121.5299,37.52705],[-121.53362,37.52889],[-121.53619,37.52908],[-121.53708,37.52975],[-121.53942,37.52958],[-121.54183,37.53021],[-121.54328,37.53159],[-121.54575,37.53253],[-121.54685,37.53503],[-121.54835,37.53593],[-121.55045,37.53933],[-121.55665,37.54273],[-121.55686,37.63553],[-121.55696,37.66423],[-121.55696,37.70358],[-121.55703,37.7077],[-121.55696,37.74319],[-121.55714,37.74661],[-121.55666,37.75611],[-121.5569,37.76808],[-121.55697,37.77139],[-121.55701,37.78221],[-121.55696,37.79884],[-121.55704,37.81599],[-121.557,37.81649],[-121.55694,37.81722],[-121.55507,37.81744],[-121.55331,37.81882],[-121.55208,37.8225],[-121.5525,37.82403],[-121.55115,37.8251],[-121.55224,37.82713],[-121.55197,37.83],[-121.54946,37.83357],[-121.54587,37.83234],[-121.54419,37.83255],[-121.5422,37.83379],[-121.5416,37.83542],[-121.53819,37.83743],[-121.53887,37.8393],[-121.53799,37.84091],[-121.53804,37.84295],[-121.53679,37.84418],[-121.5368,37.84626],[-121.53493,37.84754],[-121.53425,37.84989],[-121.53721,37.85084],[-121.53841,37.84925],[-121.54003,37.84884],[-121.54201,37.85131],[-121.54136,37.85311],[-121.54148,37.85522],[-121.54035,37.85672],[-121.54112,37.85775],[-121.5475,37.85523],[-121.54899,37.85625],[-121.55168,37.8604],[-121.55312,37.86096],[-121.55374,37.85923],[-121.55525,37.85801],[-121.55925,37.85885],[-121.56033,37.8586],[-121.5623,37.85568],[-121.56122,37.85428],[-121.56198,37.85314],[-121.56261,37.85335],[-121.5659,37.85786],[-121.56802,37.85704],[-121.57059,37.85801],[-121.56829,37.86],[-121.56981,37.86069],[-121.57179,37.86048],[-121.57559,37.85928],[-121.57757,37.85795],[-121.57896,37.8585],[-121.5795,37.86107],[-121.57546,37.86312],[-121.5738,37.86432],[-121.57339,37.86575],[-121.57514,37.86771],[-121.57883,37.86995],[-121.57942,37.8723],[-121.57819,37.87548],[-121.57387,37.88339],[-121.57592,37.88755],[-121.57553,37.88898],[-121.57496,37.88945],[-121.5699,37.89086],[-121.56768,37.89243],[-121.5664,37.89521],[-121.5659,37.89767],[-121.56695,37.89991],[-121.56816,37.90102],[-121.57177,37.9025],[-121.57263,37.90467],[-121.57092,37.90596],[-121.56477,37.90901],[-121.56329,37.9106],[-121.56321,37.91222],[-121.56592,37.9161],[-121.56511,37.91917],[-121.56186,37.92044],[-121.55826,37.92138],[-121.55642,37.9233],[-121.55849,37.92621],[-121.5589,37.92793],[-121.55727,37.93225],[-121.56145,37.93588],[-121.56194,37.93761],[-121.56088,37.93988],[-121.56147,37.94155],[-121.56323,37.94268],[-121.56341,37.94427],[-121.56191,37.94488],[-121.55817,37.94538],[-121.55758,37.9465],[-121.55818,37.94737],[-121.56068,37.94758],[-121.56364,37.94611],[-121.56555,37.94417],[-121.56741,37.94398],[-121.5686,37.94546],[-121.56899,37.94762],[-121.56851,37.94917],[-121.56369,37.95351],[-121.56411,37.95511],[-121.56526,37.95511],[-121.57359,37.95376],[-121.57519,37.95504],[-121.57514,37.95624],[-121.5745,37.95694],[-121.57158,37.95753],[-121.56796,37.95748],[-121.56559,37.95779],[-121.56514,37.95985],[-121.56639,37.96099],[-121.57012,37.96326],[-121.57371,37.96643],[-121.57415,37.97181],[-121.57555,37.97367],[-121.57784,37.9746],[-121.57994,37.97611],[-121.57999,37.97697],[-121.57696,37.97776],[-121.57424,37.97742],[-121.57271,37.97809],[-121.57239,37.97904],[-121.57358,37.98031],[-121.57953,37.98155],[-121.58246,37.98392],[-121.58102,37.98952],[-121.58003,37.99103],[-121.57715,37.99339],[-121.57608,37.99486],[-121.57736,37.99713],[-121.5791,37.99787],[-121.57894,37.99855],[-121.57783,37.99903],[-121.57056,37.99903],[-121.56898,38.00139],[-121.5691,38.00279],[-121.57096,38.00329],[-121.57485,38.00308],[-121.57758,38.0036],[-121.57871,38.00425],[-121.57984,38.00644],[-121.57991,38.00778],[-121.57788,38.01082],[-121.5733,38.01172],[-121.56815,38.01138],[-121.56687,38.01271],[-121.56696,38.01353],[-121.56903,38.0148],[-121.57101,38.01526],[-121.57279,38.01691],[-121.57205,38.01841],[-121.57028,38.01868],[-121.56643,38.01807],[-121.56449,38.01661],[-121.56107,38.01544],[-121.55832,38.01573],[-121.55755,38.01704],[-121.55884,38.01943],[-121.56126,38.02154],[-121.5633,38.02391],[-121.56449,38.02622],[-121.56423,38.0297],[-121.56567,38.03072],[-121.56811,38.0308],[-121.57082,38.02976],[-121.57181,38.03138],[-121.57103,38.03524],[-121.57082,38.038],[-121.57127,38.0401],[-121.57217,38.04141],[-121.57415,38.04279],[-121.57604,38.04299],[-121.57763,38.04296],[-121.58018,38.04127],[-121.58079,38.03879],[-121.57795,38.03382],[-121.57993,38.03212],[-121.58169,38.03236],[-121.58358,38.03438],[-121.58439,38.03603],[-121.58508,38.04027],[-121.58472,38.04355],[-121.5823,38.05144]]]}},{"type":"Feature","properties":{"name":"Via West Sacramento","boundary_type":"places","source":"Census TIGER place","fidelity":"approximate","updated":"2026-09","units":"West Sacramento city; Sacramento city","note":"Primary service in City of West Sacramento (citywide). Expanded Oct 2024 to pilot zones at Downtown Sacramento locations; exact zones not specified in available text.","confidence":0.5},"geometry":{"type":"Polygon","coordinates":[[[-121.585,38.54924],[-121.5829,38.551],[-121.58323,38.57323],[-121.5829,38.57349],[-121.58289,38.57624],[-121.58277,38.57875],[-121.57049,38.58264],[-121.57262,38.58941],[-121.57087,38.59063],[-121.57381,38.59391],[-121.5758,38.59688],[-121.57617,38.59767],[-121.57244,38.59823],[-121.5612,38.60137],[-121.55578,38.60272],[-121.55386,38.60359],[-121.54987,38.5994],[-121.54789,38.59877],[-121.54457,38.5977],[-121.54349,38.59851],[-121.54517,38.59971],[-121.54721,38.59974],[-121.54353,38.60514],[-121.53812,38.61302],[-121.53643,38.61472],[-121.53009,38.61832],[-121.52405,38.62149],[-121.52488,38.62277],[-121.53369,38.62756],[-121.54535,38.62726],[-121.54536,38.63091],[-121.53736,38.63093],[-121.53575,38.6365],[-121.53751,38.63874],[-121.53907,38.64179],[-121.53969,38.64211],[-121.54474,38.64352],[-121.54615,38.64257],[-121.54896,38.64304],[-121.54998,38.64208],[-121.55247,38.64336],[-121.55527,38.64913],[-121.55807,38.65497],[-121.56012,38.65634],[-121.55734,38.65555],[-121.55049,38.65562],[-121.5502,38.66417],[-121.55022,38.66438],[-121.55005,38.66544],[-121.55009,38.67106],[-121.5579,38.67106],[-121.55789,38.67136],[-121.5579,38.67806],[-121.55788,38.6856],[-121.54032,38.68551],[-121.53126,38.6855],[-121.51603,38.6852],[-121.50742,38.68522],[-121.4936,38.68522],[-121.48562,38.68519],[-121.48553,38.67576],[-121.48467,38.67435],[-121.47838,38.67093],[-121.4771,38.67],[-121.47538,38.66996],[-121.4661,38.6699],[-121.44743,38.6692],[-121.42914,38.66911],[-121.41762,38.669],[-121.41526,38.66898],[-121.4153,38.65831],[-121.41752,38.6601],[-121.41993,38.66004],[-121.42223,38.65803],[-121.42164,38.65452],[-121.42164,38.65272],[-121.42341,38.65101],[-121.4199,38.65097],[-121.41759,38.64995],[-121.4176,38.6472],[-121.41068,38.64713],[-121.41057,38.63989],[-121.40561,38.6398],[-121.40404,38.63979],[-121.40315,38.64061],[-121.40246,38.64061],[-121.3887,38.64368],[-121.38326,38.64219],[-121.3832,38.63989],[-121.38201,38.64102],[-121.37896,38.64076],[-121.37691,38.64259],[-121.37243,38.64457],[-121.37027,38.64361],[-121.36712,38.644],[-121.36663,38.64464],[-121.3663,38.64476],[-121.36607,38.64455],[-121.36516,38.64377],[-121.36417,38.64457],[-121.36313,38.64418],[-121.36433,38.64218],[-121.36591,38.64173],[-121.36631,38.64189],[-121.36767,38.64227],[-121.36961,38.64169],[-121.37528,38.63998],[-121.38294,38.63715],[-121.39217,38.6336],[-121.40138,38.63007],[-121.41065,38.62647],[-121.41107,38.62616],[-121.41528,38.62454],[-121.41528,38.61817],[-121.41969,38.6201],[-121.4197,38.61861],[-121.41992,38.61785],[-121.41993,38.61093],[-121.41994,38.60863],[-121.41995,38.59608],[-121.41999,38.59608],[-121.42,38.58894],[-121.41995,38.582],[-121.42006,38.58138],[-121.41993,38.58059],[-121.42169,38.57744],[-121.42133,38.57728],[-121.41599,38.57533],[-121.41534,38.57535],[-121.41534,38.57487],[-121.41475,38.57495],[-121.41329,38.57434],[-121.41123,38.57432],[-121.40523,38.5707],[-121.4052,38.57205],[-121.40149,38.57148],[-121.39657,38.57068],[-121.39747,38.56798],[-121.39979,38.56784],[-121.40022,38.56354],[-121.39836,38.5628],[-121.39333,38.56406],[-121.38285,38.56676],[-121.38264,38.56411],[-121.38217,38.56281],[-121.37947,38.55885],[-121.37512,38.55309],[-121.37846,38.55152],[-121.37886,38.54707],[-121.38635,38.54704],[-121.38631,38.5431],[-121.37095,38.53876],[-121.371,38.53514],[-121.37035,38.52966],[-121.37029,38.52524],[-121.36842,38.52525],[-121.36839,38.52394],[-121.36741,38.52396],[-121.36736,38.5221],[-121.36986,38.52209],[-121.36989,38.51924],[-121.3679,38.51924],[-121.3679,38.51814],[-121.36283,38.51816],[-121.36274,38.51395],[-121.36994,38.51393],[-121.36994,38.51137],[-121.37181,38.50736],[-121.3722,38.50344],[-121.37548,38.50403],[-121.37893,38.5034],[-121.39055,38.50339],[-121.39055,38.50069],[-121.39515,38.50067],[-121.39521,38.50338],[-121.39937,38.50337],[-121.40904,38.50348],[-121.40904,38.50333],[-121.40898,38.49968],[-121.41535,38.49965],[-121.41552,38.50114],[-121.41595,38.50324],[-121.41668,38.50324],[-121.42207,38.50323],[-121.42286,38.50367],[-121.42294,38.50422],[-121.4274,38.50469],[-121.42971,38.504],[-121.4332,38.50478],[-121.43245,38.50324],[-121.43704,38.50321],[-121.43681,38.50735],[-121.43685,38.51049],[-121.44514,38.51046],[-121.4452,38.51209],[-121.44146,38.51214],[-121.44156,38.51767],[-121.43923,38.5177],[-121.43976,38.51882],[-121.44015,38.51967],[-121.44197,38.52363],[-121.44438,38.52362],[-121.4444,38.52496],[-121.44941,38.52492],[-121.45032,38.52492],[-121.45277,38.52492],[-121.4528,38.52896],[-121.45572,38.53059],[-121.45282,38.53138],[-121.45362,38.53138],[-121.45362,38.53218],[-121.45544,38.53219],[-121.45545,38.5337],[-121.45337,38.5337],[-121.45336,38.53218],[-121.44594,38.5322],[-121.4474,38.53517],[-121.44971,38.53942],[-121.45549,38.53944],[-121.45912,38.53944],[-121.46009,38.53945],[-121.46009,38.53402],[-121.46122,38.53351],[-121.46471,38.53346],[-121.4647,38.53214],[-121.46232,38.53214],[-121.46232,38.52569],[-121.46164,38.52491],[-121.46463,38.52495],[-121.46585,38.52494],[-121.46525,38.5243],[-121.4669,38.52327],[-121.46702,38.52249],[-121.46878,38.52248],[-121.47015,38.5249],[-121.47175,38.52489],[-121.47097,38.52165],[-121.47094,38.5215],[-121.46637,38.5215],[-121.46666,38.51933],[-121.46537,38.51906],[-121.46532,38.51871],[-121.46592,38.51764],[-121.46971,38.51761],[-121.47755,38.51769],[-121.47526,38.51033],[-121.47302,38.50309],[-121.47223,38.50059],[-121.46777,38.5006],[-121.46451,38.50317],[-121.4645,38.50026],[-121.46154,38.50028],[-121.46142,38.50004],[-121.45927,38.49601],[-121.4569,38.49154],[-121.45498,38.48754],[-121.4541,38.48517],[-121.44723,38.48517],[-121.44721,38.48376],[-121.44443,38.48425],[-121.44085,38.48489],[-121.44071,38.48156],[-121.43076,38.48162],[-121.42776,38.47877],[-121.42643,38.47753],[-121.42044,38.4775],[-121.41897,38.47434],[-121.41549,38.46723],[-121.41469,38.46523],[-121.4113,38.45813],[-121.41065,38.45678],[-121.40861,38.45261],[-121.406,38.44704],[-121.40498,38.44478],[-121.40402,38.44266],[-121.40314,38.44029],[-121.40348,38.43789],[-121.40468,38.43802],[-121.41776,38.438],[-121.42103,38.43803],[-121.43284,38.43794],[-121.43615,38.43794],[-121.43619,38.44146],[-121.44499,38.44148],[-121.44465,38.44718],[-121.44465,38.4488],[-121.44486,38.45211],[-121.44547,38.45511],[-121.4487,38.45531],[-121.44865,38.4524],[-121.45435,38.45231],[-121.4521,38.45729],[-121.44591,38.45731],[-121.44636,38.45964],[-121.45066,38.4604],[-121.45704,38.46218],[-121.46047,38.46158],[-121.46104,38.46344],[-121.46151,38.46357],[-121.46121,38.46144],[-121.461,38.46007],[-121.46067,38.45882],[-121.46442,38.45978],[-121.47509,38.45973],[-121.47664,38.45904],[-121.4773,38.4587],[-121.47777,38.45841],[-121.47759,38.45758],[-121.47892,38.4563],[-121.48253,38.45622],[-121.48251,38.45782],[-121.49307,38.45643],[-121.49426,38.4586],[-121.49464,38.45853],[-121.49969,38.45772],[-121.50115,38.45914],[-121.50178,38.46152],[-121.50062,38.4617],[-121.50141,38.46578],[-121.50312,38.46719],[-121.50322,38.46974],[-121.50413,38.46969],[-121.50509,38.46956],[-121.50608,38.47095],[-121.50887,38.47281],[-121.51188,38.47367],[-121.51732,38.4745],[-121.52145,38.4744],[-121.52934,38.47387],[-121.53334,38.47383],[-121.53858,38.47457],[-121.54272,38.47645],[-121.54429,38.47765],[-121.54733,38.48129],[-121.54841,38.48251],[-121.55593,38.49285],[-121.55827,38.49636],[-121.5588,38.49748],[-121.55904,38.49959],[-121.5587,38.50194],[-121.57565,38.50403],[-121.58253,38.50542],[-121.58242,38.50447],[-121.58222,38.50269],[-121.58458,38.50269],[-121.58768,38.50271],[-121.58834,38.51546],[-121.58815,38.54234],[-121.58748,38.54499],[-121.585,38.54924]],[[-121.5348,38.60295],[-121.53481,38.60513],[-121.53645,38.60471],[-121.53754,38.60423],[-121.54053,38.60239],[-121.54055,38.60077],[-121.53907,38.6019],[-121.5348,38.60295]],[[-121.49323,38.64198],[-121.4932,38.63773],[-121.48934,38.63918],[-121.48416,38.64002],[-121.47781,38.64079],[-121.47777,38.64196],[-121.47549,38.64583],[-121.47549,38.64957],[-121.47501,38.64957],[-121.475,38.64987],[-121.47613,38.65523],[-121.47639,38.65655],[-121.4822,38.65648],[-121.48406,38.6563],[-121.49327,38.65623],[-121.49323,38.64943],[-121.5027,38.64931],[-121.50271,38.64663],[-121.50256,38.642],[-121.49323,38.64198]]]}},{"type":"Feature","properties":{"name":"Visalia Connect","boundary_type":"city","source":"Census TIGER place","fidelity":"exact","updated":"2026-09","units":"Visalia city","note":"Microtransit service within city of Visalia.","confidence":0.9},"geometry":{"type":"MultiPolygon","coordinates":[[[[-119.46548,36.29783],[-119.47437,36.29789],[-119.47482,36.30512],[-119.46585,36.30508],[-119.46548,36.29783]]],[[[-119.38632,36.29822],[-119.40327,36.29799],[-119.41917,36.29791],[-119.41918,36.29872],[-119.42128,36.29872],[-119.42144,36.31251],[-119.39561,36.3126],[-119.38842,36.3017],[-119.38632,36.29822]]],[[[-119.40353,36.34362],[-119.40359,36.35636],[-119.4036,36.35979],[-119.40364,36.37086],[-119.39471,36.37085],[-119.38578,36.37085],[-119.38569,36.35639],[-119.37678,36.35644],[-119.37673,36.3528],[-119.36778,36.35283],[-119.36782,36.35649],[-119.35888,36.35651],[-119.35922,36.36365],[-119.35018,36.36361],[-119.35012,36.36196],[-119.3455,36.36196],[-119.3455,36.36377],[-119.33656,36.36377],[-119.33656,36.36558],[-119.33209,36.36558],[-119.31879,36.36553],[-119.31877,36.36373],[-119.30261,36.36365],[-119.3026,36.36459],[-119.29914,36.36458],[-119.29913,36.36365],[-119.29705,36.36365],[-119.29705,36.36445],[-119.29695,36.36445],[-119.29427,36.36528],[-119.29159,36.36727],[-119.28915,36.36766],[-119.28867,36.36742],[-119.28855,36.36818],[-119.28855,36.36735],[-119.28825,36.36695],[-119.28791,36.35975],[-119.28517,36.35657],[-119.28318,36.35636],[-119.28321,36.35515],[-119.28321,36.35389],[-119.27896,36.35265],[-119.27896,36.35268],[-119.27709,36.35272],[-119.27326,36.35214],[-119.2693,36.34842],[-119.26433,36.34792],[-119.26433,36.34747],[-119.26097,36.34749],[-119.26105,36.34775],[-119.26106,36.34918],[-119.24316,36.34925],[-119.24313,36.34287],[-119.24313,36.34285],[-119.24301,36.33456],[-119.23392,36.33447],[-119.23384,36.32718],[-119.23382,36.32691],[-119.23564,36.32675],[-119.24513,36.32679],[-119.24507,36.32351],[-119.24283,36.32349],[-119.24261,36.31259],[-119.24349,36.31259],[-119.24734,36.31263],[-119.24749,36.30745],[-119.25167,36.30747],[-119.2517,36.30895],[-119.25618,36.30894],[-119.25627,36.30574],[-119.26058,36.30581],[-119.26089,36.29836],[-119.26095,36.29823],[-119.27853,36.29812],[-119.27875,36.29304],[-119.28278,36.29243],[-119.28272,36.29799],[-119.28718,36.29799],[-119.28784,36.29171],[-119.28902,36.29158],[-119.29181,36.29168],[-119.29638,36.29146],[-119.3088,36.29133],[-119.30875,36.28766],[-119.31267,36.28756],[-119.31344,36.28553],[-119.31344,36.28512],[-119.31264,36.28398],[-119.30559,36.2843],[-119.30546,36.27704],[-119.3086,36.27699],[-119.30857,36.27512],[-119.30984,36.27506],[-119.30984,36.27373],[-119.31117,36.27367],[-119.31115,36.26953],[-119.3132,36.26944],[-119.31336,36.26943],[-119.31343,36.2767],[-119.31792,36.27668],[-119.318,36.28572],[-119.32246,36.28558],[-119.32249,36.28757],[-119.32248,36.29109],[-119.32713,36.29109],[-119.32711,36.28926],[-119.33139,36.28921],[-119.33143,36.29096],[-119.33592,36.29107],[-119.34372,36.29101],[-119.34529,36.2911],[-119.34935,36.29108],[-119.34937,36.2946],[-119.35385,36.29458],[-119.35387,36.2982],[-119.35379,36.2982],[-119.35392,36.30183],[-119.35841,36.30181],[-119.35846,36.30544],[-119.35848,36.30721],[-119.36073,36.3072],[-119.36075,36.30906],[-119.36748,36.30903],[-119.36753,36.31268],[-119.37884,36.31261],[-119.379,36.31031],[-119.37678,36.30902],[-119.37408,36.30903],[-119.37405,36.30639],[-119.37157,36.30492],[-119.37576,36.30151],[-119.37728,36.30316],[-119.38089,36.30315],[-119.38091,36.30542],[-119.38979,36.30539],[-119.39194,36.30881],[-119.39379,36.31395],[-119.39508,36.31625],[-119.39786,36.31624],[-119.40357,36.32494],[-119.40347,36.32659],[-119.40347,36.32769],[-119.40348,36.32836],[-119.40575,36.3294],[-119.40711,36.3308],[-119.39901,36.33083],[-119.39902,36.33446],[-119.39678,36.33446],[-119.39678,36.33663],[-119.39928,36.33663],[-119.39927,36.33446],[-119.40939,36.33441],[-119.41032,36.33564],[-119.41442,36.3417],[-119.40575,36.34186],[-119.40686,36.34448],[-119.40353,36.34362]],[[-119.37918,36.32868],[-119.38077,36.3274],[-119.36997,36.3275],[-119.36827,36.32792],[-119.36765,36.32916],[-119.36766,36.33689],[-119.37068,36.33687],[-119.37068,36.33825],[-119.38111,36.33818],[-119.38109,36.33445],[-119.38558,36.33445],[-119.38552,36.33087],[-119.38269,36.33088],[-119.38272,36.32822],[-119.37918,36.32868]],[[-119.37656,36.32177],[-119.37655,36.31995],[-119.38103,36.31994],[-119.38098,36.31272],[-119.36753,36.31332],[-119.36683,36.31502],[-119.36345,36.31637],[-119.35859,36.31635],[-119.35861,36.3271],[-119.36627,36.32654],[-119.36807,36.32489],[-119.36874,36.32623],[-119.3716,36.32679],[-119.38107,36.32659],[-119.38046,36.32359],[-119.37818,36.32359],[-119.37817,36.32177],[-119.37656,36.32177]],[[-119.35068,36.30148],[-119.35065,36.29889],[-119.3494,36.2989],[-119.34946,36.30149],[-119.35068,36.30148]],[[-119.34999,36.352],[-119.35003,36.34923],[-119.34769,36.34922],[-119.34769,36.35199],[-119.34999,36.352]],[[-119.34526,36.33095],[-119.3475,36.33098],[-119.34748,36.32956],[-119.34669,36.32976],[-119.34524,36.32934],[-119.34526,36.33095]],[[-119.34109,36.34992],[-119.34108,36.35105],[-119.34113,36.35278],[-119.34111,36.35287],[-119.34547,36.35289],[-119.34546,36.35107],[-119.34217,36.35105],[-119.34216,36.34988],[-119.34109,36.34992]],[[-119.33202,36.35273],[-119.33744,36.35276],[-119.33744,36.34912],[-119.33202,36.34914],[-119.33194,36.34914],[-119.33202,36.35273]],[[-119.30846,36.29655],[-119.30783,36.2959],[-119.30704,36.29618],[-119.30649,36.29708],[-119.30649,36.29773],[-119.30843,36.29776],[-119.30844,36.29839],[-119.31006,36.29842],[-119.31014,36.29779],[-119.30882,36.29777],[-119.30882,36.29634],[-119.30846,36.29655]],[[-119.25675,36.33083],[-119.25483,36.33289],[-119.25484,36.33372],[-119.2564,36.33373],[-119.2564,36.33324],[-119.25898,36.33176],[-119.26071,36.33135],[-119.26071,36.33119],[-119.26071,36.33097],[-119.25858,36.33095],[-119.25775,36.33121],[-119.25675,36.33083]],[[-119.24969,36.33837],[-119.24967,36.33461],[-119.24538,36.33458],[-119.24533,36.34228],[-119.24585,36.34218],[-119.24796,36.34207],[-119.25106,36.34204],[-119.25103,36.34016],[-119.24756,36.34018],[-119.24754,36.33838],[-119.24969,36.33837]]]]}},{"type":"Feature","properties":{"name":"Whittier On-Demand Transit Pilot","boundary_type":"places","source":"Census TIGER place","fidelity":"exact","updated":"2026-09","units":"Whittier city; La Habra Heights city","note":"Pilot covers Whittier and La Habra Heights communities","confidence":0.9},"geometry":{"type":"MultiPolygon","coordinates":[[[[-117.96645,33.97258],[-117.95791,33.97255],[-117.95496,33.97329],[-117.95065,33.97437],[-117.94961,33.97646],[-117.94223,33.97475],[-117.93435,33.97293],[-117.93299,33.97262],[-117.91639,33.96876],[-117.91648,33.96854],[-117.9177,33.9656],[-117.92581,33.94608],[-117.92742,33.94608],[-117.92597,33.94745],[-117.9259,33.94792],[-117.92739,33.94793],[-117.92814,33.9471],[-117.92915,33.94608],[-117.93162,33.94608],[-117.94185,33.94608],[-117.9461,33.94608],[-117.95046,33.94607],[-117.95429,33.94607],[-117.95422,33.94821],[-117.95346,33.94811],[-117.95412,33.9497],[-117.96228,33.94973],[-117.96469,33.94858],[-117.96478,33.94605],[-117.96669,33.94606],[-117.9679,33.94606],[-117.97071,33.94604],[-117.9765,33.94605],[-117.97651,33.93992],[-117.97651,33.93984],[-117.97652,33.93676],[-117.97652,33.93629],[-117.97653,33.93187],[-117.97654,33.92817],[-117.97653,33.92803],[-117.98168,33.92828],[-117.98544,33.92973],[-117.98544,33.92965],[-117.98999,33.93186],[-117.99324,33.9311],[-117.99453,33.93082],[-118.00084,33.92934],[-118.00083,33.93524],[-118.00299,33.93522],[-118.00319,33.9381],[-118.00543,33.93923],[-118.0115,33.94211],[-118.02017,33.94621],[-118.02537,33.94867],[-118.0305,33.95109],[-118.03508,33.95323],[-118.04142,33.95463],[-118.04563,33.95534],[-118.04282,33.9534],[-118.04567,33.95056],[-118.04962,33.95327],[-118.04726,33.9556],[-118.05309,33.95661],[-118.05301,33.95671],[-118.05086,33.95887],[-118.05213,33.95975],[-118.05582,33.96152],[-118.05486,33.96176],[-118.05536,33.96601],[-118.05492,33.96818],[-118.0519,33.96755],[-118.05113,33.96992],[-118.05281,33.97132],[-118.05206,33.9723],[-118.05367,33.97432],[-118.05226,33.97602],[-118.05336,33.97759],[-118.05201,33.97897],[-118.05275,33.97949],[-118.05103,33.98123],[-118.05288,33.98235],[-118.05517,33.98229],[-118.05367,33.98275],[-118.05718,33.98531],[-118.06051,33.98754],[-118.06251,33.98549],[-118.06525,33.9882],[-118.06644,33.98698],[-118.06321,33.98477],[-118.06401,33.98396],[-118.06754,33.98638],[-118.06405,33.98993],[-118.06557,33.99101],[-118.06598,33.99062],[-118.06712,33.99139],[-118.0669,33.99175],[-118.06702,33.99197],[-118.06667,33.99233],[-118.06479,33.99472],[-118.06742,33.99315],[-118.06993,33.99379],[-118.07078,33.99291],[-118.0723,33.99322],[-118.07127,33.9948],[-118.07072,33.99443],[-118.07007,33.99519],[-118.07067,33.99657],[-118.06841,33.9957],[-118.06768,33.99442],[-118.06637,33.99576],[-118.06781,33.99673],[-118.06727,33.99775],[-118.0637,33.99532],[-118.06332,33.99677],[-118.06627,33.99881],[-118.06708,34.00034],[-118.06611,34.00186],[-118.06521,34.00281],[-118.06208,34.00534],[-118.05625,34.00217],[-118.05615,34.00367],[-118.05402,34.00349],[-118.0506,34.00176],[-118.04646,34.00171],[-118.04605,34.00089],[-118.03733,34.00079],[-118.03735,34.00383],[-118.02942,34.00378],[-118.02863,33.98995],[-118.02138,33.98973],[-118.01973,33.98968],[-118.01979,33.98612],[-118.01101,33.98603],[-118.00665,33.98603],[-118.00675,33.9824],[-117.99357,33.98241],[-117.9936,33.98172],[-117.99367,33.97883],[-117.99376,33.97516],[-117.98951,33.97514],[-117.98506,33.97512],[-117.98442,33.9751],[-117.97665,33.97509],[-117.97666,33.97483],[-117.96878,33.97257],[-117.96645,33.97258]],[[-118.02528,33.98752],[-118.02309,33.98854],[-118.02377,33.98881],[-118.02444,33.98874],[-118.02478,33.98861],[-118.0263,33.98836],[-118.02831,33.98812],[-118.0283,33.9876],[-118.02781,33.98746],[-118.02781,33.98705],[-118.02528,33.98752]],[[-118.01564,33.97619],[-118.01564,33.97709],[-118.01782,33.9771],[-118.01846,33.9753],[-118.01714,33.97529],[-118.01715,33.9762],[-118.01564,33.97619]]],[[[-118.05599,34.03023],[-118.05442,34.02786],[-118.05257,34.02758],[-118.05374,34.02676],[-118.05453,34.02342],[-118.05774,34.02465],[-118.05596,34.02781],[-118.05549,34.02794],[-118.05618,34.03019],[-118.05599,34.03023]]]]}},{"type":"Feature","properties":{"name":"Yuba-Sutter Transit MOD","boundary_type":"places","source":"Census TIGER place","fidelity":"exact","updated":"2026-09","units":"Linda CDP; Olivehurst CDP","note":"Microtransit service in Linda and Olivehurst","confidence":0.85},"geometry":{"type":"Polygon","coordinates":[[[-121.54529,39.09878],[-121.53374,39.08509],[-121.5321,39.08345],[-121.52413,39.07776],[-121.52447,39.07759],[-121.52333,39.07671],[-121.52336,39.07291],[-121.52438,39.07228],[-121.52837,39.06928],[-121.53245,39.06862],[-121.53388,39.06758],[-121.53513,39.0644],[-121.53701,39.06156],[-121.53728,39.05718],[-121.53786,39.0549],[-121.53999,39.05201],[-121.5404,39.04993],[-121.54331,39.04615],[-121.5433,39.05261],[-121.54377,39.05572],[-121.54783,39.05535],[-121.56004,39.05524],[-121.56007,39.05533],[-121.57899,39.05486],[-121.57892,39.06935],[-121.57887,39.09472],[-121.58421,39.09469],[-121.58477,39.09442],[-121.58598,39.09777],[-121.58634,39.09987],[-121.5862,39.10344],[-121.58672,39.10692],[-121.5863,39.10848],[-121.58365,39.11266],[-121.58371,39.11328],[-121.58818,39.12448],[-121.58857,39.12615],[-121.58857,39.12658],[-121.58582,39.12975],[-121.57703,39.12995],[-121.57498,39.12967],[-121.5668,39.12965],[-121.55307,39.13407],[-121.55237,39.13448],[-121.55224,39.1346],[-121.55245,39.13552],[-121.54926,39.13548],[-121.54268,39.13768],[-121.53841,39.13954],[-121.53301,39.14285],[-121.53058,39.14407],[-121.53007,39.14961],[-121.52973,39.1503],[-121.52756,39.15024],[-121.52785,39.1494],[-121.52428,39.15035],[-121.5154,39.15023],[-121.51528,39.14369],[-121.5116,39.14373],[-121.51139,39.14265],[-121.5123,39.1423],[-121.51033,39.14221],[-121.51028,39.1359],[-121.50785,39.13587],[-121.50953,39.1329],[-121.50947,39.12966],[-121.50497,39.12971],[-121.5049,39.12846],[-121.49573,39.12857],[-121.49581,39.11418],[-121.51532,39.11401],[-121.51532,39.11332],[-121.51767,39.11397],[-121.52371,39.11384],[-121.52445,39.11385],[-121.5424,39.11359],[-121.54503,39.11352],[-121.55755,39.11328],[-121.54967,39.10397],[-121.54529,39.09878]]]}},{"type":"Feature","properties":{"name":"Yurok Tribe Transit Services - Demand Response","boundary_type":"tribal","source":"Census TIGER AIANNH area","fidelity":"exact","updated":"2026-09","units":"Yurok Reservation","note":"Service covers Yurok Ancestral Territory including Klamath, Weitchpec, and Requa vicinity in Del Norte/Humboldt Counties","confidence":0.8},"geometry":{"type":"Polygon","coordinates":[[[-124.09176,41.56119],[-124.09017,41.56117],[-124.07398,41.56103],[-124.07283,41.56102],[-124.04524,41.56047],[-124.04535,41.55724],[-124.04037,41.5568],[-124.04045,41.55327],[-124.03693,41.55321],[-124.03696,41.55158],[-124.03702,41.54798],[-124.03637,41.54754],[-124.03586,41.54611],[-124.02751,41.54617],[-124.02752,41.54255],[-124.02265,41.54266],[-124.02262,41.53924],[-124.02266,41.53539],[-124.02076,41.53544],[-124.01775,41.5355],[-124.01772,41.53919],[-124.01292,41.53932],[-123.99373,41.53921],[-123.99374,41.53551],[-123.98812,41.5347],[-123.9882,41.531],[-123.98356,41.53062],[-123.98351,41.52708],[-123.97885,41.52665],[-123.96005,41.5275],[-123.96013,41.5238],[-123.95534,41.52388],[-123.95529,41.52025],[-123.95048,41.52033],[-123.95043,41.51668],[-123.94783,41.51671],[-123.94687,41.51673],[-123.94566,41.51675],[-123.94561,41.51153],[-123.94561,41.50567],[-123.94566,41.4986],[-123.94088,41.49859],[-123.94086,41.49495],[-123.93613,41.49491],[-123.93632,41.48753],[-123.93165,41.48748],[-123.93172,41.48386],[-123.92711,41.48383],[-123.9271,41.4766],[-123.92225,41.47659],[-123.92199,41.46936],[-123.91951,41.46939],[-123.91749,41.46942],[-123.91721,41.46569],[-123.91301,41.46567],[-123.91273,41.46566],[-123.91276,41.46514],[-123.91364,41.44681],[-123.90897,41.44656],[-123.90981,41.43542],[-123.91013,41.39892],[-123.90546,41.39875],[-123.90542,41.3915],[-123.8959,41.39148],[-123.89588,41.38778],[-123.89112,41.38778],[-123.89116,41.3841],[-123.88638,41.38406],[-123.88646,41.37677],[-123.88183,41.37671],[-123.88187,41.37313],[-123.8723,41.37308],[-123.87236,41.36827],[-123.8724,41.36587],[-123.8676,41.36584],[-123.86766,41.36245],[-123.85726,41.36199],[-123.85726,41.35842],[-123.84651,41.35791],[-123.842,41.35791],[-123.84202,41.35062],[-123.8371,41.35062],[-123.8371,41.34978],[-123.83709,41.34333],[-123.83212,41.34333],[-123.83207,41.33605],[-123.83704,41.33606],[-123.83709,41.32514],[-123.83208,41.32507],[-123.8321,41.32143],[-123.82709,41.32136],[-123.82711,41.31407],[-123.83211,41.31413],[-123.83218,41.30684],[-123.83719,41.30689],[-123.83714,41.29953],[-123.84201,41.29952],[-123.84196,41.2969],[-123.84189,41.29382],[-123.80785,41.29375],[-123.80781,41.29018],[-123.803,41.29016],[-123.80294,41.2866],[-123.78331,41.28648],[-123.78333,41.28269],[-123.78196,41.28268],[-123.77863,41.28264],[-123.77868,41.27881],[-123.76462,41.27883],[-123.76431,41.27161],[-123.75956,41.27157],[-123.75954,41.26803],[-123.75482,41.26813],[-123.7544,41.22774],[-123.74983,41.22797],[-123.74978,41.22041],[-123.74502,41.2203],[-123.74507,41.21684],[-123.74037,41.21711],[-123.74048,41.21359],[-123.73582,41.21371],[-123.73569,41.21002],[-123.72592,41.21006],[-123.72588,41.20637],[-123.71164,41.20645],[-123.70704,41.20669],[-123.7069,41.20477],[-123.70677,41.20307],[-123.6876,41.20308],[-123.68734,41.19952],[-123.68298,41.19953],[-123.6825,41.1959],[-123.67789,41.19586],[-123.67733,41.19306],[-123.67045,41.19485],[-123.66867,41.19531],[-123.66865,41.19222],[-123.66425,41.19216],[-123.66425,41.19104],[-123.67774,41.18781],[-123.70511,41.18147],[-123.70539,41.18141],[-123.72559,41.17703],[-123.7256,41.17744],[-123.73521,41.17734],[-123.73521,41.17913],[-123.74011,41.17758],[-123.74011,41.18037],[-123.75481,41.18022],[-123.7548,41.18384],[-123.76714,41.18238],[-123.76768,41.18974],[-123.7731,41.18901],[-123.77275,41.19266],[-123.7782,41.19193],[-123.77815,41.19555],[-123.78756,41.19604],[-123.78729,41.20354],[-123.78574,41.20773],[-123.79037,41.20766],[-123.78683,41.21907],[-123.79162,41.21865],[-123.79095,41.23388],[-123.79169,41.24129],[-123.79651,41.24134],[-123.79752,41.25649],[-123.80233,41.25664],[-123.81174,41.25692],[-123.81651,41.25689],[-123.81688,41.26077],[-123.85568,41.26077],[-123.85579,41.26446],[-123.86521,41.26464],[-123.86528,41.2683],[-123.87005,41.2684],[-123.87014,41.27572],[-123.87486,41.27538],[-123.87449,41.28259],[-123.87931,41.28221],[-123.87902,41.2857],[-123.88374,41.2852],[-123.88341,41.28854],[-123.8906,41.28845],[-123.89046,41.29952],[-123.89511,41.29964],[-123.89518,41.30698],[-123.89051,41.3069],[-123.89081,41.31809],[-123.88603,41.31807],[-123.88601,41.3219],[-123.8813,41.32213],[-123.88131,41.32589],[-123.87663,41.32605],[-123.87668,41.32978],[-123.88132,41.32966],[-123.88134,41.33344],[-123.88595,41.33337],[-123.88601,41.33682],[-123.89086,41.33663],[-123.89092,41.34017],[-123.89576,41.34006],[-123.8958,41.34353],[-123.90065,41.34357],[-123.90068,41.35093],[-123.90971,41.35118],[-123.90972,41.35481],[-123.91388,41.35506],[-123.91389,41.35872],[-123.91804,41.35903],[-123.91803,41.36264],[-123.9185,41.36622],[-123.92279,41.36652],[-123.92773,41.36641],[-123.92822,41.36984],[-123.93307,41.36984],[-123.93344,41.37326],[-123.93817,41.37325],[-123.93839,41.37665],[-123.94304,41.37663],[-123.94343,41.38445],[-123.9483,41.38451],[-123.94863,41.39628],[-123.9534,41.39632],[-123.95332,41.41109],[-123.95816,41.41116],[-123.95814,41.41854],[-123.96287,41.41857],[-123.96277,41.42597],[-123.95802,41.42595],[-123.95802,41.43337],[-123.95317,41.4333],[-123.95319,41.44821],[-123.95807,41.44821],[-123.95809,41.44939],[-123.95812,41.45195],[-123.96293,41.4519],[-123.96211,41.45536],[-123.96672,41.45467],[-123.96592,41.45827],[-123.97035,41.45786],[-123.96875,41.46535],[-123.96888,41.47258],[-123.97373,41.47256],[-123.97383,41.47627],[-123.97868,41.47625],[-123.97875,41.48369],[-123.98364,41.48355],[-123.98364,41.48726],[-124.00365,41.48739],[-124.00362,41.49116],[-124.00837,41.49122],[-124.00833,41.49497],[-124.01308,41.49502],[-124.01302,41.49876],[-124.01782,41.49882],[-124.0178,41.50255],[-124.02264,41.50261],[-124.02261,41.49888],[-124.03232,41.499],[-124.04609,41.49816],[-124.04607,41.50179],[-124.05032,41.50149],[-124.0503,41.50505],[-124.05528,41.50528],[-124.05553,41.51277],[-124.0604,41.51296],[-124.06057,41.51675],[-124.0654,41.51682],[-124.06559,41.52422],[-124.08162,41.52412],[-124.08194,41.54469],[-124.08199,41.54776],[-124.08339,41.54855],[-124.08791,41.55109],[-124.0924,41.55361],[-124.09317,41.55498],[-124.09301,41.56119],[-124.09176,41.56119]],[[-124.02566,41.51176],[-124.02239,41.51176],[-124.02184,41.51106],[-124.01943,41.51132],[-124.01285,41.51358],[-124.01285,41.51365],[-124.01221,41.51364],[-124.00337,41.51345],[-124.00336,41.51714],[-124.0178,41.51729],[-124.01779,41.51546],[-124.02274,41.51543],[-124.02275,41.5172],[-124.02758,41.51673],[-124.02764,41.50855],[-124.02566,41.51176]]]}}]}