{"type":"FeatureCollection","features":[{"type":"Feature","properties":{"name":"ART On Demand (St. Lucie County)","boundary_type":"places","source":"Census TIGER place","fidelity":"exact","updated":"2026-09","units":"Port St. Lucie city; Fort Pierce city","note":"3 partial zones, not full-city coverage: Zone 1 is SW Port St. Lucie only (not the whole city); Zone 2 is the St. Lucie West/Torino area, an unincorporated CDP west of Port St. Lucie with no separately mappable Census/place boundary in this tool, so it is not drawn as its own polygon here; Zone 3 is SW Fort Pierce plus the area around Treasure Coast International Airport (not the whole city). No published zone-boundary map or acreage; only named transfer points between zones (Port St. Lucie Intermodal, Bayshore Park & Ride, Jobs Express Terminal; White City Park and a Ralls Rd point in Fort Pierce). Source: https://www.stlucieco.gov/departments-and-services/area-regional-transit/our-services/microtransit","confidence":0.6},"geometry":{"type":"MultiPolygon","coordinates":[[[[-80.48133,27.23686],[-80.48117,27.26428],[-80.48099,27.26689],[-80.48113,27.27162],[-80.48142,27.27965],[-80.48134,27.29441],[-80.46362,27.3101],[-80.45298,27.31951],[-80.45265,27.31981],[-80.45309,27.32058],[-80.46375,27.33078],[-80.46385,27.33799],[-80.46259,27.33821],[-80.46268,27.34521],[-80.46078,27.34523],[-80.46074,27.34636],[-80.46491,27.34572],[-80.46888,27.34568],[-80.46886,27.34904],[-80.46491,27.34904],[-80.46468,27.35262],[-80.46073,27.35262],[-80.46077,27.3563],[-80.45464,27.35619],[-80.45462,27.35262],[-80.4483,27.35262],[-80.44833,27.35502],[-80.44618,27.35609],[-80.44048,27.35626],[-80.44047,27.36373],[-80.44839,27.36389],[-80.45264,27.36355],[-80.45262,27.35992],[-80.45654,27.35991],[-80.45662,27.35719],[-80.46077,27.35721],[-80.46077,27.3599],[-80.46483,27.36001],[-80.47303,27.35983],[-80.47295,27.37445],[-80.44008,27.37441],[-80.44007,27.37255],[-80.43816,27.37255],[-80.43813,27.37441],[-80.43552,27.3744],[-80.43507,27.37072],[-80.43404,27.37072],[-80.43404,27.37439],[-80.42794,27.37438],[-80.42782,27.38529],[-80.42182,27.38523],[-80.42172,27.38895],[-80.4009,27.38889],[-80.39432,27.39536],[-80.39012,27.39955],[-80.3964,27.39992],[-80.3977,27.40254],[-80.3969,27.4037],[-80.39843,27.40371],[-80.40732,27.40376],[-80.4075,27.40743],[-80.40466,27.40747],[-80.40384,27.40848],[-80.40307,27.40763],[-80.4,27.40747],[-80.39507,27.40749],[-80.39505,27.40988],[-80.39788,27.40991],[-80.39827,27.41292],[-80.3991,27.41275],[-80.40128,27.41248],[-80.40531,27.41839],[-80.40331,27.41863],[-80.40328,27.42537],[-80.39909,27.42546],[-80.39699,27.42547],[-80.39697,27.42919],[-80.395,27.42919],[-80.39496,27.431],[-80.39907,27.43098],[-80.39906,27.43195],[-80.39767,27.43196],[-80.39738,27.4319],[-80.39738,27.43284],[-80.3979,27.43285],[-80.3979,27.43352],[-80.39906,27.43353],[-80.39905,27.43477],[-80.39493,27.43479],[-80.39493,27.43284],[-80.3886,27.43275],[-80.38855,27.43148],[-80.39143,27.43145],[-80.3898,27.431],[-80.3894,27.4292],[-80.38855,27.4292],[-80.3886,27.42193],[-80.38671,27.42196],[-80.38679,27.42329],[-80.38818,27.42329],[-80.38819,27.4292],[-80.38478,27.42921],[-80.3848,27.431],[-80.38274,27.43101],[-80.38275,27.44006],[-80.37782,27.44009],[-80.37657,27.44208],[-80.3766,27.44636],[-80.37469,27.44635],[-80.37468,27.44758],[-80.37427,27.44758],[-80.37424,27.45209],[-80.37234,27.45209],[-80.37236,27.45115],[-80.37322,27.45116],[-80.37275,27.44899],[-80.37275,27.44758],[-80.36617,27.44758],[-80.36618,27.44684],[-80.36928,27.44684],[-80.36927,27.44746],[-80.37295,27.44746],[-80.37294,27.44464],[-80.36932,27.44464],[-80.36936,27.44002],[-80.36617,27.44018],[-80.36415,27.44015],[-80.36414,27.44179],[-80.36095,27.44231],[-80.36085,27.44327],[-80.36244,27.44334],[-80.36214,27.44484],[-80.36384,27.44484],[-80.36472,27.44389],[-80.36518,27.44571],[-80.36418,27.4457],[-80.36491,27.44747],[-80.36252,27.44746],[-80.36282,27.4457],[-80.35806,27.44582],[-80.35809,27.44753],[-80.3597,27.44759],[-80.35876,27.44884],[-80.35855,27.44846],[-80.35809,27.44971],[-80.35906,27.44937],[-80.35919,27.44961],[-80.36055,27.4521],[-80.36008,27.4527],[-80.3581,27.45299],[-80.35797,27.46572],[-80.35385,27.46568],[-80.34968,27.46568],[-80.34959,27.4685],[-80.34566,27.46822],[-80.34569,27.4661],[-80.34436,27.46565],[-80.34184,27.46563],[-80.34209,27.4674],[-80.34149,27.46844],[-80.3392,27.46814],[-80.33916,27.46556],[-80.3341,27.46521],[-80.33358,27.4651],[-80.33288,27.46516],[-80.33151,27.46601],[-80.32998,27.46668],[-80.33042,27.46898],[-80.33336,27.46905],[-80.33229,27.46726],[-80.33299,27.46636],[-80.33451,27.46633],[-80.33693,27.46976],[-80.34107,27.46974],[-80.34157,27.47108],[-80.34316,27.47109],[-80.34361,27.4693],[-80.34564,27.46932],[-80.34505,27.47064],[-80.34628,27.47111],[-80.3461,27.46973],[-80.34766,27.47064],[-80.3491,27.46978],[-80.34868,27.47203],[-80.34958,27.4717],[-80.34957,27.47495],[-80.34907,27.47618],[-80.34763,27.47618],[-80.34765,27.47383],[-80.3466,27.47247],[-80.34713,27.47429],[-80.34559,27.47474],[-80.34613,27.47618],[-80.34459,27.47556],[-80.34509,27.47339],[-80.3428,27.47472],[-80.34107,27.47382],[-80.33975,27.47199],[-80.34005,27.47406],[-80.33853,27.47291],[-80.33854,27.47304],[-80.33933,27.47389],[-80.33744,27.47384],[-80.33699,27.4754],[-80.33648,27.47531],[-80.33422,27.47528],[-80.33375,27.4741],[-80.3319,27.47465],[-80.33139,27.47241],[-80.32934,27.47035],[-80.32505,27.47179],[-80.32715,27.4764],[-80.32904,27.48374],[-80.32676,27.4837],[-80.3259,27.48396],[-80.32129,27.48375],[-80.31864,27.48192],[-80.31708,27.48179],[-80.31372,27.48389],[-80.31275,27.47965],[-80.31093,27.47843],[-80.30382,27.47466],[-80.30116,27.47276],[-80.29727,27.47063],[-80.2964,27.47072],[-80.29574,27.46981],[-80.29139,27.47031],[-80.29075,27.46984],[-80.29074,27.46967],[-80.29062,27.46651],[-80.28706,27.4578],[-80.28271,27.44715],[-80.28048,27.44169],[-80.27839,27.43586],[-80.27708,27.4335],[-80.28143,27.4335],[-80.28145,27.43534],[-80.28483,27.43534],[-80.28388,27.43316],[-80.28504,27.43293],[-80.28612,27.43423],[-80.28517,27.43452],[-80.28548,27.43678],[-80.28559,27.4463],[-80.29301,27.4464],[-80.3135,27.44642],[-80.31313,27.44542],[-80.31,27.43824],[-80.30683,27.42929],[-80.30126,27.4165],[-80.29868,27.41042],[-80.31214,27.41058],[-80.3116,27.40935],[-80.30775,27.40938],[-80.30638,27.40602],[-80.30861,27.40641],[-80.30787,27.40738],[-80.31076,27.40739],[-80.31276,27.4074],[-80.31303,27.39967],[-80.30876,27.39964],[-80.30879,27.39847],[-80.30879,27.39835],[-80.30575,27.39832],[-80.30453,27.39594],[-80.30455,27.39127],[-80.30106,27.39081],[-80.30455,27.39085],[-80.30456,27.38862],[-80.3015,27.38859],[-80.30146,27.38498],[-80.30052,27.38499],[-80.30056,27.38132],[-80.30602,27.38133],[-80.30682,27.38123],[-80.30918,27.37991],[-80.31097,27.37878],[-80.31222,27.38134],[-80.31966,27.38135],[-80.31969,27.38046],[-80.31785,27.38045],[-80.31785,27.37951],[-80.32178,27.37952],[-80.32195,27.37778],[-80.32386,27.37779],[-80.32385,27.37686],[-80.32586,27.37686],[-80.32585,27.37654],[-80.32491,27.37578],[-80.32478,27.3742],[-80.32491,27.37421],[-80.32577,27.37055],[-80.32387,27.36957],[-80.32397,27.36695],[-80.32596,27.36695],[-80.32796,27.36695],[-80.32794,27.36838],[-80.33,27.36854],[-80.32794,27.36898],[-80.32899,27.37138],[-80.32757,27.37426],[-80.33512,27.3743],[-80.33506,27.37646],[-80.33693,27.37656],[-80.337,27.37728],[-80.33204,27.37803],[-80.33204,27.37913],[-80.33412,27.37903],[-80.33751,27.3796],[-80.33906,27.38054],[-80.33816,27.38461],[-80.33932,27.38462],[-80.33881,27.38556],[-80.3365,27.38514],[-80.33604,27.38602],[-80.33591,27.3907],[-80.33296,27.39063],[-80.33295,27.39187],[-80.33602,27.39196],[-80.33789,27.39264],[-80.33774,27.39643],[-80.34321,27.39668],[-80.34171,27.39717],[-80.34171,27.4003],[-80.34784,27.40033],[-80.34782,27.40141],[-80.34988,27.40141],[-80.34986,27.40334],[-80.34488,27.40388],[-80.3428,27.41099],[-80.3427,27.41098],[-80.34162,27.41303],[-80.34151,27.41446],[-80.34473,27.4148],[-80.34154,27.41527],[-80.34147,27.42008],[-80.34286,27.42011],[-80.34365,27.42191],[-80.34335,27.41883],[-80.3443,27.41954],[-80.34689,27.41955],[-80.34695,27.422],[-80.34805,27.42202],[-80.3481,27.42382],[-80.34362,27.4237],[-80.34364,27.42288],[-80.34151,27.42284],[-80.34148,27.42525],[-80.34821,27.42546],[-80.34817,27.42411],[-80.35031,27.42415],[-80.35011,27.41882],[-80.36026,27.41862],[-80.35615,27.41671],[-80.35606,27.41313],[-80.35389,27.41311],[-80.35396,27.41489],[-80.352,27.41485],[-80.34994,27.4142],[-80.35007,27.41758],[-80.34783,27.41755],[-80.34784,27.4184],[-80.34523,27.41834],[-80.34525,27.41744],[-80.34362,27.4178],[-80.34314,27.41614],[-80.34634,27.41482],[-80.3489,27.41486],[-80.3483,27.41126],[-80.34984,27.41125],[-80.34928,27.41094],[-80.34984,27.40805],[-80.34779,27.40759],[-80.34777,27.40576],[-80.34904,27.40534],[-80.35371,27.40524],[-80.35227,27.40283],[-80.35391,27.40229],[-80.35407,27.39882],[-80.35224,27.39872],[-80.35237,27.39657],[-80.34994,27.39446],[-80.3502,27.39091],[-80.34701,27.39088],[-80.3468,27.38891],[-80.34265,27.38526],[-80.35034,27.38517],[-80.35035,27.38177],[-80.36252,27.38165],[-80.36251,27.38339],[-80.3645,27.3834],[-80.36452,27.38167],[-80.36658,27.38168],[-80.36654,27.38732],[-80.36853,27.38731],[-80.36858,27.3817],[-80.37977,27.38178],[-80.381,27.38379],[-80.37826,27.38626],[-80.38052,27.38713],[-80.37865,27.38878],[-80.37542,27.38878],[-80.37069,27.393],[-80.3707,27.39173],[-80.36785,27.39196],[-80.36983,27.39375],[-80.37147,27.39438],[-80.37307,27.39293],[-80.37306,27.39535],[-80.37448,27.39628],[-80.37054,27.39625],[-80.37046,27.39983],[-80.37457,27.39979],[-80.37452,27.40192],[-80.36982,27.40512],[-80.36845,27.40564],[-80.36685,27.40428],[-80.36654,27.40428],[-80.36629,27.4049],[-80.36617,27.40759],[-80.36518,27.40758],[-80.36378,27.40761],[-80.36433,27.41136],[-80.3642,27.41503],[-80.37172,27.41486],[-80.37259,27.41396],[-80.37517,27.41404],[-80.37655,27.41292],[-80.37841,27.41289],[-80.37838,27.41115],[-80.37364,27.41048],[-80.37388,27.40746],[-80.37289,27.40748],[-80.37442,27.40517],[-80.37451,27.40262],[-80.37662,27.40224],[-80.37763,27.40205],[-80.37762,27.40363],[-80.37871,27.40151],[-80.38274,27.39993],[-80.38273,27.40291],[-80.38078,27.40176],[-80.38073,27.40545],[-80.38268,27.40542],[-80.38268,27.40725],[-80.38282,27.40763],[-80.38288,27.40763],[-80.38281,27.40378],[-80.3883,27.40364],[-80.38918,27.40365],[-80.39011,27.40126],[-80.39002,27.39968],[-80.38796,27.39652],[-80.38461,27.39634],[-80.38408,27.39786],[-80.38294,27.39787],[-80.38222,27.39634],[-80.38377,27.38886],[-80.38372,27.38729],[-80.39027,27.38713],[-80.38656,27.37954],[-80.38726,27.37893],[-80.3884,27.38178],[-80.40682,27.38183],[-80.40824,27.37881],[-80.41031,27.37639],[-80.4125,27.3748],[-80.41468,27.37439],[-80.39264,27.37444],[-80.38801,27.37445],[-80.38672,27.37446],[-80.38667,27.37452],[-80.38406,27.37451],[-80.36749,27.37444],[-80.3666,27.37436],[-80.36461,27.37428],[-80.36458,27.37062],[-80.36255,27.37061],[-80.36266,27.36697],[-80.35943,27.36697],[-80.35042,27.36691],[-80.3505,27.36541],[-80.3466,27.3654],[-80.34694,27.3637],[-80.34997,27.36364],[-80.34998,27.36281],[-80.34702,27.36281],[-80.34698,27.35995],[-80.35036,27.35985],[-80.34703,27.3596],[-80.34713,27.3588],[-80.34601,27.35279],[-80.34224,27.35233],[-80.34223,27.35025],[-80.34221,27.34506],[-80.33921,27.34488],[-80.33886,27.3417],[-80.33637,27.34016],[-80.33732,27.33776],[-80.34058,27.33775],[-80.34026,27.33707],[-80.33995,27.33639],[-80.33939,27.33518],[-80.33978,27.33309],[-80.33852,27.33057],[-80.33834,27.33045],[-80.33718,27.32998],[-80.33689,27.32996],[-80.33603,27.33047],[-80.33575,27.33051],[-80.33478,27.33012],[-80.33342,27.32979],[-80.33341,27.32936],[-80.33424,27.32901],[-80.33474,27.3284],[-80.33481,27.32738],[-80.33505,27.32716],[-80.33534,27.3266],[-80.33548,27.32603],[-80.34024,27.32408],[-80.34094,27.31985],[-80.34368,27.32048],[-80.34674,27.32412],[-80.34691,27.32567],[-80.34953,27.32567],[-80.35023,27.32567],[-80.35034,27.31757],[-80.3502,27.30872],[-80.34953,27.30871],[-80.34454,27.30868],[-80.34423,27.31434],[-80.34323,27.31504],[-80.33834,27.31651],[-80.33798,27.31604],[-80.33565,27.31755],[-80.33257,27.3203],[-80.3289,27.3154],[-80.32804,27.31574],[-80.32806,27.30856],[-80.31967,27.30862],[-80.31014,27.30858],[-80.31132,27.31066],[-80.31007,27.31146],[-80.30805,27.31081],[-80.30767,27.30856],[-80.29494,27.3083],[-80.28446,27.30795],[-80.27633,27.30793],[-80.27631,27.31164],[-80.27629,27.31516],[-80.27393,27.31519],[-80.26819,27.31517],[-80.26812,27.31455],[-80.26172,27.31388],[-80.25759,27.30581],[-80.26063,27.30587],[-80.26005,27.30471],[-80.26006,27.29961],[-80.25429,27.29953],[-80.25368,27.29876],[-80.2536,27.29864],[-80.26008,27.2978],[-80.26009,27.29686],[-80.25819,27.29684],[-80.25585,27.29423],[-80.25611,27.29319],[-80.25621,27.28551],[-80.25212,27.28549],[-80.2523,27.27803],[-80.24826,27.27796],[-80.24837,27.27046],[-80.24428,27.27043],[-80.24427,27.26301],[-80.25484,27.2633],[-80.26613,27.2635],[-80.28307,27.26383],[-80.28394,27.26373],[-80.28417,27.26372],[-80.28477,27.26372],[-80.28486,27.26026],[-80.28531,27.24392],[-80.28795,27.24388],[-80.28808,27.24196],[-80.29299,27.24198],[-80.29253,27.24097],[-80.29897,27.24228],[-80.30092,27.24343],[-80.30928,27.24285],[-80.31132,27.24135],[-80.31467,27.24162],[-80.3175,27.24151],[-80.31999,27.24195],[-80.32123,27.24245],[-80.32374,27.24463],[-80.32603,27.24849],[-80.32605,27.24214],[-80.32497,27.24222],[-80.32447,27.24363],[-80.32222,27.24251],[-80.32335,27.24022],[-80.32197,27.23821],[-80.32201,27.23478],[-80.31796,27.23473],[-80.31808,27.2201],[-80.3018,27.22012],[-80.30185,27.21283],[-80.29396,27.21296],[-80.29358,27.2164],[-80.28813,27.21634],[-80.28689,27.21047],[-80.28545,27.2107],[-80.28551,27.20603],[-80.33182,27.20572],[-80.33193,27.20573],[-80.33939,27.20569],[-80.35635,27.20592],[-80.37199,27.20611],[-80.37594,27.20558],[-80.40033,27.20577],[-80.4157,27.20589],[-80.48141,27.20637],[-80.48134,27.23509],[-80.51046,27.23513],[-80.51109,27.23568],[-80.51917,27.23563],[-80.53428,27.23512],[-80.53464,27.23336],[-80.53439,27.20675],[-80.53545,27.23334],[-80.5403,27.23332],[-80.5407,27.24161],[-80.49749,27.28024],[-80.49744,27.27922],[-80.49767,27.23697],[-80.48133,27.23686]],[[-80.33773,27.47111],[-80.33559,27.47108],[-80.33562,27.47205],[-80.33582,27.4729],[-80.33853,27.47291],[-80.33773,27.47111]],[[-80.34991,27.41343],[-80.35298,27.41368],[-80.35392,27.41128],[-80.35587,27.41131],[-80.35598,27.40992],[-80.35808,27.40856],[-80.35812,27.41038],[-80.36003,27.41143],[-80.36004,27.40771],[-80.36212,27.40761],[-80.36214,27.40434],[-80.36124,27.40376],[-80.3642,27.40425],[-80.36336,27.40564],[-80.3651,27.4062],[-80.3655,27.40377],[-80.36221,27.40168],[-80.36227,27.39994],[-80.36613,27.39981],[-80.36238,27.39947],[-80.36665,27.39742],[-80.36962,27.39493],[-80.36756,27.39404],[-80.36754,27.39514],[-80.36633,27.39512],[-80.36541,27.39626],[-80.36304,27.39623],[-80.36238,27.39747],[-80.36322,27.39853],[-80.36052,27.39951],[-80.35863,27.39778],[-80.35817,27.39777],[-80.35808,27.40552],[-80.36012,27.40552],[-80.35394,27.40569],[-80.35391,27.41106],[-80.3528,27.41126],[-80.34984,27.41125],[-80.34991,27.41343]],[[-80.36024,27.4115],[-80.36202,27.41193],[-80.36204,27.41109],[-80.36301,27.4111],[-80.36304,27.40958],[-80.36206,27.40957],[-80.36204,27.41073],[-80.36085,27.41071],[-80.36041,27.41143],[-80.36003,27.41143],[-80.36024,27.4115]],[[-80.42175,27.29679],[-80.41809,27.29682],[-80.41587,27.30156],[-80.41569,27.30939],[-80.41386,27.30859],[-80.41374,27.31145],[-80.41318,27.32651],[-80.41388,27.33364],[-80.41399,27.33782],[-80.43001,27.33803],[-80.42996,27.34122],[-80.42994,27.34162],[-80.43408,27.34164],[-80.43408,27.33911],[-80.4335,27.33806],[-80.43842,27.3336],[-80.45027,27.32296],[-80.44957,27.32259],[-80.43172,27.30539],[-80.42786,27.3015],[-80.4267,27.30156],[-80.42175,27.29679]],[[-80.37475,27.21402],[-80.37475,27.21266],[-80.37345,27.2126],[-80.37345,27.21402],[-80.37367,27.21403],[-80.37475,27.21402]],[[-80.35478,27.31612],[-80.35344,27.31612],[-80.35344,27.3177],[-80.35478,27.31771],[-80.35478,27.31612]],[[-80.35037,27.24968],[-80.34794,27.24962],[-80.35003,27.25677],[-80.35032,27.25677],[-80.35037,27.24968]],[[-80.28833,27.27114],[-80.28805,27.27109],[-80.28796,27.27296],[-80.28942,27.27297],[-80.28833,27.27114]],[[-80.285,27.26582],[-80.28489,27.27107],[-80.28805,27.27109],[-80.285,27.26582]],[[-80.28896,27.27095],[-80.28892,27.26744],[-80.28717,27.26743],[-80.2866,27.26742],[-80.28763,27.26919],[-80.28896,27.27095]],[[-80.28865,27.29347],[-80.28876,27.28956],[-80.28674,27.28955],[-80.28671,27.29347],[-80.28843,27.29348],[-80.28865,27.29347]],[[-80.28585,27.2783],[-80.28589,27.27472],[-80.28494,27.27471],[-80.28492,27.27649],[-80.28492,27.27829],[-80.28585,27.2783]],[[-80.27883,27.26918],[-80.27672,27.26916],[-80.2767,27.271],[-80.27881,27.27102],[-80.27883,27.26918]],[[-80.27345,27.29575],[-80.2704,27.29571],[-80.27037,27.29879],[-80.27035,27.30061],[-80.27643,27.30065],[-80.27645,27.29882],[-80.27243,27.2988],[-80.27245,27.29697],[-80.27344,27.29698],[-80.27345,27.29575]],[[-80.39193,27.43195],[-80.39388,27.43194],[-80.39444,27.42919],[-80.39495,27.42547],[-80.3909,27.42547],[-80.39094,27.42919],[-80.39201,27.42919],[-80.39193,27.43195]],[[-80.39299,27.42013],[-80.39299,27.41924],[-80.39093,27.41921],[-80.39093,27.41979],[-80.39094,27.42011],[-80.39299,27.42013]],[[-80.38376,27.42006],[-80.38478,27.42007],[-80.38478,27.41918],[-80.38276,27.41918],[-80.38276,27.42098],[-80.38375,27.42099],[-80.38376,27.42006]],[[-80.38069,27.42204],[-80.38025,27.4192],[-80.37928,27.41921],[-80.37927,27.42001],[-80.37883,27.42245],[-80.38069,27.42204]],[[-80.37869,27.43471],[-80.37666,27.43472],[-80.37664,27.43662],[-80.37867,27.43661],[-80.37869,27.43471]],[[-80.37451,27.40744],[-80.3764,27.4074],[-80.37638,27.40623],[-80.37558,27.40624],[-80.37558,27.40555],[-80.37456,27.40558],[-80.37451,27.40744]],[[-80.37127,27.43283],[-80.37476,27.4328],[-80.3737,27.42929],[-80.37214,27.42984],[-80.37209,27.43168],[-80.3713,27.43169],[-80.37127,27.43283]],[[-80.36097,27.42387],[-80.36148,27.42388],[-80.36151,27.42462],[-80.361,27.42462],[-80.36151,27.42475],[-80.36153,27.42539],[-80.36665,27.42538],[-80.36666,27.42577],[-80.3674,27.42573],[-80.36743,27.4257],[-80.36745,27.42568],[-80.36761,27.42555],[-80.3682,27.42508],[-80.36831,27.42505],[-80.37096,27.42296],[-80.36657,27.42306],[-80.36654,27.42215],[-80.36854,27.4221],[-80.36918,27.42003],[-80.37064,27.42182],[-80.37063,27.42003],[-80.37152,27.41876],[-80.36431,27.41885],[-80.36451,27.42217],[-80.36038,27.42214],[-80.36097,27.42387]],[[-80.36754,27.40276],[-80.36997,27.39999],[-80.36613,27.40005],[-80.36655,27.40157],[-80.36728,27.40279],[-80.36754,27.40276]],[[-80.36652,27.389],[-80.36436,27.389],[-80.36431,27.39067],[-80.3665,27.39069],[-80.36652,27.389]],[[-80.35827,27.43375],[-80.35816,27.43749],[-80.36022,27.43752],[-80.36023,27.43617],[-80.36229,27.43621],[-80.36225,27.43774],[-80.36146,27.43773],[-80.36144,27.43832],[-80.36223,27.43842],[-80.35814,27.4384],[-80.35809,27.44015],[-80.35807,27.44389],[-80.36002,27.44301],[-80.35944,27.44015],[-80.36314,27.44014],[-80.36548,27.4393],[-80.3648,27.43752],[-80.36626,27.43753],[-80.3663,27.43634],[-80.36575,27.43658],[-80.36391,27.43656],[-80.36392,27.43567],[-80.36229,27.43562],[-80.36323,27.43563],[-80.36325,27.43475],[-80.36635,27.43489],[-80.3664,27.43306],[-80.36028,27.43305],[-80.36027,27.43548],[-80.359,27.43519],[-80.35827,27.43375]],[[-80.36568,27.42677],[-80.36564,27.42557],[-80.36359,27.42557],[-80.3626,27.42813],[-80.36466,27.42672],[-80.36568,27.42677]],[[-80.36496,27.42995],[-80.36523,27.42797],[-80.36383,27.4282],[-80.36356,27.42939],[-80.3645,27.42942],[-80.36496,27.42995]],[[-80.36054,27.42587],[-80.36012,27.42626],[-80.35853,27.4264],[-80.35839,27.43042],[-80.35834,27.4312],[-80.36156,27.42888],[-80.36156,27.42819],[-80.36005,27.42833],[-80.36005,27.42757],[-80.36059,27.42756],[-80.36054,27.42587]],[[-80.35841,27.41466],[-80.35991,27.41407],[-80.36019,27.41272],[-80.35796,27.4131],[-80.35816,27.41585],[-80.35933,27.41586],[-80.35841,27.41466]],[[-80.35026,27.38954],[-80.35121,27.38915],[-80.35839,27.38921],[-80.35842,27.38595],[-80.35642,27.38562],[-80.35642,27.38896],[-80.35028,27.38893],[-80.35026,27.38954]],[[-80.35429,27.42202],[-80.35424,27.42062],[-80.35372,27.42002],[-80.35322,27.42003],[-80.35338,27.42202],[-80.35429,27.42202]],[[-80.34472,27.41692],[-80.34419,27.41691],[-80.34418,27.41714],[-80.34472,27.41713],[-80.34472,27.41692]],[[-80.33388,27.40501],[-80.33388,27.40408],[-80.33301,27.40451],[-80.32967,27.40372],[-80.32588,27.4037],[-80.32589,27.40471],[-80.32729,27.40474],[-80.32732,27.40591],[-80.32589,27.40588],[-80.32589,27.40622],[-80.32653,27.40624],[-80.32652,27.40688],[-80.32727,27.40689],[-80.32727,27.40797],[-80.32589,27.40795],[-80.32591,27.40895],[-80.32966,27.40927],[-80.33385,27.40816],[-80.33385,27.40986],[-80.33187,27.40919],[-80.33185,27.41081],[-80.3337,27.41081],[-80.3375,27.41086],[-80.33742,27.40765],[-80.34168,27.40623],[-80.34166,27.4092],[-80.34284,27.40935],[-80.34164,27.41093],[-80.34252,27.41097],[-80.34443,27.40384],[-80.33801,27.4036],[-80.33777,27.40394],[-80.33572,27.40385],[-80.33388,27.40501]],[[-80.33343,27.40193],[-80.33144,27.40206],[-80.33015,27.40082],[-80.32579,27.4007],[-80.3258,27.40124],[-80.32972,27.40127],[-80.3306,27.402],[-80.33015,27.40217],[-80.32585,27.40221],[-80.32588,27.40321],[-80.33109,27.40358],[-80.33342,27.40294],[-80.33388,27.40275],[-80.33389,27.40316],[-80.33781,27.4032],[-80.33588,27.40252],[-80.33589,27.40129],[-80.3379,27.40139],[-80.33589,27.40095],[-80.3359,27.39999],[-80.33388,27.39989],[-80.33388,27.40043],[-80.33343,27.40193]],[[-80.33097,27.38332],[-80.33213,27.38332],[-80.33213,27.38147],[-80.33396,27.38304],[-80.33409,27.38148],[-80.33244,27.38147],[-80.33205,27.3796],[-80.33101,27.38146],[-80.33097,27.38332]],[[-80.32983,27.39248],[-80.32967,27.39056],[-80.32729,27.39247],[-80.33124,27.39427],[-80.33391,27.3938],[-80.33392,27.39251],[-80.33203,27.3925],[-80.33206,27.39062],[-80.3314,27.3925],[-80.32983,27.39248]],[[-80.32571,27.39854],[-80.32576,27.39999],[-80.32578,27.40034],[-80.33096,27.39923],[-80.33388,27.3996],[-80.33387,27.39702],[-80.33242,27.39718],[-80.33239,27.39778],[-80.32976,27.39854],[-80.32571,27.39854]],[[-80.32997,27.38146],[-80.32999,27.37961],[-80.32798,27.37961],[-80.32682,27.38145],[-80.32898,27.38146],[-80.32997,27.38146]],[[-80.3279,27.38696],[-80.32577,27.38696],[-80.32577,27.3871],[-80.32577,27.38718],[-80.32577,27.38725],[-80.32663,27.38761],[-80.32891,27.38772],[-80.32892,27.38597],[-80.32824,27.38562],[-80.32823,27.38513],[-80.32791,27.38513],[-80.3279,27.38696]],[[-80.32357,27.38144],[-80.32017,27.38138],[-80.31964,27.38324],[-80.31749,27.38323],[-80.31755,27.38875],[-80.32163,27.38877],[-80.32164,27.38693],[-80.32267,27.38694],[-80.32259,27.38511],[-80.32582,27.38513],[-80.32781,27.38513],[-80.32743,27.38325],[-80.32586,27.38296],[-80.32584,27.38408],[-80.3238,27.38405],[-80.32357,27.38144]],[[-80.3214,27.39999],[-80.32412,27.4],[-80.32414,27.3995],[-80.32329,27.3995],[-80.32338,27.39782],[-80.32568,27.39783],[-80.32567,27.39767],[-80.32688,27.39704],[-80.32564,27.39703],[-80.32562,27.39689],[-80.32154,27.39685],[-80.3214,27.39999]],[[-80.3231,27.3911],[-80.31693,27.3916],[-80.31692,27.39196],[-80.32075,27.39201],[-80.32548,27.39223],[-80.32452,27.39182],[-80.32569,27.39131],[-80.32575,27.38884],[-80.32465,27.38884],[-80.32463,27.39015],[-80.32311,27.39014],[-80.3231,27.3911]],[[-80.32308,27.40052],[-80.32138,27.4005],[-80.32136,27.40105],[-80.32304,27.40104],[-80.32308,27.40052]]],[[[-80.32577,27.36545],[-80.32394,27.36503],[-80.32393,27.3624],[-80.32451,27.36187],[-80.32594,27.36185],[-80.32826,27.36187],[-80.32797,27.36324],[-80.33005,27.36326],[-80.33001,27.36675],[-80.32596,27.36674],[-80.32394,27.36674],[-80.32394,27.36545],[-80.32577,27.36545]]],[[[-80.38209,27.38558],[-80.3821,27.38567],[-80.3814,27.38636],[-80.38034,27.38538],[-80.38115,27.38468],[-80.38209,27.38558]]],[[[-80.34775,27.39283],[-80.34864,27.39365],[-80.34994,27.39446],[-80.34988,27.39576],[-80.34988,27.39675],[-80.34726,27.39672],[-80.34753,27.39253],[-80.34775,27.39283]]],[[[-80.39094,27.43296],[-80.39094,27.43347],[-80.39093,27.4338],[-80.38872,27.4338],[-80.38862,27.43296],[-80.39094,27.43296]]],[[[-80.3766,27.44758],[-80.37666,27.44859],[-80.37457,27.44859],[-80.37457,27.44792],[-80.37468,27.44758],[-80.3766,27.44758]]],[[[-80.34761,27.47747],[-80.34756,27.48131],[-80.34601,27.48075],[-80.34609,27.47659],[-80.34955,27.47662],[-80.3511,27.47663],[-80.35108,27.47726],[-80.34955,27.47734],[-80.34966,27.4786],[-80.34897,27.47733],[-80.34761,27.47747]]]]}},{"type":"Feature","properties":{"name":"BocaConnect","boundary_type":"city","source":"Census TIGER place","fidelity":"approximate","updated":"2026-09","units":"Boca Raton city","note":"Downtown Boca Raton and Brightline station area; partial city coverage","confidence":0.85},"geometry":{"type":"Polygon","coordinates":[[[-80.14631,26.40945],[-80.14641,26.41682],[-80.14005,26.41683],[-80.13996,26.40946],[-80.12967,26.40954],[-80.12184,26.4096],[-80.10248,26.40973],[-80.09922,26.40975],[-80.09961,26.41263],[-80.09935,26.41535],[-80.09941,26.42455],[-80.09908,26.42455],[-80.09072,26.42456],[-80.08869,26.42457],[-80.07932,26.42454],[-80.07653,26.42266],[-80.07388,26.42222],[-80.07138,26.42074],[-80.06555,26.42055],[-80.06779,26.41441],[-80.06795,26.41205],[-80.06818,26.40995],[-80.06893,26.40663],[-80.06874,26.40557],[-80.06838,26.40365],[-80.0702,26.39958],[-80.0705,26.39565],[-80.07078,26.39089],[-80.0669,26.39095],[-80.06635,26.39092],[-80.0666,26.38634],[-80.06729,26.3739],[-80.06751,26.36984],[-80.06755,26.36902],[-80.06783,26.36601],[-80.06833,26.36066],[-80.06925,26.35066],[-80.07056,26.33646],[-80.07146,26.33587],[-80.07226,26.33536],[-80.07484,26.32103],[-80.07573,26.32091],[-80.07676,26.32089],[-80.07938,26.32078],[-80.08052,26.32081],[-80.08061,26.32081],[-80.08791,26.32077],[-80.08881,26.32211],[-80.0895,26.32504],[-80.09078,26.32555],[-80.09091,26.32561],[-80.09205,26.32635],[-80.09563,26.32415],[-80.09637,26.32243],[-80.09827,26.3226],[-80.09882,26.32283],[-80.09914,26.32347],[-80.09853,26.32469],[-80.09845,26.3252],[-80.09844,26.32673],[-80.09924,26.32764],[-80.10727,26.32786],[-80.11704,26.32785],[-80.12012,26.32779],[-80.12833,26.32772],[-80.1285,26.33194],[-80.12864,26.34118],[-80.12868,26.34409],[-80.12882,26.35065],[-80.12927,26.35065],[-80.1376,26.35066],[-80.13757,26.35111],[-80.13754,26.35779],[-80.1536,26.35752],[-80.15322,26.35969],[-80.15135,26.36217],[-80.15352,26.36265],[-80.15356,26.36499],[-80.16616,26.3649],[-80.16645,26.36848],[-80.16609,26.36859],[-80.15983,26.36869],[-80.14574,26.36882],[-80.14581,26.37772],[-80.14591,26.37946],[-80.14721,26.38255],[-80.14733,26.38344],[-80.15422,26.38339],[-80.15438,26.39081],[-80.1564,26.3908],[-80.15648,26.39429],[-80.15681,26.39429],[-80.17103,26.39429],[-80.17118,26.40126],[-80.17127,26.40876],[-80.17127,26.40931],[-80.14631,26.40945]]]}},{"type":"Feature","properties":{"name":"Breeze OnDemand","boundary_type":"county","source":"Census TIGER county","fidelity":"exact","updated":"2026-09","units":"Sarasota County","note":"County-wide service across 3 zones in Sarasota County.","confidence":0.9},"geometry":{"type":"Polygon","coordinates":[[[-82.63992,27.38972],[-82.61706,27.38955],[-82.61658,27.38954],[-82.59652,27.38932],[-82.5768,27.38919],[-82.56548,27.38908],[-82.55934,27.38904],[-82.54261,27.38901],[-82.53158,27.38879],[-82.53024,27.38869],[-82.52906,27.38866],[-82.51998,27.38902],[-82.51387,27.38897],[-82.5057,27.38891],[-82.50562,27.3889],[-82.50161,27.38845],[-82.48709,27.38836],[-82.48079,27.38832],[-82.47873,27.38831],[-82.47226,27.38827],[-82.4636,27.38824],[-82.45505,27.38869],[-82.449,27.38861],[-82.44861,27.3886],[-82.44746,27.38859],[-82.44709,27.38612],[-82.43334,27.38635],[-82.41686,27.38642],[-82.41673,27.38641],[-82.39812,27.38645],[-82.392,27.38683],[-82.37481,27.38661],[-82.35292,27.38655],[-82.35065,27.38653],[-82.34696,27.38651],[-82.26824,27.3863],[-82.25226,27.38624],[-82.25259,27.36442],[-82.25312,27.3001],[-82.25299,27.29943],[-82.25305,27.29055],[-82.25319,27.28988],[-82.2532,27.28977],[-82.2536,27.20892],[-82.11292,27.20819],[-82.0565,27.20777],[-82.05654,27.20388],[-82.05749,27.13526],[-82.05763,27.12533],[-82.05738,27.11985],[-82.05752,27.07649],[-82.05751,27.03212],[-82.06759,27.03208],[-82.0764,27.03212],[-82.08859,27.0322],[-82.10332,27.03237],[-82.11326,27.03248],[-82.11873,27.0325],[-82.13893,27.03263],[-82.13976,27.03263],[-82.15082,27.0327],[-82.15616,27.03273],[-82.16353,27.03275],[-82.17718,27.03279],[-82.1944,27.03283],[-82.20344,27.03284],[-82.20477,27.03284],[-82.20507,27.03284],[-82.20697,27.03286],[-82.21938,27.0329],[-82.23853,27.03296],[-82.251,27.033],[-82.2516,27.03294],[-82.25225,27.03299],[-82.25517,27.03302],[-82.25518,27.03114],[-82.25525,27.01229],[-82.25528,27.00559],[-82.2553,27.00034],[-82.2553,26.99894],[-82.25552,26.94526],[-82.26365,26.94533],[-82.27244,26.9454],[-82.289,26.94551],[-82.2999,26.94556],[-82.30426,26.94564],[-82.31269,26.94573],[-82.31713,26.94575],[-82.31772,26.94573],[-82.32084,26.94562],[-82.32328,26.94568],[-82.33727,26.94588],[-82.3382,26.94592],[-82.34925,26.94591],[-82.35023,26.9459],[-82.35266,26.94594],[-82.36164,26.94607],[-82.36512,26.94614],[-82.37523,26.94604],[-82.37705,26.94923],[-82.38161,26.95769],[-82.39279,26.97271],[-82.40062,26.98494],[-82.40955,27.00451],[-82.41922,27.02074],[-82.44572,27.06063],[-82.44575,27.06071],[-82.45397,27.08137],[-82.45593,27.08631],[-82.45633,27.08732],[-82.45776,27.09184],[-82.46032,27.09993],[-82.46034,27.09998],[-82.46177,27.10307],[-82.46532,27.11073],[-82.46607,27.11134],[-82.46764,27.11261],[-82.46889,27.11361],[-82.47702,27.14123],[-82.48667,27.15866],[-82.49284,27.16839],[-82.49965,27.18008],[-82.49993,27.18056],[-82.50284,27.18973],[-82.51108,27.20758],[-82.51139,27.208],[-82.51422,27.21191],[-82.51611,27.21588],[-82.51974,27.22355],[-82.52203,27.22837],[-82.52829,27.23737],[-82.53313,27.24127],[-82.53623,27.2454],[-82.53646,27.24876],[-82.53805,27.25147],[-82.53972,27.25433],[-82.54119,27.25615],[-82.54197,27.25712],[-82.54512,27.26103],[-82.5564,27.26673],[-82.55767,27.26737],[-82.56399,27.26986],[-82.56428,27.27019],[-82.56697,27.27333],[-82.56889,27.27558],[-82.56975,27.27945],[-82.56722,27.28204],[-82.56458,27.28475],[-82.56172,27.28919],[-82.56166,27.28943],[-82.56033,27.29415],[-82.56006,27.2951],[-82.56242,27.29594],[-82.566,27.29721],[-82.56925,27.29859],[-82.57602,27.30932],[-82.58353,27.31759],[-82.58675,27.31961],[-82.58837,27.32444],[-82.58952,27.3267],[-82.58982,27.32728],[-82.59036,27.32836],[-82.59763,27.33575],[-82.6042,27.34238],[-82.61194,27.35019],[-82.61202,27.35026],[-82.61811,27.35641],[-82.62386,27.36221],[-82.63754,27.37998],[-82.64282,27.38972],[-82.64283,27.38974],[-82.63992,27.38972]]]}},{"type":"Feature","properties":{"name":"Circuit Fort Lauderdale","boundary_type":"city","source":"Census TIGER place","fidelity":"approximate","updated":"2026-09","units":"Fort Lauderdale city","note":"Service focuses on Downtown Fort Lauderdale and Brightline station connections.","confidence":0.85},"geometry":{"type":"MultiPolygon","coordinates":[[[[-80.18131,26.08332],[-80.18129,26.08281],[-80.18506,26.08279],[-80.18509,26.08341],[-80.18441,26.08363],[-80.18131,26.08339],[-80.18131,26.08332]]],[[[-80.18186,26.08452],[-80.18214,26.08415],[-80.1822,26.08409],[-80.18261,26.08412],[-80.18273,26.084],[-80.18264,26.08413],[-80.1838,26.08421],[-80.18368,26.0846],[-80.1837,26.08493],[-80.18171,26.08517],[-80.18175,26.08484],[-80.18186,26.08452]]],[[[-80.19926,26.11843],[-80.19933,26.12024],[-80.19766,26.12083],[-80.19856,26.12097],[-80.19724,26.121],[-80.19403,26.12107],[-80.18619,26.12125],[-80.18619,26.12147],[-80.17802,26.12168],[-80.17456,26.12176],[-80.17595,26.12416],[-80.17403,26.12427],[-80.1742,26.12895],[-80.17429,26.13267],[-80.17438,26.13642],[-80.17442,26.13704],[-80.17794,26.137],[-80.17795,26.13825],[-80.17849,26.13831],[-80.17853,26.14096],[-80.17856,26.14236],[-80.17487,26.14244],[-80.17454,26.14524],[-80.17454,26.14564],[-80.1827,26.14541],[-80.18263,26.14176],[-80.18475,26.14166],[-80.1866,26.14161],[-80.18675,26.14287],[-80.18691,26.15066],[-80.19286,26.15072],[-80.19288,26.15252],[-80.18696,26.15257],[-80.18702,26.15802],[-80.18687,26.15802],[-80.18491,26.15806],[-80.18188,26.15813],[-80.17813,26.15821],[-80.17547,26.15816],[-80.17478,26.15821],[-80.17073,26.1583],[-80.16534,26.15855],[-80.16694,26.15493],[-80.1668,26.15493],[-80.16839,26.15128],[-80.16717,26.1513],[-80.16312,26.16023],[-80.16189,26.16226],[-80.16186,26.16225],[-80.16036,26.16424],[-80.16019,26.16398],[-80.15497,26.15647],[-80.15435,26.15579],[-80.15277,26.1546],[-80.15084,26.15402],[-80.1481,26.1521],[-80.1467,26.15116],[-80.14595,26.15124],[-80.14311,26.15101],[-80.14083,26.15118],[-80.13641,26.1514],[-80.13261,26.15359],[-80.13218,26.15383],[-80.13098,26.15286],[-80.12918,26.15326],[-80.12804,26.15434],[-80.12213,26.1544],[-80.12131,26.15559],[-80.12005,26.15475],[-80.11834,26.15789],[-80.11827,26.15842],[-80.11786,26.15978],[-80.11934,26.16214],[-80.12081,26.16221],[-80.12192,26.16456],[-80.12195,26.16713],[-80.117,26.16726],[-80.1191,26.17043],[-80.11951,26.17396],[-80.11953,26.17439],[-80.11958,26.18184],[-80.11891,26.18348],[-80.12239,26.18343],[-80.12254,26.18729],[-80.12458,26.18725],[-80.12462,26.189],[-80.12609,26.18898],[-80.12666,26.18897],[-80.12671,26.19005],[-80.12976,26.18998],[-80.12983,26.19266],[-80.13192,26.19315],[-80.13201,26.1963],[-80.13234,26.20368],[-80.13518,26.20364],[-80.13719,26.20262],[-80.13917,26.20348],[-80.13923,26.20348],[-80.1398,26.20554],[-80.13757,26.20882],[-80.13452,26.206],[-80.13241,26.20604],[-80.13151,26.20606],[-80.12985,26.20614],[-80.12313,26.20842],[-80.12086,26.20864],[-80.12005,26.21064],[-80.11456,26.21076],[-80.11011,26.21087],[-80.11006,26.20969],[-80.10736,26.20976],[-80.10416,26.20981],[-80.10421,26.21169],[-80.0983,26.21181],[-80.09832,26.21175],[-80.09904,26.20904],[-80.10006,26.20466],[-80.10117,26.20083],[-80.10237,26.19666],[-80.10295,26.18985],[-80.10307,26.18738],[-80.10335,26.18222],[-80.0974,26.18226],[-80.09594,26.18225],[-80.09675,26.17613],[-80.09721,26.17263],[-80.09788,26.16758],[-80.09803,26.16646],[-80.09803,26.16644],[-80.09961,26.15757],[-80.10137,26.14776],[-80.10256,26.13805],[-80.10292,26.13512],[-80.10292,26.13057],[-80.1037,26.12192],[-80.10392,26.1141],[-80.10398,26.11177],[-80.10407,26.11016],[-80.10453,26.10157],[-80.10486,26.09526],[-80.10683,26.09331],[-80.1177,26.09322],[-80.1243,26.0931],[-80.13564,26.09284],[-80.13638,26.08998],[-80.13638,26.08978],[-80.13654,26.0891],[-80.13625,26.08164],[-80.13862,26.08106],[-80.13887,26.0801],[-80.14173,26.0705],[-80.1397,26.0785],[-80.13973,26.0812],[-80.14039,26.08126],[-80.14545,26.08132],[-80.14549,26.0815],[-80.15273,26.08147],[-80.15662,26.08123],[-80.15685,26.08123],[-80.16893,26.08083],[-80.16925,26.08203],[-80.16938,26.08806],[-80.17395,26.08745],[-80.17673,26.08811],[-80.17585,26.08853],[-80.1759,26.09141],[-80.17598,26.09143],[-80.17854,26.0911],[-80.18131,26.08917],[-80.18287,26.08559],[-80.18441,26.08543],[-80.18405,26.08676],[-80.18445,26.08759],[-80.18523,26.08756],[-80.18899,26.08718],[-80.19041,26.08699],[-80.19158,26.08632],[-80.19363,26.08542],[-80.20084,26.08782],[-80.20058,26.09114],[-80.20067,26.09165],[-80.20094,26.09164],[-80.20115,26.09773],[-80.20105,26.09774],[-80.20133,26.10451],[-80.20136,26.10451],[-80.20141,26.10594],[-80.2009,26.10635],[-80.20076,26.11365],[-80.20094,26.11804],[-80.19926,26.11843]]],[[[-80.15618,26.17889],[-80.15503,26.1809],[-80.15493,26.17866],[-80.15674,26.17445],[-80.15801,26.17441],[-80.15652,26.17813],[-80.15788,26.17862],[-80.15755,26.17938],[-80.15618,26.17889]]],[[[-80.20356,26.1896],[-80.19963,26.1896],[-80.19958,26.18778],[-80.20355,26.1878],[-80.20356,26.1896]]],[[[-80.19556,26.20316],[-80.19559,26.20648],[-80.19562,26.20652],[-80.19555,26.20903],[-80.18815,26.2092],[-80.18817,26.20968],[-80.1834,26.20914],[-80.18164,26.20915],[-80.17679,26.20923],[-80.17379,26.20992],[-80.17056,26.20993],[-80.15592,26.21071],[-80.14827,26.21078],[-80.14824,26.21092],[-80.14802,26.21193],[-80.14798,26.21192],[-80.13936,26.20931],[-80.14013,26.2079],[-80.14214,26.20647],[-80.14397,26.20645],[-80.14587,26.20547],[-80.1465,26.20406],[-80.14838,26.20361],[-80.14746,26.20318],[-80.14713,26.20126],[-80.14832,26.20056],[-80.14953,26.2012],[-80.14973,26.1991],[-80.15141,26.19575],[-80.15318,26.18839],[-80.15465,26.18835],[-80.15515,26.1884],[-80.15574,26.18798],[-80.15557,26.18299],[-80.15652,26.18106],[-80.15937,26.1813],[-80.16298,26.18198],[-80.16307,26.18458],[-80.17364,26.18435],[-80.17507,26.18634],[-80.17519,26.188],[-80.17522,26.18893],[-80.17325,26.18898],[-80.17219,26.19156],[-80.17237,26.19445],[-80.17338,26.19442],[-80.17336,26.19353],[-80.17838,26.19342],[-80.17837,26.19406],[-80.1784,26.19517],[-80.18678,26.19505],[-80.18759,26.19408],[-80.18749,26.19141],[-80.18347,26.19146],[-80.18343,26.18967],[-80.18136,26.18924],[-80.1773,26.18931],[-80.17725,26.18809],[-80.17952,26.18786],[-80.18272,26.18678],[-80.18749,26.18645],[-80.18755,26.18702],[-80.18822,26.18645],[-80.19551,26.18646],[-80.1956,26.1897],[-80.19963,26.18965],[-80.19977,26.19519],[-80.20364,26.19527],[-80.2037,26.19979],[-80.2018,26.20185],[-80.19982,26.20166],[-80.19978,26.20287],[-80.19556,26.20316]]],[[[-80.14906,26.19784],[-80.14829,26.19879],[-80.1474,26.19789],[-80.14745,26.19755],[-80.14774,26.19787],[-80.14906,26.19784]]]]}},{"type":"Feature","properties":{"name":"Circuit Pompano Beach","boundary_type":"city","source":"Census TIGER place","fidelity":"approximate","updated":"2026-09","units":"Pompano Beach city","note":"Fisher Family Pier & Business Districts; partial city coverage","confidence":0.85},"geometry":{"type":"Polygon","coordinates":[[[-80.18828,26.21854],[-80.18491,26.22251],[-80.18242,26.22547],[-80.1787,26.22944],[-80.1771,26.23076],[-80.17685,26.23151],[-80.16931,26.24061],[-80.16672,26.24533],[-80.16484,26.24535],[-80.16368,26.24533],[-80.16376,26.24892],[-80.16596,26.25091],[-80.16613,26.25613],[-80.1664,26.25805],[-80.16797,26.26409],[-80.16827,26.26644],[-80.16835,26.27424],[-80.15816,26.27447],[-80.15206,26.27454],[-80.1358,26.27495],[-80.13422,26.27496],[-80.13106,26.27499],[-80.13035,26.275],[-80.12496,26.27503],[-80.12338,26.27508],[-80.11945,26.27516],[-80.11393,26.27525],[-80.11377,26.27526],[-80.11351,26.27527],[-80.10926,26.29002],[-80.10823,26.29369],[-80.10629,26.29363],[-80.1059,26.29746],[-80.09737,26.29763],[-80.09418,26.29767],[-80.09518,26.29166],[-80.09661,26.28185],[-80.09697,26.2793],[-80.0975,26.27554],[-80.09798,26.27219],[-80.09838,26.26918],[-80.09878,26.26651],[-80.09884,26.2661],[-80.09951,26.26114],[-80.09448,26.26123],[-80.08829,26.26144],[-80.08808,26.26082],[-80.08627,26.26135],[-80.08376,26.26256],[-80.08136,26.25814],[-80.08206,26.25778],[-80.08355,26.25652],[-80.08439,26.25221],[-80.08497,26.24925],[-80.08505,26.24882],[-80.08726,26.24127],[-80.0888,26.2322],[-80.08883,26.23185],[-80.08883,26.23173],[-80.08922,26.22625],[-80.08951,26.22196],[-80.09047,26.21682],[-80.09052,26.21657],[-80.09208,26.21678],[-80.09221,26.21622],[-80.09249,26.21488],[-80.09375,26.21555],[-80.09356,26.21623],[-80.09295,26.2188],[-80.0929,26.21929],[-80.09598,26.21957],[-80.097,26.21535],[-80.09779,26.21212],[-80.09832,26.21175],[-80.0983,26.21181],[-80.10421,26.21169],[-80.10416,26.20981],[-80.10736,26.20976],[-80.11006,26.20969],[-80.11011,26.21087],[-80.11456,26.21076],[-80.12005,26.21064],[-80.12086,26.20864],[-80.12313,26.20842],[-80.12985,26.20614],[-80.13151,26.20606],[-80.13241,26.20604],[-80.13452,26.206],[-80.13757,26.20882],[-80.1382,26.209],[-80.13936,26.20931],[-80.14798,26.21192],[-80.14802,26.21193],[-80.14824,26.21092],[-80.14827,26.21078],[-80.15592,26.21071],[-80.17056,26.20993],[-80.17379,26.20992],[-80.17679,26.20923],[-80.18164,26.20915],[-80.1834,26.20914],[-80.18817,26.20968],[-80.18815,26.2092],[-80.19555,26.20903],[-80.19557,26.20991],[-80.18828,26.21854]]]}},{"type":"Feature","properties":{"name":"Circuit Shuttle WPB","boundary_type":"city","source":"Census TIGER place","fidelity":"approximate","updated":"2026-09","units":"West Palm Beach city","note":"Service concentrated in Downtown West Palm Beach and transit connections.","confidence":0.85},"geometry":{"type":"Polygon","coordinates":[[[-80.21322,26.79918],[-80.21274,26.81193],[-80.19738,26.81154],[-80.19656,26.81152],[-80.19551,26.8381],[-80.15396,26.81032],[-80.15271,26.81026],[-80.14685,26.81007],[-80.14701,26.80645],[-80.13522,26.79856],[-80.13267,26.79657],[-80.13164,26.79584],[-80.13117,26.79554],[-80.13118,26.79538],[-80.13119,26.79507],[-80.13117,26.79505],[-80.13178,26.7786],[-80.11579,26.77825],[-80.11602,26.77276],[-80.11633,26.76553],[-80.13243,26.76587],[-80.11633,26.7654],[-80.11634,26.76536],[-80.11639,26.7635],[-80.1244,26.76373],[-80.12449,26.76031],[-80.11675,26.7601],[-80.11144,26.75988],[-80.1112,26.76167],[-80.10845,26.76156],[-80.10623,26.7624],[-80.10833,26.7634],[-80.10819,26.76501],[-80.10818,26.76513],[-80.10646,26.76514],[-80.09321,26.76464],[-80.08367,26.76429],[-80.08473,26.75317],[-80.08092,26.75315],[-80.07801,26.75327],[-80.06836,26.7532],[-80.06748,26.76373],[-80.05932,26.76352],[-80.05516,26.76342],[-80.04914,26.76329],[-80.04887,26.75942],[-80.04857,26.75539],[-80.04838,26.75263],[-80.04741,26.73651],[-80.04737,26.73543],[-80.0469,26.72422],[-80.04692,26.72237],[-80.04705,26.71827],[-80.04709,26.71689],[-80.04673,26.71247],[-80.04632,26.70733],[-80.04644,26.70597],[-80.04661,26.70073],[-80.04676,26.69046],[-80.04684,26.67543],[-80.04604,26.66877],[-80.04288,26.64479],[-80.04288,26.64437],[-80.05231,26.64459],[-80.0563,26.64472],[-80.05883,26.64476],[-80.06599,26.64496],[-80.06648,26.64558],[-80.06779,26.64729],[-80.06903,26.6465],[-80.06876,26.64832],[-80.07043,26.65528],[-80.07124,26.65849],[-80.07213,26.66154],[-80.07121,26.67241],[-80.07093,26.67606],[-80.07092,26.67637],[-80.07083,26.68447],[-80.07315,26.6853],[-80.07377,26.68532],[-80.07509,26.68535],[-80.07502,26.68945],[-80.07895,26.68957],[-80.07892,26.691],[-80.07858,26.69848],[-80.07838,26.7042],[-80.07926,26.70526],[-80.07828,26.70614],[-80.0865,26.7064],[-80.09277,26.70655],[-80.1004,26.70673],[-80.10436,26.70682],[-80.10424,26.7103],[-80.10683,26.71035],[-80.10675,26.71258],[-80.11095,26.71266],[-80.11094,26.71293],[-80.1088,26.71289],[-80.10875,26.71411],[-80.1109,26.71409],[-80.11081,26.71745],[-80.10658,26.71761],[-80.10649,26.72034],[-80.11048,26.72123],[-80.10238,26.72113],[-80.10246,26.72294],[-80.10892,26.72314],[-80.10749,26.72163],[-80.11061,26.72265],[-80.11048,26.72551],[-80.11122,26.72555],[-80.11241,26.72641],[-80.11223,26.7305],[-80.11024,26.73043],[-80.11019,26.73244],[-80.11,26.73599],[-80.10977,26.74105],[-80.10954,26.74552],[-80.10949,26.74696],[-80.11371,26.74708],[-80.11379,26.74528],[-80.1179,26.7454],[-80.11993,26.74544],[-80.11997,26.74459],[-80.11794,26.74453],[-80.11824,26.73625],[-80.12635,26.73653],[-80.12712,26.72186],[-80.12776,26.72188],[-80.13559,26.72213],[-80.13573,26.72213],[-80.13772,26.72217],[-80.14344,26.72257],[-80.15115,26.72236],[-80.15143,26.72114],[-80.15191,26.711],[-80.14952,26.71093],[-80.1496,26.70796],[-80.15188,26.70802],[-80.15364,26.70808],[-80.15361,26.70525],[-80.15463,26.70524],[-80.15464,26.7065],[-80.15564,26.70652],[-80.15566,26.70814],[-80.15785,26.70821],[-80.15783,26.70517],[-80.16185,26.70529],[-80.16204,26.7069],[-80.16608,26.707],[-80.16608,26.70659],[-80.16919,26.70666],[-80.17005,26.70668],[-80.17005,26.70666],[-80.17218,26.70664],[-80.17216,26.70502],[-80.17636,26.70499],[-80.1764,26.70867],[-80.18253,26.70879],[-80.1853,26.70888],[-80.19561,26.70915],[-80.19795,26.70921],[-80.20092,26.70928],[-80.20061,26.71634],[-80.20023,26.72456],[-80.20004,26.7337],[-80.19938,26.76583],[-80.21463,26.76616],[-80.21381,26.78074],[-80.21322,26.79918]]]}},{"type":"Feature","properties":{"name":"Circuit Wilton Manors","boundary_type":"city","source":"Census TIGER place","fidelity":"exact","updated":"2026-09","units":"Wilton Manors city","note":"Wilton Manors citywide service","confidence":0.95},"geometry":{"type":"Polygon","coordinates":[[[-80.15944,26.16567],[-80.15749,26.16619],[-80.14644,26.16659],[-80.13837,26.1667],[-80.1383,26.16385],[-80.13792,26.16414],[-80.13391,26.16376],[-80.13124,26.16293],[-80.12947,26.16264],[-80.13039,26.16406],[-80.12812,26.16505],[-80.12756,26.16393],[-80.12527,26.16382],[-80.12477,26.16496],[-80.12192,26.16456],[-80.12081,26.16221],[-80.11934,26.16214],[-80.11786,26.15978],[-80.11827,26.15842],[-80.11834,26.15789],[-80.12005,26.15475],[-80.12131,26.15559],[-80.12213,26.1544],[-80.12804,26.15434],[-80.12918,26.15326],[-80.13098,26.15286],[-80.13218,26.15383],[-80.13261,26.15359],[-80.13641,26.1514],[-80.14083,26.15118],[-80.14311,26.15101],[-80.14595,26.15124],[-80.1467,26.15116],[-80.1481,26.1521],[-80.15084,26.15402],[-80.15277,26.1546],[-80.15435,26.15579],[-80.15497,26.15647],[-80.16019,26.16398],[-80.16036,26.16424],[-80.16043,26.16434],[-80.15944,26.16567]],[[-80.1441,26.15508],[-80.14412,26.15757],[-80.14637,26.15752],[-80.1463,26.15505],[-80.1441,26.15508]]]}},{"type":"Feature","properties":{"name":"Circuit-by-the-sea","boundary_type":"city","source":"Census TIGER place","fidelity":"approximate","updated":"2026-09","units":"Lauderdale-by-the-Sea town","note":"Lauderdale-By-The-Sea and Galt Ocean Mile area; partial town coverage","confidence":0.85},"geometry":{"type":"Polygon","coordinates":[[[-80.10295,26.18985],[-80.10237,26.19666],[-80.10117,26.20083],[-80.10006,26.20466],[-80.09904,26.20904],[-80.09832,26.21175],[-80.09779,26.21212],[-80.097,26.21535],[-80.09598,26.21957],[-80.0929,26.21929],[-80.09295,26.2188],[-80.09356,26.21623],[-80.09375,26.21555],[-80.09249,26.21488],[-80.09221,26.21622],[-80.09208,26.21678],[-80.09052,26.21657],[-80.09063,26.21595],[-80.09141,26.21226],[-80.09219,26.20851],[-80.09291,26.20512],[-80.09294,26.20487],[-80.09332,26.20203],[-80.09531,26.20187],[-80.09473,26.20452],[-80.09976,26.20466],[-80.10103,26.20076],[-80.10116,26.2001],[-80.1019,26.19697],[-80.09592,26.1971],[-80.09565,26.20021],[-80.09543,26.20132],[-80.09339,26.20145],[-80.09387,26.19783],[-80.09429,26.19465],[-80.09493,26.18985],[-80.09495,26.18966],[-80.09594,26.18225],[-80.0974,26.18226],[-80.10335,26.18222],[-80.10307,26.18738],[-80.10295,26.18985]]]}},{"type":"Feature","properties":{"name":"FlexTransit","boundary_type":"county","source":"Census TIGER county","fidelity":"exact","updated":"2026-09","units":"Escambia County","note":"County microtransit system operated by ECAT; served from Pensacola area","confidence":0.8},"geometry":{"type":"Polygon","coordinates":[[[-87.62999,30.87769],[-87.62945,30.88011],[-87.6244,30.8847],[-87.62206,30.88541],[-87.62079,30.88749],[-87.62092,30.88992],[-87.62252,30.89368],[-87.6222,30.89751],[-87.62071,30.89893],[-87.61601,30.90145],[-87.61495,30.90423],[-87.61421,30.90854],[-87.61185,30.91454],[-87.6102,30.91663],[-87.60826,30.9219],[-87.60781,30.92449],[-87.60268,30.93428],[-87.60069,30.93707],[-87.5983,30.93879],[-87.59689,30.94113],[-87.59205,30.95149],[-87.58919,30.96446],[-87.59092,30.96941],[-87.59305,30.97297],[-87.59411,30.97633],[-87.59413,30.9767],[-87.59416,30.97757],[-87.59268,30.98014],[-87.59339,30.98296],[-87.59672,30.98761],[-87.59917,30.99572],[-87.59893,30.99746],[-87.57128,30.99787],[-87.54854,30.99793],[-87.51952,30.99759],[-87.51491,30.99766],[-87.49838,30.99792],[-87.48842,30.99807],[-87.48377,30.99815],[-87.48024,30.9982],[-87.4797,30.9982],[-87.47871,30.99821],[-87.4778,30.99821],[-87.46688,30.99818],[-87.46683,30.99818],[-87.46178,30.9982],[-87.46164,30.9982],[-87.45866,30.99839],[-87.4557,30.99832],[-87.44981,30.99827],[-87.43229,30.9982],[-87.42577,30.99809],[-87.36784,30.99829],[-87.36401,30.99822],[-87.36387,30.99822],[-87.35566,30.99824],[-87.34788,30.99825],[-87.33397,30.99827],[-87.31218,30.99844],[-87.30403,30.99819],[-87.30157,30.99843],[-87.29772,30.9984],[-87.29099,30.99835],[-87.2889,30.99835],[-87.27627,30.9983],[-87.26648,30.99827],[-87.26556,30.99827],[-87.26054,30.99819],[-87.25969,30.99817],[-87.25796,30.99826],[-87.257,30.99819],[-87.25559,30.99822],[-87.25498,30.99828],[-87.24993,30.99773],[-87.23997,30.99664],[-87.23832,30.99646],[-87.23768,30.99639],[-87.22475,30.99717],[-87.1748,30.99869],[-87.16365,30.99902],[-87.16298,30.9984],[-87.16352,30.9964],[-87.16594,30.99584],[-87.16913,30.9932],[-87.17091,30.99341],[-87.17367,30.99587],[-87.176,30.99659],[-87.17621,30.99464],[-87.17415,30.99118],[-87.17496,30.98862],[-87.17676,30.98751],[-87.18484,30.98326],[-87.18716,30.98144],[-87.18925,30.97656],[-87.19197,30.97554],[-87.19536,30.97656],[-87.19713,30.9765],[-87.19951,30.97386],[-87.20198,30.97244],[-87.20351,30.97067],[-87.20489,30.96988],[-87.20897,30.9687],[-87.21299,30.96694],[-87.21255,30.96354],[-87.2132,30.96203],[-87.2142,30.96194],[-87.21838,30.96375],[-87.22763,30.96111],[-87.22989,30.96259],[-87.23122,30.96378],[-87.23133,30.96517],[-87.22997,30.96723],[-87.23143,30.96832],[-87.23299,30.96749],[-87.2359,30.964],[-87.23754,30.9629],[-87.24183,30.96141],[-87.24123,30.95946],[-87.23829,30.95819],[-87.23966,30.95551],[-87.23999,30.9533],[-87.24222,30.95143],[-87.24122,30.94919],[-87.2426,30.94789],[-87.24493,30.94729],[-87.24579,30.9461],[-87.24606,30.94272],[-87.24853,30.94202],[-87.25077,30.94428],[-87.25183,30.94392],[-87.2522,30.94257],[-87.25062,30.93992],[-87.25059,30.93875],[-87.25303,30.937],[-87.2555,30.93159],[-87.256,30.93119],[-87.25937,30.93165],[-87.26045,30.93547],[-87.26176,30.93515],[-87.26331,30.93133],[-87.26487,30.93073],[-87.26547,30.93191],[-87.2651,30.93391],[-87.26585,30.93483],[-87.26758,30.93473],[-87.27078,30.93228],[-87.27409,30.9319],[-87.27598,30.93009],[-87.27539,30.92705],[-87.27676,30.92589],[-87.27913,30.92601],[-87.28229,30.92483],[-87.28428,30.92477],[-87.28688,30.92544],[-87.28701,30.92468],[-87.28347,30.92109],[-87.28321,30.91884],[-87.28536,30.91773],[-87.28862,30.91721],[-87.28866,30.91578],[-87.28646,30.91517],[-87.28428,30.91579],[-87.28325,30.91494],[-87.28349,30.913],[-87.28218,30.9104],[-87.2844,30.90856],[-87.28647,30.90793],[-87.28814,30.9096],[-87.29009,30.90939],[-87.29051,30.90823],[-87.28665,30.90506],[-87.28545,30.90362],[-87.28523,30.90175],[-87.28601,30.89503],[-87.28347,30.89324],[-87.28314,30.89209],[-87.28449,30.88799],[-87.2853,30.88747],[-87.28876,30.8868],[-87.29404,30.88445],[-87.29487,30.88332],[-87.29844,30.88125],[-87.29848,30.88043],[-87.29673,30.87942],[-87.29664,30.87854],[-87.29872,30.87778],[-87.29881,30.87563],[-87.29957,30.87486],[-87.29933,30.8735],[-87.29766,30.87283],[-87.29746,30.87175],[-87.29882,30.86957],[-87.30089,30.86807],[-87.30152,30.86672],[-87.30153,30.86343],[-87.30522,30.86301],[-87.30812,30.86444],[-87.30914,30.86378],[-87.30918,30.86156],[-87.31021,30.85999],[-87.30986,30.8582],[-87.31062,30.85495],[-87.31391,30.84871],[-87.31384,30.84798],[-87.31361,30.84727],[-87.3115,30.84684],[-87.30876,30.8472],[-87.30628,30.84799],[-87.3059,30.84637],[-87.30725,30.84513],[-87.30797,30.84301],[-87.30659,30.84154],[-87.30253,30.84224],[-87.30135,30.8407],[-87.30332,30.83983],[-87.30364,30.83911],[-87.30344,30.83848],[-87.30065,30.83715],[-87.2999,30.83506],[-87.30032,30.8344],[-87.30253,30.83394],[-87.30251,30.83266],[-87.30167,30.8313],[-87.30159,30.82799],[-87.30027,30.82808],[-87.29836,30.82735],[-87.29692,30.82424],[-87.29736,30.82079],[-87.2974,30.81693],[-87.29688,30.81512],[-87.29308,30.81235],[-87.29277,30.81128],[-87.29392,30.80988],[-87.29646,30.80868],[-87.29742,30.8045],[-87.29933,30.80139],[-87.30273,30.80167],[-87.30367,30.79944],[-87.30546,30.79857],[-87.30571,30.79263],[-87.30315,30.79216],[-87.30191,30.79014],[-87.30227,30.78944],[-87.3044,30.7891],[-87.30603,30.79119],[-87.30765,30.79087],[-87.30954,30.78933],[-87.3082,30.78838],[-87.30592,30.78872],[-87.30556,30.78728],[-87.3073,30.78745],[-87.30954,30.78652],[-87.31188,30.78649],[-87.31268,30.78552],[-87.31154,30.78347],[-87.30957,30.7826],[-87.30921,30.78045],[-87.30997,30.77848],[-87.3088,30.77597],[-87.30732,30.7762],[-87.30637,30.77761],[-87.30518,30.77724],[-87.30553,30.77598],[-87.30746,30.77511],[-87.31023,30.77295],[-87.31059,30.77171],[-87.30921,30.77052],[-87.30577,30.77014],[-87.30437,30.76595],[-87.30419,30.76553],[-87.303,30.76551],[-87.30261,30.76583],[-87.30206,30.7671],[-87.30076,30.76752],[-87.29961,30.76611],[-87.29963,30.76411],[-87.30039,30.76341],[-87.30175,30.7643],[-87.30309,30.76337],[-87.30458,30.76374],[-87.3052,30.76095],[-87.3041,30.76022],[-87.30204,30.76062],[-87.30417,30.7579],[-87.30604,30.75956],[-87.30742,30.75876],[-87.30712,30.75621],[-87.30573,30.75549],[-87.30736,30.75362],[-87.30874,30.75386],[-87.31033,30.75166],[-87.31048,30.75065],[-87.30969,30.74863],[-87.31029,30.7469],[-87.30815,30.74504],[-87.31079,30.74392],[-87.31112,30.74289],[-87.30954,30.74171],[-87.3106,30.74042],[-87.31155,30.74137],[-87.31237,30.74064],[-87.31134,30.73792],[-87.3126,30.73735],[-87.31198,30.73649],[-87.31241,30.73477],[-87.3085,30.72691],[-87.30488,30.72345],[-87.30145,30.72142],[-87.30266,30.71937],[-87.29981,30.71993],[-87.29819,30.71959],[-87.29785,30.71766],[-87.29483,30.7178],[-87.29487,30.71963],[-87.29642,30.72039],[-87.29575,30.72086],[-87.29404,30.72109],[-87.29254,30.72056],[-87.29281,30.7186],[-87.29195,30.71848],[-87.28956,30.72082],[-87.28867,30.72083],[-87.28753,30.71935],[-87.28351,30.71976],[-87.28091,30.71936],[-87.27886,30.71647],[-87.2765,30.71575],[-87.2771,30.71345],[-87.27471,30.71401],[-87.27509,30.71643],[-87.27309,30.71732],[-87.27223,30.71618],[-87.27313,30.7147],[-87.27245,30.71366],[-87.2702,30.71298],[-87.26941,30.71169],[-87.26844,30.70626],[-87.27039,30.70417],[-87.27051,30.70329],[-87.26809,30.70233],[-87.26784,30.70107],[-87.26918,30.69965],[-87.27251,30.70055],[-87.27312,30.69866],[-87.27178,30.69579],[-87.27336,30.69352],[-87.2716,30.694],[-87.27022,30.69299],[-87.27037,30.69141],[-87.26814,30.68957],[-87.26579,30.68905],[-87.2655,30.688],[-87.26747,30.68631],[-87.26581,30.68549],[-87.26777,30.68059],[-87.2688,30.67933],[-87.26888,30.67857],[-87.26664,30.67814],[-87.26631,30.67659],[-87.26806,30.6742],[-87.26675,30.6729],[-87.2667,30.67029],[-87.26623,30.66779],[-87.26688,30.6649],[-87.2646,30.66398],[-87.26429,30.66188],[-87.26644,30.65849],[-87.26427,30.65657],[-87.26384,30.65254],[-87.26474,30.65128],[-87.26446,30.64868],[-87.26356,30.64689],[-87.26147,30.64563],[-87.26101,30.64191],[-87.25914,30.638],[-87.25682,30.63531],[-87.25674,30.63436],[-87.25837,30.63343],[-87.25869,30.63105],[-87.25951,30.62993],[-87.25694,30.62856],[-87.25621,30.62613],[-87.25397,30.62586],[-87.25224,30.62493],[-87.25196,30.6239],[-87.25226,30.62336],[-87.25621,30.62349],[-87.25731,30.62171],[-87.25987,30.62149],[-87.26076,30.62029],[-87.25968,30.6199],[-87.25877,30.61878],[-87.25861,30.61685],[-87.25716,30.61469],[-87.25738,30.61386],[-87.25951,30.61205],[-87.25888,30.61128],[-87.25626,30.61115],[-87.2537,30.60867],[-87.25109,30.60778],[-87.24966,30.60589],[-87.24895,30.60675],[-87.24551,30.60584],[-87.24375,30.60223],[-87.24641,30.60017],[-87.24642,30.59793],[-87.24378,30.59712],[-87.2425,30.59702],[-87.24039,30.59567],[-87.23658,30.59661],[-87.23477,30.59581],[-87.23405,30.59448],[-87.23428,30.59155],[-87.23047,30.58996],[-87.23074,30.58889],[-87.23228,30.58818],[-87.2324,30.5869],[-87.23081,30.58545],[-87.22651,30.58279],[-87.22522,30.58139],[-87.22291,30.5726],[-87.21829,30.56598],[-87.21704,30.56402],[-87.21653,30.56343],[-87.21389,30.56045],[-87.21202,30.55755],[-87.20971,30.55527],[-87.20767,30.55431],[-87.20309,30.55327],[-87.20042,30.55232],[-87.19717,30.5496],[-87.1953,30.54891],[-87.19478,30.54889],[-87.18989,30.5488],[-87.17981,30.54475],[-87.15933,30.53926],[-87.15729,30.53795],[-87.15409,30.5353],[-87.15204,30.53282],[-87.1481,30.52705],[-87.14581,30.52415],[-87.14324,30.51977],[-87.1431,30.51954],[-87.13681,30.51164],[-87.12145,30.49742],[-87.12571,30.4855],[-87.12706,30.48255],[-87.13331,30.46864],[-87.13357,30.46723],[-87.13452,30.46204],[-87.13938,30.44498],[-87.14138,30.43709],[-87.14155,30.43648],[-87.14472,30.42746],[-87.1482,30.419],[-87.15135,30.41354],[-87.15191,30.4126],[-87.16117,30.40561],[-87.1823,30.39477],[-87.18465,30.39356],[-87.20889,30.38114],[-87.21301,30.37902],[-87.21621,30.37738],[-87.22018,30.37598],[-87.2244,30.37473],[-87.23328,30.37033],[-87.23305,30.36697],[-87.23143,30.34331],[-87.22897,30.34284],[-87.20742,30.34182],[-87.20245,30.33996],[-87.19642,30.33837],[-87.19209,30.33777],[-87.18774,30.33739],[-87.18201,30.33625],[-87.17902,30.33593],[-87.17559,30.33703],[-87.17087,30.33912],[-87.16882,30.34085],[-87.15363,30.34814],[-87.15312,30.34838],[-87.14778,30.34909],[-87.1373,30.34959],[-87.1314,30.3501],[-87.12606,30.35082],[-87.11393,30.35196],[-87.10207,30.35315],[-87.1014,30.35315],[-87.09444,30.35446],[-87.07441,30.35867],[-87.03231,30.36781],[-86.9727,30.38111],[-86.95174,30.38322],[-86.91894,30.38651],[-86.91887,30.37093],[-86.953,30.36536],[-87.00588,30.35593],[-87.04855,30.34824],[-87.0935,30.33939],[-87.15539,30.32775],[-87.1919,30.32322],[-87.20601,30.32147],[-87.22631,30.31935],[-87.24998,30.31747],[-87.2709,30.31675],[-87.28777,30.32116],[-87.29609,30.32567],[-87.30025,30.32814],[-87.3012,30.33029],[-87.30377,30.32926],[-87.3106,30.32653],[-87.31249,30.32578],[-87.31237,30.32424],[-87.31439,30.32147],[-87.33008,30.31767],[-87.35064,30.31336],[-87.38344,30.30639],[-87.41434,30.299],[-87.42741,30.29633],[-87.4512,30.29325],[-87.45355,30.29295],[-87.46496,30.29059],[-87.4816,30.28761],[-87.49218,30.28515],[-87.50062,30.28363],[-87.51832,30.28044],[-87.51834,30.28157],[-87.51836,30.28293],[-87.51838,30.2839],[-87.50548,30.2871],[-87.49998,30.2879],[-87.45238,30.3002],[-87.45008,30.3111],[-87.45558,30.3102],[-87.45958,30.3083],[-87.46298,30.3078],[-87.46578,30.3076],[-87.46868,30.3082],[-87.47588,30.3079],[-87.48188,30.306],[-87.48368,30.3048],[-87.49488,30.305],[-87.5023,30.30716],[-87.50278,30.3073],[-87.50468,30.3089],[-87.505,30.30996],[-87.50578,30.3125],[-87.50584,30.31509],[-87.50594,30.3194],[-87.5047,30.32404],[-87.50257,30.3274],[-87.49998,30.32896],[-87.49204,30.33086],[-87.49188,30.3309],[-87.47558,30.3314],[-87.46727,30.33288],[-87.46488,30.3333],[-87.46298,30.334],[-87.45998,30.3363],[-87.45228,30.3441],[-87.45096,30.34626],[-87.45198,30.3603],[-87.45188,30.365],[-87.45138,30.3672],[-87.44908,30.3704],[-87.44182,30.3763],[-87.43868,30.3808],[-87.43868,30.3821],[-87.44088,30.3867],[-87.44118,30.3886],[-87.44068,30.3915],[-87.43839,30.39446],[-87.43728,30.3959],[-87.43428,30.3975],[-87.43178,30.4032],[-87.43069,30.40484],[-87.43068,30.40484],[-87.42958,30.4065],[-87.42618,30.4092],[-87.42268,30.4101],[-87.41918,30.4102],[-87.41318,30.409],[-87.40888,30.4088],[-87.40477,30.40986],[-87.40348,30.4102],[-87.40178,30.4114],[-87.39878,30.4151],[-87.39568,30.4176],[-87.38638,30.4205],[-87.38435,30.42163],[-87.38208,30.4229],[-87.37117,30.43049],[-87.36819,30.43341],[-87.36761,30.43458],[-87.36659,30.43665],[-87.36694,30.44048],[-87.36868,30.44463],[-87.37077,30.44686],[-87.37827,30.44919],[-87.38118,30.4501],[-87.39198,30.4516],[-87.39688,30.4506],[-87.39988,30.451],[-87.40468,30.4529],[-87.40788,30.4564],[-87.41468,30.4573],[-87.42508,30.4656],[-87.42958,30.4706],[-87.43058,30.4766],[-87.43158,30.4777],[-87.43468,30.4792],[-87.43558,30.4805],[-87.43477,30.48187],[-87.43298,30.4849],[-87.43058,30.4911],[-87.43118,30.4958],[-87.43827,30.50536],[-87.43969,30.50665],[-87.44322,30.50678],[-87.44471,30.50749],[-87.4477,30.51046],[-87.44778,30.51191],[-87.4473,30.51263],[-87.4465,30.51357],[-87.44518,30.51398],[-87.44494,30.51494],[-87.44643,30.52031],[-87.44647,30.52222],[-87.44659,30.52707],[-87.43544,30.54914],[-87.43496,30.5496],[-87.43144,30.55026],[-87.42789,30.55416],[-87.42604,30.56007],[-87.42336,30.56142],[-87.4228,30.56138],[-87.42241,30.56044],[-87.42092,30.56067],[-87.41865,30.56184],[-87.41666,30.56631],[-87.41695,30.568],[-87.41851,30.56956],[-87.41835,30.57004],[-87.41626,30.57245],[-87.41451,30.57346],[-87.41271,30.57323],[-87.41247,30.57386],[-87.41246,30.57388],[-87.40874,30.5837],[-87.40656,30.59993],[-87.4046,30.60339],[-87.40118,30.6044],[-87.39927,30.60561],[-87.39731,30.60873],[-87.39503,30.61528],[-87.39505,30.6159],[-87.39643,30.61691],[-87.39643,30.61773],[-87.39566,30.62337],[-87.39448,30.62519],[-87.39377,30.62701],[-87.39376,30.62737],[-87.39362,30.6303],[-87.39359,30.63088],[-87.39594,30.64397],[-87.39718,30.64812],[-87.39618,30.65045],[-87.39726,30.65435],[-87.40018,30.65722],[-87.40071,30.65715],[-87.40587,30.66662],[-87.40712,30.6718],[-87.40656,30.67402],[-87.40696,30.67516],[-87.41274,30.67806],[-87.41953,30.67998],[-87.42488,30.68337],[-87.43037,30.68865],[-87.43602,30.68867],[-87.43981,30.69048],[-87.4401,30.69074],[-87.44228,30.69268],[-87.44358,30.6946],[-87.44936,30.69891],[-87.4514,30.69981],[-87.45695,30.69756],[-87.46634,30.70084],[-87.46772,30.70168],[-87.4704,30.70528],[-87.47443,30.70659],[-87.47958,30.71287],[-87.47982,30.71495],[-87.48122,30.71651],[-87.48704,30.7185],[-87.49677,30.72035],[-87.49751,30.72012],[-87.49848,30.72042],[-87.50232,30.72159],[-87.50515,30.72631],[-87.51173,30.73353],[-87.52361,30.73831],[-87.53261,30.74349],[-87.53536,30.74977],[-87.53542,30.75476],[-87.53653,30.76138],[-87.53708,30.76253],[-87.54226,30.7675],[-87.54616,30.77202],[-87.54536,30.7741],[-87.54504,30.77867],[-87.55205,30.78625],[-87.55295,30.78694],[-87.55484,30.78712],[-87.55948,30.79045],[-87.56007,30.79226],[-87.56421,30.79625],[-87.56814,30.79909],[-87.57204,30.80053],[-87.57685,30.80816],[-87.58187,30.8124],[-87.58787,30.81504],[-87.5943,30.81698],[-87.60049,30.82063],[-87.60163,30.82514],[-87.60357,30.82862],[-87.60578,30.8313],[-87.61098,30.83263],[-87.61592,30.83469],[-87.61537,30.83703],[-87.61728,30.84035],[-87.62414,30.84571],[-87.62607,30.84649],[-87.62732,30.84796],[-87.6265,30.85188],[-87.62538,30.85436],[-87.62623,30.85713],[-87.62824,30.86013],[-87.63494,30.86589],[-87.63484,30.86611],[-87.62999,30.87769]]]}},{"type":"Feature","properties":{"name":"Freebee Aventura","boundary_type":"city","source":"Census TIGER place","fidelity":"exact","updated":"2026-09","units":"Aventura city","note":"City of Aventura; service covers city","confidence":0.95},"geometry":{"type":"Polygon","coordinates":[[[-80.14915,25.94234],[-80.14758,25.94746],[-80.14711,25.94931],[-80.14711,25.95218],[-80.14721,25.95507],[-80.14726,25.95577],[-80.1475,25.96358],[-80.1475,25.96373],[-80.14786,25.97441],[-80.1435,25.97451],[-80.14212,25.97468],[-80.13387,25.97487],[-80.13386,25.97411],[-80.13041,25.97423],[-80.12387,25.97448],[-80.12331,25.9751],[-80.12367,25.96971],[-80.12356,25.9675],[-80.12399,25.96317],[-80.12377,25.96191],[-80.1241,25.95938],[-80.12427,25.95843],[-80.12514,25.95703],[-80.12549,25.95561],[-80.12587,25.95413],[-80.12651,25.95194],[-80.12802,25.95062],[-80.12831,25.94898],[-80.12741,25.94703],[-80.12787,25.94451],[-80.13129,25.93962],[-80.13168,25.93825],[-80.13301,25.93837],[-80.13378,25.93834],[-80.13932,25.93818],[-80.13969,25.93817],[-80.13999,25.93815],[-80.14033,25.93813],[-80.14077,25.93811],[-80.14795,25.93122],[-80.14822,25.93788],[-80.14978,25.93827],[-80.14994,25.93777],[-80.1506,25.93773],[-80.14915,25.94234]]]}},{"type":"Feature","properties":{"name":"Freebee Coral Gables","boundary_type":"city","source":"Census TIGER place","fidelity":"approximate","updated":"2026-09","units":"Coral Gables city","note":"Downtown Coral Gables; partial city coverage","confidence":0.85},"geometry":{"type":"Polygon","coordinates":[[[-80.29698,25.63744],[-80.29639,25.63863],[-80.29194,25.63866],[-80.28919,25.64274],[-80.29063,25.64506],[-80.28345,25.6453],[-80.28364,25.65264],[-80.28557,25.65261],[-80.28384,25.65584],[-80.28383,25.66005],[-80.28807,25.65996],[-80.28871,25.6619],[-80.29001,25.66187],[-80.29006,25.66414],[-80.28396,25.66429],[-80.28393,25.66376],[-80.28144,25.66412],[-80.28003,25.66551],[-80.27977,25.66615],[-80.28345,25.66871],[-80.28399,25.67012],[-80.2846,25.68795],[-80.28484,25.68906],[-80.28486,25.68967],[-80.26992,25.69015],[-80.26859,25.69243],[-80.26868,25.69572],[-80.26877,25.69764],[-80.26901,25.70452],[-80.26831,25.70231],[-80.26688,25.70237],[-80.26696,25.70518],[-80.26903,25.70511],[-80.27103,25.70503],[-80.27104,25.70313],[-80.27201,25.70311],[-80.27205,25.70499],[-80.2731,25.70495],[-80.27721,25.70478],[-80.27721,25.70554],[-80.27926,25.70546],[-80.27923,25.7047],[-80.2854,25.70444],[-80.28551,25.70751],[-80.28567,25.71174],[-80.28579,25.71532],[-80.28589,25.71816],[-80.28599,25.72084],[-80.28606,25.72225],[-80.28605,25.72272],[-80.2861,25.72351],[-80.28614,25.72475],[-80.28622,25.72648],[-80.28627,25.72797],[-80.2864,25.73122],[-80.28652,25.73404],[-80.28675,25.73856],[-80.28683,25.7399],[-80.28707,25.74471],[-80.28727,25.74843],[-80.28757,25.75629],[-80.28766,25.75869],[-80.28785,25.76356],[-80.2838,25.76371],[-80.27966,25.76387],[-80.27926,25.76389],[-80.27561,25.76401],[-80.27331,25.76409],[-80.27146,25.76417],[-80.27045,25.76421],[-80.2714,25.76235],[-80.27123,25.75723],[-80.2671,25.75702],[-80.26298,25.75716],[-80.26295,25.7562],[-80.2609,25.75623],[-80.261,25.759],[-80.26126,25.7645],[-80.26085,25.76451],[-80.25922,25.76457],[-80.25941,25.76813],[-80.25846,25.77056],[-80.25541,25.77064],[-80.25545,25.77136],[-80.25485,25.77183],[-80.25417,25.77185],[-80.25441,25.77008],[-80.25536,25.77003],[-80.25528,25.7682],[-80.25514,25.76469],[-80.25508,25.763],[-80.255,25.76103],[-80.25499,25.76065],[-80.25494,25.75913],[-80.25491,25.75835],[-80.25483,25.75725],[-80.2548,25.75603],[-80.25474,25.75332],[-80.25457,25.74986],[-80.25446,25.74613],[-80.25433,25.74299],[-80.25432,25.74255],[-80.25431,25.74247],[-80.25444,25.74247],[-80.25623,25.74201],[-80.25619,25.73905],[-80.25817,25.73863],[-80.25803,25.73492],[-80.25792,25.73218],[-80.25586,25.73129],[-80.25567,25.72755],[-80.25866,25.72745],[-80.2585,25.72498],[-80.26161,25.72483],[-80.26155,25.72361],[-80.26137,25.71994],[-80.26116,25.71414],[-80.2611,25.71267],[-80.261,25.70904],[-80.25281,25.70933],[-80.24776,25.70952],[-80.2475,25.70921],[-80.24608,25.70752],[-80.2455,25.70207],[-80.24511,25.69842],[-80.24732,25.69758],[-80.24982,25.69019],[-80.25583,25.68062],[-80.25576,25.67789],[-80.2574,25.67778],[-80.26001,25.67468],[-80.26014,25.67452],[-80.26262,25.66924],[-80.26531,25.66249],[-80.26561,25.66173],[-80.26733,25.65898],[-80.26759,25.65762],[-80.26819,25.65449],[-80.26618,25.65273],[-80.26645,25.65217],[-80.2683,25.65175],[-80.26865,25.65052],[-80.2698,25.6478],[-80.27068,25.64755],[-80.2713,25.64455],[-80.272,25.63919],[-80.27583,25.63739],[-80.27828,25.63252],[-80.28288,25.62539],[-80.28298,25.63033],[-80.28788,25.63028],[-80.28798,25.63028],[-80.29109,25.63022],[-80.29288,25.6302],[-80.29289,25.63042],[-80.29304,25.63392],[-80.29801,25.63377],[-80.30119,25.63422],[-80.3013,25.63736],[-80.29698,25.63744]]]}},{"type":"Feature","properties":{"name":"Freebee Deerfield Beach","boundary_type":"city","source":"Census TIGER place","fidelity":"approximate","updated":"2026-09","units":"Deerfield Beach city","note":"Pickups allowed from anywhere in the City of Deerfield Beach, but dropoffs/trips must begin or end in the CRA District 'Inner Zone' along Hillsboro Blvd east of US-1 and the beachside area (no street-level boundary published, map image only). Service is a subset of city limits, not citywide. Sources: deerfield-beach.com/2189/Freebee-Rideshare, ridefreebee.com/service-areas/deerfield-beach.","confidence":0.7},"geometry":{"type":"Polygon","coordinates":[[[-80.15345,26.32777],[-80.12866,26.3278],[-80.12833,26.32772],[-80.12012,26.32779],[-80.11704,26.32785],[-80.10727,26.32786],[-80.09924,26.32764],[-80.09844,26.32673],[-80.09845,26.3252],[-80.09853,26.32469],[-80.09914,26.32347],[-80.09882,26.32283],[-80.09827,26.3226],[-80.09637,26.32243],[-80.09563,26.32415],[-80.09205,26.32635],[-80.09091,26.32561],[-80.09078,26.32555],[-80.0895,26.32504],[-80.08881,26.32211],[-80.08791,26.32077],[-80.08061,26.32081],[-80.08052,26.32081],[-80.07938,26.32078],[-80.07676,26.32089],[-80.07573,26.32091],[-80.07484,26.32103],[-80.07526,26.31866],[-80.07561,26.31454],[-80.07605,26.30937],[-80.07639,26.30538],[-80.07946,26.30519],[-80.08009,26.30154],[-80.08024,26.30065],[-80.08028,26.29795],[-80.08029,26.29705],[-80.08249,26.29704],[-80.08292,26.2979],[-80.08919,26.29776],[-80.08906,26.2941],[-80.09316,26.29398],[-80.0933,26.2972],[-80.09226,26.29783],[-80.09418,26.29767],[-80.09737,26.29763],[-80.1059,26.29746],[-80.10629,26.29363],[-80.10823,26.29369],[-80.10926,26.29002],[-80.11351,26.27527],[-80.11377,26.27526],[-80.11393,26.27525],[-80.11945,26.27516],[-80.12338,26.27508],[-80.12496,26.27503],[-80.13035,26.275],[-80.13106,26.27499],[-80.13422,26.27496],[-80.1358,26.27495],[-80.15206,26.27454],[-80.15816,26.27447],[-80.15817,26.27545],[-80.15617,26.27623],[-80.15229,26.27628],[-80.15301,26.28919],[-80.16528,26.28901],[-80.16864,26.28908],[-80.16874,26.30181],[-80.16908,26.30517],[-80.16962,26.31779],[-80.16978,26.32781],[-80.15345,26.32777]]]}},{"type":"Feature","properties":{"name":"Freebee Doral","boundary_type":"city","source":"Census TIGER place","fidelity":"exact","updated":"2026-09","units":"Doral city","note":"City-wide Freebee service in Doral.","confidence":0.95},"geometry":{"type":"Polygon","coordinates":[[[-80.38668,25.8552],[-80.37871,25.8552],[-80.37477,25.85524],[-80.37141,25.85525],[-80.37077,25.85519],[-80.37079,25.85509],[-80.36271,25.85515],[-80.35481,25.85518],[-80.35481,25.8543],[-80.3545,25.84706],[-80.35446,25.84522],[-80.35442,25.84402],[-80.35435,25.84069],[-80.35413,25.83345],[-80.35393,25.82613],[-80.33782,25.82626],[-80.33382,25.82618],[-80.32163,25.82621],[-80.32158,25.8203],[-80.32149,25.81648],[-80.32127,25.80949],[-80.32127,25.80932],[-80.3209,25.80063],[-80.32109,25.79735],[-80.32086,25.78261],[-80.33038,25.7826],[-80.33657,25.7835],[-80.33933,25.78261],[-80.35298,25.78257],[-80.36872,25.78254],[-80.36864,25.78422],[-80.36909,25.79713],[-80.3852,25.79683],[-80.38572,25.79682],[-80.38587,25.80387],[-80.38577,25.81169],[-80.38613,25.81514],[-80.38628,25.81883],[-80.38657,25.82613],[-80.3867,25.8354],[-80.38686,25.84052],[-80.38706,25.84786],[-80.38724,25.85523],[-80.38668,25.8552]]]}},{"type":"Feature","properties":{"name":"Freebee Downtown Miami & Brickell","boundary_type":"city","source":"Census TIGER place","fidelity":"approximate","updated":"2026-09","units":"Miami city","note":"Service covers Downtown Miami, Brickell, and Arts & Entertainment District neighborhoods.","confidence":0.8},"geometry":{"type":"Polygon","coordinates":[[[-80.31304,25.77014],[-80.31223,25.77074],[-80.31161,25.7706],[-80.30972,25.7715],[-80.30968,25.77153],[-80.30955,25.77407],[-80.30849,25.77731],[-80.30791,25.77237],[-80.29614,25.77772],[-80.29239,25.77983],[-80.28842,25.78083],[-80.2822,25.7796],[-80.27906,25.77955],[-80.2764,25.78116],[-80.27427,25.78352],[-80.27425,25.78356],[-80.27418,25.78373],[-80.27096,25.78725],[-80.26517,25.79292],[-80.26402,25.79348],[-80.25615,25.79385],[-80.24798,25.79406],[-80.24206,25.79423],[-80.24026,25.79427],[-80.23982,25.79427],[-80.24002,25.80168],[-80.24011,25.80446],[-80.24014,25.80535],[-80.24023,25.80862],[-80.24631,25.80844],[-80.24836,25.80838],[-80.25649,25.80813],[-80.2578,25.80669],[-80.25845,25.80719],[-80.2585,25.809],[-80.24838,25.80924],[-80.24025,25.80954],[-80.2403,25.81096],[-80.23213,25.8112],[-80.22806,25.81132],[-80.2281,25.81214],[-80.22835,25.81691],[-80.22862,25.8243],[-80.22877,25.82795],[-80.22514,25.82809],[-80.2253,25.8317],[-80.22557,25.83911],[-80.22525,25.83912],[-80.21699,25.8394],[-80.2094,25.83966],[-80.20948,25.84126],[-80.20891,25.84128],[-80.20894,25.84199],[-80.20951,25.84194],[-80.20957,25.84336],[-80.2097,25.84702],[-80.20955,25.84761],[-80.20782,25.8476],[-80.2035,25.8476],[-80.19693,25.8479],[-80.19703,25.85113],[-80.19709,25.85255],[-80.1971,25.85302],[-80.19508,25.85308],[-80.19302,25.85352],[-80.18881,25.85295],[-80.18838,25.85238],[-80.18782,25.85154],[-80.1853,25.85151],[-80.18546,25.85517],[-80.18491,25.85519],[-80.18444,25.8552],[-80.17672,25.85542],[-80.16347,25.85567],[-80.16138,25.85579],[-80.16111,25.84843],[-80.16093,25.84278],[-80.1608,25.8398],[-80.16067,25.83677],[-80.1605,25.83333],[-80.16023,25.82831],[-80.16006,25.82691],[-80.15979,25.8221],[-80.1594,25.81297],[-80.16009,25.8105],[-80.16057,25.80879],[-80.16113,25.80697],[-80.16174,25.80478],[-80.16264,25.80157],[-80.16325,25.79937],[-80.16386,25.79719],[-80.16568,25.7906],[-80.16615,25.78889],[-80.16696,25.78621],[-80.16846,25.78186],[-80.16897,25.7797],[-80.16905,25.77921],[-80.14447,25.76865],[-80.14141,25.76706],[-80.13908,25.76619],[-80.1384,25.76593],[-80.1369,25.76516],[-80.13868,25.76447],[-80.14909,25.7639],[-80.14882,25.76237],[-80.13964,25.75553],[-80.13969,25.75551],[-80.14059,25.75423],[-80.14285,25.75099],[-80.14272,25.74654],[-80.14514,25.74155],[-80.14824,25.73882],[-80.15134,25.73796],[-80.15873,25.7334],[-80.15905,25.73542],[-80.15769,25.73749],[-80.15766,25.73968],[-80.1634,25.73723],[-80.16699,25.74048],[-80.16798,25.73958],[-80.16485,25.73678],[-80.16578,25.73678],[-80.17412,25.74346],[-80.17512,25.74445],[-80.1789,25.74605],[-80.17892,25.74605],[-80.18936,25.74602],[-80.19962,25.74599],[-80.20227,25.74794],[-80.20263,25.74821],[-80.20851,25.7456],[-80.20983,25.74427],[-80.21067,25.74073],[-80.21436,25.7383],[-80.21597,25.73884],[-80.21772,25.73943],[-80.222,25.73665],[-80.22783,25.73349],[-80.22801,25.73339],[-80.2293,25.73402],[-80.22996,25.73345],[-80.22968,25.73262],[-80.23142,25.73155],[-80.23306,25.73168],[-80.23334,25.72976],[-80.23275,25.72905],[-80.23579,25.72604],[-80.23786,25.72723],[-80.23812,25.72691],[-80.23922,25.72559],[-80.24038,25.72421],[-80.24469,25.71788],[-80.24912,25.71338],[-80.24819,25.71003],[-80.24776,25.70952],[-80.25281,25.70933],[-80.261,25.70904],[-80.2611,25.71267],[-80.26116,25.71414],[-80.26137,25.71994],[-80.26155,25.72361],[-80.26161,25.72483],[-80.2585,25.72498],[-80.25866,25.72745],[-80.25567,25.72755],[-80.25586,25.73129],[-80.25792,25.73218],[-80.25803,25.73492],[-80.25817,25.73863],[-80.25619,25.73905],[-80.25623,25.74201],[-80.25444,25.74247],[-80.25431,25.74247],[-80.25432,25.74255],[-80.25433,25.74299],[-80.25446,25.74613],[-80.25457,25.74986],[-80.25474,25.75332],[-80.2548,25.75603],[-80.25483,25.75725],[-80.25491,25.75835],[-80.25494,25.75913],[-80.25499,25.76065],[-80.255,25.76103],[-80.25508,25.763],[-80.25514,25.76469],[-80.25528,25.7682],[-80.25536,25.77003],[-80.25441,25.77008],[-80.25417,25.77185],[-80.25485,25.77183],[-80.25545,25.77136],[-80.25541,25.77064],[-80.25846,25.77056],[-80.25941,25.76813],[-80.25922,25.76457],[-80.26085,25.76451],[-80.26126,25.7645],[-80.26331,25.76442],[-80.267,25.76431],[-80.26738,25.76428],[-80.27045,25.76421],[-80.27146,25.76417],[-80.27331,25.76409],[-80.27561,25.76401],[-80.27926,25.76389],[-80.27966,25.76387],[-80.2838,25.76371],[-80.28785,25.76356],[-80.2919,25.76344],[-80.29499,25.76334],[-80.29804,25.76326],[-80.2999,25.7632],[-80.3039,25.7631],[-80.30743,25.76298],[-80.30981,25.7629],[-80.31186,25.76283],[-80.31573,25.76272],[-80.31777,25.76264],[-80.31577,25.76809],[-80.31304,25.77014]]]}},{"type":"Feature","properties":{"name":"Freebee Fort Pierce","boundary_type":"city","source":"Census TIGER place","fidelity":"approximate","updated":"2026-09","units":"Fort Pierce city","note":"Downtown Fort Pierce & Beachside zones; partial city coverage","confidence":0.85},"geometry":{"type":"MultiPolygon","coordinates":[[[[-80.32394,27.36545],[-80.32577,27.36545],[-80.32394,27.36503],[-80.32393,27.3624],[-80.32451,27.36187],[-80.32594,27.36185],[-80.32826,27.36187],[-80.32797,27.36324],[-80.33005,27.36326],[-80.33001,27.36675],[-80.32596,27.36674],[-80.32394,27.36674],[-80.32394,27.36545]]],[[[-80.38209,27.38558],[-80.3821,27.38567],[-80.3814,27.38636],[-80.38034,27.38538],[-80.38115,27.38468],[-80.38209,27.38558]]],[[[-80.34775,27.39283],[-80.34864,27.39365],[-80.34994,27.39446],[-80.34988,27.39576],[-80.34988,27.39675],[-80.34726,27.39672],[-80.34753,27.39253],[-80.34775,27.39283]]],[[[-80.39432,27.39536],[-80.39012,27.39955],[-80.3964,27.39992],[-80.3977,27.40254],[-80.3969,27.4037],[-80.39843,27.40371],[-80.40732,27.40376],[-80.4075,27.40743],[-80.40466,27.40747],[-80.40384,27.40848],[-80.40307,27.40763],[-80.4,27.40747],[-80.39507,27.40749],[-80.39505,27.40988],[-80.39788,27.40991],[-80.39827,27.41292],[-80.3991,27.41275],[-80.40128,27.41248],[-80.40531,27.41839],[-80.40331,27.41863],[-80.40328,27.42537],[-80.39909,27.42546],[-80.39699,27.42547],[-80.39697,27.42919],[-80.395,27.42919],[-80.39496,27.431],[-80.39907,27.43098],[-80.39906,27.43195],[-80.39767,27.43196],[-80.39738,27.4319],[-80.39738,27.43284],[-80.3979,27.43285],[-80.3979,27.43352],[-80.39906,27.43353],[-80.39905,27.43477],[-80.39493,27.43479],[-80.39493,27.43284],[-80.3886,27.43275],[-80.38855,27.43148],[-80.39143,27.43145],[-80.3898,27.431],[-80.3894,27.4292],[-80.38855,27.4292],[-80.3886,27.42193],[-80.38671,27.42196],[-80.38679,27.42329],[-80.38818,27.42329],[-80.38819,27.4292],[-80.38478,27.42921],[-80.3848,27.431],[-80.38274,27.43101],[-80.38275,27.44006],[-80.37782,27.44009],[-80.37657,27.44208],[-80.3766,27.44636],[-80.37469,27.44635],[-80.37468,27.44758],[-80.37427,27.44758],[-80.37424,27.45209],[-80.37234,27.45209],[-80.37236,27.45115],[-80.37322,27.45116],[-80.37275,27.44899],[-80.37275,27.44758],[-80.36617,27.44758],[-80.36618,27.44684],[-80.36928,27.44684],[-80.36927,27.44746],[-80.37295,27.44746],[-80.37294,27.44464],[-80.36932,27.44464],[-80.36936,27.44002],[-80.36617,27.44018],[-80.36415,27.44015],[-80.36414,27.44179],[-80.36095,27.44231],[-80.36085,27.44327],[-80.36244,27.44334],[-80.36214,27.44484],[-80.36384,27.44484],[-80.36472,27.44389],[-80.36518,27.44571],[-80.36418,27.4457],[-80.36491,27.44747],[-80.36252,27.44746],[-80.36282,27.4457],[-80.35806,27.44582],[-80.35809,27.44753],[-80.3597,27.44759],[-80.35876,27.44884],[-80.35855,27.44846],[-80.35809,27.44971],[-80.35906,27.44937],[-80.35919,27.44961],[-80.36055,27.4521],[-80.36008,27.4527],[-80.3581,27.45299],[-80.35797,27.46572],[-80.35385,27.46568],[-80.34968,27.46568],[-80.34959,27.4685],[-80.34566,27.46822],[-80.34569,27.4661],[-80.34436,27.46565],[-80.34184,27.46563],[-80.34209,27.4674],[-80.34149,27.46844],[-80.3392,27.46814],[-80.33916,27.46556],[-80.3341,27.46521],[-80.33358,27.4651],[-80.33288,27.46516],[-80.33151,27.46601],[-80.32998,27.46668],[-80.33042,27.46898],[-80.33336,27.46905],[-80.33229,27.46726],[-80.33299,27.46636],[-80.33451,27.46633],[-80.33693,27.46976],[-80.34107,27.46974],[-80.34157,27.47108],[-80.34316,27.47109],[-80.34361,27.4693],[-80.34564,27.46932],[-80.34505,27.47064],[-80.34628,27.47111],[-80.3461,27.46973],[-80.34766,27.47064],[-80.3491,27.46978],[-80.34868,27.47203],[-80.34958,27.4717],[-80.34957,27.47495],[-80.34907,27.47618],[-80.34763,27.47618],[-80.34765,27.47383],[-80.3466,27.47247],[-80.34713,27.47429],[-80.34559,27.47474],[-80.34613,27.47618],[-80.34459,27.47556],[-80.34509,27.47339],[-80.3428,27.47472],[-80.34107,27.47382],[-80.33975,27.47199],[-80.34005,27.47406],[-80.33853,27.47291],[-80.33854,27.47304],[-80.33933,27.47389],[-80.33744,27.47384],[-80.33699,27.4754],[-80.33648,27.47531],[-80.33422,27.47528],[-80.33375,27.4741],[-80.3319,27.47465],[-80.33139,27.47241],[-80.32934,27.47035],[-80.32505,27.47179],[-80.32715,27.4764],[-80.32904,27.48374],[-80.32676,27.4837],[-80.3259,27.48396],[-80.32129,27.48375],[-80.31864,27.48192],[-80.31708,27.48179],[-80.31372,27.48389],[-80.31275,27.47965],[-80.31093,27.47843],[-80.30382,27.47466],[-80.30116,27.47276],[-80.29727,27.47063],[-80.2964,27.47072],[-80.29574,27.46981],[-80.29139,27.47031],[-80.29075,27.46984],[-80.29074,27.46967],[-80.29062,27.46651],[-80.28706,27.4578],[-80.28271,27.44715],[-80.28048,27.44169],[-80.27839,27.43586],[-80.27708,27.4335],[-80.28143,27.4335],[-80.28145,27.43534],[-80.28483,27.43534],[-80.28388,27.43316],[-80.28504,27.43293],[-80.28612,27.43423],[-80.28517,27.43452],[-80.28548,27.43678],[-80.28559,27.4463],[-80.29301,27.4464],[-80.3135,27.44642],[-80.31313,27.44542],[-80.31,27.43824],[-80.30683,27.42929],[-80.30126,27.4165],[-80.29868,27.41042],[-80.31214,27.41058],[-80.3116,27.40935],[-80.30775,27.40938],[-80.30638,27.40602],[-80.30861,27.40641],[-80.30787,27.40738],[-80.31076,27.40739],[-80.31276,27.4074],[-80.31303,27.39967],[-80.30876,27.39964],[-80.30879,27.39847],[-80.30879,27.39835],[-80.30575,27.39832],[-80.30453,27.39594],[-80.30455,27.39127],[-80.30106,27.39081],[-80.30455,27.39085],[-80.30456,27.38862],[-80.3015,27.38859],[-80.30146,27.38498],[-80.30052,27.38499],[-80.30056,27.38132],[-80.30602,27.38133],[-80.30682,27.38123],[-80.30918,27.37991],[-80.31097,27.37878],[-80.31222,27.38134],[-80.31966,27.38135],[-80.31969,27.38046],[-80.31785,27.38045],[-80.31785,27.37951],[-80.32178,27.37952],[-80.32195,27.37778],[-80.32386,27.37779],[-80.32385,27.37686],[-80.32586,27.37686],[-80.32585,27.37654],[-80.32491,27.37578],[-80.32478,27.3742],[-80.32491,27.37421],[-80.32577,27.37055],[-80.32387,27.36957],[-80.32397,27.36695],[-80.32596,27.36695],[-80.32796,27.36695],[-80.32794,27.36838],[-80.33,27.36854],[-80.32794,27.36898],[-80.32899,27.37138],[-80.32757,27.37426],[-80.33512,27.3743],[-80.33506,27.37646],[-80.33693,27.37656],[-80.337,27.37728],[-80.33204,27.37803],[-80.33204,27.37913],[-80.33412,27.37903],[-80.33751,27.3796],[-80.33906,27.38054],[-80.33816,27.38461],[-80.33932,27.38462],[-80.33881,27.38556],[-80.3365,27.38514],[-80.33604,27.38602],[-80.33591,27.3907],[-80.33296,27.39063],[-80.33295,27.39187],[-80.33602,27.39196],[-80.33789,27.39264],[-80.33774,27.39643],[-80.34321,27.39668],[-80.34171,27.39717],[-80.34171,27.4003],[-80.34784,27.40033],[-80.34782,27.40141],[-80.34988,27.40141],[-80.34986,27.40334],[-80.34488,27.40388],[-80.3428,27.41099],[-80.3427,27.41098],[-80.34162,27.41303],[-80.34151,27.41446],[-80.34473,27.4148],[-80.34154,27.41527],[-80.34147,27.42008],[-80.34286,27.42011],[-80.34365,27.42191],[-80.34335,27.41883],[-80.3443,27.41954],[-80.34689,27.41955],[-80.34695,27.422],[-80.34805,27.42202],[-80.3481,27.42382],[-80.34362,27.4237],[-80.34364,27.42288],[-80.34151,27.42284],[-80.34148,27.42525],[-80.34821,27.42546],[-80.34817,27.42411],[-80.35031,27.42415],[-80.35011,27.41882],[-80.36026,27.41862],[-80.35615,27.41671],[-80.35606,27.41313],[-80.35389,27.41311],[-80.35396,27.41489],[-80.352,27.41485],[-80.34994,27.4142],[-80.35007,27.41758],[-80.34783,27.41755],[-80.34784,27.4184],[-80.34523,27.41834],[-80.34525,27.41744],[-80.34362,27.4178],[-80.34314,27.41614],[-80.34634,27.41482],[-80.3489,27.41486],[-80.3483,27.41126],[-80.34984,27.41125],[-80.34928,27.41094],[-80.34984,27.40805],[-80.34779,27.40759],[-80.34777,27.40576],[-80.34904,27.40534],[-80.35371,27.40524],[-80.35227,27.40283],[-80.35391,27.40229],[-80.35407,27.39882],[-80.35224,27.39872],[-80.35237,27.39657],[-80.34994,27.39446],[-80.3502,27.39091],[-80.34701,27.39088],[-80.3468,27.38891],[-80.34265,27.38526],[-80.35034,27.38517],[-80.35035,27.38177],[-80.36252,27.38165],[-80.36251,27.38339],[-80.3645,27.3834],[-80.36452,27.38167],[-80.36658,27.38168],[-80.36654,27.38732],[-80.36853,27.38731],[-80.36858,27.3817],[-80.37977,27.38178],[-80.381,27.38379],[-80.37826,27.38626],[-80.38052,27.38713],[-80.37865,27.38878],[-80.37542,27.38878],[-80.37069,27.393],[-80.3707,27.39173],[-80.36785,27.39196],[-80.36983,27.39375],[-80.37147,27.39438],[-80.37307,27.39293],[-80.37306,27.39535],[-80.37448,27.39628],[-80.37054,27.39625],[-80.37046,27.39983],[-80.37457,27.39979],[-80.37452,27.40192],[-80.36982,27.40512],[-80.36845,27.40564],[-80.36685,27.40428],[-80.36654,27.40428],[-80.36629,27.4049],[-80.36617,27.40759],[-80.36518,27.40758],[-80.36378,27.40761],[-80.36433,27.41136],[-80.3642,27.41503],[-80.37172,27.41486],[-80.37259,27.41396],[-80.37517,27.41404],[-80.37655,27.41292],[-80.37841,27.41289],[-80.37838,27.41115],[-80.37364,27.41048],[-80.37388,27.40746],[-80.37289,27.40748],[-80.37442,27.40517],[-80.37451,27.40262],[-80.37662,27.40224],[-80.37763,27.40205],[-80.37762,27.40363],[-80.37871,27.40151],[-80.38274,27.39993],[-80.38273,27.40291],[-80.38078,27.40176],[-80.38073,27.40545],[-80.38268,27.40542],[-80.38268,27.40725],[-80.38282,27.40763],[-80.38288,27.40763],[-80.38281,27.40378],[-80.3883,27.40364],[-80.38918,27.40365],[-80.39011,27.40126],[-80.39002,27.39968],[-80.38796,27.39652],[-80.38461,27.39634],[-80.38408,27.39786],[-80.38294,27.39787],[-80.38222,27.39634],[-80.38377,27.38886],[-80.38372,27.38729],[-80.39027,27.38713],[-80.38656,27.37954],[-80.38726,27.37893],[-80.3884,27.38178],[-80.40682,27.38183],[-80.40824,27.37881],[-80.41031,27.37639],[-80.4125,27.3748],[-80.41468,27.37439],[-80.42794,27.37438],[-80.42782,27.38529],[-80.42182,27.38523],[-80.42172,27.38895],[-80.4009,27.38889],[-80.39432,27.39536]],[[-80.33773,27.47111],[-80.33559,27.47108],[-80.33562,27.47205],[-80.33582,27.4729],[-80.33853,27.47291],[-80.33773,27.47111]],[[-80.34991,27.41343],[-80.35298,27.41368],[-80.35392,27.41128],[-80.35587,27.41131],[-80.35598,27.40992],[-80.35808,27.40856],[-80.35812,27.41038],[-80.36003,27.41143],[-80.36004,27.40771],[-80.36212,27.40761],[-80.36214,27.40434],[-80.36124,27.40376],[-80.3642,27.40425],[-80.36336,27.40564],[-80.3651,27.4062],[-80.3655,27.40377],[-80.36221,27.40168],[-80.36227,27.39994],[-80.36613,27.39981],[-80.36238,27.39947],[-80.36665,27.39742],[-80.36962,27.39493],[-80.36756,27.39404],[-80.36754,27.39514],[-80.36633,27.39512],[-80.36541,27.39626],[-80.36304,27.39623],[-80.36238,27.39747],[-80.36322,27.39853],[-80.36052,27.39951],[-80.35863,27.39778],[-80.35817,27.39777],[-80.35808,27.40552],[-80.36012,27.40552],[-80.35394,27.40569],[-80.35391,27.41106],[-80.3528,27.41126],[-80.34984,27.41125],[-80.34991,27.41343]],[[-80.36024,27.4115],[-80.36202,27.41193],[-80.36204,27.41109],[-80.36301,27.4111],[-80.36304,27.40958],[-80.36206,27.40957],[-80.36204,27.41073],[-80.36085,27.41071],[-80.36041,27.41143],[-80.36003,27.41143],[-80.36024,27.4115]],[[-80.39193,27.43195],[-80.39388,27.43194],[-80.39444,27.42919],[-80.39495,27.42547],[-80.3909,27.42547],[-80.39094,27.42919],[-80.39201,27.42919],[-80.39193,27.43195]],[[-80.39299,27.42013],[-80.39299,27.41924],[-80.39093,27.41921],[-80.39093,27.41979],[-80.39094,27.42011],[-80.39299,27.42013]],[[-80.38376,27.42006],[-80.38478,27.42007],[-80.38478,27.41918],[-80.38276,27.41918],[-80.38276,27.42098],[-80.38375,27.42099],[-80.38376,27.42006]],[[-80.38069,27.42204],[-80.38025,27.4192],[-80.37928,27.41921],[-80.37927,27.42001],[-80.37883,27.42245],[-80.38069,27.42204]],[[-80.37869,27.43471],[-80.37666,27.43472],[-80.37664,27.43662],[-80.37867,27.43661],[-80.37869,27.43471]],[[-80.37451,27.40744],[-80.3764,27.4074],[-80.37638,27.40623],[-80.37558,27.40624],[-80.37558,27.40555],[-80.37456,27.40558],[-80.37451,27.40744]],[[-80.37127,27.43283],[-80.37476,27.4328],[-80.3737,27.42929],[-80.37214,27.42984],[-80.37209,27.43168],[-80.3713,27.43169],[-80.37127,27.43283]],[[-80.36097,27.42387],[-80.36148,27.42388],[-80.36151,27.42462],[-80.361,27.42462],[-80.36151,27.42475],[-80.36153,27.42539],[-80.36665,27.42538],[-80.36666,27.42577],[-80.3674,27.42573],[-80.36743,27.4257],[-80.36745,27.42568],[-80.36761,27.42555],[-80.3682,27.42508],[-80.36831,27.42505],[-80.37096,27.42296],[-80.36657,27.42306],[-80.36654,27.42215],[-80.36854,27.4221],[-80.36918,27.42003],[-80.37064,27.42182],[-80.37063,27.42003],[-80.37152,27.41876],[-80.36431,27.41885],[-80.36451,27.42217],[-80.36038,27.42214],[-80.36097,27.42387]],[[-80.36754,27.40276],[-80.36997,27.39999],[-80.36613,27.40005],[-80.36655,27.40157],[-80.36728,27.40279],[-80.36754,27.40276]],[[-80.36652,27.389],[-80.36436,27.389],[-80.36431,27.39067],[-80.3665,27.39069],[-80.36652,27.389]],[[-80.35827,27.43375],[-80.35816,27.43749],[-80.36022,27.43752],[-80.36023,27.43617],[-80.36229,27.43621],[-80.36225,27.43774],[-80.36146,27.43773],[-80.36144,27.43832],[-80.36223,27.43842],[-80.35814,27.4384],[-80.35809,27.44015],[-80.35807,27.44389],[-80.36002,27.44301],[-80.35944,27.44015],[-80.36314,27.44014],[-80.36548,27.4393],[-80.3648,27.43752],[-80.36626,27.43753],[-80.3663,27.43634],[-80.36575,27.43658],[-80.36391,27.43656],[-80.36392,27.43567],[-80.36229,27.43562],[-80.36323,27.43563],[-80.36325,27.43475],[-80.36635,27.43489],[-80.3664,27.43306],[-80.36028,27.43305],[-80.36027,27.43548],[-80.359,27.43519],[-80.35827,27.43375]],[[-80.36568,27.42677],[-80.36564,27.42557],[-80.36359,27.42557],[-80.3626,27.42813],[-80.36466,27.42672],[-80.36568,27.42677]],[[-80.36496,27.42995],[-80.36523,27.42797],[-80.36383,27.4282],[-80.36356,27.42939],[-80.3645,27.42942],[-80.36496,27.42995]],[[-80.36054,27.42587],[-80.36012,27.42626],[-80.35853,27.4264],[-80.35839,27.43042],[-80.35834,27.4312],[-80.36156,27.42888],[-80.36156,27.42819],[-80.36005,27.42833],[-80.36005,27.42757],[-80.36059,27.42756],[-80.36054,27.42587]],[[-80.35841,27.41466],[-80.35991,27.41407],[-80.36019,27.41272],[-80.35796,27.4131],[-80.35816,27.41585],[-80.35933,27.41586],[-80.35841,27.41466]],[[-80.35026,27.38954],[-80.35121,27.38915],[-80.35839,27.38921],[-80.35842,27.38595],[-80.35642,27.38562],[-80.35642,27.38896],[-80.35028,27.38893],[-80.35026,27.38954]],[[-80.35429,27.42202],[-80.35424,27.42062],[-80.35372,27.42002],[-80.35322,27.42003],[-80.35338,27.42202],[-80.35429,27.42202]],[[-80.34472,27.41692],[-80.34419,27.41691],[-80.34418,27.41714],[-80.34472,27.41713],[-80.34472,27.41692]],[[-80.33388,27.40501],[-80.33388,27.40408],[-80.33301,27.40451],[-80.32967,27.40372],[-80.32588,27.4037],[-80.32589,27.40471],[-80.32729,27.40474],[-80.32732,27.40591],[-80.32589,27.40588],[-80.32589,27.40622],[-80.32653,27.40624],[-80.32652,27.40688],[-80.32727,27.40689],[-80.32727,27.40797],[-80.32589,27.40795],[-80.32591,27.40895],[-80.32966,27.40927],[-80.33385,27.40816],[-80.33385,27.40986],[-80.33187,27.40919],[-80.33185,27.41081],[-80.3337,27.41081],[-80.3375,27.41086],[-80.33742,27.40765],[-80.34168,27.40623],[-80.34166,27.4092],[-80.34284,27.40935],[-80.34164,27.41093],[-80.34252,27.41097],[-80.34443,27.40384],[-80.33801,27.4036],[-80.33777,27.40394],[-80.33572,27.40385],[-80.33388,27.40501]],[[-80.33343,27.40193],[-80.33144,27.40206],[-80.33015,27.40082],[-80.32579,27.4007],[-80.3258,27.40124],[-80.32972,27.40127],[-80.3306,27.402],[-80.33015,27.40217],[-80.32585,27.40221],[-80.32588,27.40321],[-80.33109,27.40358],[-80.33342,27.40294],[-80.33388,27.40275],[-80.33389,27.40316],[-80.33781,27.4032],[-80.33588,27.40252],[-80.33589,27.40129],[-80.3379,27.40139],[-80.33589,27.40095],[-80.3359,27.39999],[-80.33388,27.39989],[-80.33388,27.40043],[-80.33343,27.40193]],[[-80.33097,27.38332],[-80.33213,27.38332],[-80.33213,27.38147],[-80.33396,27.38304],[-80.33409,27.38148],[-80.33244,27.38147],[-80.33205,27.3796],[-80.33101,27.38146],[-80.33097,27.38332]],[[-80.32983,27.39248],[-80.32967,27.39056],[-80.32729,27.39247],[-80.33124,27.39427],[-80.33391,27.3938],[-80.33392,27.39251],[-80.33203,27.3925],[-80.33206,27.39062],[-80.3314,27.3925],[-80.32983,27.39248]],[[-80.32571,27.39854],[-80.32576,27.39999],[-80.32578,27.40034],[-80.33096,27.39923],[-80.33388,27.3996],[-80.33387,27.39702],[-80.33242,27.39718],[-80.33239,27.39778],[-80.32976,27.39854],[-80.32571,27.39854]],[[-80.32997,27.38146],[-80.32999,27.37961],[-80.32798,27.37961],[-80.32682,27.38145],[-80.32898,27.38146],[-80.32997,27.38146]],[[-80.3279,27.38696],[-80.32577,27.38696],[-80.32577,27.3871],[-80.32577,27.38718],[-80.32577,27.38725],[-80.32663,27.38761],[-80.32891,27.38772],[-80.32892,27.38597],[-80.32824,27.38562],[-80.32823,27.38513],[-80.32791,27.38513],[-80.3279,27.38696]],[[-80.32357,27.38144],[-80.32017,27.38138],[-80.31964,27.38324],[-80.31749,27.38323],[-80.31755,27.38875],[-80.32163,27.38877],[-80.32164,27.38693],[-80.32267,27.38694],[-80.32259,27.38511],[-80.32582,27.38513],[-80.32781,27.38513],[-80.32743,27.38325],[-80.32586,27.38296],[-80.32584,27.38408],[-80.3238,27.38405],[-80.32357,27.38144]],[[-80.3214,27.39999],[-80.32412,27.4],[-80.32414,27.3995],[-80.32329,27.3995],[-80.32338,27.39782],[-80.32568,27.39783],[-80.32567,27.39767],[-80.32688,27.39704],[-80.32564,27.39703],[-80.32562,27.39689],[-80.32154,27.39685],[-80.3214,27.39999]],[[-80.3231,27.3911],[-80.31693,27.3916],[-80.31692,27.39196],[-80.32075,27.39201],[-80.32548,27.39223],[-80.32452,27.39182],[-80.32569,27.39131],[-80.32575,27.38884],[-80.32465,27.38884],[-80.32463,27.39015],[-80.32311,27.39014],[-80.3231,27.3911]],[[-80.32308,27.40052],[-80.32138,27.4005],[-80.32136,27.40105],[-80.32304,27.40104],[-80.32308,27.40052]]],[[[-80.39094,27.43296],[-80.39094,27.43347],[-80.39093,27.4338],[-80.38872,27.4338],[-80.38862,27.43296],[-80.39094,27.43296]]],[[[-80.3766,27.44758],[-80.37666,27.44859],[-80.37457,27.44859],[-80.37457,27.44792],[-80.37468,27.44758],[-80.3766,27.44758]]],[[[-80.34761,27.47747],[-80.34756,27.48131],[-80.34601,27.48075],[-80.34609,27.47659],[-80.34955,27.47662],[-80.3511,27.47663],[-80.35108,27.47726],[-80.34955,27.47734],[-80.34966,27.4786],[-80.34897,27.47733],[-80.34761,27.47747]]]]}},{"type":"Feature","properties":{"name":"Freebee Islamorada","boundary_type":"city","source":"Census TIGER place","fidelity":"exact","updated":"2026-09","units":"Islamorada, Village of Islands village","note":"Village-wide Freebee microtransit service covering all of Islamorada, Village of Islands, Monroe County. https://www.islamorada.fl.us/384/Freebee-Ridesharing-Services","confidence":0.9},"geometry":{"type":"MultiPolygon","coordinates":[[[[-80.73691,24.8522],[-80.73548,24.85308],[-80.73699,24.85262],[-80.73624,24.85385],[-80.73763,24.85335],[-80.73851,24.85436],[-80.74065,24.85412],[-80.74079,24.85495],[-80.74051,24.85598],[-80.73991,24.8548],[-80.73817,24.85504],[-80.73726,24.85431],[-80.73781,24.85542],[-80.73964,24.8551],[-80.74053,24.85663],[-80.73933,24.85816],[-80.73528,24.85319],[-80.73194,24.85513],[-80.73329,24.85618],[-80.73572,24.85425],[-80.73885,24.85876],[-80.73649,24.85992],[-80.73633,24.86012],[-80.73409,24.86069],[-80.73082,24.85639],[-80.73414,24.86101],[-80.73595,24.8606],[-80.73412,24.86292],[-80.73297,24.86432],[-80.73123,24.86521],[-80.7293,24.86572],[-80.72665,24.85971],[-80.7295,24.85811],[-80.72915,24.85733],[-80.73027,24.85664],[-80.7254,24.85929],[-80.72669,24.86071],[-80.72876,24.86586],[-80.72785,24.8661],[-80.7263,24.86657],[-80.72285,24.86376],[-80.72364,24.86298],[-80.72638,24.86529],[-80.72722,24.86519],[-80.72578,24.86447],[-80.72478,24.86287],[-80.72642,24.86274],[-80.72594,24.86149],[-80.72324,24.86277],[-80.72087,24.86217],[-80.72289,24.86176],[-80.72556,24.86042],[-80.72463,24.85948],[-80.7232,24.86043],[-80.71673,24.86329],[-80.7168,24.86514],[-80.71447,24.86601],[-80.71232,24.86682],[-80.71071,24.86942],[-80.7069,24.87081],[-80.70467,24.87255],[-80.70435,24.87475],[-80.70503,24.87795],[-80.70408,24.8803],[-80.6995,24.8828],[-80.69642,24.88445],[-80.69621,24.88447],[-80.69539,24.88333],[-80.69902,24.88181],[-80.7018,24.88104],[-80.6992,24.88174],[-80.69659,24.88266],[-80.69571,24.88113],[-80.69417,24.88217],[-80.69125,24.88321],[-80.69143,24.88506],[-80.69065,24.88422],[-80.68987,24.88176],[-80.69153,24.87982],[-80.69403,24.87901],[-80.69599,24.87773],[-80.69819,24.87517],[-80.7005,24.87222],[-80.70182,24.87022],[-80.70333,24.86835],[-80.70547,24.86772],[-80.70864,24.8661],[-80.71073,24.86397],[-80.7146,24.86239],[-80.71843,24.86089],[-80.72126,24.85986],[-80.72576,24.85791],[-80.72981,24.85532],[-80.73104,24.85384],[-80.73162,24.85432],[-80.73621,24.85173],[-80.7353,24.8516],[-80.73302,24.85338],[-80.73341,24.85246],[-80.73748,24.84874],[-80.73941,24.85035],[-80.74132,24.85251],[-80.74106,24.85372],[-80.73801,24.8531],[-80.73691,24.8522]]],[[[-80.65961,24.90501],[-80.65585,24.90647],[-80.65213,24.90727],[-80.64966,24.90847],[-80.64841,24.90986],[-80.64673,24.91009],[-80.64653,24.91134],[-80.64561,24.91104],[-80.6456,24.91255],[-80.64407,24.91274],[-80.64391,24.913],[-80.64333,24.91284],[-80.63912,24.91578],[-80.63588,24.91993],[-80.63565,24.92015],[-80.63402,24.9217],[-80.63376,24.92195],[-80.63202,24.92433],[-80.6295,24.92491],[-80.62908,24.92532],[-80.62285,24.93148],[-80.62162,24.93362],[-80.62079,24.93524],[-80.62008,24.93793],[-80.6205,24.93938],[-80.62141,24.93997],[-80.62356,24.93899],[-80.62389,24.93991],[-80.62341,24.94454],[-80.62067,24.94535],[-80.61952,24.94372],[-80.6186,24.94558],[-80.61626,24.94313],[-80.61623,24.9431],[-80.61621,24.94311],[-80.61382,24.94007],[-80.6131,24.93789],[-80.60783,24.94199],[-80.60779,24.94344],[-80.60877,24.94557],[-80.60826,24.94652],[-80.60976,24.94721],[-80.61194,24.94937],[-80.61239,24.95176],[-80.61221,24.95188],[-80.61088,24.95275],[-80.60727,24.95084],[-80.6051,24.95084],[-80.60583,24.9503],[-80.6046,24.95047],[-80.60528,24.94767],[-80.60286,24.94948],[-80.60145,24.94859],[-80.59846,24.94996],[-80.59763,24.95034],[-80.59695,24.95165],[-80.59575,24.95398],[-80.59652,24.95563],[-80.5967,24.95602],[-80.5977,24.95693],[-80.59392,24.96002],[-80.59267,24.95942],[-80.58934,24.95584],[-80.58848,24.95296],[-80.58932,24.9523],[-80.58769,24.95241],[-80.58583,24.95366],[-80.58312,24.95467],[-80.58388,24.95473],[-80.58672,24.9532],[-80.58696,24.95427],[-80.58348,24.95562],[-80.58716,24.95451],[-80.58883,24.95696],[-80.59228,24.96084],[-80.59317,24.96299],[-80.59227,24.96273],[-80.58871,24.96427],[-80.5866,24.96173],[-80.58564,24.96217],[-80.58507,24.96243],[-80.58403,24.96252],[-80.58296,24.9629],[-80.58246,24.96346],[-80.58264,24.96439],[-80.58397,24.96583],[-80.58386,24.96588],[-80.5835,24.96599],[-80.5836,24.96672],[-80.5824,24.9671],[-80.58155,24.96526],[-80.57917,24.965],[-80.5781,24.96231],[-80.57642,24.96188],[-80.57416,24.96278],[-80.57262,24.9616],[-80.56942,24.96199],[-80.56924,24.96422],[-80.56655,24.96554],[-80.56391,24.96981],[-80.56384,24.96993],[-80.56102,24.96972],[-80.5584,24.97129],[-80.55591,24.97451],[-80.55661,24.97884],[-80.5528,24.98351],[-80.55263,24.98371],[-80.55092,24.98728],[-80.55284,24.98916],[-80.55173,24.99028],[-80.55136,24.99066],[-80.54931,24.9912],[-80.54908,24.99355],[-80.5494,24.99476],[-80.54745,24.99827],[-80.54565,24.99814],[-80.54591,24.99576],[-80.5447,24.99367],[-80.5451,24.99447],[-80.54137,24.99487],[-80.54526,24.9948],[-80.54575,24.99646],[-80.54396,24.99975],[-80.54295,25.00084],[-80.53806,25.00065],[-80.53806,24.99913],[-80.53705,25.00112],[-80.54251,25.00104],[-80.54276,25.00376],[-80.5393,25.00259],[-80.53762,25.00303],[-80.53647,25.00483],[-80.53779,25.00484],[-80.53777,25.00313],[-80.53884,25.00304],[-80.54297,25.00773],[-80.54338,25.00859],[-80.54476,25.01215],[-80.54429,25.01308],[-80.54282,25.01217],[-80.54251,25.01019],[-80.53805,25.00933],[-80.53634,25.0085],[-80.53542,25.00845],[-80.53257,25.00857],[-80.5295,25.00679],[-80.52998,25.00265],[-80.531,25.00072],[-80.5312,24.999],[-80.53673,24.99874],[-80.53116,24.99854],[-80.53181,24.99825],[-80.5319,24.99803],[-80.53258,24.99634],[-80.53279,24.99582],[-80.53298,24.99535],[-80.53428,24.99312],[-80.5356,24.99161],[-80.53692,24.99135],[-80.53975,24.98804],[-80.54111,24.98504],[-80.54316,24.98268],[-80.54769,24.97891],[-80.55034,24.97366],[-80.55169,24.97153],[-80.55492,24.96896],[-80.55526,24.96864],[-80.55772,24.96636],[-80.56033,24.96521],[-80.5613,24.96477],[-80.56256,24.96206],[-80.56569,24.95916],[-80.56576,24.95758],[-80.56688,24.95804],[-80.56705,24.95854],[-80.56763,24.95907],[-80.56809,24.9591],[-80.56885,24.95871],[-80.5686,24.95848],[-80.56733,24.95781],[-80.56577,24.95733],[-80.56578,24.9571],[-80.56852,24.95642],[-80.56934,24.95477],[-80.57153,24.95373],[-80.57221,24.95374],[-80.57244,24.9543],[-80.5722,24.9559],[-80.57233,24.95706],[-80.57299,24.95669],[-80.5728,24.95465],[-80.57318,24.95446],[-80.57262,24.95445],[-80.57236,24.95374],[-80.57394,24.95376],[-80.57582,24.95237],[-80.57775,24.95253],[-80.58118,24.95179],[-80.58372,24.95074],[-80.58525,24.95071],[-80.58705,24.95233],[-80.5876,24.95215],[-80.59116,24.95075],[-80.59001,24.95006],[-80.59487,24.9478],[-80.59808,24.94743],[-80.60128,24.9439],[-80.6074,24.94049],[-80.61206,24.93632],[-80.61797,24.93129],[-80.61973,24.92859],[-80.62285,24.92676],[-80.62671,24.92267],[-80.62689,24.92248],[-80.628,24.92066],[-80.63124,24.91708],[-80.63384,24.91428],[-80.63634,24.91228],[-80.64191,24.9084],[-80.64646,24.90519],[-80.65001,24.90292],[-80.65314,24.9011],[-80.65626,24.89858],[-80.65769,24.89735],[-80.65993,24.89826],[-80.65959,24.89854],[-80.6585,24.8987],[-80.65672,24.89969],[-80.65664,24.90076],[-80.6571,24.90081],[-80.65704,24.89999],[-80.65784,24.89914],[-80.65969,24.89887],[-80.66067,24.89915],[-80.66103,24.90022],[-80.66065,24.90398],[-80.65961,24.90501]]]]}},{"type":"Feature","properties":{"name":"Freebee Key Biscayne","boundary_type":"city","source":"Census TIGER place","fidelity":"exact","updated":"2026-09","units":"Key Biscayne village","note":"Village of Key Biscayne, island community.","confidence":0.95},"geometry":{"type":"Polygon","coordinates":[[[-80.17235,25.69576],[-80.16873,25.69928],[-80.1676,25.70037],[-80.1628,25.7004],[-80.16281,25.70232],[-80.16056,25.70233],[-80.16158,25.7004],[-80.15517,25.7004],[-80.15572,25.69895],[-80.15589,25.69852],[-80.15613,25.696],[-80.1566,25.69115],[-80.1558,25.68621],[-80.15564,25.68523],[-80.15529,25.68303],[-80.15788,25.68281],[-80.16046,25.68247],[-80.17059,25.6815],[-80.17731,25.6866],[-80.17532,25.69169],[-80.17235,25.69576]]]}},{"type":"Feature","properties":{"name":"Freebee Kissimmee","boundary_type":"city","source":"Census TIGER place","fidelity":"exact","updated":"2026-09","units":"Kissimmee city","note":"Downtown and commercial zone service within Kissimmee city.","confidence":0.85},"geometry":{"type":"Polygon","coordinates":[[[-81.47564,28.2739],[-81.47386,28.27532],[-81.47237,28.2775],[-81.47116,28.28119],[-81.47118,28.28333],[-81.47182,28.28574],[-81.47236,28.28749],[-81.47058,28.28753],[-81.4706,28.28574],[-81.46653,28.2857],[-81.46662,28.27842],[-81.45738,28.27869],[-81.45738,28.28071],[-81.45316,28.28068],[-81.45314,28.28613],[-81.45728,28.28614],[-81.45734,28.2845],[-81.45923,28.28449],[-81.45922,28.28579],[-81.46241,28.28578],[-81.46236,28.28942],[-81.4596,28.28943],[-81.45963,28.29304],[-81.46272,28.29302],[-81.46395,28.293],[-81.46396,28.29492],[-81.46497,28.29491],[-81.46494,28.29299],[-81.46634,28.29296],[-81.46656,28.29894],[-81.46802,28.29893],[-81.46803,28.30021],[-81.46659,28.30021],[-81.46659,28.30384],[-81.46662,28.30863],[-81.46487,28.30871],[-81.46295,28.3056],[-81.4605,28.30406],[-81.45917,28.30375],[-81.45631,28.30373],[-81.45645,28.30566],[-81.4581,28.30525],[-81.45922,28.30929],[-81.45896,28.31292],[-81.46039,28.31291],[-81.46068,28.31509],[-81.46187,28.31499],[-81.46253,28.31609],[-81.46251,28.31857],[-81.46004,28.31855],[-81.46003,28.31503],[-81.45838,28.31506],[-81.45836,28.31354],[-81.45683,28.31372],[-81.45692,28.31153],[-81.45334,28.31154],[-81.45337,28.31517],[-81.45154,28.31519],[-81.44925,28.31523],[-81.44931,28.32247],[-81.44652,28.32395],[-81.44325,28.32622],[-81.443,28.32955],[-81.44368,28.33242],[-81.44561,28.33239],[-81.44556,28.33713],[-81.4471,28.33878],[-81.44844,28.34384],[-81.44436,28.34385],[-81.4445,28.34647],[-81.4399,28.34522],[-81.43953,28.34575],[-81.43953,28.34797],[-81.42444,28.34793],[-81.4244,28.33344],[-81.41718,28.33345],[-81.4164,28.33345],[-81.41212,28.33345],[-81.41209,28.32912],[-81.41611,28.32908],[-81.41606,28.32665],[-81.41611,28.32616],[-81.41166,28.3262],[-81.41049,28.31895],[-81.40917,28.31892],[-81.40891,28.31806],[-81.40891,28.31891],[-81.40571,28.31892],[-81.40574,28.32256],[-81.40475,28.32258],[-81.40371,28.32118],[-81.40372,28.31892],[-81.40068,28.31894],[-81.39965,28.32071],[-81.3957,28.32072],[-81.396,28.31893],[-81.39622,28.31892],[-81.39654,28.31765],[-81.39771,28.31764],[-81.39772,28.31893],[-81.39978,28.31894],[-81.39977,28.31807],[-81.40179,28.31755],[-81.40369,28.31754],[-81.4037,28.31469],[-81.40451,28.31469],[-81.40483,28.31436],[-81.4057,28.31422],[-81.40661,28.31458],[-81.40693,28.31354],[-81.40666,28.31283],[-81.4047,28.31254],[-81.4047,28.31171],[-81.40371,28.31169],[-81.40164,28.31172],[-81.40175,28.31558],[-81.3996,28.31606],[-81.39851,28.31518],[-81.39961,28.31273],[-81.39746,28.31251],[-81.39766,28.31172],[-81.39317,28.31169],[-81.39174,28.31312],[-81.39175,28.31195],[-81.39142,28.31312],[-81.39181,28.31484],[-81.39131,28.31528],[-81.39125,28.31897],[-81.38917,28.31894],[-81.38826,28.31894],[-81.38821,28.32015],[-81.38821,28.32136],[-81.38868,28.32136],[-81.39123,28.32138],[-81.39123,28.32186],[-81.39234,28.32186],[-81.39235,28.32258],[-81.39122,28.32254],[-81.39122,28.32199],[-81.38867,28.32197],[-81.38878,28.32255],[-81.38769,28.32253],[-81.387,28.32252],[-81.38699,28.32678],[-81.38626,28.32981],[-81.38725,28.32982],[-81.38726,28.33237],[-81.39114,28.33213],[-81.39232,28.33265],[-81.39203,28.33385],[-81.39079,28.33361],[-81.38986,28.33728],[-81.3885,28.33751],[-81.38967,28.33816],[-81.38912,28.34042],[-81.39036,28.34041],[-81.38852,28.34788],[-81.38338,28.34789],[-81.38099,28.34144],[-81.3797,28.33885],[-81.37951,28.33825],[-81.37757,28.33377],[-81.37434,28.3251],[-81.37136,28.31881],[-81.35809,28.31885],[-81.35435,28.31886],[-81.34761,28.31887],[-81.34506,28.31889],[-81.34371,28.31846],[-81.34163,28.31874],[-81.34018,28.32028],[-81.33923,28.31972],[-81.33388,28.32675],[-81.33052,28.33211],[-81.33033,28.33346],[-81.32283,28.3335],[-81.31823,28.32776],[-81.31514,28.32846],[-81.31476,28.32779],[-81.3149,28.32585],[-81.31683,28.32521],[-81.31698,28.32249],[-81.32358,28.3224],[-81.32425,28.32362],[-81.32426,28.32613],[-81.33245,28.32609],[-81.33242,28.32249],[-81.33575,28.32239],[-81.33649,28.31981],[-81.33452,28.31982],[-81.33453,28.31893],[-81.33879,28.3189],[-81.3393,28.31962],[-81.34089,28.31752],[-81.35077,28.30429],[-81.35092,28.30246],[-81.35294,28.30245],[-81.3529,28.29869],[-81.35494,28.29868],[-81.35494,28.30058],[-81.35871,28.30062],[-81.36175,28.30408],[-81.36532,28.30803],[-81.36893,28.30786],[-81.37064,28.31147],[-81.37509,28.31149],[-81.37508,28.30416],[-81.37695,28.30419],[-81.37695,28.30205],[-81.37849,28.30289],[-81.37895,28.30053],[-81.38313,28.3012],[-81.38314,28.30392],[-81.38568,28.30395],[-81.38685,28.30316],[-81.39035,28.30019],[-81.38979,28.29931],[-81.39098,28.29532],[-81.38913,28.29527],[-81.38912,28.29324],[-81.38958,28.29044],[-81.39089,28.29102],[-81.39155,28.2893],[-81.39163,28.28225],[-81.39214,28.28226],[-81.41192,28.28255],[-81.40927,28.27504],[-81.41127,28.27168],[-81.41289,28.26812],[-81.41115,28.26821],[-81.41108,28.26633],[-81.41256,28.26735],[-81.41359,28.2671],[-81.41364,28.26501],[-81.41462,28.26057],[-81.41788,28.26027],[-81.41777,28.25766],[-81.41856,28.25584],[-81.42017,28.25446],[-81.4219,28.25181],[-81.42315,28.25085],[-81.4253,28.25075],[-81.42651,28.25352],[-81.42495,28.25343],[-81.424,28.25229],[-81.42197,28.25264],[-81.42378,28.25336],[-81.42435,28.25436],[-81.42609,28.25416],[-81.42585,28.25505],[-81.42404,28.25518],[-81.42587,28.25595],[-81.42561,28.25765],[-81.42726,28.2575],[-81.42653,28.26002],[-81.42528,28.26142],[-81.42802,28.26097],[-81.42885,28.26142],[-81.43061,28.26061],[-81.43065,28.25906],[-81.42942,28.25759],[-81.43234,28.25642],[-81.43245,28.26053],[-81.43307,28.26065],[-81.43406,28.26175],[-81.43395,28.26169],[-81.43352,28.26132],[-81.43323,28.2611],[-81.43299,28.26095],[-81.43262,28.26079],[-81.43241,28.26072],[-81.43137,28.26364],[-81.42971,28.26394],[-81.42444,28.26245],[-81.42421,28.26712],[-81.42319,28.26711],[-81.42307,28.26842],[-81.4232,28.26819],[-81.42504,28.268],[-81.42505,28.26559],[-81.42851,28.26559],[-81.43089,28.26446],[-81.42696,28.2683],[-81.42842,28.26871],[-81.43331,28.26646],[-81.43377,28.26842],[-81.43605,28.26856],[-81.43656,28.27201],[-81.43141,28.27197],[-81.43143,28.2753],[-81.43232,28.27631],[-81.42818,28.27894],[-81.43659,28.2789],[-81.43659,28.27753],[-81.43758,28.27753],[-81.43758,28.27705],[-81.44181,28.27703],[-81.44178,28.28066],[-81.44043,28.28257],[-81.44682,28.2825],[-81.44893,28.28246],[-81.44893,28.27513],[-81.45214,28.27513],[-81.45732,28.27514],[-81.45723,28.27081],[-81.46263,28.26924],[-81.46664,28.26915],[-81.46854,28.26977],[-81.47469,28.2735],[-81.47475,28.27085],[-81.47275,28.27088],[-81.47277,28.26708],[-81.46882,28.26707],[-81.46882,28.26787],[-81.46388,28.26787],[-81.46264,28.26725],[-81.46676,28.26723],[-81.46677,28.26363],[-81.47085,28.26362],[-81.47088,28.26142],[-81.47088,28.25845],[-81.47478,28.2586],[-81.47667,28.2588],[-81.47743,28.25909],[-81.47792,28.26003],[-81.47801,28.2672],[-81.48561,28.26719],[-81.48419,28.26889],[-81.47564,28.2739]]]}},{"type":"Feature","properties":{"name":"Freebee Miami Gardens","boundary_type":"city","source":"Census TIGER place","fidelity":"exact","updated":"2026-09","units":"Miami Gardens city","note":"City-wide service covering Miami Gardens.","confidence":0.95},"geometry":{"type":"Polygon","coordinates":[[[-80.28473,25.92528],[-80.27673,25.92513],[-80.27698,25.931],[-80.27745,25.93969],[-80.27779,25.94696],[-80.27821,25.95417],[-80.27833,25.95845],[-80.27845,25.96218],[-80.27827,25.96457],[-80.27844,25.97083],[-80.27876,25.97097],[-80.26257,25.9713],[-80.26248,25.9713],[-80.2622,25.97131],[-80.24692,25.97187],[-80.24671,25.97188],[-80.23421,25.9721],[-80.22976,25.97224],[-80.22959,25.97223],[-80.22312,25.97233],[-80.21954,25.97224],[-80.2172,25.97228],[-80.21485,25.97234],[-80.21426,25.9724],[-80.21255,25.97238],[-80.20622,25.97265],[-80.19803,25.97303],[-80.19837,25.97093],[-80.19818,25.96566],[-80.19816,25.96223],[-80.19856,25.95992],[-80.19767,25.95754],[-80.20001,25.95746],[-80.20156,25.95736],[-80.2014,25.94998],[-80.20109,25.9427],[-80.19693,25.94287],[-80.19514,25.94288],[-80.19305,25.94157],[-80.19301,25.94155],[-80.19224,25.94134],[-80.18989,25.94143],[-80.19345,25.9388],[-80.19819,25.93684],[-80.20298,25.93317],[-80.20298,25.9337],[-80.20513,25.93158],[-80.20858,25.93141],[-80.20844,25.9288],[-80.20893,25.92839],[-80.2234,25.91625],[-80.22798,25.91231],[-80.22797,25.91225],[-80.22846,25.91224],[-80.23612,25.91203],[-80.24416,25.91183],[-80.25808,25.91129],[-80.25827,25.91503],[-80.25912,25.91497],[-80.26017,25.91491],[-80.27607,25.91421],[-80.29264,25.91336],[-80.29317,25.92502],[-80.28473,25.92528]]]}},{"type":"Feature","properties":{"name":"Freebee Miami Lakes","boundary_type":"city","source":"Census TIGER place","fidelity":"exact","updated":"2026-09","units":"Miami Lakes town","note":"Town of Miami Lakes service area.","confidence":0.95},"geometry":{"type":"Polygon","coordinates":[[[-80.34177,25.92793],[-80.3416,25.92793],[-80.34041,25.92794],[-80.32649,25.92788],[-80.32593,25.92808],[-80.32556,25.92762],[-80.32531,25.92168],[-80.32487,25.92088],[-80.32303,25.92346],[-80.32186,25.92411],[-80.32055,25.92445],[-80.30939,25.92467],[-80.29726,25.92477],[-80.29317,25.92502],[-80.29264,25.91336],[-80.29251,25.90986],[-80.29202,25.89884],[-80.30019,25.89882],[-80.30821,25.89879],[-80.31623,25.8988],[-80.32427,25.89875],[-80.33177,25.89875],[-80.34037,25.89893],[-80.34505,25.90015],[-80.34681,25.90011],[-80.34725,25.90048],[-80.34819,25.90218],[-80.34768,25.90446],[-80.34867,25.90775],[-80.34908,25.91338],[-80.34971,25.92792],[-80.34177,25.92793]]]}},{"type":"Feature","properties":{"name":"Freebee Palmetto Bay","boundary_type":"city","source":"Census TIGER place","fidelity":"exact","updated":"2026-09","units":"Palmetto Bay village","note":"Village-wide service in Palmetto Bay, South Dade area.","confidence":0.95},"geometry":{"type":"Polygon","coordinates":[[[-80.34963,25.60858],[-80.34717,25.61392],[-80.34676,25.61488],[-80.34559,25.61913],[-80.34349,25.62373],[-80.34346,25.62378],[-80.34109,25.62891],[-80.33762,25.63633],[-80.33534,25.64123],[-80.33533,25.64127],[-80.33411,25.64385],[-80.31776,25.64431],[-80.31372,25.64441],[-80.30967,25.64453],[-80.30824,25.64458],[-80.30156,25.64477],[-80.29337,25.64499],[-80.29063,25.64506],[-80.28919,25.64274],[-80.29194,25.63866],[-80.29639,25.63863],[-80.29698,25.63744],[-80.3013,25.63736],[-80.30119,25.63422],[-80.29801,25.63377],[-80.29304,25.63392],[-80.29289,25.63042],[-80.29288,25.6302],[-80.29109,25.63022],[-80.28798,25.63028],[-80.2877,25.62966],[-80.29374,25.62859],[-80.29465,25.62756],[-80.29679,25.62804],[-80.29943,25.62575],[-80.29907,25.62257],[-80.29779,25.62188],[-80.29827,25.62161],[-80.2988,25.61927],[-80.30008,25.61896],[-80.30151,25.61759],[-80.30337,25.61738],[-80.30539,25.61591],[-80.30668,25.61279],[-80.30701,25.61067],[-80.3072,25.60947],[-80.30827,25.60735],[-80.30911,25.6072],[-80.31,25.59971],[-80.31617,25.59956],[-80.32388,25.59939],[-80.33207,25.59918],[-80.33556,25.59907],[-80.3441,25.59887],[-80.34812,25.59878],[-80.35418,25.59859],[-80.35157,25.60441],[-80.34963,25.60858]]]}},{"type":"Feature","properties":{"name":"Freebee Pinecrest","boundary_type":"city","source":"Census TIGER place","fidelity":"exact","updated":"2026-09","units":"Pinecrest village","note":"Village of Pinecrest, suburban Miami-Dade community.","confidence":0.95},"geometry":{"type":"Polygon","coordinates":[[[-80.33239,25.64765],[-80.3289,25.65516],[-80.32363,25.6664],[-80.32018,25.67387],[-80.31823,25.67762],[-80.31486,25.68249],[-80.3139,25.68371],[-80.31275,25.68493],[-80.31119,25.68647],[-80.30885,25.68852],[-80.30836,25.68887],[-80.30484,25.69175],[-80.30108,25.69138],[-80.29686,25.69095],[-80.29288,25.69059],[-80.29285,25.68937],[-80.28529,25.68965],[-80.28486,25.68967],[-80.28484,25.68906],[-80.2846,25.68795],[-80.28399,25.67012],[-80.28345,25.66871],[-80.27977,25.66615],[-80.28003,25.66551],[-80.28144,25.66412],[-80.28393,25.66376],[-80.28396,25.66429],[-80.29006,25.66414],[-80.29001,25.66187],[-80.28871,25.6619],[-80.28807,25.65996],[-80.28383,25.66005],[-80.28384,25.65584],[-80.28557,25.65261],[-80.28364,25.65264],[-80.28345,25.6453],[-80.29063,25.64506],[-80.29337,25.64499],[-80.30156,25.64477],[-80.30824,25.64458],[-80.30967,25.64453],[-80.31372,25.64441],[-80.31776,25.64431],[-80.33411,25.64385],[-80.33332,25.64561],[-80.33239,25.64765]]]}},{"type":"Feature","properties":{"name":"Freebee Plantation","boundary_type":"city","source":"Census TIGER place","fidelity":"approximate","updated":"2026-09","units":"Plantation city","note":"Plantation Midtown area with expansion planned to Covenant Village and Plantation Central Park","confidence":0.85},"geometry":{"type":"Polygon","coordinates":[[[-80.3228,26.1312],[-80.3214,26.13117],[-80.32142,26.12882],[-80.31991,26.13006],[-80.3164,26.12952],[-80.31534,26.12829],[-80.31526,26.12289],[-80.31418,26.12289],[-80.31395,26.13118],[-80.31393,26.13622],[-80.31392,26.14187],[-80.31394,26.1457],[-80.31394,26.14592],[-80.31396,26.16073],[-80.29805,26.16037],[-80.2978,26.15283],[-80.29778,26.15002],[-80.28396,26.15006],[-80.2833,26.15007],[-80.26779,26.15011],[-80.25701,26.15015],[-80.24513,26.15018],[-80.23503,26.15021],[-80.23481,26.13805],[-80.23471,26.13573],[-80.22667,26.13576],[-80.22677,26.13606],[-80.22681,26.13751],[-80.22423,26.13751],[-80.22014,26.13785],[-80.21938,26.13603],[-80.2191,26.13753],[-80.21866,26.13753],[-80.21656,26.13754],[-80.21618,26.13596],[-80.21578,26.13753],[-80.21266,26.13753],[-80.20263,26.13759],[-80.20254,26.13596],[-80.20127,26.13598],[-80.20153,26.13367],[-80.20177,26.13367],[-80.20122,26.12359],[-80.19969,26.12272],[-80.19726,26.12188],[-80.19724,26.121],[-80.19856,26.12097],[-80.19766,26.12083],[-80.19933,26.12024],[-80.19926,26.11843],[-80.20094,26.11804],[-80.20076,26.11365],[-80.2009,26.10635],[-80.20141,26.10594],[-80.20136,26.10451],[-80.20156,26.10451],[-80.20156,26.10461],[-80.20255,26.10493],[-80.20218,26.10632],[-80.20776,26.10621],[-80.20789,26.10619],[-80.20887,26.10618],[-80.21305,26.10614],[-80.2146,26.10611],[-80.21727,26.09746],[-80.21738,26.0971],[-80.21887,26.09222],[-80.22661,26.09413],[-80.22899,26.09479],[-80.23346,26.09579],[-80.25025,26.09978],[-80.26517,26.10345],[-80.26538,26.10349],[-80.26851,26.10426],[-80.2816,26.10753],[-80.2821,26.10764],[-80.2879,26.10902],[-80.29757,26.11137],[-80.29788,26.11148],[-80.31347,26.11524],[-80.31381,26.11532],[-80.3246,26.1179],[-80.33021,26.11922],[-80.33015,26.13125],[-80.3228,26.1312]]]}},{"type":"Feature","properties":{"name":"Freebee Wynwood & Midtown","boundary_type":"city","source":"Census TIGER place","fidelity":"approximate","updated":"2026-09","units":"Miami city","note":"Service covers Wynwood Arts District, Midtown, and Edgewater neighborhoods within Miami.","confidence":0.8},"geometry":{"type":"Polygon","coordinates":[[[-80.31304,25.77014],[-80.31223,25.77074],[-80.31161,25.7706],[-80.30972,25.7715],[-80.30968,25.77153],[-80.30955,25.77407],[-80.30849,25.77731],[-80.30791,25.77237],[-80.29614,25.77772],[-80.29239,25.77983],[-80.28842,25.78083],[-80.2822,25.7796],[-80.27906,25.77955],[-80.2764,25.78116],[-80.27427,25.78352],[-80.27425,25.78356],[-80.27418,25.78373],[-80.27096,25.78725],[-80.26517,25.79292],[-80.26402,25.79348],[-80.25615,25.79385],[-80.24798,25.79406],[-80.24206,25.79423],[-80.24026,25.79427],[-80.23982,25.79427],[-80.24002,25.80168],[-80.24011,25.80446],[-80.24014,25.80535],[-80.24023,25.80862],[-80.24631,25.80844],[-80.24836,25.80838],[-80.25649,25.80813],[-80.2578,25.80669],[-80.25845,25.80719],[-80.2585,25.809],[-80.24838,25.80924],[-80.24025,25.80954],[-80.2403,25.81096],[-80.23213,25.8112],[-80.22806,25.81132],[-80.2281,25.81214],[-80.22835,25.81691],[-80.22862,25.8243],[-80.22877,25.82795],[-80.22514,25.82809],[-80.2253,25.8317],[-80.22557,25.83911],[-80.22525,25.83912],[-80.21699,25.8394],[-80.2094,25.83966],[-80.20948,25.84126],[-80.20891,25.84128],[-80.20894,25.84199],[-80.20951,25.84194],[-80.20957,25.84336],[-80.2097,25.84702],[-80.20955,25.84761],[-80.20782,25.8476],[-80.2035,25.8476],[-80.19693,25.8479],[-80.19703,25.85113],[-80.19709,25.85255],[-80.1971,25.85302],[-80.19508,25.85308],[-80.19302,25.85352],[-80.18881,25.85295],[-80.18838,25.85238],[-80.18782,25.85154],[-80.1853,25.85151],[-80.18546,25.85517],[-80.18491,25.85519],[-80.18444,25.8552],[-80.17672,25.85542],[-80.16347,25.85567],[-80.16138,25.85579],[-80.16111,25.84843],[-80.16093,25.84278],[-80.1608,25.8398],[-80.16067,25.83677],[-80.1605,25.83333],[-80.16023,25.82831],[-80.16006,25.82691],[-80.15979,25.8221],[-80.1594,25.81297],[-80.16009,25.8105],[-80.16057,25.80879],[-80.16113,25.80697],[-80.16174,25.80478],[-80.16264,25.80157],[-80.16325,25.79937],[-80.16386,25.79719],[-80.16568,25.7906],[-80.16615,25.78889],[-80.16696,25.78621],[-80.16846,25.78186],[-80.16897,25.7797],[-80.16905,25.77921],[-80.14447,25.76865],[-80.14141,25.76706],[-80.13908,25.76619],[-80.1384,25.76593],[-80.1369,25.76516],[-80.13868,25.76447],[-80.14909,25.7639],[-80.14882,25.76237],[-80.13964,25.75553],[-80.13969,25.75551],[-80.14059,25.75423],[-80.14285,25.75099],[-80.14272,25.74654],[-80.14514,25.74155],[-80.14824,25.73882],[-80.15134,25.73796],[-80.15873,25.7334],[-80.15905,25.73542],[-80.15769,25.73749],[-80.15766,25.73968],[-80.1634,25.73723],[-80.16699,25.74048],[-80.16798,25.73958],[-80.16485,25.73678],[-80.16578,25.73678],[-80.17412,25.74346],[-80.17512,25.74445],[-80.1789,25.74605],[-80.17892,25.74605],[-80.18936,25.74602],[-80.19962,25.74599],[-80.20227,25.74794],[-80.20263,25.74821],[-80.20851,25.7456],[-80.20983,25.74427],[-80.21067,25.74073],[-80.21436,25.7383],[-80.21597,25.73884],[-80.21772,25.73943],[-80.222,25.73665],[-80.22783,25.73349],[-80.22801,25.73339],[-80.2293,25.73402],[-80.22996,25.73345],[-80.22968,25.73262],[-80.23142,25.73155],[-80.23306,25.73168],[-80.23334,25.72976],[-80.23275,25.72905],[-80.23579,25.72604],[-80.23786,25.72723],[-80.23812,25.72691],[-80.23922,25.72559],[-80.24038,25.72421],[-80.24469,25.71788],[-80.24912,25.71338],[-80.24819,25.71003],[-80.24776,25.70952],[-80.25281,25.70933],[-80.261,25.70904],[-80.2611,25.71267],[-80.26116,25.71414],[-80.26137,25.71994],[-80.26155,25.72361],[-80.26161,25.72483],[-80.2585,25.72498],[-80.25866,25.72745],[-80.25567,25.72755],[-80.25586,25.73129],[-80.25792,25.73218],[-80.25803,25.73492],[-80.25817,25.73863],[-80.25619,25.73905],[-80.25623,25.74201],[-80.25444,25.74247],[-80.25431,25.74247],[-80.25432,25.74255],[-80.25433,25.74299],[-80.25446,25.74613],[-80.25457,25.74986],[-80.25474,25.75332],[-80.2548,25.75603],[-80.25483,25.75725],[-80.25491,25.75835],[-80.25494,25.75913],[-80.25499,25.76065],[-80.255,25.76103],[-80.25508,25.763],[-80.25514,25.76469],[-80.25528,25.7682],[-80.25536,25.77003],[-80.25441,25.77008],[-80.25417,25.77185],[-80.25485,25.77183],[-80.25545,25.77136],[-80.25541,25.77064],[-80.25846,25.77056],[-80.25941,25.76813],[-80.25922,25.76457],[-80.26085,25.76451],[-80.26126,25.7645],[-80.26331,25.76442],[-80.267,25.76431],[-80.26738,25.76428],[-80.27045,25.76421],[-80.27146,25.76417],[-80.27331,25.76409],[-80.27561,25.76401],[-80.27926,25.76389],[-80.27966,25.76387],[-80.2838,25.76371],[-80.28785,25.76356],[-80.2919,25.76344],[-80.29499,25.76334],[-80.29804,25.76326],[-80.2999,25.7632],[-80.3039,25.7631],[-80.30743,25.76298],[-80.30981,25.7629],[-80.31186,25.76283],[-80.31573,25.76272],[-80.31777,25.76264],[-80.31577,25.76809],[-80.31304,25.77014]]]}},{"type":"Feature","properties":{"name":"Go Glades","boundary_type":"county","source":"Census TIGER county","fidelity":"approximate","updated":"2026-09","units":"Palm Beach County","note":"Glades Region (rural area near Lake Okeechobee in Palm Beach County)","confidence":0.75},"geometry":{"type":"Polygon","coordinates":[[[-80.88582,26.69606],[-80.88595,26.73864],[-80.88596,26.74533],[-80.88596,26.74624],[-80.88589,26.76918],[-80.88564,26.95892],[-80.61806,26.95783],[-80.58024,26.95793],[-80.4824,26.95795],[-80.44379,26.95767],[-80.38469,26.95838],[-80.37484,26.95839],[-80.28743,26.95784],[-80.25583,26.95726],[-80.25474,26.95712],[-80.22313,26.95687],[-80.19064,26.95668],[-80.16784,26.95663],[-80.16711,26.95663],[-80.16645,26.95663],[-80.14201,26.95664],[-80.14192,26.96677],[-80.14176,26.97088],[-80.14176,26.97094],[-80.1397,26.97094],[-80.13571,26.97092],[-80.12626,26.97093],[-80.12568,26.97093],[-80.12107,26.97083],[-80.11036,26.97083],[-80.11011,26.97083],[-80.10892,26.97076],[-80.10202,26.97067],[-80.09718,26.97061],[-80.09521,26.97059],[-80.0942,26.97058],[-80.08963,26.97053],[-80.08837,26.97052],[-80.08741,26.97054],[-80.08726,26.97055],[-80.08669,26.97063],[-80.08386,26.97055],[-80.08326,26.97053],[-80.07995,26.97052],[-80.07786,26.96333],[-80.07745,26.96191],[-80.07658,26.95893],[-80.07568,26.9564],[-80.07427,26.95249],[-80.07396,26.95164],[-80.07279,26.94918],[-80.07062,26.94462],[-80.07084,26.94414],[-80.07142,26.94288],[-80.07096,26.94131],[-80.06853,26.93313],[-80.06732,26.92759],[-80.06671,26.92481],[-80.06671,26.92478],[-80.06618,26.92309],[-80.06506,26.91948],[-80.06261,26.91158],[-80.06136,26.90756],[-80.05772,26.89641],[-80.0569,26.89389],[-80.0536,26.88378],[-80.05308,26.88204],[-80.04872,26.86747],[-80.04626,26.85924],[-80.04623,26.85908],[-80.0406,26.83532],[-80.03971,26.83158],[-80.03589,26.81544],[-80.0356,26.81421],[-80.0316,26.79734],[-80.03136,26.79634],[-80.03138,26.79573],[-80.03147,26.79273],[-80.03185,26.79032],[-80.03233,26.78723],[-80.03137,26.78373],[-80.03148,26.78185],[-80.03196,26.77364],[-80.03564,26.7738],[-80.03581,26.77311],[-80.03746,26.76634],[-80.03634,26.75525],[-80.03573,26.74929],[-80.03476,26.73654],[-80.03488,26.72793],[-80.03472,26.72558],[-80.03447,26.7219],[-80.03442,26.72115],[-80.034,26.71903],[-80.03316,26.71481],[-80.03315,26.71172],[-80.03313,26.7076],[-80.03309,26.70085],[-80.0331,26.70074],[-80.03383,26.68973],[-80.03455,26.6864],[-80.03576,26.67604],[-80.03619,26.66528],[-80.03663,26.65436],[-80.03693,26.64697],[-80.03696,26.64604],[-80.03685,26.63436],[-80.03669,26.63049],[-80.03645,26.62435],[-80.0361,26.61548],[-80.03609,26.61526],[-80.03601,26.61322],[-80.03604,26.6116],[-80.03616,26.60259],[-80.0363,26.60088],[-80.03649,26.59849],[-80.03689,26.59364],[-80.03752,26.58586],[-80.03767,26.584],[-80.03886,26.56935],[-80.04163,26.55445],[-80.04206,26.54545],[-80.04218,26.54513],[-80.0449,26.53796],[-80.05023,26.51024],[-80.05036,26.50955],[-80.05043,26.50915],[-80.0507,26.50738],[-80.05108,26.50493],[-80.05136,26.50315],[-80.05563,26.47582],[-80.05784,26.46169],[-80.05881,26.45543],[-80.0587,26.45434],[-80.05856,26.45309],[-80.05981,26.44451],[-80.06164,26.43298],[-80.06172,26.43213],[-80.06202,26.42892],[-80.06225,26.42639],[-80.06533,26.39308],[-80.06631,26.39172],[-80.06635,26.39092],[-80.0666,26.38634],[-80.06729,26.3739],[-80.06751,26.36984],[-80.06755,26.36902],[-80.06783,26.36601],[-80.06833,26.36066],[-80.06925,26.35066],[-80.07056,26.33646],[-80.07146,26.33587],[-80.07226,26.33536],[-80.07484,26.32103],[-80.07573,26.32091],[-80.07676,26.32089],[-80.07938,26.32078],[-80.08052,26.32081],[-80.08061,26.32081],[-80.08791,26.32077],[-80.08881,26.32211],[-80.0895,26.32504],[-80.09078,26.32555],[-80.09091,26.32561],[-80.09205,26.32635],[-80.09563,26.32415],[-80.09637,26.32243],[-80.09827,26.3226],[-80.09882,26.32283],[-80.09914,26.32347],[-80.09853,26.32469],[-80.09845,26.3252],[-80.09844,26.32673],[-80.09924,26.32764],[-80.10727,26.32786],[-80.11704,26.32785],[-80.12012,26.32779],[-80.12833,26.32772],[-80.12866,26.3278],[-80.15345,26.32777],[-80.16978,26.32781],[-80.17015,26.32778],[-80.17033,26.32778],[-80.18659,26.32779],[-80.1901,26.32779],[-80.20248,26.32784],[-80.20294,26.32783],[-80.20306,26.32783],[-80.20408,26.32782],[-80.21265,26.33037],[-80.21886,26.33223],[-80.21978,26.3325],[-80.2228,26.3334],[-80.22736,26.33466],[-80.23472,26.33695],[-80.24977,26.34153],[-80.25122,26.34172],[-80.29688,26.35543],[-80.29706,26.35532],[-80.29699,26.33436],[-80.53591,26.33459],[-80.5399,26.3347],[-80.88128,26.33381],[-80.88183,26.3338],[-80.88191,26.34613],[-80.88002,26.34606],[-80.88309,26.46227],[-80.88297,26.46493],[-80.88577,26.60924],[-80.88601,26.6527],[-80.88601,26.65289],[-80.88582,26.69606]]]}},{"type":"Feature","properties":{"name":"HARTFlex","boundary_type":"county","source":"Census TIGER county","fidelity":"approximate","updated":"2026-09","units":"Hillsborough County","note":"County-wide demand-response service; operates route-deviation zones within Hillsborough County.","confidence":0.85},"geometry":{"type":"MultiPolygon","coordinates":[[[[-82.7631,27.60239],[-82.76255,27.60315],[-82.76149,27.60308],[-82.76046,27.60242],[-82.75885,27.60047],[-82.75865,27.59696],[-82.75919,27.59432],[-82.76035,27.58746],[-82.76064,27.58556],[-82.76006,27.58277],[-82.75898,27.57989],[-82.7567,27.57762],[-82.7561,27.57608],[-82.75757,27.57604],[-82.75893,27.57711],[-82.7613,27.57981],[-82.7625,27.58118],[-82.76332,27.58215],[-82.76418,27.58859],[-82.76424,27.59128],[-82.76348,27.59629],[-82.76337,27.60066],[-82.7631,27.60239]]],[[[-82.5764,27.63775],[-82.5727,27.63694],[-82.57264,27.63687],[-82.57669,27.63508],[-82.5764,27.63775]]],[[[-82.43861,27.8223],[-82.44169,27.82353],[-82.44098,27.83596],[-82.43858,27.8396],[-82.43122,27.83861],[-82.43222,27.82229],[-82.43861,27.8223]]],[[[-82.40522,27.84901],[-82.4056,27.84796],[-82.40999,27.84714],[-82.41703,27.84583],[-82.41813,27.8442],[-82.41988,27.84363],[-82.4214,27.8446],[-82.42055,27.84654],[-82.4146,27.84836],[-82.40605,27.84995],[-82.40522,27.84901]]],[[[-82.42428,27.86822],[-82.42978,27.86323],[-82.4348,27.86349],[-82.43742,27.86433],[-82.43746,27.86702],[-82.43545,27.8842],[-82.42462,27.8842],[-82.42445,27.88403],[-82.42428,27.86822]]],[[[-82.57973,28.17296],[-82.55571,28.17286],[-82.53601,28.17258],[-82.53577,28.17279],[-82.51651,28.17272],[-82.51625,28.17271],[-82.50203,28.17222],[-82.49798,28.1725],[-82.48715,28.17226],[-82.47403,28.17194],[-82.4617,28.17183],[-82.45772,28.17177],[-82.45455,28.17175],[-82.44917,28.17177],[-82.43449,28.17139],[-82.43243,28.17109],[-82.42817,28.17128],[-82.41051,28.17121],[-82.4033,28.17118],[-82.39463,28.17126],[-82.394,28.17126],[-82.39369,28.17126],[-82.392,28.17126],[-82.38356,28.17124],[-82.38186,28.17104],[-82.36217,28.17128],[-82.35392,28.17128],[-82.3537,28.17128],[-82.35193,28.17126],[-82.32446,28.17133],[-82.32048,28.17134],[-82.31987,28.17133],[-82.31039,28.1714],[-82.29445,28.17145],[-82.28653,28.17147],[-82.25974,28.17146],[-82.25431,28.17147],[-82.21196,28.17187],[-82.19483,28.1719],[-82.18405,28.17165],[-82.15574,28.17166],[-82.1393,28.17166],[-82.13876,28.1718],[-82.12481,28.17215],[-82.10585,28.17165],[-82.06523,28.17159],[-82.05626,28.17159],[-82.05635,28.16015],[-82.05634,28.15885],[-82.05628,28.13106],[-82.0565,28.11325],[-82.0566,28.10569],[-82.05644,28.09866],[-82.0564,28.08038],[-82.05616,28.04755],[-82.05595,28.03694],[-82.05595,28.03673],[-82.05594,28.03299],[-82.05579,28.02742],[-82.05577,28.02724],[-82.05569,28.02685],[-82.05567,28.02618],[-82.05574,28.02515],[-82.05562,28.00471],[-82.05592,28.00275],[-82.05586,28.00162],[-82.05585,27.99647],[-82.05585,27.99637],[-82.05551,27.99281],[-82.05595,27.98948],[-82.05589,27.98206],[-82.05578,27.97745],[-82.05566,27.97633],[-82.05565,27.9747],[-82.05539,27.95286],[-82.05536,27.95041],[-82.0553,27.93818],[-82.05526,27.92725],[-82.05526,27.92709],[-82.05487,27.90724],[-82.05525,27.87805],[-82.05527,27.86941],[-82.05523,27.86527],[-82.05404,27.85465],[-82.05403,27.85068],[-82.05435,27.64638],[-82.05635,27.64623],[-82.13462,27.64632],[-82.14627,27.64628],[-82.26816,27.64637],[-82.28288,27.64666],[-82.29051,27.64649],[-82.29834,27.64668],[-82.31825,27.64655],[-82.33637,27.64649],[-82.34492,27.64633],[-82.38488,27.64639],[-82.45228,27.64593],[-82.45373,27.64591],[-82.49849,27.6455],[-82.49982,27.64542],[-82.52475,27.64542],[-82.52495,27.64542],[-82.54955,27.64556],[-82.55409,27.6458],[-82.53715,27.67293],[-82.5359,27.67462],[-82.53475,27.67617],[-82.53068,27.68168],[-82.52858,27.68451],[-82.52417,27.68874],[-82.51704,27.698],[-82.51702,27.70022],[-82.51701,27.70079],[-82.517,27.70168],[-82.51426,27.70559],[-82.51285,27.70656],[-82.51153,27.70748],[-82.49489,27.71896],[-82.49424,27.71901],[-82.48386,27.71978],[-82.48245,27.71989],[-82.48239,27.71993],[-82.48212,27.72014],[-82.47947,27.72216],[-82.47846,27.72191],[-82.47671,27.72369],[-82.47709,27.72514],[-82.47808,27.72575],[-82.4762,27.7288],[-82.47695,27.73396],[-82.47713,27.73522],[-82.47924,27.74012],[-82.48142,27.74337],[-82.47834,27.74625],[-82.47048,27.74864],[-82.46813,27.74784],[-82.46708,27.74887],[-82.46324,27.75069],[-82.46196,27.74811],[-82.46139,27.74739],[-82.46039,27.74761],[-82.45754,27.75257],[-82.45523,27.75376],[-82.45263,27.75359],[-82.45164,27.75526],[-82.44772,27.75655],[-82.44617,27.75757],[-82.44579,27.75781],[-82.44524,27.75818],[-82.44264,27.75754],[-82.43808,27.76144],[-82.43246,27.76625],[-82.43238,27.76632],[-82.43243,27.76661],[-82.43271,27.76817],[-82.43276,27.76847],[-82.42953,27.77144],[-82.42892,27.77273],[-82.42874,27.77311],[-82.42851,27.7746],[-82.4297,27.77479],[-82.43022,27.77487],[-82.43219,27.77306],[-82.43575,27.77541],[-82.42707,27.78434],[-82.42122,27.79036],[-82.41924,27.79239],[-82.41405,27.79248],[-82.41288,27.79327],[-82.41182,27.79398],[-82.41211,27.80208],[-82.41188,27.80591],[-82.41049,27.81073],[-82.40291,27.81211],[-82.39851,27.81422],[-82.39369,27.81413],[-82.39198,27.8172],[-82.38585,27.81965],[-82.38687,27.82398],[-82.3919,27.82386],[-82.39468,27.83301],[-82.39352,27.83705],[-82.39338,27.83752],[-82.39453,27.8415],[-82.39473,27.84219],[-82.39328,27.84361],[-82.39215,27.84551],[-82.3924,27.84605],[-82.3944,27.8458],[-82.39648,27.84499],[-82.39693,27.84551],[-82.39746,27.85163],[-82.39783,27.85384],[-82.39811,27.85385],[-82.40233,27.85396],[-82.40438,27.85782],[-82.40129,27.86076],[-82.4033,27.87401],[-82.40158,27.87636],[-82.40261,27.8826],[-82.41532,27.90038],[-82.42973,27.90032],[-82.43289,27.89885],[-82.43543,27.90322],[-82.44243,27.91528],[-82.44388,27.91552],[-82.44461,27.91564],[-82.44624,27.91238],[-82.44559,27.90996],[-82.44902,27.90712],[-82.45159,27.90751],[-82.45373,27.90855],[-82.45505,27.90853],[-82.46053,27.90844],[-82.4618,27.90972],[-82.46227,27.92016],[-82.46201,27.92237],[-82.46025,27.93705],[-82.46143,27.93816],[-82.46189,27.9386],[-82.46359,27.93769],[-82.4641,27.93741],[-82.46641,27.93617],[-82.46761,27.93324],[-82.47313,27.93202],[-82.47416,27.9313],[-82.4765,27.92964],[-82.48252,27.92539],[-82.48279,27.92519],[-82.4859,27.923],[-82.488,27.92151],[-82.49042,27.91981],[-82.49172,27.91471],[-82.49137,27.9128],[-82.4906,27.90869],[-82.48927,27.90148],[-82.48812,27.89527],[-82.48749,27.89475],[-82.48074,27.8893],[-82.48182,27.88072],[-82.48207,27.87873],[-82.48426,27.87782],[-82.48728,27.87441],[-82.48751,27.87383],[-82.48936,27.86906],[-82.48869,27.86466],[-82.48847,27.86318],[-82.48071,27.85394],[-82.48014,27.85325],[-82.47912,27.85254],[-82.47162,27.84734],[-82.46884,27.8433],[-82.47027,27.83506],[-82.47244,27.82256],[-82.47527,27.82099],[-82.48985,27.82261],[-82.51119,27.82802],[-82.52852,27.83663],[-82.53389,27.83292],[-82.53751,27.83565],[-82.53734,27.8367],[-82.5346,27.83994],[-82.53516,27.84083],[-82.53592,27.84081],[-82.53668,27.84079],[-82.54209,27.84568],[-82.54653,27.84914],[-82.54782,27.85145],[-82.54995,27.85181],[-82.553,27.84739],[-82.55457,27.84796],[-82.55466,27.85029],[-82.55182,27.85651],[-82.55292,27.8627],[-82.53862,27.8649],[-82.53622,27.86723],[-82.53162,27.87171],[-82.52992,27.8775],[-82.53044,27.87795],[-82.53183,27.87916],[-82.53136,27.88282],[-82.52995,27.8851],[-82.53093,27.88621],[-82.53887,27.88555],[-82.53937,27.88447],[-82.54154,27.88439],[-82.54089,27.8895],[-82.54235,27.89051],[-82.54235,27.89056],[-82.54203,27.89358],[-82.53479,27.89361],[-82.5323,27.89577],[-82.53205,27.89599],[-82.53192,27.89789],[-82.5319,27.89823],[-82.53527,27.89866],[-82.5359,27.9008],[-82.53549,27.90321],[-82.53132,27.9039],[-82.5312,27.90415],[-82.53078,27.90503],[-82.53155,27.90699],[-82.53163,27.90849],[-82.53194,27.9148],[-82.532,27.91595],[-82.53482,27.9166],[-82.53537,27.91815],[-82.53418,27.91874],[-82.53414,27.91991],[-82.53464,27.92031],[-82.53522,27.92077],[-82.53514,27.92203],[-82.53345,27.92307],[-82.53342,27.9235],[-82.53338,27.92408],[-82.53332,27.92484],[-82.53087,27.92642],[-82.53084,27.92825],[-82.5322,27.92898],[-82.53344,27.92966],[-82.53372,27.933],[-82.53331,27.93469],[-82.53243,27.9356],[-82.53164,27.93641],[-82.53338,27.93854],[-82.53667,27.93851],[-82.53826,27.94066],[-82.54392,27.9406],[-82.54459,27.9431],[-82.54473,27.94366],[-82.54045,27.94704],[-82.54122,27.949],[-82.5456,27.9503],[-82.54566,27.95228],[-82.54372,27.95298],[-82.54421,27.95617],[-82.54909,27.96162],[-82.55392,27.967],[-82.56551,27.96708],[-82.56885,27.96136],[-82.57337,27.96304],[-82.57119,27.96822],[-82.57028,27.97039],[-82.56629,27.97246],[-82.56692,27.97327],[-82.56863,27.97553],[-82.57284,27.97496],[-82.57464,27.97563],[-82.58066,27.97789],[-82.58309,27.97881],[-82.58343,27.97894],[-82.58345,27.97895],[-82.58359,27.979],[-82.59644,27.97985],[-82.60242,27.9823],[-82.61132,27.98835],[-82.61157,27.99031],[-82.61442,27.99046],[-82.62061,27.99554],[-82.62259,28.00014],[-82.62391,28.00048],[-82.62763,28.00142],[-82.63081,28.00265],[-82.6365,28.00588],[-82.63816,28.00814],[-82.6394,28.00983],[-82.64042,28.01647],[-82.64047,28.0168],[-82.64048,28.0168],[-82.64068,28.01681],[-82.64387,28.017],[-82.64691,28.01717],[-82.64853,28.01813],[-82.64855,28.03367],[-82.64856,28.03863],[-82.64837,28.05623],[-82.64858,28.0596],[-82.64891,28.06349],[-82.64901,28.07841],[-82.64906,28.086],[-82.64909,28.09114],[-82.64915,28.0989],[-82.6506,28.14493],[-82.65116,28.17327],[-82.6208,28.17335],[-82.6005,28.17326],[-82.5918,28.17321],[-82.57973,28.17296]]]]}},{"type":"Feature","properties":{"name":"Island Hopper","boundary_type":"county","source":"Census TIGER county","fidelity":"approximate","updated":"2026-09","units":"Nassau County","note":"NassauTRANSIT's Island Hopper covers the northern half of Amelia Island (fixed loop from Fernandina Beach City Hall), with Saturday on-demand service described by the operator as 'island-wide,' extending beyond Fernandina Beach city limits to unincorporated Amelia Island (e.g. American Beach). No incorporated-place or zone-size data exists for the island itself, so Nassau County is shown as an approximate proxy \u2014 actual coverage is limited to Amelia Island, not the mainland county. Sources: nassautransit.org/island-hopper/; fernandinaobserver.org, \"NassauTRANSIT re-launches the Island Hopper with Saturday Island-wide service.\"","confidence":0.6},"geometry":{"type":"Polygon","coordinates":[[[-82.04354,30.68473],[-82.04142,30.69359],[-82.04301,30.69826],[-82.03643,30.70659],[-82.03663,30.71012],[-82.0368,30.71303],[-82.03854,30.71592],[-82.03756,30.71864],[-82.03915,30.72318],[-82.04004,30.72459],[-82.04446,30.72615],[-82.04479,30.72848],[-82.03942,30.73719],[-82.03963,30.74773],[-82.03866,30.75109],[-82.03677,30.75443],[-82.0348,30.75445],[-82.03188,30.75048],[-82.02714,30.75113],[-82.02373,30.75351],[-82.01884,30.75459],[-82.01886,30.75657],[-82.01392,30.7609],[-82.01137,30.7626],[-82.01516,30.77197],[-82.01845,30.77276],[-82.01796,30.77494],[-82.02327,30.78269],[-82.02376,30.78526],[-82.02197,30.78823],[-82.01875,30.788],[-82.0162,30.79118],[-82.01587,30.79159],[-82.0125,30.78933],[-82.00805,30.79205],[-82.00475,30.79139],[-81.99497,30.78607],[-81.9921,30.783],[-81.98342,30.77812],[-81.97887,30.77694],[-81.9788,30.77692],[-81.97772,30.77664],[-81.97344,30.77883],[-81.97083,30.78386],[-81.96995,30.78908],[-81.96662,30.79391],[-81.9629,30.79585],[-81.96172,30.80099],[-81.9645,30.80745],[-81.96244,30.80844],[-81.96274,30.81364],[-81.96393,30.8181],[-81.96286,30.8187],[-81.9557,30.82275],[-81.9495,30.82787],[-81.94369,30.82598],[-81.93879,30.82884],[-81.93698,30.82851],[-81.93621,30.82542],[-81.93281,30.82041],[-81.92705,30.81757],[-81.91873,30.81749],[-81.91092,30.81612],[-81.90453,30.81774],[-81.90409,30.82041],[-81.90672,30.82339],[-81.90727,30.82556],[-81.90482,30.82828],[-81.90144,30.82992],[-81.89485,30.82517],[-81.89291,30.82551],[-81.89102,30.82247],[-81.89149,30.81675],[-81.8891,30.81356],[-81.88482,30.81153],[-81.88149,30.79992],[-81.87619,30.7998],[-81.87035,30.79748],[-81.87041,30.79482],[-81.86826,30.79285],[-81.86374,30.79427],[-81.85351,30.79463],[-81.84564,30.79072],[-81.84118,30.79227],[-81.84062,30.79187],[-81.83969,30.7912],[-81.84177,30.78785],[-81.84073,30.78734],[-81.83924,30.7866],[-81.82849,30.78936],[-81.8237,30.78683],[-81.81921,30.78991],[-81.80745,30.79012],[-81.8024,30.7872],[-81.79845,30.78225],[-81.79675,30.78306],[-81.79661,30.78562],[-81.79442,30.787],[-81.79258,30.78548],[-81.79182,30.78439],[-81.78819,30.77926],[-81.78368,30.77288],[-81.7867,30.7698],[-81.78258,30.76607],[-81.78352,30.76246],[-81.78215,30.76134],[-81.77195,30.76381],[-81.77157,30.76516],[-81.77348,30.767],[-81.77247,30.77124],[-81.77036,30.77348],[-81.7713,30.77632],[-81.76964,30.77712],[-81.76172,30.7757],[-81.76047,30.77465],[-81.75853,30.77108],[-81.75821,30.77087],[-81.75488,30.7687],[-81.75004,30.76711],[-81.74404,30.7664],[-81.74075,30.76501],[-81.74039,30.7636],[-81.74214,30.76195],[-81.74274,30.76059],[-81.742,30.75907],[-81.73234,30.7553],[-81.73135,30.75401],[-81.73295,30.75202],[-81.73284,30.75049],[-81.7293,30.74826],[-81.72446,30.74655],[-81.71993,30.74463],[-81.71139,30.74727],[-81.70911,30.74798],[-81.70247,30.74544],[-81.69478,30.74841],[-81.69241,30.74764],[-81.69105,30.74328],[-81.68843,30.74148],[-81.68009,30.7416],[-81.67282,30.73894],[-81.67012,30.74023],[-81.66884,30.74251],[-81.66907,30.74499],[-81.67247,30.74844],[-81.67931,30.74475],[-81.68236,30.74548],[-81.6831,30.74849],[-81.67843,30.75107],[-81.66984,30.75167],[-81.66334,30.7544],[-81.66083,30.75319],[-81.65977,30.74944],[-81.66354,30.74573],[-81.66269,30.74304],[-81.65989,30.74218],[-81.65463,30.74439],[-81.65434,30.74422],[-81.65233,30.7431],[-81.6515,30.74068],[-81.65409,30.73309],[-81.65313,30.7298],[-81.64902,30.7275],[-81.64614,30.72759],[-81.64191,30.72892],[-81.63806,30.73337],[-81.63505,30.73328],[-81.63284,30.72876],[-81.63069,30.72809],[-81.62914,30.72873],[-81.62833,30.73539],[-81.62492,30.73621],[-81.62437,30.73634],[-81.62082,30.73162],[-81.62113,30.72883],[-81.62354,30.72468],[-81.62114,30.72254],[-81.61507,30.72269],[-81.61304,30.72045],[-81.61066,30.71622],[-81.60762,30.71637],[-81.60583,30.71969],[-81.60602,30.72622],[-81.60429,30.72894],[-81.60088,30.72944],[-81.59645,30.72725],[-81.59609,30.72461],[-81.59711,30.71933],[-81.59384,30.71848],[-81.58929,30.72284],[-81.58682,30.72374],[-81.57616,30.7226],[-81.57372,30.72234],[-81.57244,30.72195],[-81.57142,30.72164],[-81.56841,30.71898],[-81.56666,30.71851],[-81.5638,30.71775],[-81.56346,30.71342],[-81.56071,30.71169],[-81.55615,30.71375],[-81.55257,30.71697],[-81.5493,30.71829],[-81.54896,30.71816],[-81.5461,30.71703],[-81.54468,30.71397],[-81.54159,30.71006],[-81.53839,30.70866],[-81.53515,30.7097],[-81.53381,30.71205],[-81.53396,30.71473],[-81.53452,30.71794],[-81.53425,30.72097],[-81.53337,30.72343],[-81.53116,30.72422],[-81.52624,30.72339],[-81.52142,30.72254],[-81.51612,30.72224],[-81.50722,30.72294],[-81.48954,30.7261],[-81.48733,30.72608],[-81.48379,30.72389],[-81.47575,30.71475],[-81.4726,30.71331],[-81.46539,30.7113],[-81.46446,30.71104],[-81.45998,30.71043],[-81.44872,30.70935],[-81.44412,30.70971],[-81.43804,30.70504],[-81.43272,30.70302],[-81.42919,30.70072],[-81.42695,30.70054],[-81.42585,30.70045],[-81.4276,30.69228],[-81.42787,30.68369],[-81.42917,30.67081],[-81.42983,30.66726],[-81.43205,30.65527],[-81.43214,30.65477],[-81.43552,30.63857],[-81.43702,30.63135],[-81.43823,30.6239],[-81.44121,30.60558],[-81.44189,30.60139],[-81.44322,30.57395],[-81.44339,30.57049],[-81.44189,30.55273],[-81.43962,30.54157],[-81.43583,30.52607],[-81.43759,30.51869],[-81.4413,30.51746],[-81.44549,30.52188],[-81.44661,30.52306],[-81.45552,30.5226],[-81.45555,30.52202],[-81.45895,30.5242],[-81.45979,30.52473],[-81.47994,30.53345],[-81.4844,30.53744],[-81.488,30.54217],[-81.49053,30.55115],[-81.49096,30.55462],[-81.49957,30.56379],[-81.50273,30.56469],[-81.51401,30.56734],[-81.51538,30.5658],[-81.52381,30.55634],[-81.52101,30.55054],[-81.51978,30.54668],[-81.51995,30.54365],[-81.52137,30.5388],[-81.52518,30.5334],[-81.52631,30.53118],[-81.52909,30.52804],[-81.53024,30.52629],[-81.53328,30.5251],[-81.53721,30.52411],[-81.54302,30.52389],[-81.54407,30.52472],[-81.54695,30.52594],[-81.54911,30.52842],[-81.55078,30.53156],[-81.551,30.53479],[-81.55069,30.53978],[-81.55093,30.54303],[-81.55525,30.54453],[-81.55926,30.54255],[-81.56288,30.53908],[-81.56496,30.53752],[-81.56781,30.53664],[-81.57722,30.53804],[-81.57975,30.53953],[-81.58541,30.54421],[-81.58782,30.54669],[-81.58891,30.54905],[-81.5888,30.55047],[-81.58675,30.55424],[-81.58571,30.55792],[-81.58427,30.56001],[-81.58324,30.56449],[-81.58441,30.56599],[-81.58653,30.56669],[-81.58977,30.56621],[-81.59213,30.56533],[-81.59722,30.56183],[-81.59867,30.56112],[-81.60175,30.56056],[-81.6042,30.55859],[-81.60572,30.5544],[-81.60731,30.5536],[-81.60963,30.55397],[-81.61065,30.55501],[-81.61207,30.55834],[-81.61348,30.56034],[-81.61418,30.56305],[-81.61307,30.56418],[-81.60773,30.56634],[-81.60358,30.56674],[-81.60146,30.56767],[-81.60157,30.56955],[-81.60332,30.57259],[-81.60497,30.5735],[-81.60872,30.57489],[-81.611,30.57594],[-81.6105,30.57782],[-81.60694,30.58017],[-81.60431,30.58403],[-81.60597,30.58551],[-81.6079,30.58547],[-81.60939,30.58476],[-81.61376,30.58052],[-81.61438,30.58018],[-81.61699,30.58063],[-81.62033,30.58224],[-81.62281,30.58411],[-81.62451,30.58623],[-81.62643,30.5855],[-81.62868,30.58355],[-81.6345,30.5818],[-81.63606,30.58058],[-81.63702,30.57832],[-81.63861,30.57827],[-81.64021,30.5796],[-81.64186,30.58009],[-81.64359,30.5795],[-81.64577,30.57561],[-81.64601,30.57562],[-81.64908,30.5768],[-81.6499,30.57662],[-81.65081,30.57553],[-81.6505,30.57303],[-81.65112,30.57181],[-81.65493,30.57088],[-81.65618,30.57003],[-81.659,30.56655],[-81.65962,30.56529],[-81.65941,30.56283],[-81.6609,30.56165],[-81.66156,30.56009],[-81.66095,30.55828],[-81.66374,30.55857],[-81.66239,30.55723],[-81.66228,30.55459],[-81.65933,30.55386],[-81.65863,30.55283],[-81.66011,30.55157],[-81.66373,30.55084],[-81.66667,30.5517],[-81.6685,30.55481],[-81.67262,30.55607],[-81.67301,30.5566],[-81.67154,30.55716],[-81.66767,30.55761],[-81.66813,30.55888],[-81.66783,30.56067],[-81.67294,30.56009],[-81.67213,30.56232],[-81.6697,30.56275],[-81.6694,30.5633],[-81.67202,30.56458],[-81.67394,30.56619],[-81.67492,30.56577],[-81.67644,30.56311],[-81.67757,30.56214],[-81.68114,30.56303],[-81.6842,30.56636],[-81.68554,30.56494],[-81.68641,30.56291],[-81.68765,30.56278],[-81.68847,30.56427],[-81.68813,30.5663],[-81.69209,30.56717],[-81.69315,30.56649],[-81.69307,30.5641],[-81.69552,30.56317],[-81.69615,30.56379],[-81.69519,30.56587],[-81.69553,30.56732],[-81.69756,30.56964],[-81.69873,30.56934],[-81.70036,30.56683],[-81.70155,30.56593],[-81.70099,30.56393],[-81.70259,30.56345],[-81.70459,30.56364],[-81.70512,30.56515],[-81.70384,30.56659],[-81.70393,30.56736],[-81.70812,30.5667],[-81.70957,30.5659],[-81.71059,30.56635],[-81.71155,30.56791],[-81.71346,30.56977],[-81.71594,30.57124],[-81.71774,30.57133],[-81.72043,30.57052],[-81.72188,30.57193],[-81.72244,30.57094],[-81.72246,30.56842],[-81.72317,30.56732],[-81.72578,30.56589],[-81.72622,30.56763],[-81.7291,30.56545],[-81.72908,30.56448],[-81.72794,30.56525],[-81.72517,30.56353],[-81.72555,30.56133],[-81.72679,30.55944],[-81.72738,30.55956],[-81.72828,30.56255],[-81.73093,30.56242],[-81.73184,30.56084],[-81.72981,30.55826],[-81.73112,30.55699],[-81.733,30.55859],[-81.73521,30.55903],[-81.73631,30.55709],[-81.73633,30.55607],[-81.73452,30.55647],[-81.73423,30.55354],[-81.73311,30.55226],[-81.73349,30.55148],[-81.73628,30.55257],[-81.73693,30.55055],[-81.73778,30.54986],[-81.73731,30.5484],[-81.7345,30.54778],[-81.73413,30.54619],[-81.73679,30.54709],[-81.73749,30.54594],[-81.73565,30.54486],[-81.73765,30.5434],[-81.73795,30.54263],[-81.7352,30.54214],[-81.73748,30.54039],[-81.7367,30.53863],[-81.73723,30.53677],[-81.73842,30.53624],[-81.73842,30.53457],[-81.74015,30.53452],[-81.74127,30.53327],[-81.74251,30.53312],[-81.74334,30.53198],[-81.74581,30.53211],[-81.74692,30.53082],[-81.74962,30.53145],[-81.75614,30.53115],[-81.76375,30.53492],[-81.76532,30.51865],[-81.78162,30.50334],[-81.79111,30.50553],[-81.79492,30.50541],[-81.80193,30.49466],[-81.80953,30.48454],[-81.83121,30.46745],[-81.83454,30.46432],[-81.86603,30.43633],[-81.86629,30.43626],[-81.91593,30.39164],[-81.91739,30.39047],[-81.93549,30.37398],[-81.95243,30.35934],[-81.95487,30.357],[-82.0115,30.30612],[-82.02403,30.29524],[-82.02473,30.29474],[-82.03754,30.28346],[-82.04924,30.27343],[-82.04958,30.28137],[-82.0497,30.29239],[-82.05006,30.3614],[-82.04997,30.36238],[-82.04792,30.36326],[-82.04075,30.37016],[-82.03682,30.37788],[-82.03587,30.38529],[-82.04116,30.39684],[-82.04199,30.40327],[-82.04169,30.4057],[-82.04116,30.40997],[-82.03997,30.41428],[-82.034,30.42236],[-82.03446,30.42805],[-82.036,30.43167],[-82.03721,30.43452],[-82.0362,30.43846],[-82.03006,30.44485],[-82.02821,30.4474],[-82.02546,30.45775],[-82.02373,30.46729],[-82.01778,30.47508],[-82.01698,30.47878],[-82.0173,30.48764],[-82.01822,30.49208],[-82.01589,30.4955],[-82.01477,30.51301],[-82.01583,30.51817],[-82.01699,30.51936],[-82.01768,30.521],[-82.01887,30.52383],[-82.01881,30.52466],[-82.01836,30.53118],[-82.01322,30.55009],[-82.00548,30.56349],[-82.00809,30.57702],[-82.01211,30.59377],[-82.01571,30.6017],[-82.0165,30.60248],[-82.02044,30.60387],[-82.02694,30.60615],[-82.02734,30.60673],[-82.02654,30.6133],[-82.0285,30.62183],[-82.03393,30.6296],[-82.03761,30.63327],[-82.03994,30.63714],[-82.03909,30.64113],[-82.03959,30.64331],[-82.04227,30.64945],[-82.04611,30.65177],[-82.04951,30.65555],[-82.04884,30.66068],[-82.04718,30.6629],[-82.04699,30.66593],[-82.04847,30.66895],[-82.05043,30.67627],[-82.04354,30.68473]]]}},{"type":"Feature","properties":{"name":"JTA ReadiRide","boundary_type":"city","source":"Census TIGER place","fidelity":"approximate","updated":"2026-09","units":"Jacksonville city","note":"14 zones within Jacksonville","confidence":0.8},"geometry":{"type":"Polygon","coordinates":[[[-82.04924,30.27343],[-82.03754,30.28346],[-82.02473,30.29474],[-82.02403,30.29524],[-82.0115,30.30612],[-81.95487,30.357],[-81.95243,30.35934],[-81.93549,30.37398],[-81.91739,30.39047],[-81.91593,30.39164],[-81.86629,30.43626],[-81.86603,30.43633],[-81.83454,30.46432],[-81.83121,30.46745],[-81.80953,30.48454],[-81.80193,30.49466],[-81.79492,30.50541],[-81.79111,30.50553],[-81.78162,30.50334],[-81.76532,30.51865],[-81.76375,30.53492],[-81.75614,30.53115],[-81.74962,30.53145],[-81.74692,30.53082],[-81.74581,30.53211],[-81.74334,30.53198],[-81.74251,30.53312],[-81.74127,30.53327],[-81.74015,30.53452],[-81.73842,30.53457],[-81.73842,30.53624],[-81.73723,30.53677],[-81.7367,30.53863],[-81.73748,30.54039],[-81.7352,30.54214],[-81.73795,30.54263],[-81.73765,30.5434],[-81.73565,30.54486],[-81.73749,30.54594],[-81.73679,30.54709],[-81.73413,30.54619],[-81.7345,30.54778],[-81.73731,30.5484],[-81.73778,30.54986],[-81.73693,30.55055],[-81.73628,30.55257],[-81.73349,30.55148],[-81.73311,30.55226],[-81.73423,30.55354],[-81.73452,30.55647],[-81.73633,30.55607],[-81.73631,30.55709],[-81.73521,30.55903],[-81.733,30.55859],[-81.73112,30.55699],[-81.72981,30.55826],[-81.73184,30.56084],[-81.73093,30.56242],[-81.72828,30.56255],[-81.72738,30.55956],[-81.72679,30.55944],[-81.72555,30.56133],[-81.72517,30.56353],[-81.72794,30.56525],[-81.72908,30.56448],[-81.7291,30.56545],[-81.72622,30.56763],[-81.72578,30.56589],[-81.72317,30.56732],[-81.72246,30.56842],[-81.72244,30.57094],[-81.72188,30.57193],[-81.72043,30.57052],[-81.71774,30.57133],[-81.71594,30.57124],[-81.71346,30.56977],[-81.71155,30.56791],[-81.71059,30.56635],[-81.70957,30.5659],[-81.70812,30.5667],[-81.70393,30.56736],[-81.70384,30.56659],[-81.70512,30.56515],[-81.70459,30.56364],[-81.70259,30.56345],[-81.70099,30.56393],[-81.70155,30.56593],[-81.70036,30.56683],[-81.69873,30.56934],[-81.69756,30.56964],[-81.69553,30.56732],[-81.69519,30.56587],[-81.69615,30.56379],[-81.69552,30.56317],[-81.69307,30.5641],[-81.69315,30.56649],[-81.69209,30.56717],[-81.68813,30.5663],[-81.68847,30.56427],[-81.68765,30.56278],[-81.68641,30.56291],[-81.68554,30.56494],[-81.6842,30.56636],[-81.68114,30.56303],[-81.67757,30.56214],[-81.67644,30.56311],[-81.67492,30.56577],[-81.67394,30.56619],[-81.67202,30.56458],[-81.6694,30.5633],[-81.6697,30.56275],[-81.67213,30.56232],[-81.67294,30.56009],[-81.66783,30.56067],[-81.66813,30.55888],[-81.66767,30.55761],[-81.67154,30.55716],[-81.67301,30.5566],[-81.67262,30.55607],[-81.6685,30.55481],[-81.66667,30.5517],[-81.66373,30.55084],[-81.66011,30.55157],[-81.65863,30.55283],[-81.65933,30.55386],[-81.66228,30.55459],[-81.66239,30.55723],[-81.66374,30.55857],[-81.66095,30.55828],[-81.66156,30.56009],[-81.6609,30.56165],[-81.65941,30.56283],[-81.65962,30.56529],[-81.659,30.56655],[-81.65618,30.57003],[-81.65493,30.57088],[-81.65112,30.57181],[-81.6505,30.57303],[-81.65081,30.57553],[-81.6499,30.57662],[-81.64908,30.5768],[-81.64601,30.57562],[-81.64577,30.57561],[-81.64359,30.5795],[-81.64186,30.58009],[-81.64021,30.5796],[-81.63861,30.57827],[-81.63702,30.57832],[-81.63606,30.58058],[-81.6345,30.5818],[-81.62868,30.58355],[-81.62643,30.5855],[-81.62451,30.58623],[-81.62281,30.58411],[-81.62033,30.58224],[-81.61699,30.58063],[-81.61438,30.58018],[-81.61376,30.58052],[-81.60939,30.58476],[-81.6079,30.58547],[-81.60597,30.58551],[-81.60431,30.58403],[-81.60694,30.58017],[-81.6105,30.57782],[-81.611,30.57594],[-81.60872,30.57489],[-81.60497,30.5735],[-81.60332,30.57259],[-81.60157,30.56955],[-81.60146,30.56767],[-81.60358,30.56674],[-81.60773,30.56634],[-81.61307,30.56418],[-81.61418,30.56305],[-81.61348,30.56034],[-81.61207,30.55834],[-81.61065,30.55501],[-81.60963,30.55397],[-81.60731,30.5536],[-81.60572,30.5544],[-81.6042,30.55859],[-81.60175,30.56056],[-81.59867,30.56112],[-81.59722,30.56183],[-81.59213,30.56533],[-81.58977,30.56621],[-81.58653,30.56669],[-81.58441,30.56599],[-81.58324,30.56449],[-81.58427,30.56001],[-81.58571,30.55792],[-81.58675,30.55424],[-81.5888,30.55047],[-81.58891,30.54905],[-81.58782,30.54669],[-81.58541,30.54421],[-81.57975,30.53953],[-81.57722,30.53804],[-81.56781,30.53664],[-81.56496,30.53752],[-81.56288,30.53908],[-81.55926,30.54255],[-81.55525,30.54453],[-81.55093,30.54303],[-81.55069,30.53978],[-81.551,30.53479],[-81.55078,30.53156],[-81.54911,30.52842],[-81.54695,30.52594],[-81.54407,30.52472],[-81.54302,30.52389],[-81.53721,30.52411],[-81.53328,30.5251],[-81.53024,30.52629],[-81.52909,30.52804],[-81.52631,30.53118],[-81.52518,30.5334],[-81.52137,30.5388],[-81.51995,30.54365],[-81.51978,30.54668],[-81.52101,30.55054],[-81.52381,30.55634],[-81.51538,30.5658],[-81.51401,30.56734],[-81.50273,30.56469],[-81.49957,30.56379],[-81.49096,30.55462],[-81.49053,30.55115],[-81.488,30.54217],[-81.4844,30.53744],[-81.47994,30.53345],[-81.45979,30.52473],[-81.45895,30.5242],[-81.45555,30.52202],[-81.45593,30.51338],[-81.4437,30.49879],[-81.43239,30.48722],[-81.41559,30.48476],[-81.4132,30.48291],[-81.4124,30.46821],[-81.41016,30.45347],[-81.40828,30.44066],[-81.40808,30.43464],[-81.41247,30.42289],[-81.40371,30.40909],[-81.40368,30.40477],[-81.41001,30.40352],[-81.41132,30.40241],[-81.41158,30.40218],[-81.41046,30.40051],[-81.40481,30.39721],[-81.403,30.39458],[-81.39473,30.3965],[-81.39347,30.39555],[-81.3971,30.38133],[-81.39757,30.37949],[-81.39805,30.3617],[-81.39799,30.3608],[-81.39961,30.36038],[-81.40788,30.36025],[-81.40688,30.35638],[-81.40707,30.35496],[-81.40839,30.35489],[-81.41366,30.35494],[-81.41371,30.35364],[-81.41338,30.34419],[-81.41243,30.34419],[-81.41123,30.34419],[-81.41109,30.34052],[-81.41326,30.34051],[-81.42233,30.34038],[-81.42616,30.34037],[-81.43717,30.34028],[-81.43824,30.34035],[-81.438,30.33796],[-81.43779,30.33588],[-81.43807,30.33112],[-81.43853,30.32334],[-81.43801,30.32185],[-81.43001,30.31524],[-81.42611,30.31384],[-81.42461,30.30699],[-81.42381,30.29656],[-81.42115,30.28817],[-81.42001,30.276],[-81.42073,30.2743],[-81.42099,30.27115],[-81.4219,30.26823],[-81.42265,30.26699],[-81.42655,30.26056],[-81.42825,30.25742],[-81.43009,30.25224],[-81.43019,30.25224],[-81.43431,30.25234],[-81.43693,30.25233],[-81.43658,30.23705],[-81.43432,30.13469],[-81.43392,30.11509],[-81.43374,30.10603],[-81.43378,30.10554],[-81.43465,30.10528],[-81.47898,30.10478],[-81.4945,30.10446],[-81.50426,30.10435],[-81.51438,30.10416],[-81.53871,30.10375],[-81.53901,30.11994],[-81.55622,30.1178],[-81.55797,30.11708],[-81.55999,30.11701],[-81.56218,30.11754],[-81.56433,30.11746],[-81.56537,30.11796],[-81.56779,30.11779],[-81.5723,30.12046],[-81.57372,30.12057],[-81.57578,30.12175],[-81.57676,30.12291],[-81.58088,30.1261],[-81.5835,30.12568],[-81.59051,30.12584],[-81.60121,30.13054],[-81.60168,30.13064],[-81.61231,30.13294],[-81.6132,30.13299],[-81.62369,30.13363],[-81.62918,30.13151],[-81.64166,30.12552],[-81.65051,30.12154],[-81.68021,30.12124],[-81.69181,30.14234],[-81.69212,30.14474],[-81.69022,30.16134],[-81.69044,30.1691],[-81.69052,30.17194],[-81.68172,30.18144],[-81.67963,30.19049],[-81.69123,30.19121],[-81.69432,30.19126],[-81.69884,30.19149],[-81.70262,30.19148],[-81.70328,30.18906],[-81.70344,30.18903],[-81.70636,30.1896],[-81.70759,30.19066],[-81.7088,30.19121],[-81.71135,30.19119],[-81.71762,30.19111],[-81.7252,30.19101],[-81.73349,30.19347],[-81.73892,30.18932],[-81.73947,30.18933],[-81.74313,30.18934],[-81.76431,30.18934],[-81.79823,30.189],[-81.80267,30.18914],[-81.80863,30.18904],[-81.82586,30.18875],[-81.82599,30.18875],[-81.82653,30.18874],[-81.83758,30.18862],[-81.83766,30.18862],[-81.84594,30.18854],[-81.86805,30.18802],[-81.89072,30.18754],[-81.9204,30.18694],[-81.95552,30.18633],[-82.01853,30.18674],[-82.02031,30.18693],[-82.04941,30.18693],[-82.04933,30.27334],[-82.04924,30.27343]],[[-81.98725,30.30272],[-81.98709,30.29553],[-81.96975,30.29549],[-81.96955,30.29431],[-81.96627,30.29433],[-81.96632,30.29581],[-81.9621,30.29583],[-81.96209,30.31753],[-81.96819,30.31741],[-81.96945,30.31376],[-81.98746,30.31364],[-81.9874,30.31013],[-81.98808,30.30866],[-81.98803,30.30271],[-81.98725,30.30272]]]}},{"type":"Feature","properties":{"name":"MB Freebee (Miami Beach)","boundary_type":"city","source":"Census TIGER place","fidelity":"exact","updated":"2026-09","units":"Miami Beach city","note":"Service covers mid and north beach neighborhoods within Miami Beach city limits.","confidence":0.85},"geometry":{"type":"Polygon","coordinates":[[[-80.16846,25.78186],[-80.16696,25.78621],[-80.16615,25.78889],[-80.16568,25.7906],[-80.16386,25.79719],[-80.16325,25.79937],[-80.16264,25.80157],[-80.16174,25.80478],[-80.16113,25.80697],[-80.16057,25.80879],[-80.16009,25.8105],[-80.1594,25.81297],[-80.15526,25.8271],[-80.15063,25.84303],[-80.14317,25.84337],[-80.14345,25.84758],[-80.14508,25.84926],[-80.14851,25.85217],[-80.14897,25.85257],[-80.14782,25.85948],[-80.14747,25.86157],[-80.14577,25.87165],[-80.13415,25.87205],[-80.13148,25.87219],[-80.12443,25.87247],[-80.12393,25.87249],[-80.12226,25.87249],[-80.12153,25.87253],[-80.11974,25.87261],[-80.11902,25.86586],[-80.119,25.8648],[-80.11891,25.85614],[-80.11886,25.8513],[-80.11879,25.84566],[-80.11884,25.84443],[-80.11887,25.84372],[-80.11897,25.84106],[-80.11897,25.841],[-80.11905,25.83906],[-80.11921,25.83485],[-80.11931,25.83229],[-80.11934,25.83152],[-80.11942,25.8294],[-80.11949,25.8277],[-80.11981,25.82467],[-80.11993,25.82348],[-80.12033,25.81963],[-80.12043,25.81869],[-80.12071,25.81603],[-80.12101,25.8132],[-80.12115,25.81261],[-80.12115,25.8126],[-80.12131,25.81192],[-80.12238,25.80739],[-80.12292,25.80508],[-80.12327,25.80411],[-80.12423,25.8014],[-80.1246,25.80035],[-80.12518,25.79747],[-80.12599,25.7934],[-80.12669,25.79038],[-80.12669,25.79035],[-80.12727,25.78786],[-80.12763,25.78628],[-80.1286,25.78207],[-80.12881,25.78105],[-80.13066,25.77199],[-80.13111,25.76976],[-80.13104,25.76841],[-80.13084,25.76436],[-80.13099,25.76426],[-80.13369,25.76244],[-80.13386,25.76215],[-80.13428,25.76143],[-80.13801,25.763],[-80.13785,25.7593],[-80.14293,25.75911],[-80.14319,25.76291],[-80.13869,25.76306],[-80.13868,25.76447],[-80.1369,25.76516],[-80.1384,25.76593],[-80.13908,25.76619],[-80.14141,25.76706],[-80.14447,25.76865],[-80.16905,25.77921],[-80.16897,25.7797],[-80.16846,25.78186]],[[-80.1421,25.76105],[-80.14208,25.76078],[-80.14149,25.76081],[-80.1421,25.76119],[-80.14153,25.76164],[-80.14157,25.76261],[-80.14274,25.76262],[-80.14272,25.76102],[-80.1421,25.76105]],[[-80.14271,25.76075],[-80.14254,25.75931],[-80.14143,25.75943],[-80.14201,25.75968],[-80.14145,25.75999],[-80.14148,25.76066],[-80.14207,25.76064],[-80.14208,25.76078],[-80.14271,25.76075]]]}},{"type":"Feature","properties":{"name":"MetroConnect (Miami-Dade)","boundary_type":"county","source":"Census TIGER county","fidelity":"exact","updated":"2026-09","units":"Miami-Dade County","note":"County-wide multi-zone service (10 zones as of latest configuration).","confidence":0.95},"geometry":{"type":"MultiPolygon","coordinates":[[[[-80.62016,25.18292],[-80.61709,25.18246],[-80.61448,25.18231],[-80.61232,25.18174],[-80.60985,25.18241],[-80.61064,25.18026],[-80.61094,25.17965],[-80.61172,25.17808],[-80.6125,25.17642],[-80.61445,25.17578],[-80.61769,25.17678],[-80.61924,25.17793],[-80.61946,25.1781],[-80.618,25.18013],[-80.61962,25.18116],[-80.62145,25.18067],[-80.62155,25.18069],[-80.62432,25.1813],[-80.62479,25.18281],[-80.62289,25.18281],[-80.62147,25.18367],[-80.62016,25.18292]]],[[[-80.29491,25.38545],[-80.29368,25.38545],[-80.29268,25.38258],[-80.29279,25.37955],[-80.295,25.37671],[-80.29914,25.37725],[-80.30227,25.37744],[-80.30364,25.37851],[-80.30352,25.38012],[-80.30162,25.38119],[-80.29817,25.38216],[-80.29568,25.38366],[-80.29491,25.38545]]],[[[-80.30028,25.40435],[-80.30196,25.403],[-80.30346,25.40409],[-80.30405,25.40529],[-80.30354,25.40601],[-80.30183,25.40682],[-80.30024,25.40665],[-80.29974,25.40538],[-80.30028,25.40435]]],[[[-80.25587,25.36605],[-80.25468,25.36885],[-80.25515,25.37089],[-80.25589,25.37335],[-80.25586,25.37624],[-80.25543,25.38074],[-80.25429,25.38218],[-80.25088,25.38442],[-80.24945,25.38678],[-80.24639,25.38827],[-80.2412,25.38647],[-80.2366,25.38927],[-80.23736,25.39138],[-80.24187,25.3915],[-80.24421,25.39307],[-80.24829,25.39217],[-80.24949,25.39505],[-80.24229,25.39912],[-80.2394,25.39671],[-80.23782,25.39424],[-80.23479,25.39399],[-80.23397,25.39673],[-80.23568,25.39786],[-80.23614,25.39934],[-80.23527,25.40127],[-80.2303,25.40291],[-80.22462,25.40298],[-80.2233,25.40509],[-80.22096,25.40636],[-80.22015,25.40604],[-80.21831,25.40526],[-80.21652,25.40599],[-80.21475,25.40886],[-80.21389,25.41058],[-80.21178,25.41201],[-80.20922,25.41437],[-80.20854,25.41639],[-80.20935,25.41774],[-80.21029,25.42125],[-80.20981,25.42485],[-80.21035,25.42639],[-80.2119,25.42703],[-80.21202,25.4281],[-80.20976,25.42907],[-80.20607,25.43218],[-80.2013,25.4413],[-80.20108,25.44419],[-80.20021,25.44488],[-80.19719,25.45142],[-80.19651,25.45435],[-80.19566,25.45708],[-80.19376,25.46135],[-80.19356,25.46394],[-80.19217,25.46793],[-80.192,25.47195],[-80.19041,25.47316],[-80.18834,25.47729],[-80.18846,25.47968],[-80.18718,25.48283],[-80.18528,25.48433],[-80.18326,25.48701],[-80.18135,25.49055],[-80.18088,25.49323],[-80.18373,25.49452],[-80.18938,25.49713],[-80.18954,25.49936],[-80.19041,25.50109],[-80.18972,25.50409],[-80.18864,25.50556],[-80.18477,25.5048],[-80.18257,25.50641],[-80.1807,25.50641],[-80.17966,25.50849],[-80.18065,25.50992],[-80.17848,25.51069],[-80.17827,25.5126],[-80.1788,25.51425],[-80.17832,25.5172],[-80.17724,25.51843],[-80.17574,25.51771],[-80.17554,25.51636],[-80.17592,25.51267],[-80.17599,25.51029],[-80.17734,25.50703],[-80.17853,25.50148],[-80.17793,25.49645],[-80.17702,25.49333],[-80.17791,25.4886],[-80.17667,25.4859],[-80.17725,25.48464],[-80.17856,25.48131],[-80.18197,25.47505],[-80.18513,25.46977],[-80.18568,25.46761],[-80.18742,25.46647],[-80.18838,25.46383],[-80.1899,25.4614],[-80.18993,25.45643],[-80.18977,25.45344],[-80.19171,25.44807],[-80.19537,25.4411],[-80.20045,25.4298],[-80.20251,25.42735],[-80.2024,25.42393],[-80.20412,25.42015],[-80.20334,25.41742],[-80.20383,25.4145],[-80.20565,25.41155],[-80.20805,25.40971],[-80.21174,25.4068],[-80.21515,25.40349],[-80.21903,25.39998],[-80.22117,25.39784],[-80.22247,25.39569],[-80.2258,25.39386],[-80.22651,25.39139],[-80.23139,25.38742],[-80.23103,25.38581],[-80.22912,25.38319],[-80.23061,25.38],[-80.23171,25.37658],[-80.23315,25.37275],[-80.23549,25.36768],[-80.23756,25.36357],[-80.24012,25.35836],[-80.24139,25.35556],[-80.24015,25.3526],[-80.23934,25.35059],[-80.24088,25.34983],[-80.24243,25.34886],[-80.24386,25.3471],[-80.24716,25.34554],[-80.25028,25.34479],[-80.25195,25.3478],[-80.25313,25.35048],[-80.25515,25.35231],[-80.25789,25.35295],[-80.25896,25.35435],[-80.2586,25.35961],[-80.25842,25.36439],[-80.25754,25.36466],[-80.25587,25.36605]]],[[[-80.17268,25.52209],[-80.17602,25.52115],[-80.17706,25.5217],[-80.17628,25.52505],[-80.17395,25.52538],[-80.17312,25.52418],[-80.17286,25.52317],[-80.17268,25.52209]]],[[[-80.68002,25.95686],[-80.55175,25.95697],[-80.55084,25.95702],[-80.44093,25.95686],[-80.43939,25.95685],[-80.43577,25.95685],[-80.43136,25.95697],[-80.40873,25.9569],[-80.40738,25.95694],[-80.37507,25.95707],[-80.35209,25.95697],[-80.35138,25.95696],[-80.34281,25.95717],[-80.34088,25.95715],[-80.34004,25.95712],[-80.3391,25.95708],[-80.33325,25.9571],[-80.33178,25.9571],[-80.32671,25.95712],[-80.31737,25.95715],[-80.31062,25.95717],[-80.29497,25.95677],[-80.29498,25.95693],[-80.29507,25.96355],[-80.2951,25.97057],[-80.27876,25.97097],[-80.26257,25.9713],[-80.26248,25.9713],[-80.2622,25.97131],[-80.24692,25.97187],[-80.24671,25.97188],[-80.23421,25.9721],[-80.22976,25.97224],[-80.22959,25.97223],[-80.22312,25.97233],[-80.21954,25.97224],[-80.2172,25.97228],[-80.21485,25.97234],[-80.21426,25.9724],[-80.21255,25.97238],[-80.20622,25.97265],[-80.19803,25.97303],[-80.19442,25.97317],[-80.19084,25.97323],[-80.18545,25.97336],[-80.18276,25.97341],[-80.18108,25.97348],[-80.18012,25.97347],[-80.17446,25.97357],[-80.16647,25.97358],[-80.16572,25.97378],[-80.16504,25.97388],[-80.15823,25.97408],[-80.15743,25.9741],[-80.15421,25.97419],[-80.14806,25.97441],[-80.14786,25.97441],[-80.1435,25.97451],[-80.14212,25.97468],[-80.13387,25.97487],[-80.13386,25.97411],[-80.13041,25.97423],[-80.12387,25.97448],[-80.12331,25.9751],[-80.11946,25.9752],[-80.1179,25.97525],[-80.11801,25.97316],[-80.11819,25.96805],[-80.11857,25.95714],[-80.11868,25.95395],[-80.11868,25.95382],[-80.11892,25.94697],[-80.11896,25.94591],[-80.11922,25.94338],[-80.11982,25.93771],[-80.1201,25.93504],[-80.12043,25.93005],[-80.12053,25.92852],[-80.12064,25.92699],[-80.12078,25.92492],[-80.12101,25.92142],[-80.12126,25.91774],[-80.12164,25.90489],[-80.12168,25.89951],[-80.12169,25.89795],[-80.12145,25.89366],[-80.12135,25.89181],[-80.12109,25.88719],[-80.12089,25.88357],[-80.12087,25.88315],[-80.12051,25.87983],[-80.12013,25.87625],[-80.11974,25.87261],[-80.11902,25.86586],[-80.119,25.8648],[-80.11891,25.85614],[-80.11886,25.8513],[-80.11879,25.84566],[-80.11884,25.84443],[-80.11887,25.84372],[-80.11897,25.84106],[-80.11897,25.841],[-80.11905,25.83906],[-80.11921,25.83485],[-80.11931,25.83229],[-80.11934,25.83152],[-80.11942,25.8294],[-80.11949,25.8277],[-80.11981,25.82467],[-80.11993,25.82348],[-80.12033,25.81963],[-80.12043,25.81869],[-80.12071,25.81603],[-80.12101,25.8132],[-80.12115,25.81261],[-80.12115,25.8126],[-80.12131,25.81192],[-80.12238,25.80739],[-80.12292,25.80508],[-80.12327,25.80411],[-80.12423,25.8014],[-80.1246,25.80035],[-80.12518,25.79747],[-80.12599,25.7934],[-80.12669,25.79038],[-80.12669,25.79035],[-80.12727,25.78786],[-80.12763,25.78628],[-80.1286,25.78207],[-80.12881,25.78105],[-80.13066,25.77199],[-80.13111,25.76976],[-80.13104,25.76841],[-80.13084,25.76436],[-80.13099,25.76426],[-80.13369,25.76244],[-80.13386,25.76215],[-80.13428,25.76143],[-80.13706,25.75664],[-80.1371,25.75657],[-80.13964,25.75553],[-80.13969,25.75551],[-80.14059,25.75423],[-80.14285,25.75099],[-80.14272,25.74654],[-80.14514,25.74155],[-80.14824,25.73882],[-80.15134,25.73796],[-80.15873,25.7334],[-80.15937,25.73301],[-80.15462,25.72884],[-80.15263,25.72863],[-80.14805,25.72585],[-80.1476,25.72347],[-80.14817,25.7191],[-80.15108,25.71293],[-80.15145,25.70904],[-80.15232,25.70532],[-80.15443,25.70231],[-80.15517,25.7004],[-80.15572,25.69895],[-80.15589,25.69852],[-80.15613,25.696],[-80.1566,25.69115],[-80.1558,25.68621],[-80.15564,25.68523],[-80.15529,25.68303],[-80.15517,25.68229],[-80.15293,25.67158],[-80.15633,25.66615],[-80.158,25.66536],[-80.15943,25.66618],[-80.16263,25.67444],[-80.17018,25.68118],[-80.17059,25.6815],[-80.17731,25.6866],[-80.17532,25.69169],[-80.17235,25.69576],[-80.16873,25.69928],[-80.1676,25.70037],[-80.16687,25.70108],[-80.16786,25.7064],[-80.17252,25.70793],[-80.17243,25.70957],[-80.16177,25.71608],[-80.15426,25.72321],[-80.15801,25.72642],[-80.15761,25.72748],[-80.1621,25.73162],[-80.16595,25.73177],[-80.16711,25.73392],[-80.16627,25.73569],[-80.1737,25.74305],[-80.17412,25.74346],[-80.17512,25.74445],[-80.1789,25.74605],[-80.17892,25.74605],[-80.18936,25.74602],[-80.19962,25.74599],[-80.20227,25.74794],[-80.20263,25.74821],[-80.20851,25.7456],[-80.20983,25.74427],[-80.21067,25.74073],[-80.21436,25.7383],[-80.21597,25.73884],[-80.21772,25.73943],[-80.222,25.73665],[-80.22783,25.73349],[-80.22801,25.73339],[-80.2293,25.73402],[-80.22996,25.73345],[-80.22968,25.73262],[-80.23142,25.73155],[-80.23306,25.73168],[-80.23334,25.72976],[-80.23275,25.72905],[-80.23579,25.72604],[-80.23786,25.72723],[-80.23812,25.72691],[-80.23922,25.72559],[-80.24038,25.72421],[-80.24469,25.71788],[-80.24912,25.71338],[-80.24819,25.71003],[-80.24776,25.70952],[-80.2475,25.70921],[-80.24608,25.70752],[-80.2455,25.70207],[-80.24511,25.69842],[-80.24732,25.69758],[-80.24982,25.69019],[-80.25583,25.68062],[-80.25576,25.67789],[-80.2574,25.67778],[-80.26001,25.67468],[-80.26014,25.67452],[-80.26262,25.66924],[-80.26531,25.66249],[-80.26561,25.66173],[-80.26733,25.65898],[-80.26759,25.65762],[-80.26819,25.65449],[-80.26618,25.65273],[-80.26645,25.65217],[-80.2683,25.65175],[-80.26865,25.65052],[-80.2698,25.6478],[-80.27068,25.64755],[-80.2713,25.64455],[-80.272,25.63919],[-80.27583,25.63739],[-80.27828,25.63252],[-80.28288,25.62539],[-80.28632,25.62006],[-80.28821,25.6206],[-80.29827,25.62161],[-80.2988,25.61927],[-80.30008,25.61896],[-80.30151,25.61759],[-80.30337,25.61738],[-80.30539,25.61591],[-80.30668,25.61279],[-80.30701,25.61067],[-80.3072,25.60947],[-80.30827,25.60735],[-80.30844,25.60702],[-80.30885,25.60423],[-80.30823,25.60028],[-80.30827,25.59951],[-80.30854,25.59527],[-80.30819,25.59444],[-80.3077,25.59332],[-80.30811,25.59191],[-80.30775,25.58624],[-80.30582,25.58068],[-80.3051,25.57861],[-80.30261,25.57179],[-80.30267,25.5695],[-80.30676,25.56507],[-80.30779,25.561],[-80.30759,25.55967],[-80.30733,25.55795],[-80.30845,25.55589],[-80.31175,25.547],[-80.31344,25.53738],[-80.31435,25.53617],[-80.32459,25.53561],[-80.32516,25.5352],[-80.32563,25.53486],[-80.32875,25.53264],[-80.33042,25.53074],[-80.33149,25.52824],[-80.32994,25.5262],[-80.33146,25.52569],[-80.33182,25.52246],[-80.33084,25.51921],[-80.33103,25.51797],[-80.33355,25.51703],[-80.33582,25.50965],[-80.3335,25.5076],[-80.33394,25.50618],[-80.33268,25.50407],[-80.33977,25.50025],[-80.33899,25.49534],[-80.34022,25.49288],[-80.34054,25.49223],[-80.34047,25.48834],[-80.33961,25.48369],[-80.33957,25.48223],[-80.34027,25.48151],[-80.3403,25.4772],[-80.34052,25.47062],[-80.3405,25.47051],[-80.34017,25.46871],[-80.34015,25.46855],[-80.34003,25.46789],[-80.33859,25.46617],[-80.33643,25.46471],[-80.33437,25.46493],[-80.33408,25.46424],[-80.33443,25.46329],[-80.33488,25.46207],[-80.33722,25.45922],[-80.33694,25.45619],[-80.33389,25.45256],[-80.33064,25.45066],[-80.33087,25.44849],[-80.33091,25.44811],[-80.33052,25.44297],[-80.32906,25.44053],[-80.32606,25.43794],[-80.32044,25.43715],[-80.32156,25.43283],[-80.32533,25.43081],[-80.32637,25.42292],[-80.32609,25.41944],[-80.32822,25.4161],[-80.32725,25.4141],[-80.32564,25.41017],[-80.32928,25.40649],[-80.32746,25.40459],[-80.32792,25.39683],[-80.32632,25.39426],[-80.32356,25.39333],[-80.32044,25.39149],[-80.3198,25.38914],[-80.31673,25.38886],[-80.31267,25.38796],[-80.31036,25.38971],[-80.30844,25.39039],[-80.30542,25.38774],[-80.3068,25.38437],[-80.31036,25.3731],[-80.31194,25.36995],[-80.31378,25.36715],[-80.31827,25.36291],[-80.3204,25.36298],[-80.3228,25.36147],[-80.32399,25.3593],[-80.32633,25.35705],[-80.32992,25.34993],[-80.33095,25.34657],[-80.33152,25.34583],[-80.33553,25.34067],[-80.33887,25.33654],[-80.3426,25.33155],[-80.34323,25.3276],[-80.34236,25.32366],[-80.34227,25.32326],[-80.34303,25.32283],[-80.34508,25.32279],[-80.34931,25.32101],[-80.35053,25.32247],[-80.35108,25.32484],[-80.35164,25.32581],[-80.35436,25.32636],[-80.35545,25.32513],[-80.35731,25.32473],[-80.35873,25.32525],[-80.35981,25.32632],[-80.36086,25.32807],[-80.36309,25.3281],[-80.36512,25.32668],[-80.36539,25.32481],[-80.36741,25.32416],[-80.37064,25.32322],[-80.37188,25.32079],[-80.37054,25.31746],[-80.37148,25.31728],[-80.37344,25.31282],[-80.37367,25.30953],[-80.37586,25.30769],[-80.3761,25.30587],[-80.37902,25.30589],[-80.3794,25.29683],[-80.37914,25.2883],[-80.37969,25.28846],[-80.38291,25.29162],[-80.38588,25.29108],[-80.38849,25.2885],[-80.39099,25.2856],[-80.39491,25.28033],[-80.39812,25.27679],[-80.40002,25.27098],[-80.3999,25.2654],[-80.4005,25.2612],[-80.39943,25.25787],[-80.39741,25.25658],[-80.39786,25.25348],[-80.41095,25.25347],[-80.41335,25.25039],[-80.41865,25.24475],[-80.41887,25.23631],[-80.42688,25.23641],[-80.42931,25.23566],[-80.43234,25.23673],[-80.43348,25.23642],[-80.43596,25.23581],[-80.43473,25.23838],[-80.43538,25.2405],[-80.43694,25.24065],[-80.43968,25.23931],[-80.43906,25.24211],[-80.44143,25.24394],[-80.44308,25.24431],[-80.4445,25.24407],[-80.4456,25.24273],[-80.44563,25.24147],[-80.44446,25.24016],[-80.44758,25.24072],[-80.45066,25.24024],[-80.45341,25.23836],[-80.45522,25.23912],[-80.45653,25.23882],[-80.45737,25.23761],[-80.45686,25.2351],[-80.45905,25.23652],[-80.46079,25.23682],[-80.46382,25.2359],[-80.46468,25.23489],[-80.46715,25.23473],[-80.46821,25.2336],[-80.46843,25.23018],[-80.47085,25.23041],[-80.47267,25.22856],[-80.47448,25.23062],[-80.4762,25.23066],[-80.47718,25.22958],[-80.48041,25.22823],[-80.48141,25.22612],[-80.48283,25.22479],[-80.4852,25.22577],[-80.4854,25.22671],[-80.48732,25.22873],[-80.48916,25.22882],[-80.4907,25.22728],[-80.49365,25.22735],[-80.49513,25.22606],[-80.49604,25.22274],[-80.49445,25.22104],[-80.49505,25.21934],[-80.49487,25.21601],[-80.49182,25.21347],[-80.48904,25.21331],[-80.48703,25.21231],[-80.48818,25.20953],[-80.48787,25.20815],[-80.48825,25.20743],[-80.49061,25.20823],[-80.4929,25.20763],[-80.49479,25.20793],[-80.49725,25.20941],[-80.49856,25.21149],[-80.50078,25.21157],[-80.50176,25.21038],[-80.50119,25.20845],[-80.49814,25.20756],[-80.49627,25.20526],[-80.49651,25.20348],[-80.49601,25.20043],[-80.49798,25.19993],[-80.50049,25.2027],[-80.50157,25.20367],[-80.50633,25.20795],[-80.50758,25.21117],[-80.50944,25.21255],[-80.51049,25.21639],[-80.51314,25.21728],[-80.51506,25.21982],[-80.51934,25.22261],[-80.52423,25.2219],[-80.52599,25.21864],[-80.52837,25.21756],[-80.52958,25.215],[-80.53639,25.21403],[-80.53922,25.21491],[-80.54142,25.21205],[-80.53871,25.2053],[-80.53909,25.20438],[-80.54025,25.20477],[-80.54239,25.20638],[-80.546,25.20604],[-80.54787,25.20684],[-80.54928,25.20853],[-80.54897,25.21064],[-80.54793,25.21238],[-80.54891,25.21445],[-80.55392,25.21423],[-80.55653,25.21208],[-80.55915,25.21186],[-80.5628,25.2123],[-80.56319,25.21109],[-80.56181,25.20944],[-80.56037,25.20591],[-80.55958,25.20452],[-80.55899,25.19965],[-80.56497,25.19665],[-80.56591,25.19482],[-80.56551,25.19294],[-80.56888,25.19325],[-80.57204,25.19696],[-80.57456,25.19779],[-80.5758,25.19878],[-80.57757,25.20122],[-80.57668,25.20362],[-80.5765,25.20412],[-80.57555,25.20294],[-80.57531,25.20068],[-80.57353,25.19885],[-80.57105,25.19872],[-80.57034,25.19869],[-80.56878,25.2013],[-80.56873,25.20358],[-80.56804,25.20389],[-80.56448,25.20381],[-80.56329,25.20568],[-80.56329,25.20738],[-80.56626,25.21083],[-80.56794,25.21177],[-80.57032,25.21046],[-80.57376,25.21003],[-80.57495,25.21057],[-80.57662,25.21186],[-80.57956,25.21209],[-80.58208,25.21068],[-80.58291,25.20842],[-80.58451,25.20728],[-80.58363,25.20606],[-80.58339,25.2038],[-80.58339,25.20111],[-80.58516,25.20108],[-80.58762,25.20069],[-80.59158,25.19925],[-80.59284,25.19723],[-80.59417,25.19466],[-80.59402,25.19147],[-80.59554,25.19017],[-80.59886,25.18929],[-80.60179,25.18795],[-80.60316,25.18774],[-80.60373,25.1875],[-80.60512,25.18699],[-80.60647,25.18646],[-80.60701,25.18594],[-80.60755,25.18516],[-80.60802,25.18415],[-80.60918,25.18369],[-80.60965,25.1854],[-80.60947,25.18608],[-80.60836,25.18693],[-80.60748,25.18773],[-80.60683,25.18803],[-80.60527,25.18834],[-80.60405,25.18876],[-80.60317,25.1902],[-80.60316,25.1912],[-80.60395,25.19326],[-80.60585,25.19541],[-80.60442,25.20004],[-80.60363,25.20192],[-80.60504,25.20352],[-80.60899,25.2032],[-80.60977,25.20036],[-80.61343,25.20147],[-80.61952,25.19767],[-80.62204,25.19975],[-80.62368,25.19821],[-80.62391,25.19584],[-80.62522,25.1953],[-80.62877,25.19815],[-80.63095,25.19763],[-80.63116,25.1952],[-80.63452,25.19407],[-80.63425,25.19283],[-80.63639,25.19262],[-80.63889,25.19068],[-80.64162,25.19089],[-80.64377,25.19161],[-80.64721,25.18971],[-80.64721,25.19122],[-80.64821,25.19292],[-80.65223,25.19279],[-80.65291,25.1895],[-80.65434,25.18702],[-80.65422,25.18509],[-80.65505,25.18455],[-80.65745,25.18539],[-80.66034,25.18488],[-80.66087,25.18208],[-80.6621,25.18097],[-80.66301,25.18014],[-80.66391,25.17691],[-80.66396,25.1767],[-80.66366,25.17651],[-80.66123,25.17498],[-80.65871,25.17529],[-80.65862,25.1753],[-80.65801,25.17749],[-80.6579,25.17788],[-80.65576,25.17616],[-80.65374,25.17627],[-80.65165,25.17535],[-80.6513,25.17519],[-80.64803,25.17618],[-80.64406,25.17727],[-80.64263,25.17795],[-80.63725,25.17826],[-80.63552,25.17804],[-80.63411,25.17646],[-80.63535,25.17639],[-80.63767,25.17654],[-80.64032,25.17699],[-80.6423,25.17586],[-80.64462,25.17526],[-80.64583,25.17413],[-80.64694,25.17279],[-80.64925,25.16865],[-80.65177,25.16212],[-80.65094,25.15744],[-80.65362,25.15669],[-80.65407,25.15629],[-80.65569,25.1548],[-80.65624,25.1525],[-80.656,25.15002],[-80.65398,25.14862],[-80.65172,25.14701],[-80.65255,25.14594],[-80.6566,25.14475],[-80.6568,25.14495],[-80.65723,25.14536],[-80.65716,25.14631],[-80.65761,25.14665],[-80.65821,25.14628],[-80.65843,25.14533],[-80.65846,25.14445],[-80.65799,25.14316],[-80.66191,25.14153],[-80.66542,25.14164],[-80.66884,25.14174],[-80.67118,25.1402],[-80.67145,25.14002],[-80.67371,25.1383],[-80.67502,25.14023],[-80.67442,25.1426],[-80.6724,25.14389],[-80.6705,25.14432],[-80.66881,25.14693],[-80.66646,25.14906],[-80.66457,25.15128],[-80.66171,25.15465],[-80.65826,25.1554],[-80.65578,25.15744],[-80.65564,25.15755],[-80.65493,25.1597],[-80.65351,25.16175],[-80.65326,25.16455],[-80.65588,25.16691],[-80.65768,25.16956],[-80.65967,25.16902],[-80.66221,25.16802],[-80.66547,25.16731],[-80.66682,25.16707],[-80.66858,25.16696],[-80.66975,25.16721],[-80.66891,25.16815],[-80.66796,25.1691],[-80.66766,25.17059],[-80.66837,25.17192],[-80.66939,25.17252],[-80.67098,25.17452],[-80.67233,25.17471],[-80.67361,25.17379],[-80.67364,25.17124],[-80.67421,25.17013],[-80.67409,25.16856],[-80.67274,25.16799],[-80.67259,25.16761],[-80.67499,25.1671],[-80.67675,25.16545],[-80.67777,25.16434],[-80.67945,25.16417],[-80.68029,25.16474],[-80.6799,25.16618],[-80.67861,25.16794],[-80.67762,25.16935],[-80.67726,25.17325],[-80.67828,25.1747],[-80.68136,25.1744],[-80.68396,25.17235],[-80.68809,25.16874],[-80.69166,25.16832],[-80.69403,25.16594],[-80.69593,25.1639],[-80.69807,25.16339],[-80.69815,25.16262],[-80.69831,25.16121],[-80.69748,25.15788],[-80.69777,25.15522],[-80.69783,25.15465],[-80.70068,25.15293],[-80.70309,25.15356],[-80.70488,25.15134],[-80.70569,25.14906],[-80.70479,25.14451],[-80.70424,25.14388],[-80.70362,25.14256],[-80.70416,25.14081],[-80.70613,25.14048],[-80.7073,25.14174],[-80.70829,25.14394],[-80.70834,25.14601],[-80.70878,25.14776],[-80.71009,25.14938],[-80.71069,25.15182],[-80.71368,25.15292],[-80.71534,25.15434],[-80.71786,25.15597],[-80.71992,25.15548],[-80.72266,25.15463],[-80.72508,25.15345],[-80.72666,25.15288],[-80.72693,25.15345],[-80.72616,25.15471],[-80.72603,25.15605],[-80.7241,25.15792],[-80.72239,25.15955],[-80.72306,25.16251],[-80.72457,25.16519],[-80.72719,25.16627],[-80.72908,25.1675],[-80.7323,25.16762],[-80.7318,25.16651],[-80.72993,25.16452],[-80.72946,25.16312],[-80.72975,25.16058],[-80.73029,25.15983],[-80.73443,25.1612],[-80.73634,25.15938],[-80.73753,25.15917],[-80.73878,25.16182],[-80.74191,25.16387],[-80.74587,25.16566],[-80.74752,25.16488],[-80.74799,25.16114],[-80.74742,25.15798],[-80.7443,25.15637],[-80.74418,25.15497],[-80.7411,25.15163],[-80.73807,25.15034],[-80.73562,25.15207],[-80.73148,25.15179],[-80.72874,25.15023],[-80.72364,25.14776],[-80.7216,25.14647],[-80.72274,25.14541],[-80.72614,25.1455],[-80.72873,25.14411],[-80.73285,25.14319],[-80.73716,25.14342],[-80.74231,25.14252],[-80.74775,25.14744],[-80.75161,25.15276],[-80.75428,25.15227],[-80.75571,25.15303],[-80.75463,25.15566],[-80.75428,25.15843],[-80.75735,25.16104],[-80.763,25.16258],[-80.76888,25.16227],[-80.77173,25.16104],[-80.77273,25.159],[-80.77253,25.15608],[-80.77102,25.15421],[-80.76902,25.15045],[-80.76878,25.1483],[-80.76949,25.14497],[-80.77147,25.14034],[-80.77463,25.13844],[-80.77682,25.13807],[-80.77806,25.13821],[-80.77697,25.13961],[-80.77481,25.14212],[-80.77296,25.14478],[-80.77204,25.14855],[-80.77333,25.15356],[-80.77559,25.15637],[-80.77636,25.16057],[-80.77924,25.16401],[-80.78315,25.16587],[-80.78744,25.16444],[-80.78867,25.16449],[-80.79017,25.16455],[-80.79363,25.16372],[-80.79724,25.15941],[-80.79838,25.15643],[-80.79905,25.1547],[-80.79889,25.15093],[-80.798,25.14668],[-80.80053,25.14298],[-80.80098,25.14482],[-80.80066,25.14829],[-80.80198,25.1526],[-80.80049,25.15855],[-80.79953,25.16311],[-80.79831,25.16496],[-80.7964,25.16903],[-80.79463,25.17358],[-80.79354,25.17642],[-80.7945,25.17987],[-80.79804,25.18184],[-80.80212,25.18221],[-80.80593,25.18418],[-80.80854,25.18443],[-80.81251,25.18357],[-80.81459,25.18271],[-80.8141,25.18024],[-80.8137,25.1779],[-80.8137,25.17593],[-80.81179,25.17469],[-80.81002,25.17235],[-80.80988,25.1689],[-80.81642,25.16496],[-80.82636,25.16064],[-80.82813,25.16558],[-80.8299,25.16866],[-80.83317,25.1726],[-80.83889,25.17593],[-80.84855,25.17765],[-80.85785,25.17661],[-80.85811,25.21114],[-80.85799,25.243],[-80.86199,25.2429],[-80.86219,25.36419],[-80.87319,25.36399],[-80.87309,25.62346],[-80.87327,25.62539],[-80.8731,25.80538],[-80.87319,25.80616],[-80.87293,25.97943],[-80.68004,25.97875],[-80.68002,25.95686]]]]}},{"type":"Feature","properties":{"name":"MetroConnect SoMi","boundary_type":"city","source":"Census TIGER place","fidelity":"exact","updated":"2026-09","units":"South Miami city","note":"Primary service in South Miami, with connections to Coral Gables and Pinecrest.","confidence":0.75},"geometry":{"type":"MultiPolygon","coordinates":[[[[-80.30259,25.7259],[-80.29972,25.72598],[-80.30042,25.72222],[-80.29936,25.72225],[-80.29821,25.7185],[-80.29722,25.71851],[-80.29743,25.72231],[-80.29626,25.72237],[-80.29627,25.7214],[-80.29523,25.72143],[-80.29511,25.71858],[-80.29411,25.71861],[-80.28797,25.71884],[-80.28794,25.7181],[-80.29098,25.71691],[-80.29082,25.71365],[-80.28874,25.71339],[-80.28866,25.71157],[-80.28567,25.71174],[-80.28551,25.70751],[-80.2854,25.70444],[-80.28513,25.69702],[-80.28486,25.68967],[-80.28529,25.68965],[-80.29285,25.68937],[-80.29288,25.69059],[-80.29314,25.69671],[-80.29713,25.69658],[-80.2971,25.69561],[-80.29909,25.69554],[-80.29914,25.69649],[-80.30112,25.69643],[-80.30524,25.69624],[-80.30557,25.70355],[-80.30593,25.71081],[-80.30667,25.71078],[-80.30662,25.71451],[-80.30212,25.71467],[-80.30228,25.71833],[-80.30259,25.7259]]],[[[-80.28803,25.72077],[-80.28811,25.7227],[-80.28605,25.72272],[-80.28606,25.72225],[-80.28599,25.72084],[-80.28803,25.72077]]],[[[-80.2974,25.72421],[-80.29746,25.72607],[-80.29639,25.7261],[-80.29643,25.726],[-80.29635,25.72423],[-80.2974,25.72421]]],[[[-80.28858,25.72641],[-80.28622,25.72648],[-80.28614,25.72475],[-80.28817,25.72468],[-80.28858,25.72641]]],[[[-80.28849,25.73112],[-80.28851,25.73152],[-80.28829,25.73019],[-80.29455,25.72998],[-80.29881,25.7298],[-80.29879,25.73356],[-80.29469,25.73372],[-80.2938,25.73377],[-80.29252,25.73095],[-80.28849,25.73112]]],[[[-80.30084,25.73348],[-80.2998,25.73352],[-80.2997,25.73164],[-80.30081,25.7316],[-80.30084,25.73348]]],[[[-80.2872,25.73318],[-80.29059,25.73387],[-80.28652,25.73404],[-80.2864,25.73122],[-80.28803,25.73115],[-80.2872,25.73318]]]]}},{"type":"Feature","properties":{"name":"Mobility on Demand (Gainesville RTS)","boundary_type":"city","source":"Census TIGER place","fidelity":"approximate","updated":"2026-09","units":"Gainesville city","note":"Microtransit zone in East Gainesville; service area is subset of city limits","confidence":0.7},"geometry":{"type":"MultiPolygon","coordinates":[[[[-82.4053,29.61219],[-82.40598,29.61245],[-82.40597,29.61381],[-82.40393,29.61381],[-82.40422,29.61114],[-82.4053,29.61219]]],[[[-82.39397,29.61332],[-82.39655,29.61196],[-82.39679,29.61456],[-82.39926,29.61436],[-82.39945,29.61647],[-82.39487,29.61653],[-82.39462,29.61431],[-82.39397,29.61332]]],[[[-82.41382,29.62133],[-82.41398,29.62211],[-82.40924,29.62212],[-82.40901,29.62099],[-82.4097,29.62015],[-82.41086,29.61773],[-82.41047,29.61644],[-82.41122,29.61636],[-82.41121,29.6159],[-82.41274,29.61592],[-82.41273,29.61588],[-82.42254,29.61596],[-82.42254,29.61632],[-82.41943,29.61629],[-82.41939,29.62139],[-82.41382,29.62133]]],[[[-82.4169,29.64097],[-82.41535,29.64273],[-82.41023,29.64369],[-82.41025,29.64183],[-82.40868,29.64181],[-82.4087,29.64],[-82.40721,29.64007],[-82.40295,29.64012],[-82.40879,29.64699],[-82.40987,29.64657],[-82.41023,29.64511],[-82.41117,29.64511],[-82.41197,29.64576],[-82.41197,29.6504],[-82.4139,29.65276],[-82.41404,29.65292],[-82.41404,29.65283],[-82.41435,29.6532],[-82.41518,29.65417],[-82.41609,29.65552],[-82.41661,29.65593],[-82.41735,29.65612],[-82.4176,29.65612],[-82.41764,29.65421],[-82.41751,29.65328],[-82.41778,29.65328],[-82.41776,29.65422],[-82.42241,29.6542],[-82.42239,29.65631],[-82.4196,29.6578],[-82.42036,29.65956],[-82.42036,29.65972],[-82.41937,29.65999],[-82.41289,29.65978],[-82.41379,29.66324],[-82.41126,29.66426],[-82.41442,29.66403],[-82.41573,29.66255],[-82.41536,29.66421],[-82.41633,29.66423],[-82.41747,29.6657],[-82.41472,29.66571],[-82.41314,29.66519],[-82.40966,29.66606],[-82.40897,29.66545],[-82.40898,29.66045],[-82.40816,29.65966],[-82.40307,29.65962],[-82.40156,29.65947],[-82.40154,29.65959],[-82.40149,29.67411],[-82.38898,29.67409],[-82.38898,29.67548],[-82.39107,29.67548],[-82.39524,29.67593],[-82.3953,29.67957],[-82.38896,29.67957],[-82.38896,29.68227],[-82.38893,29.68873],[-82.38922,29.68872],[-82.38925,29.68951],[-82.38952,29.69057],[-82.39231,29.69058],[-82.39232,29.68873],[-82.39161,29.68859],[-82.3916,29.68741],[-82.3931,29.68741],[-82.3931,29.68873],[-82.39739,29.68873],[-82.3972,29.69008],[-82.39715,29.69316],[-82.38965,29.69255],[-82.38893,29.69376],[-82.38891,29.69649],[-82.39723,29.69599],[-82.39721,29.70155],[-82.39901,29.70156],[-82.399,29.70325],[-82.39736,29.70325],[-82.39733,29.71058],[-82.39545,29.71116],[-82.3954,29.71791],[-82.39716,29.71791],[-82.39716,29.72129],[-82.39714,29.72145],[-82.39871,29.71987],[-82.39874,29.71794],[-82.40087,29.7201],[-82.40357,29.71861],[-82.40549,29.71847],[-82.40546,29.73252],[-82.38926,29.73248],[-82.38901,29.7393],[-82.38894,29.74064],[-82.38888,29.74483],[-82.38882,29.74551],[-82.40324,29.76151],[-82.40338,29.76999],[-82.40908,29.77031],[-82.40917,29.77594],[-82.41202,29.77595],[-82.41165,29.77779],[-82.40932,29.77776],[-82.3923,29.77835],[-82.37532,29.77767],[-82.37238,29.77769],[-82.37116,29.77571],[-82.37528,29.77447],[-82.37532,29.77054],[-82.37111,29.77054],[-82.37121,29.77341],[-82.36962,29.77333],[-82.35756,29.75778],[-82.35728,29.75725],[-82.35176,29.76682],[-82.34633,29.76679],[-82.34632,29.76618],[-82.3463,29.75151],[-82.3556,29.75095],[-82.35617,29.75284],[-82.36107,29.75204],[-82.3607,29.75008],[-82.35794,29.75052],[-82.35746,29.74766],[-82.35522,29.748],[-82.35461,29.74493],[-82.34638,29.74529],[-82.34643,29.74219],[-82.34657,29.73223],[-82.33903,29.73222],[-82.33906,29.71771],[-82.32243,29.7176],[-82.32243,29.70318],[-82.30577,29.70297],[-82.30576,29.70651],[-82.29748,29.70659],[-82.29749,29.70368],[-82.28828,29.70323],[-82.28496,29.70303],[-82.28493,29.69424],[-82.28354,29.69355],[-82.27749,29.70244],[-82.27409,29.70746],[-82.27228,29.71016],[-82.26427,29.71011],[-82.26429,29.70753],[-82.2557,29.70746],[-82.25573,29.68823],[-82.23923,29.68786],[-82.23807,29.68793],[-82.22485,29.68788],[-82.22251,29.68788],[-82.22239,29.67348],[-82.23467,29.67353],[-82.23598,29.67354],[-82.2385,29.67563],[-82.23825,29.67586],[-82.24127,29.67719],[-82.24125,29.68076],[-82.24749,29.68181],[-82.24805,29.68129],[-82.25161,29.68248],[-82.2557,29.68252],[-82.25732,29.68349],[-82.26024,29.68399],[-82.26029,29.68168],[-82.26099,29.67916],[-82.25785,29.67876],[-82.25794,29.67363],[-82.25819,29.6736],[-82.26587,29.67369],[-82.28915,29.67373],[-82.28912,29.6692],[-82.28915,29.66645],[-82.27794,29.66662],[-82.27417,29.66504],[-82.27402,29.66276],[-82.27248,29.66276],[-82.27246,29.65557],[-82.27244,29.65199],[-82.2726,29.65179],[-82.27744,29.65178],[-82.27746,29.65],[-82.27833,29.65001],[-82.27834,29.64832],[-82.27245,29.64821],[-82.27246,29.64573],[-82.27247,29.64448],[-82.27927,29.64453],[-82.27926,29.64609],[-82.28433,29.64668],[-82.28497,29.64099],[-82.28848,29.64243],[-82.28923,29.64193],[-82.28921,29.63726],[-82.29752,29.63728],[-82.29752,29.63355],[-82.29953,29.63359],[-82.2996,29.63002],[-82.30518,29.62994],[-82.30582,29.63115],[-82.30584,29.61908],[-82.30874,29.61909],[-82.31117,29.62766],[-82.31808,29.62774],[-82.31808,29.62988],[-82.32142,29.62984],[-82.32474,29.62425],[-82.32465,29.6253],[-82.32658,29.62192],[-82.32806,29.62014],[-82.32506,29.6206],[-82.32334,29.62195],[-82.32234,29.62037],[-82.32093,29.61958],[-82.31374,29.61687],[-82.31298,29.61348],[-82.31813,29.61356],[-82.32366,29.61436],[-82.32582,29.61416],[-82.33006,29.61537],[-82.3314,29.61542],[-82.33119,29.61696],[-82.3332,29.61718],[-82.32924,29.61927],[-82.32987,29.6197],[-82.33269,29.61811],[-82.33366,29.61754],[-82.33676,29.61754],[-82.3374,29.61584],[-82.33872,29.61774],[-82.33868,29.6153],[-82.34069,29.61487],[-82.3405,29.61715],[-82.34123,29.61911],[-82.34021,29.6191],[-82.34025,29.61886],[-82.33881,29.61861],[-82.33951,29.62201],[-82.34001,29.62053],[-82.33988,29.62143],[-82.34077,29.62129],[-82.34002,29.62149],[-82.34137,29.62397],[-82.34201,29.6273],[-82.35428,29.6267],[-82.35419,29.62654],[-82.35404,29.62628],[-82.35144,29.62383],[-82.34898,29.62307],[-82.34874,29.62081],[-82.34982,29.62016],[-82.34949,29.61702],[-82.35168,29.61657],[-82.35141,29.61419],[-82.35637,29.61313],[-82.35653,29.60694],[-82.35629,29.60396],[-82.36272,29.60345],[-82.3624,29.6002],[-82.36749,29.59983],[-82.37037,29.60283],[-82.37101,29.60378],[-82.37343,29.60204],[-82.37536,29.60095],[-82.37917,29.59789],[-82.38088,29.59969],[-82.37931,29.60029],[-82.37949,29.60116],[-82.37822,29.602],[-82.3768,29.60188],[-82.37726,29.60261],[-82.37526,29.60383],[-82.37559,29.60447],[-82.37799,29.60713],[-82.37933,29.60746],[-82.37748,29.60341],[-82.38021,29.60169],[-82.38118,29.6027],[-82.38476,29.6023],[-82.38481,29.60116],[-82.38606,29.60116],[-82.38932,29.59649],[-82.38975,29.60113],[-82.39187,29.60118],[-82.39188,29.60018],[-82.38995,29.59992],[-82.38998,29.59846],[-82.39183,29.59852],[-82.39182,29.59676],[-82.39057,29.59671],[-82.39154,29.59281],[-82.38943,29.59071],[-82.388,29.59021],[-82.39118,29.58677],[-82.40607,29.58671],[-82.40572,29.58857],[-82.4042,29.58874],[-82.4042,29.5919],[-82.40498,29.59181],[-82.40497,29.59417],[-82.39812,29.594],[-82.39716,29.59463],[-82.39715,29.59688],[-82.39287,29.59686],[-82.39287,29.59888],[-82.39385,29.59889],[-82.39387,29.60122],[-82.3949,29.60243],[-82.39596,29.602],[-82.40337,29.60217],[-82.40337,29.60489],[-82.40129,29.60488],[-82.40129,29.60673],[-82.3984,29.60674],[-82.39896,29.60779],[-82.39896,29.61053],[-82.39721,29.61145],[-82.39712,29.60675],[-82.39581,29.60674],[-82.39578,29.60561],[-82.39432,29.60562],[-82.38865,29.61015],[-82.38863,29.61269],[-82.38984,29.61218],[-82.39053,29.61486],[-82.38754,29.6161],[-82.38785,29.61646],[-82.38838,29.61618],[-82.38921,29.61673],[-82.3892,29.61719],[-82.38776,29.61743],[-82.39034,29.62252],[-82.39557,29.62995],[-82.39739,29.63254],[-82.40584,29.63258],[-82.40586,29.63049],[-82.41417,29.63049],[-82.41417,29.63252],[-82.4153,29.633],[-82.41334,29.63677],[-82.42245,29.63664],[-82.42245,29.63786],[-82.43079,29.63784],[-82.43078,29.63989],[-82.42245,29.63984],[-82.42244,29.64098],[-82.4169,29.64097]],[[-82.38575,29.74131],[-82.38834,29.74498],[-82.38835,29.74419],[-82.38793,29.74371],[-82.38837,29.74337],[-82.38838,29.7393],[-82.38838,29.73624],[-82.38109,29.73614],[-82.38401,29.73935],[-82.38575,29.74131]]]]}},{"type":"Feature","properties":{"name":"NeighborLink","boundary_type":"counties","source":"Census TIGER county","fidelity":"approximate","updated":"2026-09","units":"Orange County; Seminole County; Osceola County","note":"Regional service with 10 zones across Orange, Seminole, and Osceola counties; operates with LYNX/SunRail transfers.","confidence":0.7},"geometry":{"type":"Polygon","coordinates":[[[-80.86158,28.24656],[-80.86164,28.23867],[-80.86282,28.09212],[-80.86283,28.09189],[-80.86288,28.08475],[-80.86931,28.08473],[-80.86928,28.06509],[-80.87013,28.05708],[-80.86953,28.04849],[-80.86997,27.98257],[-80.8696,27.97791],[-80.8694,27.96395],[-80.86936,27.95016],[-80.86957,27.94787],[-80.86888,27.82252],[-80.88157,27.82251],[-80.88007,27.7337],[-80.87379,27.73385],[-80.8736,27.69968],[-80.87349,27.68348],[-80.87336,27.665],[-80.87315,27.64229],[-81.02292,27.64199],[-81.06565,27.6422],[-81.06841,27.64237],[-81.14216,27.64324],[-81.14005,27.64667],[-81.13731,27.64704],[-81.13726,27.6453],[-81.1382,27.64439],[-81.13681,27.64431],[-81.13376,27.64723],[-81.13465,27.64757],[-81.1339,27.64912],[-81.13247,27.64747],[-81.13149,27.6494],[-81.13121,27.65139],[-81.13198,27.65376],[-81.13104,27.65931],[-81.13184,27.66151],[-81.13409,27.66206],[-81.13514,27.66318],[-81.1376,27.66422],[-81.14032,27.6676],[-81.14193,27.66883],[-81.14195,27.67028],[-81.14296,27.67095],[-81.14409,27.66927],[-81.14507,27.67468],[-81.14429,27.67645],[-81.14542,27.67745],[-81.14465,27.67947],[-81.14665,27.6817],[-81.1449,27.6822],[-81.14622,27.68651],[-81.14767,27.68899],[-81.14668,27.69047],[-81.14717,27.69151],[-81.149,27.69203],[-81.14731,27.69581],[-81.14859,27.69817],[-81.15023,27.69981],[-81.14799,27.69919],[-81.14925,27.70315],[-81.14761,27.70411],[-81.14764,27.70548],[-81.1459,27.70647],[-81.14678,27.70907],[-81.14577,27.71017],[-81.14891,27.71276],[-81.15068,27.71573],[-81.15049,27.71738],[-81.15211,27.71636],[-81.1526,27.71829],[-81.15676,27.71883],[-81.15904,27.71845],[-81.15997,27.71926],[-81.16076,27.72379],[-81.16239,27.72429],[-81.16548,27.72424],[-81.16688,27.7231],[-81.16704,27.72443],[-81.16873,27.72599],[-81.16817,27.72833],[-81.16696,27.72891],[-81.16822,27.7296],[-81.16863,27.73223],[-81.16674,27.73335],[-81.16661,27.73472],[-81.16506,27.73446],[-81.16441,27.73604],[-81.16493,27.73869],[-81.16501,27.74218],[-81.16644,27.74303],[-81.16793,27.74223],[-81.17177,27.74315],[-81.17065,27.74384],[-81.17056,27.74542],[-81.17287,27.74744],[-81.17449,27.74556],[-81.17598,27.74852],[-81.17542,27.74927],[-81.17728,27.75151],[-81.1785,27.75194],[-81.17899,27.75589],[-81.17801,27.75893],[-81.17431,27.7594],[-81.17373,27.75863],[-81.1729,27.76049],[-81.17422,27.76218],[-81.17504,27.76441],[-81.17912,27.76581],[-81.1782,27.77053],[-81.18081,27.76988],[-81.18079,27.77373],[-81.18252,27.77448],[-81.18467,27.77293],[-81.18641,27.77386],[-81.18771,27.77545],[-81.1857,27.77818],[-81.18598,27.77904],[-81.18944,27.78227],[-81.18956,27.78532],[-81.19198,27.78687],[-81.19431,27.78982],[-81.19631,27.79077],[-81.19717,27.79242],[-81.19749,27.79499],[-81.19884,27.79745],[-81.20009,27.79696],[-81.20069,27.80365],[-81.20179,27.80496],[-81.20382,27.80884],[-81.20402,27.81052],[-81.20491,27.81015],[-81.20671,27.81234],[-81.20993,27.81724],[-81.20924,27.8176],[-81.21004,27.81923],[-81.20812,27.82112],[-81.21308,27.82335],[-81.21559,27.82685],[-81.21441,27.82855],[-81.21529,27.82973],[-81.22081,27.83493],[-81.22356,27.83621],[-81.22952,27.84183],[-81.23334,27.8437],[-81.23479,27.84365],[-81.23806,27.84576],[-81.24132,27.84718],[-81.24171,27.84566],[-81.24647,27.84879],[-81.24769,27.84784],[-81.2488,27.84494],[-81.25066,27.84367],[-81.25142,27.84456],[-81.25124,27.84693],[-81.25048,27.84885],[-81.25417,27.84883],[-81.25571,27.84745],[-81.25911,27.84598],[-81.25848,27.84818],[-81.26081,27.84696],[-81.26521,27.84759],[-81.26658,27.84841],[-81.27294,27.85024],[-81.27612,27.85052],[-81.2791,27.852],[-81.28018,27.85426],[-81.28152,27.85579],[-81.28132,27.85747],[-81.28965,27.8573],[-81.29205,27.85763],[-81.29711,27.85958],[-81.29794,27.86088],[-81.30095,27.86219],[-81.30161,27.86194],[-81.30223,27.86386],[-81.30073,27.86492],[-81.29891,27.86249],[-81.29738,27.86231],[-81.29771,27.86349],[-81.30338,27.87038],[-81.30551,27.875],[-81.30591,27.87752],[-81.30455,27.87985],[-81.30462,27.88125],[-81.30611,27.88618],[-81.3081,27.88971],[-81.31198,27.89433],[-81.31413,27.89806],[-81.31491,27.90124],[-81.31481,27.90384],[-81.31393,27.90474],[-81.3126,27.90817],[-81.31239,27.90991],[-81.30917,27.9153],[-81.30872,27.91741],[-81.30855,27.92158],[-81.31236,27.92529],[-81.31438,27.92579],[-81.31618,27.92857],[-81.31884,27.92813],[-81.31765,27.92672],[-81.31707,27.92467],[-81.31782,27.92426],[-81.31905,27.92538],[-81.32809,27.92882],[-81.33336,27.9304],[-81.33827,27.93341],[-81.33866,27.93134],[-81.34212,27.93332],[-81.34376,27.93597],[-81.34546,27.93568],[-81.34709,27.93728],[-81.34757,27.93893],[-81.34587,27.94145],[-81.34348,27.94135],[-81.33898,27.93995],[-81.3384,27.9392],[-81.33847,27.93998],[-81.33665,27.94534],[-81.33665,27.94958],[-81.3375,27.9507],[-81.34052,27.95092],[-81.34284,27.953],[-81.34363,27.95226],[-81.34605,27.95258],[-81.34713,27.9534],[-81.34899,27.95332],[-81.34846,27.95547],[-81.34796,27.96067],[-81.34983,27.96376],[-81.36515,27.9729],[-81.36869,27.97381],[-81.36914,27.97614],[-81.3706,27.97793],[-81.37304,27.97705],[-81.37501,27.97819],[-81.3765,27.97825],[-81.37702,27.9839],[-81.37925,27.98297],[-81.38102,27.98339],[-81.38184,27.98598],[-81.38054,27.98834],[-81.37845,27.98851],[-81.38273,27.99779],[-81.38344,27.99715],[-81.38483,27.99963],[-81.38577,27.99938],[-81.38606,28.00163],[-81.38699,28.00362],[-81.39251,28.00456],[-81.39817,28.00301],[-81.40221,28.00248],[-81.4037,28.00278],[-81.40886,28.00103],[-81.4135,28.00082],[-81.41463,28.00032],[-81.41381,27.99954],[-81.4156,27.99817],[-81.41998,28.00179],[-81.42168,28.00472],[-81.42226,28.00736],[-81.42422,28.01074],[-81.42455,28.01248],[-81.42489,28.01387],[-81.42678,28.01705],[-81.42809,28.02154],[-81.42856,28.01878],[-81.4292,28.02098],[-81.43245,28.02238],[-81.43553,28.02669],[-81.43709,28.03065],[-81.4403,28.03387],[-81.44257,28.03319],[-81.44508,28.03321],[-81.44834,28.0323],[-81.4509,28.03383],[-81.45589,28.03892],[-81.45881,28.04007],[-81.45849,28.04183],[-81.45981,28.04496],[-81.45997,28.04717],[-81.45854,28.05129],[-81.45965,28.05169],[-81.4592,28.05206],[-81.45825,28.05173],[-81.45863,28.05254],[-81.45745,28.05508],[-81.45571,28.05661],[-81.45389,28.05756],[-81.45063,28.05666],[-81.44336,28.05918],[-81.4407,28.05857],[-81.43847,28.057],[-81.43541,28.05295],[-81.43459,28.05],[-81.43402,28.04593],[-81.43253,28.04326],[-81.43093,28.042],[-81.4297,28.04253],[-81.42763,28.04134],[-81.42833,28.0406],[-81.42804,28.03935],[-81.4257,28.03932],[-81.42398,28.04043],[-81.42316,28.03859],[-81.41786,28.03802],[-81.41465,28.03654],[-81.41083,28.03361],[-81.41004,28.03198],[-81.40765,28.02969],[-81.40585,28.02896],[-81.40268,28.02928],[-81.3998,28.02893],[-81.39724,28.02935],[-81.39397,28.02803],[-81.39349,28.02478],[-81.39271,28.02434],[-81.39253,28.02126],[-81.39205,28.0196],[-81.39082,28.01967],[-81.3874,28.01762],[-81.38569,28.01723],[-81.38248,28.01236],[-81.38154,28.01305],[-81.37872,28.01174],[-81.37851,28.01336],[-81.37761,28.01344],[-81.37648,28.01585],[-81.37787,28.01739],[-81.37922,28.02116],[-81.37901,28.02203],[-81.37611,28.02472],[-81.37516,28.02688],[-81.37594,28.02859],[-81.37556,28.02971],[-81.37242,28.03186],[-81.36864,28.03436],[-81.36745,28.03455],[-81.36737,28.03633],[-81.36486,28.03775],[-81.36372,28.03776],[-81.36336,28.03997],[-81.36258,28.04048],[-81.36294,28.04222],[-81.36186,28.04372],[-81.36446,28.04688],[-81.3638,28.04949],[-81.36436,28.05158],[-81.36415,28.05294],[-81.36513,28.05519],[-81.36406,28.05691],[-81.36432,28.05825],[-81.36541,28.05958],[-81.36556,28.06078],[-81.36681,28.06167],[-81.36627,28.06363],[-81.3651,28.06487],[-81.36572,28.06611],[-81.36501,28.06822],[-81.36244,28.07001],[-81.36042,28.06839],[-81.35349,28.06706],[-81.35321,28.06769],[-81.35031,28.06854],[-81.34879,28.06774],[-81.34634,28.06967],[-81.34647,28.07314],[-81.34659,28.07525],[-81.34719,28.07629],[-81.34726,28.08031],[-81.34867,28.08151],[-81.34784,28.08387],[-81.34642,28.0847],[-81.37479,28.08511],[-81.37547,28.0851],[-81.4248,28.0852],[-81.44496,28.08524],[-81.45576,28.08489],[-81.45575,28.09252],[-81.45597,28.11181],[-81.45614,28.12504],[-81.45621,28.14316],[-81.46076,28.14311],[-81.47009,28.14328],[-81.47328,28.14276],[-81.50087,28.14275],[-81.50148,28.14275],[-81.51732,28.14279],[-81.52423,28.1428],[-81.52408,28.20101],[-81.53951,28.2282],[-81.55134,28.24904],[-81.55474,28.25435],[-81.55746,28.25936],[-81.55813,28.25936],[-81.58025,28.25947],[-81.59057,28.25942],[-81.61355,28.25946],[-81.61423,28.25943],[-81.62325,28.25932],[-81.64024,28.25928],[-81.65719,28.25922],[-81.657,28.28841],[-81.65723,28.30303],[-81.65726,28.32118],[-81.65694,28.32752],[-81.65727,28.3471],[-81.65719,28.34757],[-81.65717,28.36098],[-81.65718,28.38109],[-81.65726,28.38408],[-81.6574,28.43414],[-81.65743,28.45006],[-81.6575,28.45059],[-81.65749,28.47416],[-81.65746,28.50881],[-81.6574,28.51424],[-81.65749,28.52219],[-81.65749,28.5224],[-81.65729,28.54473],[-81.65727,28.54615],[-81.65727,28.54618],[-81.65729,28.54639],[-81.65739,28.55312],[-81.65729,28.557],[-81.65725,28.56321],[-81.6572,28.56983],[-81.65288,28.57095],[-81.6514,28.57512],[-81.65206,28.57722],[-81.65197,28.58015],[-81.65063,28.58195],[-81.64906,28.58246],[-81.6481,28.58448],[-81.64989,28.58701],[-81.65346,28.59045],[-81.6572,28.59257],[-81.65717,28.59517],[-81.65693,28.6078],[-81.65821,28.65894],[-81.65847,28.6768],[-81.6586,28.74031],[-81.65856,28.74583],[-81.6586,28.76644],[-81.65637,28.76984],[-81.65594,28.76898],[-81.65395,28.76745],[-81.65321,28.7661],[-81.65103,28.76614],[-81.64896,28.76695],[-81.64655,28.76981],[-81.64517,28.77268],[-81.64476,28.77603],[-81.646,28.78181],[-81.64771,28.78391],[-81.64651,28.78587],[-81.63572,28.78589],[-81.62464,28.78593],[-81.62234,28.78597],[-81.59297,28.78597],[-81.55993,28.78607],[-81.54753,28.78607],[-81.54334,28.78609],[-81.54333,28.78609],[-81.5392,28.78607],[-81.53313,28.78607],[-81.52856,28.78607],[-81.52739,28.78607],[-81.51727,28.78607],[-81.47737,28.78619],[-81.46935,28.78578],[-81.4502,28.78565],[-81.41468,28.78556],[-81.41553,28.78589],[-81.41401,28.78978],[-81.41376,28.7926],[-81.41511,28.79714],[-81.41571,28.80258],[-81.41819,28.80647],[-81.41803,28.80816],[-81.41885,28.81057],[-81.41955,28.81518],[-81.4192,28.81831],[-81.41685,28.82457],[-81.41575,28.82637],[-81.41438,28.8275],[-81.412,28.83058],[-81.40911,28.83248],[-81.40923,28.83319],[-81.40729,28.83477],[-81.40386,28.83483],[-81.40305,28.83718],[-81.40052,28.83871],[-81.39839,28.84067],[-81.3984,28.84189],[-81.39466,28.84211],[-81.39012,28.84901],[-81.38807,28.8499],[-81.3863,28.84991],[-81.38296,28.85199],[-81.38201,28.85392],[-81.38001,28.85648],[-81.37992,28.85811],[-81.37692,28.86114],[-81.37501,28.86229],[-81.37601,28.8659],[-81.37568,28.86648],[-81.37411,28.86976],[-81.37238,28.8689],[-81.36969,28.87054],[-81.36861,28.87292],[-81.3663,28.8736],[-81.36694,28.87923],[-81.36529,28.87652],[-81.36067,28.87246],[-81.36047,28.87052],[-81.36303,28.8699],[-81.36457,28.86744],[-81.36465,28.86569],[-81.36348,28.86473],[-81.35793,28.86403],[-81.35369,28.8631],[-81.35212,28.86232],[-81.35111,28.85811],[-81.35348,28.8592],[-81.355,28.858],[-81.35502,28.85457],[-81.35566,28.85334],[-81.3583,28.85193],[-81.35963,28.8503],[-81.35934,28.84894],[-81.35803,28.8478],[-81.35249,28.84723],[-81.34763,28.84622],[-81.34491,28.84633],[-81.34155,28.84705],[-81.33905,28.84518],[-81.33348,28.8404],[-81.32993,28.83904],[-81.32424,28.83762],[-81.32047,28.83453],[-81.3198,28.83453],[-81.30957,28.83456],[-81.30409,28.83443],[-81.28948,28.83409],[-81.27298,28.8337],[-81.25479,28.83323],[-81.24997,28.83311],[-81.22568,28.83245],[-81.22287,28.82686],[-81.22287,28.82592],[-81.22463,28.82158],[-81.22134,28.82034],[-81.21863,28.81698],[-81.2159,28.81442],[-81.216,28.81169],[-81.21674,28.8104],[-81.21634,28.8083],[-81.21431,28.80753],[-81.21372,28.80421],[-81.21264,28.80327],[-81.21045,28.80245],[-81.20803,28.80176],[-81.20477,28.79876],[-81.20393,28.79693],[-81.19871,28.79448],[-81.19737,28.79192],[-81.19502,28.7923],[-81.19134,28.79567],[-81.19044,28.79454],[-81.18817,28.79377],[-81.18633,28.79468],[-81.18429,28.79699],[-81.18191,28.79717],[-81.18042,28.79596],[-81.17951,28.79027],[-81.18059,28.78596],[-81.18124,28.78287],[-81.17894,28.78189],[-81.17746,28.78292],[-81.17789,28.78511],[-81.17758,28.78587],[-81.17159,28.78603],[-81.17081,28.78501],[-81.17098,28.78315],[-81.16974,28.78361],[-81.16711,28.78731],[-81.16433,28.78944],[-81.16038,28.79086],[-81.15639,28.79177],[-81.15394,28.79142],[-81.14892,28.79221],[-81.14436,28.79157],[-81.13786,28.79129],[-81.13617,28.79222],[-81.13564,28.7935],[-81.13725,28.79493],[-81.1389,28.79486],[-81.14041,28.79597],[-81.13837,28.79739],[-81.13354,28.79845],[-81.13026,28.79854],[-81.12929,28.79945],[-81.12917,28.80225],[-81.12977,28.80425],[-81.13119,28.80574],[-81.13041,28.80699],[-81.12484,28.81066],[-81.12369,28.81198],[-81.12314,28.81413],[-81.12526,28.81932],[-81.1265,28.82043],[-81.12624,28.82144],[-81.12418,28.82229],[-81.12213,28.82369],[-81.1205,28.82568],[-81.11829,28.82648],[-81.11513,28.82614],[-81.11345,28.82673],[-81.11172,28.82822],[-81.10575,28.82854],[-81.10423,28.82785],[-81.10389,28.82532],[-81.10297,28.82441],[-81.09948,28.82318],[-81.09873,28.82192],[-81.09733,28.82153],[-81.09601,28.82209],[-81.09482,28.82385],[-81.09329,28.8248],[-81.09194,28.82465],[-81.09093,28.82352],[-81.08932,28.82054],[-81.08698,28.81828],[-81.08525,28.81595],[-81.08317,28.81563],[-81.07975,28.81693],[-81.07816,28.81924],[-81.07608,28.81932],[-81.07535,28.81851],[-81.07474,28.8163],[-81.07316,28.81486],[-81.07064,28.81491],[-81.06741,28.81299],[-81.06615,28.81008],[-81.06624,28.80806],[-81.06773,28.80526],[-81.06744,28.80304],[-81.06336,28.79944],[-81.05917,28.79494],[-81.05706,28.79045],[-81.05664,28.78717],[-81.05552,28.78484],[-81.05309,28.77356],[-81.06056,28.76199],[-81.06109,28.75674],[-81.06111,28.75],[-81.05768,28.74512],[-81.04095,28.72974],[-81.04071,28.72834],[-81.04144,28.72666],[-81.03722,28.72543],[-81.03604,28.7241],[-81.03639,28.72253],[-81.03873,28.72236],[-81.03883,28.72159],[-81.03755,28.72022],[-81.03513,28.71944],[-81.034,28.71857],[-81.03385,28.71671],[-81.03526,28.71418],[-81.03553,28.71222],[-81.03474,28.70939],[-81.03335,28.70807],[-81.02751,28.70458],[-81.02351,28.70254],[-81.02145,28.70114],[-81.0204,28.69957],[-81.02045,28.69781],[-81.01665,28.69304],[-81.01638,28.69122],[-81.01702,28.69009],[-81.01997,28.68855],[-81.01995,28.68726],[-81.0213,28.68524],[-81.02162,28.68289],[-81.02117,28.67759],[-81.02129,28.67425],[-81.02048,28.67322],[-81.01407,28.67035],[-81.01104,28.66808],[-81.00723,28.66345],[-81.00843,28.66014],[-81.00827,28.65875],[-81.0059,28.65317],[-81.00582,28.65181],[-81.00452,28.64952],[-81.00309,28.64813],[-81.00329,28.64496],[-81.00122,28.64105],[-81.00131,28.63953],[-81.00257,28.63986],[-81.00511,28.63889],[-81.00705,28.63711],[-81.0071,28.63633],[-81.00244,28.6314],[-81.0,28.63028],[-80.99818,28.63058],[-80.99822,28.62959],[-80.99967,28.6281],[-80.9985,28.62606],[-80.99612,28.62412],[-80.99422,28.62165],[-80.98964,28.62477],[-80.98907,28.62475],[-80.98835,28.62354],[-80.98856,28.62192],[-80.98694,28.6183],[-80.98735,28.61726],[-80.99001,28.61712],[-80.99041,28.61652],[-80.98988,28.61393],[-80.98725,28.613],[-80.9863,28.61182],[-80.98504,28.61141],[-80.98439,28.61281],[-80.98374,28.61017],[-80.9806,28.61095],[-80.98087,28.60981],[-80.97983,28.60911],[-80.97796,28.60913],[-80.97559,28.60784],[-80.97462,28.6087],[-80.97312,28.61132],[-80.9726,28.61148],[-80.97099,28.61116],[-80.97064,28.6107],[-80.97079,28.6094],[-80.97065,28.60858],[-80.96948,28.60838],[-80.96953,28.60519],[-80.96792,28.60427],[-80.9676,28.6052],[-80.96519,28.60439],[-80.96403,28.6051],[-80.96148,28.60549],[-80.96039,28.60495],[-80.95996,28.60292],[-80.95695,28.60191],[-80.9565,28.60382],[-80.9551,28.60364],[-80.9543,28.60479],[-80.95222,28.60424],[-80.95202,28.60214],[-80.9531,28.60106],[-80.9506,28.59963],[-80.94958,28.60036],[-80.94955,28.59855],[-80.94657,28.5972],[-80.9477,28.5956],[-80.94634,28.5957],[-80.94334,28.59367],[-80.94387,28.59262],[-80.94508,28.59228],[-80.94388,28.5905],[-80.94426,28.58905],[-80.94508,28.58889],[-80.94572,28.58644],[-80.94714,28.58735],[-80.94632,28.58608],[-80.94715,28.58497],[-80.94474,28.58383],[-80.94583,28.58288],[-80.94449,28.5826],[-80.94384,28.58129],[-80.94416,28.58003],[-80.9426,28.5799],[-80.9416,28.57826],[-80.94044,28.57809],[-80.94025,28.57591],[-80.93907,28.57525],[-80.9403,28.57429],[-80.93926,28.57244],[-80.93734,28.57093],[-80.93632,28.57145],[-80.93438,28.56937],[-80.93372,28.56762],[-80.932,28.56646],[-80.93203,28.56471],[-80.93004,28.56322],[-80.93218,28.5618],[-80.93156,28.55994],[-80.93409,28.55933],[-80.93174,28.55588],[-80.93383,28.55499],[-80.93366,28.55207],[-80.93262,28.5516],[-80.93414,28.54766],[-80.9342,28.54485],[-80.93293,28.54378],[-80.93281,28.54361],[-80.93209,28.54289],[-80.93308,28.54111],[-80.93489,28.54056],[-80.93543,28.54157],[-80.93897,28.54202],[-80.93965,28.5407],[-80.93897,28.53945],[-80.93946,28.53525],[-80.93772,28.53474],[-80.93722,28.53642],[-80.93577,28.53658],[-80.93548,28.53475],[-80.93365,28.53335],[-80.93182,28.53539],[-80.92871,28.53291],[-80.92752,28.53269],[-80.92438,28.53313],[-80.92338,28.53273],[-80.92107,28.52881],[-80.92064,28.5252],[-80.91752,28.52298],[-80.91631,28.52277],[-80.91141,28.52457],[-80.91055,28.52348],[-80.91247,28.52258],[-80.91111,28.52126],[-80.90989,28.52185],[-80.90703,28.52036],[-80.90797,28.5181],[-80.90605,28.51804],[-80.90544,28.51658],[-80.9069,28.51489],[-80.90713,28.51378],[-80.90562,28.51269],[-80.90663,28.51161],[-80.90458,28.51052],[-80.90309,28.51105],[-80.90198,28.51046],[-80.89994,28.51144],[-80.89865,28.50969],[-80.89643,28.50942],[-80.89488,28.50998],[-80.89354,28.51172],[-80.89033,28.51185],[-80.88574,28.51031],[-80.88499,28.50922],[-80.88331,28.50429],[-80.88132,28.50398],[-80.88015,28.50117],[-80.87991,28.4976],[-80.88099,28.49665],[-80.88335,28.49616],[-80.88408,28.49487],[-80.88259,28.49149],[-80.88013,28.49101],[-80.87984,28.49021],[-80.87795,28.48977],[-80.87587,28.49007],[-80.87527,28.4887],[-80.87733,28.48797],[-80.87796,28.48644],[-80.87558,28.48585],[-80.87519,28.48339],[-80.8734,28.48223],[-80.87395,28.48042],[-80.87315,28.47855],[-80.87384,28.47828],[-80.87419,28.47634],[-80.87088,28.47174],[-80.87129,28.47076],[-80.87266,28.47116],[-80.87514,28.46884],[-80.87638,28.46956],[-80.87581,28.47081],[-80.87952,28.46949],[-80.87967,28.46832],[-80.88083,28.46833],[-80.88168,28.47038],[-80.88251,28.46955],[-80.88422,28.46955],[-80.88475,28.46872],[-80.88666,28.46961],[-80.88727,28.46847],[-80.88957,28.4666],[-80.89094,28.46688],[-80.89081,28.46838],[-80.89442,28.4671],[-80.89476,28.46567],[-80.89421,28.46463],[-80.89272,28.46473],[-80.8933,28.46341],[-80.89584,28.4632],[-80.89481,28.46195],[-80.89444,28.45985],[-80.89345,28.46007],[-80.8941,28.45802],[-80.89554,28.45807],[-80.89646,28.4567],[-80.89757,28.45776],[-80.89835,28.45508],[-80.89706,28.45476],[-80.89728,28.45294],[-80.89723,28.45285],[-80.89572,28.45116],[-80.8939,28.45076],[-80.89195,28.44911],[-80.89017,28.44528],[-80.89387,28.4439],[-80.8931,28.44191],[-80.89401,28.44103],[-80.89468,28.43851],[-80.89426,28.43786],[-80.89549,28.43633],[-80.89641,28.43736],[-80.89816,28.4365],[-80.89703,28.43544],[-80.89866,28.43486],[-80.89935,28.43352],[-80.90118,28.43316],[-80.90012,28.43149],[-80.89833,28.43175],[-80.89784,28.42963],[-80.89689,28.42815],[-80.89706,28.42641],[-80.8987,28.42614],[-80.89648,28.42501],[-80.89687,28.42327],[-80.89576,28.42312],[-80.89555,28.42069],[-80.89654,28.41875],[-80.89486,28.41817],[-80.89446,28.41923],[-80.89236,28.4185],[-80.89107,28.41619],[-80.88824,28.41581],[-80.88791,28.41285],[-80.88502,28.41085],[-80.88475,28.40867],[-80.88299,28.40816],[-80.8832,28.40645],[-80.88503,28.40629],[-80.8864,28.4038],[-80.8855,28.4024],[-80.88667,28.40004],[-80.88625,28.39915],[-80.88467,28.39843],[-80.88473,28.39589],[-80.88688,28.39645],[-80.88708,28.39463],[-80.88799,28.39361],[-80.88956,28.39309],[-80.8896,28.39232],[-80.88785,28.38801],[-80.88839,28.38547],[-80.88554,28.38477],[-80.88249,28.38205],[-80.88144,28.38062],[-80.8796,28.38042],[-80.87946,28.37974],[-80.87978,28.37681],[-80.88186,28.37548],[-80.8815,28.37459],[-80.88008,28.37492],[-80.8803,28.37369],[-80.87929,28.3724],[-80.87783,28.37222],[-80.87669,28.3733],[-80.87531,28.37321],[-80.87279,28.36961],[-80.87254,28.36684],[-80.8738,28.36421],[-80.87391,28.36158],[-80.87179,28.35723],[-80.86865,28.35247],[-80.86671,28.35032],[-80.86291,28.34749],[-80.86281,28.34722],[-80.86158,28.24656]]]}},{"type":"Feature","properties":{"name":"Ride DTO","boundary_type":"city","source":"Census TIGER place","fidelity":"approximate","updated":"2026-09","units":"Orlando city","note":"Service focused on Downtown Orlando with connections to SunRail stations.","confidence":0.85},"geometry":{"type":"MultiPolygon","coordinates":[[[[-81.21498,28.35249],[-81.21125,28.35241],[-81.21113,28.34808],[-81.23193,28.34815],[-81.23318,28.34933],[-81.23177,28.34934],[-81.23183,28.35187],[-81.21813,28.35185],[-81.21498,28.35249]]],[[[-81.22462,28.41461],[-81.226,28.41462],[-81.22761,28.41463],[-81.22717,28.41662],[-81.22583,28.41725],[-81.22576,28.41848],[-81.22555,28.4183],[-81.22462,28.41461]]],[[[-81.22705,28.41904],[-81.22716,28.42238],[-81.22517,28.42109],[-81.2254,28.42041],[-81.22661,28.41918],[-81.22705,28.41904]]],[[[-81.35416,28.42708],[-81.35313,28.42525],[-81.35112,28.42524],[-81.35112,28.42441],[-81.35298,28.42353],[-81.35725,28.42354],[-81.35842,28.4228],[-81.35932,28.42237],[-81.35828,28.42344],[-81.35829,28.4271],[-81.35726,28.42894],[-81.35416,28.42893],[-81.35416,28.42708]]],[[[-81.22139,28.451],[-81.21758,28.45031],[-81.21354,28.45109],[-81.17804,28.45128],[-81.17813,28.42933],[-81.17784,28.422],[-81.19431,28.42188],[-81.19454,28.4292],[-81.2007,28.43193],[-81.2006,28.42554],[-81.20472,28.42555],[-81.20467,28.42189],[-81.20989,28.42187],[-81.21126,28.42092],[-81.21239,28.4184],[-81.21505,28.41688],[-81.21514,28.41468],[-81.21927,28.41446],[-81.21927,28.41448],[-81.21917,28.41823],[-81.21749,28.41823],[-81.22011,28.42154],[-81.2231,28.4211],[-81.22491,28.42261],[-81.22716,28.42262],[-81.22596,28.42541],[-81.22582,28.42798],[-81.22813,28.42795],[-81.22927,28.43702],[-81.22797,28.43715],[-81.2288,28.43931],[-81.22956,28.43921],[-81.22989,28.44278],[-81.22864,28.44285],[-81.22939,28.44529],[-81.22616,28.44969],[-81.22625,28.45048],[-81.22139,28.451]]],[[[-81.33084,28.45859],[-81.33891,28.45854],[-81.33894,28.46307],[-81.33896,28.46524],[-81.33831,28.46586],[-81.33079,28.4659],[-81.33091,28.463],[-81.33084,28.45859]]],[[[-81.48814,28.51922],[-81.48815,28.52105],[-81.48257,28.52111],[-81.47982,28.52197],[-81.47986,28.52759],[-81.47775,28.52766],[-81.47571,28.52851],[-81.47559,28.53019],[-81.47578,28.5313],[-81.47577,28.53393],[-81.47555,28.53395],[-81.46342,28.53403],[-81.46341,28.53268],[-81.46234,28.53268],[-81.46118,28.53221],[-81.46135,28.53691],[-81.46029,28.53788],[-81.45826,28.53784],[-81.45707,28.53503],[-81.45525,28.5359],[-81.45207,28.53591],[-81.45302,28.53409],[-81.44272,28.5343],[-81.44268,28.53522],[-81.44261,28.53988],[-81.44174,28.5399],[-81.44175,28.54163],[-81.44063,28.54261],[-81.44265,28.54312],[-81.44266,28.54487],[-81.44167,28.54389],[-81.43864,28.54348],[-81.4387,28.54586],[-81.44256,28.54511],[-81.44272,28.54648],[-81.44171,28.54701],[-81.44271,28.54707],[-81.43978,28.54709],[-81.43963,28.54805],[-81.43749,28.54743],[-81.43715,28.54645],[-81.43657,28.54667],[-81.43655,28.54544],[-81.43462,28.54659],[-81.4346,28.54576],[-81.4324,28.54575],[-81.4324,28.54689],[-81.43178,28.5466],[-81.43177,28.54534],[-81.4303,28.54534],[-81.43029,28.5449],[-81.43299,28.54488],[-81.43299,28.54534],[-81.43457,28.54532],[-81.43447,28.54348],[-81.43031,28.54349],[-81.43029,28.5417],[-81.43249,28.5414],[-81.43445,28.5414],[-81.43445,28.54081],[-81.43248,28.54081],[-81.43247,28.53985],[-81.43444,28.53985],[-81.43442,28.53808],[-81.42493,28.53795],[-81.42428,28.53883],[-81.42343,28.53798],[-81.42215,28.54164],[-81.41389,28.5419],[-81.4146,28.54002],[-81.41336,28.54003],[-81.41056,28.54008],[-81.41001,28.54047],[-81.40959,28.54009],[-81.40979,28.55063],[-81.41362,28.54977],[-81.41362,28.54837],[-81.41198,28.54838],[-81.41197,28.54761],[-81.41165,28.54723],[-81.41165,28.54694],[-81.41266,28.5469],[-81.41267,28.54734],[-81.41361,28.54733],[-81.41403,28.54342],[-81.41592,28.54448],[-81.41464,28.54449],[-81.41479,28.54613],[-81.41896,28.54731],[-81.41903,28.54888],[-81.41801,28.54902],[-81.41955,28.54917],[-81.42019,28.54743],[-81.4262,28.5474],[-81.42623,28.54634],[-81.43013,28.54628],[-81.43036,28.549],[-81.43145,28.54899],[-81.43148,28.55253],[-81.44181,28.55243],[-81.44285,28.54966],[-81.44421,28.54964],[-81.44594,28.55078],[-81.44594,28.55239],[-81.44277,28.55243],[-81.44278,28.55265],[-81.44282,28.55578],[-81.44288,28.55974],[-81.43938,28.55976],[-81.43812,28.55977],[-81.43815,28.56209],[-81.43821,28.56698],[-81.43713,28.56698],[-81.43685,28.57011],[-81.43494,28.57208],[-81.43442,28.57802],[-81.43493,28.57805],[-81.44077,28.57807],[-81.44077,28.57566],[-81.44314,28.57564],[-81.44316,28.57808],[-81.44738,28.57806],[-81.44735,28.58534],[-81.44328,28.58574],[-81.44325,28.58941],[-81.44609,28.58938],[-81.44618,28.59155],[-81.4475,28.59185],[-81.44732,28.59479],[-81.45141,28.59514],[-81.45141,28.59634],[-81.45145,28.59818],[-81.44999,28.59818],[-81.45003,28.60002],[-81.45147,28.60002],[-81.45151,28.60185],[-81.44639,28.60185],[-81.44642,28.60368],[-81.4495,28.60369],[-81.44956,28.60559],[-81.4516,28.6056],[-81.45165,28.60758],[-81.44961,28.60749],[-81.44972,28.6115],[-81.44768,28.61189],[-81.4464,28.61123],[-81.44629,28.60747],[-81.4384,28.60738],[-81.43847,28.60929],[-81.43477,28.60891],[-81.43499,28.60556],[-81.43512,28.60371],[-81.43189,28.60376],[-81.43137,28.60746],[-81.43307,28.60742],[-81.43476,28.60905],[-81.43448,28.6126],[-81.43234,28.61268],[-81.42839,28.61031],[-81.42854,28.61013],[-81.42704,28.60913],[-81.4269,28.60934],[-81.42613,28.61043],[-81.4226,28.61232],[-81.42293,28.61442],[-81.41925,28.61322],[-81.41692,28.61163],[-81.41692,28.61074],[-81.42161,28.6109],[-81.42177,28.60908],[-81.4235,28.60922],[-81.42436,28.60789],[-81.42448,28.60772],[-81.4223,28.60609],[-81.42153,28.60534],[-81.42062,28.60424],[-81.42201,28.60124],[-81.41877,28.60094],[-81.41703,28.59806],[-81.41687,28.59813],[-81.41774,28.60204],[-81.41679,28.60395],[-81.41421,28.60487],[-81.40949,28.60551],[-81.40777,28.60361],[-81.40724,28.60365],[-81.40719,28.60371],[-81.40365,28.60136],[-81.40402,28.60099],[-81.40458,28.6004],[-81.40422,28.59645],[-81.40913,28.59639],[-81.40914,28.59806],[-81.40915,28.59892],[-81.40952,28.60029],[-81.41207,28.60015],[-81.4126,28.59992],[-81.41256,28.59731],[-81.41051,28.59573],[-81.41561,28.59577],[-81.41402,28.59272],[-81.40634,28.59279],[-81.40691,28.58915],[-81.40679,28.5855],[-81.40904,28.5857],[-81.4091,28.5873],[-81.41093,28.58729],[-81.41189,28.58911],[-81.41045,28.58911],[-81.41046,28.59078],[-81.41252,28.59001],[-81.40839,28.58236],[-81.40712,28.57972],[-81.407,28.57933],[-81.40694,28.5782],[-81.40697,28.57803],[-81.40685,28.57527],[-81.40666,28.57456],[-81.40592,28.57644],[-81.40196,28.57552],[-81.4019,28.57785],[-81.403,28.57825],[-81.40191,28.57827],[-81.40186,28.58025],[-81.40216,28.59102],[-81.39801,28.5906],[-81.39796,28.58834],[-81.39533,28.58837],[-81.39517,28.58744],[-81.39785,28.58741],[-81.39791,28.5856],[-81.39584,28.58469],[-81.3932,28.58515],[-81.39365,28.58591],[-81.39398,28.58964],[-81.39363,28.59004],[-81.38972,28.58934],[-81.37802,28.58949],[-81.37737,28.58895],[-81.37673,28.58281],[-81.37723,28.58222],[-81.37621,28.58223],[-81.37562,28.58283],[-81.37563,28.58582],[-81.37728,28.58888],[-81.37701,28.59177],[-81.37591,28.59131],[-81.37389,28.59131],[-81.37334,28.59131],[-81.3733,28.58944],[-81.37318,28.58586],[-81.37316,28.58486],[-81.37448,28.58349],[-81.37397,28.58225],[-81.37311,28.58226],[-81.37008,28.58232],[-81.36911,28.58198],[-81.36839,28.58232],[-81.36484,28.58225],[-81.35771,28.58223],[-81.35618,28.58098],[-81.35613,28.57861],[-81.35245,28.57865],[-81.35243,28.57716],[-81.35239,28.57499],[-81.35505,28.57497],[-81.35619,28.57496],[-81.35632,28.57484],[-81.35643,28.57464],[-81.35656,28.57458],[-81.3566,28.57326],[-81.35675,28.57119],[-81.36057,28.57027],[-81.35231,28.57016],[-81.35226,28.56778],[-81.35176,28.56778],[-81.34608,28.56784],[-81.3461,28.56917],[-81.34556,28.56849],[-81.34555,28.56821],[-81.34453,28.56823],[-81.34453,28.56797],[-81.34401,28.56797],[-81.34403,28.56874],[-81.3434,28.56875],[-81.34299,28.56792],[-81.34233,28.56793],[-81.34052,28.56794],[-81.33992,28.56832],[-81.34009,28.57879],[-81.33992,28.57879],[-81.33302,28.57887],[-81.33296,28.57709],[-81.33214,28.57706],[-81.33197,28.57702],[-81.33186,28.57693],[-81.33181,28.5768],[-81.3318,28.5759],[-81.3318,28.57535],[-81.3246,28.57532],[-81.32465,28.58178],[-81.31948,28.58197],[-81.31526,28.58183],[-81.3152,28.57532],[-81.3152,28.57514],[-81.31497,28.57518],[-81.31497,28.57393],[-81.31507,28.5728],[-81.31507,28.5704],[-81.31501,28.56959],[-81.31503,28.56447],[-81.31501,28.5627],[-81.31844,28.55838],[-81.3219,28.55745],[-81.32725,28.55703],[-81.32612,28.55485],[-81.32729,28.55342],[-81.32514,28.55342],[-81.32224,28.55353],[-81.3128,28.55358],[-81.31276,28.54993],[-81.31897,28.54988],[-81.31892,28.54623],[-81.31685,28.54625],[-81.31639,28.54535],[-81.31477,28.54547],[-81.31479,28.54671],[-81.31131,28.54673],[-81.3106,28.54745],[-81.31045,28.54809],[-81.30863,28.54997],[-81.30889,28.55361],[-81.3066,28.55363],[-81.30657,28.54994],[-81.30816,28.54997],[-81.30814,28.54818],[-81.30553,28.54982],[-81.30551,28.54812],[-81.30655,28.54811],[-81.30653,28.54633],[-81.30883,28.54584],[-81.3105,28.54583],[-81.31041,28.53939],[-81.30437,28.53924],[-81.30279,28.53942],[-81.30036,28.53943],[-81.29426,28.53949],[-81.29199,28.53953],[-81.29111,28.53788],[-81.29103,28.53299],[-81.28953,28.53301],[-81.28814,28.52975],[-81.28881,28.52733],[-81.29206,28.52949],[-81.2939,28.52851],[-81.29421,28.52636],[-81.29617,28.52634],[-81.29616,28.52454],[-81.29787,28.52453],[-81.298,28.52453],[-81.29786,28.52263],[-81.29431,28.52235],[-81.29429,28.51764],[-81.29404,28.51754],[-81.29404,28.51741],[-81.29381,28.51732],[-81.29377,28.51371],[-81.29195,28.51239],[-81.29195,28.51063],[-81.29079,28.5102],[-81.2896,28.50631],[-81.28597,28.50631],[-81.28568,28.50503],[-81.28959,28.50494],[-81.28957,28.50265],[-81.29667,28.50262],[-81.29666,28.50239],[-81.29667,28.499],[-81.29525,28.49903],[-81.29524,28.49536],[-81.29726,28.49534],[-81.29732,28.499],[-81.30404,28.49895],[-81.30506,28.49894],[-81.30507,28.50259],[-81.3061,28.50258],[-81.30609,28.49906],[-81.30619,28.49893],[-81.30619,28.49526],[-81.30401,28.49528],[-81.30401,28.49515],[-81.30396,28.48795],[-81.30439,28.48795],[-81.30438,28.48625],[-81.30219,28.48626],[-81.30217,28.48384],[-81.30684,28.4834],[-81.30678,28.48077],[-81.30908,28.48063],[-81.30906,28.47696],[-81.30183,28.477],[-81.30182,28.47517],[-81.29877,28.47518],[-81.29768,28.47336],[-81.29561,28.47337],[-81.29563,28.47711],[-81.29249,28.47713],[-81.29251,28.4807],[-81.29467,28.48069],[-81.29284,28.48253],[-81.29055,28.48172],[-81.29011,28.48051],[-81.29153,28.48071],[-81.29151,28.47714],[-81.28936,28.47715],[-81.28937,28.48025],[-81.28938,28.48073],[-81.28713,28.48075],[-81.28712,28.47968],[-81.2864,28.47969],[-81.28635,28.47893],[-81.28759,28.47893],[-81.28539,28.47701],[-81.28524,28.47689],[-81.28523,28.47526],[-81.28337,28.4753],[-81.28161,28.47375],[-81.28094,28.47293],[-81.28522,28.47292],[-81.28522,28.47248],[-81.2804,28.4725],[-81.28003,28.47206],[-81.27617,28.47207],[-81.27616,28.47161],[-81.27967,28.4716],[-81.27854,28.46983],[-81.2852,28.46987],[-81.28518,28.46667],[-81.2765,28.46669],[-81.27561,28.46576],[-81.27575,28.46595],[-81.27561,28.46595],[-81.27655,28.46715],[-81.27292,28.46716],[-81.27297,28.47745],[-81.27298,28.4808],[-81.26865,28.48081],[-81.26588,28.4808],[-81.26572,28.4808],[-81.26068,28.4808],[-81.2607,28.48811],[-81.25849,28.48812],[-81.2585,28.49149],[-81.26071,28.49164],[-81.26071,28.49541],[-81.25515,28.49543],[-81.24379,28.49547],[-81.24376,28.49353],[-81.24396,28.49169],[-81.24399,28.48782],[-81.24257,28.48692],[-81.24004,28.47782],[-81.23968,28.4778],[-81.23942,28.47797],[-81.23861,28.47789],[-81.23974,28.48061],[-81.23871,28.48062],[-81.2392,28.48256],[-81.24022,28.48257],[-81.24185,28.48955],[-81.23123,28.48959],[-81.23071,28.48822],[-81.23174,28.48822],[-81.23174,28.48457],[-81.22946,28.48458],[-81.22882,28.48323],[-81.2276,28.48201],[-81.2276,28.4806],[-81.22763,28.46223],[-81.23264,28.46219],[-81.23729,28.47091],[-81.23824,28.47374],[-81.23835,28.47736],[-81.23931,28.4775],[-81.23964,28.47767],[-81.23759,28.47023],[-81.23835,28.47001],[-81.23744,28.46811],[-81.23666,28.46841],[-81.23451,28.4643],[-81.23522,28.46403],[-81.23213,28.45757],[-81.23141,28.45774],[-81.23112,28.45468],[-81.23166,28.45309],[-81.23357,28.45176],[-81.23493,28.45187],[-81.2461,28.45168],[-81.24968,28.45135],[-81.2571,28.4492],[-81.26066,28.44896],[-81.26488,28.44962],[-81.26635,28.45157],[-81.26527,28.44964],[-81.27018,28.44865],[-81.27014,28.44839],[-81.27013,28.44839],[-81.26753,28.44819],[-81.2659,28.44799],[-81.26384,28.44765],[-81.26366,28.44769],[-81.25692,28.44867],[-81.25056,28.4505],[-81.24805,28.45104],[-81.24327,28.45122],[-81.23133,28.4461],[-81.22872,28.42774],[-81.22779,28.4205],[-81.22768,28.41775],[-81.22822,28.4147],[-81.24303,28.41473],[-81.24303,28.41462],[-81.24317,28.41079],[-81.24236,28.40943],[-81.2398,28.41007],[-81.23648,28.4071],[-81.24414,28.40397],[-81.24426,28.40476],[-81.24466,28.40135],[-81.24464,28.40062],[-81.24455,28.39761],[-81.24439,28.39514],[-81.24225,28.39576],[-81.23808,28.3958],[-81.2381,28.39176],[-81.24016,28.39174],[-81.24019,28.389],[-81.23916,28.389],[-81.23919,28.38536],[-81.24452,28.38535],[-81.24452,28.38364],[-81.23899,28.38336],[-81.24452,28.38338],[-81.24453,28.38115],[-81.23855,28.38122],[-81.23857,28.37819],[-81.24455,28.37822],[-81.24459,28.36446],[-81.24383,28.36108],[-81.24153,28.35738],[-81.23586,28.35173],[-81.23557,28.35184],[-81.23358,28.35187],[-81.23357,28.35083],[-81.23471,28.35082],[-81.23473,28.35061],[-81.23216,28.34815],[-81.23951,28.34812],[-81.26007,28.34806],[-81.29301,28.34807],[-81.29308,28.35233],[-81.28477,28.35272],[-81.28477,28.35452],[-81.29308,28.35411],[-81.29316,28.36129],[-81.29424,28.36211],[-81.30575,28.36214],[-81.3057,28.35948],[-81.30669,28.35947],[-81.30661,28.35593],[-81.3097,28.35591],[-81.30978,28.35944],[-81.30769,28.35946],[-81.30773,28.36128],[-81.30982,28.36129],[-81.30959,28.36915],[-81.30959,28.36938],[-81.30931,28.3788],[-81.30945,28.38185],[-81.30985,28.38281],[-81.30952,28.38314],[-81.3095,28.38389],[-81.30982,28.38491],[-81.30982,28.38588],[-81.31094,28.38581],[-81.31339,28.38611],[-81.31377,28.38585],[-81.32182,28.39158],[-81.32619,28.39439],[-81.32613,28.38944],[-81.32822,28.38943],[-81.32845,28.39576],[-81.33142,28.39671],[-81.33161,28.39678],[-81.33269,28.39762],[-81.33361,28.40156],[-81.33571,28.40185],[-81.3427,28.4019],[-81.35514,28.40145],[-81.35514,28.40348],[-81.35512,28.40717],[-81.35929,28.40701],[-81.37463,28.40715],[-81.37401,28.41171],[-81.3722,28.41596],[-81.37172,28.41792],[-81.37353,28.41792],[-81.37244,28.42149],[-81.36613,28.42136],[-81.35925,28.4216],[-81.35925,28.42215],[-81.3583,28.4226],[-81.35725,28.4231],[-81.35725,28.4216],[-81.35093,28.42155],[-81.34766,28.41715],[-81.34767,28.41825],[-81.3501,28.42159],[-81.349,28.4216],[-81.349,28.42342],[-81.34731,28.42342],[-81.34694,28.42431],[-81.34695,28.42663],[-81.34899,28.42706],[-81.34899,28.42889],[-81.35113,28.42891],[-81.35211,28.42892],[-81.35314,28.43263],[-81.35625,28.43264],[-81.35624,28.43081],[-81.35779,28.43082],[-81.35877,28.42893],[-81.35896,28.42892],[-81.35934,28.43267],[-81.36377,28.43264],[-81.3647,28.43625],[-81.3675,28.43628],[-81.36699,28.43814],[-81.3638,28.43717],[-81.36285,28.43611],[-81.36284,28.43455],[-81.35933,28.43457],[-81.35933,28.43622],[-81.35108,28.43625],[-81.3511,28.44013],[-81.34775,28.44017],[-81.34703,28.44278],[-81.34831,28.44436],[-81.3501,28.44464],[-81.35112,28.44451],[-81.35109,28.44969],[-81.34992,28.44994],[-81.34977,28.4498],[-81.34912,28.44983],[-81.34952,28.44737],[-81.34745,28.44732],[-81.34744,28.44605],[-81.34905,28.44525],[-81.34704,28.44577],[-81.34706,28.44993],[-81.3461,28.45],[-81.34602,28.44748],[-81.34295,28.44751],[-81.34296,28.45015],[-81.33928,28.45023],[-81.33885,28.4502],[-81.33728,28.45024],[-81.33545,28.45045],[-81.33545,28.45092],[-81.33545,28.45172],[-81.33053,28.45176],[-81.33188,28.45426],[-81.33058,28.45693],[-81.3306,28.4659],[-81.33058,28.46696],[-81.32808,28.46697],[-81.32809,28.46774],[-81.33074,28.46774],[-81.33073,28.47868],[-81.32872,28.47869],[-81.32871,28.47686],[-81.3251,28.47688],[-81.32461,28.48054],[-81.32252,28.48056],[-81.32668,28.48083],[-81.32668,28.48419],[-81.31891,28.48424],[-81.31892,28.48058],[-81.32099,28.48057],[-81.32145,28.4769],[-81.31268,28.47694],[-81.31269,28.48061],[-81.31022,28.48061],[-81.31028,28.48792],[-81.31429,28.48789],[-81.3143,28.49525],[-81.31433,28.49693],[-81.31803,28.4969],[-81.31851,28.50379],[-81.31852,28.50613],[-81.32066,28.50611],[-81.33082,28.50603],[-81.33096,28.50798],[-81.33297,28.50797],[-81.33279,28.51169],[-81.33507,28.5115],[-81.33508,28.51273],[-81.33322,28.51328],[-81.33612,28.51327],[-81.3361,28.51145],[-81.33719,28.51145],[-81.3372,28.51327],[-81.33919,28.51326],[-81.33924,28.5169],[-81.33926,28.51845],[-81.33511,28.51848],[-81.33522,28.51974],[-81.33526,28.52185],[-81.33928,28.52182],[-81.33929,28.52407],[-81.34342,28.52331],[-81.34339,28.51905],[-81.34685,28.51906],[-81.3475,28.51772],[-81.3475,28.52193],[-81.34755,28.52057],[-81.35009,28.52058],[-81.3501,28.52311],[-81.35166,28.52409],[-81.34754,28.52413],[-81.34353,28.52416],[-81.34445,28.5243],[-81.34611,28.52429],[-81.34653,28.52596],[-81.3517,28.52592],[-81.35171,28.52729],[-81.35569,28.52768],[-81.35579,28.52406],[-81.35544,28.52407],[-81.35579,28.52241],[-81.35786,28.52223],[-81.35786,28.52358],[-81.35992,28.5236],[-81.35992,28.52041],[-81.3578,28.52026],[-81.35784,28.51876],[-81.35982,28.51949],[-81.35982,28.51794],[-81.35885,28.51357],[-81.35608,28.51414],[-81.354,28.51325],[-81.3518,28.51328],[-81.35179,28.5168],[-81.34872,28.51682],[-81.34901,28.51496],[-81.35161,28.51506],[-81.3516,28.51318],[-81.3516,28.51308],[-81.35573,28.51308],[-81.35763,28.51195],[-81.35763,28.51315],[-81.35985,28.51312],[-81.35984,28.51186],[-81.36035,28.51262],[-81.36292,28.5127],[-81.36289,28.51009],[-81.36194,28.50796],[-81.36388,28.50668],[-81.36388,28.50308],[-81.35977,28.5031],[-81.35977,28.50216],[-81.35973,28.49852],[-81.35982,28.49851],[-81.35981,28.4976],[-81.36321,28.49756],[-81.36589,28.49479],[-81.3639,28.49848],[-81.36591,28.49846],[-81.36594,28.50209],[-81.368,28.50207],[-81.36805,28.50379],[-81.36796,28.51074],[-81.36809,28.51305],[-81.37016,28.51303],[-81.3693,28.50935],[-81.37144,28.50933],[-81.37146,28.50938],[-81.37415,28.50893],[-81.37422,28.50647],[-81.37624,28.50627],[-81.37625,28.5052],[-81.37354,28.50568],[-81.37219,28.50482],[-81.37422,28.50478],[-81.37351,28.50354],[-81.37437,28.50248],[-81.37799,28.50308],[-81.3775,28.50104],[-81.37623,28.50173],[-81.37595,28.49833],[-81.37697,28.49832],[-81.37734,28.49983],[-81.37851,28.49983],[-81.38007,28.50604],[-81.38453,28.50601],[-81.38454,28.50729],[-81.38463,28.51286],[-81.38439,28.51322],[-81.38552,28.51449],[-81.38973,28.51466],[-81.39293,28.51232],[-81.39695,28.50815],[-81.39731,28.50914],[-81.40114,28.50925],[-81.40112,28.50676],[-81.40936,28.50669],[-81.40936,28.50672],[-81.40804,28.50887],[-81.40798,28.50896],[-81.41349,28.5089],[-81.41728,28.50775],[-81.41755,28.50727],[-81.41755,28.50725],[-81.41786,28.50722],[-81.41805,28.50762],[-81.41838,28.50802],[-81.42286,28.50495],[-81.42333,28.50443],[-81.42173,28.50444],[-81.42168,28.49779],[-81.41745,28.49785],[-81.41745,28.49703],[-81.41743,28.49425],[-81.41794,28.49425],[-81.41796,28.49145],[-81.41741,28.49146],[-81.41674,28.49146],[-81.41668,28.49375],[-81.41418,28.49427],[-81.41023,28.49431],[-81.41098,28.49611],[-81.41312,28.49794],[-81.41065,28.49659],[-81.41024,28.49454],[-81.40905,28.49522],[-81.40927,28.49432],[-81.40922,28.49148],[-81.40922,28.49068],[-81.40985,28.48874],[-81.41212,28.48873],[-81.41211,28.48693],[-81.41742,28.48694],[-81.42019,28.48684],[-81.42572,28.48703],[-81.42572,28.48679],[-81.42566,28.47998],[-81.43199,28.47968],[-81.43217,28.4795],[-81.43811,28.47942],[-81.4381,28.47652],[-81.43805,28.47395],[-81.43389,28.474],[-81.43389,28.47218],[-81.43589,28.47215],[-81.43981,28.4721],[-81.43975,28.46848],[-81.43565,28.46484],[-81.42799,28.46474],[-81.4187,28.4645],[-81.42276,28.4603],[-81.42409,28.46137],[-81.42471,28.46075],[-81.42335,28.45971],[-81.42655,28.45628],[-81.43338,28.46224],[-81.43487,28.46089],[-81.43542,28.45882],[-81.43439,28.45811],[-81.43607,28.45383],[-81.43703,28.45354],[-81.43663,28.45038],[-81.44119,28.45011],[-81.44121,28.4513],[-81.44208,28.45206],[-81.44212,28.45568],[-81.44218,28.4559],[-81.44213,28.46118],[-81.44627,28.46116],[-81.45039,28.46114],[-81.45031,28.4502],[-81.45031,28.44985],[-81.46264,28.44968],[-81.46465,28.44983],[-81.46466,28.44752],[-81.46609,28.4475],[-81.46572,28.44983],[-81.46671,28.44997],[-81.46671,28.4501],[-81.46666,28.45736],[-81.47351,28.4573],[-81.47483,28.4548],[-81.47763,28.45469],[-81.4776,28.45365],[-81.48113,28.45431],[-81.48115,28.45726],[-81.47909,28.45727],[-81.4791,28.46077],[-81.48111,28.46085],[-81.48118,28.46379],[-81.47762,28.46368],[-81.47761,28.46287],[-81.47663,28.46238],[-81.47489,28.46241],[-81.47492,28.468],[-81.47914,28.46798],[-81.4799,28.47239],[-81.48106,28.47224],[-81.48033,28.47362],[-81.47691,28.47511],[-81.47493,28.47529],[-81.47504,28.47928],[-81.47539,28.48026],[-81.47544,28.4804],[-81.46912,28.48254],[-81.46668,28.48304],[-81.46675,28.48643],[-81.47085,28.48643],[-81.47101,28.49009],[-81.4752,28.49007],[-81.47526,28.49366],[-81.47531,28.49738],[-81.47943,28.49737],[-81.47947,28.49946],[-81.47463,28.49739],[-81.47321,28.4974],[-81.47223,28.4974],[-81.47884,28.50008],[-81.48378,28.50342],[-81.48386,28.50424],[-81.48439,28.5056],[-81.48652,28.50516],[-81.48659,28.50516],[-81.49068,28.50822],[-81.48794,28.50826],[-81.48799,28.51199],[-81.48608,28.51202],[-81.48608,28.5135],[-81.48523,28.5156],[-81.49214,28.51553],[-81.4921,28.5093],[-81.49875,28.51551],[-81.50604,28.5197],[-81.50775,28.52103],[-81.50639,28.52274],[-81.49799,28.52282],[-81.49222,28.52285],[-81.49218,28.51919],[-81.48814,28.51922]],[[-81.44285,28.52783],[-81.44246,28.52782],[-81.44249,28.53422],[-81.44059,28.53426],[-81.4406,28.53257],[-81.43942,28.53248],[-81.43938,28.52784],[-81.43847,28.52785],[-81.43834,28.52708],[-81.43788,28.52699],[-81.43447,28.52698],[-81.43448,28.52785],[-81.4345,28.53439],[-81.43446,28.53611],[-81.43853,28.53606],[-81.43854,28.53434],[-81.44272,28.5343],[-81.44285,28.52783]],[[-81.24336,28.40967],[-81.24435,28.40476],[-81.24426,28.40476],[-81.24336,28.40967]],[[-81.36734,28.51305],[-81.36741,28.51124],[-81.36653,28.51125],[-81.36601,28.5108],[-81.366,28.50999],[-81.36651,28.50938],[-81.36599,28.50882],[-81.36548,28.50928],[-81.36551,28.51307],[-81.36229,28.5131],[-81.36244,28.51353],[-81.35986,28.51399],[-81.35988,28.51534],[-81.36001,28.51668],[-81.36393,28.51672],[-81.36399,28.51527],[-81.36247,28.51552],[-81.36258,28.51322],[-81.36685,28.51318],[-81.36702,28.51669],[-81.36812,28.51668],[-81.36809,28.51305],[-81.36734,28.51305]],[[-81.42569,28.48978],[-81.42571,28.49058],[-81.42781,28.49056],[-81.42779,28.48875],[-81.42676,28.48876],[-81.42675,28.48702],[-81.42572,28.48703],[-81.42569,28.48978]],[[-81.46753,28.49193],[-81.46338,28.49197],[-81.46547,28.49336],[-81.46757,28.49347],[-81.46753,28.49193]],[[-81.42621,28.5307],[-81.42832,28.53069],[-81.43416,28.53067],[-81.43419,28.52786],[-81.43045,28.52696],[-81.42817,28.52697],[-81.42609,28.52697],[-81.42621,28.5307]],[[-81.43068,28.57255],[-81.42663,28.57258],[-81.42656,28.57445],[-81.43055,28.57443],[-81.4306,28.57622],[-81.42869,28.57623],[-81.42874,28.57809],[-81.43074,28.5782],[-81.43077,28.57964],[-81.42947,28.58074],[-81.43095,28.58175],[-81.43158,28.57806],[-81.43386,28.57803],[-81.43192,28.57794],[-81.43182,28.57438],[-81.43342,28.57425],[-81.43283,28.57253],[-81.43068,28.57255]],[[-81.42651,28.57445],[-81.42593,28.57446],[-81.42554,28.5745],[-81.42558,28.57625],[-81.42661,28.57623],[-81.42659,28.57532],[-81.42656,28.57445],[-81.42651,28.57445]],[[-81.43146,28.55484],[-81.43053,28.55485],[-81.43054,28.55608],[-81.43148,28.55608],[-81.43146,28.55484]],[[-81.42639,28.56836],[-81.42591,28.56837],[-81.42644,28.5691],[-81.42855,28.56908],[-81.42852,28.5672],[-81.43057,28.56718],[-81.43056,28.56614],[-81.4295,28.56699],[-81.42697,28.56702],[-81.42645,28.56619],[-81.42639,28.56836]],[[-81.4259,28.50678],[-81.42706,28.50607],[-81.42588,28.50519],[-81.42338,28.50523],[-81.42279,28.506],[-81.4259,28.50678]],[[-81.42373,28.58475],[-81.42474,28.58474],[-81.42468,28.58082],[-81.4226,28.58083],[-81.42271,28.58888],[-81.42064,28.58896],[-81.42061,28.58722],[-81.41853,28.58668],[-81.41852,28.5854],[-81.41958,28.5854],[-81.41945,28.57884],[-81.41908,28.57811],[-81.41846,28.57812],[-81.41684,28.57914],[-81.41687,28.58002],[-81.4184,28.58001],[-81.41774,28.58177],[-81.4167,28.58177],[-81.41691,28.5893],[-81.41913,28.59268],[-81.42067,28.59267],[-81.42069,28.59446],[-81.42157,28.59473],[-81.42158,28.59629],[-81.42282,28.59628],[-81.42273,28.59123],[-81.42687,28.5912],[-81.42687,28.589],[-81.42479,28.58902],[-81.42476,28.5862],[-81.42362,28.58621],[-81.42373,28.58475]],[[-81.42636,28.55765],[-81.42634,28.55626],[-81.42527,28.55627],[-81.42527,28.55655],[-81.42529,28.55767],[-81.42636,28.55765]],[[-81.42526,28.5528],[-81.42251,28.55283],[-81.42252,28.55368],[-81.42314,28.55367],[-81.42315,28.55433],[-81.42018,28.55436],[-81.42017,28.55336],[-81.42064,28.55335],[-81.42064,28.55286],[-81.418,28.55286],[-81.41808,28.55817],[-81.42006,28.55814],[-81.42009,28.55994],[-81.42291,28.5599],[-81.42285,28.5563],[-81.42527,28.55627],[-81.42526,28.5528]],[[-81.42315,28.50742],[-81.42284,28.50742],[-81.42283,28.50695],[-81.42201,28.50697],[-81.42222,28.50743],[-81.42253,28.50743],[-81.42254,28.50789],[-81.42285,28.50788],[-81.42285,28.50833],[-81.42254,28.50834],[-81.42253,28.50888],[-81.42314,28.5088],[-81.42457,28.50879],[-81.42456,28.50831],[-81.42386,28.50832],[-81.42386,28.50787],[-81.42316,28.50788],[-81.42315,28.50742]],[[-81.4244,28.56713],[-81.42438,28.5653],[-81.42324,28.56532],[-81.42327,28.56714],[-81.424,28.56713],[-81.4244,28.56713]],[[-81.42059,28.58539],[-81.42056,28.58271],[-81.41966,28.58271],[-81.41969,28.58396],[-81.4197,28.5854],[-81.42059,28.58539]],[[-81.41887,28.59462],[-81.41761,28.59165],[-81.41384,28.59196],[-81.41552,28.59514],[-81.41726,28.59569],[-81.41887,28.59462]],[[-81.41617,28.57539],[-81.41421,28.5754],[-81.41423,28.57631],[-81.41624,28.5763],[-81.41617,28.57539]],[[-81.41536,28.5909],[-81.41461,28.58945],[-81.41484,28.5884],[-81.41231,28.5891],[-81.41329,28.59091],[-81.41536,28.5909]],[[-81.41418,28.58159],[-81.41523,28.57973],[-81.41155,28.57975],[-81.41037,28.57829],[-81.40718,28.5783],[-81.40774,28.58048],[-81.40993,28.58456],[-81.4131,28.58545],[-81.41364,28.58698],[-81.41502,28.58704],[-81.41533,28.58543],[-81.41339,28.58544],[-81.41228,28.58363],[-81.41233,28.58091],[-81.41418,28.58159]],[[-81.4073,28.57803],[-81.40732,28.57803],[-81.40741,28.57804],[-81.40744,28.57804],[-81.40847,28.57715],[-81.40826,28.57546],[-81.40913,28.57755],[-81.41005,28.57457],[-81.40794,28.57455],[-81.40713,28.57804],[-81.40724,28.57803],[-81.4073,28.57803]],[[-81.40492,28.51261],[-81.40174,28.51265],[-81.40117,28.51215],[-81.40113,28.5101],[-81.3976,28.51172],[-81.39706,28.51182],[-81.39446,28.51231],[-81.39285,28.51365],[-81.38876,28.51616],[-81.38877,28.52013],[-81.38881,28.52376],[-81.395,28.52367],[-81.39295,28.52465],[-81.39297,28.52651],[-81.39633,28.52648],[-81.39707,28.5274],[-81.39708,28.52648],[-81.39831,28.52552],[-81.39933,28.52645],[-81.40122,28.52643],[-81.40124,28.52732],[-81.40398,28.52731],[-81.40412,28.52633],[-81.40844,28.52725],[-81.40942,28.52723],[-81.4094,28.52628],[-81.40949,28.518],[-81.4062,28.5169],[-81.40537,28.51582],[-81.40534,28.5126],[-81.40492,28.51261]],[[-81.32967,28.55704],[-81.32981,28.55704],[-81.32983,28.55559],[-81.32766,28.55563],[-81.3278,28.55614],[-81.32779,28.55702],[-81.32967,28.55704]],[[-81.32556,28.46591],[-81.32453,28.46591],[-81.32452,28.46957],[-81.32558,28.46957],[-81.32556,28.46591]],[[-81.32035,28.56006],[-81.31862,28.56073],[-81.31817,28.56026],[-81.31601,28.562],[-81.31557,28.56446],[-81.32123,28.56441],[-81.32114,28.56073],[-81.3252,28.56067],[-81.32519,28.55913],[-81.32519,28.55769],[-81.32258,28.55772],[-81.32017,28.55871],[-81.32035,28.56006]],[[-81.315,28.5149],[-81.31445,28.51491],[-81.31445,28.51496],[-81.31465,28.51708],[-81.31864,28.51706],[-81.3187,28.51531],[-81.31649,28.51533],[-81.31653,28.51643],[-81.31501,28.51644],[-81.315,28.5149]],[[-81.31059,28.54717],[-81.31059,28.54712],[-81.31059,28.54691],[-81.31004,28.54691],[-81.31004,28.54721],[-81.31059,28.54721],[-81.31059,28.54717]],[[-81.30613,28.50622],[-81.30615,28.50985],[-81.30997,28.50982],[-81.30995,28.50682],[-81.30995,28.5027],[-81.30618,28.50272],[-81.3055,28.50514],[-81.30613,28.50622]],[[-81.29788,28.51945],[-81.29789,28.51911],[-81.29669,28.51863],[-81.29665,28.51873],[-81.29768,28.51911],[-81.29788,28.51945]],[[-81.26912,28.45595],[-81.26431,28.45594],[-81.26458,28.45634],[-81.26929,28.45634],[-81.26978,28.45711],[-81.26509,28.45713],[-81.26535,28.45752],[-81.27004,28.4575],[-81.27081,28.45868],[-81.26613,28.45869],[-81.26639,28.45908],[-81.27106,28.45907],[-81.27417,28.46338],[-81.27703,28.46341],[-81.27699,28.45554],[-81.27401,28.45555],[-81.27299,28.454],[-81.2679,28.45399],[-81.26912,28.45595]]],[[[-81.22919,28.48458],[-81.22913,28.48458],[-81.22759,28.48458],[-81.22759,28.48232],[-81.22874,28.48359],[-81.22919,28.48458]]],[[[-81.28548,28.50632],[-81.28547,28.50566],[-81.28559,28.50614],[-81.28565,28.50632],[-81.28548,28.50632]]],[[[-81.44638,28.55259],[-81.44639,28.55431],[-81.44561,28.55431],[-81.44561,28.55382],[-81.44514,28.55382],[-81.44513,28.55262],[-81.44638,28.55259]]]]}},{"type":"Feature","properties":{"name":"Scout (Seminole County)","boundary_type":"county","source":"Census TIGER county","fidelity":"exact","updated":"2026-09","units":"Seminole County","note":"County-wide service replacing most LYNX bus routes across 5 zones.","confidence":0.95},"geometry":{"type":"Polygon","coordinates":[[[-81.45971,28.6616],[-81.4597,28.66257],[-81.4597,28.66451],[-81.45966,28.67274],[-81.45966,28.67292],[-81.45965,28.67455],[-81.45962,28.68021],[-81.45965,28.68375],[-81.4596,28.68859],[-81.45951,28.7094],[-81.45952,28.71326],[-81.45795,28.71432],[-81.45054,28.71435],[-81.44872,28.71532],[-81.44752,28.71516],[-81.4464,28.7137],[-81.44427,28.71389],[-81.44142,28.7151],[-81.441,28.71586],[-81.43943,28.71909],[-81.4382,28.72058],[-81.43623,28.7218],[-81.43164,28.72705],[-81.4315,28.72814],[-81.42688,28.73375],[-81.42504,28.73524],[-81.42376,28.73534],[-81.42277,28.73691],[-81.42188,28.73974],[-81.42154,28.74455],[-81.41847,28.75463],[-81.41646,28.7557],[-81.41633,28.75841],[-81.41567,28.75975],[-81.41521,28.76367],[-81.41583,28.76447],[-81.41564,28.7665],[-81.41637,28.76952],[-81.41584,28.77106],[-81.41567,28.77382],[-81.41488,28.77468],[-81.41469,28.77704],[-81.41534,28.77858],[-81.41513,28.78026],[-81.41553,28.78266],[-81.41513,28.78448],[-81.41468,28.78556],[-81.41553,28.78589],[-81.41401,28.78978],[-81.41376,28.7926],[-81.41511,28.79714],[-81.41571,28.80258],[-81.41819,28.80647],[-81.41803,28.80816],[-81.41885,28.81057],[-81.41955,28.81518],[-81.4192,28.81831],[-81.41685,28.82457],[-81.41575,28.82637],[-81.41438,28.8275],[-81.412,28.83058],[-81.40911,28.83248],[-81.40923,28.83319],[-81.40729,28.83477],[-81.40386,28.83483],[-81.40305,28.83718],[-81.40052,28.83871],[-81.39839,28.84067],[-81.3984,28.84189],[-81.39466,28.84211],[-81.39012,28.84901],[-81.38807,28.8499],[-81.3863,28.84991],[-81.38296,28.85199],[-81.38201,28.85392],[-81.38001,28.85648],[-81.37992,28.85811],[-81.37692,28.86114],[-81.37501,28.86229],[-81.37601,28.8659],[-81.37568,28.86648],[-81.37411,28.86976],[-81.37238,28.8689],[-81.36969,28.87054],[-81.36861,28.87292],[-81.3663,28.8736],[-81.36694,28.87923],[-81.36529,28.87652],[-81.36067,28.87246],[-81.36047,28.87052],[-81.36303,28.8699],[-81.36457,28.86744],[-81.36465,28.86569],[-81.36348,28.86473],[-81.35793,28.86403],[-81.35369,28.8631],[-81.35212,28.86232],[-81.35111,28.85811],[-81.35348,28.8592],[-81.355,28.858],[-81.35502,28.85457],[-81.35566,28.85334],[-81.3583,28.85193],[-81.35963,28.8503],[-81.35934,28.84894],[-81.35803,28.8478],[-81.35249,28.84723],[-81.34763,28.84622],[-81.34491,28.84633],[-81.34155,28.84705],[-81.33905,28.84518],[-81.33348,28.8404],[-81.32993,28.83904],[-81.32424,28.83762],[-81.32047,28.83453],[-81.3198,28.83453],[-81.30957,28.83456],[-81.30409,28.83443],[-81.28948,28.83409],[-81.27298,28.8337],[-81.25479,28.83323],[-81.24997,28.83311],[-81.22568,28.83245],[-81.22287,28.82686],[-81.22287,28.82592],[-81.22463,28.82158],[-81.22134,28.82034],[-81.21863,28.81698],[-81.2159,28.81442],[-81.216,28.81169],[-81.21674,28.8104],[-81.21634,28.8083],[-81.21431,28.80753],[-81.21372,28.80421],[-81.21264,28.80327],[-81.21045,28.80245],[-81.20803,28.80176],[-81.20477,28.79876],[-81.20393,28.79693],[-81.19871,28.79448],[-81.19737,28.79192],[-81.19502,28.7923],[-81.19134,28.79567],[-81.19044,28.79454],[-81.18817,28.79377],[-81.18633,28.79468],[-81.18429,28.79699],[-81.18191,28.79717],[-81.18042,28.79596],[-81.17951,28.79027],[-81.18059,28.78596],[-81.18124,28.78287],[-81.17894,28.78189],[-81.17746,28.78292],[-81.17789,28.78511],[-81.17758,28.78587],[-81.17159,28.78603],[-81.17081,28.78501],[-81.17098,28.78315],[-81.16974,28.78361],[-81.16711,28.78731],[-81.16433,28.78944],[-81.16038,28.79086],[-81.15639,28.79177],[-81.15394,28.79142],[-81.14892,28.79221],[-81.14436,28.79157],[-81.13786,28.79129],[-81.13617,28.79222],[-81.13564,28.7935],[-81.13725,28.79493],[-81.1389,28.79486],[-81.14041,28.79597],[-81.13837,28.79739],[-81.13354,28.79845],[-81.13026,28.79854],[-81.12929,28.79945],[-81.12917,28.80225],[-81.12977,28.80425],[-81.13119,28.80574],[-81.13041,28.80699],[-81.12484,28.81066],[-81.12369,28.81198],[-81.12314,28.81413],[-81.12526,28.81932],[-81.1265,28.82043],[-81.12624,28.82144],[-81.12418,28.82229],[-81.12213,28.82369],[-81.1205,28.82568],[-81.11829,28.82648],[-81.11513,28.82614],[-81.11345,28.82673],[-81.11172,28.82822],[-81.10575,28.82854],[-81.10423,28.82785],[-81.10389,28.82532],[-81.10297,28.82441],[-81.09948,28.82318],[-81.09873,28.82192],[-81.09733,28.82153],[-81.09601,28.82209],[-81.09482,28.82385],[-81.09329,28.8248],[-81.09194,28.82465],[-81.09093,28.82352],[-81.08932,28.82054],[-81.08698,28.81828],[-81.08525,28.81595],[-81.08317,28.81563],[-81.07975,28.81693],[-81.07816,28.81924],[-81.07608,28.81932],[-81.07535,28.81851],[-81.07474,28.8163],[-81.07316,28.81486],[-81.07064,28.81491],[-81.06741,28.81299],[-81.06615,28.81008],[-81.06624,28.80806],[-81.06773,28.80526],[-81.06744,28.80304],[-81.06336,28.79944],[-81.05917,28.79494],[-81.05706,28.79045],[-81.05664,28.78717],[-81.05552,28.78484],[-81.05309,28.77356],[-81.06056,28.76199],[-81.06109,28.75674],[-81.06111,28.75],[-81.05768,28.74512],[-81.04095,28.72974],[-81.04071,28.72834],[-81.04144,28.72666],[-81.03722,28.72543],[-81.03604,28.7241],[-81.03639,28.72253],[-81.03873,28.72236],[-81.03883,28.72159],[-81.03755,28.72022],[-81.03513,28.71944],[-81.034,28.71857],[-81.03385,28.71671],[-81.03526,28.71418],[-81.03553,28.71222],[-81.03474,28.70939],[-81.03335,28.70807],[-81.02751,28.70458],[-81.02351,28.70254],[-81.02145,28.70114],[-81.0204,28.69957],[-81.02045,28.69781],[-81.01665,28.69304],[-81.01638,28.69122],[-81.01702,28.69009],[-81.01997,28.68855],[-81.01995,28.68726],[-81.0213,28.68524],[-81.02162,28.68289],[-81.02117,28.67759],[-81.02129,28.67425],[-81.02048,28.67322],[-81.01407,28.67035],[-81.01104,28.66808],[-81.00723,28.66345],[-81.00843,28.66014],[-81.00827,28.65875],[-81.0059,28.65317],[-81.00582,28.65181],[-81.00452,28.64952],[-81.00309,28.64813],[-81.00329,28.64496],[-81.00122,28.64105],[-81.00131,28.63953],[-81.00257,28.63986],[-81.00511,28.63889],[-81.00705,28.63711],[-81.0071,28.63633],[-81.00244,28.6314],[-81.0,28.63028],[-80.99818,28.63058],[-80.99822,28.62959],[-80.99967,28.6281],[-80.9985,28.62606],[-80.99612,28.62412],[-80.99422,28.62165],[-80.98964,28.62477],[-80.98907,28.62475],[-80.98835,28.62354],[-80.98856,28.62192],[-80.98694,28.6183],[-80.98735,28.61726],[-80.99001,28.61712],[-80.99041,28.61652],[-80.98988,28.61393],[-80.98725,28.613],[-80.99223,28.61297],[-80.99224,28.61301],[-80.99537,28.61317],[-81.06774,28.61268],[-81.09804,28.61273],[-81.10618,28.61264],[-81.12899,28.61249],[-81.15781,28.61222],[-81.17453,28.61204],[-81.18692,28.61197],[-81.18933,28.61194],[-81.19203,28.61208],[-81.19402,28.61207],[-81.20122,28.61204],[-81.20749,28.61188],[-81.21789,28.61186],[-81.22409,28.61179],[-81.22532,28.61177],[-81.22618,28.61182],[-81.23321,28.61171],[-81.2447,28.61154],[-81.24581,28.61165],[-81.26233,28.61149],[-81.27783,28.61121],[-81.27851,28.6112],[-81.2823,28.61112],[-81.29481,28.61094],[-81.29799,28.61081],[-81.29898,28.61083],[-81.30241,28.61078],[-81.30509,28.61077],[-81.30883,28.61074],[-81.30902,28.61073],[-81.31132,28.61071],[-81.31448,28.61067],[-81.32789,28.6105],[-81.32791,28.61127],[-81.32801,28.61767],[-81.32798,28.62107],[-81.3283,28.6311],[-81.32834,28.63233],[-81.32835,28.63275],[-81.32848,28.63963],[-81.3311,28.63958],[-81.33551,28.63955],[-81.33871,28.63955],[-81.34539,28.6395],[-81.35705,28.63934],[-81.35724,28.63934],[-81.36163,28.63933],[-81.36165,28.64041],[-81.36512,28.6404],[-81.36523,28.6404],[-81.37158,28.64038],[-81.37333,28.64029],[-81.37592,28.64035],[-81.37796,28.64034],[-81.38741,28.64024],[-81.38798,28.64023],[-81.39158,28.64021],[-81.39652,28.64018],[-81.4152,28.64006],[-81.42733,28.6402],[-81.43557,28.64006],[-81.4436,28.64015],[-81.45656,28.64019],[-81.45796,28.6402],[-81.45973,28.6402],[-81.45969,28.64436],[-81.45971,28.6616]]]}},{"type":"Feature","properties":{"name":"StarMetro FLEX (Lake Jackson & Southside)","boundary_type":"city","source":"Census TIGER place","fidelity":"approximate","updated":"2026-09","units":"Tallahassee city","note":"Demand-response service in Lake Jackson and Southside zones within city limits","confidence":0.7},"geometry":{"type":"MultiPolygon","coordinates":[[[[-84.36337,30.39743],[-84.36335,30.4197],[-84.36124,30.41973],[-84.36122,30.42385],[-84.35587,30.42386],[-84.35604,30.42719],[-84.35276,30.42719],[-84.35293,30.43419],[-84.35204,30.43547],[-84.3529,30.43886],[-84.35127,30.43887],[-84.35121,30.43419],[-84.34379,30.43426],[-84.34653,30.43792],[-84.348,30.43909],[-84.3527,30.44158],[-84.35271,30.44273],[-84.34813,30.44142],[-84.34699,30.44531],[-84.34961,30.44522],[-84.34961,30.4435],[-84.35095,30.4435],[-84.35264,30.44473],[-84.34854,30.44746],[-84.34853,30.44581],[-84.3469,30.44581],[-84.34598,30.4505],[-84.34772,30.45077],[-84.34739,30.45239],[-84.34566,30.45213],[-84.34335,30.45398],[-84.34357,30.45532],[-84.35025,30.45806],[-84.35603,30.45915],[-84.35899,30.45902],[-84.35854,30.45613],[-84.36104,30.45612],[-84.36103,30.45526],[-84.3624,30.45526],[-84.36242,30.45815],[-84.36547,30.45712],[-84.36907,30.45624],[-84.36965,30.45642],[-84.36965,30.46319],[-84.36544,30.46319],[-84.36542,30.46425],[-84.36136,30.46423],[-84.36148,30.46698],[-84.36334,30.46699],[-84.36334,30.46606],[-84.36544,30.46607],[-84.36557,30.46341],[-84.36966,30.46337],[-84.36963,30.47049],[-84.37408,30.47051],[-84.3741,30.47406],[-84.36971,30.47411],[-84.36963,30.47076],[-84.36141,30.47068],[-84.36162,30.47143],[-84.36326,30.47335],[-84.36247,30.47122],[-84.36498,30.47192],[-84.36635,30.47301],[-84.36508,30.47601],[-84.36362,30.476],[-84.36398,30.4786],[-84.36762,30.48044],[-84.36738,30.48104],[-84.36411,30.4809],[-84.36354,30.48212],[-84.36322,30.4856],[-84.36249,30.4833],[-84.36255,30.48093],[-84.35836,30.47916],[-84.35644,30.47963],[-84.35644,30.47884],[-84.35448,30.4787],[-84.35449,30.4815],[-84.3516,30.48152],[-84.35252,30.48211],[-84.35247,30.48519],[-84.35488,30.48519],[-84.35501,30.48881],[-84.35284,30.4888],[-84.35295,30.49247],[-84.35104,30.49247],[-84.35062,30.49131],[-84.34948,30.48966],[-84.34695,30.48702],[-84.34625,30.48519],[-84.34661,30.4815],[-84.3494,30.48152],[-84.34875,30.47867],[-84.34667,30.47868],[-84.34592,30.48515],[-84.34452,30.48541],[-84.34454,30.48641],[-84.34629,30.48646],[-84.34841,30.48898],[-84.34844,30.49053],[-84.34703,30.49054],[-84.34701,30.48882],[-84.34455,30.48883],[-84.34454,30.49307],[-84.33959,30.49432],[-84.3391,30.49449],[-84.33869,30.49473],[-84.33699,30.49737],[-84.33503,30.49905],[-84.33743,30.50074],[-84.34034,30.50222],[-84.34031,30.50002],[-84.34252,30.5],[-84.34254,30.50085],[-84.34354,30.50103],[-84.34279,30.50269],[-84.34317,30.50359],[-84.34247,30.50383],[-84.3446,30.50599],[-84.34345,30.50711],[-84.34036,30.50715],[-84.34037,30.5034],[-84.3298,30.50346],[-84.32923,30.50245],[-84.32763,30.49931],[-84.33077,30.50036],[-84.33198,30.49983],[-84.33201,30.49648],[-84.33052,30.49526],[-84.33382,30.49526],[-84.33437,30.49131],[-84.33616,30.48945],[-84.33486,30.48654],[-84.33483,30.48349],[-84.33186,30.48314],[-84.33188,30.48582],[-84.32629,30.48585],[-84.3233,30.48623],[-84.32272,30.48534],[-84.31939,30.48537],[-84.31723,30.4872],[-84.31318,30.48506],[-84.31212,30.48458],[-84.30907,30.48479],[-84.30431,30.48421],[-84.30385,30.48377],[-84.3026,30.48409],[-84.30063,30.48344],[-84.30058,30.48082],[-84.29723,30.48126],[-84.29814,30.48506],[-84.29621,30.48532],[-84.2962,30.48338],[-84.29424,30.48386],[-84.29425,30.48591],[-84.29211,30.48593],[-84.29215,30.48713],[-84.279,30.4922],[-84.27725,30.49245],[-84.27708,30.49002],[-84.2693,30.49069],[-84.26342,30.49331],[-84.26499,30.49553],[-84.26892,30.49547],[-84.26893,30.49671],[-84.26835,30.49776],[-84.26135,30.5008],[-84.26132,30.50361],[-84.26053,30.50458],[-84.25558,30.50462],[-84.25467,30.50728],[-84.26042,30.50722],[-84.26061,30.51991],[-84.26253,30.51988],[-84.26224,30.52082],[-84.26567,30.52194],[-84.27744,30.52196],[-84.2785,30.52198],[-84.27851,30.52395],[-84.27992,30.52395],[-84.27994,30.52776],[-84.28145,30.52817],[-84.28497,30.53112],[-84.29193,30.53106],[-84.29191,30.52907],[-84.29387,30.52752],[-84.29297,30.52328],[-84.29348,30.52235],[-84.29613,30.52233],[-84.29629,30.52322],[-84.30389,30.52277],[-84.30623,30.52295],[-84.30498,30.52445],[-84.30484,30.52803],[-84.30358,30.53071],[-84.30367,30.5322],[-84.30078,30.5322],[-84.30081,30.53882],[-84.2969,30.53694],[-84.29341,30.53746],[-84.29095,30.53891],[-84.28783,30.53884],[-84.28228,30.53675],[-84.27891,30.53653],[-84.27898,30.5545],[-84.27763,30.55451],[-84.27764,30.56294],[-84.27934,30.56169],[-84.28092,30.56227],[-84.28124,30.56173],[-84.28156,30.56548],[-84.27763,30.56471],[-84.27766,30.56818],[-84.27553,30.57255],[-84.27616,30.57559],[-84.26936,30.5756],[-84.26933,30.57844],[-84.27352,30.57841],[-84.27354,30.57899],[-84.27702,30.57896],[-84.27736,30.58032],[-84.27617,30.5821],[-84.27619,30.585],[-84.27786,30.5862],[-84.27369,30.58621],[-84.27145,30.58543],[-84.27145,30.58722],[-84.27103,30.58723],[-84.2706,30.58558],[-84.26943,30.58557],[-84.26935,30.58387],[-84.26764,30.58386],[-84.26695,30.58303],[-84.26527,30.58302],[-84.26524,30.58181],[-84.26222,30.58118],[-84.26337,30.58036],[-84.26339,30.57872],[-84.26718,30.5787],[-84.26717,30.57687],[-84.25885,30.5769],[-84.25891,30.58733],[-84.25499,30.58733],[-84.25367,30.58725],[-84.25234,30.58699],[-84.25253,30.58585],[-84.25234,30.58246],[-84.25235,30.5832],[-84.24853,30.58319],[-84.24852,30.58529],[-84.244,30.583],[-84.24398,30.5697],[-84.24813,30.56993],[-84.24806,30.5662],[-84.246,30.56621],[-84.25708,30.56554],[-84.25728,30.56352],[-84.25412,30.56351],[-84.25435,30.55637],[-84.25733,30.55638],[-84.25732,30.55823],[-84.25822,30.55825],[-84.25895,30.5494],[-84.26076,30.54807],[-84.27258,30.54811],[-84.27444,30.54812],[-84.27615,30.54518],[-84.27603,30.5385],[-84.27498,30.53629],[-84.2608,30.5363],[-84.26082,30.54004],[-84.25233,30.54003],[-84.25237,30.53633],[-84.2507,30.53634],[-84.25056,30.53262],[-84.24839,30.52915],[-84.24842,30.52475],[-84.2467,30.52473],[-84.24624,30.52669],[-84.24517,30.52707],[-84.24519,30.52526],[-84.2541,30.52084],[-84.2535,30.52015],[-84.25078,30.5197],[-84.24395,30.51702],[-84.24178,30.51577],[-84.23761,30.52388],[-84.23441,30.53025],[-84.23575,30.53027],[-84.23488,30.53429],[-84.2317,30.5358],[-84.232,30.53726],[-84.23407,30.53745],[-84.23447,30.53578],[-84.23542,30.53577],[-84.23543,30.53756],[-84.24155,30.53774],[-84.24157,30.54084],[-84.2406,30.54088],[-84.24061,30.54187],[-84.24401,30.54177],[-84.24399,30.5455],[-84.24395,30.55097],[-84.22368,30.55112],[-84.22339,30.55134],[-84.22212,30.5509],[-84.22192,30.54728],[-84.22287,30.54728],[-84.22526,30.54817],[-84.2254,30.54821],[-84.22746,30.54421],[-84.22728,30.54419],[-84.22537,30.54397],[-84.22429,30.5465],[-84.22161,30.54732],[-84.21495,30.54737],[-84.21493,30.53976],[-84.21322,30.53736],[-84.21249,30.53725],[-84.2087,30.53497],[-84.20411,30.53633],[-84.20048,30.5345],[-84.19891,30.53458],[-84.19901,30.53511],[-84.19802,30.53586],[-84.19647,30.53613],[-84.1955,30.53513],[-84.18817,30.53464],[-84.1871,30.53586],[-84.18351,30.53227],[-84.1823,30.53323],[-84.18102,30.53426],[-84.18071,30.5338],[-84.18019,30.5338],[-84.1795,30.53328],[-84.17862,30.53415],[-84.18004,30.53519],[-84.17895,30.53623],[-84.17641,30.53802],[-84.17651,30.52913],[-84.15507,30.52907],[-84.15501,30.53638],[-84.13396,30.5364],[-84.13151,30.53604],[-84.13018,30.53462],[-84.13003,30.53401],[-84.1299,30.5291],[-84.13421,30.52905],[-84.13417,30.52182],[-84.12985,30.52184],[-84.12983,30.51747],[-84.13827,30.51338],[-84.13831,30.50727],[-84.1341,30.50726],[-84.13412,30.50359],[-84.14256,30.50353],[-84.14256,30.50112],[-84.1442,30.50112],[-84.14373,30.49996],[-84.1438,30.48878],[-84.14721,30.48827],[-84.14753,30.47983],[-84.15108,30.48154],[-84.15398,30.48214],[-84.15493,30.48214],[-84.15499,30.47896],[-84.15925,30.47899],[-84.15927,30.48209],[-84.16338,30.48128],[-84.16263,30.48335],[-84.16104,30.48374],[-84.16056,30.48367],[-84.15659,30.48385],[-84.15503,30.48392],[-84.15501,30.48682],[-84.15895,30.48539],[-84.1634,30.48377],[-84.16343,30.48833],[-84.16343,30.50126],[-84.17466,30.49572],[-84.1985,30.48427],[-84.19899,30.48703],[-84.20152,30.48699],[-84.20602,30.48987],[-84.20952,30.48957],[-84.2095,30.49261],[-84.20797,30.49506],[-84.20891,30.49438],[-84.21134,30.49334],[-84.21133,30.49586],[-84.21002,30.49588],[-84.21004,30.49796],[-84.21898,30.49905],[-84.22158,30.49962],[-84.227,30.50019],[-84.22703,30.49052],[-84.22474,30.48875],[-84.21724,30.49211],[-84.21432,30.49269],[-84.21011,30.49261],[-84.21014,30.48903],[-84.20555,30.48909],[-84.20182,30.48644],[-84.19954,30.48647],[-84.19908,30.48399],[-84.20988,30.47987],[-84.2099,30.48225],[-84.21109,30.48176],[-84.21463,30.47953],[-84.21797,30.47954],[-84.21736,30.4782],[-84.21733,30.4769],[-84.21896,30.47619],[-84.2217,30.47517],[-84.22138,30.47163],[-84.21971,30.47163],[-84.22015,30.47022],[-84.21821,30.47018],[-84.21823,30.46857],[-84.22005,30.46858],[-84.22003,30.46694],[-84.21168,30.46686],[-84.21029,30.46646],[-84.2102,30.46649],[-84.20584,30.46807],[-84.20585,30.46776],[-84.20585,30.46561],[-84.20415,30.46561],[-84.2032,30.46669],[-84.20393,30.46329],[-84.20685,30.46361],[-84.20954,30.46355],[-84.20944,30.45974],[-84.20867,30.45825],[-84.20643,30.45707],[-84.20642,30.45519],[-84.21037,30.45425],[-84.21384,30.45509],[-84.21396,30.45139],[-84.21188,30.44943],[-84.20945,30.44823],[-84.20944,30.44914],[-84.19297,30.44907],[-84.19299,30.44445],[-84.18808,30.44513],[-84.18599,30.44491],[-84.18589,30.45221],[-84.1859,30.46351],[-84.18909,30.46351],[-84.18908,30.46576],[-84.18298,30.46583],[-84.18295,30.46735],[-84.17956,30.46737],[-84.17958,30.46351],[-84.17992,30.46351],[-84.17992,30.45218],[-84.17619,30.45215],[-84.17614,30.45723],[-84.16917,30.45721],[-84.17016,30.45839],[-84.17619,30.45841],[-84.17614,30.46353],[-84.16747,30.46349],[-84.16775,30.45521],[-84.1666,30.45321],[-84.16346,30.44882],[-84.16288,30.44883],[-84.15946,30.44886],[-84.14899,30.44374],[-84.14896,30.44462],[-84.14649,30.44305],[-84.14445,30.44309],[-84.14398,30.44132],[-84.14262,30.44029],[-84.14264,30.43521],[-84.14264,30.4348],[-84.14264,30.43426],[-84.18512,30.43434],[-84.18456,30.43346],[-84.18435,30.42675],[-84.18494,30.42864],[-84.1866,30.42864],[-84.18659,30.42985],[-84.18874,30.42989],[-84.18873,30.43297],[-84.1951,30.4335],[-84.19737,30.43358],[-84.19737,30.43443],[-84.20007,30.43444],[-84.20009,30.43221],[-84.20131,30.43174],[-84.20132,30.42982],[-84.20259,30.42909],[-84.20882,30.42862],[-84.20881,30.42682],[-84.21077,30.42826],[-84.21078,30.42722],[-84.2123,30.42721],[-84.21231,30.42404],[-84.21008,30.42403],[-84.21009,30.4236],[-84.19295,30.4235],[-84.19296,30.41985],[-84.2042,30.41988],[-84.20421,30.41662],[-84.20533,30.41661],[-84.20548,30.41413],[-84.20974,30.41489],[-84.2149,30.416],[-84.22133,30.41951],[-84.22903,30.42074],[-84.23099,30.41953],[-84.23099,30.41664],[-84.23024,30.41611],[-84.23094,30.41603],[-84.23063,30.4149],[-84.23091,30.41352],[-84.2306,30.41214],[-84.23125,30.4129],[-84.23504,30.41295],[-84.23504,30.41261],[-84.23505,30.41253],[-84.23706,30.41107],[-84.23748,30.41261],[-84.24029,30.41262],[-84.24046,30.41083],[-84.23838,30.41078],[-84.2384,30.40895],[-84.24366,30.409],[-84.24366,30.41084],[-84.24262,30.41084],[-84.2425,30.41262],[-84.24372,30.41263],[-84.24372,30.41231],[-84.24398,30.41073],[-84.24416,30.40543],[-84.23735,30.40539],[-84.23653,30.4079],[-84.23508,30.40792],[-84.23461,30.41061],[-84.23108,30.41061],[-84.22975,30.41236],[-84.22685,30.41617],[-84.22678,30.41997],[-84.22148,30.4192],[-84.21849,30.41769],[-84.21849,30.41632],[-84.21734,30.41708],[-84.21432,30.41543],[-84.21211,30.415],[-84.21214,30.41141],[-84.20999,30.41147],[-84.21039,30.40589],[-84.21471,30.40591],[-84.20766,30.4053],[-84.20793,30.37438],[-84.18096,30.36893],[-84.17751,30.36863],[-84.15079,30.36716],[-84.14702,30.36774],[-84.14297,30.36879],[-84.14323,30.34679],[-84.21045,30.34684],[-84.21038,30.36863],[-84.22714,30.36869],[-84.22701,30.37577],[-84.23435,30.37576],[-84.23438,30.38014],[-84.23662,30.38127],[-84.23682,30.38137],[-84.23997,30.38295],[-84.23998,30.38001],[-84.2416,30.38],[-84.24161,30.37588],[-84.24138,30.37578],[-84.23611,30.37576],[-84.23958,30.3734],[-84.24387,30.37281],[-84.24386,30.37199],[-84.25709,30.37209],[-84.25854,30.37159],[-84.258,30.37043],[-84.26006,30.36971],[-84.26057,30.37082],[-84.26064,30.36142],[-84.26405,30.36144],[-84.26561,30.36508],[-84.26908,30.36511],[-84.26903,30.36877],[-84.27081,30.36877],[-84.27224,30.3721],[-84.27736,30.37239],[-84.2887,30.373],[-84.29416,30.37243],[-84.29416,30.36971],[-84.29569,30.36973],[-84.29587,30.36935],[-84.29886,30.37035],[-84.2997,30.36926],[-84.29869,30.37237],[-84.29415,30.37311],[-84.29331,30.37474],[-84.29419,30.37607],[-84.29253,30.37597],[-84.29069,30.37965],[-84.29332,30.38142],[-84.29287,30.38341],[-84.29413,30.37966],[-84.29837,30.37968],[-84.29834,30.38348],[-84.29533,30.38349],[-84.29533,30.38432],[-84.29413,30.38432],[-84.2941,30.38617],[-84.2899,30.38616],[-84.28991,30.38496],[-84.28827,30.38482],[-84.29036,30.38341],[-84.28936,30.38266],[-84.29015,30.38073],[-84.28989,30.3769],[-84.28777,30.37689],[-84.28569,30.37606],[-84.28567,30.37716],[-84.28399,30.37787],[-84.28401,30.37972],[-84.28573,30.37972],[-84.28573,30.38131],[-84.28312,30.38131],[-84.28174,30.37923],[-84.28156,30.37591],[-84.27337,30.37589],[-84.27304,30.37827],[-84.27863,30.37786],[-84.2794,30.37851],[-84.2792,30.37972],[-84.27516,30.37987],[-84.27571,30.38502],[-84.2744,30.38535],[-84.27395,30.38433],[-84.27305,30.38443],[-84.27199,30.38442],[-84.272,30.38332],[-84.27306,30.38333],[-84.27317,30.38255],[-84.27026,30.37587],[-84.26907,30.37319],[-84.26893,30.37574],[-84.26471,30.37583],[-84.26463,30.38512],[-84.26882,30.38517],[-84.26882,30.38699],[-84.26046,30.38696],[-84.26041,30.39324],[-84.2604,30.39756],[-84.25976,30.39811],[-84.24827,30.39825],[-84.24822,30.4011],[-84.24967,30.40293],[-84.25003,30.40662],[-84.25066,30.40665],[-84.25605,30.40853],[-84.25974,30.40598],[-84.26165,30.40536],[-84.26182,30.40163],[-84.26039,30.40163],[-84.26039,30.39811],[-84.26463,30.39815],[-84.26411,30.40147],[-84.2689,30.40152],[-84.26892,30.39754],[-84.26893,30.39628],[-84.27484,30.3909],[-84.27675,30.39073],[-84.2767,30.38982],[-84.2787,30.38981],[-84.2787,30.387],[-84.28013,30.3834],[-84.2774,30.38342],[-84.27741,30.38173],[-84.28257,30.38247],[-84.28723,30.38215],[-84.28895,30.3828],[-84.28865,30.38339],[-84.28571,30.38339],[-84.2857,30.38522],[-84.28255,30.38522],[-84.28253,30.38704],[-84.28569,30.38743],[-84.2857,30.38578],[-84.28689,30.38699],[-84.28524,30.39031],[-84.28298,30.39066],[-84.28349,30.38916],[-84.28147,30.38825],[-84.28148,30.39065],[-84.28005,30.39151],[-84.27742,30.39145],[-84.27867,30.39431],[-84.28332,30.39431],[-84.28569,30.39383],[-84.28569,30.39069],[-84.28988,30.39071],[-84.28987,30.3944],[-84.29834,30.39439],[-84.29834,30.39257],[-84.3025,30.39259],[-84.3025,30.39438],[-84.30384,30.39438],[-84.30462,30.39437],[-84.30461,30.40073],[-84.30685,30.40187],[-84.30716,30.4033],[-84.30793,30.40409],[-84.30918,30.40545],[-84.3228,30.40532],[-84.32356,30.40488],[-84.32354,30.40164],[-84.31946,30.40164],[-84.32129,30.40093],[-84.32006,30.39805],[-84.31095,30.39804],[-84.31099,30.39441],[-84.31304,30.39442],[-84.31306,30.39078],[-84.3068,30.39076],[-84.30675,30.3835],[-84.30757,30.3835],[-84.31324,30.3877],[-84.32571,30.39697],[-84.32624,30.39805],[-84.32211,30.39805],[-84.3219,30.39961],[-84.32465,30.39998],[-84.32464,30.40163],[-84.32771,30.40162],[-84.32775,30.39795],[-84.33429,30.39806],[-84.33428,30.40048],[-84.33193,30.40049],[-84.3319,30.40412],[-84.33068,30.40524],[-84.32355,30.40528],[-84.32359,30.40892],[-84.32778,30.4089],[-84.32777,30.41074],[-84.336,30.41074],[-84.33599,30.41252],[-84.34444,30.41244],[-84.34439,30.41074],[-84.3423,30.41058],[-84.34215,30.40892],[-84.34448,30.40892],[-84.34447,30.40261],[-84.3419,30.40031],[-84.34038,30.39958],[-84.34038,30.39787],[-84.32884,30.39783],[-84.32632,30.39693],[-84.32195,30.39369],[-84.31334,30.38737],[-84.30789,30.38338],[-84.30915,30.38337],[-84.30912,30.37981],[-84.30434,30.37977],[-84.30336,30.37943],[-84.30387,30.37735],[-84.3052,30.37735],[-84.30597,30.37484],[-84.30871,30.37711],[-84.31095,30.37709],[-84.31095,30.37613],[-84.31406,30.37618],[-84.31519,30.38146],[-84.32687,30.39009],[-84.33043,30.38748],[-84.35294,30.38728],[-84.35287,30.37799],[-84.35335,30.3777],[-84.35676,30.37618],[-84.36343,30.37605],[-84.36348,30.38926],[-84.36511,30.38895],[-84.36511,30.39067],[-84.37801,30.39048],[-84.378,30.39316],[-84.378,30.39718],[-84.36337,30.39743]],[[-84.2952,30.48254],[-84.29424,30.483],[-84.29618,30.48297],[-84.29616,30.48154],[-84.29517,30.48161],[-84.2952,30.48254]],[[-84.2112,30.45883],[-84.21008,30.45996],[-84.20974,30.46354],[-84.2098,30.46354],[-84.20979,30.4652],[-84.21441,30.46498],[-84.21451,30.46515],[-84.21605,30.4646],[-84.21617,30.46527],[-84.21793,30.46526],[-84.21791,30.46371],[-84.21812,30.46364],[-84.21972,30.46306],[-84.2196,30.45996],[-84.22232,30.45954],[-84.21401,30.45951],[-84.2112,30.45883]],[[-84.2074,30.49929],[-84.2052,30.49975],[-84.20579,30.49808],[-84.20661,30.49661],[-84.20735,30.49566],[-84.20671,30.49553],[-84.20675,30.4926],[-84.19313,30.49259],[-84.19317,30.49822],[-84.19559,30.4988],[-84.19634,30.50085],[-84.20471,30.50081],[-84.20447,30.50254],[-84.21002,30.50257],[-84.21005,30.49989],[-84.20927,30.49952],[-84.2074,30.49929]]],[[[-84.29837,30.48669],[-84.29764,30.48751],[-84.29525,30.48802],[-84.29525,30.4867],[-84.29962,30.48521],[-84.29868,30.48609],[-84.29825,30.48733],[-84.29837,30.48669]]]]}},{"type":"Feature","properties":{"name":"Sun Shuttle (Hollywood East)","boundary_type":"city","source":"Census TIGER place","fidelity":"approximate","updated":"2026-09","units":"Hollywood city","note":"Service focuses on Hollywood Beach and Downtown area; city-wide coverage assumed.","confidence":0.9},"geometry":{"type":"Polygon","coordinates":[[[-80.24774,26.03321],[-80.2427,26.03581],[-80.2394,26.0372],[-80.23875,26.03747],[-80.2374,26.03814],[-80.23676,26.03866],[-80.23292,26.04231],[-80.2309,26.04233],[-80.23091,26.04514],[-80.22488,26.04535],[-80.22332,26.04517],[-80.22125,26.04529],[-80.21688,26.04556],[-80.21668,26.03919],[-80.22111,26.03907],[-80.22107,26.03689],[-80.22095,26.03184],[-80.22008,26.03195],[-80.2165,26.03202],[-80.21659,26.03558],[-80.21364,26.03563],[-80.2135,26.03564],[-80.20852,26.03579],[-80.20447,26.03579],[-80.20458,26.03942],[-80.2047,26.04309],[-80.20876,26.04296],[-80.20903,26.04666],[-80.20892,26.04825],[-80.20828,26.05029],[-80.20736,26.05033],[-80.2074,26.05176],[-80.20748,26.0527],[-80.20745,26.05343],[-80.20747,26.05396],[-80.20753,26.05607],[-80.20776,26.06295],[-80.20789,26.06623],[-80.20707,26.06624],[-80.20701,26.0645],[-80.2049,26.06287],[-80.20664,26.06295],[-80.20662,26.06022],[-80.20701,26.05609],[-80.20558,26.05615],[-80.20552,26.0545],[-80.20697,26.05445],[-80.20606,26.05218],[-80.2036,26.05224],[-80.20332,26.04788],[-80.20478,26.04697],[-80.2008,26.04693],[-80.19465,26.04711],[-80.19462,26.05074],[-80.19673,26.05068],[-80.19678,26.05427],[-80.20111,26.05464],[-80.20095,26.05563],[-80.20094,26.05567],[-80.19881,26.05571],[-80.1982,26.06073],[-80.2002,26.06077],[-80.19986,26.06152],[-80.19968,26.06296],[-80.19504,26.06276],[-80.19517,26.0677],[-80.19524,26.07],[-80.19115,26.06997],[-80.19117,26.07118],[-80.18927,26.07187],[-80.18672,26.07203],[-80.18607,26.07314],[-80.18605,26.07609],[-80.18503,26.07711],[-80.18105,26.07715],[-80.18129,26.08281],[-80.18131,26.08332],[-80.18131,26.08339],[-80.18273,26.084],[-80.18261,26.08412],[-80.1822,26.08409],[-80.18214,26.08415],[-80.18186,26.08452],[-80.18175,26.08484],[-80.18171,26.08517],[-80.18034,26.08534],[-80.18022,26.08535],[-80.18008,26.08551],[-80.17999,26.08556],[-80.17998,26.08518],[-80.18043,26.08471],[-80.18082,26.08347],[-80.18048,26.07714],[-80.17784,26.07716],[-80.17783,26.07489],[-80.17479,26.07511],[-80.17477,26.07721],[-80.17474,26.07156],[-80.1787,26.07156],[-80.17878,26.06797],[-80.18309,26.0679],[-80.18423,26.06784],[-80.1906,26.06786],[-80.19254,26.06781],[-80.19363,26.06771],[-80.19349,26.06269],[-80.19169,26.06261],[-80.19058,26.06256],[-80.18745,26.06173],[-80.18753,26.05955],[-80.18634,26.05859],[-80.18642,26.05522],[-80.18742,26.05474],[-80.18743,26.05102],[-80.18632,26.04919],[-80.18448,26.04925],[-80.18449,26.05111],[-80.18284,26.05123],[-80.18238,26.0475],[-80.18146,26.04753],[-80.18147,26.04961],[-80.1809,26.04868],[-80.17928,26.04873],[-80.17926,26.0476],[-80.1783,26.04763],[-80.17832,26.04894],[-80.17415,26.04907],[-80.17414,26.04814],[-80.17516,26.04772],[-80.16763,26.04784],[-80.15587,26.04821],[-80.15583,26.04634],[-80.15174,26.04647],[-80.1514,26.0335],[-80.15002,26.03352],[-80.14981,26.03353],[-80.14328,26.03364],[-80.13491,26.03383],[-80.13486,26.03383],[-80.1301,26.03394],[-80.13068,26.05267],[-80.12736,26.05275],[-80.12766,26.06033],[-80.12952,26.0599],[-80.12959,26.0632],[-80.12985,26.0707],[-80.12992,26.07257],[-80.12789,26.07261],[-80.12824,26.08918],[-80.13633,26.08913],[-80.13638,26.08978],[-80.13638,26.08998],[-80.13564,26.09284],[-80.1243,26.0931],[-80.1177,26.09322],[-80.10683,26.09331],[-80.10798,26.09217],[-80.10877,26.09009],[-80.10899,26.08726],[-80.10911,26.08101],[-80.11021,26.07257],[-80.11059,26.06828],[-80.11105,26.05923],[-80.11263,26.05938],[-80.11313,26.05801],[-80.11347,26.05538],[-80.11281,26.05506],[-80.11286,26.05304],[-80.11225,26.05328],[-80.11207,26.05487],[-80.11154,26.05486],[-80.11248,26.04745],[-80.11412,26.02515],[-80.11498,26.01335],[-80.11517,26.0108],[-80.11566,26.00418],[-80.1161,25.99813],[-80.11618,25.99739],[-80.11666,25.99264],[-80.11724,25.98699],[-80.11805,25.98682],[-80.11924,25.98681],[-80.11926,25.98643],[-80.11927,25.98637],[-80.11997,25.98654],[-80.12177,25.98651],[-80.1222,25.98649],[-80.12186,25.98898],[-80.12045,25.9926],[-80.12005,25.99716],[-80.12169,25.99741],[-80.12692,25.99717],[-80.12762,25.99721],[-80.13039,25.99712],[-80.13459,25.997],[-80.1366,25.99693],[-80.14064,25.99678],[-80.14261,25.99678],[-80.14879,25.99663],[-80.15488,25.99643],[-80.15885,25.99632],[-80.16551,25.99623],[-80.16726,25.99622],[-80.16838,25.99611],[-80.17685,25.99582],[-80.18342,25.99563],[-80.18946,25.9955],[-80.19513,25.99536],[-80.19698,25.99527],[-80.20623,25.99522],[-80.2071,25.99533],[-80.21109,25.99542],[-80.21313,25.99543],[-80.21933,25.99533],[-80.22032,25.99529],[-80.22043,25.99916],[-80.21702,26.00263],[-80.2159,26.00411],[-80.21505,26.0055],[-80.21622,26.00601],[-80.21651,26.00685],[-80.21598,26.00766],[-80.21451,26.00795],[-80.21432,26.00844],[-80.21359,26.00879],[-80.21325,26.01005],[-80.21703,26.00998],[-80.22323,26.00984],[-80.23168,26.00964],[-80.2318,26.01141],[-80.23578,26.01131],[-80.2398,26.0112],[-80.24004,26.0167],[-80.24249,26.01661],[-80.24108,26.01754],[-80.24119,26.02029],[-80.24018,26.02032],[-80.24033,26.02403],[-80.23232,26.02422],[-80.23263,26.03147],[-80.23862,26.0313],[-80.24834,26.03113],[-80.24866,26.0312],[-80.24852,26.03305],[-80.24774,26.03321]],[[-80.20693,26.04681],[-80.20514,26.04696],[-80.20522,26.04778],[-80.20503,26.04797],[-80.20704,26.04895],[-80.20755,26.04819],[-80.20786,26.04717],[-80.20781,26.0467],[-80.20693,26.04681]],[[-80.19261,26.04717],[-80.19263,26.04749],[-80.19255,26.04901],[-80.19412,26.04896],[-80.19414,26.04713],[-80.19261,26.04717]],[[-80.12769,26.07119],[-80.12774,26.07255],[-80.12937,26.07247],[-80.12937,26.07111],[-80.12769,26.07119]]]}},{"type":"Feature","properties":{"name":"The Snapper","boundary_type":"places","source":"Census TIGER place","fidelity":"approximate","updated":"2026-09","units":"Safety Harbor city; Clearwater city","note":"Microtransit service connecting Safety Harbor to Clearwater area in Pinellas County.","confidence":0.8},"geometry":{"type":"MultiPolygon","coordinates":[[[[-82.73456,27.99367],[-82.73433,27.99367],[-82.73371,27.99322],[-82.73401,27.99302],[-82.73371,27.99282],[-82.73374,27.99097],[-82.73413,27.99047],[-82.73472,27.99047],[-82.73421,27.99112],[-82.7342,27.99236],[-82.7345,27.99257],[-82.73456,27.99367]]],[[[-82.83268,27.95801],[-82.83249,27.95904],[-82.83153,27.96446],[-82.83154,27.96461],[-82.83169,27.96641],[-82.83199,27.97019],[-82.82983,27.98257],[-82.82962,27.98909],[-82.82911,28.0046],[-82.82833,28.01747],[-82.82823,28.01903],[-82.82601,28.01904],[-82.82532,28.01847],[-82.82354,28.01188],[-82.82171,28.00861],[-82.81961,28.00584],[-82.81755,28.00452],[-82.81576,28.00134],[-82.81641,28.00086],[-82.8161,28.00044],[-82.81603,28.0004],[-82.81605,28.00036],[-82.8177,27.99663],[-82.81376,27.98691],[-82.81319,27.9855],[-82.81081,27.98257],[-82.80986,27.9769],[-82.81081,27.96955],[-82.80847,27.96815],[-82.80643,27.96692],[-82.80487,27.96598],[-82.80273,27.97459],[-82.79987,27.9824],[-82.7994,27.98802],[-82.79751,27.9897],[-82.79733,27.99039],[-82.79542,27.99745],[-82.78789,27.99742],[-82.77969,27.99736],[-82.7755,27.99733],[-82.76949,27.9973],[-82.76948,27.9962],[-82.76939,27.9972],[-82.76901,27.9972],[-82.76724,27.9973],[-82.76606,27.99728],[-82.7631,27.99725],[-82.7631,28.00004],[-82.76298,28.00448],[-82.759,28.00449],[-82.75887,28.00088],[-82.75797,27.99927],[-82.75483,27.99811],[-82.75484,27.9973],[-82.75065,27.99724],[-82.7506,27.99367],[-82.74669,27.99373],[-82.7422,27.99373],[-82.74247,27.99336],[-82.74204,27.99321],[-82.74203,27.99158],[-82.74083,27.99058],[-82.73686,27.99033],[-82.73529,27.99197],[-82.73541,27.99046],[-82.73352,27.99017],[-82.73303,27.99031],[-82.73293,27.99724],[-82.73082,27.99724],[-82.73157,27.99583],[-82.72984,27.99598],[-82.72982,27.99734],[-82.73292,27.99733],[-82.7329,27.99904],[-82.73076,27.99952],[-82.73077,28.00155],[-82.73191,28.00207],[-82.73193,28.00631],[-82.73191,28.00835],[-82.73787,28.00833],[-82.7378,28.00505],[-82.73789,28.00505],[-82.74223,28.00465],[-82.74668,28.00466],[-82.74644,28.01054],[-82.7467,28.01164],[-82.7468,28.01605],[-82.74682,28.01829],[-82.74638,28.01925],[-82.74186,28.01928],[-82.74183,28.01559],[-82.74097,28.01559],[-82.74085,28.01929],[-82.73899,28.01939],[-82.73799,28.01938],[-82.73799,28.01924],[-82.729,28.01943],[-82.72934,28.02255],[-82.72958,28.02256],[-82.72959,28.02518],[-82.72936,28.02518],[-82.72903,28.02518],[-82.7291,28.03209],[-82.72943,28.03791],[-82.73812,28.03786],[-82.73817,28.04051],[-82.7382,28.04163],[-82.72982,28.04159],[-82.73009,28.04782],[-82.73421,28.04756],[-82.73427,28.04953],[-82.73049,28.04996],[-82.72601,28.0489],[-82.72429,28.04797],[-82.72169,28.04881],[-82.72168,28.04896],[-82.71833,28.04883],[-82.70935,28.0489],[-82.7075,28.04888],[-82.70129,28.041],[-82.70078,28.03792],[-82.69845,28.0379],[-82.69665,28.03643],[-82.69656,28.03446],[-82.6959,28.03257],[-82.69403,28.0309],[-82.6918,28.03062],[-82.69274,28.02708],[-82.69152,28.02732],[-82.68999,28.02754],[-82.69007,28.02747],[-82.68912,28.02617],[-82.68511,28.02067],[-82.68502,28.02039],[-82.68432,28.01825],[-82.68348,28.0157],[-82.68519,28.01556],[-82.68411,28.01407],[-82.68292,28.01403],[-82.68246,28.01367],[-82.67676,28.00922],[-82.67575,28.00602],[-82.67557,28.00544],[-82.67613,28.00472],[-82.68017,27.99949],[-82.6835,27.99517],[-82.68454,27.99383],[-82.68756,27.98967],[-82.68762,27.9896],[-82.68767,27.98953],[-82.69057,27.98623],[-82.69268,27.98382],[-82.69379,27.97885],[-82.69408,27.97757],[-82.69368,27.97607],[-82.68964,27.97487],[-82.68865,27.97299],[-82.69161,27.97104],[-82.69612,27.96332],[-82.69933,27.96091],[-82.70013,27.96031],[-82.70647,27.96053],[-82.70753,27.95963],[-82.70972,27.95964],[-82.71109,27.95924],[-82.71034,27.95912],[-82.71008,27.95748],[-82.71061,27.95703],[-82.71652,27.9584],[-82.72144,27.95487],[-82.7218,27.95461],[-82.72381,27.95133],[-82.72421,27.94927],[-82.72488,27.94575],[-82.72148,27.94574],[-82.72131,27.94399],[-82.72017,27.94128],[-82.72005,27.94099],[-82.72034,27.94083],[-82.72485,27.93836],[-82.72567,27.93662],[-82.72634,27.93662],[-82.73003,27.93667],[-82.73023,27.93837],[-82.73063,27.93837],[-82.73059,27.94023],[-82.73366,27.94024],[-82.73347,27.94208],[-82.73439,27.94207],[-82.73441,27.93851],[-82.73507,27.93851],[-82.7354,27.94118],[-82.73641,27.94118],[-82.73642,27.94025],[-82.73781,27.94026],[-82.73779,27.94209],[-82.7385,27.94211],[-82.73852,27.94026],[-82.73983,27.94028],[-82.73983,27.9412],[-82.74034,27.94121],[-82.74035,27.94028],[-82.74128,27.94029],[-82.74128,27.94215],[-82.74127,27.94396],[-82.74222,27.94412],[-82.7422,27.94764],[-82.74592,27.94766],[-82.74584,27.94582],[-82.74414,27.94581],[-82.74413,27.94288],[-82.74358,27.94216],[-82.74333,27.94215],[-82.74323,27.94237],[-82.74326,27.9437],[-82.7422,27.94369],[-82.74222,27.94214],[-82.74221,27.93939],[-82.74401,27.93849],[-82.74593,27.9385],[-82.74639,27.9398],[-82.74799,27.94029],[-82.74805,27.94205],[-82.75116,27.9421],[-82.75428,27.94214],[-82.75429,27.94229],[-82.75429,27.94943],[-82.75839,27.94917],[-82.75839,27.94946],[-82.75998,27.94959],[-82.75839,27.94974],[-82.75843,27.95474],[-82.76096,27.95511],[-82.76255,27.95604],[-82.76628,27.95608],[-82.76628,27.95515],[-82.76574,27.95514],[-82.76463,27.9524],[-82.76251,27.95274],[-82.76154,27.95177],[-82.75987,27.95176],[-82.75939,27.95138],[-82.76001,27.9511],[-82.75999,27.95006],[-82.76235,27.95007],[-82.76206,27.95101],[-82.76095,27.95136],[-82.7625,27.95114],[-82.76462,27.95185],[-82.76416,27.95058],[-82.76598,27.95062],[-82.76597,27.94966],[-82.76815,27.94969],[-82.7681,27.95235],[-82.76889,27.9508],[-82.77001,27.95155],[-82.77309,27.95157],[-82.77307,27.94975],[-82.77515,27.94978],[-82.77513,27.94793],[-82.7788,27.94797],[-82.77857,27.94635],[-82.77928,27.94495],[-82.77889,27.94213],[-82.77918,27.9414],[-82.7761,27.94067],[-82.77504,27.94158],[-82.77505,27.94248],[-82.77508,27.94428],[-82.76348,27.94328],[-82.76499,27.94237],[-82.76669,27.94195],[-82.76616,27.94103],[-82.76788,27.9401],[-82.77088,27.94018],[-82.7709,27.94157],[-82.76686,27.94149],[-82.76722,27.94183],[-82.76719,27.94228],[-82.7709,27.94231],[-82.7709,27.9424],[-82.77131,27.94324],[-82.77495,27.94326],[-82.77494,27.94244],[-82.77211,27.94243],[-82.77211,27.94127],[-82.77297,27.94128],[-82.77425,27.93881],[-82.77442,27.9388],[-82.77486,27.9388],[-82.77485,27.93794],[-82.77501,27.9379],[-82.77511,27.93791],[-82.77501,27.93794],[-82.77501,27.9388],[-82.77918,27.93884],[-82.77919,27.9361],[-82.77499,27.936],[-82.77498,27.93559],[-82.77498,27.93511],[-82.77929,27.93518],[-82.7794,27.93518],[-82.7794,27.93528],[-82.7794,27.93549],[-82.77939,27.9361],[-82.7794,27.93884],[-82.7798,27.93884],[-82.7848,27.93888],[-82.78532,27.94028],[-82.78488,27.94391],[-82.78746,27.9444],[-82.78741,27.94064],[-82.78739,27.93889],[-82.78741,27.93702],[-82.78905,27.93704],[-82.79084,27.9378],[-82.79147,27.93704],[-82.79145,27.93885],[-82.78932,27.93891],[-82.79152,27.93892],[-82.79568,27.93896],[-82.79764,27.93895],[-82.79776,27.93894],[-82.79983,27.93898],[-82.79989,27.9425],[-82.79991,27.94262],[-82.79995,27.94734],[-82.80032,27.94907],[-82.80132,27.9499],[-82.79994,27.94988],[-82.79995,27.9509],[-82.80079,27.95095],[-82.80256,27.95092],[-82.804,27.95092],[-82.80396,27.95267],[-82.80521,27.95257],[-82.81388,27.95269],[-82.81968,27.94244],[-82.8223,27.93642],[-82.83976,27.93652],[-82.84159,27.93651],[-82.83505,27.94982],[-82.83344,27.95537],[-82.83268,27.95801]],[[-82.71111,27.95928],[-82.71132,27.95976],[-82.71228,27.95977],[-82.71204,27.95927],[-82.71137,27.9595],[-82.71115,27.95921],[-82.71109,27.95924],[-82.71111,27.95928]],[[-82.7048,27.97778],[-82.70349,27.97873],[-82.70055,27.97889],[-82.70056,27.98064],[-82.69972,27.9844],[-82.70057,27.98349],[-82.70127,27.98456],[-82.70295,27.98422],[-82.70325,27.98355],[-82.70117,27.98305],[-82.70891,27.98014],[-82.70889,27.98004],[-82.71269,27.97897],[-82.71421,27.97583],[-82.7157,27.97493],[-82.72036,27.97532],[-82.72956,27.97659],[-82.72947,27.97638],[-82.72922,27.97607],[-82.72045,27.97494],[-82.71713,27.97451],[-82.71531,27.97476],[-82.71435,27.9753],[-82.71123,27.97528],[-82.71084,27.9732],[-82.71079,27.97528],[-82.709,27.97526],[-82.71015,27.97737],[-82.71226,27.9781],[-82.70886,27.97988],[-82.7067,27.98064],[-82.70754,27.97893],[-82.7048,27.97778]],[[-82.71233,28.04486],[-82.71204,28.04532],[-82.7134,28.04532],[-82.71339,28.04437],[-82.70926,28.0444],[-82.70925,28.04486],[-82.70926,28.04546],[-82.71109,28.04575],[-82.71108,28.04511],[-82.71233,28.04486]],[[-82.70902,28.04],[-82.70936,28.04001],[-82.70936,28.03431],[-82.70896,28.03367],[-82.70902,28.04]],[[-82.70895,28.01959],[-82.70487,28.0196],[-82.70483,28.02511],[-82.7033,28.02576],[-82.70481,28.02672],[-82.70567,28.02615],[-82.70887,28.02337],[-82.70895,28.01959]],[[-82.70687,28.01016],[-82.70886,28.01017],[-82.70886,28.01003],[-82.70887,28.00932],[-82.70686,28.00932],[-82.70687,28.01016]],[[-82.70919,28.00103],[-82.71095,28.00102],[-82.71089,27.99735],[-82.71034,27.99735],[-82.70914,27.99581],[-82.70925,27.99183],[-82.7102,27.9908],[-82.70963,27.98925],[-82.70897,27.98278],[-82.70896,27.99081],[-82.70875,27.99735],[-82.70883,28.00425],[-82.71149,28.00352],[-82.7092,28.00242],[-82.70919,28.00103]],[[-82.71296,27.99735],[-82.71295,27.99552],[-82.71382,27.99552],[-82.71383,27.99735],[-82.71814,27.99734],[-82.71815,27.99918],[-82.71919,27.99918],[-82.71917,27.99734],[-82.72123,27.99734],[-82.72124,27.99367],[-82.72312,27.99364],[-82.72123,27.99096],[-82.71357,27.99095],[-82.7143,27.99153],[-82.71434,27.99367],[-82.71089,27.99367],[-82.71089,27.99735],[-82.71296,27.99735]],[[-82.78653,27.9851],[-82.78572,27.98535],[-82.78576,27.99006],[-82.78559,27.99006],[-82.78531,27.9918],[-82.78619,27.99008],[-82.78781,27.99009],[-82.78776,27.98537],[-82.78379,27.98282],[-82.78433,27.98404],[-82.78653,27.9851]],[[-82.78367,27.97888],[-82.78371,27.98273],[-82.78568,27.98236],[-82.78547,27.98099],[-82.78526,27.98176],[-82.7842,27.98062],[-82.78367,27.97888]],[[-82.78453,27.95259],[-82.785,27.95259],[-82.78498,27.95078],[-82.7845,27.95077],[-82.78452,27.9517],[-82.78453,27.95259]],[[-82.78208,27.99129],[-82.78371,27.99051],[-82.78447,27.99037],[-82.78446,27.99005],[-82.78161,27.99004],[-82.78162,27.99138],[-82.78208,27.99129]],[[-82.78165,27.99551],[-82.78296,27.99598],[-82.78376,27.99622],[-82.78293,27.99486],[-82.78374,27.99437],[-82.78331,27.99321],[-82.78443,27.99282],[-82.78276,27.99278],[-82.78293,27.99479],[-82.78165,27.99551]],[[-82.77549,27.98463],[-82.77623,27.98497],[-82.77645,27.98497],[-82.77653,27.98363],[-82.776,27.98363],[-82.77548,27.98388],[-82.77549,27.98463]],[[-82.77071,27.98329],[-82.76502,27.98362],[-82.76302,27.98372],[-82.75885,27.98301],[-82.75879,27.98011],[-82.75718,27.97897],[-82.75472,27.97895],[-82.75459,27.97593],[-82.7545,27.97847],[-82.75259,27.97784],[-82.75092,27.97958],[-82.75124,27.97833],[-82.7508,27.97895],[-82.75092,27.98085],[-82.74629,27.9796],[-82.74624,27.97525],[-82.74347,27.97526],[-82.74347,27.97411],[-82.74198,27.97411],[-82.74212,27.97225],[-82.74161,27.97223],[-82.74217,27.9716],[-82.74431,27.9716],[-82.74619,27.9703],[-82.74618,27.96902],[-82.74553,27.96846],[-82.73962,27.96869],[-82.73898,27.97012],[-82.73814,27.96964],[-82.73858,27.97151],[-82.74107,27.97122],[-82.7404,27.97595],[-82.73931,27.97774],[-82.73799,27.97751],[-82.74629,27.97976],[-82.74629,27.97987],[-82.75881,27.98324],[-82.75886,27.98813],[-82.762,27.98816],[-82.76308,27.98907],[-82.76304,27.98632],[-82.76301,27.984],[-82.77016,27.98354],[-82.77081,27.98345],[-82.77141,27.98329],[-82.7722,27.98295],[-82.77335,27.98215],[-82.77391,27.9814],[-82.77534,27.97904],[-82.77533,27.97661],[-82.77533,27.97634],[-82.77355,27.98127],[-82.77071,27.98329]],[[-82.73716,27.97675],[-82.73516,27.9762],[-82.73418,27.97531],[-82.73395,27.97531],[-82.73394,27.97675],[-82.73016,27.97642],[-82.73787,27.97763],[-82.73811,27.97769],[-82.73799,27.97751],[-82.73716,27.97675]],[[-82.77284,27.98935],[-82.77336,27.98935],[-82.77336,27.98894],[-82.77292,27.98895],[-82.77284,27.98895],[-82.77284,27.98935]],[[-82.76961,27.97692],[-82.76796,27.97804],[-82.76919,27.98025],[-82.77035,27.97831],[-82.77306,27.97683],[-82.77138,27.97647],[-82.771,27.97647],[-82.771,27.97683],[-82.76961,27.97692]],[[-82.77242,27.97537],[-82.76962,27.97546],[-82.77079,27.97675],[-82.771,27.97647],[-82.77242,27.97537]],[[-82.77037,27.98125],[-82.77004,27.98233],[-82.77146,27.98198],[-82.77124,27.98116],[-82.77239,27.98118],[-82.77058,27.98015],[-82.76961,27.98082],[-82.77037,27.98125]],[[-82.75103,27.98807],[-82.75469,27.98845],[-82.75677,27.98843],[-82.75746,27.9898],[-82.75781,27.98784],[-82.75779,27.9863],[-82.75376,27.9861],[-82.75148,27.98609],[-82.75103,27.98807]],[[-82.75475,27.98572],[-82.75633,27.98573],[-82.75565,27.98447],[-82.75474,27.9846],[-82.75474,27.98492],[-82.75475,27.98572]],[[-82.74828,27.98175],[-82.74731,27.98031],[-82.74734,27.9826],[-82.74829,27.98396],[-82.75023,27.98509],[-82.75047,27.98397],[-82.75349,27.98397],[-82.75348,27.98289],[-82.75035,27.98306],[-82.75035,27.98174],[-82.74828,27.98175]],[[-82.74916,27.94564],[-82.75015,27.94585],[-82.75011,27.94403],[-82.74655,27.94404],[-82.74615,27.94582],[-82.74916,27.94564]],[[-82.74658,27.9692],[-82.74747,27.96913],[-82.74917,27.97025],[-82.74912,27.96926],[-82.74814,27.96809],[-82.74647,27.96863],[-82.74658,27.9692]],[[-82.7481,27.95043],[-82.7481,27.94945],[-82.74614,27.94945],[-82.74616,27.95041],[-82.7481,27.95043]],[[-82.7471,27.96737],[-82.7471,27.96722],[-82.74634,27.96722],[-82.74635,27.96737],[-82.7471,27.96737]],[[-82.74202,27.98537],[-82.74051,27.98537],[-82.7405,27.98438],[-82.73897,27.98358],[-82.73386,27.98446],[-82.73378,27.98858],[-82.73502,27.98857],[-82.735,27.98981],[-82.73791,27.98978],[-82.73798,27.98627],[-82.74203,27.98621],[-82.7444,27.98438],[-82.74387,27.9806],[-82.74218,27.97983],[-82.74185,27.98058],[-82.74202,27.98537]],[[-82.74317,27.95961],[-82.74317,27.95685],[-82.74208,27.95685],[-82.7421,27.95961],[-82.74317,27.95961]],[[-82.73936,27.96777],[-82.74173,27.96775],[-82.74218,27.96423],[-82.73944,27.96462],[-82.73997,27.96727],[-82.73936,27.96777]],[[-82.73832,27.95687],[-82.73726,27.95687],[-82.73723,27.95962],[-82.73924,27.95962],[-82.74013,27.95869],[-82.74013,27.95688],[-82.74025,27.95687],[-82.74026,27.95504],[-82.73883,27.95505],[-82.73847,27.95669],[-82.73832,27.95687]],[[-82.73602,27.97252],[-82.73601,27.97345],[-82.73743,27.97363],[-82.73752,27.97218],[-82.73397,27.97216],[-82.73398,27.97254],[-82.73602,27.97252]],[[-82.7334,27.95671],[-82.73573,27.95553],[-82.73419,27.95502],[-82.73421,27.95319],[-82.73346,27.95318],[-82.7334,27.95671]],[[-82.73429,27.94728],[-82.73433,27.94344],[-82.73363,27.94344],[-82.73358,27.94693],[-82.73429,27.94728]],[[-82.7341,27.95963],[-82.73415,27.95771],[-82.73416,27.95699],[-82.73337,27.95701],[-82.73337,27.95963],[-82.7341,27.95963]],[[-82.72986,27.99364],[-82.73169,27.99364],[-82.73169,27.99249],[-82.72986,27.9925],[-82.72986,27.99263],[-82.72986,27.99364]],[[-82.7285,27.97531],[-82.72943,27.97533],[-82.72942,27.97319],[-82.72563,27.97319],[-82.72559,27.97532],[-82.7285,27.97531]],[[-82.72544,27.98306],[-82.72545,27.98592],[-82.7229,27.98633],[-82.72516,27.98705],[-82.72485,27.9907],[-82.72832,27.99067],[-82.72762,27.98894],[-82.72936,27.98541],[-82.72709,27.98563],[-82.72745,27.98282],[-82.72544,27.98306]],[[-82.72923,28.00054],[-82.72922,28.00026],[-82.72334,28.00027],[-82.72335,28.00054],[-82.72923,28.00054]],[[-82.72647,28.0017],[-82.72127,28.001],[-82.71308,28.00101],[-82.716,28.0011],[-82.71605,28.00466],[-82.72235,28.00467],[-82.72237,28.00839],[-82.72547,28.00834],[-82.72544,28.00627],[-82.7274,28.00626],[-82.72319,28.00582],[-82.7251,28.00243],[-82.72647,28.0017]],[[-82.71875,27.97899],[-82.7171,27.97898],[-82.71707,27.98257],[-82.71803,27.98253],[-82.71844,27.98081],[-82.72061,27.98031],[-82.71947,27.98251],[-82.7248,27.98249],[-82.72456,27.97815],[-82.72325,27.97814],[-82.72292,27.97923],[-82.71875,27.97899]],[[-82.72123,27.9906],[-82.72337,27.98996],[-82.72289,27.98939],[-82.72264,27.98875],[-82.72123,27.98875],[-82.72123,27.9906]],[[-82.71915,28.0084],[-82.72132,28.0084],[-82.72131,28.0074],[-82.72078,28.00722],[-82.71914,28.0074],[-82.71915,28.0084]],[[-82.71707,27.9887],[-82.72123,27.98857],[-82.72123,27.98658],[-82.72112,27.98629],[-82.71708,27.98631],[-82.71707,27.9887]],[[-82.70919,27.96792],[-82.7092,27.96631],[-82.70989,27.96433],[-82.70958,27.96462],[-82.70883,27.96461],[-82.70875,27.96792],[-82.70919,27.96792]],[[-82.70857,27.97234],[-82.70856,27.97197],[-82.70812,27.97197],[-82.70812,27.97234],[-82.70857,27.97234]],[[-82.70505,27.96747],[-82.70505,27.96783],[-82.70789,27.96784],[-82.70802,27.96702],[-82.70666,27.96705],[-82.7061,27.96747],[-82.70505,27.96747]],[[-82.70704,27.97389],[-82.70704,27.97343],[-82.70669,27.97343],[-82.70668,27.97389],[-82.70704,27.97389]],[[-82.70615,27.99737],[-82.70615,27.99611],[-82.70543,27.99611],[-82.70543,27.99737],[-82.70615,27.99737]],[[-82.69662,28.00846],[-82.69663,28.01118],[-82.69856,28.01112],[-82.69857,28.01215],[-82.70066,28.01213],[-82.70167,28.01326],[-82.70166,28.01528],[-82.70381,28.01528],[-82.70434,28.01213],[-82.7008,28.01213],[-82.70074,28.00843],[-82.69662,28.00846]],[[-82.70161,27.99991],[-82.7016,28.00106],[-82.7037,28.00106],[-82.70315,27.99854],[-82.70212,27.99821],[-82.70253,27.9997],[-82.70161,27.99991]],[[-82.69145,28.02554],[-82.69152,28.02699],[-82.69153,28.02583],[-82.69317,28.02096],[-82.69335,28.02099],[-82.69648,28.01214],[-82.69635,28.01214],[-82.69622,28.01214],[-82.69155,28.0251],[-82.69145,28.02554]],[[-82.69228,28.00197],[-82.69626,28.00159],[-82.69626,28.00065],[-82.69435,28.00104],[-82.69228,28.00109],[-82.69228,28.00197]],[[-82.69081,27.99916],[-82.69081,27.99852],[-82.69141,27.99852],[-82.69121,27.99726],[-82.69018,27.99725],[-82.69019,27.99916],[-82.69081,27.99916]],[[-82.69036,28.01211],[-82.69038,28.01155],[-82.69086,28.01158],[-82.69082,28.01029],[-82.69027,28.01029],[-82.69029,28.01211],[-82.69036,28.01211]],[[-82.68823,28.01578],[-82.69044,28.01578],[-82.69045,28.01341],[-82.68951,28.01394],[-82.68821,28.01459],[-82.68823,28.01578]],[[-82.68807,28.01217],[-82.68611,28.01216],[-82.6861,28.01332],[-82.68796,28.01332],[-82.68796,28.01394],[-82.68874,28.01394],[-82.68856,28.01339],[-82.68858,28.01213],[-82.68831,28.01213],[-82.68807,28.01217]],[[-82.68573,28.01337],[-82.68573,28.01213],[-82.68442,28.01211],[-82.68443,28.01337],[-82.68573,28.01337]],[[-82.68398,28.00358],[-82.68401,28.00398],[-82.68463,28.00398],[-82.68463,28.00358],[-82.68478,28.00398],[-82.68525,28.00398],[-82.68508,28.00321],[-82.68398,28.00319],[-82.68399,28.0035],[-82.68398,28.00358]],[[-82.68186,28.01021],[-82.68187,28.01077],[-82.68313,28.01084],[-82.68267,28.01133],[-82.68268,28.01215],[-82.68413,28.01212],[-82.68409,28.00886],[-82.6831,28.00889],[-82.68311,28.00965],[-82.68186,28.01021]],[[-82.68124,28.00896],[-82.68264,28.0091],[-82.68263,28.00823],[-82.68391,28.00825],[-82.68406,28.00808],[-82.68407,28.00801],[-82.68407,28.00795],[-82.68166,28.00669],[-82.68089,28.00667],[-82.68124,28.00896]]]]}},{"type":"Feature","properties":{"name":"The Squeeze","boundary_type":"places","source":"Census TIGER place","fidelity":"approximate","updated":"2026-09","units":"Lakeland city; Bartow city; Lake Wales city","note":"Golf-cart shuttle service serving Lakeland, Bartow, and Lake Wales in Polk County.","confidence":0.85},"geometry":{"type":"MultiPolygon","coordinates":[[[[-81.88729,27.87671],[-81.87906,27.87683],[-81.87911,27.88016],[-81.87502,27.88021],[-81.8751,27.88746],[-81.87455,27.8929],[-81.8752,27.89737],[-81.86273,27.8969],[-81.86274,27.89775],[-81.85878,27.89828],[-81.8589,27.89882],[-81.8597,27.89881],[-81.85971,27.8991],[-81.85994,27.89945],[-81.8599,27.90018],[-81.85953,27.9006],[-81.85888,27.9006],[-81.85888,27.904],[-81.85971,27.90462],[-81.85897,27.9082],[-81.86166,27.90899],[-81.8903,27.90915],[-81.89034,27.91646],[-81.88622,27.91646],[-81.8862,27.91281],[-81.88208,27.91281],[-81.88211,27.91829],[-81.88623,27.91829],[-81.88623,27.92011],[-81.88211,27.92012],[-81.88218,27.92746],[-81.88424,27.92746],[-81.88428,27.93114],[-81.88222,27.93114],[-81.88224,27.93298],[-81.88413,27.93298],[-81.89045,27.93296],[-81.89051,27.93664],[-81.88641,27.93666],[-81.88643,27.9385],[-81.88437,27.93851],[-81.88411,27.93667],[-81.88229,27.93667],[-81.88227,27.93854],[-81.87872,27.93852],[-81.87863,27.93853],[-81.87822,27.94218],[-81.8741,27.94217],[-81.87413,27.94397],[-81.87,27.94397],[-81.87002,27.94577],[-81.87418,27.94577],[-81.87421,27.94762],[-81.87004,27.9476],[-81.87008,27.95052],[-81.86915,27.95152],[-81.86027,27.93826],[-81.85444,27.92936],[-81.85755,27.92936],[-81.85751,27.92559],[-81.8616,27.92561],[-81.86147,27.91645],[-81.86324,27.91645],[-81.86322,27.9152],[-81.86044,27.91521],[-81.85942,27.91645],[-81.85938,27.9137],[-81.85725,27.91277],[-81.85318,27.91279],[-81.85316,27.91643],[-81.85135,27.91644],[-81.8513,27.91279],[-81.84409,27.91282],[-81.84461,27.91388],[-81.85162,27.92555],[-81.85282,27.92788],[-81.85963,27.93829],[-81.85126,27.9384],[-81.85082,27.93835],[-81.8509,27.93869],[-81.85355,27.94675],[-81.85054,27.9484],[-81.84498,27.94975],[-81.84255,27.94894],[-81.83553,27.94756],[-81.8315,27.94802],[-81.82608,27.94947],[-81.82192,27.95123],[-81.81932,27.95349],[-81.81767,27.95764],[-81.81673,27.95915],[-81.81605,27.96824],[-81.81673,27.97275],[-81.81736,27.97479],[-81.80047,27.97482],[-81.8004,27.96753],[-81.79767,27.96753],[-81.79832,27.96572],[-81.8004,27.96572],[-81.80038,27.96026],[-81.79832,27.96027],[-81.79831,27.95663],[-81.79625,27.95664],[-81.79624,27.95306],[-81.79909,27.9517],[-81.7997,27.9485],[-81.80239,27.94851],[-81.80236,27.94362],[-81.80527,27.94229],[-81.80993,27.9383],[-81.80775,27.9383],[-81.80236,27.94165],[-81.80235,27.94016],[-81.80029,27.94017],[-81.8003,27.942],[-81.798,27.94201],[-81.79695,27.94201],[-81.79611,27.9409],[-81.79612,27.93835],[-81.80028,27.93834],[-81.80026,27.9362],[-81.8015,27.93621],[-81.80148,27.9325],[-81.79272,27.93253],[-81.79202,27.93041],[-81.79201,27.92756],[-81.78923,27.92756],[-81.78792,27.92389],[-81.79031,27.9239],[-81.79029,27.92022],[-81.79201,27.92023],[-81.79203,27.92391],[-81.79538,27.92394],[-81.79884,27.92398],[-81.79816,27.92028],[-81.80018,27.9203],[-81.80013,27.9166],[-81.79815,27.9166],[-81.79817,27.91289],[-81.79458,27.91289],[-81.78817,27.91286],[-81.78748,27.91221],[-81.7874,27.90933],[-81.78836,27.90932],[-81.7884,27.91219],[-81.78918,27.91218],[-81.78916,27.90932],[-81.79073,27.90932],[-81.78608,27.9087],[-81.78571,27.90694],[-81.78401,27.90926],[-81.78342,27.90693],[-81.78011,27.90693],[-81.78017,27.90932],[-81.77953,27.90737],[-81.77546,27.90884],[-81.77545,27.90956],[-81.7837,27.9094],[-81.78372,27.91227],[-81.78465,27.91287],[-81.78783,27.91286],[-81.78787,27.91653],[-81.78377,27.91652],[-81.78373,27.91835],[-81.7817,27.91835],[-81.78169,27.91652],[-81.77963,27.91652],[-81.7796,27.91286],[-81.77547,27.91287],[-81.77555,27.92247],[-81.77908,27.92221],[-81.77967,27.92232],[-81.77972,27.92749],[-81.77964,27.92749],[-81.77559,27.92761],[-81.77562,27.93105],[-81.77151,27.93105],[-81.77156,27.93833],[-81.76331,27.93834],[-81.76326,27.93106],[-81.75913,27.93105],[-81.75916,27.93477],[-81.75095,27.93471],[-81.75091,27.9274],[-81.74683,27.92739],[-81.7468,27.9232],[-81.74669,27.91275],[-81.74802,27.912],[-81.75195,27.91055],[-81.75519,27.90938],[-81.75666,27.90917],[-81.76124,27.90915],[-81.77523,27.90925],[-81.76766,27.90901],[-81.76765,27.90704],[-81.76532,27.90703],[-81.76532,27.90228],[-81.76125,27.90222],[-81.76122,27.88647],[-81.76904,27.88648],[-81.76941,27.88591],[-81.76944,27.87917],[-81.77732,27.87921],[-81.77763,27.87738],[-81.78173,27.87737],[-81.78173,27.87007],[-81.78019,27.8646],[-81.78047,27.86091],[-81.78074,27.85638],[-81.77763,27.8564],[-81.77763,27.85731],[-81.76943,27.85733],[-81.76914,27.85006],[-81.77352,27.85003],[-81.77342,27.83356],[-81.76933,27.83359],[-81.7693,27.82811],[-81.76111,27.82816],[-81.76109,27.82086],[-81.78452,27.82075],[-81.79735,27.82118],[-81.79935,27.82105],[-81.80082,27.82212],[-81.8019,27.82417],[-81.80161,27.82602],[-81.80636,27.82792],[-81.81021,27.82789],[-81.81024,27.83267],[-81.8155,27.83265],[-81.81551,27.83458],[-81.82273,27.83456],[-81.82331,27.83511],[-81.82455,27.84533],[-81.82642,27.85222],[-81.82648,27.8587],[-81.82838,27.85866],[-81.82875,27.86187],[-81.82854,27.86185],[-81.82629,27.86201],[-81.82629,27.86419],[-81.82789,27.86418],[-81.82653,27.86475],[-81.82655,27.86931],[-81.82858,27.87144],[-81.83158,27.87149],[-81.83152,27.86925],[-81.83071,27.86964],[-81.82912,27.86965],[-81.82857,27.86999],[-81.82857,27.86861],[-81.8289,27.86658],[-81.83145,27.86685],[-81.83248,27.86864],[-81.83276,27.866],[-81.83142,27.866],[-81.83091,27.86223],[-81.83066,27.86094],[-81.83482,27.86149],[-81.83274,27.86055],[-81.83235,27.85866],[-81.83062,27.85861],[-81.83062,27.85875],[-81.82878,27.85875],[-81.82858,27.85793],[-81.83062,27.85791],[-81.83055,27.84685],[-81.82505,27.84687],[-81.82486,27.84602],[-81.83055,27.84602],[-81.83052,27.84076],[-81.83054,27.82504],[-81.83214,27.82504],[-81.83214,27.82415],[-81.8309,27.8205],[-81.83218,27.8205],[-81.83135,27.81911],[-81.83148,27.81415],[-81.83262,27.81308],[-81.82613,27.81285],[-81.82602,27.7979],[-81.83386,27.79794],[-81.83377,27.80552],[-81.83645,27.80635],[-81.84251,27.8064],[-81.84253,27.81261],[-81.84359,27.81307],[-81.84848,27.82057],[-81.85129,27.82145],[-81.85257,27.8224],[-81.85326,27.82416],[-81.85326,27.82778],[-81.85399,27.82962],[-81.8552,27.83052],[-81.85666,27.83085],[-81.87048,27.83085],[-81.8738,27.8325],[-81.8759,27.8331],[-81.88323,27.83307],[-81.88293,27.83398],[-81.88294,27.83713],[-81.87477,27.83717],[-81.8748,27.84212],[-81.85846,27.84226],[-81.85847,27.84405],[-81.85157,27.84405],[-81.85125,27.84494],[-81.85849,27.84498],[-81.85848,27.84566],[-81.85124,27.84567],[-81.85116,27.84618],[-81.85902,27.84603],[-81.86159,27.8507],[-81.86671,27.85579],[-81.86876,27.85668],[-81.86879,27.8617],[-81.86859,27.86211],[-81.89111,27.86188],[-81.8911,27.86422],[-81.89235,27.86547],[-81.89399,27.86889],[-81.89306,27.87041],[-81.88606,27.87273],[-81.88617,27.87522],[-81.88729,27.87671]],[[-81.87181,27.933],[-81.874,27.93301],[-81.87398,27.93117],[-81.86988,27.93115],[-81.8699,27.93332],[-81.87181,27.933]],[[-81.87358,27.92928],[-81.86988,27.93047],[-81.87189,27.93047],[-81.87358,27.92928]],[[-81.86775,27.92378],[-81.86901,27.92619],[-81.86983,27.92563],[-81.87068,27.92407],[-81.86979,27.92158],[-81.86772,27.92157],[-81.86775,27.92378]],[[-81.86988,27.94212],[-81.86997,27.94032],[-81.86587,27.94035],[-81.86589,27.94212],[-81.86988,27.94212]],[[-81.86995,27.93779],[-81.86992,27.93557],[-81.86582,27.93566],[-81.86583,27.93776],[-81.86995,27.93779]],[[-81.86609,27.86816],[-81.86481,27.86758],[-81.8586,27.86762],[-81.85862,27.87139],[-81.85541,27.87142],[-81.85547,27.87867],[-81.8584,27.87867],[-81.85723,27.87667],[-81.85738,27.87147],[-81.86027,27.87148],[-81.86021,27.87488],[-81.86308,27.87495],[-81.86369,27.87284],[-81.86593,27.86964],[-81.8688,27.86962],[-81.86878,27.86574],[-81.86685,27.86577],[-81.86674,27.86758],[-81.86609,27.86816]],[[-81.85872,27.88379],[-81.85883,27.88579],[-81.8592,27.88614],[-81.85981,27.88488],[-81.86071,27.88365],[-81.86073,27.88363],[-81.86279,27.8835],[-81.86277,27.88227],[-81.86173,27.88227],[-81.85868,27.88228],[-81.85872,27.88379]],[[-81.85236,27.8714],[-81.85235,27.86959],[-81.84929,27.86959],[-81.8493,27.8714],[-81.85236,27.8714]],[[-81.83418,27.91287],[-81.83411,27.91011],[-81.83557,27.90921],[-81.83247,27.90923],[-81.83255,27.91067],[-81.82759,27.9139],[-81.82612,27.91652],[-81.82523,27.91653],[-81.82672,27.91304],[-81.82433,27.91305],[-81.82457,27.9184],[-81.82383,27.91978],[-81.82392,27.91988],[-81.82479,27.91827],[-81.82448,27.92017],[-81.82898,27.92015],[-81.82971,27.91947],[-81.83142,27.91806],[-81.83525,27.91826],[-81.83679,27.91638],[-81.839,27.91676],[-81.83892,27.91287],[-81.8368,27.91285],[-81.8386,27.91108],[-81.84057,27.90993],[-81.84097,27.90919],[-81.8367,27.90921],[-81.83675,27.9129],[-81.83418,27.91287]],[[-81.82385,27.93279],[-81.82381,27.92633],[-81.82581,27.92425],[-81.82462,27.92424],[-81.81768,27.93142],[-81.81769,27.93285],[-81.82385,27.93279]],[[-81.81932,27.92833],[-81.82186,27.92391],[-81.82389,27.92038],[-81.82361,27.92008],[-81.81928,27.92763],[-81.81666,27.93153],[-81.81932,27.92833]],[[-81.80989,27.89692],[-81.80992,27.9006],[-81.81248,27.90066],[-81.81311,27.90263],[-81.81253,27.90354],[-81.80806,27.90478],[-81.80743,27.90292],[-81.80852,27.90291],[-81.80844,27.90057],[-81.79847,27.9003],[-81.79918,27.90781],[-81.80089,27.90741],[-81.802,27.90852],[-81.80344,27.90802],[-81.80468,27.90922],[-81.80594,27.90922],[-81.80626,27.91136],[-81.8096,27.91138],[-81.81031,27.90921],[-81.81416,27.90923],[-81.8153,27.90833],[-81.81415,27.90712],[-81.81412,27.90424],[-81.81282,27.90365],[-81.81689,27.90253],[-81.81752,27.90303],[-81.81729,27.90223],[-81.8183,27.90195],[-81.81829,27.90025],[-81.81586,27.89696],[-81.81255,27.89694],[-81.80989,27.89692]]],[[[-81.63893,27.89405],[-81.63894,27.90035],[-81.63076,27.90262],[-81.63075,27.90032],[-81.63075,27.89807],[-81.63893,27.89405]]],[[[-81.63185,27.95735],[-81.63181,27.95734],[-81.63019,27.95701],[-81.62768,27.95694],[-81.62765,27.95511],[-81.62666,27.95511],[-81.62668,27.95696],[-81.62548,27.95696],[-81.62353,27.95339],[-81.62017,27.95339],[-81.62137,27.95571],[-81.62246,27.95526],[-81.62387,27.95697],[-81.62319,27.95696],[-81.62477,27.95992],[-81.62387,27.96031],[-81.62691,27.96596],[-81.62548,27.9667],[-81.62471,27.96526],[-81.6156,27.96526],[-81.61558,27.96801],[-81.62664,27.96812],[-81.62804,27.96894],[-81.62867,27.97048],[-81.62767,27.9705],[-81.6287,27.97346],[-81.62966,27.97344],[-81.63003,27.97491],[-81.62908,27.97491],[-81.62941,27.97667],[-81.63039,27.97692],[-81.62838,27.97694],[-81.62859,27.97885],[-81.62199,27.97891],[-81.62152,27.97537],[-81.62152,27.97791],[-81.61945,27.97791],[-81.61944,27.97398],[-81.61407,27.97352],[-81.61313,27.97443],[-81.60857,27.96435],[-81.61082,27.97001],[-81.6071,27.97003],[-81.60716,27.96829],[-81.60571,27.96804],[-81.60552,27.96604],[-81.60324,27.96602],[-81.60303,27.96718],[-81.60101,27.96769],[-81.60293,27.96826],[-81.60295,27.96991],[-81.60499,27.9699],[-81.60501,27.97172],[-81.6071,27.97173],[-81.60702,27.97417],[-81.61096,27.97685],[-81.61037,27.97875],[-81.60822,27.97712],[-81.60699,27.9767],[-81.60507,27.97716],[-81.60502,27.97355],[-81.60298,27.97355],[-81.603,27.97533],[-81.60101,27.97532],[-81.60102,27.9773],[-81.60104,27.9773],[-81.60105,27.97903],[-81.60303,27.97904],[-81.60304,27.98089],[-81.60508,27.98089],[-81.60509,27.98372],[-81.60237,27.98429],[-81.60101,27.98269],[-81.59894,27.98267],[-81.59892,27.97903],[-81.59482,27.97901],[-81.59482,27.97732],[-81.59891,27.97731],[-81.59892,27.97538],[-81.59481,27.97541],[-81.5948,27.97358],[-81.59889,27.97356],[-81.59888,27.97171],[-81.59479,27.97178],[-81.59479,27.97166],[-81.59479,27.97102],[-81.59068,27.97108],[-81.59064,27.9645],[-81.59473,27.96449],[-81.59473,27.9644],[-81.59064,27.96442],[-81.59063,27.96354],[-81.59472,27.96352],[-81.59471,27.96261],[-81.59883,27.96259],[-81.59882,27.96061],[-81.60033,27.96063],[-81.60223,27.95948],[-81.6019,27.95697],[-81.60481,27.95705],[-81.60401,27.9553],[-81.60552,27.95514],[-81.60498,27.95389],[-81.605,27.94978],[-81.61123,27.94978],[-81.61117,27.95311],[-81.61289,27.95339],[-81.61478,27.95167],[-81.6148,27.95055],[-81.61245,27.94618],[-81.61628,27.9461],[-81.61508,27.94386],[-81.611,27.94558],[-81.6113,27.94618],[-81.60406,27.94623],[-81.60401,27.94978],[-81.60298,27.94978],[-81.60312,27.9433],[-81.60777,27.94324],[-81.60948,27.94262],[-81.60651,27.93723],[-81.60321,27.9373],[-81.60311,27.93182],[-81.60102,27.93183],[-81.60096,27.92813],[-81.60389,27.92812],[-81.60383,27.9249],[-81.60293,27.92597],[-81.60094,27.92598],[-81.60091,27.92443],[-81.59535,27.92448],[-81.59457,27.92269],[-81.59272,27.92265],[-81.59269,27.92085],[-81.59379,27.92084],[-81.59355,27.92028],[-81.58653,27.92033],[-81.58651,27.91724],[-81.58242,27.91728],[-81.58244,27.9191],[-81.57835,27.91913],[-81.57832,27.91731],[-81.55374,27.91763],[-81.5537,27.92584],[-81.53751,27.93],[-81.53769,27.9285],[-81.53745,27.92774],[-81.53543,27.92775],[-81.53546,27.92866],[-81.53131,27.92869],[-81.53124,27.92502],[-81.53739,27.92499],[-81.53963,27.92498],[-81.54094,27.92362],[-81.53943,27.92248],[-81.53943,27.9177],[-81.53577,27.91772],[-81.53546,27.91633],[-81.53923,27.9165],[-81.53785,27.91546],[-81.53668,27.9157],[-81.53529,27.91381],[-81.53403,27.91488],[-81.53328,27.91444],[-81.53328,27.91186],[-81.53415,27.91034],[-81.53244,27.90838],[-81.53327,27.91045],[-81.53102,27.91045],[-81.53124,27.90161],[-81.54497,27.90163],[-81.54713,27.90292],[-81.54769,27.90153],[-81.54978,27.90159],[-81.54977,27.89975],[-81.55081,27.89973],[-81.5508,27.89788],[-81.54977,27.89791],[-81.54994,27.89427],[-81.54994,27.89418],[-81.54319,27.89431],[-81.54354,27.89249],[-81.54563,27.89248],[-81.54563,27.89063],[-81.54976,27.89059],[-81.54975,27.88691],[-81.55186,27.88686],[-81.55179,27.89055],[-81.55389,27.8905],[-81.55388,27.89137],[-81.55594,27.89133],[-81.55593,27.87947],[-81.55804,27.87944],[-81.55803,27.87762],[-81.55593,27.87765],[-81.55181,27.87772],[-81.55181,27.87405],[-81.55394,27.87402],[-81.55434,27.87192],[-81.5544,27.87172],[-81.55671,27.87167],[-81.55671,27.87216],[-81.55814,27.87213],[-81.55824,27.87212],[-81.56472,27.87203],[-81.56472,27.87929],[-81.5689,27.87931],[-81.56887,27.88295],[-81.57094,27.88298],[-81.57094,27.88483],[-81.57303,27.88484],[-81.57304,27.883],[-81.57718,27.88302],[-81.57716,27.88666],[-81.58342,27.88671],[-81.58958,27.8868],[-81.58958,27.88153],[-81.58546,27.88121],[-81.58583,27.88305],[-81.58371,27.88217],[-81.58135,27.88194],[-81.58137,27.87572],[-81.58341,27.87573],[-81.58341,27.87207],[-81.58959,27.87205],[-81.58957,27.87025],[-81.5928,27.86965],[-81.59165,27.86712],[-81.59162,27.86838],[-81.58959,27.8684],[-81.58955,27.86656],[-81.59139,27.86655],[-81.58956,27.86473],[-81.58751,27.86473],[-81.5875,27.86098],[-81.58647,27.86094],[-81.58648,27.85922],[-81.58543,27.85805],[-81.58718,27.85793],[-81.58999,27.86407],[-81.59045,27.86404],[-81.59368,27.86402],[-81.59368,27.86837],[-81.59573,27.86836],[-81.59574,27.87018],[-81.59779,27.87018],[-81.59779,27.872],[-81.6019,27.87199],[-81.60195,27.88667],[-81.63145,27.88665],[-81.63147,27.88999],[-81.62668,27.89252],[-81.62669,27.89396],[-81.6287,27.89396],[-81.63075,27.89775],[-81.62347,27.90131],[-81.62054,27.90131],[-81.62051,27.90274],[-81.61845,27.90368],[-81.61846,27.90131],[-81.61435,27.90132],[-81.61436,27.89948],[-81.61249,27.89948],[-81.61097,27.89399],[-81.60401,27.89401],[-81.60401,27.89724],[-81.60331,27.89613],[-81.60016,27.89585],[-81.60019,27.8973],[-81.60406,27.89814],[-81.60543,27.89767],[-81.60494,27.8991],[-81.60902,27.9024],[-81.60631,27.90237],[-81.60402,27.90299],[-81.60352,27.90132],[-81.60094,27.90133],[-81.60038,27.90187],[-81.60463,27.91708],[-81.60696,27.91705],[-81.607,27.92016],[-81.60528,27.92017],[-81.60542,27.92066],[-81.61178,27.92068],[-81.61179,27.92272],[-81.61132,27.9225],[-81.60946,27.9225],[-81.60844,27.92285],[-81.60912,27.92438],[-81.61117,27.92436],[-81.61121,27.92622],[-81.61325,27.92619],[-81.61328,27.92805],[-81.61532,27.92802],[-81.61534,27.92893],[-81.61795,27.92896],[-81.61826,27.93318],[-81.61946,27.93319],[-81.61952,27.93812],[-81.62272,27.93807],[-81.62269,27.93526],[-81.62357,27.93525],[-81.62349,27.92792],[-81.625,27.92793],[-81.62347,27.92423],[-81.62755,27.9242],[-81.62756,27.92603],[-81.63164,27.92601],[-81.63163,27.92416],[-81.64391,27.92397],[-81.64804,27.92392],[-81.64807,27.92757],[-81.65404,27.9275],[-81.65405,27.92908],[-81.64377,27.93085],[-81.64357,27.93072],[-81.63582,27.93485],[-81.63586,27.94972],[-81.64513,27.94968],[-81.64511,27.94598],[-81.64614,27.94598],[-81.64612,27.94227],[-81.65025,27.94224],[-81.65026,27.94411],[-81.65233,27.9441],[-81.65234,27.94597],[-81.65647,27.94591],[-81.65643,27.93845],[-81.66056,27.93841],[-81.66061,27.95318],[-81.66062,27.95463],[-81.66063,27.95471],[-81.66066,27.96049],[-81.64389,27.96067],[-81.64241,27.96053],[-81.63285,27.95765],[-81.63185,27.95735]],[[-81.59783,27.9065],[-81.59786,27.91017],[-81.59877,27.91348],[-81.59951,27.91491],[-81.602,27.91532],[-81.60213,27.9171],[-81.60311,27.91709],[-81.60376,27.91627],[-81.60057,27.90501],[-81.6004,27.90499],[-81.59785,27.90499],[-81.59783,27.9065]],[[-81.6007,27.88667],[-81.59994,27.88668],[-81.60009,27.88927],[-81.60071,27.88921],[-81.6007,27.88667]],[[-81.59942,27.88103],[-81.59925,27.88064],[-81.6004,27.88062],[-81.6004,27.8793],[-81.59749,27.87938],[-81.59803,27.88056],[-81.5982,27.88103],[-81.59942,27.88103]],[[-81.59956,27.89669],[-81.59951,27.89401],[-81.59782,27.89398],[-81.59782,27.89694],[-81.59886,27.89706],[-81.59956,27.89669]],[[-81.59941,27.88881],[-81.59932,27.88668],[-81.59779,27.88668],[-81.59778,27.8885],[-81.59778,27.88882],[-81.59941,27.88881]],[[-81.59892,27.96804],[-81.59477,27.96813],[-81.59478,27.96998],[-81.59887,27.96992],[-81.59892,27.96804]],[[-81.58854,27.87748],[-81.58854,27.87571],[-81.58718,27.87571],[-81.58718,27.8762],[-81.58817,27.87748],[-81.58854,27.87748]],[[-81.55644,27.87398],[-81.57123,27.88666],[-81.57454,27.88667],[-81.57302,27.88582],[-81.57094,27.88598],[-81.55701,27.87397],[-81.55673,27.87397],[-81.55644,27.87398]],[[-81.56241,27.89033],[-81.5624,27.8885],[-81.56004,27.88855],[-81.56005,27.8893],[-81.56007,27.89038],[-81.56241,27.89033]],[[-81.55586,27.90923],[-81.5555,27.90984],[-81.55529,27.91023],[-81.56024,27.90929],[-81.56022,27.90136],[-81.55813,27.90141],[-81.55817,27.90891],[-81.55596,27.909],[-81.55586,27.90923]],[[-81.55816,27.8959],[-81.56019,27.89585],[-81.56013,27.89407],[-81.55882,27.89409],[-81.55867,27.89492],[-81.55811,27.89492],[-81.55816,27.8959]],[[-81.55607,27.90528],[-81.55437,27.90531],[-81.55439,27.9069],[-81.5561,27.90688],[-81.55607,27.90528]],[[-81.55196,27.89786],[-81.55392,27.89782],[-81.55388,27.89419],[-81.55327,27.8942],[-81.55326,27.89485],[-81.55182,27.89478],[-81.55196,27.89786]],[[-81.54555,27.92678],[-81.54965,27.92677],[-81.54992,27.92494],[-81.55161,27.92493],[-81.55161,27.92347],[-81.54965,27.92348],[-81.54761,27.9232],[-81.54557,27.92405],[-81.54555,27.92678]],[[-81.54964,27.91586],[-81.54836,27.91587],[-81.54663,27.91767],[-81.54965,27.91765],[-81.54964,27.91586]],[[-81.54077,27.90369],[-81.54259,27.90391],[-81.54226,27.90529],[-81.54468,27.9048],[-81.54699,27.90308],[-81.54531,27.90392],[-81.54491,27.90217],[-81.54295,27.90301],[-81.54118,27.90276],[-81.54077,27.90369]],[[-81.54502,27.91767],[-81.54321,27.91641],[-81.53955,27.91603],[-81.53947,27.91672],[-81.54039,27.91734],[-81.54502,27.91767]],[[-81.54147,27.91496],[-81.54147,27.91313],[-81.54018,27.91336],[-81.53942,27.91342],[-81.53942,27.91497],[-81.54147,27.91496]],[[-81.53289,27.90748],[-81.53711,27.91012],[-81.53878,27.90866],[-81.53837,27.9047],[-81.53721,27.90592],[-81.53574,27.9052],[-81.53805,27.90387],[-81.54051,27.90403],[-81.54081,27.90306],[-81.53722,27.90247],[-81.53171,27.90259],[-81.53448,27.9061],[-81.53289,27.90748]],[[-81.53944,27.91554],[-81.53866,27.91488],[-81.53807,27.91327],[-81.53715,27.91371],[-81.53817,27.91503],[-81.53944,27.91554]],[[-81.53684,27.91335],[-81.53919,27.91318],[-81.53612,27.91183],[-81.53584,27.91283],[-81.53616,27.91274],[-81.53684,27.91335]]],[[[-81.54961,27.9336],[-81.54962,27.93224],[-81.54759,27.93225],[-81.54756,27.93495],[-81.53764,27.93498],[-81.53756,27.93231],[-81.53971,27.93229],[-81.5397,27.93135],[-81.53754,27.93136],[-81.53752,27.9305],[-81.55371,27.92634],[-81.55371,27.9304],[-81.54963,27.93041],[-81.54962,27.93133],[-81.55168,27.93132],[-81.55167,27.93227],[-81.554,27.93226],[-81.554,27.93494],[-81.55166,27.93496],[-81.55167,27.93359],[-81.54961,27.9336]]],[[[-81.60966,27.97355],[-81.60966,27.97159],[-81.6071,27.97156],[-81.60711,27.97141],[-81.61148,27.97144],[-81.61297,27.97491],[-81.61273,27.97547],[-81.61123,27.97549],[-81.61121,27.97423],[-81.61058,27.97355],[-81.60966,27.97355]]],[[[-82.05184,28.04209],[-82.04977,28.0421],[-82.05058,28.04028],[-82.04203,28.04029],[-82.03946,28.03899],[-82.03946,28.03703],[-82.03949,28.03138],[-82.04001,28.03129],[-82.04272,28.03064],[-82.04352,28.03105],[-82.0435,28.02932],[-82.04001,28.02978],[-82.03816,28.0297],[-82.02709,28.03158],[-82.02706,28.0296],[-82.02294,28.0296],[-82.02288,28.02592],[-82.01978,28.0259],[-82.01984,28.0296],[-82.01842,28.02959],[-82.01479,28.0212],[-82.0126,28.02293],[-82.0126,28.02586],[-82.00996,28.02585],[-82.00798,28.02585],[-82.01052,28.02951],[-82.00954,28.02951],[-82.00955,28.03279],[-82.00637,28.03323],[-82.00637,28.03224],[-82.00432,28.03225],[-82.00431,28.02767],[-82.00637,28.02766],[-82.00637,28.02583],[-81.99813,28.02586],[-81.99813,28.02039],[-81.99813,28.01857],[-81.98994,28.0186],[-81.98172,28.01861],[-81.98176,28.02192],[-81.98382,28.02224],[-81.98386,28.02587],[-81.98399,28.02587],[-81.984,28.02953],[-81.9859,28.02954],[-81.9859,28.03136],[-81.98385,28.03136],[-81.98385,28.03273],[-81.98388,28.03682],[-81.98593,28.03685],[-81.98792,28.03692],[-81.99004,28.0369],[-81.99005,28.0387],[-81.99005,28.03891],[-81.9908,28.03876],[-82.01918,28.03347],[-82.023,28.03318],[-82.02311,28.04067],[-82.02513,28.04239],[-82.02656,28.04133],[-82.02757,28.04241],[-82.022,28.04631],[-82.01865,28.04702],[-82.0191,28.04805],[-82.01912,28.04941],[-82.01876,28.04972],[-82.01711,28.05181],[-82.01467,28.05267],[-82.01186,28.05458],[-82.01357,28.05478],[-82.01135,28.05524],[-82.00218,28.06198],[-82.00385,28.06244],[-82.00133,28.0626],[-81.99202,28.06945],[-81.99253,28.06968],[-81.99342,28.06966],[-81.9903,28.07077],[-81.99405,28.07693],[-81.99775,28.07692],[-81.99848,28.07873],[-81.99849,28.0805],[-81.99829,28.08335],[-81.99586,28.08334],[-81.99588,28.08416],[-81.99279,28.08417],[-81.99279,28.08565],[-81.99439,28.08564],[-81.99438,28.08879],[-81.9963,28.08878],[-81.9964,28.08969],[-81.99849,28.08968],[-81.99849,28.08876],[-81.99653,28.08877],[-81.99795,28.08798],[-81.99681,28.08664],[-81.9985,28.08663],[-81.99922,28.08503],[-82.00269,28.09027],[-81.99848,28.0905],[-81.99648,28.0914],[-81.9976,28.09352],[-81.99839,28.09633],[-81.99641,28.09634],[-81.99641,28.09888],[-82.00258,28.09886],[-82.00266,28.10981],[-81.99882,28.10981],[-81.99033,28.10981],[-81.99029,28.11379],[-81.9903,28.1172],[-81.98677,28.11707],[-81.98179,28.11346],[-81.97789,28.11349],[-81.97787,28.12082],[-81.97379,28.12082],[-81.97379,28.11901],[-81.97392,28.11344],[-81.97381,28.11046],[-81.96791,28.11013],[-81.96883,28.10845],[-81.96546,28.10575],[-81.96495,28.10386],[-81.96422,28.10255],[-81.95866,28.10298],[-81.9565,28.11217],[-81.95279,28.11147],[-81.94961,28.10989],[-81.94877,28.11375],[-81.95063,28.11372],[-81.95063,28.1283],[-81.94649,28.12835],[-81.93833,28.12842],[-81.93835,28.12483],[-81.93837,28.1243],[-81.93412,28.12431],[-81.93414,28.11895],[-81.92705,28.12488],[-81.92682,28.12504],[-81.91715,28.13278],[-81.91786,28.13453],[-81.91546,28.13628],[-81.91549,28.13715],[-81.91368,28.13723],[-81.91024,28.13869],[-81.90941,28.14002],[-81.90733,28.13997],[-81.90553,28.141],[-81.91098,28.14114],[-81.91176,28.14224],[-81.9118,28.14656],[-81.89736,28.14655],[-81.89734,28.15373],[-81.89419,28.15322],[-81.89238,28.15374],[-81.89237,28.15653],[-81.89421,28.15732],[-81.89734,28.15739],[-81.89739,28.16102],[-81.90151,28.16101],[-81.90166,28.16828],[-81.90539,28.16829],[-81.90533,28.17108],[-81.90583,28.17197],[-81.88109,28.17171],[-81.881,28.16108],[-81.86871,28.16107],[-81.86867,28.15509],[-81.86946,28.15472],[-81.87087,28.15446],[-81.88115,28.1532],[-81.88114,28.15508],[-81.88274,28.15508],[-81.88259,28.15302],[-81.88441,28.15289],[-81.88102,28.15311],[-81.88244,28.15213],[-81.88176,28.14965],[-81.88918,28.14758],[-81.88916,28.14339],[-81.88096,28.14563],[-81.87688,28.14658],[-81.87687,28.15063],[-81.8728,28.15177],[-81.87282,28.15018],[-81.86872,28.1502],[-81.86872,28.15289],[-81.86641,28.15371],[-81.86038,28.15376],[-81.86038,28.15742],[-81.85435,28.15741],[-81.85451,28.15439],[-81.8534,28.15435],[-81.85438,28.15242],[-81.8543,28.15216],[-81.84985,28.15293],[-81.84618,28.15358],[-81.84526,28.15379],[-81.83885,28.15375],[-81.83879,28.13154],[-81.83885,28.11423],[-81.84811,28.11413],[-81.85635,28.1104],[-81.86453,28.11035],[-81.86453,28.11398],[-81.87065,28.11395],[-81.87129,28.11273],[-81.87149,28.10306],[-81.87295,28.10305],[-81.87275,28.11173],[-81.87988,28.11174],[-81.87982,28.11396],[-81.89321,28.11396],[-81.89328,28.10671],[-81.90559,28.1067],[-81.90562,28.10761],[-81.90789,28.10761],[-81.9078,28.10526],[-81.90968,28.10526],[-81.90969,28.104],[-81.91327,28.10607],[-81.91449,28.10614],[-81.91821,28.10495],[-81.91789,28.10397],[-81.91793,28.09768],[-81.92191,28.09765],[-81.92199,28.09219],[-81.91386,28.09218],[-81.91392,28.08826],[-81.91185,28.08826],[-81.91183,28.08431],[-81.9122,28.08071],[-81.90823,28.0807],[-81.90821,28.0737],[-81.90872,28.07163],[-81.9122,28.07163],[-81.9122,28.06977],[-81.9142,28.06981],[-81.91382,28.06453],[-81.91421,28.06248],[-81.91467,28.06049],[-81.91465,28.0597],[-81.9163,28.05977],[-81.9148,28.05921],[-81.91764,28.05329],[-81.91746,28.05321],[-81.9166,28.05284],[-81.91608,28.04795],[-81.9225,28.04837],[-81.9225,28.04825],[-81.9225,28.04806],[-81.92439,28.0482],[-81.92438,28.04782],[-81.9239,28.04795],[-81.92333,28.04791],[-81.92333,28.04746],[-81.9225,28.04749],[-81.9225,28.04595],[-81.92439,28.04591],[-81.92433,28.04355],[-81.92432,28.04069],[-81.92364,28.04043],[-81.92326,28.04065],[-81.92291,28.04001],[-81.92195,28.03951],[-81.92244,28.03659],[-81.92366,28.03571],[-81.92456,28.03154],[-81.92364,28.03097],[-81.92348,28.03107],[-81.92315,28.0315],[-81.92276,28.03184],[-81.92223,28.03195],[-81.92134,28.03182],[-81.9208,28.03184],[-81.9208,28.03242],[-81.9202,28.03241],[-81.92017,28.03516],[-81.91828,28.03516],[-81.91806,28.03326],[-81.91606,28.03327],[-81.91607,28.03508],[-81.91368,28.03525],[-81.91357,28.02781],[-81.91174,28.02783],[-81.91266,28.02603],[-81.91241,28.02492],[-81.91204,28.02417],[-81.91296,28.02416],[-81.91191,28.02234],[-81.91176,28.0187],[-81.91161,28.0187],[-81.90893,28.01871],[-81.9078,28.01808],[-81.90777,28.01413],[-81.91326,28.01412],[-81.91048,28.01112],[-81.9108,28.01084],[-81.91007,28.00921],[-81.91182,28.00772],[-81.91181,28.00662],[-81.90828,28.00663],[-81.90806,28.00408],[-81.90644,28.00409],[-81.9049,28.00126],[-81.90526,28.00008],[-81.91121,27.99731],[-81.91584,27.99699],[-81.92187,27.99728],[-81.92404,27.99685],[-81.92412,27.99632],[-81.92402,27.99601],[-81.92391,27.99544],[-81.92311,27.9958],[-81.9203,27.99572],[-81.91598,27.9961],[-81.91594,27.99271],[-81.91888,27.99225],[-81.9217,27.99115],[-81.92405,27.9909],[-81.92402,27.99047],[-81.9222,27.98972],[-81.91486,27.98207],[-81.91983,27.98206],[-81.91986,27.98582],[-81.92388,27.98587],[-81.92395,27.98201],[-81.92392,27.98025],[-81.91981,27.98023],[-81.9198,27.97841],[-81.92389,27.9784],[-81.92388,27.97474],[-81.93207,27.97473],[-81.94853,27.97479],[-81.96017,27.97488],[-81.95761,27.97949],[-81.95687,27.98204],[-81.96091,27.98214],[-81.97323,27.98208],[-81.97482,27.98208],[-81.99141,27.98205],[-81.99143,27.98294],[-81.98701,27.98507],[-81.9862,27.98749],[-81.99045,27.99057],[-81.99102,27.98866],[-81.99251,27.98681],[-81.99385,27.98644],[-81.99384,27.98639],[-81.99802,27.98635],[-81.99905,27.99098],[-81.99906,27.99354],[-81.99703,27.99301],[-81.99705,27.9964],[-81.99705,27.9967],[-82.00545,27.99664],[-82.00632,27.99561],[-82.00631,27.99126],[-82.00405,27.99126],[-82.00405,27.99024],[-82.00063,27.99055],[-82.00062,27.98806],[-82.00164,27.98734],[-82.00629,27.98734],[-82.00629,27.98203],[-82.00211,27.98191],[-82.00207,27.97478],[-82.00417,27.97477],[-82.01238,27.97475],[-82.01233,27.97067],[-82.0123,27.96749],[-82.02265,27.96746],[-82.02258,27.96],[-82.02976,27.95998],[-82.0308,27.95907],[-82.03078,27.95628],[-82.03335,27.95628],[-82.03333,27.9526],[-82.03528,27.9526],[-82.03526,27.95325],[-82.0359,27.95324],[-82.03592,27.95627],[-82.03901,27.95628],[-82.03899,27.95258],[-82.04726,27.95268],[-82.04735,27.96967],[-82.05149,27.96967],[-82.05149,27.97097],[-82.0554,27.97095],[-82.05558,27.97832],[-82.05425,27.97832],[-82.05423,27.98182],[-82.05364,27.98049],[-82.05151,27.97911],[-82.05147,27.97608],[-82.05283,27.97608],[-82.05282,27.97471],[-82.04737,27.97469],[-82.04742,27.97833],[-82.03418,27.97836],[-82.0342,27.98199],[-82.03092,27.98199],[-82.03094,27.9842],[-82.03505,27.9842],[-82.03508,27.98683],[-82.03921,27.98682],[-82.0392,27.98564],[-82.04748,27.98561],[-82.04748,27.99442],[-82.04473,27.99438],[-82.04474,27.99641],[-82.04375,27.99655],[-82.03926,27.99657],[-82.03927,28.00022],[-82.04337,28.00021],[-82.04338,28.00386],[-82.05161,28.00382],[-82.05161,28.00245],[-82.05592,28.00275],[-82.05562,28.00471],[-82.05574,28.02515],[-82.05567,28.02618],[-82.05545,28.02729],[-82.05047,28.02856],[-82.05063,28.02935],[-82.05329,28.02935],[-82.05311,28.02798],[-82.05579,28.02742],[-82.05594,28.03299],[-82.05595,28.03673],[-82.05595,28.03694],[-82.05616,28.04755],[-82.05371,28.04754],[-82.0537,28.04555],[-82.05183,28.04555],[-82.05184,28.04209]],[[-81.99832,28.05131],[-81.99831,28.04771],[-81.99476,28.04771],[-81.99475,28.04643],[-81.99421,28.04643],[-81.99475,28.04591],[-81.99831,28.04592],[-81.99831,28.04502],[-81.99429,28.04501],[-81.99419,28.04412],[-81.99015,28.0441],[-81.99018,28.04949],[-81.98873,28.0495],[-81.98871,28.04773],[-81.98196,28.04788],[-81.98234,28.05481],[-81.98194,28.05861],[-81.98333,28.0586],[-81.98334,28.06122],[-81.98194,28.06231],[-81.98403,28.0648],[-81.99223,28.06474],[-81.99251,28.06227],[-81.99584,28.06228],[-81.9958,28.06412],[-81.9978,28.06412],[-81.99939,28.06296],[-81.99904,28.06228],[-82.00076,28.06196],[-82.00909,28.05492],[-81.99874,28.05485],[-81.99832,28.05488],[-81.99916,28.0536],[-81.99832,28.05131]],[[-81.98844,27.99406],[-81.98668,27.99406],[-81.98759,27.99549],[-81.98688,27.9967],[-81.995,27.99669],[-81.99498,27.99301],[-81.99393,27.99301],[-81.99391,27.99063],[-81.99041,27.99064],[-81.98844,27.99406]],[[-81.93038,28.10818],[-81.9302,28.10496],[-81.92815,28.10496],[-81.92815,28.10668],[-81.92611,28.10667],[-81.92599,28.10941],[-81.926,28.11032],[-81.92196,28.11144],[-81.92194,28.11756],[-81.91944,28.11756],[-81.91942,28.12483],[-81.92546,28.12483],[-81.93556,28.11668],[-81.9384,28.11393],[-81.9384,28.1103],[-81.93522,28.10937],[-81.93479,28.10761],[-81.9384,28.10643],[-81.9384,28.10303],[-81.93431,28.10303],[-81.93428,28.10675],[-81.93389,28.10746],[-81.93038,28.10818]],[[-81.90704,28.13731],[-81.91072,28.13574],[-81.91538,28.13299],[-81.92111,28.12847],[-81.91782,28.12846],[-81.91784,28.13052],[-81.91203,28.13453],[-81.90553,28.13783],[-81.90704,28.13731]]]]}},{"type":"Feature","properties":{"name":"TheBus Ride (Route 6)","boundary_type":"city","source":"Census TIGER place","fidelity":"exact","updated":"2026-09","units":"Brooksville city","note":"Demand-response service on Route 6 operating in Brooksville; exact service area TBD","confidence":0.7},"geometry":{"type":"Polygon","coordinates":[[[-82.42646,28.54868],[-82.42624,28.54854],[-82.42297,28.54863],[-82.4205,28.54774],[-82.42064,28.54977],[-82.41666,28.54977],[-82.41667,28.55025],[-82.42065,28.55025],[-82.42197,28.55044],[-82.42094,28.55237],[-82.42088,28.55474],[-82.42091,28.55629],[-82.42083,28.56113],[-82.41972,28.56216],[-82.41676,28.56216],[-82.41673,28.55539],[-82.41506,28.5554],[-82.4137,28.55433],[-82.4137,28.55265],[-82.41363,28.55577],[-82.41259,28.55576],[-82.41255,28.55435],[-82.41051,28.55438],[-82.4105,28.55267],[-82.41156,28.55267],[-82.41152,28.5489],[-82.40426,28.54906],[-82.40743,28.54954],[-82.40743,28.55261],[-82.40439,28.55266],[-82.40441,28.55417],[-82.40638,28.5533],[-82.40854,28.55272],[-82.40949,28.55398],[-82.40844,28.55522],[-82.40539,28.55512],[-82.40539,28.5563],[-82.4003,28.55632],[-82.40017,28.56349],[-82.39766,28.56344],[-82.39768,28.56526],[-82.40021,28.56525],[-82.40022,28.56628],[-82.39768,28.56627],[-82.3977,28.57062],[-82.38139,28.57078],[-82.38044,28.57168],[-82.38159,28.56974],[-82.37995,28.57082],[-82.3797,28.57106],[-82.37709,28.5711],[-82.37704,28.57328],[-82.37499,28.57331],[-82.37541,28.57844],[-82.37665,28.57844],[-82.37567,28.58125],[-82.37581,28.58391],[-82.37165,28.58394],[-82.37167,28.58667],[-82.36763,28.5876],[-82.36737,28.58581],[-82.36126,28.58566],[-82.36123,28.57852],[-82.36432,28.57851],[-82.36429,28.57479],[-82.36952,28.57474],[-82.36953,28.571],[-82.36421,28.57107],[-82.36544,28.56826],[-82.36326,28.56829],[-82.36323,28.5636],[-82.36523,28.56357],[-82.36523,28.56178],[-82.36417,28.56178],[-82.36413,28.55996],[-82.36321,28.55997],[-82.36319,28.5591],[-82.36522,28.55908],[-82.36517,28.55819],[-82.36316,28.55819],[-82.36316,28.55631],[-82.35867,28.55664],[-82.359,28.56931],[-82.35466,28.56933],[-82.35471,28.57116],[-82.35024,28.5713],[-82.35126,28.57113],[-82.35114,28.56389],[-82.34831,28.56411],[-82.34809,28.56557],[-82.34928,28.56557],[-82.34958,28.57097],[-82.35026,28.57246],[-82.34824,28.57346],[-82.34829,28.57492],[-82.3449,28.57447],[-82.34352,28.57327],[-82.3428,28.57143],[-82.34345,28.56527],[-82.34475,28.56374],[-82.34217,28.56386],[-82.34221,28.56763],[-82.33853,28.56772],[-82.33847,28.56158],[-82.33947,28.56139],[-82.33949,28.56395],[-82.34052,28.56392],[-82.3405,28.56103],[-82.34711,28.5598],[-82.35022,28.55926],[-82.35013,28.5565],[-82.35624,28.55643],[-82.35623,28.55451],[-82.3547,28.554],[-82.35436,28.55362],[-82.35431,28.54928],[-82.36722,28.54943],[-82.36722,28.54568],[-82.37004,28.54565],[-82.37114,28.54738],[-82.37118,28.55056],[-82.36944,28.55203],[-82.36722,28.55204],[-82.36727,28.55615],[-82.3657,28.55598],[-82.36623,28.55631],[-82.36734,28.55992],[-82.36754,28.56355],[-82.37145,28.56352],[-82.37144,28.56164],[-82.37552,28.56163],[-82.37552,28.55972],[-82.37385,28.55974],[-82.37382,28.55807],[-82.37553,28.55805],[-82.3747,28.55753],[-82.37373,28.55282],[-82.37202,28.55283],[-82.37552,28.55175],[-82.37497,28.54933],[-82.37346,28.54935],[-82.37343,28.54626],[-82.37425,28.54553],[-82.37708,28.5455],[-82.37529,28.54317],[-82.37752,28.54318],[-82.37755,28.54548],[-82.38371,28.54539],[-82.38366,28.54277],[-82.38506,28.54275],[-82.38511,28.5447],[-82.38594,28.54469],[-82.38611,28.54181],[-82.3878,28.54144],[-82.39046,28.54064],[-82.39047,28.53838],[-82.3945,28.53834],[-82.39449,28.53993],[-82.39217,28.54028],[-82.39218,28.54178],[-82.38951,28.54181],[-82.38947,28.54381],[-82.38791,28.54383],[-82.38793,28.5453],[-82.39201,28.54527],[-82.39219,28.54349],[-82.39365,28.54265],[-82.39368,28.54462],[-82.39451,28.54529],[-82.3975,28.54534],[-82.39753,28.54226],[-82.39607,28.54174],[-82.39599,28.53839],[-82.39721,28.53838],[-82.40008,28.53809],[-82.40007,28.5343],[-82.40108,28.53429],[-82.40103,28.53226],[-82.402,28.53052],[-82.40407,28.5305],[-82.4041,28.52973],[-82.4012,28.52976],[-82.40001,28.53054],[-82.40005,28.53294],[-82.39592,28.53296],[-82.39581,28.53629],[-82.39496,28.53433],[-82.39388,28.53433],[-82.39351,28.53145],[-82.39589,28.53061],[-82.39611,28.52773],[-82.39431,28.5275],[-82.39378,28.52588],[-82.39484,28.52417],[-82.3964,28.52435],[-82.39658,28.5258],[-82.39994,28.52571],[-82.3999,28.52323],[-82.39724,28.52323],[-82.39721,28.51856],[-82.39597,28.5173],[-82.39927,28.51729],[-82.39926,28.51391],[-82.39491,28.51391],[-82.39491,28.51026],[-82.38483,28.51024],[-82.38483,28.50842],[-82.38071,28.50839],[-82.3807,28.51024],[-82.37866,28.51024],[-82.3787,28.50021],[-82.37679,28.50023],[-82.37678,28.49933],[-82.37869,28.4993],[-82.37869,28.49268],[-82.37674,28.49204],[-82.37869,28.49203],[-82.3787,28.49076],[-82.38286,28.48943],[-82.38284,28.49204],[-82.39046,28.49207],[-82.39045,28.49393],[-82.38698,28.49391],[-82.38694,28.50476],[-82.39165,28.50476],[-82.39201,28.50265],[-82.39397,28.50309],[-82.39615,28.49827],[-82.39858,28.49569],[-82.40733,28.48959],[-82.40803,28.49028],[-82.41166,28.49211],[-82.4117,28.49566],[-82.42572,28.49566],[-82.42626,28.49648],[-82.42516,28.49887],[-82.41998,28.49837],[-82.41584,28.49837],[-82.41585,28.50656],[-82.41168,28.50656],[-82.41169,28.51021],[-82.41479,28.50983],[-82.4148,28.50838],[-82.41583,28.50838],[-82.41582,28.5102],[-82.41988,28.5102],[-82.41888,28.51203],[-82.41787,28.51202],[-82.41717,28.51507],[-82.41319,28.51567],[-82.41167,28.51741],[-82.41167,28.51891],[-82.41537,28.51883],[-82.41472,28.52003],[-82.41168,28.52003],[-82.41169,28.52317],[-82.41224,28.52317],[-82.41234,28.52468],[-82.41137,28.52652],[-82.41128,28.52668],[-82.4081,28.5267],[-82.40716,28.52788],[-82.40719,28.52991],[-82.40332,28.53139],[-82.4033,28.53243],[-82.40416,28.53368],[-82.40517,28.53278],[-82.40784,28.53281],[-82.40884,28.53141],[-82.41075,28.53135],[-82.41075,28.53226],[-82.41234,28.53224],[-82.41331,28.53041],[-82.41437,28.53039],[-82.41432,28.52671],[-82.41642,28.52669],[-82.41645,28.53035],[-82.4185,28.53034],[-82.41849,28.53409],[-82.41853,28.53612],[-82.41348,28.53615],[-82.41239,28.53573],[-82.40829,28.53605],[-82.40832,28.53789],[-82.41115,28.53785],[-82.40849,28.53974],[-82.40937,28.54104],[-82.41074,28.5397],[-82.41796,28.54144],[-82.42474,28.54135],[-82.42662,28.54137],[-82.42648,28.54379],[-82.42858,28.54636],[-82.42646,28.54868]],[[-82.42008,28.55447],[-82.42009,28.55509],[-82.42041,28.55508],[-82.42063,28.55527],[-82.42061,28.55446],[-82.42008,28.55447]],[[-82.41851,28.55139],[-82.41853,28.55247],[-82.41986,28.55243],[-82.41992,28.55138],[-82.41851,28.55139]]]}},{"type":"Feature","properties":{"name":"ULTRA On-Demand Transit","boundary_type":"county","source":"Census TIGER county","fidelity":"approximate","updated":"2026-09","units":"Lee County","note":"Specific underperforming zones within Lee County","confidence":0.8},"geometry":{"type":"MultiPolygon","coordinates":[[[[-82.20635,26.58363],[-82.19902,26.56095],[-82.19736,26.55351],[-82.19479,26.54887],[-82.19188,26.54362],[-82.1903,26.53807],[-82.1902,26.53772],[-82.18919,26.53159],[-82.1889,26.52986],[-82.18857,26.52785],[-82.18801,26.52444],[-82.18785,26.52352],[-82.18766,26.52326],[-82.17953,26.51246],[-82.17978,26.50599],[-82.17683,26.50051],[-82.17608,26.49757],[-82.1782,26.4943],[-82.17783,26.49222],[-82.17727,26.49214],[-82.17552,26.4919],[-82.17303,26.49359],[-82.17007,26.49345],[-82.1688,26.49234],[-82.1685,26.48774],[-82.16391,26.48561],[-82.16166,26.48665],[-82.16,26.48613],[-82.15974,26.48198],[-82.15418,26.48083],[-82.15255,26.47974],[-82.14937,26.47761],[-82.14006,26.47731],[-82.13247,26.47907],[-82.12843,26.47758],[-82.12005,26.47358],[-82.08842,26.45518],[-82.07692,26.46611],[-82.06664,26.46609],[-82.06255,26.47013],[-82.05645,26.46679],[-82.04081,26.45823],[-82.03631,26.45447],[-82.03621,26.45439],[-82.0361,26.45434],[-82.03568,26.45416],[-82.03217,26.45268],[-82.02053,26.45311],[-82.01561,26.45486],[-82.01371,26.45426],[-82.01391,26.45206],[-82.02092,26.44827],[-82.03991,26.438],[-82.06311,26.42546],[-82.07501,26.42206],[-82.08032,26.42206],[-82.08291,26.42206],[-82.09811,26.42496],[-82.10782,26.42881],[-82.12667,26.43628],[-82.13693,26.44521],[-82.14028,26.44812],[-82.14872,26.45546],[-82.17292,26.46766],[-82.17702,26.47156],[-82.18072,26.47626],[-82.1831,26.48166],[-82.18644,26.48922],[-82.18887,26.50035],[-82.19144,26.51211],[-82.1938,26.52292],[-82.19884,26.54598],[-82.20167,26.55138],[-82.2014,26.55631],[-82.20532,26.56793],[-82.21367,26.57991],[-82.22089,26.58391],[-82.22444,26.59325],[-82.22407,26.6029],[-82.21994,26.60707],[-82.21434,26.60294],[-82.20635,26.58363]]],[[[-82.17383,26.70563],[-82.15814,26.70733],[-82.15167,26.70414],[-82.13902,26.70299],[-82.12579,26.69954],[-82.12287,26.69588],[-82.11962,26.69182],[-82.1189,26.69091],[-82.1118,26.68164],[-82.10755,26.6707],[-82.10625,26.66734],[-82.10503,26.66646],[-82.10362,26.66543],[-82.10395,26.65424],[-82.09896,26.64595],[-82.08779,26.64723],[-82.08257,26.65306],[-82.08209,26.6536],[-82.0866,26.66001],[-82.09024,26.66519],[-82.09095,26.6662],[-82.09135,26.66677],[-82.09122,26.66729],[-82.0867,26.68516],[-82.08556,26.69651],[-82.08497,26.70241],[-82.08398,26.70516],[-82.0798,26.71678],[-82.07628,26.72366],[-82.07461,26.72693],[-82.07014,26.73569],[-82.06657,26.74266],[-82.06341,26.75575],[-82.06275,26.75848],[-82.05987,26.77041],[-82.05893,26.77038],[-82.05423,26.77048],[-82.03816,26.77037],[-81.93133,26.77005],[-81.9311,26.77005],[-81.89214,26.76997],[-81.87901,26.76994],[-81.87853,26.76993],[-81.8636,26.77004],[-81.85864,26.76989],[-81.80553,26.76975],[-81.76074,26.7696],[-81.66169,26.76961],[-81.56575,26.7696],[-81.56627,26.73634],[-81.5664,26.72542],[-81.5665,26.71446],[-81.56653,26.71392],[-81.56651,26.70954],[-81.56638,26.69595],[-81.56626,26.68725],[-81.56609,26.67277],[-81.56576,26.64406],[-81.5651,26.60033],[-81.56489,26.58635],[-81.56459,26.56394],[-81.56421,26.54248],[-81.56383,26.51847],[-81.56382,26.51826],[-81.56376,26.51333],[-81.56307,26.47326],[-81.56274,26.4544],[-81.56222,26.42316],[-81.56252,26.42262],[-81.65836,26.4211],[-81.65951,26.42108],[-81.65806,26.33237],[-81.6579,26.31756],[-81.65891,26.31755],[-81.67053,26.3175],[-81.69004,26.31734],[-81.69049,26.31733],[-81.70626,26.31721],[-81.71465,26.31714],[-81.7221,26.31708],[-81.7224,26.31708],[-81.72961,26.31701],[-81.73724,26.31696],[-81.74617,26.3169],[-81.7544,26.31675],[-81.76254,26.31663],[-81.78622,26.31637],[-81.78811,26.31643],[-81.78913,26.31628],[-81.80282,26.31627],[-81.80497,26.31629],[-81.80517,26.31629],[-81.81902,26.31624],[-81.81908,26.32335],[-81.81912,26.33042],[-81.82116,26.33043],[-81.83165,26.33038],[-81.83882,26.33029],[-81.84105,26.33035],[-81.84578,26.33038],[-81.85498,26.35051],[-81.85656,26.35317],[-81.85871,26.35681],[-81.86313,26.36425],[-81.8629,26.36597],[-81.86898,26.37865],[-81.87652,26.38698],[-81.88427,26.39396],[-81.88557,26.39773],[-81.88267,26.40063],[-81.88265,26.40091],[-81.88255,26.40223],[-81.88251,26.40265],[-81.88456,26.40366],[-81.8939,26.40363],[-81.90172,26.41111],[-81.90301,26.41707],[-81.90302,26.41709],[-81.90655,26.42287],[-81.90726,26.42361],[-81.91284,26.42939],[-81.92361,26.43666],[-81.92373,26.43673],[-81.93841,26.44506],[-81.95616,26.45259],[-81.95659,26.45284],[-81.96393,26.45722],[-81.96742,26.46085],[-81.96928,26.46389],[-81.96894,26.46484],[-81.96685,26.46552],[-81.96563,26.4648],[-81.96439,26.46207],[-81.9614,26.45955],[-81.95591,26.4575],[-81.95529,26.45822],[-81.95484,26.45875],[-81.95514,26.46015],[-81.95655,26.46669],[-81.95662,26.46705],[-81.96951,26.4765],[-81.97275,26.47779],[-81.98071,26.48096],[-81.99701,26.48486],[-81.99803,26.48479],[-82.00896,26.48405],[-82.00952,26.48447],[-82.01271,26.48688],[-82.01082,26.4936],[-82.00725,26.49714],[-82.00834,26.50211],[-82.00758,26.5063],[-82.01012,26.51292],[-82.00905,26.52007],[-81.99831,26.52638],[-81.99829,26.52697],[-81.99821,26.52961],[-81.99816,26.5312],[-81.99812,26.53272],[-82.00026,26.53319],[-82.00532,26.53429],[-82.0059,26.53441],[-82.00642,26.5341],[-82.01354,26.52989],[-82.0153,26.52884],[-82.01752,26.52916],[-82.02552,26.53033],[-82.03872,26.52565],[-82.03998,26.52695],[-82.03851,26.52923],[-82.03941,26.53224],[-82.04311,26.53267],[-82.044,26.53445],[-82.0427,26.53637],[-82.04471,26.53983],[-82.05119,26.54224],[-82.05471,26.54805],[-82.05737,26.54833],[-82.05808,26.5484],[-82.05908,26.54725],[-82.06473,26.54068],[-82.06579,26.53946],[-82.06925,26.53543],[-82.07163,26.52565],[-82.07122,26.52404],[-82.06854,26.51353],[-82.06516,26.50666],[-82.06331,26.50289],[-82.06275,26.50239],[-82.05897,26.49901],[-82.05689,26.49715],[-82.05689,26.49679],[-82.05689,26.49375],[-82.05775,26.49368],[-82.06934,26.49275],[-82.07175,26.49255],[-82.0745,26.49196],[-82.0815,26.49044],[-82.08479,26.48973],[-82.08589,26.48949],[-82.09611,26.48393],[-82.10567,26.48393],[-82.1065,26.49139],[-82.10271,26.49969],[-82.10193,26.50381],[-82.10129,26.50724],[-82.1009,26.5093],[-82.10062,26.51076],[-82.10915,26.51523],[-82.10704,26.51821],[-82.10205,26.51948],[-82.10467,26.52352],[-82.10516,26.5238],[-82.11203,26.52756],[-82.1137,26.53224],[-82.11393,26.54075],[-82.12249,26.55499],[-82.12511,26.56818],[-82.12479,26.57452],[-82.12466,26.57699],[-82.12439,26.58242],[-82.12161,26.58527],[-82.12208,26.58636],[-82.1235,26.58963],[-82.12657,26.59036],[-82.12725,26.59285],[-82.13007,26.60315],[-82.13201,26.61021],[-82.13865,26.6126],[-82.1446,26.6228],[-82.14769,26.63448],[-82.14436,26.63894],[-82.14255,26.64391],[-82.14552,26.64801],[-82.14662,26.64953],[-82.14994,26.65412],[-82.1504,26.65455],[-82.15278,26.65679],[-82.15468,26.65859],[-82.16117,26.66471],[-82.16603,26.6693],[-82.16931,26.67654],[-82.17288,26.67866],[-82.17573,26.67845],[-82.18156,26.68171],[-82.18217,26.68336],[-82.18381,26.6878],[-82.18357,26.69502],[-82.1812,26.6982],[-82.17994,26.69947],[-82.17383,26.70563]]],[[[-82.25583,26.70393],[-82.25345,26.70585],[-82.25013,26.70776],[-82.24608,26.70606],[-82.24561,26.70309],[-82.24252,26.69672],[-82.2449,26.69247],[-82.24537,26.68631],[-82.24276,26.68143],[-82.2342,26.67675],[-82.23539,26.67442],[-82.23753,26.66911],[-82.23848,26.66252],[-82.23491,26.6553],[-82.23325,26.64956],[-82.22826,26.64447],[-82.22778,26.63703],[-82.22374,26.62683],[-82.21875,26.62513],[-82.21851,26.62322],[-82.22089,26.61812],[-82.22113,26.61345],[-82.22313,26.61254],[-82.2239,26.61418],[-82.22792,26.62713],[-82.23147,26.63473],[-82.2361,26.63788],[-82.2446,26.65351],[-82.24828,26.66166],[-82.2544,26.66719],[-82.26248,26.6776],[-82.26248,26.68397],[-82.25844,26.68801],[-82.25726,26.69353],[-82.25583,26.70393]]],[[[-82.24982,26.78689],[-82.24803,26.78686],[-82.24263,26.78574],[-82.23391,26.78322],[-82.22807,26.78218],[-82.2224,26.78199],[-82.22149,26.78175],[-82.21812,26.77979],[-82.2132,26.77529],[-82.20879,26.77172],[-82.20749,26.77103],[-82.20556,26.77053],[-82.20102,26.77077],[-82.20211,26.77016],[-82.2033,26.76571],[-82.20544,26.76443],[-82.21,26.76808],[-82.22065,26.76655],[-82.23064,26.77101],[-82.23806,26.76808],[-82.23872,26.76783],[-82.24989,26.76295],[-82.25321,26.75403],[-82.2544,26.74554],[-82.25739,26.73578],[-82.25975,26.72803],[-82.25939,26.72435],[-82.2588,26.71848],[-82.26194,26.71709],[-82.26427,26.72016],[-82.2638,26.72564],[-82.26468,26.75684],[-82.2695,26.78467],[-82.27209,26.78952],[-82.26468,26.78943],[-82.26135,26.78886],[-82.24982,26.78689]]]]}},{"type":"Feature","properties":{"name":"VoRide","boundary_type":"places","source":"Census TIGER place","fidelity":"approximate","updated":"2026-09","units":"DeLand city; Orange City city; Deltona city; DeBary city; New Smyrna Beach city; Edgewater city; Ormond Beach city; Ponce Inlet town; Daytona Beach city","note":"VoRide zones are named-place subsets, not full county: West Volusia covers DeLand, Orange City, Deltona, DeBary; East Volusia covers New Smyrna Beach and Edgewater (former NSB FLEX zones), Ormond Beach (north of Granada Blvd only, both beachside and mainland), Ponce Inlet (south of Dunlawton Ave, via Uber Transit), and a Daytona Beach night-service zone (excludes beachside). Zones do not connect to each other or span the full county. Source: votran.org/take-a-trip/voride.stml.","confidence":0.7},"geometry":{"type":"MultiPolygon","coordinates":[[[[-81.36453,28.89026],[-81.36177,28.88981],[-81.35891,28.88727],[-81.35717,28.88715],[-81.35577,28.89015],[-81.35483,28.89261],[-81.35476,28.89509],[-81.35575,28.8966],[-81.35279,28.89669],[-81.35406,28.89846],[-81.35651,28.89883],[-81.35782,28.90041],[-81.35753,28.90372],[-81.36017,28.90665],[-81.35903,28.90867],[-81.35667,28.91054],[-81.35703,28.91151],[-81.35945,28.91318],[-81.35954,28.91396],[-81.35758,28.91684],[-81.35412,28.92091],[-81.352,28.92065],[-81.35277,28.92312],[-81.35182,28.9232],[-81.34446,28.923],[-81.34447,28.9195],[-81.33293,28.91955],[-81.32779,28.91942],[-81.3278,28.92305],[-81.32362,28.92306],[-81.32361,28.91391],[-81.31825,28.91393],[-81.31822,28.91236],[-81.31823,28.91208],[-81.31129,28.91206],[-81.3113,28.91579],[-81.3038,28.91584],[-81.30237,28.92094],[-81.30002,28.92147],[-81.30434,28.9215],[-81.30432,28.92313],[-81.31551,28.92315],[-81.3155,28.92459],[-81.31548,28.93372],[-81.31553,28.9341],[-81.31347,28.93508],[-81.31345,28.94143],[-81.31032,28.9414],[-81.31033,28.94321],[-81.30929,28.94319],[-81.30928,28.94136],[-81.30718,28.94135],[-81.30718,28.94318],[-81.30723,28.94871],[-81.31135,28.9488],[-81.31078,28.95167],[-81.3093,28.9505],[-81.30722,28.95232],[-81.30719,28.95415],[-81.30925,28.95416],[-81.30924,28.95599],[-81.30717,28.95594],[-81.30715,28.95956],[-81.30065,28.95952],[-81.30065,28.96046],[-81.303,28.96048],[-81.30301,28.96144],[-81.299,28.96142],[-81.29899,28.96232],[-81.30028,28.96314],[-81.29981,28.96313],[-81.299,28.96405],[-81.299,28.96614],[-81.30119,28.96613],[-81.30211,28.96845],[-81.29999,28.96846],[-81.3002,28.96971],[-81.30116,28.96971],[-81.30122,28.97346],[-81.29889,28.97408],[-81.29866,28.96974],[-81.29865,28.96645],[-81.29672,28.96637],[-81.29672,28.96505],[-81.29474,28.96504],[-81.29471,28.96326],[-81.29678,28.96327],[-81.2968,28.95996],[-81.29806,28.95952],[-81.29055,28.95958],[-81.29053,28.96138],[-81.28851,28.96138],[-81.28852,28.95959],[-81.28439,28.9595],[-81.28438,28.95473],[-81.28645,28.95471],[-81.28645,28.95048],[-81.27818,28.95047],[-81.27817,28.94864],[-81.27306,28.94864],[-81.27212,28.95005],[-81.27115,28.94864],[-81.27115,28.94793],[-81.26987,28.9505],[-81.26784,28.9505],[-81.26787,28.94865],[-81.26575,28.94866],[-81.26585,28.95839],[-81.26585,28.96011],[-81.25787,28.95519],[-81.2578,28.95541],[-81.25776,28.95555],[-81.26585,28.96035],[-81.26552,28.96983],[-81.27343,28.96991],[-81.27346,28.97139],[-81.27513,28.97137],[-81.2751,28.96989],[-81.27399,28.9699],[-81.27399,28.96808],[-81.27605,28.96807],[-81.27606,28.96678],[-81.28004,28.96929],[-81.28399,28.97178],[-81.28557,28.97248],[-81.28568,28.97729],[-81.29786,28.97713],[-81.29808,28.97895],[-81.29924,28.97893],[-81.2996,28.98187],[-81.30154,28.98184],[-81.30151,28.98073],[-81.30234,28.98071],[-81.30235,28.98284],[-81.30233,28.98436],[-81.30636,28.98431],[-81.30644,28.98793],[-81.31022,28.98788],[-81.31032,28.99155],[-81.30668,28.99161],[-81.30661,28.98844],[-81.30384,28.98845],[-81.30392,28.99164],[-81.30307,28.99305],[-81.3047,28.99303],[-81.30475,28.99529],[-81.30389,28.99569],[-81.30678,28.99565],[-81.30949,28.99717],[-81.30954,28.99897],[-81.31096,28.99922],[-81.3129,29.00015],[-81.312,29.00153],[-81.31343,29.00262],[-81.31104,29.00264],[-81.31103,29.00174],[-81.30723,29.00177],[-81.30691,29.0045],[-81.30899,29.00451],[-81.30901,29.00633],[-81.30389,29.00632],[-81.30285,29.00816],[-81.30492,29.00818],[-81.30362,29.01002],[-81.30498,29.01094],[-81.30702,29.01094],[-81.3076,29.01315],[-81.305,29.01186],[-81.30271,29.0115],[-81.3027,29.01148],[-81.30158,29.0115],[-81.30125,29.01006],[-81.29962,29.01003],[-81.29883,29.01197],[-81.30089,29.01196],[-81.30092,29.01378],[-81.30296,29.01378],[-81.30291,29.01284],[-81.30406,29.01283],[-81.30505,29.01373],[-81.30709,29.01369],[-81.31122,29.01362],[-81.31542,29.01359],[-81.31723,29.01357],[-81.31719,29.01088],[-81.31954,29.01082],[-81.31967,29.00852],[-81.31937,29.00813],[-81.32365,29.00804],[-81.32357,29.00437],[-81.33183,29.00417],[-81.33196,29.00877],[-81.32993,29.00882],[-81.32996,29.00968],[-81.3237,29.00982],[-81.32371,29.01022],[-81.32318,29.01023],[-81.32319,29.01045],[-81.32372,29.01045],[-81.32379,29.01345],[-81.32335,29.01346],[-81.32358,29.01394],[-81.32384,29.01525],[-81.32234,29.01486],[-81.3223,29.01349],[-81.31961,29.01354],[-81.31995,29.02487],[-81.32155,29.02477],[-81.32108,29.02737],[-81.32413,29.02565],[-81.32419,29.02791],[-81.32424,29.02928],[-81.32196,29.02849],[-81.32196,29.02792],[-81.32004,29.02793],[-81.32009,29.02977],[-81.32028,29.03666],[-81.32123,29.03525],[-81.32443,29.03523],[-81.33067,29.03513],[-81.33065,29.03421],[-81.32796,29.03469],[-81.32703,29.0338],[-81.32744,29.03296],[-81.33262,29.03111],[-81.33679,29.03133],[-81.3367,29.02772],[-81.33879,29.02768],[-81.33883,29.02948],[-81.34091,29.03012],[-81.34605,29.0301],[-81.34585,29.03204],[-81.34732,29.03203],[-81.34734,29.03305],[-81.34311,29.03304],[-81.34315,29.03492],[-81.34104,29.03497],[-81.341,29.03302],[-81.34214,29.03222],[-81.33991,29.03219],[-81.33993,29.03317],[-81.33685,29.03322],[-81.33708,29.04149],[-81.33518,29.0415],[-81.33484,29.04014],[-81.33084,29.0406],[-81.33087,29.04239],[-81.3288,29.04244],[-81.32886,29.0442],[-81.33299,29.04407],[-81.33298,29.04236],[-81.3334,29.04237],[-81.3371,29.04234],[-81.33512,29.04325],[-81.33513,29.04963],[-81.32905,29.04971],[-81.3289,29.04609],[-81.32468,29.04663],[-81.32491,29.05341],[-81.32915,29.05332],[-81.32911,29.05245],[-81.33324,29.0524],[-81.33335,29.05585],[-81.33429,29.05695],[-81.3261,29.05706],[-81.32604,29.05522],[-81.32498,29.05525],[-81.32503,29.05633],[-81.32417,29.05632],[-81.32419,29.05709],[-81.32098,29.05716],[-81.32102,29.05901],[-81.32507,29.05896],[-81.3251,29.0608],[-81.31946,29.06086],[-81.31938,29.0572],[-81.31886,29.05627],[-81.31678,29.05631],[-81.317,29.05483],[-81.32079,29.05471],[-81.32078,29.05083],[-81.31866,29.05088],[-81.31868,29.05186],[-81.31663,29.05193],[-81.31619,29.05338],[-81.3125,29.05167],[-81.31232,29.048],[-81.31025,29.04817],[-81.31005,29.04272],[-81.30805,29.04275],[-81.30603,29.04277],[-81.30464,29.04369],[-81.30608,29.04416],[-81.3041,29.04509],[-81.30619,29.04877],[-81.30433,29.05006],[-81.30623,29.05001],[-81.30625,29.05097],[-81.30435,29.05146],[-81.30481,29.05279],[-81.30842,29.05276],[-81.30848,29.05547],[-81.30641,29.05549],[-81.30693,29.05822],[-81.30547,29.05824],[-81.30557,29.06099],[-81.30658,29.06097],[-81.30661,29.0628],[-81.30446,29.06284],[-81.30447,29.06342],[-81.30242,29.06334],[-81.30316,29.06605],[-81.30041,29.06654],[-81.2994,29.06655],[-81.29939,29.06474],[-81.29823,29.06475],[-81.29847,29.07199],[-81.30054,29.07226],[-81.30069,29.07927],[-81.30484,29.07922],[-81.30488,29.08186],[-81.30324,29.08304],[-81.29254,29.08338],[-81.29262,29.08705],[-81.28811,29.08713],[-81.28817,29.07966],[-81.2838,29.07975],[-81.28398,29.07595],[-81.27382,29.07611],[-81.27336,29.07571],[-81.27378,29.07489],[-81.27291,29.06638],[-81.2724,29.0656],[-81.27127,29.06604],[-81.26709,29.06682],[-81.26706,29.0617],[-81.26816,29.06073],[-81.26549,29.06192],[-81.26294,29.06306],[-81.26279,29.05817],[-81.26159,29.0582],[-81.26152,29.05783],[-81.25979,29.0571],[-81.25977,29.05623],[-81.26273,29.05616],[-81.26492,29.05606],[-81.265,29.0579],[-81.26846,29.0578],[-81.2675,29.05694],[-81.27112,29.05689],[-81.27118,29.05917],[-81.27354,29.05811],[-81.27344,29.05685],[-81.27517,29.05606],[-81.27587,29.05702],[-81.27641,29.05405],[-81.27644,29.05555],[-81.27817,29.05479],[-81.27856,29.05596],[-81.27941,29.05457],[-81.27932,29.05252],[-81.28129,29.0525],[-81.28128,29.05455],[-81.28127,29.05464],[-81.28321,29.05401],[-81.28324,29.05492],[-81.28329,29.04775],[-81.28119,29.04777],[-81.28116,29.0459],[-81.28322,29.04587],[-81.28328,29.04747],[-81.28564,29.04611],[-81.28461,29.04584],[-81.28457,29.04311],[-81.28315,29.04313],[-81.2832,29.04489],[-81.28218,29.04488],[-81.28215,29.04314],[-81.28113,29.04315],[-81.28097,29.03843],[-81.28193,29.03748],[-81.28298,29.03794],[-81.28296,29.0371],[-81.28247,29.03709],[-81.28248,29.03654],[-81.282,29.03652],[-81.282,29.03602],[-81.28168,29.03603],[-81.28182,29.03514],[-81.28232,29.03514],[-81.28232,29.03492],[-81.28289,29.03493],[-81.28285,29.03328],[-81.28082,29.03333],[-81.28094,29.03666],[-81.27883,29.03602],[-81.27895,29.0394],[-81.28069,29.0394],[-81.28071,29.04294],[-81.2794,29.04297],[-81.27694,29.0416],[-81.27679,29.0361],[-81.27475,29.03567],[-81.27467,29.03384],[-81.27876,29.03381],[-81.2787,29.03193],[-81.27049,29.03203],[-81.27048,29.03107],[-81.27452,29.031],[-81.27411,29.02826],[-81.2793,29.02824],[-81.27967,29.03005],[-81.27971,29.03193],[-81.28073,29.03192],[-81.28023,29.03132],[-81.28068,29.03005],[-81.28013,29.03007],[-81.28009,29.02823],[-81.2827,29.02821],[-81.28254,29.02098],[-81.27428,29.02118],[-81.2743,29.02294],[-81.27334,29.02297],[-81.27394,29.02469],[-81.26913,29.02482],[-81.26911,29.02384],[-81.26709,29.02397],[-81.2681,29.02311],[-81.26808,29.0195],[-81.26379,29.01963],[-81.26386,29.02145],[-81.26183,29.02151],[-81.26169,29.0179],[-81.25961,29.01794],[-81.25971,29.02074],[-81.25554,29.01947],[-81.25553,29.018],[-81.25346,29.01731],[-81.25343,29.01598],[-81.25117,29.01598],[-81.25101,29.01722],[-81.2509,29.01805],[-81.24927,29.01806],[-81.24948,29.0254],[-81.24446,29.02544],[-81.24539,29.02885],[-81.23672,29.02884],[-81.23666,29.02105],[-81.23855,29.02101],[-81.23848,29.01754],[-81.236,29.01739],[-81.235,29.0154],[-81.23524,29.01417],[-81.24097,29.01405],[-81.24619,29.0142],[-81.24353,29.0077],[-81.24078,29.00764],[-81.24244,29.00368],[-81.24473,29.00364],[-81.24473,29.00591],[-81.24896,29.00593],[-81.24885,28.9994],[-81.24864,28.98725],[-81.25071,28.98838],[-81.25278,28.98835],[-81.25346,28.98752],[-81.25232,28.98483],[-81.25403,28.98482],[-81.25484,28.98475],[-81.25481,28.98285],[-81.25684,28.98285],[-81.25688,28.97737],[-81.26496,28.97728],[-81.2648,28.96985],[-81.26131,28.96987],[-81.26131,28.96657],[-81.25976,28.96657],[-81.2598,28.96816],[-81.25881,28.96772],[-81.2588,28.96589],[-81.25572,28.96625],[-81.25546,28.96812],[-81.25452,28.96812],[-81.2545,28.96693],[-81.25647,28.95956],[-81.25618,28.95962],[-81.24885,28.95955],[-81.24895,28.96293],[-81.24471,28.9632],[-81.2447,28.95956],[-81.24237,28.95957],[-81.24237,28.95796],[-81.24056,28.95798],[-81.24052,28.95242],[-81.23645,28.9524],[-81.23642,28.94877],[-81.23291,28.94878],[-81.23294,28.95241],[-81.22802,28.95243],[-81.22806,28.94888],[-81.22101,28.9489],[-81.21534,28.94904],[-81.21525,28.95693],[-81.2152,28.96023],[-81.21104,28.95985],[-81.21109,28.95625],[-81.20708,28.95618],[-81.20702,28.95981],[-81.20292,28.95979],[-81.20299,28.95617],[-81.19874,28.95615],[-81.19883,28.96341],[-81.18741,28.96356],[-81.18217,28.96365],[-81.18218,28.94911],[-81.17819,28.94914],[-81.17403,28.94919],[-81.17402,28.94701],[-81.16978,28.94749],[-81.16973,28.94328],[-81.17405,28.94354],[-81.17411,28.93456],[-81.17391,28.91992],[-81.16561,28.91987],[-81.16561,28.91801],[-81.16569,28.89618],[-81.16568,28.89601],[-81.16232,28.89606],[-81.16235,28.89795],[-81.15198,28.89793],[-81.15195,28.89427],[-81.15599,28.89425],[-81.15598,28.89065],[-81.1519,28.89063],[-81.15178,28.87944],[-81.15628,28.87733],[-81.15726,28.87671],[-81.15893,28.87527],[-81.16164,28.87176],[-81.15586,28.87175],[-81.15586,28.8708],[-81.16216,28.87082],[-81.16229,28.87028],[-81.16232,28.86718],[-81.16542,28.86716],[-81.16573,28.85993],[-81.16961,28.85989],[-81.16955,28.85628],[-81.16537,28.85577],[-81.16217,28.85561],[-81.15979,28.85572],[-81.15982,28.85934],[-81.16222,28.85933],[-81.16225,28.86186],[-81.16018,28.86184],[-81.16018,28.86275],[-81.15711,28.86277],[-81.15703,28.86654],[-81.15004,28.86654],[-81.15152,28.86244],[-81.15164,28.84591],[-81.15508,28.84612],[-81.15568,28.84909],[-81.1557,28.85286],[-81.16214,28.85284],[-81.16214,28.8528],[-81.16534,28.85271],[-81.16539,28.85445],[-81.16956,28.85447],[-81.16957,28.85143],[-81.17096,28.85183],[-81.17095,28.84801],[-81.17229,28.84829],[-81.17229,28.85223],[-81.17374,28.85265],[-81.17372,28.85631],[-81.17793,28.85634],[-81.17793,28.85988],[-81.18209,28.85996],[-81.18203,28.85513],[-81.17797,28.85394],[-81.17796,28.84888],[-81.18194,28.84884],[-81.18192,28.84542],[-81.17985,28.84543],[-81.17787,28.84532],[-81.17633,28.84532],[-81.1763,28.84742],[-81.17631,28.84892],[-81.17383,28.84837],[-81.17381,28.84687],[-81.17253,28.84563],[-81.16535,28.84533],[-81.16534,28.84292],[-81.16749,28.84068],[-81.16745,28.8417],[-81.17637,28.84181],[-81.17639,28.83815],[-81.1779,28.83817],[-81.17788,28.83446],[-81.1741,28.83315],[-81.17661,28.83011],[-81.18488,28.8209],[-81.18557,28.82159],[-81.19079,28.83097],[-81.19227,28.83476],[-81.19048,28.83475],[-81.19059,28.83898],[-81.1943,28.83901],[-81.19351,28.83941],[-81.19354,28.84348],[-81.19061,28.84355],[-81.19061,28.84541],[-81.19049,28.84541],[-81.19043,28.85267],[-81.19461,28.85266],[-81.1946,28.8581],[-81.19214,28.85811],[-81.19042,28.85761],[-81.1904,28.85631],[-81.18622,28.85638],[-81.18943,28.85731],[-81.18944,28.85993],[-81.1863,28.85994],[-81.18631,28.86174],[-81.18838,28.86174],[-81.18837,28.86359],[-81.1863,28.8636],[-81.18631,28.86723],[-81.1904,28.86725],[-81.19041,28.87127],[-81.19454,28.87156],[-81.19472,28.87608],[-81.19645,28.87605],[-81.19985,28.8759],[-81.20277,28.87593],[-81.20283,28.87775],[-81.20475,28.87776],[-81.20472,28.87595],[-81.21109,28.87597],[-81.2111,28.87243],[-81.21266,28.873],[-81.21437,28.87212],[-81.21527,28.87157],[-81.21528,28.86724],[-81.22148,28.86752],[-81.22349,28.86725],[-81.22769,28.86731],[-81.22772,28.87118],[-81.22791,28.87122],[-81.22787,28.87161],[-81.22357,28.87162],[-81.22361,28.87601],[-81.2402,28.87586],[-81.23863,28.87269],[-81.24016,28.87264],[-81.24011,28.8672],[-81.23597,28.86721],[-81.23593,28.86345],[-81.24074,28.86382],[-81.2408,28.86714],[-81.24832,28.86711],[-81.24835,28.86961],[-81.25023,28.86933],[-81.25141,28.86817],[-81.25142,28.86637],[-81.24829,28.86481],[-81.25151,28.86189],[-81.2533,28.8632],[-81.25585,28.86444],[-81.25775,28.86514],[-81.25929,28.86506],[-81.25973,28.86534],[-81.25974,28.86942],[-81.2582,28.86944],[-81.25819,28.86831],[-81.25482,28.86847],[-81.25577,28.86959],[-81.2559,28.86964],[-81.25661,28.87042],[-81.25667,28.87674],[-81.2578,28.87578],[-81.26546,28.87579],[-81.26547,28.88305],[-81.26636,28.88437],[-81.26497,28.88398],[-81.26503,28.88491],[-81.26959,28.88486],[-81.26959,28.88304],[-81.27143,28.88303],[-81.27143,28.88146],[-81.27387,28.88228],[-81.27387,28.87981],[-81.26961,28.87986],[-81.2696,28.87578],[-81.27136,28.87576],[-81.27387,28.87574],[-81.27388,28.87653],[-81.27491,28.87652],[-81.27493,28.87936],[-81.27493,28.88306],[-81.27726,28.88301],[-81.27688,28.88227],[-81.27687,28.87817],[-81.27797,28.87816],[-81.27785,28.87202],[-81.27787,28.86999],[-81.27801,28.8694],[-81.2831,28.86819],[-81.28299,28.86927],[-81.28478,28.86798],[-81.28637,28.86867],[-81.31703,28.83812],[-81.31797,28.83635],[-81.3198,28.83453],[-81.32047,28.83453],[-81.32424,28.83762],[-81.32993,28.83904],[-81.33348,28.8404],[-81.33905,28.84518],[-81.34155,28.84705],[-81.34491,28.84633],[-81.34763,28.84622],[-81.35249,28.84723],[-81.35803,28.8478],[-81.35934,28.84894],[-81.35963,28.8503],[-81.3583,28.85193],[-81.35566,28.85334],[-81.35502,28.85457],[-81.355,28.858],[-81.35348,28.8592],[-81.35111,28.85811],[-81.35212,28.86232],[-81.35369,28.8631],[-81.35793,28.86403],[-81.36348,28.86473],[-81.36465,28.86569],[-81.36457,28.86744],[-81.36303,28.8699],[-81.36047,28.87052],[-81.36067,28.87246],[-81.36529,28.87652],[-81.36694,28.87923],[-81.36631,28.88],[-81.36417,28.8791],[-81.36305,28.87971],[-81.36537,28.88286],[-81.36596,28.88475],[-81.36612,28.88775],[-81.36453,28.89026]],[[-81.32877,29.04063],[-81.32658,29.0407],[-81.32665,29.04247],[-81.3288,29.04244],[-81.32877,29.04063]],[[-81.27545,28.90647],[-81.27716,28.90656],[-81.28008,28.90942],[-81.28514,28.90941],[-81.28514,28.91034],[-81.2894,28.91033],[-81.28929,28.90849],[-81.28625,28.90848],[-81.2857,28.90575],[-81.28626,28.90484],[-81.2821,28.90485],[-81.28001,28.90486],[-81.27594,28.90487],[-81.2759,28.90217],[-81.27422,28.90551],[-81.27545,28.90647]],[[-81.26988,28.93409],[-81.27407,28.9341],[-81.27401,28.92316],[-81.26988,28.92313],[-81.26961,28.91825],[-81.26458,28.93409],[-81.26568,28.93407],[-81.26571,28.93596],[-81.26985,28.93592],[-81.26988,28.93409]],[[-81.1821,28.84542],[-81.18637,28.84542],[-81.18635,28.84181],[-81.1821,28.84182],[-81.1821,28.84542]],[[-81.16248,28.89539],[-81.16567,28.8954],[-81.16565,28.89057],[-81.1624,28.8906],[-81.16248,28.89539]],[[-81.30002,28.93498],[-81.30167,28.93414],[-81.30096,28.93679],[-81.30301,28.9384],[-81.30562,28.93839],[-81.30614,28.93952],[-81.30717,28.93866],[-81.30718,28.93591],[-81.30515,28.93601],[-81.30516,28.93421],[-81.30721,28.93422],[-81.30717,28.93047],[-81.30351,28.92954],[-81.30858,28.92893],[-81.30762,28.93138],[-81.31137,28.93135],[-81.31137,28.9277],[-81.30712,28.92679],[-81.30319,28.9268],[-81.30108,28.92589],[-81.29986,28.92774],[-81.30026,28.92908],[-81.30002,28.93498]],[[-81.29476,28.92315],[-81.2948,28.91951],[-81.29305,28.91951],[-81.29257,28.92072],[-81.29257,28.92062],[-81.29058,28.92059],[-81.29057,28.92681],[-81.29229,28.9268],[-81.29227,28.92992],[-81.29542,28.92994],[-81.29465,28.93081],[-81.29742,28.93082],[-81.2982,28.92967],[-81.29878,28.92819],[-81.29875,28.92678],[-81.29776,28.92679],[-81.2979,28.9244],[-81.299,28.9244],[-81.30073,28.91861],[-81.29702,28.91882],[-81.29765,28.92126],[-81.29662,28.92135],[-81.29661,28.92454],[-81.2958,28.92315],[-81.29476,28.92315]],[[-81.28334,28.92864],[-81.28746,28.92865],[-81.28745,28.92686],[-81.28334,28.92683],[-81.28334,28.92864]],[[-81.30818,28.99907],[-81.30269,28.99904],[-81.3027,28.99989],[-81.30478,29.00073],[-81.30683,29.00074],[-81.30855,29.00083],[-81.30818,28.99907]],[[-81.3068,28.99672],[-81.30529,28.99651],[-81.30532,28.99879],[-81.3078,28.99878],[-81.30682,28.99811],[-81.3068,28.99672]],[[-81.30178,29.04283],[-81.29977,29.04284],[-81.2956,29.04292],[-81.29572,29.04607],[-81.29166,29.04666],[-81.29151,29.04421],[-81.29101,29.04422],[-81.29095,29.043],[-81.28809,29.04305],[-81.28729,29.04348],[-81.2876,29.04669],[-81.2902,29.04669],[-81.29115,29.04801],[-81.29006,29.04824],[-81.28962,29.05027],[-81.29161,29.05025],[-81.29229,29.05094],[-81.29193,29.05476],[-81.29424,29.05471],[-81.29421,29.05385],[-81.29597,29.05329],[-81.29599,29.05382],[-81.29798,29.05381],[-81.29794,29.05249],[-81.30007,29.05244],[-81.30073,29.05472],[-81.30118,29.05471],[-81.30276,29.05282],[-81.30411,29.05279],[-81.30315,29.05056],[-81.30162,29.04947],[-81.30204,29.04828],[-81.30342,29.0487],[-81.30388,29.04518],[-81.30184,29.04462],[-81.30178,29.04283]],[[-81.30255,29.05912],[-81.30303,29.05841],[-81.30159,29.05795],[-81.30158,29.05738],[-81.30041,29.0574],[-81.30153,29.05795],[-81.30157,29.05914],[-81.30255,29.05912]],[[-81.30028,28.99309],[-81.30199,28.99305],[-81.30063,28.9918],[-81.30207,28.99202],[-81.30194,28.9916],[-81.29977,28.99074],[-81.29471,28.99126],[-81.29337,28.99039],[-81.29255,28.98944],[-81.2925,28.98447],[-81.28996,28.9845],[-81.28992,28.98272],[-81.28892,28.98271],[-81.28895,28.98451],[-81.2879,28.98453],[-81.28791,28.98097],[-81.28576,28.98099],[-81.2858,28.98263],[-81.28192,28.98268],[-81.28149,28.97727],[-81.27734,28.97728],[-81.27753,28.98462],[-81.27777,28.99186],[-81.28601,28.99171],[-81.28601,28.99356],[-81.28399,28.99358],[-81.28395,28.99541],[-81.28198,28.99543],[-81.2821,28.99896],[-81.28313,28.99894],[-81.28326,29.00089],[-81.28518,29.00086],[-81.28514,28.99893],[-81.2892,28.99888],[-81.29032,28.99887],[-81.29039,29.00251],[-81.29453,29.00252],[-81.29506,29.00624],[-81.29461,29.00627],[-81.29674,29.00718],[-81.29667,29.00625],[-81.29559,29.00625],[-81.29664,29.00443],[-81.29658,29.00154],[-81.29863,29.00152],[-81.30071,29.00077],[-81.30067,28.99894],[-81.30007,28.99894],[-81.30032,28.9952],[-81.30108,28.99712],[-81.3024,28.99713],[-81.30237,28.99488],[-81.30092,28.99488],[-81.30092,28.99427],[-81.29848,28.99428],[-81.29847,28.99347],[-81.30029,28.99345],[-81.30028,28.99309]],[[-81.27823,28.99906],[-81.27376,28.99965],[-81.2737,28.99552],[-81.26951,28.99556],[-81.26947,28.99464],[-81.26535,28.99465],[-81.26557,29.0011],[-81.26767,29.00109],[-81.26773,29.00305],[-81.26563,29.00308],[-81.26568,29.00676],[-81.26986,29.00669],[-81.26987,29.00855],[-81.272,29.00848],[-81.27204,29.01032],[-81.27404,29.01037],[-81.2741,29.01222],[-81.26997,29.01229],[-81.26994,29.0142],[-81.27386,29.01453],[-81.27424,29.01761],[-81.2789,29.01795],[-81.27838,29.01931],[-81.28253,29.01842],[-81.28249,29.01574],[-81.28042,29.01576],[-81.28038,29.01397],[-81.28244,29.01395],[-81.28235,29.00833],[-81.27606,29.00843],[-81.27603,29.00656],[-81.27406,29.0066],[-81.27402,29.00474],[-81.27593,29.00471],[-81.27585,29.00187],[-81.27805,29.00183],[-81.27807,29.0027],[-81.28221,29.00269],[-81.2821,28.99896],[-81.27823,28.99906]],[[-81.2958,29.01199],[-81.2968,29.01198],[-81.29704,29.0116],[-81.29704,29.01383],[-81.2989,29.01382],[-81.29951,29.0138],[-81.2978,29.011],[-81.29471,29.01102],[-81.29276,29.01195],[-81.29299,29.01388],[-81.29583,29.01385],[-81.2958,29.01199]],[[-81.29821,29.05742],[-81.29497,29.05747],[-81.29608,29.05573],[-81.29398,29.05564],[-81.29371,29.05933],[-81.29824,29.05929],[-81.29821,29.05742]],[[-81.28835,29.00539],[-81.28637,29.00541],[-81.28639,29.00626],[-81.28233,29.00637],[-81.28235,29.00827],[-81.28644,29.0082],[-81.28648,29.01005],[-81.29063,29.01107],[-81.29116,29.00965],[-81.28852,29.00916],[-81.28849,29.00817],[-81.29049,29.00814],[-81.29048,29.00618],[-81.28838,29.00622],[-81.28835,29.00539]],[[-81.27001,29.01773],[-81.27003,29.01861],[-81.27273,29.01858],[-81.27427,29.01886],[-81.27424,29.01768],[-81.27001,29.01773]],[[-81.2714,28.98827],[-81.2735,28.98828],[-81.27337,28.98464],[-81.26762,28.98467],[-81.26724,28.98827],[-81.26936,28.98827],[-81.26933,28.98645],[-81.27133,28.98646],[-81.2714,28.98827]]],[[[-81.29654,28.999],[-81.29658,29.00154],[-81.29443,29.00161],[-81.29443,29.00074],[-81.29243,29.0007],[-81.29239,28.99887],[-81.29536,28.99902],[-81.29654,28.999]]],[[[-81.32488,29.01524],[-81.32481,29.0156],[-81.32486,29.01705],[-81.32441,29.01706],[-81.3244,29.01643],[-81.32387,29.01645],[-81.32384,29.01525],[-81.32488,29.01524]]],[[[-80.97031,29.01691],[-80.96977,29.01855],[-80.96863,29.0164],[-80.97034,29.01597],[-80.97171,29.01597],[-80.97031,29.01691]]],[[[-80.97325,29.03032],[-80.97432,29.03032],[-80.97436,29.03114],[-80.97178,29.03119],[-80.97169,29.02755],[-80.97317,29.02752],[-80.97322,29.02888],[-80.97428,29.02886],[-80.97431,29.02989],[-80.97325,29.03032]]],[[[-80.97239,29.0479],[-80.97279,29.04679],[-80.97324,29.0475],[-80.97432,29.04854],[-80.97314,29.0491],[-80.97239,29.0479]]],[[[-80.98732,29.05879],[-80.98615,29.05879],[-80.98612,29.05643],[-80.98756,29.05642],[-80.98712,29.05857],[-80.98732,29.05879]]],[[[-80.99922,29.0615],[-81.00138,29.06148],[-81.00144,29.06334],[-80.99928,29.06337],[-80.99922,29.0615]]],[[[-81.1435,29.12696],[-81.14348,29.1197],[-81.13502,29.1199],[-81.1517,29.10232],[-81.15183,29.13263],[-81.14431,29.13503],[-81.14354,29.13526],[-81.14358,29.13058],[-81.14764,29.13025],[-81.1476,29.12662],[-81.1435,29.12696]]],[[[-81.11847,29.1442],[-81.1186,29.13949],[-81.11887,29.13808],[-81.12176,29.13424],[-81.12716,29.12887],[-81.12724,29.13686],[-81.12568,29.13687],[-81.12572,29.13962],[-81.1272,29.1396],[-81.12719,29.14031],[-81.12391,29.14135],[-81.12077,29.14269],[-81.11847,29.1442]]],[[[-81.17457,29.23557],[-81.17437,29.239],[-81.17284,29.24096],[-81.17257,29.24534],[-81.17372,29.24829],[-81.17457,29.249],[-81.17471,29.25849],[-81.17342,29.25851],[-81.17352,29.26228],[-81.17082,29.26124],[-81.16845,29.25943],[-81.16953,29.25868],[-81.1695,29.25727],[-81.16824,29.25729],[-81.16801,29.25894],[-81.16473,29.2564],[-81.16323,29.25568],[-81.15466,29.25453],[-81.15465,29.25363],[-81.15643,29.25359],[-81.15641,29.25249],[-81.15462,29.25253],[-81.15451,29.25451],[-81.13979,29.25278],[-81.13992,29.25199],[-81.13819,29.25178],[-81.13726,29.25246],[-81.13726,29.25265],[-81.15018,29.25448],[-81.15028,29.25859],[-81.15396,29.2585],[-81.1539,29.2566],[-81.15462,29.25502],[-81.16124,29.25583],[-81.16423,29.25673],[-81.16972,29.26095],[-81.1717,29.26218],[-81.17312,29.26259],[-81.17654,29.26229],[-81.19451,29.25555],[-81.19537,29.2561],[-81.1958,29.26478],[-81.15008,29.26596],[-81.15022,29.27056],[-81.15038,29.27589],[-81.15255,29.34652],[-81.14972,29.34654],[-81.14571,29.34359],[-81.14574,29.34657],[-81.13124,29.33588],[-81.13105,29.33322],[-81.13099,29.33594],[-81.13032,29.33546],[-81.12799,29.33756],[-81.12792,29.33576],[-81.12654,29.33511],[-81.12843,29.33496],[-81.1259,29.334],[-81.12559,29.33485],[-81.12567,29.33936],[-81.13035,29.33937],[-81.13046,29.34658],[-81.13116,29.34958],[-81.13648,29.36166],[-81.13675,29.3687],[-81.13503,29.36872],[-81.133,29.36659],[-81.12701,29.36567],[-81.1248,29.36595],[-81.12089,29.35979],[-81.12028,29.35921],[-81.11756,29.35361],[-81.11263,29.34323],[-81.11926,29.34308],[-81.11885,29.33247],[-81.12424,29.33228],[-81.12522,29.33381],[-81.12639,29.33259],[-81.12459,29.33118],[-81.12391,29.33221],[-81.11889,29.33239],[-81.12064,29.33055],[-81.11924,29.32936],[-81.12088,29.32837],[-81.11764,29.32607],[-81.11548,29.3283],[-81.11347,29.33038],[-81.10818,29.32649],[-81.1111,29.3328],[-81.11105,29.33432],[-81.10869,29.33537],[-81.10705,29.33705],[-81.09454,29.34475],[-81.09345,29.34491],[-81.09298,29.34638],[-81.09559,29.34905],[-81.09194,29.34822],[-81.0908,29.34977],[-81.09542,29.3571],[-81.09543,29.35811],[-81.0948,29.35948],[-81.09244,29.35997],[-81.08645,29.36121],[-81.08288,29.35558],[-81.07738,29.35585],[-81.07814,29.35779],[-81.08328,29.37035],[-81.08223,29.3686],[-81.07771,29.35797],[-81.07767,29.35802],[-81.07235,29.3443],[-81.0685,29.33504],[-81.06698,29.3316],[-81.06634,29.3297],[-81.06518,29.32482],[-81.06403,29.32267],[-81.06119,29.31731],[-81.06044,29.31726],[-81.06033,29.31696],[-81.05621,29.31697],[-81.05621,29.31729],[-81.05107,29.31734],[-81.04669,29.30788],[-81.04668,29.30786],[-81.04354,29.30163],[-81.04307,29.3007],[-81.03765,29.28993],[-81.03589,29.28642],[-81.03312,29.28093],[-81.02709,29.26894],[-81.02699,29.26876],[-81.02049,29.25585],[-81.02042,29.2557],[-81.01394,29.24284],[-81.00983,29.23467],[-81.00622,29.2275],[-81.00612,29.22729],[-81.00273,29.22056],[-81.00361,29.22012],[-81.00005,29.21237],[-80.99673,29.2056],[-80.99816,29.20554],[-80.99599,29.2006],[-80.99643,29.20044],[-80.99573,29.20019],[-80.99567,29.20022],[-80.99627,29.19856],[-80.99418,29.195],[-80.99303,29.1948],[-80.99229,29.1924],[-80.99133,29.19188],[-80.98763,29.1838],[-80.98966,29.18262],[-80.98921,29.18169],[-80.99141,29.18155],[-80.98993,29.17988],[-80.98488,29.17987],[-80.98305,29.17621],[-80.9836,29.17561],[-80.98446,29.17564],[-80.99081,29.17315],[-80.99259,29.17593],[-80.99369,29.17765],[-80.99459,29.17965],[-80.9986,29.18773],[-81.00853,29.18366],[-81.01076,29.18268],[-81.01124,29.1824],[-81.01652,29.18015],[-81.02845,29.17525],[-81.02761,29.17355],[-81.02781,29.17346],[-81.02718,29.17252],[-81.02842,29.17251],[-81.0337,29.1703],[-81.03328,29.16953],[-81.02792,29.17178],[-81.02737,29.17079],[-81.02642,29.17118],[-81.02533,29.16919],[-81.02611,29.16885],[-81.03166,29.16652],[-81.03038,29.16421],[-81.03001,29.16362],[-81.02374,29.16608],[-81.02352,29.16548],[-81.02344,29.16259],[-81.02831,29.16056],[-81.03016,29.16356],[-81.03231,29.16271],[-81.03516,29.16157],[-81.03519,29.1666],[-81.03796,29.16657],[-81.03791,29.16118],[-81.03855,29.1588],[-81.03545,29.1588],[-81.0355,29.15489],[-81.03734,29.15488],[-81.03735,29.15489],[-81.04491,29.15491],[-81.04496,29.14694],[-81.04499,29.14171],[-81.0519,29.14176],[-81.05383,29.14151],[-81.05668,29.13985],[-81.04949,29.13394],[-81.04723,29.13108],[-81.05201,29.13107],[-81.05084,29.12889],[-81.05802,29.12886],[-81.06143,29.13186],[-81.06436,29.13591],[-81.06685,29.13589],[-81.07638,29.13583],[-81.07845,29.14221],[-81.08297,29.15217],[-81.07544,29.15533],[-81.07404,29.15281],[-81.07447,29.15438],[-81.07438,29.15605],[-81.07427,29.16536],[-81.0805,29.16481],[-81.08275,29.16832],[-81.08265,29.168],[-81.08684,29.16623],[-81.08705,29.16701],[-81.08808,29.16595],[-81.09068,29.16403],[-81.08988,29.16136],[-81.08539,29.16144],[-81.08523,29.16086],[-81.08816,29.1608],[-81.08792,29.16001],[-81.085,29.16002],[-81.08391,29.1557],[-81.08841,29.1556],[-81.08842,29.15423],[-81.08826,29.15366],[-81.08571,29.15127],[-81.08774,29.15042],[-81.09383,29.14784],[-81.0953,29.15363],[-81.09425,29.15364],[-81.09384,29.15621],[-81.09388,29.16198],[-81.09645,29.16013],[-81.09636,29.15011],[-81.09882,29.15009],[-81.09897,29.15834],[-81.11088,29.14986],[-81.10264,29.15006],[-81.10262,29.1463],[-81.09828,29.14635],[-81.11844,29.13766],[-81.11828,29.14214],[-81.11768,29.14397],[-81.11468,29.14684],[-81.11486,29.14776],[-81.11518,29.14995],[-81.11523,29.15708],[-81.12349,29.15699],[-81.1232,29.1498],[-81.11559,29.14995],[-81.11554,29.14746],[-81.12321,29.1435],[-81.12717,29.14374],[-81.12719,29.14188],[-81.12985,29.14124],[-81.13633,29.13901],[-81.13953,29.14509],[-81.1414,29.14437],[-81.14238,29.14624],[-81.14591,29.14506],[-81.14671,29.14742],[-81.1541,29.1473],[-81.15405,29.1553],[-81.15611,29.15528],[-81.14817,29.15602],[-81.14821,29.15965],[-81.15028,29.15963],[-81.1503,29.16144],[-81.15252,29.16142],[-81.15245,29.15612],[-81.15615,29.15609],[-81.15625,29.16318],[-81.16461,29.16317],[-81.1645,29.17793],[-81.16872,29.1779],[-81.16869,29.18518],[-81.17291,29.18514],[-81.17288,29.19244],[-81.21077,29.19168],[-81.21133,29.21336],[-81.20731,29.2134],[-81.20727,29.22059],[-81.17777,29.22112],[-81.17785,29.22862],[-81.1698,29.22889],[-81.17226,29.23317],[-81.17457,29.23557]],[[-81.12885,29.2406],[-81.12881,29.23666],[-81.13298,29.2366],[-81.13282,29.23295],[-81.12456,29.23313],[-81.12444,29.2295],[-81.12034,29.22967],[-81.12054,29.23684],[-81.11625,29.23693],[-81.11631,29.23951],[-81.11788,29.24092],[-81.1205,29.24093],[-81.12056,29.24452],[-81.12168,29.24515],[-81.1218,29.24722],[-81.12192,29.24924],[-81.11992,29.24821],[-81.11638,29.24832],[-81.11647,29.25231],[-81.11877,29.25039],[-81.12151,29.24984],[-81.12041,29.25161],[-81.1206,29.2538],[-81.12386,29.25361],[-81.12325,29.25483],[-81.12077,29.2555],[-81.12088,29.261],[-81.11914,29.2615],[-81.11847,29.26261],[-81.12295,29.26044],[-81.12323,29.25774],[-81.12664,29.25746],[-81.12902,29.25685],[-81.12826,29.25428],[-81.12642,29.25399],[-81.12222,29.25267],[-81.127,29.25207],[-81.12722,29.25085],[-81.12912,29.25131],[-81.12907,29.24976],[-81.12906,29.2413],[-81.12468,29.24139],[-81.12467,29.24071],[-81.12885,29.2406]],[[-81.1088,29.23669],[-81.10768,29.23715],[-81.10866,29.23713],[-81.11156,29.24549],[-81.11222,29.24742],[-81.1095,29.24996],[-81.11254,29.24833],[-81.11377,29.25188],[-81.11242,29.25324],[-81.11287,29.25423],[-81.11447,29.25387],[-81.11423,29.25232],[-81.11473,29.25232],[-81.11171,29.24312],[-81.11219,29.2409],[-81.10949,29.23668],[-81.1088,29.23669]],[[-81.10906,29.25179],[-81.10917,29.25198],[-81.10914,29.25253],[-81.10924,29.25299],[-81.10949,29.25305],[-81.10965,29.25336],[-81.11058,29.25362],[-81.11059,29.25376],[-81.112,29.25357],[-81.11199,29.2531],[-81.11097,29.25185],[-81.11024,29.2522],[-81.10978,29.25192],[-81.10852,29.25048],[-81.10834,29.25062],[-81.10851,29.25102],[-81.10848,29.25154],[-81.10906,29.25179]],[[-81.10705,29.25192],[-81.10738,29.25106],[-81.10705,29.25086],[-81.10608,29.25067],[-81.1056,29.25157],[-81.10463,29.25165],[-81.1043,29.25422],[-81.10365,29.25524],[-81.10514,29.25756],[-81.10779,29.25827],[-81.11084,29.25519],[-81.10973,29.25532],[-81.10808,29.25417],[-81.10762,29.2538],[-81.10818,29.25267],[-81.10768,29.25172],[-81.10705,29.25192]],[[-81.08726,29.24614],[-81.08904,29.24604],[-81.08901,29.24515],[-81.08722,29.24511],[-81.087,29.23724],[-81.0839,29.23729],[-81.08394,29.2391],[-81.08591,29.23934],[-81.08618,29.24512],[-81.07756,29.24525],[-81.0758,29.24526],[-81.07551,29.24493],[-81.07581,29.24111],[-81.07457,29.24112],[-81.07451,29.23749],[-81.06998,29.23751],[-81.07003,29.23385],[-81.07019,29.23051],[-81.0683,29.23032],[-81.06684,29.22718],[-81.06446,29.22815],[-81.06566,29.23033],[-81.0633,29.23034],[-81.06372,29.23113],[-81.05804,29.23388],[-81.05692,29.23335],[-81.05603,29.23276],[-81.05559,29.2319],[-81.05659,29.23147],[-81.05566,29.22973],[-81.0573,29.22853],[-81.0561,29.22773],[-81.05252,29.22921],[-81.04913,29.23063],[-81.04822,29.22814],[-81.05023,29.22739],[-81.0508,29.22846],[-81.05185,29.22803],[-81.04999,29.22457],[-81.04987,29.2245],[-81.04964,29.22408],[-81.04956,29.2241],[-81.0493,29.22347],[-81.04165,29.2267],[-81.03579,29.22917],[-81.03373,29.22547],[-81.03364,29.22552],[-81.02985,29.22708],[-81.02678,29.2285],[-81.0285,29.23068],[-81.02359,29.23269],[-81.02387,29.23326],[-81.0265,29.23798],[-81.03138,29.24675],[-81.04071,29.2635],[-81.04675,29.26119],[-81.04679,29.26165],[-81.04681,29.2618],[-81.04736,29.26175],[-81.04763,29.26224],[-81.04819,29.26202],[-81.04874,29.26248],[-81.04936,29.26254],[-81.05032,29.26233],[-81.04981,29.26141],[-81.05014,29.26133],[-81.05047,29.26245],[-81.04936,29.26267],[-81.04798,29.26255],[-81.04733,29.26285],[-81.04911,29.2639],[-81.05083,29.26793],[-81.05251,29.26722],[-81.05174,29.26574],[-81.05319,29.265],[-81.05316,29.26696],[-81.055,29.2661],[-81.05581,29.26601],[-81.05313,29.2611],[-81.05525,29.26021],[-81.05571,29.26103],[-81.05773,29.26067],[-81.05768,29.25939],[-81.0603,29.25949],[-81.06488,29.25775],[-81.06507,29.25807],[-81.07236,29.25504],[-81.07283,29.25591],[-81.07506,29.25996],[-81.07684,29.26318],[-81.08062,29.26175],[-81.08171,29.26378],[-81.08308,29.26383],[-81.08312,29.26242],[-81.08311,29.26026],[-81.08726,29.26008],[-81.09168,29.26003],[-81.09162,29.25277],[-81.09087,29.25275],[-81.09086,29.25245],[-81.08744,29.25284],[-81.08726,29.24614]],[[-81.09049,29.15815],[-81.09015,29.15848],[-81.0902,29.15881],[-81.09045,29.15881],[-81.09352,29.15877],[-81.09351,29.15538],[-81.0895,29.15542],[-81.08986,29.15617],[-81.09002,29.15644],[-81.09082,29.15723],[-81.09077,29.15757],[-81.09049,29.15786],[-81.09049,29.15815]],[[-81.08691,29.16916],[-81.08664,29.16967],[-81.08836,29.17036],[-81.08732,29.16746],[-81.08647,29.16899],[-81.08691,29.16916]],[[-81.07411,29.1496],[-81.07455,29.15036],[-81.08069,29.15031],[-81.08068,29.14953],[-81.07483,29.14959],[-81.07411,29.1496]],[[-81.07685,29.24055],[-81.07774,29.23933],[-81.07584,29.23934],[-81.07649,29.2411],[-81.07685,29.24055]],[[-81.07303,29.14637],[-81.07205,29.14401],[-81.07012,29.1443],[-81.07145,29.14661],[-81.07303,29.14637]],[[-81.07021,29.1731],[-81.07017,29.17112],[-81.06921,29.17113],[-81.06927,29.17338],[-81.07021,29.1731]],[[-81.06806,29.17371],[-81.06865,29.17355],[-81.06749,29.17132],[-81.06692,29.17154],[-81.06806,29.17371]],[[-81.06527,29.1722],[-81.06583,29.17347],[-81.0665,29.1733],[-81.06748,29.17387],[-81.06634,29.17177],[-81.06527,29.1722]],[[-81.06464,29.17466],[-81.06373,29.17287],[-81.06048,29.17416],[-81.0605,29.17582],[-81.06464,29.17466]],[[-81.06264,29.22891],[-81.06083,29.22568],[-81.05782,29.22697],[-81.05998,29.23004],[-81.06264,29.22891]],[[-81.03867,29.15805],[-81.03869,29.15884],[-81.03951,29.15883],[-81.03951,29.15759],[-81.03862,29.15759],[-81.03867,29.15805]],[[-81.13154,29.31028],[-81.13222,29.31018],[-81.13458,29.31007],[-81.13409,29.29533],[-81.12925,29.29543],[-81.12577,29.29566],[-81.12608,29.30289],[-81.12197,29.30301],[-81.1222,29.31039],[-81.13154,29.31028]],[[-81.12987,29.29198],[-81.13399,29.29173],[-81.13387,29.28819],[-81.12978,29.2883],[-81.12987,29.29198]],[[-81.12976,29.28738],[-81.13386,29.28726],[-81.13385,29.28635],[-81.12974,29.28648],[-81.12976,29.28738]],[[-81.12962,29.28105],[-81.12968,29.28384],[-81.1333,29.28372],[-81.13383,29.2837],[-81.1338,29.28093],[-81.12962,29.28105]],[[-81.12182,29.27034],[-81.12204,29.27399],[-81.12475,29.28119],[-81.12537,29.2776],[-81.12954,29.27744],[-81.12908,29.27389],[-81.13361,29.27384],[-81.13347,29.26909],[-81.13021,29.26922],[-81.12852,29.26769],[-81.1293,29.26645],[-81.12506,29.26657],[-81.12514,29.27025],[-81.12182,29.27034]],[[-81.12313,29.33777],[-81.12312,29.337],[-81.12195,29.33702],[-81.12191,29.33628],[-81.12081,29.33632],[-81.12087,29.33733],[-81.12198,29.33781],[-81.12313,29.33777]],[[-81.11694,29.27408],[-81.11865,29.27395],[-81.11855,29.2705],[-81.11688,29.27052],[-81.11694,29.27408]],[[-81.11802,29.31259],[-81.1133,29.3116],[-81.11127,29.3184],[-81.11845,29.32371],[-81.11745,29.31448],[-81.11802,29.31259]],[[-81.11242,29.26699],[-81.11247,29.26699],[-81.11256,29.26692],[-81.11254,29.26686],[-81.11252,29.26683],[-81.1126,29.26688],[-81.11265,29.26689],[-81.11243,29.25993],[-81.11108,29.25995],[-81.10734,29.26336],[-81.10863,29.26432],[-81.10903,29.26704],[-81.11242,29.26699]],[[-81.11201,29.3219],[-81.10986,29.32412],[-81.11048,29.32456],[-81.11112,29.3239],[-81.11183,29.32317],[-81.11261,29.32236],[-81.11201,29.3219]],[[-81.10355,29.31389],[-81.10481,29.31285],[-81.10108,29.3094],[-81.09978,29.31037],[-81.09398,29.30522],[-81.0953,29.3104],[-81.09458,29.3133],[-81.09195,29.31303],[-81.09019,29.31593],[-81.09147,29.31676],[-81.10346,29.31944],[-81.10462,29.3185],[-81.10629,29.32004],[-81.10866,29.32055],[-81.1077,29.3197],[-81.10867,29.31894],[-81.10583,29.31626],[-81.10724,29.31511],[-81.10553,29.31348],[-81.10422,29.31451],[-81.10411,29.31441],[-81.10355,29.31389]]],[[[-81.1396,29.34665],[-81.14546,29.34657],[-81.14667,29.34746],[-81.13964,29.34757],[-81.1396,29.34665]]],[[[-81.15256,29.35134],[-81.14616,29.34656],[-81.14722,29.34516],[-81.15263,29.34913],[-81.15267,29.35041],[-81.15256,29.35134]]],[[[-81.13541,29.33972],[-81.13548,29.34571],[-81.13592,29.3464],[-81.13629,29.35995],[-81.13167,29.3493],[-81.13122,29.34779],[-81.13112,29.34127],[-81.13273,29.33755],[-81.13326,29.3376],[-81.13575,29.33933],[-81.13541,29.33972]]],[[[-81.1494,29.35198],[-81.15076,29.35049],[-81.15258,29.35184],[-81.15267,29.3539],[-81.14877,29.35389],[-81.1494,29.35198]]],[[[-80.88538,28.96357],[-80.88484,28.96042],[-80.88569,28.95993],[-80.88452,28.95993],[-80.8817,28.95609],[-80.8753,28.94984],[-80.87369,28.94668],[-80.87387,28.94662],[-80.88107,28.94424],[-80.88064,28.94176],[-80.88169,28.94142],[-80.88087,28.93932],[-80.87747,28.93864],[-80.87567,28.93924],[-80.87531,28.93848],[-80.8693,28.94051],[-80.86887,28.93977],[-80.86809,28.93796],[-80.86803,28.93638],[-80.86886,28.93575],[-80.87004,28.93775],[-80.87749,28.93534],[-80.87825,28.93397],[-80.8775,28.93245],[-80.87499,28.93292],[-80.87368,28.93163],[-80.86808,28.93352],[-80.86735,28.93316],[-80.86832,28.93245],[-80.86591,28.92953],[-80.86407,28.92427],[-80.86341,28.92363],[-80.86355,28.92145],[-80.87096,28.91887],[-80.86339,28.92124],[-80.86142,28.91835],[-80.86258,28.91744],[-80.8662,28.91618],[-80.86707,28.91497],[-80.86794,28.9168],[-80.86613,28.91805],[-80.86645,28.91871],[-80.86928,28.91775],[-80.86859,28.91563],[-80.86932,28.91538],[-80.86765,28.91193],[-80.8662,28.91099],[-80.86234,28.91268],[-80.86266,28.91351],[-80.86005,28.91442],[-80.85913,28.91191],[-80.86667,28.90934],[-80.86382,28.90183],[-80.85607,28.90481],[-80.85543,28.90385],[-80.86246,28.90141],[-80.86367,28.90081],[-80.86542,28.90551],[-80.86616,28.90474],[-80.86851,28.90475],[-80.86851,28.90735],[-80.86612,28.90732],[-80.86644,28.90812],[-80.87467,28.90796],[-80.87778,28.91442],[-80.87445,28.91453],[-80.87446,28.9152],[-80.87065,28.91532],[-80.87129,28.91666],[-80.87474,28.91646],[-80.87829,28.91546],[-80.88138,28.92213],[-80.88136,28.92555],[-80.88199,28.92833],[-80.88972,28.92567],[-80.89123,28.92907],[-80.89303,28.92861],[-80.89297,28.92908],[-80.89397,28.92909],[-80.89392,28.92541],[-80.89868,28.92531],[-80.90204,28.93248],[-80.90732,28.93065],[-80.91603,28.95051],[-80.91761,28.94999],[-80.91992,28.95532],[-80.92144,28.95809],[-80.92274,28.95838],[-80.92581,28.95736],[-80.92515,28.95582],[-80.92721,28.95516],[-80.92651,28.95353],[-80.93278,28.95147],[-80.93088,28.94715],[-80.93961,28.9471],[-80.9396,28.9462],[-80.94172,28.94619],[-80.94171,28.94528],[-80.94327,28.94527],[-80.94382,28.9468],[-80.94417,28.93611],[-80.93926,28.92541],[-80.93578,28.9142],[-80.94151,28.9132],[-80.95176,28.91316],[-80.9519,28.93088],[-80.95576,28.93121],[-80.95772,28.92985],[-80.95909,28.92788],[-80.96089,28.9271],[-80.96411,28.93074],[-80.96327,28.93436],[-80.9647,28.93587],[-80.97047,28.93541],[-80.97096,28.9508],[-80.99058,28.95081],[-80.99213,28.95067],[-81.00413,28.95049],[-81.00413,28.95138],[-81.0062,28.95137],[-81.0062,28.95047],[-81.02051,28.95025],[-81.02056,28.9757],[-81.02391,28.97561],[-81.03879,28.97535],[-81.03882,28.97653],[-81.04098,28.97649],[-81.04095,28.97885],[-81.0389,28.97888],[-81.03894,28.98071],[-81.04099,28.98064],[-81.04134,28.99687],[-81.04176,29.01161],[-81.04176,29.01177],[-81.04279,29.05091],[-81.04269,29.05092],[-81.03995,29.05116],[-81.03266,29.05007],[-81.03032,29.04947],[-81.01491,29.04695],[-81.0073,29.04756],[-81.00698,29.04759],[-81.00666,29.04412],[-81.00614,29.04442],[-81.00405,29.04648],[-81.00303,29.0471],[-81.00256,29.04772],[-81.0021,29.04721],[-81.0012,29.04474],[-81.00127,29.05256],[-80.99771,29.05254],[-80.99768,29.05139],[-80.99907,29.05115],[-80.99791,29.05061],[-80.99667,29.05235],[-80.99599,29.05178],[-80.99639,29.04896],[-80.99298,29.04913],[-80.9856,29.05207],[-80.98515,29.05643],[-80.98391,29.05733],[-80.98336,29.05456],[-80.98471,29.05457],[-80.9847,29.05249],[-80.98027,29.05452],[-80.98029,29.05648],[-80.97942,29.05648],[-80.9798,29.06012],[-80.98462,29.06005],[-80.98466,29.06368],[-80.98048,29.06377],[-80.98055,29.068],[-80.97989,29.06835],[-80.97222,29.07236],[-80.97222,29.07058],[-80.96667,29.07046],[-80.96747,29.07593],[-80.9682,29.07772],[-80.97023,29.08059],[-80.96708,29.08416],[-80.96856,29.08652],[-80.9702,29.08967],[-80.96908,29.092],[-80.96775,29.09353],[-80.9694,29.09411],[-80.96845,29.09807],[-80.9677,29.09952],[-80.97025,29.10304],[-80.96872,29.10457],[-80.96767,29.10531],[-80.96891,29.10838],[-80.96903,29.1108],[-80.97153,29.11371],[-80.96068,29.1183],[-80.9598,29.11867],[-80.95111,29.12233],[-80.94438,29.11086],[-80.9383,29.10276],[-80.92994,29.09162],[-80.9241,29.08523],[-80.91788,29.07843],[-80.91416,29.07549],[-80.91351,29.07497],[-80.91222,29.07395],[-80.90959,29.07092],[-80.90727,29.06426],[-80.90546,29.06076],[-80.90747,29.05969],[-80.90589,29.05669],[-80.90489,29.05644],[-80.90033,29.04763],[-80.89501,29.03851],[-80.89406,29.03883],[-80.89309,29.03694],[-80.88935,29.03067],[-80.88928,29.03055],[-80.88216,29.01859],[-80.87799,29.01159],[-80.87708,29.01022],[-80.87484,29.00686],[-80.87406,29.00327],[-80.87269,29.00153],[-80.87155,28.99961],[-80.86756,28.99327],[-80.86744,28.99304],[-80.86998,28.99296],[-80.86969,28.9925],[-80.87007,28.99232],[-80.87018,28.99251],[-80.87056,28.99232],[-80.87067,28.9925],[-80.8703,28.99269],[-80.87047,28.99297],[-80.8743,28.99292],[-80.87636,28.99277],[-80.90143,28.99234],[-80.89681,28.98398],[-80.89048,28.97256],[-80.88538,28.96357]],[[-80.96465,28.97672],[-80.95784,28.97686],[-80.95794,28.97848],[-80.95481,28.97854],[-80.95469,28.97819],[-80.9546,28.97686],[-80.95183,28.97679],[-80.95199,28.97322],[-80.95008,28.96864],[-80.95069,28.96483],[-80.94909,28.96035],[-80.94663,28.96103],[-80.94307,28.96161],[-80.94048,28.95581],[-80.93698,28.95692],[-80.93601,28.95435],[-80.93426,28.95512],[-80.93496,28.95673],[-80.93344,28.95723],[-80.93291,28.95605],[-80.93006,28.9582],[-80.93175,28.96194],[-80.92912,28.96284],[-80.92882,28.96216],[-80.92637,28.96298],[-80.92576,28.96163],[-80.92375,28.9634],[-80.9167,28.96583],[-80.92055,28.97397],[-80.92648,28.97205],[-80.92979,28.97999],[-80.93056,28.98132],[-80.93293,28.98058],[-80.93365,28.98214],[-80.93722,28.98141],[-80.93784,28.98177],[-80.9411,28.98062],[-80.94253,28.98448],[-80.94411,28.98561],[-80.94252,28.98625],[-80.94258,28.98766],[-80.93972,28.98853],[-80.93955,28.98983],[-80.94094,28.99126],[-80.94406,28.99019],[-80.94436,28.99091],[-80.94212,28.99161],[-80.94055,28.99633],[-80.94238,28.99679],[-80.9408,28.99984],[-80.93877,29.00204],[-80.93529,28.99386],[-80.93982,28.99237],[-80.93956,28.99169],[-80.93505,28.99326],[-80.93388,28.99055],[-80.93727,28.98942],[-80.93593,28.98627],[-80.93729,28.98503],[-80.93497,28.9859],[-80.93381,28.9832],[-80.92527,28.9857],[-80.92692,28.99209],[-80.92867,28.99233],[-80.93165,28.9994],[-80.93233,28.99918],[-80.93177,28.99961],[-80.93139,28.9998],[-80.93251,29.00254],[-80.93503,29.00258],[-80.93564,29.00259],[-80.9367,29.00363],[-80.93558,29.00521],[-80.93733,29.00615],[-80.93296,29.00581],[-80.93308,29.00884],[-80.93154,29.00929],[-80.93101,29.00793],[-80.92871,29.00861],[-80.92906,29.01005],[-80.9303,29.01057],[-80.93206,29.01545],[-80.93311,29.01515],[-80.9335,29.017],[-80.93525,29.01704],[-80.93626,29.01671],[-80.93626,29.01575],[-80.93836,29.01422],[-80.93658,29.01387],[-80.93728,29.01167],[-80.93602,29.01167],[-80.93545,29.01341],[-80.93419,29.01341],[-80.93408,29.00831],[-80.93819,29.00794],[-80.93825,29.00861],[-80.93581,29.00908],[-80.93635,29.01068],[-80.93823,29.00977],[-80.93879,29.01181],[-80.94064,29.00971],[-80.94265,29.00971],[-80.94385,29.01245],[-80.94503,29.01118],[-80.94722,29.01004],[-80.94775,29.0113],[-80.95195,29.01241],[-80.95439,29.01101],[-80.95258,29.00822],[-80.95379,29.00658],[-80.95406,29.00644],[-80.95133,29.00312],[-80.9528,29.00179],[-80.95295,28.99882],[-80.95149,28.99676],[-80.9506,28.99728],[-80.95081,28.99886],[-80.94936,28.99738],[-80.95081,28.99544],[-80.94949,28.99366],[-80.94818,28.99434],[-80.94946,28.9962],[-80.94552,28.99839],[-80.94388,28.99461],[-80.94474,28.99328],[-80.95148,28.9897],[-80.95062,28.98816],[-80.95068,28.98812],[-80.94911,28.98451],[-80.9526,28.9844],[-80.95389,28.98255],[-80.95624,28.98246],[-80.95705,28.98434],[-80.95853,28.98771],[-80.95851,28.99263],[-80.96061,28.99261],[-80.96071,28.99599],[-80.96685,28.99579],[-80.96692,28.99759],[-80.96695,28.99855],[-80.96273,28.99875],[-80.96359,29.00147],[-80.96006,29.00151],[-80.9608,29.00056],[-80.95867,29.00062],[-80.95761,28.9988],[-80.95389,28.99996],[-80.95728,29.00469],[-80.95733,29.00466],[-80.95877,29.00685],[-80.95794,29.00728],[-80.95927,29.00931],[-80.95852,29.01134],[-80.95937,29.01268],[-80.961,29.01155],[-80.96169,29.01263],[-80.96414,29.01165],[-80.96453,29.01222],[-80.96713,29.01199],[-80.96713,29.01001],[-80.96603,29.00874],[-80.9662,29.00749],[-80.96815,29.0068],[-80.96764,29.00614],[-80.97229,29.00573],[-80.97233,29.00935],[-80.97332,29.00933],[-80.97336,29.01118],[-80.97539,29.01116],[-80.9751,29.00199],[-80.97126,29.00207],[-80.97102,28.99482],[-80.96681,28.99494],[-80.9668,28.99458],[-80.97101,28.99447],[-80.97086,28.99102],[-80.96858,28.98944],[-80.96859,28.98817],[-80.9708,28.98981],[-80.97069,28.98733],[-80.97171,28.98755],[-80.97208,28.98764],[-80.96625,28.97876],[-80.96616,28.97669],[-80.96465,28.97672]],[[-80.95638,28.97263],[-80.9534,28.97394],[-80.95416,28.97517],[-80.95691,28.97386],[-80.95623,28.97277],[-80.95638,28.97263]],[[-80.95121,28.9592],[-80.95276,28.95867],[-80.95171,28.95633],[-80.95012,28.95685],[-80.95121,28.9592]],[[-80.94447,28.9558],[-80.94684,28.95511],[-80.94536,28.95115],[-80.94276,28.95201],[-80.94447,28.9558]],[[-80.9371,28.95007],[-80.93849,28.9533],[-80.9395,28.95294],[-80.93812,28.94974],[-80.9371,28.95007]],[[-80.91845,28.95986],[-80.92054,28.95914],[-80.91991,28.95786],[-80.9179,28.95854],[-80.91845,28.95986]],[[-80.91651,28.98109],[-80.91653,28.98424],[-80.91827,28.98423],[-80.91963,28.98539],[-80.9197,28.9811],[-80.91651,28.98109]],[[-80.9158,28.961],[-80.91442,28.95736],[-80.91314,28.95781],[-80.91602,28.96423],[-80.91706,28.96387],[-80.9158,28.961]],[[-80.89976,28.93384],[-80.89896,28.93384],[-80.89875,28.93316],[-80.89801,28.93317],[-80.89799,28.93464],[-80.89976,28.93463],[-80.89976,28.93384]],[[-80.89294,28.95468],[-80.89191,28.95469],[-80.89194,28.95834],[-80.89298,28.95833],[-80.89294,28.95517],[-80.89294,28.95468]],[[-80.88194,28.93376],[-80.87889,28.93479],[-80.88186,28.94137],[-80.88229,28.94225],[-80.88287,28.94405],[-80.8856,28.94382],[-80.89175,28.94368],[-80.89121,28.94255],[-80.8897,28.93901],[-80.88968,28.93656],[-80.88851,28.93672],[-80.88817,28.93682],[-80.8841,28.93831],[-80.88194,28.93376]],[[-80.88889,28.95707],[-80.88889,28.95796],[-80.88985,28.95797],[-80.88982,28.95474],[-80.89,28.95342],[-80.88714,28.95343],[-80.88574,28.9531],[-80.88703,28.95616],[-80.88775,28.95613],[-80.88774,28.95707],[-80.88889,28.95707]],[[-80.88708,28.95302],[-80.88701,28.95233],[-80.88998,28.95231],[-80.88998,28.95167],[-80.88657,28.9517],[-80.88679,28.95239],[-80.88551,28.9524],[-80.88554,28.9525],[-80.88572,28.95303],[-80.88708,28.95302]],[[-80.88861,28.94931],[-80.88751,28.94932],[-80.88589,28.9475],[-80.88672,28.95018],[-80.88701,28.95115],[-80.88907,28.95074],[-80.88861,28.94931]],[[-80.88407,28.94445],[-80.88432,28.94522],[-80.8833,28.94547],[-80.88561,28.94562],[-80.8856,28.94408],[-80.88407,28.94445]],[[-80.96391,29.08273],[-80.963,29.08268],[-80.96263,29.083],[-80.96193,29.08297],[-80.96104,29.08368],[-80.96177,29.08492],[-80.96316,29.08542],[-80.96407,29.08503],[-80.96368,29.08432],[-80.96453,29.08311],[-80.96532,29.08314],[-80.96672,29.0838],[-80.96647,29.08358],[-80.96657,29.08225],[-80.96571,29.08176],[-80.96564,29.08318],[-80.96391,29.08273]],[[-80.95259,29.07769],[-80.95302,29.07925],[-80.95278,29.07999],[-80.95324,29.08126],[-80.95391,29.08109],[-80.95437,29.08139],[-80.95692,29.08186],[-80.95641,29.08078],[-80.95688,29.08012],[-80.9571,29.08],[-80.95559,29.07953],[-80.95428,29.0789],[-80.95291,29.07769],[-80.95259,29.07769]],[[-80.95464,29.07043],[-80.95185,29.07043],[-80.94994,29.07102],[-80.94919,29.07044],[-80.94953,29.07074],[-80.95024,29.07209],[-80.95023,29.07243],[-80.95051,29.07282],[-80.95051,29.07324],[-80.95071,29.07358],[-80.95082,29.07404],[-80.95364,29.07405],[-80.95097,29.07377],[-80.95204,29.07226],[-80.95486,29.07228],[-80.95464,29.07043]],[[-81.02798,29.01551],[-81.02766,29.01651],[-81.02987,29.01646],[-81.02947,29.01747],[-81.03336,29.01743],[-81.03329,29.01553],[-81.03535,29.01551],[-81.03528,29.01367],[-81.03732,29.01363],[-81.03728,29.01186],[-81.0311,29.01197],[-81.03115,29.01371],[-81.02868,29.01375],[-81.02813,29.01513],[-81.03,29.01548],[-81.02798,29.01551]],[[-80.99951,29.04086],[-80.99794,29.03922],[-80.99792,29.04169],[-81.00007,29.04165],[-80.99986,29.04128],[-80.99951,29.04086]],[[-80.99412,29.03814],[-80.99553,29.03814],[-80.99554,29.03988],[-80.99684,29.03988],[-80.99681,29.03806],[-80.99657,29.03782],[-80.9963,29.03763],[-80.996,29.03751],[-80.99435,29.03712],[-80.9941,29.03704],[-80.99412,29.03814]],[[-80.99272,29.03451],[-80.99184,29.03453],[-80.99031,29.03379],[-80.99021,29.03375],[-80.9895,29.03489],[-80.99275,29.03645],[-80.99272,29.03451]],[[-80.99224,29.01897],[-80.99252,29.01883],[-80.99246,29.01677],[-80.99083,29.01679],[-80.99224,29.01897]],[[-80.98102,29.02101],[-80.98405,29.02088],[-80.98403,29.02008],[-80.98029,29.02014],[-80.98102,29.02101]],[[-80.97993,29.0238],[-80.98209,29.02381],[-80.98205,29.02277],[-80.9799,29.0228],[-80.97993,29.0238]],[[-80.97442,29.02762],[-80.97347,29.02695],[-80.97424,29.02693],[-80.97415,29.02388],[-80.97225,29.0239],[-80.9726,29.02168],[-80.96818,29.02184],[-80.96822,29.02432],[-80.96879,29.02453],[-80.96845,29.02628],[-80.96793,29.02629],[-80.96808,29.02427],[-80.96605,29.02358],[-80.96602,29.02194],[-80.9646,29.02202],[-80.96459,29.02356],[-80.96454,29.02357],[-80.96439,29.02195],[-80.96183,29.02221],[-80.962,29.02375],[-80.96044,29.02373],[-80.9597,29.02505],[-80.96053,29.02584],[-80.9591,29.02634],[-80.95778,29.02627],[-80.95789,29.02745],[-80.95953,29.02719],[-80.96036,29.0272],[-80.96013,29.02765],[-80.9578,29.02807],[-80.95627,29.03044],[-80.95882,29.03046],[-80.95832,29.03153],[-80.95503,29.03195],[-80.95344,29.03482],[-80.95514,29.03602],[-80.95551,29.04125],[-80.95551,29.04253],[-80.95821,29.04251],[-80.95791,29.04426],[-80.95323,29.04434],[-80.95326,29.04613],[-80.95119,29.04567],[-80.95124,29.04835],[-80.95553,29.04982],[-80.95551,29.04785],[-80.95837,29.04784],[-80.9596,29.04784],[-80.95964,29.04968],[-80.95862,29.05016],[-80.95941,29.05066],[-80.95975,29.05073],[-80.96013,29.05196],[-80.96169,29.05132],[-80.96401,29.05264],[-80.96192,29.05357],[-80.96432,29.05329],[-80.9639,29.05677],[-80.96278,29.05781],[-80.96489,29.05778],[-80.9657,29.0569],[-80.96597,29.05814],[-80.96296,29.05909],[-80.96354,29.06106],[-80.96699,29.06101],[-80.96629,29.06206],[-80.96242,29.06297],[-80.96245,29.06372],[-80.96443,29.06371],[-80.96589,29.06708],[-80.9681,29.06596],[-80.96808,29.05677],[-80.96746,29.05546],[-80.96519,29.05544],[-80.96603,29.05325],[-80.96555,29.05293],[-80.96752,29.05258],[-80.97786,29.04782],[-80.97692,29.04627],[-80.97868,29.04546],[-80.97675,29.04227],[-80.97456,29.04258],[-80.96778,29.04582],[-80.96774,29.04225],[-80.97171,29.04218],[-80.97161,29.03839],[-80.97827,29.03824],[-80.97862,29.03707],[-80.97994,29.03706],[-80.98009,29.03552],[-80.97819,29.03553],[-80.97817,29.03469],[-80.97607,29.03474],[-80.97596,29.03113],[-80.9768,29.02879],[-80.97442,29.02762]],[[-80.97551,29.01675],[-80.97716,29.01555],[-80.97757,29.01837],[-80.97968,29.01832],[-80.9796,29.01514],[-80.97057,29.0148],[-80.96847,29.01458],[-80.9637,29.01779],[-80.96621,29.02162],[-80.97565,29.02124],[-80.97551,29.01675]],[[-80.97613,29.06016],[-80.97623,29.05865],[-80.97622,29.05847],[-80.97621,29.05753],[-80.97607,29.05752],[-80.97608,29.05748],[-80.97608,29.05742],[-80.97609,29.05648],[-80.97629,29.05648],[-80.97685,29.05648],[-80.97687,29.05738],[-80.97687,29.05754],[-80.97687,29.05755],[-80.97687,29.05762],[-80.97687,29.05764],[-80.97837,29.05793],[-80.97902,29.05508],[-80.97441,29.05719],[-80.9737,29.05763],[-80.97182,29.05565],[-80.97077,29.05631],[-80.97493,29.05908],[-80.97613,29.06016]],[[-80.95956,29.0189],[-80.96044,29.02031],[-80.96078,29.02067],[-80.96251,29.01977],[-80.96131,29.01802],[-80.95956,29.0189]],[[-80.94377,29.017],[-80.95047,29.0196],[-80.94903,29.01741],[-80.9522,29.01751],[-80.9536,29.01688],[-80.956,29.01626],[-80.95633,29.01772],[-80.95816,29.01678],[-80.95869,29.01588],[-80.95722,29.01343],[-80.95245,29.01352],[-80.94836,29.01361],[-80.94725,29.0164],[-80.94618,29.01705],[-80.94377,29.017]],[[-80.93813,29.0179],[-80.93851,29.01792],[-80.93896,29.02042],[-80.93845,29.02074],[-80.93641,29.02107],[-80.9363,29.01974],[-80.93462,29.02077],[-80.93462,29.02163],[-80.93691,29.0215],[-80.93544,29.022],[-80.93542,29.02512],[-80.93615,29.0265],[-80.93655,29.02643],[-80.9368,29.02727],[-80.93844,29.02707],[-80.93774,29.02705],[-80.93846,29.0268],[-80.93846,29.02609],[-80.93902,29.02598],[-80.93902,29.02639],[-80.93885,29.02666],[-80.93921,29.02664],[-80.94051,29.02666],[-80.94051,29.02621],[-80.94092,29.02621],[-80.94092,29.02569],[-80.94163,29.0256],[-80.94163,29.02501],[-80.94254,29.02447],[-80.94513,29.02405],[-80.94533,29.02544],[-80.94671,29.0251],[-80.95091,29.02535],[-80.95071,29.01996],[-80.94263,29.01708],[-80.94269,29.01748],[-80.94268,29.01809],[-80.9415,29.01804],[-80.94152,29.01696],[-80.93813,29.0179]],[[-80.93308,29.01831],[-80.93379,29.0199],[-80.93485,29.01958],[-80.93635,29.01844],[-80.93627,29.01766],[-80.93308,29.01831]]],[[[-80.92826,28.96483],[-80.92708,28.96521],[-80.92661,28.96417],[-80.92933,28.96325],[-80.93004,28.96484],[-80.92826,28.96483]]],[[[-80.94961,28.98019],[-80.94959,28.97947],[-80.94896,28.97947],[-80.94894,28.97877],[-80.94684,28.97882],[-80.94702,28.97825],[-80.94815,28.97794],[-80.95279,28.97726],[-80.95242,28.97853],[-80.95126,28.97878],[-80.95077,28.97902],[-80.95039,28.97946],[-80.95014,28.98003],[-80.94982,28.98018],[-80.94961,28.98019]]],[[[-80.96099,28.9889],[-80.96077,28.98805],[-80.96219,28.98719],[-80.96431,28.98712],[-80.96435,28.98803],[-80.96099,28.9889]]],[[[-80.94818,28.99028],[-80.94506,28.99176],[-80.94508,28.99097],[-80.94492,28.98834],[-80.94458,28.98705],[-80.94559,28.98666],[-80.94818,28.99028]]],[[[-80.9657,28.98955],[-80.96574,28.99038],[-80.9691,28.99019],[-80.96468,28.99125],[-80.96446,28.98877],[-80.96542,28.98839],[-80.9677,28.98821],[-80.96776,28.98946],[-80.9657,28.98955]]],[[[-80.94956,29.00297],[-80.94811,29.00206],[-80.94757,29.00057],[-80.94935,29.00194],[-80.95088,29.00223],[-80.94953,29.00404],[-80.94956,29.00297]]],[[[-80.96246,29.00592],[-80.96158,29.00461],[-80.96508,29.00456],[-80.96512,29.0059],[-80.96357,29.00593],[-80.96246,29.00592]]],[[[-80.95939,29.0078],[-80.95873,29.00559],[-80.95971,29.00507],[-80.96103,29.00704],[-80.96252,29.00689],[-80.95939,29.0078]]],[[[-80.93925,29.00795],[-80.93824,29.00753],[-80.93823,29.00616],[-80.94148,29.00615],[-80.94266,29.00777],[-80.93925,29.00795]]],[[[-80.96283,29.00734],[-80.96354,29.00748],[-80.96227,29.00887],[-80.9612,29.00943],[-80.96119,29.00943],[-80.96089,29.00897],[-80.96057,29.00848],[-80.96283,29.00734]]],[[[-80.9638,29.00875],[-80.96552,29.00958],[-80.96374,29.01105],[-80.96295,29.00987],[-80.96073,29.01112],[-80.96064,29.00973],[-80.96119,29.00943],[-80.96149,29.00991],[-80.9638,29.00875]]],[[[-80.96542,29.02492],[-80.96542,29.02677],[-80.96331,29.02681],[-80.96327,29.02496],[-80.96542,29.02492]]],[[[-80.96023,29.03167],[-80.9634,29.03163],[-80.96346,29.03499],[-80.96025,29.03503],[-80.96023,29.03167]]],[[[-80.95698,29.03601],[-80.95933,29.03596],[-80.95936,29.03677],[-80.957,29.03683],[-80.95698,29.03601]]],[[[-80.96683,29.0472],[-80.96771,29.04708],[-80.96929,29.04633],[-80.96973,29.04704],[-80.96825,29.04776],[-80.96683,29.0472]]]]}}]}