{"type":"FeatureCollection","features":[{"type":"Feature","properties":{"name":"Brunswick Breeze","boundary_type":"city","source":"Census TIGER place","fidelity":"exact","updated":"2026-09","units":"Brunswick city","note":"City of Brunswick, Glynn County; city-level operator","confidence":0.9},"geometry":{"type":"Polygon","coordinates":[[[-81.52704,31.164],[-81.52658,31.16519],[-81.50712,31.17045],[-81.51002,31.1739],[-81.51122,31.17672],[-81.50427,31.17861],[-81.50406,31.17867],[-81.50303,31.17689],[-81.49744,31.17692],[-81.49737,31.17692],[-81.49476,31.17693],[-81.49007,31.17824],[-81.48825,31.18471],[-81.48801,31.18466],[-81.48763,31.1862],[-81.48785,31.18615],[-81.49265,31.1849],[-81.49807,31.18343],[-81.50003,31.19462],[-81.49826,31.19446],[-81.49857,31.19636],[-81.48836,31.19888],[-81.48494,31.19908],[-81.48593,31.2007],[-81.48481,31.20168],[-81.48404,31.20052],[-81.48373,31.20173],[-81.48287,31.20499],[-81.48015,31.20464],[-81.4785,31.20203],[-81.48013,31.19733],[-81.48066,31.19564],[-81.48001,31.19549],[-81.48057,31.19427],[-81.47707,31.19357],[-81.47633,31.19341],[-81.47327,31.19283],[-81.47202,31.18999],[-81.46934,31.18946],[-81.4695,31.18809],[-81.46824,31.18975],[-81.46669,31.18977],[-81.4677,31.1872],[-81.46708,31.18641],[-81.46863,31.18643],[-81.4684,31.18431],[-81.46941,31.18435],[-81.46963,31.18695],[-81.47102,31.1868],[-81.47291,31.18844],[-81.47346,31.18844],[-81.47661,31.18918],[-81.4759,31.18648],[-81.47305,31.187],[-81.47507,31.1857],[-81.47455,31.18355],[-81.47061,31.18345],[-81.47072,31.18317],[-81.47118,31.18204],[-81.47427,31.1825],[-81.48506,31.17959],[-81.48406,31.17684],[-81.48157,31.17752],[-81.48039,31.17879],[-81.4741,31.17791],[-81.47449,31.17922],[-81.47267,31.17839],[-81.47211,31.17979],[-81.46839,31.17862],[-81.46876,31.17735],[-81.47289,31.17785],[-81.47343,31.17629],[-81.4641,31.17674],[-81.46181,31.17685],[-81.45346,31.17253],[-81.44876,31.16879],[-81.44761,31.16576],[-81.44674,31.16431],[-81.4452,31.16112],[-81.44531,31.15864],[-81.44707,31.15466],[-81.44739,31.15244],[-81.44685,31.15107],[-81.44514,31.1494],[-81.43882,31.14664],[-81.43504,31.14462],[-81.43114,31.14196],[-81.42442,31.13558],[-81.41988,31.1333],[-81.40976,31.1309],[-81.40311,31.1294],[-81.40401,31.12817],[-81.41539,31.12127],[-81.41932,31.11868],[-81.43024,31.1075],[-81.4398,31.10556],[-81.45132,31.10317],[-81.48587,31.11575],[-81.48991,31.11721],[-81.52078,31.12847],[-81.52265,31.1326],[-81.53044,31.1494],[-81.52887,31.15613],[-81.52704,31.164]]]}},{"type":"Feature","properties":{"name":"CAT SMART Transit","boundary_type":"city","source":"Census TIGER place","fidelity":"approximate","updated":"2026-09","units":"Savannah city","note":"West Chatham Zone 2; microtransit zone within Savannah connecting to fixed-route buses","confidence":0.65},"geometry":{"type":"MultiPolygon","coordinates":[[[[-81.27026,31.96332],[-81.25493,31.97144],[-81.25182,31.97308],[-81.2516,31.96841],[-81.24279,31.96784],[-81.24362,31.96191],[-81.23724,31.96175],[-81.24118,31.9695],[-81.23372,31.96927],[-81.23306,31.96946],[-81.23072,31.9704],[-81.23001,31.96937],[-81.22872,31.96941],[-81.22896,31.97103],[-81.22735,31.9715],[-81.22719,31.9715],[-81.2288,31.96154],[-81.22841,31.96073],[-81.22724,31.96136],[-81.22712,31.96269],[-81.22426,31.96362],[-81.22303,31.96273],[-81.22156,31.96314],[-81.22261,31.96473],[-81.22379,31.96495],[-81.22253,31.96813],[-81.22077,31.96787],[-81.22032,31.96284],[-81.21896,31.96345],[-81.21783,31.9635],[-81.21755,31.9611],[-81.21184,31.95978],[-81.21192,31.95937],[-81.21472,31.95888],[-81.21773,31.95891],[-81.21755,31.9585],[-81.21495,31.95288],[-81.2193,31.95172],[-81.21989,31.94983],[-81.221,31.94628],[-81.21335,31.93927],[-81.1969,31.93951],[-81.19715,31.93662],[-81.19591,31.93543],[-81.19307,31.93393],[-81.19219,31.93281],[-81.19206,31.93053],[-81.19375,31.92916],[-81.19578,31.92554],[-81.19578,31.92332],[-81.19828,31.92377],[-81.20361,31.92374],[-81.20417,31.92388],[-81.21015,31.92174],[-81.21236,31.92027],[-81.21746,31.91578],[-81.22084,31.91211],[-81.22798,31.90324],[-81.22965,31.89941],[-81.23141,31.89322],[-81.233,31.89071],[-81.23664,31.8879],[-81.23726,31.88788],[-81.23953,31.88947],[-81.24215,31.89326],[-81.24116,31.89513],[-81.23963,31.8961],[-81.2354,31.89726],[-81.23343,31.8982],[-81.232,31.89963],[-81.23049,31.90254],[-81.23066,31.90625],[-81.23229,31.9092],[-81.23517,31.91116],[-81.23555,31.91182],[-81.23965,31.91366],[-81.23966,31.91363],[-81.24493,31.91377],[-81.25063,31.91221],[-81.25469,31.91061],[-81.26121,31.90966],[-81.26276,31.90974],[-81.26398,31.91106],[-81.26472,31.91301],[-81.26481,31.91529],[-81.2642,31.91737],[-81.262,31.9194],[-81.26013,31.92026],[-81.25552,31.92145],[-81.2542,31.9223],[-81.25353,31.92495],[-81.25445,31.9285],[-81.2578,31.92993],[-81.26216,31.93073],[-81.27375,31.92719],[-81.27485,31.92806],[-81.27508,31.92955],[-81.27425,31.93252],[-81.27115,31.93716],[-81.27105,31.93882],[-81.26966,31.94139],[-81.25866,31.94982],[-81.26677,31.95744],[-81.27679,31.94987],[-81.27504,31.94818],[-81.27728,31.94648],[-81.28016,31.94664],[-81.28523,31.94371],[-81.28683,31.94512],[-81.28562,31.94878],[-81.28519,31.95218],[-81.28616,31.9548],[-81.27205,31.96222],[-81.27026,31.96332]]],[[[-81.26354,31.99054],[-81.26423,31.98986],[-81.26774,31.98641],[-81.25918,31.98018],[-81.2587,31.97951],[-81.25678,31.97685],[-81.25994,31.97012],[-81.26093,31.96866],[-81.26092,31.97062],[-81.26194,31.97093],[-81.26449,31.97011],[-81.26584,31.97126],[-81.26724,31.97474],[-81.26563,31.9766],[-81.26717,31.9816],[-81.267,31.98397],[-81.26881,31.98633],[-81.26804,31.98643],[-81.27055,31.99017],[-81.27132,31.98952],[-81.27259,31.99033],[-81.27208,31.99119],[-81.27308,31.99155],[-81.27446,31.99241],[-81.27432,31.99254],[-81.2717,31.99469],[-81.26924,31.99539],[-81.26785,31.99554],[-81.26354,31.99054]]],[[[-81.23329,31.9866],[-81.23102,31.98677],[-81.23126,31.98821],[-81.22907,31.98775],[-81.22691,31.99082],[-81.22553,31.99008],[-81.22872,31.98799],[-81.22862,31.98583],[-81.24083,31.97931],[-81.24469,31.97986],[-81.23603,31.99005],[-81.23421,31.99144],[-81.23326,31.98905],[-81.23329,31.9866]]],[[[-81.27052,31.99675],[-81.27344,31.99589],[-81.2756,31.9974],[-81.27642,31.99655],[-81.27385,31.99541],[-81.28142,31.99444],[-81.27916,31.99115],[-81.28052,31.98982],[-81.28561,31.9905],[-81.28519,31.99241],[-81.28335,31.99406],[-81.28704,31.99379],[-81.28839,31.99526],[-81.28846,31.99878],[-81.28647,32.0008],[-81.28439,31.99987],[-81.28306,32.00106],[-81.28,32.00199],[-81.27052,31.99675]]],[[[-81.30211,32.02679],[-81.3007,32.02273],[-81.2998,32.02388],[-81.2987,32.02078],[-81.29152,32.02212],[-81.29466,32.031],[-81.29294,32.0319],[-81.29068,32.03296],[-81.28755,32.035],[-81.27875,32.04182],[-81.27443,32.03743],[-81.27315,32.03534],[-81.27163,32.03032],[-81.26936,32.0274],[-81.26917,32.02777],[-81.26738,32.0314],[-81.26716,32.03128],[-81.26627,32.03084],[-81.2655,32.02817],[-81.26374,32.0271],[-81.25868,32.02607],[-81.25769,32.02474],[-81.25566,32.02436],[-81.25425,32.02266],[-81.25024,32.0213],[-81.24772,32.01878],[-81.24577,32.01593],[-81.24693,32.01508],[-81.25399,32.00993],[-81.26155,32.01709],[-81.26362,32.01963],[-81.26691,32.02509],[-81.26778,32.02611],[-81.26941,32.02556],[-81.26981,32.02652],[-81.27014,32.02732],[-81.2739,32.01964],[-81.278,32.0117],[-81.28067,32.00796],[-81.28188,32.00702],[-81.28309,32.00864],[-81.28494,32.00738],[-81.2855,32.00868],[-81.28454,32.00964],[-81.28522,32.01134],[-81.28321,32.01324],[-81.28409,32.01422],[-81.28825,32.01112],[-81.29004,32.0123],[-81.29327,32.00982],[-81.29475,32.01092],[-81.293,32.01214],[-81.29381,32.01284],[-81.29555,32.01167],[-81.29538,32.01152],[-81.29654,32.01067],[-81.29526,32.0102],[-81.30017,32.00665],[-81.29877,32.00579],[-81.29571,32.00809],[-81.29353,32.00726],[-81.29155,32.00861],[-81.28748,32.00621],[-81.28814,32.00532],[-81.28596,32.00438],[-81.28515,32.00501],[-81.28756,32.00306],[-81.28636,32.00254],[-81.29445,31.99375],[-81.30433,31.98486],[-81.30729,31.98199],[-81.30773,31.98424],[-81.30719,31.98698],[-81.30632,31.98881],[-81.30669,31.99106],[-81.3092,31.99242],[-81.30942,31.99415],[-81.3083,31.99562],[-81.30434,31.99711],[-81.30338,31.99853],[-81.30339,32.00073],[-81.3056,32.00363],[-81.30697,32.00459],[-81.30907,32.00495],[-81.31131,32.00463],[-81.31016,32.01542],[-81.30509,32.01465],[-81.30334,32.01606],[-81.30555,32.01646],[-81.30787,32.01669],[-81.30762,32.02038],[-81.30855,32.0204],[-81.3087,32.01786],[-81.31052,32.01794],[-81.31409,32.02086],[-81.31675,32.02356],[-81.31473,32.02351],[-81.31516,32.02539],[-81.31353,32.02515],[-81.31371,32.02348],[-81.30516,32.02323],[-81.30211,32.02679]],[[-81.29834,32.01423],[-81.30135,32.01221],[-81.29983,32.01107],[-81.29878,32.01218],[-81.29775,32.01125],[-81.29626,32.01233],[-81.29801,32.01397],[-81.29834,32.01423]]],[[[-81.35186,32.10543],[-81.34828,32.10668],[-81.34805,32.10813],[-81.34424,32.10675],[-81.34819,32.10289],[-81.34685,32.10167],[-81.34515,32.09695],[-81.35139,32.09287],[-81.35037,32.09179],[-81.34739,32.09266],[-81.34576,32.09364],[-81.344,32.0919],[-81.34192,32.09242],[-81.34056,32.0919],[-81.34086,32.08921],[-81.33535,32.09058],[-81.33467,32.08488],[-81.3344,32.07828],[-81.32938,32.07966],[-81.32608,32.07868],[-81.32308,32.07909],[-81.32016,32.08177],[-81.32105,32.08683],[-81.31799,32.08806],[-81.3099,32.08749],[-81.30997,32.08543],[-81.30395,32.08422],[-81.30235,32.08433],[-81.30201,32.08264],[-81.3009,32.08157],[-81.29956,32.07794],[-81.29976,32.07558],[-81.29861,32.07316],[-81.29887,32.07113],[-81.29712,32.06954],[-81.29595,32.06764],[-81.29407,32.06644],[-81.30976,32.06331],[-81.30802,32.06065],[-81.30916,32.05901],[-81.30067,32.05603],[-81.30612,32.05371],[-81.30947,32.05271],[-81.31461,32.05023],[-81.31271,32.04848],[-81.31432,32.04694],[-81.31312,32.04613],[-81.3117,32.04762],[-81.30948,32.04996],[-81.29583,32.04244],[-81.30131,32.03829],[-81.30184,32.0379],[-81.30403,32.03991],[-81.31271,32.03141],[-81.31403,32.03147],[-81.31465,32.02629],[-81.31682,32.02378],[-81.32289,32.03082],[-81.322,32.03191],[-81.31988,32.03202],[-81.3228,32.03442],[-81.32494,32.03447],[-81.32581,32.03576],[-81.32118,32.04016],[-81.32392,32.04021],[-81.32671,32.0414],[-81.32635,32.04715],[-81.33294,32.04737],[-81.33386,32.05233],[-81.32972,32.05466],[-81.33063,32.05597],[-81.32827,32.05714],[-81.331,32.06024],[-81.33387,32.06167],[-81.3388,32.06645],[-81.34673,32.06048],[-81.34967,32.06538],[-81.35244,32.06732],[-81.3531,32.06856],[-81.3549,32.06812],[-81.3559,32.06984],[-81.35798,32.06922],[-81.36059,32.07299],[-81.36744,32.07752],[-81.37018,32.08102],[-81.36362,32.08349],[-81.36078,32.08481],[-81.35904,32.0827],[-81.35298,32.0836],[-81.34994,32.08014],[-81.34743,32.08009],[-81.34612,32.08006],[-81.34603,32.08546],[-81.3521,32.08586],[-81.3501,32.08905],[-81.35082,32.09009],[-81.35371,32.09129],[-81.35297,32.09334],[-81.35897,32.09055],[-81.36098,32.08948],[-81.3712,32.09939],[-81.37628,32.09777],[-81.37919,32.10153],[-81.3816,32.10059],[-81.38256,32.10249],[-81.36859,32.1126],[-81.36588,32.11456],[-81.35507,32.11068],[-81.35186,32.10543]]],[[[-81.16335,32.03799],[-81.16184,32.03704],[-81.16597,32.02696],[-81.16917,32.0283],[-81.17658,32.02985],[-81.17534,32.03287],[-81.17428,32.03255],[-81.1723,32.0375],[-81.16869,32.03644],[-81.16545,32.03538],[-81.16335,32.03799]]],[[[-81.26787,32.18416],[-81.26565,32.18597],[-81.26519,32.18629],[-81.26437,32.18625],[-81.25974,32.18788],[-81.2509,32.18952],[-81.24779,32.18962],[-81.24298,32.18846],[-81.23975,32.18825],[-81.23905,32.18749],[-81.23445,32.18542],[-81.22935,32.18512],[-81.22846,32.18485],[-81.2252,32.18253],[-81.22372,32.18188],[-81.22236,32.18066],[-81.22111,32.18071],[-81.21705,32.17692],[-81.21509,32.17485],[-81.20991,32.17326],[-81.20743,32.17243],[-81.20591,32.17355],[-81.20171,32.16652],[-81.18701,32.16537],[-81.18541,32.16371],[-81.1846,32.16373],[-81.18264,32.15861],[-81.17802,32.14627],[-81.17826,32.14622],[-81.18491,32.14488],[-81.19181,32.14219],[-81.19497,32.14814],[-81.21648,32.14834],[-81.218,32.14667],[-81.22165,32.1467],[-81.22318,32.14599],[-81.22345,32.14483],[-81.2289,32.14488],[-81.22893,32.14213],[-81.2268,32.1402],[-81.2268,32.13925],[-81.22526,32.13923],[-81.22527,32.13825],[-81.22051,32.1382],[-81.22051,32.13997],[-81.21884,32.13998],[-81.21876,32.14227],[-81.21688,32.14225],[-81.21563,32.14476],[-81.22313,32.14483],[-81.2231,32.14538],[-81.22165,32.14642],[-81.218,32.14639],[-81.2162,32.14806],[-81.19518,32.14786],[-81.1921,32.14208],[-81.19841,32.14122],[-81.199,32.13816],[-81.19889,32.13551],[-81.19755,32.13558],[-81.19751,32.13199],[-81.19593,32.13063],[-81.19345,32.13132],[-81.19432,32.13229],[-81.19385,32.13339],[-81.19194,32.13315],[-81.18974,32.13483],[-81.1884,32.13349],[-81.18761,32.13375],[-81.19188,32.1415],[-81.18985,32.13815],[-81.18551,32.12985],[-81.18479,32.12987],[-81.1902,32.14025],[-81.18741,32.14167],[-81.18353,32.13519],[-81.18704,32.13525],[-81.1842,32.12988],[-81.18035,32.13001],[-81.17811,32.12634],[-81.18056,32.12606],[-81.18425,32.12404],[-81.18506,32.12344],[-81.18589,32.12264],[-81.18671,32.1218],[-81.19091,32.11755],[-81.1921,32.11595],[-81.19071,32.11478],[-81.18748,32.11327],[-81.1861,32.11369],[-81.18633,32.11047],[-81.19483,32.11096],[-81.19527,32.10955],[-81.19541,32.10596],[-81.19658,32.0926],[-81.1969,32.08563],[-81.19531,32.08184],[-81.19531,32.07938],[-81.19616,32.07655],[-81.19715,32.07494],[-81.20158,32.07076],[-81.19845,32.07008],[-81.17723,32.06804],[-81.17439,32.06793],[-81.16985,32.06855],[-81.15115,32.0732],[-81.14807,32.07354],[-81.14537,32.07343],[-81.14452,32.07674],[-81.14682,32.0802],[-81.15095,32.08586],[-81.15301,32.08784],[-81.15422,32.08994],[-81.15385,32.09016],[-81.15356,32.09034],[-81.14944,32.08945],[-81.14289,32.09428],[-81.14348,32.09636],[-81.14146,32.09746],[-81.14011,32.09734],[-81.1396,32.09708],[-81.13211,32.09206],[-81.12934,32.09125],[-81.12739,32.0932],[-81.12236,32.09692],[-81.11123,32.08957],[-81.11153,32.08635],[-81.10861,32.08556],[-81.10591,32.09201],[-81.10988,32.09576],[-81.10724,32.0982],[-81.10335,32.09433],[-81.10139,32.09599],[-81.09842,32.09385],[-81.09694,32.09592],[-81.09563,32.09461],[-81.09892,32.09002],[-81.09853,32.08932],[-81.09842,32.08914],[-81.09395,32.09457],[-81.09185,32.09311],[-81.09105,32.0914],[-81.08971,32.09046],[-81.09116,32.08878],[-81.09289,32.09009],[-81.09655,32.08691],[-81.09339,32.08471],[-81.08956,32.08326],[-81.08923,32.0882],[-81.08773,32.08894],[-81.08954,32.09034],[-81.09158,32.09435],[-81.09102,32.09618],[-81.09245,32.09657],[-81.09054,32.09764],[-81.08902,32.09717],[-81.08484,32.09694],[-81.08424,32.09548],[-81.08356,32.09656],[-81.08253,32.09535],[-81.07944,32.09454],[-81.07885,32.09531],[-81.07497,32.0927],[-81.06671,32.08626],[-81.06364,32.0857],[-81.05932,32.08406],[-81.05013,32.08243],[-81.05013,32.08154],[-81.05403,32.08212],[-81.06059,32.08262],[-81.06211,32.08218],[-81.06562,32.07899],[-81.06548,32.07821],[-81.07381,32.077],[-81.07527,32.0736],[-81.07531,32.07313],[-81.07118,32.07245],[-81.05931,32.07],[-81.05739,32.06954],[-81.05724,32.06993],[-81.05504,32.06937],[-81.05431,32.07099],[-81.05022,32.07093],[-81.04952,32.07055],[-81.04929,32.06928],[-81.04997,32.06803],[-81.05019,32.06771],[-81.04632,32.06669],[-81.04546,32.06682],[-81.0431,32.06623],[-81.04385,32.06481],[-81.04184,32.06453],[-81.045,32.05879],[-81.04616,32.06011],[-81.05192,32.06221],[-81.05261,32.0624],[-81.0538,32.05938],[-81.05404,32.05682],[-81.05431,32.05597],[-81.05253,32.05547],[-81.05307,32.05354],[-81.05023,32.05273],[-81.05186,32.05231],[-81.05246,32.04965],[-81.0539,32.04978],[-81.05406,32.04903],[-81.05281,32.04768],[-81.05356,32.04606],[-81.05689,32.03681],[-81.06192,32.03967],[-81.06394,32.03692],[-81.06044,32.03534],[-81.061,32.03165],[-81.06027,32.03107],[-81.06009,32.02596],[-81.06052,32.02484],[-81.0618,32.0219],[-81.0643,32.02004],[-81.06632,32.01946],[-81.06745,32.01913],[-81.06672,32.01716],[-81.066,32.0153],[-81.06831,32.01264],[-81.06894,32.01141],[-81.07149,32.00464],[-81.07387,31.99914],[-81.07648,31.99262],[-81.07604,31.99051],[-81.07564,31.9888],[-81.07618,31.98979],[-81.08837,31.99033],[-81.08905,31.98802],[-81.09044,31.98748],[-81.09039,31.98887],[-81.08945,31.98888],[-81.08886,31.99034],[-81.0905,31.99038],[-81.09138,31.99055],[-81.09464,31.99144],[-81.10125,31.99307],[-81.10132,31.99309],[-81.10349,31.99046],[-81.10319,31.98916],[-81.10487,31.98821],[-81.10861,31.98418],[-81.1086,31.9854],[-81.11089,31.98472],[-81.10946,31.98373],[-81.10968,31.98198],[-81.11105,31.98419],[-81.11251,31.98274],[-81.11626,31.97784],[-81.11981,31.97543],[-81.12072,31.97353],[-81.1195,31.9719],[-81.11838,31.97142],[-81.11378,31.97126],[-81.11045,31.97048],[-81.11005,31.96878],[-81.11292,31.96564],[-81.11448,31.96537],[-81.11566,31.96694],[-81.1161,31.96777],[-81.11943,31.96927],[-81.12167,31.96892],[-81.1222,31.96838],[-81.12287,31.96832],[-81.12345,31.96864],[-81.1241,31.96957],[-81.12445,31.97058],[-81.12485,31.97082],[-81.12551,31.96814],[-81.12556,31.96808],[-81.12674,31.964],[-81.1271,31.96328],[-81.13489,31.96623],[-81.13576,31.96349],[-81.13368,31.96276],[-81.1324,31.96104],[-81.13317,31.95791],[-81.13144,31.9551],[-81.13014,31.95387],[-81.13271,31.95079],[-81.13581,31.94513],[-81.13641,31.94191],[-81.13568,31.93902],[-81.13461,31.93701],[-81.13224,31.93621],[-81.12713,31.93623],[-81.12159,31.93682],[-81.11919,31.93671],[-81.11747,31.93596],[-81.11524,31.93163],[-81.11193,31.92618],[-81.1097,31.92135],[-81.10729,31.91915],[-81.10538,31.91729],[-81.10337,31.91469],[-81.10138,31.91012],[-81.09965,31.90476],[-81.0956,31.89504],[-81.09523,31.89207],[-81.09767,31.88922],[-81.09939,31.88893],[-81.10484,31.88799],[-81.11586,31.88794],[-81.12029,31.88846],[-81.12405,31.88964],[-81.12961,31.89286],[-81.13563,31.90059],[-81.13728,31.90991],[-81.1386,31.91374],[-81.14078,31.91684],[-81.1444,31.92004],[-81.14675,31.92213],[-81.14797,31.92695],[-81.14936,31.93034],[-81.15063,31.93214],[-81.15514,31.93524],[-81.15822,31.93573],[-81.15978,31.93523],[-81.16663,31.93181],[-81.16791,31.93241],[-81.16882,31.93345],[-81.16948,31.93523],[-81.16934,31.94035],[-81.1698,31.9417],[-81.17098,31.94375],[-81.17522,31.94803],[-81.1776,31.94933],[-81.18023,31.94951],[-81.18359,31.94916],[-81.18526,31.94974],[-81.18543,31.95097],[-81.18193,31.95422],[-81.18215,31.95602],[-81.18346,31.95706],[-81.18821,31.95879],[-81.18924,31.9611],[-81.18733,31.96662],[-81.1878,31.97069],[-81.19007,31.97367],[-81.18955,31.97542],[-81.18612,31.97742],[-81.18237,31.98372],[-81.18247,31.98533],[-81.18466,31.98665],[-81.19178,31.98763],[-81.19409,31.99281],[-81.19649,31.99487],[-81.19668,31.99743],[-81.19758,31.99974],[-81.19904,32.00115],[-81.20295,32.00378],[-81.19992,32.00735],[-81.19813,32.01013],[-81.19883,32.01378],[-81.19738,32.0194],[-81.18367,32.02979],[-81.18215,32.02888],[-81.18015,32.03086],[-81.18276,32.02682],[-81.16863,32.02271],[-81.16685,32.02069],[-81.16824,32.02005],[-81.16724,32.01839],[-81.17006,32.0165],[-81.16457,32.0194],[-81.13438,32.03532],[-81.14507,32.04014],[-81.14555,32.04049],[-81.14659,32.04185],[-81.14655,32.04444],[-81.14228,32.05253],[-81.14393,32.05333],[-81.15333,32.05108],[-81.15295,32.05011],[-81.1524,32.05019],[-81.15232,32.04949],[-81.15349,32.04922],[-81.15362,32.04964],[-81.15439,32.04948],[-81.15474,32.05076],[-81.15703,32.05026],[-81.16052,32.04948],[-81.16104,32.04749],[-81.16242,32.04623],[-81.1614,32.04687],[-81.1625,32.04411],[-81.16063,32.04365],[-81.16131,32.04208],[-81.16417,32.0403],[-81.16533,32.04172],[-81.16561,32.04364],[-81.16456,32.0446],[-81.16434,32.04638],[-81.16506,32.0474],[-81.16627,32.04498],[-81.16607,32.04369],[-81.17136,32.03969],[-81.16895,32.04559],[-81.16711,32.04511],[-81.16806,32.04771],[-81.17365,32.04644],[-81.18169,32.04449],[-81.18143,32.04534],[-81.18325,32.04574],[-81.18132,32.05125],[-81.18433,32.05201],[-81.17505,32.06681],[-81.17743,32.06747],[-81.19862,32.0694],[-81.20329,32.0696],[-81.20257,32.07027],[-81.20279,32.07029],[-81.20236,32.07068],[-81.1986,32.07404],[-81.19632,32.07716],[-81.19563,32.08161],[-81.19596,32.08306],[-81.19663,32.08404],[-81.19742,32.08598],[-81.19688,32.09266],[-81.19593,32.10604],[-81.19577,32.10971],[-81.1956,32.11038],[-81.19552,32.1106],[-81.19529,32.11107],[-81.19557,32.11109],[-81.19803,32.1118],[-81.19709,32.10683],[-81.20037,32.10677],[-81.20182,32.10705],[-81.20298,32.10759],[-81.20182,32.11342],[-81.20651,32.11628],[-81.20743,32.11943],[-81.2116,32.12515],[-81.21544,32.12383],[-81.22269,32.12294],[-81.22715,32.12606],[-81.22687,32.12676],[-81.23899,32.12682],[-81.23962,32.13182],[-81.24053,32.14099],[-81.24074,32.14264],[-81.24062,32.14504],[-81.24096,32.14501],[-81.24742,32.14464],[-81.2472,32.14684],[-81.24877,32.14695],[-81.25212,32.14987],[-81.24808,32.15415],[-81.24417,32.15446],[-81.24415,32.15726],[-81.25451,32.15784],[-81.25172,32.15929],[-81.24192,32.16074],[-81.24177,32.16289],[-81.24118,32.17063],[-81.25073,32.17111],[-81.25609,32.17171],[-81.26982,32.17211],[-81.27005,32.16929],[-81.27524,32.16931],[-81.27549,32.16681],[-81.28176,32.16705],[-81.28339,32.16712],[-81.2912,32.1674],[-81.29134,32.16596],[-81.29435,32.16606],[-81.2847,32.17305],[-81.27739,32.17841],[-81.27316,32.17923],[-81.26966,32.1809],[-81.26787,32.18416]],[[-81.07871,32.08678],[-81.07974,32.08444],[-81.08054,32.08268],[-81.07699,32.08337],[-81.06956,32.0839],[-81.06977,32.08568],[-81.07132,32.08634],[-81.07871,32.08678]]],[[[-81.04307,32.05295],[-81.04466,32.05337],[-81.04493,32.05474],[-81.04312,32.05496],[-81.03815,32.05285],[-81.0375,32.05492],[-81.03538,32.05672],[-81.03523,32.05367],[-81.03386,32.05211],[-81.02984,32.05093],[-81.02954,32.05031],[-81.03151,32.04897],[-81.03424,32.04901],[-81.04091,32.0448],[-81.04153,32.04402],[-81.04221,32.04217],[-81.04509,32.03793],[-81.05042,32.04059],[-81.05025,32.04229],[-81.05091,32.04492],[-81.0509,32.04538],[-81.04565,32.04758],[-81.043,32.04684],[-81.04181,32.04811],[-81.04307,32.05295]]],[[[-81.21352,32.05055],[-81.21436,32.04892],[-81.21467,32.04778],[-81.21533,32.04682],[-81.21831,32.04562],[-81.2206,32.04572],[-81.22489,32.04507],[-81.23134,32.0434],[-81.23097,32.04894],[-81.23506,32.05006],[-81.23308,32.05568],[-81.23291,32.05618],[-81.23513,32.05674],[-81.23502,32.05905],[-81.23716,32.06041],[-81.23858,32.06513],[-81.23851,32.06725],[-81.21279,32.06007],[-81.21302,32.05956],[-81.21256,32.05769],[-81.21042,32.05711],[-81.21352,32.05055]]],[[[-81.22582,32.10923],[-81.22249,32.11798],[-81.22153,32.12258],[-81.21264,32.11544],[-81.21573,32.10668],[-81.22136,32.1081],[-81.22582,32.10923]]]]}},{"type":"Feature","properties":{"name":"CATS Micro-transit","boundary_type":"city","source":"Census TIGER place","fidelity":"exact","updated":"2026-09","units":"Canton city","note":"Pilot in Canton, Cherokee County; replaced fixed bus routes within city","confidence":0.9},"geometry":{"type":"MultiPolygon","coordinates":[[[[-84.46244,34.20648],[-84.46495,34.20646],[-84.46495,34.20553],[-84.46629,34.20515],[-84.47051,34.21014],[-84.47049,34.21445],[-84.46214,34.21389],[-84.46244,34.20648]]],[[[-84.54158,34.22817],[-84.5416,34.23005],[-84.53623,34.22995],[-84.53516,34.22993],[-84.53515,34.23175],[-84.53727,34.23179],[-84.53726,34.23361],[-84.53302,34.23355],[-84.53299,34.23177],[-84.52877,34.2316],[-84.52882,34.22783],[-84.53071,34.22791],[-84.53078,34.2242],[-84.52432,34.22408],[-84.52435,34.22225],[-84.52218,34.22221],[-84.52223,34.22008],[-84.51798,34.21988],[-84.51772,34.22194],[-84.51367,34.22194],[-84.51366,34.21917],[-84.51019,34.22133],[-84.51018,34.22243],[-84.50822,34.22224],[-84.50842,34.22035],[-84.51033,34.21934],[-84.50962,34.21767],[-84.51055,34.21738],[-84.51117,34.21888],[-84.5127,34.21804],[-84.51361,34.21601],[-84.51119,34.21669],[-84.51018,34.2147],[-84.51357,34.21291],[-84.51427,34.21347],[-84.51335,34.21065],[-84.51328,34.20729],[-84.51698,34.20738],[-84.51744,34.20925],[-84.51614,34.20997],[-84.51482,34.21033],[-84.51513,34.21089],[-84.51487,34.21249],[-84.51539,34.21263],[-84.517,34.21307],[-84.51704,34.21483],[-84.51565,34.21479],[-84.51613,34.21617],[-84.51619,34.21628],[-84.51871,34.21487],[-84.52382,34.21499],[-84.52535,34.2122],[-84.52756,34.21226],[-84.5276,34.21215],[-84.53298,34.21412],[-84.53257,34.21478],[-84.53403,34.21539],[-84.53373,34.21597],[-84.53421,34.2184],[-84.53543,34.21795],[-84.53599,34.2161],[-84.53659,34.21544],[-84.53738,34.21576],[-84.53735,34.22071],[-84.53681,34.22086],[-84.53314,34.22023],[-84.53458,34.22187],[-84.53478,34.22234],[-84.5481,34.22243],[-84.54808,34.22632],[-84.54591,34.22631],[-84.54589,34.22821],[-84.54158,34.22817]]],[[[-84.52897,34.27795],[-84.52902,34.27569],[-84.53003,34.2748],[-84.52356,34.27478],[-84.52616,34.27868],[-84.52412,34.28136],[-84.52046,34.28135],[-84.51908,34.28019],[-84.51742,34.27994],[-84.51749,34.27793],[-84.5175,34.27727],[-84.5173,34.27466],[-84.51527,34.27461],[-84.50704,34.27434],[-84.50678,34.27266],[-84.50537,34.27388],[-84.50475,34.27439],[-84.50455,34.28185],[-84.49611,34.28176],[-84.49607,34.28924],[-84.49106,34.2893],[-84.47907,34.28903],[-84.4791,34.29672],[-84.4751,34.29678],[-84.47503,34.29334],[-84.47396,34.29224],[-84.47052,34.29088],[-84.46503,34.29313],[-84.46545,34.29468],[-84.46962,34.29738],[-84.47082,34.29897],[-84.4707,34.30733],[-84.47376,34.30734],[-84.47749,34.30859],[-84.47837,34.30755],[-84.47951,34.30819],[-84.47634,34.31272],[-84.47609,34.31132],[-84.46206,34.31121],[-84.46085,34.30827],[-84.46199,34.30828],[-84.46197,34.2966],[-84.45832,34.29612],[-84.45762,34.29864],[-84.45582,34.29905],[-84.45591,34.29798],[-84.45765,34.2966],[-84.45712,34.29475],[-84.45507,34.29528],[-84.45507,34.29653],[-84.45306,34.29651],[-84.45306,34.29163],[-84.45355,34.29079],[-84.45293,34.29053],[-84.45129,34.29096],[-84.45018,34.29061],[-84.44929,34.28957],[-84.44909,34.28807],[-84.4483,34.28745],[-84.44897,34.28769],[-84.44983,34.28878],[-84.45139,34.28887],[-84.45365,34.29009],[-84.45422,34.28915],[-84.45553,34.28884],[-84.45521,34.28655],[-84.4537,34.28666],[-84.45305,34.28558],[-84.45333,34.28143],[-84.46179,34.28161],[-84.46187,34.28515],[-84.46257,34.28142],[-84.46383,34.28199],[-84.46136,34.27849],[-84.46285,34.27785],[-84.46632,34.27752],[-84.46641,34.27389],[-84.46273,34.2737],[-84.45971,34.27354],[-84.46428,34.27074],[-84.46645,34.26852],[-84.46664,34.26647],[-84.46252,34.26768],[-84.46094,34.26511],[-84.46164,34.26311],[-84.46376,34.26374],[-84.46451,34.26232],[-84.46351,34.26154],[-84.46424,34.25992],[-84.46219,34.26127],[-84.45749,34.26047],[-84.45731,34.25945],[-84.45445,34.26085],[-84.45439,34.26296],[-84.45,34.26297],[-84.44956,34.26123],[-84.454,34.26033],[-84.45264,34.25933],[-84.44905,34.26063],[-84.44745,34.25945],[-84.4452,34.25661],[-84.44492,34.25551],[-84.4459,34.25237],[-84.44236,34.25224],[-84.44265,34.24964],[-84.44563,34.24742],[-84.45328,34.24913],[-84.45434,34.25089],[-84.45679,34.25091],[-84.46028,34.24899],[-84.46166,34.24318],[-84.45763,34.24322],[-84.4582,34.23753],[-84.45506,34.237],[-84.45495,34.23788],[-84.45618,34.23807],[-84.45577,34.24003],[-84.45299,34.24004],[-84.45298,34.24319],[-84.4508,34.24316],[-84.4512,34.23914],[-84.45266,34.23911],[-84.45271,34.23658],[-84.45101,34.23584],[-84.4518,34.23543],[-84.4518,34.2336],[-84.45301,34.2336],[-84.45319,34.22848],[-84.45932,34.22851],[-84.46026,34.22331],[-84.45634,34.21836],[-84.45834,34.21582],[-84.46188,34.21979],[-84.46299,34.22042],[-84.46548,34.22056],[-84.47046,34.22263],[-84.47261,34.22474],[-84.475,34.22369],[-84.47631,34.22473],[-84.47688,34.2249],[-84.47731,34.22473],[-84.47721,34.22339],[-84.47766,34.22188],[-84.47047,34.22164],[-84.47049,34.21445],[-84.47565,34.21446],[-84.47734,34.21792],[-84.47945,34.2207],[-84.48049,34.21945],[-84.48342,34.21952],[-84.48481,34.22149],[-84.48691,34.21995],[-84.49053,34.21374],[-84.49105,34.2117],[-84.48883,34.21286],[-84.49078,34.21108],[-84.49362,34.20451],[-84.4947,34.2021],[-84.50028,34.19798],[-84.50099,34.19685],[-84.50311,34.19493],[-84.50388,34.18979],[-84.50346,34.18971],[-84.5035,34.18827],[-84.50313,34.18757],[-84.5061,34.18647],[-84.50736,34.18642],[-84.50907,34.18641],[-84.50963,34.18535],[-84.50738,34.18518],[-84.50788,34.18214],[-84.50852,34.18169],[-84.51003,34.18168],[-84.51415,34.18149],[-84.51326,34.17775],[-84.51414,34.17483],[-84.51759,34.17507],[-84.52107,34.17441],[-84.52533,34.1744],[-84.5253,34.1745],[-84.52704,34.17402],[-84.52696,34.17631],[-84.52836,34.17746],[-84.52475,34.17973],[-84.52428,34.18056],[-84.52517,34.18189],[-84.52865,34.18183],[-84.52927,34.18294],[-84.52927,34.18551],[-84.52694,34.1854],[-84.52685,34.18908],[-84.52259,34.1895],[-84.52173,34.1886],[-84.52043,34.18753],[-84.51697,34.187],[-84.51384,34.18915],[-84.51384,34.19257],[-84.51134,34.19381],[-84.51058,34.1961],[-84.50999,34.19609],[-84.51001,34.19856],[-84.51211,34.19823],[-84.51251,34.19734],[-84.51355,34.1972],[-84.51356,34.19741],[-84.51418,34.19718],[-84.51418,34.19693],[-84.51573,34.19686],[-84.51657,34.19739],[-84.51662,34.19631],[-84.51635,34.19632],[-84.51557,34.19499],[-84.51641,34.19459],[-84.51744,34.19632],[-84.5179,34.19633],[-84.51784,34.1939],[-84.51896,34.19275],[-84.52218,34.19271],[-84.52222,34.19635],[-84.52542,34.19886],[-84.52459,34.19999],[-84.5228,34.19892],[-84.52222,34.20018],[-84.51983,34.20019],[-84.51824,34.19821],[-84.51753,34.2039],[-84.51588,34.20412],[-84.51607,34.20254],[-84.51566,34.20233],[-84.51437,34.202],[-84.51443,34.19979],[-84.51355,34.20035],[-84.51112,34.20034],[-84.51114,34.2027],[-84.50971,34.20343],[-84.50969,34.20242],[-84.50651,34.20284],[-84.50726,34.2038],[-84.5071,34.20653],[-84.50906,34.2066],[-84.50723,34.20761],[-84.50741,34.2088],[-84.50622,34.20985],[-84.50989,34.21046],[-84.5098,34.21282],[-84.50828,34.2138],[-84.50644,34.21264],[-84.50482,34.21539],[-84.505,34.21651],[-84.50722,34.21758],[-84.5075,34.21975],[-84.50604,34.22247],[-84.5061,34.22377],[-84.50801,34.22379],[-84.50663,34.22561],[-84.50601,34.22751],[-84.5074,34.22707],[-84.50683,34.22848],[-84.50844,34.22852],[-84.50909,34.2267],[-84.50865,34.22554],[-84.51004,34.22572],[-84.51098,34.22468],[-84.51181,34.22515],[-84.51032,34.22622],[-84.51136,34.22728],[-84.51063,34.2286],[-84.51191,34.22864],[-84.51253,34.23011],[-84.51362,34.23035],[-84.51363,34.23201],[-84.51572,34.23113],[-84.51573,34.23318],[-84.51308,34.23336],[-84.51207,34.23461],[-84.51258,34.23566],[-84.51141,34.23687],[-84.51135,34.24048],[-84.50916,34.24043],[-84.50913,34.24241],[-84.50746,34.24239],[-84.50753,34.23789],[-84.50935,34.23749],[-84.50907,34.23567],[-84.50577,34.22935],[-84.50485,34.22934],[-84.50458,34.22704],[-84.50053,34.22812],[-84.50371,34.23003],[-84.50495,34.2316],[-84.50742,34.23685],[-84.50413,34.24182],[-84.50428,34.24389],[-84.50368,34.24393],[-84.49931,34.24424],[-84.50012,34.24529],[-84.4988,34.24618],[-84.49802,34.24876],[-84.49888,34.25059],[-84.50038,34.25122],[-84.5001,34.25411],[-84.50069,34.25552],[-84.50381,34.25564],[-84.5058,34.25753],[-84.50661,34.25709],[-84.50798,34.25897],[-84.51065,34.26023],[-84.51475,34.26018],[-84.51472,34.253],[-84.50959,34.25557],[-84.50672,34.25544],[-84.50509,34.25456],[-84.50288,34.2515],[-84.52208,34.25164],[-84.52197,34.25975],[-84.53942,34.26013],[-84.53938,34.2672],[-84.53065,34.26716],[-84.53035,34.27791],[-84.52897,34.27795]],[[-84.5152,34.18222],[-84.51515,34.18238],[-84.51497,34.1825],[-84.51492,34.18291],[-84.51466,34.18314],[-84.51455,34.18326],[-84.51446,34.18372],[-84.51432,34.18394],[-84.51416,34.18399],[-84.51409,34.18532],[-84.51473,34.18533],[-84.51583,34.18392],[-84.51605,34.183],[-84.51552,34.18221],[-84.51563,34.18189],[-84.5152,34.18222]],[[-84.50887,34.20179],[-84.5104,34.20034],[-84.50968,34.20034],[-84.5081,34.19982],[-84.50662,34.20203],[-84.50887,34.20179]],[[-84.50215,34.19812],[-84.50036,34.19901],[-84.49731,34.20149],[-84.49481,34.20483],[-84.49402,34.20671],[-84.49669,34.20578],[-84.49871,34.20593],[-84.49946,34.20501],[-84.49973,34.20691],[-84.50041,34.20553],[-84.50288,34.20469],[-84.50388,34.20526],[-84.50474,34.20406],[-84.50407,34.20418],[-84.50525,34.20346],[-84.50522,34.20139],[-84.50618,34.20235],[-84.50767,34.19949],[-84.50488,34.19942],[-84.50493,34.19608],[-84.50917,34.19354],[-84.507,34.19375],[-84.50591,34.19161],[-84.5048,34.19288],[-84.50215,34.19812]],[[-84.49615,34.25911],[-84.49628,34.25332],[-84.49623,34.25197],[-84.49515,34.25243],[-84.49397,34.25299],[-84.49387,34.25179],[-84.49195,34.25172],[-84.49155,34.25284],[-84.49394,34.25332],[-84.48986,34.25367],[-84.48982,34.25605],[-84.49106,34.25526],[-84.49468,34.256],[-84.4944,34.25704],[-84.4941,34.25802],[-84.49086,34.25881],[-84.48758,34.25854],[-84.48766,34.26806],[-84.4876,34.2742],[-84.49617,34.27428],[-84.50177,34.27464],[-84.50108,34.27188],[-84.49769,34.27048],[-84.49787,34.26675],[-84.50525,34.26669],[-84.50562,34.26187],[-84.50581,34.25935],[-84.50221,34.25934],[-84.50118,34.25928],[-84.49615,34.25911]],[[-84.50049,34.20836],[-84.50044,34.20996],[-84.49909,34.20993],[-84.49824,34.21147],[-84.49603,34.21034],[-84.49311,34.21029],[-84.49321,34.21362],[-84.49604,34.21355],[-84.49604,34.21468],[-84.49912,34.21467],[-84.49901,34.21646],[-84.50163,34.21653],[-84.5027,34.21011],[-84.5037,34.20897],[-84.50544,34.20897],[-84.50557,34.20876],[-84.50564,34.20862],[-84.50327,34.20861],[-84.50175,34.20736],[-84.50049,34.20836]],[[-84.50165,34.2073],[-84.50495,34.20705],[-84.50504,34.20567],[-84.50349,34.20533],[-84.50173,34.20565],[-84.50165,34.2073]],[[-84.50199,34.2159],[-84.50364,34.21607],[-84.50453,34.21469],[-84.50269,34.21346],[-84.50261,34.2132],[-84.50199,34.2159]],[[-84.49613,34.27843],[-84.49773,34.27996],[-84.49851,34.27908],[-84.49614,34.27666],[-84.49613,34.278],[-84.49613,34.27843]],[[-84.492,34.21875],[-84.49281,34.21962],[-84.49602,34.21918],[-84.49822,34.22045],[-84.49761,34.21889],[-84.49388,34.21751],[-84.49236,34.21623],[-84.492,34.21875]],[[-84.49465,34.2094],[-84.49443,34.20852],[-84.49501,34.2079],[-84.49412,34.20782],[-84.49319,34.20944],[-84.49465,34.2094]],[[-84.49225,34.21616],[-84.49315,34.2149],[-84.49259,34.21194],[-84.4905,34.21811],[-84.49147,34.21903],[-84.49225,34.21616]],[[-84.47927,34.22413],[-84.48012,34.22362],[-84.48108,34.22283],[-84.4815,34.2226],[-84.48234,34.22238],[-84.48332,34.22292],[-84.48443,34.22223],[-84.48449,34.22167],[-84.48376,34.22191],[-84.47922,34.22191],[-84.47927,34.22413]],[[-84.4709,34.25491],[-84.46843,34.25604],[-84.47,34.25773],[-84.47043,34.2586],[-84.47245,34.25886],[-84.47319,34.25688],[-84.47197,34.25511],[-84.47207,34.25628],[-84.4709,34.25491]],[[-84.47046,34.23782],[-84.47147,34.23794],[-84.47244,34.23783],[-84.47102,34.23587],[-84.47048,34.23611],[-84.47046,34.23782]],[[-84.46974,34.26035],[-84.46899,34.26008],[-84.46862,34.25955],[-84.46831,34.25896],[-84.46827,34.25866],[-84.46798,34.25821],[-84.46773,34.26078],[-84.468,34.26303],[-84.46878,34.26304],[-84.46969,34.2616],[-84.47028,34.2623],[-84.4703,34.26125],[-84.47027,34.26084],[-84.47003,34.26071],[-84.46974,34.26035]],[[-84.45846,34.25214],[-84.45862,34.2525],[-84.4595,34.2526],[-84.45972,34.25326],[-84.4623,34.25331],[-84.46261,34.2543],[-84.46468,34.25388],[-84.46595,34.25117],[-84.46483,34.2514],[-84.46279,34.2514],[-84.45996,34.25185],[-84.45846,34.25214]],[[-84.45903,34.29058],[-84.45833,34.29144],[-84.45654,34.29062],[-84.45525,34.2915],[-84.45632,34.29214],[-84.45838,34.29272],[-84.45996,34.2928],[-84.46027,34.29188],[-84.46022,34.29183],[-84.45964,34.29108],[-84.45936,34.29078],[-84.45903,34.29058]]]]}},{"type":"Feature","properties":{"name":"CobbLinc Go","boundary_type":"places","source":"Census TIGER place","fidelity":"exact","updated":"2026-09","units":"Austell city; Powder Springs city","note":"Currently serves South Cobb (Austell, Powder Springs); replaced former FLEX service; planning expansion to Mableton, Acworth, Kennesaw","confidence":0.8},"geometry":{"type":"MultiPolygon","coordinates":[[[[-84.67664,33.83304],[-84.6721,33.83066],[-84.67211,33.83098],[-84.67411,33.83175],[-84.67643,33.83332],[-84.6807,33.83725],[-84.68551,33.84194],[-84.68616,33.84138],[-84.69197,33.84328],[-84.69195,33.84455],[-84.69408,33.84459],[-84.69398,33.84274],[-84.69829,33.84284],[-84.69837,33.84108],[-84.69946,33.84115],[-84.70006,33.84271],[-84.70084,33.84279],[-84.69987,33.84478],[-84.70071,33.84597],[-84.69923,33.84812],[-84.69827,33.84817],[-84.69821,33.85187],[-84.70076,33.85193],[-84.70071,33.85375],[-84.70237,33.85296],[-84.70258,33.85565],[-84.70028,33.85559],[-84.70028,33.85674],[-84.69832,33.85669],[-84.69923,33.85417],[-84.69824,33.85415],[-84.69824,33.85673],[-84.69805,33.86056],[-84.69755,33.8654],[-84.70695,33.86863],[-84.70698,33.86818],[-84.70484,33.86471],[-84.70923,33.86572],[-84.70922,33.86712],[-84.71031,33.86565],[-84.7127,33.86499],[-84.71269,33.86337],[-84.71263,33.86341],[-84.71168,33.86132],[-84.71596,33.86161],[-84.71814,33.86086],[-84.71838,33.86693],[-84.71607,33.86692],[-84.71605,33.86941],[-84.71173,33.86991],[-84.71382,33.87084],[-84.71386,33.87245],[-84.71504,33.8738],[-84.71593,33.87384],[-84.71598,33.87113],[-84.72005,33.87082],[-84.72009,33.87268],[-84.72192,33.87253],[-84.72448,33.87039],[-84.72441,33.87929],[-84.7182,33.87789],[-84.71896,33.87897],[-84.71976,33.87969],[-84.72437,33.88154],[-84.72435,33.88174],[-84.7242,33.8852],[-84.71997,33.88511],[-84.71997,33.88862],[-84.70644,33.88858],[-84.70538,33.88668],[-84.70677,33.88671],[-84.70677,33.88498],[-84.70881,33.88499],[-84.70893,33.88303],[-84.7073,33.88253],[-84.70677,33.88492],[-84.70688,33.88309],[-84.70747,33.88146],[-84.70395,33.88126],[-84.69806,33.88093],[-84.69801,33.87889],[-84.69972,33.87883],[-84.69978,33.87745],[-84.69641,33.87736],[-84.69675,33.8789],[-84.69584,33.88466],[-84.69358,33.8846],[-84.69262,33.88831],[-84.68796,33.88816],[-84.68922,33.88724],[-84.68935,33.88076],[-84.69028,33.8804],[-84.69227,33.87908],[-84.69166,33.87712],[-84.68954,33.87712],[-84.68963,33.87348],[-84.68594,33.87343],[-84.68495,33.87236],[-84.68086,33.8715],[-84.68086,33.87382],[-84.6797,33.87451],[-84.68058,33.875],[-84.68332,33.87517],[-84.68319,33.87606],[-84.68367,33.87606],[-84.68355,33.87707],[-84.68426,33.87711],[-84.6837,33.87881],[-84.68082,33.87874],[-84.68083,33.87706],[-84.67721,33.87703],[-84.67721,33.88359],[-84.67638,33.88393],[-84.67245,33.88284],[-84.67122,33.88001],[-84.67125,33.87709],[-84.67197,33.87525],[-84.67268,33.87509],[-84.67418,33.87452],[-84.67418,33.87332],[-84.66766,33.87338],[-84.66761,33.87515],[-84.66834,33.87511],[-84.67055,33.87531],[-84.66979,33.87823],[-84.66757,33.87879],[-84.66743,33.88065],[-84.6642,33.88059],[-84.66283,33.88056],[-84.66282,33.8788],[-84.66231,33.87832],[-84.66064,33.87608],[-84.65873,33.87676],[-84.65866,33.87682],[-84.655,33.87686],[-84.6531,33.87764],[-84.64852,33.87648],[-84.64832,33.87472],[-84.64543,33.87461],[-84.64555,33.871],[-84.64723,33.8671],[-84.64881,33.86582],[-84.64829,33.86451],[-84.64566,33.86385],[-84.64312,33.86068],[-84.6442,33.85949],[-84.6442,33.85859],[-84.64553,33.8586],[-84.64553,33.85892],[-84.64877,33.85827],[-84.65276,33.85921],[-84.65455,33.85701],[-84.65729,33.85743],[-84.65725,33.85725],[-84.65854,33.85746],[-84.6585,33.85509],[-84.66311,33.85508],[-84.66294,33.8536],[-84.66183,33.85356],[-84.66263,33.85214],[-84.66305,33.85329],[-84.66778,33.85329],[-84.66857,33.85178],[-84.66516,33.85151],[-84.66831,33.85073],[-84.66914,33.85197],[-84.67209,33.85035],[-84.67211,33.84941],[-84.66799,33.84953],[-84.66954,33.84906],[-84.66849,33.84737],[-84.66714,33.8478],[-84.66624,33.84652],[-84.66611,33.84636],[-84.66751,33.84479],[-84.66795,33.84435],[-84.66809,33.84497],[-84.67439,33.84591],[-84.67592,33.84439],[-84.67904,33.84443],[-84.68097,33.8444],[-84.68105,33.84078],[-84.67853,33.84072],[-84.6773,33.84084],[-84.67642,33.84084],[-84.67629,33.84102],[-84.67637,33.83862],[-84.67423,33.8362],[-84.67342,33.83722],[-84.67181,33.83719],[-84.6702,33.83361],[-84.67126,33.83721],[-84.663,33.83714],[-84.66299,33.83878],[-84.66408,33.83768],[-84.66779,33.83823],[-84.66764,33.84071],[-84.66303,33.84112],[-84.66298,33.83947],[-84.65779,33.83949],[-84.65779,33.83882],[-84.65467,33.83882],[-84.65471,33.83336],[-84.65352,33.83335],[-84.6535,33.83201],[-84.65465,33.83252],[-84.65457,33.83038],[-84.6559,33.8303],[-84.65581,33.82741],[-84.65045,33.8278],[-84.65214,33.82845],[-84.65274,33.83006],[-84.64926,33.83024],[-84.64868,33.83165],[-84.64672,33.83145],[-84.64819,33.83004],[-84.64662,33.82782],[-84.64664,33.82901],[-84.64503,33.82984],[-84.63713,33.8297],[-84.63716,33.83095],[-84.63724,33.83343],[-84.63949,33.8334],[-84.63909,33.83705],[-84.63668,33.83777],[-84.6335,33.83683],[-84.63352,33.83618],[-84.63282,33.83599],[-84.63284,33.83413],[-84.6309,33.83333],[-84.63043,33.83113],[-84.62943,33.83014],[-84.62448,33.83163],[-84.62481,33.8336],[-84.6237,33.83339],[-84.62378,33.83384],[-84.6221,33.83403],[-84.62211,33.8334],[-84.62191,33.8334],[-84.62251,33.83166],[-84.62326,33.83148],[-84.62264,33.82852],[-84.62409,33.82637],[-84.62416,33.82427],[-84.61769,33.82445],[-84.61615,33.82499],[-84.61551,33.82759],[-84.61822,33.82739],[-84.61699,33.82907],[-84.61431,33.828],[-84.61245,33.83165],[-84.61072,33.83067],[-84.61183,33.82838],[-84.61457,33.82729],[-84.61644,33.8234],[-84.61716,33.82165],[-84.61561,33.82107],[-84.61566,33.81954],[-84.61781,33.81963],[-84.61762,33.81712],[-84.61487,33.81766],[-84.61458,33.81828],[-84.61496,33.81862],[-84.61452,33.81912],[-84.61173,33.82148],[-84.6113,33.82164],[-84.61106,33.82088],[-84.60744,33.82111],[-84.60704,33.82066],[-84.60703,33.82008],[-84.6113,33.82044],[-84.61129,33.81959],[-84.60989,33.81956],[-84.61008,33.81742],[-84.60912,33.81751],[-84.60911,33.81916],[-84.60707,33.8191],[-84.60837,33.81865],[-84.60639,33.81744],[-84.60583,33.81904],[-84.60465,33.81904],[-84.60573,33.81709],[-84.60703,33.81747],[-84.60834,33.81748],[-84.60987,33.81732],[-84.61081,33.81554],[-84.61081,33.81238],[-84.6087,33.81248],[-84.60882,33.81188],[-84.61594,33.81193],[-84.61627,33.81169],[-84.61952,33.81143],[-84.61961,33.81099],[-84.62147,33.81108],[-84.62146,33.80988],[-84.61979,33.80966],[-84.62012,33.80611],[-84.61989,33.80502],[-84.61985,33.80492],[-84.61969,33.80415],[-84.62011,33.8015],[-84.62022,33.80147],[-84.61684,33.79917],[-84.61814,33.79831],[-84.62004,33.80071],[-84.62052,33.80141],[-84.62165,33.80254],[-84.62216,33.80354],[-84.62269,33.80484],[-84.63409,33.80519],[-84.63365,33.80057],[-84.63719,33.80055],[-84.63748,33.79649],[-84.63883,33.79698],[-84.63749,33.79813],[-84.63957,33.79951],[-84.64109,33.79955],[-84.63951,33.80159],[-84.63843,33.80368],[-84.63991,33.80319],[-84.64007,33.80117],[-84.64182,33.80134],[-84.64157,33.80358],[-84.64291,33.80361],[-84.64288,33.8049],[-84.64158,33.80489],[-84.63841,33.80441],[-84.63838,33.80524],[-84.64144,33.80529],[-84.64646,33.80535],[-84.64588,33.80502],[-84.64596,33.80301],[-84.64703,33.80338],[-84.6487,33.80347],[-84.64877,33.80276],[-84.64985,33.8028],[-84.65025,33.80289],[-84.65024,33.80409],[-84.64865,33.804],[-84.64863,33.80512],[-84.64816,33.80538],[-84.65254,33.80544],[-84.65273,33.80544],[-84.66772,33.80564],[-84.66647,33.80688],[-84.66881,33.80887],[-84.66978,33.80769],[-84.67211,33.80748],[-84.67254,33.80926],[-84.67286,33.80975],[-84.67274,33.81266],[-84.66762,33.8125],[-84.66758,33.8133],[-84.66704,33.8133],[-84.66683,33.81371],[-84.66957,33.81353],[-84.67157,33.8136],[-84.67152,33.81435],[-84.67221,33.8144],[-84.67194,33.81513],[-84.66787,33.81514],[-84.6676,33.81928],[-84.66695,33.81749],[-84.66388,33.81685],[-84.66333,33.81929],[-84.66008,33.81852],[-84.65887,33.81688],[-84.65886,33.8184],[-84.66363,33.81954],[-84.66625,33.8193],[-84.66621,33.82069],[-84.66969,33.82102],[-84.66972,33.81931],[-84.67192,33.81934],[-84.67257,33.82127],[-84.67121,33.82285],[-84.66792,33.82282],[-84.66791,33.82638],[-84.67692,33.82647],[-84.6767,33.83062],[-84.67823,33.83096],[-84.68116,33.8307],[-84.68114,33.83501],[-84.68113,33.83649],[-84.67664,33.83304]],[[-84.6414,33.80806],[-84.64239,33.80809],[-84.64241,33.80768],[-84.6414,33.80766],[-84.6414,33.80806]],[[-84.61432,33.8156],[-84.61317,33.81749],[-84.61492,33.81728],[-84.61649,33.81683],[-84.61677,33.81591],[-84.615,33.81563],[-84.61432,33.8156]],[[-84.71423,33.88223],[-84.71195,33.87803],[-84.70983,33.88117],[-84.71256,33.88347],[-84.71138,33.88524],[-84.71803,33.88501],[-84.71427,33.88231],[-84.71556,33.88187],[-84.71465,33.87944],[-84.71423,33.88223]],[[-84.69745,33.85555],[-84.69745,33.85325],[-84.69666,33.85522],[-84.69647,33.85921],[-84.69745,33.85555]],[[-84.69039,33.85729],[-84.69378,33.85737],[-84.69387,33.85536],[-84.69578,33.85518],[-84.69682,33.8518],[-84.69304,33.85253],[-84.69131,33.85532],[-84.69039,33.85729]],[[-84.68562,33.86656],[-84.6852,33.8665],[-84.68438,33.86614],[-84.68231,33.86614],[-84.68232,33.86893],[-84.68382,33.86893],[-84.68402,33.86989],[-84.68509,33.86969],[-84.68512,33.87046],[-84.68875,33.86997],[-84.69605,33.86994],[-84.69541,33.86859],[-84.69024,33.86729],[-84.68781,33.86746],[-84.68562,33.86656]],[[-84.69148,33.88081],[-84.69303,33.88081],[-84.69304,33.87904],[-84.69245,33.87914],[-84.69148,33.87976],[-84.69148,33.88081]],[[-84.68593,33.8656],[-84.686,33.86503],[-84.68538,33.86501],[-84.68541,33.86537],[-84.68593,33.8656]],[[-84.65903,33.8753],[-84.65895,33.87584],[-84.65995,33.87549],[-84.65848,33.87306],[-84.65814,33.87319],[-84.65903,33.8753]],[[-84.65456,33.86759],[-84.65454,33.86713],[-84.65476,33.8667],[-84.65554,33.86621],[-84.65346,33.86421],[-84.65233,33.86287],[-84.65175,33.86461],[-84.64994,33.86536],[-84.64998,33.86593],[-84.65307,33.86595],[-84.65484,33.86961],[-84.65598,33.87073],[-84.65686,33.87259],[-84.65744,33.87237],[-84.65676,33.87083],[-84.65539,33.86922],[-84.65456,33.86759]],[[-84.65211,33.86154],[-84.65192,33.86056],[-84.65238,33.85958],[-84.6504,33.85898],[-84.64973,33.86079],[-84.65211,33.86154]],[[-84.65013,33.87648],[-84.65186,33.8767],[-84.65139,33.87448],[-84.6514,33.87408],[-84.64953,33.87403],[-84.65013,33.87648]]],[[[-84.66492,33.85053],[-84.66492,33.8494],[-84.66782,33.84941],[-84.66791,33.84969],[-84.668,33.84992],[-84.66609,33.84993],[-84.66609,33.85051],[-84.66492,33.85053]]]]}},{"type":"Feature","properties":{"name":"Cook County Transit","boundary_type":"county","source":"Census TIGER county","fidelity":"exact","updated":"2026-09","units":"Cook County","note":"County-operated demand-response system","confidence":0.9},"geometry":{"type":"Polygon","coordinates":[[[-83.57396,31.08033],[-83.57665,31.08461],[-83.57394,31.085],[-83.57302,31.08683],[-83.57156,31.08785],[-83.57026,31.08657],[-83.56823,31.08835],[-83.56716,31.09156],[-83.56903,31.09407],[-83.56758,31.09447],[-83.56743,31.09764],[-83.56937,31.09774],[-83.5675,31.10075],[-83.5666,31.10042],[-83.56515,31.10163],[-83.56379,31.10104],[-83.56325,31.10417],[-83.56217,31.10435],[-83.56207,31.10306],[-83.56012,31.10596],[-83.55972,31.1084],[-83.55847,31.10908],[-83.55954,31.11032],[-83.55733,31.1105],[-83.55814,31.11184],[-83.55776,31.11315],[-83.55888,31.11509],[-83.55858,31.11675],[-83.55943,31.11842],[-83.55847,31.1195],[-83.55703,31.12292],[-83.55573,31.12188],[-83.5551,31.12194],[-83.55557,31.12312],[-83.55854,31.12571],[-83.55865,31.12743],[-83.55735,31.12738],[-83.55779,31.13019],[-83.55709,31.13074],[-83.55758,31.13245],[-83.55636,31.1346],[-83.55692,31.13891],[-83.55579,31.14191],[-83.55459,31.14181],[-83.55591,31.14451],[-83.55349,31.14401],[-83.55175,31.14479],[-83.54843,31.14779],[-83.54349,31.14799],[-83.54313,31.15115],[-83.54378,31.15392],[-83.54314,31.16009],[-83.54329,31.16266],[-83.54223,31.16419],[-83.54286,31.16643],[-83.54247,31.16965],[-83.54338,31.17043],[-83.54105,31.17419],[-83.54153,31.17743],[-83.54055,31.17919],[-83.53877,31.17996],[-83.53671,31.18164],[-83.53404,31.18056],[-83.53204,31.18084],[-83.52973,31.18402],[-83.52901,31.18325],[-83.52897,31.18435],[-83.5274,31.18476],[-83.52627,31.1865],[-83.5261,31.18852],[-83.52714,31.18943],[-83.52574,31.18977],[-83.52558,31.19156],[-83.52381,31.19041],[-83.52325,31.19246],[-83.52135,31.19294],[-83.52162,31.19449],[-83.51932,31.1963],[-83.52065,31.19736],[-83.52022,31.19924],[-83.51859,31.20098],[-83.51511,31.20261],[-83.51172,31.20551],[-83.50996,31.20597],[-83.51024,31.20783],[-83.50968,31.21013],[-83.51189,31.21269],[-83.51156,31.214],[-83.51259,31.21605],[-83.51042,31.2154],[-83.51111,31.21631],[-83.51004,31.2191],[-83.50864,31.22031],[-83.50807,31.22212],[-83.50991,31.22331],[-83.50982,31.22447],[-83.51118,31.22537],[-83.51005,31.22648],[-83.51206,31.22707],[-83.51347,31.22849],[-83.51295,31.23157],[-83.51361,31.23286],[-83.51314,31.23775],[-83.51103,31.24184],[-83.51205,31.24531],[-83.50952,31.24901],[-83.5096,31.25143],[-83.50757,31.252],[-83.50777,31.25416],[-83.50862,31.2545],[-83.50753,31.25602],[-83.50784,31.25783],[-83.50539,31.25964],[-83.5065,31.25976],[-83.50774,31.26102],[-83.50696,31.26377],[-83.50576,31.26572],[-83.50629,31.26738],[-83.50556,31.269],[-83.50616,31.27444],[-83.50742,31.27601],[-83.5068,31.27686],[-83.50699,31.27885],[-83.50637,31.27977],[-83.50793,31.28248],[-83.51033,31.28408],[-83.5111,31.28528],[-83.51032,31.28665],[-83.51031,31.28861],[-83.51124,31.29019],[-83.51031,31.29296],[-83.51091,31.29487],[-83.5121,31.29573],[-83.51439,31.29867],[-83.5153,31.30235],[-83.51466,31.30335],[-83.51482,31.30534],[-83.51434,31.30864],[-83.51464,31.31063],[-83.51334,31.31209],[-83.5127,31.31481],[-83.5133,31.31593],[-83.51329,31.31963],[-83.51389,31.32097],[-83.51311,31.32228],[-83.51302,31.32448],[-83.51221,31.32543],[-83.51261,31.3274],[-83.46064,31.32626],[-83.46051,31.33296],[-83.45336,31.33442],[-83.44552,31.33603],[-83.44486,31.34964],[-83.43449,31.35036],[-83.4347,31.34806],[-83.43284,31.34669],[-83.43256,31.34504],[-83.43405,31.33946],[-83.43247,31.33716],[-83.4325,31.3328],[-83.43333,31.3318],[-83.43568,31.33103],[-83.43665,31.32975],[-83.43701,31.32874],[-83.43557,31.32727],[-83.43538,31.32601],[-83.43634,31.32484],[-83.43594,31.32287],[-83.43837,31.32077],[-83.43901,31.3188],[-83.43882,31.31639],[-83.43768,31.31506],[-83.43418,31.31268],[-83.43386,31.31133],[-83.43533,31.30817],[-83.43455,31.30592],[-83.43522,31.30446],[-83.43506,31.30258],[-83.43327,31.3013],[-83.43338,31.29933],[-83.43093,31.29656],[-83.43055,31.29475],[-83.42879,31.29328],[-83.42602,31.29454],[-83.42231,31.29511],[-83.42023,31.29413],[-83.41978,31.29275],[-83.41647,31.29188],[-83.41444,31.28994],[-83.41301,31.28728],[-83.41109,31.28655],[-83.4094,31.2868],[-83.40885,31.28451],[-83.40679,31.28274],[-83.40559,31.27901],[-83.40415,31.27789],[-83.40269,31.2747],[-83.40173,31.27397],[-83.39957,31.27383],[-83.39733,31.27138],[-83.39387,31.26859],[-83.39283,31.26703],[-83.3888,31.26442],[-83.38808,31.26302],[-83.38792,31.26045],[-83.38659,31.25885],[-83.38467,31.25853],[-83.38158,31.25681],[-83.38118,31.25564],[-83.37937,31.25612],[-83.37676,31.2536],[-83.37306,31.25179],[-83.36948,31.25158],[-83.36616,31.24906],[-83.36048,31.24974],[-83.35839,31.25061],[-83.35693,31.24972],[-83.35397,31.25064],[-83.35093,31.25095],[-83.34757,31.25212],[-83.34477,31.25109],[-83.34213,31.24831],[-83.34011,31.24742],[-83.33595,31.24458],[-83.33421,31.24162],[-83.3332,31.23926],[-83.33315,31.23578],[-83.33549,31.23173],[-83.33549,31.23029],[-83.33741,31.22671],[-83.33743,31.22536],[-83.33693,31.2227],[-83.33479,31.22101],[-83.33399,31.21943],[-83.33378,31.21691],[-83.33218,31.21593],[-83.3321,31.21467],[-83.33311,31.21183],[-83.33306,31.20949],[-83.33378,31.20873],[-83.33304,31.20101],[-83.33463,31.19733],[-83.33399,31.19568],[-83.33418,31.19152],[-83.33236,31.19011],[-83.33028,31.18734],[-83.32647,31.18056],[-83.32389,31.17969],[-83.3223,31.17721],[-83.32101,31.1769],[-83.31776,31.17278],[-83.31485,31.17067],[-83.31254,31.16978],[-83.30769,31.16906],[-83.30561,31.16723],[-83.30561,31.16444],[-83.30657,31.16018],[-83.30572,31.1596],[-83.30452,31.15635],[-83.30468,31.14845],[-83.30726,31.14531],[-83.3087,31.14494],[-83.30961,31.14316],[-83.30942,31.14078],[-83.31216,31.13496],[-83.31254,31.13276],[-83.31395,31.13141],[-83.31408,31.12868],[-83.31634,31.12719],[-83.31765,31.12478],[-83.32,31.12419],[-83.32079,31.12288],[-83.32131,31.12016],[-83.32247,31.11826],[-83.32154,31.11608],[-83.32183,31.1129],[-83.32263,31.11166],[-83.32258,31.10779],[-83.32069,31.10685],[-83.3205,31.10543],[-83.32156,31.10234],[-83.32047,31.09796],[-83.32193,31.09766],[-83.3209,31.09672],[-83.31909,31.09721],[-83.31732,31.09565],[-83.31603,31.09393],[-83.31493,31.09366],[-83.31363,31.09121],[-83.31193,31.09024],[-83.30937,31.09031],[-83.30849,31.09127],[-83.30674,31.09148],[-83.30642,31.09267],[-83.30415,31.0918],[-83.3025,31.08937],[-83.30269,31.08798],[-83.30061,31.08795],[-83.30197,31.08587],[-83.30221,31.08358],[-83.29779,31.08289],[-83.29737,31.08076],[-83.29457,31.07939],[-83.29556,31.07753],[-83.29463,31.07671],[-83.29479,31.07433],[-83.29662,31.07192],[-83.29556,31.07162],[-83.29599,31.07018],[-83.29418,31.07048],[-83.29247,31.06979],[-83.29146,31.06848],[-83.28973,31.06958],[-83.28877,31.06885],[-83.28752,31.06938],[-83.28449,31.06551],[-83.28218,31.06571],[-83.27978,31.06335],[-83.27978,31.0617],[-83.2809,31.06078],[-83.27981,31.06035],[-83.28109,31.05959],[-83.28196,31.05776],[-83.28173,31.05609],[-83.28287,31.05584],[-83.28244,31.05451],[-83.28415,31.05334],[-83.28519,31.05117],[-83.28447,31.05034],[-83.28535,31.04926],[-83.28575,31.04516],[-83.28399,31.04361],[-83.28447,31.04189],[-83.28351,31.04086],[-83.28732,31.03813],[-83.28777,31.03926],[-83.28857,31.0374],[-83.2903,31.03648],[-83.29259,31.03319],[-83.29173,31.03197],[-83.29235,31.03092],[-83.29402,31.03078],[-83.29588,31.02828],[-83.29424,31.02858],[-83.29505,31.02728],[-83.29552,31.02727],[-83.31062,31.02742],[-83.31086,31.02734],[-83.35721,31.02873],[-83.3979,31.0299],[-83.42789,31.0305],[-83.43017,31.03081],[-83.43779,31.03103],[-83.43937,31.03083],[-83.47562,31.03196],[-83.47608,31.03301],[-83.47825,31.0322],[-83.48185,31.03264],[-83.48526,31.03523],[-83.48886,31.03533],[-83.4907,31.03683],[-83.49252,31.03651],[-83.49159,31.0375],[-83.4923,31.03912],[-83.49707,31.04072],[-83.49632,31.04144],[-83.49553,31.04423],[-83.49857,31.04845],[-83.49967,31.05093],[-83.5026,31.05312],[-83.50373,31.05115],[-83.50634,31.05037],[-83.50706,31.04836],[-83.5082,31.04829],[-83.51072,31.0506],[-83.51637,31.05087],[-83.51875,31.05211],[-83.52067,31.05205],[-83.52046,31.05324],[-83.52317,31.05342],[-83.52398,31.05456],[-83.52535,31.05391],[-83.52562,31.05529],[-83.5263,31.05391],[-83.52879,31.05379],[-83.52932,31.05118],[-83.53026,31.05121],[-83.53314,31.05279],[-83.53483,31.05296],[-83.53791,31.05132],[-83.54204,31.05111],[-83.54307,31.05198],[-83.54496,31.05207],[-83.54697,31.05346],[-83.54812,31.05282],[-83.54878,31.05387],[-83.54991,31.05338],[-83.55214,31.05501],[-83.55061,31.05531],[-83.55133,31.05658],[-83.55236,31.05558],[-83.55384,31.05611],[-83.55504,31.05828],[-83.55482,31.05934],[-83.55583,31.06093],[-83.55902,31.06159],[-83.56134,31.06542],[-83.56472,31.0679],[-83.56618,31.06816],[-83.56829,31.0707],[-83.57075,31.0717],[-83.56971,31.07315],[-83.57224,31.07571],[-83.57361,31.07574],[-83.57394,31.07895],[-83.57486,31.07813],[-83.57697,31.07984],[-83.57674,31.08051],[-83.57396,31.08033]]]}},{"type":"Feature","properties":{"name":"Crawford County Transit","boundary_type":"county","source":"Census TIGER county","fidelity":"approximate","updated":"2026-09","units":"Crawford County","note":"Base service area is Crawford County (all residents eligible); the county's own site (crawfordcountyga.org/transit-department) states it also transports residents TO Bibb, Houston, Peach, Taylor, and Upson counties for trip purposes (e.g. medical, shopping), but does not describe pickup coverage or a service zone within those five counties, so they are not drawn as separate coverage units here -- see URL for the destination-county language.","confidence":0.75},"geometry":{"type":"Polygon","coordinates":[[[-84.19676,32.70129],[-84.19573,32.70375],[-84.17739,32.74212],[-84.17424,32.74875],[-84.17321,32.75014],[-84.16509,32.7675],[-84.14933,32.80121],[-84.12433,32.80094],[-84.12429,32.80188],[-84.12423,32.83206],[-84.12427,32.84956],[-84.0066,32.84916],[-83.97841,32.84894],[-83.97811,32.85714],[-83.96831,32.85714],[-83.96842,32.84886],[-83.94644,32.8485],[-83.93495,32.84858],[-83.9327,32.8486],[-83.89192,32.84835],[-83.89205,32.81956],[-83.89012,32.81972],[-83.88712,32.81903],[-83.88624,32.81717],[-83.88354,32.8183],[-83.88144,32.81787],[-83.88019,32.81666],[-83.87882,32.81651],[-83.87861,32.81498],[-83.87744,32.8137],[-83.87868,32.81279],[-83.87602,32.81139],[-83.87706,32.81039],[-83.87595,32.80985],[-83.87729,32.80807],[-83.87694,32.80694],[-83.87227,32.80378],[-83.86966,32.80408],[-83.86835,32.8018],[-83.86648,32.801],[-83.86512,32.79967],[-83.86389,32.79853],[-83.86144,32.79787],[-83.8602,32.79661],[-83.86181,32.795],[-83.85863,32.79487],[-83.85692,32.79374],[-83.85711,32.79177],[-83.85656,32.78976],[-83.85673,32.78811],[-83.85482,32.78762],[-83.85141,32.78547],[-83.85238,32.78288],[-83.85343,32.78202],[-83.85211,32.78015],[-83.84771,32.77547],[-83.84795,32.7749],[-83.85139,32.77199],[-83.85063,32.77014],[-83.84897,32.77145],[-83.84675,32.77217],[-83.84521,32.7687],[-83.84317,32.76807],[-83.84119,32.76803],[-83.84116,32.7666],[-83.83938,32.76464],[-83.83767,32.76443],[-83.83806,32.7633],[-83.83524,32.75868],[-83.8301,32.75382],[-83.83145,32.75278],[-83.83159,32.75153],[-83.82891,32.75011],[-83.82829,32.74668],[-83.8244,32.74186],[-83.82307,32.74081],[-83.82187,32.74124],[-83.8191,32.74039],[-83.8167,32.73594],[-83.81507,32.7357],[-83.81332,32.73343],[-83.81273,32.73401],[-83.81062,32.73309],[-83.8093,32.73149],[-83.81014,32.72994],[-83.80827,32.72868],[-83.80472,32.72929],[-83.80213,32.7277],[-83.79904,32.72498],[-83.79761,32.72584],[-83.79487,32.72494],[-83.79444,32.7256],[-83.79125,32.7249],[-83.78763,32.72331],[-83.78592,32.72043],[-83.77998,32.72117],[-83.77848,32.71942],[-83.77687,32.71881],[-83.77513,32.71778],[-83.77415,32.71539],[-83.77434,32.71517],[-83.77182,32.71432],[-83.76958,32.71504],[-83.76903,32.71414],[-83.76236,32.71412],[-83.76193,32.71324],[-83.76059,32.71378],[-83.75905,32.71277],[-83.75852,32.7109],[-83.75574,32.70843],[-83.75596,32.70716],[-83.75415,32.70707],[-83.75436,32.70573],[-83.7533,32.70486],[-83.75167,32.70574],[-83.75137,32.70412],[-83.74895,32.7056],[-83.74721,32.70527],[-83.74718,32.70296],[-83.74588,32.70245],[-83.74565,32.70105],[-83.7434,32.69797],[-83.74223,32.697],[-83.74005,32.69653],[-83.73945,32.69463],[-83.73749,32.69414],[-83.73629,32.69363],[-83.73516,32.69487],[-83.73148,32.69559],[-83.72971,32.69719],[-83.72668,32.69624],[-83.72658,32.69468],[-83.72543,32.69371],[-83.72418,32.69436],[-83.72239,32.69366],[-83.72206,32.69467],[-83.72041,32.69248],[-83.7177,32.69302],[-83.71143,32.69242],[-83.70977,32.69189],[-83.70921,32.69299],[-83.70724,32.69329],[-83.70681,32.69179],[-83.70514,32.69236],[-83.70115,32.69217],[-83.70109,32.6916],[-83.73818,32.69224],[-83.74711,32.69242],[-83.76304,32.69278],[-83.76453,32.69282],[-83.76679,32.69262],[-83.80761,32.66436],[-83.81768,32.65764],[-83.83723,32.64414],[-83.86149,32.62725],[-83.87104,32.62108],[-83.88264,32.6131],[-83.92012,32.58699],[-83.92237,32.5872],[-83.92975,32.58729],[-83.93051,32.58005],[-83.94536,32.56962],[-83.94508,32.56257],[-83.94524,32.55267],[-83.955,32.55274],[-83.95471,32.56305],[-83.9567,32.5618],[-83.97331,32.55047],[-84.00311,32.53019],[-84.00336,32.52993],[-84.00197,32.53247],[-84.00234,32.53322],[-84.00548,32.53374],[-84.0044,32.53513],[-84.00592,32.53899],[-84.00793,32.53958],[-84.00749,32.5367],[-84.00891,32.53657],[-84.00888,32.5386],[-84.01128,32.53759],[-84.01298,32.53775],[-84.01393,32.5426],[-84.0174,32.54606],[-84.01691,32.54778],[-84.0152,32.54783],[-84.01473,32.5492],[-84.01601,32.55025],[-84.01792,32.55066],[-84.01983,32.55191],[-84.02051,32.55137],[-84.01983,32.54978],[-84.02133,32.54853],[-84.02034,32.54644],[-84.02153,32.54501],[-84.02188,32.5469],[-84.02393,32.54783],[-84.02621,32.54749],[-84.02608,32.55048],[-84.02957,32.55412],[-84.02948,32.5551],[-84.03108,32.55608],[-84.0331,32.55434],[-84.03481,32.55465],[-84.03538,32.55849],[-84.03706,32.55707],[-84.04048,32.5577],[-84.04397,32.55535],[-84.04538,32.55625],[-84.04589,32.55828],[-84.04485,32.56163],[-84.04536,32.56527],[-84.04634,32.56753],[-84.0485,32.56802],[-84.04928,32.56616],[-84.0509,32.56529],[-84.05266,32.56732],[-84.05127,32.56885],[-84.05298,32.57031],[-84.05084,32.57071],[-84.04857,32.57433],[-84.05031,32.57519],[-84.05182,32.57471],[-84.05323,32.57326],[-84.05425,32.57412],[-84.05299,32.57641],[-84.05368,32.57708],[-84.05588,32.57572],[-84.05724,32.57572],[-84.05752,32.57753],[-84.05857,32.5781],[-84.06059,32.57732],[-84.06273,32.57843],[-84.06213,32.58023],[-84.06427,32.58066],[-84.06523,32.58205],[-84.06408,32.58298],[-84.06418,32.58419],[-84.0665,32.58506],[-84.06617,32.58632],[-84.06295,32.58759],[-84.06232,32.58937],[-84.0629,32.59119],[-84.06525,32.58954],[-84.06763,32.59031],[-84.06958,32.59203],[-84.07057,32.59402],[-84.07125,32.59826],[-84.06776,32.60266],[-84.06647,32.60319],[-84.06615,32.60504],[-84.06794,32.60766],[-84.06631,32.60936],[-84.0664,32.61116],[-84.06763,32.61211],[-84.06908,32.613],[-84.07176,32.61686],[-84.07217,32.6186],[-84.07166,32.62065],[-84.06989,32.62206],[-84.07017,32.62382],[-84.07327,32.62376],[-84.07388,32.62541],[-84.07141,32.62729],[-84.06862,32.62797],[-84.06649,32.62681],[-84.06284,32.62654],[-84.06232,32.62711],[-84.06303,32.62959],[-84.06149,32.6306],[-84.05918,32.62979],[-84.05835,32.63029],[-84.05838,32.63374],[-84.05647,32.63504],[-84.05676,32.63652],[-84.05788,32.63676],[-84.05872,32.635],[-84.05975,32.63437],[-84.06195,32.63528],[-84.06422,32.63826],[-84.0647,32.63972],[-84.06582,32.63998],[-84.06848,32.63722],[-84.07138,32.63606],[-84.07396,32.63573],[-84.07452,32.63625],[-84.07373,32.63971],[-84.0763,32.64292],[-84.07816,32.64724],[-84.08229,32.65015],[-84.08584,32.65437],[-84.09013,32.65766],[-84.09497,32.66188],[-84.09626,32.66375],[-84.09726,32.66757],[-84.09873,32.66928],[-84.10497,32.67339],[-84.10521,32.67712],[-84.10406,32.6803],[-84.10424,32.68324],[-84.10592,32.68505],[-84.10742,32.68521],[-84.11532,32.68346],[-84.11612,32.68224],[-84.11589,32.67858],[-84.11764,32.67722],[-84.12324,32.677],[-84.1255,32.67634],[-84.12819,32.67436],[-84.13413,32.67574],[-84.13591,32.67657],[-84.13991,32.67913],[-84.14013,32.68068],[-84.13936,32.68393],[-84.14043,32.68485],[-84.14346,32.68544],[-84.14574,32.68525],[-84.14923,32.68312],[-84.154,32.67904],[-84.15762,32.6792],[-84.1626,32.67782],[-84.16727,32.67804],[-84.17422,32.67766],[-84.1755,32.67782],[-84.18139,32.67947],[-84.18505,32.67984],[-84.18871,32.68131],[-84.19309,32.68356],[-84.19461,32.6832],[-84.19638,32.68379],[-84.19947,32.68718],[-84.2002,32.68841],[-84.20263,32.69002],[-84.19676,32.70129]]]}},{"type":"Feature","properties":{"name":"Habersham County Transit","boundary_type":"county","source":"Census TIGER county","fidelity":"exact","updated":"2026-09","units":"Habersham County","note":"County-operated demand-response system","confidence":0.9},"geometry":{"type":"Polygon","coordinates":[[[-83.67755,34.80382],[-83.66754,34.80649],[-83.66637,34.80705],[-83.66333,34.81099],[-83.65889,34.81301],[-83.65755,34.81463],[-83.65672,34.81778],[-83.65574,34.81931],[-83.65306,34.82126],[-83.65219,34.82299],[-83.64868,34.82537],[-83.64714,34.82464],[-83.64358,34.824],[-83.63975,34.82278],[-83.63534,34.82323],[-83.634,34.82426],[-83.62958,34.82533],[-83.62824,34.82439],[-83.62497,34.82302],[-83.62199,34.82283],[-83.61877,34.82366],[-83.61308,34.82201],[-83.61231,34.8223],[-83.6113,34.82408],[-83.61136,34.82587],[-83.60762,34.82759],[-83.60552,34.82761],[-83.60103,34.82608],[-83.5965,34.82479],[-83.59455,34.823],[-83.59166,34.82148],[-83.58782,34.82063],[-83.5869,34.81999],[-83.58769,34.81823],[-83.58704,34.81711],[-83.58414,34.81525],[-83.58431,34.81262],[-83.58195,34.81115],[-83.58176,34.81018],[-83.58301,34.8093],[-83.58215,34.8082],[-83.58235,34.80712],[-83.58121,34.80501],[-83.57764,34.80334],[-83.57786,34.80127],[-83.57526,34.79935],[-83.57625,34.79549],[-83.57393,34.79521],[-83.57272,34.79366],[-83.57067,34.79124],[-83.56705,34.79122],[-83.56538,34.78994],[-83.5629,34.78894],[-83.56228,34.78801],[-83.5605,34.78784],[-83.55805,34.78628],[-83.55647,34.78463],[-83.56053,34.78274],[-83.56221,34.7811],[-83.55997,34.77834],[-83.55893,34.77559],[-83.55897,34.77388],[-83.56043,34.772],[-83.55814,34.76989],[-83.5578,34.76824],[-83.55614,34.76772],[-83.55479,34.76575],[-83.55564,34.76449],[-83.55506,34.76358],[-83.55629,34.76089],[-83.55609,34.75893],[-83.55681,34.75789],[-83.55441,34.75447],[-83.55229,34.75275],[-83.55176,34.75068],[-83.54899,34.74945],[-83.54518,34.74997],[-83.54232,34.74966],[-83.54041,34.74847],[-83.53687,34.74859],[-83.53513,34.74742],[-83.53723,34.7456],[-83.53529,34.74147],[-83.53548,34.73989],[-83.53422,34.74002],[-83.53295,34.73905],[-83.52953,34.73857],[-83.52716,34.73917],[-83.5255,34.73865],[-83.52098,34.73583],[-83.51638,34.735],[-83.51523,34.733],[-83.51279,34.73168],[-83.50985,34.73312],[-83.50349,34.73429],[-83.50234,34.73302],[-83.50053,34.73304],[-83.49809,34.73002],[-83.49638,34.72887],[-83.49376,34.72877],[-83.49192,34.72696],[-83.4888,34.72695],[-83.48658,34.72623],[-83.48447,34.72659],[-83.48365,34.72551],[-83.48142,34.72493],[-83.48022,34.7239],[-83.47893,34.72394],[-83.47273,34.72755],[-83.47167,34.72795],[-83.46904,34.73006],[-83.46915,34.73111],[-83.46677,34.73328],[-83.46472,34.73352],[-83.46366,34.73262],[-83.46094,34.73308],[-83.45756,34.73185],[-83.4532,34.73311],[-83.45034,34.73427],[-83.44794,34.7362],[-83.44637,34.73686],[-83.4462,34.73846],[-83.44743,34.74129],[-83.44607,34.74305],[-83.4397,34.74302],[-83.43816,34.74215],[-83.43612,34.74227],[-83.43316,34.74505],[-83.43122,34.74735],[-83.42866,34.74676],[-83.42571,34.74662],[-83.42373,34.74494],[-83.42289,34.7436],[-83.4245,34.74075],[-83.42442,34.73907],[-83.42304,34.73783],[-83.42299,34.73608],[-83.42074,34.73546],[-83.41758,34.73394],[-83.41573,34.73293],[-83.41341,34.73309],[-83.41233,34.73279],[-83.41057,34.73262],[-83.40926,34.73225],[-83.40745,34.73206],[-83.40647,34.7318],[-83.4056,34.73134],[-83.40496,34.73074],[-83.40366,34.72892],[-83.4025,34.72944],[-83.39867,34.73116],[-83.39535,34.73209],[-83.39286,34.73439],[-83.39042,34.73564],[-83.38738,34.73739],[-83.38497,34.735],[-83.38597,34.73343],[-83.38399,34.73325],[-83.38126,34.73134],[-83.37505,34.73197],[-83.37483,34.73197],[-83.3743,34.7297],[-83.37193,34.72732],[-83.36984,34.72472],[-83.36846,34.72383],[-83.36577,34.72121],[-83.36134,34.71912],[-83.35841,34.71717],[-83.35562,34.71605],[-83.35232,34.71617],[-83.35101,34.71264],[-83.34979,34.70827],[-83.348,34.70597],[-83.34665,34.70422],[-83.3479,34.70293],[-83.35185,34.7017],[-83.35391,34.69922],[-83.35294,34.69706],[-83.34315,34.69395],[-83.34013,34.69148],[-83.33863,34.68895],[-83.33823,34.68719],[-83.34269,34.68505],[-83.36504,34.67531],[-83.387,34.63104],[-83.39725,34.60991],[-83.41466,34.57403],[-83.41953,34.56397],[-83.42195,34.55897],[-83.45124,34.49853],[-83.45843,34.48393],[-83.45975,34.48129],[-83.46955,34.48398],[-83.49964,34.48714],[-83.50386,34.4875],[-83.51838,34.48941],[-83.52504,34.4902],[-83.52679,34.49034],[-83.53316,34.49106],[-83.53754,34.49173],[-83.54377,34.48681],[-83.54522,34.48622],[-83.55076,34.48591],[-83.55177,34.48587],[-83.55244,34.48584],[-83.55543,34.48225],[-83.55906,34.48018],[-83.56185,34.47777],[-83.56722,34.47189],[-83.56804,34.47111],[-83.57437,34.46673],[-83.57642,34.46518],[-83.57887,34.46185],[-83.58409,34.45405],[-83.58536,34.45303],[-83.58986,34.45094],[-83.5943,34.44909],[-83.5989,34.44722],[-83.60578,34.44513],[-83.6074,34.44401],[-83.60879,34.44149],[-83.60892,34.43781],[-83.60963,34.43612],[-83.61509,34.43225],[-83.61522,34.43171],[-83.6249,34.44463],[-83.63854,34.46416],[-83.6664,34.5036],[-83.66641,34.5036],[-83.66697,34.50756],[-83.6653,34.51073],[-83.66278,34.51354],[-83.65784,34.51441],[-83.65654,34.51752],[-83.65557,34.51799],[-83.6543,34.51693],[-83.65122,34.51888],[-83.64667,34.51996],[-83.64175,34.525],[-83.63788,34.52696],[-83.63434,34.52654],[-83.63277,34.52719],[-83.63248,34.52896],[-83.63424,34.53124],[-83.63383,34.53285],[-83.63074,34.5331],[-83.63086,34.53539],[-83.63036,34.53631],[-83.62884,34.53654],[-83.62759,34.53589],[-83.62546,34.53667],[-83.62489,34.54056],[-83.62281,34.54083],[-83.61964,34.54042],[-83.61726,34.54094],[-83.61671,34.54252],[-83.62143,34.54379],[-83.62028,34.54513],[-83.61705,34.5461],[-83.61643,34.54731],[-83.61742,34.54843],[-83.61983,34.54951],[-83.62006,34.55204],[-83.6189,34.55257],[-83.61618,34.55253],[-83.61563,34.55359],[-83.61689,34.5549],[-83.61893,34.555],[-83.62012,34.5557],[-83.62269,34.55922],[-83.62381,34.55999],[-83.62614,34.5605],[-83.62715,34.5613],[-83.62903,34.56407],[-83.62878,34.56702],[-83.63134,34.56919],[-83.63515,34.57106],[-83.63498,34.57193],[-83.63328,34.57263],[-83.63443,34.57536],[-83.63555,34.57687],[-83.63861,34.57965],[-83.63898,34.58532],[-83.63838,34.58887],[-83.63876,34.59112],[-83.63853,34.59289],[-83.64062,34.59428],[-83.64225,34.59821],[-83.64455,34.60106],[-83.64571,34.605],[-83.64654,34.60822],[-83.64652,34.61221],[-83.64407,34.61301],[-83.64253,34.6144],[-83.63975,34.61556],[-83.63833,34.61691],[-83.63782,34.61846],[-83.63824,34.62238],[-83.64172,34.62651],[-83.64231,34.62831],[-83.646,34.63212],[-83.64708,34.63399],[-83.64674,34.63722],[-83.6475,34.63886],[-83.64999,34.64162],[-83.65146,34.64161],[-83.65279,34.64307],[-83.65498,34.64458],[-83.65683,34.64787],[-83.65668,34.64901],[-83.65816,34.64977],[-83.66087,34.64943],[-83.66141,34.65007],[-83.66108,34.65194],[-83.66183,34.65337],[-83.665,34.65328],[-83.66489,34.654],[-83.66299,34.655],[-83.66239,34.65627],[-83.66287,34.65944],[-83.6608,34.66058],[-83.65873,34.65963],[-83.65614,34.66225],[-83.65519,34.66261],[-83.65414,34.66399],[-83.65417,34.66674],[-83.64993,34.66651],[-83.64824,34.66781],[-83.64679,34.66889],[-83.64545,34.6688],[-83.6459,34.67238],[-83.64835,34.67313],[-83.64577,34.67546],[-83.64424,34.678],[-83.64439,34.67933],[-83.64315,34.67984],[-83.6406,34.67991],[-83.6365,34.6996],[-83.6379,34.7025],[-83.63939,34.70706],[-83.6395,34.71049],[-83.63922,34.71143],[-83.63799,34.71149],[-83.63749,34.71379],[-83.63459,34.71699],[-83.63449,34.71819],[-83.63259,34.72059],[-83.63339,34.72219],[-83.63159,34.72399],[-83.63019,34.72649],[-83.6267,34.72899],[-83.6246,34.72929],[-83.6235,34.73259],[-83.6236,34.73379],[-83.6249,34.73444],[-83.6267,34.73989],[-83.6255,34.74239],[-83.6252,34.74599],[-83.629,34.74719],[-83.6299,34.75049],[-83.6325,34.75189],[-83.6327,34.75399],[-83.62939,34.75779],[-83.62939,34.75889],[-83.62809,34.76049],[-83.62889,34.76199],[-83.62829,34.76339],[-83.63089,34.76459],[-83.63149,34.76649],[-83.63359,34.76729],[-83.63359,34.77069],[-83.63929,34.77269],[-83.64169,34.77289],[-83.64369,34.77189],[-83.64609,34.77179],[-83.6486,34.77329],[-83.65109,34.77639],[-83.6562,34.77989],[-83.6576,34.78039],[-83.6618,34.78399],[-83.6693,34.78919],[-83.673,34.78799],[-83.6744,34.78809],[-83.6759,34.78929],[-83.677,34.79249],[-83.6787,34.79469],[-83.6783,34.79589],[-83.681,34.79919],[-83.6816,34.80088],[-83.67755,34.80382]]]}},{"type":"Feature","properties":{"name":"Hancock County Transit","boundary_type":"county","source":"Census TIGER county","fidelity":"exact","updated":"2026-09","units":"Hancock County","note":"County-operated demand-response system","confidence":0.9},"geometry":{"type":"Polygon","coordinates":[[[-83.27413,33.1968],[-83.27401,33.19992],[-83.27378,33.20126],[-83.27026,33.20392],[-83.26777,33.20492],[-83.26549,33.20733],[-83.26253,33.20833],[-83.2614,33.2109],[-83.26081,33.21525],[-83.25931,33.21828],[-83.25981,33.22145],[-83.25902,33.22422],[-83.25653,33.22814],[-83.25653,33.23],[-83.25518,33.23198],[-83.25342,33.23291],[-83.25264,33.23428],[-83.2524,33.23805],[-83.25426,33.24109],[-83.25375,33.24265],[-83.25436,33.24354],[-83.2555,33.24515],[-83.25512,33.24841],[-83.2554,33.25454],[-83.25346,33.25929],[-83.25108,33.26033],[-83.24816,33.26053],[-83.2444,33.26218],[-83.23904,33.26261],[-83.23608,33.26096],[-83.2333,33.2585],[-83.22946,33.25629],[-83.22867,33.25679],[-83.22799,33.25905],[-83.22453,33.26598],[-83.22468,33.26783],[-83.22569,33.27029],[-83.22894,33.27351],[-83.23003,33.27605],[-83.22761,33.27725],[-83.22148,33.27766],[-83.21945,33.27842],[-83.21547,33.28145],[-83.21317,33.28208],[-83.21156,33.28189],[-83.20902,33.27883],[-83.20398,33.27911],[-83.20286,33.28033],[-83.20163,33.28343],[-83.20032,33.28483],[-83.1982,33.2857],[-83.19519,33.28588],[-83.19078,33.28856],[-83.18896,33.28923],[-83.18655,33.28944],[-83.17844,33.29205],[-83.17696,33.29379],[-83.17531,33.29828],[-83.1705,33.30143],[-83.1655,33.30282],[-83.15721,33.30602],[-83.15565,33.30622],[-83.15095,33.30814],[-83.14756,33.30844],[-83.14586,33.31005],[-83.14581,33.31146],[-83.14733,33.31478],[-83.14827,33.31795],[-83.15052,33.32161],[-83.15043,33.32274],[-83.14812,33.32523],[-83.14752,33.32932],[-83.14641,33.33124],[-83.14353,33.33474],[-83.14343,33.33721],[-83.14412,33.33987],[-83.14545,33.34122],[-83.14896,33.3426],[-83.1503,33.34612],[-83.15273,33.34811],[-83.15676,33.34928],[-83.16014,33.35095],[-83.16421,33.35503],[-83.11984,33.38845],[-83.02847,33.45734],[-83.01285,33.46918],[-83.01064,33.469],[-82.99984,33.46016],[-82.99701,33.45829],[-82.99196,33.45317],[-82.98985,33.45217],[-82.98383,33.44763],[-82.98155,33.449],[-82.97557,33.45052],[-82.97284,33.45018],[-82.96966,33.45046],[-82.96694,33.44997],[-82.96152,33.45015],[-82.95699,33.45288],[-82.95266,33.4523],[-82.95122,33.45179],[-82.94466,33.44714],[-82.93966,33.44269],[-82.90719,33.43948],[-82.90549,33.4383],[-82.90402,33.43885],[-82.90179,33.43879],[-82.90048,33.44049],[-82.8978,33.43996],[-82.89602,33.4402],[-82.89395,33.43823],[-82.8929,33.43811],[-82.89039,33.43955],[-82.88677,33.44291],[-82.88405,33.44399],[-82.88173,33.44565],[-82.88005,33.44405],[-82.87745,33.44512],[-82.8726,33.44642],[-82.86953,33.4443],[-82.86763,33.44351],[-82.865,33.44333],[-82.86383,33.44209],[-82.8601,33.4412],[-82.85854,33.44266],[-82.85784,33.44229],[-82.85622,33.44343],[-82.855,33.44262],[-82.85322,33.44277],[-82.85195,33.44354],[-82.85159,33.44236],[-82.8494,33.44194],[-82.84761,33.43973],[-82.84624,33.43579],[-82.84353,33.43376],[-82.84155,33.43161],[-82.83966,33.43094],[-82.83751,33.43363],[-82.83417,33.43548],[-82.83461,33.43168],[-82.83355,33.43088],[-82.83122,33.43046],[-82.82803,33.42913],[-82.82743,33.42849],[-82.82581,33.42866],[-82.82457,33.42797],[-82.82261,33.42582],[-82.82406,33.42451],[-82.82409,33.4221],[-82.82324,33.4211],[-82.82453,33.42041],[-82.82608,33.41855],[-82.8256,33.41629],[-82.82647,33.41376],[-82.82626,33.41257],[-82.82366,33.4107],[-82.82319,33.41043],[-82.82299,33.40784],[-82.82244,33.40671],[-82.82469,33.40386],[-82.82354,33.40241],[-82.82356,33.40082],[-82.82253,33.40006],[-82.82327,33.39934],[-82.82679,33.39897],[-82.82797,33.398],[-82.82598,33.39672],[-82.82486,33.39541],[-82.82477,33.39335],[-82.82641,33.39275],[-82.82803,33.39299],[-82.82733,33.39158],[-82.82581,33.39043],[-82.82166,33.39005],[-82.82066,33.38889],[-82.81786,33.38718],[-82.81811,33.38564],[-82.81746,33.38417],[-82.81902,33.37909],[-82.81723,33.37732],[-82.81935,33.3756],[-82.82171,33.37427],[-82.81746,33.37329],[-82.81616,33.37237],[-82.81599,33.37082],[-82.81378,33.36793],[-82.81413,33.36551],[-82.81239,33.36374],[-82.80882,33.36501],[-82.80621,33.36473],[-82.80405,33.36531],[-82.80292,33.36503],[-82.80204,33.36306],[-82.79986,33.36167],[-82.80054,33.35887],[-82.79878,33.35787],[-82.79755,33.35645],[-82.7975,33.35494],[-82.79926,33.35239],[-82.80085,33.35099],[-82.80057,33.34965],[-82.80136,33.34842],[-82.79869,33.34731],[-82.79817,33.34491],[-82.79865,33.34213],[-82.79704,33.34002],[-82.79818,33.33891],[-82.79797,33.33338],[-82.79949,33.33106],[-82.79735,33.327],[-82.797,33.32474],[-82.79547,33.32397],[-82.78949,33.32197],[-82.78924,33.31869],[-82.79091,33.31953],[-82.79297,33.31878],[-82.79607,33.31869],[-82.79544,33.31475],[-82.79371,33.31227],[-82.79362,33.3098],[-82.79192,33.30949],[-82.78804,33.3104],[-82.78521,33.31008],[-82.78351,33.30902],[-82.78414,33.30738],[-82.78234,33.30696],[-82.78161,33.30553],[-82.78157,33.30447],[-82.78328,33.30268],[-82.78348,33.29992],[-82.78183,33.29868],[-82.78257,33.29669],[-82.78142,33.29602],[-82.78068,33.29233],[-82.78072,33.2897],[-82.78225,33.28757],[-82.78075,33.28641],[-82.78176,33.28506],[-82.78112,33.2808],[-82.78399,33.27901],[-82.78488,33.27701],[-82.78375,33.27297],[-82.78203,33.27115],[-82.78238,33.27009],[-82.78559,33.26873],[-82.78538,33.26768],[-82.78429,33.26842],[-82.77954,33.26693],[-82.77536,33.26456],[-82.77449,33.26304],[-82.77423,33.26083],[-82.77356,33.25993],[-82.77064,33.26075],[-82.76924,33.25882],[-82.76503,33.25903],[-82.76457,33.25666],[-82.76336,33.25395],[-82.76196,33.25381],[-82.75883,33.25487],[-82.75585,33.25344],[-82.75279,33.25203],[-82.7516,33.24943],[-82.74672,33.24722],[-82.74619,33.2461],[-82.74646,33.24563],[-82.74838,33.24504],[-82.74831,33.23835],[-82.74986,33.23806],[-82.76408,33.23806],[-82.76751,33.23689],[-82.77799,33.23843],[-82.78202,33.23605],[-82.786,33.23316],[-82.78913,33.22973],[-82.79417,33.22698],[-82.79833,33.22228],[-82.79887,33.22171],[-82.80704,33.22059],[-82.81274,33.2173],[-82.81888,33.21553],[-82.81921,33.21507],[-82.8243,33.21203],[-82.82593,33.2105],[-82.82696,33.20746],[-82.82898,33.2046],[-82.83238,33.20191],[-82.83744,33.20092],[-82.84273,33.20079],[-82.84823,33.19947],[-82.85008,33.1988],[-82.85185,33.19753],[-82.85505,33.19643],[-82.85674,33.19413],[-82.85746,33.19074],[-82.85838,33.18922],[-82.86248,33.18732],[-82.86306,33.18583],[-82.86537,33.18273],[-82.86748,33.18071],[-82.86772,33.1784],[-82.87933,33.15411],[-82.88264,33.15255],[-82.88921,33.14025],[-82.88887,33.1386],[-82.90189,33.1284],[-82.91485,33.1266],[-82.91514,33.12612],[-82.92185,33.12057],[-82.92513,33.11816],[-82.92667,33.11627],[-82.92907,33.11552],[-82.93365,33.1149],[-82.94055,33.11315],[-82.94286,33.11201],[-82.94693,33.10939],[-82.9506,33.10758],[-82.95257,33.10739],[-82.95526,33.10777],[-82.9593,33.10697],[-82.96179,33.10791],[-82.97042,33.10905],[-82.98044,33.10355],[-82.98197,33.10233],[-82.9848,33.09945],[-82.98674,33.09684],[-82.98875,33.09293],[-82.99094,33.09069],[-82.9991,33.08601],[-83.00251,33.08384],[-83.00596,33.08209],[-83.00967,33.08061],[-83.01371,33.08061],[-83.0219,33.08018],[-83.02403,33.08033],[-83.03376,33.08167],[-83.04075,33.08086],[-83.04575,33.08125],[-83.0503,33.08109],[-83.0522,33.08068],[-83.05444,33.0797],[-83.0596,33.07593],[-83.06166,33.07342],[-83.07167,33.06506],[-83.07346,33.0641],[-83.07849,33.06451],[-83.08352,33.0639],[-83.08478,33.06326],[-83.08719,33.06039],[-83.08957,33.05843],[-83.09303,33.05488],[-83.10084,33.04986],[-83.10284,33.05137],[-83.10254,33.05365],[-83.10363,33.05534],[-83.10621,33.05706],[-83.10398,33.05943],[-83.10529,33.06326],[-83.10797,33.06823],[-83.10952,33.06958],[-83.10882,33.07152],[-83.11377,33.07612],[-83.11427,33.0779],[-83.11577,33.07912],[-83.11747,33.0776],[-83.11708,33.07885],[-83.11832,33.08025],[-83.11804,33.08147],[-83.11893,33.08307],[-83.11711,33.08585],[-83.11881,33.08699],[-83.11763,33.08885],[-83.11647,33.0915],[-83.11482,33.09304],[-83.11535,33.09407],[-83.11396,33.0949],[-83.11295,33.09675],[-83.11342,33.09904],[-83.11293,33.10078],[-83.11439,33.10244],[-83.11412,33.10405],[-83.11227,33.10509],[-83.11409,33.1066],[-83.11353,33.1073],[-83.11308,33.11009],[-83.11227,33.11102],[-83.11313,33.11226],[-83.11254,33.11393],[-83.11055,33.11364],[-83.10936,33.11496],[-83.10986,33.11579],[-83.10802,33.11895],[-83.10892,33.12377],[-83.10994,33.12482],[-83.11065,33.12719],[-83.10995,33.1285],[-83.10915,33.12983],[-83.10755,33.13076],[-83.1043,33.1311],[-83.10319,33.13039],[-83.10045,33.13248],[-83.09886,33.13297],[-83.09722,33.13886],[-83.09548,33.14094],[-83.09596,33.14385],[-83.09504,33.1444],[-83.09575,33.14582],[-83.09523,33.14707],[-83.0964,33.14745],[-83.09762,33.15076],[-83.09765,33.15154],[-83.11543,33.15673],[-83.14029,33.16263],[-83.19537,33.17634],[-83.2371,33.18346],[-83.2577,33.18823],[-83.25863,33.18838],[-83.26054,33.18853],[-83.26274,33.18913],[-83.26989,33.18697],[-83.27411,33.18724],[-83.27504,33.18947],[-83.27522,33.19132],[-83.27413,33.1968]]]}},{"type":"Feature","properties":{"name":"Haralson County Transit","boundary_type":"county","source":"Census TIGER county","fidelity":"exact","updated":"2026-09","units":"Haralson County","note":"County-operated demand-response system","confidence":0.9},"geometry":{"type":"Polygon","coordinates":[[[-85.31257,33.90066],[-85.27227,33.90009],[-85.24192,33.89957],[-85.23277,33.89945],[-85.21279,33.89921],[-85.21277,33.9063],[-85.16059,33.90569],[-85.06676,33.90472],[-85.05031,33.90449],[-85.04898,33.90436],[-85.04836,33.90445],[-85.03668,33.90433],[-85.03673,33.90093],[-85.03712,33.87512],[-85.0374,33.87031],[-85.03712,33.86829],[-85.03737,33.86372],[-85.03736,33.85117],[-85.03767,33.82903],[-85.03793,33.81194],[-85.04903,33.81232],[-85.04959,33.77996],[-85.04992,33.75552],[-85.05028,33.74074],[-85.05033,33.7384],[-85.0505,33.73232],[-85.05089,33.71463],[-85.05265,33.71467],[-85.06654,33.71497],[-85.06647,33.7107],[-85.10679,33.69461],[-85.10707,33.6945],[-85.11016,33.69327],[-85.11485,33.6914],[-85.12969,33.69142],[-85.12944,33.69978],[-85.13486,33.69991],[-85.13517,33.69992],[-85.13701,33.69998],[-85.13903,33.70002],[-85.14312,33.69872],[-85.14353,33.69859],[-85.17731,33.68811],[-85.1936,33.68302],[-85.2356,33.66991],[-85.25627,33.66332],[-85.26559,33.65982],[-85.26844,33.65889],[-85.28974,33.65209],[-85.3382,33.65312],[-85.34272,33.67595],[-85.35525,33.73925],[-85.35698,33.74796],[-85.3574,33.7501],[-85.36049,33.76796],[-85.36184,33.77395],[-85.3764,33.85066],[-85.37743,33.85605],[-85.38088,33.87351],[-85.38647,33.90172],[-85.31257,33.90066]]]}},{"type":"Feature","properties":{"name":"Henry Connect Microtransit","boundary_type":"city","source":"Census TIGER place","fidelity":"approximate","updated":"2026-09","units":"McDonough city","note":"McDonough Transit Zone in Henry County; enhancement to existing demand-response with planned expansion to Stockbridge","confidence":0.75},"geometry":{"type":"MultiPolygon","coordinates":[[[[-84.19803,33.42226],[-84.20336,33.42232],[-84.20191,33.4254],[-84.19611,33.42511],[-84.1962,33.43075],[-84.19346,33.43025],[-84.19356,33.43399],[-84.18883,33.43362],[-84.18387,33.42765],[-84.18371,33.42504],[-84.18357,33.42497],[-84.18146,33.42423],[-84.18035,33.4256],[-84.18145,33.42615],[-84.18218,33.4252],[-84.18283,33.42581],[-84.18139,33.42746],[-84.18077,33.42821],[-84.18395,33.43005],[-84.1872,33.43312],[-84.18243,33.43408],[-84.18128,33.43324],[-84.18287,33.43136],[-84.17974,33.42943],[-84.17803,33.43123],[-84.17787,33.43136],[-84.17898,33.43196],[-84.17868,33.43234],[-84.17949,33.43226],[-84.18156,33.43373],[-84.1774,33.43374],[-84.17729,33.43184],[-84.1766,33.4324],[-84.17514,33.43343],[-84.17563,33.43521],[-84.17561,33.43566],[-84.17549,33.43581],[-84.17321,33.4365],[-84.17174,33.43497],[-84.17243,33.43387],[-84.16776,33.43402],[-84.16506,33.43495],[-84.16322,33.43534],[-84.16149,33.43825],[-84.16131,33.4368],[-84.15769,33.4395],[-84.15934,33.44087],[-84.16149,33.44098],[-84.16303,33.44306],[-84.16037,33.4434],[-84.16411,33.44329],[-84.16712,33.44244],[-84.17104,33.44243],[-84.17183,33.44103],[-84.17347,33.44135],[-84.17344,33.44239],[-84.18085,33.44256],[-84.1858,33.44258],[-84.18493,33.44404],[-84.18367,33.44619],[-84.18285,33.44589],[-84.1798,33.45128],[-84.17781,33.45609],[-84.17874,33.45637],[-84.18023,33.45309],[-84.18449,33.45437],[-84.18455,33.45752],[-84.18056,33.45709],[-84.18019,33.45782],[-84.179,33.45754],[-84.1779,33.45846],[-84.17333,33.45707],[-84.16952,33.45491],[-84.16931,33.45509],[-84.16804,33.4541],[-84.16802,33.45604],[-84.16685,33.456],[-84.16525,33.45531],[-84.16399,33.45533],[-84.16469,33.45466],[-84.1652,33.45501],[-84.167,33.45347],[-84.16768,33.45382],[-84.16649,33.45253],[-84.16432,33.45133],[-84.16384,33.45061],[-84.16401,33.4486],[-84.16626,33.44599],[-84.16174,33.44611],[-84.15919,33.44914],[-84.15829,33.45113],[-84.15579,33.45523],[-84.15235,33.45675],[-84.15415,33.46059],[-84.15676,33.46012],[-84.15824,33.46459],[-84.16196,33.46639],[-84.16037,33.46464],[-84.16322,33.46465],[-84.16284,33.46674],[-84.16803,33.46683],[-84.1676,33.47017],[-84.16533,33.47276],[-84.16336,33.47259],[-84.16335,33.47056],[-84.16253,33.47005],[-84.16117,33.47111],[-84.16015,33.47169],[-84.15845,33.47364],[-84.15736,33.47185],[-84.15623,33.47231],[-84.14857,33.4723],[-84.14855,33.4738],[-84.14593,33.47382],[-84.14595,33.47006],[-84.14863,33.47009],[-84.14863,33.46702],[-84.14946,33.46699],[-84.15179,33.46977],[-84.15691,33.47042],[-84.15591,33.46657],[-84.1567,33.46487],[-84.15651,33.46463],[-84.15585,33.46583],[-84.15321,33.46659],[-84.14859,33.46646],[-84.14858,33.45855],[-84.14171,33.45842],[-84.14186,33.45998],[-84.14166,33.46257],[-84.14086,33.46258],[-84.14079,33.46344],[-84.13855,33.46345],[-84.13856,33.46557],[-84.14084,33.46561],[-84.14635,33.46565],[-84.14568,33.46737],[-84.1429,33.46927],[-84.13978,33.4688],[-84.13856,33.46881],[-84.13884,33.47184],[-84.13913,33.47232],[-84.13873,33.47399],[-84.14078,33.4754],[-84.14162,33.47751],[-84.13946,33.47556],[-84.13876,33.47595],[-84.13911,33.47656],[-84.14087,33.47868],[-84.143,33.47821],[-84.1431,33.47833],[-84.14328,33.47946],[-84.14165,33.4797],[-84.14239,33.48092],[-84.14507,33.48034],[-84.14648,33.48114],[-84.14875,33.48132],[-84.14903,33.48145],[-84.14921,33.48263],[-84.14311,33.48255],[-84.12857,33.48259],[-84.12856,33.48119],[-84.12644,33.48172],[-84.12587,33.4823],[-84.12359,33.48107],[-84.12371,33.46829],[-84.12171,33.46677],[-84.12194,33.4663],[-84.12358,33.46639],[-84.12356,33.46619],[-84.12358,33.46381],[-84.12499,33.46237],[-84.12468,33.46225],[-84.11441,33.46216],[-84.1097,33.46216],[-84.10965,33.46066],[-84.09969,33.4615],[-84.09972,33.46034],[-84.09962,33.45397],[-84.09992,33.44257],[-84.10176,33.44183],[-84.10645,33.44199],[-84.10829,33.44185],[-84.10696,33.4428],[-84.10703,33.44406],[-84.10977,33.44387],[-84.10977,33.44186],[-84.11424,33.44099],[-84.11503,33.44336],[-84.11761,33.44616],[-84.11737,33.44729],[-84.11918,33.44695],[-84.11935,33.4465],[-84.11977,33.44541],[-84.11623,33.44208],[-84.11723,33.43973],[-84.11365,33.43883],[-84.11158,33.43693],[-84.11143,33.43494],[-84.11346,33.43347],[-84.11331,33.43336],[-84.11836,33.43343],[-84.1194,33.43329],[-84.12179,33.43124],[-84.12039,33.42936],[-84.12255,33.42937],[-84.12285,33.43057],[-84.12335,33.43047],[-84.12367,33.43047],[-84.12367,33.43055],[-84.12381,33.43055],[-84.12375,33.42934],[-84.12506,33.42937],[-84.12511,33.43057],[-84.12698,33.4306],[-84.12697,33.4334],[-84.12887,33.43342],[-84.12895,33.43758],[-84.12806,33.43849],[-84.12455,33.4384],[-84.12395,33.44052],[-84.12593,33.44151],[-84.12579,33.44162],[-84.12816,33.44276],[-84.12903,33.44199],[-84.12898,33.43755],[-84.12907,33.43347],[-84.13162,33.43348],[-84.13143,33.43069],[-84.12705,33.4306],[-84.1271,33.4228],[-84.12387,33.42272],[-84.12371,33.42201],[-84.12268,33.42179],[-84.12306,33.42021],[-84.12715,33.42005],[-84.12715,33.41896],[-84.12106,33.41896],[-84.12304,33.41852],[-84.12305,33.41702],[-84.12098,33.41725],[-84.12068,33.41837],[-84.11974,33.41666],[-84.11949,33.41605],[-84.12028,33.41598],[-84.12016,33.41459],[-84.12168,33.4133],[-84.12382,33.41429],[-84.1276,33.41759],[-84.13248,33.41764],[-84.13264,33.42186],[-84.13491,33.42044],[-84.13493,33.41914],[-84.13645,33.41769],[-84.13958,33.41689],[-84.1399,33.41811],[-84.14313,33.41813],[-84.14388,33.42652],[-84.14401,33.42648],[-84.14992,33.42521],[-84.15067,33.42489],[-84.15181,33.42396],[-84.15242,33.42272],[-84.15267,33.41844],[-84.1539,33.41609],[-84.15493,33.41521],[-84.15983,33.41223],[-84.16134,33.41349],[-84.16458,33.41451],[-84.17483,33.42263],[-84.17489,33.42225],[-84.17541,33.41912],[-84.177,33.41846],[-84.17745,33.41931],[-84.17952,33.41908],[-84.17889,33.41767],[-84.17537,33.41895],[-84.17348,33.41749],[-84.17169,33.41902],[-84.17011,33.41776],[-84.17187,33.41621],[-84.1703,33.41457],[-84.16811,33.41617],[-84.16509,33.41378],[-84.16398,33.41148],[-84.16718,33.40903],[-84.16971,33.41031],[-84.17164,33.41202],[-84.17504,33.41201],[-84.17506,33.41029],[-84.17815,33.41033],[-84.17814,33.40779],[-84.18378,33.40788],[-84.18381,33.40497],[-84.18381,33.40242],[-84.18747,33.40238],[-84.19807,33.4023],[-84.19857,33.40568],[-84.19807,33.40623],[-84.19135,33.40628],[-84.18902,33.40728],[-84.18785,33.41922],[-84.18907,33.42043],[-84.19375,33.41679],[-84.19425,33.41828],[-84.19931,33.41836],[-84.20229,33.41791],[-84.20319,33.419],[-84.20344,33.4215],[-84.19776,33.42149],[-84.19803,33.42226]],[[-84.1342,33.45185],[-84.13464,33.45393],[-84.13447,33.45402],[-84.13181,33.45503],[-84.13192,33.453],[-84.13402,33.45243],[-84.13354,33.45132],[-84.1306,33.45128],[-84.13147,33.45008],[-84.12513,33.45006],[-84.12497,33.45387],[-84.12305,33.45439],[-84.12302,33.45228],[-84.11897,33.45231],[-84.1166,33.45297],[-84.11679,33.45367],[-84.11911,33.45362],[-84.11825,33.45503],[-84.11645,33.45514],[-84.11035,33.45399],[-84.11029,33.44812],[-84.10473,33.44812],[-84.10466,33.44913],[-84.10275,33.45],[-84.10249,33.45411],[-84.10996,33.45423],[-84.1103,33.45813],[-84.11592,33.45827],[-84.12732,33.45834],[-84.12826,33.45938],[-84.1288,33.46643],[-84.13233,33.46631],[-84.13355,33.46487],[-84.13295,33.4611],[-84.1334,33.4609],[-84.13346,33.45839],[-84.1317,33.45837],[-84.13129,33.45675],[-84.13422,33.45432],[-84.13603,33.45427],[-84.13545,33.45349],[-84.13581,33.4533],[-84.1342,33.45185]]],[[[-84.14662,33.47717],[-84.1462,33.47805],[-84.14883,33.47844],[-84.14847,33.47961],[-84.14573,33.47868],[-84.14662,33.47717]]]]}},{"type":"Feature","properties":{"name":"Jackson County Transport","boundary_type":"county","source":"Census TIGER county","fidelity":"exact","updated":"2026-09","units":"Jackson County","note":"County-operated demand-response system","confidence":0.9},"geometry":{"type":"Polygon","coordinates":[[[-83.80833,34.13549],[-83.797,34.14509],[-83.77345,34.16508],[-83.75564,34.18019],[-83.7478,34.18681],[-83.73786,34.19527],[-83.72986,34.20208],[-83.69633,34.23062],[-83.6835,34.24155],[-83.65948,34.26187],[-83.61992,34.29538],[-83.61785,34.29278],[-83.61581,34.29104],[-83.60665,34.28672],[-83.60411,34.28529],[-83.60145,34.28332],[-83.5976,34.28176],[-83.59635,34.2803],[-83.59548,34.27606],[-83.59357,34.27321],[-83.5913,34.27144],[-83.58668,34.26932],[-83.58323,34.26599],[-83.57418,34.25933],[-83.57245,34.2583],[-83.5655,34.25633],[-83.56406,34.25556],[-83.56313,34.25473],[-83.56152,34.25271],[-83.54743,34.25454],[-83.54081,34.25535],[-83.53125,34.25643],[-83.51834,34.25647],[-83.5025,34.25646],[-83.49483,34.26124],[-83.49044,34.25742],[-83.48875,34.25637],[-83.48521,34.25765],[-83.47924,34.26071],[-83.47803,34.25972],[-83.47029,34.25335],[-83.46837,34.25178],[-83.45776,34.2431],[-83.45174,34.23794],[-83.451,34.2373],[-83.43766,34.22673],[-83.4254,34.21793],[-83.42332,34.21634],[-83.42341,34.21365],[-83.4228,34.21247],[-83.41254,34.20635],[-83.40899,34.20238],[-83.4071,34.20186],[-83.40574,34.20004],[-83.40243,34.1975],[-83.4015,34.19685],[-83.40127,34.19645],[-83.39921,34.1946],[-83.3949,34.18836],[-83.39382,34.18524],[-83.38552,34.18204],[-83.37944,34.1713],[-83.36383,34.16406],[-83.36155,34.15835],[-83.36133,34.14962],[-83.36101,34.14836],[-83.35768,34.13569],[-83.35719,34.12252],[-83.35705,34.1162],[-83.35908,34.114],[-83.36034,34.11331],[-83.36372,34.1098],[-83.36371,34.10733],[-83.36568,34.10583],[-83.36584,34.10453],[-83.3681,34.10138],[-83.36768,34.0992],[-83.36877,34.09848],[-83.36907,34.09721],[-83.3703,34.09665],[-83.36997,34.09532],[-83.37121,34.09262],[-83.3717,34.09205],[-83.37403,34.08979],[-83.3738,34.08444],[-83.3743,34.08215],[-83.37633,34.08049],[-83.37974,34.07952],[-83.38136,34.07854],[-83.37895,34.07637],[-83.37539,34.07394],[-83.37492,34.07126],[-83.37651,34.07036],[-83.37712,34.06775],[-83.37906,34.0669],[-83.38083,34.06744],[-83.3823,34.06687],[-83.38127,34.06246],[-83.38306,34.06112],[-83.38238,34.05934],[-83.38312,34.05845],[-83.38328,34.05543],[-83.38535,34.05454],[-83.38558,34.05101],[-83.38676,34.05024],[-83.38183,34.04824],[-83.35949,34.04029],[-83.3777,34.03338],[-83.37984,34.03738],[-83.38288,34.0355],[-83.38442,34.03853],[-83.39036,34.03613],[-83.38975,34.03508],[-83.39296,34.03372],[-83.38396,34.03102],[-83.4157,34.01905],[-83.42059,34.01739],[-83.42203,34.01689],[-83.45356,34.00471],[-83.47223,33.99764],[-83.47478,33.9963],[-83.475,33.99644],[-83.48447,33.99283],[-83.4905,33.99614],[-83.49543,33.99752],[-83.49838,33.99755],[-83.50113,33.9961],[-83.50307,33.99764],[-83.50305,33.99958],[-83.50368,33.99808],[-83.5016,33.99021],[-83.49853,33.98824],[-83.49824,33.98753],[-83.53738,33.96591],[-83.54205,33.97786],[-83.54979,33.99768],[-83.55107,34.00313],[-83.56328,34.03186],[-83.56444,34.03233],[-83.56725,34.03195],[-83.56871,34.03102],[-83.57046,34.03111],[-83.57111,34.0314],[-83.57272,34.0353],[-83.57371,34.0366],[-83.57385,34.03715],[-83.57372,34.03782],[-83.57333,34.03858],[-83.57344,34.03906],[-83.57739,34.03956],[-83.58436,34.041],[-83.58436,34.03852],[-83.58648,34.03915],[-83.58801,34.03807],[-83.59024,34.0373],[-83.5942,34.03705],[-83.59526,34.03648],[-83.59783,34.03663],[-83.59872,34.03738],[-83.60054,34.0353],[-83.60291,34.03655],[-83.60317,34.03772],[-83.60481,34.0387],[-83.60735,34.03906],[-83.60908,34.03817],[-83.61031,34.03906],[-83.61167,34.04126],[-83.61108,34.04265],[-83.61172,34.04444],[-83.61471,34.04471],[-83.61558,34.04555],[-83.61465,34.04716],[-83.61729,34.04738],[-83.6204,34.04639],[-83.62174,34.04684],[-83.62511,34.04514],[-83.6279,34.04545],[-83.63033,34.04476],[-83.6309,34.04619],[-83.6349,34.04621],[-83.63613,34.04595],[-83.63733,34.04769],[-83.63862,34.0483],[-83.64218,34.04866],[-83.64378,34.04928],[-83.64377,34.05085],[-83.64593,34.05068],[-83.64664,34.04998],[-83.64687,34.04737],[-83.64783,34.04599],[-83.65258,34.04658],[-83.65508,34.04748],[-83.65648,34.05004],[-83.65654,34.05279],[-83.65804,34.05329],[-83.66048,34.05234],[-83.66324,34.05227],[-83.66401,34.05137],[-83.66327,34.04878],[-83.66824,34.0481],[-83.67149,34.05064],[-83.67345,34.05304],[-83.67619,34.05359],[-83.67693,34.05249],[-83.67895,34.05232],[-83.67963,34.05144],[-83.67869,34.04931],[-83.67946,34.04741],[-83.68166,34.04754],[-83.68532,34.04696],[-83.68666,34.04847],[-83.68575,34.05103],[-83.68551,34.05344],[-83.68807,34.05367],[-83.69004,34.05212],[-83.69181,34.05162],[-83.69396,34.05292],[-83.69373,34.05491],[-83.69459,34.05625],[-83.69599,34.05579],[-83.69652,34.05373],[-83.69814,34.05261],[-83.69971,34.05407],[-83.70087,34.05432],[-83.70202,34.05291],[-83.70247,34.0487],[-83.70443,34.04629],[-83.70762,34.04616],[-83.70958,34.04522],[-83.71138,34.04598],[-83.71308,34.04914],[-83.7144,34.05002],[-83.71378,34.0517],[-83.71256,34.05295],[-83.71229,34.05443],[-83.71349,34.05638],[-83.71576,34.05595],[-83.71708,34.05507],[-83.7184,34.05354],[-83.7208,34.0555],[-83.72038,34.05657],[-83.72096,34.05801],[-83.72024,34.05911],[-83.72133,34.0604],[-83.72159,34.06263],[-83.72377,34.06342],[-83.72793,34.0607],[-83.7318,34.06012],[-83.73287,34.0609],[-83.73434,34.06406],[-83.73331,34.06666],[-83.73373,34.06735],[-83.7372,34.06639],[-83.73856,34.06667],[-83.74058,34.0695],[-83.7416,34.06953],[-83.7428,34.06919],[-83.74343,34.06803],[-83.7421,34.06591],[-83.74249,34.06517],[-83.74522,34.0653],[-83.75138,34.0642],[-83.75924,34.06657],[-83.76174,34.06661],[-83.76331,34.06487],[-83.76488,34.06514],[-83.76513,34.06529],[-83.76753,34.06645],[-83.76904,34.06923],[-83.7697,34.07304],[-83.77299,34.07365],[-83.77384,34.07424],[-83.77653,34.07838],[-83.77798,34.07982],[-83.78625,34.08397],[-83.79103,34.08719],[-83.79143,34.0883],[-83.78993,34.09353],[-83.78993,34.09358],[-83.79119,34.09813],[-83.79222,34.1003],[-83.79352,34.10114],[-83.79598,34.10207],[-83.7998,34.10283],[-83.80017,34.10305],[-83.80312,34.10568],[-83.80576,34.10769],[-83.80569,34.10961],[-83.80778,34.10941],[-83.80989,34.11127],[-83.81077,34.11239],[-83.8152,34.11376],[-83.81111,34.11552],[-83.81299,34.11729],[-83.81218,34.12051],[-83.81521,34.1215],[-83.81653,34.12253],[-83.816,34.12688],[-83.81768,34.12749],[-83.80833,34.13549]]]}},{"type":"Feature","properties":{"name":"Lincoln County Transit","boundary_type":"county","source":"Census TIGER county","fidelity":"exact","updated":"2026-09","units":"Lincoln County","note":"County-operated demand-response system","confidence":0.9},"geometry":{"type":"Polygon","coordinates":[[[-82.64144,33.98283],[-82.63986,33.97992],[-82.63989,33.97718],[-82.64072,33.97447],[-82.63974,33.97302],[-82.6389,33.97275],[-82.63752,33.9738],[-82.63343,33.97456],[-82.63223,33.9755],[-82.6323,33.97776],[-82.63056,33.98029],[-82.62854,33.98134],[-82.62499,33.98232],[-82.62292,33.98224],[-82.61435,33.98047],[-82.61055,33.98158],[-82.6071,33.9803],[-82.60356,33.97998],[-82.60169,33.97908],[-82.6004,33.97648],[-82.59507,33.97371],[-82.59344,33.97161],[-82.59067,33.97116],[-82.58959,33.96962],[-82.58815,33.96864],[-82.58437,33.96773],[-82.58165,33.96749],[-82.57806,33.9659],[-82.57662,33.96395],[-82.57578,33.96178],[-82.57384,33.95927],[-82.5679,33.95748],[-82.56686,33.95646],[-82.56453,33.95574],[-82.55683,33.94535],[-82.5545,33.94382],[-82.54313,33.94095],[-82.53977,33.94155],[-82.53411,33.94365],[-82.52674,33.94376],[-82.52451,33.94336],[-82.51295,33.93697],[-82.50764,33.93146],[-82.50358,33.92605],[-82.49611,33.91346],[-82.49293,33.90975],[-82.48011,33.9019],[-82.46991,33.89284],[-82.45939,33.88639],[-82.45921,33.88618],[-82.4551,33.88165],[-82.44811,33.87754],[-82.4405,33.87512],[-82.43864,33.87392],[-82.4335,33.86901],[-82.42916,33.86584],[-82.42489,33.86413],[-82.42062,33.86375],[-82.40835,33.86632],[-82.40558,33.86602],[-82.4022,33.86466],[-82.39573,33.85909],[-82.3906,33.85719],[-82.39053,33.85716],[-82.38497,33.85443],[-82.37977,33.8511],[-82.3733,33.84475],[-82.36878,33.84231],[-82.3582,33.8386],[-82.35633,33.83794],[-82.35118,33.83614],[-82.3462,33.83383],[-82.33783,33.82716],[-82.32448,33.82003],[-82.32189,33.81678],[-82.31646,33.8127],[-82.31435,33.81111],[-82.31244,33.80716],[-82.30345,33.80326],[-82.30021,33.80063],[-82.29928,33.79894],[-82.29886,33.79317],[-82.2996,33.78648],[-82.29901,33.78448],[-82.29748,33.78297],[-82.29498,33.78187],[-82.29247,33.78241],[-82.28865,33.78164],[-82.28409,33.77878],[-82.27821,33.77259],[-82.27768,33.77203],[-82.27044,33.76791],[-82.26772,33.76765],[-82.26502,33.76574],[-82.26404,33.76284],[-82.26004,33.76043],[-82.25559,33.75988],[-82.24747,33.75259],[-82.24541,33.74293],[-82.24324,33.74012],[-82.24127,33.73571],[-82.2391,33.73087],[-82.2395,33.72933],[-82.23876,33.72521],[-82.23731,33.72189],[-82.23575,33.71439],[-82.23719,33.70788],[-82.2354,33.70438],[-82.23458,33.70022],[-82.22568,33.69143],[-82.22498,33.69092],[-82.21865,33.6863],[-82.22315,33.68651],[-82.22599,33.68565],[-82.22826,33.68596],[-82.23128,33.68857],[-82.23623,33.69126],[-82.24066,33.6933],[-82.24295,33.69327],[-82.24416,33.6907],[-82.2459,33.68944],[-82.25154,33.68894],[-82.25543,33.68737],[-82.25898,33.68726],[-82.26136,33.6865],[-82.26332,33.68762],[-82.26617,33.68723],[-82.26722,33.68631],[-82.26787,33.68374],[-82.26881,33.68273],[-82.27124,33.68239],[-82.27437,33.68335],[-82.27609,33.68453],[-82.27835,33.68735],[-82.28267,33.68885],[-82.28661,33.69221],[-82.28981,33.69181],[-82.29132,33.69211],[-82.29312,33.69339],[-82.29594,33.69308],[-82.29842,33.69414],[-82.30225,33.69916],[-82.30588,33.70058],[-82.30825,33.70044],[-82.31185,33.69808],[-82.31642,33.69771],[-82.32009,33.69851],[-82.32706,33.69727],[-82.32905,33.69768],[-82.33176,33.69305],[-82.33861,33.69305],[-82.34027,33.69143],[-82.34043,33.68893],[-82.34347,33.68806],[-82.34498,33.68905],[-82.34648,33.69181],[-82.34853,33.69253],[-82.35036,33.69437],[-82.3526,33.69558],[-82.35389,33.69512],[-82.35494,33.69411],[-82.35267,33.69041],[-82.35149,33.68285],[-82.35391,33.68152],[-82.35827,33.6846],[-82.36133,33.68435],[-82.36179,33.68231],[-82.35943,33.6774],[-82.3607,33.67548],[-82.3632,33.67504],[-82.36553,33.67609],[-82.368,33.68213],[-82.36921,33.68304],[-82.37202,33.68274],[-82.37279,33.68212],[-82.37273,33.67543],[-82.37412,33.67489],[-82.37612,33.67628],[-82.37927,33.67655],[-82.3799,33.67426],[-82.38116,33.67224],[-82.38786,33.67134],[-82.39231,33.67273],[-82.39414,33.67252],[-82.39455,33.6715],[-82.39226,33.66767],[-82.39212,33.66611],[-82.395,33.66421],[-82.39875,33.66721],[-82.40034,33.67117],[-82.4028,33.67183],[-82.40456,33.67021],[-82.40545,33.6661],[-82.40747,33.66496],[-82.41112,33.66688],[-82.41251,33.66635],[-82.4129,33.66503],[-82.41201,33.66348],[-82.41154,33.66072],[-82.4127,33.65834],[-82.41354,33.65457],[-82.41428,33.65396],[-82.41657,33.65446],[-82.41922,33.65679],[-82.42102,33.65742],[-82.42311,33.65608],[-82.42358,33.65287],[-82.42533,33.65063],[-82.42826,33.65069],[-82.43091,33.65508],[-82.43386,33.65522],[-82.43469,33.65465],[-82.43595,33.65205],[-82.43703,33.65185],[-82.44013,33.65296],[-82.44319,33.65002],[-82.44808,33.65136],[-82.45072,33.65063],[-82.45169,33.64959],[-82.4506,33.64603],[-82.4512,33.64507],[-82.45683,33.64295],[-82.45788,33.64178],[-82.45763,33.63907],[-82.45926,33.63698],[-82.46054,33.6374],[-82.46266,33.63987],[-82.46489,33.63962],[-82.46652,33.63826],[-82.4686,33.63801],[-82.46988,33.63862],[-82.47442,33.6432],[-82.47734,33.64416],[-82.47756,33.64101],[-82.47952,33.63954],[-82.48297,33.64532],[-82.49022,33.65615],[-82.49985,33.67179],[-82.50241,33.67538],[-82.50808,33.68408],[-82.54426,33.74069],[-82.55006,33.75013],[-82.5542,33.75595],[-82.57365,33.78612],[-82.59353,33.82732],[-82.59455,33.82843],[-82.5951,33.83114],[-82.59356,33.83167],[-82.59374,33.83363],[-82.58943,33.83547],[-82.58873,33.83701],[-82.58646,33.83749],[-82.58528,33.83992],[-82.58361,33.8391],[-82.58329,33.84325],[-82.58482,33.84616],[-82.58172,33.84748],[-82.58064,33.84869],[-82.57825,33.84903],[-82.578,33.85298],[-82.57515,33.85475],[-82.57501,33.85573],[-82.57313,33.85575],[-82.57262,33.85843],[-82.57424,33.85976],[-82.57387,33.86199],[-82.57193,33.8655],[-82.5735,33.86764],[-82.57628,33.86836],[-82.57558,33.87],[-82.57602,33.87163],[-82.57728,33.87277],[-82.57774,33.87473],[-82.57957,33.87443],[-82.58315,33.87268],[-82.58625,33.87178],[-82.58703,33.86949],[-82.59132,33.86841],[-82.59402,33.86736],[-82.59671,33.86434],[-82.59862,33.86402],[-82.59957,33.8623],[-82.60232,33.86181],[-82.60381,33.86011],[-82.60569,33.85994],[-82.6119,33.87673],[-82.62956,33.93233],[-82.6302,33.93468],[-82.63928,33.96389],[-82.64279,33.973],[-82.64561,33.9828],[-82.64545,33.98419],[-82.64144,33.98283]]]}},{"type":"Feature","properties":{"name":"MTA Rapid Transit","boundary_type":"county","source":"Census TIGER county","fidelity":"approximate","updated":"2026-09","units":"Bibb County","note":"Pilot program in downtown Macon and Gray Hwy areas; serves consolidated Macon-Bibb County","confidence":0.75},"geometry":{"type":"Polygon","coordinates":[[[-83.87275,32.85949],[-83.86383,32.86468],[-83.83285,32.88268],[-83.81776,32.89134],[-83.79137,32.90652],[-83.7912,32.90661],[-83.77692,32.91487],[-83.77663,32.91505],[-83.77084,32.91765],[-83.76546,32.92193],[-83.74382,32.93457],[-83.74354,32.93474],[-83.73612,32.93895],[-83.72585,32.9449],[-83.73053,32.94504],[-83.73057,32.95102],[-83.73415,32.95101],[-83.73411,32.95239],[-83.71068,32.95279],[-83.71004,32.95154],[-83.70512,32.95022],[-83.70462,32.94973],[-83.70358,32.94758],[-83.70055,32.94398],[-83.70166,32.94005],[-83.70152,32.93804],[-83.70002,32.93394],[-83.69919,32.93093],[-83.69784,32.92786],[-83.69767,32.92659],[-83.69824,32.92426],[-83.69791,32.92116],[-83.69698,32.91996],[-83.69602,32.91687],[-83.69487,32.91577],[-83.69001,32.91307],[-83.68844,32.91157],[-83.68625,32.91026],[-83.68012,32.90476],[-83.67727,32.90362],[-83.6745,32.90294],[-83.6666,32.90034],[-83.6633,32.89874],[-83.66069,32.89605],[-83.66041,32.89152],[-83.6586,32.88784],[-83.65821,32.88791],[-83.6312,32.88784],[-83.6124,32.88785],[-83.59947,32.88784],[-83.59819,32.88784],[-83.5898,32.87766],[-83.58518,32.87275],[-83.5846,32.87174],[-83.57932,32.86578],[-83.578,32.86573],[-83.56507,32.87716],[-83.55929,32.87223],[-83.5577,32.87114],[-83.54869,32.86344],[-83.52993,32.8471],[-83.52603,32.84388],[-83.52342,32.84129],[-83.51636,32.84719],[-83.51351,32.84487],[-83.50499,32.83745],[-83.48943,32.82406],[-83.49658,32.81843],[-83.49557,32.81737],[-83.49809,32.81591],[-83.49841,32.81453],[-83.49698,32.81267],[-83.49882,32.81057],[-83.49648,32.80695],[-83.49577,32.80757],[-83.49294,32.80515],[-83.49799,32.80074],[-83.49846,32.80081],[-83.50211,32.80142],[-83.5026,32.80112],[-83.51624,32.7899],[-83.55384,32.7589],[-83.57871,32.73812],[-83.58559,32.74484],[-83.59295,32.73886],[-83.59902,32.74344],[-83.60236,32.74127],[-83.59912,32.74045],[-83.59883,32.73977],[-83.60172,32.73878],[-83.60097,32.73722],[-83.59951,32.73652],[-83.59761,32.73669],[-83.59805,32.73531],[-83.59994,32.73376],[-83.59587,32.73296],[-83.59537,32.73155],[-83.59718,32.73182],[-83.59992,32.73023],[-83.59993,32.72932],[-83.59726,32.72933],[-83.59663,32.72789],[-83.598,32.72689],[-83.59876,32.72479],[-83.60065,32.72534],[-83.60048,32.72386],[-83.59863,32.72327],[-83.60036,32.72136],[-83.59904,32.71975],[-83.59886,32.71835],[-83.59983,32.71806],[-83.60123,32.71999],[-83.60256,32.71924],[-83.60418,32.71727],[-83.6029,32.71694],[-83.60155,32.71795],[-83.60024,32.71619],[-83.60143,32.71526],[-83.60073,32.71409],[-83.59862,32.71339],[-83.59715,32.71469],[-83.59716,32.71203],[-83.59883,32.71174],[-83.59866,32.70981],[-83.60051,32.70823],[-83.59969,32.70676],[-83.60008,32.70371],[-83.60268,32.70115],[-83.60482,32.70131],[-83.60228,32.69979],[-83.60389,32.69953],[-83.6069,32.70154],[-83.60844,32.69927],[-83.61026,32.69884],[-83.60963,32.69661],[-83.61128,32.69622],[-83.61157,32.69488],[-83.61057,32.69318],[-83.60859,32.69264],[-83.60847,32.68801],[-83.61042,32.68895],[-83.60986,32.68718],[-83.6076,32.68653],[-83.60852,32.684],[-83.60583,32.68243],[-83.60675,32.68141],[-83.60701,32.67905],[-83.6052,32.67568],[-83.60659,32.67345],[-83.60378,32.67201],[-83.60027,32.67191],[-83.59943,32.67104],[-83.60117,32.66932],[-83.59938,32.66928],[-83.59927,32.66807],[-83.59717,32.66688],[-83.59766,32.66434],[-83.60244,32.66277],[-83.60304,32.66176],[-83.60473,32.66064],[-83.60736,32.66219],[-83.60789,32.66448],[-83.61201,32.66531],[-83.61459,32.66352],[-83.61931,32.66405],[-83.62106,32.66487],[-83.62221,32.66682],[-83.62438,32.66732],[-83.62524,32.66898],[-83.62652,32.66956],[-83.62919,32.66935],[-83.63334,32.66825],[-83.63597,32.66953],[-83.63876,32.66908],[-83.64372,32.67216],[-83.64529,32.67416],[-83.64787,32.67362],[-83.6496,32.67454],[-83.65063,32.6737],[-83.65591,32.67391],[-83.65683,32.6746],[-83.65959,32.67423],[-83.66049,32.67382],[-83.66178,32.67509],[-83.66324,32.67376],[-83.66378,32.67451],[-83.66613,32.67452],[-83.66594,32.67516],[-83.66649,32.67597],[-83.66951,32.67631],[-83.67026,32.6775],[-83.67347,32.67679],[-83.67751,32.67979],[-83.68323,32.68456],[-83.68556,32.68535],[-83.68647,32.68467],[-83.68893,32.68707],[-83.69018,32.68699],[-83.69176,32.68848],[-83.6962,32.68852],[-83.69778,32.68915],[-83.69784,32.69026],[-83.70103,32.69216],[-83.70115,32.69217],[-83.70514,32.69236],[-83.70681,32.69179],[-83.70724,32.69329],[-83.70921,32.69299],[-83.70977,32.69189],[-83.71143,32.69242],[-83.7177,32.69302],[-83.72041,32.69248],[-83.72206,32.69467],[-83.72239,32.69366],[-83.72418,32.69436],[-83.72543,32.69371],[-83.72658,32.69468],[-83.72668,32.69624],[-83.72971,32.69719],[-83.73148,32.69559],[-83.73516,32.69487],[-83.73629,32.69363],[-83.73749,32.69414],[-83.73945,32.69463],[-83.74005,32.69653],[-83.74223,32.697],[-83.7434,32.69797],[-83.74565,32.70105],[-83.74588,32.70245],[-83.74718,32.70296],[-83.74721,32.70527],[-83.74895,32.7056],[-83.75137,32.70412],[-83.75167,32.70574],[-83.7533,32.70486],[-83.75436,32.70573],[-83.75415,32.70707],[-83.75596,32.70716],[-83.75574,32.70843],[-83.75852,32.7109],[-83.75905,32.71277],[-83.76059,32.71378],[-83.76193,32.71324],[-83.76236,32.71412],[-83.76903,32.71414],[-83.76958,32.71504],[-83.77182,32.71432],[-83.77434,32.71517],[-83.77415,32.71539],[-83.77513,32.71778],[-83.77687,32.71881],[-83.77848,32.71942],[-83.77998,32.72117],[-83.78592,32.72043],[-83.78763,32.72331],[-83.79125,32.7249],[-83.79444,32.7256],[-83.79487,32.72494],[-83.79761,32.72584],[-83.79904,32.72498],[-83.80213,32.7277],[-83.80472,32.72929],[-83.80827,32.72868],[-83.81014,32.72994],[-83.8093,32.73149],[-83.81062,32.73309],[-83.81273,32.73401],[-83.81332,32.73343],[-83.81507,32.7357],[-83.8167,32.73594],[-83.8191,32.74039],[-83.82187,32.74124],[-83.82307,32.74081],[-83.8244,32.74186],[-83.82829,32.74668],[-83.82891,32.75011],[-83.83159,32.75153],[-83.83145,32.75278],[-83.8301,32.75382],[-83.83524,32.75868],[-83.83806,32.7633],[-83.83767,32.76443],[-83.83938,32.76464],[-83.84116,32.7666],[-83.84119,32.76803],[-83.84317,32.76807],[-83.84521,32.7687],[-83.84675,32.77217],[-83.84897,32.77145],[-83.85063,32.77014],[-83.85139,32.77199],[-83.84795,32.7749],[-83.84771,32.77547],[-83.85211,32.78015],[-83.85343,32.78202],[-83.85238,32.78288],[-83.85141,32.78547],[-83.85482,32.78762],[-83.85673,32.78811],[-83.85656,32.78976],[-83.85711,32.79177],[-83.85692,32.79374],[-83.85863,32.79487],[-83.86181,32.795],[-83.8602,32.79661],[-83.86144,32.79787],[-83.86389,32.79853],[-83.86512,32.79967],[-83.86648,32.801],[-83.86835,32.8018],[-83.86966,32.80408],[-83.87227,32.80378],[-83.87694,32.80694],[-83.87729,32.80807],[-83.87595,32.80985],[-83.87706,32.81039],[-83.87602,32.81139],[-83.87868,32.81279],[-83.87744,32.8137],[-83.87861,32.81498],[-83.87882,32.81651],[-83.88019,32.81666],[-83.88144,32.81787],[-83.88354,32.8183],[-83.88624,32.81717],[-83.88712,32.81903],[-83.89012,32.81972],[-83.89205,32.81956],[-83.89192,32.84835],[-83.87275,32.85949]]]}},{"type":"Feature","properties":{"name":"Murray County Transit","boundary_type":"county","source":"Census TIGER county","fidelity":"exact","updated":"2026-09","units":"Murray County","note":"County-operated demand-response system","confidence":0.9},"geometry":{"type":"Polygon","coordinates":[[[-84.9431,34.68043],[-84.94017,34.67855],[-84.93516,34.67637],[-84.92971,34.67594],[-84.92765,34.67667],[-84.91954,34.68111],[-84.91643,34.68148],[-84.91048,34.68142],[-84.90741,34.67726],[-84.90466,34.67237],[-84.90178,34.66564],[-84.9005,34.66454],[-84.89669,34.6643],[-84.89572,34.6645],[-84.89168,34.66658],[-84.88934,34.6669],[-84.88849,34.66776],[-84.88791,34.67622],[-84.88745,34.67745],[-84.88817,34.67839],[-84.89482,34.67994],[-84.89857,34.68171],[-84.90422,34.68507],[-84.9063,34.68951],[-84.90788,34.69143],[-84.91323,34.6955],[-84.91584,34.69695],[-84.92294,34.69929],[-84.92571,34.70045],[-84.92973,34.70285],[-84.93372,34.7068],[-84.93495,34.71004],[-84.9342,34.71215],[-84.93332,34.71299],[-84.92924,34.7145],[-84.92393,34.71618],[-84.92202,34.71583],[-84.91673,34.71357],[-84.89693,34.70717],[-84.8944,34.70546],[-84.89102,34.70495],[-84.88871,34.70663],[-84.88635,34.7092],[-84.88542,34.71101],[-84.88496,34.71335],[-84.88387,34.71465],[-84.88341,34.71476],[-84.87758,34.7125],[-84.87095,34.71044],[-84.86494,34.70736],[-84.86398,34.70862],[-84.8621,34.71161],[-84.85993,34.71385],[-84.85911,34.71538],[-84.85853,34.71848],[-84.85722,34.72185],[-84.85574,34.72397],[-84.85769,34.72486],[-84.86171,34.72517],[-84.86515,34.72801],[-84.8673,34.7288],[-84.86791,34.72945],[-84.86897,34.73051],[-84.87217,34.73186],[-84.87273,34.73409],[-84.87182,34.73539],[-84.87098,34.73789],[-84.86762,34.73933],[-84.86631,34.73826],[-84.86713,34.73498],[-84.86508,34.73361],[-84.86402,34.73352],[-84.86156,34.7346],[-84.85894,34.73634],[-84.85749,34.7366],[-84.8571,34.73879],[-84.8558,34.74076],[-84.85186,34.74081],[-84.85117,34.74159],[-84.85144,34.74266],[-84.85446,34.74332],[-84.85706,34.74464],[-84.85782,34.74557],[-84.85679,34.74843],[-84.85412,34.74879],[-84.85568,34.75097],[-84.85597,34.75212],[-84.85782,34.75532],[-84.85881,34.75635],[-84.86099,34.75693],[-84.86432,34.75618],[-84.86591,34.75524],[-84.86773,34.75569],[-84.86657,34.75827],[-84.8681,34.75987],[-84.8666,34.76163],[-84.86687,34.76673],[-84.86784,34.76747],[-84.87166,34.76882],[-84.87586,34.77205],[-84.87725,34.77576],[-84.87873,34.77722],[-84.8788,34.77894],[-84.87622,34.78147],[-84.8731,34.78229],[-84.87277,34.78314],[-84.87339,34.78524],[-84.87466,34.78722],[-84.87421,34.78906],[-84.8727,34.78925],[-84.87074,34.78768],[-84.87028,34.78654],[-84.86834,34.78458],[-84.8636,34.78397],[-84.86275,34.78434],[-84.86225,34.78745],[-84.86003,34.79002],[-84.8562,34.79298],[-84.85341,34.79414],[-84.84861,34.79464],[-84.84579,34.79466],[-84.84184,34.79619],[-84.83924,34.79624],[-84.83808,34.8009],[-84.84022,34.80197],[-84.84223,34.80539],[-84.84574,34.80564],[-84.84831,34.80473],[-84.85415,34.80605],[-84.85805,34.80612],[-84.8599,34.80791],[-84.86293,34.8141],[-84.8606,34.81518],[-84.85785,34.81711],[-84.85485,34.81997],[-84.85668,34.8207],[-84.85585,34.82187],[-84.85574,34.82422],[-84.85471,34.8246],[-84.85215,34.82384],[-84.85097,34.82752],[-84.84895,34.83174],[-84.84897,34.83241],[-84.85087,34.8344],[-84.8525,34.83484],[-84.85432,34.83405],[-84.85555,34.83483],[-84.85512,34.83607],[-84.85204,34.83804],[-84.85192,34.84011],[-84.85307,34.84198],[-84.85295,34.84296],[-84.85103,34.84285],[-84.8502,34.84459],[-84.84808,34.8464],[-84.84745,34.84983],[-84.84605,34.85085],[-84.84374,34.85342],[-84.84003,34.85339],[-84.83737,34.85388],[-84.83691,34.85465],[-84.83865,34.85647],[-84.83983,34.85846],[-84.84169,34.85917],[-84.8424,34.8613],[-84.8396,34.86299],[-84.83848,34.86278],[-84.83737,34.86085],[-84.83436,34.85926],[-84.83116,34.85926],[-84.82552,34.86174],[-84.82322,34.86379],[-84.8208,34.86513],[-84.81907,34.86724],[-84.81799,34.871],[-84.81886,34.87458],[-84.81871,34.87695],[-84.82068,34.87663],[-84.82093,34.8794],[-84.8227,34.8788],[-84.82428,34.88111],[-84.8261,34.88214],[-84.82544,34.88415],[-84.82809,34.88597],[-84.82837,34.88663],[-84.82679,34.88811],[-84.82676,34.88937],[-84.82872,34.88873],[-84.82986,34.89003],[-84.82987,34.89111],[-84.83141,34.89369],[-84.83251,34.89447],[-84.83334,34.89675],[-84.83259,34.89755],[-84.83107,34.89556],[-84.83002,34.89554],[-84.8306,34.89837],[-84.82702,34.89864],[-84.82422,34.90096],[-84.82411,34.90175],[-84.8274,34.90307],[-84.82887,34.9051],[-84.83116,34.90666],[-84.83313,34.90629],[-84.83461,34.9075],[-84.83606,34.90703],[-84.83638,34.90779],[-84.83566,34.9105],[-84.8366,34.91289],[-84.8427,34.91813],[-84.84155,34.92141],[-84.83999,34.92588],[-84.83954,34.93077],[-84.83847,34.93095],[-84.83904,34.93291],[-84.83634,34.93572],[-84.83562,34.93939],[-84.8343,34.93996],[-84.83521,34.94283],[-84.83307,34.94664],[-84.82992,34.94823],[-84.82779,34.95095],[-84.82611,34.95114],[-84.82671,34.95342],[-84.82611,34.9553],[-84.82444,34.95685],[-84.82114,34.95851],[-84.82167,34.95992],[-84.82101,34.96099],[-84.82231,34.96337],[-84.82191,34.96462],[-84.82093,34.96516],[-84.8174,34.96551],[-84.8163,34.96836],[-84.815,34.96952],[-84.8137,34.97214],[-84.81494,34.97595],[-84.8138,34.97989],[-84.81351,34.98286],[-84.8128,34.98637],[-84.81102,34.9867],[-84.81048,34.98761],[-84.80918,34.98757],[-84.80813,34.98759],[-84.7761,34.9878],[-84.77585,34.9878],[-84.73849,34.98804],[-84.73102,34.98809],[-84.72743,34.98802],[-84.68228,34.988],[-84.62493,34.98798],[-84.62148,34.98833],[-84.62275,34.85713],[-84.62059,34.85543],[-84.61864,34.8554],[-84.61732,34.85413],[-84.61243,34.85129],[-84.60899,34.84556],[-84.60643,34.8431],[-84.60657,34.84171],[-84.60526,34.84029],[-84.60108,34.83817],[-84.5985,34.83816],[-84.59525,34.83909],[-84.59436,34.84114],[-84.59289,34.84018],[-84.5936,34.8383],[-84.59044,34.83577],[-84.59211,34.83384],[-84.59001,34.83044],[-84.58767,34.82929],[-84.58545,34.82752],[-84.58525,34.82496],[-84.58389,34.82606],[-84.58442,34.82809],[-84.58364,34.82766],[-84.58292,34.825],[-84.58219,34.82459],[-84.58294,34.82173],[-84.58571,34.82048],[-84.58655,34.81706],[-84.58794,34.81646],[-84.58788,34.81504],[-84.59082,34.81479],[-84.5939,34.81275],[-84.59299,34.81086],[-84.59381,34.80819],[-84.59603,34.80582],[-84.6014,34.80645],[-84.60158,34.80442],[-84.60295,34.80233],[-84.60264,34.79948],[-84.60552,34.79794],[-84.60768,34.79622],[-84.60975,34.79094],[-84.61809,34.7904],[-84.62198,34.78913],[-84.62267,34.78635],[-84.62318,34.78572],[-84.62791,34.78461],[-84.63266,34.78171],[-84.63629,34.78062],[-84.63757,34.78033],[-84.64135,34.77771],[-84.64063,34.77535],[-84.63837,34.77311],[-84.63565,34.77219],[-84.63531,34.77093],[-84.63575,34.76795],[-84.63826,34.76516],[-84.63846,34.7639],[-84.63729,34.76319],[-84.63754,34.7602],[-84.63903,34.75633],[-84.63962,34.75357],[-84.64157,34.75399],[-84.64335,34.7534],[-84.64368,34.75182],[-84.64491,34.75082],[-84.64891,34.74618],[-84.64871,34.74484],[-84.65083,34.74014],[-84.65114,34.738],[-84.65391,34.73427],[-84.65397,34.73158],[-84.65622,34.73098],[-84.6571,34.7289],[-84.65478,34.66559],[-84.65485,34.66381],[-84.65445,34.65272],[-84.65456,34.64469],[-84.65439,34.64438],[-84.65403,34.62497],[-84.65446,34.61677],[-84.65446,34.60792],[-84.65452,34.58319],[-84.68196,34.58333],[-84.682,34.58984],[-84.69849,34.59045],[-84.70163,34.59073],[-84.70526,34.59077],[-84.70554,34.59846],[-84.73122,34.59861],[-84.73129,34.61273],[-84.72307,34.61277],[-84.7228,34.60505],[-84.71438,34.60509],[-84.71412,34.61901],[-84.71562,34.62027],[-84.71569,34.62288],[-84.72152,34.62187],[-84.72559,34.62165],[-84.73425,34.623],[-84.73663,34.6239],[-84.74024,34.62414],[-84.742,34.62368],[-84.74462,34.62384],[-84.74571,34.62201],[-84.74574,34.61742],[-84.74619,34.61479],[-84.74613,34.61086],[-84.74678,34.60982],[-84.74841,34.6091],[-84.75628,34.61001],[-84.75869,34.61207],[-84.76198,34.61439],[-84.76401,34.61518],[-84.76658,34.61545],[-84.7696,34.61444],[-84.77393,34.61376],[-84.77654,34.61276],[-84.77906,34.61294],[-84.77965,34.60832],[-84.86379,34.6086],[-84.86391,34.61576],[-84.86795,34.61574],[-84.90412,34.61573],[-84.90825,34.61579],[-84.9083,34.63406],[-84.91346,34.63413],[-84.91308,34.63931],[-84.91358,34.64015],[-84.91752,34.64288],[-84.92038,34.64385],[-84.92316,34.64878],[-84.92441,34.65159],[-84.92499,34.65672],[-84.92624,34.65955],[-84.92616,34.6618],[-84.92699,34.66566],[-84.92822,34.66714],[-84.9328,34.66755],[-84.93458,34.66723],[-84.93744,34.66844],[-84.942,34.67295],[-84.94427,34.67655],[-84.94433,34.68004],[-84.9431,34.68043]]]}},{"type":"Feature","properties":{"name":"Pierce County Transit","boundary_type":"county","source":"Census TIGER county","fidelity":"exact","updated":"2026-09","units":"Pierce County","note":"County-operated demand-response system","confidence":0.9},"geometry":{"type":"Polygon","coordinates":[[[-82.40179,31.41728],[-82.40151,31.43029],[-82.35683,31.43023],[-82.34484,31.43013],[-82.34499,31.44176],[-82.33049,31.44206],[-82.33002,31.45709],[-82.31511,31.45714],[-82.31527,31.46163],[-82.31502,31.46794],[-82.30093,31.46779],[-82.30042,31.49318],[-82.29673,31.4931],[-82.26966,31.49264],[-82.26958,31.5057],[-82.25583,31.50542],[-82.25595,31.51741],[-82.23883,31.51764],[-82.23938,31.52753],[-82.23925,31.53057],[-82.22658,31.5307],[-82.22514,31.52761],[-82.2215,31.52156],[-82.21904,31.51871],[-82.21617,31.51624],[-82.21034,31.51181],[-82.20831,31.51057],[-82.20197,31.50757],[-82.19821,31.50517],[-82.195,31.5019],[-82.18117,31.48926],[-82.16386,31.47591],[-82.15973,31.4735],[-82.15507,31.47112],[-82.15112,31.46992],[-82.14413,31.46925],[-82.14102,31.46943],[-82.13512,31.47041],[-82.13279,31.47126],[-82.13056,31.47252],[-82.1264,31.47598],[-82.1248,31.47694],[-82.11836,31.47927],[-82.11239,31.48054],[-82.10441,31.48127],[-82.09788,31.48124],[-82.09051,31.48001],[-82.08194,31.47651],[-82.07314,31.47183],[-82.07176,31.4715],[-82.06764,31.46747],[-82.06551,31.46742],[-82.06339,31.46636],[-82.06239,31.46426],[-82.06095,31.46353],[-82.0609,31.46242],[-82.05817,31.46094],[-82.0565,31.45838],[-82.05713,31.45798],[-82.05492,31.45549],[-82.05275,31.45457],[-82.05433,31.45216],[-82.05474,31.45131],[-82.05363,31.4488],[-82.05356,31.44723],[-82.05456,31.44706],[-82.05449,31.44495],[-82.05374,31.44353],[-82.05374,31.44068],[-82.05434,31.44003],[-82.05318,31.43891],[-82.05474,31.43609],[-82.054,31.43283],[-82.05418,31.4316],[-82.05264,31.43107],[-82.05467,31.42987],[-82.05412,31.42827],[-82.05465,31.42535],[-82.05558,31.42442],[-82.05497,31.42068],[-82.05523,31.4194],[-82.05487,31.41571],[-82.05421,31.41344],[-82.05503,31.41249],[-82.05643,31.41274],[-82.05613,31.40994],[-82.05752,31.40912],[-82.05558,31.40719],[-82.05448,31.40774],[-82.05333,31.40676],[-82.05197,31.4038],[-82.05003,31.40388],[-82.04981,31.39866],[-82.05156,31.39896],[-82.05009,31.39748],[-82.04994,31.39632],[-82.04788,31.39586],[-82.04745,31.3947],[-82.04486,31.39578],[-82.04402,31.39513],[-82.0446,31.39378],[-82.0434,31.39162],[-82.04494,31.39211],[-82.04604,31.39058],[-82.04407,31.39073],[-82.04481,31.38909],[-82.0439,31.38816],[-82.04495,31.38772],[-82.04443,31.38502],[-82.04305,31.38414],[-82.04186,31.38446],[-82.04201,31.38232],[-82.04014,31.38241],[-82.03986,31.38041],[-82.0413,31.38027],[-82.04116,31.3781],[-82.0423,31.37788],[-82.04262,31.37655],[-82.04155,31.3759],[-82.04262,31.37418],[-82.04113,31.37372],[-82.04099,31.37253],[-82.03906,31.3704],[-82.03861,31.36808],[-82.03992,31.36754],[-82.03969,31.36618],[-82.03883,31.36617],[-82.04005,31.365],[-82.03976,31.36426],[-82.04079,31.36253],[-82.04049,31.3615],[-82.03911,31.36054],[-82.03868,31.35898],[-82.03637,31.35788],[-82.03631,31.35702],[-82.03438,31.35676],[-82.03407,31.35563],[-82.03491,31.35499],[-82.03319,31.35226],[-82.03371,31.35108],[-82.03294,31.35058],[-82.03387,31.34964],[-82.03244,31.34911],[-82.03168,31.34592],[-82.02991,31.34549],[-82.02974,31.34432],[-82.02865,31.34526],[-82.028,31.34392],[-82.02863,31.34222],[-82.02559,31.3403],[-82.02429,31.3388],[-82.02291,31.33426],[-82.02321,31.33302],[-82.0224,31.33259],[-82.02027,31.33006],[-82.0202,31.32744],[-82.01885,31.32713],[-82.01878,31.32606],[-82.01769,31.32661],[-82.01738,31.32544],[-82.01493,31.32456],[-82.01348,31.32296],[-82.01397,31.32167],[-82.01292,31.32124],[-82.01205,31.31968],[-82.01298,31.3182],[-82.0118,31.31699],[-82.00902,31.31637],[-82.00904,31.31469],[-82.00726,31.31485],[-82.00684,31.31376],[-82.00458,31.31229],[-82.00477,31.31097],[-82.00336,31.31109],[-82.00233,31.31022],[-82.00091,31.31029],[-82.00011,31.31118],[-81.99915,31.30953],[-81.99727,31.30872],[-81.99508,31.30837],[-81.99366,31.3076],[-81.99212,31.30787],[-81.99719,31.28863],[-81.99892,31.28706],[-81.99975,31.2879],[-82.00223,31.28736],[-82.00165,31.28517],[-82.00238,31.28405],[-82.00545,31.28595],[-82.0063,31.2852],[-82.00594,31.28319],[-82.00673,31.28084],[-82.0081,31.27965],[-82.00782,31.27817],[-82.00677,31.27706],[-82.00759,31.27565],[-82.00831,31.276],[-82.0087,31.27786],[-82.01011,31.27787],[-82.01124,31.27585],[-82.0137,31.27504],[-82.01388,31.27573],[-82.01234,31.27658],[-82.01234,31.27756],[-82.0149,31.27715],[-82.01698,31.27858],[-82.01932,31.27805],[-82.02115,31.27933],[-82.02218,31.27885],[-82.02161,31.27614],[-82.02317,31.27514],[-82.0235,31.27677],[-82.02657,31.27632],[-82.02825,31.27785],[-82.02899,31.27738],[-82.0284,31.27529],[-82.03007,31.27441],[-82.03157,31.27753],[-82.03348,31.27657],[-82.032,31.27501],[-82.03304,31.27353],[-82.03397,31.27349],[-82.03471,31.27522],[-82.03734,31.27432],[-82.03905,31.27302],[-82.04018,31.27371],[-82.04037,31.27494],[-82.04273,31.27453],[-82.04294,31.27599],[-82.04393,31.27644],[-82.04489,31.27526],[-82.0473,31.27509],[-82.04742,31.27404],[-82.05003,31.27421],[-82.05034,31.27354],[-82.04864,31.273],[-82.04869,31.27229],[-82.05176,31.27112],[-82.0526,31.27249],[-82.05572,31.27325],[-82.05588,31.27479],[-82.05691,31.27473],[-82.05801,31.27384],[-82.05923,31.27418],[-82.06047,31.27615],[-82.06177,31.27641],[-82.06101,31.27527],[-82.06172,31.27414],[-82.06334,31.27355],[-82.06282,31.27165],[-82.06334,31.27123],[-82.06673,31.27399],[-82.06866,31.27443],[-82.0701,31.27631],[-82.07151,31.27604],[-82.07251,31.27418],[-82.07371,31.27378],[-82.07505,31.27552],[-82.07654,31.27554],[-82.07844,31.27359],[-82.08245,31.27143],[-82.08291,31.27391],[-82.08363,31.275],[-82.08809,31.27573],[-82.08929,31.27662],[-82.09086,31.27654],[-82.08916,31.27577],[-82.08955,31.27354],[-82.09085,31.2733],[-82.09257,31.27438],[-82.09272,31.27612],[-82.09404,31.27649],[-82.09669,31.27495],[-82.09835,31.2754],[-82.10024,31.27668],[-82.10084,31.2739],[-82.10325,31.27168],[-82.10656,31.27157],[-82.10792,31.27217],[-82.11012,31.27134],[-82.11271,31.27142],[-82.11482,31.27035],[-82.11553,31.26782],[-82.11644,31.26673],[-82.12098,31.26505],[-82.12338,31.26204],[-82.12238,31.26051],[-82.12408,31.25959],[-82.12562,31.26049],[-82.12585,31.25827],[-82.12709,31.25791],[-82.12965,31.25909],[-82.13048,31.25839],[-82.13006,31.2568],[-82.13207,31.25709],[-82.1328,31.25512],[-82.13397,31.25487],[-82.13428,31.25806],[-82.1376,31.25808],[-82.13959,31.25874],[-82.1413,31.25679],[-82.14419,31.25497],[-82.14428,31.25337],[-82.14551,31.25238],[-82.1439,31.25079],[-82.14147,31.25211],[-82.14044,31.2507],[-82.14149,31.24941],[-82.1432,31.25009],[-82.14473,31.24879],[-82.14378,31.24424],[-82.14256,31.24281],[-82.14088,31.24415],[-82.13976,31.24336],[-82.14263,31.23955],[-82.14193,31.23763],[-82.14236,31.237],[-82.14344,31.23622],[-82.1442,31.23702],[-82.14683,31.2352],[-82.14945,31.23577],[-82.15057,31.23435],[-82.14918,31.23388],[-82.14831,31.23469],[-82.1474,31.23405],[-82.14764,31.23263],[-82.14657,31.23064],[-82.14667,31.22936],[-82.1452,31.22897],[-82.14645,31.22801],[-82.14664,31.22679],[-82.14777,31.22788],[-82.14996,31.22854],[-82.15076,31.2279],[-82.14982,31.22471],[-82.1519,31.22214],[-82.15337,31.22183],[-82.15518,31.21986],[-82.15681,31.21907],[-82.15817,31.21987],[-82.15981,31.21923],[-82.16231,31.21692],[-82.1637,31.21636],[-82.16457,31.21723],[-82.16572,31.21502],[-82.16727,31.21492],[-82.16652,31.21703],[-82.1674,31.2171],[-82.16856,31.21586],[-82.17013,31.2177],[-82.17083,31.21587],[-82.17249,31.2156],[-82.17219,31.21758],[-82.17387,31.21819],[-82.17555,31.21736],[-82.1742,31.21662],[-82.17419,31.21567],[-82.17628,31.21306],[-82.17798,31.21219],[-82.17951,31.21228],[-82.18188,31.21127],[-82.1829,31.21032],[-82.1829,31.20901],[-82.18478,31.20833],[-82.1828,31.20598],[-82.18477,31.20524],[-82.18552,31.20591],[-82.18827,31.20646],[-82.19003,31.20517],[-82.19347,31.20236],[-82.19344,31.20388],[-82.19538,31.20329],[-82.19506,31.20459],[-82.19597,31.20506],[-82.19416,31.20578],[-82.19492,31.20766],[-82.19782,31.20841],[-82.19907,31.20822],[-82.20204,31.21078],[-82.20509,31.20939],[-82.20584,31.20999],[-82.20429,31.21127],[-82.20629,31.21235],[-82.20883,31.21175],[-82.20998,31.21265],[-82.2094,31.21422],[-82.21165,31.21463],[-82.21146,31.21539],[-82.2133,31.21494],[-82.21481,31.21598],[-82.21628,31.21579],[-82.21857,31.21403],[-82.21953,31.21435],[-82.21996,31.21605],[-82.22074,31.21614],[-82.22295,31.21477],[-82.22394,31.2154],[-82.2223,31.2175],[-82.22095,31.21804],[-82.22257,31.21864],[-82.22515,31.22043],[-82.22629,31.22048],[-82.22752,31.21874],[-82.23101,31.22027],[-82.23234,31.21992],[-82.23371,31.2186],[-82.2365,31.21909],[-82.23799,31.21882],[-82.24011,31.21713],[-82.24277,31.218],[-82.24402,31.21725],[-82.24554,31.2179],[-82.24667,31.21742],[-82.24898,31.21895],[-82.25302,31.21875],[-82.25411,31.22067],[-82.25667,31.22044],[-82.25884,31.21846],[-82.26202,31.21913],[-82.26353,31.22108],[-82.26539,31.22035],[-82.26564,31.21872],[-82.26681,31.21739],[-82.26876,31.21728],[-82.26903,31.21925],[-82.26986,31.21978],[-82.27209,31.218],[-82.27294,31.22133],[-82.27544,31.22153],[-82.27639,31.22102],[-82.27901,31.22273],[-82.27668,31.22322],[-82.2797,31.22537],[-82.28113,31.22544],[-82.28356,31.22653],[-82.28456,31.22445],[-82.28757,31.22348],[-82.2887,31.22455],[-82.28799,31.22554],[-82.29166,31.22549],[-82.29254,31.22642],[-82.29548,31.22646],[-82.29713,31.22503],[-82.29954,31.22541],[-82.3018,31.22475],[-82.30347,31.22489],[-82.30508,31.22635],[-82.30675,31.22537],[-82.31468,31.22585],[-82.31557,31.22688],[-82.31265,31.22819],[-82.31454,31.23115],[-82.31754,31.23134],[-82.31831,31.23223],[-82.31779,31.23549],[-82.31794,31.23578],[-82.31853,31.23686],[-82.32222,31.23812],[-82.32247,31.23824],[-82.32294,31.23849],[-82.32496,31.23888],[-82.32804,31.24014],[-82.33009,31.24139],[-82.33311,31.24168],[-82.33203,31.2432],[-82.3326,31.24516],[-82.33594,31.24577],[-82.33709,31.24685],[-82.33759,31.24785],[-82.33976,31.24904],[-82.33976,31.25072],[-82.34054,31.25227],[-82.34302,31.25311],[-82.34484,31.25465],[-82.34702,31.25402],[-82.34699,31.25561],[-82.35072,31.25563],[-82.35089,31.25797],[-82.35259,31.25897],[-82.3532,31.26111],[-82.35601,31.26182],[-82.35594,31.26335],[-82.35798,31.26335],[-82.35789,31.26402],[-82.35667,31.26481],[-82.35821,31.26538],[-82.35828,31.26676],[-82.36002,31.26692],[-82.36008,31.269],[-82.36221,31.26949],[-82.36267,31.27225],[-82.36171,31.27253],[-82.36048,31.27133],[-82.35917,31.27249],[-82.36082,31.27331],[-82.36161,31.27443],[-82.36295,31.27306],[-82.36626,31.2737],[-82.36867,31.2768],[-82.36914,31.28127],[-82.36863,31.28279],[-82.37034,31.2838],[-82.36962,31.28453],[-82.36821,31.28385],[-82.36718,31.28534],[-82.36872,31.28684],[-82.37199,31.28742],[-82.3746,31.29016],[-82.37753,31.29091],[-82.37914,31.29048],[-82.38013,31.29103],[-82.3837,31.29114],[-82.38392,31.2931],[-82.3855,31.29475],[-82.38575,31.29757],[-82.38721,31.29711],[-82.38742,31.31075],[-82.39022,31.31073],[-82.38945,31.36491],[-82.40263,31.36499],[-82.40263,31.37878],[-82.41699,31.37886],[-82.41698,31.39086],[-82.40255,31.39087],[-82.40256,31.40483],[-82.41741,31.40499],[-82.41725,31.41712],[-82.40179,31.41728]]]}},{"type":"Feature","properties":{"name":"Ride Gwinnett Microtransit","boundary_type":"places","source":"Census TIGER place","fidelity":"exact","updated":"2026-09","units":"Snellville city; Lawrenceville city; Norcross city","note":"Three cities in Gwinnett County; system expanded to Norcross/Gateway85 CID in Sept 2024","confidence":0.85},"geometry":{"type":"MultiPolygon","coordinates":[[[[-84.03899,33.86508],[-84.03653,33.86682],[-84.03649,33.86817],[-84.03561,33.86933],[-84.0342,33.86737],[-84.03258,33.86892],[-84.03406,33.86999],[-84.03637,33.87046],[-84.03702,33.87044],[-84.03679,33.87107],[-84.03966,33.87526],[-84.03479,33.87764],[-84.02947,33.86966],[-84.02465,33.8719],[-84.02734,33.87591],[-84.02494,33.87717],[-84.02571,33.87809],[-84.02789,33.88095],[-84.02556,33.88205],[-84.02378,33.8803],[-84.01914,33.88321],[-84.01431,33.88587],[-84.01274,33.88807],[-84.01339,33.88901],[-84.00968,33.89052],[-84.00872,33.89022],[-84.00706,33.89487],[-84.00637,33.89103],[-84.0066,33.88599],[-83.99831,33.8893],[-83.99594,33.88568],[-83.99625,33.88545],[-84.0023,33.88253],[-84.00409,33.88169],[-84.0022,33.87888],[-84.00075,33.87956],[-83.99843,33.87855],[-83.9976,33.87731],[-83.99806,33.8771],[-84.00166,33.87539],[-84.00012,33.87309],[-83.99663,33.87474],[-83.99336,33.87322],[-83.99373,33.87116],[-83.9924,33.87072],[-83.99156,33.86868],[-83.9947,33.8665],[-83.99577,33.86726],[-83.99532,33.86825],[-83.99627,33.86765],[-83.99732,33.86886],[-83.99806,33.86817],[-83.99901,33.8676],[-84.00018,33.86713],[-83.99921,33.86671],[-83.9966,33.86286],[-83.99961,33.86144],[-84.00124,33.86224],[-83.99795,33.85735],[-83.99623,33.85815],[-83.99528,33.85675],[-83.99382,33.85775],[-83.99452,33.85854],[-83.99183,33.8603],[-83.98902,33.85755],[-83.98434,33.85968],[-83.98484,33.85781],[-83.97896,33.85959],[-83.97629,33.85851],[-83.97502,33.85927],[-83.97206,33.85991],[-83.96865,33.85668],[-83.9629,33.8594],[-83.96547,33.86339],[-83.96573,33.86348],[-83.97032,33.86214],[-83.9721,33.86466],[-83.97369,33.86692],[-83.97414,33.86756],[-83.97333,33.86836],[-83.97319,33.86866],[-83.97334,33.86894],[-83.97307,33.86953],[-83.97328,33.87007],[-83.97311,33.87044],[-83.97248,33.86955],[-83.97026,33.86631],[-83.96522,33.86867],[-83.96138,33.86772],[-83.9621,33.86568],[-83.96142,33.86461],[-83.9572,33.86336],[-83.95729,33.86163],[-83.95709,33.85859],[-83.96223,33.85672],[-83.96149,33.8556],[-83.96091,33.85585],[-83.95979,33.85417],[-83.95849,33.85471],[-83.95796,33.85381],[-83.96053,33.85266],[-83.96106,33.85368],[-83.96167,33.85361],[-83.95981,33.85092],[-83.95837,33.85081],[-83.95541,33.85223],[-83.95538,33.85192],[-83.95433,33.85142],[-83.95136,33.84773],[-83.95097,33.84739],[-83.9556,33.84519],[-83.95681,33.84549],[-83.95818,33.84445],[-83.96121,33.84378],[-83.96238,33.84566],[-83.96467,33.84558],[-83.96536,33.84446],[-83.96457,33.84323],[-83.96467,33.84321],[-83.96548,33.84446],[-83.96499,33.84645],[-83.96337,33.84722],[-83.96399,33.84819],[-83.97212,33.84436],[-83.9701,33.84136],[-83.97432,33.83949],[-83.97569,33.84154],[-83.97777,33.84058],[-83.97988,33.84367],[-83.9817,33.84279],[-83.98842,33.83958],[-83.98828,33.83738],[-83.9906,33.84066],[-83.99304,33.83946],[-83.98919,33.83557],[-83.98915,33.83463],[-83.99228,33.83477],[-83.99777,33.83223],[-84.00737,33.82771],[-84.00203,33.8198],[-84.00286,33.81936],[-84.0049,33.81842],[-84.00495,33.81849],[-84.00533,33.81907],[-84.00729,33.82196],[-84.0081,33.82157],[-84.0111,33.82592],[-84.01146,33.82581],[-84.00918,33.83039],[-84.0112,33.83354],[-84.01259,33.83368],[-84.0109,33.83119],[-84.01685,33.82832],[-84.01745,33.82816],[-84.01658,33.82915],[-84.01568,33.8301],[-84.01623,33.83305],[-84.01897,33.83224],[-84.0155,33.83447],[-84.01647,33.8359],[-84.01866,33.83488],[-84.02163,33.84046],[-84.02219,33.83913],[-84.02489,33.8384],[-84.02734,33.83926],[-84.03075,33.84358],[-84.03319,33.8472],[-84.03481,33.84972],[-84.03671,33.84945],[-84.03732,33.853],[-84.03692,33.85307],[-84.04311,33.86009],[-84.04109,33.85885],[-84.03639,33.86113],[-84.03753,33.86286],[-84.03899,33.86508]]],[[[-83.95707,33.93343],[-83.95885,33.93503],[-83.95686,33.936],[-83.95472,33.93481],[-83.95707,33.93343]]],[[[-83.96225,33.93337],[-83.96385,33.93576],[-83.9606,33.93646],[-83.95885,33.93503],[-83.96225,33.93337]]],[[[-84.2317,33.94902],[-84.22908,33.95055],[-84.22934,33.9509],[-84.22652,33.9526],[-84.22199,33.95474],[-84.22438,33.95885],[-84.22242,33.95977],[-84.22131,33.9582],[-84.21972,33.95604],[-84.21117,33.96011],[-84.21251,33.96196],[-84.21332,33.96499],[-84.21419,33.96628],[-84.2152,33.96594],[-84.21647,33.96785],[-84.21547,33.96771],[-84.20772,33.9688],[-84.2074,33.96744],[-84.20774,33.96604],[-84.20472,33.96648],[-84.20462,33.96615],[-84.20607,33.96547],[-84.20809,33.96464],[-84.20835,33.96322],[-84.20846,33.96102],[-84.20836,33.9601],[-84.20793,33.95552],[-84.20754,33.95511],[-84.20241,33.95462],[-84.20045,33.95244],[-84.20032,33.95254],[-84.2001,33.95233],[-84.19898,33.95313],[-84.19764,33.95011],[-84.19759,33.94985],[-84.19684,33.94884],[-84.19595,33.94928],[-84.19587,33.94931],[-84.19523,33.94821],[-84.19661,33.94725],[-84.19972,33.94548],[-84.19923,33.94474],[-84.20086,33.94353],[-84.19861,33.94391],[-84.19696,33.94298],[-84.19837,33.94206],[-84.1977,33.94163],[-84.19553,33.94307],[-84.19402,33.94314],[-84.19293,33.94157],[-84.19184,33.94206],[-84.19119,33.93932],[-84.18903,33.93816],[-84.19089,33.93769],[-84.19077,33.93731],[-84.18842,33.93786],[-84.18515,33.9363],[-84.18501,33.9365],[-84.18364,33.93699],[-84.18048,33.93542],[-84.18068,33.93366],[-84.17666,33.93283],[-84.17191,33.934],[-84.16793,33.93628],[-84.16492,33.93791],[-84.16372,33.93826],[-84.16178,33.93812],[-84.16055,33.93751],[-84.15995,33.93783],[-84.15926,33.93712],[-84.15982,33.93671],[-84.16192,33.93483],[-84.16499,33.93316],[-84.17236,33.93049],[-84.176,33.93079],[-84.1776,33.93041],[-84.17595,33.92827],[-84.1784,33.9271],[-84.179,33.92563],[-84.18082,33.92471],[-84.18407,33.92321],[-84.18248,33.92158],[-84.18334,33.92062],[-84.18546,33.92372],[-84.18561,33.92391],[-84.19738,33.91839],[-84.20443,33.91369],[-84.208,33.91269],[-84.20845,33.91331],[-84.21107,33.92082],[-84.21196,33.92173],[-84.21819,33.92599],[-84.2197,33.92761],[-84.2224,33.93217],[-84.22345,33.93413],[-84.22482,33.9353],[-84.22689,33.9357],[-84.22984,33.93527],[-84.23238,33.93552],[-84.23508,33.93745],[-84.2383,33.94209],[-84.24027,33.94371],[-84.23674,33.94554],[-84.23531,33.9466],[-84.23319,33.94813],[-84.2317,33.94902]]],[[[-84.05516,33.9559],[-84.05365,33.95705],[-84.05512,33.95918],[-84.05378,33.95977],[-84.05272,33.95966],[-84.05176,33.95816],[-84.05075,33.95812],[-84.05067,33.95945],[-84.04303,33.95866],[-84.04269,33.95882],[-84.03836,33.95902],[-84.03462,33.95986],[-84.02482,33.96282],[-84.0221,33.96397],[-84.01675,33.96719],[-84.00652,33.97353],[-84.00815,33.97593],[-84.00934,33.97768],[-84.00979,33.97753],[-84.01018,33.9768],[-84.01108,33.97675],[-84.01188,33.97652],[-84.0123,33.97665],[-84.01265,33.97841],[-84.01109,33.98019],[-84.01278,33.9826],[-84.01467,33.98541],[-84.01648,33.98605],[-84.01953,33.98753],[-84.01699,33.98878],[-84.01645,33.988],[-84.01564,33.9883],[-84.01539,33.98943],[-84.01556,33.98972],[-84.012,33.9907],[-84.01178,33.98967],[-84.01034,33.98807],[-84.00983,33.98684],[-84.01,33.98511],[-84.00163,33.98915],[-84.00117,33.98848],[-84.00005,33.98767],[-83.99967,33.98744],[-84.00054,33.98702],[-84.00258,33.98665],[-83.99748,33.97937],[-83.99273,33.97826],[-83.99265,33.97806],[-83.98538,33.97946],[-83.98511,33.98177],[-83.98775,33.98264],[-83.98875,33.98446],[-83.98915,33.98427],[-83.99227,33.98505],[-83.99415,33.9878],[-83.98988,33.98874],[-83.9862,33.98825],[-83.98426,33.98911],[-83.98439,33.98955],[-83.98318,33.99072],[-83.98212,33.98873],[-83.98376,33.98675],[-83.98192,33.9864],[-83.98213,33.9855],[-83.98059,33.98322],[-83.98173,33.98246],[-83.98012,33.98135],[-83.98071,33.98109],[-83.9803,33.98043],[-83.97527,33.9814],[-83.97274,33.98189],[-83.97272,33.98163],[-83.97272,33.97941],[-83.97715,33.97619],[-83.98027,33.97494],[-83.98176,33.97509],[-83.98132,33.97289],[-83.97974,33.9727],[-83.97565,33.97408],[-83.9754,33.97372],[-83.96991,33.97723],[-83.96374,33.97895],[-83.96129,33.97536],[-83.96708,33.97293],[-83.96442,33.96905],[-83.9693,33.96679],[-83.96771,33.96431],[-83.96698,33.96321],[-83.96319,33.96499],[-83.96392,33.96607],[-83.96336,33.96633],[-83.9617,33.96711],[-83.95853,33.96847],[-83.95788,33.96749],[-83.9608,33.96612],[-83.96202,33.96554],[-83.95895,33.96109],[-83.96223,33.95964],[-83.95989,33.9557],[-83.95751,33.95701],[-83.95712,33.95719],[-83.95342,33.95278],[-83.95306,33.9529],[-83.95208,33.95161],[-83.95304,33.94998],[-83.95197,33.94973],[-83.95218,33.94922],[-83.95384,33.94734],[-83.95498,33.94772],[-83.95814,33.94619],[-83.9622,33.94426],[-83.95998,33.94385],[-83.95854,33.94174],[-83.96323,33.93846],[-83.96706,33.93579],[-83.96876,33.93828],[-83.96629,33.93983],[-83.969,33.94154],[-83.97011,33.94257],[-83.97058,33.94032],[-83.97368,33.93879],[-83.97001,33.93344],[-83.97108,33.93301],[-83.96825,33.93199],[-83.96464,33.9323],[-83.96121,33.92724],[-83.95883,33.92837],[-83.95744,33.92637],[-83.96005,33.92553],[-83.95921,33.92431],[-83.96873,33.91976],[-83.97015,33.92189],[-83.97282,33.921],[-83.97377,33.92403],[-83.97468,33.92377],[-83.97474,33.92442],[-83.97569,33.92737],[-83.97484,33.92755],[-83.97612,33.93084],[-83.97648,33.93137],[-83.97852,33.9317],[-83.98242,33.92976],[-83.98331,33.93079],[-83.98284,33.9297],[-83.9854,33.92866],[-83.98558,33.92831],[-83.9869,33.92755],[-83.99301,33.92735],[-83.99236,33.92434],[-83.99105,33.9223],[-83.9947,33.92057],[-83.99658,33.91852],[-83.99612,33.91827],[-83.99648,33.916],[-83.99726,33.9163],[-83.99913,33.91346],[-84.0012,33.91405],[-84.00049,33.91628],[-84.00243,33.91684],[-84.00264,33.91625],[-84.00526,33.91794],[-84.00494,33.91933],[-84.00204,33.91797],[-84.00015,33.91743],[-84.00011,33.91755],[-83.998,33.92408],[-84.00197,33.92582],[-84.0025,33.92436],[-84.00488,33.92581],[-84.00796,33.92238],[-84.0078,33.92062],[-84.00717,33.9205],[-84.00574,33.91992],[-84.00595,33.91861],[-84.00805,33.91907],[-84.00782,33.92048],[-84.01407,33.92014],[-84.01555,33.92063],[-84.01638,33.91967],[-84.01987,33.92168],[-84.01806,33.92394],[-84.01648,33.92127],[-84.0163,33.92128],[-84.01545,33.92075],[-84.01349,33.92241],[-84.01588,33.92604],[-84.01827,33.92432],[-84.0195,33.92536],[-84.01995,33.9256],[-84.01903,33.92482],[-84.02025,33.92373],[-84.02142,33.9246],[-84.02203,33.92579],[-84.02043,33.92576],[-84.01801,33.92748],[-84.02133,33.93312],[-84.02489,33.93144],[-84.02576,33.93299],[-84.02678,33.93417],[-84.02674,33.93319],[-84.02795,33.93235],[-84.0289,33.93377],[-84.03079,33.93296],[-84.02743,33.93131],[-84.03273,33.93043],[-84.03581,33.92943],[-84.03723,33.92757],[-84.03642,33.92642],[-84.03644,33.92642],[-84.0379,33.92851],[-84.03592,33.93106],[-84.03291,33.93306],[-84.0311,33.93639],[-84.02943,33.9347],[-84.02809,33.93578],[-84.02785,33.93651],[-84.02768,33.93835],[-84.02603,33.93824],[-84.02434,33.93827],[-84.02233,33.93445],[-84.01793,33.93638],[-84.01917,33.93832],[-84.0195,33.939],[-84.01893,33.93935],[-84.01969,33.93998],[-84.01949,33.9402],[-84.02007,33.94065],[-84.01957,33.94093],[-84.01793,33.93962],[-84.01741,33.93912],[-84.01521,33.94024],[-84.01674,33.94139],[-84.01579,33.94267],[-84.01393,33.94129],[-84.01088,33.94387],[-84.01297,33.94712],[-84.01479,33.94595],[-84.01767,33.94873],[-84.01725,33.94964],[-84.02003,33.95354],[-84.0221,33.95266],[-84.02744,33.95006],[-84.0299,33.95367],[-84.03085,33.9538],[-84.03127,33.95341],[-84.03154,33.95261],[-84.03233,33.95279],[-84.03273,33.95153],[-84.03403,33.95288],[-84.03359,33.95309],[-84.03415,33.95341],[-84.03429,33.95418],[-84.03711,33.95415],[-84.04124,33.95372],[-84.04321,33.95368],[-84.04567,33.95737],[-84.04799,33.95758],[-84.05156,33.95586],[-84.05264,33.95785],[-84.05267,33.95614],[-84.05463,33.95523],[-84.05443,33.95446],[-84.05275,33.95432],[-84.05421,33.95334],[-84.05692,33.95273],[-84.05796,33.9533],[-84.05657,33.95549],[-84.05638,33.95468],[-84.05515,33.95532],[-84.05516,33.9559]],[[-84.0115,33.96793],[-84.01167,33.96727],[-84.01078,33.96706],[-84.01044,33.96756],[-84.01138,33.96809],[-84.0115,33.96793]],[[-83.98592,33.98654],[-83.98606,33.98549],[-83.98467,33.98537],[-83.98451,33.98658],[-83.98531,33.98653],[-83.98592,33.98654]]]]}},{"type":"Feature","properties":{"name":"Roll With Us (METRA)","boundary_type":"city","source":"Census TIGER place","fidelity":"approximate","updated":"2026-09","units":"Columbus city","note":"Service limited to Uptown Columbus area, not citywide coverage","confidence":0.7},"geometry":{"type":"Polygon","coordinates":[[[-85.07665,32.60807],[-85.05187,32.60801],[-85.02619,32.60796],[-84.98552,32.60757],[-84.98179,32.60767],[-84.97834,32.60756],[-84.95104,32.60759],[-84.93695,32.60766],[-84.93652,32.60769],[-84.90769,32.60761],[-84.90788,32.58343],[-84.90265,32.5834],[-84.90071,32.5834],[-84.86804,32.58328],[-84.82795,32.58343],[-84.82042,32.58342],[-84.8198,32.58334],[-84.78748,32.58329],[-84.78468,32.5835],[-84.77092,32.58334],[-84.74044,32.58336],[-84.6946,32.58394],[-84.69466,32.5637],[-84.66746,32.56395],[-84.67047,32.56167],[-84.67074,32.55924],[-84.67237,32.55734],[-84.67447,32.55633],[-84.67474,32.55222],[-84.67645,32.55074],[-84.67605,32.54767],[-84.67935,32.54493],[-84.67945,32.53578],[-84.67845,32.53366],[-84.67997,32.53153],[-84.68383,32.52906],[-84.6867,32.52759],[-84.68805,32.52354],[-84.68991,32.52132],[-84.69451,32.51873],[-84.70202,32.51868],[-84.7024,32.51749],[-84.70373,32.51733],[-84.70502,32.5161],[-84.70675,32.51626],[-84.70897,32.51506],[-84.70978,32.51376],[-84.71348,32.51163],[-84.71359,32.50975],[-84.7161,32.50915],[-84.71694,32.50817],[-84.71945,32.50735],[-84.72051,32.50783],[-84.72307,32.50643],[-84.72318,32.50801],[-84.72426,32.50776],[-84.72507,32.50473],[-84.72418,32.50295],[-84.72553,32.50084],[-84.72729,32.50051],[-84.72793,32.49912],[-84.73082,32.49818],[-84.72942,32.49744],[-84.7299,32.49548],[-84.72917,32.49374],[-84.73122,32.49291],[-84.73125,32.49076],[-84.73312,32.49051],[-84.73474,32.48822],[-84.73371,32.4856],[-84.735,32.48496],[-84.73441,32.48359],[-84.73619,32.48283],[-84.73581,32.48093],[-84.73816,32.48009],[-84.7374,32.47828],[-84.74059,32.47678],[-84.74092,32.47566],[-84.73986,32.4745],[-84.7404,32.47301],[-84.74332,32.47181],[-84.74261,32.46847],[-84.74315,32.46545],[-84.74437,32.46394],[-84.74642,32.46291],[-84.74696,32.46025],[-84.74523,32.46016],[-84.74512,32.4589],[-84.74898,32.45782],[-84.75129,32.45779],[-84.75178,32.45475],[-84.75333,32.45464],[-84.75583,32.45176],[-84.75641,32.44997],[-84.75461,32.44917],[-84.755,32.44676],[-84.75685,32.44587],[-84.75685,32.44333],[-84.7594,32.44154],[-84.76097,32.43637],[-84.76274,32.43534],[-84.76572,32.4355],[-84.76669,32.43493],[-84.76631,32.43299],[-84.76693,32.42875],[-84.76986,32.42632],[-84.77013,32.42354],[-84.76802,32.42302],[-84.76841,32.42059],[-84.76943,32.42232],[-84.77244,32.42112],[-84.77577,32.42264],[-84.77815,32.42253],[-84.77772,32.4243],[-84.77865,32.42498],[-84.78004,32.42377],[-84.78226,32.42478],[-84.78196,32.42275],[-84.78385,32.42098],[-84.78329,32.41961],[-84.78569,32.41957],[-84.7869,32.41752],[-84.78975,32.41829],[-84.79129,32.41778],[-84.79023,32.41669],[-84.79023,32.4153],[-84.79265,32.41387],[-84.79746,32.41483],[-84.79956,32.41678],[-84.80321,32.41778],[-84.80562,32.41928],[-84.80644,32.42077],[-84.80583,32.42171],[-84.807,32.42259],[-84.8078,32.42254],[-84.81151,32.41938],[-84.81078,32.41784],[-84.81113,32.41634],[-84.81359,32.41566],[-84.81415,32.4145],[-84.81684,32.41416],[-84.8185,32.41291],[-84.82089,32.41309],[-84.82274,32.41403],[-84.82452,32.41384],[-84.82633,32.41278],[-84.82926,32.41406],[-84.83135,32.4131],[-84.83258,32.41417],[-84.83431,32.41374],[-84.8347,32.41178],[-84.83575,32.41176],[-84.83778,32.41328],[-84.84259,32.41332],[-84.84466,32.41328],[-84.84665,32.41464],[-84.84825,32.41486],[-84.85105,32.41253],[-84.85321,32.41269],[-84.85543,32.41446],[-84.86147,32.414],[-84.86411,32.41329],[-84.86628,32.41382],[-84.87004,32.41093],[-84.87142,32.41117],[-84.87273,32.41253],[-84.8747,32.41277],[-84.87793,32.41118],[-84.8822,32.41046],[-84.88319,32.4079],[-84.88502,32.40582],[-84.88798,32.40497],[-84.88975,32.40162],[-84.89301,32.40081],[-84.8954,32.39957],[-84.89806,32.4009],[-84.89905,32.40203],[-84.90014,32.40207],[-84.90273,32.39819],[-84.90346,32.3963],[-84.91132,32.39509],[-84.91188,32.39378],[-84.91447,32.3921],[-84.91625,32.39195],[-84.91807,32.3903],[-84.92255,32.38899],[-84.92281,32.38811],[-84.92593,32.38677],[-84.92583,32.38526],[-84.92932,32.38362],[-84.92953,32.38354],[-84.93161,32.38234],[-84.93273,32.38056],[-84.93393,32.38094],[-84.93635,32.37926],[-84.93919,32.38079],[-84.93977,32.38186],[-84.94108,32.38157],[-84.9415,32.37826],[-84.9439,32.37859],[-84.94513,32.37602],[-84.94788,32.37555],[-84.94945,32.37581],[-84.95027,32.37696],[-84.95292,32.37656],[-84.95423,32.37486],[-84.957,32.3739],[-84.95778,32.37411],[-84.96086,32.37485],[-84.96337,32.37657],[-84.96319,32.37404],[-84.96563,32.37563],[-84.96742,32.37567],[-84.96783,32.37874],[-84.97196,32.3777],[-84.97382,32.37987],[-84.97935,32.3807],[-84.98628,32.38034],[-84.98855,32.38408],[-84.98697,32.38751],[-84.98598,32.38967],[-84.98339,32.39176],[-84.97836,32.3905],[-84.97639,32.39102],[-84.97177,32.3906],[-84.96873,32.39146],[-84.96876,32.39301],[-84.97388,32.39522],[-84.9799,32.4001],[-84.9811,32.40283],[-84.9803,32.40731],[-84.97943,32.41224],[-84.97183,32.41624],[-84.96343,32.42254],[-84.96331,32.42305],[-84.96322,32.42343],[-84.96303,32.42424],[-84.96703,32.43534],[-84.97183,32.44284],[-84.98383,32.44564],[-84.99353,32.45074],[-84.9952,32.45306],[-84.99524,32.45312],[-84.99533,32.45324],[-84.99803,32.46174],[-84.99804,32.46193],[-84.99811,32.46505],[-84.99823,32.46984],[-84.99669,32.47261],[-84.99523,32.47524],[-84.99515,32.47739],[-84.99483,32.48604],[-84.99572,32.48898],[-84.99673,32.49234],[-84.99833,32.49414],[-84.99769,32.49925],[-84.9975,32.50073],[-84.99983,32.50434],[-85.00028,32.50711],[-85.00079,32.51019],[-85.00122,32.51286],[-85.00153,32.51474],[-85.00289,32.51696],[-85.0071,32.52387],[-85.0084,32.52488],[-85.01379,32.52611],[-85.0157,32.53011],[-85.01619,32.53113],[-85.01627,32.5312],[-85.02024,32.53475],[-85.02204,32.54004],[-85.0225,32.54289],[-85.02251,32.54292],[-85.03207,32.54543],[-85.03484,32.552],[-85.03501,32.55211],[-85.04055,32.55564],[-85.04436,32.55958],[-85.05693,32.57124],[-85.05967,32.57674],[-85.06753,32.57955],[-85.0764,32.59466],[-85.08029,32.60358],[-85.08062,32.6081],[-85.07665,32.60807]]]}},{"type":"Feature","properties":{"name":"Shift On Demand","boundary_type":"places","source":"Census TIGER place","fidelity":"approximate","updated":"2026-09","units":"Atlanta city; College Park city; East Point city; Hapeville city; South Fulton city; Forest Park city","note":"Service area is the ATL Airport Community Improvement Districts (AACIDs), a ~15.7 sq mi district spanning portions of Fulton and Clayton counties, covering portions of the cities of Atlanta, College Park, East Point, Hapeville, South Fulton, and Forest Park - not the full extent of any of these cities. Sources: web.gachamber.com/blog/Government/ATL-Airport-Community-Improvement-Districts-(CIDs)-3120, aacids.com/airport-west-board, shift-atl.com/ondemand/. No CID-specific boundary shapefile found publicly, so the six named cities are used as an approximate proxy.","confidence":0.55},"geometry":{"type":"MultiPolygon","coordinates":[[[[-84.63339,33.53746],[-84.62605,33.53788],[-84.62175,33.53852],[-84.62179,33.54196],[-84.61758,33.54404],[-84.61585,33.54165],[-84.61198,33.5442],[-84.61192,33.54767],[-84.6111,33.54724],[-84.6095,33.54827],[-84.60826,33.54693],[-84.60699,33.54775],[-84.60823,33.54908],[-84.60816,33.55066],[-84.61194,33.5506],[-84.61195,33.55296],[-84.61041,33.55334],[-84.60862,33.55127],[-84.60669,33.55043],[-84.60462,33.54919],[-84.60283,33.55034],[-84.59794,33.55063],[-84.59757,33.54521],[-84.5983,33.54353],[-84.59736,33.54315],[-84.59856,33.54319],[-84.60061,33.54043],[-84.60223,33.53845],[-84.60215,33.54152],[-84.60104,33.54174],[-84.59838,33.54496],[-84.59868,33.54994],[-84.60108,33.5498],[-84.60244,33.54816],[-84.60311,33.54878],[-84.60781,33.54573],[-84.6077,33.54181],[-84.61087,33.54177],[-84.61144,33.54349],[-84.61616,33.54145],[-84.62148,33.5383],[-84.62595,33.53762],[-84.6251,33.53683],[-84.6197,33.53426],[-84.61829,33.53254],[-84.6161,33.53107],[-84.61455,33.53081],[-84.61468,33.53256],[-84.61163,33.53105],[-84.60739,33.53005],[-84.61155,33.52819],[-84.61182,33.52984],[-84.61428,33.53074],[-84.6158,33.52953],[-84.61664,33.53052],[-84.61662,33.52862],[-84.62192,33.52857],[-84.6309,33.52847],[-84.63091,33.53654],[-84.64059,33.53642],[-84.63872,33.53693],[-84.63674,33.53724],[-84.63552,33.53772],[-84.63593,33.54141],[-84.63363,33.54167],[-84.63339,33.53746]]],[[[-84.56088,33.55767],[-84.56121,33.55355],[-84.56102,33.55327],[-84.56877,33.54991],[-84.56744,33.54734],[-84.56439,33.54349],[-84.55921,33.53699],[-84.55744,33.53536],[-84.55544,33.53576],[-84.55531,33.53708],[-84.54527,33.53691],[-84.54667,33.53748],[-84.54521,33.53825],[-84.54716,33.53885],[-84.54573,33.53973],[-84.54759,33.54],[-84.54759,33.54093],[-84.54577,33.54094],[-84.5456,33.54324],[-84.54195,33.54246],[-84.54224,33.54433],[-84.54256,33.54523],[-84.54385,33.54778],[-84.5411,33.54772],[-84.53942,33.54964],[-84.53542,33.55212],[-84.53533,33.5566],[-84.53762,33.55729],[-84.54544,33.55707],[-84.54547,33.55693],[-84.54822,33.55636],[-84.5487,33.55534],[-84.54977,33.55813],[-84.55393,33.55634],[-84.55483,33.55662],[-84.55483,33.56272],[-84.55133,33.56271],[-84.55084,33.56396],[-84.54984,33.55829],[-84.54953,33.55823],[-84.54265,33.5612],[-84.5384,33.56325],[-84.53597,33.56498],[-84.53536,33.56323],[-84.53136,33.56325],[-84.53076,33.56232],[-84.53047,33.56719],[-84.52975,33.56736],[-84.5297,33.56405],[-84.52674,33.56357],[-84.52561,33.56486],[-84.52354,33.56317],[-84.5207,33.56316],[-84.52131,33.56102],[-84.52232,33.55964],[-84.52252,33.55898],[-84.52598,33.55897],[-84.52609,33.5539],[-84.52628,33.54667],[-84.53153,33.54665],[-84.5315,33.54254],[-84.5329,33.54252],[-84.53288,33.53948],[-84.52936,33.53952],[-84.52938,33.53798],[-84.52399,33.538],[-84.52387,33.53897],[-84.52384,33.54258],[-84.5168,33.54261],[-84.51673,33.544],[-84.51454,33.54392],[-84.51453,33.54404],[-84.51161,33.54405],[-84.51232,33.5458],[-84.51404,33.54734],[-84.51524,33.5492],[-84.51469,33.55037],[-84.51201,33.55113],[-84.51208,33.55275],[-84.51205,33.55378],[-84.51307,33.55681],[-84.51103,33.55682],[-84.51117,33.55765],[-84.51171,33.55766],[-84.51183,33.55847],[-84.51261,33.55847],[-84.51253,33.5582],[-84.51348,33.55818],[-84.51393,33.55938],[-84.51497,33.55965],[-84.51632,33.56072],[-84.50963,33.56112],[-84.5096,33.56513],[-84.51607,33.565],[-84.51605,33.56616],[-84.51548,33.56712],[-84.511,33.56723],[-84.51098,33.5684],[-84.50759,33.5684],[-84.50758,33.57083],[-84.50555,33.57115],[-84.50482,33.57138],[-84.50479,33.57573],[-84.50755,33.57577],[-84.50754,33.57715],[-84.50518,33.57713],[-84.50517,33.58194],[-84.50785,33.58318],[-84.5078,33.58414],[-84.50738,33.58543],[-84.50867,33.58543],[-84.50866,33.58607],[-84.50943,33.58536],[-84.51026,33.58395],[-84.51141,33.58422],[-84.51147,33.58349],[-84.51415,33.58434],[-84.51504,33.58557],[-84.51593,33.58613],[-84.51593,33.58682],[-84.51464,33.58681],[-84.51311,33.58514],[-84.512,33.58586],[-84.5134,33.58777],[-84.51592,33.58783],[-84.51588,33.59159],[-84.51336,33.59159],[-84.51338,33.58981],[-84.51199,33.58982],[-84.51099,33.58652],[-84.50747,33.58869],[-84.50662,33.58793],[-84.50379,33.58987],[-84.49957,33.5909],[-84.49726,33.59295],[-84.49906,33.59315],[-84.49907,33.59374],[-84.4993,33.59403],[-84.49973,33.5959],[-84.49896,33.59602],[-84.49851,33.59452],[-84.49829,33.59425],[-84.49727,33.59494],[-84.49613,33.59579],[-84.49595,33.59565],[-84.48673,33.60316],[-84.48689,33.60346],[-84.48764,33.60346],[-84.48771,33.61309],[-84.49676,33.61272],[-84.49668,33.61037],[-84.49982,33.61028],[-84.49949,33.60677],[-84.49991,33.60458],[-84.49232,33.60447],[-84.49287,33.60093],[-84.49744,33.60045],[-84.49897,33.59959],[-84.49817,33.59742],[-84.50006,33.59821],[-84.50206,33.5982],[-84.50206,33.59666],[-84.50611,33.59668],[-84.5074,33.59172],[-84.51588,33.59173],[-84.51585,33.59383],[-84.51742,33.59586],[-84.51908,33.59587],[-84.52073,33.59361],[-84.52039,33.58711],[-84.51848,33.58705],[-84.51824,33.58352],[-84.52059,33.58354],[-84.52057,33.58023],[-84.51998,33.57955],[-84.52511,33.57534],[-84.5258,33.57533],[-84.52578,33.58613],[-84.52578,33.58657],[-84.52756,33.58669],[-84.52842,33.58669],[-84.53193,33.58646],[-84.53261,33.5872],[-84.53207,33.59184],[-84.53119,33.59184],[-84.53396,33.59596],[-84.5351,33.59596],[-84.53522,33.6],[-84.54035,33.60007],[-84.54496,33.5979],[-84.54705,33.5958],[-84.54957,33.59589],[-84.54919,33.59663],[-84.54829,33.59757],[-84.54898,33.59881],[-84.55296,33.59936],[-84.55495,33.59885],[-84.55595,33.60028],[-84.55633,33.60319],[-84.5542,33.60305],[-84.55216,33.60474],[-84.55334,33.60627],[-84.55267,33.60647],[-84.55232,33.60823],[-84.55317,33.60823],[-84.55308,33.60763],[-84.55402,33.60726],[-84.55491,33.60854],[-84.55587,33.61004],[-84.5562,33.61081],[-84.55753,33.60921],[-84.55692,33.60941],[-84.55694,33.60736],[-84.55649,33.60695],[-84.55622,33.60733],[-84.55491,33.60643],[-84.55684,33.60641],[-84.55946,33.60421],[-84.55968,33.6076],[-84.56057,33.60773],[-84.56005,33.6089],[-84.56467,33.60828],[-84.56471,33.60261],[-84.56615,33.60317],[-84.56777,33.60452],[-84.5713,33.60556],[-84.57041,33.60284],[-84.57484,33.60686],[-84.57245,33.60824],[-84.57134,33.60761],[-84.56842,33.60826],[-84.56829,33.6093],[-84.56979,33.61315],[-84.5666,33.60966],[-84.56465,33.60955],[-84.56464,33.6123],[-84.55687,33.61234],[-84.55813,33.61486],[-84.55484,33.61488],[-84.55574,33.61655],[-84.54736,33.61649],[-84.5469,33.61732],[-84.54335,33.61726],[-84.54024,33.61199],[-84.5392,33.60809],[-84.54355,33.60807],[-84.54365,33.6043],[-84.54268,33.60404],[-84.54275,33.60151],[-84.54214,33.60169],[-84.54028,33.60261],[-84.54024,33.60553],[-84.53848,33.60546],[-84.53806,33.60411],[-84.53782,33.60382],[-84.53774,33.60368],[-84.53524,33.60491],[-84.53534,33.60504],[-84.53449,33.60546],[-84.53374,33.60889],[-84.53232,33.60986],[-84.53302,33.61054],[-84.53269,33.61398],[-84.52942,33.61389],[-84.52881,33.60976],[-84.52756,33.6089],[-84.52747,33.60877],[-84.52666,33.60915],[-84.5263,33.60935],[-84.52639,33.60949],[-84.52735,33.61114],[-84.52827,33.61905],[-84.52696,33.61894],[-84.52704,33.6211],[-84.52873,33.6211],[-84.53046,33.62735],[-84.52961,33.63104],[-84.53089,33.63213],[-84.53242,33.63316],[-84.53401,33.63096],[-84.53522,33.63026],[-84.53522,33.628],[-84.53584,33.62801],[-84.53694,33.62668],[-84.53943,33.62573],[-84.54096,33.62816],[-84.54146,33.6279],[-84.54261,33.62742],[-84.54242,33.62602],[-84.54513,33.62582],[-84.54515,33.62466],[-84.55078,33.62465],[-84.55294,33.62456],[-84.55474,33.62195],[-84.55519,33.62458],[-84.55572,33.62458],[-84.5557,33.6308],[-84.56228,33.63084],[-84.5632,33.62604],[-84.56315,33.62568],[-84.56093,33.62321],[-84.55958,33.62383],[-84.55951,33.62225],[-84.56025,33.62226],[-84.56478,33.62228],[-84.56493,33.62452],[-84.56367,33.62466],[-84.56347,33.62785],[-84.56741,33.62785],[-84.56725,33.62453],[-84.56614,33.62312],[-84.56744,33.62282],[-84.56747,33.62092],[-84.56837,33.62093],[-84.5673,33.62371],[-84.56902,33.62461],[-84.56971,33.62258],[-84.57169,33.6226],[-84.57135,33.62727],[-84.57282,33.62788],[-84.57245,33.62892],[-84.56968,33.62783],[-84.56972,33.62973],[-84.56809,33.62969],[-84.56884,33.63194],[-84.57124,33.63301],[-84.57345,33.63392],[-84.5757,33.63456],[-84.57602,33.63307],[-84.57928,33.63308],[-84.57933,33.63126],[-84.5815,33.63122],[-84.58146,33.63309],[-84.58433,33.63306],[-84.5845,33.62953],[-84.58714,33.63002],[-84.58831,33.63043],[-84.59098,33.62775],[-84.59269,33.62757],[-84.59371,33.62613],[-84.59369,33.62894],[-84.59645,33.62813],[-84.59856,33.62968],[-84.59868,33.62754],[-84.60001,33.6293],[-84.60495,33.63057],[-84.60499,33.62538],[-84.60703,33.6254],[-84.60703,33.622],[-84.60994,33.622],[-84.61043,33.61869],[-84.60985,33.61727],[-84.61253,33.61728],[-84.61301,33.62144],[-84.61693,33.62148],[-84.61737,33.62097],[-84.61504,33.61734],[-84.61763,33.61729],[-84.61844,33.61439],[-84.62506,33.6151],[-84.63167,33.60854],[-84.62803,33.6076],[-84.62606,33.60664],[-84.625,33.60528],[-84.62963,33.60204],[-84.63416,33.59937],[-84.63484,33.59997],[-84.63507,33.60509],[-84.63934,33.59979],[-84.64184,33.60199],[-84.64368,33.60198],[-84.64445,33.60024],[-84.64287,33.59878],[-84.64255,33.59835],[-84.64527,33.59727],[-84.65044,33.5973],[-84.65167,33.59793],[-84.65386,33.59693],[-84.65394,33.59619],[-84.65353,33.59357],[-84.65368,33.59225],[-84.65162,33.59222],[-84.6516,33.59133],[-84.64943,33.59146],[-84.64938,33.58917],[-84.65035,33.58901],[-84.65034,33.58823],[-84.65072,33.58769],[-84.65197,33.58772],[-84.65165,33.58619],[-84.65163,33.58529],[-84.655,33.58374],[-84.66129,33.58141],[-84.66129,33.57966],[-84.66495,33.57961],[-84.66492,33.57862],[-84.66755,33.57831],[-84.66517,33.57759],[-84.65665,33.57751],[-84.65672,33.57402],[-84.65655,33.57402],[-84.65654,33.57476],[-84.65502,33.57503],[-84.65501,33.57468],[-84.65454,33.57451],[-84.65373,33.57436],[-84.65371,33.57357],[-84.6536,33.57354],[-84.65363,33.57443],[-84.65145,33.57442],[-84.65121,33.58359],[-84.65065,33.58282],[-84.64959,33.58321],[-84.65025,33.58632],[-84.64727,33.58831],[-84.64181,33.59507],[-84.64175,33.59712],[-84.64088,33.59579],[-84.63541,33.59965],[-84.63479,33.59805],[-84.63292,33.59808],[-84.63289,33.59452],[-84.63164,33.5966],[-84.62813,33.59907],[-84.62909,33.60202],[-84.62726,33.60201],[-84.62727,33.59938],[-84.62731,33.59382],[-84.61796,33.5938],[-84.61763,33.58638],[-84.61573,33.58599],[-84.61442,33.58711],[-84.61477,33.58823],[-84.61295,33.58938],[-84.61325,33.59379],[-84.61269,33.59241],[-84.60478,33.59255],[-84.60389,33.5933],[-84.60533,33.59452],[-84.60641,33.59364],[-84.60706,33.59474],[-84.60851,33.59499],[-84.60996,33.59756],[-84.61011,33.60042],[-84.60723,33.60046],[-84.60566,33.59998],[-84.60469,33.59701],[-84.6024,33.59457],[-84.59787,33.59592],[-84.59739,33.59444],[-84.59746,33.59421],[-84.59387,33.59423],[-84.59388,33.59344],[-84.59761,33.59342],[-84.59746,33.59249],[-84.59388,33.59253],[-84.59398,33.58742],[-84.59722,33.59023],[-84.59932,33.59193],[-84.60015,33.59128],[-84.60067,33.59164],[-84.60092,33.59144],[-84.60135,33.59178],[-84.60153,33.5915],[-84.60213,33.59108],[-84.60117,33.59051],[-84.60129,33.59043],[-84.59974,33.58927],[-84.60362,33.58692],[-84.6034,33.58792],[-84.60278,33.58839],[-84.6033,33.58964],[-84.60471,33.58914],[-84.60466,33.5872],[-84.6038,33.58691],[-84.60379,33.5847],[-84.60626,33.58802],[-84.60636,33.58796],[-84.60611,33.58648],[-84.60744,33.58502],[-84.6103,33.58584],[-84.61608,33.58574],[-84.6168,33.58526],[-84.61471,33.58412],[-84.61358,33.58431],[-84.61349,33.58281],[-84.61576,33.58155],[-84.6164,33.58155],[-84.61636,33.58024],[-84.61488,33.58025],[-84.61486,33.57951],[-84.61795,33.57832],[-84.6177,33.57765],[-84.61241,33.5777],[-84.61238,33.5756],[-84.61025,33.57507],[-84.6122,33.57471],[-84.61325,33.57461],[-84.61323,33.57347],[-84.61432,33.57342],[-84.61436,33.57456],[-84.61541,33.57451],[-84.61638,33.57442],[-84.61637,33.57139],[-84.61865,33.57128],[-84.61764,33.56977],[-84.61746,33.56938],[-84.6145,33.56965],[-84.61342,33.56631],[-84.61698,33.56647],[-84.61718,33.56792],[-84.62034,33.56794],[-84.62033,33.56956],[-84.62209,33.56957],[-84.6221,33.57362],[-84.62309,33.5739],[-84.62607,33.57529],[-84.62677,33.57265],[-84.62666,33.56347],[-84.62207,33.56629],[-84.622,33.56117],[-84.62086,33.56022],[-84.6225,33.55892],[-84.62358,33.55674],[-84.62353,33.55527],[-84.62533,33.55479],[-84.62714,33.55286],[-84.62799,33.55285],[-84.62796,33.55095],[-84.62493,33.55062],[-84.62292,33.54893],[-84.62013,33.54753],[-84.62185,33.5467],[-84.62855,33.54668],[-84.63117,33.54666],[-84.63114,33.54479],[-84.63369,33.54477],[-84.63365,33.54207],[-84.63474,33.54205],[-84.63477,33.54378],[-84.64177,33.54358],[-84.64177,33.54481],[-84.63615,33.54483],[-84.63628,33.54635],[-84.63372,33.54633],[-84.63373,33.54647],[-84.63631,33.54649],[-84.63642,33.54716],[-84.64178,33.54717],[-84.64178,33.54877],[-84.63944,33.54879],[-84.6399,33.55051],[-84.64198,33.55191],[-84.6379,33.55312],[-84.63907,33.55539],[-84.63724,33.55692],[-84.63736,33.55703],[-84.63917,33.55551],[-84.64189,33.55952],[-84.64306,33.55911],[-84.64584,33.55687],[-84.64863,33.55633],[-84.64892,33.56684],[-84.6531,33.56545],[-84.65314,33.56107],[-84.65088,33.56103],[-84.65023,33.55554],[-84.65276,33.55142],[-84.6509,33.55176],[-84.6509,33.55295],[-84.64637,33.55295],[-84.64572,33.54483],[-84.64561,33.53693],[-84.64561,33.53686],[-84.65067,33.53458],[-84.65068,33.53921],[-84.65089,33.54484],[-84.65775,33.54474],[-84.65939,33.54471],[-84.66129,33.54312],[-84.66255,33.54457],[-84.6635,33.54338],[-84.66236,33.54091],[-84.66221,33.53824],[-84.66255,33.53631],[-84.66397,33.53563],[-84.66421,33.53824],[-84.66429,33.53913],[-84.66502,33.54724],[-84.66522,33.54941],[-84.66741,33.57338],[-84.67,33.57481],[-84.67498,33.57674],[-84.67745,33.57729],[-84.67995,33.57864],[-84.68229,33.58072],[-84.68661,33.58367],[-84.69181,33.58655],[-84.69353,33.588],[-84.69638,33.59123],[-84.69821,33.59111],[-84.70043,33.59168],[-84.70178,33.59428],[-84.70367,33.59499],[-84.70486,33.59782],[-84.70545,33.60039],[-84.70629,33.60207],[-84.70574,33.60723],[-84.70527,33.60811],[-84.70268,33.60998],[-84.70264,33.61111],[-84.70029,33.61162],[-84.69859,33.60865],[-84.69761,33.60774],[-84.69646,33.60556],[-84.69417,33.6037],[-84.6863,33.60172],[-84.6858,33.6018],[-84.68516,33.60983],[-84.68599,33.61211],[-84.68382,33.61557],[-84.6906,33.61558],[-84.69058,33.61384],[-84.69729,33.61385],[-84.69361,33.61758],[-84.69225,33.61995],[-84.69551,33.61991],[-84.69555,33.62248],[-84.69156,33.62132],[-84.69,33.62358],[-84.68776,33.62195],[-84.68624,33.62197],[-84.68616,33.62523],[-84.6845,33.62526],[-84.68269,33.62153],[-84.68023,33.61912],[-84.67433,33.61915],[-84.67428,33.62088],[-84.67337,33.62217],[-84.67168,33.62221],[-84.67292,33.63662],[-84.67291,33.63863],[-84.67197,33.64775],[-84.67101,33.64965],[-84.66979,33.65033],[-84.66285,33.65282],[-84.66334,33.65695],[-84.66143,33.65701],[-84.65643,33.65941],[-84.65193,33.66791],[-84.65193,33.67061],[-84.65373,33.67521],[-84.65273,33.68361],[-84.64903,33.68591],[-84.64083,33.68381],[-84.63053,33.69031],[-84.63012,33.69312],[-84.63265,33.69929],[-84.63213,33.70031],[-84.62123,33.70451],[-84.61573,33.70961],[-84.60803,33.71291],[-84.60519,33.71709],[-84.60253,33.71971],[-84.60077,33.72503],[-84.59433,33.72901],[-84.59273,33.72941],[-84.59068,33.72905],[-84.58923,33.72881],[-84.58683,33.72911],[-84.58543,33.73051],[-84.58257,33.73737],[-84.58063,33.73971],[-84.57913,33.74261],[-84.57793,33.74366],[-84.5757,33.74421],[-84.57355,33.7455],[-84.57242,33.74627],[-84.56074,33.75661],[-84.55515,33.76094],[-84.5448,33.76746],[-84.53964,33.7698],[-84.5394,33.76993],[-84.52389,33.76558],[-84.52199,33.76521],[-84.51527,33.76517],[-84.51517,33.77218],[-84.51592,33.77244],[-84.51504,33.77312],[-84.51373,33.77452],[-84.51142,33.77848],[-84.51051,33.77984],[-84.50863,33.7818],[-84.50689,33.78345],[-84.51233,33.78344],[-84.5152,33.78325],[-84.51519,33.78584],[-84.51602,33.78628],[-84.52148,33.78665],[-84.52184,33.78732],[-84.52046,33.78788],[-84.51751,33.78932],[-84.51071,33.79311],[-84.50792,33.79554],[-84.50299,33.79933],[-84.49974,33.8041],[-84.49527,33.80873],[-84.49225,33.81159],[-84.48921,33.81323],[-84.48577,33.81383],[-84.48039,33.81753],[-84.47788,33.82036],[-84.47094,33.82637],[-84.46968,33.82705],[-84.46676,33.82764],[-84.46331,33.82716],[-84.4587,33.82462],[-84.458,33.82458],[-84.45723,33.82481],[-84.45621,33.82595],[-84.45562,33.82681],[-84.45491,33.82837],[-84.45759,33.83281],[-84.46023,33.83822],[-84.4605,33.84207],[-84.45878,33.84604],[-84.45877,33.84901],[-84.46015,33.85248],[-84.46007,33.85294],[-84.45603,33.85755],[-84.45449,33.85881],[-84.45431,33.86044],[-84.45595,33.86527],[-84.45399,33.86773],[-84.45222,33.86922],[-84.4508,33.87248],[-84.4476,33.87516],[-84.44478,33.87711],[-84.44371,33.87854],[-84.44035,33.87859],[-84.44002,33.87927],[-84.43616,33.88038],[-84.43557,33.87849],[-84.43353,33.87848],[-84.43336,33.87848],[-84.43291,33.87881],[-84.43225,33.87848],[-84.42993,33.87847],[-84.42944,33.87987],[-84.42923,33.88119],[-84.4277,33.88041],[-84.42796,33.87864],[-84.427,33.87846],[-84.41597,33.87837],[-84.41364,33.87835],[-84.41171,33.87834],[-84.40696,33.8783],[-84.40698,33.88238],[-84.40515,33.88234],[-84.40512,33.88524],[-84.40428,33.88541],[-84.40259,33.88676],[-84.40114,33.88592],[-84.40113,33.8823],[-84.3992,33.88131],[-84.39917,33.87947],[-84.39722,33.87946],[-84.39725,33.87822],[-84.38869,33.87815],[-84.39125,33.88084],[-84.39036,33.88122],[-84.39548,33.88634],[-84.39475,33.88682],[-84.38919,33.88282],[-84.38884,33.88212],[-84.3873,33.88098],[-84.38737,33.87831],[-84.38737,33.87813],[-84.38416,33.87813],[-84.3831,33.87811],[-84.38217,33.87813],[-84.37979,33.87815],[-84.37263,33.87808],[-84.37004,33.87806],[-84.36848,33.87803],[-84.36776,33.87806],[-84.36775,33.87911],[-84.36631,33.88003],[-84.36511,33.88007],[-84.36206,33.87693],[-84.35792,33.87801],[-84.35523,33.87797],[-84.35532,33.88047],[-84.35404,33.88164],[-84.34809,33.88209],[-84.34829,33.86946],[-84.34792,33.86943],[-84.34795,33.86895],[-84.34831,33.86861],[-84.34824,33.86521],[-84.34831,33.86215],[-84.3483,33.85749],[-84.34828,33.85424],[-84.34831,33.85395],[-84.34838,33.85254],[-84.34832,33.85009],[-84.34832,33.846],[-84.34813,33.84533],[-84.34846,33.83973],[-84.34823,33.8398],[-84.3481,33.83914],[-84.34834,33.83908],[-84.34846,33.83945],[-84.34847,33.83716],[-84.34852,33.8263],[-84.3485,33.8254],[-84.34849,33.82512],[-84.34847,33.82039],[-84.34858,33.81742],[-84.34856,33.81477],[-84.34863,33.8092],[-84.34863,33.80722],[-84.34848,33.8064],[-84.34847,33.80637],[-84.34815,33.80463],[-84.34807,33.80468],[-84.34806,33.80505],[-84.34776,33.80557],[-84.34799,33.80604],[-84.3475,33.80525],[-84.34748,33.80468],[-84.34445,33.80459],[-84.33826,33.80455],[-84.338,33.80456],[-84.33773,33.80449],[-84.3381,33.80294],[-84.33596,33.80344],[-84.33568,33.80344],[-84.3356,33.80342],[-84.33552,33.80341],[-84.33402,33.80367],[-84.3338,33.80387],[-84.33511,33.80508],[-84.33427,33.80584],[-84.33416,33.80603],[-84.33406,33.80641],[-84.33387,33.80672],[-84.33364,33.80692],[-84.33332,33.80714],[-84.33183,33.80724],[-84.3306,33.80743],[-84.33119,33.80943],[-84.32989,33.81011],[-84.32845,33.80647],[-84.32851,33.80493],[-84.32853,33.80455],[-84.32855,33.80416],[-84.32807,33.80382],[-84.32765,33.80352],[-84.32755,33.80352],[-84.32504,33.80339],[-84.32538,33.80449],[-84.32527,33.80585],[-84.32205,33.8055],[-84.32253,33.80407],[-84.32295,33.80326],[-84.32299,33.80304],[-84.32301,33.80181],[-84.32301,33.79985],[-84.32366,33.79979],[-84.32343,33.79962],[-84.32414,33.79913],[-84.32437,33.79927],[-84.3267,33.80067],[-84.32771,33.80081],[-84.32789,33.80021],[-84.32722,33.80056],[-84.32674,33.8004],[-84.32437,33.79887],[-84.32404,33.79853],[-84.3239,33.79852],[-84.32378,33.79856],[-84.32333,33.7988],[-84.32044,33.79776],[-84.32036,33.79832],[-84.32043,33.79831],[-84.3208,33.79828],[-84.32104,33.79825],[-84.32104,33.79834],[-84.32105,33.80147],[-84.32269,33.80154],[-84.3227,33.80316],[-84.32222,33.80403],[-84.32178,33.80547],[-84.31805,33.80513],[-84.31562,33.80344],[-84.31164,33.80344],[-84.31347,33.80321],[-84.31341,33.80054],[-84.31283,33.8004],[-84.31241,33.80024],[-84.31199,33.80013],[-84.31137,33.80002],[-84.31077,33.80009],[-84.30913,33.80084],[-84.30908,33.80078],[-84.30661,33.79812],[-84.30704,33.7966],[-84.30807,33.79554],[-84.31059,33.79497],[-84.3127,33.79492],[-84.31446,33.79495],[-84.3163,33.79522],[-84.31699,33.79489],[-84.31754,33.7935],[-84.31545,33.79224],[-84.31446,33.79204],[-84.31643,33.79119],[-84.32023,33.78904],[-84.32468,33.78824],[-84.32527,33.78828],[-84.32544,33.78831],[-84.32561,33.78836],[-84.32581,33.78851],[-84.32624,33.7886],[-84.32653,33.78875],[-84.32807,33.79051],[-84.32874,33.79078],[-84.32904,33.7913],[-84.32926,33.79338],[-84.32988,33.79381],[-84.33072,33.79369],[-84.33077,33.79513],[-84.33118,33.79541],[-84.33104,33.79606],[-84.33614,33.80108],[-84.33692,33.80056],[-84.33791,33.80226],[-84.33846,33.80208],[-84.33885,33.79994],[-84.33899,33.79976],[-84.34185,33.79611],[-84.34091,33.79611],[-84.34126,33.79556],[-84.3408,33.7946],[-84.34082,33.79404],[-84.34088,33.79398],[-84.34061,33.79379],[-84.34051,33.79383],[-84.33928,33.79365],[-84.33928,33.79297],[-84.3415,33.79322],[-84.34295,33.79427],[-84.34355,33.79461],[-84.34391,33.79612],[-84.34495,33.79133],[-84.34402,33.79116],[-84.34404,33.79056],[-84.3422,33.79045],[-84.34686,33.78984],[-84.34688,33.7904],[-84.34688,33.79046],[-84.34708,33.79043],[-84.34843,33.79052],[-84.34842,33.78895],[-84.34862,33.78757],[-84.34881,33.78757],[-84.34852,33.78486],[-84.34812,33.78486],[-84.34814,33.78453],[-84.34855,33.78453],[-84.34866,33.78297],[-84.34725,33.78305],[-84.34744,33.78024],[-84.34507,33.77932],[-84.342,33.77928],[-84.33867,33.77926],[-84.33764,33.77847],[-84.33415,33.77925],[-84.33225,33.77807],[-84.33184,33.77925],[-84.33006,33.77925],[-84.33003,33.77489],[-84.33001,33.77351],[-84.33006,33.77253],[-84.33142,33.77165],[-84.32843,33.77146],[-84.32831,33.76788],[-84.32679,33.76788],[-84.32677,33.76967],[-84.3247,33.76963],[-84.32297,33.76963],[-84.32297,33.76776],[-84.31979,33.76756],[-84.31907,33.76613],[-84.31699,33.76613],[-84.31698,33.76482],[-84.31652,33.76482],[-84.3163,33.76448],[-84.31558,33.76459],[-84.31244,33.76493],[-84.31233,33.75688],[-84.31245,33.75688],[-84.31246,33.75528],[-84.31044,33.75527],[-84.30983,33.75415],[-84.31126,33.75303],[-84.31252,33.75175],[-84.31232,33.75176],[-84.31122,33.75243],[-84.30521,33.75239],[-84.30401,33.75355],[-84.30247,33.75476],[-84.29756,33.75435],[-84.29599,33.75364],[-84.29065,33.75314],[-84.2909,33.751],[-84.29081,33.74706],[-84.29066,33.74706],[-84.28991,33.7455],[-84.29097,33.74476],[-84.29009,33.74301],[-84.2897,33.74215],[-84.2902,33.74129],[-84.28987,33.74115],[-84.29019,33.74092],[-84.28987,33.73984],[-84.2903,33.73887],[-84.29535,33.73947],[-84.29784,33.73859],[-84.29785,33.73832],[-84.29678,33.73829],[-84.29682,33.73704],[-84.2988,33.73709],[-84.29877,33.73768],[-84.29845,33.73767],[-84.29842,33.73859],[-84.29936,33.73862],[-84.30049,33.73865],[-84.30051,33.73802],[-84.29991,33.73801],[-84.29992,33.73787],[-84.30052,33.73788],[-84.30154,33.73745],[-84.30157,33.73741],[-84.3055,33.73754],[-84.30603,33.73935],[-84.30667,33.73936],[-84.30667,33.73868],[-84.30716,33.73869],[-84.30716,33.73891],[-84.30684,33.7389],[-84.30683,33.73936],[-84.30967,33.73943],[-84.31118,33.73947],[-84.31365,33.73954],[-84.31372,33.73954],[-84.3139,33.73821],[-84.31247,33.73823],[-84.3135,33.73668],[-84.31534,33.73742],[-84.31534,33.73962],[-84.32091,33.73983],[-84.323,33.73972],[-84.32297,33.74104],[-84.32048,33.74161],[-84.32032,33.74561],[-84.31703,33.74477],[-84.31695,33.74658],[-84.31995,33.74733],[-84.32085,33.74734],[-84.32182,33.74734],[-84.32186,33.74694],[-84.32138,33.74692],[-84.32138,33.74547],[-84.32228,33.74549],[-84.32224,33.74735],[-84.32857,33.74742],[-84.32874,33.74474],[-84.3271,33.73996],[-84.32939,33.73983],[-84.32863,33.73904],[-84.32931,33.73535],[-84.32576,33.73662],[-84.32299,33.7323],[-84.32439,33.73332],[-84.32603,33.73233],[-84.326,33.73227],[-84.32658,33.73222],[-84.32659,33.73268],[-84.32762,33.7335],[-84.3293,33.73329],[-84.32935,33.7307],[-84.32609,33.72953],[-84.32143,33.72666],[-84.32139,33.7267],[-84.32082,33.72628],[-84.32203,33.72561],[-84.32393,33.72458],[-84.32724,33.72277],[-84.32929,33.71844],[-84.32993,33.71844],[-84.3306,33.71863],[-84.3319,33.72071],[-84.33348,33.72579],[-84.33431,33.72572],[-84.33652,33.72583],[-84.3367,33.72724],[-84.33616,33.72741],[-84.33521,33.72734],[-84.33519,33.72798],[-84.33494,33.72744],[-84.33422,33.72746],[-84.33484,33.72869],[-84.33853,33.73167],[-84.33878,33.73142],[-84.34006,33.73298],[-84.34008,33.73241],[-84.34475,33.73244],[-84.34476,33.73193],[-84.34415,33.73192],[-84.34417,33.7312],[-84.34541,33.73122],[-84.34527,33.73138],[-84.34556,33.73183],[-84.34557,33.73245],[-84.3486,33.73247],[-84.34862,33.72829],[-84.34592,33.72833],[-84.34866,33.72633],[-84.34871,33.72383],[-84.34873,33.72218],[-84.34944,33.72224],[-84.34948,33.71765],[-84.3495,33.71553],[-84.34612,33.71581],[-84.3445,33.71579],[-84.3442,33.71442],[-84.3448,33.71267],[-84.34659,33.7125],[-84.34659,33.71318],[-84.34812,33.71319],[-84.34816,33.71402],[-84.34951,33.71403],[-84.34951,33.70927],[-84.34951,33.69262],[-84.34969,33.68033],[-84.34984,33.66402],[-84.34984,33.66383],[-84.35015,33.64795],[-84.3541,33.648],[-84.35986,33.64808],[-84.36008,33.63936],[-84.3588,33.63831],[-84.35862,33.63934],[-84.3559,33.63932],[-84.35447,33.64067],[-84.3502,33.64463],[-84.35027,33.63992],[-84.34764,33.63997],[-84.34768,33.63772],[-84.34635,33.63683],[-84.34484,33.6362],[-84.34856,33.6324],[-84.35037,33.63199],[-84.35002,33.62799],[-84.34879,33.62995],[-84.34713,33.62998],[-84.34744,33.62091],[-84.34545,33.6206],[-84.34548,33.62377],[-84.34164,33.62371],[-84.34162,33.62375],[-84.34049,33.62374],[-84.34039,33.6318],[-84.32296,33.63173],[-84.31937,33.63163],[-84.318,33.63163],[-84.31814,33.63293],[-84.31937,33.63353],[-84.31643,33.63311],[-84.31633,33.63162],[-84.31222,33.62767],[-84.31194,33.62716],[-84.30989,33.62229],[-84.3088,33.62257],[-84.30834,33.62051],[-84.30829,33.61976],[-84.30878,33.61965],[-84.30777,33.61739],[-84.30761,33.61583],[-84.30988,33.6158],[-84.31027,33.61395],[-84.31109,33.61396],[-84.31492,33.61434],[-84.31448,33.61585],[-84.32913,33.61604],[-84.32922,33.61194],[-84.33591,33.61174],[-84.33572,33.61611],[-84.34078,33.61429],[-84.34087,33.61309],[-84.34322,33.6138],[-84.34962,33.61572],[-84.3526,33.61668],[-84.35279,33.61675],[-84.35285,33.61612],[-84.35287,33.61235],[-84.35688,33.61246],[-84.35729,33.61236],[-84.35769,33.6122],[-84.35812,33.61269],[-84.35963,33.61265],[-84.36079,33.61255],[-84.36088,33.60852],[-84.36089,33.60549],[-84.36263,33.60379],[-84.3618,33.60361],[-84.35822,33.60295],[-84.35526,33.60328],[-84.35461,33.59904],[-84.35241,33.59835],[-84.35175,33.59784],[-84.35088,33.59608],[-84.35132,33.59535],[-84.35163,33.59485],[-84.35189,33.59336],[-84.35162,33.5919],[-84.35374,33.59191],[-84.35377,33.58783],[-84.35438,33.58803],[-84.35622,33.58834],[-84.35627,33.59056],[-84.36339,33.59062],[-84.3634,33.59022],[-84.36412,33.59049],[-84.36478,33.59002],[-84.36744,33.58892],[-84.36746,33.59078],[-84.37007,33.59086],[-84.37067,33.59086],[-84.37054,33.60183],[-84.37421,33.60188],[-84.37834,33.60192],[-84.37945,33.60156],[-84.38078,33.60622],[-84.38105,33.60723],[-84.38608,33.60718],[-84.38606,33.61109],[-84.38809,33.61554],[-84.38815,33.61872],[-84.39603,33.61801],[-84.39677,33.61786],[-84.39875,33.62057],[-84.39693,33.62061],[-84.39699,33.62228],[-84.39913,33.62227],[-84.39988,33.62461],[-84.40241,33.62462],[-84.40221,33.62554],[-84.39999,33.62557],[-84.39944,33.62557],[-84.39978,33.63105],[-84.39806,33.63169],[-84.39209,33.63063],[-84.38827,33.63155],[-84.38439,33.62662],[-84.38526,33.62946],[-84.38676,33.63093],[-84.38439,33.63201],[-84.38441,33.63513],[-84.38215,33.63676],[-84.37972,33.63787],[-84.37496,33.63793],[-84.37206,33.63835],[-84.37278,33.63944],[-84.37368,33.63982],[-84.37288,33.64292],[-84.37533,33.64245],[-84.37527,33.6446],[-84.3703,33.64447],[-84.37141,33.64629],[-84.36999,33.64818],[-84.37999,33.64832],[-84.3974,33.6483],[-84.39929,33.64831],[-84.40321,33.64827],[-84.40493,33.64851],[-84.41898,33.64861],[-84.42841,33.64871],[-84.43823,33.64881],[-84.43813,33.64211],[-84.43503,33.64091],[-84.43533,33.63251],[-84.43743,33.63251],[-84.43753,33.62833],[-84.44061,33.62833],[-84.43847,33.62668],[-84.43913,33.62621],[-84.4428,33.62622],[-84.44281,33.62409],[-84.44616,33.62409],[-84.44672,33.62278],[-84.44366,33.62271],[-84.44363,33.61993],[-84.44057,33.61999],[-84.44098,33.62078],[-84.43882,33.62084],[-84.43851,33.62151],[-84.43864,33.61708],[-84.43858,33.61529],[-84.4384,33.61458],[-84.44127,33.61401],[-84.44473,33.61401],[-84.44482,33.60814],[-84.44653,33.60807],[-84.44945,33.60818],[-84.44947,33.60403],[-84.45095,33.60399],[-84.45464,33.604],[-84.45483,33.61472],[-84.45726,33.61609],[-84.45808,33.61618],[-84.45809,33.6138],[-84.45809,33.61337],[-84.45813,33.60682],[-84.45817,33.59993],[-84.45821,33.59438],[-84.45834,33.58637],[-84.4584,33.57274],[-84.45863,33.57211],[-84.45893,33.56541],[-84.45892,33.55976],[-84.45858,33.55584],[-84.45866,33.55093],[-84.46454,33.54978],[-84.47261,33.54815],[-84.47283,33.54811],[-84.47434,33.54778],[-84.48366,33.54573],[-84.48883,33.54471],[-84.49993,33.54191],[-84.51323,33.53922],[-84.52374,33.53648],[-84.53062,33.53468],[-84.53064,33.53612],[-84.53171,33.53457],[-84.53171,33.53439],[-84.54475,33.53098],[-84.55686,33.5284],[-84.56629,33.526],[-84.56629,33.52757],[-84.56934,33.52828],[-84.56571,33.53049],[-84.56553,33.53156],[-84.56057,33.53207],[-84.56024,33.53406],[-84.56493,33.53455],[-84.5648,33.53943],[-84.56909,33.53946],[-84.56931,33.53984],[-84.57236,33.53987],[-84.57244,33.54268],[-84.57481,33.54267],[-84.5748,33.54448],[-84.57686,33.544],[-84.57735,33.54567],[-84.57728,33.54622],[-84.57401,33.54764],[-84.57112,33.54887],[-84.57739,33.55021],[-84.57959,33.55275],[-84.5745,33.55355],[-84.57117,33.55525],[-84.5626,33.55538],[-84.56219,33.5583],[-84.56088,33.55767]],[[-84.66703,33.58211],[-84.66184,33.58214],[-84.66166,33.58174],[-84.66129,33.58565],[-84.66628,33.58563],[-84.66703,33.58211]]],[[[-84.58757,33.59204],[-84.58424,33.58989],[-84.58424,33.58906],[-84.58742,33.59112],[-84.58877,33.59075],[-84.58757,33.59204]]],[[[-84.60875,33.60638],[-84.60763,33.60442],[-84.61111,33.60588],[-84.60883,33.60652],[-84.60875,33.60638]]],[[[-84.58849,33.61269],[-84.58923,33.61067],[-84.58769,33.60835],[-84.58735,33.60564],[-84.58428,33.60564],[-84.58429,33.60718],[-84.58459,33.6076],[-84.58488,33.60766],[-84.58431,33.6085],[-84.5844,33.61652],[-84.5903,33.61475],[-84.59079,33.61733],[-84.58784,33.61938],[-84.58567,33.62205],[-84.58463,33.62434],[-84.58439,33.62433],[-84.58494,33.62523],[-84.58215,33.62521],[-84.58156,33.62301],[-84.58379,33.6195],[-84.58261,33.61878],[-84.57952,33.62208],[-84.57941,33.62334],[-84.57422,33.62078],[-84.57474,33.61826],[-84.5722,33.61659],[-84.5715,33.61722],[-84.56961,33.61814],[-84.56751,33.61812],[-84.5675,33.61662],[-84.57144,33.61659],[-84.5715,33.6108],[-84.57322,33.61082],[-84.57344,33.60936],[-84.57574,33.60845],[-84.57804,33.60868],[-84.57585,33.61139],[-84.57692,33.61104],[-84.58039,33.60796],[-84.5821,33.60901],[-84.58245,33.60975],[-84.58462,33.60787],[-84.58285,33.60607],[-84.5829,33.60292],[-84.58202,33.59864],[-84.58238,33.59781],[-84.58422,33.59893],[-84.5887,33.59893],[-84.58895,33.59653],[-84.59386,33.59646],[-84.59387,33.59548],[-84.59676,33.5955],[-84.5958,33.59672],[-84.59376,33.5987],[-84.59382,33.60627],[-84.59108,33.60744],[-84.59103,33.61041],[-84.58849,33.61269]]],[[[-84.61114,33.6104],[-84.61383,33.61545],[-84.60946,33.61659],[-84.6094,33.61337],[-84.60882,33.6107],[-84.61082,33.61044],[-84.61114,33.6104]]],[[[-84.35637,33.60697],[-84.3508,33.60689],[-84.35088,33.60323],[-84.35526,33.60328],[-84.35565,33.60596],[-84.35637,33.60697]]],[[[-84.34156,33.63502],[-84.34278,33.63543],[-84.34277,33.63211],[-84.34359,33.63212],[-84.34351,33.63291],[-84.3435,33.63298],[-84.34353,33.63307],[-84.34363,33.63338],[-84.34359,33.63405],[-84.3438,33.63549],[-84.34374,33.63563],[-84.34369,33.63577],[-84.34347,33.63663],[-84.34035,33.63637],[-84.34037,33.63473],[-84.34156,33.63502]]],[[[-84.34819,33.80524],[-84.3481,33.80523],[-84.34806,33.80521],[-84.34806,33.80509],[-84.34806,33.80505],[-84.34818,33.80505],[-84.34819,33.80524]]]]}},{"type":"Feature","properties":{"name":"Talbot County Transit","boundary_type":"county","source":"Census TIGER county","fidelity":"exact","updated":"2026-09","units":"Talbot County","note":"County-wide demand-response service operated by Talbot County Government","confidence":0.95},"geometry":{"type":"Polygon","coordinates":[[[-84.69965,32.70093],[-84.69966,32.70824],[-84.69342,32.70811],[-84.69325,32.72246],[-84.69284,32.72263],[-84.68289,32.72275],[-84.68288,32.73035],[-84.68805,32.73036],[-84.68791,32.73876],[-84.69306,32.73881],[-84.69272,32.75518],[-84.6926,32.78789],[-84.69243,32.82939],[-84.69605,32.83622],[-84.70054,32.84464],[-84.67711,32.84466],[-84.67694,32.84466],[-84.66683,32.84468],[-84.66267,32.84468],[-84.64325,32.8447],[-84.62492,32.84472],[-84.62257,32.84503],[-84.62039,32.84502],[-84.58859,32.84512],[-84.57486,32.84517],[-84.57067,32.84518],[-84.51404,32.87363],[-84.50706,32.87747],[-84.50689,32.88179],[-84.50335,32.88169],[-84.49826,32.88359],[-84.49704,32.8834],[-84.4904,32.88099],[-84.48669,32.87914],[-84.48304,32.87813],[-84.47812,32.87783],[-84.47709,32.87752],[-84.47589,32.87685],[-84.47508,32.87363],[-84.4753,32.87246],[-84.47809,32.86982],[-84.48078,32.86854],[-84.48228,32.86717],[-84.4849,32.86602],[-84.48693,32.86375],[-84.48915,32.8623],[-84.49028,32.86031],[-84.49009,32.8569],[-84.48951,32.85587],[-84.48748,32.85481],[-84.48514,32.85447],[-84.48306,32.85225],[-84.48087,32.85209],[-84.47929,32.85438],[-84.47645,32.85607],[-84.4746,32.85574],[-84.47187,32.85406],[-84.46731,32.85301],[-84.46601,32.85144],[-84.46453,32.84809],[-84.46209,32.84587],[-84.4597,32.84302],[-84.45822,32.83924],[-84.45729,32.82988],[-84.45664,32.82866],[-84.45541,32.82863],[-84.44836,32.82502],[-84.44273,32.82521],[-84.44107,32.82658],[-84.43965,32.82969],[-84.43719,32.83186],[-84.43509,32.83511],[-84.43418,32.83806],[-84.43348,32.83846],[-84.42212,32.83865],[-84.42055,32.83842],[-84.42011,32.83648],[-84.41863,32.83562],[-84.4171,32.83557],[-84.41491,32.83453],[-84.41018,32.82731],[-84.40836,32.82643],[-84.40803,32.82467],[-84.40862,32.82195],[-84.40655,32.81978],[-84.40269,32.81737],[-84.40176,32.81605],[-84.40287,32.81268],[-84.40115,32.81094],[-84.4009,32.81003],[-84.39871,32.80867],[-84.39687,32.80584],[-84.39534,32.80167],[-84.39579,32.80036],[-84.39232,32.79462],[-84.39102,32.78696],[-84.38639,32.78636],[-84.38579,32.78325],[-84.38254,32.78028],[-84.3804,32.77918],[-84.37492,32.77726],[-84.36931,32.7762],[-84.36353,32.77829],[-84.3624,32.7779],[-84.35938,32.7748],[-84.35728,32.77368],[-84.35558,32.77356],[-84.35441,32.77498],[-84.3547,32.77652],[-84.3574,32.78174],[-84.35686,32.783],[-84.35511,32.78366],[-84.35358,32.78358],[-84.35025,32.78237],[-84.34945,32.78179],[-84.34484,32.77581],[-84.34395,32.77206],[-84.34214,32.76915],[-84.34138,32.76659],[-84.33975,32.76273],[-84.33863,32.76136],[-84.33574,32.75956],[-84.33298,32.75946],[-84.33125,32.76015],[-84.33008,32.7614],[-84.32833,32.76224],[-84.32578,32.76246],[-84.32383,32.76186],[-84.32095,32.75921],[-84.31629,32.75559],[-84.31391,32.75569],[-84.31193,32.75687],[-84.30945,32.75902],[-84.30694,32.75956],[-84.30281,32.76145],[-84.30139,32.76134],[-84.30061,32.76061],[-84.3006,32.75734],[-84.29902,32.75546],[-84.29732,32.75476],[-84.29405,32.75462],[-84.29113,32.75403],[-84.29,32.75324],[-84.28754,32.75014],[-84.28625,32.74763],[-84.28745,32.74734],[-84.28895,32.7428],[-84.28876,32.73615],[-84.29341,32.73395],[-84.30173,32.73418],[-84.30413,32.73371],[-84.30631,32.73209],[-84.31169,32.72864],[-84.31317,32.7265],[-84.31448,32.72545],[-84.31842,32.72421],[-84.32137,32.7228],[-84.32227,32.72116],[-84.32682,32.72133],[-84.33005,32.72074],[-84.3351,32.72097],[-84.33794,32.72065],[-84.33888,32.67904],[-84.36424,32.67936],[-84.37383,32.64676],[-84.37093,32.64789],[-84.37224,32.64295],[-84.37444,32.63767],[-84.37654,32.63524],[-84.37843,32.6318],[-84.38052,32.63073],[-84.38444,32.62792],[-84.39071,32.62213],[-84.39122,32.61935],[-84.39197,32.6196],[-84.39399,32.61778],[-84.39592,32.61751],[-84.39915,32.61587],[-84.40077,32.61342],[-84.40192,32.61389],[-84.4041,32.61215],[-84.40838,32.6105],[-84.4085,32.59809],[-84.40854,32.59457],[-84.40867,32.58189],[-84.40887,32.56192],[-84.43718,32.56231],[-84.44435,32.56208],[-84.49206,32.56196],[-84.49178,32.54832],[-84.50466,32.54821],[-84.50482,32.54182],[-84.52691,32.54251],[-84.53261,32.54269],[-84.53248,32.54982],[-84.54207,32.5499],[-84.54222,32.54257],[-84.55096,32.54272],[-84.55089,32.54928],[-84.55383,32.54873],[-84.5545,32.54756],[-84.55656,32.54695],[-84.55807,32.54562],[-84.56121,32.54434],[-84.5625,32.54461],[-84.56294,32.54266],[-84.56602,32.54006],[-84.56668,32.53703],[-84.56548,32.53513],[-84.56125,32.53503],[-84.5614,32.52806],[-84.57019,32.5282],[-84.57286,32.5259],[-84.57572,32.52535],[-84.57783,32.52572],[-84.57872,32.52478],[-84.58172,32.52441],[-84.5861,32.52265],[-84.5874,32.52313],[-84.58937,32.52274],[-84.59021,32.52336],[-84.5921,32.52308],[-84.59316,32.52418],[-84.59478,32.5234],[-84.59765,32.5246],[-84.59948,32.52625],[-84.60066,32.52852],[-84.60202,32.52923],[-84.60133,32.53154],[-84.60392,32.53329],[-84.60492,32.53501],[-84.60819,32.53528],[-84.61087,32.53482],[-84.61865,32.531],[-84.61957,32.52976],[-84.62149,32.52978],[-84.62357,32.53168],[-84.62492,32.53113],[-84.62901,32.53214],[-84.63228,32.53225],[-84.6326,32.53377],[-84.63471,32.53345],[-84.63482,32.53452],[-84.63732,32.53485],[-84.63801,32.53482],[-84.64568,32.53491],[-84.64898,32.53496],[-84.64893,32.53372],[-84.65042,32.53434],[-84.65099,32.53338],[-84.65299,32.53247],[-84.65572,32.53004],[-84.65802,32.52876],[-84.66172,32.52915],[-84.66586,32.52764],[-84.66726,32.52574],[-84.67097,32.52365],[-84.67194,32.5224],[-84.67456,32.52159],[-84.67459,32.52036],[-84.67756,32.52052],[-84.67856,32.51887],[-84.68191,32.51866],[-84.68467,32.51958],[-84.68494,32.52054],[-84.68626,32.51962],[-84.69451,32.51873],[-84.68991,32.52132],[-84.68805,32.52354],[-84.6867,32.52759],[-84.68383,32.52906],[-84.67997,32.53153],[-84.67845,32.53366],[-84.67945,32.53578],[-84.67935,32.54493],[-84.67605,32.54767],[-84.67645,32.55074],[-84.67474,32.55222],[-84.67447,32.55633],[-84.67237,32.55734],[-84.67074,32.55924],[-84.67047,32.56167],[-84.66746,32.56395],[-84.69466,32.5637],[-84.6946,32.58394],[-84.69456,32.59717],[-84.69411,32.60032],[-84.69431,32.64742],[-84.6943,32.66739],[-84.69397,32.67334],[-84.69406,32.68288],[-84.69384,32.68577],[-84.70316,32.6862],[-84.70307,32.69334],[-84.7032,32.70072],[-84.69965,32.70093]]]}},{"type":"Feature","properties":{"name":"Taylor County Transit","boundary_type":"county","source":"Census TIGER county","fidelity":"exact","updated":"2026-09","units":"Taylor County","note":"County-operated demand-response system","confidence":0.9},"geometry":{"type":"MultiPolygon","coordinates":[[[[-84.36322,32.39765],[-84.36312,32.39512],[-84.36292,32.38945],[-84.37272,32.38935],[-84.37282,32.39755],[-84.36796,32.3976],[-84.36322,32.39765]]],[[[-84.00877,32.51651],[-84.01037,32.51497],[-84.01383,32.5149],[-84.01533,32.51374],[-84.01661,32.51174],[-84.01619,32.50988],[-84.01364,32.51074],[-84.01422,32.50864],[-84.0164,32.50821],[-84.01815,32.50641],[-84.02228,32.50563],[-84.02199,32.50409],[-84.01868,32.5036],[-84.01999,32.50183],[-84.01931,32.49945],[-84.01761,32.49935],[-84.01731,32.49715],[-84.02079,32.49726],[-84.03411,32.49745],[-84.03446,32.50015],[-84.03433,32.51348],[-84.05363,32.51331],[-84.05331,32.52202],[-84.00849,32.52177],[-84.00951,32.51832],[-84.00877,32.51651]]],[[[-84.43718,32.56231],[-84.40887,32.56192],[-84.40867,32.58189],[-84.40854,32.59457],[-84.4085,32.59809],[-84.40838,32.6105],[-84.4041,32.61215],[-84.40192,32.61389],[-84.40077,32.61342],[-84.39915,32.61587],[-84.39592,32.61751],[-84.39399,32.61778],[-84.39197,32.6196],[-84.39122,32.61935],[-84.39071,32.62213],[-84.38444,32.62792],[-84.38052,32.63073],[-84.37843,32.6318],[-84.37654,32.63524],[-84.37444,32.63767],[-84.37224,32.64295],[-84.37093,32.64789],[-84.37383,32.64676],[-84.36424,32.67936],[-84.33888,32.67904],[-84.33794,32.72065],[-84.3351,32.72097],[-84.33005,32.72074],[-84.32682,32.72133],[-84.32227,32.72116],[-84.32137,32.7228],[-84.31842,32.72421],[-84.31448,32.72545],[-84.31317,32.7265],[-84.31169,32.72864],[-84.30631,32.73209],[-84.30413,32.73371],[-84.30173,32.73418],[-84.29341,32.73395],[-84.28876,32.73615],[-84.28895,32.7428],[-84.28745,32.74734],[-84.28625,32.74763],[-84.28426,32.74452],[-84.27887,32.74378],[-84.27029,32.74107],[-84.26507,32.74048],[-84.26271,32.73931],[-84.26153,32.73546],[-84.25678,32.72931],[-84.25628,32.72599],[-84.25754,32.72434],[-84.25644,32.72272],[-84.25365,32.72221],[-84.25327,32.72319],[-84.25466,32.72532],[-84.25281,32.72737],[-84.24693,32.73005],[-84.24569,32.73092],[-84.24282,32.7343],[-84.24106,32.73764],[-84.23852,32.73857],[-84.2358,32.73828],[-84.23297,32.73638],[-84.22988,32.73363],[-84.22924,32.73266],[-84.23043,32.73046],[-84.23379,32.72813],[-84.23556,32.72505],[-84.23647,32.72178],[-84.2363,32.72104],[-84.23195,32.72238],[-84.22936,32.72214],[-84.2267,32.72132],[-84.22033,32.72087],[-84.21898,32.71985],[-84.21702,32.71626],[-84.21688,32.71494],[-84.21473,32.71107],[-84.2134,32.70565],[-84.21135,32.70133],[-84.21016,32.69996],[-84.20671,32.69965],[-84.20337,32.69783],[-84.2028,32.6966],[-84.2029,32.69135],[-84.20263,32.69002],[-84.2002,32.68841],[-84.19947,32.68718],[-84.19638,32.68379],[-84.19461,32.6832],[-84.19309,32.68356],[-84.18871,32.68131],[-84.18505,32.67984],[-84.18139,32.67947],[-84.1755,32.67782],[-84.17422,32.67766],[-84.16727,32.67804],[-84.1626,32.67782],[-84.15762,32.6792],[-84.154,32.67904],[-84.14923,32.68312],[-84.14574,32.68525],[-84.14346,32.68544],[-84.14043,32.68485],[-84.13936,32.68393],[-84.14013,32.68068],[-84.13991,32.67913],[-84.13591,32.67657],[-84.13413,32.67574],[-84.12819,32.67436],[-84.1255,32.67634],[-84.12324,32.677],[-84.11764,32.67722],[-84.11589,32.67858],[-84.11612,32.68224],[-84.11532,32.68346],[-84.10742,32.68521],[-84.10592,32.68505],[-84.10424,32.68324],[-84.10406,32.6803],[-84.10521,32.67712],[-84.10497,32.67339],[-84.09873,32.66928],[-84.09726,32.66757],[-84.09626,32.66375],[-84.09497,32.66188],[-84.09013,32.65766],[-84.08584,32.65437],[-84.08229,32.65015],[-84.07816,32.64724],[-84.0763,32.64292],[-84.07373,32.63971],[-84.07452,32.63625],[-84.07396,32.63573],[-84.07138,32.63606],[-84.06848,32.63722],[-84.06582,32.63998],[-84.0647,32.63972],[-84.06422,32.63826],[-84.06195,32.63528],[-84.05975,32.63437],[-84.05872,32.635],[-84.05788,32.63676],[-84.05676,32.63652],[-84.05647,32.63504],[-84.05838,32.63374],[-84.05835,32.63029],[-84.05918,32.62979],[-84.06149,32.6306],[-84.06303,32.62959],[-84.06232,32.62711],[-84.06284,32.62654],[-84.06649,32.62681],[-84.06862,32.62797],[-84.07141,32.62729],[-84.07388,32.62541],[-84.07327,32.62376],[-84.07017,32.62382],[-84.06989,32.62206],[-84.07166,32.62065],[-84.07217,32.6186],[-84.07176,32.61686],[-84.06908,32.613],[-84.06763,32.61211],[-84.0664,32.61116],[-84.06631,32.60936],[-84.06794,32.60766],[-84.06615,32.60504],[-84.06647,32.60319],[-84.06776,32.60266],[-84.07125,32.59826],[-84.07057,32.59402],[-84.06958,32.59203],[-84.06763,32.59031],[-84.06525,32.58954],[-84.0629,32.59119],[-84.06232,32.58937],[-84.06295,32.58759],[-84.06617,32.58632],[-84.0665,32.58506],[-84.06418,32.58419],[-84.06408,32.58298],[-84.06523,32.58205],[-84.06427,32.58066],[-84.06213,32.58023],[-84.06273,32.57843],[-84.06059,32.57732],[-84.05857,32.5781],[-84.05752,32.57753],[-84.05724,32.57572],[-84.05588,32.57572],[-84.05368,32.57708],[-84.05299,32.57641],[-84.05425,32.57412],[-84.05323,32.57326],[-84.05182,32.57471],[-84.05031,32.57519],[-84.04857,32.57433],[-84.05084,32.57071],[-84.05298,32.57031],[-84.05127,32.56885],[-84.05266,32.56732],[-84.0509,32.56529],[-84.04928,32.56616],[-84.0485,32.56802],[-84.04634,32.56753],[-84.04536,32.56527],[-84.04485,32.56163],[-84.04589,32.55828],[-84.04538,32.55625],[-84.04397,32.55535],[-84.04048,32.5577],[-84.03706,32.55707],[-84.03538,32.55849],[-84.03481,32.55465],[-84.0331,32.55434],[-84.03108,32.55608],[-84.02948,32.5551],[-84.02957,32.55412],[-84.02608,32.55048],[-84.02621,32.54749],[-84.02393,32.54783],[-84.02188,32.5469],[-84.02153,32.54501],[-84.02034,32.54644],[-84.02133,32.54853],[-84.01983,32.54978],[-84.02051,32.55137],[-84.01983,32.55191],[-84.01792,32.55066],[-84.01601,32.55025],[-84.01473,32.5492],[-84.0152,32.54783],[-84.01691,32.54778],[-84.0174,32.54606],[-84.01393,32.5426],[-84.01298,32.53775],[-84.01128,32.53759],[-84.00888,32.5386],[-84.00891,32.53657],[-84.00749,32.5367],[-84.00793,32.53958],[-84.00592,32.53899],[-84.0044,32.53513],[-84.00548,32.53374],[-84.00234,32.53322],[-84.00197,32.53247],[-84.00336,32.52993],[-84.05295,32.5306],[-84.05331,32.52202],[-84.07216,32.5219],[-84.07232,32.51418],[-84.10159,32.51414],[-84.11123,32.51412],[-84.11132,32.50572],[-84.11733,32.50555],[-84.12235,32.50592],[-84.12665,32.50015],[-84.12766,32.49842],[-84.14739,32.47111],[-84.1978,32.401],[-84.19832,32.40085],[-84.22593,32.40087],[-84.22784,32.4004],[-84.22983,32.40094],[-84.23143,32.40018],[-84.23473,32.40032],[-84.23659,32.40128],[-84.23847,32.40055],[-84.23888,32.39931],[-84.2402,32.3992],[-84.24284,32.40103],[-84.24678,32.40036],[-84.2484,32.40064],[-84.2487,32.39986],[-84.25102,32.39857],[-84.25431,32.39557],[-84.25461,32.37205],[-84.29091,32.37235],[-84.29498,32.37222],[-84.32381,32.37245],[-84.32331,32.39785],[-84.34371,32.39775],[-84.34351,32.38495],[-84.35312,32.38505],[-84.35322,32.39775],[-84.36322,32.39765],[-84.36242,32.42805],[-84.38182,32.42805],[-84.38212,32.41425],[-84.39232,32.41405],[-84.39212,32.43535],[-84.40087,32.4355],[-84.4011,32.44077],[-84.40312,32.44352],[-84.40579,32.44499],[-84.40839,32.44395],[-84.40781,32.48527],[-84.42442,32.48514],[-84.42392,32.49324],[-84.43362,32.49324],[-84.43342,32.49554],[-84.43364,32.50014],[-84.43354,32.51869],[-84.44304,32.51853],[-84.44325,32.53416],[-84.45315,32.53434],[-84.45323,32.54237],[-84.44365,32.54222],[-84.44435,32.56208],[-84.43718,32.56231]]]]}},{"type":"Feature","properties":{"name":"The Buc","boundary_type":"city","source":"Census TIGER place","fidelity":"approximate","updated":"2026-09","units":"Atlanta city","note":"Serves Buckhead neighborhood in Atlanta; first-mile/last-mile to MARTA rail","confidence":0.7},"geometry":{"type":"MultiPolygon","coordinates":[[[[-84.42689,33.65896],[-84.42059,33.65886],[-84.42067,33.65863],[-84.4211,33.65778],[-84.41902,33.65557],[-84.41898,33.64861],[-84.42841,33.64871],[-84.42843,33.65661],[-84.42842,33.65743],[-84.42691,33.65748],[-84.42689,33.65896]]],[[[-84.54109,33.73345],[-84.54002,33.73354],[-84.53546,33.73469],[-84.52973,33.73348],[-84.52684,33.73222],[-84.52726,33.73011],[-84.52724,33.72618],[-84.52528,33.72586],[-84.52416,33.72585],[-84.52419,33.72423],[-84.52299,33.72423],[-84.52297,33.72584],[-84.5228,33.72583],[-84.52287,33.72209],[-84.51911,33.7221],[-84.51868,33.72063],[-84.51756,33.72211],[-84.51386,33.72206],[-84.5139,33.72062],[-84.51408,33.71989],[-84.50788,33.71934],[-84.50821,33.71702],[-84.51474,33.71736],[-84.51533,33.71531],[-84.51627,33.71386],[-84.51238,33.71318],[-84.50606,33.71301],[-84.50595,33.71541],[-84.50361,33.7169],[-84.50595,33.71702],[-84.50574,33.7231],[-84.50256,33.72302],[-84.50014,33.72291],[-84.49644,33.7216],[-84.49634,33.72499],[-84.50059,33.72499],[-84.5012,33.7239],[-84.50216,33.72387],[-84.50256,33.7262],[-84.50215,33.73156],[-84.50579,33.73158],[-84.50566,33.73936],[-84.50702,33.73932],[-84.50841,33.73963],[-84.50914,33.73704],[-84.50885,33.73214],[-84.51032,33.73085],[-84.51356,33.72906],[-84.51434,33.72648],[-84.51488,33.72697],[-84.51758,33.73028],[-84.51763,33.73139],[-84.52111,33.73146],[-84.52134,33.72895],[-84.52151,33.729],[-84.5214,33.73006],[-84.52373,33.73005],[-84.52355,33.73131],[-84.52385,33.73148],[-84.52411,33.73027],[-84.5245,33.73057],[-84.52422,33.7323],[-84.5258,33.73337],[-84.52541,33.73771],[-84.52699,33.73833],[-84.53556,33.73853],[-84.53533,33.74446],[-84.53752,33.74448],[-84.53745,33.74636],[-84.53985,33.74759],[-84.54034,33.74824],[-84.53957,33.74925],[-84.53809,33.74922],[-84.53567,33.75127],[-84.53496,33.75126],[-84.53501,33.75784],[-84.5249,33.75773],[-84.52481,33.76258],[-84.51529,33.76248],[-84.51527,33.76501],[-84.51527,33.76517],[-84.51517,33.77218],[-84.51592,33.77244],[-84.51504,33.77312],[-84.51373,33.77452],[-84.51142,33.77848],[-84.51051,33.77984],[-84.50863,33.7818],[-84.50689,33.78345],[-84.51233,33.78344],[-84.5152,33.78325],[-84.51519,33.78584],[-84.51602,33.78628],[-84.51751,33.78932],[-84.51071,33.79311],[-84.50792,33.79554],[-84.50299,33.79933],[-84.49974,33.8041],[-84.49527,33.80873],[-84.49225,33.81159],[-84.48921,33.81323],[-84.48577,33.81383],[-84.48039,33.81753],[-84.47788,33.82036],[-84.47094,33.82637],[-84.46968,33.82705],[-84.46676,33.82764],[-84.46331,33.82716],[-84.4587,33.82462],[-84.458,33.82458],[-84.45723,33.82481],[-84.45621,33.82595],[-84.45562,33.82681],[-84.45491,33.82837],[-84.45759,33.83281],[-84.46023,33.83822],[-84.4605,33.84207],[-84.45878,33.84604],[-84.45877,33.84901],[-84.46015,33.85248],[-84.46007,33.85294],[-84.45603,33.85755],[-84.45449,33.85881],[-84.45431,33.86044],[-84.45595,33.86527],[-84.45399,33.86773],[-84.45222,33.86922],[-84.4508,33.87248],[-84.4476,33.87516],[-84.44478,33.87711],[-84.44371,33.87854],[-84.44035,33.87859],[-84.44002,33.87927],[-84.43616,33.88038],[-84.43557,33.87849],[-84.43353,33.87848],[-84.43336,33.87848],[-84.43291,33.87881],[-84.43225,33.87848],[-84.42993,33.87847],[-84.42944,33.87987],[-84.42923,33.88119],[-84.4277,33.88041],[-84.42796,33.87864],[-84.427,33.87846],[-84.41597,33.87837],[-84.41364,33.87835],[-84.41171,33.87834],[-84.40696,33.8783],[-84.40698,33.88238],[-84.40515,33.88234],[-84.40512,33.88524],[-84.40428,33.88541],[-84.40259,33.88676],[-84.40114,33.88592],[-84.40113,33.8823],[-84.3992,33.88131],[-84.39917,33.87947],[-84.39722,33.87946],[-84.39725,33.87822],[-84.38869,33.87815],[-84.39125,33.88084],[-84.39036,33.88122],[-84.39548,33.88634],[-84.39475,33.88682],[-84.38919,33.88282],[-84.38884,33.88212],[-84.3873,33.88098],[-84.38737,33.87831],[-84.38737,33.87813],[-84.38416,33.87813],[-84.3831,33.87811],[-84.38217,33.87813],[-84.37979,33.87815],[-84.37263,33.87808],[-84.37004,33.87806],[-84.36848,33.87803],[-84.36776,33.87806],[-84.36775,33.87911],[-84.36631,33.88003],[-84.36511,33.88007],[-84.36206,33.87693],[-84.35792,33.87801],[-84.35523,33.87797],[-84.35532,33.88047],[-84.35404,33.88164],[-84.34809,33.88209],[-84.34829,33.86946],[-84.34792,33.86943],[-84.34795,33.86895],[-84.34831,33.86861],[-84.34824,33.86521],[-84.34831,33.86215],[-84.3483,33.85749],[-84.34828,33.85424],[-84.34831,33.85395],[-84.34838,33.85254],[-84.34832,33.85009],[-84.34832,33.846],[-84.34813,33.84533],[-84.34846,33.83973],[-84.34823,33.8398],[-84.3481,33.83914],[-84.34834,33.83908],[-84.34846,33.83945],[-84.34847,33.83716],[-84.34852,33.8263],[-84.3485,33.8254],[-84.34849,33.82512],[-84.34847,33.82039],[-84.34858,33.81742],[-84.34856,33.81477],[-84.34863,33.8092],[-84.34863,33.80722],[-84.34848,33.8064],[-84.34847,33.80637],[-84.34815,33.80463],[-84.34807,33.80468],[-84.34806,33.80505],[-84.34776,33.80557],[-84.34799,33.80604],[-84.3475,33.80525],[-84.34748,33.80468],[-84.34445,33.80459],[-84.33826,33.80455],[-84.338,33.80456],[-84.33773,33.80449],[-84.3381,33.80294],[-84.33596,33.80344],[-84.33568,33.80344],[-84.3356,33.80342],[-84.33552,33.80341],[-84.33402,33.80367],[-84.3338,33.80387],[-84.33511,33.80508],[-84.33427,33.80584],[-84.33416,33.80603],[-84.33406,33.80641],[-84.33387,33.80672],[-84.33364,33.80692],[-84.33332,33.80714],[-84.33183,33.80724],[-84.3306,33.80743],[-84.33119,33.80943],[-84.32989,33.81011],[-84.32845,33.80647],[-84.32851,33.80493],[-84.32853,33.80455],[-84.32855,33.80416],[-84.32807,33.80382],[-84.32765,33.80352],[-84.32755,33.80352],[-84.32504,33.80339],[-84.32538,33.80449],[-84.32527,33.80585],[-84.32205,33.8055],[-84.32253,33.80407],[-84.32295,33.80326],[-84.32299,33.80304],[-84.32301,33.80181],[-84.32301,33.79985],[-84.32366,33.79979],[-84.32343,33.79962],[-84.32414,33.79913],[-84.32437,33.79927],[-84.3267,33.80067],[-84.32771,33.80081],[-84.32789,33.80021],[-84.32722,33.80056],[-84.32674,33.8004],[-84.32437,33.79887],[-84.32404,33.79853],[-84.3239,33.79852],[-84.32378,33.79856],[-84.32333,33.7988],[-84.32044,33.79776],[-84.32036,33.79832],[-84.32043,33.79831],[-84.3208,33.79828],[-84.32104,33.79825],[-84.32104,33.79834],[-84.32105,33.80147],[-84.32269,33.80154],[-84.3227,33.80316],[-84.32222,33.80403],[-84.32178,33.80547],[-84.31805,33.80513],[-84.31562,33.80344],[-84.31164,33.80344],[-84.31347,33.80321],[-84.31341,33.80054],[-84.31283,33.8004],[-84.31241,33.80024],[-84.31199,33.80013],[-84.31137,33.80002],[-84.31077,33.80009],[-84.30913,33.80084],[-84.30908,33.80078],[-84.30661,33.79812],[-84.30704,33.7966],[-84.30807,33.79554],[-84.31059,33.79497],[-84.3127,33.79492],[-84.31446,33.79495],[-84.3163,33.79522],[-84.31699,33.79489],[-84.31754,33.7935],[-84.31545,33.79224],[-84.31446,33.79204],[-84.31643,33.79119],[-84.32023,33.78904],[-84.32468,33.78824],[-84.32527,33.78828],[-84.32544,33.78831],[-84.32561,33.78836],[-84.32581,33.78851],[-84.32624,33.7886],[-84.32653,33.78875],[-84.32807,33.79051],[-84.32874,33.79078],[-84.32904,33.7913],[-84.32926,33.79338],[-84.32988,33.79381],[-84.33072,33.79369],[-84.33077,33.79513],[-84.33118,33.79541],[-84.33104,33.79606],[-84.33614,33.80108],[-84.33692,33.80056],[-84.33791,33.80226],[-84.33846,33.80208],[-84.33885,33.79994],[-84.33899,33.79976],[-84.34185,33.79611],[-84.34091,33.79611],[-84.34126,33.79556],[-84.3408,33.7946],[-84.34082,33.79404],[-84.34088,33.79398],[-84.34061,33.79379],[-84.34051,33.79383],[-84.33928,33.79365],[-84.33928,33.79297],[-84.3415,33.79322],[-84.34295,33.79427],[-84.34355,33.79461],[-84.34391,33.79612],[-84.34495,33.79133],[-84.34402,33.79116],[-84.34404,33.79056],[-84.3422,33.79045],[-84.34686,33.78984],[-84.34688,33.7904],[-84.34688,33.79046],[-84.34708,33.79043],[-84.34843,33.79052],[-84.34842,33.78895],[-84.34862,33.78757],[-84.34881,33.78757],[-84.34852,33.78486],[-84.34812,33.78486],[-84.34814,33.78453],[-84.34855,33.78453],[-84.34866,33.78297],[-84.34725,33.78305],[-84.34744,33.78024],[-84.34507,33.77932],[-84.342,33.77928],[-84.33867,33.77926],[-84.33764,33.77847],[-84.33415,33.77925],[-84.33225,33.77807],[-84.33184,33.77925],[-84.33006,33.77925],[-84.33003,33.77489],[-84.33001,33.77351],[-84.33006,33.77253],[-84.33142,33.77165],[-84.32843,33.77146],[-84.32831,33.76788],[-84.32679,33.76788],[-84.32677,33.76967],[-84.3247,33.76963],[-84.32297,33.76963],[-84.32297,33.76776],[-84.31979,33.76756],[-84.31907,33.76613],[-84.31699,33.76613],[-84.31698,33.76482],[-84.31652,33.76482],[-84.3163,33.76448],[-84.31558,33.76459],[-84.31244,33.76493],[-84.31233,33.75688],[-84.31245,33.75688],[-84.31246,33.75528],[-84.31044,33.75527],[-84.30983,33.75415],[-84.31126,33.75303],[-84.31252,33.75175],[-84.31232,33.75176],[-84.31122,33.75243],[-84.30521,33.75239],[-84.30401,33.75355],[-84.30247,33.75476],[-84.29756,33.75435],[-84.29599,33.75364],[-84.29065,33.75314],[-84.2909,33.751],[-84.29081,33.74706],[-84.29066,33.74706],[-84.28991,33.7455],[-84.29097,33.74476],[-84.29009,33.74301],[-84.2897,33.74215],[-84.2902,33.74129],[-84.28987,33.74115],[-84.29019,33.74092],[-84.28987,33.73984],[-84.2903,33.73887],[-84.29535,33.73947],[-84.29784,33.73859],[-84.29785,33.73832],[-84.29678,33.73829],[-84.29682,33.73704],[-84.2988,33.73709],[-84.29877,33.73768],[-84.29845,33.73767],[-84.29842,33.73859],[-84.29936,33.73862],[-84.30049,33.73865],[-84.30051,33.73802],[-84.29991,33.73801],[-84.29992,33.73787],[-84.30052,33.73788],[-84.30154,33.73745],[-84.30157,33.73741],[-84.3055,33.73754],[-84.30603,33.73935],[-84.30667,33.73936],[-84.30667,33.73868],[-84.30716,33.73869],[-84.30716,33.73891],[-84.30684,33.7389],[-84.30683,33.73936],[-84.30967,33.73943],[-84.31118,33.73947],[-84.31365,33.73954],[-84.31372,33.73954],[-84.3139,33.73821],[-84.31247,33.73823],[-84.3135,33.73668],[-84.31534,33.73742],[-84.31534,33.73962],[-84.32091,33.73983],[-84.323,33.73972],[-84.32297,33.74104],[-84.32048,33.74161],[-84.32032,33.74561],[-84.31703,33.74477],[-84.31695,33.74658],[-84.31995,33.74733],[-84.32085,33.74734],[-84.32182,33.74734],[-84.32186,33.74694],[-84.32138,33.74692],[-84.32138,33.74547],[-84.32228,33.74549],[-84.32224,33.74735],[-84.32857,33.74742],[-84.32874,33.74474],[-84.3271,33.73996],[-84.32939,33.73983],[-84.32863,33.73904],[-84.32931,33.73535],[-84.32576,33.73662],[-84.32299,33.7323],[-84.32439,33.73332],[-84.32603,33.73233],[-84.326,33.73227],[-84.32658,33.73222],[-84.32659,33.73268],[-84.32762,33.7335],[-84.3293,33.73329],[-84.32935,33.7307],[-84.32609,33.72953],[-84.32143,33.72666],[-84.32139,33.7267],[-84.32082,33.72628],[-84.32203,33.72561],[-84.32393,33.72458],[-84.32724,33.72277],[-84.32929,33.71844],[-84.32993,33.71844],[-84.3306,33.71863],[-84.3319,33.72071],[-84.33348,33.72579],[-84.33431,33.72572],[-84.33652,33.72583],[-84.3367,33.72724],[-84.33616,33.72741],[-84.33521,33.72734],[-84.33519,33.72798],[-84.33494,33.72744],[-84.33422,33.72746],[-84.33484,33.72869],[-84.33853,33.73167],[-84.33878,33.73142],[-84.34006,33.73298],[-84.34008,33.73241],[-84.34475,33.73244],[-84.34476,33.73193],[-84.34415,33.73192],[-84.34417,33.7312],[-84.34541,33.73122],[-84.34527,33.73138],[-84.34556,33.73183],[-84.34557,33.73245],[-84.3486,33.73247],[-84.34862,33.72829],[-84.34592,33.72833],[-84.34866,33.72633],[-84.34871,33.72383],[-84.34873,33.72218],[-84.34944,33.72224],[-84.34948,33.71765],[-84.3495,33.71553],[-84.34612,33.71581],[-84.3445,33.71579],[-84.3442,33.71442],[-84.3448,33.71267],[-84.34659,33.7125],[-84.34659,33.71318],[-84.34812,33.71319],[-84.34816,33.71402],[-84.34951,33.71403],[-84.34951,33.70927],[-84.34951,33.69262],[-84.34969,33.68033],[-84.34984,33.66402],[-84.34984,33.66383],[-84.35015,33.64795],[-84.3541,33.648],[-84.35986,33.64808],[-84.36533,33.64812],[-84.36545,33.64812],[-84.36999,33.64818],[-84.37999,33.64832],[-84.3974,33.6483],[-84.39929,33.64831],[-84.39959,33.65334],[-84.39932,33.6537],[-84.39704,33.6532],[-84.39553,33.65515],[-84.39532,33.65612],[-84.39524,33.66149],[-84.39772,33.66826],[-84.39787,33.66891],[-84.39793,33.67293],[-84.40697,33.67303],[-84.4085,33.67305],[-84.41809,33.67311],[-84.41811,33.67692],[-84.41703,33.67742],[-84.41703,33.67757],[-84.41552,33.67752],[-84.41513,33.68134],[-84.41694,33.68137],[-84.41689,33.68421],[-84.41688,33.68654],[-84.41684,33.69218],[-84.41555,33.69217],[-84.41542,33.69719],[-84.41833,33.69724],[-84.42961,33.69742],[-84.42948,33.69799],[-84.42938,33.69882],[-84.4293,33.69971],[-84.43784,33.69992],[-84.43784,33.70093],[-84.4379,33.70094],[-84.44304,33.70111],[-84.44303,33.70211],[-84.44312,33.7021],[-84.44355,33.70565],[-84.44385,33.70564],[-84.44801,33.70568],[-84.44969,33.70568],[-84.44967,33.70235],[-84.44968,33.69851],[-84.44969,33.69829],[-84.45503,33.6994],[-84.45734,33.69927],[-84.45888,33.69885],[-84.46138,33.69774],[-84.4665,33.69788],[-84.46836,33.69809],[-84.4726,33.69786],[-84.47485,33.69776],[-84.47699,33.69776],[-84.47708,33.69312],[-84.48243,33.69322],[-84.48248,33.691],[-84.48636,33.68956],[-84.48647,33.68132],[-84.48653,33.67792],[-84.48662,33.67792],[-84.48661,33.67439],[-84.48756,33.67442],[-84.48756,33.67431],[-84.48784,33.67393],[-84.4919,33.67395],[-84.49202,33.66944],[-84.49215,33.66611],[-84.49755,33.6661],[-84.50648,33.66624],[-84.50649,33.66105],[-84.50644,33.65992],[-84.50623,33.65417],[-84.50798,33.6543],[-84.51559,33.65612],[-84.51631,33.65629],[-84.51635,33.65559],[-84.51671,33.65559],[-84.51714,33.65573],[-84.51891,33.65585],[-84.51918,33.6558],[-84.51923,33.65581],[-84.5199,33.6557],[-84.52161,33.65579],[-84.52162,33.65584],[-84.52173,33.6567],[-84.52176,33.65692],[-84.52194,33.65692],[-84.5259,33.65692],[-84.52587,33.65891],[-84.52868,33.65916],[-84.52928,33.66031],[-84.52857,33.66262],[-84.5258,33.66414],[-84.52586,33.67312],[-84.53079,33.67316],[-84.53566,33.67344],[-84.53556,33.67749],[-84.5358,33.67755],[-84.53563,33.68064],[-84.53777,33.68074],[-84.53796,33.68061],[-84.54467,33.68075],[-84.54556,33.68076],[-84.5452,33.68982],[-84.54526,33.69363],[-84.54745,33.69369],[-84.54734,33.69761],[-84.54512,33.69868],[-84.54516,33.69879],[-84.5451,33.70164],[-84.54615,33.70084],[-84.54643,33.70114],[-84.54504,33.70276],[-84.54448,33.7061],[-84.54545,33.70928],[-84.54386,33.70942],[-84.53623,33.7086],[-84.53528,33.70599],[-84.53521,33.71022],[-84.53521,33.71032],[-84.53513,33.7123],[-84.53652,33.71563],[-84.53651,33.72597],[-84.5369,33.72674],[-84.53924,33.72724],[-84.53876,33.72574],[-84.53927,33.72222],[-84.54349,33.72223],[-84.54341,33.72022],[-84.55062,33.72045],[-84.55085,33.72241],[-84.55084,33.72837],[-84.53984,33.72834],[-84.5411,33.73252],[-84.54109,33.73345]]],[[[-84.34806,33.80509],[-84.34806,33.80505],[-84.34818,33.80505],[-84.34819,33.80524],[-84.3481,33.80523],[-84.34806,33.80521],[-84.34806,33.80509]]]]}},{"type":"Feature","properties":{"name":"Valdosta On-Demand","boundary_type":"city","source":"Census TIGER place","fidelity":"exact","updated":"2026-09","units":"Valdosta city","note":"First full-city microtransit system in Georgia","confidence":0.95},"geometry":{"type":"Polygon","coordinates":[[[-83.33841,30.84079],[-83.33791,30.84876],[-83.33875,30.84954],[-83.33948,30.85002],[-83.34307,30.85231],[-83.34451,30.8528],[-83.34278,30.85878],[-83.34319,30.86188],[-83.34143,30.86037],[-83.34175,30.85848],[-83.3379,30.85845],[-83.33793,30.85419],[-83.33615,30.8527],[-83.33525,30.85452],[-83.33535,30.84772],[-83.33339,30.84696],[-83.33219,30.84939],[-83.33255,30.85204],[-83.33194,30.8531],[-83.33253,30.85397],[-83.3325,30.85467],[-83.33062,30.85447],[-83.32649,30.85719],[-83.32583,30.85639],[-83.32395,30.85777],[-83.32151,30.85902],[-83.32077,30.85841],[-83.32156,30.85937],[-83.3206,30.86049],[-83.32319,30.86338],[-83.32297,30.86387],[-83.32152,30.86327],[-83.31926,30.86062],[-83.31873,30.8625],[-83.3159,30.86396],[-83.31628,30.86564],[-83.31449,30.86738],[-83.31558,30.86868],[-83.31465,30.87462],[-83.31732,30.87459],[-83.32088,30.87456],[-83.32078,30.88567],[-83.31397,30.88544],[-83.31607,30.88701],[-83.31489,30.8872],[-83.31587,30.88844],[-83.3183,30.88883],[-83.31709,30.88969],[-83.31913,30.89217],[-83.3188,30.89265],[-83.31832,30.89329],[-83.31842,30.89451],[-83.31836,30.89425],[-83.31824,30.89438],[-83.31776,30.89415],[-83.31778,30.89427],[-83.31824,30.89447],[-83.31831,30.8946],[-83.31754,30.89575],[-83.31477,30.8958],[-83.31396,30.89646],[-83.31381,30.89764],[-83.30601,30.89762],[-83.30553,30.89828],[-83.30557,30.90357],[-83.30539,30.91941],[-83.30442,30.91947],[-83.30386,30.92167],[-83.30177,30.92143],[-83.30277,30.92336],[-83.30253,30.92518],[-83.29686,30.9288],[-83.29384,30.92752],[-83.29315,30.92748],[-83.29123,30.92699],[-83.29125,30.90951],[-83.29125,30.90941],[-83.29135,30.89853],[-83.28881,30.89788],[-83.2877,30.89782],[-83.28511,30.8978],[-83.28508,30.90004],[-83.27915,30.89991],[-83.27943,30.89333],[-83.28254,30.89339],[-83.28322,30.89694],[-83.2851,30.8976],[-83.2874,30.89762],[-83.28911,30.89776],[-83.29134,30.89833],[-83.29141,30.88837],[-83.29156,30.88833],[-83.29156,30.88665],[-83.29129,30.88757],[-83.29089,30.88836],[-83.2896,30.88987],[-83.28493,30.89004],[-83.28301,30.88995],[-83.28373,30.88772],[-83.28664,30.88576],[-83.2844,30.88577],[-83.28445,30.88319],[-83.27715,30.88284],[-83.2766,30.88442],[-83.27288,30.88429],[-83.26868,30.8842],[-83.26799,30.88302],[-83.25809,30.88302],[-83.25736,30.88389],[-83.26448,30.88418],[-83.26563,30.88387],[-83.26556,30.88877],[-83.26553,30.88991],[-83.26784,30.88995],[-83.26772,30.89164],[-83.26576,30.89089],[-83.26397,30.89084],[-83.26399,30.89161],[-83.26201,30.89158],[-83.26194,30.8887],[-83.2614,30.88869],[-83.26143,30.89099],[-83.26017,30.89099],[-83.26022,30.88866],[-83.25588,30.88846],[-83.25584,30.88669],[-83.25362,30.88664],[-83.25373,30.88247],[-83.25186,30.88219],[-83.25269,30.88307],[-83.25201,30.88524],[-83.25194,30.88865],[-83.24922,30.88883],[-83.24858,30.88793],[-83.24785,30.88907],[-83.24767,30.88923],[-83.24199,30.90541],[-83.2453,30.90625],[-83.24775,30.90593],[-83.2487,30.90641],[-83.24946,30.90616],[-83.2514,30.90779],[-83.25306,30.90688],[-83.25146,30.9037],[-83.25424,30.90337],[-83.2544,30.90007],[-83.25704,30.89987],[-83.2572,30.89712],[-83.25813,30.89712],[-83.25797,30.8998],[-83.26144,30.89977],[-83.26122,30.89713],[-83.26537,30.89711],[-83.2655,30.90268],[-83.26435,30.90282],[-83.26376,30.9047],[-83.26508,30.9046],[-83.26379,30.90847],[-83.26557,30.9085],[-83.26553,30.91215],[-83.26464,30.91222],[-83.26331,30.91276],[-83.26163,30.91223],[-83.26101,30.91285],[-83.25985,30.914],[-83.26247,30.91489],[-83.25941,30.91739],[-83.25746,30.91634],[-83.25567,30.9181],[-83.25576,30.91478],[-83.25737,30.91426],[-83.25435,30.91402],[-83.24221,30.91437],[-83.24126,30.91317],[-83.2417,30.90582],[-83.24167,30.90539],[-83.24419,30.89839],[-83.24216,30.89985],[-83.24136,30.898],[-83.23975,30.89797],[-83.23968,30.89455],[-83.24121,30.89458],[-83.24124,30.89096],[-83.24684,30.89106],[-83.24752,30.8891],[-83.24971,30.88298],[-83.24205,30.8828],[-83.24207,30.88108],[-83.24388,30.88077],[-83.24135,30.87919],[-83.24136,30.88278],[-83.2342,30.88278],[-83.23397,30.88944],[-83.23058,30.88938],[-83.22628,30.88928],[-83.22619,30.88554],[-83.23074,30.88564],[-83.23119,30.87997],[-83.22545,30.88092],[-83.22242,30.88181],[-83.22227,30.86946],[-83.22326,30.86946],[-83.2228,30.85688],[-83.22577,30.8569],[-83.22468,30.84084],[-83.22461,30.83637],[-83.22558,30.83636],[-83.22553,30.83548],[-83.22353,30.83451],[-83.22291,30.83002],[-83.22365,30.83004],[-83.22771,30.83012],[-83.22756,30.8422],[-83.22866,30.84912],[-83.22908,30.84896],[-83.24297,30.84365],[-83.24171,30.84249],[-83.24433,30.84128],[-83.24614,30.84204],[-83.24483,30.84054],[-83.24484,30.83755],[-83.25167,30.83764],[-83.25146,30.83432],[-83.24524,30.83431],[-83.2438,30.83517],[-83.24384,30.83936],[-83.24003,30.83948],[-83.23847,30.8348],[-83.23696,30.83277],[-83.23643,30.82991],[-83.23226,30.82534],[-83.23657,30.82496],[-83.23655,30.82385],[-83.23395,30.8244],[-83.23042,30.81916],[-83.23164,30.81574],[-83.24078,30.81665],[-83.2431,30.81986],[-83.2409,30.82031],[-83.24085,30.82293],[-83.23862,30.82353],[-83.2386,30.8246],[-83.24287,30.825],[-83.25153,30.82301],[-83.25176,30.81902],[-83.25585,30.8181],[-83.25632,30.81962],[-83.2591,30.8196],[-83.25967,30.81806],[-83.26026,30.81763],[-83.25587,30.8165],[-83.24151,30.81329],[-83.24174,30.80571],[-83.24578,30.80599],[-83.24777,30.80552],[-83.24778,30.80376],[-83.24941,30.80237],[-83.25088,30.80365],[-83.25292,30.80258],[-83.26079,30.80255],[-83.26434,30.80757],[-83.26809,30.8061],[-83.267,30.80076],[-83.27046,30.80018],[-83.27085,30.80212],[-83.27202,30.80287],[-83.2736,30.80246],[-83.27356,30.80123],[-83.27254,30.79579],[-83.26923,30.77803],[-83.26817,30.77807],[-83.26896,30.77752],[-83.26803,30.77155],[-83.26828,30.76421],[-83.26788,30.76358],[-83.26825,30.76237],[-83.26993,30.75875],[-83.27563,30.75876],[-83.27565,30.75496],[-83.28287,30.76279],[-83.28286,30.76405],[-83.27304,30.76401],[-83.27405,30.76747],[-83.27615,30.77725],[-83.28391,30.77723],[-83.28836,30.7696],[-83.29225,30.77337],[-83.28679,30.77838],[-83.28415,30.78797],[-83.2831,30.78697],[-83.28011,30.78696],[-83.27966,30.7913],[-83.28066,30.79171],[-83.28118,30.79023],[-83.28328,30.79062],[-83.28241,30.79298],[-83.27862,30.79444],[-83.27829,30.79552],[-83.28195,30.79478],[-83.28451,30.79476],[-83.28794,30.79388],[-83.28985,30.79285],[-83.29378,30.79277],[-83.29605,30.79324],[-83.29813,30.79293],[-83.30083,30.79316],[-83.30341,30.79491],[-83.30707,30.80236],[-83.30641,30.80499],[-83.30158,30.80447],[-83.30153,30.80562],[-83.29843,30.80549],[-83.29839,30.80698],[-83.29725,30.80715],[-83.30016,30.81163],[-83.30586,30.80977],[-83.30617,30.81543],[-83.30019,30.81741],[-83.30202,30.82031],[-83.30642,30.81774],[-83.30634,30.81506],[-83.31143,30.8138],[-83.31153,30.81666],[-83.31284,30.81639],[-83.31498,30.81561],[-83.31531,30.8155],[-83.32135,30.81312],[-83.32063,30.81598],[-83.32197,30.81939],[-83.32025,30.82007],[-83.31958,30.81882],[-83.31902,30.81905],[-83.31919,30.8207],[-83.32148,30.82412],[-83.32823,30.83758],[-83.3316,30.83761],[-83.33299,30.83822],[-83.33308,30.83554],[-83.33874,30.8356],[-83.33857,30.83819],[-83.34854,30.83867],[-83.35287,30.84135],[-83.35218,30.84146],[-83.33841,30.84079]],[[-83.31253,30.84221],[-83.31123,30.84095],[-83.30986,30.84203],[-83.30659,30.84042],[-83.30452,30.8414],[-83.30417,30.84196],[-83.30399,30.84679],[-83.31296,30.84694],[-83.31399,30.84694],[-83.31253,30.84221]],[[-83.29753,30.81609],[-83.29913,30.81597],[-83.2934,30.80703],[-83.28931,30.80702],[-83.28937,30.80997],[-83.28613,30.81234],[-83.28604,30.80692],[-83.27902,30.80698],[-83.27934,30.80579],[-83.27493,30.80579],[-83.2748,30.80705],[-83.27868,30.80705],[-83.27882,30.80948],[-83.27757,30.81222],[-83.27778,30.81827],[-83.28639,30.81886],[-83.29131,30.82076],[-83.2992,30.81792],[-83.2977,30.81799],[-83.29753,30.81609]]]}},{"type":"Feature","properties":{"name":"WeGo","boundary_type":"city","source":"Census TIGER place","fidelity":"exact","updated":"2026-09","units":"Gainesville city","note":"Replaced fixed-route bus service within Gainesville city limits","confidence":0.9},"geometry":{"type":"MultiPolygon","coordinates":[[[[-83.81976,34.2392],[-83.82015,34.23889],[-83.81997,34.23922],[-83.81988,34.23957],[-83.82001,34.24037],[-83.82036,34.24141],[-83.82041,34.24204],[-83.82002,34.24253],[-83.8185,34.2404],[-83.81891,34.23986],[-83.81976,34.2392]]],[[[-83.86268,34.24023],[-83.86752,34.24087],[-83.86508,34.2411],[-83.86249,34.24088],[-83.85944,34.24265],[-83.85929,34.24245],[-83.86268,34.24023]]],[[[-83.8898,34.24755],[-83.88989,34.24735],[-83.8894,34.24716],[-83.88809,34.24661],[-83.88771,34.24622],[-83.88775,34.2456],[-83.88578,34.24608],[-83.88463,34.24574],[-83.87957,34.24127],[-83.88315,34.23894],[-83.88492,34.23823],[-83.88673,34.23935],[-83.88835,34.24198],[-83.88791,34.24559],[-83.88799,34.24612],[-83.88883,34.24666],[-83.89047,34.24726],[-83.89064,34.24755],[-83.8906,34.24777],[-83.88928,34.24838],[-83.88942,34.24777],[-83.8895,34.24765],[-83.8898,34.24755]]],[[[-83.86157,34.24669],[-83.86119,34.2464],[-83.86429,34.24414],[-83.86477,34.24459],[-83.86157,34.24669]]],[[[-83.89266,34.25046],[-83.89272,34.2503],[-83.89276,34.25017],[-83.89383,34.24762],[-83.89384,34.24458],[-83.8986,34.24933],[-83.89691,34.24877],[-83.89641,34.2492],[-83.89539,34.24964],[-83.89387,34.25073],[-83.89289,34.25081],[-83.89266,34.25046]]],[[[-83.83373,34.27721],[-83.83426,34.27787],[-83.83416,34.27875],[-83.83327,34.27872],[-83.83301,34.27907],[-83.83231,34.27872],[-83.83373,34.27721]]],[[[-83.89489,34.28706],[-83.89274,34.2889],[-83.89622,34.28896],[-83.89716,34.29032],[-83.89736,34.29127],[-83.89581,34.29252],[-83.89445,34.29265],[-83.89394,34.29256],[-83.89002,34.29291],[-83.88908,34.29308],[-83.88827,34.29168],[-83.88859,34.29155],[-83.888,34.28965],[-83.88566,34.28794],[-83.8846,34.28928],[-83.88239,34.28873],[-83.87987,34.28977],[-83.87894,34.28973],[-83.87955,34.29045],[-83.87999,34.29095],[-83.87965,34.292],[-83.87812,34.2929],[-83.87627,34.29288],[-83.87489,34.29092],[-83.87525,34.28979],[-83.87403,34.2904],[-83.87291,34.29293],[-83.87133,34.29077],[-83.87171,34.28849],[-83.8705,34.28901],[-83.86766,34.28485],[-83.86954,34.28366],[-83.8658,34.28277],[-83.86563,34.2829],[-83.86524,34.28279],[-83.86189,34.28455],[-83.86014,34.28347],[-83.86141,34.2822],[-83.85898,34.28169],[-83.85346,34.28207],[-83.85256,34.28081],[-83.85167,34.28171],[-83.85128,34.2829],[-83.85085,34.28292],[-83.85119,34.28338],[-83.85041,34.28375],[-83.85123,34.28494],[-83.85071,34.28519],[-83.84959,34.28354],[-83.84847,34.28395],[-83.84747,34.2842],[-83.84654,34.28693],[-83.85183,34.29162],[-83.85162,34.29413],[-83.85224,34.29458],[-83.85375,34.29424],[-83.85432,34.29466],[-83.85575,34.29434],[-83.8562,34.29401],[-83.85887,34.29259],[-83.86099,34.29476],[-83.86274,34.29232],[-83.86286,34.28987],[-83.86076,34.28861],[-83.86038,34.28757],[-83.86076,34.2874],[-83.86102,34.28796],[-83.86448,34.28589],[-83.86584,34.29211],[-83.86703,34.29223],[-83.86737,34.29267],[-83.86935,34.29306],[-83.86779,34.29404],[-83.86652,34.29246],[-83.86586,34.29224],[-83.86578,34.29333],[-83.86508,34.29423],[-83.86448,34.29518],[-83.86439,34.29532],[-83.8645,34.29544],[-83.86483,34.29566],[-83.86588,34.29711],[-83.86667,34.29681],[-83.86873,34.29588],[-83.87212,34.29637],[-83.87922,34.30039],[-83.8805,34.30073],[-83.8838,34.30158],[-83.88039,34.30357],[-83.88021,34.30371],[-83.87567,34.30418],[-83.873,34.30424],[-83.87216,34.30371],[-83.87094,34.30171],[-83.8704,34.3008],[-83.86945,34.30038],[-83.86879,34.30055],[-83.86597,34.30236],[-83.86529,34.3016],[-83.86381,34.30236],[-83.86468,34.30378],[-83.86407,34.30483],[-83.8656,34.30273],[-83.86771,34.30297],[-83.86784,34.30569],[-83.86491,34.3065],[-83.86381,34.3076],[-83.86554,34.31071],[-83.86567,34.30929],[-83.87094,34.30828],[-83.8707,34.30958],[-83.87289,34.31325],[-83.86997,34.3133],[-83.86852,34.31442],[-83.86864,34.31459],[-83.87122,34.31457],[-83.86831,34.31613],[-83.87018,34.31692],[-83.8744,34.31721],[-83.87993,34.32177],[-83.88219,34.32409],[-83.88319,34.32385],[-83.88286,34.32493],[-83.88415,34.32561],[-83.88902,34.32732],[-83.889,34.32877],[-83.88349,34.32883],[-83.88113,34.32535],[-83.88205,34.32421],[-83.8798,34.32217],[-83.8797,34.32208],[-83.8798,34.32196],[-83.87803,34.32055],[-83.87408,34.31747],[-83.86987,34.31723],[-83.86821,34.31656],[-83.86792,34.31616],[-83.86624,34.31713],[-83.86633,34.31723],[-83.86654,34.31728],[-83.8668,34.31734],[-83.86866,34.31804],[-83.86939,34.32079],[-83.86709,34.32189],[-83.86571,34.32103],[-83.86738,34.31955],[-83.86629,34.31793],[-83.8625,34.3197],[-83.86201,34.31897],[-83.86367,34.31755],[-83.86321,34.31688],[-83.86071,34.31745],[-83.85952,34.31517],[-83.85929,34.31709],[-83.85757,34.31704],[-83.85813,34.31985],[-83.85713,34.31766],[-83.85564,34.31614],[-83.85775,34.31541],[-83.85949,34.31269],[-83.85878,34.31168],[-83.85537,34.31638],[-83.85329,34.3184],[-83.85315,34.3186],[-83.85373,34.31965],[-83.8564,34.32567],[-83.85733,34.32594],[-83.85623,34.32819],[-83.85584,34.33112],[-83.8572,34.33282],[-83.86661,34.33278],[-83.86668,34.3471],[-83.87084,34.34715],[-83.87169,34.34898],[-83.87215,34.34954],[-83.87542,34.34868],[-83.87762,34.34855],[-83.87769,34.3508],[-83.88167,34.35073],[-83.88171,34.35718],[-83.88921,34.35679],[-83.88208,34.35973],[-83.88155,34.35992],[-83.8808,34.36011],[-83.88082,34.35972],[-83.88082,34.3578],[-83.87918,34.3578],[-83.87916,34.35972],[-83.87598,34.35979],[-83.8746,34.36012],[-83.87517,34.36042],[-83.87538,34.36051],[-83.87543,34.36061],[-83.87546,34.36092],[-83.87535,34.36131],[-83.87537,34.36146],[-83.87526,34.36162],[-83.87367,34.3614],[-83.87393,34.36083],[-83.86975,34.35966],[-83.86936,34.3607],[-83.86899,34.36124],[-83.86796,34.36207],[-83.86652,34.3629],[-83.86649,34.36268],[-83.86601,34.36109],[-83.86498,34.35999],[-83.86509,34.35851],[-83.86363,34.3592],[-83.86003,34.36031],[-83.85643,34.35768],[-83.85811,34.35567],[-83.85643,34.35528],[-83.85576,34.35405],[-83.85398,34.35428],[-83.85174,34.35674],[-83.85134,34.3542],[-83.84319,34.35412],[-83.84123,34.3541],[-83.84112,34.35377],[-83.841,34.3532],[-83.84125,34.3524],[-83.84182,34.35177],[-83.84271,34.35117],[-83.84236,34.34909],[-83.84448,34.34693],[-83.84447,34.34413],[-83.84327,34.34194],[-83.8412,34.34137],[-83.83995,34.34192],[-83.8394,34.34273],[-83.83884,34.34632],[-83.83695,34.34785],[-83.83604,34.34754],[-83.83524,34.34702],[-83.83503,34.34648],[-83.83497,34.34443],[-83.83472,34.34373],[-83.8341,34.34301],[-83.83256,34.34164],[-83.8316,34.34133],[-83.82979,34.34151],[-83.82906,34.34161],[-83.82733,34.34146],[-83.82731,34.34019],[-83.82442,34.33825],[-83.82396,34.3382],[-83.82392,34.33802],[-83.82323,34.33876],[-83.82426,34.33958],[-83.8246,34.3402],[-83.82443,34.34073],[-83.82522,34.34094],[-83.82505,34.34139],[-83.82614,34.34366],[-83.8251,34.34491],[-83.82243,34.34307],[-83.82279,34.34837],[-83.82274,34.34839],[-83.82251,34.34845],[-83.82148,34.3457],[-83.8204,34.34425],[-83.81537,34.33951],[-83.81385,34.33757],[-83.81298,34.33757],[-83.80983,34.33748],[-83.80859,34.33639],[-83.80945,34.33478],[-83.80983,34.33466],[-83.81011,34.33549],[-83.81324,34.33593],[-83.81284,34.33437],[-83.81296,34.33306],[-83.81284,34.33307],[-83.81317,34.33057],[-83.81232,34.32945],[-83.8136,34.32961],[-83.81352,34.32886],[-83.81293,34.32822],[-83.81347,34.32831],[-83.81296,34.32801],[-83.812,34.3292],[-83.81173,34.33302],[-83.80991,34.33393],[-83.8089,34.33227],[-83.80806,34.3325],[-83.80641,34.33389],[-83.80532,34.33236],[-83.80374,34.33247],[-83.80323,34.33193],[-83.80493,34.32637],[-83.80484,34.32624],[-83.8051,34.3259],[-83.79736,34.32997],[-83.79721,34.32722],[-83.79959,34.32608],[-83.79744,34.32511],[-83.79851,34.32449],[-83.80071,34.32551],[-83.80051,34.32122],[-83.79957,34.32272],[-83.798,34.32314],[-83.7975,34.32179],[-83.7968,34.32208],[-83.79652,34.32207],[-83.79599,34.32185],[-83.79547,34.3219],[-83.79512,34.32188],[-83.79444,34.32218],[-83.79443,34.32301],[-83.7933,34.32617],[-83.79499,34.32768],[-83.79434,34.32959],[-83.79185,34.33082],[-83.79054,34.3343],[-83.78818,34.33752],[-83.78094,34.34407],[-83.78276,34.34445],[-83.7859,34.34607],[-83.78861,34.34892],[-83.78878,34.34994],[-83.78722,34.35209],[-83.78347,34.35383],[-83.78256,34.35266],[-83.78124,34.35302],[-83.77565,34.35607],[-83.77364,34.35512],[-83.77432,34.3545],[-83.77273,34.35339],[-83.7724,34.35316],[-83.77199,34.3534],[-83.77076,34.3526],[-83.7718,34.35166],[-83.77249,34.35084],[-83.77466,34.34683],[-83.77648,34.34488],[-83.78,34.34288],[-83.78112,34.34176],[-83.78133,34.34005],[-83.7828,34.33935],[-83.78397,34.33543],[-83.78245,34.33364],[-83.7811,34.33532],[-83.7809,34.33352],[-83.77529,34.33263],[-83.77446,34.33274],[-83.77412,34.33266],[-83.7704,34.33307],[-83.77016,34.33262],[-83.76899,34.33041],[-83.76607,34.32725],[-83.76819,34.32733],[-83.76833,34.32772],[-83.76807,34.32797],[-83.76809,34.32814],[-83.77157,34.32714],[-83.77122,34.32654],[-83.77243,34.32607],[-83.77325,34.32838],[-83.77497,34.32666],[-83.77743,34.32702],[-83.78269,34.33131],[-83.78532,34.32792],[-83.78773,34.32307],[-83.78929,34.31873],[-83.79051,34.31641],[-83.79229,34.31551],[-83.79151,34.31784],[-83.79352,34.32032],[-83.79479,34.31892],[-83.79264,34.31833],[-83.79394,34.31189],[-83.79456,34.31243],[-83.79717,34.3105],[-83.79508,34.3102],[-83.79604,34.3087],[-83.79832,34.30992],[-83.79982,34.31231],[-83.80047,34.31241],[-83.80172,34.3109],[-83.80141,34.30984],[-83.80234,34.30934],[-83.80274,34.30984],[-83.80426,34.30969],[-83.80527,34.31011],[-83.80419,34.30874],[-83.80506,34.3082],[-83.80444,34.30729],[-83.80586,34.30719],[-83.806,34.30718],[-83.80562,34.30634],[-83.80547,34.30609],[-83.80609,34.30583],[-83.8057,34.30523],[-83.80633,34.30485],[-83.80577,34.30406],[-83.80596,34.30396],[-83.80718,34.30328],[-83.80597,34.30208],[-83.80491,34.30084],[-83.80534,34.30012],[-83.80623,34.29906],[-83.80722,34.29816],[-83.80706,34.29792],[-83.80733,34.29769],[-83.80595,34.29572],[-83.80702,34.29278],[-83.80606,34.29248],[-83.80483,34.29288],[-83.80272,34.29097],[-83.80139,34.29291],[-83.80135,34.29298],[-83.80105,34.29273],[-83.8011,34.29265],[-83.80073,34.29231],[-83.80201,34.28964],[-83.8006,34.29065],[-83.80118,34.28904],[-83.79985,34.28833],[-83.7988,34.2896],[-83.80037,34.29062],[-83.79903,34.29258],[-83.79627,34.28979],[-83.79796,34.2869],[-83.79804,34.28682],[-83.7978,34.28667],[-83.79777,34.28673],[-83.79731,34.2864],[-83.79702,34.28679],[-83.79705,34.28635],[-83.79366,34.28451],[-83.79297,34.28387],[-83.7927,34.28358],[-83.7923,34.28343],[-83.78972,34.28183],[-83.78719,34.28154],[-83.78661,34.28258],[-83.78832,34.28278],[-83.78802,34.28321],[-83.78556,34.28636],[-83.78424,34.28679],[-83.78604,34.2928],[-83.78453,34.2926],[-83.78462,34.29311],[-83.78445,34.29307],[-83.78307,34.29437],[-83.79253,34.29661],[-83.79246,34.29742],[-83.79194,34.2996],[-83.79296,34.30041],[-83.79401,34.30141],[-83.78823,34.30856],[-83.78592,34.30868],[-83.78481,34.30988],[-83.78593,34.31193],[-83.78225,34.31428],[-83.78025,34.3147],[-83.77883,34.31397],[-83.78205,34.31245],[-83.78485,34.30745],[-83.7812,34.30565],[-83.7806,34.30748],[-83.78218,34.30815],[-83.77975,34.3087],[-83.77807,34.30781],[-83.77664,34.30893],[-83.77551,34.31012],[-83.77464,34.31123],[-83.77371,34.31259],[-83.77308,34.31228],[-83.77315,34.31186],[-83.77346,34.31177],[-83.77395,34.30955],[-83.77071,34.30772],[-83.76664,34.30425],[-83.76616,34.30427],[-83.76537,34.30401],[-83.7651,34.30401],[-83.7641,34.30142],[-83.76281,34.30055],[-83.76171,34.30025],[-83.76201,34.29835],[-83.76028,34.29771],[-83.76043,34.2975],[-83.7629,34.29624],[-83.76193,34.29428],[-83.7581,34.29459],[-83.75398,34.29175],[-83.75576,34.29137],[-83.75701,34.2888],[-83.75953,34.28352],[-83.76202,34.28324],[-83.75849,34.273],[-83.75788,34.27311],[-83.75897,34.26718],[-83.76193,34.26428],[-83.75984,34.26137],[-83.76185,34.26135],[-83.7636,34.26486],[-83.767,34.26525],[-83.76852,34.26769],[-83.77065,34.26854],[-83.77286,34.26808],[-83.77383,34.26997],[-83.77621,34.27197],[-83.77607,34.27316],[-83.77909,34.27492],[-83.77884,34.27496],[-83.77738,34.27418],[-83.77507,34.27393],[-83.77348,34.26968],[-83.76752,34.27096],[-83.76981,34.27827],[-83.76719,34.27892],[-83.76514,34.28051],[-83.76747,34.28201],[-83.76576,34.28299],[-83.76272,34.28243],[-83.76273,34.28323],[-83.76425,34.28351],[-83.76267,34.28657],[-83.76355,34.28845],[-83.77046,34.2879],[-83.77089,34.28667],[-83.77457,34.28753],[-83.77743,34.28219],[-83.78215,34.28005],[-83.78334,34.27908],[-83.78441,34.28036],[-83.78443,34.27886],[-83.78551,34.2807],[-83.7895,34.28135],[-83.79055,34.28069],[-83.79077,34.28179],[-83.791,34.28216],[-83.79254,34.28295],[-83.79372,34.28389],[-83.79464,34.28439],[-83.79665,34.2857],[-83.79744,34.28478],[-83.80028,34.28544],[-83.79823,34.28407],[-83.79961,34.28294],[-83.79937,34.28274],[-83.79858,34.28165],[-83.80062,34.27988],[-83.80069,34.28011],[-83.80086,34.27987],[-83.80028,34.27806],[-83.79997,34.27807],[-83.79529,34.27574],[-83.79531,34.27406],[-83.79088,34.27312],[-83.78723,34.27141],[-83.78285,34.26848],[-83.78011,34.26961],[-83.78133,34.272],[-83.77948,34.27002],[-83.77995,34.26901],[-83.78184,34.26863],[-83.78051,34.26416],[-83.78024,34.25746],[-83.78605,34.25415],[-83.78778,34.25111],[-83.78164,34.25075],[-83.78006,34.24983],[-83.78174,34.24876],[-83.78368,34.24566],[-83.78331,34.24512],[-83.77585,34.2447],[-83.77595,34.24456],[-83.7781,34.23961],[-83.778,34.23736],[-83.78018,34.23749],[-83.77841,34.23332],[-83.77936,34.23129],[-83.78096,34.22948],[-83.78383,34.22912],[-83.78756,34.23721],[-83.7878,34.23956],[-83.79001,34.24251],[-83.79273,34.24448],[-83.795,34.24765],[-83.79712,34.24611],[-83.79796,34.24704],[-83.79651,34.24891],[-83.79678,34.25013],[-83.79917,34.2513],[-83.79832,34.25333],[-83.79945,34.25402],[-83.79899,34.25502],[-83.80196,34.25688],[-83.80303,34.2592],[-83.80186,34.26066],[-83.80428,34.26067],[-83.80564,34.26285],[-83.80694,34.26249],[-83.80793,34.26435],[-83.80808,34.26651],[-83.81138,34.26521],[-83.814,34.26321],[-83.81608,34.26591],[-83.81603,34.26834],[-83.80898,34.26865],[-83.80537,34.26817],[-83.80572,34.26657],[-83.80343,34.2663],[-83.80301,34.26773],[-83.80391,34.26812],[-83.80346,34.2703],[-83.80546,34.27354],[-83.80732,34.27407],[-83.80979,34.27992],[-83.81011,34.28205],[-83.81152,34.28513],[-83.81277,34.28616],[-83.81202,34.28817],[-83.8133,34.2886],[-83.81413,34.28707],[-83.81631,34.28748],[-83.81596,34.28811],[-83.81911,34.28636],[-83.82103,34.28465],[-83.8216,34.28221],[-83.82292,34.2832],[-83.82478,34.28287],[-83.82577,34.28356],[-83.82595,34.28402],[-83.82826,34.28184],[-83.83232,34.28099],[-83.83216,34.28067],[-83.83088,34.27939],[-83.82845,34.28098],[-83.82737,34.27939],[-83.82549,34.28033],[-83.82356,34.27838],[-83.8235,34.27825],[-83.82219,34.27727],[-83.82132,34.27618],[-83.81828,34.27803],[-83.81854,34.27685],[-83.81714,34.27692],[-83.81858,34.275],[-83.81765,34.27483],[-83.81978,34.27448],[-83.82043,34.27609],[-83.8201,34.27457],[-83.81878,34.27136],[-83.81808,34.26966],[-83.81946,34.26964],[-83.81891,34.26855],[-83.81879,34.26826],[-83.8168,34.26417],[-83.81545,34.26297],[-83.81507,34.2628],[-83.81521,34.26221],[-83.81538,34.26197],[-83.81548,34.26143],[-83.81546,34.26118],[-83.81635,34.26095],[-83.81645,34.26098],[-83.81732,34.26117],[-83.81846,34.2589],[-83.81753,34.25846],[-83.81839,34.25654],[-83.81599,34.25104],[-83.81107,34.24613],[-83.81282,34.24439],[-83.81589,34.24298],[-83.81669,34.24494],[-83.81446,34.24551],[-83.81563,34.24614],[-83.8148,34.24683],[-83.81664,34.24979],[-83.81748,34.24816],[-83.81734,34.24754],[-83.82003,34.24555],[-83.81848,34.24391],[-83.82043,34.24241],[-83.82068,34.24186],[-83.8207,34.23844],[-83.82287,34.23656],[-83.82295,34.23432],[-83.82461,34.23207],[-83.82458,34.23181],[-83.82441,34.23206],[-83.82268,34.2343],[-83.82236,34.23694],[-83.82015,34.2386],[-83.81958,34.23798],[-83.81662,34.23914],[-83.81564,34.23895],[-83.81308,34.2367],[-83.80954,34.23621],[-83.80886,34.23346],[-83.80357,34.23143],[-83.80763,34.22907],[-83.80763,34.22765],[-83.81594,34.22803],[-83.81603,34.22586],[-83.81814,34.22575],[-83.8193,34.22561],[-83.82091,34.22394],[-83.82532,34.22243],[-83.82501,34.22315],[-83.82518,34.22403],[-83.82497,34.22501],[-83.82478,34.2264],[-83.82434,34.22758],[-83.82493,34.22622],[-83.82526,34.2242],[-83.82746,34.22168],[-83.82842,34.22147],[-83.8313,34.2244],[-83.83298,34.22326],[-83.83783,34.22587],[-83.83816,34.22646],[-83.84824,34.22117],[-83.84877,34.22133],[-83.84782,34.22283],[-83.8487,34.22436],[-83.85187,34.22456],[-83.85167,34.22591],[-83.85199,34.22591],[-83.85224,34.2259],[-83.85305,34.22787],[-83.85423,34.22773],[-83.85473,34.2282],[-83.85647,34.2275],[-83.85742,34.22911],[-83.8579,34.2301],[-83.85781,34.23222],[-83.85784,34.23321],[-83.85764,34.23372],[-83.85665,34.23524],[-83.85881,34.23641],[-83.86115,34.2369],[-83.86143,34.23733],[-83.86218,34.23882],[-83.86242,34.23913],[-83.85821,34.24117],[-83.85807,34.24104],[-83.85601,34.23892],[-83.85451,34.23862],[-83.85444,34.23872],[-83.85382,34.23975],[-83.85471,34.24019],[-83.85615,34.23947],[-83.85627,34.23958],[-83.85943,34.24306],[-83.86159,34.24501],[-83.85424,34.25081],[-83.85334,34.2518],[-83.84653,34.25717],[-83.84494,34.25236],[-83.84577,34.24975],[-83.8432,34.24916],[-83.84203,34.25018],[-83.84117,34.24936],[-83.83858,34.25138],[-83.84035,34.25402],[-83.8416,34.256],[-83.83914,34.25536],[-83.83927,34.25655],[-83.84168,34.25615],[-83.84207,34.25771],[-83.84405,34.25779],[-83.84533,34.25642],[-83.8464,34.25735],[-83.84526,34.25904],[-83.84501,34.25885],[-83.8446,34.25964],[-83.84428,34.26004],[-83.8419,34.26396],[-83.84177,34.26419],[-83.83971,34.26759],[-83.8391,34.26844],[-83.8354,34.27241],[-83.83586,34.27338],[-83.83767,34.27232],[-83.83765,34.27236],[-83.8367,34.2744],[-83.83103,34.27926],[-83.83219,34.27891],[-83.83376,34.27975],[-83.83351,34.28075],[-83.83735,34.28058],[-83.83815,34.28181],[-83.83905,34.28031],[-83.83796,34.27909],[-83.83571,34.2792],[-83.83753,34.27738],[-83.84022,34.27985],[-83.84011,34.28212],[-83.83967,34.28211],[-83.83875,34.28594],[-83.83997,34.28652],[-83.84096,34.28631],[-83.84187,34.28462],[-83.84153,34.28294],[-83.84338,34.28398],[-83.84452,34.28335],[-83.84492,34.28171],[-83.84769,34.28199],[-83.84968,34.28087],[-83.84839,34.27949],[-83.84436,34.28093],[-83.84179,34.27675],[-83.84076,34.27659],[-83.84159,34.27582],[-83.84771,34.27318],[-83.84689,34.27081],[-83.84844,34.27158],[-83.84984,34.2693],[-83.84924,34.26852],[-83.84666,34.26994],[-83.84395,34.2664],[-83.84256,34.26558],[-83.83908,34.2712],[-83.84007,34.27148],[-83.84049,34.27214],[-83.83883,34.27319],[-83.83786,34.27248],[-83.83801,34.27235],[-83.83839,34.27161],[-83.84026,34.2676],[-83.84167,34.26595],[-83.84172,34.26597],[-83.84222,34.26503],[-83.84233,34.26477],[-83.84439,34.26178],[-83.84718,34.2639],[-83.84836,34.26192],[-83.84964,34.26194],[-83.84977,34.26195],[-83.85005,34.26198],[-83.85048,34.26208],[-83.85256,34.26369],[-83.85116,34.26448],[-83.85287,34.2664],[-83.8523,34.26839],[-83.8556,34.26652],[-83.8539,34.265],[-83.85587,34.26402],[-83.85634,34.26472],[-83.85859,34.26397],[-83.85885,34.26473],[-83.85776,34.26537],[-83.85614,34.26695],[-83.85425,34.26804],[-83.85638,34.27115],[-83.85564,34.27234],[-83.85432,34.27181],[-83.85441,34.26969],[-83.85145,34.27025],[-83.84912,34.27185],[-83.84903,34.27191],[-83.84864,34.27251],[-83.85193,34.27696],[-83.85415,34.2792],[-83.85458,34.27876],[-83.854,34.27814],[-83.85442,34.27794],[-83.85474,34.2776],[-83.85337,34.27603],[-83.8557,34.27513],[-83.85664,34.27674],[-83.85704,34.27644],[-83.85546,34.27448],[-83.8577,34.27311],[-83.85887,34.2753],[-83.86105,34.2721],[-83.86199,34.27237],[-83.86111,34.27109],[-83.86335,34.27014],[-83.86348,34.27145],[-83.86736,34.26954],[-83.86663,34.26818],[-83.86473,34.26729],[-83.86327,34.26583],[-83.86705,34.26405],[-83.86571,34.26212],[-83.87064,34.25933],[-83.87185,34.26099],[-83.8703,34.26107],[-83.8681,34.26278],[-83.87048,34.26317],[-83.87071,34.26281],[-83.87207,34.26275],[-83.87496,34.26644],[-83.8771,34.26681],[-83.87683,34.26628],[-83.87615,34.26344],[-83.87353,34.25736],[-83.873,34.25736],[-83.87153,34.25732],[-83.86904,34.25738],[-83.86873,34.25654],[-83.86673,34.25354],[-83.86201,34.25571],[-83.85896,34.25382],[-83.85698,34.25307],[-83.8536,34.25514],[-83.85228,34.25324],[-83.85213,34.25302],[-83.85788,34.24856],[-83.85804,34.24877],[-83.85879,34.24979],[-83.85855,34.25028],[-83.85913,34.25118],[-83.86075,34.25242],[-83.86338,34.25119],[-83.86355,34.25064],[-83.86046,34.24809],[-83.86127,34.24753],[-83.86501,34.24495],[-83.86792,34.24907],[-83.86966,34.24865],[-83.87062,34.24605],[-83.87138,34.24701],[-83.8726,34.24599],[-83.86848,34.24229],[-83.86851,34.24208],[-83.86871,34.24194],[-83.87052,34.24348],[-83.87165,34.24458],[-83.87249,34.24539],[-83.87309,34.24558],[-83.87332,34.24566],[-83.87704,34.24568],[-83.87818,34.2442],[-83.88137,34.24344],[-83.88365,34.24539],[-83.88391,34.24563],[-83.88361,34.24625],[-83.88212,34.24842],[-83.88134,34.24963],[-83.87955,34.25115],[-83.87912,34.25157],[-83.87889,34.25224],[-83.87798,34.25521],[-83.87808,34.25587],[-83.87844,34.25687],[-83.87741,34.25717],[-83.8747,34.25735],[-83.87443,34.25736],[-83.87475,34.25745],[-83.87564,34.25924],[-83.87882,34.25997],[-83.87925,34.26008],[-83.8794,34.26033],[-83.87969,34.26074],[-83.88092,34.26193],[-83.88131,34.26305],[-83.8807,34.26795],[-83.88369,34.26605],[-83.88346,34.27232],[-83.88366,34.27243],[-83.88395,34.26743],[-83.88421,34.26688],[-83.88515,34.26756],[-83.88492,34.26805],[-83.88597,34.27026],[-83.88563,34.27078],[-83.88616,34.27237],[-83.88628,34.27419],[-83.88445,34.27432],[-83.884,34.27438],[-83.88272,34.2743],[-83.88466,34.27679],[-83.8795,34.2791],[-83.87986,34.28031],[-83.88823,34.2811],[-83.89148,34.2812],[-83.88942,34.27825],[-83.88843,34.27685],[-83.88746,34.27548],[-83.88943,34.27454],[-83.88776,34.27211],[-83.89076,34.27082],[-83.89233,34.27318],[-83.89366,34.2726],[-83.89605,34.27138],[-83.89959,34.27978],[-83.89942,34.27986],[-83.89656,34.28103],[-83.89642,34.2824],[-83.89285,34.28404],[-83.89489,34.28706]],[[-83.86647,34.28074],[-83.86517,34.2799],[-83.86633,34.27797],[-83.86501,34.27743],[-83.86378,34.2786],[-83.86422,34.2826],[-83.86524,34.28279],[-83.86647,34.28074]],[[-83.89148,34.28591],[-83.88993,34.28668],[-83.89068,34.28771],[-83.89222,34.28691],[-83.89148,34.28591]],[[-83.87085,34.27723],[-83.87188,34.27636],[-83.87071,34.27561],[-83.87178,34.27489],[-83.8716,34.27233],[-83.8709,34.27342],[-83.86915,34.27351],[-83.86809,34.27264],[-83.86924,34.27153],[-83.86759,34.26969],[-83.86296,34.27204],[-83.86298,34.27394],[-83.86118,34.27438],[-83.86246,34.2754],[-83.86344,34.27627],[-83.8656,34.27524],[-83.86568,34.27509],[-83.86929,34.2766],[-83.86841,34.27914],[-83.87036,34.27929],[-83.87079,34.28212],[-83.87224,34.28221],[-83.87327,34.28195],[-83.87326,34.27947],[-83.87326,34.27911],[-83.87276,34.27911],[-83.87336,34.27827],[-83.87241,34.27788],[-83.87023,34.27829],[-83.87057,34.27711],[-83.87085,34.27723]],[[-83.86632,34.31292],[-83.86646,34.31323],[-83.86734,34.31282],[-83.86767,34.31315],[-83.86685,34.31195],[-83.86654,34.31121],[-83.86573,34.3115],[-83.86632,34.31292]],[[-83.86144,34.30653],[-83.86103,34.3062],[-83.86054,34.30819],[-83.86129,34.30944],[-83.86223,34.30898],[-83.86179,34.30829],[-83.86335,34.30813],[-83.86306,34.30688],[-83.86237,34.30612],[-83.86199,34.30582],[-83.86195,34.30606],[-83.86144,34.30653]],[[-83.84452,34.29027],[-83.84577,34.28963],[-83.84519,34.28885],[-83.8437,34.28946],[-83.84296,34.29093],[-83.84445,34.29082],[-83.84452,34.29027]],[[-83.84184,34.32804],[-83.84265,34.32771],[-83.84477,34.325],[-83.84196,34.32608],[-83.84241,34.32744],[-83.84046,34.32605],[-83.84184,34.32804]],[[-83.83226,34.28457],[-83.83336,34.28399],[-83.83431,34.28583],[-83.83614,34.28692],[-83.83788,34.2855],[-83.83739,34.28393],[-83.83859,34.28307],[-83.83647,34.28282],[-83.83212,34.28421],[-83.8322,34.28442],[-83.83226,34.28457]],[[-83.83475,34.32958],[-83.83403,34.32852],[-83.83309,34.3289],[-83.83328,34.33],[-83.83365,34.33009],[-83.83475,34.32958]],[[-83.82311,34.33227],[-83.82487,34.33219],[-83.82459,34.33057],[-83.82265,34.33088],[-83.82261,34.32895],[-83.82222,34.33118],[-83.82311,34.33227]],[[-83.81618,34.33031],[-83.81432,34.32974],[-83.81417,34.32974],[-83.81369,34.33364],[-83.81597,34.3337],[-83.81684,34.33223],[-83.81837,34.33269],[-83.81775,34.33124],[-83.81657,34.33101],[-83.81715,34.33015],[-83.81618,34.33012],[-83.81618,34.33031]],[[-83.80701,34.29273],[-83.80932,34.28837],[-83.80532,34.28761],[-83.80267,34.29005],[-83.80388,34.28901],[-83.80701,34.29273]],[[-83.79946,34.27614],[-83.80081,34.27555],[-83.79905,34.27409],[-83.79908,34.27557],[-83.79931,34.27621],[-83.79946,34.27614]],[[-83.78833,34.33011],[-83.79286,34.32562],[-83.79327,34.3219],[-83.78934,34.32193],[-83.78969,34.32474],[-83.78705,34.32584],[-83.78833,34.33011]],[[-83.78315,34.33888],[-83.78504,34.33957],[-83.7884,34.33629],[-83.79026,34.33329],[-83.78822,34.33436],[-83.78593,34.33303],[-83.78403,34.33559],[-83.78315,34.33888]],[[-83.78344,34.34098],[-83.78263,34.34053],[-83.78171,34.34181],[-83.77974,34.34316],[-83.78043,34.34365],[-83.78344,34.34098]],[[-83.78001,34.29625],[-83.7815,34.29627],[-83.78011,34.29423],[-83.77966,34.29358],[-83.77954,34.29358],[-83.7782,34.29351],[-83.78001,34.29625]]],[[[-83.78146,34.31644],[-83.78327,34.31548],[-83.78446,34.31704],[-83.78702,34.31738],[-83.78781,34.31989],[-83.78507,34.32038],[-83.78358,34.31876],[-83.78163,34.31832],[-83.78146,34.31644]]],[[[-83.82575,34.35165],[-83.82604,34.3524],[-83.82436,34.35255],[-83.82436,34.35249],[-83.82417,34.35194],[-83.82496,34.35174],[-83.82575,34.35165]]],[[[-83.79111,34.35501],[-83.7928,34.35355],[-83.79167,34.35301],[-83.78996,34.35423],[-83.7899,34.35371],[-83.79136,34.35244],[-83.79309,34.35176],[-83.79369,34.35198],[-83.79417,34.35139],[-83.79491,34.35436],[-83.79254,34.35601],[-83.79465,34.35548],[-83.79398,34.35729],[-83.79065,34.35532],[-83.79111,34.35501]]]]}},{"type":"Feature","properties":{"name":"Wilkes County Transit","boundary_type":"places","source":"Census TIGER place","fidelity":"exact","updated":"2026-09","units":"Washington city; Tignall town; Rayle town","note":"Text describes scheduled city departures (7:30am/10am/12:30pm/2pm/4pm) plus on-demand service within Washington, not a county-wide zone; also names Tignall and Rayle as served towns, so mapped as those three places rather than the full county. https://www.wilkescountyga.org/transit","confidence":0.6},"geometry":{"type":"MultiPolygon","coordinates":[[[[-82.77015,33.73871],[-82.77604,33.74067],[-82.77183,33.74507],[-82.76663,33.74183],[-82.76635,33.74061],[-82.76461,33.74183],[-82.76339,33.74158],[-82.76305,33.74267],[-82.76464,33.74345],[-82.76352,33.74434],[-82.76503,33.74547],[-82.76678,33.74798],[-82.76608,33.75228],[-82.76102,33.74906],[-82.75928,33.7483],[-82.75931,33.75013],[-82.75846,33.75682],[-82.7375,33.75553],[-82.72428,33.75557],[-82.72383,33.75466],[-82.71709,33.75411],[-82.71853,33.73446],[-82.71595,33.73097],[-82.71357,33.73328],[-82.71431,33.73074],[-82.71558,33.73004],[-82.71496,33.7264],[-82.71553,33.72579],[-82.71963,33.72613],[-82.72055,33.7179],[-82.72952,33.71846],[-82.73375,33.71797],[-82.73386,33.71381],[-82.7331,33.71054],[-82.74307,33.70567],[-82.74853,33.71043],[-82.74725,33.7123],[-82.74888,33.71241],[-82.74465,33.71949],[-82.76209,33.72061],[-82.75998,33.72504],[-82.76114,33.72498],[-82.76385,33.72669],[-82.76624,33.72647],[-82.76663,33.72652],[-82.76644,33.72764],[-82.77017,33.72875],[-82.77914,33.72925],[-82.77818,33.73223],[-82.77304,33.73163],[-82.77015,33.73871]],[[-82.71761,33.727],[-82.71805,33.72818],[-82.72212,33.7305],[-82.72109,33.72677],[-82.71963,33.72613],[-82.71761,33.727]]],[[[-82.90209,33.79241],[-82.89327,33.79061],[-82.88786,33.79011],[-82.88827,33.78074],[-82.89487,33.78152],[-82.90511,33.78635],[-82.9161,33.79236],[-82.91956,33.79519],[-82.91822,33.80025],[-82.91785,33.80157],[-82.91273,33.79947],[-82.90209,33.79241]]],[[[-82.75482,33.87569],[-82.75177,33.87824],[-82.74763,33.88023],[-82.74464,33.88079],[-82.74138,33.88089],[-82.73939,33.88095],[-82.73711,33.88074],[-82.73322,33.87926],[-82.73029,33.8775],[-82.7284,33.87583],[-82.72694,33.87386],[-82.72601,33.87027],[-82.72647,33.86514],[-82.72705,33.86298],[-82.72883,33.85971],[-82.73063,33.85758],[-82.73403,33.85528],[-82.73614,33.85431],[-82.74048,33.85336],[-82.7428,33.85342],[-82.74684,33.85409],[-82.75084,33.85573],[-82.75372,33.8577],[-82.75715,33.86215],[-82.7581,33.865],[-82.75824,33.86758],[-82.75788,33.87028],[-82.75707,33.87238],[-82.75482,33.87569]]]]}},{"type":"Feature","properties":{"name":"Wilkinson County Transit","boundary_type":"county","source":"Census TIGER county","fidelity":"exact","updated":"2026-09","units":"Wilkinson County","note":"County-operated demand-response system","confidence":0.9},"geometry":{"type":"Polygon","coordinates":[[[-83.35768,32.92614],[-83.35179,32.92834],[-83.28774,32.95188],[-83.28658,32.95092],[-83.27607,32.94207],[-83.26318,32.95411],[-83.26867,32.9587],[-83.23574,32.972],[-83.20616,32.9836],[-83.20502,32.98209],[-83.20257,32.9815],[-83.199,32.98207],[-83.19682,32.98282],[-83.19279,32.98119],[-83.1927,32.98],[-83.1898,32.9758],[-83.18853,32.97495],[-83.18597,32.97421],[-83.18459,32.97436],[-83.18111,32.97261],[-83.17434,32.97102],[-83.17184,32.97104],[-83.16814,32.97049],[-83.16616,32.96929],[-83.16466,32.96903],[-83.16236,32.96958],[-83.16852,32.9762],[-83.17203,32.97949],[-83.17947,32.9874],[-83.17783,32.98861],[-83.16348,33.00015],[-83.15982,33.00266],[-83.15958,33.0028],[-83.15383,32.99745],[-83.1519,32.99652],[-83.14951,32.9978],[-83.14828,33.00015],[-83.1486,33.00227],[-83.15024,33.00564],[-83.15028,33.00683],[-83.14894,33.00804],[-83.14742,33.00867],[-83.14268,33.00852],[-83.13848,33.00723],[-83.13318,33.00711],[-83.13167,33.00644],[-83.13091,33.00485],[-83.131,33.00015],[-83.12991,32.99923],[-83.12811,32.99913],[-83.12397,33.00175],[-83.12281,33.00129],[-83.12242,33.00015],[-83.12535,32.99763],[-83.12546,32.99538],[-83.12354,32.99418],[-83.12338,32.9927],[-83.12487,32.9919],[-83.12725,32.99183],[-83.12841,32.98999],[-83.12792,32.98936],[-83.1218,32.98821],[-83.12104,32.98662],[-83.12412,32.98612],[-83.12567,32.98474],[-83.12531,32.98373],[-83.12375,32.98313],[-83.12095,32.9836],[-83.11957,32.98207],[-83.11675,32.98132],[-83.11514,32.97725],[-83.11524,32.97371],[-83.11435,32.97299],[-83.1122,32.97299],[-83.11036,32.97369],[-83.10874,32.97262],[-83.10897,32.97057],[-83.10842,32.96916],[-83.10657,32.96914],[-83.10429,32.97007],[-83.10164,32.96758],[-83.10091,32.96605],[-83.09782,32.96607],[-83.09686,32.96559],[-83.09577,32.96652],[-83.09552,32.96809],[-83.09389,32.96767],[-83.094,32.96593],[-83.09543,32.96317],[-83.09591,32.96044],[-83.09526,32.95948],[-83.09248,32.95976],[-83.09032,32.95787],[-83.09135,32.95615],[-83.09028,32.9554],[-83.08823,32.95597],[-83.08742,32.95433],[-83.08835,32.95173],[-83.08723,32.95072],[-83.08479,32.95134],[-83.08372,32.95249],[-83.08591,32.95408],[-83.08629,32.95556],[-83.0851,32.956],[-83.08277,32.95437],[-83.08147,32.95285],[-83.07876,32.95124],[-83.07619,32.95077],[-83.07606,32.94926],[-83.07901,32.94725],[-83.07792,32.94624],[-83.07523,32.94792],[-83.07365,32.94656],[-83.07262,32.94396],[-83.07019,32.94214],[-83.07091,32.94],[-83.07033,32.93919],[-83.06903,32.94035],[-83.06896,32.94154],[-83.06789,32.94223],[-83.06725,32.94087],[-83.06705,32.93651],[-83.06727,32.9352],[-83.06854,32.93367],[-83.07101,32.9339],[-83.07026,32.93277],[-83.06811,32.93308],[-83.06157,32.93479],[-83.05965,32.93064],[-83.06106,32.93035],[-83.06392,32.93077],[-83.06402,32.92974],[-83.06261,32.92812],[-83.05893,32.92712],[-83.05759,32.92744],[-83.0569,32.92598],[-83.05949,32.92464],[-83.06028,32.92306],[-83.06036,32.92041],[-83.06283,32.92016],[-83.06193,32.9191],[-83.05597,32.92004],[-83.05696,32.91663],[-83.05418,32.91453],[-83.05236,32.91387],[-83.05286,32.91177],[-83.05477,32.91087],[-83.0552,32.9097],[-83.05314,32.90904],[-83.05047,32.9099],[-83.04832,32.91008],[-83.04762,32.90796],[-83.04931,32.90725],[-83.04952,32.90646],[-83.04656,32.90586],[-83.04752,32.90474],[-83.04989,32.9054],[-83.05084,32.90464],[-83.05005,32.90322],[-83.04761,32.90298],[-83.04799,32.90184],[-83.0513,32.90204],[-83.05148,32.90078],[-83.05026,32.89943],[-83.04839,32.89887],[-83.04785,32.89755],[-83.0502,32.89577],[-83.05071,32.8939],[-83.0496,32.89154],[-83.04766,32.88958],[-83.04856,32.88784],[-83.04714,32.88642],[-83.04663,32.88505],[-83.04432,32.88593],[-83.04397,32.88481],[-83.04506,32.88412],[-83.04863,32.88348],[-83.0487,32.8824],[-83.04718,32.88205],[-83.0454,32.88269],[-83.04297,32.88161],[-83.04197,32.88277],[-83.04053,32.88327],[-83.04013,32.88184],[-83.04198,32.88038],[-83.04128,32.87931],[-83.03981,32.87921],[-83.03832,32.88052],[-83.03738,32.87976],[-83.03721,32.87515],[-83.03476,32.87344],[-83.0345,32.86878],[-83.03651,32.86937],[-83.03611,32.86711],[-83.03416,32.86627],[-83.03122,32.86751],[-83.03022,32.86651],[-83.02963,32.86244],[-83.02968,32.86043],[-83.02704,32.85613],[-83.02335,32.85576],[-83.02144,32.85341],[-83.02026,32.85459],[-83.02156,32.85653],[-83.01665,32.85758],[-83.01472,32.85714],[-83.01358,32.85572],[-83.01316,32.85406],[-83.0122,32.85376],[-83.00634,32.85589],[-83.00501,32.85471],[-83.00124,32.85511],[-82.99937,32.85596],[-82.99837,32.85545],[-82.99787,32.85325],[-82.99807,32.85186],[-82.99637,32.85106],[-82.99457,32.85256],[-82.99207,32.85316],[-82.98897,32.85265],[-82.98877,32.85095],[-82.99027,32.84985],[-82.99047,32.84846],[-82.98736,32.84687],[-82.98637,32.84656],[-82.98537,32.84446],[-82.98386,32.84376],[-82.98207,32.84535],[-82.97867,32.84425],[-82.97847,32.84256],[-82.98017,32.84096],[-82.97796,32.83866],[-82.97426,32.83924],[-82.97306,32.83806],[-82.97296,32.83656],[-82.97056,32.83515],[-82.97006,32.83296],[-82.97356,32.83125],[-82.97189,32.82939],[-82.96736,32.82867],[-82.96716,32.82707],[-82.96946,32.82517],[-82.97136,32.82437],[-82.97186,32.82307],[-82.96866,32.82066],[-82.96686,32.82017],[-82.96676,32.81907],[-82.96826,32.81737],[-82.96746,32.81606],[-82.96426,32.81536],[-82.96336,32.81246],[-82.96156,32.80836],[-82.95826,32.80776],[-82.95766,32.80686],[-82.95836,32.80476],[-82.95656,32.80416],[-82.95436,32.80176],[-82.95586,32.79836],[-82.95826,32.79676],[-82.95696,32.79526],[-82.95666,32.78996],[-82.95776,32.78476],[-82.96076,32.77466],[-82.96066,32.76776],[-82.96006,32.76526],[-82.95896,32.76316],[-82.96016,32.75996],[-82.95796,32.75906],[-82.95576,32.75986],[-82.95476,32.75846],[-82.95536,32.75646],[-82.95386,32.75626],[-82.95246,32.75816],[-82.94866,32.75816],[-82.95056,32.76016],[-82.95026,32.76196],[-82.94697,32.75936],[-82.94747,32.75636],[-82.94717,32.75464],[-82.94524,32.75246],[-82.94512,32.75143],[-82.94648,32.74872],[-82.94637,32.74126],[-82.94726,32.73655],[-82.95017,32.72546],[-82.95287,32.72286],[-82.95387,32.72126],[-82.95597,32.71466],[-82.95617,32.71216],[-82.95707,32.70832],[-82.96659,32.70434],[-83.01669,32.68342],[-83.04079,32.67334],[-83.09295,32.6489],[-83.15598,32.61861],[-83.20871,32.59298],[-83.22654,32.5842],[-83.22939,32.58888],[-83.23835,32.60204],[-83.23846,32.6022],[-83.24285,32.60876],[-83.24532,32.61319],[-83.2515,32.624],[-83.25207,32.62518],[-83.29998,32.7097],[-83.33456,32.77056],[-83.37047,32.83391],[-83.40699,32.89822],[-83.38319,32.91169],[-83.35768,32.92614]]]}}]}