{"type":"FeatureCollection","features":[{"type":"Feature","properties":{"name":"Bond County Transit","boundary_type":"county","source":"Census TIGER county","fidelity":"exact","updated":"2026-09","units":"Bond County","note":"Bond County Transit providing general-public demand-response service across Bond County.","confidence":1.0},"geometry":{"type":"Polygon","coordinates":[[[-89.61408,38.99931],[-89.58609,38.99946],[-89.58611,39.0029],[-89.58634,39.02833],[-89.58028,39.02837],[-89.56156,39.02831],[-89.53968,39.02824],[-89.53862,39.02823],[-89.52939,39.02821],[-89.52876,39.02819],[-89.52121,39.02817],[-89.4874,39.02788],[-89.48273,39.02784],[-89.47808,39.02779],[-89.47605,39.02778],[-89.47335,39.02777],[-89.46863,39.02778],[-89.39882,39.02785],[-89.38972,39.02783],[-89.36896,39.02773],[-89.36179,39.02772],[-89.29902,39.02822],[-89.25031,39.02818],[-89.2503,38.99919],[-89.25043,38.99919],[-89.25736,38.99917],[-89.25722,38.97562],[-89.25705,38.94632],[-89.25689,38.93187],[-89.25671,38.9174],[-89.25671,38.91718],[-89.25671,38.91625],[-89.25668,38.91208],[-89.25662,38.90669],[-89.25569,38.85154],[-89.25531,38.82973],[-89.25467,38.78609],[-89.25421,38.74884],[-89.25418,38.74202],[-89.25418,38.74191],[-89.27223,38.742],[-89.28221,38.74192],[-89.28611,38.74189],[-89.37207,38.74118],[-89.41917,38.74093],[-89.48204,38.74051],[-89.50225,38.74089],[-89.51467,38.74109],[-89.52866,38.7414],[-89.54924,38.74188],[-89.59732,38.74324],[-89.59796,38.77232],[-89.59799,38.77385],[-89.59818,38.78287],[-89.59819,38.78331],[-89.59858,38.80189],[-89.59912,38.83053],[-89.59959,38.87453],[-89.63687,38.87428],[-89.63717,38.88881],[-89.63793,38.91835],[-89.63705,38.91836],[-89.63752,38.92587],[-89.63802,38.93324],[-89.63845,38.95052],[-89.63883,38.98513],[-89.63898,38.98601],[-89.63926,38.99913],[-89.61408,38.99931]]]}},{"type":"Feature","properties":{"name":"Central Illinois Public Transit (CIPT)","boundary_type":"counties","source":"Census TIGER county","fidelity":"exact","updated":"2026-09","units":"Christian County; Clay County; Effingham County; Fayette County; Montgomery County; Moultrie County; Shelby County","note":"Regional demand-response service covering seven central Illinois counties.","confidence":1.0},"geometry":{"type":"Polygon","coordinates":[[[-88.69808,38.64975],[-88.69752,38.69214],[-88.69752,38.69337],[-88.6975,38.6943],[-88.6976,38.70856],[-88.69691,38.73783],[-88.69587,38.79113],[-88.69516,38.8263],[-88.76542,38.82515],[-88.77935,38.82491],[-88.78139,38.82488],[-88.78435,38.82484],[-88.802,38.82454],[-88.8076,38.82447],[-88.80764,38.82446],[-88.90277,38.82437],[-88.92092,38.82438],[-88.97646,38.82357],[-89.01379,38.82307],[-89.01416,38.82306],[-89.03063,38.82287],[-89.04724,38.82306],[-89.04916,38.82316],[-89.08838,38.82356],[-89.13814,38.82421],[-89.13828,38.76556],[-89.13839,38.73633],[-89.16363,38.73756],[-89.16508,38.73761],[-89.21524,38.74025],[-89.2448,38.7418],[-89.25418,38.74202],[-89.25421,38.74884],[-89.25467,38.78609],[-89.25531,38.82973],[-89.25569,38.85154],[-89.25662,38.90669],[-89.25668,38.91208],[-89.25671,38.91625],[-89.25671,38.91718],[-89.25671,38.9174],[-89.25689,38.93187],[-89.25705,38.94632],[-89.25722,38.97562],[-89.25736,38.99917],[-89.25043,38.99919],[-89.2503,38.99919],[-89.25031,39.02818],[-89.29902,39.02822],[-89.36179,39.02772],[-89.36896,39.02773],[-89.38972,39.02783],[-89.39882,39.02785],[-89.46863,39.02778],[-89.47335,39.02777],[-89.47605,39.02778],[-89.47808,39.02779],[-89.48273,39.02784],[-89.4874,39.02788],[-89.52121,39.02817],[-89.52876,39.02819],[-89.52939,39.02821],[-89.53862,39.02823],[-89.53968,39.02824],[-89.56156,39.02831],[-89.58028,39.02837],[-89.58634,39.02833],[-89.58611,39.0029],[-89.58609,38.99946],[-89.61408,38.99931],[-89.63926,38.99913],[-89.66568,38.99905],[-89.69855,38.99898],[-89.69861,39.00596],[-89.6988,39.02827],[-89.69881,39.04289],[-89.69897,39.05776],[-89.69926,39.06985],[-89.69922,39.08733],[-89.69923,39.08749],[-89.6993,39.09602],[-89.6996,39.09843],[-89.69963,39.11726],[-89.69978,39.13214],[-89.69987,39.14776],[-89.69995,39.15232],[-89.69996,39.15346],[-89.70014,39.15398],[-89.70015,39.1557],[-89.70021,39.16115],[-89.70028,39.17498],[-89.70034,39.17544],[-89.70189,39.2505],[-89.70238,39.26539],[-89.7026,39.28014],[-89.70279,39.2953],[-89.70279,39.29539],[-89.70289,39.30212],[-89.703,39.31032],[-89.70369,39.34803],[-89.69928,39.34805],[-89.69934,39.35908],[-89.69974,39.36174],[-89.69945,39.36415],[-89.69979,39.39198],[-89.70022,39.42116],[-89.7004,39.43583],[-89.7006,39.45036],[-89.7007,39.45762],[-89.70095,39.47959],[-89.70106,39.48882],[-89.70166,39.52332],[-89.69386,39.52347],[-89.67467,39.52369],[-89.67432,39.52369],[-89.64581,39.52402],[-89.64287,39.52405],[-89.63588,39.52413],[-89.61752,39.52433],[-89.61745,39.52433],[-89.6034,39.52447],[-89.53353,39.52459],[-89.5341,39.56811],[-89.53432,39.57535],[-89.53472,39.59696],[-89.535,39.61223],[-89.53462,39.61407],[-89.53503,39.64114],[-89.49734,39.64087],[-89.48755,39.64083],[-89.47847,39.64084],[-89.47853,39.64839],[-89.47887,39.66965],[-89.47887,39.66974],[-89.47885,39.67607],[-89.47892,39.68396],[-89.44362,39.68395],[-89.42505,39.6837],[-89.42503,39.68607],[-89.42505,39.69865],[-89.42513,39.70598],[-89.42517,39.71328],[-89.42554,39.7481],[-89.42526,39.75004],[-89.42517,39.76202],[-89.42424,39.76161],[-89.42022,39.76137],[-89.41784,39.75921],[-89.41726,39.75748],[-89.41894,39.7569],[-89.41973,39.75508],[-89.41857,39.75433],[-89.41962,39.75301],[-89.41915,39.75143],[-89.41468,39.74812],[-89.4102,39.74403],[-89.4076,39.74311],[-89.40169,39.74262],[-89.39709,39.74215],[-89.39376,39.74319],[-89.38587,39.74997],[-89.38635,39.7518],[-89.38424,39.75401],[-89.38255,39.75436],[-89.38074,39.75351],[-89.37978,39.7538],[-89.37875,39.75551],[-89.37509,39.75739],[-89.37372,39.75871],[-89.37249,39.75809],[-89.37131,39.75506],[-89.36849,39.75689],[-89.36521,39.75722],[-89.36295,39.75563],[-89.36037,39.76058],[-89.35889,39.76176],[-89.3596,39.76488],[-89.36003,39.76752],[-89.35811,39.77064],[-89.35591,39.7706],[-89.35414,39.77209],[-89.35267,39.76962],[-89.35002,39.76964],[-89.34549,39.76728],[-89.34294,39.76661],[-89.34159,39.76693],[-89.33405,39.76486],[-89.33155,39.76456],[-89.32916,39.76358],[-89.32842,39.76381],[-89.3271,39.76451],[-89.3273,39.76616],[-89.32531,39.76618],[-89.32522,39.76733],[-89.3286,39.76757],[-89.32915,39.7688],[-89.32792,39.76969],[-89.32563,39.77005],[-89.32234,39.77186],[-89.32056,39.77182],[-89.31777,39.77079],[-89.3155,39.77193],[-89.31455,39.77117],[-89.31258,39.7713],[-89.31045,39.77217],[-89.30784,39.77436],[-89.30312,39.77581],[-89.30044,39.77841],[-89.30143,39.77977],[-89.30009,39.78125],[-89.29963,39.7828],[-89.29829,39.7833],[-89.29971,39.78454],[-89.29842,39.78662],[-89.29695,39.7895],[-89.29412,39.79018],[-89.29309,39.78955],[-89.29155,39.79009],[-89.29261,39.79227],[-89.2921,39.79275],[-89.2893,39.79195],[-89.28659,39.79275],[-89.28544,39.79387],[-89.28339,39.79385],[-89.28268,39.79461],[-89.28368,39.79576],[-89.28177,39.79661],[-89.28117,39.79901],[-89.27954,39.79892],[-89.27853,39.80007],[-89.27641,39.79914],[-89.27209,39.80112],[-89.27142,39.80289],[-89.26933,39.80416],[-89.26537,39.80642],[-89.26459,39.80428],[-89.26254,39.80439],[-89.25975,39.80678],[-89.25997,39.808],[-89.25717,39.80981],[-89.25672,39.81312],[-89.25528,39.81472],[-89.25396,39.81665],[-89.25233,39.82039],[-89.25191,39.82256],[-89.24855,39.82574],[-89.24623,39.82595],[-89.24512,39.82454],[-89.24284,39.82315],[-89.24009,39.82314],[-89.2403,39.82184],[-89.23825,39.82106],[-89.23621,39.82181],[-89.23714,39.81993],[-89.2355,39.81885],[-89.23618,39.81756],[-89.23465,39.81735],[-89.23428,39.81627],[-89.23164,39.81604],[-89.23424,39.81515],[-89.23418,39.81309],[-89.22985,39.81358],[-89.22825,39.81321],[-89.22526,39.81495],[-89.22352,39.81465],[-89.22017,39.81291],[-89.21747,39.81322],[-89.21747,39.81367],[-89.21277,39.81366],[-89.21277,39.81548],[-89.18924,39.81546],[-89.18925,39.81747],[-89.18819,39.81752],[-89.18456,39.816],[-89.17986,39.81544],[-89.17985,39.81189],[-89.1703,39.81192],[-89.16893,39.80949],[-89.16518,39.80801],[-89.16075,39.80535],[-89.16075,39.80471],[-89.15147,39.80479],[-89.15146,39.80125],[-89.14197,39.80127],[-89.14145,39.77731],[-89.14137,39.77228],[-89.14111,39.75712],[-89.14084,39.74303],[-89.14083,39.74264],[-89.14053,39.72821],[-89.13994,39.69912],[-89.13939,39.66993],[-89.13912,39.65513],[-89.12021,39.65527],[-89.10139,39.65497],[-89.06336,39.65473],[-89.02569,39.65464],[-89.02568,39.65418],[-88.95917,39.65344],[-88.95879,39.65351],[-88.92109,39.65268],[-88.90434,39.65295],[-88.86809,39.65293],[-88.86681,39.65294],[-88.81057,39.65322],[-88.81123,39.68192],[-88.81121,39.68246],[-88.81168,39.70259],[-88.81189,39.71087],[-88.81228,39.72593],[-88.81271,39.74049],[-88.80561,39.74056],[-88.76694,39.74036],[-88.75784,39.73991],[-88.75819,39.76918],[-88.75866,39.79207],[-88.74567,39.79215],[-88.73984,39.79217],[-88.72022,39.79225],[-88.70789,39.79226],[-88.70429,39.79224],[-88.70133,39.79224],[-88.70044,39.79224],[-88.63881,39.79224],[-88.61344,39.79218],[-88.60403,39.79218],[-88.5993,39.79215],[-88.58752,39.79213],[-88.5851,39.79213],[-88.51902,39.79194],[-88.49205,39.79188],[-88.47318,39.79184],[-88.47281,39.75389],[-88.47261,39.73944],[-88.4726,39.73918],[-88.47254,39.72917],[-88.47253,39.72478],[-88.47245,39.71461],[-88.47243,39.7092],[-88.4724,39.7081],[-88.47239,39.69558],[-88.47239,39.69505],[-88.47207,39.65159],[-88.4719,39.63325],[-88.47181,39.61514],[-88.47178,39.60784],[-88.47172,39.60165],[-88.47152,39.58575],[-88.47146,39.57837],[-88.47142,39.57521],[-88.47132,39.56396],[-88.47132,39.56337],[-88.47132,39.5623],[-88.47132,39.56159],[-88.47104,39.52041],[-88.47067,39.47471],[-88.47059,39.46338],[-88.47058,39.46133],[-88.47058,39.46071],[-88.4705,39.44704],[-88.47035,39.43263],[-88.47054,39.41078],[-88.47063,39.39617],[-88.47068,39.38775],[-88.47071,39.38545],[-88.47083,39.37452],[-88.47116,39.35622],[-88.47119,39.34534],[-88.47105,39.31655],[-88.47114,39.27297],[-88.471,39.244],[-88.47099,39.23994],[-88.47112,39.22203],[-88.47091,39.22041],[-88.47091,39.21503],[-88.47086,39.17146],[-88.46739,39.17148],[-88.43362,39.17137],[-88.41622,39.17131],[-88.41512,39.17133],[-88.40628,39.17129],[-88.39765,39.17124],[-88.37924,39.17122],[-88.37763,39.17124],[-88.36887,39.17118],[-88.36845,39.17111],[-88.36762,39.17115],[-88.36455,39.17112],[-88.36065,39.17112],[-88.36061,39.12316],[-88.3605,39.08987],[-88.36079,39.07463],[-88.36082,39.0734],[-88.36228,39.02135],[-88.3623,39.02038],[-88.36242,39.016],[-88.36258,39.00971],[-88.36262,39.00837],[-88.36268,39.00677],[-88.36271,39.00489],[-88.36278,39.00123],[-88.36275,38.9978],[-88.36275,38.9976],[-88.36255,38.98239],[-88.36236,38.96451],[-88.36235,38.96416],[-88.36223,38.95215],[-88.36207,38.93968],[-88.36206,38.93888],[-88.36193,38.92619],[-88.36193,38.9246],[-88.36188,38.92128],[-88.36183,38.9182],[-88.36174,38.91085],[-88.36174,38.90741],[-88.36178,38.89854],[-88.3618,38.89588],[-88.36183,38.86708],[-88.36176,38.85212],[-88.35154,38.85154],[-88.2772,38.84815],[-88.27682,38.84814],[-88.27238,38.848],[-88.27189,38.84798],[-88.25858,38.84753],[-88.25845,38.82187],[-88.25841,38.8146],[-88.2584,38.81099],[-88.25839,38.8075],[-88.25837,38.80061],[-88.25834,38.79693],[-88.25836,38.79226],[-88.25852,38.79153],[-88.25834,38.79095],[-88.25834,38.79009],[-88.25829,38.78921],[-88.25826,38.78577],[-88.25822,38.78179],[-88.25805,38.76722],[-88.25801,38.7598],[-88.2578,38.73092],[-88.28351,38.73181],[-88.28224,38.73128],[-88.28274,38.72977],[-88.28498,38.72746],[-88.28708,38.72794],[-88.28652,38.72702],[-88.28257,38.72559],[-88.28465,38.72443],[-88.28358,38.72309],[-88.28468,38.72235],[-88.28606,38.72023],[-88.28432,38.71976],[-88.28164,38.72035],[-88.28639,38.71814],[-88.28625,38.71604],[-88.28456,38.71588],[-88.28281,38.71677],[-88.28229,38.71623],[-88.28304,38.71443],[-88.28492,38.7135],[-88.28342,38.71252],[-88.28427,38.71113],[-88.28629,38.71102],[-88.28411,38.70962],[-88.28445,38.7087],[-88.28241,38.70824],[-88.28294,38.70757],[-88.28538,38.70808],[-88.2858,38.70651],[-88.2841,38.7058],[-88.28621,38.70497],[-88.28586,38.70362],[-88.28412,38.70268],[-88.28627,38.70208],[-88.28483,38.7],[-88.28538,38.69898],[-88.28332,38.69928],[-88.28299,38.69625],[-88.28149,38.69569],[-88.28207,38.6949],[-88.28493,38.69488],[-88.28481,38.6929],[-88.28375,38.6916],[-88.28193,38.69073],[-88.28227,38.69004],[-88.28431,38.68996],[-88.2852,38.68874],[-88.28356,38.68827],[-88.28404,38.68704],[-88.28194,38.68322],[-88.28455,38.68163],[-88.28169,38.6797],[-88.27901,38.67681],[-88.2781,38.67462],[-88.27981,38.67234],[-88.27941,38.6697],[-88.2764,38.66938],[-88.27615,38.66803],[-88.27437,38.6669],[-88.27482,38.66553],[-88.27311,38.66523],[-88.2723,38.66356],[-88.2728,38.66251],[-88.27519,38.66224],[-88.27594,38.66141],[-88.27459,38.66038],[-88.27661,38.6593],[-88.27313,38.65792],[-88.27435,38.6561],[-88.27677,38.65519],[-88.27544,38.65448],[-88.27674,38.65367],[-88.2798,38.65323],[-88.28026,38.65235],[-88.28293,38.6504],[-88.28447,38.65005],[-88.28422,38.64873],[-88.28697,38.64713],[-88.28796,38.64538],[-88.2909,38.64398],[-88.29089,38.64321],[-88.28783,38.64355],[-88.28695,38.64275],[-88.28904,38.64265],[-88.29147,38.64191],[-88.29336,38.64201],[-88.29413,38.64114],[-88.29371,38.63999],[-88.296,38.63847],[-88.29532,38.63671],[-88.29753,38.63473],[-88.29437,38.63311],[-88.28926,38.6301],[-88.28871,38.62905],[-88.28942,38.62814],[-88.29229,38.62755],[-88.29214,38.6262],[-88.29039,38.62544],[-88.28637,38.62505],[-88.28439,38.62652],[-88.28309,38.62532],[-88.28093,38.62461],[-88.28326,38.62395],[-88.28305,38.62237],[-88.28579,38.62109],[-88.28593,38.61934],[-88.2831,38.61833],[-88.28246,38.61698],[-88.28095,38.61686],[-88.27878,38.61758],[-88.27955,38.62051],[-88.27799,38.6204],[-88.27649,38.61874],[-88.27773,38.61799],[-88.27826,38.61638],[-88.27664,38.61587],[-88.27511,38.61685],[-88.2743,38.6186],[-88.27258,38.61968],[-88.27098,38.61929],[-88.2693,38.61841],[-88.26945,38.61744],[-88.27127,38.61668],[-88.27205,38.61367],[-88.2711,38.61195],[-88.2671,38.61271],[-88.26514,38.61105],[-88.26311,38.61069],[-88.26345,38.60914],[-88.2628,38.6085],[-88.26111,38.60961],[-88.25932,38.609],[-88.26064,38.60746],[-88.25905,38.60635],[-88.25723,38.60707],[-88.25256,38.60564],[-88.25199,38.60374],[-88.24913,38.60151],[-88.25084,38.59997],[-88.2536,38.60036],[-88.25398,38.5995],[-88.25746,38.59949],[-88.25746,38.59914],[-88.36418,38.60224],[-88.36418,38.60249],[-88.38285,38.6024],[-88.41968,38.60288],[-88.41981,38.60288],[-88.47018,38.60404],[-88.47018,38.60431],[-88.48906,38.60492],[-88.56411,38.60697],[-88.58453,38.60714],[-88.58453,38.60731],[-88.69846,38.60606],[-88.69823,38.62505],[-88.69837,38.62982],[-88.69809,38.64959],[-88.69808,38.64975]]]}},{"type":"Feature","properties":{"name":"Coles County Dial-A-Ride","boundary_type":"counties","source":"Census TIGER county","fidelity":"exact","updated":"2026-09","units":"Coles County; Douglas County","note":"Coles County Council on Aging operating dial-a-ride across Coles and Douglas counties.","confidence":1.0},"geometry":{"type":"Polygon","coordinates":[[[-87.9651,39.62958],[-87.96482,39.6127],[-87.96457,39.59818],[-87.96411,39.58355],[-87.96363,39.56891],[-87.96228,39.52504],[-87.96018,39.48131],[-87.98336,39.48108],[-88.00762,39.48083],[-88.01394,39.48079],[-88.01367,39.45757],[-88.01359,39.45146],[-88.01342,39.43718],[-88.01279,39.40789],[-88.01236,39.39059],[-88.01216,39.38946],[-88.01212,39.37897],[-88.02652,39.3786],[-88.02652,39.37754],[-88.08322,39.3767],[-88.10233,39.37646],[-88.14021,39.37621],[-88.14021,39.37574],[-88.17848,39.37504],[-88.1789,39.37504],[-88.21076,39.3748],[-88.2409,39.37481],[-88.24266,39.37481],[-88.24854,39.37478],[-88.24854,39.37498],[-88.26709,39.37449],[-88.31383,39.3743],[-88.32305,39.37427],[-88.32566,39.37426],[-88.32764,39.37425],[-88.3417,39.37421],[-88.34347,39.37421],[-88.34629,39.37422],[-88.35559,39.37423],[-88.35568,39.37423],[-88.35692,39.37423],[-88.35997,39.37414],[-88.36205,39.37414],[-88.37839,39.37412],[-88.43416,39.37439],[-88.45317,39.37364],[-88.47083,39.37452],[-88.47071,39.38545],[-88.47068,39.38775],[-88.47063,39.39617],[-88.47054,39.41078],[-88.47035,39.43263],[-88.4705,39.44704],[-88.47058,39.46071],[-88.47058,39.46133],[-88.47059,39.46338],[-88.47067,39.47471],[-88.47104,39.52041],[-88.47132,39.56159],[-88.47132,39.5623],[-88.47132,39.56337],[-88.47132,39.56396],[-88.47142,39.57521],[-88.47146,39.57837],[-88.47152,39.58575],[-88.47172,39.60165],[-88.47178,39.60784],[-88.47181,39.61514],[-88.4719,39.63325],[-88.47207,39.65159],[-88.47239,39.69505],[-88.47239,39.69558],[-88.4724,39.7081],[-88.47243,39.7092],[-88.47245,39.71461],[-88.47253,39.72478],[-88.47254,39.72917],[-88.4726,39.73918],[-88.47261,39.73944],[-88.47281,39.75389],[-88.47318,39.79184],[-88.46258,39.79182],[-88.46233,39.79182],[-88.46232,39.79376],[-88.46226,39.80703],[-88.46225,39.80895],[-88.46224,39.81361],[-88.46221,39.87909],[-88.42509,39.87921],[-88.41537,39.87922],[-88.41381,39.87923],[-88.40632,39.87923],[-88.4061,39.87924],[-88.38703,39.87924],[-88.35787,39.87942],[-88.34929,39.87945],[-88.34919,39.87945],[-88.29272,39.87924],[-88.27872,39.87918],[-88.27392,39.87916],[-88.25527,39.87912],[-88.23636,39.87911],[-88.21725,39.87934],[-88.16818,39.87984],[-88.16188,39.87991],[-88.15892,39.87993],[-88.15651,39.87994],[-88.14333,39.88002],[-88.1227,39.88022],[-88.10375,39.88012],[-88.08489,39.87997],[-88.07067,39.87989],[-88.06599,39.87986],[-88.04721,39.8797],[-88.00949,39.87943],[-87.99441,39.87948],[-87.93764,39.8798],[-87.93751,39.86898],[-87.93702,39.79746],[-87.93714,39.79702],[-87.93703,39.79237],[-87.96878,39.79235],[-87.96867,39.78849],[-87.96827,39.77392],[-87.96723,39.72983],[-87.96669,39.70061],[-87.96657,39.69681],[-87.96649,39.6933],[-87.96635,39.68597],[-87.96541,39.64234],[-87.9651,39.62958]]]}},{"type":"Feature","properties":{"name":"Connect FLEX","boundary_type":"places","source":"Census TIGER place","fidelity":"exact","updated":"2026-09","units":"Bloomington city; Normal town","note":"Twin-city microtransit service in Bloomington-Normal metro","confidence":0.9},"geometry":{"type":"MultiPolygon","coordinates":[[[[-88.94171,40.45122],[-88.94155,40.44712],[-88.93928,40.44337],[-88.9405,40.44034],[-88.93249,40.43609],[-88.93245,40.43328],[-88.93701,40.43315],[-88.93714,40.43718],[-88.94219,40.43989],[-88.94036,40.44254],[-88.94265,40.44718],[-88.94282,40.45282],[-88.93903,40.45289],[-88.93287,40.45157],[-88.94171,40.45122]]],[[[-89.04169,40.45864],[-89.03963,40.45862],[-89.03737,40.45863],[-89.03802,40.45652],[-89.03944,40.45492],[-89.04468,40.45502],[-89.04464,40.45377],[-89.04037,40.45297],[-89.03935,40.45322],[-89.03826,40.45319],[-89.03747,40.45124],[-89.03468,40.45132],[-89.03508,40.45386],[-89.0335,40.45368],[-89.03362,40.45716],[-89.03233,40.45718],[-89.03225,40.455],[-89.02557,40.45516],[-89.02476,40.45519],[-89.02402,40.45377],[-89.0233,40.45376],[-89.02412,40.45241],[-89.0255,40.45006],[-89.02665,40.45139],[-89.02872,40.45111],[-89.02556,40.44997],[-89.03319,40.43685],[-89.03562,40.43682],[-89.03602,40.44078],[-89.03897,40.44042],[-89.04826,40.44031],[-89.04834,40.44279],[-89.05004,40.44275],[-89.05321,40.44269],[-89.0531,40.43906],[-89.04955,40.43898],[-89.0495,40.43702],[-89.05422,40.43711],[-89.05439,40.44302],[-89.05858,40.4431],[-89.06248,40.4419],[-89.06255,40.44569],[-89.06143,40.44807],[-89.05917,40.44542],[-89.05858,40.4458],[-89.05485,40.44821],[-89.05392,40.45148],[-89.05212,40.45144],[-89.05364,40.44726],[-89.05858,40.44437],[-89.05858,40.44365],[-89.05059,40.44364],[-89.05097,40.44581],[-89.05028,40.44588],[-89.04806,40.44728],[-89.04851,40.44803],[-89.04873,40.45455],[-89.04875,40.45508],[-89.05901,40.45519],[-89.06763,40.455],[-89.06771,40.45862],[-89.06035,40.45879],[-89.05937,40.45881],[-89.04169,40.45864]]],[[[-88.90174,40.45092],[-88.90172,40.45003],[-88.90629,40.45002],[-88.91604,40.45001],[-88.91719,40.45059],[-88.92312,40.45059],[-88.92313,40.45112],[-88.92212,40.45101],[-88.9063,40.45091],[-88.90174,40.45092]]],[[[-89.05926,40.495],[-89.0591,40.495],[-89.058,40.49499],[-89.05807,40.49666],[-89.05915,40.49666],[-89.05939,40.50237],[-89.0785,40.50231],[-89.07864,40.50772],[-89.08329,40.50769],[-89.08347,40.5132],[-89.07877,40.5133],[-89.07868,40.50961],[-89.0596,40.50984],[-89.05991,40.5202],[-89.06008,40.52114],[-89.06026,40.52407],[-89.05938,40.52339],[-89.05859,40.52543],[-89.05831,40.52915],[-89.04658,40.51928],[-89.04317,40.51707],[-89.04189,40.51529],[-89.04127,40.51576],[-89.04009,40.51508],[-89.03911,40.5142],[-89.03116,40.51425],[-89.03127,40.51698],[-89.0307,40.51698],[-89.02893,40.51706],[-89.02802,40.52855],[-89.02163,40.52859],[-89.0217,40.53087],[-89.02795,40.53085],[-89.02833,40.53464],[-89.03013,40.53675],[-89.03175,40.53673],[-89.0318,40.53895],[-89.03178,40.53926],[-89.02751,40.53845],[-89.0242,40.53845],[-89.02128,40.53922],[-89.01675,40.53977],[-89.01207,40.53971],[-89.00714,40.54042],[-89.00472,40.54228],[-89.00452,40.54656],[-89.0028,40.54659],[-89.00283,40.54491],[-89.00277,40.54232],[-88.99687,40.54238],[-88.99672,40.54666],[-88.99717,40.55396],[-88.98802,40.55411],[-88.98742,40.54684],[-88.98317,40.54691],[-88.95385,40.54703],[-88.95411,40.56168],[-88.94447,40.56166],[-88.9442,40.54702],[-88.94903,40.54702],[-88.94889,40.5397],[-88.94741,40.53992],[-88.94532,40.54153],[-88.94486,40.54516],[-88.94415,40.54545],[-88.94411,40.54355],[-88.94171,40.53805],[-88.94392,40.53722],[-88.94391,40.53481],[-88.94391,40.53428],[-88.947,40.53235],[-88.94391,40.53236],[-88.93203,40.53238],[-88.92983,40.53357],[-88.92479,40.53485],[-88.92483,40.53795],[-88.91265,40.53811],[-88.91266,40.53902],[-88.90308,40.53907],[-88.90302,40.53182],[-88.9067,40.53176],[-88.90681,40.53541],[-88.91261,40.53534],[-88.91255,40.53181],[-88.91864,40.53159],[-88.91845,40.5173],[-88.91232,40.5172],[-88.90743,40.51725],[-88.90741,40.51411],[-88.90694,40.51328],[-88.90339,40.51333],[-88.90317,40.51699],[-88.90332,40.51732],[-88.9028,40.51732],[-88.89642,40.51725],[-88.89624,40.50739],[-88.89978,40.50743],[-88.89972,40.5032],[-88.90287,40.50322],[-88.90293,40.5045],[-88.90426,40.50449],[-88.90424,40.50281],[-88.90252,40.50272],[-88.90233,40.49539],[-88.90788,40.49544],[-88.90776,40.48832],[-88.90248,40.48823],[-88.90246,40.49042],[-88.89952,40.49099],[-88.89288,40.49104],[-88.89269,40.48804],[-88.89267,40.48676],[-88.90248,40.48676],[-88.90919,40.48688],[-88.91199,40.48018],[-88.9237,40.48305],[-88.92368,40.48111],[-88.92673,40.48104],[-88.92706,40.48064],[-88.92797,40.47955],[-88.92669,40.47924],[-88.92668,40.47371],[-88.9248,40.47365],[-88.92356,40.47326],[-88.92355,40.47366],[-88.90728,40.47367],[-88.9073,40.47533],[-88.90222,40.47406],[-88.89965,40.47373],[-88.90196,40.47294],[-88.90185,40.46741],[-88.90978,40.46735],[-88.90986,40.47104],[-88.90907,40.47288],[-88.9219,40.47268],[-88.92127,40.47057],[-88.921,40.45928],[-88.90969,40.45857],[-88.89658,40.45847],[-88.89435,40.45672],[-88.89514,40.4557],[-88.89219,40.45571],[-88.89223,40.45831],[-88.88744,40.45829],[-88.88753,40.46376],[-88.87823,40.46402],[-88.87979,40.46556],[-88.8797,40.46857],[-88.87934,40.4668],[-88.87547,40.46147],[-88.87153,40.46304],[-88.86798,40.46486],[-88.86529,40.46705],[-88.86518,40.46893],[-88.86354,40.46892],[-88.86364,40.46233],[-88.86581,40.46233],[-88.86579,40.4606],[-88.86362,40.46061],[-88.86359,40.45817],[-88.8828,40.45744],[-88.89113,40.45748],[-88.89111,40.45489],[-88.89718,40.45486],[-88.8972,40.45752],[-88.90183,40.45754],[-88.90181,40.4557],[-88.90619,40.45568],[-88.90651,40.45205],[-88.90175,40.45202],[-88.90174,40.45117],[-88.92191,40.45118],[-88.92313,40.45128],[-88.92314,40.4517],[-88.91126,40.45161],[-88.91132,40.45463],[-88.91607,40.45458],[-88.91615,40.45816],[-88.92326,40.45817],[-88.92316,40.45847],[-88.92487,40.45902],[-88.92925,40.45893],[-88.92904,40.45519],[-88.93297,40.45511],[-88.93286,40.45226],[-88.93776,40.45298],[-88.94264,40.45305],[-88.94841,40.45205],[-88.95283,40.45158],[-88.95899,40.45163],[-88.95897,40.44775],[-88.94731,40.44768],[-88.94731,40.44479],[-88.95076,40.44561],[-88.95201,40.44395],[-88.95684,40.44021],[-88.96294,40.44023],[-88.96399,40.44189],[-88.96107,40.44187],[-88.96114,40.44318],[-88.96494,40.44321],[-88.96896,40.44856],[-88.97168,40.44851],[-88.97646,40.44772],[-88.9765,40.45134],[-88.97111,40.4514],[-88.9637,40.4515],[-88.96375,40.45318],[-88.96779,40.45339],[-88.9669,40.45179],[-88.9704,40.45205],[-88.97534,40.45543],[-88.97877,40.45693],[-88.97985,40.4582],[-88.98022,40.45763],[-88.97991,40.45947],[-88.97997,40.45947],[-88.98039,40.45972],[-88.98162,40.46135],[-88.98163,40.46157],[-88.98016,40.46163],[-88.98036,40.46348],[-88.98161,40.46347],[-88.98158,40.4627],[-88.98078,40.46252],[-88.98157,40.46251],[-88.98163,40.46179],[-88.98416,40.46151],[-88.9842,40.46345],[-88.98494,40.46342],[-88.98553,40.46666],[-88.98571,40.46665],[-88.98617,40.46661],[-88.98489,40.46117],[-88.98656,40.46111],[-88.98656,40.46144],[-88.98791,40.46144],[-88.98785,40.4595],[-88.98364,40.45937],[-88.98155,40.45769],[-88.98123,40.4513],[-88.98132,40.45131],[-88.98126,40.44952],[-88.98374,40.44962],[-88.98371,40.44775],[-88.98197,40.44768],[-88.98195,40.44585],[-88.98359,40.44593],[-88.98359,40.44485],[-88.98733,40.44496],[-88.9874,40.44423],[-88.98775,40.44424],[-88.98726,40.44245],[-88.981,40.44226],[-88.97904,40.4417],[-88.97855,40.43582],[-88.98324,40.43648],[-88.98814,40.43677],[-88.98842,40.44224],[-88.99099,40.44233],[-88.99098,40.44206],[-88.99485,40.4416],[-88.99493,40.44431],[-89.00054,40.44428],[-89.00049,40.44162],[-89.00538,40.44165],[-89.00551,40.44439],[-89.0117,40.44439],[-89.01344,40.44519],[-89.01484,40.44426],[-89.01517,40.44874],[-89.01667,40.44098],[-89.01535,40.4391],[-89.01637,40.43838],[-89.02265,40.4382],[-89.02574,40.43677],[-89.02589,40.43687],[-89.0277,40.43791],[-89.02906,40.43654],[-89.03597,40.42965],[-89.03705,40.42943],[-89.03134,40.43914],[-89.02658,40.44691],[-89.02513,40.44963],[-89.02294,40.44956],[-89.02359,40.45118],[-89.02285,40.45164],[-89.0233,40.45254],[-89.0209,40.45249],[-89.02026,40.45165],[-89.02044,40.45789],[-89.01982,40.45889],[-89.01566,40.45889],[-89.01577,40.46244],[-89.01758,40.46267],[-89.02062,40.46269],[-89.02061,40.46247],[-89.02378,40.46239],[-89.02365,40.45882],[-89.02743,40.45861],[-89.02799,40.45873],[-89.03094,40.46386],[-89.03185,40.46704],[-89.0306,40.47252],[-89.02963,40.47312],[-89.02825,40.4787],[-89.02695,40.47674],[-89.02586,40.47868],[-89.01639,40.47887],[-89.01671,40.47911],[-89.0188,40.47906],[-89.02254,40.47898],[-89.02096,40.48223],[-89.02652,40.48123],[-89.02658,40.4827],[-89.02739,40.48122],[-89.02868,40.4812],[-89.0308,40.48311],[-89.03197,40.48497],[-89.04058,40.48662],[-89.04495,40.48715],[-89.04496,40.48368],[-89.04556,40.48136],[-89.04276,40.4804],[-89.05884,40.48534],[-89.06484,40.48761],[-89.06446,40.48771],[-89.0631,40.48762],[-89.06179,40.48763],[-89.05912,40.48781],[-89.05926,40.495]],[[-89.02872,40.47313],[-89.02285,40.4756],[-89.02123,40.47629],[-89.02255,40.47633],[-89.02963,40.47312],[-89.02872,40.47313]],[[-89.05086,40.48763],[-89.04907,40.48758],[-89.04906,40.48687],[-89.04833,40.48684],[-89.04804,40.48701],[-89.04802,40.48739],[-89.04798,40.48753],[-89.04732,40.48761],[-89.04757,40.495],[-89.04795,40.50248],[-89.05369,40.50249],[-89.05342,40.49503],[-89.05468,40.49501],[-89.05446,40.48842],[-89.05765,40.48931],[-89.05724,40.48777],[-89.05086,40.48763]],[[-89.01563,40.48889],[-89.01414,40.49081],[-89.01425,40.49148],[-89.01785,40.49145],[-89.01799,40.49145],[-89.02036,40.49514],[-89.02087,40.49513],[-89.01648,40.48833],[-89.01615,40.48876],[-89.01622,40.48889],[-89.01563,40.48889]],[[-88.93614,40.51771],[-88.93542,40.517],[-88.93542,40.51771],[-88.93542,40.51773],[-88.93614,40.51771]],[[-88.92467,40.52509],[-88.93185,40.52508],[-88.93202,40.52425],[-88.93411,40.52222],[-88.93408,40.51772],[-88.92483,40.51773],[-88.92457,40.51833],[-88.92457,40.5185],[-88.92467,40.52509]],[[-89.03203,40.49262],[-89.032,40.49139],[-89.03048,40.49141],[-89.03049,40.49167],[-89.03053,40.49263],[-89.03203,40.49262]],[[-89.02352,40.46675],[-89.02355,40.46848],[-89.02099,40.46851],[-89.02095,40.46961],[-89.01671,40.46966],[-89.01668,40.46808],[-89.01558,40.46699],[-89.01623,40.46561],[-89.01616,40.46554],[-89.0157,40.46451],[-89.01148,40.46492],[-89.01534,40.46637],[-89.01349,40.46968],[-89.01333,40.4697],[-89.01266,40.4715],[-89.01359,40.47024],[-89.0163,40.47147],[-89.02046,40.47211],[-89.01893,40.47292],[-89.02284,40.47319],[-89.02171,40.47151],[-89.02654,40.46893],[-89.02648,40.46599],[-89.02088,40.4665],[-89.02095,40.46826],[-89.0219,40.46677],[-89.02352,40.46675]],[[-89.01525,40.45881],[-89.01445,40.45797],[-89.01443,40.45726],[-89.01364,40.45727],[-89.01364,40.45885],[-89.01525,40.45881]],[[-89.01328,40.45885],[-89.01326,40.45802],[-89.01115,40.45802],[-89.01118,40.45887],[-89.01212,40.45886],[-89.01328,40.45885]],[[-89.00584,40.45045],[-89.00588,40.45161],[-89.00826,40.45164],[-89.0082,40.44979],[-89.00655,40.44979],[-89.00683,40.44815],[-89.0058,40.44816],[-89.00584,40.45045]],[[-88.99378,40.45286],[-88.99271,40.45362],[-88.99764,40.4535],[-88.99773,40.45716],[-88.99627,40.45882],[-88.99985,40.45875],[-89.00109,40.45693],[-89.00104,40.45558],[-89.0009,40.45048],[-89.00083,40.44986],[-88.99335,40.4499],[-88.99378,40.45286]],[[-88.96916,40.45704],[-88.96807,40.45448],[-88.96189,40.45446],[-88.96202,40.45703],[-88.96267,40.45703],[-88.96916,40.45704]],[[-88.93778,40.45893],[-88.93746,40.45889],[-88.93379,40.45899],[-88.93384,40.46219],[-88.93567,40.46415],[-88.93789,40.46564],[-88.93782,40.46135],[-88.93642,40.46135],[-88.93641,40.46052],[-88.93781,40.46051],[-88.93778,40.45893]],[[-88.9331,40.45901],[-88.93128,40.45901],[-88.93128,40.46073],[-88.93311,40.46071],[-88.9331,40.45901]],[[-88.9062,40.4729],[-88.90274,40.47293],[-88.9025,40.47329],[-88.90621,40.47418],[-88.9062,40.4729]],[[-88.90483,40.50732],[-88.90446,40.50622],[-88.90266,40.50624],[-88.90267,40.50711],[-88.90267,40.50733],[-88.90483,40.50732]],[[-89.03856,40.51241],[-89.03084,40.5058],[-89.03129,40.50647],[-89.03801,40.51295],[-89.03856,40.51241]],[[-89.02092,40.5061],[-89.02591,40.50602],[-89.02602,40.50968],[-89.02891,40.50963],[-89.02934,40.50962],[-89.02929,40.50462],[-89.02885,40.50417],[-89.02692,40.50222],[-89.02082,40.50244],[-89.02092,40.5061]],[[-89.01705,40.52528],[-89.00716,40.52531],[-89.00739,40.53184],[-89.0172,40.53178],[-89.01705,40.52528]],[[-88.98613,40.53165],[-88.98325,40.53167],[-88.9833,40.53303],[-88.9863,40.53379],[-88.98613,40.53165]],[[-88.98349,40.5385],[-88.98344,40.53729],[-88.97849,40.53737],[-88.9785,40.53854],[-88.98242,40.53849],[-88.98349,40.5385]],[[-88.9574,40.53211],[-88.9632,40.53199],[-88.96578,40.53196],[-88.96589,40.52968],[-88.96584,40.5295],[-88.96563,40.52681],[-88.96308,40.52683],[-88.96303,40.52507],[-88.95992,40.5251],[-88.95882,40.52531],[-88.95799,40.52568],[-88.9537,40.52846],[-88.954,40.52892],[-88.95181,40.53154],[-88.95112,40.53527],[-88.95477,40.5385],[-88.95747,40.53892],[-88.96335,40.53882],[-88.96929,40.53871],[-88.96921,40.53546],[-88.96328,40.53561],[-88.96327,40.5352],[-88.95746,40.53519],[-88.9574,40.53211]],[[-88.95059,40.5348],[-88.95131,40.53282],[-88.95163,40.5298],[-88.94769,40.53236],[-88.94868,40.53234],[-88.94877,40.53581],[-88.95059,40.5348]],[[-88.92942,40.53179],[-88.92953,40.53109],[-88.92747,40.5311],[-88.92747,40.53238],[-88.92922,40.53238],[-88.92942,40.53179]]]]}},{"type":"Feature","properties":{"name":"Danville Mass Transit - Evening Dial-A-Ride","boundary_type":"city","source":"Census TIGER place","fidelity":"exact","updated":"2026-09","units":"Danville city","note":"Evening demand-response dial-a-ride service covering Danville city.","confidence":0.95},"geometry":{"type":"Polygon","coordinates":[[[-87.65952,40.17799],[-87.65942,40.179],[-87.6489,40.1791],[-87.64703,40.1769],[-87.64578,40.17718],[-87.64672,40.17596],[-87.64557,40.17599],[-87.64442,40.17663],[-87.64286,40.17848],[-87.64278,40.17812],[-87.64354,40.1776],[-87.64499,40.1753],[-87.64554,40.1756],[-87.64553,40.17462],[-87.64708,40.1746],[-87.64774,40.16818],[-87.64714,40.166],[-87.64545,40.16502],[-87.64542,40.16479],[-87.64505,40.16459],[-87.64044,40.16238],[-87.64047,40.16379],[-87.63558,40.16399],[-87.63563,40.16579],[-87.63324,40.1658],[-87.63249,40.16694],[-87.6336,40.17002],[-87.63517,40.17004],[-87.63658,40.16887],[-87.63942,40.17136],[-87.64026,40.17453],[-87.63522,40.1748],[-87.63806,40.17574],[-87.63687,40.17779],[-87.6371,40.18052],[-87.63908,40.18071],[-87.64012,40.18224],[-87.63022,40.18254],[-87.63012,40.18394],[-87.6313,40.18468],[-87.63149,40.18754],[-87.63627,40.18739],[-87.63621,40.18565],[-87.63828,40.18391],[-87.64028,40.18387],[-87.64151,40.18551],[-87.6419,40.18776],[-87.64404,40.18785],[-87.64524,40.1891],[-87.63855,40.18922],[-87.63862,40.18565],[-87.63746,40.18566],[-87.63759,40.18924],[-87.63218,40.1898],[-87.63259,40.19337],[-87.6297,40.19347],[-87.63175,40.19506],[-87.63177,40.19684],[-87.63673,40.19689],[-87.6368,40.20185],[-87.63275,40.20246],[-87.63343,40.20425],[-87.6317,40.20414],[-87.62131,40.20449],[-87.62127,40.2008],[-87.62236,40.19709],[-87.62562,40.19702],[-87.62512,40.19478],[-87.62707,40.19475],[-87.62657,40.18939],[-87.62486,40.18799],[-87.62446,40.18604],[-87.62433,40.18248],[-87.62311,40.18249],[-87.62323,40.18606],[-87.622,40.18608],[-87.62192,40.1825],[-87.6215,40.18251],[-87.61937,40.18253],[-87.62109,40.17889],[-87.61232,40.17906],[-87.61276,40.1754],[-87.60786,40.17553],[-87.60781,40.17338],[-87.6135,40.17354],[-87.6186,40.16014],[-87.61793,40.16017],[-87.61443,40.16033],[-87.61452,40.1628],[-87.61298,40.16284],[-87.61289,40.16038],[-87.60235,40.16082],[-87.60276,40.16488],[-87.59802,40.16501],[-87.59779,40.16281],[-87.60016,40.16274],[-87.59999,40.1609],[-87.60123,40.16075],[-87.60107,40.1591],[-87.59695,40.15922],[-87.59752,40.15739],[-87.60254,40.15726],[-87.60298,40.15635],[-87.60093,40.15639],[-87.60094,40.15515],[-87.60237,40.15511],[-87.6026,40.15405],[-87.60447,40.15394],[-87.60642,40.15144],[-87.60726,40.15136],[-87.60758,40.15099],[-87.60473,40.15087],[-87.60475,40.14996],[-87.60237,40.15],[-87.60239,40.14877],[-87.59507,40.15378],[-87.58437,40.15393],[-87.58344,40.15402],[-87.58339,40.15066],[-87.58187,40.15075],[-87.58188,40.14955],[-87.58337,40.14954],[-87.58337,40.14903],[-87.58109,40.1491],[-87.58087,40.14698],[-87.58334,40.14694],[-87.58328,40.14348],[-87.58491,40.14353],[-87.58549,40.14051],[-87.58475,40.13961],[-87.58434,40.14206],[-87.58328,40.14338],[-87.57666,40.14341],[-87.57516,40.1439],[-87.57508,40.1427],[-87.57374,40.14275],[-87.57373,40.14206],[-87.5767,40.14208],[-87.57728,40.139],[-87.57762,40.13857],[-87.57752,40.13236],[-87.57108,40.13268],[-87.57121,40.13392],[-87.56942,40.13399],[-87.56941,40.133],[-87.56369,40.13369],[-87.56949,40.13949],[-87.56562,40.13997],[-87.56429,40.14007],[-87.56433,40.14372],[-87.55897,40.14386],[-87.559,40.14706],[-87.55801,40.14753],[-87.55767,40.14751],[-87.55557,40.1466],[-87.55477,40.1437],[-87.55268,40.14378],[-87.55265,40.14225],[-87.54996,40.1423],[-87.54997,40.14426],[-87.54045,40.14426],[-87.54043,40.14205],[-87.5404,40.1331],[-87.53394,40.13299],[-87.53398,40.12566],[-87.5403,40.12567],[-87.54031,40.1219],[-87.53906,40.1219],[-87.53854,40.11909],[-87.53768,40.11868],[-87.53776,40.1236],[-87.53544,40.12356],[-87.53547,40.12558],[-87.53165,40.12552],[-87.53171,40.11806],[-87.53171,40.11782],[-87.53183,40.10339],[-87.54457,40.10356],[-87.54471,40.11376],[-87.5495,40.11384],[-87.54959,40.11471],[-87.55458,40.11484],[-87.5546,40.11564],[-87.55458,40.11847],[-87.54299,40.11831],[-87.55659,40.12834],[-87.55645,40.13297],[-87.56023,40.13343],[-87.56415,40.13324],[-87.56239,40.13267],[-87.55897,40.12966],[-87.55403,40.12585],[-87.55929,40.12576],[-87.55927,40.12399],[-87.56179,40.12397],[-87.56305,40.12882],[-87.56464,40.13322],[-87.57394,40.13221],[-87.57771,40.13216],[-87.57833,40.12998],[-87.57832,40.12902],[-87.57949,40.12903],[-87.57948,40.12846],[-87.58457,40.12872],[-87.58506,40.13209],[-87.58689,40.13202],[-87.58448,40.12835],[-87.58643,40.12823],[-87.58634,40.12719],[-87.58754,40.12719],[-87.58717,40.12617],[-87.5891,40.12627],[-87.59009,40.12711],[-87.58986,40.12831],[-87.59055,40.12958],[-87.5915,40.12992],[-87.59136,40.13185],[-87.59321,40.13178],[-87.59312,40.12841],[-87.59491,40.12837],[-87.59514,40.12382],[-87.59511,40.12288],[-87.59281,40.12158],[-87.59222,40.11823],[-87.59362,40.11812],[-87.60208,40.11731],[-87.60202,40.11443],[-87.60191,40.10671],[-87.60554,40.10881],[-87.60412,40.10766],[-87.60425,40.10522],[-87.60934,40.1068],[-87.60915,40.11055],[-87.60704,40.10964],[-87.60676,40.11334],[-87.61159,40.11316],[-87.61164,40.11345],[-87.61035,40.11383],[-87.61139,40.11497],[-87.61447,40.11481],[-87.61445,40.11409],[-87.61531,40.11471],[-87.61876,40.11434],[-87.62002,40.11665],[-87.62041,40.11698],[-87.62258,40.11727],[-87.62471,40.11671],[-87.62406,40.11463],[-87.62207,40.11446],[-87.62214,40.10925],[-87.62476,40.10837],[-87.63552,40.10824],[-87.636,40.10881],[-87.63953,40.1097],[-87.64076,40.10982],[-87.64093,40.11619],[-87.64157,40.11796],[-87.64398,40.11613],[-87.64679,40.1155],[-87.64676,40.11566],[-87.64861,40.11579],[-87.65222,40.11818],[-87.65337,40.12097],[-87.65832,40.12271],[-87.65845,40.12651],[-87.6588,40.13813],[-87.65549,40.13817],[-87.65478,40.13662],[-87.65566,40.13456],[-87.65437,40.13464],[-87.65434,40.13713],[-87.65103,40.13919],[-87.6504,40.14226],[-87.65333,40.14368],[-87.65607,40.14364],[-87.65878,40.14537],[-87.66361,40.14542],[-87.66368,40.15247],[-87.65887,40.15242],[-87.64564,40.1528],[-87.64517,40.15311],[-87.64526,40.15662],[-87.64681,40.15622],[-87.6468,40.15504],[-87.64719,40.15478],[-87.64869,40.15484],[-87.64887,40.156],[-87.64706,40.15633],[-87.64531,40.15693],[-87.64534,40.15722],[-87.64243,40.15788],[-87.64147,40.1586],[-87.64078,40.16062],[-87.64197,40.16212],[-87.64401,40.16285],[-87.64344,40.16324],[-87.64538,40.16436],[-87.64734,40.16537],[-87.64878,40.16454],[-87.64871,40.16708],[-87.65001,40.16608],[-87.65269,40.16681],[-87.65271,40.16436],[-87.65465,40.16403],[-87.65271,40.16316],[-87.65219,40.15844],[-87.65894,40.15774],[-87.65904,40.16429],[-87.65587,40.16432],[-87.65587,40.16748],[-87.65918,40.16871],[-87.65918,40.16961],[-87.66032,40.17005],[-87.66387,40.17011],[-87.66413,40.17788],[-87.65952,40.17799]],[[-87.63366,40.19876],[-87.63202,40.19897],[-87.62981,40.20021],[-87.62996,40.20084],[-87.63451,40.20051],[-87.63445,40.19859],[-87.63366,40.19876]],[[-87.62862,40.10849],[-87.62659,40.10888],[-87.62676,40.11641],[-87.62846,40.117],[-87.62892,40.11734],[-87.62989,40.11823],[-87.63278,40.11421],[-87.63066,40.11056],[-87.62862,40.10849]],[[-87.62656,40.18253],[-87.62495,40.18309],[-87.62508,40.18603],[-87.62671,40.18601],[-87.62709,40.18244],[-87.62656,40.18253]]]}},{"type":"Feature","properties":{"name":"Decatur Moves","boundary_type":"county","source":"Census TIGER county","fidelity":"approximate","updated":"2026-09","units":"Macon County","note":"Countywide service with urban microtransit focus in Decatur-Forsyth-Mt. Zion corridor; rural zones elsewhere in county","confidence":0.75},"geometry":{"type":"Polygon","coordinates":[[[-89.1993,39.91711],[-89.18069,39.91732],[-89.16226,39.91748],[-89.14345,39.91765],[-89.14346,39.91792],[-89.14362,39.93266],[-89.14387,39.96137],[-89.14412,39.99052],[-89.14466,40.0417],[-89.14476,40.04885],[-89.12421,40.04902],[-89.12342,40.04901],[-89.1138,40.04909],[-89.07544,40.04939],[-89.05602,40.04956],[-89.02907,40.04984],[-89.02894,40.04984],[-88.96674,40.05179],[-88.96631,40.05183],[-88.95626,40.05205],[-88.9468,40.05231],[-88.91825,40.05319],[-88.8791,40.05392],[-88.84122,40.05458],[-88.81237,40.05515],[-88.80333,40.05533],[-88.76436,40.05516],[-88.74516,40.05519],[-88.74546,40.00647],[-88.74534,40.00587],[-88.74543,39.96757],[-88.7451,39.96757],[-88.7453,39.94608],[-88.74525,39.93854],[-88.74529,39.93139],[-88.74537,39.91665],[-88.74549,39.90575],[-88.74527,39.90421],[-88.74535,39.89454],[-88.7454,39.88717],[-88.74543,39.88033],[-88.74573,39.87928],[-88.74596,39.85814],[-88.74597,39.85089],[-88.7457,39.79941],[-88.74567,39.79215],[-88.75866,39.79207],[-88.75819,39.76918],[-88.75784,39.73991],[-88.76694,39.74036],[-88.80561,39.74056],[-88.81271,39.74049],[-88.81228,39.72593],[-88.81189,39.71087],[-88.81168,39.70259],[-88.81121,39.68246],[-88.81123,39.68192],[-88.81057,39.65322],[-88.86681,39.65294],[-88.86809,39.65293],[-88.90434,39.65295],[-88.92109,39.65268],[-88.95879,39.65351],[-88.95917,39.65344],[-89.02568,39.65418],[-89.02569,39.65464],[-89.06336,39.65473],[-89.10139,39.65497],[-89.12021,39.65527],[-89.13912,39.65513],[-89.13939,39.66993],[-89.13994,39.69912],[-89.14053,39.72821],[-89.14083,39.74264],[-89.14084,39.74303],[-89.14111,39.75712],[-89.14137,39.77228],[-89.14145,39.77731],[-89.14197,39.80127],[-89.15146,39.80125],[-89.15147,39.80479],[-89.16075,39.80471],[-89.16075,39.80535],[-89.16518,39.80801],[-89.16893,39.80949],[-89.1703,39.81192],[-89.17985,39.81189],[-89.17986,39.81544],[-89.18456,39.816],[-89.18819,39.81752],[-89.18925,39.81747],[-89.18924,39.81546],[-89.21277,39.81548],[-89.21277,39.81366],[-89.21747,39.81367],[-89.21746,39.83649],[-89.21751,39.85296],[-89.21752,39.85903],[-89.21757,39.87298],[-89.21777,39.8735],[-89.21785,39.90994],[-89.21785,39.91699],[-89.1993,39.91711]]]}},{"type":"Feature","properties":{"name":"Henry County Public Transportation (HCPT)","boundary_type":"counties","source":"Census TIGER county","fidelity":"exact","updated":"2026-09","units":"Henry County; Stark County; Bureau County","note":"Operator states coverage of 'Henry, Stark and western Bureau Counties,' with all trips required to begin or end in Henry County; Kewanee (Henry Co.) is the base of operations. Henry and Stark are full-county coverage; Bureau County service is only the western portion, shown here as approximate/subset of the county boundary. http://www.ride-hcpt.com/service/","confidence":0.7},"geometry":{"type":"Polygon","coordinates":[[[-89.9849,41.0841],[-89.9846,41.13481],[-89.98456,41.14939],[-90.07964,41.14971],[-90.09631,41.14988],[-90.10954,41.1501],[-90.11561,41.15021],[-90.13486,41.15066],[-90.20202,41.15198],[-90.20236,41.15198],[-90.20882,41.15211],[-90.24315,41.15189],[-90.26757,41.15172],[-90.32318,41.1512],[-90.38973,41.15121],[-90.399,41.15129],[-90.40444,41.15134],[-90.41141,41.15138],[-90.43765,41.15146],[-90.43726,41.17344],[-90.43675,41.19867],[-90.43658,41.20611],[-90.4363,41.22419],[-90.43606,41.2387],[-90.43526,41.26783],[-90.435,41.27887],[-90.43488,41.28294],[-90.43374,41.32699],[-90.43374,41.32704],[-90.43358,41.34151],[-90.43288,41.39394],[-90.43273,41.39548],[-90.43247,41.41422],[-90.43221,41.42846],[-90.43218,41.43472],[-90.43218,41.43504],[-90.43217,41.43553],[-90.43212,41.4425],[-90.43193,41.45683],[-90.42113,41.45763],[-90.40743,41.46313],[-90.40423,41.46483],[-90.39658,41.4694],[-90.39603,41.46973],[-90.39432,41.47105],[-90.39129,41.47338],[-90.38733,41.47643],[-90.38038,41.47667],[-90.37666,41.47866],[-90.37453,41.48143],[-90.37341,41.48376],[-90.37163,41.48993],[-90.36983,41.49373],[-90.36943,41.49673],[-90.36704,41.49953],[-90.36423,41.50283],[-90.35873,41.50613],[-90.35223,41.50883],[-90.34124,41.51138],[-90.33669,41.51353],[-90.33266,41.514],[-90.32557,41.51138],[-90.31951,41.5097],[-90.31788,41.50875],[-90.31506,41.5092],[-90.31418,41.50958],[-90.31209,41.51059],[-90.30643,41.51679],[-90.30472,41.51779],[-90.30268,41.51809],[-90.29751,41.51814],[-90.29409,41.51881],[-90.28922,41.52033],[-90.27932,41.52033],[-90.27585,41.52085],[-90.26832,41.52213],[-90.26052,41.52153],[-90.25407,41.52253],[-90.25012,41.52275],[-90.24565,41.52432],[-90.24166,41.52483],[-90.23516,41.52741],[-90.23154,41.52904],[-90.22848,41.52925],[-90.22584,41.52992],[-90.22417,41.53142],[-90.22341,41.53451],[-90.22142,41.53625],[-90.21674,41.53792],[-90.2104,41.53896],[-90.20343,41.53927],[-90.20334,41.53928],[-90.19653,41.54013],[-90.19532,41.54069],[-90.1925,41.54321],[-90.1908,41.5457],[-90.18942,41.54846],[-90.18477,41.55597],[-90.18065,41.5669],[-90.1791,41.57349],[-90.17929,41.57608],[-90.18005,41.57872],[-90.18211,41.58116],[-90.18554,41.58457],[-90.16611,41.58467],[-90.15123,41.58465],[-90.1455,41.58464],[-90.1249,41.5846],[-90.08649,41.5843],[-89.99785,41.5837],[-89.99446,41.5837],[-89.97851,41.58366],[-89.97618,41.58365],[-89.92011,41.58382],[-89.89113,41.58377],[-89.88215,41.58401],[-89.86235,41.584],[-89.78549,41.58421],[-89.74709,41.58447],[-89.74489,41.58451],[-89.67944,41.58477],[-89.63149,41.58495],[-89.62837,41.58498],[-89.61868,41.58501],[-89.53172,41.58506],[-89.51608,41.58503],[-89.51262,41.58506],[-89.40087,41.58493],[-89.39476,41.58495],[-89.39354,41.58492],[-89.39122,41.58493],[-89.37192,41.58498],[-89.30982,41.58502],[-89.28568,41.58504],[-89.27692,41.58512],[-89.25654,41.5852],[-89.21953,41.58528],[-89.16656,41.58529],[-89.16647,41.5417],[-89.16649,41.49782],[-89.16654,41.49583],[-89.16643,41.48165],[-89.16605,41.45425],[-89.16605,41.45242],[-89.16596,41.44489],[-89.16587,41.43785],[-89.16575,41.43016],[-89.1653,41.40843],[-89.16489,41.38186],[-89.16484,41.37929],[-89.16478,41.37404],[-89.16468,41.36689],[-89.16462,41.36493],[-89.16462,41.36457],[-89.16463,41.36419],[-89.16447,41.35757],[-89.16446,41.35719],[-89.16443,41.35608],[-89.16439,41.35386],[-89.16434,41.34999],[-89.16432,41.34657],[-89.16423,41.3413],[-89.16415,41.33771],[-89.1641,41.3354],[-89.16401,41.33053],[-89.164,41.32805],[-89.16373,41.31153],[-89.16371,41.31027],[-89.1637,41.31019],[-89.1664,41.30912],[-89.18071,41.30917],[-89.18542,41.31016],[-89.1933,41.3106],[-89.19979,41.31195],[-89.20314,41.31226],[-89.21396,41.31222],[-89.22485,41.3131],[-89.228,41.31383],[-89.22866,41.31412],[-89.23357,41.31609],[-89.23983,41.31772],[-89.24943,41.31931],[-89.25537,41.32192],[-89.25912,41.32252],[-89.26354,41.32246],[-89.26885,41.32182],[-89.27119,41.32082],[-89.27172,41.32059],[-89.2774,41.31671],[-89.27794,41.31614],[-89.28071,41.31385],[-89.28143,41.31341],[-89.28347,41.31238],[-89.28711,41.31152],[-89.29269,41.31095],[-89.30045,41.30848],[-89.30479,41.30696],[-89.31419,41.30504],[-89.31915,41.30422],[-89.32298,41.30303],[-89.32908,41.30177],[-89.33533,41.30074],[-89.33802,41.2997],[-89.34194,41.29536],[-89.34242,41.29317],[-89.34218,41.29202],[-89.33848,41.286],[-89.33734,41.28377],[-89.33708,41.28167],[-89.33854,41.27728],[-89.33986,41.27434],[-89.34155,41.27184],[-89.34455,41.26509],[-89.34665,41.26228],[-89.3482,41.25928],[-89.35025,41.25255],[-89.35087,41.24996],[-89.35146,41.24882],[-89.35199,41.24778],[-89.35673,41.23304],[-89.39395,41.23341],[-89.39966,41.23354],[-89.46639,41.23387],[-89.4664,41.23077],[-89.46642,41.2241],[-89.46643,41.19222],[-89.46646,41.17749],[-89.4661,41.14852],[-89.50505,41.1486],[-89.5246,41.14866],[-89.56316,41.14868],[-89.63854,41.14854],[-89.63853,41.14132],[-89.6385,41.06853],[-89.63847,41.06135],[-89.63858,41.03961],[-89.63858,41.03211],[-89.63869,40.98691],[-89.63873,40.97371],[-89.65072,40.97375],[-89.75462,40.97394],[-89.78933,40.97443],[-89.79301,40.97447],[-89.82261,40.9748],[-89.8259,40.97484],[-89.86939,40.97503],[-89.96676,40.97463],[-89.97197,40.97459],[-89.98548,40.97449],[-89.98538,40.98983],[-89.98503,41.06192],[-89.9849,41.0841]]]}},{"type":"Feature","properties":{"name":"JCMTD On-Demand","boundary_type":"county","source":"Census TIGER county","fidelity":"exact","updated":"2026-09","units":"Jackson County","note":"Countywide on-demand transit service","confidence":0.95},"geometry":{"type":"Polygon","coordinates":[[[-89.67858,37.82382],[-89.67597,37.82479],[-89.6722,37.82538],[-89.66817,37.82959],[-89.6653,37.82831],[-89.66445,37.82927],[-89.66431,37.83288],[-89.66164,37.83553],[-89.66223,37.83772],[-89.66029,37.83842],[-89.66104,37.83994],[-89.65948,37.84065],[-89.65927,37.84429],[-89.6577,37.84689],[-89.65716,37.85134],[-89.65833,37.85239],[-89.65803,37.85553],[-89.65631,37.85868],[-89.64979,37.86879],[-89.64339,37.87878],[-89.62449,37.90857],[-89.59507,37.95534],[-89.56712,37.95491],[-89.48454,37.95376],[-89.4478,37.95332],[-89.43006,37.95307],[-89.42775,37.95303],[-89.37462,37.95209],[-89.35841,37.95187],[-89.35462,37.9518],[-89.28203,37.95063],[-89.2762,37.95056],[-89.26231,37.95049],[-89.23773,37.95038],[-89.20618,37.9502],[-89.20119,37.95021],[-89.18052,37.95036],[-89.1776,37.95031],[-89.15083,37.9502],[-89.15075,37.94519],[-89.15077,37.90667],[-89.15103,37.88758],[-89.15118,37.862],[-89.15125,37.84807],[-89.15129,37.84392],[-89.15138,37.83244],[-89.15139,37.82924],[-89.1514,37.81105],[-89.15141,37.80988],[-89.15147,37.80369],[-89.15163,37.77832],[-89.15164,37.77746],[-89.15168,37.77396],[-89.15193,37.74861],[-89.15193,37.74478],[-89.15196,37.74302],[-89.15202,37.73764],[-89.15205,37.73738],[-89.15225,37.7184],[-89.15238,37.71249],[-89.15264,37.6868],[-89.15362,37.60024],[-89.19464,37.59945],[-89.21018,37.59931],[-89.21796,37.59871],[-89.21965,37.59857],[-89.22747,37.5986],[-89.23873,37.59865],[-89.24154,37.59866],[-89.26164,37.59889],[-89.26659,37.59897],[-89.26853,37.599],[-89.28703,37.59932],[-89.29544,37.59925],[-89.32246,37.59968],[-89.32701,37.59968],[-89.36973,37.59958],[-89.4156,37.59974],[-89.4532,37.60009],[-89.45318,37.59998],[-89.4517,37.59913],[-89.4486,37.59882],[-89.4479,37.59798],[-89.44898,37.59553],[-89.44942,37.59147],[-89.45135,37.58964],[-89.45407,37.58805],[-89.45476,37.5864],[-89.45309,37.58011],[-89.4538,37.57814],[-89.45744,37.57523],[-89.45834,37.57413],[-89.46115,37.56855],[-89.46249,37.56663],[-89.46508,37.56441],[-89.4705,37.56217],[-89.47424,37.56209],[-89.4785,37.56398],[-89.48047,37.56607],[-89.48331,37.56749],[-89.48699,37.56707],[-89.49005,37.56793],[-89.49335,37.56973],[-89.5001,37.57001],[-89.50213,37.57055],[-89.50322,37.57245],[-89.50232,37.57409],[-89.50074,37.57551],[-89.50095,37.57724],[-89.50236,37.578],[-89.50508,37.5781],[-89.50953,37.57888],[-89.51154,37.57814],[-89.51382,37.57597],[-89.51891,37.57245],[-89.52152,37.57215],[-89.52127,37.57897],[-89.5208,37.58116],[-89.51981,37.58275],[-89.51654,37.5845],[-89.51394,37.58481],[-89.50954,37.58415],[-89.49405,37.58012],[-89.48606,37.58085],[-89.48112,37.58297],[-89.47755,37.58588],[-89.47603,37.59023],[-89.47593,37.593],[-89.47651,37.59555],[-89.4784,37.59887],[-89.48579,37.60716],[-89.50187,37.62101],[-89.50244,37.6215],[-89.50656,37.62505],[-89.51053,37.63175],[-89.51565,37.63645],[-89.51772,37.64122],[-89.51714,37.64379],[-89.51586,37.64556],[-89.5159,37.6508],[-89.51683,37.65609],[-89.51615,37.66797],[-89.51393,37.67657],[-89.51204,37.68098],[-89.51201,37.68552],[-89.51425,37.68992],[-89.51664,37.69271],[-89.51668,37.69276],[-89.52195,37.69647],[-89.52573,37.69844],[-89.53143,37.70033],[-89.53865,37.70105],[-89.5667,37.70719],[-89.57352,37.70907],[-89.58332,37.71326],[-89.58408,37.71409],[-89.58721,37.71751],[-89.59129,37.7236],[-89.59657,37.73289],[-89.60097,37.73561],[-89.60241,37.73649],[-89.60876,37.73968],[-89.61248,37.74004],[-89.61316,37.74054],[-89.61559,37.74235],[-89.61619,37.74428],[-89.61593,37.74818],[-89.61639,37.74917],[-89.61728,37.74972],[-89.62402,37.74912],[-89.62801,37.74813],[-89.63337,37.74578],[-89.64543,37.74611],[-89.64953,37.7455],[-89.65845,37.74771],[-89.66335,37.75005],[-89.66555,37.75209],[-89.66799,37.75948],[-89.66647,37.7642],[-89.66413,37.76851],[-89.662,37.77375],[-89.66119,37.77573],[-89.66023,37.78103],[-89.66038,37.7863],[-89.66132,37.7882],[-89.66398,37.7908],[-89.66964,37.79992],[-89.67442,37.80301],[-89.67432,37.80315],[-89.676,37.80841],[-89.67896,37.81813],[-89.6807,37.82268],[-89.67858,37.82382]]]}},{"type":"Feature","properties":{"name":"MCRide","boundary_type":"county","source":"Census TIGER county","fidelity":"exact","updated":"2026-09","units":"McHenry County","note":"Countywide dial-a-ride service coordinated by county","confidence":0.95},"geometry":{"type":"Polygon","coordinates":[[[-88.6708,42.49436],[-88.65848,42.49462],[-88.63865,42.49504],[-88.60737,42.49501],[-88.6067,42.495],[-88.59941,42.495],[-88.5994,42.495],[-88.597,42.49499],[-88.59628,42.49499],[-88.58987,42.49498],[-88.55982,42.49495],[-88.55022,42.49494],[-88.54035,42.49492],[-88.50691,42.49488],[-88.47162,42.49468],[-88.4614,42.49462],[-88.44689,42.49462],[-88.43199,42.49462],[-88.42251,42.49462],[-88.41844,42.49462],[-88.4174,42.49462],[-88.41311,42.49462],[-88.35519,42.4947],[-88.33909,42.49473],[-88.33491,42.49473],[-88.3348,42.49473],[-88.3225,42.49475],[-88.31762,42.49475],[-88.31657,42.49476],[-88.31588,42.49476],[-88.31247,42.49476],[-88.31208,42.49476],[-88.31144,42.49476],[-88.30902,42.49477],[-88.30469,42.49477],[-88.30299,42.49478],[-88.30273,42.49478],[-88.30263,42.49478],[-88.285,42.4948],[-88.27997,42.49481],[-88.27742,42.49481],[-88.27459,42.49481],[-88.27169,42.49482],[-88.26538,42.49511],[-88.26172,42.49528],[-88.25009,42.49582],[-88.23789,42.49586],[-88.23135,42.49588],[-88.2237,42.4959],[-88.21886,42.49592],[-88.2169,42.49592],[-88.21405,42.49594],[-88.21145,42.49595],[-88.20658,42.49598],[-88.20017,42.49602],[-88.19939,42.49602],[-88.19939,42.4927],[-88.1994,42.48803],[-88.19921,42.4809],[-88.19915,42.47348],[-88.19909,42.46634],[-88.19898,42.4626],[-88.19888,42.45905],[-88.19887,42.45547],[-88.19886,42.45186],[-88.19885,42.44463],[-88.19874,42.44237],[-88.19871,42.44101],[-88.19875,42.43579],[-88.19874,42.43183],[-88.19873,42.43007],[-88.1987,42.42748],[-88.1987,42.42397],[-88.19868,42.4219],[-88.19865,42.42002],[-88.1986,42.41557],[-88.19882,42.41557],[-88.19882,42.41486],[-88.19882,42.41094],[-88.19881,42.40844],[-88.19881,42.40121],[-88.1988,42.39664],[-88.19868,42.38721],[-88.19866,42.38503],[-88.19861,42.37991],[-88.19853,42.37242],[-88.1985,42.365],[-88.19845,42.35796],[-88.1985,42.35058],[-88.1985,42.34874],[-88.19849,42.34315],[-88.1986,42.33702],[-88.19865,42.32886],[-88.19875,42.32861],[-88.19883,42.32103],[-88.19902,42.31774],[-88.19881,42.31394],[-88.19885,42.30633],[-88.19882,42.3032],[-88.19879,42.30116],[-88.19879,42.30099],[-88.19875,42.29814],[-88.19871,42.29553],[-88.1986,42.29227],[-88.19856,42.28863],[-88.19856,42.28502],[-88.19855,42.28459],[-88.19847,42.27766],[-88.19848,42.27443],[-88.1985,42.27396],[-88.19848,42.27303],[-88.19846,42.27228],[-88.19843,42.2698],[-88.19843,42.26913],[-88.19838,42.25965],[-88.19832,42.25614],[-88.19832,42.25563],[-88.1983,42.24883],[-88.19827,42.24549],[-88.19824,42.24156],[-88.19849,42.24156],[-88.19878,42.23701],[-88.19883,42.23665],[-88.19904,42.23604],[-88.19917,42.21977],[-88.19934,42.20887],[-88.19938,42.20297],[-88.19943,42.19772],[-88.19946,42.19418],[-88.19947,42.1934],[-88.19948,42.19188],[-88.19949,42.19047],[-88.19951,42.18803],[-88.19951,42.18784],[-88.19952,42.1874],[-88.19955,42.18325],[-88.19976,42.16872],[-88.19945,42.16103],[-88.19958,42.15426],[-88.21168,42.15427],[-88.23845,42.15425],[-88.24784,42.15363],[-88.2504,42.15374],[-88.25077,42.15375],[-88.25769,42.15407],[-88.25773,42.15408],[-88.26515,42.15367],[-88.27238,42.15382],[-88.27728,42.15397],[-88.28763,42.15373],[-88.29229,42.15385],[-88.29266,42.15387],[-88.29296,42.1539],[-88.29557,42.15393],[-88.29892,42.15386],[-88.29956,42.15387],[-88.30158,42.15389],[-88.30652,42.15376],[-88.30868,42.15375],[-88.31626,42.15384],[-88.32117,42.15387],[-88.32714,42.1539],[-88.33262,42.15392],[-88.35442,42.154],[-88.35929,42.154],[-88.3694,42.15402],[-88.36952,42.15401],[-88.36957,42.15402],[-88.38367,42.15397],[-88.38875,42.15391],[-88.38898,42.15391],[-88.3935,42.1539],[-88.39827,42.15389],[-88.39999,42.15393],[-88.41223,42.15394],[-88.41238,42.15393],[-88.41467,42.15393],[-88.4164,42.15392],[-88.42252,42.15389],[-88.42282,42.15385],[-88.43249,42.15382],[-88.43963,42.15375],[-88.44602,42.15385],[-88.44924,42.15392],[-88.46388,42.1538],[-88.47206,42.15375],[-88.47277,42.15375],[-88.48178,42.15375],[-88.506,42.15368],[-88.51105,42.15368],[-88.51667,42.15368],[-88.51808,42.15376],[-88.51868,42.15369],[-88.53533,42.15363],[-88.58866,42.15359],[-88.59328,42.15355],[-88.69568,42.15352],[-88.70558,42.15354],[-88.70554,42.18191],[-88.70568,42.18376],[-88.70547,42.22087],[-88.70547,42.24077],[-88.70548,42.24936],[-88.70541,42.25244],[-88.70547,42.25643],[-88.70557,42.26952],[-88.70559,42.27704],[-88.70561,42.32788],[-88.70594,42.41499],[-88.7062,42.44321],[-88.70632,42.4513],[-88.70737,42.49076],[-88.70742,42.49359],[-88.70738,42.49359],[-88.6708,42.49436]]]}},{"type":"Feature","properties":{"name":"MCT Micro","boundary_type":"places","source":"Census TIGER place","fidelity":"exact","updated":"2026-09","units":"Collinsville city; Edwardsville city; Troy city; Maryville village","note":"Multi-zone microtransit service covering four named municipalities in Madison County area.","confidence":0.85},"geometry":{"type":"MultiPolygon","coordinates":[[[[-90.05886,38.66853],[-90.05346,38.67138],[-90.05391,38.66577],[-90.04965,38.66677],[-90.04365,38.66685],[-90.04434,38.66755],[-90.04285,38.66957],[-90.03933,38.67215],[-90.03832,38.67215],[-90.03835,38.67662],[-90.03837,38.68017],[-90.03845,38.68375],[-90.04307,38.68387],[-90.04308,38.68583],[-90.04277,38.68741],[-90.03955,38.69317],[-90.03863,38.69289],[-90.02826,38.68977],[-90.022,38.68937],[-90.02149,38.68973],[-90.02086,38.69093],[-90.02628,38.69111],[-90.02634,38.68992],[-90.0287,38.69035],[-90.02793,38.69228],[-90.02626,38.69236],[-90.02617,38.69528],[-90.03041,38.69539],[-90.0307,38.69687],[-90.03077,38.7001],[-90.03028,38.70202],[-90.01739,38.70189],[-90.01736,38.69953],[-90.0089,38.6993],[-90.00976,38.70173],[-90.01496,38.70188],[-90.01504,38.7091],[-90.01189,38.70905],[-90.01281,38.70984],[-90.01293,38.7163],[-90.01287,38.71629],[-90.01287,38.71661],[-90.01114,38.71659],[-90.01096,38.71657],[-90.00876,38.71629],[-90.00826,38.71615],[-90.00587,38.71653],[-90.01073,38.71769],[-90.01045,38.71889],[-90.00988,38.72027],[-90.00911,38.72174],[-90.00878,38.72236],[-90.00589,38.7219],[-90.00589,38.72264],[-90.00589,38.72357],[-90.00355,38.72362],[-90.00444,38.7246],[-90.00448,38.72673],[-90.00369,38.72759],[-90.00589,38.72774],[-90.00351,38.73248],[-90.00001,38.73141],[-89.9993,38.73275],[-90.00169,38.73298],[-90.00116,38.73421],[-90.00024,38.73469],[-89.99782,38.73234],[-89.9972,38.73421],[-89.99571,38.73316],[-89.99561,38.73136],[-89.99478,38.73298],[-89.99277,38.73344],[-89.99287,38.7363],[-89.99206,38.73709],[-89.99204,38.73568],[-89.98962,38.73455],[-89.98961,38.73376],[-89.98763,38.73417],[-89.98622,38.73269],[-89.98672,38.73164],[-89.98474,38.73167],[-89.98493,38.73468],[-89.98611,38.73464],[-89.98614,38.73726],[-89.98559,38.73825],[-89.98547,38.73516],[-89.98498,38.73545],[-89.98429,38.73559],[-89.98429,38.73466],[-89.98133,38.73468],[-89.98054,38.73165],[-89.98466,38.73104],[-89.98491,38.72952],[-89.9849,38.72801],[-89.97622,38.72811],[-89.97619,38.72938],[-89.9748,38.7294],[-89.9746,38.73188],[-89.97068,38.73193],[-89.9707,38.73294],[-89.9755,38.73291],[-89.9755,38.73546],[-89.97717,38.73543],[-89.9764,38.73836],[-89.97818,38.73834],[-89.97744,38.73932],[-89.97949,38.73955],[-89.97949,38.73977],[-89.98016,38.73978],[-89.98015,38.7403],[-89.97948,38.7403],[-89.97938,38.74077],[-89.9793,38.74182],[-89.97702,38.74183],[-89.97709,38.74099],[-89.97623,38.74093],[-89.97663,38.73961],[-89.97544,38.73961],[-89.97536,38.74053],[-89.97301,38.74052],[-89.97297,38.74121],[-89.97528,38.74145],[-89.97497,38.74505],[-89.9713,38.74542],[-89.96964,38.74512],[-89.96869,38.74485],[-89.96862,38.74502],[-89.96854,38.74502],[-89.96666,38.74501],[-89.96608,38.74502],[-89.96611,38.73847],[-89.96383,38.73838],[-89.96383,38.745],[-89.96232,38.745],[-89.96171,38.74113],[-89.95772,38.74101],[-89.9577,38.74157],[-89.95662,38.74249],[-89.95663,38.74158],[-89.95581,38.74312],[-89.95187,38.74313],[-89.94714,38.74315],[-89.94707,38.74203],[-89.94422,38.74205],[-89.94311,38.74206],[-89.94305,38.74203],[-89.94303,38.73805],[-89.94032,38.73797],[-89.94049,38.74208],[-89.93787,38.7421],[-89.93786,38.74157],[-89.93783,38.73791],[-89.93785,38.73305],[-89.93516,38.73299],[-89.93516,38.73715],[-89.93491,38.73786],[-89.92842,38.73776],[-89.92842,38.73296],[-89.92958,38.7319],[-89.93311,38.73131],[-89.93309,38.72754],[-89.93308,38.72405],[-89.93207,38.72323],[-89.92871,38.72316],[-89.92855,38.72582],[-89.92851,38.73053],[-89.93056,38.7316],[-89.92839,38.73197],[-89.92574,38.73229],[-89.92529,38.73348],[-89.92525,38.73714],[-89.92437,38.73676],[-89.92436,38.73492],[-89.92354,38.73638],[-89.91868,38.73421],[-89.91866,38.73228],[-89.917,38.73228],[-89.91755,38.73589],[-89.9187,38.73589],[-89.91881,38.73956],[-89.92342,38.73955],[-89.92824,38.73775],[-89.92823,38.74501],[-89.92083,38.74491],[-89.92094,38.74723],[-89.91888,38.74723],[-89.90849,38.74691],[-89.90908,38.74473],[-89.90844,38.74472],[-89.91022,38.7395],[-89.9083,38.73583],[-89.90037,38.73574],[-89.90117,38.73225],[-89.90081,38.73224],[-89.89952,38.73895],[-89.89826,38.74034],[-89.89825,38.74195],[-89.89448,38.74176],[-89.89453,38.74452],[-89.89311,38.74449],[-89.89305,38.74791],[-89.8839,38.74773],[-89.88393,38.74433],[-89.87736,38.74421],[-89.87947,38.74086],[-89.87701,38.74072],[-89.87402,38.73993],[-89.87404,38.73759],[-89.87524,38.7376],[-89.87543,38.73622],[-89.87074,38.73616],[-89.86989,38.72804],[-89.8724,38.72364],[-89.86988,38.72256],[-89.87077,38.72152],[-89.87087,38.71777],[-89.87773,38.71774],[-89.87775,38.71654],[-89.8739,38.71697],[-89.87068,38.71569],[-89.86592,38.71439],[-89.86648,38.71453],[-89.86667,38.7095],[-89.87568,38.70938],[-89.89005,38.70965],[-89.89005,38.70309],[-89.89499,38.70319],[-89.89494,38.70757],[-89.89234,38.70757],[-89.89207,38.71163],[-89.89003,38.71162],[-89.89001,38.71688],[-89.89484,38.71755],[-89.88585,38.71765],[-89.88584,38.71879],[-89.88449,38.71899],[-89.8845,38.72086],[-89.88552,38.72087],[-89.88514,38.72294],[-89.8907,38.72294],[-89.89101,38.72465],[-89.88994,38.72604],[-89.89101,38.72648],[-89.89476,38.72542],[-89.89476,38.7284],[-89.89944,38.72848],[-89.89953,38.72526],[-89.90018,38.72465],[-89.9043,38.72469],[-89.90431,38.72242],[-89.91362,38.71923],[-89.91367,38.71749],[-89.90432,38.71747],[-89.90433,38.71169],[-89.90907,38.71169],[-89.90906,38.71355],[-89.91345,38.7136],[-89.91352,38.70624],[-89.90904,38.70623],[-89.90909,38.70981],[-89.90445,38.70984],[-89.90437,38.70054],[-89.90285,38.70059],[-89.9031,38.69927],[-89.90436,38.69927],[-89.90437,38.69797],[-89.90718,38.69799],[-89.90718,38.69991],[-89.91388,38.70005],[-89.91386,38.70672],[-89.92048,38.7067],[-89.92048,38.70987],[-89.92138,38.70986],[-89.92146,38.71261],[-89.91384,38.71272],[-89.91387,38.71637],[-89.91723,38.71533],[-89.91723,38.71656],[-89.9227,38.71557],[-89.92838,38.71377],[-89.9287,38.71366],[-89.93064,38.7135],[-89.92853,38.71447],[-89.92871,38.71953],[-89.9332,38.71956],[-89.93321,38.71697],[-89.9351,38.71603],[-89.93658,38.71493],[-89.93799,38.71637],[-89.94089,38.71769],[-89.94081,38.72152],[-89.93889,38.72222],[-89.93836,38.72336],[-89.94086,38.72339],[-89.94136,38.72088],[-89.94523,38.72018],[-89.94837,38.71866],[-89.94835,38.72207],[-89.9473,38.72296],[-89.95283,38.72318],[-89.95323,38.72319],[-89.95351,38.72281],[-89.95391,38.72218],[-89.95491,38.72047],[-89.95518,38.72006],[-89.9552,38.7199],[-89.95565,38.71162],[-89.95506,38.70909],[-89.9566,38.70852],[-89.95659,38.70835],[-89.95908,38.70396],[-89.95998,38.70421],[-89.96365,38.70453],[-89.96362,38.70745],[-89.96591,38.70701],[-89.96593,38.70927],[-89.97158,38.70924],[-89.97364,38.71067],[-89.97477,38.70922],[-89.97145,38.70845],[-89.97121,38.70576],[-89.97646,38.70477],[-89.97988,38.7046],[-89.98006,38.70705],[-89.97543,38.70922],[-89.97458,38.71157],[-89.97535,38.7129],[-89.98479,38.71284],[-89.98479,38.71303],[-89.98585,38.71446],[-89.98752,38.71445],[-89.98752,38.71651],[-89.9942,38.7163],[-89.99427,38.72355],[-89.99802,38.72352],[-89.99907,38.72352],[-89.99884,38.7218],[-89.99796,38.72203],[-89.99787,38.72244],[-89.99557,38.72244],[-89.99477,38.7205],[-89.9956,38.71628],[-89.99554,38.71337],[-89.99413,38.71337],[-89.99414,38.71166],[-90.00439,38.71159],[-89.99893,38.71157],[-89.99891,38.70833],[-90.00266,38.70829],[-90.00266,38.70708],[-90.00089,38.70654],[-90.00589,38.70699],[-90.00585,38.70522],[-90.00339,38.70521],[-90.00342,38.69799],[-89.99896,38.69801],[-90.00029,38.69411],[-90.00307,38.69104],[-90.00794,38.68932],[-90.01888,38.6896],[-90.00888,38.68907],[-90.00429,38.69013],[-90.00243,38.69123],[-89.99973,38.69437],[-89.99879,38.69439],[-89.99876,38.69681],[-89.9969,38.69643],[-89.99674,38.69506],[-89.99634,38.69487],[-89.99675,38.69448],[-89.99415,38.69445],[-89.99415,38.69596],[-89.99576,38.696],[-89.99366,38.69799],[-89.9923,38.69756],[-89.99286,38.69649],[-89.98936,38.69678],[-89.98944,38.6945],[-89.98774,38.69452],[-89.9861,38.69545],[-89.98767,38.69805],[-89.99009,38.69754],[-89.98949,38.6987],[-89.98564,38.69869],[-89.98479,38.69962],[-89.98479,38.69879],[-89.98261,38.69805],[-89.9811,38.69814],[-89.98038,38.69616],[-89.97666,38.6962],[-89.97776,38.69718],[-89.97785,38.69826],[-89.97739,38.69835],[-89.97771,38.69942],[-89.98016,38.69896],[-89.97957,38.70189],[-89.98463,38.70182],[-89.97535,38.7044],[-89.97535,38.70266],[-89.97107,38.70273],[-89.97111,38.70197],[-89.96698,38.70198],[-89.96463,38.69986],[-89.96188,38.70111],[-89.96096,38.70195],[-89.96039,38.69847],[-89.9591,38.69658],[-89.95739,38.69656],[-89.95835,38.69905],[-89.95666,38.69853],[-89.95665,38.69849],[-89.95664,38.69785],[-89.95508,38.69782],[-89.95509,38.69657],[-89.9543,38.69655],[-89.95425,38.69738],[-89.95259,38.69743],[-89.95261,38.69832],[-89.9477,38.69815],[-89.94713,38.69882],[-89.94713,38.69869],[-89.94714,38.6976],[-89.94716,38.6945],[-89.94902,38.69449],[-89.9509,38.69266],[-89.95192,38.69287],[-89.95288,38.69152],[-89.95327,38.68989],[-89.95349,38.68945],[-89.95512,38.6901],[-89.95575,38.69075],[-89.95574,38.69035],[-89.95652,38.69036],[-89.95649,38.6879],[-89.95716,38.6878],[-89.95991,38.68781],[-89.9599,38.68737],[-89.96014,38.68737],[-89.96335,38.68786],[-89.96248,38.68917],[-89.96436,38.68871],[-89.96389,38.68737],[-89.9644,38.68738],[-89.96453,38.68283],[-89.96603,38.68283],[-89.96601,38.67593],[-89.96601,38.67526],[-89.9648,38.67479],[-89.96465,38.67264],[-89.966,38.67263],[-89.96595,38.67005],[-89.96389,38.67001],[-89.96386,38.6686],[-89.96597,38.66995],[-89.96592,38.6654],[-89.96105,38.66531],[-89.96122,38.66362],[-89.9659,38.66358],[-89.96589,38.66175],[-89.97039,38.66177],[-89.97232,38.66232],[-89.97192,38.66342],[-89.9733,38.66386],[-89.97212,38.66505],[-89.97525,38.66547],[-89.97528,38.66179],[-89.97215,38.66176],[-89.96866,38.66031],[-89.96695,38.65811],[-89.97426,38.65814],[-89.9799,38.65993],[-89.9799,38.65817],[-89.98318,38.65819],[-89.98461,38.6582],[-89.98609,38.65615],[-89.98708,38.65662],[-89.98743,38.65615],[-89.9872,38.65454],[-89.98828,38.65345],[-89.99013,38.6521],[-89.99257,38.65052],[-89.99525,38.64939],[-89.99524,38.64987],[-89.99993,38.64864],[-90.01107,38.64576],[-90.01057,38.64464],[-90.01249,38.64409],[-90.01256,38.6447],[-90.01217,38.64519],[-90.01217,38.64564],[-90.01353,38.64568],[-90.01604,38.64619],[-90.01749,38.64368],[-90.01809,38.64416],[-90.01846,38.64673],[-90.01941,38.65065],[-90.01907,38.65599],[-90.0218,38.65637],[-90.0227,38.65196],[-90.02631,38.65244],[-90.02521,38.65677],[-90.03168,38.6571],[-90.03414,38.65727],[-90.03706,38.65826],[-90.0371,38.65843],[-90.03807,38.65844],[-90.03806,38.65958],[-90.04078,38.65943],[-90.04002,38.66005],[-90.04119,38.6619],[-90.04308,38.66358],[-90.04619,38.66501],[-90.04548,38.66566],[-90.04721,38.6654],[-90.05315,38.66565],[-90.05428,38.65978],[-90.0574,38.65978],[-90.05761,38.65858],[-90.05641,38.65857],[-90.0554,38.6571],[-90.05124,38.65753],[-90.0501,38.65529],[-90.04937,38.64999],[-90.04963,38.64804],[-90.04866,38.64821],[-90.04865,38.64797],[-90.05491,38.64808],[-90.05819,38.64779],[-90.07211,38.64591],[-90.07315,38.65204],[-90.07288,38.65901],[-90.06653,38.65882],[-90.06655,38.66106],[-90.06566,38.66667],[-90.05886,38.66853]],[[-90.02651,38.68382],[-90.02643,38.68676],[-90.03017,38.68686],[-90.02984,38.68286],[-90.02925,38.68021],[-90.02218,38.68018],[-90.02212,38.68365],[-90.02651,38.68382]],[[-90.01034,38.69381],[-90.00878,38.69448],[-90.01731,38.69465],[-90.01728,38.69646],[-90.00865,38.69618],[-90.00927,38.69812],[-90.01736,38.69772],[-90.01927,38.69386],[-90.01605,38.69379],[-90.01605,38.69207],[-90.01038,38.69195],[-90.01034,38.69381]],[[-90.01392,38.67022],[-90.01315,38.66997],[-90.01303,38.6702],[-90.01383,38.67046],[-90.01392,38.67022]],[[-89.99824,38.69173],[-89.99828,38.6915],[-89.99483,38.69153],[-89.99423,38.69247],[-89.99435,38.69372],[-89.99824,38.69173]],[[-89.91507,38.72477],[-89.92819,38.72479],[-89.92817,38.71459],[-89.92305,38.71656],[-89.92051,38.71963],[-89.91673,38.72064],[-89.91507,38.72477]],[[-89.92564,38.72925],[-89.92111,38.72924],[-89.91975,38.73063],[-89.92554,38.73061],[-89.92564,38.72925]],[[-89.91549,38.71912],[-89.91511,38.71896],[-89.91386,38.71915],[-89.91389,38.72472],[-89.91429,38.72471],[-89.91549,38.71912]],[[-89.87797,38.72262],[-89.87346,38.72305],[-89.87351,38.72442],[-89.8737,38.72459],[-89.87398,38.7249],[-89.87548,38.72425],[-89.88189,38.72438],[-89.88207,38.72303],[-89.88077,38.72299],[-89.88123,38.72079],[-89.88261,38.72054],[-89.88066,38.72047],[-89.88014,38.7219],[-89.87797,38.72191],[-89.87797,38.72262]],[[-89.87945,38.73692],[-89.88103,38.73694],[-89.88114,38.73638],[-89.88222,38.7364],[-89.88225,38.73551],[-89.88117,38.73548],[-89.88118,38.73516],[-89.87862,38.73513],[-89.87945,38.73692]],[[-89.87566,38.71345],[-89.87565,38.71249],[-89.87674,38.71251],[-89.87547,38.71214],[-89.87385,38.71232],[-89.87466,38.71345],[-89.87566,38.71345]],[[-89.97847,38.72182],[-89.97844,38.71939],[-89.98017,38.71935],[-89.97928,38.72235],[-89.9802,38.72224],[-89.98146,38.72215],[-89.98084,38.72104],[-89.98081,38.71646],[-89.97537,38.71645],[-89.97546,38.72179],[-89.97847,38.72182]],[[-89.97139,38.7215],[-89.97111,38.72176],[-89.96953,38.72353],[-89.96906,38.72384],[-89.96978,38.72416],[-89.9698,38.73114],[-89.97406,38.73111],[-89.97408,38.72883],[-89.97542,38.72884],[-89.97253,38.72309],[-89.97325,38.72161],[-89.97193,38.72132],[-89.97139,38.7215]],[[-89.94458,38.72347],[-89.94143,38.72341],[-89.94138,38.7252],[-89.93767,38.72512],[-89.93767,38.72634],[-89.93947,38.72635],[-89.93777,38.72794],[-89.93776,38.73058],[-89.94072,38.73008],[-89.94189,38.72973],[-89.94697,38.72781],[-89.94741,38.7273],[-89.9456,38.72699],[-89.94565,38.72348],[-89.94507,38.72528],[-89.94458,38.72347]]],[[[-89.86911,38.72222],[-89.86852,38.72434],[-89.87023,38.72435],[-89.87022,38.72637],[-89.86656,38.72636],[-89.86683,38.72127],[-89.8684,38.7219],[-89.86911,38.72222]]],[[[-89.98211,38.73773],[-89.98182,38.7383],[-89.98074,38.73832],[-89.98074,38.73469],[-89.98133,38.73468],[-89.98211,38.73773]]],[[[-89.95872,38.78698],[-89.95309,38.78144],[-89.96392,38.78164],[-89.96371,38.78278],[-89.96334,38.78506],[-89.96093,38.78887],[-89.95961,38.78883],[-89.95872,38.78698]]],[[[-90.08503,38.79884],[-90.076,38.79846],[-90.06892,38.79833],[-90.06726,38.79811],[-90.06715,38.79714],[-90.06699,38.78937],[-90.06895,38.78713],[-90.05755,38.78676],[-90.05763,38.79716],[-90.05779,38.79905],[-90.0576,38.80141],[-90.05523,38.80222],[-90.044,38.80184],[-90.04424,38.80059],[-90.04189,38.80043],[-90.04422,38.7971],[-90.04501,38.79274],[-90.04942,38.78989],[-90.03928,38.7895],[-90.03866,38.78882],[-90.03582,38.786],[-90.03571,38.77859],[-90.02835,38.77867],[-90.0283,38.77609],[-90.02613,38.77623],[-90.02636,38.78225],[-90.02162,38.78239],[-90.0217,38.79938],[-90.01404,38.80114],[-90.01505,38.80318],[-90.01451,38.80481],[-90.02159,38.80525],[-90.02151,38.80785],[-90.02049,38.80855],[-90.01243,38.80838],[-90.01242,38.8066],[-90.00828,38.80625],[-90.00602,38.81138],[-90.00399,38.81232],[-90.00399,38.81396],[-90.00585,38.81394],[-90.00289,38.81501],[-90.00291,38.81793],[-90.00129,38.81476],[-90.00161,38.81319],[-89.99204,38.81445],[-89.99205,38.81551],[-89.98877,38.8165],[-89.98881,38.81858],[-89.98662,38.81858],[-89.98548,38.81677],[-89.98597,38.81442],[-89.98467,38.81423],[-89.98369,38.81195],[-89.98382,38.81197],[-89.98468,38.81169],[-89.98468,38.8072],[-89.98118,38.80748],[-89.98102,38.8063],[-89.97786,38.80298],[-89.97604,38.80298],[-89.97311,38.8047],[-89.97546,38.80632],[-89.97892,38.80887],[-89.98044,38.81049],[-89.97892,38.81171],[-89.97882,38.81371],[-89.97621,38.8137],[-89.97544,38.81576],[-89.97876,38.81566],[-89.9807,38.81627],[-89.98206,38.8185],[-89.98378,38.81852],[-89.9847,38.81853],[-89.97537,38.82141],[-89.9788,38.82196],[-89.9742,38.82433],[-89.97288,38.8239],[-89.97231,38.82372],[-89.9702,38.82426],[-89.96662,38.82278],[-89.96587,38.8247],[-89.96267,38.82535],[-89.96151,38.82412],[-89.95796,38.82226],[-89.95686,38.82268],[-89.94965,38.82242],[-89.94894,38.82429],[-89.94296,38.82437],[-89.94104,38.82396],[-89.9418,38.82313],[-89.94387,38.82401],[-89.94434,38.8217],[-89.9407,38.82168],[-89.94261,38.82035],[-89.94256,38.82153],[-89.94458,38.82128],[-89.94596,38.81816],[-89.94514,38.81728],[-89.94303,38.81728],[-89.9429,38.8149],[-89.94193,38.81635],[-89.938,38.81605],[-89.93799,38.81339],[-89.9354,38.81291],[-89.9346,38.81209],[-89.93314,38.81202],[-89.93308,38.81444],[-89.92821,38.81448],[-89.92824,38.81203],[-89.9345,38.81121],[-89.93452,38.81134],[-89.94159,38.81051],[-89.94152,38.81299],[-89.94244,38.81305],[-89.94382,38.81451],[-89.94483,38.81021],[-89.94682,38.8095],[-89.94529,38.80775],[-89.94331,38.80776],[-89.94152,38.80854],[-89.94143,38.80772],[-89.9415,38.80672],[-89.94108,38.80571],[-89.93991,38.80968],[-89.93891,38.81044],[-89.93437,38.81072],[-89.93403,38.80987],[-89.93292,38.81126],[-89.92824,38.81187],[-89.92822,38.8107],[-89.92467,38.81064],[-89.92474,38.80614],[-89.92272,38.80503],[-89.92259,38.80771],[-89.92336,38.8082],[-89.92339,38.81074],[-89.92183,38.81071],[-89.92105,38.809],[-89.91896,38.80702],[-89.9167,38.807],[-89.91669,38.80327],[-89.90151,38.80321],[-89.90169,38.7966],[-89.90131,38.79602],[-89.895,38.79609],[-89.89295,38.79609],[-89.89295,38.79309],[-89.89131,38.79309],[-89.89131,38.79433],[-89.89009,38.79436],[-89.88996,38.7957],[-89.88369,38.79578],[-89.88436,38.79418],[-89.88365,38.79213],[-89.88844,38.79208],[-89.88843,38.78842],[-89.89324,38.7883],[-89.89323,38.79191],[-89.89612,38.79197],[-89.89792,38.79199],[-89.8981,38.78832],[-89.90084,38.78834],[-89.90129,38.78574],[-89.90264,38.78455],[-89.90265,38.78193],[-89.90636,38.78232],[-89.90638,38.78112],[-89.90669,38.7811],[-89.90744,38.78234],[-89.90746,38.78478],[-89.91213,38.78482],[-89.91214,38.78804],[-89.9141,38.78803],[-89.91411,38.78932],[-89.91228,38.78932],[-89.91213,38.79397],[-89.90996,38.79397],[-89.90997,38.79582],[-89.9121,38.79586],[-89.91212,38.79712],[-89.91308,38.79591],[-89.91679,38.79586],[-89.91668,38.78838],[-89.92263,38.78836],[-89.92518,38.78761],[-89.92501,38.78322],[-89.92159,38.78311],[-89.92161,38.78109],[-89.92144,38.781],[-89.92147,38.77923],[-89.92499,38.77932],[-89.92502,38.78119],[-89.9284,38.78131],[-89.92841,38.78129],[-89.92848,38.7811],[-89.92853,38.774],[-89.94226,38.77408],[-89.94538,38.77412],[-89.95195,38.78057],[-89.95181,38.78073],[-89.95133,38.78142],[-89.95114,38.78202],[-89.95123,38.78865],[-89.95306,38.7887],[-89.95702,38.7887],[-89.95701,38.78568],[-89.95925,38.78883],[-89.95879,38.79155],[-89.95733,38.79399],[-89.95554,38.7936],[-89.95635,38.79616],[-89.95423,38.79883],[-89.95504,38.7991],[-89.95853,38.80024],[-89.95716,38.7984],[-89.95696,38.79633],[-89.96187,38.79621],[-89.95729,38.7958],[-89.95826,38.79398],[-89.9578,38.79383],[-89.96093,38.78887],[-89.96148,38.78886],[-89.96347,38.78568],[-89.96381,38.78494],[-89.96411,38.78498],[-89.96516,38.77988],[-89.96703,38.77803],[-89.97074,38.77805],[-89.97081,38.78162],[-89.97905,38.78184],[-89.97957,38.78058],[-89.98128,38.77907],[-89.9846,38.77784],[-89.99202,38.77516],[-89.99254,38.77478],[-89.99377,38.77371],[-89.99589,38.77038],[-89.99952,38.76781],[-90.00347,38.76608],[-90.00363,38.76575],[-90.00289,38.76121],[-90.00902,38.76137],[-90.00992,38.76192],[-90.01017,38.76387],[-90.01308,38.76569],[-90.0154,38.76498],[-90.01544,38.766],[-90.01293,38.76726],[-90.00955,38.76956],[-90.00919,38.77164],[-90.00774,38.77168],[-90.00745,38.77314],[-90.00626,38.77308],[-90.0069,38.77453],[-90.00317,38.77436],[-90.00426,38.77499],[-90.00438,38.77891],[-90.00657,38.77872],[-90.00466,38.7801],[-89.99997,38.78198],[-90.00001,38.77428],[-89.99388,38.77408],[-89.99284,38.77501],[-89.99415,38.77591],[-89.99397,38.78456],[-90.00451,38.78032],[-90.00677,38.7788],[-90.00735,38.77853],[-90.02131,38.7755],[-90.02132,38.77521],[-90.02611,38.77492],[-90.03063,38.77498],[-90.03157,38.76759],[-90.02714,38.76021],[-90.03871,38.76031],[-90.04193,38.76049],[-90.05253,38.76062],[-90.05242,38.77187],[-90.05761,38.77199],[-90.0576,38.77469],[-90.0687,38.77502],[-90.06665,38.77441],[-90.06673,38.7653],[-90.07144,38.76536],[-90.076,38.76542],[-90.07604,38.76894],[-90.08128,38.76901],[-90.0807,38.76915],[-90.07176,38.77515],[-90.0667,38.77847],[-90.06672,38.78012],[-90.06413,38.78183],[-90.06413,38.78319],[-90.06677,38.78367],[-90.06181,38.78345],[-90.05795,38.78595],[-90.06991,38.78607],[-90.07225,38.78352],[-90.0735,38.78354],[-90.07586,38.78094],[-90.08598,38.76994],[-90.08524,38.77331],[-90.08353,38.78754],[-90.08364,38.79132],[-90.08352,38.79132],[-90.08503,38.79884]],[[-90.0157,38.80615],[-90.01693,38.80624],[-90.01662,38.80516],[-90.01418,38.80498],[-90.01465,38.80694],[-90.0159,38.80701],[-90.0157,38.80615]],[[-89.94882,38.8207],[-89.95002,38.82019],[-89.95086,38.81827],[-89.94625,38.81816],[-89.94634,38.81835],[-89.94773,38.82065],[-89.94882,38.8207]],[[-89.92108,38.7907],[-89.92233,38.79071],[-89.92231,38.78962],[-89.9223,38.78893],[-89.92134,38.78942],[-89.92103,38.79002],[-89.92108,38.7907]],[[-89.90738,38.79527],[-89.90747,38.78832],[-89.90289,38.78835],[-89.90273,38.79425],[-89.90271,38.7952],[-89.90738,38.79527]]],[[[-89.94045,38.81868],[-89.94027,38.81868],[-89.9422,38.81688],[-89.9424,38.8198],[-89.94025,38.82151],[-89.94026,38.81992],[-89.94153,38.81873],[-89.94045,38.81868]]]]}},{"type":"Feature","properties":{"name":"MetroLINK On-Demand","boundary_type":"places","source":"Census TIGER place","fidelity":"exact","updated":"2026-09","units":"Moline city; Rock Island city","note":"Illinois-side service replacing underperforming fixed routes in two cities","confidence":0.85},"geometry":{"type":"MultiPolygon","coordinates":[[[[-90.64809,41.43271],[-90.64601,41.43376],[-90.64919,41.43533],[-90.64863,41.43926],[-90.64845,41.44416],[-90.62939,41.44381],[-90.62929,41.45105],[-90.63165,41.45109],[-90.63157,41.45759],[-90.63076,41.45756],[-90.62891,41.4535],[-90.62833,41.45263],[-90.6263,41.45102],[-90.62055,41.45086],[-90.6194,41.45085],[-90.61954,41.45355],[-90.61856,41.45743],[-90.61775,41.45895],[-90.61797,41.45906],[-90.61847,41.45928],[-90.62024,41.45928],[-90.61865,41.46175],[-90.61735,41.46173],[-90.61704,41.46118],[-90.61668,41.46102],[-90.61445,41.46141],[-90.61153,41.46066],[-90.61213,41.46236],[-90.61154,41.46528],[-90.61248,41.46646],[-90.60986,41.47059],[-90.61003,41.4646],[-90.60597,41.46466],[-90.60518,41.46362],[-90.60531,41.45799],[-90.60049,41.45792],[-90.60077,41.45062],[-90.5957,41.45053],[-90.59562,41.45783],[-90.59411,41.4578],[-90.59405,41.46097],[-90.5926,41.46105],[-90.59131,41.46289],[-90.58758,41.46101],[-90.58605,41.45934],[-90.58602,41.45772],[-90.58784,41.45775],[-90.58796,41.4571],[-90.58771,41.45684],[-90.58803,41.45519],[-90.58615,41.45506],[-90.58639,41.4512],[-90.58914,41.45128],[-90.59033,41.44942],[-90.59472,41.44768],[-90.60122,41.44802],[-90.6033,41.44839],[-90.60566,41.44761],[-90.60294,41.44785],[-90.60062,41.44738],[-90.59511,41.44712],[-90.59326,41.4475],[-90.58911,41.44942],[-90.58679,41.44903],[-90.58675,41.44286],[-90.58662,41.43697],[-90.58683,41.43586],[-90.58196,41.43577],[-90.58192,41.44291],[-90.57871,41.44293],[-90.57705,41.44197],[-90.57713,41.43665],[-90.57533,41.43565],[-90.57715,41.43569],[-90.57722,41.42848],[-90.56834,41.42786],[-90.57075,41.42578],[-90.57076,41.42474],[-90.57727,41.42484],[-90.57731,41.41763],[-90.58931,41.41788],[-90.58924,41.42329],[-90.59279,41.42338],[-90.5936,41.42738],[-90.59408,41.42879],[-90.59624,41.42881],[-90.59628,41.42742],[-90.59627,41.42702],[-90.60594,41.42729],[-90.60599,41.4217],[-90.61069,41.42178],[-90.61082,41.41601],[-90.61554,41.41501],[-90.61553,41.41834],[-90.62504,41.41854],[-90.6249,41.42743],[-90.61541,41.42735],[-90.61531,41.42858],[-90.61532,41.42874],[-90.61824,41.42948],[-90.61945,41.43026],[-90.61988,41.43271],[-90.61658,41.43263],[-90.61698,41.42991],[-90.61545,41.43062],[-90.61482,41.43236],[-90.61426,41.43266],[-90.61361,41.43264],[-90.61361,41.43568],[-90.6142,41.43569],[-90.61454,41.43697],[-90.61067,41.43621],[-90.61066,41.43785],[-90.61524,41.43841],[-90.61862,41.43742],[-90.61857,41.43416],[-90.6206,41.43418],[-90.62074,41.43732],[-90.62493,41.43708],[-90.6296,41.43619],[-90.62959,41.43761],[-90.63205,41.43761],[-90.63223,41.43624],[-90.63422,41.43534],[-90.6388,41.43468],[-90.63878,41.4402],[-90.64364,41.44029],[-90.64377,41.42966],[-90.65269,41.4297],[-90.65337,41.43007],[-90.65088,41.43212],[-90.64809,41.43271]],[[-90.60868,41.44844],[-90.60863,41.45077],[-90.60555,41.45071],[-90.60547,41.45329],[-90.6081,41.45352],[-90.61032,41.45472],[-90.61048,41.45383],[-90.61321,41.45178],[-90.61509,41.44956],[-90.61449,41.44936],[-90.61343,41.44886],[-90.60868,41.44844]],[[-90.60588,41.43253],[-90.61036,41.43256],[-90.61038,41.42898],[-90.60591,41.42896],[-90.60588,41.43253]],[[-90.58059,41.44285],[-90.58103,41.44286],[-90.58103,41.44259],[-90.58059,41.44258],[-90.58059,41.44285]]],[[[-90.53625,41.51456],[-90.53159,41.51098],[-90.52401,41.5087],[-90.51996,41.50875],[-90.51702,41.51019],[-90.51506,41.5121],[-90.51289,41.51298],[-90.50908,41.51376],[-90.50429,41.51386],[-90.49307,41.51493],[-90.48945,41.51498],[-90.48,41.51495],[-90.47529,41.51552],[-90.47263,41.51521],[-90.46595,41.516],[-90.46114,41.51841],[-90.46053,41.51834],[-90.46081,41.51747],[-90.46078,41.51546],[-90.46075,41.51286],[-90.46078,41.51229],[-90.46027,41.51187],[-90.46014,41.51167],[-90.4601,41.51036],[-90.45993,41.50922],[-90.45994,41.50737],[-90.46079,41.50549],[-90.46059,41.50423],[-90.46072,41.50051],[-90.46088,41.49212],[-90.46292,41.49165],[-90.46295,41.48974],[-90.46103,41.4897],[-90.46089,41.48969],[-90.46091,41.48601],[-90.4562,41.48594],[-90.45643,41.48413],[-90.45856,41.48419],[-90.45859,41.48238],[-90.45682,41.48236],[-90.45693,41.4795],[-90.45591,41.47864],[-90.44425,41.47874],[-90.44279,41.47872],[-90.4321,41.4789],[-90.4321,41.47845],[-90.43214,41.47609],[-90.43693,41.47599],[-90.43607,41.47529],[-90.43375,41.47533],[-90.43379,41.4711],[-90.43534,41.46989],[-90.43704,41.46991],[-90.43699,41.47164],[-90.43825,41.47163],[-90.43825,41.47013],[-90.44428,41.47112],[-90.4448,41.46909],[-90.44675,41.46906],[-90.44686,41.45773],[-90.44213,41.45773],[-90.44203,41.45653],[-90.4416,41.44863],[-90.44538,41.44833],[-90.44456,41.44724],[-90.4418,41.44684],[-90.4418,41.44284],[-90.44661,41.44284],[-90.44665,41.43933],[-90.45144,41.4393],[-90.45133,41.44944],[-90.44997,41.44755],[-90.44718,41.44865],[-90.44646,41.44884],[-90.44556,41.45008],[-90.44306,41.45009],[-90.44219,41.4501],[-90.44218,41.45269],[-90.44305,41.45263],[-90.44723,41.45237],[-90.44723,41.45563],[-90.45174,41.45526],[-90.45173,41.45688],[-90.45637,41.45659],[-90.46206,41.4581],[-90.46767,41.45667],[-90.47096,41.45691],[-90.47092,41.45984],[-90.47547,41.45985],[-90.47524,41.45716],[-90.47523,41.45603],[-90.47523,41.45397],[-90.47643,41.45363],[-90.47836,41.45363],[-90.47839,41.4531],[-90.47875,41.44995],[-90.48131,41.44794],[-90.48129,41.44419],[-90.47991,41.44464],[-90.47988,41.44257],[-90.48302,41.44362],[-90.48496,41.443],[-90.48515,41.44119],[-90.48826,41.44167],[-90.49976,41.43906],[-90.49969,41.42096],[-90.50245,41.42102],[-90.50262,41.42111],[-90.50441,41.42265],[-90.50441,41.42801],[-90.50507,41.43129],[-90.50637,41.43341],[-90.50666,41.43778],[-90.50903,41.43747],[-90.51044,41.43739],[-90.519,41.43752],[-90.5186,41.43704],[-90.51863,41.42794],[-90.51946,41.42793],[-90.52332,41.42812],[-90.5233,41.42953],[-90.52147,41.4309],[-90.5217,41.43501],[-90.53057,41.43502],[-90.53286,41.43297],[-90.53287,41.43192],[-90.53704,41.43189],[-90.53825,41.43403],[-90.53778,41.435],[-90.53091,41.43502],[-90.52807,41.43555],[-90.52859,41.43747],[-90.5286,41.43894],[-90.53089,41.43892],[-90.53088,41.44226],[-90.53268,41.44226],[-90.5377,41.44226],[-90.53771,41.44499],[-90.53754,41.44696],[-90.53285,41.44741],[-90.53278,41.44453],[-90.53255,41.44397],[-90.5266,41.44341],[-90.51779,41.44314],[-90.5212,41.44088],[-90.5212,41.43817],[-90.50901,41.4379],[-90.49868,41.43937],[-90.48813,41.44193],[-90.48602,41.44258],[-90.48588,41.44258],[-90.48571,41.44266],[-90.48642,41.4455],[-90.48544,41.44804],[-90.48309,41.44809],[-90.48325,41.44829],[-90.4838,41.44862],[-90.48359,41.44913],[-90.48508,41.44914],[-90.48495,41.44991],[-90.48301,41.44992],[-90.48282,41.45013],[-90.48216,41.45042],[-90.48232,41.45097],[-90.48495,41.45094],[-90.48494,41.45278],[-90.48653,41.45318],[-90.48934,41.45328],[-90.48872,41.4541],[-90.48831,41.45679],[-90.48188,41.45466],[-90.48189,41.45358],[-90.48097,41.45354],[-90.4807,41.45568],[-90.48023,41.45663],[-90.48021,41.46368],[-90.4816,41.46368],[-90.48158,41.46676],[-90.48373,41.46686],[-90.48401,41.468],[-90.48488,41.46791],[-90.48494,41.46428],[-90.49469,41.46378],[-90.49506,41.46195],[-90.49507,41.46144],[-90.49095,41.46003],[-90.49071,41.45773],[-90.49241,41.45743],[-90.49479,41.45584],[-90.49508,41.45279],[-90.50178,41.45323],[-90.50168,41.45526],[-90.50559,41.45629],[-90.50548,41.45763],[-90.50328,41.45676],[-90.50178,41.45879],[-90.49935,41.46011],[-90.49934,41.46123],[-90.49929,41.46183],[-90.50138,41.46146],[-90.50249,41.46156],[-90.50249,41.46276],[-90.50673,41.46271],[-90.50683,41.46063],[-90.50783,41.46053],[-90.50794,41.46267],[-90.50891,41.46399],[-90.5213,41.46418],[-90.52659,41.46594],[-90.5276,41.46698],[-90.52833,41.46424],[-90.53781,41.46436],[-90.53783,41.46232],[-90.54151,41.46228],[-90.54521,41.46403],[-90.54496,41.46553],[-90.54712,41.4649],[-90.54894,41.46582],[-90.5502,41.46512],[-90.55069,41.46608],[-90.55152,41.46502],[-90.55397,41.4644],[-90.55377,41.46365],[-90.557,41.46363],[-90.55701,41.46302],[-90.55765,41.46397],[-90.56446,41.46446],[-90.56565,41.46433],[-90.56603,41.46397],[-90.57582,41.46311],[-90.57924,41.46207],[-90.58131,41.46031],[-90.58402,41.46111],[-90.58672,41.46485],[-90.58866,41.46657],[-90.59331,41.47245],[-90.59491,41.47205],[-90.59882,41.47418],[-90.60052,41.47455],[-90.60431,41.47821],[-90.60651,41.47917],[-90.60857,41.4808],[-90.61093,41.48201],[-90.6149,41.48335],[-90.60585,41.48905],[-90.60525,41.48924],[-90.60307,41.49436],[-90.60094,41.49736],[-90.59991,41.50115],[-90.59776,41.50561],[-90.59306,41.50895],[-90.58324,41.51156],[-90.58007,41.51224],[-90.57966,41.51261],[-90.5761,41.51315],[-90.5694,41.51246],[-90.56605,41.51146],[-90.55868,41.51064],[-90.54755,41.51002],[-90.54132,41.51039],[-90.53956,41.51105],[-90.53891,41.51379],[-90.53732,41.51483],[-90.53625,41.51456]],[[-90.52457,41.44213],[-90.5266,41.44216],[-90.52668,41.44056],[-90.52459,41.44058],[-90.52458,41.44177],[-90.52457,41.44213]],[[-90.52444,41.43824],[-90.5246,41.4388],[-90.52459,41.43979],[-90.52667,41.4398],[-90.52667,41.43805],[-90.52488,41.43807],[-90.52415,41.4383],[-90.52444,41.43824]],[[-90.52327,41.43751],[-90.52194,41.43751],[-90.52193,41.44227],[-90.52325,41.44227],[-90.52325,41.44158],[-90.52429,41.4416],[-90.52429,41.43874],[-90.52403,41.43831],[-90.52327,41.4383],[-90.52327,41.43751]],[[-90.51378,41.46783],[-90.51007,41.46783],[-90.50964,41.47256],[-90.5083,41.47541],[-90.50902,41.47651],[-90.51112,41.47612],[-90.5114,41.47598],[-90.51094,41.47497],[-90.5116,41.47437],[-90.51309,41.47487],[-90.51363,41.47314],[-90.51302,41.47316],[-90.51303,41.47143],[-90.51619,41.47143],[-90.5162,41.47353],[-90.51618,41.47437],[-90.51717,41.47439],[-90.51736,41.47448],[-90.51734,41.47357],[-90.51707,41.47334],[-90.51863,41.47313],[-90.51865,41.46901],[-90.52025,41.469],[-90.5202,41.4643],[-90.51502,41.4642],[-90.51354,41.4648],[-90.51378,41.46783]],[[-90.48938,41.47364],[-90.49117,41.47395],[-90.49124,41.47608],[-90.49492,41.47663],[-90.49575,41.47764],[-90.49625,41.47577],[-90.4989,41.47495],[-90.49781,41.47225],[-90.49918,41.47226],[-90.4945,41.47212],[-90.4894,41.47214],[-90.48938,41.47364]],[[-90.47084,41.46425],[-90.47595,41.46424],[-90.4758,41.4632],[-90.47563,41.46119],[-90.47085,41.46114],[-90.47084,41.46425]],[[-90.544,41.46879],[-90.54769,41.46761],[-90.54771,41.46681],[-90.54265,41.46822],[-90.54263,41.46901],[-90.544,41.46879]]]]}},{"type":"Feature","properties":{"name":"MTD SafeRides","boundary_type":"places","source":"Census TIGER place","fidelity":"exact","updated":"2026-09","units":"Champaign city; Urbana city","note":"Nighttime on-demand service in Champaign-Urbana university communities","confidence":0.9},"geometry":{"type":"Polygon","coordinates":[[[-88.32851,40.10784],[-88.32383,40.10783],[-88.32395,40.11268],[-88.31453,40.11275],[-88.31453,40.11325],[-88.31684,40.11326],[-88.31687,40.11456],[-88.31919,40.11453],[-88.31919,40.1169],[-88.31455,40.11698],[-88.31454,40.1144],[-88.31254,40.11436],[-88.31253,40.11324],[-88.30974,40.11321],[-88.31419,40.11301],[-88.31452,40.11214],[-88.31451,40.11174],[-88.31237,40.10938],[-88.30997,40.10934],[-88.31002,40.11248],[-88.30481,40.11269],[-88.29545,40.11277],[-88.29477,40.11302],[-88.29439,40.11302],[-88.29378,40.11315],[-88.2932,40.11316],[-88.2928,40.1133],[-88.29212,40.1136],[-88.29221,40.11372],[-88.293,40.11467],[-88.29547,40.11465],[-88.29585,40.11957],[-88.29883,40.11954],[-88.2988,40.11744],[-88.30029,40.11744],[-88.30032,40.11949],[-88.30167,40.11924],[-88.30486,40.11705],[-88.30889,40.11965],[-88.31501,40.11982],[-88.31471,40.122],[-88.31479,40.1351],[-88.30522,40.13491],[-88.30525,40.13728],[-88.29715,40.13717],[-88.29582,40.13666],[-88.292,40.13985],[-88.29117,40.13956],[-88.2771,40.1345],[-88.27711,40.13466],[-88.27711,40.13481],[-88.28068,40.13609],[-88.28147,40.13957],[-88.28588,40.14195],[-88.28792,40.14211],[-88.28757,40.14269],[-88.2873,40.14291],[-88.28853,40.14377],[-88.28922,40.14444],[-88.2915,40.14865],[-88.29243,40.14937],[-88.30108,40.15361],[-88.29884,40.1554],[-88.29917,40.1573],[-88.29781,40.15853],[-88.29567,40.1567],[-88.29021,40.15646],[-88.28735,40.15835],[-88.28537,40.16099],[-88.2875,40.16238],[-88.28702,40.16334],[-88.28466,40.16269],[-88.28345,40.16398],[-88.27761,40.16397],[-88.27712,40.16371],[-88.27713,40.1603],[-88.26846,40.16023],[-88.26766,40.15973],[-88.26936,40.15806],[-88.26855,40.15704],[-88.24868,40.15681],[-88.24862,40.15275],[-88.2441,40.15271],[-88.244,40.15495],[-88.24245,40.15494],[-88.24246,40.15678],[-88.23928,40.15677],[-88.23934,40.16],[-88.22966,40.15998],[-88.2297,40.16362],[-88.22122,40.16371],[-88.22806,40.14734],[-88.23223,40.14723],[-88.23214,40.14314],[-88.23302,40.14361],[-88.23903,40.14359],[-88.239,40.14177],[-88.23682,40.14222],[-88.2364,40.14176],[-88.23625,40.13788],[-88.23633,40.13534],[-88.23316,40.13499],[-88.23432,40.13233],[-88.23614,40.13093],[-88.23424,40.13095],[-88.23396,40.13098],[-88.23254,40.13106],[-88.23291,40.13241],[-88.23113,40.13501],[-88.23038,40.1353],[-88.23038,40.13502],[-88.23039,40.13244],[-88.22908,40.13244],[-88.22911,40.13503],[-88.22916,40.1373],[-88.22766,40.13731],[-88.22763,40.13535],[-88.22605,40.13603],[-88.2261,40.13868],[-88.22929,40.13869],[-88.22729,40.14176],[-88.2254,40.14596],[-88.22364,40.15],[-88.22528,40.15097],[-88.22215,40.15734],[-88.22211,40.15645],[-88.22018,40.15648],[-88.22018,40.15001],[-88.21856,40.14985],[-88.21528,40.14913],[-88.21526,40.1444],[-88.22333,40.14399],[-88.22398,40.14178],[-88.21994,40.14181],[-88.21988,40.13976],[-88.21962,40.1383],[-88.21625,40.1383],[-88.21625,40.13699],[-88.21402,40.13699],[-88.2151,40.13516],[-88.21511,40.13694],[-88.21558,40.13694],[-88.21558,40.1355],[-88.21532,40.13516],[-88.21533,40.13368],[-88.21302,40.13286],[-88.21691,40.13285],[-88.21691,40.12928],[-88.21953,40.12928],[-88.21952,40.12859],[-88.21706,40.12859],[-88.2176,40.12413],[-88.2158,40.12414],[-88.21575,40.1201],[-88.21305,40.12011],[-88.21305,40.12124],[-88.21001,40.12193],[-88.2101,40.12496],[-88.21583,40.12491],[-88.21624,40.12831],[-88.21169,40.12829],[-88.21163,40.1258],[-88.21009,40.12581],[-88.21017,40.12748],[-88.20773,40.1274],[-88.2077,40.12556],[-88.20462,40.12628],[-88.20417,40.12557],[-88.20417,40.1274],[-88.20298,40.12738],[-88.20235,40.1312],[-88.20409,40.1312],[-88.20355,40.13225],[-88.20081,40.13225],[-88.19995,40.13419],[-88.20175,40.13296],[-88.20547,40.13521],[-88.20543,40.13696],[-88.2103,40.13699],[-88.21029,40.13829],[-88.20095,40.13835],[-88.20082,40.14191],[-88.20081,40.142],[-88.20084,40.14319],[-88.20558,40.14269],[-88.20559,40.14424],[-88.21035,40.14422],[-88.21043,40.14737],[-88.20089,40.14741],[-88.20098,40.15287],[-88.19979,40.15288],[-88.19983,40.15585],[-88.19703,40.15647],[-88.1963,40.15591],[-88.19621,40.14926],[-88.19145,40.14928],[-88.19137,40.14746],[-88.18729,40.14747],[-88.18802,40.14622],[-88.18479,40.14623],[-88.18479,40.14473],[-88.18185,40.14474],[-88.18185,40.14312],[-88.18365,40.14311],[-88.18365,40.14205],[-88.17382,40.14211],[-88.17339,40.13805],[-88.17376,40.13769],[-88.17386,40.13824],[-88.17457,40.13823],[-88.17457,40.1376],[-88.17714,40.13759],[-88.17683,40.13474],[-88.17704,40.13454],[-88.17979,40.1343],[-88.17979,40.13478],[-88.18186,40.13477],[-88.18186,40.13753],[-88.18499,40.13752],[-88.18499,40.14109],[-88.18576,40.14196],[-88.18662,40.14203],[-88.18663,40.14379],[-88.1895,40.14377],[-88.19059,40.14202],[-88.19053,40.14201],[-88.19002,40.14144],[-88.19224,40.13896],[-88.1906,40.13886],[-88.18886,40.13828],[-88.18886,40.13571],[-88.19319,40.13475],[-88.1923,40.13305],[-88.19659,40.13115],[-88.19666,40.13],[-88.19595,40.12999],[-88.1959,40.12745],[-88.19708,40.12738],[-88.19588,40.12383],[-88.19579,40.12017],[-88.19103,40.12015],[-88.19119,40.12747],[-88.18762,40.12753],[-88.18512,40.12748],[-88.18512,40.12598],[-88.18469,40.12598],[-88.18469,40.12748],[-88.1832,40.12786],[-88.18097,40.12581],[-88.17693,40.12674],[-88.17226,40.12597],[-88.1722,40.12275],[-88.17217,40.12105],[-88.17215,40.12022],[-88.17037,40.12023],[-88.16958,40.12009],[-88.16745,40.11993],[-88.16651,40.11995],[-88.16652,40.12039],[-88.16653,40.12058],[-88.16293,40.12142],[-88.16302,40.12041],[-88.16269,40.11999],[-88.16254,40.11339],[-88.15307,40.11339],[-88.16235,40.11324],[-88.15307,40.11301],[-88.15306,40.1096],[-88.16275,40.10955],[-88.16494,40.10948],[-88.1649,40.10596],[-88.1627,40.10595],[-88.16258,40.10587],[-88.16231,40.09855],[-88.16217,40.09129],[-88.15755,40.09134],[-88.15752,40.08945],[-88.16144,40.08943],[-88.16212,40.08858],[-88.16215,40.084],[-88.18109,40.08383],[-88.18096,40.07657],[-88.18332,40.07655],[-88.18327,40.07291],[-88.19045,40.07287],[-88.19049,40.07524],[-88.19218,40.07523],[-88.1922,40.07651],[-88.19051,40.0765],[-88.19061,40.08364],[-88.19995,40.08361],[-88.19987,40.07649],[-88.20933,40.07645],[-88.20942,40.08358],[-88.21217,40.0836],[-88.214,40.08344],[-88.214,40.08358],[-88.2143,40.09223],[-88.21421,40.09457],[-88.21902,40.09453],[-88.22861,40.09448],[-88.22863,40.09522],[-88.23855,40.09518],[-88.23855,40.09448],[-88.23271,40.09451],[-88.23254,40.09382],[-88.23251,40.09085],[-88.23248,40.0835],[-88.23366,40.08349],[-88.23837,40.08335],[-88.24571,40.08355],[-88.24621,40.08355],[-88.24839,40.08356],[-88.25749,40.08361],[-88.25747,40.08261],[-88.25715,40.0826],[-88.25715,40.08227],[-88.25747,40.08227],[-88.25745,40.08031],[-88.25741,40.07634],[-88.27156,40.0764],[-88.27161,40.08369],[-88.26867,40.08367],[-88.26735,40.08366],[-88.26692,40.08474],[-88.26811,40.08665],[-88.26812,40.0873],[-88.27637,40.08735],[-88.27633,40.08371],[-88.27631,40.0823],[-88.27813,40.08234],[-88.27813,40.08373],[-88.27964,40.08375],[-88.2793,40.08133],[-88.2763,40.08115],[-88.27621,40.0746],[-88.28094,40.07467],[-88.28091,40.07297],[-88.27618,40.07288],[-88.2761,40.06933],[-88.27142,40.0693],[-88.27136,40.06189],[-88.27606,40.06191],[-88.27608,40.06584],[-88.28044,40.06589],[-88.28045,40.06816],[-88.28558,40.06847],[-88.28559,40.06929],[-88.29505,40.06938],[-88.29502,40.06693],[-88.30268,40.06697],[-88.30366,40.0658],[-88.30431,40.06665],[-88.30629,40.06956],[-88.31394,40.06955],[-88.31388,40.0641],[-88.32333,40.06415],[-88.32335,40.06596],[-88.32807,40.066],[-88.3281,40.06964],[-88.32338,40.06961],[-88.32339,40.07057],[-88.32346,40.07599],[-88.32347,40.07667],[-88.32351,40.08053],[-88.33294,40.08056],[-88.33296,40.08416],[-88.33305,40.09131],[-88.33305,40.09146],[-88.32833,40.09148],[-88.32836,40.0951],[-88.33309,40.09508],[-88.33314,40.09874],[-88.33321,40.09874],[-88.33334,40.10602],[-88.32853,40.10601],[-88.32851,40.10784]],[[-88.29509,40.07406],[-88.29384,40.07557],[-88.29512,40.07667],[-88.30376,40.07672],[-88.30924,40.07678],[-88.30923,40.0735],[-88.30631,40.07348],[-88.30632,40.07312],[-88.30372,40.0731],[-88.30054,40.06997],[-88.30055,40.0695],[-88.29505,40.06938],[-88.29509,40.07406]],[[-88.31395,40.07031],[-88.31401,40.07503],[-88.31657,40.07505],[-88.31652,40.07208],[-88.31621,40.06957],[-88.31394,40.06955],[-88.31395,40.07031]],[[-88.23106,40.10055],[-88.23336,40.10053],[-88.23332,40.09808],[-88.23108,40.09809],[-88.22869,40.09811],[-88.22649,40.09813],[-88.22349,40.09814],[-88.22346,40.1006],[-88.22645,40.10058],[-88.22862,40.10057],[-88.2302,40.10055],[-88.23106,40.10055]],[[-88.31412,40.08412],[-88.31403,40.08412],[-88.31403,40.08294],[-88.3125,40.08293],[-88.31248,40.08412],[-88.30442,40.08403],[-88.29872,40.08398],[-88.29822,40.08518],[-88.29519,40.08517],[-88.29524,40.09846],[-88.29524,40.10136],[-88.29477,40.10136],[-88.29477,40.10154],[-88.29524,40.10154],[-88.29531,40.10567],[-88.30473,40.10563],[-88.30465,40.09858],[-88.30464,40.09776],[-88.30725,40.09713],[-88.30955,40.0984],[-88.30957,40.09685],[-88.31192,40.09685],[-88.3119,40.09867],[-88.30956,40.09864],[-88.30961,40.10227],[-88.31436,40.10234],[-88.31448,40.10962],[-88.31913,40.10964],[-88.3191,40.10599],[-88.32377,40.10601],[-88.32371,40.09871],[-88.31429,40.09869],[-88.31412,40.08412]],[[-88.30958,40.07679],[-88.30957,40.08047],[-88.31395,40.08046],[-88.31394,40.07952],[-88.31391,40.07684],[-88.30958,40.07679]],[[-88.30423,40.07937],[-88.30434,40.0804],[-88.30923,40.08047],[-88.30901,40.07705],[-88.30409,40.077],[-88.30423,40.07937]],[[-88.29295,40.07808],[-88.29212,40.08104],[-88.29105,40.07988],[-88.28697,40.07983],[-88.28695,40.07657],[-88.28096,40.07648],[-88.28103,40.08376],[-88.28779,40.08385],[-88.29517,40.08394],[-88.29514,40.08099],[-88.29291,40.08072],[-88.29295,40.07808]],[[-88.27736,40.14323],[-88.2771,40.1453],[-88.27498,40.14529],[-88.27493,40.14207],[-88.2749,40.14002],[-88.27282,40.13976],[-88.27146,40.13854],[-88.26948,40.13848],[-88.26895,40.13767],[-88.26903,40.14201],[-88.26979,40.14351],[-88.27239,40.14449],[-88.27032,40.14508],[-88.27222,40.14654],[-88.27696,40.14702],[-88.27697,40.14869],[-88.27697,40.14881],[-88.28102,40.14799],[-88.28097,40.14474],[-88.27772,40.14209],[-88.27736,40.14323]],[[-88.27595,40.1494],[-88.27595,40.14984],[-88.277,40.14984],[-88.27703,40.15193],[-88.27993,40.14937],[-88.27699,40.14936],[-88.27595,40.1494]],[[-88.2715,40.12416],[-88.27136,40.12341],[-88.27216,40.12227],[-88.27366,40.12181],[-88.27539,40.12163],[-88.27617,40.12249],[-88.27693,40.12234],[-88.2769,40.12117],[-88.2674,40.12228],[-88.26745,40.1273],[-88.27074,40.12735],[-88.27696,40.12743],[-88.27694,40.12468],[-88.27224,40.12467],[-88.2715,40.12416]],[[-88.24357,40.09026],[-88.24357,40.09081],[-88.24316,40.0908],[-88.24322,40.09447],[-88.24437,40.09447],[-88.24497,40.09082],[-88.24439,40.09081],[-88.24439,40.09026],[-88.24357,40.09026]],[[-88.23935,40.15302],[-88.24076,40.15221],[-88.24391,40.15221],[-88.24386,40.1491],[-88.23926,40.1491],[-88.23935,40.15302]],[[-88.24011,40.08624],[-88.23978,40.08713],[-88.23851,40.08713],[-88.23851,40.08803],[-88.24184,40.08824],[-88.24184,40.08714],[-88.24011,40.08713],[-88.24011,40.08624]],[[-88.17462,40.11361],[-88.17166,40.11255],[-88.17497,40.1128],[-88.17672,40.11052],[-88.17665,40.10584],[-88.17306,40.10589],[-88.17308,40.10837],[-88.17212,40.10838],[-88.17198,40.10588],[-88.16735,40.10592],[-88.16739,40.11136],[-88.16776,40.11212],[-88.16751,40.11209],[-88.16732,40.11299],[-88.16307,40.11299],[-88.17207,40.11356],[-88.17215,40.12005],[-88.17324,40.12137],[-88.17331,40.12514],[-88.17975,40.12513],[-88.17676,40.1233],[-88.17658,40.12268],[-88.17679,40.12021],[-88.17854,40.12016],[-88.17852,40.11861],[-88.18163,40.11858],[-88.1826,40.11997],[-88.18204,40.11645],[-88.18228,40.11497],[-88.18436,40.11529],[-88.18443,40.11397],[-88.17846,40.1137],[-88.17462,40.11361]],[[-88.16703,40.09489],[-88.16711,40.0985],[-88.17188,40.09849],[-88.17188,40.09834],[-88.17181,40.09485],[-88.16703,40.09489]]]}},{"type":"Feature","properties":{"name":"North Central Area Transit (NCAT)","boundary_type":"county","source":"Census TIGER county","fidelity":"exact","updated":"2026-09","units":"LaSalle County","note":"Regional transit serving LaSalle County demand-response needs.","confidence":1.0},"geometry":{"type":"Polygon","coordinates":[[[-89.12924,41.62795],[-89.10987,41.62758],[-89.05201,41.6267],[-89.00524,41.62737],[-88.9682,41.62788],[-88.93868,41.62832],[-88.89584,41.62948],[-88.89032,41.6296],[-88.88947,41.62962],[-88.88517,41.62972],[-88.88229,41.62978],[-88.84661,41.63076],[-88.81823,41.63135],[-88.7801,41.63105],[-88.77039,41.63098],[-88.75918,41.63089],[-88.75706,41.63087],[-88.75103,41.63082],[-88.73172,41.63066],[-88.71244,41.63049],[-88.70637,41.63037],[-88.70279,41.63079],[-88.70045,41.6306],[-88.69828,41.63064],[-88.69522,41.63067],[-88.67708,41.63084],[-88.67516,41.63086],[-88.66837,41.63096],[-88.66313,41.631],[-88.66109,41.63099],[-88.66012,41.631],[-88.65421,41.63104],[-88.65072,41.63099],[-88.6236,41.63126],[-88.62154,41.63127],[-88.61185,41.63133],[-88.60224,41.63139],[-88.60058,41.58782],[-88.60023,41.57453],[-88.6006,41.57067],[-88.60005,41.56898],[-88.60001,41.56787],[-88.59992,41.56686],[-88.59989,41.56674],[-88.59938,41.55697],[-88.59944,41.55626],[-88.5993,41.55559],[-88.59942,41.55559],[-88.59934,41.55336],[-88.59901,41.54426],[-88.59852,41.52969],[-88.59744,41.50075],[-88.59716,41.49324],[-88.59691,41.48624],[-88.59648,41.4751],[-88.59596,41.45713],[-88.59583,41.44969],[-88.59563,41.44042],[-88.59537,41.42779],[-88.59521,41.4205],[-88.59458,41.39886],[-88.59356,41.36969],[-88.59185,41.33801],[-88.5914,41.32988],[-88.59139,41.32975],[-88.59124,41.32697],[-88.59095,41.3216],[-88.59039,41.31148],[-88.59029,41.30916],[-88.59004,41.30346],[-88.58998,41.30226],[-88.5899,41.30027],[-88.58989,41.30016],[-88.58907,41.28235],[-88.58847,41.26795],[-88.58701,41.20229],[-88.58691,41.19537],[-88.58674,41.18099],[-88.58639,41.1373],[-88.58624,41.10829],[-88.63238,41.10793],[-88.66154,41.10762],[-88.69887,41.10723],[-88.70016,41.10724],[-88.70126,41.10723],[-88.7575,41.10677],[-88.75751,41.10676],[-88.8065,41.10655],[-88.80974,41.10653],[-88.81221,41.10652],[-88.81335,41.10651],[-88.81512,41.1065],[-88.81621,41.10649],[-88.82425,41.10642],[-88.8249,41.10642],[-88.82508,41.10641],[-88.82892,41.10638],[-88.83182,41.10636],[-88.83201,41.10636],[-88.83376,41.10634],[-88.83604,41.10633],[-88.84098,41.10629],[-88.84347,41.10627],[-88.84488,41.10625],[-88.84576,41.10625],[-88.84851,41.10622],[-88.8489,41.10622],[-88.85237,41.10623],[-88.89293,41.10605],[-88.91921,41.10593],[-88.93088,41.1059],[-88.93073,41.07551],[-88.93073,41.07215],[-88.93069,41.06477],[-88.93063,41.04998],[-88.93065,41.03057],[-88.93066,41.02211],[-88.93067,41.01529],[-88.93073,41.00121],[-88.93092,40.97189],[-88.93139,40.92774],[-89.02746,40.92617],[-89.03578,40.92599],[-89.04772,40.92575],[-89.0474,40.97676],[-89.0471,40.98047],[-89.04738,40.9853],[-89.04734,40.99202],[-89.04724,41.0133],[-89.04728,41.02553],[-89.04725,41.02787],[-89.04725,41.02803],[-89.04732,41.04764],[-89.04739,41.06081],[-89.04747,41.07164],[-89.04771,41.10383],[-89.04739,41.10479],[-89.05499,41.10469],[-89.06573,41.10459],[-89.07171,41.10454],[-89.1139,41.10423],[-89.13308,41.10416],[-89.1374,41.10414],[-89.16224,41.10401],[-89.16234,41.12619],[-89.1625,41.15919],[-89.16257,41.17715],[-89.16298,41.17768],[-89.16297,41.18692],[-89.16262,41.19231],[-89.16278,41.22138],[-89.16281,41.22885],[-89.16286,41.23594],[-89.16302,41.25761],[-89.16302,41.25858],[-89.16322,41.28005],[-89.1637,41.31019],[-89.16371,41.31027],[-89.16373,41.31153],[-89.164,41.32805],[-89.16401,41.33053],[-89.1641,41.3354],[-89.16415,41.33771],[-89.16423,41.3413],[-89.16432,41.34657],[-89.16434,41.34999],[-89.16439,41.35386],[-89.16443,41.35608],[-89.16446,41.35719],[-89.16447,41.35757],[-89.16463,41.36419],[-89.16462,41.36457],[-89.16462,41.36493],[-89.16468,41.36689],[-89.16478,41.37404],[-89.16484,41.37929],[-89.16489,41.38186],[-89.1653,41.40843],[-89.16575,41.43016],[-89.16587,41.43785],[-89.16596,41.44489],[-89.16605,41.45242],[-89.16605,41.45425],[-89.16643,41.48165],[-89.16654,41.49583],[-89.16649,41.49782],[-89.16647,41.5417],[-89.16656,41.58529],[-89.16697,41.61464],[-89.16715,41.62866],[-89.12924,41.62795]]]}},{"type":"Feature","properties":{"name":"Pace On Demand","boundary_type":"places","source":"Census TIGER place","fidelity":"approximate","updated":"2026-09","units":"Batavia city; Hoffman Estates village; Lansing village; Naperville city; Aurora city; Arlington Heights village; Rolling Meadows city; Round Lake village; St. Charles city; Geneva city; Vernon Hills village; Mundelein village; Joliet city; Wheaton city; Winfield village","note":"Pace On Demand is 11 separate named zones (Batavia; Hoffman Estates; Lansing Area; Naperville-Aurora; Northwest Cook [Arlington Heights-Rolling Meadows]; Round Lake Area; Southeast Aurora; St. Charles-Geneva; Vernon Hills-Mundelein; West Joliet; Wheaton-Winfield), each covering only part of the named municipalities, not full city limits -- e.g. the Naperville-Aurora zone is bounded by I-88, Ferry Rd, Warrenville Rd, Naper Blvd, Gartner Rd, West St, Ogden Ave and Eola Rd (per RTA Chicago blog). No zone-by-zone size or street-boundary data is published for the other 10 zones, so all listed municipalities are used as approximate containing units. Source: https://www.pacebus.com/on-demand ; https://www.rtachicago.org/blog/2022/06/29/pace-introduces-vango-and-expands-naperville-aurora-on-demand-mobility-services","confidence":0.55},"geometry":{"type":"MultiPolygon","coordinates":[[[[-88.17792,41.46405],[-88.18562,41.45858],[-88.18614,41.45754],[-88.18628,41.46134],[-88.18205,41.46397],[-88.18016,41.46526],[-88.17981,41.46457],[-88.1788,41.46471],[-88.17882,41.46403],[-88.17792,41.46405]]],[[[-88.35294,41.56644],[-88.35336,41.5686],[-88.3531,41.57188],[-88.34348,41.57207],[-88.34314,41.56297],[-88.34049,41.56242],[-88.33862,41.56305],[-88.33889,41.57031],[-88.33377,41.57041],[-88.33404,41.57769],[-88.33231,41.57772],[-88.33009,41.57556],[-88.33,41.57325],[-88.3285,41.57324],[-88.32938,41.57049],[-88.324,41.57057],[-88.32381,41.56552],[-88.32208,41.56557],[-88.32198,41.56395],[-88.31421,41.56411],[-88.31426,41.57078],[-88.30512,41.57097],[-88.30534,41.57825],[-88.29542,41.5784],[-88.295,41.57107],[-88.27549,41.57156],[-88.27534,41.56779],[-88.26572,41.56793],[-88.26558,41.56432],[-88.26814,41.56428],[-88.26807,41.56336],[-88.26316,41.56347],[-88.26319,41.56437],[-88.25599,41.56453],[-88.25623,41.57105],[-88.25656,41.57857],[-88.25657,41.57874],[-88.24682,41.57899],[-88.23966,41.57917],[-88.23948,41.56922],[-88.23929,41.56468],[-88.24291,41.56464],[-88.24476,41.56463],[-88.24444,41.55792],[-88.23883,41.55797],[-88.23848,41.55021],[-88.23815,41.54294],[-88.24288,41.54283],[-88.24778,41.54272],[-88.24771,41.5403],[-88.25494,41.54014],[-88.25475,41.53518],[-88.25969,41.53533],[-88.25999,41.54258],[-88.26481,41.54244],[-88.26424,41.5279],[-88.27381,41.52767],[-88.27371,41.52099],[-88.27369,41.52047],[-88.28327,41.52024],[-88.28391,41.53488],[-88.2886,41.53479],[-88.28832,41.52745],[-88.29307,41.52735],[-88.29321,41.52735],[-88.29366,41.54182],[-88.29837,41.54172],[-88.29848,41.54595],[-88.30672,41.54577],[-88.30828,41.54305],[-88.30828,41.54178],[-88.31328,41.54166],[-88.31348,41.5489],[-88.31391,41.54889],[-88.3329,41.54861],[-88.33302,41.55143],[-88.3332,41.55583],[-88.34255,41.55569],[-88.34235,41.55202],[-88.35223,41.55178],[-88.35211,41.54831],[-88.35223,41.54831],[-88.36195,41.54812],[-88.36219,41.55539],[-88.35739,41.55547],[-88.35744,41.55909],[-88.3528,41.55917],[-88.35293,41.56269],[-88.35753,41.56259],[-88.35758,41.56636],[-88.35294,41.56644]],[[-88.32767,41.56326],[-88.32768,41.56438],[-88.32963,41.56435],[-88.3296,41.56335],[-88.3296,41.56322],[-88.32767,41.56326]],[[-88.32257,41.56518],[-88.3238,41.56515],[-88.32375,41.56377],[-88.32419,41.56331],[-88.32256,41.56334],[-88.32257,41.56518]],[[-88.3185,41.55432],[-88.31856,41.55626],[-88.31873,41.55622],[-88.32319,41.55616],[-88.32349,41.55613],[-88.32341,41.55425],[-88.3185,41.55432]],[[-88.30559,41.55154],[-88.30549,41.54911],[-88.30379,41.54914],[-88.30388,41.55157],[-88.30559,41.55154]],[[-88.30037,41.55079],[-88.3003,41.54921],[-88.29731,41.54925],[-88.29735,41.55085],[-88.30037,41.55079]],[[-88.28909,41.54937],[-88.28882,41.54206],[-88.27925,41.54228],[-88.27953,41.54963],[-88.28909,41.54937]],[[-88.28143,41.56404],[-88.28141,41.56174],[-88.27982,41.56177],[-88.27993,41.56406],[-88.27544,41.56413],[-88.2756,41.56778],[-88.28154,41.56771],[-88.28143,41.56404]],[[-88.25609,41.55105],[-88.25607,41.55073],[-88.25539,41.55074],[-88.25542,41.55169],[-88.25735,41.55164],[-88.25732,41.55103],[-88.25609,41.55105]],[[-88.25456,41.55009],[-88.25535,41.55009],[-88.25529,41.54952],[-88.25456,41.55009]]],[[[-88.21891,41.57216],[-88.21915,41.57654],[-88.21641,41.57649],[-88.21453,41.57517],[-88.21472,41.57304],[-88.21682,41.56776],[-88.21955,41.56491],[-88.22642,41.55758],[-88.2289,41.55501],[-88.23349,41.55024],[-88.23789,41.54558],[-88.23815,41.55022],[-88.23641,41.55023],[-88.23647,41.55149],[-88.23817,41.55147],[-88.23861,41.56108],[-88.23875,41.56108],[-88.2389,41.56468],[-88.23909,41.56923],[-88.22952,41.56933],[-88.22932,41.56479],[-88.22053,41.56489],[-88.2201,41.56941],[-88.22289,41.56938],[-88.223,41.57211],[-88.21891,41.57216]]],[[[-88.25422,41.70896],[-88.25425,41.70942],[-88.25212,41.70893],[-88.24876,41.70899],[-88.24454,41.70906],[-88.24446,41.70612],[-88.24149,41.70617],[-88.24171,41.70022],[-88.2427,41.69985],[-88.24681,41.69886],[-88.24715,41.69878],[-88.24701,41.69453],[-88.23923,41.69465],[-88.23539,41.69388],[-88.23518,41.68745],[-88.24392,41.68729],[-88.2437,41.68004],[-88.2504,41.67994],[-88.2597,41.69338],[-88.25839,41.69331],[-88.26027,41.69595],[-88.26082,41.69667],[-88.26167,41.69739],[-88.26131,41.69747],[-88.26509,41.70283],[-88.26656,41.70403],[-88.26691,41.70442],[-88.26517,41.70513],[-88.26522,41.70878],[-88.26102,41.70894],[-88.25869,41.70953],[-88.25866,41.70889],[-88.25422,41.70896]],[[-88.25262,41.70674],[-88.25411,41.70674],[-88.25406,41.7053],[-88.25258,41.70531],[-88.25262,41.70674]],[[-88.25207,41.69573],[-88.25389,41.69569],[-88.25384,41.69446],[-88.25204,41.69448],[-88.25207,41.69573]]],[[[-88.35421,41.73752],[-88.35416,41.74295],[-88.35094,41.74301],[-88.35084,41.73757],[-88.35421,41.73752]]],[[[-88.33835,41.74788],[-88.33915,41.74749],[-88.3415,41.74744],[-88.34155,41.74954],[-88.34064,41.74956],[-88.34098,41.75062],[-88.34042,41.75006],[-88.33881,41.75061],[-88.33881,41.75013],[-88.33722,41.75008],[-88.33835,41.74788]]],[[[-88.39491,41.74855],[-88.39491,41.74784],[-88.39903,41.74778],[-88.39906,41.75139],[-88.3991,41.75249],[-88.39782,41.75514],[-88.3977,41.75151],[-88.39207,41.75149],[-88.39188,41.75004],[-88.39048,41.74813],[-88.39491,41.74855]]],[[[-88.39475,41.77348],[-88.38409,41.7737],[-88.38412,41.77563],[-88.3862,41.77628],[-88.38887,41.77503],[-88.39024,41.7768],[-88.3896,41.7785],[-88.39124,41.77921],[-88.39137,41.78823],[-88.3906,41.79155],[-88.38558,41.79163],[-88.38565,41.7945],[-88.37542,41.79457],[-88.37528,41.79285],[-88.37286,41.79286],[-88.36924,41.79465],[-88.34996,41.79494],[-88.34979,41.79494],[-88.34493,41.79473],[-88.34488,41.78843],[-88.34245,41.78848],[-88.34248,41.79224],[-88.33084,41.79254],[-88.33076,41.78879],[-88.33034,41.7888],[-88.31886,41.78913],[-88.31767,41.78904],[-88.31762,41.78896],[-88.31489,41.78911],[-88.31145,41.7821],[-88.31105,41.7821],[-88.31465,41.78912],[-88.31755,41.79606],[-88.31216,41.79632],[-88.31076,41.79591],[-88.30943,41.79577],[-88.30843,41.79595],[-88.30695,41.7965],[-88.30675,41.79652],[-88.30791,41.79539],[-88.30545,41.79579],[-88.30389,41.79287],[-88.30209,41.79285],[-88.30286,41.79232],[-88.30294,41.79014],[-88.2952,41.79036],[-88.29462,41.79193],[-88.29326,41.79194],[-88.29331,41.79391],[-88.29598,41.79424],[-88.29673,41.79489],[-88.29774,41.79421],[-88.30129,41.79416],[-88.30132,41.79607],[-88.29911,41.79716],[-88.28984,41.79714],[-88.28996,41.79653],[-88.2943,41.79648],[-88.29426,41.79546],[-88.29013,41.79544],[-88.2905,41.79283],[-88.29265,41.79292],[-88.29264,41.79187],[-88.29067,41.79188],[-88.29062,41.79214],[-88.2852,41.7919],[-88.28526,41.79305],[-88.28277,41.79312],[-88.2837,41.7948],[-88.28242,41.79537],[-88.28199,41.7952],[-88.28198,41.79436],[-88.28108,41.79022],[-88.2788,41.79026],[-88.27869,41.79387],[-88.27677,41.7939],[-88.27628,41.79575],[-88.27887,41.79571],[-88.27948,41.79802],[-88.27587,41.79853],[-88.27174,41.79905],[-88.27176,41.79923],[-88.27924,41.79943],[-88.28057,41.79991],[-88.2821,41.80146],[-88.28414,41.79993],[-88.28476,41.79889],[-88.30104,41.79772],[-88.30113,41.79846],[-88.30132,41.80348],[-88.29735,41.80202],[-88.29174,41.80229],[-88.29729,41.80224],[-88.30132,41.8037],[-88.30159,41.81095],[-88.3016,41.81136],[-88.30163,41.81465],[-88.29881,41.81951],[-88.29855,41.81879],[-88.29728,41.82032],[-88.29305,41.81996],[-88.29308,41.82217],[-88.29861,41.8221],[-88.29862,41.82297],[-88.29876,41.82297],[-88.29894,41.82585],[-88.30413,41.82579],[-88.3101,41.82575],[-88.31136,41.82631],[-88.31145,41.82731],[-88.30685,41.82748],[-88.30433,41.83033],[-88.30824,41.83288],[-88.3082,41.8359],[-88.31072,41.83638],[-88.31157,41.83659],[-88.31011,41.83986],[-88.31184,41.83984],[-88.31251,41.83751],[-88.31459,41.83794],[-88.32021,41.83006],[-88.32447,41.83211],[-88.32452,41.83092],[-88.3229,41.83056],[-88.32062,41.82969],[-88.32069,41.82959],[-88.32151,41.8284],[-88.32404,41.8294],[-88.32412,41.83058],[-88.33093,41.83064],[-88.33092,41.83258],[-88.33684,41.83255],[-88.33871,41.83256],[-88.33923,41.82871],[-88.34028,41.82017],[-88.34041,41.81892],[-88.34274,41.81892],[-88.34649,41.81824],[-88.3571,41.81644],[-88.3571,41.8196],[-88.34926,41.81925],[-88.34832,41.82418],[-88.34474,41.82403],[-88.34364,41.82855],[-88.3427,41.83226],[-88.34046,41.83519],[-88.34693,41.83539],[-88.34689,41.83629],[-88.35263,41.83625],[-88.35482,41.83675],[-88.35508,41.83526],[-88.35903,41.83596],[-88.35961,41.83706],[-88.3587,41.83922],[-88.36052,41.83919],[-88.3605,41.84272],[-88.36296,41.84284],[-88.36289,41.8454],[-88.36287,41.8449],[-88.36213,41.84583],[-88.35964,41.84627],[-88.35938,41.84787],[-88.35558,41.84746],[-88.35591,41.84664],[-88.34826,41.84684],[-88.34713,41.84853],[-88.35006,41.84845],[-88.35004,41.84978],[-88.35378,41.8497],[-88.35336,41.86165],[-88.35735,41.86129],[-88.3574,41.86489],[-88.35799,41.86489],[-88.3681,41.86478],[-88.37067,41.86527],[-88.37144,41.86547],[-88.3705,41.86964],[-88.37112,41.87249],[-88.36949,41.87254],[-88.36948,41.87549],[-88.36464,41.8755],[-88.36463,41.88295],[-88.36648,41.88337],[-88.36454,41.88329],[-88.37429,41.88397],[-88.37523,41.88469],[-88.37515,41.88986],[-88.37626,41.88997],[-88.37591,41.89349],[-88.37962,41.89345],[-88.37929,41.89702],[-88.37861,41.90371],[-88.38444,41.90425],[-88.38953,41.9049],[-88.3896,41.9109],[-88.38828,41.91093],[-88.3883,41.9115],[-88.38,41.91163],[-88.38,41.91426],[-88.37704,41.91421],[-88.37634,41.9142],[-88.37572,41.91784],[-88.37479,41.91787],[-88.37391,41.91414],[-88.36162,41.9136],[-88.36163,41.9175],[-88.36732,41.91766],[-88.36689,41.92138],[-88.36407,41.92139],[-88.36456,41.92504],[-88.35749,41.92182],[-88.35456,41.9207],[-88.35474,41.91333],[-88.35474,41.90477],[-88.35941,41.90466],[-88.35932,41.90309],[-88.3624,41.90296],[-88.36239,41.90126],[-88.35934,41.90136],[-88.35947,41.89738],[-88.35501,41.89748],[-88.35511,41.8828],[-88.35487,41.8828],[-88.35477,41.89749],[-88.3499,41.89763],[-88.34963,41.89763],[-88.34969,41.90344],[-88.35134,41.90337],[-88.35129,41.90485],[-88.35446,41.90478],[-88.3545,41.91332],[-88.35423,41.91331],[-88.35432,41.92059],[-88.34844,41.9181],[-88.347,41.91766],[-88.34439,41.91719],[-88.34189,41.91721],[-88.34463,41.91749],[-88.34467,41.92018],[-88.34265,41.91951],[-88.34193,41.92123],[-88.34193,41.92605],[-88.34013,41.92602],[-88.34008,41.92355],[-88.33719,41.92305],[-88.33694,41.92234],[-88.33053,41.92237],[-88.33033,41.92132],[-88.32097,41.92143],[-88.3216,41.92321],[-88.32165,41.92404],[-88.32315,41.92433],[-88.32534,41.92326],[-88.32753,41.92394],[-88.32762,41.92557],[-88.329,41.92743],[-88.32843,41.93028],[-88.32893,41.93144],[-88.32753,41.93168],[-88.32722,41.93405],[-88.32405,41.93414],[-88.32278,41.93315],[-88.32299,41.9306],[-88.32374,41.9293],[-88.3217,41.9296],[-88.32168,41.9301],[-88.32036,41.93594],[-88.32629,41.93583],[-88.32584,41.93686],[-88.3241,41.9368],[-88.32391,41.93773],[-88.32674,41.93769],[-88.32591,41.94058],[-88.32774,41.94158],[-88.32786,41.94603],[-88.32932,41.94518],[-88.33231,41.94566],[-88.33229,41.94875],[-88.33373,41.94873],[-88.33405,41.95044],[-88.33241,41.95151],[-88.33032,41.95079],[-88.32519,41.95081],[-88.3253,41.95727],[-88.33185,41.95732],[-88.33267,41.96093],[-88.31952,41.96113],[-88.31853,41.95834],[-88.32109,41.95832],[-88.32107,41.95743],[-88.31825,41.95744],[-88.31814,41.95683],[-88.31723,41.95449],[-88.31855,41.95428],[-88.31843,41.95307],[-88.31787,41.95306],[-88.31789,41.95236],[-88.31715,41.95235],[-88.31697,41.95098],[-88.31271,41.94988],[-88.31191,41.94986],[-88.30836,41.94994],[-88.30879,41.94848],[-88.31162,41.94844],[-88.31266,41.9495],[-88.31601,41.95067],[-88.31662,41.95076],[-88.31846,41.94474],[-88.31954,41.94623],[-88.32603,41.94607],[-88.32594,41.94241],[-88.31883,41.94276],[-88.3119,41.9429],[-88.31074,41.94299],[-88.30631,41.94313],[-88.30631,41.94325],[-88.3031,41.94294],[-88.30278,41.94502],[-88.30093,41.94511],[-88.30094,41.94577],[-88.30492,41.94606],[-88.3063,41.94584],[-88.30614,41.94763],[-88.30594,41.9485],[-88.3086,41.94849],[-88.30817,41.94994],[-88.30576,41.94952],[-88.30579,41.94914],[-88.30478,41.95025],[-88.29887,41.95007],[-88.29883,41.94817],[-88.29387,41.9485],[-88.29281,41.95197],[-88.29257,41.95198],[-88.29186,41.95065],[-88.29171,41.94226],[-88.2955,41.94223],[-88.29844,41.94331],[-88.29842,41.94217],[-88.29987,41.94215],[-88.29873,41.94006],[-88.29868,41.93785],[-88.29699,41.93787],[-88.29707,41.93489],[-88.29482,41.9349],[-88.29478,41.93784],[-88.29219,41.93793],[-88.28965,41.9383],[-88.28992,41.9362],[-88.28794,41.93623],[-88.28777,41.9373],[-88.28136,41.93745],[-88.28141,41.93892],[-88.27856,41.93871],[-88.27703,41.94027],[-88.27566,41.94172],[-88.27292,41.94646],[-88.27281,41.94664],[-88.27242,41.94718],[-88.27211,41.94763],[-88.26948,41.94816],[-88.26446,41.94794],[-88.26431,41.94668],[-88.26557,41.94182],[-88.26586,41.93695],[-88.26564,41.93695],[-88.26268,41.93703],[-88.26258,41.92841],[-88.25442,41.92851],[-88.25254,41.92937],[-88.25262,41.92488],[-88.25137,41.92492],[-88.25139,41.9228],[-88.25045,41.92282],[-88.25045,41.92239],[-88.2495,41.92238],[-88.24951,41.92143],[-88.2499,41.92144],[-88.24992,41.91562],[-88.26253,41.91662],[-88.2625,41.91115],[-88.27693,41.91201],[-88.2625,41.91088],[-88.26243,41.90374],[-88.26728,41.90368],[-88.26728,41.89909],[-88.27689,41.89891],[-88.27708,41.89329],[-88.29007,41.89169],[-88.28739,41.89123],[-88.27881,41.8925],[-88.26245,41.892],[-88.26248,41.88493],[-88.26733,41.88537],[-88.26734,41.88363],[-88.27213,41.88462],[-88.27229,41.88292],[-88.26249,41.88289],[-88.26248,41.88269],[-88.26249,41.88251],[-88.2702,41.8824],[-88.27022,41.87723],[-88.27227,41.87718],[-88.27193,41.88053],[-88.27288,41.87907],[-88.27384,41.87929],[-88.27333,41.88225],[-88.27555,41.88232],[-88.27813,41.88229],[-88.29074,41.88201],[-88.29175,41.88171],[-88.29161,41.87694],[-88.30001,41.87654],[-88.29935,41.87168],[-88.28736,41.87241],[-88.28797,41.86894],[-88.28689,41.86893],[-88.2825,41.86899],[-88.2823,41.87115],[-88.28103,41.87116],[-88.27999,41.87567],[-88.27826,41.87564],[-88.27914,41.86998],[-88.27508,41.87009],[-88.27509,41.86915],[-88.272,41.86933],[-88.26836,41.87126],[-88.26255,41.87115],[-88.26254,41.86291],[-88.25978,41.86294],[-88.25983,41.86002],[-88.26255,41.8594],[-88.27651,41.85607],[-88.27243,41.85686],[-88.27281,41.85017],[-88.27859,41.85015],[-88.27938,41.84063],[-88.27932,41.83876],[-88.27585,41.83884],[-88.27583,41.83516],[-88.27884,41.83506],[-88.27954,41.82782],[-88.28113,41.82779],[-88.28112,41.82655],[-88.28179,41.82654],[-88.28215,41.82624],[-88.28214,41.82443],[-88.27986,41.82446],[-88.27563,41.82423],[-88.27254,41.82218],[-88.26535,41.81517],[-88.26628,41.81308],[-88.26433,41.81211],[-88.26279,41.81213],[-88.26279,41.8123],[-88.26279,41.81283],[-88.26279,41.81563],[-88.23118,41.81996],[-88.22435,41.82045],[-88.22442,41.81782],[-88.22254,41.81766],[-88.22249,41.8195],[-88.2218,41.81949],[-88.22164,41.82054],[-88.21705,41.82069],[-88.22568,41.81248],[-88.22434,41.81252],[-88.22404,41.81253],[-88.21531,41.82072],[-88.21471,41.82072],[-88.21427,41.82072],[-88.21418,41.82072],[-88.21418,41.8165],[-88.20501,41.81595],[-88.20498,41.81553],[-88.20826,41.8159],[-88.20841,41.81267],[-88.20848,41.81038],[-88.2097,41.81038],[-88.20962,41.81271],[-88.2096,41.8131],[-88.20916,41.8131],[-88.20915,41.81361],[-88.21377,41.81351],[-88.21381,41.81273],[-88.21381,41.81265],[-88.21392,41.81039],[-88.21077,41.81038],[-88.21085,41.80791],[-88.20773,41.81038],[-88.20367,41.80987],[-88.20399,41.81206],[-88.20422,41.81281],[-88.19047,41.81294],[-88.18709,41.81154],[-88.18635,41.8113],[-88.186,41.81119],[-88.18704,41.80667],[-88.18673,41.80544],[-88.18863,41.80479],[-88.18912,41.79866],[-88.18991,41.79866],[-88.18991,41.79787],[-88.18894,41.79788],[-88.18569,41.79041],[-88.18553,41.79008],[-88.18473,41.79054],[-88.18404,41.78955],[-88.18423,41.78866],[-88.18476,41.78849],[-88.18445,41.78796],[-88.18306,41.78826],[-88.18155,41.78614],[-88.18299,41.78577],[-88.18141,41.78357],[-88.18017,41.78406],[-88.17606,41.78167],[-88.17539,41.78187],[-88.17518,41.78193],[-88.17457,41.7821],[-88.17529,41.78306],[-88.17645,41.785],[-88.17631,41.79948],[-88.17226,41.79993],[-88.15711,41.79921],[-88.15704,41.80631],[-88.15702,41.80959],[-88.15783,41.81257],[-88.15581,41.81322],[-88.15587,41.81302],[-88.15183,41.81237],[-88.15126,41.81358],[-88.15086,41.81382],[-88.15007,41.81361],[-88.14677,41.81367],[-88.14677,41.81275],[-88.14378,41.81198],[-88.14463,41.81061],[-88.14009,41.80943],[-88.139,41.81084],[-88.14016,41.81112],[-88.14028,41.81394],[-88.13058,41.81436],[-88.13062,41.81719],[-88.12541,41.81724],[-88.12461,41.82181],[-88.12171,41.82187],[-88.12198,41.81956],[-88.11778,41.81808],[-88.11819,41.81527],[-88.11705,41.81487],[-88.11564,41.8147],[-88.11378,41.81473],[-88.11428,41.81389],[-88.11416,41.81385],[-88.11573,41.81123],[-88.11604,41.8108],[-88.11613,41.81083],[-88.11629,41.81088],[-88.11742,41.80894],[-88.11727,41.80893],[-88.11884,41.8064],[-88.11851,41.80717],[-88.12343,41.80798],[-88.12391,41.8073],[-88.12366,41.80681],[-88.12214,41.80644],[-88.11895,41.80622],[-88.11917,41.80585],[-88.1193,41.80562],[-88.11876,41.80556],[-88.11791,41.80488],[-88.11992,41.80026],[-88.11639,41.80027],[-88.11635,41.7996],[-88.11756,41.79958],[-88.11729,41.79611],[-88.11715,41.79612],[-88.11673,41.79546],[-88.11896,41.79508],[-88.11889,41.79454],[-88.12193,41.79384],[-88.12149,41.79216],[-88.12161,41.78948],[-88.12168,41.78943],[-88.12283,41.78841],[-88.12269,41.78665],[-88.11981,41.78757],[-88.12133,41.78878],[-88.11718,41.78844],[-88.11638,41.78722],[-88.11709,41.78591],[-88.12186,41.78324],[-88.12813,41.78112],[-88.12843,41.78084],[-88.12847,41.78083],[-88.12817,41.77588],[-88.12812,41.77485],[-88.11953,41.7769],[-88.11779,41.77713],[-88.10977,41.77909],[-88.10756,41.77963],[-88.10743,41.77585],[-88.10932,41.77581],[-88.10985,41.77687],[-88.10977,41.77793],[-88.11246,41.77793],[-88.11284,41.77711],[-88.11128,41.77577],[-88.11161,41.77516],[-88.1134,41.77737],[-88.11447,41.77709],[-88.11477,41.77696],[-88.11459,41.77239],[-88.11021,41.77242],[-88.11078,41.77012],[-88.11221,41.76813],[-88.11283,41.76559],[-88.11285,41.7655],[-88.1097,41.76558],[-88.10901,41.75979],[-88.1037,41.7599],[-88.10391,41.75939],[-88.10383,41.75563],[-88.09897,41.75637],[-88.09545,41.75673],[-88.09533,41.75283],[-88.1013,41.75269],[-88.10127,41.75178],[-88.10369,41.75172],[-88.10387,41.75172],[-88.10398,41.75449],[-88.10522,41.75424],[-88.10516,41.75345],[-88.10571,41.75344],[-88.10565,41.75093],[-88.10367,41.75096],[-88.10122,41.75023],[-88.10117,41.74907],[-88.1036,41.74902],[-88.10357,41.74767],[-88.10113,41.74771],[-88.09873,41.7482],[-88.09876,41.74913],[-88.09472,41.74919],[-88.09381,41.74921],[-88.09391,41.75093],[-88.09129,41.75098],[-88.0912,41.74955],[-88.08891,41.7496],[-88.0889,41.74932],[-88.08859,41.74204],[-88.08944,41.74063],[-88.08931,41.74016],[-88.08853,41.74017],[-88.08851,41.73926],[-88.09429,41.7347],[-88.09817,41.73458],[-88.09794,41.72727],[-88.09764,41.72006],[-88.0978,41.71949],[-88.0976,41.71954],[-88.0975,41.71615],[-88.10395,41.71607],[-88.10323,41.71339],[-88.11162,41.71304],[-88.1117,41.7134],[-88.1144,41.71307],[-88.11476,41.71343],[-88.11675,41.71342],[-88.11676,41.71378],[-88.11736,41.71341],[-88.11711,41.70713],[-88.1268,41.70682],[-88.12708,41.70783],[-88.128,41.71111],[-88.12815,41.70892],[-88.13035,41.70887],[-88.1333,41.70835],[-88.13351,41.71334],[-88.13357,41.71459],[-88.13526,41.71507],[-88.13678,41.71416],[-88.13789,41.71328],[-88.13666,41.70928],[-88.14074,41.70754],[-88.1412,41.70769],[-88.14758,41.71007],[-88.14822,41.71129],[-88.14932,41.71085],[-88.15246,41.71078],[-88.15221,41.7041],[-88.16683,41.70375],[-88.16681,41.70318],[-88.15929,41.70336],[-88.1563,41.70233],[-88.15903,41.69979],[-88.15912,41.69867],[-88.1621,41.69504],[-88.16418,41.69148],[-88.16632,41.6904],[-88.16632,41.69031],[-88.17098,41.68857],[-88.17596,41.68844],[-88.1759,41.68687],[-88.18062,41.68342],[-88.18052,41.68107],[-88.18183,41.68076],[-88.18266,41.68005],[-88.18433,41.67672],[-88.18501,41.67127],[-88.18479,41.67005],[-88.2039,41.6698],[-88.20421,41.6698],[-88.20436,41.67294],[-88.20453,41.67682],[-88.20455,41.67705],[-88.20462,41.67819],[-88.20763,41.67804],[-88.20774,41.68062],[-88.2125,41.68055],[-88.21208,41.68421],[-88.20489,41.68437],[-88.20508,41.68814],[-88.20262,41.68797],[-88.20216,41.68797],[-88.19531,41.68807],[-88.19546,41.6917],[-88.2052,41.69158],[-88.20752,41.69154],[-88.20617,41.69404],[-88.2085,41.69448],[-88.20658,41.6952],[-88.21471,41.69507],[-88.21864,41.69501],[-88.22465,41.69492],[-88.22461,41.69369],[-88.22216,41.69372],[-88.22205,41.6913],[-88.2245,41.69126],[-88.22435,41.68763],[-88.2195,41.68764],[-88.21925,41.68234],[-88.21684,41.68238],[-88.2168,41.68049],[-88.21532,41.68051],[-88.21439,41.68052],[-88.21422,41.6769],[-88.21512,41.67688],[-88.21909,41.67682],[-88.22395,41.67674],[-88.22384,41.67384],[-88.22381,41.67312],[-88.22872,41.67303],[-88.22879,41.67481],[-88.23368,41.67476],[-88.23396,41.67476],[-88.23417,41.68019],[-88.23388,41.6802],[-88.23441,41.69474],[-88.23464,41.70198],[-88.22491,41.70216],[-88.22493,41.70272],[-88.23388,41.70256],[-88.23393,41.70414],[-88.2299,41.70621],[-88.23001,41.70933],[-88.2341,41.70925],[-88.23515,41.70966],[-88.23521,41.71148],[-88.23535,41.71552],[-88.22541,41.71669],[-88.22551,41.71717],[-88.22567,41.72501],[-88.23554,41.72492],[-88.23445,41.73222],[-88.23388,41.73588],[-88.23027,41.73592],[-88.23014,41.7415],[-88.23322,41.74149],[-88.23317,41.74482],[-88.23293,41.75432],[-88.2332,41.75433],[-88.23396,41.75437],[-88.23399,41.75203],[-88.23404,41.74816],[-88.23515,41.74735],[-88.23409,41.74453],[-88.23427,41.73937],[-88.23536,41.73221],[-88.23643,41.72492],[-88.23611,41.71535],[-88.23598,41.71146],[-88.23975,41.71136],[-88.2397,41.70962],[-88.24878,41.70946],[-88.25204,41.70943],[-88.25427,41.70996],[-88.25897,41.71],[-88.26104,41.70949],[-88.26104,41.70944],[-88.27145,41.70914],[-88.27219,41.71],[-88.27758,41.71587],[-88.28063,41.71937],[-88.28029,41.7196],[-88.28079,41.72032],[-88.28091,41.72431],[-88.2814,41.72431],[-88.27918,41.72514],[-88.28007,41.72709],[-88.27647,41.72717],[-88.27647,41.72899],[-88.27703,41.72901],[-88.2806,41.72818],[-88.28109,41.7292],[-88.27538,41.73099],[-88.27584,41.73233],[-88.27666,41.73409],[-88.28273,41.73266],[-88.28542,41.73239],[-88.29103,41.73194],[-88.29828,41.73145],[-88.29828,41.73156],[-88.29829,41.73194],[-88.29889,41.73193],[-88.29889,41.73245],[-88.29829,41.73246],[-88.29829,41.7332],[-88.29829,41.73586],[-88.30073,41.73579],[-88.30195,41.73555],[-88.30195,41.73576],[-88.30438,41.73569],[-88.30923,41.73475],[-88.31045,41.73381],[-88.31045,41.73289],[-88.31246,41.73283],[-88.31325,41.73273],[-88.31402,41.73204],[-88.31401,41.73098],[-88.31482,41.73096],[-88.3148,41.72902],[-88.31699,41.72852],[-88.317,41.73092],[-88.31827,41.73089],[-88.31854,41.73272],[-88.32019,41.73269],[-88.32259,41.73269],[-88.32322,41.73591],[-88.32737,41.73589],[-88.32731,41.73645],[-88.32662,41.73812],[-88.3291,41.73808],[-88.33083,41.73807],[-88.33149,41.738],[-88.3345,41.73783],[-88.33485,41.73803],[-88.33444,41.73834],[-88.33749,41.73975],[-88.34235,41.73747],[-88.34183,41.73856],[-88.34147,41.73839],[-88.34014,41.73901],[-88.33843,41.73958],[-88.33763,41.74031],[-88.34062,41.7411],[-88.34048,41.7414],[-88.34155,41.74198],[-88.34449,41.74193],[-88.3445,41.74493],[-88.34302,41.74496],[-88.33866,41.7459],[-88.33793,41.74735],[-88.3371,41.74716],[-88.33768,41.7475],[-88.33561,41.74849],[-88.33572,41.74905],[-88.33702,41.75009],[-88.33687,41.74999],[-88.33564,41.75231],[-88.33586,41.75231],[-88.3393,41.75225],[-88.33928,41.75115],[-88.34155,41.75106],[-88.34155,41.75062],[-88.34218,41.75114],[-88.34455,41.7521],[-88.34454,41.75111],[-88.34623,41.75108],[-88.34522,41.75209],[-88.34742,41.7516],[-88.34744,41.75212],[-88.34907,41.75209],[-88.34943,41.74742],[-88.34831,41.74616],[-88.34452,41.74662],[-88.34452,41.74493],[-88.34543,41.74491],[-88.3458,41.743],[-88.34688,41.74298],[-88.35094,41.74301],[-88.35095,41.74437],[-88.35047,41.74482],[-88.35014,41.74483],[-88.35702,41.74572],[-88.35699,41.74482],[-88.35698,41.74472],[-88.35821,41.74472],[-88.35901,41.74604],[-88.36078,41.74658],[-88.36077,41.74468],[-88.36255,41.74465],[-88.36314,41.74654],[-88.36278,41.74721],[-88.36271,41.74733],[-88.36628,41.74846],[-88.37531,41.75046],[-88.37528,41.74446],[-88.37569,41.74439],[-88.37831,41.74244],[-88.38249,41.74118],[-88.38517,41.74135],[-88.38518,41.74324],[-88.38737,41.7431],[-88.38797,41.74434],[-88.38518,41.7444],[-88.38652,41.74625],[-88.38679,41.75157],[-88.38337,41.75223],[-88.37984,41.75167],[-88.38681,41.75333],[-88.38763,41.75352],[-88.38999,41.75877],[-88.38976,41.76159],[-88.39178,41.76313],[-88.3924,41.75873],[-88.3963,41.75853],[-88.39517,41.7657],[-88.39587,41.76624],[-88.39708,41.75833],[-88.39985,41.75259],[-88.39984,41.75138],[-88.40509,41.75278],[-88.40821,41.75476],[-88.40797,41.75803],[-88.40648,41.76828],[-88.40637,41.76827],[-88.40627,41.77051],[-88.39702,41.76885],[-88.39729,41.76723],[-88.39575,41.76706],[-88.39475,41.77348]],[[-88.21699,41.80997],[-88.21937,41.80874],[-88.22078,41.80841],[-88.22087,41.80544],[-88.22038,41.80545],[-88.22045,41.80394],[-88.21514,41.80397],[-88.2149,41.81039],[-88.216,41.81033],[-88.21699,41.80997]],[[-88.22399,41.8053],[-88.2242,41.80391],[-88.22105,41.80393],[-88.221,41.80544],[-88.22208,41.80543],[-88.22399,41.8053]],[[-88.22884,41.80581],[-88.22625,41.81076],[-88.22732,41.81084],[-88.2304,41.80779],[-88.23096,41.80207],[-88.23953,41.80215],[-88.23957,41.80361],[-88.24003,41.80105],[-88.24049,41.79811],[-88.23877,41.7983],[-88.23796,41.79883],[-88.23799,41.79586],[-88.24074,41.79542],[-88.24075,41.79514],[-88.24459,41.79475],[-88.25796,41.7921],[-88.24612,41.79401],[-88.2461,41.79244],[-88.2439,41.7924],[-88.24343,41.79444],[-88.24341,41.79239],[-88.24107,41.79236],[-88.24089,41.79402],[-88.23177,41.79357],[-88.23258,41.78512],[-88.23436,41.78512],[-88.23439,41.78151],[-88.23285,41.78001],[-88.23303,41.77734],[-88.23701,41.77628],[-88.24109,41.77567],[-88.24086,41.77898],[-88.24228,41.77857],[-88.24413,41.77914],[-88.24353,41.77602],[-88.24481,41.77489],[-88.24242,41.77511],[-88.24244,41.77467],[-88.23746,41.77455],[-88.23486,41.7733],[-88.2349,41.77061],[-88.23993,41.7707],[-88.2374,41.76976],[-88.23712,41.7671],[-88.23684,41.76714],[-88.23697,41.76396],[-88.23379,41.76394],[-88.23319,41.75497],[-88.23297,41.76002],[-88.23257,41.76756],[-88.23189,41.77648],[-88.22421,41.7775],[-88.22202,41.77767],[-88.22202,41.77775],[-88.22201,41.78145],[-88.22134,41.78142],[-88.22132,41.78509],[-88.22514,41.78511],[-88.22517,41.78148],[-88.22517,41.77772],[-88.2318,41.77677],[-88.2315,41.78147],[-88.23075,41.7914],[-88.22909,41.79137],[-88.22888,41.79406],[-88.23052,41.7943],[-88.23016,41.7991],[-88.23001,41.80112],[-88.22471,41.80132],[-88.22465,41.80254],[-88.22946,41.80216],[-88.22884,41.80581]],[[-88.18765,41.77836],[-88.18697,41.77871],[-88.20572,41.77829],[-88.20572,41.7782],[-88.20573,41.77812],[-88.20573,41.77788],[-88.18765,41.77836]],[[-88.21574,41.74251],[-88.21178,41.74261],[-88.21179,41.73981],[-88.20642,41.73986],[-88.20632,41.74708],[-88.21578,41.74694],[-88.21574,41.74251]],[[-88.18669,41.73279],[-88.18697,41.7255],[-88.18698,41.72411],[-88.1838,41.72418],[-88.18373,41.72226],[-88.18411,41.72226],[-88.18409,41.72162],[-88.18691,41.72158],[-88.18678,41.7174],[-88.18677,41.71728],[-88.19267,41.7172],[-88.19254,41.71356],[-88.18662,41.71368],[-88.18671,41.71558],[-88.18452,41.71561],[-88.18447,41.7137],[-88.18662,41.71359],[-88.18654,41.71182],[-88.1817,41.71193],[-88.18188,41.7174],[-88.17703,41.71816],[-88.17727,41.72565],[-88.17324,41.72571],[-88.17307,41.72065],[-88.17222,41.71988],[-88.16916,41.72101],[-88.1674,41.72156],[-88.16741,41.72189],[-88.16332,41.72196],[-88.16343,41.72585],[-88.15607,41.72598],[-88.15555,41.72599],[-88.15552,41.72516],[-88.15486,41.72518],[-88.15489,41.726],[-88.1506,41.72607],[-88.15043,41.73334],[-88.14802,41.73339],[-88.14719,41.73341],[-88.14718,41.734],[-88.148,41.73398],[-88.14795,41.73616],[-88.14784,41.74069],[-88.16723,41.74032],[-88.16724,41.74334],[-88.16725,41.74597],[-88.16826,41.74733],[-88.19626,41.74702],[-88.19627,41.74382],[-88.20347,41.74373],[-88.20352,41.73982],[-88.20495,41.73782],[-88.20593,41.73782],[-88.206,41.73257],[-88.18669,41.73279]],[[-88.2885,41.82437],[-88.28931,41.8249],[-88.28922,41.82075],[-88.28569,41.82077],[-88.28569,41.82119],[-88.28632,41.82117],[-88.28636,41.8244],[-88.2885,41.82437]],[[-88.3855,41.78161],[-88.38548,41.78055],[-88.38055,41.78058],[-88.38056,41.78165],[-88.3855,41.78161]],[[-88.37283,41.75034],[-88.36618,41.74872],[-88.35901,41.74648],[-88.35904,41.74943],[-88.36214,41.74968],[-88.36237,41.75192],[-88.37284,41.75184],[-88.37283,41.75034]],[[-88.362,41.75192],[-88.36199,41.75129],[-88.36074,41.7513],[-88.36076,41.75064],[-88.35905,41.75055],[-88.35906,41.75127],[-88.36043,41.75122],[-88.36054,41.75193],[-88.362,41.75192]],[[-88.31269,41.78209],[-88.31301,41.78262],[-88.31413,41.78392],[-88.31521,41.785],[-88.31549,41.78481],[-88.31378,41.78209],[-88.31263,41.77973],[-88.31223,41.7792],[-88.3114,41.77886],[-88.31167,41.77985],[-88.31172,41.78029],[-88.31269,41.78209]],[[-88.29709,41.7894],[-88.2971,41.78711],[-88.3021,41.78514],[-88.30331,41.78619],[-88.30339,41.78543],[-88.30478,41.78543],[-88.30696,41.78518],[-88.30694,41.78357],[-88.30366,41.7836],[-88.30466,41.7825],[-88.30033,41.78253],[-88.29249,41.78651],[-88.29217,41.78821],[-88.29372,41.78945],[-88.29709,41.7894]],[[-88.30347,41.78133],[-88.30349,41.78215],[-88.30499,41.78214],[-88.30593,41.78107],[-88.30377,41.78107],[-88.30347,41.78133]],[[-88.29496,41.78336],[-88.29718,41.78383],[-88.30024,41.78218],[-88.29653,41.78224],[-88.29691,41.78158],[-88.29362,41.77997],[-88.29287,41.78223],[-88.2929,41.78317],[-88.29536,41.78312],[-88.29496,41.78336]],[[-88.28912,41.78741],[-88.29252,41.78634],[-88.29317,41.78489],[-88.29512,41.78495],[-88.2969,41.78399],[-88.29406,41.78396],[-88.29378,41.7842],[-88.2887,41.78405],[-88.28844,41.78715],[-88.28193,41.78827],[-88.28194,41.78863],[-88.28912,41.78741]],[[-88.28205,41.77141],[-88.28171,41.77215],[-88.28248,41.77215],[-88.28284,41.77272],[-88.28177,41.77272],[-88.28179,41.77301],[-88.28303,41.77301],[-88.28372,41.77401],[-88.28258,41.77401],[-88.28258,41.77445],[-88.28171,41.77446],[-88.28171,41.77471],[-88.28415,41.77579],[-88.28788,41.77511],[-88.28772,41.77751],[-88.28902,41.77702],[-88.28917,41.77489],[-88.28559,41.77445],[-88.28419,41.77521],[-88.28379,41.77411],[-88.28513,41.77246],[-88.29136,41.77237],[-88.29135,41.77132],[-88.28932,41.77135],[-88.28989,41.76926],[-88.28857,41.76854],[-88.28253,41.76952],[-88.28264,41.76997],[-88.28247,41.7714],[-88.28205,41.77141]],[[-88.28557,41.73788],[-88.28497,41.73772],[-88.28132,41.73772],[-88.28137,41.73885],[-88.28138,41.74053],[-88.28139,41.74434],[-88.2775,41.74435],[-88.27751,41.74619],[-88.2789,41.74617],[-88.27899,41.75157],[-88.28144,41.75155],[-88.28143,41.75094],[-88.28143,41.75049],[-88.28773,41.75113],[-88.28688,41.74964],[-88.28384,41.74981],[-88.28528,41.74847],[-88.28523,41.74608],[-88.28814,41.74604],[-88.28808,41.74221],[-88.28675,41.74223],[-88.28673,41.74081],[-88.28806,41.74078],[-88.28805,41.73956],[-88.28776,41.73773],[-88.28613,41.73814],[-88.28557,41.73788]],[[-88.28406,41.77724],[-88.28462,41.77724],[-88.28655,41.77741],[-88.28663,41.7761],[-88.28412,41.77628],[-88.28406,41.77724]],[[-88.28104,41.76588],[-88.28159,41.76587],[-88.28158,41.76515],[-88.27846,41.76517],[-88.27517,41.76519],[-88.27247,41.76464],[-88.27194,41.76672],[-88.26829,41.76691],[-88.26826,41.76405],[-88.271,41.76376],[-88.27187,41.7634],[-88.27211,41.76393],[-88.27417,41.76314],[-88.27615,41.76281],[-88.27671,41.76078],[-88.27623,41.75906],[-88.27528,41.75778],[-88.27181,41.75884],[-88.27015,41.75938],[-88.27019,41.76157],[-88.26701,41.76416],[-88.26217,41.76467],[-88.2608,41.76481],[-88.26219,41.76599],[-88.26225,41.77017],[-88.26623,41.7703],[-88.27453,41.77018],[-88.2823,41.76901],[-88.28243,41.76899],[-88.2824,41.76874],[-88.28226,41.76848],[-88.28244,41.76831],[-88.28213,41.76831],[-88.28159,41.76832],[-88.28138,41.76733],[-88.28018,41.76733],[-88.28017,41.76624],[-88.28104,41.76624],[-88.28104,41.76588]],[[-88.28317,41.76888],[-88.28317,41.76831],[-88.28244,41.76831],[-88.28317,41.76888]],[[-88.28083,41.78374],[-88.28082,41.78246],[-88.27904,41.78256],[-88.27906,41.78504],[-88.28015,41.78503],[-88.28067,41.78434],[-88.281,41.78505],[-88.28083,41.78374]],[[-88.27206,41.77537],[-88.27046,41.77485],[-88.26976,41.77658],[-88.26718,41.77663],[-88.2672,41.77788],[-88.27289,41.77781],[-88.27401,41.77845],[-88.27406,41.78027],[-88.27779,41.78025],[-88.27903,41.7815],[-88.28064,41.78138],[-88.27967,41.78116],[-88.27966,41.77781],[-88.27842,41.7778],[-88.27838,41.77605],[-88.27424,41.77509],[-88.27446,41.77375],[-88.27203,41.7736],[-88.27206,41.77537]],[[-88.26258,41.79931],[-88.25005,41.79998],[-88.25049,41.80045],[-88.25719,41.80031],[-88.25716,41.80222],[-88.26055,41.80303],[-88.25944,41.80685],[-88.26116,41.8068],[-88.26117,41.8091],[-88.26277,41.80907],[-88.26415,41.80852],[-88.26914,41.80844],[-88.26917,41.81012],[-88.27154,41.81006],[-88.27151,41.8066],[-88.26273,41.80674],[-88.26267,41.80296],[-88.26426,41.80319],[-88.27329,41.80309],[-88.27348,41.80665],[-88.27625,41.80668],[-88.2764,41.80161],[-88.27319,41.80173],[-88.27323,41.80289],[-88.26523,41.80295],[-88.2642,41.79991],[-88.27013,41.79932],[-88.27013,41.79888],[-88.26258,41.79931]],[[-88.27516,41.72719],[-88.27502,41.72441],[-88.27494,41.72314],[-88.26802,41.71963],[-88.2681,41.72454],[-88.26812,41.72777],[-88.26981,41.7266],[-88.27127,41.72564],[-88.27516,41.72719]],[[-88.27454,41.78497],[-88.27457,41.78382],[-88.27414,41.78382],[-88.27411,41.7827],[-88.27259,41.78272],[-88.27194,41.78316],[-88.27212,41.78402],[-88.27199,41.78523],[-88.27454,41.78497]],[[-88.27233,41.7898],[-88.26832,41.79045],[-88.26934,41.78853],[-88.26828,41.78628],[-88.26656,41.78625],[-88.26706,41.78856],[-88.26247,41.78868],[-88.26255,41.79168],[-88.27233,41.7898]],[[-88.26936,41.7863],[-88.26935,41.78523],[-88.2704,41.78526],[-88.27038,41.78275],[-88.27037,41.78038],[-88.26949,41.78095],[-88.26631,41.78095],[-88.26753,41.78278],[-88.26866,41.78277],[-88.26895,41.78373],[-88.26936,41.7863]],[[-88.25994,41.77676],[-88.2603,41.77795],[-88.26235,41.77792],[-88.26378,41.77791],[-88.2638,41.77851],[-88.26498,41.77851],[-88.26498,41.7779],[-88.26589,41.7779],[-88.26589,41.77728],[-88.26335,41.77734],[-88.26335,41.77682],[-88.26256,41.77684],[-88.26234,41.77737],[-88.26232,41.7755],[-88.26087,41.77551],[-88.25994,41.77676]],[[-88.25998,41.76489],[-88.25995,41.76293],[-88.25886,41.76294],[-88.25889,41.76499],[-88.25998,41.76489]],[[-88.25813,41.75757],[-88.25813,41.75684],[-88.254,41.75682],[-88.25399,41.75754],[-88.25813,41.75757]],[[-88.2536,41.71472],[-88.25329,41.71469],[-88.24922,41.71463],[-88.24926,41.71623],[-88.2544,41.71614],[-88.25437,41.71491],[-88.2536,41.71472]],[[-88.2482,41.73412],[-88.2534,41.73406],[-88.25351,41.73383],[-88.25351,41.73201],[-88.25244,41.73202],[-88.25241,41.73035],[-88.25175,41.73036],[-88.25179,41.73203],[-88.24987,41.73205],[-88.24821,41.73208],[-88.2482,41.73412]],[[-88.25256,41.75889],[-88.25257,41.7612],[-88.25335,41.76119],[-88.25336,41.75905],[-88.25285,41.75896],[-88.25256,41.75889]],[[-88.24475,41.81363],[-88.24486,41.81529],[-88.25002,41.81565],[-88.25009,41.81424],[-88.24662,41.81361],[-88.24475,41.81363]],[[-88.24223,41.76668],[-88.24466,41.76643],[-88.24466,41.76399],[-88.24283,41.764],[-88.24279,41.76474],[-88.24015,41.76472],[-88.24019,41.76398],[-88.23936,41.76397],[-88.23924,41.7669],[-88.24223,41.76668]],[[-88.23975,41.71463],[-88.23874,41.71475],[-88.23886,41.71515],[-88.23887,41.71581],[-88.24093,41.71578],[-88.24089,41.71455],[-88.23975,41.71463]],[[-88.35796,41.87257],[-88.35789,41.8683],[-88.35521,41.86836],[-88.35501,41.865],[-88.35243,41.865],[-88.35482,41.86836],[-88.35492,41.87412],[-88.35513,41.88215],[-88.35514,41.87401],[-88.35796,41.87257]],[[-88.35127,41.86843],[-88.35134,41.86497],[-88.34774,41.86487],[-88.34386,41.8649],[-88.34386,41.86664],[-88.34751,41.86666],[-88.34751,41.8685],[-88.35127,41.86843]],[[-88.31963,41.86906],[-88.32012,41.87375],[-88.31975,41.86808],[-88.3174,41.86606],[-88.32643,41.86611],[-88.32809,41.86402],[-88.31742,41.86427],[-88.31723,41.86641],[-88.31371,41.86552],[-88.31539,41.86649],[-88.31861,41.86729],[-88.31963,41.86906]],[[-88.35151,41.84056],[-88.35467,41.84046],[-88.35495,41.84092],[-88.35482,41.83742],[-88.35202,41.83787],[-88.35151,41.84056]],[[-88.34886,41.84309],[-88.34991,41.84334],[-88.35036,41.8423],[-88.35141,41.84026],[-88.34895,41.84019],[-88.34886,41.84309]],[[-88.32782,41.84602],[-88.32788,41.84629],[-88.32802,41.84629],[-88.32796,41.84619],[-88.32794,41.84602],[-88.32782,41.84602]],[[-88.30672,41.8619],[-88.30756,41.86158],[-88.30895,41.86155],[-88.30881,41.861],[-88.30668,41.86104],[-88.30672,41.8619]],[[-88.30387,41.83638],[-88.29987,41.83624],[-88.29913,41.8383],[-88.30048,41.83959],[-88.30433,41.83954],[-88.30479,41.83758],[-88.30387,41.83638]],[[-88.2859,41.83066],[-88.28961,41.83006],[-88.29073,41.83068],[-88.292,41.8276],[-88.28696,41.82765],[-88.28693,41.82542],[-88.28378,41.82545],[-88.28288,41.82776],[-88.28476,41.82773],[-88.2848,41.83138],[-88.2859,41.83066]],[[-88.28908,41.83617],[-88.28922,41.83563],[-88.2892,41.83497],[-88.28565,41.83501],[-88.2858,41.83561],[-88.28526,41.83552],[-88.2856,41.83698],[-88.28839,41.8369],[-88.28838,41.83616],[-88.28908,41.83617]],[[-88.35979,41.88306],[-88.35978,41.88395],[-88.36248,41.88416],[-88.36249,41.88307],[-88.36028,41.88289],[-88.35979,41.88306]],[[-88.36146,41.88999],[-88.35966,41.89001],[-88.35797,41.89004],[-88.35795,41.89209],[-88.35961,41.89205],[-88.35957,41.89372],[-88.36139,41.89369],[-88.36146,41.88999]],[[-88.35377,41.87303],[-88.35004,41.87304],[-88.35003,41.87451],[-88.3518,41.87358],[-88.35221,41.87448],[-88.35285,41.87518],[-88.35453,41.87432],[-88.35377,41.87303]],[[-88.35376,41.88282],[-88.35377,41.88239],[-88.3463,41.88182],[-88.34714,41.88298],[-88.34925,41.88293],[-88.34921,41.8847],[-88.35085,41.8847],[-88.35079,41.88289],[-88.35376,41.88282]],[[-88.34804,41.87573],[-88.34696,41.87575],[-88.34695,41.87738],[-88.34746,41.87793],[-88.34847,41.87743],[-88.34804,41.87693],[-88.34804,41.87573]],[[-88.33057,41.88094],[-88.3209,41.88109],[-88.3209,41.88123],[-88.3209,41.88137],[-88.33057,41.88094]],[[-88.29102,41.89713],[-88.2911,41.89756],[-88.29188,41.89753],[-88.29188,41.8971],[-88.29154,41.89709],[-88.29102,41.89713]],[[-88.27743,41.88345],[-88.27806,41.88345],[-88.27995,41.88343],[-88.2801,41.88254],[-88.27813,41.88256],[-88.27565,41.88259],[-88.27549,41.88348],[-88.27649,41.88346],[-88.27631,41.88453],[-88.27723,41.88452],[-88.27743,41.88345]],[[-88.27719,41.88715],[-88.27631,41.88602],[-88.27164,41.8848],[-88.27162,41.88746],[-88.27564,41.88748],[-88.27564,41.8905],[-88.27835,41.89063],[-88.27719,41.88715]],[[-88.35925,41.91573],[-88.35923,41.91463],[-88.35721,41.91456],[-88.35725,41.91565],[-88.35925,41.91573]],[[-88.34709,41.90353],[-88.34683,41.90352],[-88.34688,41.90494],[-88.34859,41.90491],[-88.34855,41.90348],[-88.34709,41.90353]],[[-88.33999,41.91708],[-88.33539,41.91699],[-88.33439,41.91674],[-88.33036,41.91711],[-88.33999,41.91734],[-88.33999,41.91719],[-88.33999,41.91708]],[[-88.33706,41.92007],[-88.3344,41.92021],[-88.33204,41.91958],[-88.33174,41.92102],[-88.33442,41.92074],[-88.33702,41.92069],[-88.33706,41.92007]],[[-88.3234,41.92812],[-88.3215,41.92599],[-88.32159,41.92447],[-88.31964,41.92699],[-88.3216,41.92715],[-88.32171,41.92849],[-88.3234,41.92812]],[[-88.309,41.94003],[-88.30903,41.94105],[-88.31082,41.94157],[-88.31119,41.9411],[-88.31148,41.94009],[-88.309,41.94003]],[[-88.30629,41.94205],[-88.30866,41.94199],[-88.30871,41.94113],[-88.30628,41.94114],[-88.30629,41.94205]],[[-88.28186,41.91257],[-88.28186,41.91285],[-88.2914,41.91534],[-88.29141,41.91517],[-88.29141,41.91505],[-88.28186,41.91257]],[[-88.2795,41.90719],[-88.27999,41.90395],[-88.27772,41.90399],[-88.27683,41.90374],[-88.27681,41.90572],[-88.27686,41.90646],[-88.27704,41.90721],[-88.2795,41.90719]],[[-88.25757,41.92685],[-88.25951,41.92589],[-88.25934,41.92131],[-88.25758,41.92131],[-88.25757,41.92685]],[[-88.23079,41.68015],[-88.23071,41.67786],[-88.22891,41.67789],[-88.22898,41.68019],[-88.23079,41.68015]],[[-88.22964,41.69844],[-88.22951,41.69483],[-88.22676,41.69488],[-88.2269,41.69849],[-88.22964,41.69844]],[[-88.22291,41.7167],[-88.22034,41.7162],[-88.21815,41.71624],[-88.21817,41.71679],[-88.22291,41.7167]],[[-88.2159,41.79887],[-88.21632,41.79784],[-88.21945,41.79811],[-88.22136,41.79781],[-88.22045,41.79718],[-88.22023,41.79772],[-88.21683,41.79705],[-88.21586,41.79748],[-88.21546,41.7969],[-88.21325,41.79748],[-88.21224,41.79889],[-88.2159,41.79887]],[[-88.2058,41.79168],[-88.20561,41.79627],[-88.20627,41.79799],[-88.20811,41.79812],[-88.20818,41.79483],[-88.2091,41.79479],[-88.21054,41.79457],[-88.21362,41.79454],[-88.21461,41.79458],[-88.21486,41.79476],[-88.21536,41.79427],[-88.21536,41.7909],[-88.21532,41.79041],[-88.21534,41.78729],[-88.21162,41.78732],[-88.20869,41.78735],[-88.20753,41.785],[-88.20604,41.78553],[-88.2058,41.79168]],[[-88.20567,41.70248],[-88.19589,41.70261],[-88.19591,41.70317],[-88.20569,41.70304],[-88.21481,41.70291],[-88.2148,41.70232],[-88.20567,41.70248]],[[-88.19562,41.69536],[-88.19162,41.69542],[-88.18598,41.69547],[-88.1859,41.69365],[-88.18397,41.69371],[-88.18414,41.69836],[-88.18609,41.69831],[-88.18618,41.70046],[-88.18422,41.70051],[-88.1843,41.70278],[-88.18625,41.70273],[-88.19589,41.70261],[-88.19562,41.69536]],[[-88.21045,41.70423],[-88.20575,41.7043],[-88.2058,41.70555],[-88.20582,41.7061],[-88.21051,41.70603],[-88.21049,41.70549],[-88.21045,41.70423]],[[-88.2079,41.72172],[-88.20786,41.72049],[-88.20624,41.72052],[-88.20628,41.72277],[-88.2091,41.72273],[-88.20908,41.7217],[-88.2079,41.72172]],[[-88.20445,41.679],[-88.20443,41.6784],[-88.2027,41.67839],[-88.20272,41.67903],[-88.20445,41.679]],[[-88.19825,41.75459],[-88.19825,41.75567],[-88.19882,41.75549],[-88.19873,41.75459],[-88.19865,41.75459],[-88.19825,41.75459]],[[-88.18642,41.70732],[-88.18823,41.70794],[-88.19097,41.70774],[-88.19089,41.70541],[-88.18635,41.70548],[-88.18642,41.70732]],[[-88.18683,41.68452],[-88.18681,41.68404],[-88.1855,41.68405],[-88.18558,41.68592],[-88.1881,41.68588],[-88.18804,41.6845],[-88.18683,41.68452]],[[-88.18557,41.68091],[-88.18252,41.68102],[-88.18254,41.6817],[-88.18373,41.68167],[-88.18378,41.68318],[-88.18546,41.68314],[-88.18544,41.68263],[-88.18557,41.68091]],[[-88.18075,41.77896],[-88.18432,41.77878],[-88.17809,41.77876],[-88.17789,41.7785],[-88.17221,41.77851],[-88.16688,41.77925],[-88.17828,41.77903],[-88.18009,41.77898],[-88.18075,41.77896]],[[-88.17927,41.71205],[-88.17922,41.71017],[-88.17802,41.7102],[-88.17808,41.71209],[-88.17927,41.71205]],[[-88.17351,41.76361],[-88.16701,41.76561],[-88.167,41.76749],[-88.17308,41.76696],[-88.17464,41.76671],[-88.1744,41.76385],[-88.17351,41.76361]],[[-88.17104,41.69412],[-88.17095,41.69145],[-88.16992,41.69147],[-88.17001,41.69415],[-88.17104,41.69412]],[[-88.16294,41.76644],[-88.16656,41.76479],[-88.16579,41.76331],[-88.16762,41.76345],[-88.16676,41.76062],[-88.16743,41.75712],[-88.16653,41.75716],[-88.16655,41.75805],[-88.16228,41.75812],[-88.16164,41.76035],[-88.16186,41.76673],[-88.16294,41.76644]],[[-88.15731,41.71067],[-88.15733,41.71128],[-88.16096,41.7112],[-88.16094,41.71069],[-88.15836,41.71065],[-88.15731,41.71067]],[[-88.15695,41.80124],[-88.15698,41.79866],[-88.15487,41.7985],[-88.15485,41.8013],[-88.15695,41.80124]],[[-88.1549,41.7956],[-88.15488,41.79724],[-88.15697,41.79718],[-88.15659,41.79526],[-88.15592,41.79579],[-88.1549,41.7956]],[[-88.1524,41.79481],[-88.15458,41.79498],[-88.15428,41.79451],[-88.15432,41.79165],[-88.1517,41.7917],[-88.15161,41.79428],[-88.14902,41.79407],[-88.14896,41.79746],[-88.15225,41.79718],[-88.1524,41.79481]],[[-88.14671,41.80671],[-88.14672,41.80602],[-88.13794,41.80595],[-88.1378,41.80664],[-88.14671,41.80671]],[[-88.14638,41.71766],[-88.14656,41.71741],[-88.14449,41.71627],[-88.14097,41.71492],[-88.13799,41.71672],[-88.13705,41.71616],[-88.13616,41.717],[-88.14451,41.72032],[-88.14638,41.71766]],[[-88.13439,41.79014],[-88.13194,41.79017],[-88.13088,41.79332],[-88.13221,41.7931],[-88.13223,41.79376],[-88.13297,41.7931],[-88.13286,41.7931],[-88.13798,41.79255],[-88.13923,41.79093],[-88.13736,41.78817],[-88.13909,41.78815],[-88.13898,41.78679],[-88.13784,41.78681],[-88.13662,41.78676],[-88.13671,41.78862],[-88.13439,41.79014]],[[-88.13742,41.78054],[-88.13749,41.78004],[-88.13752,41.77981],[-88.133,41.77986],[-88.13009,41.78052],[-88.13205,41.78036],[-88.13333,41.78059],[-88.13351,41.78105],[-88.13539,41.78045],[-88.13742,41.78054]],[[-88.13674,41.80662],[-88.13686,41.8057],[-88.13029,41.80562],[-88.13032,41.80654],[-88.13674,41.80662]],[[-88.13229,41.75143],[-88.13121,41.75016],[-88.13007,41.75051],[-88.13278,41.75397],[-88.13308,41.75575],[-88.1345,41.75289],[-88.13229,41.75143]],[[-88.12948,41.78891],[-88.1295,41.78951],[-88.1324,41.78817],[-88.13253,41.78698],[-88.13021,41.78699],[-88.12948,41.78891]],[[-88.13085,41.72654],[-88.13121,41.72584],[-88.1318,41.72436],[-88.13149,41.72417],[-88.12936,41.72657],[-88.13085,41.72654]],[[-88.13113,41.7857],[-88.13165,41.78203],[-88.12906,41.78411],[-88.12931,41.7857],[-88.13113,41.7857]],[[-88.12779,41.76581],[-88.12837,41.76596],[-88.12859,41.76597],[-88.1286,41.76606],[-88.13109,41.76606],[-88.13109,41.76668],[-88.13145,41.76668],[-88.13145,41.76606],[-88.13163,41.76606],[-88.13144,41.76489],[-88.12852,41.76408],[-88.12858,41.76551],[-88.12782,41.7655],[-88.12771,41.76551],[-88.12772,41.76575],[-88.12779,41.76581]],[[-88.13081,41.72787],[-88.12921,41.72768],[-88.12734,41.73078],[-88.12718,41.73311],[-88.12898,41.73259],[-88.12904,41.73238],[-88.13,41.72942],[-88.13081,41.72787]],[[-88.12134,41.75235],[-88.12207,41.74977],[-88.12393,41.74958],[-88.12391,41.74995],[-88.12498,41.74822],[-88.12873,41.74774],[-88.12806,41.74445],[-88.12378,41.74454],[-88.1238,41.74538],[-88.12102,41.74546],[-88.12116,41.74461],[-88.11968,41.74465],[-88.11915,41.75272],[-88.12134,41.75235]],[[-88.12867,41.7516],[-88.12834,41.75102],[-88.1269,41.75142],[-88.12621,41.75158],[-88.12648,41.75287],[-88.12729,41.75277],[-88.12715,41.75207],[-88.1283,41.75194],[-88.12867,41.7516]],[[-88.12801,41.81443],[-88.128,41.81256],[-88.12667,41.81264],[-88.12471,41.81],[-88.12304,41.81006],[-88.12364,41.81285],[-88.1235,41.8141],[-88.12384,41.81455],[-88.12801,41.81443]],[[-88.12491,41.79148],[-88.12443,41.79288],[-88.12663,41.79281],[-88.12598,41.79207],[-88.12594,41.79131],[-88.12491,41.79148]],[[-88.12455,41.75422],[-88.12413,41.75534],[-88.12611,41.75512],[-88.12627,41.7551],[-88.12605,41.75404],[-88.12455,41.75422]],[[-88.12321,41.75721],[-88.12341,41.75633],[-88.12218,41.75607],[-88.12169,41.75737],[-88.11946,41.75747],[-88.11967,41.75781],[-88.11937,41.75934],[-88.12205,41.7603],[-88.12321,41.75721]],[[-88.11914,41.71553],[-88.11941,41.71677],[-88.12011,41.71675],[-88.12018,41.71706],[-88.12164,41.71702],[-88.12133,41.71525],[-88.11914,41.71553]],[[-88.1178,41.73934],[-88.11799,41.74032],[-88.11887,41.74034],[-88.1178,41.73934]],[[-88.11772,41.73509],[-88.11814,41.73507],[-88.11831,41.73506],[-88.11828,41.73423],[-88.11768,41.73424],[-88.11772,41.73509]],[[-88.10487,41.74767],[-88.10491,41.74872],[-88.10718,41.74884],[-88.10724,41.75065],[-88.10984,41.75058],[-88.10942,41.74758],[-88.10487,41.74767]]],[[[-88.39497,41.79149],[-88.39136,41.79154],[-88.3921,41.78785],[-88.39493,41.78781],[-88.39529,41.7878],[-88.39533,41.79149],[-88.39497,41.79149]]],[[[-88.37541,41.79525],[-88.38567,41.79517],[-88.39047,41.79576],[-88.39049,41.79877],[-88.38576,41.79895],[-88.38568,41.80219],[-88.37771,41.80199],[-88.37773,41.79833],[-88.37546,41.79801],[-88.37543,41.79694],[-88.37541,41.79525]]],[[[-88.26245,41.89539],[-88.26245,41.89217],[-88.265,41.89212],[-88.2722,41.89244],[-88.2722,41.89532],[-88.26245,41.89539]]],[[[-88.34537,41.91936],[-88.34485,41.92024],[-88.34481,41.91844],[-88.34603,41.91772],[-88.34854,41.91845],[-88.35072,41.91932],[-88.34537,41.91936]]],[[[-88.2421,42.04903],[-88.24334,42.04899],[-88.2433,42.05646],[-88.24329,42.06021],[-88.2433,42.0617],[-88.23832,42.0617],[-88.23822,42.05678],[-88.23835,42.05285],[-88.24216,42.05269],[-88.2421,42.04903]]],[[[-88.1655,41.45026],[-88.17269,41.44963],[-88.18098,41.44944],[-88.18106,41.45118],[-88.18577,41.45107],[-88.18583,41.44936],[-88.18611,41.45663],[-88.18519,41.45845],[-88.18145,41.4611],[-88.17744,41.46042],[-88.17647,41.45934],[-88.17522,41.45683],[-88.16722,41.45698],[-88.1655,41.45026]],[[-88.17295,41.45114],[-88.17351,41.45259],[-88.17895,41.45245],[-88.1789,41.45125],[-88.17668,41.45109],[-88.17295,41.45114]]],[[[-88.16796,41.47827],[-88.16525,41.47831],[-88.16587,41.47932],[-88.16466,41.4802],[-88.16328,41.47969],[-88.16019,41.48186],[-88.16114,41.48287],[-88.16001,41.48361],[-88.16143,41.48518],[-88.1586,41.48563],[-88.15874,41.48892],[-88.16302,41.48697],[-88.16406,41.48823],[-88.15252,41.49302],[-88.14921,41.49309],[-88.1396,41.49547],[-88.13959,41.49522],[-88.13953,41.49381],[-88.13937,41.49381],[-88.13794,41.49422],[-88.13238,41.49546],[-88.1323,41.49373],[-88.13355,41.49237],[-88.13642,41.49158],[-88.13636,41.484],[-88.13828,41.48307],[-88.13672,41.4814],[-88.13897,41.48013],[-88.14356,41.47747],[-88.14843,41.47469],[-88.14825,41.47175],[-88.15049,41.47113],[-88.15045,41.46835],[-88.14812,41.46839],[-88.14798,41.46455],[-88.13835,41.4647],[-88.13354,41.46483],[-88.13337,41.46086],[-88.13487,41.46081],[-88.13482,41.45947],[-88.13318,41.45953],[-88.13339,41.46483],[-88.13259,41.46485],[-88.13236,41.45942],[-88.1307,41.45948],[-88.13062,41.45766],[-88.13311,41.4576],[-88.12007,41.45768],[-88.11871,41.4575],[-88.11874,41.45798],[-88.13039,41.45767],[-88.13046,41.45948],[-88.12843,41.45952],[-88.12791,41.46058],[-88.12836,41.46499],[-88.12276,41.46515],[-88.12289,41.46691],[-88.11832,41.46706],[-88.11815,41.46795],[-88.11868,41.47862],[-88.11858,41.48005],[-88.11696,41.48399],[-88.12357,41.48446],[-88.12385,41.48596],[-88.12507,41.48594],[-88.1191,41.4907],[-88.11502,41.49114],[-88.11196,41.49079],[-88.11183,41.48717],[-88.10933,41.48724],[-88.10943,41.48981],[-88.10864,41.48726],[-88.10456,41.48739],[-88.10451,41.4862],[-88.09971,41.48636],[-88.09985,41.49033],[-88.099,41.49118],[-88.0903,41.49131],[-88.08767,41.491],[-88.09028,41.4805],[-88.0879,41.48784],[-88.08736,41.48969],[-88.08658,41.49071],[-88.08534,41.49005],[-88.08038,41.49015],[-88.08037,41.48997],[-88.08214,41.48993],[-88.08208,41.48852],[-88.08032,41.48856],[-88.08031,41.48806],[-88.07516,41.48818],[-88.07542,41.49037],[-88.07089,41.49046],[-88.06124,41.49064],[-88.06117,41.48845],[-88.05195,41.48865],[-88.04924,41.48581],[-88.05148,41.48577],[-88.05138,41.48145],[-88.0435,41.48162],[-88.04176,41.48045],[-88.04142,41.47091],[-88.03667,41.47099],[-88.03653,41.46734],[-88.03167,41.46745],[-88.03152,41.46389],[-88.02682,41.46384],[-88.0267,41.46048],[-88.0345,41.46026],[-88.03565,41.461],[-88.03752,41.46012],[-88.04093,41.45997],[-88.041,41.46357],[-88.0411,41.46724],[-88.04491,41.46714],[-88.04503,41.47075],[-88.04621,41.47075],[-88.04608,41.46711],[-88.06032,41.46684],[-88.06018,41.46284],[-88.06017,41.46278],[-88.06982,41.46262],[-88.06952,41.4518],[-88.06469,41.45187],[-88.06459,41.44825],[-88.0694,41.44818],[-88.06929,41.44457],[-88.07403,41.44449],[-88.07393,41.44086],[-88.06918,41.44094],[-88.06907,41.43734],[-88.05943,41.4375],[-88.04982,41.43766],[-88.05006,41.44489],[-88.04665,41.44495],[-88.04718,41.44133],[-88.04148,41.44142],[-88.04029,41.4409],[-88.04045,41.44505],[-88.03459,41.44531],[-88.0309,41.44547],[-88.03117,41.4527],[-88.03371,41.45258],[-88.03401,41.45981],[-88.0267,41.46016],[-88.02656,41.45652],[-88.02578,41.45656],[-88.02178,41.45675],[-88.02116,41.43865],[-88.03443,41.43801],[-88.04502,41.43775],[-88.04476,41.43054],[-88.04784,41.43048],[-88.04858,41.43212],[-88.0487,41.43471],[-88.04975,41.43468],[-88.04938,41.42323],[-88.05898,41.42315],[-88.05919,41.43028],[-88.06766,41.43014],[-88.0678,41.43413],[-88.06883,41.43012],[-88.06898,41.43473],[-88.07523,41.43315],[-88.07869,41.43302],[-88.07882,41.43662],[-88.07764,41.43719],[-88.07383,41.43725],[-88.0739,41.43998],[-88.07868,41.4399],[-88.07862,41.43808],[-88.08359,41.438],[-88.08846,41.4378],[-88.08855,41.44056],[-88.09341,41.44044],[-88.09335,41.43877],[-88.09468,41.43874],[-88.09462,41.43686],[-88.09657,41.43682],[-88.09666,41.43958],[-88.09824,41.43955],[-88.09794,41.43058],[-88.1023,41.43045],[-88.09886,41.44436],[-88.09924,41.44434],[-88.10084,41.4379],[-88.10794,41.43778],[-88.10817,41.44379],[-88.1131,41.44414],[-88.11318,41.44616],[-88.11806,41.44603],[-88.11811,41.44719],[-88.12288,41.44706],[-88.12284,41.45399],[-88.11284,41.45423],[-88.11298,41.45785],[-88.09886,41.45819],[-88.09886,41.45809],[-88.09584,41.45815],[-88.09835,41.44784],[-88.09827,41.44661],[-88.09717,41.45126],[-88.09416,41.45132],[-88.09434,41.45854],[-88.09194,41.45858],[-88.09187,41.45627],[-88.08903,41.45628],[-88.089,41.45509],[-88.07937,41.45528],[-88.07941,41.45714],[-88.07948,41.45992],[-88.08837,41.45971],[-88.08869,41.46612],[-88.09383,41.46599],[-88.09567,41.45881],[-88.09888,41.45878],[-88.09887,41.45845],[-88.11337,41.45811],[-88.11323,41.45448],[-88.12319,41.45426],[-88.12313,41.45258],[-88.12792,41.45291],[-88.12649,41.45239],[-88.12596,41.45057],[-88.12349,41.45248],[-88.12325,41.44705],[-88.12306,41.44344],[-88.13235,41.44316],[-88.132,41.43595],[-88.13732,41.43584],[-88.15175,41.43552],[-88.15201,41.44259],[-88.14722,41.44287],[-88.14717,41.45007],[-88.1497,41.45002],[-88.14983,41.45365],[-88.14748,41.45371],[-88.14785,41.45705],[-88.14722,41.45707],[-88.14706,41.45007],[-88.13779,41.45027],[-88.13798,41.45481],[-88.14278,41.45469],[-88.14288,41.45739],[-88.15248,41.45721],[-88.15223,41.45019],[-88.15706,41.45009],[-88.15764,41.4644],[-88.16701,41.46424],[-88.17328,41.46413],[-88.17325,41.46358],[-88.17253,41.46323],[-88.17684,41.46315],[-88.17691,41.46406],[-88.17708,41.46745],[-88.17251,41.47106],[-88.17279,41.47823],[-88.17676,41.47819],[-88.17432,41.48034],[-88.16813,41.48265],[-88.16796,41.47827]],[[-88.05718,41.43032],[-88.05729,41.43299],[-88.05928,41.43296],[-88.05924,41.4318],[-88.05919,41.43028],[-88.05718,41.43032]],[[-88.10516,41.44835],[-88.10832,41.44829],[-88.10815,41.44692],[-88.10511,41.44698],[-88.10516,41.44835]],[[-88.09525,41.47374],[-88.09923,41.47362],[-88.09929,41.47545],[-88.1011,41.47541],[-88.10099,41.47301],[-88.09525,41.47374]],[[-88.07927,41.45222],[-88.07931,41.4538],[-88.08408,41.45336],[-88.08403,41.45152],[-88.08889,41.45143],[-88.08867,41.44775],[-88.08562,41.44843],[-88.07917,41.44855],[-88.07897,41.44998],[-88.07902,41.45162],[-88.07925,41.45162],[-88.07927,41.45222]],[[-88.0804,41.48439],[-88.08509,41.48428],[-88.08506,41.48338],[-88.08051,41.48349],[-88.0804,41.48439]],[[-88.07949,41.46635],[-88.07006,41.46659],[-88.07058,41.481],[-88.07482,41.4809],[-88.0747,41.47727],[-88.07772,41.47723],[-88.0778,41.47899],[-88.07996,41.47894],[-88.0799,41.4774],[-88.0849,41.47728],[-88.0848,41.47475],[-88.07981,41.47489],[-88.07966,41.47056],[-88.08262,41.4699],[-88.08254,41.46837],[-88.07958,41.46843],[-88.07949,41.46635]]],[[[-88.12261,41.49071],[-88.12233,41.48994],[-88.12598,41.48674],[-88.1265,41.48673],[-88.12523,41.48812],[-88.12261,41.49071]]],[[[-88.06127,41.49149],[-88.06126,41.49126],[-88.06609,41.49112],[-88.06517,41.49351],[-88.06133,41.49357],[-88.06127,41.49149]]],[[[-88.06762,41.49897],[-88.0675,41.49792],[-88.06844,41.49791],[-88.06851,41.49989],[-88.06777,41.49964],[-88.06762,41.49897]]],[[[-88.06628,41.49911],[-88.06745,41.50026],[-88.06642,41.50279],[-88.06682,41.50278],[-88.06572,41.50605],[-88.06512,41.50282],[-88.06515,41.50281],[-88.06286,41.49907],[-88.06353,41.4981],[-88.06628,41.49911]]],[[[-88.07323,41.50955],[-88.07467,41.50975],[-88.07483,41.51088],[-88.07581,41.51085],[-88.07533,41.51209],[-88.07621,41.51206],[-88.07611,41.51214],[-88.0741,41.51212],[-88.07294,41.51183],[-88.07294,41.51179],[-88.07293,41.51167],[-88.07409,41.51165],[-88.07331,41.51135],[-88.07323,41.50955]]],[[[-88.21208,41.5638],[-88.21135,41.56381],[-88.21134,41.56499],[-88.21006,41.56501],[-88.21019,41.56793],[-88.21121,41.56792],[-88.2102,41.56838],[-88.21043,41.57377],[-88.20622,41.57334],[-88.2035,41.57226],[-88.2007,41.57229],[-88.20063,41.57101],[-88.19919,41.57065],[-88.19581,41.57051],[-88.19184,41.56857],[-88.18934,41.5652],[-88.18736,41.56523],[-88.18611,41.56974],[-88.18115,41.56981],[-88.1809,41.56978],[-88.18082,41.56529],[-88.16656,41.56546],[-88.16648,41.56363],[-88.16313,41.56365],[-88.1632,41.5655],[-88.1617,41.56552],[-88.16184,41.56916],[-88.17155,41.56902],[-88.17168,41.57226],[-88.17735,41.57256],[-88.17834,41.5712],[-88.18051,41.57163],[-88.18075,41.5717],[-88.18048,41.5725],[-88.18045,41.57256],[-88.18072,41.57255],[-88.17868,41.57582],[-88.17502,41.57908],[-88.17404,41.57988],[-88.17257,41.58106],[-88.17211,41.58441],[-88.17361,41.58563],[-88.17462,41.58597],[-88.17423,41.58685],[-88.16505,41.58724],[-88.16474,41.58725],[-88.16256,41.58727],[-88.16247,41.58566],[-88.16518,41.58311],[-88.16467,41.58237],[-88.16242,41.5845],[-88.16227,41.581],[-88.16069,41.58003],[-88.15742,41.58005],[-88.15759,41.58449],[-88.14761,41.57821],[-88.14748,41.57408],[-88.15215,41.57364],[-88.14733,41.57292],[-88.14734,41.56936],[-88.14785,41.56972],[-88.15362,41.57378],[-88.15595,41.57295],[-88.15633,41.57149],[-88.15843,41.5712],[-88.15882,41.57281],[-88.16129,41.57207],[-88.15918,41.56959],[-88.16023,41.56909],[-88.16092,41.56707],[-88.16042,41.56564],[-88.15564,41.56558],[-88.15562,41.56498],[-88.15462,41.565],[-88.15466,41.56559],[-88.1541,41.56559],[-88.15202,41.56491],[-88.1516,41.55603],[-88.14685,41.55607],[-88.14664,41.5511],[-88.14646,41.54536],[-88.1464,41.54389],[-88.14611,41.537],[-88.14544,41.53669],[-88.14131,41.53677],[-88.14145,41.54035],[-88.14085,41.54253],[-88.13993,41.54404],[-88.13504,41.54892],[-88.13514,41.55138],[-88.12586,41.55164],[-88.12409,41.5517],[-88.12415,41.55215],[-88.12305,41.55306],[-88.12114,41.55183],[-88.11914,41.55183],[-88.11912,41.55143],[-88.11765,41.55147],[-88.11767,41.55187],[-88.11384,41.552],[-88.11018,41.55209],[-88.10782,41.55215],[-88.10429,41.55224],[-88.1041,41.55222],[-88.10179,41.5523],[-88.09698,41.55242],[-88.09565,41.55242],[-88.08939,41.55259],[-88.08808,41.55262],[-88.08733,41.55264],[-88.08662,41.55014],[-88.08197,41.55025],[-88.08317,41.54216],[-88.08271,41.54206],[-88.08313,41.53943],[-88.08054,41.54164],[-88.07604,41.55293],[-88.07573,41.55294],[-88.07562,41.55322],[-88.07526,41.55295],[-88.07497,41.55296],[-88.07271,41.55127],[-88.0727,41.55307],[-88.05607,41.5534],[-88.05595,41.55195],[-88.0583,41.55246],[-88.05825,41.54977],[-88.05343,41.5499],[-88.05215,41.54994],[-88.05229,41.55349],[-88.0441,41.5537],[-88.0416,41.55375],[-88.04155,41.55218],[-88.044,41.55213],[-88.04385,41.54897],[-88.04563,41.54895],[-88.04557,41.54649],[-88.04719,41.54644],[-88.04706,41.54507],[-88.04871,41.54415],[-88.05567,41.54352],[-88.05623,41.5423],[-88.05619,41.54161],[-88.0552,41.53979],[-88.05509,41.53961],[-88.05485,41.53987],[-88.05317,41.53921],[-88.05312,41.53749],[-88.05094,41.53873],[-88.05081,41.54085],[-88.04909,41.53922],[-88.0436,41.5393],[-88.04363,41.54018],[-88.04237,41.54022],[-88.04237,41.53799],[-88.04295,41.53797],[-88.0423,41.53636],[-88.04407,41.53633],[-88.04407,41.53552],[-88.04525,41.53551],[-88.05181,41.53455],[-88.04942,41.53414],[-88.05,41.53288],[-88.05245,41.53169],[-88.05294,41.53005],[-88.05301,41.53006],[-88.05445,41.5303],[-88.05454,41.53167],[-88.05294,41.53171],[-88.053,41.53352],[-88.05357,41.53213],[-88.05471,41.53348],[-88.05675,41.53392],[-88.05705,41.53348],[-88.05637,41.53348],[-88.05632,41.53162],[-88.05609,41.5289],[-88.05209,41.52992],[-88.04727,41.52909],[-88.04709,41.52803],[-88.04367,41.52825],[-88.04729,41.52654],[-88.05656,41.52641],[-88.05691,41.52859],[-88.05921,41.528],[-88.05918,41.52644],[-88.06234,41.52516],[-88.06452,41.52469],[-88.04793,41.52482],[-88.04792,41.52436],[-88.0479,41.52378],[-88.04317,41.52421],[-88.043,41.52072],[-88.04295,41.51951],[-88.04548,41.51965],[-88.04719,41.51983],[-88.04935,41.52332],[-88.05275,41.52347],[-88.05242,41.51469],[-88.05368,41.51438],[-88.05369,41.51662],[-88.05455,41.51661],[-88.05411,41.51429],[-88.05692,41.51451],[-88.05787,41.51317],[-88.06036,41.51333],[-88.05709,41.51651],[-88.06091,41.51329],[-88.06119,41.51332],[-88.05842,41.51645],[-88.06207,41.51642],[-88.06206,41.516],[-88.06415,41.51592],[-88.06511,41.51366],[-88.06432,41.51345],[-88.06426,41.51185],[-88.06707,41.50998],[-88.06465,41.51003],[-88.06719,41.50277],[-88.06775,41.50203],[-88.06996,41.50174],[-88.07052,41.5006],[-88.06997,41.5004],[-88.07032,41.4997],[-88.07091,41.50063],[-88.07112,41.49787],[-88.07297,41.49886],[-88.07745,41.49875],[-88.07769,41.50092],[-88.08075,41.50094],[-88.08071,41.4998],[-88.08169,41.49979],[-88.0816,41.49687],[-88.0879,41.49671],[-88.0876,41.49161],[-88.09031,41.49198],[-88.09034,41.49323],[-88.09213,41.49319],[-88.09264,41.49199],[-88.0951,41.49189],[-88.09518,41.49372],[-88.09521,41.49438],[-88.09375,41.4944],[-88.09377,41.49493],[-88.09227,41.49444],[-88.09229,41.49494],[-88.09215,41.49376],[-88.09036,41.49379],[-88.09047,41.49756],[-88.09112,41.49755],[-88.09126,41.49812],[-88.09137,41.49815],[-88.09205,41.49876],[-88.09159,41.49963],[-88.09124,41.49882],[-88.0905,41.49883],[-88.09056,41.50078],[-88.08926,41.50118],[-88.08937,41.50153],[-88.08726,41.502],[-88.08658,41.50207],[-88.08605,41.50226],[-88.08472,41.50244],[-88.08252,41.50501],[-88.08098,41.50504],[-88.08103,41.50715],[-88.08113,41.50962],[-88.08257,41.50959],[-88.08385,41.50778],[-88.08896,41.50509],[-88.09062,41.50483],[-88.09071,41.50317],[-88.0919,41.50254],[-88.09359,41.5025],[-88.09312,41.50451],[-88.09539,41.5021],[-88.09551,41.50454],[-88.09889,41.5044],[-88.09876,41.50488],[-88.09441,41.50893],[-88.09816,41.50885],[-88.10027,41.50879],[-88.10046,41.51022],[-88.10101,41.50968],[-88.10507,41.50931],[-88.10505,41.50873],[-88.1097,41.50861],[-88.11141,41.50884],[-88.11412,41.5098],[-88.11468,41.51057],[-88.11469,41.51143],[-88.12232,41.51122],[-88.12433,41.51117],[-88.13548,41.51047],[-88.14018,41.50936],[-88.14018,41.50922],[-88.14067,41.50922],[-88.14321,41.5083],[-88.14283,41.50771],[-88.14363,41.50846],[-88.14783,41.50676],[-88.14973,41.5057],[-88.14942,41.49825],[-88.15062,41.49769],[-88.15048,41.49431],[-88.15293,41.49301],[-88.15883,41.4909],[-88.18257,41.48128],[-88.18304,41.48537],[-88.18761,41.48531],[-88.18739,41.47896],[-88.18911,41.47808],[-88.19208,41.47685],[-88.19213,41.47805],[-88.19724,41.47799],[-88.19733,41.48646],[-88.1886,41.48665],[-88.19156,41.48689],[-88.19613,41.4886],[-88.19708,41.48954],[-88.19772,41.4907],[-88.19796,41.4968],[-88.19817,41.50214],[-88.19818,41.50249],[-88.18817,41.50262],[-88.18814,41.50183],[-88.18611,41.50171],[-88.18679,41.50471],[-88.18651,41.50715],[-88.18357,41.5072],[-88.1838,41.51247],[-88.18138,41.51191],[-88.18114,41.50724],[-88.17875,41.50728],[-88.17904,41.51452],[-88.18528,41.51449],[-88.18608,41.51263],[-88.19347,41.51254],[-88.19348,41.51265],[-88.19353,41.51403],[-88.19369,41.51403],[-88.19417,41.51401],[-88.1889,41.52164],[-88.18417,41.5217],[-88.18438,41.52723],[-88.1839,41.52816],[-88.18198,41.52816],[-88.18176,41.52173],[-88.17222,41.52183],[-88.17246,41.52832],[-88.17308,41.52908],[-88.17884,41.52904],[-88.1796,41.52903],[-88.17987,41.53629],[-88.1801,41.53629],[-88.18125,41.53628],[-88.18955,41.53617],[-88.1897,41.53981],[-88.19452,41.53975],[-88.19936,41.53968],[-88.19949,41.54334],[-88.1995,41.54362],[-88.1996,41.54534],[-88.20192,41.54533],[-88.20184,41.5433],[-88.20913,41.54322],[-88.21875,41.54311],[-88.22482,41.54306],[-88.22485,41.54592],[-88.22769,41.54585],[-88.2278,41.5503],[-88.2287,41.55027],[-88.23112,41.55026],[-88.23086,41.543],[-88.23499,41.54297],[-88.23668,41.54295],[-88.23676,41.54497],[-88.23179,41.55025],[-88.22882,41.55334],[-88.2248,41.55758],[-88.21781,41.56492],[-88.21371,41.56496],[-88.2121,41.565],[-88.21208,41.5638]],[[-88.21898,41.54834],[-88.21891,41.54674],[-88.21782,41.54674],[-88.2179,41.54835],[-88.21898,41.54834]],[[-88.20465,41.55402],[-88.20457,41.55416],[-88.20475,41.55416],[-88.20462,41.55119],[-88.20453,41.55119],[-88.20465,41.55402]],[[-88.20256,41.54929],[-88.20261,41.55054],[-88.20355,41.55053],[-88.20357,41.54977],[-88.20367,41.54963],[-88.20366,41.54928],[-88.20256,41.54929]],[[-88.19813,41.56514],[-88.19811,41.56422],[-88.19562,41.56422],[-88.19566,41.56516],[-88.19813,41.56514]],[[-88.18385,41.55114],[-88.18042,41.55117],[-88.1804,41.55078],[-88.18037,41.54996],[-88.18416,41.54992],[-88.18441,41.54938],[-88.1836,41.548],[-88.18286,41.54623],[-88.18259,41.54457],[-88.18267,41.54364],[-88.18239,41.54352],[-88.18008,41.54355],[-88.1801,41.54396],[-88.18033,41.54919],[-88.17075,41.54918],[-88.17078,41.54728],[-88.17067,41.54726],[-88.16592,41.54738],[-88.16598,41.55093],[-88.17079,41.55087],[-88.17258,41.55082],[-88.17269,41.5535],[-88.17095,41.55452],[-88.18034,41.55441],[-88.1805,41.55806],[-88.1711,41.55817],[-88.17125,41.5618],[-88.17888,41.56106],[-88.18086,41.56063],[-88.18087,41.56092],[-88.18541,41.56002],[-88.184,41.55922],[-88.18999,41.55912],[-88.19048,41.55874],[-88.19044,41.55796],[-88.19139,41.55795],[-88.19034,41.55606],[-88.19027,41.55464],[-88.19511,41.55428],[-88.19446,41.55062],[-88.19013,41.55067],[-88.19026,41.55432],[-88.18564,41.55439],[-88.18562,41.55365],[-88.1855,41.55073],[-88.18439,41.55074],[-88.18385,41.55114]],[[-88.17098,41.55524],[-88.16785,41.55396],[-88.16747,41.55526],[-88.16824,41.55562],[-88.16749,41.55564],[-88.16759,41.55821],[-88.1711,41.55817],[-88.17098,41.55524]],[[-88.18619,41.51437],[-88.18615,41.51449],[-88.18871,41.51446],[-88.18862,41.51266],[-88.18735,41.51268],[-88.18619,41.51437]],[[-88.18629,41.50052],[-88.18617,41.50145],[-88.18812,41.50145],[-88.18807,41.49987],[-88.18665,41.49989],[-88.18629,41.50052]],[[-88.17777,41.53956],[-88.17928,41.53953],[-88.17939,41.53952],[-88.17937,41.53913],[-88.17775,41.53916],[-88.17777,41.53956]],[[-88.17298,41.48544],[-88.17367,41.48643],[-88.17568,41.48564],[-88.17532,41.48515],[-88.1746,41.48494],[-88.17298,41.48544]],[[-88.16752,41.52188],[-88.16742,41.51985],[-88.16958,41.51982],[-88.16945,41.51573],[-88.16468,41.51781],[-88.16484,41.52192],[-88.16148,41.52304],[-88.16069,41.52195],[-88.16003,41.52305],[-88.16009,41.52372],[-88.16251,41.52371],[-88.16258,41.52552],[-88.16503,41.52551],[-88.16584,41.52749],[-88.16509,41.5275],[-88.16513,41.52869],[-88.16589,41.5287],[-88.16613,41.5342],[-88.16703,41.53418],[-88.17027,41.53194],[-88.1688,41.53095],[-88.17026,41.53065],[-88.17037,41.52946],[-88.16833,41.52948],[-88.17004,41.52701],[-88.16808,41.52641],[-88.16795,41.5255],[-88.16981,41.52548],[-88.16971,41.52298],[-88.16752,41.52188]],[[-88.16939,41.5364],[-88.16965,41.53545],[-88.16706,41.53508],[-88.16681,41.53642],[-88.16939,41.5364]],[[-88.16309,41.49285],[-88.1649,41.49283],[-88.16605,41.49115],[-88.16523,41.49039],[-88.16165,41.49277],[-88.16309,41.49285]],[[-88.15955,41.51465],[-88.16416,41.51463],[-88.16456,41.51459],[-88.16443,41.51153],[-88.15945,41.51158],[-88.15955,41.51465]],[[-88.15253,41.53657],[-88.15282,41.54368],[-88.15962,41.54373],[-88.1594,41.53797],[-88.16066,41.53797],[-88.1606,41.53645],[-88.15253,41.53657]],[[-88.16049,41.53372],[-88.16032,41.52919],[-88.15549,41.52925],[-88.15566,41.53381],[-88.16049,41.53372]],[[-88.06871,41.51176],[-88.07053,41.5117],[-88.0701,41.51333],[-88.0716,41.51397],[-88.07164,41.51554],[-88.07329,41.51486],[-88.07418,41.51479],[-88.07622,41.51263],[-88.07869,41.51171],[-88.07833,41.51077],[-88.07856,41.50796],[-88.07783,41.50609],[-88.07504,41.50618],[-88.07511,41.5088],[-88.07285,41.50905],[-88.07285,41.50907],[-88.06871,41.51176]],[[-88.07551,41.50129],[-88.07752,41.50105],[-88.07729,41.50063],[-88.073,41.50038],[-88.07304,41.50153],[-88.07231,41.50124],[-88.07138,41.50268],[-88.07366,41.50263],[-88.07555,41.50257],[-88.07551,41.50129]]],[[[-88.1483,41.59389],[-88.14859,41.59294],[-88.14854,41.59118],[-88.14653,41.59122],[-88.14661,41.59353],[-88.14595,41.59354],[-88.14598,41.59438],[-88.14531,41.59476],[-88.14346,41.59479],[-88.14322,41.58888],[-88.14322,41.58865],[-88.14306,41.58429],[-88.14294,41.58025],[-88.14867,41.5802],[-88.15269,41.58274],[-88.15951,41.58685],[-88.15771,41.58734],[-88.15775,41.5885],[-88.15179,41.59409],[-88.15182,41.59468],[-88.14987,41.5947],[-88.14985,41.59367],[-88.1483,41.59389]]],[[[-88.16143,41.59087],[-88.16306,41.59081],[-88.16289,41.59213],[-88.1629,41.59359],[-88.15795,41.59349],[-88.15797,41.59459],[-88.15313,41.59466],[-88.16001,41.58801],[-88.16259,41.58905],[-88.16143,41.59087]]],[[[-88.14636,41.85005],[-88.14632,41.85729],[-88.14716,41.8572],[-88.15528,41.85706],[-88.16091,41.85699],[-88.16179,41.85497],[-88.16402,41.85494],[-88.16434,41.85399],[-88.16576,41.85397],[-88.16572,41.85691],[-88.16571,41.86132],[-88.1679,41.8606],[-88.16789,41.86231],[-88.16956,41.86368],[-88.16696,41.86367],[-88.16676,41.8664],[-88.16624,41.86657],[-88.16366,41.86813],[-88.16415,41.8695],[-88.16565,41.86879],[-88.16787,41.86875],[-88.16785,41.87075],[-88.17381,41.87082],[-88.1753,41.87],[-88.17949,41.8705],[-88.17798,41.87094],[-88.17784,41.87135],[-88.17527,41.87138],[-88.17339,41.871],[-88.16562,41.87248],[-88.16399,41.87195],[-88.16754,41.87322],[-88.16744,41.87877],[-88.16034,41.87887],[-88.15671,41.87893],[-88.15729,41.88795],[-88.15679,41.88914],[-88.15677,41.89067],[-88.15111,41.88814],[-88.15148,41.88914],[-88.15073,41.89356],[-88.15072,41.89366],[-88.14724,41.89371],[-88.14583,41.89436],[-88.14576,41.89911],[-88.15068,41.89902],[-88.15065,41.9008],[-88.15554,41.9007],[-88.15696,41.90261],[-88.15695,41.90545],[-88.16036,41.90637],[-88.16034,41.90877],[-88.15548,41.9082],[-88.15549,41.90605],[-88.15584,41.90356],[-88.15248,41.90353],[-88.15248,41.90224],[-88.1458,41.9017],[-88.14058,41.90128],[-88.13615,41.90134],[-88.13529,41.9017],[-88.13186,41.90128],[-88.12964,41.90103],[-88.12964,41.89507],[-88.12642,41.89505],[-88.1264,41.89014],[-88.12548,41.89015],[-88.12548,41.88776],[-88.12548,41.88763],[-88.12746,41.88759],[-88.12746,41.88774],[-88.12749,41.89183],[-88.13129,41.89175],[-88.1313,41.89333],[-88.13614,41.89328],[-88.13612,41.88772],[-88.1387,41.88777],[-88.13701,41.88889],[-88.13763,41.89078],[-88.1412,41.89049],[-88.141,41.89413],[-88.14417,41.89371],[-88.14585,41.89236],[-88.14557,41.88902],[-88.14478,41.89001],[-88.14443,41.88873],[-88.14219,41.88852],[-88.1422,41.88784],[-88.14559,41.88789],[-88.14583,41.88789],[-88.14714,41.88799],[-88.14717,41.88727],[-88.14746,41.88631],[-88.14589,41.88536],[-88.14571,41.88525],[-88.13778,41.88118],[-88.13794,41.87982],[-88.13698,41.88077],[-88.13603,41.87746],[-88.13603,41.87691],[-88.14104,41.87597],[-88.14618,41.87395],[-88.14608,41.87371],[-88.14532,41.872],[-88.14613,41.87194],[-88.14615,41.86982],[-88.13645,41.87051],[-88.12624,41.87232],[-88.12221,41.87316],[-88.12012,41.8732],[-88.11669,41.87324],[-88.11498,41.87327],[-88.11529,41.87356],[-88.11448,41.87646],[-88.11541,41.87692],[-88.11796,41.87623],[-88.11685,41.8751],[-88.12461,41.87496],[-88.1247,41.87446],[-88.12626,41.87527],[-88.1254,41.87779],[-88.12617,41.87861],[-88.12629,41.8786],[-88.12518,41.88213],[-88.12634,41.88308],[-88.12145,41.88234],[-88.12126,41.88043],[-88.11882,41.88033],[-88.11817,41.88007],[-88.11252,41.88018],[-88.11241,41.88222],[-88.11379,41.88316],[-88.11371,41.8827],[-88.11964,41.88258],[-88.11966,41.8844],[-88.12211,41.88455],[-88.12161,41.88684],[-88.12288,41.88781],[-88.12151,41.88786],[-88.12153,41.88866],[-88.12026,41.88788],[-88.11786,41.88791],[-88.11782,41.88612],[-88.11559,41.88612],[-88.11427,41.88746],[-88.11413,41.88541],[-88.11185,41.88561],[-88.11246,41.8865],[-88.11124,41.88804],[-88.10836,41.88809],[-88.10904,41.88955],[-88.10677,41.88959],[-88.10682,41.8881],[-88.09206,41.88838],[-88.09089,41.88845],[-88.08714,41.88864],[-88.08417,41.88878],[-88.08223,41.88888],[-88.08062,41.88896],[-88.07976,41.8876],[-88.08049,41.88543],[-88.07966,41.8837],[-88.08232,41.88383],[-88.08227,41.88364],[-88.08225,41.88163],[-88.08225,41.88037],[-88.08052,41.88103],[-88.08045,41.87835],[-88.08043,41.87554],[-88.08043,41.87504],[-88.08027,41.8739],[-88.07977,41.87245],[-88.08054,41.87181],[-88.08066,41.87159],[-88.08072,41.87121],[-88.08081,41.87121],[-88.08079,41.87084],[-88.08087,41.87041],[-88.08323,41.87021],[-88.08323,41.86925],[-88.08337,41.86926],[-88.08384,41.86926],[-88.08383,41.86688],[-88.08333,41.86687],[-88.08333,41.86645],[-88.0789,41.86656],[-88.0789,41.86432],[-88.07891,41.86037],[-88.07903,41.85921],[-88.07957,41.8592],[-88.07963,41.85813],[-88.07963,41.85804],[-88.07989,41.85784],[-88.08069,41.85782],[-88.08069,41.85737],[-88.08099,41.85736],[-88.08099,41.85723],[-88.08099,41.85129],[-88.0814,41.84913],[-88.08224,41.84912],[-88.08225,41.84718],[-88.08142,41.84648],[-88.08143,41.84557],[-88.08225,41.84556],[-88.08226,41.8445],[-88.08226,41.83712],[-88.0807,41.83714],[-88.08057,41.8337],[-88.08044,41.83021],[-88.07821,41.83027],[-88.07744,41.83026],[-88.07545,41.83016],[-88.07546,41.8263],[-88.07844,41.82542],[-88.07925,41.82378],[-88.07727,41.82245],[-88.08709,41.82233],[-88.08738,41.82233],[-88.09194,41.82227],[-88.09201,41.8293],[-88.10125,41.82882],[-88.10123,41.82218],[-88.09503,41.82224],[-88.09501,41.82133],[-88.09722,41.82131],[-88.09579,41.81848],[-88.10157,41.81844],[-88.10161,41.82881],[-88.10547,41.82876],[-88.11263,41.82879],[-88.11264,41.82592],[-88.11609,41.82635],[-88.11611,41.82881],[-88.11634,41.82881],[-88.12403,41.82887],[-88.12602,41.82905],[-88.12602,41.83279],[-88.1286,41.83275],[-88.129,41.83641],[-88.13084,41.83638],[-88.13087,41.83907],[-88.12613,41.83916],[-88.12626,41.84288],[-88.1211,41.84299],[-88.12106,41.8402],[-88.11433,41.84032],[-88.11433,41.83922],[-88.11127,41.83973],[-88.11112,41.84082],[-88.11119,41.8422],[-88.10874,41.84223],[-88.10874,41.84407],[-88.10894,41.84464],[-88.11127,41.84463],[-88.11134,41.84749],[-88.10908,41.8475],[-88.11083,41.84866],[-88.10843,41.85051],[-88.10764,41.85141],[-88.10968,41.85137],[-88.10978,41.84995],[-88.11134,41.84986],[-88.11347,41.8499],[-88.11496,41.85078],[-88.11943,41.84891],[-88.11983,41.84949],[-88.12629,41.84604],[-88.12628,41.84459],[-88.12706,41.84377],[-88.13082,41.8437],[-88.13465,41.84219],[-88.13511,41.84349],[-88.13579,41.84339],[-88.13516,41.84199],[-88.1386,41.84066],[-88.13899,41.84242],[-88.13988,41.84195],[-88.14192,41.84056],[-88.1419,41.83915],[-88.14107,41.8392],[-88.13937,41.83874],[-88.14093,41.83739],[-88.14211,41.83757],[-88.14209,41.83576],[-88.1412,41.83429],[-88.13716,41.83281],[-88.13714,41.83047],[-88.14611,41.83137],[-88.14551,41.83293],[-88.1438,41.83275],[-88.14453,41.83446],[-88.14622,41.83322],[-88.14668,41.83138],[-88.14754,41.83137],[-88.15018,41.83125],[-88.15015,41.83363],[-88.15155,41.83588],[-88.1467,41.83776],[-88.14667,41.8427],[-88.14765,41.84273],[-88.14711,41.84301],[-88.14657,41.84454],[-88.14636,41.85005]],[[-88.14397,41.84575],[-88.14626,41.84554],[-88.14627,41.84419],[-88.1463,41.84113],[-88.14437,41.84128],[-88.14439,41.84477],[-88.14072,41.84549],[-88.14072,41.84763],[-88.14398,41.84694],[-88.14397,41.84575]],[[-88.13974,41.85315],[-88.13733,41.851],[-88.13475,41.85086],[-88.13407,41.85418],[-88.13409,41.85817],[-88.13471,41.85816],[-88.13589,41.85803],[-88.13974,41.85315]],[[-88.1363,41.84425],[-88.13797,41.84504],[-88.13801,41.84289],[-88.13634,41.84327],[-88.1363,41.84425]],[[-88.13223,41.85828],[-88.12967,41.85838],[-88.12937,41.861],[-88.13351,41.85999],[-88.13356,41.8582],[-88.13223,41.85828]],[[-88.11777,41.85196],[-88.11882,41.85206],[-88.11908,41.85203],[-88.12069,41.85054],[-88.11985,41.85029],[-88.11777,41.85196]],[[-88.09295,41.88539],[-88.09295,41.88553],[-88.09296,41.88614],[-88.09452,41.88611],[-88.09451,41.88537],[-88.09295,41.88539]],[[-88.08837,41.88569],[-88.09207,41.88566],[-88.09206,41.88376],[-88.08836,41.88377],[-88.08837,41.88569]],[[-88.08836,41.88277],[-88.08971,41.88276],[-88.08972,41.88304],[-88.0908,41.88304],[-88.0908,41.88276],[-88.09205,41.88276],[-88.09205,41.88273],[-88.09205,41.88254],[-88.09205,41.88249],[-88.0908,41.88249],[-88.0908,41.88194],[-88.08835,41.88194],[-88.08836,41.88277]],[[-88.16476,41.87685],[-88.16478,41.87589],[-88.16319,41.87421],[-88.16169,41.87682],[-88.16476,41.87685]]],[[[-88.14807,41.90218],[-88.14911,41.90226],[-88.14932,41.90228],[-88.1493,41.90446],[-88.14806,41.90412],[-88.14807,41.90218]]],[[[-88.23153,42.07261],[-88.2298,42.07477],[-88.22653,42.07469],[-88.22653,42.07391],[-88.22361,42.07383],[-88.22353,42.08134],[-88.2132,42.0805],[-88.20582,42.07914],[-88.2011,42.07781],[-88.20106,42.07566],[-88.19957,42.08093],[-88.19943,42.08153],[-88.19731,42.08493],[-88.18973,42.08492],[-88.1895,42.08103],[-88.1895,42.08098],[-88.18971,42.07693],[-88.18959,42.07457],[-88.18317,42.07278],[-88.17998,42.07187],[-88.17993,42.06819],[-88.1798,42.06733],[-88.17969,42.06676],[-88.1705,42.06678],[-88.16143,42.06659],[-88.16063,42.06697],[-88.15047,42.06733],[-88.14689,42.06733],[-88.14688,42.06828],[-88.14599,42.06894],[-88.14118,42.06896],[-88.14112,42.07926],[-88.12655,42.07938],[-88.12641,42.07797],[-88.1217,42.07804],[-88.1217,42.08503],[-88.1144,42.08529],[-88.11433,42.08695],[-88.10429,42.08704],[-88.107,42.08768],[-88.10695,42.09611],[-88.11179,42.09609],[-88.11198,42.08921],[-88.11269,42.08916],[-88.1166,42.09005],[-88.1166,42.09022],[-88.11798,42.09036],[-88.12171,42.09124],[-88.12172,42.08866],[-88.13125,42.08867],[-88.13078,42.09184],[-88.13078,42.09491],[-88.12962,42.09451],[-88.12893,42.0968],[-88.1266,42.09683],[-88.12657,42.10299],[-88.1281,42.10295],[-88.12802,42.10691],[-88.12155,42.10702],[-88.12155,42.1106],[-88.12162,42.11786],[-88.10684,42.11785],[-88.10679,42.1143],[-88.10316,42.11424],[-88.10302,42.11058],[-88.10699,42.11058],[-88.10692,42.10338],[-88.09727,42.10333],[-88.09728,42.10256],[-88.09728,42.08924],[-88.09739,42.08873],[-88.09243,42.08874],[-88.08761,42.08863],[-88.08772,42.08343],[-88.0924,42.08461],[-88.0921,42.08143],[-88.09733,42.08146],[-88.09755,42.07791],[-88.09972,42.07791],[-88.09975,42.07616],[-88.1024,42.07622],[-88.10242,42.07143],[-88.10135,42.07143],[-88.10128,42.07426],[-88.09978,42.07426],[-88.09975,42.07613],[-88.09791,42.07612],[-88.09794,42.07423],[-88.09245,42.07402],[-88.08279,42.07347],[-88.08258,42.06701],[-88.08947,42.06703],[-88.08925,42.06375],[-88.08446,42.06378],[-88.08451,42.0604],[-88.07962,42.06112],[-88.08451,42.06021],[-88.08456,42.05792],[-88.08453,42.05612],[-88.08944,42.05602],[-88.0895,42.04898],[-88.0902,42.04896],[-88.09087,42.04894],[-88.09095,42.0495],[-88.09611,42.04909],[-88.09944,42.04991],[-88.09939,42.05376],[-88.09949,42.05376],[-88.09934,42.05935],[-88.10431,42.05951],[-88.10435,42.05097],[-88.10421,42.04834],[-88.10421,42.04822],[-88.1044,42.04104],[-88.10195,42.04113],[-88.09952,42.04121],[-88.09944,42.04488],[-88.09809,42.04613],[-88.09814,42.04849],[-88.09559,42.0486],[-88.09409,42.04796],[-88.09296,42.04795],[-88.09117,42.04784],[-88.08942,42.04713],[-88.08483,42.04602],[-88.0837,42.04576],[-88.08318,42.04909],[-88.07969,42.04919],[-88.06582,42.0497],[-88.06477,42.04972],[-88.06511,42.04386],[-88.06461,42.04172],[-88.06264,42.04107],[-88.06263,42.03904],[-88.06075,42.03914],[-88.0603,42.03916],[-88.06019,42.03729],[-88.0602,42.03552],[-88.06936,42.03511],[-88.07,42.03509],[-88.07014,42.0386],[-88.07981,42.03842],[-88.07998,42.03465],[-88.07985,42.03465],[-88.08461,42.03434],[-88.08475,42.03136],[-88.08595,42.03121],[-88.09179,42.03102],[-88.09156,42.02684],[-88.09278,42.0268],[-88.09771,42.02663],[-88.09957,42.02656],[-88.09951,42.03509],[-88.09949,42.03749],[-88.10196,42.03746],[-88.1094,42.03722],[-88.11911,42.03684],[-88.11883,42.03719],[-88.11891,42.04043],[-88.12156,42.04055],[-88.12146,42.0474],[-88.12213,42.04742],[-88.12342,42.04738],[-88.12619,42.04749],[-88.13893,42.04673],[-88.13875,42.03955],[-88.14043,42.03945],[-88.14466,42.03924],[-88.14466,42.03822],[-88.14947,42.03823],[-88.14946,42.03914],[-88.15591,42.03914],[-88.16476,42.03913],[-88.179,42.03902],[-88.18409,42.03981],[-88.18517,42.03903],[-88.18521,42.0417],[-88.18467,42.04171],[-88.18471,42.04292],[-88.18548,42.04289],[-88.18688,42.04293],[-88.18879,42.04308],[-88.1888,42.03892],[-88.19258,42.03894],[-88.19266,42.04191],[-88.19451,42.04182],[-88.19659,42.03883],[-88.2031,42.03913],[-88.20316,42.04199],[-88.19851,42.04201],[-88.19857,42.04522],[-88.19828,42.04524],[-88.19834,42.0464],[-88.19378,42.04666],[-88.19069,42.05334],[-88.19346,42.05359],[-88.18422,42.05373],[-88.18424,42.05657],[-88.1842,42.06091],[-88.19356,42.06083],[-88.20296,42.0608],[-88.20318,42.06598],[-88.20295,42.06728],[-88.20292,42.06743],[-88.20125,42.07503],[-88.20363,42.06743],[-88.20367,42.06726],[-88.20416,42.06599],[-88.2134,42.06598],[-88.21373,42.06515],[-88.2152,42.06155],[-88.21618,42.06088],[-88.21935,42.06178],[-88.21899,42.06282],[-88.22022,42.06297],[-88.22026,42.06613],[-88.22375,42.0662],[-88.22309,42.06522],[-88.22273,42.06421],[-88.22265,42.06096],[-88.22545,42.05833],[-88.22614,42.05793],[-88.22532,42.0572],[-88.22681,42.0563],[-88.22829,42.05428],[-88.22368,42.05441],[-88.2233,42.05624],[-88.22297,42.05762],[-88.2165,42.05767],[-88.21338,42.06055],[-88.21247,42.0608],[-88.20575,42.06079],[-88.20822,42.05685],[-88.21556,42.04496],[-88.21941,42.04494],[-88.22166,42.04517],[-88.2217,42.04505],[-88.22808,42.04641],[-88.2281,42.04913],[-88.22913,42.04914],[-88.22917,42.04657],[-88.23075,42.04669],[-88.23303,42.04669],[-88.23432,42.04679],[-88.23464,42.05182],[-88.2329,42.04913],[-88.23028,42.04915],[-88.23115,42.05289],[-88.23409,42.05289],[-88.23473,42.05749],[-88.23656,42.05698],[-88.23766,42.05685],[-88.23804,42.06643],[-88.23819,42.06699],[-88.24303,42.06704],[-88.24305,42.07147],[-88.23821,42.07153],[-88.23823,42.07408],[-88.23696,42.07556],[-88.23587,42.07543],[-88.23399,42.07342],[-88.23153,42.07261]],[[-88.17903,42.04782],[-88.18103,42.04776],[-88.18074,42.04631],[-88.17904,42.04632],[-88.17903,42.04782]],[[-88.14522,42.06092],[-88.14834,42.06248],[-88.15272,42.06417],[-88.15427,42.06465],[-88.15427,42.06096],[-88.14522,42.06092]],[[-88.10831,42.07038],[-88.11144,42.06709],[-88.10607,42.06708],[-88.10598,42.06878],[-88.10518,42.06892],[-88.1052,42.07072],[-88.10741,42.07083],[-88.10831,42.07038]],[[-88.09709,42.06819],[-88.09707,42.06705],[-88.10387,42.06708],[-88.09627,42.06654],[-88.09417,42.06591],[-88.09427,42.06705],[-88.09463,42.06705],[-88.09465,42.06826],[-88.09709,42.06819]]],[[[-88.08231,42.30541],[-88.09058,42.30325],[-88.09177,42.30355],[-88.09176,42.30968],[-88.09041,42.3097],[-88.0912,42.31177],[-88.08728,42.31283],[-88.08704,42.30983],[-88.08231,42.30746],[-88.08231,42.30733],[-88.08231,42.30541]]],[[[-88.09556,42.30967],[-88.0991,42.30966],[-88.09175,42.31162],[-88.09176,42.30968],[-88.09556,42.30967]]],[[[-88.13989,42.36295],[-88.13989,42.35897],[-88.13855,42.35774],[-88.13011,42.35777],[-88.13006,42.36485],[-88.13005,42.368],[-88.12739,42.36749],[-88.1274,42.36657],[-88.12678,42.36656],[-88.12678,42.36733],[-88.12014,42.36571],[-88.11574,42.36464],[-88.11452,42.36472],[-88.11342,42.36465],[-88.11146,42.36464],[-88.10182,42.3645],[-88.09823,42.36445],[-88.09701,42.36535],[-88.09703,42.36453],[-88.08981,42.36441],[-88.08262,42.3643],[-88.08263,42.36393],[-88.08264,42.35991],[-88.08264,42.35884],[-88.08264,42.35703],[-88.08746,42.35714],[-88.0875,42.35104],[-88.08757,42.34101],[-88.08583,42.34141],[-88.08582,42.34018],[-88.08405,42.34059],[-88.08405,42.33528],[-88.08299,42.33527],[-88.0828,42.32798],[-88.0828,42.32797],[-88.0825,42.32061],[-88.08731,42.3206],[-88.08705,42.31363],[-88.09172,42.31217],[-88.09381,42.31328],[-88.09196,42.31211],[-88.10152,42.30965],[-88.10151,42.31397],[-88.09866,42.31354],[-88.0988,42.32021],[-88.09945,42.32096],[-88.1005,42.32248],[-88.10154,42.32442],[-88.10241,42.32819],[-88.09963,42.32818],[-88.09958,42.33031],[-88.09748,42.33029],[-88.09774,42.33852],[-88.10226,42.33749],[-88.10733,42.33621],[-88.10831,42.33868],[-88.11199,42.33872],[-88.1083,42.33928],[-88.10821,42.34338],[-88.11165,42.34339],[-88.11112,42.34508],[-88.10819,42.34467],[-88.10816,42.3469],[-88.11317,42.34713],[-88.11247,42.35019],[-88.11076,42.35023],[-88.11044,42.34781],[-88.10815,42.3478],[-88.10812,42.3502],[-88.10932,42.35097],[-88.10989,42.35491],[-88.11154,42.35492],[-88.11136,42.35376],[-88.11968,42.35379],[-88.11889,42.35623],[-88.10955,42.3562],[-88.10954,42.35739],[-88.10805,42.35739],[-88.10783,42.3515],[-88.10687,42.35149],[-88.1068,42.361],[-88.10596,42.361],[-88.10435,42.3604],[-88.09963,42.35728],[-88.10466,42.36088],[-88.10464,42.36416],[-88.10879,42.36281],[-88.1116,42.36399],[-88.11167,42.36341],[-88.11042,42.36288],[-88.11183,42.35743],[-88.1202,42.35746],[-88.12025,42.3502],[-88.11934,42.35018],[-88.11933,42.35179],[-88.11779,42.35178],[-88.11796,42.34615],[-88.11974,42.34616],[-88.12024,42.34935],[-88.12035,42.34352],[-88.12045,42.33547],[-88.12052,42.33026],[-88.12054,42.32845],[-88.12071,42.32845],[-88.13012,42.32852],[-88.13011,42.33022],[-88.12379,42.33214],[-88.12894,42.33488],[-88.12824,42.33561],[-88.12688,42.33488],[-88.12256,42.33484],[-88.12255,42.33549],[-88.12235,42.343],[-88.12362,42.34301],[-88.1236,42.35025],[-88.12517,42.35027],[-88.1252,42.34303],[-88.13502,42.34314],[-88.13509,42.33819],[-88.13751,42.33961],[-88.13893,42.34115],[-88.14075,42.34411],[-88.14066,42.34684],[-88.13501,42.34678],[-88.135,42.35039],[-88.13342,42.3516],[-88.1399,42.35169],[-88.13989,42.35774],[-88.14724,42.35776],[-88.14725,42.36142],[-88.14848,42.36142],[-88.14847,42.36274],[-88.14847,42.36297],[-88.14603,42.36296],[-88.14658,42.36241],[-88.14692,42.36236],[-88.14494,42.36181],[-88.14457,42.36297],[-88.13989,42.36295]],[[-88.12594,42.36478],[-88.12759,42.36481],[-88.1276,42.36328],[-88.1276,42.36264],[-88.12596,42.36261],[-88.12594,42.36478]],[[-88.09716,42.34054],[-88.09717,42.33986],[-88.09582,42.33984],[-88.09582,42.34054],[-88.09716,42.34054]],[[-88.08767,42.33159],[-88.08767,42.33203],[-88.08499,42.332],[-88.08497,42.33282],[-88.08766,42.33285],[-88.08766,42.33319],[-88.08913,42.3332],[-88.08767,42.33159]]],[[[-88.03434,41.45979],[-88.03623,41.45971],[-88.03752,41.45965],[-88.03634,41.46066],[-88.03574,41.46069],[-88.03434,41.45979]]],[[[-88.02653,41.482],[-88.02254,41.48206],[-88.0224,41.47801],[-88.02524,41.47793],[-88.02897,41.48191],[-88.03199,41.48512],[-88.03203,41.48673],[-88.02751,41.48681],[-88.02754,41.48771],[-88.0227,41.48644],[-88.02269,41.48614],[-88.02606,41.48427],[-88.02602,41.48281],[-88.02653,41.482]]],[[[-88.03237,41.4891],[-88.03244,41.49111],[-88.02287,41.49125],[-88.02284,41.49045],[-88.02182,41.49045],[-88.02181,41.48983],[-88.02281,41.48982],[-88.02279,41.48932],[-88.03237,41.4891]]],[[[-88.0491,41.50774],[-88.04916,41.51038],[-88.04753,41.51191],[-88.04458,41.51201],[-88.04262,41.51119],[-88.04259,41.51053],[-88.04862,41.5104],[-88.04741,41.50779],[-88.0498,41.50753],[-88.0497,41.50494],[-88.0521,41.50489],[-88.05204,41.50311],[-88.04726,41.5032],[-88.04714,41.49956],[-88.04475,41.49963],[-88.04588,41.496],[-88.04201,41.49607],[-88.04223,41.49669],[-88.0424,41.5006],[-88.03758,41.50072],[-88.03767,41.50342],[-88.0365,41.50345],[-88.03637,41.49981],[-88.03514,41.49985],[-88.035,41.49626],[-88.03378,41.49629],[-88.03406,41.50351],[-88.03284,41.50353],[-88.03283,41.50714],[-88.03164,41.50356],[-88.02692,41.50373],[-88.02713,41.51089],[-88.02353,41.51096],[-88.01597,41.51124],[-88.01407,41.51127],[-88.01379,41.50401],[-88.00897,41.50412],[-88.00869,41.4969],[-88.01207,41.49682],[-88.01284,41.49771],[-88.01351,41.49679],[-88.0134,41.49208],[-88.0229,41.49199],[-88.02294,41.49298],[-88.0247,41.49378],[-88.02526,41.49191],[-88.03246,41.49182],[-88.03777,41.49132],[-88.03815,41.49173],[-88.04304,41.49164],[-88.04675,41.49275],[-88.04683,41.49598],[-88.04753,41.49597],[-88.04746,41.49296],[-88.04907,41.49345],[-88.04913,41.49593],[-88.04941,41.49593],[-88.04956,41.50135],[-88.05035,41.50119],[-88.05193,41.49941],[-88.05183,41.49588],[-88.05681,41.49577],[-88.05937,41.49681],[-88.06153,41.49826],[-88.0636,41.50049],[-88.06478,41.50282],[-88.06163,41.50288],[-88.06173,41.50649],[-88.05216,41.5067],[-88.05222,41.50849],[-88.04984,41.50854],[-88.0491,41.50774]],[[-88.0416,41.49541],[-88.03973,41.4934],[-88.03973,41.49613],[-88.03743,41.49619],[-88.03748,41.4977],[-88.04071,41.49762],[-88.04066,41.49611],[-88.04201,41.49607],[-88.0416,41.49541]],[[-88.05866,41.50295],[-88.0592,41.50139],[-88.06094,41.50093],[-88.05979,41.50075],[-88.06032,41.49934],[-88.05679,41.49942],[-88.05689,41.50261],[-88.05801,41.50204],[-88.05804,41.50297],[-88.05866,41.50295]],[[-88.02608,41.49648],[-88.02789,41.49785],[-88.028,41.50119],[-88.03272,41.50109],[-88.03259,41.49632],[-88.02905,41.49641],[-88.03138,41.49682],[-88.03149,41.49984],[-88.028,41.49996],[-88.02788,41.49644],[-88.02608,41.49648]],[[-88.02329,41.50376],[-88.0254,41.50371],[-88.02528,41.50062],[-88.02321,41.50065],[-88.02329,41.50376]]],[[[-88.06183,41.51011],[-88.06123,41.50904],[-88.06445,41.5087],[-88.06334,41.51047],[-88.06111,41.51121],[-88.06183,41.51011]]],[[[-88.01419,41.52669],[-88.01407,41.52708],[-88.01253,41.52672],[-88.01268,41.52638],[-88.01419,41.52669]]],[[[-88.0397,41.52975],[-88.04119,41.52945],[-88.0412,41.53001],[-88.04171,41.53],[-88.0421,41.53034],[-88.04099,41.53037],[-88.04101,41.53105],[-88.04045,41.53107],[-88.04046,41.53222],[-88.0398,41.53224],[-88.0397,41.52975]]],[[[-88.03933,41.52982],[-88.0394,41.53224],[-88.03726,41.53226],[-88.03722,41.52997],[-88.03933,41.52982]]],[[[-88.04625,41.52902],[-88.04511,41.53028],[-88.04636,41.53206],[-88.0476,41.53284],[-88.04519,41.53357],[-88.0492,41.53352],[-88.04995,41.532],[-88.04948,41.53381],[-88.04703,41.53419],[-88.04525,41.53551],[-88.04401,41.53351],[-88.04449,41.53024],[-88.04254,41.5293],[-88.04327,41.52925],[-88.04625,41.52902]]],[[[-88.02891,41.54687],[-88.02904,41.54797],[-88.0264,41.54722],[-88.02606,41.54723],[-88.02471,41.54726],[-88.02493,41.55419],[-88.00584,41.55462],[-88.00572,41.5515],[-88.01054,41.55139],[-88.01043,41.54812],[-88.00561,41.54872],[-88.00558,41.54767],[-88.0037,41.54771],[-88.00506,41.54647],[-88.00552,41.54559],[-88.00549,41.54476],[-88.00374,41.54477],[-88.00216,41.5441],[-88.00219,41.54774],[-88.00099,41.54776],[-88.00075,41.54776],[-87.99788,41.54782],[-87.99762,41.54613],[-87.99588,41.54669],[-87.99591,41.5475],[-87.99258,41.54689],[-87.99287,41.54429],[-87.9921,41.54063],[-87.99567,41.54058],[-87.9956,41.53775],[-87.99769,41.53732],[-88.00043,41.53764],[-88.00048,41.5391],[-88.00532,41.53896],[-88.00536,41.54031],[-88.0059,41.5403],[-88.00581,41.53814],[-88.00562,41.53277],[-88.00508,41.53279],[-88.0051,41.53317],[-88.00524,41.53681],[-88.00041,41.53688],[-88.00028,41.53325],[-87.9918,41.53361],[-87.99075,41.53341],[-87.99059,41.53063],[-87.99049,41.53064],[-87.99036,41.52615],[-88.00489,41.52591],[-88.0089,41.52581],[-88.01133,41.52668],[-88.01702,41.52788],[-88.02417,41.52998],[-88.02417,41.53003],[-88.02921,41.53118],[-88.03388,41.53109],[-88.03384,41.53348],[-88.03386,41.53413],[-88.03391,41.53601],[-88.02913,41.53606],[-88.02905,41.53314],[-88.02427,41.53323],[-88.02439,41.53762],[-88.03397,41.53774],[-88.03401,41.53953],[-88.02928,41.53965],[-88.02929,41.54154],[-88.02809,41.54327],[-88.02816,41.54693],[-88.02889,41.54687],[-88.02891,41.54687]],[[-88.02463,41.54505],[-88.02362,41.54507],[-88.02371,41.54728],[-88.02471,41.54726],[-88.02463,41.54505]],[[-88.01241,41.54753],[-88.01234,41.54536],[-88.01133,41.54538],[-88.01126,41.5431],[-88.01285,41.54308],[-88.01231,41.5414],[-88.0092,41.5408],[-88.00874,41.54456],[-88.01031,41.54451],[-88.01039,41.54683],[-88.00556,41.54694],[-88.00558,41.54767],[-88.01241,41.54753]],[[-88.01984,41.54011],[-88.02446,41.54001],[-88.02443,41.5391],[-88.01981,41.53923],[-88.01984,41.54011]],[[-88.015,41.54022],[-88.01504,41.54135],[-88.01289,41.5414],[-88.01294,41.54308],[-88.01546,41.54303],[-88.01551,41.54383],[-88.01755,41.54378],[-88.01749,41.54197],[-88.01869,41.54195],[-88.01866,41.54104],[-88.01987,41.54102],[-88.01984,41.54011],[-88.015,41.54022]],[[-88.02237,41.54368],[-88.02177,41.54369],[-88.0219,41.54732],[-88.02267,41.54691],[-88.02248,41.54691],[-88.02237,41.54368]],[[-88.00837,41.54027],[-88.0099,41.54014],[-88.01019,41.53944],[-88.01243,41.53822],[-88.01249,41.5374],[-88.01471,41.53735],[-88.01475,41.53288],[-88.01376,41.5329],[-88.01241,41.53413],[-88.01252,41.53644],[-88.00898,41.53861],[-88.00884,41.53899],[-88.00837,41.54027]],[[-88.00692,41.5432],[-88.00795,41.54317],[-88.00788,41.54082],[-88.00538,41.54088],[-88.00545,41.54322],[-88.00637,41.54321],[-88.00635,41.54256],[-88.00689,41.54254],[-88.00692,41.5432]]],[[[-87.57814,41.5611],[-87.57673,41.56112],[-87.57673,41.55959],[-87.57352,41.55939],[-87.57365,41.56474],[-87.57422,41.56474],[-87.57423,41.56558],[-87.57365,41.56558],[-87.57363,41.56723],[-87.57556,41.56749],[-87.57545,41.56474],[-87.57816,41.56474],[-87.58059,41.56475],[-87.58182,41.56531],[-87.58058,41.5653],[-87.58063,41.57089],[-87.57961,41.57199],[-87.57822,41.57137],[-87.57824,41.57649],[-87.57825,41.57778],[-87.57827,41.57815],[-87.57343,41.5782],[-87.57191,41.57819],[-87.57199,41.57925],[-87.56855,41.57925],[-87.56469,41.57924],[-87.56334,41.58114],[-87.56329,41.58015],[-87.56334,41.58286],[-87.56372,41.5865],[-87.56372,41.58766],[-87.5617,41.58763],[-87.56172,41.58649],[-87.55889,41.58649],[-87.55869,41.59446],[-87.55334,41.59525],[-87.55173,41.59318],[-87.54932,41.59408],[-87.54857,41.59375],[-87.54445,41.59374],[-87.5409,41.59285],[-87.54241,41.58946],[-87.53945,41.58687],[-87.53694,41.58869],[-87.53553,41.58739],[-87.53154,41.58796],[-87.5298,41.58526],[-87.52726,41.58506],[-87.52784,41.58252],[-87.52538,41.58138],[-87.52538,41.58136],[-87.52537,41.57855],[-87.52537,41.57713],[-87.52537,41.57711],[-87.52535,41.57028],[-87.52535,41.57009],[-87.52534,41.56347],[-87.52533,41.55885],[-87.52534,41.55754],[-87.52535,41.55678],[-87.52539,41.55029],[-87.52933,41.55043],[-87.52624,41.5491],[-87.5254,41.549],[-87.5254,41.54867],[-87.52964,41.54896],[-87.52962,41.54775],[-87.52961,41.54745],[-87.52541,41.54748],[-87.52554,41.52834],[-87.52556,41.52474],[-87.52558,41.52265],[-87.52561,41.51744],[-87.52937,41.5174],[-87.52938,41.52106],[-87.52996,41.52293],[-87.53119,41.52467],[-87.52942,41.52469],[-87.52926,41.5247],[-87.52931,41.52832],[-87.52948,41.52832],[-87.52971,41.5283],[-87.53687,41.5283],[-87.53697,41.53757],[-87.53916,41.53755],[-87.5392,41.54136],[-87.54395,41.541],[-87.54379,41.5428],[-87.54724,41.54279],[-87.55041,41.54278],[-87.54898,41.5434],[-87.54907,41.55436],[-87.54797,41.55507],[-87.54663,41.55482],[-87.54663,41.55428],[-87.54535,41.5541],[-87.54532,41.55573],[-87.5476,41.55577],[-87.54905,41.55548],[-87.54903,41.55749],[-87.55501,41.55748],[-87.55495,41.55387],[-87.55866,41.55374],[-87.55866,41.55745],[-87.56554,41.55745],[-87.56849,41.55745],[-87.57331,41.55745],[-87.5733,41.55838],[-87.57645,41.55836],[-87.57646,41.55746],[-87.57813,41.55746],[-87.58161,41.55739],[-87.58166,41.55385],[-87.58285,41.55386],[-87.58298,41.55748],[-87.58174,41.55748],[-87.58173,41.55904],[-87.58314,41.55892],[-87.58304,41.56294],[-87.58181,41.56294],[-87.58184,41.56107],[-87.58121,41.56293],[-87.58002,41.56293],[-87.5792,41.55984],[-87.57814,41.56044],[-87.57814,41.5611]],[[-87.56743,41.56473],[-87.56724,41.56473],[-87.56728,41.56655],[-87.56856,41.56694],[-87.5709,41.56797],[-87.57043,41.56473],[-87.56743,41.56473]],[[-87.56562,41.57212],[-87.56414,41.57471],[-87.56757,41.57084],[-87.56933,41.57077],[-87.57018,41.572],[-87.57015,41.5692],[-87.56852,41.5689],[-87.56697,41.5669],[-87.56634,41.56798],[-87.56619,41.56655],[-87.56363,41.56538],[-87.56378,41.5699],[-87.56562,41.57212]],[[-87.52968,41.55047],[-87.52964,41.54942],[-87.52964,41.54922],[-87.52667,41.5492],[-87.52968,41.55047]]],[[[-88.05112,42.08499],[-88.05107,42.08677],[-88.05108,42.08861],[-88.05107,42.08916],[-88.04987,42.08915],[-88.04987,42.08884],[-88.04991,42.08861],[-88.04995,42.0869],[-88.0487,42.08679],[-88.04628,42.08677],[-88.04626,42.08794],[-88.04747,42.08795],[-88.04746,42.08859],[-88.04626,42.08858],[-88.04626,42.08896],[-88.04502,42.08896],[-88.04499,42.0915],[-88.0438,42.0923],[-88.04015,42.09228],[-88.03958,42.09398],[-88.03892,42.09397],[-88.03891,42.09491],[-88.0365,42.09485],[-88.03412,42.09484],[-88.03412,42.09569],[-88.03403,42.10305],[-88.02909,42.10298],[-88.02907,42.10452],[-88.0242,42.10239],[-88.0199,42.1005],[-88.0134,42.09758],[-88.01349,42.09747],[-88.00973,42.0958],[-88.00968,42.09587],[-88.00907,42.09572],[-88.00569,42.09423],[-88.00467,42.0953],[-88.00466,42.09559],[-88.00447,42.10819],[-88.00437,42.11016],[-88.00437,42.11141],[-88.00335,42.11223],[-88.00338,42.11386],[-88.00437,42.1158],[-88.00444,42.12432],[-88.00498,42.12432],[-88.00498,42.12492],[-88.00496,42.12971],[-88.0046,42.1294],[-87.99766,42.12426],[-87.99751,42.12438],[-87.99752,42.12815],[-87.99507,42.12823],[-87.99514,42.13165],[-88.00469,42.13173],[-88.0046,42.13913],[-88.00452,42.14099],[-88.00633,42.14213],[-88.00731,42.14374],[-88.00852,42.14529],[-88.00983,42.14661],[-88.00934,42.14843],[-88.00447,42.14806],[-88.00447,42.15102],[-88.00943,42.15088],[-88.00938,42.15366],[-88.00447,42.15364],[-87.98499,42.15363],[-87.98545,42.14638],[-87.98691,42.14637],[-87.98923,42.14641],[-87.9948,42.14676],[-87.99498,42.14412],[-87.98542,42.14396],[-87.98511,42.14212],[-87.98511,42.14185],[-87.98997,42.14183],[-87.99,42.13911],[-87.98998,42.13495],[-87.98511,42.13499],[-87.98515,42.13911],[-87.98024,42.13908],[-87.98033,42.12975],[-87.97069,42.1297],[-87.97069,42.13176],[-87.97382,42.13177],[-87.97379,42.13903],[-87.97244,42.13902],[-87.97057,42.139],[-87.97069,42.13587],[-87.9658,42.13624],[-87.9657,42.13631],[-87.96562,42.13426],[-87.96102,42.13396],[-87.96102,42.13392],[-87.96102,42.13367],[-87.96102,42.13355],[-87.96102,42.13239],[-87.96103,42.13062],[-87.961,42.12815],[-87.96112,42.12674],[-87.96102,42.12444],[-87.95621,42.1244],[-87.955,42.12439],[-87.95498,42.12076],[-87.95619,42.12076],[-87.95618,42.11895],[-87.95135,42.11894],[-87.95127,42.11723],[-87.95128,42.11653],[-87.94652,42.11653],[-87.94646,42.10983],[-87.94646,42.10971],[-87.94645,42.1096],[-87.9499,42.10964],[-87.95085,42.1071],[-87.95189,42.10261],[-87.96107,42.10268],[-87.96095,42.10123],[-87.96252,42.10057],[-87.96479,42.10209],[-87.96573,42.10272],[-87.9675,42.1039],[-87.96776,42.10517],[-87.9685,42.10455],[-87.9677,42.10404],[-87.96907,42.10335],[-87.96906,42.10274],[-87.96694,42.10272],[-87.96642,42.10105],[-87.96542,42.09908],[-87.96542,42.096],[-87.95978,42.09616],[-87.95978,42.09548],[-87.95895,42.09547],[-87.95628,42.09613],[-87.95877,42.09698],[-87.96004,42.0989],[-87.95618,42.09632],[-87.95613,42.09901],[-87.95129,42.09897],[-87.95128,42.09538],[-87.95484,42.09542],[-87.95117,42.09292],[-87.94769,42.09009],[-87.94527,42.08806],[-87.94476,42.08763],[-87.94639,42.08758],[-87.94644,42.0808],[-87.94649,42.0808],[-87.95146,42.08083],[-87.95143,42.07535],[-87.95141,42.07359],[-87.95629,42.07362],[-87.9563,42.07223],[-87.95756,42.07279],[-87.95762,42.07206],[-87.96281,42.07182],[-87.96608,42.07242],[-87.96612,42.06644],[-87.96048,42.06641],[-87.96047,42.06587],[-87.96186,42.06578],[-87.96183,42.06271],[-87.96774,42.06279],[-87.96773,42.06645],[-87.96948,42.06646],[-87.97019,42.06646],[-87.97022,42.06254],[-87.97383,42.06249],[-87.97502,42.06183],[-87.97495,42.05882],[-87.97512,42.05882],[-87.97512,42.05789],[-87.97425,42.05517],[-87.97295,42.05516],[-87.97297,42.05141],[-87.97135,42.05107],[-87.9701,42.05051],[-87.96973,42.05031],[-87.96998,42.04421],[-87.96938,42.04422],[-87.96917,42.04422],[-87.96907,42.03893],[-87.96698,42.03814],[-87.96697,42.03685],[-87.96989,42.0368],[-87.96984,42.03253],[-87.97111,42.03348],[-87.97161,42.03323],[-87.97154,42.0338],[-87.97623,42.03688],[-87.97894,42.03824],[-87.97996,42.03901],[-87.98154,42.04151],[-87.98356,42.04207],[-87.9838,42.04077],[-87.98385,42.04052],[-87.99571,42.04605],[-88.00676,42.05116],[-88.007,42.05127],[-88.00951,42.05099],[-88.02802,42.05073],[-88.02812,42.05091],[-88.02909,42.05087],[-88.02902,42.05545],[-88.03047,42.05572],[-88.03531,42.05786],[-88.03529,42.05853],[-88.03514,42.06134],[-88.03512,42.06144],[-88.03291,42.06143],[-88.03282,42.06153],[-88.0328,42.06329],[-88.03309,42.06338],[-88.03293,42.06381],[-88.03046,42.06312],[-88.02866,42.06272],[-88.02839,42.06673],[-88.02848,42.06701],[-88.02988,42.06765],[-88.03086,42.07046],[-88.02848,42.06898],[-88.02946,42.0706],[-88.02958,42.07216],[-88.02848,42.07241],[-88.02862,42.07455],[-88.02928,42.07403],[-88.03577,42.07405],[-88.03578,42.07606],[-88.03898,42.0761],[-88.04023,42.07458],[-88.04389,42.0741],[-88.04609,42.07414],[-88.04648,42.07708],[-88.04839,42.07568],[-88.05344,42.07524],[-88.05377,42.07717],[-88.05557,42.07715],[-88.0595,42.07726],[-88.06229,42.0773],[-88.06228,42.07809],[-88.06578,42.07805],[-88.06535,42.08268],[-88.06806,42.08327],[-88.06805,42.08534],[-88.06223,42.08572],[-88.06223,42.08487],[-88.05742,42.08493],[-88.05703,42.08398],[-88.05401,42.08398],[-88.05338,42.08501],[-88.05112,42.08499]],[[-88.03897,42.08191],[-88.04385,42.08253],[-88.04385,42.0825],[-88.04386,42.08146],[-88.04138,42.08144],[-88.04135,42.08036],[-88.04388,42.08038],[-88.04388,42.08093],[-88.04473,42.07892],[-88.04389,42.07891],[-88.04389,42.07873],[-88.04265,42.07799],[-88.0358,42.07862],[-88.03396,42.07985],[-88.03391,42.08334],[-88.03793,42.08355],[-88.03897,42.08191]]],[[[-87.96911,42.2656],[-87.96852,42.26532],[-87.96851,42.26601],[-87.96664,42.26654],[-87.96417,42.26653],[-87.96421,42.26385],[-87.9489,42.26242],[-87.94706,42.25399],[-87.94541,42.24577],[-87.94042,42.24559],[-87.94062,42.24423],[-87.93922,42.24053],[-87.93951,42.24053],[-87.94075,42.24052],[-87.94069,42.23885],[-87.93705,42.23717],[-87.93716,42.23337],[-87.93618,42.23145],[-87.93868,42.22654],[-87.94102,42.22656],[-87.94083,42.22616],[-87.93778,42.22571],[-87.93681,42.22384],[-87.93951,42.22389],[-87.93758,42.21989],[-87.93305,42.21934],[-87.93739,42.21944],[-87.93507,42.21466],[-87.93379,42.21012],[-87.93162,42.20906],[-87.93217,42.20723],[-87.93316,42.20725],[-87.93299,42.20641],[-87.93321,42.2029],[-87.93334,42.20093],[-87.93546,42.20129],[-87.93636,42.20126],[-87.93691,42.20154],[-87.93721,42.20152],[-87.93754,42.20126],[-87.93801,42.20118],[-87.93877,42.20132],[-87.93923,42.20161],[-87.9393,42.20229],[-87.9398,42.20311],[-87.93941,42.20348],[-87.94108,42.20447],[-87.94324,42.20571],[-87.94763,42.20548],[-87.95048,42.20826],[-87.95087,42.20812],[-87.95277,42.21023],[-87.95521,42.20996],[-87.95533,42.20996],[-87.95532,42.2107],[-87.9569,42.2107],[-87.95689,42.20941],[-87.95644,42.20941],[-87.95644,42.20824],[-87.95766,42.20824],[-87.9588,42.20447],[-87.96011,42.20812],[-87.96093,42.20812],[-87.96023,42.20678],[-87.9603,42.20658],[-87.95911,42.20431],[-87.96453,42.20438],[-87.96501,42.20448],[-87.96498,42.21033],[-87.96497,42.21175],[-87.97468,42.21173],[-87.97464,42.21899],[-87.97957,42.21897],[-87.98381,42.21896],[-87.98925,42.21896],[-87.99407,42.21896],[-87.99407,42.2195],[-87.99406,42.22411],[-87.99415,42.22683],[-87.99415,42.23348],[-87.99416,42.23639],[-87.99871,42.23875],[-87.99952,42.2379],[-88.00253,42.23852],[-88.00263,42.23352],[-88.00262,42.23488],[-88.00259,42.23987],[-88.00429,42.23987],[-88.00426,42.2407],[-88.00418,42.24153],[-88.00111,42.24311],[-87.9979,42.24328],[-87.99409,42.24297],[-87.99407,42.24416],[-87.98912,42.24484],[-87.98908,42.24788],[-87.99398,42.24788],[-87.99401,42.24667],[-87.99281,42.24663],[-87.99282,42.24621],[-87.99163,42.2462],[-87.99183,42.24474],[-87.99406,42.24442],[-87.99902,42.24371],[-87.9996,42.24586],[-88.00408,42.2462],[-88.00398,42.25523],[-88.00849,42.25525],[-88.01909,42.25517],[-88.01971,42.2552],[-88.01888,42.25634],[-88.01877,42.2589],[-88.02123,42.2589],[-88.02297,42.25822],[-88.02212,42.25712],[-88.02367,42.25712],[-88.02326,42.25527],[-88.02137,42.25607],[-88.02068,42.2551],[-88.02041,42.25472],[-88.01976,42.25386],[-88.01876,42.25244],[-88.01877,42.25165],[-88.02368,42.25168],[-88.02369,42.25258],[-88.02397,42.25236],[-88.02824,42.24837],[-88.02866,42.2625],[-88.02867,42.26352],[-88.03368,42.26913],[-88.03756,42.27354],[-88.04308,42.27355],[-88.04305,42.26802],[-88.04261,42.26647],[-88.04294,42.26622],[-88.04292,42.26264],[-88.05016,42.26264],[-88.04886,42.26193],[-88.04917,42.26004],[-88.05157,42.25997],[-88.05291,42.25903],[-88.06439,42.25902],[-88.06757,42.26337],[-88.06821,42.26425],[-88.06752,42.26626],[-88.06577,42.26626],[-88.06314,42.26484],[-88.06152,42.2623],[-88.06052,42.26278],[-88.05931,42.2627],[-88.05947,42.26188],[-88.05864,42.26165],[-88.0576,42.26047],[-88.05626,42.26036],[-88.05644,42.26089],[-88.05625,42.26224],[-88.05791,42.26206],[-88.05805,42.2627],[-88.05614,42.263],[-88.05542,42.26474],[-88.05181,42.26531],[-88.05098,42.2663],[-88.05787,42.26628],[-88.05756,42.26992],[-88.05679,42.26992],[-88.05678,42.27579],[-88.05432,42.27667],[-88.05297,42.27696],[-88.05297,42.27579],[-88.05164,42.27579],[-88.05138,42.27612],[-88.05138,42.27713],[-88.05044,42.27714],[-88.05042,42.27987],[-88.05158,42.28124],[-88.05297,42.28124],[-88.05296,42.28444],[-88.04891,42.28443],[-88.04982,42.28516],[-88.04972,42.28808],[-88.05277,42.28808],[-88.05276,42.28715],[-88.05302,42.29172],[-88.04811,42.29171],[-88.04808,42.28807],[-88.03852,42.28807],[-88.03795,42.28948],[-88.03254,42.2895],[-88.03254,42.29078],[-88.03742,42.29077],[-88.03705,42.29167],[-88.02378,42.29163],[-88.02379,42.29961],[-88.02647,42.2998],[-88.02652,42.30441],[-88.02151,42.3044],[-88.02147,42.29956],[-88.01926,42.29951],[-88.01897,42.29939],[-88.01897,42.29925],[-88.00916,42.29817],[-88.0071,42.29706],[-88.00501,42.29618],[-88.00912,42.29619],[-88.00912,42.2955],[-88.0091,42.29362],[-88.00485,42.29319],[-88.00696,42.29278],[-88.00475,42.29154],[-88.00443,42.28431],[-88.00408,42.27812],[-88.0041,42.28432],[-88.00422,42.28783],[-88.00408,42.28783],[-87.9936,42.28785],[-87.99358,42.29576],[-87.98959,42.29527],[-87.98366,42.29518],[-87.9838,42.28403],[-87.98379,42.27628],[-87.98383,42.27329],[-87.98388,42.26967],[-87.9839,42.26603],[-87.97442,42.26601],[-87.97406,42.26747],[-87.974,42.26966],[-87.96932,42.26964],[-87.96908,42.26932],[-87.96911,42.26601],[-87.96911,42.2656]],[[-87.9914,42.23349],[-87.9914,42.23353],[-87.99212,42.23386],[-87.99235,42.23379],[-87.99236,42.2335],[-87.9914,42.23349]],[[-87.97077,42.22343],[-87.97012,42.22291],[-87.96977,42.22264],[-87.96973,42.22476],[-87.96972,42.22502],[-87.97021,42.22644],[-87.97191,42.22921],[-87.97065,42.22628],[-87.97461,42.22626],[-87.97717,42.22764],[-87.97901,42.22857],[-87.97926,42.22869],[-87.97945,42.22879],[-87.97943,42.23349],[-87.98431,42.23346],[-87.98432,42.2313],[-87.9841,42.22622],[-87.97938,42.22623],[-87.97948,42.22261],[-87.97191,42.22263],[-87.97077,42.22343]],[[-87.97941,42.24632],[-87.97945,42.24644],[-87.97952,42.24659],[-87.98205,42.24612],[-87.98335,42.24786],[-87.98418,42.24556],[-87.97941,42.24632]],[[-87.96189,42.20994],[-87.9601,42.20995],[-87.96008,42.21177],[-87.95843,42.21248],[-87.9579,42.21338],[-87.95846,42.21373],[-87.96121,42.21586],[-87.96402,42.21411],[-87.96444,42.21385],[-87.96416,42.21285],[-87.96339,42.21285],[-87.9615,42.21286],[-87.96046,42.21085],[-87.96183,42.21046],[-87.96283,42.21176],[-87.96292,42.21176],[-87.96189,42.20994]],[[-87.95232,42.22057],[-87.95121,42.22043],[-87.95067,42.22064],[-87.95051,42.22109],[-87.95071,42.22187],[-87.95085,42.22182],[-87.95233,42.22183],[-87.95232,42.22057]],[[-87.95015,42.224],[-87.94712,42.22398],[-87.94709,42.22625],[-87.9507,42.22628],[-87.95097,42.22627],[-87.95099,42.224],[-87.95015,42.224]],[[-87.9383,42.21807],[-87.94011,42.22172],[-87.94714,42.22183],[-87.94718,42.21786],[-87.94016,42.21733],[-87.9383,42.21807]],[[-88.06538,42.26363],[-88.06553,42.26557],[-88.06641,42.26397],[-88.06425,42.26057],[-88.06286,42.25988],[-88.05853,42.25989],[-88.05953,42.26174],[-88.06236,42.26136],[-88.06354,42.26261],[-88.06538,42.26363]],[[-88.04154,42.27881],[-88.03995,42.2786],[-88.03996,42.27718],[-88.035,42.27726],[-88.03823,42.27983],[-88.03829,42.28441],[-88.04,42.28442],[-88.03976,42.28503],[-88.04138,42.2854],[-88.04129,42.28133],[-88.04224,42.27915],[-88.04293,42.27819],[-88.04701,42.27871],[-88.04703,42.27709],[-88.04537,42.27708],[-88.04537,42.27481],[-88.04305,42.27481],[-88.04305,42.27712],[-88.04073,42.27716],[-88.04209,42.2787],[-88.04154,42.27881]],[[-88.03533,42.27987],[-88.03303,42.27958],[-88.03188,42.27731],[-88.0298,42.27719],[-88.02854,42.277],[-88.02862,42.28424],[-88.03543,42.2844],[-88.03533,42.27987]],[[-88.02132,42.28617],[-88.02095,42.28436],[-88.01889,42.28435],[-88.0189,42.28617],[-88.02132,42.28617]],[[-88.01124,42.29369],[-88.01114,42.29426],[-88.01893,42.29468],[-88.01892,42.29249],[-88.01676,42.29248],[-88.01611,42.29308],[-88.01525,42.29338],[-88.01443,42.29289],[-88.01278,42.29275],[-88.01278,42.2937],[-88.01124,42.29369]],[[-88.0188,42.29018],[-88.01876,42.28903],[-88.01695,42.28903],[-88.01695,42.29019],[-88.0188,42.29018]]],[[[-87.93845,42.2529],[-87.94033,42.25164],[-87.94309,42.25151],[-87.94367,42.25395],[-87.93913,42.25416],[-87.93845,42.2529]]]]}},{"type":"Feature","properties":{"name":"Piattran","boundary_type":"county","source":"Census TIGER county","fidelity":"exact","updated":"2026-09","units":"Piatt County","note":"Explicitly described as countywide transportation in Piatt County.","confidence":1.0},"geometry":{"type":"Polygon","coordinates":[[[-88.74573,39.87928],[-88.74543,39.88033],[-88.7454,39.88717],[-88.74535,39.89454],[-88.74527,39.90421],[-88.74549,39.90575],[-88.74537,39.91665],[-88.74529,39.93139],[-88.74525,39.93854],[-88.7453,39.94608],[-88.7451,39.96757],[-88.74543,39.96757],[-88.74534,40.00587],[-88.74546,40.00647],[-88.74516,40.05519],[-88.74531,40.06963],[-88.74534,40.09881],[-88.68819,40.09855],[-88.68799,40.14227],[-88.67104,40.16349],[-88.66823,40.16692],[-88.66485,40.17107],[-88.64452,40.19586],[-88.57632,40.27927],[-88.57593,40.27995],[-88.57488,40.2815],[-88.57414,40.28144],[-88.4809,40.28122],[-88.4795,40.2818],[-88.46042,40.28193],[-88.46049,40.26735],[-88.46072,40.22332],[-88.46355,40.22327],[-88.46334,40.17107],[-88.46327,40.14831],[-88.46317,40.1422],[-88.46323,40.14145],[-88.46327,40.13503],[-88.46336,40.1285],[-88.46329,40.11995],[-88.46327,40.11679],[-88.46302,40.05503],[-88.46265,39.96709],[-88.46253,39.95241],[-88.46257,39.94438],[-88.46256,39.94422],[-88.46251,39.94308],[-88.46248,39.93764],[-88.46227,39.89377],[-88.46225,39.8894],[-88.46221,39.87909],[-88.46224,39.81361],[-88.46225,39.80895],[-88.46226,39.80703],[-88.46232,39.79376],[-88.46233,39.79182],[-88.46258,39.79182],[-88.47318,39.79184],[-88.49205,39.79188],[-88.51902,39.79194],[-88.5851,39.79213],[-88.58752,39.79213],[-88.5993,39.79215],[-88.60403,39.79218],[-88.61344,39.79218],[-88.63881,39.79224],[-88.70044,39.79224],[-88.70133,39.79224],[-88.70429,39.79224],[-88.70789,39.79226],[-88.72022,39.79225],[-88.73984,39.79217],[-88.74567,39.79215],[-88.7457,39.79941],[-88.74597,39.85089],[-88.74596,39.85814],[-88.74573,39.87928]]]}},{"type":"Feature","properties":{"name":"Pretzel City Area Transit (PCAT)","boundary_type":"county","source":"Census TIGER county","fidelity":"exact","updated":"2026-09","units":"Stephenson County","note":"PCAT operates a countywide service across Stephenson County (over 50,000 trips/year); Freeport is the base of operations, not a narrower zone within the county. https://cityoffreeport.org/pretzel-city-transit/","confidence":0.9},"geometry":{"type":"Polygon","coordinates":[[[-89.92637,42.50579],[-89.9066,42.50573],[-89.83759,42.50554],[-89.8019,42.50544],[-89.7997,42.50542],[-89.79396,42.50547],[-89.7803,42.50535],[-89.76964,42.50532],[-89.76848,42.50532],[-89.7508,42.50536],[-89.74239,42.50538],[-89.73418,42.50533],[-89.7194,42.50525],[-89.69349,42.5051],[-89.69018,42.50519],[-89.69009,42.50519],[-89.6676,42.50496],[-89.65032,42.50461],[-89.6483,42.50458],[-89.64418,42.50452],[-89.61341,42.50394],[-89.60352,42.50356],[-89.60144,42.50363],[-89.6,42.50367],[-89.59478,42.50347],[-89.58164,42.5031],[-89.57898,42.50303],[-89.57429,42.5029],[-89.56441,42.50263],[-89.56384,42.50262],[-89.52254,42.50189],[-89.49322,42.50151],[-89.49261,42.50151],[-89.4843,42.50143],[-89.48364,42.50142],[-89.48346,42.50142],[-89.45507,42.50108],[-89.44398,42.50095],[-89.42516,42.50073],[-89.42393,42.50082],[-89.42257,42.50068],[-89.42099,42.50059],[-89.41921,42.50057],[-89.40995,42.5005],[-89.40143,42.50043],[-89.40142,42.50043],[-89.40075,42.48394],[-89.40076,42.48329],[-89.40008,42.46159],[-89.39971,42.44735],[-89.39971,42.44725],[-89.39958,42.44183],[-89.39947,42.43994],[-89.39923,42.43276],[-89.3986,42.40395],[-89.39808,42.37795],[-89.39801,42.37517],[-89.39796,42.36729],[-89.39766,42.33202],[-89.39774,42.32202],[-89.39781,42.30717],[-89.39743,42.28872],[-89.39736,42.28427],[-89.39725,42.27435],[-89.39712,42.26426],[-89.39695,42.25167],[-89.39686,42.24534],[-89.39681,42.24166],[-89.39619,42.20192],[-89.41134,42.20167],[-89.43503,42.20125],[-89.45451,42.20097],[-89.51243,42.20066],[-89.52216,42.20073],[-89.57134,42.20086],[-89.59102,42.20076],[-89.59779,42.20072],[-89.62982,42.20053],[-89.64932,42.20003],[-89.65906,42.19979],[-89.66867,42.19955],[-89.68849,42.19911],[-89.74674,42.19796],[-89.75632,42.19794],[-89.76597,42.19791],[-89.77615,42.19787],[-89.82488,42.19789],[-89.83656,42.19793],[-89.84138,42.19795],[-89.86057,42.19803],[-89.86079,42.19667],[-89.89911,42.19686],[-89.90576,42.19687],[-89.91977,42.19688],[-89.92044,42.25496],[-89.92084,42.27269],[-89.92105,42.28387],[-89.92054,42.28389],[-89.9213,42.2984],[-89.92193,42.31293],[-89.92283,42.33494],[-89.92359,42.35673],[-89.92395,42.37126],[-89.92356,42.37142],[-89.92368,42.37696],[-89.92424,42.40065],[-89.92437,42.40767],[-89.92443,42.41023],[-89.92507,42.43042],[-89.92577,42.4593],[-89.92651,42.48871],[-89.92647,42.50579],[-89.92637,42.50579]]]}},{"type":"Feature","properties":{"name":"Ride in Kane","boundary_type":"county","source":"Census TIGER county","fidelity":"exact","updated":"2026-09","units":"Kane County","note":"County-wide coordinated paratransit/DAR service covering Kane County.","confidence":1.0},"geometry":{"type":"Polygon","coordinates":[[[-88.6023,41.82112],[-88.60204,41.84245],[-88.60199,41.84605],[-88.60194,41.85037],[-88.60189,41.85706],[-88.60169,41.87333],[-88.60147,41.89117],[-88.60144,41.894],[-88.60142,41.89838],[-88.60142,41.89862],[-88.60136,41.90634],[-88.60134,41.9094],[-88.60135,41.91082],[-88.60135,41.91373],[-88.60135,41.92303],[-88.6014,41.95215],[-88.60147,41.95948],[-88.60141,41.97104],[-88.60141,41.97449],[-88.60129,41.98147],[-88.60156,42.01792],[-88.60164,42.03289],[-88.60171,42.04147],[-88.60196,42.06647],[-88.5909,42.06647],[-88.58833,42.06646],[-88.58834,42.11003],[-88.58842,42.12421],[-88.58836,42.12505],[-88.58866,42.15359],[-88.53533,42.15363],[-88.51868,42.15369],[-88.51808,42.15376],[-88.51667,42.15368],[-88.51105,42.15368],[-88.506,42.15368],[-88.48178,42.15375],[-88.47277,42.15375],[-88.47206,42.15375],[-88.46388,42.1538],[-88.44924,42.15392],[-88.44602,42.15385],[-88.43963,42.15375],[-88.43249,42.15382],[-88.42282,42.15385],[-88.42252,42.15389],[-88.4164,42.15392],[-88.41467,42.15393],[-88.41238,42.15393],[-88.41223,42.15394],[-88.39999,42.15393],[-88.39827,42.15389],[-88.3935,42.1539],[-88.38898,42.15391],[-88.38875,42.15391],[-88.38367,42.15397],[-88.36957,42.15402],[-88.36952,42.15401],[-88.3694,42.15402],[-88.35929,42.154],[-88.35442,42.154],[-88.33262,42.15392],[-88.32714,42.1539],[-88.32117,42.15387],[-88.31626,42.15384],[-88.30868,42.15375],[-88.30652,42.15376],[-88.30158,42.15389],[-88.29956,42.15387],[-88.29892,42.15386],[-88.29557,42.15393],[-88.29296,42.1539],[-88.29266,42.15387],[-88.29229,42.15385],[-88.28763,42.15373],[-88.27728,42.15397],[-88.27238,42.15382],[-88.26515,42.15367],[-88.25773,42.15408],[-88.25769,42.15407],[-88.25077,42.15375],[-88.2504,42.15374],[-88.24784,42.15363],[-88.23845,42.15425],[-88.23833,42.13637],[-88.23835,42.13229],[-88.23835,42.12875],[-88.23832,42.11401],[-88.23833,42.10886],[-88.23833,42.10662],[-88.23825,42.09287],[-88.23826,42.09235],[-88.23828,42.08512],[-88.23823,42.07408],[-88.23821,42.07153],[-88.23819,42.06699],[-88.24303,42.06704],[-88.24333,42.06705],[-88.24339,42.06705],[-88.2538,42.06705],[-88.25557,42.06693],[-88.25569,42.06693],[-88.25835,42.06693],[-88.26306,42.06688],[-88.26364,42.06687],[-88.26355,42.05898],[-88.26354,42.05865],[-88.26351,42.05684],[-88.26349,42.05503],[-88.26343,42.05045],[-88.26341,42.04641],[-88.2634,42.04488],[-88.26343,42.03658],[-88.26343,42.03655],[-88.26337,42.03381],[-88.26334,42.02909],[-88.26332,42.02664],[-88.26323,42.02279],[-88.26357,42.01542],[-88.26321,42.01412],[-88.26318,42.01195],[-88.26315,42.00897],[-88.2631,42.00503],[-88.26292,41.99362],[-88.26287,41.98638],[-88.26288,41.98244],[-88.26288,41.97827],[-88.26285,41.97776],[-88.26284,41.977],[-88.26282,41.97472],[-88.2628,41.97275],[-88.26277,41.96889],[-88.26273,41.96303],[-88.26273,41.96283],[-88.26271,41.95073],[-88.26269,41.94275],[-88.26269,41.9387],[-88.26268,41.93718],[-88.26268,41.93703],[-88.26258,41.92841],[-88.26253,41.9222],[-88.26257,41.92129],[-88.26253,41.91662],[-88.2625,41.91115],[-88.2625,41.91103],[-88.2625,41.91094],[-88.2625,41.91088],[-88.26243,41.90374],[-88.26241,41.89923],[-88.26245,41.89539],[-88.26245,41.89217],[-88.26245,41.892],[-88.26248,41.88493],[-88.26249,41.88289],[-88.26248,41.88269],[-88.26249,41.88251],[-88.26249,41.88191],[-88.26255,41.87115],[-88.26254,41.86291],[-88.26255,41.8594],[-88.26271,41.84151],[-88.26271,41.84098],[-88.26275,41.83678],[-88.2628,41.83013],[-88.26282,41.8289],[-88.26279,41.81563],[-88.26279,41.81283],[-88.26279,41.8123],[-88.26279,41.81213],[-88.26277,41.80907],[-88.26273,41.80674],[-88.26267,41.80296],[-88.2626,41.79975],[-88.26258,41.79931],[-88.26255,41.79177],[-88.26255,41.79168],[-88.26247,41.78868],[-88.26241,41.7829],[-88.26235,41.77792],[-88.26234,41.77737],[-88.26232,41.7755],[-88.26227,41.77217],[-88.26227,41.77209],[-88.26226,41.77129],[-88.26225,41.77017],[-88.26219,41.76599],[-88.26217,41.76467],[-88.26212,41.76045],[-88.26198,41.74646],[-88.26193,41.73995],[-88.26194,41.7376],[-88.26189,41.73224],[-88.26189,41.7321],[-88.26195,41.72465],[-88.2681,41.72454],[-88.27121,41.72449],[-88.27502,41.72441],[-88.27728,41.72453],[-88.2786,41.7244],[-88.28091,41.72431],[-88.2814,41.72431],[-88.2865,41.72421],[-88.28732,41.72419],[-88.29132,41.72412],[-88.31408,41.72371],[-88.31588,41.72368],[-88.31949,41.7236],[-88.31995,41.7236],[-88.32615,41.72348],[-88.34138,41.72324],[-88.34322,41.7232],[-88.34401,41.72318],[-88.34645,41.72313],[-88.34963,41.72307],[-88.35011,41.72307],[-88.35637,41.72294],[-88.3588,41.7229],[-88.36047,41.72286],[-88.36127,41.72285],[-88.36373,41.72281],[-88.36873,41.72274],[-88.37131,41.7227],[-88.37244,41.72267],[-88.37532,41.72261],[-88.37636,41.72257],[-88.37887,41.72258],[-88.37899,41.72258],[-88.37924,41.72258],[-88.38502,41.7225],[-88.39487,41.72239],[-88.39885,41.72234],[-88.39887,41.72234],[-88.39962,41.72233],[-88.41052,41.7222],[-88.41808,41.72209],[-88.42403,41.72202],[-88.43457,41.72189],[-88.44381,41.72179],[-88.44916,41.72173],[-88.45161,41.72169],[-88.47253,41.72138],[-88.48919,41.72113],[-88.48967,41.72112],[-88.52758,41.72059],[-88.53608,41.72025],[-88.53746,41.72038],[-88.54782,41.72018],[-88.55732,41.72003],[-88.56119,41.71996],[-88.59243,41.71968],[-88.60193,41.71956],[-88.60198,41.73108],[-88.60207,41.74861],[-88.60215,41.77463],[-88.60239,41.79983],[-88.60252,41.80467],[-88.60256,41.80661],[-88.60257,41.80685],[-88.6023,41.82112]]]}},{"type":"Feature","properties":{"name":"RIDES Mass Transit","boundary_type":"counties","source":"Census TIGER county","fidelity":"exact","updated":"2026-09","units":"Clark County; Crawford County; Cumberland County; Edgar County; Edwards County; Gallatin County; Hamilton County; Hardin County; Jasper County; Lawrence County; Pope County; Richland County; Saline County; Wabash County; Wayne County; White County; Williamson County","note":"RIDES MTD's own site and Wikipedia both name a 17-county southeastern Illinois service area (Clark, Crawford, Cumberland, Edgar, Edwards, Gallatin, Hamilton, Hardin, Jasper, Lawrence, Pope, Richland, Saline, Wabash, Wayne, White, Williamson); the CSV row's '18 Counties' does not match either source, so this uses the confirmed 17-county list -- discrepancy worth a concerns.csv note. Source: https://en.wikipedia.org/wiki/Rides_Mass_Transit_District ; https://ridesmtd.com/about/locations","confidence":0.8},"geometry":{"type":"Polygon","coordinates":[[[-88.70855,37.59906],[-88.70855,37.59928],[-88.71822,37.59946],[-88.76331,37.60036],[-88.77862,37.6005],[-88.81889,37.60068],[-88.83676,37.59751],[-88.84181,37.59744],[-88.87133,37.59705],[-88.87423,37.59698],[-88.87471,37.59699],[-88.9112,37.59699],[-88.92144,37.59711],[-88.92843,37.59716],[-88.93776,37.59669],[-88.94914,37.59626],[-88.97721,37.59626],[-88.99556,37.59645],[-89.03002,37.59653],[-89.0414,37.59658],[-89.051,37.59684],[-89.07821,37.59738],[-89.09818,37.59808],[-89.10095,37.59835],[-89.11558,37.59892],[-89.14902,37.60028],[-89.15362,37.60024],[-89.15264,37.6868],[-89.15238,37.71249],[-89.15225,37.7184],[-89.15205,37.73738],[-89.15202,37.73764],[-89.15196,37.74302],[-89.15193,37.74478],[-89.15193,37.74861],[-89.15168,37.77396],[-89.15164,37.77746],[-89.15163,37.77832],[-89.15147,37.80369],[-89.15141,37.80988],[-89.1514,37.81105],[-89.15139,37.82924],[-89.15138,37.83244],[-89.15129,37.84392],[-89.15125,37.84807],[-89.15118,37.862],[-89.11435,37.8621],[-89.10513,37.86219],[-89.08663,37.86214],[-89.0775,37.86211],[-89.05839,37.86205],[-89.05599,37.86204],[-89.04001,37.862],[-89.00713,37.86214],[-89.0058,37.86215],[-89.00231,37.86201],[-88.99528,37.86201],[-88.99243,37.86221],[-88.9904,37.86207],[-88.98358,37.86211],[-88.98335,37.86211],[-88.95876,37.86204],[-88.94657,37.86205],[-88.9427,37.86214],[-88.9404,37.86208],[-88.92825,37.86217],[-88.92806,37.86217],[-88.9026,37.86239],[-88.90093,37.8624],[-88.86904,37.86261],[-88.85954,37.8627],[-88.85434,37.86273],[-88.83524,37.86296],[-88.83477,37.86308],[-88.81698,37.86304],[-88.76232,37.8633],[-88.73539,37.86357],[-88.73033,37.86344],[-88.70676,37.86346],[-88.70662,37.9068],[-88.7066,37.9219],[-88.70644,37.92709],[-88.7066,37.9314],[-88.70649,37.95102],[-88.70649,37.95105],[-88.70625,37.98877],[-88.70624,37.99009],[-88.706,38.01556],[-88.70598,38.01827],[-88.70585,38.03786],[-88.70585,38.038],[-88.70581,38.04167],[-88.70573,38.04889],[-88.70574,38.05161],[-88.70563,38.05331],[-88.70564,38.05619],[-88.70551,38.06782],[-88.70548,38.07082],[-88.70461,38.12519],[-88.70451,38.13325],[-88.70448,38.13601],[-88.70442,38.13976],[-88.70347,38.21217],[-88.70349,38.21263],[-88.70309,38.22736],[-88.70288,38.24155],[-88.70284,38.24288],[-88.70239,38.25666],[-88.7022,38.27193],[-88.70199,38.27876],[-88.70154,38.29849],[-88.70121,38.29867],[-88.70005,38.34275],[-88.70011,38.37189],[-88.69978,38.3869],[-88.69944,38.40167],[-88.69927,38.42078],[-88.69925,38.42297],[-88.69896,38.47491],[-88.69901,38.48369],[-88.69885,38.48701],[-88.69923,38.48774],[-88.69898,38.48835],[-88.69903,38.51136],[-88.69904,38.51983],[-88.69887,38.53328],[-88.69875,38.56219],[-88.69875,38.56225],[-88.69846,38.60606],[-88.58453,38.60731],[-88.58453,38.60714],[-88.56411,38.60697],[-88.48906,38.60492],[-88.47018,38.60431],[-88.47018,38.60404],[-88.41981,38.60288],[-88.41968,38.60288],[-88.38285,38.6024],[-88.36418,38.60249],[-88.36418,38.60224],[-88.25746,38.59914],[-88.25746,38.59949],[-88.25398,38.5995],[-88.2536,38.60036],[-88.25084,38.59997],[-88.24913,38.60151],[-88.25199,38.60374],[-88.25256,38.60564],[-88.25723,38.60707],[-88.25905,38.60635],[-88.26064,38.60746],[-88.25932,38.609],[-88.26111,38.60961],[-88.2628,38.6085],[-88.26345,38.60914],[-88.26311,38.61069],[-88.26514,38.61105],[-88.2671,38.61271],[-88.2711,38.61195],[-88.27205,38.61367],[-88.27127,38.61668],[-88.26945,38.61744],[-88.2693,38.61841],[-88.27098,38.61929],[-88.27258,38.61968],[-88.2743,38.6186],[-88.27511,38.61685],[-88.27664,38.61587],[-88.27826,38.61638],[-88.27773,38.61799],[-88.27649,38.61874],[-88.27799,38.6204],[-88.27955,38.62051],[-88.27878,38.61758],[-88.28095,38.61686],[-88.28246,38.61698],[-88.2831,38.61833],[-88.28593,38.61934],[-88.28579,38.62109],[-88.28305,38.62237],[-88.28326,38.62395],[-88.28093,38.62461],[-88.28309,38.62532],[-88.28439,38.62652],[-88.28637,38.62505],[-88.29039,38.62544],[-88.29214,38.6262],[-88.29229,38.62755],[-88.28942,38.62814],[-88.28871,38.62905],[-88.28926,38.6301],[-88.29437,38.63311],[-88.29753,38.63473],[-88.29532,38.63671],[-88.296,38.63847],[-88.29371,38.63999],[-88.29413,38.64114],[-88.29336,38.64201],[-88.29147,38.64191],[-88.28904,38.64265],[-88.28695,38.64275],[-88.28783,38.64355],[-88.29089,38.64321],[-88.2909,38.64398],[-88.28796,38.64538],[-88.28697,38.64713],[-88.28422,38.64873],[-88.28447,38.65005],[-88.28293,38.6504],[-88.28026,38.65235],[-88.2798,38.65323],[-88.27674,38.65367],[-88.27544,38.65448],[-88.27677,38.65519],[-88.27435,38.6561],[-88.27313,38.65792],[-88.27661,38.6593],[-88.27459,38.66038],[-88.27594,38.66141],[-88.27519,38.66224],[-88.2728,38.66251],[-88.2723,38.66356],[-88.27311,38.66523],[-88.27482,38.66553],[-88.27437,38.6669],[-88.27615,38.66803],[-88.2764,38.66938],[-88.27941,38.6697],[-88.27981,38.67234],[-88.2781,38.67462],[-88.27901,38.67681],[-88.28169,38.6797],[-88.28455,38.68163],[-88.28194,38.68322],[-88.28404,38.68704],[-88.28356,38.68827],[-88.2852,38.68874],[-88.28431,38.68996],[-88.28227,38.69004],[-88.28193,38.69073],[-88.28375,38.6916],[-88.28481,38.6929],[-88.28493,38.69488],[-88.28207,38.6949],[-88.28149,38.69569],[-88.28299,38.69625],[-88.28332,38.69928],[-88.28538,38.69898],[-88.28483,38.7],[-88.28627,38.70208],[-88.28412,38.70268],[-88.28586,38.70362],[-88.28621,38.70497],[-88.2841,38.7058],[-88.2858,38.70651],[-88.28538,38.70808],[-88.28294,38.70757],[-88.28241,38.70824],[-88.28445,38.7087],[-88.28411,38.70962],[-88.28629,38.71102],[-88.28427,38.71113],[-88.28342,38.71252],[-88.28492,38.7135],[-88.28304,38.71443],[-88.28229,38.71623],[-88.28281,38.71677],[-88.28456,38.71588],[-88.28625,38.71604],[-88.28639,38.71814],[-88.28164,38.72035],[-88.28432,38.71976],[-88.28606,38.72023],[-88.28468,38.72235],[-88.28358,38.72309],[-88.28465,38.72443],[-88.28257,38.72559],[-88.28652,38.72702],[-88.28708,38.72794],[-88.28498,38.72746],[-88.28274,38.72977],[-88.28224,38.73128],[-88.28351,38.73181],[-88.2578,38.73092],[-88.25801,38.7598],[-88.25805,38.76722],[-88.25822,38.78179],[-88.25826,38.78577],[-88.25829,38.78921],[-88.25834,38.79009],[-88.25834,38.79095],[-88.25852,38.79153],[-88.25836,38.79226],[-88.25834,38.79693],[-88.25837,38.80061],[-88.25839,38.8075],[-88.2584,38.81099],[-88.25841,38.8146],[-88.25845,38.82187],[-88.25858,38.84753],[-88.27189,38.84798],[-88.27238,38.848],[-88.27682,38.84814],[-88.2772,38.84815],[-88.35154,38.85154],[-88.36176,38.85212],[-88.36183,38.86708],[-88.3618,38.89588],[-88.36178,38.89854],[-88.36174,38.90741],[-88.36174,38.91085],[-88.36183,38.9182],[-88.36188,38.92128],[-88.36193,38.9246],[-88.36193,38.92619],[-88.36206,38.93888],[-88.36207,38.93968],[-88.36223,38.95215],[-88.36235,38.96416],[-88.36236,38.96451],[-88.36255,38.98239],[-88.36275,38.9976],[-88.36275,38.9978],[-88.36278,39.00123],[-88.36271,39.00489],[-88.36268,39.00677],[-88.36262,39.00837],[-88.36258,39.00971],[-88.36242,39.016],[-88.3623,39.02038],[-88.36228,39.02135],[-88.36082,39.0734],[-88.36079,39.07463],[-88.3605,39.08987],[-88.36061,39.12316],[-88.36065,39.17112],[-88.36455,39.17112],[-88.36762,39.17115],[-88.36845,39.17111],[-88.36887,39.17118],[-88.37763,39.17124],[-88.37924,39.17122],[-88.39765,39.17124],[-88.40628,39.17129],[-88.41512,39.17133],[-88.41622,39.17131],[-88.43362,39.17137],[-88.46739,39.17148],[-88.47086,39.17146],[-88.47091,39.21503],[-88.47091,39.22041],[-88.47112,39.22203],[-88.47099,39.23994],[-88.471,39.244],[-88.47114,39.27297],[-88.47105,39.31655],[-88.47119,39.34534],[-88.47116,39.35622],[-88.47083,39.37452],[-88.45317,39.37364],[-88.43416,39.37439],[-88.37839,39.37412],[-88.36205,39.37414],[-88.35997,39.37414],[-88.35692,39.37423],[-88.35568,39.37423],[-88.35559,39.37423],[-88.34629,39.37422],[-88.34347,39.37421],[-88.3417,39.37421],[-88.32764,39.37425],[-88.32566,39.37426],[-88.32305,39.37427],[-88.31383,39.3743],[-88.26709,39.37449],[-88.24854,39.37498],[-88.24854,39.37478],[-88.24266,39.37481],[-88.2409,39.37481],[-88.21076,39.3748],[-88.1789,39.37504],[-88.17848,39.37504],[-88.14021,39.37574],[-88.14021,39.37621],[-88.10233,39.37646],[-88.08322,39.3767],[-88.02652,39.37754],[-88.02652,39.3786],[-88.01212,39.37897],[-88.01216,39.38946],[-88.01236,39.39059],[-88.01279,39.40789],[-88.01342,39.43718],[-88.01359,39.45146],[-88.01367,39.45757],[-88.01394,39.48079],[-88.00762,39.48083],[-87.98336,39.48108],[-87.96018,39.48131],[-87.96228,39.52504],[-87.96363,39.56891],[-87.96411,39.58355],[-87.96457,39.59818],[-87.96482,39.6127],[-87.9651,39.62958],[-87.96541,39.64234],[-87.96635,39.68597],[-87.96649,39.6933],[-87.96657,39.69681],[-87.96669,39.70061],[-87.96723,39.72983],[-87.96827,39.77392],[-87.96867,39.78849],[-87.96878,39.79235],[-87.93703,39.79237],[-87.93714,39.79702],[-87.93702,39.79746],[-87.93751,39.86898],[-87.93764,39.8798],[-87.92785,39.87985],[-87.88193,39.88003],[-87.88103,39.88004],[-87.86514,39.8802],[-87.82724,39.88056],[-87.82298,39.88059],[-87.80371,39.88069],[-87.77748,39.88084],[-87.77706,39.88087],[-87.76611,39.88087],[-87.73354,39.88091],[-87.73047,39.88093],[-87.6924,39.88096],[-87.65567,39.88098],[-87.65419,39.88091],[-87.63518,39.8813],[-87.61582,39.88157],[-87.61742,39.86861],[-87.55753,39.86878],[-87.58168,39.88231],[-87.57765,39.88236],[-87.53319,39.883],[-87.53326,39.87198],[-87.53319,39.85338],[-87.53312,39.8326],[-87.53313,39.82333],[-87.53313,39.81098],[-87.53314,39.79626],[-87.53315,39.78066],[-87.53292,39.73076],[-87.53284,39.70882],[-87.53278,39.69447],[-87.53267,39.66512],[-87.53267,39.66491],[-87.5323,39.6361],[-87.53219,39.60731],[-87.53213,39.59298],[-87.53207,39.57843],[-87.53202,39.56835],[-87.53198,39.5454],[-87.53197,39.53506],[-87.53194,39.52335],[-87.53193,39.52036],[-87.53172,39.48644],[-87.53168,39.48014],[-87.53166,39.47711],[-87.53141,39.43856],[-87.53141,39.4375],[-87.53141,39.43666],[-87.53137,39.41058],[-87.53142,39.37504],[-87.53169,39.37104],[-87.53167,39.35971],[-87.53165,39.34806],[-87.53168,39.34806],[-87.53242,39.34793],[-87.53727,39.35209],[-87.54038,39.35295],[-87.54401,39.35291],[-87.54588,39.35215],[-87.54948,39.34774],[-87.54969,39.34657],[-87.55026,39.34335],[-87.5544,39.34049],[-87.56069,39.33885],[-87.57408,39.34142],[-87.58485,39.33733],[-87.58908,39.33383],[-87.59023,39.33207],[-87.59673,39.32203],[-87.60066,39.31853],[-87.60592,39.31108],[-87.61261,39.30857],[-87.62048,39.30713],[-87.62118,39.30416],[-87.61896,39.30169],[-87.615,39.3009],[-87.60535,39.30322],[-87.59842,39.30009],[-87.59732,39.29696],[-87.59991,39.29358],[-87.60875,39.28669],[-87.60991,39.28142],[-87.60944,39.27853],[-87.60734,39.27621],[-87.60195,39.27517],[-87.6015,39.27224],[-87.60557,39.2624],[-87.60495,39.26021],[-87.60413,39.25947],[-87.60411,39.25946],[-87.59813,39.25409],[-87.59349,39.24745],[-87.59111,39.24726],[-87.58716,39.24962],[-87.58518,39.25314],[-87.58065,39.25524],[-87.57344,39.25458],[-87.57133,39.25138],[-87.57307,39.24669],[-87.57822,39.24479],[-87.57932,39.24355],[-87.57761,39.23918],[-87.57456,39.2184],[-87.57703,39.21112],[-87.58498,39.20528],[-87.58659,39.19963],[-87.59415,39.19493],[-87.6001,39.19344],[-87.60304,39.1913],[-87.60517,39.1859],[-87.61104,39.18409],[-87.61855,39.1864],[-87.6204,39.18519],[-87.62043,39.18502],[-87.6214,39.17887],[-87.6208,39.17479],[-87.61941,39.17209],[-87.6194,39.17207],[-87.62052,39.17033],[-87.62502,39.1693],[-87.63649,39.16883],[-87.64043,39.16673],[-87.64206,39.16248],[-87.64141,39.16035],[-87.63743,39.15902],[-87.63037,39.15834],[-87.62937,39.15753],[-87.62774,39.15623],[-87.62874,39.15392],[-87.63157,39.15299],[-87.63438,39.15342],[-87.63744,39.15677],[-87.64217,39.1571],[-87.64497,39.1543],[-87.65172,39.1506],[-87.65326,39.14771],[-87.6532,39.14399],[-87.6582,39.1384],[-87.65874,39.136],[-87.65524,39.13228],[-87.6515,39.13082],[-87.64617,39.12989],[-87.64314,39.12856],[-87.64205,39.12504],[-87.64217,39.12321],[-87.64089,39.12277],[-87.63799,39.12343],[-87.6351,39.1223],[-87.63497,39.12009],[-87.6359,39.11833],[-87.64159,39.11454],[-87.65102,39.11644],[-87.65418,39.11338],[-87.65504,39.11092],[-87.65484,39.11055],[-87.6528,39.10684],[-87.64917,39.1048],[-87.64461,39.10443],[-87.63858,39.10589],[-87.63265,39.10491],[-87.61838,39.10428],[-87.61488,39.10265],[-87.61395,39.09954],[-87.61546,39.09577],[-87.62039,39.09152],[-87.62098,39.0881],[-87.61819,39.08502],[-87.61596,39.08257],[-87.6107,39.08123],[-87.6011,39.0814],[-87.59556,39.07898],[-87.59151,39.07318],[-87.59013,39.07227],[-87.58355,39.06795],[-87.5787,39.0617],[-87.57259,39.05729],[-87.57255,39.05006],[-87.58021,39.04194],[-87.58025,39.03938],[-87.57503,39.03406],[-87.56987,39.02311],[-87.5697,39.01941],[-87.57376,39.00868],[-87.57889,39.00241],[-87.57865,38.9995],[-87.57542,38.99648],[-87.56708,38.99354],[-87.56289,38.99443],[-87.56043,38.99242],[-87.56204,38.98947],[-87.56519,38.9888],[-87.5734,38.99143],[-87.57698,38.99127],[-87.57849,38.98975],[-87.57653,38.98671],[-87.56028,38.98137],[-87.54803,38.9785],[-87.54244,38.97559],[-87.5295,38.97192],[-87.527,38.96883],[-87.52496,38.96384],[-87.52061,38.95984],[-87.51742,38.95816],[-87.51335,38.956],[-87.51219,38.95442],[-87.51293,38.95013],[-87.51634,38.94556],[-87.51958,38.94312],[-87.52128,38.94184],[-87.52185,38.94007],[-87.51735,38.93494],[-87.51663,38.93299],[-87.51798,38.92978],[-87.51879,38.92784],[-87.51883,38.92321],[-87.52063,38.92166],[-87.52606,38.92135],[-87.5277,38.91845],[-87.52603,38.91361],[-87.52789,38.9092],[-87.52729,38.90721],[-87.52431,38.90519],[-87.51773,38.90567],[-87.51673,38.90412],[-87.51801,38.9027],[-87.52251,38.90239],[-87.53134,38.90179],[-87.53369,38.90096],[-87.53659,38.89557],[-87.5364,38.89456],[-87.53447,38.89234],[-87.53436,38.89038],[-87.53517,38.88793],[-87.5357,38.88721],[-87.53626,38.88742],[-87.5376,38.88955],[-87.53772,38.89093],[-87.53841,38.89258],[-87.53859,38.89553],[-87.53912,38.89612],[-87.54163,38.89638],[-87.54409,38.89509],[-87.54492,38.89345],[-87.54513,38.89147],[-87.54429,38.88895],[-87.53828,38.8858],[-87.53554,38.88155],[-87.53492,38.87887],[-87.53682,38.87741],[-87.5452,38.87673],[-87.54737,38.87561],[-87.54761,38.87252],[-87.54261,38.86664],[-87.54319,38.86421],[-87.54572,38.86303],[-87.55207,38.86451],[-87.55339,38.86241],[-87.55203,38.86032],[-87.53725,38.85359],[-87.53206,38.8525],[-87.52819,38.85169],[-87.52589,38.8488],[-87.52669,38.83858],[-87.52403,38.83291],[-87.52221,38.83048],[-87.52168,38.82658],[-87.52391,38.82228],[-87.52646,38.82054],[-87.52734,38.81812],[-87.52159,38.81301],[-87.50821,38.79572],[-87.50313,38.79287],[-87.4959,38.78543],[-87.4952,38.78198],[-87.49743,38.77744],[-87.5043,38.77385],[-87.5118,38.77356],[-87.51455,38.77182],[-87.51437,38.76917],[-87.51197,38.76754],[-87.50818,38.76731],[-87.50252,38.76917],[-87.49822,38.76831],[-87.49788,38.76748],[-87.497,38.76531],[-87.4977,38.76259],[-87.49895,38.75777],[-87.50401,38.74971],[-87.50332,38.74708],[-87.49608,38.74211],[-87.49624,38.74108],[-87.49652,38.73934],[-87.50534,38.73497],[-87.50583,38.73354],[-87.50851,38.72577],[-87.51671,38.71633],[-87.51952,38.71046],[-87.51919,38.70293],[-87.51904,38.69953],[-87.52113,38.69522],[-87.52204,38.69335],[-87.52871,38.68659],[-87.53123,38.68404],[-87.53534,38.68176],[-87.53541,38.68172],[-87.54005,38.67914],[-87.54554,38.67761],[-87.56439,38.67475],[-87.5794,38.67247],[-87.58768,38.66998],[-87.59725,38.66531],[-87.60018,38.66246],[-87.60286,38.65636],[-87.60295,38.65124],[-87.60582,38.64652],[-87.6079,38.64498],[-87.61148,38.64391],[-87.61731,38.64216],[-87.62012,38.63949],[-87.6209,38.63613],[-87.61892,38.63138],[-87.61574,38.62729],[-87.61615,38.62322],[-87.62179,38.6196],[-87.62276,38.61708],[-87.62035,38.61279],[-87.62053,38.61216],[-87.6266,38.60832],[-87.62735,38.60544],[-87.62729,38.6053],[-87.62414,38.59696],[-87.61944,38.59482],[-87.61346,38.59504],[-87.61135,38.59361],[-87.61091,38.59141],[-87.61196,38.58925],[-87.61451,38.58751],[-87.6229,38.5862],[-87.62816,38.5881],[-87.63482,38.59269],[-87.63763,38.59265],[-87.63778,38.59248],[-87.64021,38.5898],[-87.63995,38.58516],[-87.63977,38.582],[-87.63807,38.57783],[-87.63957,38.57416],[-87.64294,38.57228],[-87.64725,38.57147],[-87.65018,38.57006],[-87.65153,38.56817],[-87.65274,38.56446],[-87.65021,38.55842],[-87.6507,38.55624],[-87.65639,38.55363],[-87.65727,38.55328],[-87.66543,38.54995],[-87.66845,38.54774],[-87.67007,38.54524],[-87.66923,38.54174],[-87.66098,38.53214],[-87.65948,38.52671],[-87.65528,38.5208],[-87.65012,38.51755],[-87.64623,38.51509],[-87.64534,38.51016],[-87.65009,38.50461],[-87.65674,38.50176],[-87.6637,38.50293],[-87.66981,38.50718],[-87.67238,38.5074],[-87.67837,38.49844],[-87.68592,38.49184],[-87.71405,38.47988],[-87.73465,38.48008],[-87.73485,38.48002],[-87.74322,38.47767],[-87.74464,38.47727],[-87.75384,38.46584],[-87.75535,38.46396],[-87.75671,38.4603],[-87.75593,38.45588],[-87.7508,38.4542],[-87.74052,38.45472],[-87.73197,38.45078],[-87.73037,38.44788],[-87.7307,38.44291],[-87.73977,38.43798],[-87.74283,38.42733],[-87.74349,38.41732],[-87.74369,38.41439],[-87.74377,38.41311],[-87.74525,38.409],[-87.7527,38.40039],[-87.7527,38.40038],[-87.75679,38.39565],[-87.75937,38.39266],[-87.76259,38.38894],[-87.76972,38.3807],[-87.78308,38.36886],[-87.79025,38.3667],[-87.80607,38.36314],[-87.8067,38.36238],[-87.80889,38.35973],[-87.81379,38.35379],[-87.82341,38.34597],[-87.82768,38.33403],[-87.83198,38.32697],[-87.8334,38.31665],[-87.83085,38.30561],[-87.83095,38.29937],[-87.83393,38.29061],[-87.83898,38.28233],[-87.84345,38.27817],[-87.85113,38.27512],[-87.85965,38.27671],[-87.86303,38.28017],[-87.86625,38.28998],[-87.86481,38.29539],[-87.86045,38.30311],[-87.86112,38.30783],[-87.86427,38.3107],[-87.87054,38.31222],[-87.87566,38.30993],[-87.88008,38.30535],[-87.88359,38.29522],[-87.88785,38.2853],[-87.89233,38.28268],[-87.8978,38.27948],[-87.90684,38.26963],[-87.91111,38.26803],[-87.91761,38.27008],[-87.91947,38.27455],[-87.91709,38.28008],[-87.90799,38.29233],[-87.90954,38.29606],[-87.91649,38.29937],[-87.92283,38.2992],[-87.93356,38.2959],[-87.93752,38.29205],[-87.93921,38.28292],[-87.94233,38.2794],[-87.9503,38.27679],[-87.9522,38.2731],[-87.95065,38.26682],[-87.94661,38.26275],[-87.94207,38.2603],[-87.94303,38.25779],[-87.94606,38.25532],[-87.95403,38.25303],[-87.95761,38.25005],[-87.95888,38.24667],[-87.95799,38.2401],[-87.96022,38.23712],[-87.96428,38.2363],[-87.96897,38.23739],[-87.97064,38.24065],[-87.96995,38.24335],[-87.97226,38.24704],[-87.98187,38.25644],[-87.9847,38.25795],[-87.98762,38.25738],[-87.98772,38.25691],[-87.98804,38.25549],[-87.98352,38.25005],[-87.9824,38.2487],[-87.97963,38.24055],[-87.98047,38.23541],[-87.9837,38.23035],[-87.98487,38.22852],[-87.98563,38.21799],[-87.98516,38.21551],[-87.98397,38.20911],[-87.9782,38.20112],[-87.97582,38.19783],[-87.96986,38.19179],[-87.95892,38.18405],[-87.94049,38.1749],[-87.93644,38.17135],[-87.93376,38.16435],[-87.93525,38.15873],[-87.9343,38.15646],[-87.93121,38.15635],[-87.92639,38.15884],[-87.92451,38.16202],[-87.9259,38.16647],[-87.92529,38.17032],[-87.9229,38.17329],[-87.92065,38.1737],[-87.91906,38.17399],[-87.91567,38.17332],[-87.91255,38.17076],[-87.91062,38.1666],[-87.91143,38.16174],[-87.91518,38.15779],[-87.91684,38.15687],[-87.92365,38.15312],[-87.92589,38.15291],[-87.92827,38.15089],[-87.92689,38.14918],[-87.9255,38.14625],[-87.92663,38.14255],[-87.92942,38.14073],[-87.93513,38.13943],[-87.94044,38.13371],[-87.94547,38.12662],[-87.94747,38.12722],[-87.95069,38.13024],[-87.95587,38.1329],[-87.96048,38.13209],[-87.96575,38.13262],[-87.96946,38.13074],[-87.97098,38.12799],[-87.97427,38.12198],[-87.97377,38.11445],[-87.9753,38.11005],[-87.98307,38.10714],[-87.99831,38.10849],[-88.01312,38.10353],[-88.01673,38.09726],[-88.01463,38.0904],[-88.01139,38.08469],[-88.0047,38.08396],[-87.96803,38.09628],[-87.96221,38.10005],[-87.96046,38.09909],[-87.95982,38.0969],[-87.95751,38.08908],[-87.95746,38.08891],[-87.95666,38.0862],[-87.95797,38.08384],[-87.96723,38.0671],[-87.97873,38.05981],[-88.00133,38.05154],[-88.02063,38.05184],[-88.03263,38.05174],[-88.03783,38.05024],[-88.04213,38.04635],[-88.04214,38.03901],[-88.0417,38.03824],[-88.04158,38.03802],[-88.04023,38.03565],[-88.03413,38.03204],[-88.02773,38.03175],[-88.01763,38.03475],[-88.01213,38.03384],[-88.00893,38.03194],[-88.00763,38.02914],[-88.00863,38.02755],[-88.01693,38.02405],[-88.02093,38.01902],[-88.02243,38.01714],[-88.02513,38.01114],[-88.02522,38.01063],[-88.02583,38.00724],[-88.02286,37.99798],[-88.01257,37.97706],[-88.01293,37.96654],[-88.01631,37.96157],[-88.02087,37.95935],[-88.03199,37.95859],[-88.03679,37.95679],[-88.03612,37.94275],[-88.03041,37.9301],[-88.03534,37.92553],[-88.0413,37.92429],[-88.04866,37.92676],[-88.05279,37.93049],[-88.05476,37.93349],[-88.05977,37.93386],[-88.06756,37.93021],[-88.06961,37.92685],[-88.06822,37.9227],[-88.06302,37.9182],[-88.05192,37.91589],[-88.03638,37.9149],[-88.03185,37.91375],[-88.02251,37.91476],[-88.02006,37.9129],[-88.01998,37.90977],[-88.01782,37.9027],[-88.01335,37.89485],[-88.01448,37.89232],[-88.01515,37.89079],[-88.02028,37.88805],[-88.02482,37.88886],[-88.02914,37.89264],[-88.03599,37.89278],[-88.04493,37.89122],[-88.05537,37.89124],[-88.05816,37.89275],[-88.07145,37.89581],[-88.08624,37.90571],[-88.09448,37.90596],[-88.09776,37.90403],[-88.09789,37.90152],[-88.09496,37.89369],[-88.09292,37.89174],[-88.09185,37.89072],[-88.08438,37.88558],[-88.07853,37.87912],[-88.06853,37.85801],[-88.06504,37.85317],[-88.05942,37.84873],[-88.04821,37.84484],[-88.03331,37.84192],[-88.02822,37.83859],[-88.02592,37.83269],[-88.02869,37.82711],[-88.03301,37.82438],[-88.04383,37.82153],[-88.05805,37.82245],[-88.06604,37.82484],[-88.07643,37.83024],[-88.08085,37.8309],[-88.08573,37.82939],[-88.09009,37.82564],[-88.09185,37.82211],[-88.09004,37.81677],[-88.07723,37.80537],[-88.0764,37.80463],[-88.06772,37.80057],[-88.05966,37.8012],[-88.04575,37.80813],[-88.03762,37.80986],[-88.03302,37.80865],[-88.03004,37.80651],[-88.02837,37.80373],[-88.02803,37.79922],[-88.03244,37.79636],[-88.03583,37.79192],[-88.03877,37.78431],[-88.04021,37.77596],[-88.04087,37.77208],[-88.0426,37.76712],[-88.04339,37.76572],[-88.04994,37.75408],[-88.05959,37.74261],[-88.0638,37.73864],[-88.07158,37.73387],[-88.07254,37.73329],[-88.08192,37.73039],[-88.0859,37.72859],[-88.09576,37.7232],[-88.10184,37.71804],[-88.10709,37.71592],[-88.11488,37.71349],[-88.1178,37.71258],[-88.12062,37.71081],[-88.12241,37.70968],[-88.12503,37.70709],[-88.13009,37.70021],[-88.13234,37.69714],[-88.13294,37.69539],[-88.13428,37.6915],[-88.13744,37.68897],[-88.14543,37.68259],[-88.15165,37.6751],[-88.15821,37.66454],[-88.15937,37.66185],[-88.16019,37.65759],[-88.16006,37.65433],[-88.15864,37.6491],[-88.15837,37.63995],[-88.15683,37.6328],[-88.15269,37.62283],[-88.14175,37.60285],[-88.14167,37.59969],[-88.14162,37.59765],[-88.14238,37.59243],[-88.14078,37.58522],[-88.13649,37.57731],[-88.13428,37.57464],[-88.12591,37.57073],[-88.12294,37.56934],[-88.10605,37.5562],[-88.10314,37.55394],[-88.09647,37.54489],[-88.09281,37.53964],[-88.08805,37.53512],[-88.08619,37.53419],[-88.07805,37.53203],[-88.07224,37.52883],[-88.06902,37.5253],[-88.06331,37.51575],[-88.06257,37.51356],[-88.06283,37.50812],[-88.06133,37.50531],[-88.06129,37.50523],[-88.06256,37.49595],[-88.06411,37.49201],[-88.06522,37.48942],[-88.06647,37.48782],[-88.06784,37.48587],[-88.06931,37.48519],[-88.07146,37.48595],[-88.07346,37.48529],[-88.07343,37.48361],[-88.07452,37.48127],[-88.0766,37.47984],[-88.0796,37.47588],[-88.08176,37.47302],[-88.08523,37.47154],[-88.08907,37.47163],[-88.09,37.47204],[-88.09262,37.47366],[-88.0998,37.47357],[-88.10942,37.47237],[-88.12801,37.47051],[-88.13263,37.47156],[-88.13514,37.47163],[-88.15394,37.46761],[-88.15706,37.46694],[-88.15999,37.46667],[-88.17176,37.46561],[-88.17212,37.46543],[-88.17528,37.46379],[-88.18861,37.4619],[-88.20692,37.46019],[-88.22289,37.45772],[-88.22501,37.45739],[-88.23778,37.45681],[-88.25519,37.45675],[-88.28167,37.4526],[-88.29782,37.44682],[-88.31258,37.44059],[-88.31339,37.43987],[-88.31752,37.43618],[-88.3212,37.43471],[-88.32131,37.43464],[-88.33062,37.42932],[-88.33318,37.42721],[-88.33488,37.42537],[-88.34215,37.41749],[-88.3484,37.41073],[-88.35844,37.40486],[-88.3585,37.40482],[-88.36063,37.4035],[-88.36156,37.40293],[-88.36547,37.40166],[-88.37121,37.40273],[-88.37344,37.40434],[-88.37751,37.40982],[-88.38767,37.41648],[-88.39637,37.42113],[-88.39734,37.42164],[-88.40413,37.42415],[-88.40881,37.42522],[-88.41311,37.42447],[-88.41526,37.42349],[-88.41859,37.42199],[-88.42598,37.41944],[-88.43318,37.41817],[-88.43933,37.41642],[-88.45013,37.41172],[-88.456,37.40848],[-88.46586,37.40055],[-88.47022,37.39625],[-88.47659,37.38688],[-88.47852,37.37505],[-88.48006,37.37057],[-88.48098,37.3679],[-88.48211,37.36461],[-88.48261,37.35491],[-88.4829,37.35345],[-88.48446,37.34561],[-88.48695,37.3396],[-88.49031,37.33504],[-88.49414,37.32769],[-88.50057,37.31782],[-88.50509,37.30786],[-88.50866,37.30335],[-88.5115,37.29853],[-88.51466,37.29095],[-88.51594,37.28404],[-88.50959,37.2734],[-88.50694,37.26666],[-88.50933,37.26213],[-88.50803,37.26026],[-88.50078,37.25358],[-88.49238,37.24844],[-88.48728,37.24408],[-88.48498,37.24077],[-88.47973,37.22961],[-88.47818,37.22725],[-88.47175,37.22015],[-88.46698,37.21703],[-88.45876,37.21354],[-88.45065,37.20705],[-88.44776,37.20353],[-88.44196,37.18904],[-88.43953,37.18174],[-88.43778,37.18001],[-88.43345,37.16587],[-88.43378,37.16407],[-88.43149,37.1603],[-88.42991,37.15867],[-88.4281,37.15776],[-88.4244,37.15243],[-88.42462,37.15097],[-88.42478,37.1499],[-88.4347,37.12642],[-88.43583,37.12506],[-88.44354,37.10919],[-88.44091,37.10764],[-88.44466,37.10051],[-88.44477,37.09526],[-88.44938,37.08761],[-88.45411,37.08199],[-88.46059,37.0743],[-88.48218,37.06737],[-88.49014,37.06831],[-88.49047,37.06825],[-88.49012,37.07087],[-88.49033,37.15946],[-88.52903,37.18895],[-88.56199,37.21524],[-88.60225,37.24779],[-88.62978,37.27072],[-88.64301,37.28195],[-88.67435,37.30849],[-88.71072,37.33707],[-88.71074,37.33708],[-88.71055,37.38094],[-88.71069,37.39063],[-88.71057,37.40889],[-88.71072,37.4253],[-88.71074,37.42758],[-88.71063,37.42868],[-88.70963,37.5119],[-88.70933,37.53159],[-88.709,37.55562],[-88.70855,37.59906]]]}},{"type":"Feature","properties":{"name":"SCCTD Flyer","boundary_type":"places","source":"Census TIGER place","fidelity":"exact","updated":"2026-09","units":"Belleville city; East St. Louis city; Fairmont City village","note":"First-mile/last-mile service in three named cities connecting to MetroLink","confidence":0.9},"geometry":{"type":"MultiPolygon","coordinates":[[[[-90.09307,38.56413],[-90.09281,38.5643],[-90.09256,38.56447],[-90.09244,38.56459],[-90.09198,38.56459],[-90.08804,38.56458],[-90.08746,38.56457],[-90.08975,38.56757],[-90.08754,38.56974],[-90.08568,38.56835],[-90.07842,38.56832],[-90.07843,38.56473],[-90.07845,38.55914],[-90.08017,38.55961],[-90.08255,38.55967],[-90.08446,38.55924],[-90.08809,38.55737],[-90.08629,38.55736],[-90.08619,38.55595],[-90.08306,38.55685],[-90.08319,38.55902],[-90.08202,38.55917],[-90.08123,38.55917],[-90.07856,38.55663],[-90.07259,38.55253],[-90.06912,38.55167],[-90.06935,38.55062],[-90.06789,38.54954],[-90.06291,38.54798],[-90.0575,38.54781],[-90.05762,38.551],[-90.05561,38.54957],[-90.05423,38.54778],[-90.05422,38.5483],[-90.0522,38.54624],[-90.05017,38.54497],[-90.04986,38.5453],[-90.04966,38.54861],[-90.04965,38.54942],[-90.04558,38.54974],[-90.04512,38.5534],[-90.04511,38.5565],[-90.04727,38.55856],[-90.04812,38.55779],[-90.0497,38.55967],[-90.04973,38.56222],[-90.05146,38.56454],[-90.05501,38.56881],[-90.05528,38.56948],[-90.05545,38.56992],[-90.05837,38.57112],[-90.05598,38.57124],[-90.05898,38.57892],[-90.05999,38.58031],[-90.06024,38.58363],[-90.06227,38.58316],[-90.06204,38.585],[-90.0603,38.58432],[-90.06054,38.58616],[-90.063,38.58673],[-90.06361,38.58711],[-90.0642,38.58671],[-90.06511,38.58609],[-90.06588,38.58557],[-90.0663,38.586],[-90.07174,38.59285],[-90.07289,38.59542],[-90.07322,38.59578],[-90.07859,38.59958],[-90.07929,38.59938],[-90.0801,38.59887],[-90.08081,38.59904],[-90.08159,38.59801],[-90.0791,38.5957],[-90.08022,38.59375],[-90.0862,38.59658],[-90.08336,38.60097],[-90.08632,38.60148],[-90.09254,38.60323],[-90.09971,38.60476],[-90.10138,38.60527],[-90.11561,38.60805],[-90.12114,38.60927],[-90.12061,38.60805],[-90.12236,38.60835],[-90.12112,38.60759],[-90.11584,38.60767],[-90.11269,38.60709],[-90.1113,38.60475],[-90.11122,38.60217],[-90.11378,38.60173],[-90.11487,38.59954],[-90.11505,38.59408],[-90.1171,38.59653],[-90.11891,38.5961],[-90.12292,38.59944],[-90.12432,38.6019],[-90.13155,38.59717],[-90.1291,38.59511],[-90.13325,38.59213],[-90.13369,38.59181],[-90.14276,38.59951],[-90.14401,38.59861],[-90.13818,38.59352],[-90.14073,38.59437],[-90.14018,38.59287],[-90.13631,38.58961],[-90.1329,38.58668],[-90.13465,38.58668],[-90.13612,38.5878],[-90.13908,38.58566],[-90.14042,38.58679],[-90.14524,38.59087],[-90.15012,38.59438],[-90.15464,38.59817],[-90.15672,38.59629],[-90.15763,38.59563],[-90.16078,38.59846],[-90.16776,38.60418],[-90.17162,38.60482],[-90.17625,38.60607],[-90.18665,38.60786],[-90.18499,38.61072],[-90.18451,38.61155],[-90.18241,38.61802],[-90.17881,38.62915],[-90.17801,38.63373],[-90.17801,38.63375],[-90.17777,38.64091],[-90.17771,38.64265],[-90.17476,38.64264],[-90.17516,38.64625],[-90.17063,38.64625],[-90.16653,38.64715],[-90.16511,38.64871],[-90.16313,38.65009],[-90.16203,38.65078],[-90.16206,38.64961],[-90.16128,38.64759],[-90.16024,38.64657],[-90.15913,38.64557],[-90.15773,38.64728],[-90.15643,38.64953],[-90.15402,38.65162],[-90.15057,38.6492],[-90.15183,38.65083],[-90.1494,38.65153],[-90.14667,38.64847],[-90.14662,38.64947],[-90.1448,38.64797],[-90.13789,38.64308],[-90.13661,38.64306],[-90.13539,38.63861],[-90.13183,38.64255],[-90.12528,38.64731],[-90.12564,38.65273],[-90.13022,38.65248],[-90.13031,38.65712],[-90.12344,38.65847],[-90.11751,38.65992],[-90.11286,38.65988],[-90.11275,38.65988],[-90.10516,38.66163],[-90.10462,38.66325],[-90.10348,38.66324],[-90.10241,38.66345],[-90.10241,38.66322],[-90.10017,38.66323],[-90.09772,38.66321],[-90.09421,38.6642],[-90.0932,38.66433],[-90.09156,38.66415],[-90.08815,38.6632],[-90.08893,38.65944],[-90.088,38.65942],[-90.08768,38.65972],[-90.08748,38.66073],[-90.08701,38.66073],[-90.0869,38.6617],[-90.08608,38.66161],[-90.08619,38.6602],[-90.08534,38.65988],[-90.08536,38.65936],[-90.0826,38.65929],[-90.08048,38.65924],[-90.08034,38.66603],[-90.07708,38.66551],[-90.07723,38.67345],[-90.06561,38.67343],[-90.06565,38.66746],[-90.06566,38.66667],[-90.06655,38.66106],[-90.06653,38.65882],[-90.07288,38.65901],[-90.07315,38.65204],[-90.07211,38.64591],[-90.05819,38.64779],[-90.05491,38.64808],[-90.04865,38.64797],[-90.04866,38.64821],[-90.04494,38.64771],[-90.04165,38.64717],[-90.03778,38.6463],[-90.03777,38.64613],[-90.03701,38.64593],[-90.04393,38.64729],[-90.04719,38.64754],[-90.04895,38.64781],[-90.05328,38.6479],[-90.05627,38.64774],[-90.05678,38.64741],[-90.053,38.64717],[-90.0509,38.64678],[-90.04712,38.64573],[-90.04707,38.64459],[-90.04702,38.64314],[-90.05604,38.64297],[-90.05608,38.63876],[-90.05965,38.63691],[-90.07451,38.63699],[-90.07448,38.6439],[-90.07906,38.64326],[-90.07991,38.64205],[-90.07991,38.64446],[-90.07991,38.64535],[-90.08371,38.64505],[-90.08371,38.64395],[-90.08936,38.64325],[-90.09314,38.64275],[-90.10217,38.64149],[-90.1021,38.63419],[-90.09991,38.6342],[-90.09991,38.63235],[-90.09991,38.6305],[-90.10284,38.63055],[-90.10281,38.62712],[-90.10223,38.62651],[-90.10229,38.62331],[-90.11127,38.62353],[-90.11119,38.61872],[-90.1113,38.61875],[-90.11415,38.61964],[-90.11596,38.61815],[-90.11346,38.61728],[-90.11281,38.61707],[-90.10368,38.61455],[-90.09838,38.61322],[-90.09806,38.61461],[-90.0928,38.61301],[-90.09283,38.61584],[-90.09176,38.61575],[-90.09055,38.61452],[-90.09006,38.61259],[-90.07606,38.60698],[-90.07393,38.60602],[-90.06453,38.60338],[-90.06293,38.60294],[-90.06293,38.6033],[-90.06024,38.60244],[-90.05316,38.5989],[-90.05199,38.59829],[-90.05116,38.59746],[-90.0517,38.59705],[-90.05209,38.5966],[-90.05164,38.59632],[-90.05036,38.5959],[-90.04894,38.59531],[-90.04477,38.58921],[-90.04494,38.58651],[-90.04406,38.58514],[-90.04262,38.58453],[-90.04241,38.58401],[-90.04185,38.58417],[-90.04155,38.58417],[-90.04013,38.58334],[-90.03743,38.58187],[-90.03637,38.58148],[-90.03666,38.57985],[-90.03631,38.57951],[-90.03539,38.58081],[-90.03542,38.57878],[-90.03373,38.57867],[-90.03363,38.57148],[-90.03204,38.56967],[-90.03103,38.56743],[-90.02918,38.56715],[-90.02557,38.56733],[-90.0254,38.5634],[-90.0244,38.5631],[-90.02161,38.56216],[-90.02022,38.56099],[-90.01912,38.55935],[-90.01831,38.5586],[-90.01729,38.55817],[-90.01657,38.55836],[-90.01652,38.56312],[-90.00858,38.56333],[-90.00967,38.56157],[-90.01151,38.56116],[-90.0135,38.55911],[-90.01118,38.55906],[-90.01113,38.55621],[-90.00576,38.55211],[-90.00576,38.55241],[-90.00184,38.5498],[-90.00157,38.5492],[-90.00155,38.54876],[-89.99829,38.54589],[-89.99382,38.5432],[-89.99432,38.54321],[-89.99539,38.54322],[-89.99542,38.54156],[-89.99656,38.54165],[-89.99786,38.54325],[-89.99683,38.5444],[-89.99855,38.54542],[-89.99884,38.54348],[-89.99849,38.5432],[-89.99841,38.54153],[-90.00184,38.54153],[-90.00185,38.53319],[-90.00427,38.53323],[-90.00427,38.532],[-90.00288,38.53197],[-90.00288,38.53231],[-90.00185,38.53228],[-90.00186,38.52632],[-90.00186,38.52333],[-90.00071,38.52213],[-90.00057,38.52235],[-89.99664,38.52221],[-89.99701,38.52313],[-89.9935,38.52316],[-89.99268,38.52455],[-89.9891,38.52446],[-89.98366,38.5242],[-89.98141,38.52623],[-89.98082,38.5266],[-89.97504,38.52991],[-89.9745,38.53038],[-89.97592,38.53165],[-89.97415,38.53305],[-89.97287,38.5328],[-89.97156,38.53421],[-89.97039,38.53467],[-89.96652,38.53424],[-89.96596,38.53411],[-89.96592,38.53421],[-89.96448,38.53741],[-89.96508,38.53596],[-89.96281,38.53568],[-89.9623,38.53633],[-89.96166,38.53676],[-89.95621,38.53897],[-89.95601,38.53685],[-89.95187,38.5365],[-89.9518,38.53379],[-89.9553,38.53381],[-89.9553,38.53137],[-89.9584,38.53077],[-89.95792,38.53034],[-89.95963,38.52911],[-89.95731,38.52707],[-89.95589,38.52855],[-89.95694,38.52948],[-89.95606,38.53036],[-89.95371,38.53036],[-89.95581,38.52848],[-89.95519,38.52794],[-89.95614,38.52616],[-89.95293,38.5231],[-89.95363,38.52261],[-89.95211,38.52128],[-89.95235,38.52202],[-89.95142,38.52177],[-89.94962,38.52304],[-89.94502,38.51866],[-89.94546,38.51858],[-89.94538,38.5174],[-89.94711,38.5171],[-89.94714,38.51827],[-89.9489,38.51795],[-89.94895,38.51571],[-89.95158,38.5157],[-89.95154,38.51369],[-89.94908,38.51369],[-89.94902,38.51089],[-89.94698,38.51216],[-89.94215,38.51218],[-89.93647,38.51219],[-89.93654,38.51696],[-89.93499,38.51861],[-89.93657,38.51862],[-89.93658,38.5195],[-89.93325,38.51949],[-89.93482,38.51861],[-89.93434,38.51659],[-89.93321,38.51685],[-89.93317,38.5122],[-89.92851,38.51221],[-89.92853,38.51286],[-89.92083,38.5129],[-89.92088,38.5195],[-89.92864,38.51949],[-89.92861,38.52083],[-89.9295,38.52083],[-89.92947,38.51968],[-89.93066,38.51968],[-89.93069,38.52099],[-89.92861,38.52099],[-89.92872,38.52679],[-89.90768,38.52682],[-89.9089,38.52288],[-89.91062,38.52288],[-89.91059,38.5195],[-89.91919,38.51951],[-89.91947,38.5178],[-89.91952,38.512],[-89.91987,38.51124],[-89.92023,38.51078],[-89.9209,38.51024],[-89.92089,38.5079],[-89.9194,38.50669],[-89.91584,38.50594],[-89.91585,38.50486],[-89.9194,38.50491],[-89.92711,38.50495],[-89.92697,38.49768],[-89.92726,38.49769],[-89.92842,38.49771],[-89.92923,38.49763],[-89.92934,38.49706],[-89.93085,38.49282],[-89.92848,38.49285],[-89.92787,38.49286],[-89.92315,38.49293],[-89.91925,38.49206],[-89.91859,38.49388],[-89.91374,38.49386],[-89.91248,38.49747],[-89.90539,38.49656],[-89.90613,38.4945],[-89.90624,38.49448],[-89.91175,38.4942],[-89.91159,38.48308],[-89.91381,38.48313],[-89.9138,38.48395],[-89.91568,38.4841],[-89.9177,38.48455],[-89.91815,38.48325],[-89.92067,38.48305],[-89.92136,38.48113],[-89.92216,38.47889],[-89.92241,38.47816],[-89.91966,38.47755],[-89.92058,38.47508],[-89.9209,38.47466],[-89.91466,38.47474],[-89.91415,38.47474],[-89.91414,38.46745],[-89.91552,38.46744],[-89.92755,38.4701],[-89.93529,38.47195],[-89.93599,38.47224],[-89.94011,38.47542],[-89.9394,38.47734],[-89.94309,38.47815],[-89.94113,38.48357],[-89.93884,38.48964],[-89.9351,38.48888],[-89.93259,38.49518],[-89.93684,38.49608],[-89.93793,38.49285],[-89.94469,38.49433],[-89.9439,38.49652],[-89.94236,38.4972],[-89.94373,38.4975],[-89.94979,38.49875],[-89.95203,38.49242],[-89.94992,38.49164],[-89.95129,38.48779],[-89.95265,38.48809],[-89.95328,38.48592],[-89.95482,38.4883],[-89.95328,38.49263],[-89.95711,38.49586],[-89.96032,38.49358],[-89.96001,38.49299],[-89.95963,38.49216],[-89.95993,38.49195],[-89.9616,38.49162],[-89.96487,38.49398],[-89.96557,38.49435],[-89.96937,38.49766],[-89.97047,38.49794],[-89.97021,38.49855],[-89.97047,38.49862],[-89.97145,38.49947],[-89.97228,38.4988],[-89.97244,38.49845],[-89.97256,38.49682],[-89.96806,38.49402],[-89.97183,38.49395],[-89.96567,38.49218],[-89.9622,38.48869],[-89.9622,38.49026],[-89.96022,38.49024],[-89.95847,38.48886],[-89.9544,38.48363],[-89.95275,38.48366],[-89.9539,38.4832],[-89.96219,38.48324],[-89.96246,38.48145],[-89.96663,38.47029],[-89.96331,38.46952],[-89.96254,38.4717],[-89.95859,38.47229],[-89.95823,38.46802],[-89.95546,38.46807],[-89.9554,38.46448],[-89.95671,38.46335],[-89.95534,38.4623],[-89.95798,38.46249],[-89.95798,38.46081],[-89.94013,38.46093],[-89.93903,38.45914],[-89.93813,38.45766],[-89.93649,38.4555],[-89.93861,38.45294],[-89.93564,38.45015],[-89.93682,38.44861],[-89.94609,38.44854],[-89.94609,38.45006],[-89.95023,38.45007],[-89.95706,38.45306],[-89.95866,38.45465],[-89.95931,38.45466],[-89.95984,38.45466],[-89.95982,38.45043],[-89.95982,38.45006],[-89.96205,38.44862],[-89.96348,38.44661],[-89.9647,38.44645],[-89.96471,38.44827],[-89.96989,38.44798],[-89.98335,38.44789],[-89.98325,38.4524],[-89.98134,38.45249],[-89.98135,38.45357],[-89.97358,38.45365],[-89.9707,38.4537],[-89.97144,38.4561],[-89.97153,38.45968],[-89.97353,38.46039],[-89.974,38.46085],[-89.9834,38.46075],[-89.98341,38.46096],[-89.9834,38.46113],[-89.97231,38.46119],[-89.9715,38.46029],[-89.96889,38.4599],[-89.96653,38.46268],[-89.97054,38.46354],[-89.96614,38.47518],[-89.96948,38.47518],[-89.9695,38.47892],[-89.97411,38.47894],[-89.97434,38.48349],[-89.98053,38.48488],[-89.98074,38.48694],[-89.98363,38.48695],[-89.98364,38.48552],[-89.98864,38.48557],[-89.98866,38.48914],[-89.98504,38.48909],[-89.98363,38.48812],[-89.98362,38.4905],[-89.98256,38.49049],[-89.98259,38.49253],[-89.98362,38.49299],[-89.9881,38.49261],[-89.99054,38.49489],[-89.99054,38.49771],[-89.98533,38.49782],[-89.98689,38.4991],[-89.98689,38.5014],[-89.98807,38.50244],[-89.98908,38.50244],[-89.98908,38.50272],[-89.99054,38.50272],[-89.99053,38.50243],[-89.99107,38.50243],[-89.98924,38.49953],[-89.99047,38.49799],[-89.99284,38.49785],[-89.99284,38.49744],[-89.99426,38.49818],[-89.99284,38.49688],[-89.99282,38.49608],[-89.99483,38.49426],[-90.00204,38.49353],[-90.01132,38.49366],[-90.01135,38.4908],[-90.01598,38.49085],[-90.01689,38.49623],[-90.01687,38.49813],[-90.01577,38.49813],[-90.01578,38.49577],[-90.01321,38.49595],[-90.01043,38.49872],[-90.00668,38.49805],[-90.00661,38.50075],[-90.00278,38.50068],[-90.00279,38.4991],[-90.00199,38.49908],[-90.00197,38.50146],[-90.00449,38.50373],[-90.00314,38.50445],[-90.00069,38.50326],[-89.99769,38.50087],[-89.99726,38.50328],[-89.99944,38.50416],[-90.00243,38.50479],[-90.00101,38.50547],[-89.9991,38.50639],[-90.00043,38.50812],[-90.00505,38.50861],[-90.00229,38.51005],[-90.00361,38.51156],[-90.00875,38.51324],[-90.01612,38.51521],[-90.0178,38.5144],[-90.0178,38.51537],[-90.02045,38.51606],[-90.02046,38.51438],[-90.02353,38.51403],[-90.02354,38.51268],[-90.02739,38.5127],[-90.02738,38.51026],[-90.02356,38.5102],[-90.02172,38.5083],[-90.02049,38.50846],[-90.02148,38.5054],[-90.02976,38.50547],[-90.02976,38.50734],[-90.03616,38.50737],[-90.03617,38.50642],[-90.03617,38.50511],[-90.04136,38.50445],[-90.04226,38.50638],[-90.04282,38.50927],[-90.03616,38.50895],[-90.03613,38.51375],[-90.03745,38.51375],[-90.03736,38.51538],[-90.03876,38.51623],[-90.0459,38.51634],[-90.04586,38.518],[-90.04991,38.51807],[-90.04992,38.52056],[-90.04116,38.52038],[-90.04115,38.5226],[-90.03979,38.52332],[-90.04525,38.52634],[-90.04522,38.52865],[-90.04522,38.52931],[-90.04782,38.53151],[-90.04619,38.53249],[-90.04086,38.52874],[-90.04052,38.52875],[-90.04034,38.52909],[-90.04167,38.53001],[-90.03942,38.52995],[-90.03943,38.52959],[-90.03606,38.52954],[-90.03606,38.53036],[-90.0344,38.53035],[-90.03421,38.52907],[-90.03277,38.52907],[-90.0288,38.53134],[-90.02803,38.53133],[-90.02857,38.53032],[-90.03242,38.52824],[-90.03257,38.52709],[-90.03003,38.52564],[-90.02742,38.52563],[-90.03038,38.52308],[-90.0254,38.52274],[-90.02424,38.52171],[-90.02045,38.51982],[-90.01623,38.51981],[-90.01418,38.51928],[-90.01175,38.52081],[-90.01113,38.52129],[-90.02042,38.52693],[-90.02042,38.53254],[-90.02282,38.5339],[-90.02214,38.52946],[-90.0216,38.52764],[-90.02676,38.53076],[-90.02759,38.53142],[-90.02761,38.53616],[-90.02515,38.53616],[-90.02818,38.54009],[-90.03109,38.53903],[-90.03581,38.54003],[-90.0369,38.54003],[-90.03684,38.54172],[-90.04533,38.5419],[-90.04772,38.54182],[-90.04689,38.53931],[-90.04929,38.53667],[-90.04937,38.53532],[-90.04962,38.53528],[-90.05226,38.53525],[-90.05429,38.53692],[-90.05464,38.53768],[-90.05544,38.539],[-90.05764,38.53907],[-90.05885,38.54012],[-90.05882,38.54156],[-90.06344,38.54478],[-90.06871,38.54622],[-90.07021,38.54731],[-90.07138,38.54891],[-90.0699,38.54855],[-90.07347,38.5498],[-90.07647,38.55254],[-90.08419,38.55427],[-90.08421,38.55215],[-90.08183,38.55135],[-90.08202,38.55012],[-90.0864,38.55015],[-90.08637,38.55186],[-90.08525,38.55388],[-90.089,38.55362],[-90.08895,38.55543],[-90.09093,38.55515],[-90.09092,38.55581],[-90.09352,38.55498],[-90.09623,38.55527],[-90.09717,38.55585],[-90.09627,38.55675],[-90.0982,38.55735],[-90.09829,38.55784],[-90.09828,38.55805],[-90.09578,38.562],[-90.09374,38.56396],[-90.09307,38.56413]],[[-90.02748,38.51026],[-90.02928,38.51025],[-90.02949,38.51014],[-90.02982,38.50902],[-90.02737,38.50902],[-90.02738,38.51026],[-90.02748,38.51026]],[[-90.04812,38.54135],[-90.04816,38.54205],[-90.0488,38.54308],[-90.04964,38.54376],[-90.04964,38.54371],[-90.04967,38.54043],[-90.04866,38.54002],[-90.04883,38.54053],[-90.04812,38.54135]],[[-90.04769,38.5701],[-90.04796,38.56866],[-90.04772,38.56838],[-90.04735,38.5682],[-90.04743,38.56785],[-90.04699,38.56785],[-90.0465,38.56713],[-90.04624,38.56711],[-90.0452,38.56435],[-90.04328,38.56477],[-90.04407,38.56327],[-90.04269,38.56124],[-90.04224,38.56126],[-90.04206,38.55973],[-90.03586,38.55645],[-90.03585,38.5559],[-90.03644,38.55568],[-90.03374,38.55233],[-90.03269,38.55284],[-90.02966,38.55421],[-90.02975,38.55363],[-90.02907,38.55159],[-90.02768,38.55292],[-90.02672,38.55215],[-90.02393,38.55336],[-90.02527,38.55499],[-90.02817,38.55595],[-90.02731,38.55703],[-90.02613,38.55686],[-90.02505,38.55978],[-90.02775,38.55978],[-90.0289,38.56169],[-90.0292,38.562],[-90.03332,38.56404],[-90.03527,38.56597],[-90.03564,38.5667],[-90.03598,38.5679],[-90.03603,38.57066],[-90.03636,38.57138],[-90.03635,38.57145],[-90.03681,38.57221],[-90.03968,38.57271],[-90.04123,38.5735],[-90.04358,38.5746],[-90.04649,38.57392],[-90.04861,38.57368],[-90.04964,38.57157],[-90.04663,38.57155],[-90.04661,38.56994],[-90.04769,38.5701]],[[-90.03604,38.52193],[-90.03605,38.52554],[-90.03898,38.52765],[-90.03916,38.52499],[-90.03756,38.52381],[-90.03757,38.52217],[-90.03604,38.52193]],[[-90.03748,38.52925],[-90.03748,38.52825],[-90.03606,38.52825],[-90.03606,38.52925],[-90.03748,38.52925]],[[-90.02556,38.56518],[-90.02704,38.56521],[-90.028,38.5634],[-90.0255,38.5634],[-90.02553,38.56433],[-90.02556,38.56518]],[[-90.02042,38.56042],[-90.02134,38.56144],[-90.02244,38.56208],[-90.02394,38.56031],[-90.02187,38.55901],[-90.02036,38.55754],[-90.02042,38.56042]],[[-90.01189,38.55412],[-90.01123,38.55331],[-90.01115,38.55305],[-90.01116,38.55088],[-90.00704,38.54885],[-90.00184,38.54876],[-90.00184,38.54897],[-90.00338,38.54971],[-90.01163,38.55601],[-90.01374,38.55719],[-90.01644,38.55733],[-90.01891,38.55594],[-90.01651,38.5537],[-90.01357,38.55208],[-90.01277,38.55375],[-90.01189,38.55412]],[[-89.9605,38.45513],[-89.95984,38.45513],[-89.95984,38.45664],[-89.96185,38.46081],[-89.96264,38.46081],[-89.96262,38.46247],[-89.96464,38.46286],[-89.96475,38.46106],[-89.96585,38.46165],[-89.96663,38.46071],[-89.9632,38.46081],[-89.96265,38.45963],[-89.9605,38.45513]],[[-89.95927,38.46081],[-89.95927,38.46248],[-89.96161,38.46247],[-89.96186,38.46179],[-89.96186,38.46099],[-89.96185,38.46081],[-89.95927,38.46081]],[[-89.96421,38.53367],[-89.96408,38.53384],[-89.96514,38.53397],[-89.96421,38.53367]],[[-89.96136,38.49446],[-89.96086,38.49439],[-89.95771,38.49663],[-89.95857,38.49739],[-89.96026,38.49997],[-89.95851,38.50124],[-89.96015,38.50192],[-89.96467,38.49873],[-89.96142,38.49609],[-89.96247,38.49539],[-89.96239,38.49534],[-89.96136,38.49446]],[[-89.96125,38.53257],[-89.96269,38.53162],[-89.9621,38.53106],[-89.96184,38.53116],[-89.96064,38.53202],[-89.96125,38.53257]],[[-89.95238,38.50908],[-89.95455,38.51015],[-89.95753,38.51014],[-89.95763,38.5068],[-89.95762,38.50585],[-89.95842,38.5049],[-89.95657,38.50488],[-89.95233,38.50488],[-89.95238,38.50908]],[[-89.93321,38.50917],[-89.93833,38.50897],[-89.9383,38.5049],[-89.9344,38.50499],[-89.93318,38.50498],[-89.93321,38.50917]],[[-89.92723,38.4742],[-89.92497,38.47285],[-89.92532,38.4743],[-89.92378,38.47847],[-89.92704,38.47763],[-89.92491,38.48342],[-89.92473,38.48391],[-89.92782,38.48456],[-89.9278,38.48353],[-89.92779,38.48306],[-89.92925,38.48307],[-89.93202,38.47581],[-89.92936,38.47565],[-89.92801,38.4753],[-89.92801,38.47429],[-89.92723,38.4742]],[[-89.92853,38.48894],[-89.92488,38.48813],[-89.9238,38.49113],[-89.92849,38.49214],[-89.93091,38.49266],[-89.93169,38.49041],[-89.92958,38.49038],[-89.92997,38.48926],[-89.92853,38.48894]],[[-89.9304,38.50596],[-89.93039,38.50497],[-89.92842,38.50496],[-89.92843,38.50596],[-89.9304,38.50596]],[[-89.92815,38.47303],[-89.92896,38.47322],[-89.92957,38.4717],[-89.92847,38.47146],[-89.92759,38.4729],[-89.92815,38.47303]],[[-89.92851,38.51203],[-89.92849,38.51009],[-89.92747,38.5101],[-89.92761,38.51203],[-89.92851,38.51203]],[[-89.92741,38.50921],[-89.92848,38.50921],[-89.92846,38.50769],[-89.92666,38.50771],[-89.92683,38.50782],[-89.92741,38.50921]]],[[[-90.0542,38.54993],[-90.05533,38.54995],[-90.05598,38.55073],[-90.05695,38.55141],[-90.05818,38.5519],[-90.05802,38.55216],[-90.05424,38.55212],[-90.0542,38.55148],[-90.0542,38.54993]]],[[[-90.04601,38.57063],[-90.04602,38.57006],[-90.04635,38.57006],[-90.04636,38.56992],[-90.04661,38.56993],[-90.04661,38.56994],[-90.04637,38.56994],[-90.04637,38.57059],[-90.04601,38.57063]]]]}},{"type":"Feature","properties":{"name":"SCT Demand Response","boundary_type":"counties","source":"Census TIGER county","fidelity":"exact","updated":"2026-09","units":"Clinton County; Franklin County; Jefferson County; Marion County; Perry County; Washington County","note":"South Central Transit's site states it serves 'Clinton, Franklin, Jefferson, Marion, Perry, and Washington Counties.' Source: https://southcentraltransit.org/","confidence":0.9},"geometry":{"type":"Polygon","coordinates":[[[-88.70564,38.05619],[-88.70563,38.05331],[-88.70574,38.05161],[-88.70573,38.04889],[-88.70581,38.04167],[-88.70585,38.038],[-88.70585,38.03786],[-88.70598,38.01827],[-88.706,38.01556],[-88.70624,37.99009],[-88.70625,37.98877],[-88.70649,37.95105],[-88.70649,37.95102],[-88.7066,37.9314],[-88.70644,37.92709],[-88.7066,37.9219],[-88.70662,37.9068],[-88.70676,37.86346],[-88.73033,37.86344],[-88.73539,37.86357],[-88.76232,37.8633],[-88.81698,37.86304],[-88.83477,37.86308],[-88.83524,37.86296],[-88.85434,37.86273],[-88.85954,37.8627],[-88.86904,37.86261],[-88.90093,37.8624],[-88.9026,37.86239],[-88.92806,37.86217],[-88.92825,37.86217],[-88.9404,37.86208],[-88.9427,37.86214],[-88.94657,37.86205],[-88.95876,37.86204],[-88.98335,37.86211],[-88.98358,37.86211],[-88.9904,37.86207],[-88.99243,37.86221],[-88.99528,37.86201],[-89.00231,37.86201],[-89.0058,37.86215],[-89.00713,37.86214],[-89.04001,37.862],[-89.05599,37.86204],[-89.05839,37.86205],[-89.0775,37.86211],[-89.08663,37.86214],[-89.10513,37.86219],[-89.11435,37.8621],[-89.15118,37.862],[-89.15103,37.88758],[-89.15077,37.90667],[-89.15075,37.94519],[-89.15083,37.9502],[-89.1776,37.95031],[-89.18052,37.95036],[-89.20119,37.95021],[-89.20618,37.9502],[-89.23773,37.95038],[-89.26231,37.95049],[-89.2762,37.95056],[-89.28203,37.95063],[-89.35462,37.9518],[-89.35841,37.95187],[-89.37462,37.95209],[-89.42775,37.95303],[-89.43006,37.95307],[-89.4478,37.95332],[-89.48454,37.95376],[-89.56712,37.95491],[-89.59507,37.95534],[-89.59476,37.96982],[-89.59477,37.96997],[-89.59452,37.97726],[-89.59427,37.98807],[-89.59404,38.00757],[-89.59393,38.01355],[-89.59341,38.04367],[-89.593,38.07305],[-89.59256,38.1172],[-89.59239,38.13206],[-89.5924,38.13944],[-89.5924,38.13977],[-89.59262,38.18299],[-89.59274,38.20207],[-89.5928,38.21927],[-89.6108,38.21926],[-89.63384,38.21932],[-89.65724,38.21939],[-89.66607,38.21938],[-89.67437,38.2194],[-89.69321,38.21942],[-89.70326,38.2194],[-89.70367,38.28242],[-89.70355,38.28321],[-89.70359,38.28532],[-89.70363,38.29274],[-89.70372,38.30549],[-89.70372,38.30562],[-89.70385,38.33543],[-89.70397,38.35726],[-89.70402,38.36237],[-89.70406,38.36457],[-89.70409,38.36815],[-89.70416,38.38075],[-89.70413,38.39277],[-89.70414,38.39756],[-89.70414,38.39944],[-89.70422,38.40756],[-89.70424,38.41578],[-89.70459,38.48028],[-89.70497,38.50948],[-89.705,38.51492],[-89.70503,38.51886],[-89.70506,38.5238],[-89.70506,38.5241],[-89.70511,38.53041],[-89.70515,38.53506],[-89.70526,38.54363],[-89.70529,38.54602],[-89.70545,38.55819],[-89.7056,38.56791],[-89.70586,38.58241],[-89.70624,38.60496],[-89.70658,38.626],[-89.70695,38.65502],[-89.68783,38.65513],[-89.62278,38.6557],[-89.5951,38.65595],[-89.59548,38.67053],[-89.59595,38.68823],[-89.59609,38.69023],[-89.59602,38.69126],[-89.59732,38.74324],[-89.54924,38.74188],[-89.52866,38.7414],[-89.51467,38.74109],[-89.50225,38.74089],[-89.48204,38.74051],[-89.41917,38.74093],[-89.37207,38.74118],[-89.28611,38.74189],[-89.28221,38.74192],[-89.27223,38.742],[-89.25418,38.74191],[-89.25418,38.74202],[-89.2448,38.7418],[-89.21524,38.74025],[-89.16508,38.73761],[-89.16363,38.73756],[-89.13839,38.73633],[-89.13828,38.76556],[-89.13814,38.82421],[-89.08838,38.82356],[-89.04916,38.82316],[-89.04724,38.82306],[-89.03063,38.82287],[-89.01416,38.82306],[-89.01379,38.82307],[-88.97646,38.82357],[-88.92092,38.82438],[-88.90277,38.82437],[-88.80764,38.82446],[-88.8076,38.82447],[-88.802,38.82454],[-88.78435,38.82484],[-88.78139,38.82488],[-88.77935,38.82491],[-88.76542,38.82515],[-88.69516,38.8263],[-88.69587,38.79113],[-88.69691,38.73783],[-88.6976,38.70856],[-88.6975,38.6943],[-88.69752,38.69337],[-88.69752,38.69214],[-88.69808,38.64975],[-88.69809,38.64959],[-88.69837,38.62982],[-88.69823,38.62505],[-88.69846,38.60606],[-88.69875,38.56225],[-88.69875,38.56219],[-88.69887,38.53328],[-88.69904,38.51983],[-88.69903,38.51136],[-88.69898,38.48835],[-88.69923,38.48774],[-88.69885,38.48701],[-88.69901,38.48369],[-88.69896,38.47491],[-88.69925,38.42297],[-88.69927,38.42078],[-88.69944,38.40167],[-88.69978,38.3869],[-88.70011,38.37189],[-88.70005,38.34275],[-88.70121,38.29867],[-88.70154,38.29849],[-88.70199,38.27876],[-88.7022,38.27193],[-88.70239,38.25666],[-88.70284,38.24288],[-88.70288,38.24155],[-88.70309,38.22736],[-88.70349,38.21263],[-88.70347,38.21217],[-88.70442,38.13976],[-88.70448,38.13601],[-88.70451,38.13325],[-88.70461,38.12519],[-88.70548,38.07082],[-88.70551,38.06782],[-88.70564,38.05619]]]}},{"type":"Feature","properties":{"name":"Shawnee MTD","boundary_type":"counties","source":"Census TIGER county","fidelity":"exact","updated":"2026-09","units":"Alexander County; Johnson County; Massac County; Pulaski County; Union County","note":"Shawnee MTD's site states it serves 'the five southernmost counties in Illinois': Alexander, Johnson, Massac, Pulaski, and Union. Source: https://shawneemtd.com/","confidence":0.9},"geometry":{"type":"Polygon","coordinates":[[[-89.51574,37.29536],[-89.51529,37.29693],[-89.5146,37.29932],[-89.51404,37.30378],[-89.51211,37.30997],[-89.51184,37.31083],[-89.51056,37.31289],[-89.5097,37.31426],[-89.50817,37.31566],[-89.49909,37.32149],[-89.49516,37.3248],[-89.49119,37.33136],[-89.48932,37.33308],[-89.48914,37.33325],[-89.489,37.33337],[-89.48652,37.33455],[-89.48421,37.33565],[-89.47457,37.33816],[-89.45472,37.33928],[-89.44756,37.34047],[-89.43604,37.34444],[-89.43284,37.34706],[-89.42974,37.35196],[-89.42944,37.35277],[-89.42818,37.35616],[-89.42204,37.38053],[-89.42105,37.38767],[-89.42132,37.39208],[-89.42246,37.39713],[-89.42459,37.40346],[-89.42594,37.40747],[-89.43413,37.42685],[-89.43977,37.4372],[-89.44349,37.44213],[-89.44565,37.44442],[-89.45097,37.45007],[-89.45457,37.45299],[-89.4712,37.46647],[-89.47552,37.47139],[-89.48212,37.48041],[-89.49205,37.49401],[-89.49769,37.50495],[-89.50023,37.51295],[-89.50292,37.51787],[-89.50746,37.52432],[-89.5124,37.52981],[-89.51645,37.53556],[-89.51705,37.53728],[-89.52109,37.5538],[-89.52192,37.56074],[-89.52173,37.56621],[-89.52152,37.57215],[-89.51891,37.57245],[-89.51382,37.57597],[-89.51154,37.57814],[-89.50953,37.57888],[-89.50508,37.5781],[-89.50236,37.578],[-89.50095,37.57724],[-89.50074,37.57551],[-89.50232,37.57409],[-89.50322,37.57245],[-89.50213,37.57055],[-89.5001,37.57001],[-89.49335,37.56973],[-89.49005,37.56793],[-89.48699,37.56707],[-89.48331,37.56749],[-89.48047,37.56607],[-89.4785,37.56398],[-89.47424,37.56209],[-89.4705,37.56217],[-89.46508,37.56441],[-89.46249,37.56663],[-89.46115,37.56855],[-89.45834,37.57413],[-89.45744,37.57523],[-89.4538,37.57814],[-89.45309,37.58011],[-89.45476,37.5864],[-89.45407,37.58805],[-89.45135,37.58964],[-89.44942,37.59147],[-89.44898,37.59553],[-89.4479,37.59798],[-89.4486,37.59882],[-89.4517,37.59913],[-89.45318,37.59998],[-89.4532,37.60009],[-89.4156,37.59974],[-89.36973,37.59958],[-89.32701,37.59968],[-89.32246,37.59968],[-89.29544,37.59925],[-89.28703,37.59932],[-89.26853,37.599],[-89.26659,37.59897],[-89.26164,37.59889],[-89.24154,37.59866],[-89.23873,37.59865],[-89.22747,37.5986],[-89.21965,37.59857],[-89.21796,37.59871],[-89.21018,37.59931],[-89.19464,37.59945],[-89.15362,37.60024],[-89.14902,37.60028],[-89.11558,37.59892],[-89.10095,37.59835],[-89.09818,37.59808],[-89.07821,37.59738],[-89.051,37.59684],[-89.0414,37.59658],[-89.03002,37.59653],[-88.99556,37.59645],[-88.97721,37.59626],[-88.94914,37.59626],[-88.93776,37.59669],[-88.92843,37.59716],[-88.92144,37.59711],[-88.9112,37.59699],[-88.87471,37.59699],[-88.87423,37.59698],[-88.87133,37.59705],[-88.84181,37.59744],[-88.83676,37.59751],[-88.81889,37.60068],[-88.77862,37.6005],[-88.76331,37.60036],[-88.71822,37.59946],[-88.70855,37.59928],[-88.70855,37.59906],[-88.709,37.55562],[-88.70933,37.53159],[-88.70963,37.5119],[-88.71063,37.42868],[-88.71074,37.42758],[-88.71072,37.4253],[-88.71057,37.40889],[-88.71069,37.39063],[-88.71055,37.38094],[-88.71074,37.33708],[-88.71072,37.33707],[-88.67435,37.30849],[-88.64301,37.28195],[-88.62978,37.27072],[-88.60225,37.24779],[-88.56199,37.21524],[-88.52903,37.18895],[-88.49033,37.15946],[-88.49012,37.07087],[-88.49047,37.06825],[-88.50429,37.06558],[-88.51436,37.06523],[-88.52144,37.06558],[-88.53158,37.06719],[-88.54587,37.07057],[-88.56462,37.07719],[-88.56647,37.07578],[-88.56684,37.0755],[-88.57325,37.08],[-88.57395,37.08291],[-88.57424,37.08416],[-88.58379,37.092],[-88.58401,37.09227],[-88.58457,37.09296],[-88.58945,37.099],[-88.59392,37.10176],[-88.60056,37.10665],[-88.60114,37.10708],[-88.60559,37.10953],[-88.61144,37.11274],[-88.6214,37.11737],[-88.62589,37.11946],[-88.62735,37.11994],[-88.6306,37.121],[-88.63078,37.12101],[-88.63081,37.12101],[-88.63089,37.12101],[-88.63798,37.12131],[-88.64487,37.12284],[-88.6763,37.13496],[-88.68539,37.13846],[-88.68777,37.13938],[-88.69398,37.14115],[-88.70255,37.14265],[-88.71367,37.14138],[-88.72022,37.14064],[-88.72055,37.1407],[-88.72344,37.14119],[-88.72679,37.14226],[-88.7321,37.14396],[-88.73377,37.14469],[-88.7379,37.1465],[-88.73794,37.14651],[-88.74018,37.14791],[-88.74245,37.14932],[-88.74606,37.15156],[-88.74789,37.15238],[-88.75307,37.1547],[-88.76536,37.16266],[-88.77595,37.16878],[-88.77947,37.17249],[-88.7837,37.17594],[-88.78695,37.17858],[-88.78966,37.18022],[-88.79737,37.18485],[-88.80572,37.18859],[-88.82093,37.1922],[-88.82164,37.19242],[-88.83035,37.19506],[-88.83505,37.19649],[-88.84012,37.19843],[-88.85002,37.20223],[-88.86953,37.20971],[-88.90391,37.22007],[-88.91618,37.22399],[-88.92299,37.22491],[-88.92794,37.22616],[-88.93406,37.22772],[-88.93437,37.22509],[-88.9344,37.22479],[-88.95315,37.22481],[-88.96602,37.22634],[-88.96946,37.22828],[-88.97471,37.22971],[-88.98326,37.22868],[-88.99236,37.22648],[-89.00097,37.2244],[-89.00593,37.22188],[-89.014,37.21609],[-89.02998,37.21114],[-89.03757,37.20393],[-89.04126,37.20288],[-89.04372,37.20081],[-89.05804,37.18877],[-89.06275,37.18523],[-89.06434,37.18404],[-89.07622,37.17513],[-89.08524,37.16679],[-89.08653,37.1656],[-89.08722,37.16461],[-89.09293,37.15644],[-89.09575,37.15039],[-89.09667,37.1462],[-89.09733,37.14475],[-89.09905,37.14097],[-89.10359,37.13212],[-89.11069,37.12205],[-89.12046,37.11349],[-89.12115,37.11279],[-89.12507,37.10881],[-89.14285,37.09902],[-89.14746,37.09891],[-89.15055,37.09376],[-89.14711,37.09163],[-89.14967,37.09001],[-89.15244,37.09003],[-89.15417,37.08879],[-89.15565,37.08773],[-89.16703,37.07537],[-89.16809,37.07422],[-89.17188,37.06818],[-89.17572,37.06207],[-89.17938,37.05301],[-89.18137,37.0463],[-89.18251,37.03728],[-89.18085,37.02684],[-89.18064,37.02618],[-89.17945,37.02243],[-89.17897,37.02093],[-89.17359,37.01141],[-89.17285,37.01041],[-89.17112,37.00807],[-89.16645,37.00334],[-89.16067,37.00005],[-89.14814,36.99162],[-89.13844,36.98509],[-89.13268,36.9822],[-89.14081,36.97942],[-89.14411,36.97913],[-89.14988,36.97764],[-89.16177,36.97277],[-89.17001,36.9703],[-89.17723,36.97089],[-89.18549,36.97352],[-89.1921,36.98],[-89.19504,36.98977],[-89.19503,37.00005],[-89.19649,37.00498],[-89.19849,37.01172],[-89.20079,37.01616],[-89.20504,37.02005],[-89.21666,37.02632],[-89.22548,37.03108],[-89.23405,37.03728],[-89.23825,37.04285],[-89.24565,37.05778],[-89.25493,37.07201],[-89.25533,37.07137],[-89.25994,37.06407],[-89.26448,37.06481],[-89.28037,37.06522],[-89.28349,37.06581],[-89.28368,37.06674],[-89.29404,37.06735],[-89.30773,37.06965],[-89.30829,37.06837],[-89.31082,37.0579],[-89.3094,37.05377],[-89.3074,37.05043],[-89.30475,37.04756],[-89.30137,37.04498],[-89.29118,37.04041],[-89.27771,37.03614],[-89.26629,37.02868],[-89.26,37.02329],[-89.25761,37.0155],[-89.26353,37.00005],[-89.26624,36.9963],[-89.26956,36.9934],[-89.2742,36.9905],[-89.27863,36.98867],[-89.29213,36.99219],[-89.31327,37.00956],[-89.31717,37.01277],[-89.32298,37.01609],[-89.33116,37.01994],[-89.346,37.02552],[-89.3624,37.03016],[-89.37828,37.03961],[-89.38164,37.04301],[-89.38394,37.04644],[-89.38468,37.04825],[-89.38543,37.05513],[-89.38519,37.05775],[-89.38506,37.05801],[-89.37889,37.0705],[-89.37661,37.07767],[-89.37571,37.08051],[-89.37561,37.08594],[-89.37871,37.09459],[-89.38417,37.10327],[-89.38805,37.10748],[-89.3903,37.10904],[-89.39343,37.1112],[-89.40745,37.11931],[-89.41173,37.12251],[-89.41447,37.12505],[-89.41966,37.13121],[-89.42558,37.13824],[-89.4352,37.15209],[-89.43827,37.16129],[-89.43835,37.1614],[-89.45409,37.18509],[-89.45434,37.18546],[-89.45528,37.18688],[-89.4561,37.18812],[-89.45747,37.19083],[-89.46186,37.19952],[-89.46268,37.20335],[-89.46763,37.2182],[-89.4675,37.22184],[-89.46597,37.22492],[-89.46515,37.22658],[-89.4583,37.24037],[-89.45798,37.24188],[-89.45783,37.24259],[-89.45825,37.24707],[-89.4587,37.24831],[-89.45883,37.24866],[-89.46069,37.25058],[-89.46266,37.25152],[-89.47052,37.25336],[-89.4792,37.25305],[-89.48873,37.25151],[-89.48991,37.25131],[-89.49639,37.25847],[-89.5023,37.26374],[-89.50677,37.26854],[-89.5139,37.27716],[-89.51703,37.28192],[-89.51834,37.2855],[-89.51839,37.28907],[-89.51839,37.28935],[-89.5179,37.29124],[-89.51769,37.29204],[-89.51574,37.29536]]]}},{"type":"Feature","properties":{"name":"SMTD Micro","boundary_type":"city","source":"Census TIGER place","fidelity":"approximate","updated":"2026-09","units":"Springfield city","note":"Evening/night on-demand zones in Springfield citywide","confidence":0.85},"geometry":{"type":"MultiPolygon","coordinates":[[[[-89.67729,39.7552],[-89.67732,39.75692],[-89.67128,39.75695],[-89.67127,39.75693],[-89.67729,39.7552]]],[[[-89.76596,39.77086],[-89.76589,39.76634],[-89.75333,39.76631],[-89.7533,39.76435],[-89.75222,39.76355],[-89.74864,39.76349],[-89.74861,39.76169],[-89.75165,39.7617],[-89.75165,39.75993],[-89.74862,39.75993],[-89.74851,39.75625],[-89.74386,39.75622],[-89.74367,39.7635],[-89.73924,39.76356],[-89.73918,39.76064],[-89.73916,39.75991],[-89.73447,39.75996],[-89.73448,39.76066],[-89.73451,39.76724],[-89.73928,39.76719],[-89.73932,39.77068],[-89.74366,39.77065],[-89.74741,39.77075],[-89.7534,39.77089],[-89.75354,39.78175],[-89.74443,39.78174],[-89.74356,39.78174],[-89.73611,39.7818],[-89.74002,39.77809],[-89.73998,39.77809],[-89.73464,39.77815],[-89.73463,39.77733],[-89.73106,39.77819],[-89.73286,39.77939],[-89.73288,39.78061],[-89.73465,39.78059],[-89.73381,39.782],[-89.73383,39.78339],[-89.73035,39.78668],[-89.72956,39.78669],[-89.72768,39.78669],[-89.72765,39.78439],[-89.72588,39.78385],[-89.72582,39.77903],[-89.72576,39.77825],[-89.72033,39.77829],[-89.72039,39.78193],[-89.7223,39.78192],[-89.72259,39.78671],[-89.7227,39.78671],[-89.72251,39.78993],[-89.72012,39.78994],[-89.72018,39.79395],[-89.71863,39.79313],[-89.71542,39.79313],[-89.71537,39.78854],[-89.71063,39.78855],[-89.71283,39.78945],[-89.71325,39.79126],[-89.71068,39.79217],[-89.71071,39.79525],[-89.71409,39.79529],[-89.71316,39.79753],[-89.71548,39.79753],[-89.71554,39.80114],[-89.71537,39.80114],[-89.7126,39.80536],[-89.71061,39.81287],[-89.70685,39.81258],[-89.70677,39.80875],[-89.70519,39.81284],[-89.70255,39.81123],[-89.70075,39.81295],[-89.70073,39.81224],[-89.70071,39.81131],[-89.6994,39.81096],[-89.69887,39.8104],[-89.69806,39.8104],[-89.69805,39.8099],[-89.69664,39.80888],[-89.69661,39.8078],[-89.69591,39.80835],[-89.69555,39.80908],[-89.69488,39.81187],[-89.69627,39.81231],[-89.69705,39.81339],[-89.7007,39.81337],[-89.70011,39.81388],[-89.69712,39.81388],[-89.69564,39.81288],[-89.69671,39.81409],[-89.69673,39.8159],[-89.69434,39.81591],[-89.6945,39.82143],[-89.69681,39.8214],[-89.69676,39.81749],[-89.69825,39.81719],[-89.69945,39.81536],[-89.70146,39.81608],[-89.70387,39.81536],[-89.70463,39.81659],[-89.71022,39.81829],[-89.70949,39.82307],[-89.70628,39.82225],[-89.70634,39.82555],[-89.7016,39.8251],[-89.70161,39.82564],[-89.69934,39.8257],[-89.69995,39.82677],[-89.69964,39.83224],[-89.69228,39.83226],[-89.69236,39.83773],[-89.68766,39.83776],[-89.68784,39.85053],[-89.67846,39.85056],[-89.67852,39.85544],[-89.68083,39.85541],[-89.68084,39.85747],[-89.67387,39.85762],[-89.673,39.85609],[-89.67095,39.8561],[-89.6714,39.85792],[-89.6667,39.85794],[-89.66719,39.85634],[-89.66908,39.85611],[-89.66895,39.84879],[-89.66444,39.84884],[-89.66169,39.8477],[-89.65822,39.84791],[-89.65997,39.84736],[-89.65932,39.84646],[-89.6604,39.84695],[-89.66414,39.84714],[-89.6641,39.84525],[-89.66195,39.84526],[-89.66305,39.8432],[-89.65927,39.84345],[-89.65994,39.84162],[-89.66056,39.83692],[-89.65926,39.83648],[-89.66255,39.83464],[-89.66396,39.83408],[-89.66412,39.83402],[-89.66679,39.83301],[-89.66678,39.83247],[-89.67805,39.82846],[-89.68277,39.8268],[-89.6827,39.82234],[-89.67799,39.82238],[-89.678,39.82329],[-89.6753,39.82329],[-89.67318,39.82077],[-89.67317,39.81996],[-89.67614,39.8199],[-89.67623,39.81934],[-89.67472,39.81935],[-89.67473,39.8188],[-89.67315,39.8188],[-89.66858,39.81885],[-89.66873,39.82554],[-89.66384,39.82704],[-89.66383,39.82674],[-89.66145,39.82678],[-89.66026,39.82647],[-89.65905,39.8272],[-89.65428,39.82719],[-89.65433,39.83075],[-89.65311,39.83076],[-89.65325,39.83259],[-89.65382,39.83331],[-89.65132,39.83345],[-89.65131,39.83261],[-89.65251,39.83288],[-89.65249,39.83154],[-89.65288,39.83086],[-89.64467,39.83086],[-89.63365,39.83109],[-89.63326,39.83109],[-89.62935,39.83512],[-89.62989,39.83534],[-89.63205,39.83668],[-89.63237,39.83554],[-89.63434,39.8358],[-89.6336,39.83602],[-89.63488,39.83666],[-89.63198,39.83714],[-89.62917,39.83614],[-89.6286,39.83594],[-89.62387,39.84117],[-89.62319,39.84203],[-89.62385,39.84201],[-89.62432,39.842],[-89.62854,39.83835],[-89.6317,39.83832],[-89.63164,39.83954],[-89.63035,39.83955],[-89.63039,39.84199],[-89.6315,39.84197],[-89.6313,39.84521],[-89.63045,39.84566],[-89.62595,39.8457],[-89.62597,39.84745],[-89.62763,39.84743],[-89.62762,39.8465],[-89.63056,39.84702],[-89.63058,39.85247],[-89.63366,39.85242],[-89.63264,39.84721],[-89.63323,39.84562],[-89.63221,39.84562],[-89.6359,39.84438],[-89.64299,39.8436],[-89.64292,39.84177],[-89.64968,39.84171],[-89.65263,39.8428],[-89.653,39.84228],[-89.65393,39.84223],[-89.65355,39.84641],[-89.65219,39.84726],[-89.64978,39.8473],[-89.6498,39.84901],[-89.64497,39.84909],[-89.64505,39.85272],[-89.66423,39.8525],[-89.66425,39.85473],[-89.66003,39.85476],[-89.65952,39.85617],[-89.65475,39.8562],[-89.65478,39.85759],[-89.64849,39.85764],[-89.6519,39.85805],[-89.65199,39.85985],[-89.65012,39.85986],[-89.65013,39.86172],[-89.64919,39.86173],[-89.64906,39.85865],[-89.64532,39.85869],[-89.64533,39.85986],[-89.64827,39.8598],[-89.64826,39.86071],[-89.64652,39.86073],[-89.64651,39.86395],[-89.64527,39.86395],[-89.64522,39.86028],[-89.64134,39.85995],[-89.64069,39.86092],[-89.64176,39.86216],[-89.64225,39.86523],[-89.64059,39.86825],[-89.64078,39.86974],[-89.64184,39.87009],[-89.6441,39.86846],[-89.6467,39.86801],[-89.64853,39.86882],[-89.65151,39.8718],[-89.65423,39.87087],[-89.6543,39.8738],[-89.6315,39.87401],[-89.63131,39.87401],[-89.63116,39.87401],[-89.63078,39.87401],[-89.61652,39.87424],[-89.61625,39.87408],[-89.61598,39.87229],[-89.61438,39.87061],[-89.61396,39.87034],[-89.61394,39.8676],[-89.61379,39.86215],[-89.61432,39.86059],[-89.61521,39.8604],[-89.61488,39.86217],[-89.61611,39.86219],[-89.61615,39.86403],[-89.62088,39.86394],[-89.62085,39.86031],[-89.61611,39.86035],[-89.61606,39.85827],[-89.6187,39.85826],[-89.6178,39.85711],[-89.61893,39.85521],[-89.61799,39.85527],[-89.61838,39.85506],[-89.62112,39.85326],[-89.62302,39.85202],[-89.62212,39.85122],[-89.62078,39.85209],[-89.62082,39.85301],[-89.61742,39.85247],[-89.61714,39.85531],[-89.61424,39.85528],[-89.61497,39.85375],[-89.61702,39.85187],[-89.61573,39.85116],[-89.61402,39.85301],[-89.61435,39.85167],[-89.61281,39.85164],[-89.61136,39.85296],[-89.61135,39.8508],[-89.60903,39.85061],[-89.60901,39.84961],[-89.61125,39.84927],[-89.61208,39.8477],[-89.60651,39.84746],[-89.60655,39.84553],[-89.60431,39.84549],[-89.60624,39.84607],[-89.60434,39.8465],[-89.60468,39.84922],[-89.60632,39.84923],[-89.6066,39.85202],[-89.60667,39.85648],[-89.6043,39.85642],[-89.60424,39.85279],[-89.60188,39.85273],[-89.60185,39.85097],[-89.60421,39.85098],[-89.60417,39.84914],[-89.60182,39.8491],[-89.60177,39.84555],[-89.59711,39.84549],[-89.59716,39.85266],[-89.59709,39.85327],[-89.5953,39.85332],[-89.59445,39.84608],[-89.59292,39.83624],[-89.59217,39.83696],[-89.59234,39.85335],[-89.58773,39.85343],[-89.58772,39.84627],[-89.59032,39.84524],[-89.59189,39.84611],[-89.59175,39.83865],[-89.59213,39.83699],[-89.58747,39.84126],[-89.58744,39.83875],[-89.58543,39.83879],[-89.58541,39.83975],[-89.58265,39.83948],[-89.57742,39.83952],[-89.57322,39.83897],[-89.57326,39.8423],[-89.56854,39.84268],[-89.56851,39.83945],[-89.57165,39.83898],[-89.5732,39.83761],[-89.57317,39.8353],[-89.57791,39.83526],[-89.57784,39.8316],[-89.58259,39.83145],[-89.58257,39.83037],[-89.59216,39.82765],[-89.59192,39.82401],[-89.59196,39.82401],[-89.59281,39.8095],[-89.59342,39.80949],[-89.59632,39.80948],[-89.5966,39.81088],[-89.60135,39.81089],[-89.60049,39.80758],[-89.59883,39.80555],[-89.60118,39.80548],[-89.60115,39.80308],[-89.59794,39.80247],[-89.5964,39.8038],[-89.59528,39.80451],[-89.59417,39.80633],[-89.59388,39.80628],[-89.59294,39.80313],[-89.59161,39.80249],[-89.58782,39.80356],[-89.58749,39.8031],[-89.58978,39.80212],[-89.5868,39.80224],[-89.58681,39.79417],[-89.58248,39.79357],[-89.58333,39.79243],[-89.5832,39.79223],[-89.58279,39.79182],[-89.58267,39.7916],[-89.58269,39.79136],[-89.58292,39.79117],[-89.58317,39.79104],[-89.58351,39.791],[-89.58507,39.79087],[-89.58821,39.78888],[-89.58972,39.79028],[-89.58681,39.79027],[-89.58681,39.79373],[-89.58926,39.79489],[-89.5962,39.79495],[-89.5964,39.79568],[-89.59764,39.79103],[-89.59703,39.78759],[-89.59666,39.78759],[-89.59676,39.78569],[-89.59672,39.78453],[-89.59665,39.78075],[-89.60058,39.78242],[-89.60326,39.78346],[-89.60334,39.78149],[-89.60503,39.77881],[-89.60768,39.77882],[-89.60757,39.77292],[-89.60305,39.77303],[-89.59789,39.77318],[-89.59784,39.77036],[-89.59422,39.77045],[-89.59397,39.76599],[-89.59302,39.76601],[-89.59301,39.76536],[-89.58398,39.76549],[-89.58403,39.76915],[-89.57879,39.76922],[-89.57876,39.76599],[-89.57755,39.76561],[-89.56944,39.76554],[-89.56935,39.75829],[-89.57371,39.75833],[-89.57383,39.76153],[-89.57218,39.76248],[-89.57398,39.76247],[-89.57397,39.76098],[-89.57568,39.76057],[-89.57455,39.75948],[-89.57602,39.75831],[-89.57424,39.75833],[-89.57435,39.7535],[-89.57206,39.75346],[-89.57197,39.75565],[-89.57048,39.7555],[-89.57134,39.75367],[-89.57041,39.75301],[-89.57856,39.75283],[-89.57853,39.75097],[-89.58798,39.75091],[-89.58796,39.74984],[-89.58571,39.74987],[-89.5857,39.74789],[-89.58794,39.74786],[-89.58776,39.74436],[-89.58729,39.74367],[-89.57846,39.74374],[-89.57377,39.74374],[-89.57373,39.74162],[-89.57841,39.74156],[-89.5782,39.73643],[-89.57186,39.73612],[-89.57362,39.73615],[-89.57355,39.73287],[-89.57833,39.73284],[-89.57925,39.73163],[-89.57825,39.73047],[-89.58071,39.72886],[-89.5802,39.72644],[-89.57839,39.72748],[-89.57661,39.72791],[-89.57559,39.72785],[-89.5767,39.72681],[-89.57581,39.72617],[-89.57579,39.72439],[-89.57713,39.72411],[-89.57822,39.72352],[-89.57949,39.72297],[-89.57876,39.72176],[-89.57806,39.72106],[-89.57803,39.71974],[-89.57796,39.71646],[-89.58219,39.71646],[-89.58239,39.71635],[-89.58265,39.71622],[-89.58262,39.71465],[-89.58461,39.71461],[-89.58723,39.71173],[-89.58712,39.70407],[-89.59208,39.70414],[-89.59206,39.7005],[-89.59317,39.69968],[-89.59201,39.69918],[-89.59197,39.69682],[-89.59667,39.69662],[-89.60051,39.69285],[-89.60313,39.69481],[-89.60326,39.69271],[-89.60601,39.69253],[-89.60605,39.69441],[-89.6093,39.69427],[-89.60933,39.69238],[-89.61073,39.69233],[-89.61067,39.68868],[-89.6154,39.68864],[-89.61679,39.69004],[-89.61679,39.69225],[-89.62042,39.69249],[-89.62172,39.69254],[-89.62452,39.69255],[-89.62501,39.68993],[-89.62242,39.68995],[-89.6224,39.68909],[-89.625,39.68908],[-89.625,39.68897],[-89.6224,39.68898],[-89.62236,39.6863],[-89.62153,39.6863],[-89.62151,39.68501],[-89.62493,39.68498],[-89.62493,39.68467],[-89.62866,39.68861],[-89.62978,39.68698],[-89.63251,39.68697],[-89.63431,39.68115],[-89.63436,39.68711],[-89.63496,39.68814],[-89.63436,39.68965],[-89.6334,39.68941],[-89.63331,39.69045],[-89.63509,39.69064],[-89.63527,39.68948],[-89.63921,39.68994],[-89.64029,39.68844],[-89.63696,39.6891],[-89.63652,39.68309],[-89.63899,39.6829],[-89.63889,39.67742],[-89.64344,39.67735],[-89.64607,39.67731],[-89.6464,39.6773],[-89.64801,39.67728],[-89.65298,39.67754],[-89.6577,39.67706],[-89.65863,39.67521],[-89.66104,39.67517],[-89.66122,39.67332],[-89.6612,39.67057],[-89.66052,39.6706],[-89.66056,39.66995],[-89.65772,39.67002],[-89.65769,39.67065],[-89.65767,39.67111],[-89.65528,39.66978],[-89.6529,39.66983],[-89.65285,39.66706],[-89.6552,39.66701],[-89.65641,39.6661],[-89.65629,39.65877],[-89.6588,39.65936],[-89.65862,39.65691],[-89.65981,39.65688],[-89.65976,39.65485],[-89.6614,39.65443],[-89.65974,39.65421],[-89.65973,39.65323],[-89.66399,39.65316],[-89.66329,39.65363],[-89.6633,39.65499],[-89.66564,39.65495],[-89.6658,39.6586],[-89.66458,39.65861],[-89.66461,39.66045],[-89.66697,39.6604],[-89.66108,39.66143],[-89.66115,39.666],[-89.66351,39.66693],[-89.66352,39.66785],[-89.66529,39.66777],[-89.66531,39.66957],[-89.66711,39.66954],[-89.66711,39.66942],[-89.66854,39.66942],[-89.66714,39.67273],[-89.66715,39.67421],[-89.66965,39.67503],[-89.67666,39.67502],[-89.67666,39.67685],[-89.66855,39.67684],[-89.66793,39.67664],[-89.66718,39.67788],[-89.66483,39.67864],[-89.6648,39.67983],[-89.66608,39.68055],[-89.6672,39.68054],[-89.6767,39.6805],[-89.67674,39.68418],[-89.68149,39.68415],[-89.68149,39.68462],[-89.68157,39.6915],[-89.66735,39.69149],[-89.66069,39.69155],[-89.65846,39.69153],[-89.6585,39.69246],[-89.65321,39.69223],[-89.65085,39.69182],[-89.65093,39.69539],[-89.65329,39.69535],[-89.65334,39.6971],[-89.65804,39.69701],[-89.65806,39.69792],[-89.66745,39.69775],[-89.66747,39.69865],[-89.67196,39.69859],[-89.67372,39.69857],[-89.67466,39.70059],[-89.67576,39.70057],[-89.67585,39.7022],[-89.67589,39.70456],[-89.67916,39.70452],[-89.67914,39.70368],[-89.68104,39.70365],[-89.68103,39.70327],[-89.6811,39.7011],[-89.69037,39.70036],[-89.69149,39.69833],[-89.69192,39.69837],[-89.69569,39.69109],[-89.69652,39.68937],[-89.69997,39.68934],[-89.70008,39.69297],[-89.70488,39.69295],[-89.70498,39.6983],[-89.70507,39.70548],[-89.70476,39.70549],[-89.70402,39.70548],[-89.70281,39.70775],[-89.70298,39.71086],[-89.70477,39.71089],[-89.7051,39.7109],[-89.70505,39.71299],[-89.70473,39.71299],[-89.70503,39.71454],[-89.70503,39.71467],[-89.70659,39.71442],[-89.70663,39.71534],[-89.71946,39.7154],[-89.71944,39.71452],[-89.72811,39.71461],[-89.72889,39.71518],[-89.72894,39.71992],[-89.73844,39.71984],[-89.73851,39.72349],[-89.72427,39.72364],[-89.72431,39.72608],[-89.72195,39.72726],[-89.72197,39.72911],[-89.72437,39.7291],[-89.7244,39.73091],[-89.72915,39.73086],[-89.72929,39.73817],[-89.72459,39.73821],[-89.72,39.73993],[-89.71984,39.74173],[-89.71985,39.74219],[-89.71296,39.74419],[-89.71039,39.74405],[-89.7104,39.74541],[-89.7059,39.7467],[-89.70313,39.74529],[-89.70241,39.74314],[-89.69956,39.74219],[-89.69594,39.74221],[-89.69604,39.74952],[-89.69053,39.7511],[-89.68663,39.75113],[-89.68661,39.74957],[-89.67721,39.7496],[-89.6773,39.7549],[-89.67009,39.75695],[-89.66809,39.75696],[-89.66821,39.76345],[-89.66833,39.76345],[-89.67128,39.76398],[-89.67515,39.76346],[-89.67511,39.76151],[-89.67376,39.7605],[-89.67733,39.76078],[-89.67734,39.75816],[-89.67324,39.75834],[-89.67733,39.75697],[-89.67964,39.75696],[-89.68448,39.75693],[-89.68445,39.75515],[-89.68668,39.75514],[-89.68665,39.75251],[-89.70247,39.74797],[-89.7059,39.74699],[-89.71335,39.745],[-89.71503,39.7448],[-89.71987,39.74335],[-89.71993,39.74708],[-89.72001,39.75302],[-89.73123,39.75063],[-89.73134,39.75067],[-89.73158,39.75074],[-89.72773,39.75164],[-89.72786,39.75543],[-89.73003,39.7554],[-89.72982,39.75153],[-89.73302,39.75166],[-89.73429,39.75287],[-89.73427,39.75158],[-89.73879,39.7519],[-89.73891,39.74903],[-89.75237,39.7459],[-89.7524,39.74805],[-89.75007,39.74979],[-89.75275,39.75042],[-89.75469,39.74902],[-89.75981,39.74903],[-89.7605,39.75021],[-89.75988,39.75206],[-89.75994,39.75633],[-89.76605,39.75667],[-89.7642,39.75875],[-89.76423,39.76063],[-89.76475,39.76195],[-89.76674,39.76333],[-89.76671,39.76147],[-89.77201,39.76143],[-89.77213,39.76772],[-89.77075,39.76773],[-89.77075,39.77081],[-89.76596,39.77086]],[[-89.72754,39.71993],[-89.72749,39.71708],[-89.72435,39.7173],[-89.72513,39.71765],[-89.72477,39.71831],[-89.72585,39.71935],[-89.72634,39.71993],[-89.7257,39.71994],[-89.72563,39.72142],[-89.72668,39.72283],[-89.72899,39.72282],[-89.72894,39.71992],[-89.72754,39.71993]],[[-89.71481,39.72339],[-89.7148,39.72251],[-89.71921,39.7225],[-89.71952,39.7207],[-89.72103,39.72136],[-89.72097,39.71994],[-89.71232,39.71993],[-89.71236,39.72341],[-89.71481,39.72339]],[[-89.71569,39.78452],[-89.71567,39.78346],[-89.71365,39.7835],[-89.71366,39.78455],[-89.71569,39.78452]],[[-89.71566,39.78326],[-89.71563,39.78183],[-89.71358,39.78188],[-89.71361,39.78329],[-89.71566,39.78326]],[[-89.70872,39.7422],[-89.71126,39.7421],[-89.7119,39.74201],[-89.71511,39.74189],[-89.71504,39.73816],[-89.70791,39.73815],[-89.7081,39.73996],[-89.70872,39.7422]],[[-89.7111,39.76839],[-89.71324,39.7674],[-89.71323,39.76618],[-89.71202,39.76523],[-89.71142,39.76523],[-89.7111,39.76839]],[[-89.70835,39.72067],[-89.70841,39.72343],[-89.71127,39.72341],[-89.71125,39.72114],[-89.71197,39.72103],[-89.71197,39.71993],[-89.70702,39.71996],[-89.70703,39.7207],[-89.70835,39.72067]],[[-89.70556,39.72001],[-89.70529,39.72003],[-89.70529,39.72011],[-89.70556,39.72001]],[[-89.70464,39.72017],[-89.69844,39.72026],[-89.69829,39.71869],[-89.70146,39.71652],[-89.69542,39.71206],[-89.69062,39.71214],[-89.6906,39.71033],[-89.68825,39.71037],[-89.68602,39.7082],[-89.68308,39.70932],[-89.68281,39.71172],[-89.67912,39.71167],[-89.67762,39.71255],[-89.68139,39.71255],[-89.68141,39.71408],[-89.68244,39.71447],[-89.68129,39.71493],[-89.67377,39.71497],[-89.67315,39.71861],[-89.67203,39.71862],[-89.67194,39.7132],[-89.67099,39.71427],[-89.66821,39.71429],[-89.6673,39.7135],[-89.66714,39.70962],[-89.66159,39.70797],[-89.66163,39.70584],[-89.66323,39.70569],[-89.66291,39.70396],[-89.65775,39.70394],[-89.65926,39.70507],[-89.65777,39.70509],[-89.65778,39.70592],[-89.65902,39.70591],[-89.6592,39.70611],[-89.65927,39.70649],[-89.65915,39.70649],[-89.65944,39.70798],[-89.66011,39.7081],[-89.66015,39.7103],[-89.65571,39.70923],[-89.65572,39.70619],[-89.64648,39.70631],[-89.64733,39.70462],[-89.64846,39.70458],[-89.64732,39.70392],[-89.64848,39.70358],[-89.64489,39.70324],[-89.64381,39.70419],[-89.64212,39.70478],[-89.64284,39.70641],[-89.64172,39.70643],[-89.64174,39.70766],[-89.64391,39.70761],[-89.64438,39.70931],[-89.64612,39.71087],[-89.6463,39.71246],[-89.64965,39.71196],[-89.64967,39.71357],[-89.65325,39.71353],[-89.65329,39.71716],[-89.6486,39.71726],[-89.64856,39.71453],[-89.64715,39.71679],[-89.64477,39.7189],[-89.64464,39.7247],[-89.64591,39.72707],[-89.64598,39.72895],[-89.6448,39.73142],[-89.64493,39.73895],[-89.64893,39.7421],[-89.64886,39.73545],[-89.64921,39.73397],[-89.65351,39.73391],[-89.65346,39.72787],[-89.6581,39.72787],[-89.65832,39.74266],[-89.6608,39.74249],[-89.66701,39.74239],[-89.66347,39.74885],[-89.66129,39.7528],[-89.66186,39.75344],[-89.66777,39.75331],[-89.66771,39.74885],[-89.66769,39.74237],[-89.67709,39.74233],[-89.67709,39.74201],[-89.67703,39.73867],[-89.68949,39.73785],[-89.69043,39.73628],[-89.69064,39.73564],[-89.69076,39.73564],[-89.69343,39.73487],[-89.70528,39.73477],[-89.70529,39.72906],[-89.70474,39.72182],[-89.70532,39.72181],[-89.70529,39.72011],[-89.70464,39.72017]],[[-89.70227,39.80674],[-89.70226,39.80584],[-89.70132,39.80585],[-89.70133,39.80676],[-89.70227,39.80674]],[[-89.69787,39.77865],[-89.69789,39.77818],[-89.69765,39.77818],[-89.69766,39.77865],[-89.69787,39.77865]],[[-89.68609,39.77473],[-89.68616,39.77379],[-89.68583,39.77391],[-89.68562,39.77318],[-89.68605,39.77254],[-89.68588,39.7721],[-89.68606,39.772],[-89.68691,39.77199],[-89.68693,39.77144],[-89.68692,39.77088],[-89.68691,39.76938],[-89.68686,39.76412],[-89.68677,39.76412],[-89.67905,39.76418],[-89.67868,39.76305],[-89.67391,39.76416],[-89.6726,39.7645],[-89.66864,39.76552],[-89.67066,39.76691],[-89.6682,39.76688],[-89.66824,39.76875],[-89.67168,39.76862],[-89.67078,39.77106],[-89.67128,39.77105],[-89.67129,39.77156],[-89.67346,39.77154],[-89.67345,39.7711],[-89.67377,39.7711],[-89.67378,39.77154],[-89.67452,39.77153],[-89.67452,39.77103],[-89.67756,39.771],[-89.67759,39.77151],[-89.6822,39.77148],[-89.68211,39.77435],[-89.67755,39.77409],[-89.67759,39.77698],[-89.67292,39.77702],[-89.67127,39.77704],[-89.67291,39.77743],[-89.67291,39.77729],[-89.67376,39.78248],[-89.67768,39.78248],[-89.67925,39.78243],[-89.67923,39.78134],[-89.6814,39.78231],[-89.68067,39.78234],[-89.6807,39.7838],[-89.68238,39.78378],[-89.68242,39.78683],[-89.687,39.78681],[-89.68693,39.78237],[-89.68936,39.78236],[-89.68936,39.78145],[-89.68832,39.78104],[-89.68831,39.78043],[-89.6877,39.78032],[-89.6877,39.78104],[-89.68699,39.78104],[-89.68698,39.78023],[-89.68695,39.77923],[-89.69084,39.77867],[-89.69648,39.77866],[-89.69643,39.77504],[-89.68692,39.77506],[-89.68691,39.77475],[-89.68609,39.77473]],[[-89.6828,39.82889],[-89.68458,39.82922],[-89.6846,39.83051],[-89.68672,39.83048],[-89.68755,39.8307],[-89.68903,39.83104],[-89.68904,39.83046],[-89.69226,39.83043],[-89.69219,39.82682],[-89.68747,39.82686],[-89.68751,39.82865],[-89.6828,39.82889]],[[-89.68728,39.82319],[-89.68882,39.82315],[-89.69072,39.82299],[-89.69212,39.822],[-89.69206,39.81834],[-89.69117,39.82094],[-89.68721,39.82051],[-89.68728,39.82319]],[[-89.68736,39.82471],[-89.68733,39.82411],[-89.685,39.82413],[-89.68514,39.82576],[-89.68736,39.82471]],[[-89.6777,39.8091],[-89.67765,39.80703],[-89.67564,39.80704],[-89.67581,39.80854],[-89.67431,39.80806],[-89.67424,39.807],[-89.66842,39.80699],[-89.6685,39.81314],[-89.66965,39.81263],[-89.67077,39.81421],[-89.67544,39.81245],[-89.67785,39.81213],[-89.67786,39.81322],[-89.6802,39.81349],[-89.67876,39.81602],[-89.68315,39.81608],[-89.68057,39.81355],[-89.67784,39.81197],[-89.67655,39.80899],[-89.6777,39.8091]],[[-89.67857,39.80631],[-89.67858,39.80709],[-89.6796,39.80739],[-89.67959,39.80698],[-89.68012,39.80698],[-89.68012,39.80663],[-89.67917,39.80657],[-89.67917,39.80616],[-89.67857,39.80631]],[[-89.6774,39.76312],[-89.67739,39.7618],[-89.67535,39.76181],[-89.67536,39.7636],[-89.6774,39.76312]],[[-89.66365,39.7657],[-89.6604,39.76622],[-89.65958,39.76601],[-89.6592,39.76643],[-89.65921,39.76722],[-89.65877,39.76722],[-89.65878,39.76792],[-89.65747,39.76847],[-89.65432,39.77016],[-89.65411,39.7703],[-89.65376,39.77052],[-89.65355,39.77067],[-89.65309,39.77086],[-89.65299,39.7709],[-89.6532,39.76972],[-89.65336,39.76946],[-89.65302,39.76942],[-89.65274,39.771],[-89.65262,39.77104],[-89.65181,39.77192],[-89.65278,39.7719],[-89.6579,39.7718],[-89.65789,39.77086],[-89.6586,39.77085],[-89.65961,39.7702],[-89.65939,39.77177],[-89.66677,39.77161],[-89.66691,39.77161],[-89.66799,39.76653],[-89.66598,39.76572],[-89.66367,39.76629],[-89.66365,39.7657]],[[-89.66071,39.68434],[-89.66463,39.68425],[-89.66483,39.68411],[-89.66481,39.68058],[-89.66006,39.68069],[-89.66015,39.68435],[-89.66071,39.68434]],[[-89.66131,39.83875],[-89.66247,39.83894],[-89.66398,39.83796],[-89.66396,39.83661],[-89.66238,39.83574],[-89.66241,39.83796],[-89.66131,39.83875]],[[-89.65382,39.75174],[-89.65378,39.74881],[-89.65363,39.74277],[-89.65353,39.74277],[-89.6535,39.74037],[-89.65275,39.73924],[-89.6507,39.7394],[-89.65075,39.74205],[-89.6511,39.74283],[-89.65115,39.74353],[-89.64899,39.7431],[-89.64906,39.74902],[-89.64808,39.75007],[-89.64815,39.75372],[-89.64533,39.75377],[-89.64763,39.75287],[-89.64445,39.75263],[-89.64422,39.75013],[-89.63972,39.7502],[-89.63976,39.75213],[-89.64154,39.7521],[-89.64205,39.7557],[-89.64401,39.75567],[-89.64398,39.75383],[-89.64607,39.75425],[-89.64459,39.75453],[-89.64461,39.75571],[-89.64648,39.75568],[-89.64705,39.75703],[-89.64823,39.75745],[-89.64827,39.75936],[-89.64839,39.75936],[-89.64841,39.76053],[-89.65125,39.76046],[-89.65115,39.76136],[-89.64846,39.76144],[-89.6484,39.76451],[-89.65232,39.76443],[-89.65405,39.76412],[-89.6551,39.76358],[-89.65695,39.76044],[-89.65714,39.76009],[-89.66068,39.75346],[-89.6557,39.75357],[-89.65566,39.7517],[-89.65382,39.75174]],[[-89.65171,39.70612],[-89.65352,39.70609],[-89.65354,39.70426],[-89.653,39.70461],[-89.65164,39.70495],[-89.65171,39.70612]],[[-89.64899,39.6827],[-89.64847,39.68452],[-89.65089,39.68453],[-89.65107,39.68081],[-89.64897,39.68081],[-89.64815,39.68082],[-89.64899,39.6827]],[[-89.63999,39.75745],[-89.63979,39.75386],[-89.63305,39.75394],[-89.63311,39.75633],[-89.6356,39.75629],[-89.63563,39.75739],[-89.63712,39.7575],[-89.6298,39.75764],[-89.62978,39.75773],[-89.62903,39.76128],[-89.62914,39.76514],[-89.63012,39.76493],[-89.6301,39.767],[-89.63024,39.767],[-89.64032,39.7664],[-89.64032,39.76637],[-89.63787,39.76629],[-89.63777,39.76486],[-89.64204,39.76479],[-89.64009,39.76464],[-89.63998,39.76425],[-89.63983,39.75745],[-89.63999,39.75745]],[[-89.63668,39.70394],[-89.63429,39.70399],[-89.63438,39.7065],[-89.63905,39.70649],[-89.63993,39.70647],[-89.6414,39.70635],[-89.64136,39.70282],[-89.64194,39.70098],[-89.64134,39.70176],[-89.63666,39.70183],[-89.63668,39.70394]],[[-89.63824,39.69071],[-89.63921,39.69116],[-89.63926,39.69102],[-89.63936,39.691],[-89.63936,39.69112],[-89.63932,39.6913],[-89.63923,39.69158],[-89.63913,39.69179],[-89.63916,39.69201],[-89.63931,39.69216],[-89.64053,39.69166],[-89.64013,39.69037],[-89.63994,39.69002],[-89.63852,39.69005],[-89.63824,39.69071]],[[-89.62718,39.85301],[-89.62718,39.85312],[-89.62719,39.85665],[-89.63059,39.85661],[-89.63062,39.85843],[-89.6337,39.8584],[-89.63404,39.85542],[-89.63364,39.85293],[-89.62718,39.85296],[-89.62718,39.85301]],[[-89.63061,39.77037],[-89.63061,39.77069],[-89.63027,39.77069],[-89.62919,39.7704],[-89.62906,39.76968],[-89.6288,39.76969],[-89.62879,39.76939],[-89.62922,39.76938],[-89.6291,39.76923],[-89.62909,39.76866],[-89.62907,39.76746],[-89.62901,39.76533],[-89.62823,39.76587],[-89.62826,39.76505],[-89.62772,39.76729],[-89.62335,39.76914],[-89.62138,39.77251],[-89.62202,39.7725],[-89.62205,39.77369],[-89.62215,39.77704],[-89.62277,39.77715],[-89.62777,39.77701],[-89.62769,39.77387],[-89.62771,39.77235],[-89.63129,39.77171],[-89.63257,39.77214],[-89.63116,39.77068],[-89.63088,39.77037],[-89.63061,39.77037]],[[-89.62216,39.74693],[-89.62083,39.74763],[-89.62107,39.74885],[-89.61741,39.75006],[-89.6172,39.75007],[-89.61655,39.75042],[-89.61663,39.75355],[-89.61934,39.75268],[-89.62173,39.75349],[-89.62183,39.75349],[-89.62183,39.75398],[-89.62173,39.75398],[-89.62174,39.75423],[-89.62115,39.75425],[-89.61664,39.75446],[-89.61666,39.75594],[-89.61927,39.75665],[-89.61977,39.75786],[-89.62955,39.75735],[-89.6299,39.75569],[-89.63039,39.75465],[-89.63043,39.74778],[-89.62566,39.74689],[-89.62238,39.74719],[-89.62216,39.74693]],[[-89.62588,39.71405],[-89.62803,39.71392],[-89.62967,39.71196],[-89.62964,39.70996],[-89.62505,39.70863],[-89.62514,39.71408],[-89.62588,39.71405]],[[-89.626,39.68964],[-89.62788,39.68922],[-89.62786,39.68816],[-89.62652,39.68817],[-89.62659,39.68849],[-89.626,39.68964]],[[-89.6217,39.69379],[-89.62175,39.69379],[-89.62261,39.69542],[-89.62614,39.6933],[-89.62491,39.6924],[-89.62323,39.69348],[-89.62179,39.69346],[-89.6217,39.69379]],[[-89.62194,39.81079],[-89.62045,39.81182],[-89.61975,39.81073],[-89.62172,39.81079],[-89.6209,39.80925],[-89.618,39.80927],[-89.61798,39.80794],[-89.61546,39.80797],[-89.6154,39.80203],[-89.61539,39.80192],[-89.61671,39.8019],[-89.61666,39.79927],[-89.61774,39.79926],[-89.61664,39.79713],[-89.61534,39.79714],[-89.61534,39.79629],[-89.61604,39.79629],[-89.61604,39.79607],[-89.61665,39.79606],[-89.61664,39.79479],[-89.6153,39.79479],[-89.61529,39.79471],[-89.61294,39.79472],[-89.61075,39.79652],[-89.60641,39.79798],[-89.61112,39.79793],[-89.6143,39.80055],[-89.61309,39.80201],[-89.61479,39.80201],[-89.61306,39.80297],[-89.61091,39.80291],[-89.61084,39.80515],[-89.61078,39.802],[-89.60606,39.80202],[-89.60606,39.80273],[-89.60207,39.80368],[-89.60141,39.80565],[-89.60145,39.80882],[-89.60247,39.80744],[-89.60335,39.80924],[-89.6057,39.80926],[-89.60578,39.81012],[-89.60697,39.81013],[-89.60636,39.80751],[-89.61087,39.80711],[-89.61088,39.80807],[-89.61371,39.80818],[-89.61218,39.80829],[-89.61276,39.80869],[-89.61265,39.81005],[-89.61091,39.81013],[-89.61091,39.81091],[-89.61156,39.81091],[-89.61374,39.81092],[-89.61103,39.81167],[-89.6127,39.8155],[-89.60541,39.81881],[-89.60526,39.82],[-89.60518,39.81893],[-89.60325,39.81952],[-89.60331,39.82157],[-89.60051,39.82154],[-89.59982,39.82536],[-89.59681,39.82641],[-89.5968,39.82731],[-89.59687,39.83142],[-89.59671,39.83234],[-89.59398,39.83498],[-89.59459,39.83498],[-89.59566,39.83388],[-89.59674,39.83304],[-89.60476,39.83258],[-89.60131,39.83262],[-89.60135,39.83123],[-89.60304,39.83117],[-89.60319,39.83074],[-89.60345,39.82905],[-89.60489,39.82907],[-89.60487,39.82974],[-89.60549,39.82974],[-89.6055,39.83091],[-89.60574,39.83103],[-89.60604,39.83258],[-89.60585,39.83555],[-89.60713,39.83478],[-89.60914,39.83477],[-89.60721,39.83321],[-89.60717,39.83225],[-89.6083,39.83327],[-89.60981,39.83327],[-89.6098,39.83115],[-89.6089,39.83165],[-89.60849,39.83112],[-89.60661,39.83102],[-89.60609,39.83103],[-89.60532,39.82478],[-89.61101,39.82385],[-89.61096,39.82264],[-89.61875,39.82059],[-89.62194,39.81972],[-89.62482,39.81894],[-89.62504,39.81802],[-89.62502,39.81647],[-89.62499,39.81342],[-89.62497,39.81076],[-89.62194,39.81079]],[[-89.62169,39.69308],[-89.62184,39.69311],[-89.62186,39.693],[-89.62182,39.69297],[-89.62175,39.693],[-89.62169,39.69308]],[[-89.61624,39.73997],[-89.61625,39.7411],[-89.61628,39.74355],[-89.62098,39.74341],[-89.62085,39.73612],[-89.61618,39.73626],[-89.61622,39.73827],[-89.61624,39.73997]],[[-89.61835,39.76978],[-89.62055,39.7697],[-89.62055,39.76891],[-89.61828,39.76898],[-89.61828,39.76938],[-89.61835,39.76978]],[[-89.6169,39.77814],[-89.61822,39.77809],[-89.61839,39.77752],[-89.61905,39.77628],[-89.6174,39.77628],[-89.61685,39.77629],[-89.61682,39.77425],[-89.61878,39.77358],[-89.61831,39.7726],[-89.61818,39.7726],[-89.6175,39.77263],[-89.61468,39.77271],[-89.61368,39.77251],[-89.61363,39.76995],[-89.60791,39.77007],[-89.6079,39.77224],[-89.60796,39.77422],[-89.61101,39.77497],[-89.60987,39.77769],[-89.61456,39.77783],[-89.61459,39.78001],[-89.61693,39.77992],[-89.61687,39.77721],[-89.6169,39.77814]],[[-89.61377,39.75074],[-89.61406,39.7497],[-89.6162,39.749],[-89.61181,39.74916],[-89.61182,39.75092],[-89.61377,39.75074]],[[-89.61351,39.74352],[-89.61236,39.74356],[-89.61486,39.74477],[-89.61619,39.74334],[-89.61441,39.74278],[-89.61291,39.74295],[-89.61351,39.74352]],[[-89.61447,39.6923],[-89.61447,39.69221],[-89.6154,39.69222],[-89.6154,39.69084],[-89.61381,39.69083],[-89.61378,39.69231],[-89.61447,39.6923]],[[-89.6024,39.75887],[-89.60245,39.76214],[-89.60042,39.76225],[-89.60251,39.76559],[-89.60254,39.76758],[-89.60341,39.76756],[-89.60546,39.761],[-89.60579,39.75934],[-89.60294,39.75942],[-89.60291,39.75869],[-89.6024,39.75887]],[[-89.57589,39.7429],[-89.5759,39.7436],[-89.57846,39.7436],[-89.57842,39.7417],[-89.5755,39.74173],[-89.57553,39.7429],[-89.57589,39.7429]]],[[[-89.7414,39.79932],[-89.74138,39.79828],[-89.73917,39.79829],[-89.73913,39.79569],[-89.73598,39.7957],[-89.73604,39.79913],[-89.73153,39.79914],[-89.73151,39.79758],[-89.72973,39.79756],[-89.72971,39.79633],[-89.73233,39.79629],[-89.7297,39.79592],[-89.7289,39.79756],[-89.72736,39.79756],[-89.72742,39.80118],[-89.72704,39.80118],[-89.72321,39.80128],[-89.72368,39.80841],[-89.73165,39.8084],[-89.7321,39.80479],[-89.72981,39.80322],[-89.72978,39.80117],[-89.73607,39.80115],[-89.7361,39.80386],[-89.73692,39.80837],[-89.73224,39.8084],[-89.72991,39.80883],[-89.72991,39.81022],[-89.72084,39.81021],[-89.71956,39.81107],[-89.71573,39.81009],[-89.7157,39.80879],[-89.71569,39.80823],[-89.71757,39.80837],[-89.71499,39.80661],[-89.7181,39.80661],[-89.71802,39.80505],[-89.71702,39.80409],[-89.71548,39.80408],[-89.71589,39.80114],[-89.71928,39.79802],[-89.71953,39.79766],[-89.72022,39.79654],[-89.72018,39.79395],[-89.72296,39.79394],[-89.72473,39.7927],[-89.73193,39.79275],[-89.73187,39.7889],[-89.7339,39.78889],[-89.73396,39.79217],[-89.73842,39.78934],[-89.73742,39.79203],[-89.73913,39.79279],[-89.7381,39.79391],[-89.74146,39.79387],[-89.74083,39.79122],[-89.74175,39.78872],[-89.74377,39.78812],[-89.74393,39.79386],[-89.74856,39.79385],[-89.74863,39.7986],[-89.74376,39.79854],[-89.74376,39.79931],[-89.7414,39.79932]],[[-89.73371,39.80672],[-89.73429,39.80671],[-89.73455,39.80475],[-89.73307,39.80478],[-89.7331,39.80672],[-89.73371,39.80672]],[[-89.72742,39.79474],[-89.72954,39.79473],[-89.72952,39.79313],[-89.72742,39.79359],[-89.72742,39.79444],[-89.72742,39.79474]]],[[[-89.65315,39.83354],[-89.65327,39.83536],[-89.65135,39.83539],[-89.65184,39.83377],[-89.65067,39.83357],[-89.65315,39.83354]]],[[[-89.61394,39.86028],[-89.61352,39.86072],[-89.61228,39.86083],[-89.61227,39.86021],[-89.61,39.86019],[-89.61061,39.85814],[-89.61206,39.85588],[-89.61281,39.85559],[-89.61556,39.85723],[-89.61745,39.8577],[-89.61726,39.85802],[-89.61547,39.85784],[-89.61472,39.85907],[-89.61466,39.86031],[-89.61394,39.86028]]]]}},{"type":"Feature","properties":{"name":"WCMTD Dial-A-Ride","boundary_type":"county","source":"Census TIGER county","fidelity":"exact","updated":"2026-09","units":"Morgan County","note":"Service area described as 'West Central IL (Morgan Co. area)'; treating as Morgan County-wide coverage.","confidence":0.95},"geometry":{"type":"Polygon","coordinates":[[[-90.59223,39.79986],[-90.58603,39.80564],[-90.58131,39.8118],[-90.57672,39.81886],[-90.57285,39.82179],[-90.56979,39.82444],[-90.56698,39.82688],[-90.56574,39.83007],[-90.56591,39.83071],[-90.5666,39.83316],[-90.57142,39.83896],[-90.57682,39.84521],[-90.57943,39.84849],[-90.58243,39.85457],[-90.585,39.86368],[-90.58609,39.87141],[-90.5849,39.87505],[-90.58353,39.87675],[-90.58169,39.87653],[-90.50529,39.87637],[-90.47124,39.87605],[-90.46183,39.87594],[-90.42904,39.87566],[-90.4101,39.87544],[-90.3913,39.87512],[-90.38011,39.87502],[-90.36133,39.87488],[-90.31436,39.87445],[-90.29532,39.87421],[-90.2765,39.87397],[-90.23927,39.87323],[-90.23471,39.87322],[-90.22057,39.8732],[-90.21048,39.8732],[-90.1926,39.87317],[-90.16438,39.87319],[-90.14976,39.87309],[-90.13569,39.87298],[-90.12614,39.87278],[-90.10269,39.87276],[-90.05068,39.87263],[-90.03227,39.87283],[-90.02616,39.87273],[-89.9944,39.87286],[-89.99439,39.8581],[-89.99414,39.82904],[-89.99407,39.82182],[-89.99354,39.78539],[-89.98556,39.78536],[-89.98553,39.78124],[-89.98524,39.75947],[-89.98499,39.73976],[-89.98496,39.73717],[-89.98474,39.71808],[-89.97651,39.6963],[-89.97085,39.68166],[-89.96811,39.67443],[-89.96259,39.65994],[-89.94309,39.60914],[-89.94046,39.60209],[-89.93498,39.58744],[-89.92395,39.55868],[-89.92604,39.5221],[-89.92624,39.52206],[-89.95897,39.52184],[-89.97018,39.52177],[-90.00589,39.52155],[-90.03893,39.52141],[-90.07451,39.5211],[-90.08049,39.52104],[-90.09872,39.52079],[-90.09967,39.52076],[-90.10391,39.52071],[-90.10886,39.52065],[-90.15378,39.52031],[-90.1722,39.52022],[-90.17254,39.52022],[-90.18659,39.52002],[-90.19114,39.52017],[-90.19349,39.52009],[-90.19538,39.52011],[-90.19666,39.52014],[-90.20058,39.52012],[-90.22733,39.52001],[-90.22955,39.52024],[-90.23066,39.52],[-90.26449,39.52],[-90.26558,39.51999],[-90.30183,39.52034],[-90.30144,39.60767],[-90.30097,39.60767],[-90.3008,39.62212],[-90.30075,39.62977],[-90.30067,39.63654],[-90.33813,39.63663],[-90.3379,39.64962],[-90.33804,39.65059],[-90.33781,39.66558],[-90.37297,39.66578],[-90.37283,39.6731],[-90.37271,39.67988],[-90.3727,39.68043],[-90.37249,39.69037],[-90.3724,39.69488],[-90.37183,39.72273],[-90.37141,39.74349],[-90.37126,39.75312],[-90.39746,39.75316],[-90.40104,39.75326],[-90.45044,39.75321],[-90.48332,39.75343],[-90.48315,39.77155],[-90.48311,39.77356],[-90.4832,39.77407],[-90.48319,39.77477],[-90.48353,39.77619],[-90.48313,39.77807],[-90.4831,39.7824],[-90.48306,39.78924],[-90.48676,39.78926],[-90.51795,39.7895],[-90.5991,39.79006],[-90.5972,39.79485],[-90.59223,39.79986]]]}}]}