{"type":"FeatureCollection","features":[{"type":"Feature","properties":{"name":"Antrim County Transportation","boundary_type":"county","source":"Census TIGER county","fidelity":"exact","updated":"2026-09","units":"Antrim County","note":"Countywide demand-response service covering Bellaire, Central Lake, Mancelona, Elk Rapids, and surrounding areas","confidence":0.95},"geometry":{"type":"Polygon","coordinates":[[[-85.4352,44.86822],[-85.42936,44.87656],[-85.4281,44.87928],[-85.4258,44.88165],[-85.42572,44.88188],[-85.42434,44.88581],[-85.42397,44.88686],[-85.42396,44.89026],[-85.42419,44.89126],[-85.42386,44.89358],[-85.42368,44.89482],[-85.42313,44.89536],[-85.42098,44.89744],[-85.41792,44.89865],[-85.41533,44.89956],[-85.41447,44.89986],[-85.4132,44.90031],[-85.41318,44.90031],[-85.41402,44.90237],[-85.4096,44.90514],[-85.40844,44.90661],[-85.40863,44.90796],[-85.40692,44.90952],[-85.40597,44.91054],[-85.40617,44.91177],[-85.40631,44.9138],[-85.40413,44.91661],[-85.40395,44.91926],[-85.40227,44.92168],[-85.39987,44.92414],[-85.3958,44.93102],[-85.3947,44.93641],[-85.39458,44.937],[-85.39403,44.93967],[-85.39168,44.94328],[-85.39017,44.94637],[-85.38926,44.94806],[-85.38926,44.9502],[-85.39092,44.95344],[-85.39039,44.95682],[-85.38762,44.96255],[-85.38482,44.96556],[-85.38448,44.96673],[-85.3831,44.97143],[-85.38198,44.97775],[-85.38354,44.98053],[-85.38308,44.98507],[-85.38342,44.98724],[-85.38452,44.98881],[-85.38411,44.98962],[-85.38313,44.9908],[-85.38236,44.99171],[-85.3808,44.99435],[-85.38037,44.99628],[-85.37829,44.99859],[-85.37588,45.00329],[-85.37599,45.00743],[-85.37873,45.01257],[-85.38036,45.01565],[-85.38165,45.01841],[-85.3816,45.0199],[-85.38156,45.02113],[-85.38078,45.02338],[-85.38077,45.02567],[-85.38129,45.02896],[-85.38148,45.03072],[-85.38136,45.03298],[-85.37961,45.0364],[-85.37929,45.03998],[-85.38032,45.04579],[-85.37685,45.05573],[-85.37101,45.06273],[-85.36895,45.06521],[-85.36657,45.06835],[-85.36602,45.07148],[-85.3672,45.0738],[-85.36985,45.07488],[-85.37015,45.07619],[-85.36713,45.0827],[-85.36634,45.08783],[-85.36677,45.08955],[-85.36601,45.09231],[-85.36686,45.09321],[-85.36697,45.09384],[-85.36552,45.09642],[-85.36451,45.10219],[-85.3647,45.10332],[-85.36536,45.10434],[-85.36403,45.10692],[-85.36369,45.10988],[-85.36349,45.11162],[-85.36533,45.11551],[-85.36691,45.11694],[-85.36971,45.12155],[-85.37257,45.12624],[-85.37312,45.12825],[-85.37347,45.1295],[-85.3736,45.13],[-85.37541,45.13656],[-85.3769,45.14201],[-85.37794,45.14377],[-85.38028,45.14466],[-85.38096,45.14556],[-85.37993,45.14939],[-85.37887,45.1516],[-85.37899,45.15395],[-85.37911,45.15605],[-85.37869,45.1579],[-85.37885,45.15999],[-85.37958,45.16109],[-85.37852,45.16408],[-85.37879,45.16643],[-85.37875,45.16985],[-85.37973,45.17224],[-85.37981,45.17643],[-85.38046,45.18088],[-85.38233,45.18191],[-85.38322,45.18345],[-85.38406,45.18579],[-85.38379,45.18723],[-85.38409,45.18838],[-85.38557,45.18945],[-85.38673,45.1895],[-85.38814,45.19153],[-85.38709,45.19337],[-85.3864,45.1973],[-85.3864,45.19732],[-85.38745,45.19891],[-85.38723,45.20075],[-85.38704,45.20237],[-85.38681,45.20546],[-85.38866,45.20757],[-85.38869,45.20777],[-85.37413,45.20759],[-85.32406,45.20691],[-85.31328,45.20673],[-85.30372,45.20651],[-85.29885,45.20648],[-85.28313,45.20623],[-85.26312,45.20611],[-85.22271,45.20556],[-85.22303,45.1651],[-85.22308,45.16066],[-85.22368,45.11786],[-85.20884,45.11793],[-85.20628,45.11784],[-85.20251,45.11785],[-85.19914,45.1178],[-85.19018,45.11794],[-85.12946,45.11813],[-85.10001,45.11807],[-85.09922,45.11807],[-85.09062,45.11807],[-85.08899,45.11808],[-85.02087,45.11794],[-85.01956,45.11794],[-85.01463,45.11794],[-84.97869,45.11844],[-84.9484,45.11776],[-84.91812,45.11722],[-84.89704,45.11686],[-84.88789,45.11676],[-84.85745,45.11671],[-84.85732,45.02976],[-84.84952,45.02963],[-84.84977,45.02665],[-84.84979,44.99122],[-84.84971,44.98866],[-84.84979,44.97414],[-84.84933,44.94505],[-84.84806,44.91589],[-84.84823,44.90136],[-84.84731,44.85804],[-84.96887,44.85894],[-84.97256,44.85896],[-85.01109,44.85884],[-85.05129,44.85891],[-85.09135,44.85869],[-85.10511,44.85876],[-85.1527,44.85891],[-85.17346,44.85901],[-85.17574,44.85915],[-85.21109,44.85923],[-85.23142,44.85934],[-85.24632,44.85937],[-85.25193,44.85939],[-85.28253,44.85954],[-85.29172,44.85961],[-85.30409,44.85618],[-85.30699,44.85506],[-85.31291,44.85356],[-85.31626,44.85321],[-85.32087,44.85216],[-85.32349,44.85194],[-85.32759,44.85076],[-85.32759,44.85041],[-85.32697,44.84803],[-85.32439,44.84716],[-85.32313,44.84601],[-85.32037,44.8357],[-85.31991,44.833],[-85.32096,44.83057],[-85.32115,44.82803],[-85.32015,44.826],[-85.31655,44.82351],[-85.31663,44.82128],[-85.31809,44.81947],[-85.32312,44.81928],[-85.32536,44.8182],[-85.33031,44.81519],[-85.33284,44.81237],[-85.33975,44.81804],[-85.34112,44.82069],[-85.34277,44.82506],[-85.34409,44.82694],[-85.34528,44.82754],[-85.34854,44.82781],[-85.35466,44.82663],[-85.35839,44.82556],[-85.36364,44.8252],[-85.3693,44.82576],[-85.37195,44.82672],[-85.37398,44.82826],[-85.37506,44.82932],[-85.37675,44.83445],[-85.38198,44.85957],[-85.42181,44.85972],[-85.42866,44.85976],[-85.44311,44.85982],[-85.43806,44.86514],[-85.4352,44.86822]]]}},{"type":"Feature","properties":{"name":"Arenac Public Transportation Authority","boundary_type":"county","source":"Census TIGER county","fidelity":"exact","updated":"2026-09","units":"Arenac County","note":"Countywide demand-response service including Standish, Twining, Au Gres; offers out-of-county medical trips","confidence":0.95},"geometry":{"type":"MultiPolygon","coordinates":[[[[-83.46748,44.00366],[-83.46641,44.0037],[-83.46543,44.00294],[-83.46324,44.00203],[-83.46327,44.00137],[-83.46524,44.00143],[-83.46772,44.00188],[-83.47027,44.00151],[-83.47102,44.00255],[-83.46816,44.00311],[-83.46748,44.00366]]],[[[-83.42742,44.03085],[-83.42726,44.0287],[-83.42901,44.02792],[-83.43154,44.02829],[-83.43503,44.02701],[-83.43598,44.02319],[-83.43709,44.02316],[-83.4393,44.02662],[-83.44146,44.02781],[-83.44124,44.02942],[-83.44009,44.03236],[-83.44171,44.03753],[-83.44122,44.03805],[-83.43384,44.03462],[-83.42847,44.0327],[-83.42742,44.03085]]],[[[-84.1256,44.16182],[-84.10497,44.16189],[-84.06512,44.16188],[-84.05963,44.16189],[-84.04752,44.16188],[-84.03214,44.16192],[-84.00746,44.16197],[-84.00498,44.16197],[-83.99984,44.16197],[-83.99786,44.16197],[-83.9721,44.16194],[-83.92749,44.16183],[-83.88398,44.16179],[-83.86823,44.1619],[-83.83862,44.16187],[-83.80815,44.16207],[-83.80581,44.16207],[-83.77773,44.16196],[-83.77208,44.16194],[-83.76298,44.1619],[-83.73131,44.1619],[-83.68698,44.16221],[-83.64224,44.16264],[-83.61603,44.16288],[-83.56507,44.16352],[-83.56774,44.1559],[-83.56877,44.14608],[-83.56767,44.14133],[-83.56791,44.13259],[-83.56874,44.13105],[-83.56891,44.12673],[-83.56851,44.12434],[-83.56798,44.12121],[-83.56771,44.11965],[-83.56625,44.11548],[-83.56604,44.11459],[-83.56504,44.11043],[-83.56445,44.10554],[-83.56512,44.105],[-83.5666,44.10527],[-83.56907,44.10479],[-83.57288,44.10147],[-83.57307,44.1013],[-83.57473,44.0983],[-83.5771,44.09627],[-83.58039,44.09258],[-83.58406,44.08988],[-83.58845,44.08572],[-83.59136,44.07924],[-83.59163,44.07397],[-83.59044,44.06957],[-83.58409,44.05675],[-83.57921,44.05041],[-83.57987,44.04944],[-83.58867,44.05183],[-83.60117,44.05469],[-83.6105,44.05624],[-83.62108,44.05619],[-83.64706,44.05322],[-83.65442,44.05099],[-83.66034,44.04751],[-83.66476,44.04489],[-83.66544,44.04459],[-83.67149,44.04184],[-83.676,44.03882],[-83.67965,44.03637],[-83.67965,44.03625],[-83.67955,44.03121],[-83.68108,44.02962],[-83.68114,44.02955],[-83.6822,44.02834],[-83.68281,44.02765],[-83.68483,44.02806],[-83.68673,44.02749],[-83.68915,44.02677],[-83.68944,44.02387],[-83.68778,44.02236],[-83.68778,44.02019],[-83.68505,44.01189],[-83.68011,43.9942],[-83.67733,43.99164],[-83.6771,43.99053],[-83.68056,43.98765],[-83.68172,43.98754],[-83.68391,43.98839],[-83.6867,43.98877],[-83.68837,43.98931],[-83.68967,43.99007],[-83.69247,43.99107],[-83.69587,43.99182],[-83.69705,43.99242],[-83.69906,43.99643],[-83.70309,43.9994],[-83.70636,44.0003],[-83.7173,43.99864],[-83.71851,43.99894],[-83.72034,44.00251],[-83.72222,44.00255],[-83.72342,44.00128],[-83.72852,44.00337],[-83.73571,44.00495],[-83.73799,44.00457],[-83.73843,44.0052],[-83.74027,44.0052],[-83.74281,44.00394],[-83.74466,44.00388],[-83.74589,44.00326],[-83.74939,44.00249],[-83.75,44.00116],[-83.74948,43.99971],[-83.7498,43.99612],[-83.74983,43.99576],[-83.75401,43.99391],[-83.75369,43.99309],[-83.75018,43.99246],[-83.75023,43.991],[-83.75528,43.99057],[-83.75742,43.9898],[-83.7587,43.98764],[-83.7593,43.98641],[-83.76281,43.98577],[-83.77121,43.98611],[-83.77233,43.98616],[-83.77319,43.9862],[-83.77561,43.9863],[-83.77701,43.98635],[-83.78568,43.98831],[-83.79053,43.98961],[-83.79485,43.98868],[-83.79813,43.98654],[-83.80168,43.98625],[-83.80326,43.98792],[-83.80142,43.99014],[-83.80125,43.99518],[-83.80621,43.99638],[-83.80864,43.99697],[-83.81485,43.99669],[-83.8178,43.99457],[-83.8201,43.99134],[-83.82185,43.99125],[-83.82605,43.99103],[-83.82874,43.99201],[-83.83062,43.99337],[-83.83003,43.99497],[-83.83006,43.99682],[-83.83229,43.99727],[-83.83439,43.99715],[-83.83682,43.99647],[-83.84225,43.99383],[-83.84817,43.98953],[-83.85088,43.98451],[-83.84803,43.98194],[-83.84952,43.97964],[-83.85046,43.97933],[-83.85322,43.97842],[-83.85342,43.97835],[-83.85544,43.97582],[-83.85882,43.97157],[-83.86049,43.968],[-83.86055,43.96788],[-83.86126,43.96614],[-83.86137,43.96587],[-83.86421,43.96477],[-83.86547,43.96254],[-83.86687,43.96229],[-83.8704,43.96301],[-83.8755,43.96195],[-83.87763,43.95847],[-83.87818,43.95742],[-83.87921,43.95544],[-83.87926,43.95535],[-83.87927,43.95524],[-83.8793,43.95491],[-83.87968,43.95135],[-83.88091,43.95108],[-83.88229,43.94866],[-83.88335,43.94856],[-83.88549,43.9464],[-83.88635,43.94169],[-83.88858,43.93798],[-83.88974,43.93518],[-83.89031,43.93116],[-83.8902,43.92547],[-83.89059,43.92381],[-83.89599,43.92422],[-83.89769,43.92435],[-83.89974,43.92351],[-83.89947,43.92076],[-83.8987,43.91967],[-83.8984,43.91925],[-83.90114,43.91793],[-83.90267,43.91839],[-83.90557,43.91823],[-83.90627,43.91819],[-83.90676,43.91764],[-83.90863,43.91556],[-83.90909,43.91048],[-83.93492,43.9105],[-83.94627,43.91053],[-83.95551,43.91072],[-83.9662,43.91068],[-83.98613,43.91081],[-84.04484,43.91115],[-84.04488,43.91482],[-84.04502,43.94354],[-84.04542,43.98326],[-84.04541,43.99697],[-84.16638,43.9969],[-84.16645,44.08306],[-84.16658,44.12039],[-84.16652,44.12666],[-84.16611,44.16179],[-84.12719,44.16182],[-84.1256,44.16182]]]]}},{"type":"Feature","properties":{"name":"BATA Link On-Demand","boundary_type":"counties","source":"Census TIGER county","fidelity":"exact","updated":"2026-09","units":"Grand Traverse County; Leelanau County","note":"Two-county service area (Traverse City area and surrounding villages in Grand Traverse and Leelanau Counties).","confidence":0.9},"geometry":{"type":"MultiPolygon","coordinates":[[[[-85.81771,44.62945],[-85.81759,44.64406],[-85.81766,44.6588],[-85.81774,44.67341],[-85.81738,44.68904],[-85.81693,44.71072],[-85.81682,44.71702],[-85.81657,44.7252],[-85.81609,44.73992],[-85.81548,44.76407],[-85.81511,44.76715],[-85.81512,44.77453],[-85.83451,44.77524],[-85.89637,44.77718],[-85.93708,44.77835],[-85.95763,44.77853],[-86.0287,44.77859],[-86.03905,44.77846],[-86.05364,44.77846],[-86.05432,44.77839],[-86.0574,44.77835],[-86.07461,44.77811],[-86.07479,44.78052],[-86.07847,44.79325],[-86.07859,44.79439],[-86.07216,44.8041],[-86.07175,44.80472],[-86.06767,44.81462],[-86.06651,44.81987],[-86.06652,44.82195],[-86.06652,44.82923],[-86.06653,44.83492],[-86.07076,44.86309],[-86.07111,44.86542],[-86.07247,44.88479],[-86.07099,44.89588],[-86.06674,44.90568],[-86.06381,44.90813],[-86.05886,44.91101],[-86.04381,44.91473],[-86.04137,44.91419],[-86.03971,44.9136],[-86.03548,44.91132],[-86.03119,44.90735],[-86.02151,44.90277],[-86.01353,44.90059],[-86.00935,44.89945],[-86.00171,44.89879],[-85.99253,44.90003],[-85.98522,44.90293],[-85.98115,44.90554],[-85.98022,44.90614],[-85.97282,44.91478],[-85.9696,44.92406],[-85.96717,44.92948],[-85.9616,44.93557],[-85.95272,44.94076],[-85.9519,44.94181],[-85.94667,44.94848],[-85.94391,44.95103],[-85.9421,44.95432],[-85.93859,44.96456],[-85.93587,44.96621],[-85.9316,44.96879],[-85.9238,44.96922],[-85.91585,44.96831],[-85.89763,44.96201],[-85.89154,44.95778],[-85.88678,44.95079],[-85.87993,44.94331],[-85.87625,44.94107],[-85.87279,44.93997],[-85.86985,44.93903],[-85.8543,44.93815],[-85.83615,44.94026],[-85.81844,44.94527],[-85.81331,44.94698],[-85.81161,44.9478],[-85.8074,44.94981],[-85.80463,44.95273],[-85.79704,44.9607],[-85.7967,44.96178],[-85.78838,44.96913],[-85.78626,44.97079],[-85.78044,44.97793],[-85.77828,44.98308],[-85.77872,44.98586],[-85.77744,44.99013],[-85.77621,45.00057],[-85.77662,45.00147],[-85.77849,45.00553],[-85.77877,45.00659],[-85.77873,45.00793],[-85.78004,45.00963],[-85.77722,45.01274],[-85.77644,45.01359],[-85.77382,45.0141],[-85.76953,45.01699],[-85.76324,45.02235],[-85.76294,45.0226],[-85.76346,45.02433],[-85.76222,45.02592],[-85.76049,45.02629],[-85.76035,45.02632],[-85.7571,45.03284],[-85.75591,45.03524],[-85.75565,45.03668],[-85.75362,45.04096],[-85.74808,45.04911],[-85.74717,45.0505],[-85.74458,45.05339],[-85.74274,45.05482],[-85.74084,45.05557],[-85.72504,45.06113],[-85.72205,45.06127],[-85.72108,45.0624],[-85.71226,45.06562],[-85.70331,45.07099],[-85.69846,45.07461],[-85.69613,45.07704],[-85.69382,45.07945],[-85.69309,45.08165],[-85.69251,45.08344],[-85.69171,45.08408],[-85.69154,45.08422],[-85.68782,45.08634],[-85.6811,45.09269],[-85.67969,45.09603],[-85.67847,45.10068],[-85.67567,45.10554],[-85.67656,45.1078],[-85.67606,45.11304],[-85.67573,45.11536],[-85.67344,45.11955],[-85.67113,45.12148],[-85.66787,45.12434],[-85.66313,45.13175],[-85.66213,45.13271],[-85.65979,45.13584],[-85.65602,45.14579],[-85.65386,45.14816],[-85.64889,45.15279],[-85.64508,45.15738],[-85.64054,45.16242],[-85.63609,45.16657],[-85.63255,45.16928],[-85.63243,45.16937],[-85.6309,45.1713],[-85.62972,45.17463],[-85.62404,45.18016],[-85.62082,45.18285],[-85.61861,45.18563],[-85.61836,45.18702],[-85.61749,45.18705],[-85.61596,45.18585],[-85.61317,45.18462],[-85.61168,45.1811],[-85.60696,45.17848],[-85.60025,45.17803],[-85.59306,45.17853],[-85.58599,45.18038],[-85.57993,45.1834],[-85.57715,45.18548],[-85.57582,45.18706],[-85.57214,45.18838],[-85.56465,45.19255],[-85.56289,45.19554],[-85.56181,45.20052],[-85.55944,45.20117],[-85.55729,45.20363],[-85.55573,45.20589],[-85.55359,45.20812],[-85.55107,45.21074],[-85.54491,45.21111],[-85.54075,45.21091],[-85.53799,45.20736],[-85.53743,45.20402],[-85.53736,45.20087],[-85.53206,45.19787],[-85.52673,45.18932],[-85.53146,45.17725],[-85.53693,45.17278],[-85.54268,45.1717],[-85.55218,45.16735],[-85.55444,45.16535],[-85.55472,45.1625],[-85.55787,45.16226],[-85.56008,45.16067],[-85.56168,45.15894],[-85.56177,45.15726],[-85.55951,45.15491],[-85.55923,45.15311],[-85.55773,45.14576],[-85.5551,45.14476],[-85.55408,45.14257],[-85.55532,45.14214],[-85.55769,45.1439],[-85.55971,45.14431],[-85.56185,45.14339],[-85.56054,45.13937],[-85.55901,45.13616],[-85.55817,45.13454],[-85.55837,45.13321],[-85.56138,45.13472],[-85.56461,45.1375],[-85.56481,45.14286],[-85.56399,45.14401],[-85.56284,45.14619],[-85.56566,45.15183],[-85.56791,45.15365],[-85.57018,45.15514],[-85.57389,45.15549],[-85.57688,45.15507],[-85.57683,45.15278],[-85.57679,45.15158],[-85.5792,45.15144],[-85.58045,45.15332],[-85.58263,45.15414],[-85.58658,45.15397],[-85.59043,45.15317],[-85.59606,45.15138],[-85.5998,45.14929],[-85.60062,45.14805],[-85.60148,45.14531],[-85.60114,45.14263],[-85.60192,45.1405],[-85.60245,45.1401],[-85.60494,45.13822],[-85.60678,45.13561],[-85.61024,45.13355],[-85.61432,45.12756],[-85.6139,45.12309],[-85.61113,45.12003],[-85.61082,45.11895],[-85.60933,45.11375],[-85.60927,45.11351],[-85.60559,45.10799],[-85.60371,45.10628],[-85.60158,45.10525],[-85.59972,45.10435],[-85.59838,45.10489],[-85.59693,45.1047],[-85.5954,45.09925],[-85.59712,45.09673],[-85.59848,45.09583],[-85.59844,45.09146],[-85.59436,45.08649],[-85.59238,45.08543],[-85.59147,45.0846],[-85.59145,45.08337],[-85.59155,45.0825],[-85.58802,45.07891],[-85.58675,45.07726],[-85.58444,45.07426],[-85.5829,45.07157],[-85.58371,45.06849],[-85.58012,45.06638],[-85.5753,45.06611],[-85.57296,45.06734],[-85.57164,45.06523],[-85.56976,45.06412],[-85.56992,45.06216],[-85.56705,45.06021],[-85.56618,45.05887],[-85.56716,45.05749],[-85.56716,45.05446],[-85.56661,45.05296],[-85.56759,45.05058],[-85.56612,45.04752],[-85.5665,45.04399],[-85.56779,45.04186],[-85.57016,45.04128],[-85.57398,45.04336],[-85.57873,45.05162],[-85.57915,45.05545],[-85.58105,45.05603],[-85.58662,45.05597],[-85.58899,45.05471],[-85.59054,45.05243],[-85.59014,45.0475],[-85.59147,45.04675],[-85.59695,45.04507],[-85.59765,45.04384],[-85.59767,45.04129],[-85.59768,45.04056],[-85.59771,45.03655],[-85.59923,45.03299],[-85.59942,45.03242],[-85.60026,45.02992],[-85.5994,45.02743],[-85.59943,45.02674],[-85.59945,45.02628],[-85.59949,45.02551],[-85.59951,45.02504],[-85.59955,45.02414],[-85.59955,45.024],[-85.59961,45.02281],[-85.59965,45.02175],[-85.60186,45.01981],[-85.60345,45.01842],[-85.60818,45.01429],[-85.60872,45.01381],[-85.61256,45.01138],[-85.61474,45.01069],[-85.6184,45.00753],[-85.62142,45.0059],[-85.62207,45.00449],[-85.62343,45.00399],[-85.62723,45.00406],[-85.6294,45.00307],[-85.63113,45.0008],[-85.63385,44.99969],[-85.63504,44.99812],[-85.63569,44.99336],[-85.64019,44.98958],[-85.6409,44.98898],[-85.64161,44.98461],[-85.64334,44.98277],[-85.64361,44.98164],[-85.64474,44.97965],[-85.6448,44.97954],[-85.64742,44.97845],[-85.64801,44.9766],[-85.64948,44.97459],[-85.64861,44.97156],[-85.6467,44.9703],[-85.64524,44.96933],[-85.64144,44.96799],[-85.63949,44.96872],[-85.63876,44.96842],[-85.63406,44.96649],[-85.62951,44.96672],[-85.6284,44.9676],[-85.62721,44.97054],[-85.62579,44.97164],[-85.6208,44.97424],[-85.6164,44.97819],[-85.60888,44.98518],[-85.60693,44.98818],[-85.60682,44.98994],[-85.60601,44.99083],[-85.60281,44.99106],[-85.59965,44.98979],[-85.59939,44.98918],[-85.59977,44.9881],[-85.59899,44.98563],[-85.59972,44.98424],[-85.5996,44.98224],[-85.59901,44.98124],[-85.60018,44.97824],[-85.60236,44.97427],[-85.60197,44.97259],[-85.6029,44.97104],[-85.60237,44.96945],[-85.6027,44.9683],[-85.60218,44.96572],[-85.6014,44.96464],[-85.60144,44.96222],[-85.60395,44.95861],[-85.60261,44.95373],[-85.60249,44.95249],[-85.60232,44.95079],[-85.60285,44.9498],[-85.60285,44.94818],[-85.60409,44.94537],[-85.60336,44.94271],[-85.60363,44.9407],[-85.60476,44.93839],[-85.60422,44.937],[-85.60438,44.93426],[-85.60321,44.92868],[-85.60098,44.92501],[-85.60103,44.92493],[-85.60133,44.92448],[-85.60553,44.92431],[-85.60686,44.92425],[-85.60972,44.92365],[-85.61547,44.92412],[-85.6204,44.92372],[-85.62465,44.92214],[-85.62625,44.9192],[-85.62757,44.91731],[-85.63144,44.90821],[-85.63056,44.90632],[-85.63376,44.90213],[-85.63579,44.89756],[-85.63761,44.89467],[-85.63691,44.89335],[-85.6377,44.89214],[-85.63984,44.89026],[-85.64546,44.88365],[-85.64614,44.88175],[-85.64893,44.87401],[-85.64923,44.87185],[-85.64779,44.86754],[-85.64898,44.86567],[-85.64885,44.86293],[-85.64875,44.86087],[-85.65057,44.85776],[-85.65015,44.85553],[-85.65235,44.84909],[-85.6519,44.84775],[-85.65103,44.84523],[-85.65194,44.84207],[-85.65086,44.83546],[-85.65143,44.83162],[-85.64807,44.82505],[-85.64651,44.82085],[-85.64356,44.81656],[-85.64311,44.81522],[-85.64165,44.81082],[-85.63951,44.80852],[-85.63842,44.80601],[-85.63644,44.80345],[-85.63399,44.80155],[-85.63326,44.80044],[-85.63369,44.79852],[-85.63464,44.79608],[-85.63361,44.794],[-85.6336,44.79398],[-85.63349,44.79243],[-85.63457,44.79134],[-85.637,44.79008],[-85.63638,44.7881],[-85.6371,44.78606],[-85.63824,44.78078],[-85.63956,44.77895],[-85.63986,44.77854],[-85.64078,44.77556],[-85.64074,44.77549],[-85.64067,44.77537],[-85.63888,44.77233],[-85.63455,44.76962],[-85.62811,44.76723],[-85.62475,44.76683],[-85.62353,44.76746],[-85.62046,44.7669],[-85.61985,44.76679],[-85.61965,44.76625],[-85.61938,44.76551],[-85.61289,44.76492],[-85.61078,44.76516],[-85.60544,44.76551],[-85.59926,44.76592],[-85.59544,44.76711],[-85.59357,44.76878],[-85.59439,44.77206],[-85.59436,44.77453],[-85.59436,44.77481],[-85.59177,44.7791],[-85.59034,44.78212],[-85.59082,44.78346],[-85.59098,44.78391],[-85.58863,44.78836],[-85.58535,44.79758],[-85.58215,44.80174],[-85.58172,44.80778],[-85.57939,44.81259],[-85.57887,44.81439],[-85.57909,44.81773],[-85.5776,44.81887],[-85.57474,44.8211],[-85.57346,44.82169],[-85.57188,44.82241],[-85.56849,44.82536],[-85.56695,44.82799],[-85.56416,44.83126],[-85.56431,44.83332],[-85.56217,44.83678],[-85.56245,44.83792],[-85.56133,44.83899],[-85.5584,44.84375],[-85.55806,44.84724],[-85.55548,44.8508],[-85.55391,44.85701],[-85.55136,44.85924],[-85.54891,44.86321],[-85.54589,44.86402],[-85.5381,44.86868],[-85.53293,44.87319],[-85.5316,44.87773],[-85.5313,44.88182],[-85.52904,44.88459],[-85.53046,44.88737],[-85.53046,44.88743],[-85.53065,44.88976],[-85.52482,44.89452],[-85.52475,44.89612],[-85.52817,44.89922],[-85.53477,44.90162],[-85.53884,44.90071],[-85.543,44.90147],[-85.54644,44.90155],[-85.54846,44.90088],[-85.54954,44.89888],[-85.54878,44.89668],[-85.54967,44.89518],[-85.55211,44.89396],[-85.5546,44.88918],[-85.55713,44.88756],[-85.55963,44.88775],[-85.5643,44.89383],[-85.56451,44.89525],[-85.56204,44.89739],[-85.56108,44.89905],[-85.55534,44.90292],[-85.55111,44.90667],[-85.54803,44.91112],[-85.54575,44.91317],[-85.5397,44.91678],[-85.53824,44.91891],[-85.53876,44.92086],[-85.53834,44.92204],[-85.53497,44.92451],[-85.53355,44.92576],[-85.53378,44.92688],[-85.53436,44.92752],[-85.53209,44.92977],[-85.53216,44.93231],[-85.5301,44.93398],[-85.52907,44.93558],[-85.5292,44.9424],[-85.52979,44.94437],[-85.52903,44.94692],[-85.5273,44.94839],[-85.52435,44.95075],[-85.52344,44.95415],[-85.52294,44.95607],[-85.5202,44.96035],[-85.52076,44.96222],[-85.52186,44.96394],[-85.5221,44.96673],[-85.5219,44.96745],[-85.52079,44.97134],[-85.52003,44.974],[-85.51346,44.97636],[-85.51181,44.97758],[-85.50453,44.97942],[-85.50008,44.98105],[-85.49688,44.98347],[-85.49561,44.98536],[-85.49469,44.98815],[-85.4926,44.98983],[-85.49072,44.99054],[-85.4795,44.99188],[-85.47494,44.99172],[-85.47343,44.98864],[-85.47297,44.98726],[-85.47267,44.98551],[-85.47099,44.98255],[-85.47046,44.98074],[-85.47028,44.97602],[-85.46811,44.97274],[-85.46863,44.97097],[-85.46739,44.96852],[-85.46553,44.96521],[-85.46512,44.96307],[-85.46494,44.96106],[-85.46665,44.95884],[-85.47226,44.95939],[-85.47439,44.96062],[-85.47667,44.96108],[-85.47985,44.9623],[-85.48211,44.96222],[-85.48449,44.96171],[-85.48746,44.95894],[-85.48746,44.95692],[-85.48508,44.95457],[-85.48482,44.95345],[-85.48461,44.95255],[-85.48579,44.95108],[-85.48519,44.95016],[-85.48575,44.94721],[-85.48618,44.94367],[-85.48755,44.94073],[-85.48915,44.93786],[-85.48994,44.93407],[-85.48953,44.93291],[-85.49129,44.92759],[-85.4914,44.92546],[-85.49121,44.92278],[-85.49026,44.9207],[-85.489,44.91829],[-85.48888,44.91602],[-85.48966,44.9133],[-85.49084,44.91256],[-85.49244,44.90962],[-85.49249,44.90822],[-85.4917,44.90608],[-85.48862,44.90171],[-85.48951,44.90006],[-85.48966,44.89672],[-85.49116,44.89413],[-85.49178,44.89152],[-85.49303,44.89051],[-85.49319,44.88719],[-85.49338,44.88413],[-85.4946,44.88147],[-85.49581,44.87929],[-85.49746,44.87803],[-85.4989,44.8749],[-85.49991,44.87232],[-85.49897,44.87084],[-85.49755,44.86935],[-85.49801,44.86545],[-85.49894,44.86429],[-85.50078,44.86217],[-85.50094,44.85954],[-85.49974,44.85609],[-85.50218,44.8558],[-85.50402,44.85446],[-85.50705,44.85251],[-85.50788,44.85017],[-85.50862,44.84787],[-85.50989,44.84731],[-85.5121,44.84709],[-85.51484,44.84625],[-85.51899,44.84555],[-85.52,44.84453],[-85.52009,44.84336],[-85.52215,44.84196],[-85.52502,44.84126],[-85.52869,44.84074],[-85.53258,44.8389],[-85.53284,44.83811],[-85.53325,44.83686],[-85.53496,44.83564],[-85.5374,44.83527],[-85.53992,44.83417],[-85.54292,44.83118],[-85.54736,44.82676],[-85.54748,44.82513],[-85.54873,44.82396],[-85.55156,44.8225],[-85.55574,44.81841],[-85.55589,44.81826],[-85.55802,44.81425],[-85.55863,44.81216],[-85.56023,44.81007],[-85.56026,44.80779],[-85.55838,44.80527],[-85.55809,44.80408],[-85.55924,44.80168],[-85.56038,44.80066],[-85.55957,44.79883],[-85.56021,44.79569],[-85.5603,44.79523],[-85.56146,44.79212],[-85.56049,44.78968],[-85.55953,44.78745],[-85.55964,44.78594],[-85.56189,44.78432],[-85.56328,44.78036],[-85.56478,44.7781],[-85.56489,44.7771],[-85.56494,44.77667],[-85.56767,44.77566],[-85.56796,44.77534],[-85.57023,44.77277],[-85.57094,44.77012],[-85.57121,44.76934],[-85.57121,44.76932],[-85.57144,44.76867],[-85.57247,44.76566],[-85.57432,44.76364],[-85.57494,44.76297],[-85.57619,44.76175],[-85.57657,44.76021],[-85.57535,44.75865],[-85.57453,44.75762],[-85.5713,44.75529],[-85.56564,44.75248],[-85.55736,44.74974],[-85.55433,44.74874],[-85.54499,44.74728],[-85.53828,44.74682],[-85.52719,44.7475],[-85.52643,44.7482],[-85.5247,44.74978],[-85.52224,44.75338],[-85.51536,44.75989],[-85.51086,44.76316],[-85.50744,44.76529],[-85.50719,44.76545],[-85.5067,44.76575],[-85.50477,44.76808],[-85.5047,44.76852],[-85.50436,44.77048],[-85.50393,44.77295],[-85.5059,44.77533],[-85.50628,44.77578],[-85.50485,44.77832],[-85.50524,44.78159],[-85.50636,44.78365],[-85.50905,44.78589],[-85.50951,44.78717],[-85.50925,44.78733],[-85.50848,44.78865],[-85.50721,44.79082],[-85.50676,44.7929],[-85.50737,44.79536],[-85.50651,44.79629],[-85.50361,44.79823],[-85.50029,44.80319],[-85.49938,44.80434],[-85.49713,44.80495],[-85.49496,44.80592],[-85.49129,44.80693],[-85.48946,44.808],[-85.48836,44.8086],[-85.4844,44.81073],[-85.4748,44.81496],[-85.47148,44.8166],[-85.46295,44.82504],[-85.46292,44.82507],[-85.46336,44.83015],[-85.46165,44.83453],[-85.46044,44.83567],[-85.4529,44.84569],[-85.45162,44.84995],[-85.45141,44.85395],[-85.44862,44.85583],[-85.44656,44.85807],[-85.44311,44.85982],[-85.42866,44.85976],[-85.42181,44.85972],[-85.38198,44.85957],[-85.37675,44.83445],[-85.37506,44.82932],[-85.37398,44.82826],[-85.37195,44.82672],[-85.3693,44.82576],[-85.36364,44.8252],[-85.35839,44.82556],[-85.35466,44.82663],[-85.34854,44.82781],[-85.34528,44.82754],[-85.34409,44.82694],[-85.34277,44.82506],[-85.34112,44.82069],[-85.33975,44.81804],[-85.33284,44.81237],[-85.33289,44.80013],[-85.33289,44.77981],[-85.33291,44.77271],[-85.33302,44.77205],[-85.33322,44.70309],[-85.33343,44.68513],[-85.33302,44.6418],[-85.33289,44.59837],[-85.33316,44.56971],[-85.33316,44.56933],[-85.33397,44.51934],[-85.334,44.5123],[-85.3542,44.51234],[-85.38409,44.51241],[-85.38444,44.51238],[-85.45657,44.51231],[-85.52062,44.51213],[-85.55687,44.51212],[-85.57523,44.51221],[-85.61519,44.51231],[-85.65614,44.51243],[-85.68661,44.51267],[-85.69639,44.51269],[-85.75722,44.51298],[-85.79404,44.5129],[-85.79737,44.51293],[-85.8178,44.51297],[-85.81763,44.54167],[-85.81756,44.54769],[-85.81698,44.60025],[-85.81772,44.61476],[-85.81771,44.62945]]],[[[-85.56989,44.87232],[-85.57212,44.86959],[-85.57206,44.8666],[-85.57064,44.86452],[-85.57313,44.86306],[-85.58018,44.86154],[-85.58185,44.86024],[-85.58375,44.86145],[-85.58321,44.86373],[-85.58121,44.86994],[-85.57465,44.8722],[-85.57024,44.87281],[-85.56989,44.87232]]],[[[-86.13809,45.04304],[-86.12788,45.04598],[-86.11791,45.04848],[-86.11314,45.04571],[-86.10581,45.04416],[-86.10294,45.04299],[-86.09317,45.04149],[-86.09017,45.04145],[-86.08525,45.03954],[-86.08035,45.03521],[-86.07781,45.03241],[-86.07762,45.0308],[-86.0791,45.03079],[-86.08769,45.03212],[-86.09345,45.03166],[-86.09709,45.03013],[-86.10031,45.02624],[-86.10189,45.02281],[-86.10121,45.0181],[-86.09767,45.01337],[-86.09353,45.01169],[-86.09223,45.01013],[-86.09354,45.00784],[-86.09474,45.00683],[-86.09599,45.00637],[-86.10128,45.00556],[-86.10468,45.00404],[-86.10679,45.00217],[-86.11203,45.00142],[-86.1157,44.99909],[-86.11924,44.99866],[-86.12488,44.99958],[-86.13483,44.99696],[-86.15433,45.00273],[-86.15584,45.00492],[-86.15565,45.01439],[-86.15456,45.0181],[-86.14743,45.02749],[-86.14164,45.04025],[-86.13809,45.04304]]],[[[-85.56797,45.10103],[-85.56797,45.10134],[-85.56773,45.10141],[-85.56743,45.10121],[-85.56739,45.10091],[-85.56698,45.10082],[-85.56672,45.10067],[-85.56632,45.10013],[-85.56586,45.0995],[-85.56598,45.09925],[-85.56606,45.09911],[-85.56661,45.09922],[-85.56736,45.0992],[-85.56806,45.09945],[-85.56804,45.09978],[-85.56771,45.10006],[-85.56753,45.10052],[-85.56768,45.1007],[-85.56797,45.10103]]],[[[-86.05047,45.15842],[-86.04443,45.15958],[-86.03317,45.15842],[-86.00595,45.15575],[-85.99319,45.15281],[-85.98941,45.15107],[-85.98782,45.14803],[-85.98462,45.14386],[-85.9768,45.13836],[-85.97577,45.13367],[-85.97687,45.12628],[-85.97468,45.12259],[-85.97532,45.12146],[-85.97697,45.11988],[-85.97928,45.11639],[-85.98043,45.11305],[-85.98055,45.10756],[-85.98228,45.10288],[-85.98409,45.08707],[-85.9828,45.08079],[-85.97708,45.07299],[-85.96358,45.06358],[-85.96088,45.06051],[-85.97688,45.06266],[-85.98336,45.06069],[-85.98772,45.05825],[-85.99405,45.05733],[-85.99728,45.05602],[-85.99951,45.05406],[-86.00753,45.05717],[-86.0101,45.05972],[-86.01307,45.06377],[-86.01669,45.06903],[-86.01987,45.07167],[-86.02582,45.07681],[-86.03271,45.08115],[-86.03713,45.08658],[-86.04117,45.0904],[-86.04467,45.09235],[-86.05242,45.09531],[-86.05865,45.10078],[-86.0604,45.10462],[-86.0604,45.10829],[-86.05937,45.11113],[-86.05812,45.11487],[-86.05842,45.11788],[-86.05972,45.12136],[-86.06097,45.12316],[-86.06107,45.12802],[-86.06216,45.1335],[-86.06425,45.13758],[-86.06448,45.1396],[-86.06152,45.14598],[-86.05939,45.15229],[-86.05447,45.15469],[-86.05047,45.15842]]],[[[-85.82654,45.40588],[-85.82778,45.39326],[-85.83028,45.38425],[-85.83384,45.37958],[-85.83872,45.37716],[-85.83919,45.37882],[-85.83848,45.38258],[-85.84216,45.39109],[-85.86522,45.41721],[-85.87511,45.42541],[-85.88471,45.44481],[-85.85951,45.43939],[-85.85207,45.43695],[-85.83197,45.42048],[-85.82654,45.40588]]],[[[-85.77269,45.48808],[-85.77061,45.48649],[-85.76908,45.48032],[-85.76684,45.47579],[-85.77003,45.46249],[-85.77015,45.46074],[-85.77157,45.46057],[-85.77335,45.46474],[-85.77742,45.46741],[-85.77787,45.47099],[-85.78048,45.47407],[-85.7831,45.47707],[-85.79296,45.48198],[-85.78952,45.48782],[-85.78265,45.4916],[-85.77862,45.49018],[-85.77537,45.49015],[-85.77269,45.48808]]]]}},{"type":"Feature","properties":{"name":"BCGo","boundary_type":"county","source":"Census TIGER county","fidelity":"exact","updated":"2026-09","units":"Calhoun County","note":"Calhoun County service area with primary operations in Battle Creek area.","confidence":0.9},"geometry":{"type":"Polygon","coordinates":[[[-85.27794,42.41998],[-85.2611,42.42014],[-85.2497,42.42017],[-85.24866,42.42018],[-85.21167,42.42055],[-85.19371,42.42062],[-85.18994,42.4206],[-85.18176,42.42067],[-85.15509,42.42083],[-85.13313,42.42094],[-85.12836,42.42094],[-85.12642,42.42097],[-85.08112,42.42135],[-85.07161,42.42143],[-85.06485,42.42151],[-85.05345,42.42164],[-85.00595,42.42195],[-84.99278,42.42201],[-84.98626,42.42201],[-84.97863,42.42207],[-84.95402,42.42212],[-84.9469,42.42218],[-84.94513,42.42205],[-84.90497,42.42208],[-84.88817,42.42202],[-84.83592,42.4218],[-84.82909,42.42178],[-84.79703,42.42163],[-84.79472,42.42163],[-84.79162,42.42162],[-84.7876,42.42161],[-84.7675,42.42155],[-84.75747,42.42155],[-84.71849,42.42152],[-84.7186,42.33454],[-84.7186,42.33448],[-84.71825,42.31639],[-84.71822,42.3156],[-84.71819,42.314],[-84.71775,42.29068],[-84.71721,42.26388],[-84.71705,42.25394],[-84.71695,42.24692],[-84.71507,42.21733],[-84.71467,42.21103],[-84.71351,42.19369],[-84.71342,42.19187],[-84.71325,42.18819],[-84.71303,42.18461],[-84.712,42.16718],[-84.71171,42.16301],[-84.71149,42.15934],[-84.71148,42.15915],[-84.71113,42.15045],[-84.71073,42.12773],[-84.71014,42.09937],[-84.71,42.0929],[-84.70956,42.07037],[-84.77268,42.07149],[-84.7961,42.07192],[-84.80735,42.07211],[-84.82649,42.07247],[-84.85638,42.07249],[-84.88464,42.07247],[-84.89924,42.0725],[-84.90954,42.07245],[-84.92401,42.07249],[-84.94223,42.07257],[-84.96188,42.07268],[-85.05065,42.07287],[-85.05077,42.07287],[-85.06039,42.07285],[-85.08014,42.07278],[-85.11903,42.07261],[-85.12887,42.07254],[-85.13032,42.07253],[-85.13084,42.07253],[-85.13549,42.07253],[-85.13957,42.07254],[-85.1484,42.0725],[-85.15658,42.07249],[-85.15818,42.07249],[-85.16796,42.07253],[-85.17681,42.07254],[-85.19627,42.07241],[-85.25525,42.07198],[-85.29363,42.07155],[-85.29389,42.08609],[-85.29491,42.13698],[-85.29535,42.15825],[-85.29617,42.20187],[-85.297,42.24607],[-85.29714,42.26049],[-85.29722,42.27173],[-85.29723,42.27272],[-85.29723,42.27314],[-85.29778,42.33281],[-85.29769,42.33388],[-85.2979,42.34137],[-85.29791,42.34253],[-85.29793,42.34331],[-85.29797,42.34647],[-85.29802,42.35073],[-85.29802,42.35171],[-85.29826,42.36063],[-85.29826,42.36432],[-85.29849,42.3765],[-85.29955,42.41946],[-85.29888,42.41985],[-85.27794,42.41998]]]}},{"type":"Feature","properties":{"name":"Benzie Bus Dial-A-Ride","boundary_type":"county","source":"Census TIGER county","fidelity":"exact","updated":"2026-09","units":"Benzie County","note":"Countywide demand-response service based in Beulah.","confidence":0.95},"geometry":{"type":"Polygon","coordinates":[[[-86.25735,44.68107],[-86.25704,44.68426],[-86.2568,44.68677],[-86.25539,44.69081],[-86.25501,44.6919],[-86.255,44.69194],[-86.24847,44.69905],[-86.24693,44.69988],[-86.24221,44.70242],[-86.23248,44.70605],[-86.21066,44.71175],[-86.20483,44.71309],[-86.18553,44.71755],[-86.18064,44.71867],[-86.17914,44.7191],[-86.1737,44.72063],[-86.16589,44.7242],[-86.16538,44.72443],[-86.16027,44.72819],[-86.15828,44.73036],[-86.15724,44.73118],[-86.15664,44.73166],[-86.15476,44.73208],[-86.15324,44.73176],[-86.15029,44.73113],[-86.1419,44.73004],[-86.13854,44.72908],[-86.13473,44.72842],[-86.12112,44.72797],[-86.1145,44.72901],[-86.10618,44.73109],[-86.09569,44.73684],[-86.08956,44.74198],[-86.07793,44.75823],[-86.07487,44.76623],[-86.074,44.76988],[-86.07461,44.77811],[-86.0574,44.77835],[-86.05432,44.77839],[-86.05364,44.77846],[-86.03905,44.77846],[-86.0287,44.77859],[-85.95763,44.77853],[-85.93708,44.77835],[-85.89637,44.77718],[-85.83451,44.77524],[-85.81512,44.77453],[-85.81511,44.76715],[-85.81548,44.76407],[-85.81609,44.73992],[-85.81657,44.7252],[-85.81682,44.71702],[-85.81693,44.71072],[-85.81738,44.68904],[-85.81774,44.67341],[-85.81766,44.6588],[-85.81759,44.64406],[-85.81771,44.62945],[-85.81772,44.61476],[-85.81698,44.60025],[-85.81756,44.54769],[-85.81763,44.54167],[-85.8178,44.51297],[-85.85832,44.51303],[-85.88912,44.51302],[-85.92881,44.51317],[-85.93893,44.51319],[-85.94906,44.51324],[-85.97929,44.51346],[-86.01945,44.514],[-86.06051,44.51476],[-86.06886,44.5149],[-86.07309,44.51499],[-86.10507,44.51572],[-86.10784,44.51587],[-86.14072,44.5167],[-86.1808,44.51786],[-86.18092,44.51786],[-86.23469,44.5183],[-86.23389,44.5242],[-86.22928,44.53666],[-86.22379,44.54904],[-86.22235,44.55458],[-86.2204,44.56817],[-86.22154,44.57864],[-86.22395,44.59012],[-86.22401,44.59028],[-86.22545,44.59459],[-86.22635,44.59664],[-86.22991,44.60475],[-86.23183,44.60911],[-86.23358,44.61219],[-86.23717,44.61852],[-86.23904,44.62085],[-86.2436,44.62654],[-86.24406,44.62711],[-86.2453,44.62975],[-86.2458,44.6308],[-86.24771,44.63667],[-86.2517,44.64456],[-86.25351,44.64813],[-86.25903,44.66365],[-86.25772,44.6772],[-86.25735,44.68107]]]}},{"type":"Feature","properties":{"name":"Blugo (Clinton Transit)","boundary_type":"places","source":"Census TIGER place","fidelity":"exact","updated":"2026-09","units":"St. Johns city; DeWitt city","note":"Zone-based service with two distinct service zones; pickup and drop-off must be in same zone","confidence":0.9},"geometry":{"type":"MultiPolygon","coordinates":[[[[-84.59378,42.83362],[-84.59547,42.83676],[-84.59433,42.83923],[-84.59091,42.84141],[-84.5887,42.84207],[-84.5838,42.84221],[-84.58231,42.84079],[-84.58226,42.8532],[-84.57477,42.85318],[-84.57478,42.85035],[-84.5689,42.85039],[-84.56889,42.8496],[-84.55769,42.84948],[-84.55768,42.84092],[-84.55767,42.83499],[-84.55766,42.82765],[-84.56995,42.82768],[-84.56998,42.82054],[-84.57241,42.82053],[-84.58878,42.82055],[-84.58874,42.82327],[-84.58234,42.82329],[-84.58232,42.82771],[-84.59469,42.8278],[-84.59725,42.82794],[-84.59493,42.83043],[-84.59563,42.83294],[-84.59378,42.83362]]],[[[-84.53348,42.99775],[-84.53659,42.99775],[-84.53658,43.0014],[-84.52863,43.0014],[-84.52864,42.99777],[-84.53348,42.99775]]],[[[-84.57187,42.99704],[-84.57235,42.99923],[-84.57248,43.01205],[-84.57073,43.01061],[-84.56951,43.01058],[-84.56957,43.0161],[-84.56272,43.01611],[-84.56058,43.01611],[-84.56229,43.01773],[-84.56295,43.01896],[-84.5601,43.01905],[-84.56008,43.02359],[-84.54756,43.02341],[-84.54759,43.02195],[-84.54351,43.02193],[-84.54301,43.01804],[-84.54405,43.01674],[-84.54739,43.01674],[-84.54772,43.01603],[-84.54291,43.01602],[-84.54266,43.00124],[-84.54266,42.9939],[-84.54267,42.99323],[-84.53248,42.99329],[-84.53251,42.98675],[-84.53893,42.9868],[-84.5388,42.99031],[-84.54262,42.9903],[-84.54283,42.98114],[-84.55744,42.98113],[-84.55742,42.98329],[-84.5624,42.98326],[-84.56237,42.97961],[-84.56483,42.97964],[-84.56548,42.98253],[-84.56557,42.98614],[-84.56487,42.98694],[-84.56527,42.98694],[-84.56526,42.98797],[-84.56693,42.98804],[-84.56695,42.98769],[-84.56746,42.98765],[-84.56747,42.98691],[-84.57467,42.98694],[-84.57472,42.98823],[-84.57698,42.98823],[-84.57707,42.99397],[-84.57454,42.99396],[-84.57462,42.99715],[-84.57187,42.99704]],[[-84.55962,43.01755],[-84.55962,43.01609],[-84.55711,43.01608],[-84.55712,43.01753],[-84.55962,43.01755]]]]}},{"type":"Feature","properties":{"name":"CATA Rydz","boundary_type":"places","source":"Census TIGER place","fidelity":"approximate","updated":"2026-09","units":"Lansing city; Delta charter township","note":"Two on-demand zones, each a subset of its municipality, not full boundaries: Lansing zone bounded by Old Town (north), Mt Hope Hwy (south), Pennsylvania Ave (east), Waverly Rd south of St. Joseph Hwy (west); Delta Township zone bounded by I-496 (north), Millwood Hwy (south), Waverly Rd (east), Nixon Rd/Canal Rd (west). Late-night zone connects the two; airport service (CATA Rydz Connect) serves trips within these same two zones. Source: https://www.cata.org/services/cata-rydz","confidence":0.8},"geometry":{"type":"MultiPolygon","coordinates":[[[[-84.42504,42.67246],[-84.42583,42.66931],[-84.42835,42.66989],[-84.43227,42.66991],[-84.43267,42.67029],[-84.43189,42.67117],[-84.4279,42.67115],[-84.42787,42.67248],[-84.42504,42.67246]]],[[[-84.43321,42.67572],[-84.43316,42.67487],[-84.43208,42.67605],[-84.42695,42.67712],[-84.41764,42.67648],[-84.41767,42.6726],[-84.42301,42.67264],[-84.42301,42.67436],[-84.43285,42.67442],[-84.43287,42.66931],[-84.44027,42.66931],[-84.44295,42.66931],[-84.44771,42.66936],[-84.44761,42.67671],[-84.44279,42.67664],[-84.44278,42.67743],[-84.43695,42.67728],[-84.43321,42.67572]]],[[[-84.69153,42.68287],[-84.70127,42.68283],[-84.71994,42.68279],[-84.71994,42.69027],[-84.71993,42.72639],[-84.71986,42.74093],[-84.71988,42.75034],[-84.71984,42.75453],[-84.7198,42.77024],[-84.66909,42.76991],[-84.64748,42.76989],[-84.6376,42.76994],[-84.61749,42.76991],[-84.61717,42.76991],[-84.60276,42.76988],[-84.60274,42.78068],[-84.60275,42.78433],[-84.60277,42.78792],[-84.59689,42.7879],[-84.59693,42.79149],[-84.59787,42.79332],[-84.60279,42.79302],[-84.60278,42.7939],[-84.60104,42.79488],[-84.59226,42.79485],[-84.59203,42.79159],[-84.56921,42.79155],[-84.56941,42.78256],[-84.56736,42.78258],[-84.56732,42.78426],[-84.56244,42.78425],[-84.56244,42.78062],[-84.55524,42.78055],[-84.555,42.77913],[-84.55444,42.77538],[-84.56244,42.77532],[-84.56243,42.7734],[-84.56462,42.7734],[-84.56656,42.77185],[-84.56486,42.77159],[-84.56697,42.76975],[-84.55574,42.76971],[-84.55173,42.76971],[-84.54272,42.76965],[-84.53247,42.76968],[-84.53245,42.76436],[-84.53257,42.76155],[-84.53231,42.75937],[-84.53375,42.7585],[-84.53335,42.75543],[-84.53035,42.75541],[-84.52756,42.7554],[-84.52309,42.75538],[-84.52307,42.75803],[-84.52165,42.75921],[-84.50899,42.75917],[-84.50829,42.75717],[-84.5082,42.75657],[-84.50826,42.74997],[-84.50794,42.74791],[-84.50758,42.74791],[-84.50349,42.74781],[-84.50342,42.74163],[-84.505,42.74102],[-84.50343,42.74061],[-84.50344,42.73732],[-84.50089,42.73727],[-84.50085,42.73363],[-84.50352,42.73364],[-84.50352,42.73337],[-84.50322,42.73158],[-84.50292,42.7318],[-84.49805,42.73169],[-84.49803,42.72993],[-84.49992,42.72983],[-84.50191,42.72887],[-84.50381,42.73],[-84.50578,42.73007],[-84.50707,42.72829],[-84.50758,42.72993],[-84.50842,42.72997],[-84.50834,42.73337],[-84.50833,42.73364],[-84.51106,42.73364],[-84.51508,42.73363],[-84.51516,42.72998],[-84.51519,42.72768],[-84.51139,42.72768],[-84.5152,42.72727],[-84.51528,42.72404],[-84.51518,42.72311],[-84.51324,42.72394],[-84.51326,42.71926],[-84.50964,42.71927],[-84.50959,42.71468],[-84.50953,42.71185],[-84.50562,42.71186],[-84.50345,42.71185],[-84.50342,42.70923],[-84.50341,42.70793],[-84.4986,42.70788],[-84.49863,42.70463],[-84.49388,42.70457],[-84.49382,42.70066],[-84.49884,42.70067],[-84.49885,42.69698],[-84.49876,42.69051],[-84.49875,42.68927],[-84.49863,42.68286],[-84.50116,42.68287],[-84.50301,42.68289],[-84.51343,42.68294],[-84.52162,42.68297],[-84.52347,42.68296],[-84.52351,42.67654],[-84.52353,42.67442],[-84.52095,42.67442],[-84.52094,42.67612],[-84.5185,42.67612],[-84.51847,42.67272],[-84.51348,42.67269],[-84.51347,42.6719],[-84.5093,42.67196],[-84.50865,42.67274],[-84.50735,42.67194],[-84.50288,42.67198],[-84.51152,42.6684],[-84.51366,42.66751],[-84.51579,42.6675],[-84.5211,42.66902],[-84.52354,42.67309],[-84.52355,42.66919],[-84.52354,42.66421],[-84.52354,42.66195],[-84.52352,42.65471],[-84.52839,42.65474],[-84.53261,42.65476],[-84.54312,42.65482],[-84.5576,42.65483],[-84.55753,42.64754],[-84.56221,42.64748],[-84.56227,42.65112],[-84.55892,42.65117],[-84.55888,42.65483],[-84.56495,42.65485],[-84.56726,42.65482],[-84.56734,42.6614],[-84.58258,42.66376],[-84.58522,42.66407],[-84.59056,42.66323],[-84.5937,42.66498],[-84.60305,42.66558],[-84.60304,42.66927],[-84.60786,42.66929],[-84.60798,42.67488],[-84.61301,42.67489],[-84.61307,42.67687],[-84.61326,42.68315],[-84.63164,42.68302],[-84.64234,42.68307],[-84.6436,42.68309],[-84.64412,42.6831],[-84.65211,42.68306],[-84.65988,42.68314],[-84.66101,42.68305],[-84.66204,42.68296],[-84.67179,42.6829],[-84.67894,42.68293],[-84.68324,42.68289],[-84.69153,42.68287]],[[-84.59456,42.71505],[-84.59277,42.71839],[-84.59078,42.71965],[-84.58646,42.72031],[-84.58386,42.72104],[-84.58389,42.72145],[-84.58404,42.72186],[-84.5872,42.72128],[-84.58926,42.72113],[-84.59307,42.71941],[-84.59436,42.71776],[-84.59677,42.71776],[-84.59216,42.7208],[-84.58996,42.72182],[-84.58798,42.72228],[-84.58823,42.72291],[-84.58207,42.72278],[-84.58212,42.72327],[-84.582,42.72498],[-84.58201,42.72661],[-84.58195,42.74056],[-84.58187,42.74835],[-84.58321,42.74835],[-84.5833,42.74973],[-84.58558,42.74977],[-84.58544,42.7537],[-84.59423,42.75273],[-84.59835,42.7542],[-84.59977,42.75419],[-84.59984,42.75096],[-84.60152,42.75097],[-84.60153,42.75077],[-84.60286,42.75079],[-84.60288,42.74836],[-84.60289,42.74111],[-84.60294,42.7339],[-84.60301,42.72658],[-84.60304,42.72158],[-84.60311,42.70942],[-84.60311,42.70933],[-84.60312,42.7085],[-84.60219,42.70893],[-84.5986,42.7121],[-84.5985,42.71219],[-84.59456,42.71505]],[[-84.57033,42.77325],[-84.57223,42.7728],[-84.57223,42.76974],[-84.56735,42.76975],[-84.56742,42.7718],[-84.56831,42.77324],[-84.57033,42.77325]],[[-84.51321,42.74327],[-84.51323,42.74088],[-84.51095,42.74088],[-84.51106,42.74002],[-84.51105,42.73604],[-84.50833,42.73604],[-84.50834,42.74196],[-84.50834,42.74403],[-84.50846,42.74464],[-84.50835,42.74565],[-84.50836,42.74658],[-84.51008,42.74714],[-84.5101,42.74898],[-84.51298,42.74902],[-84.51387,42.75548],[-84.51736,42.7555],[-84.51941,42.75044],[-84.51937,42.74875],[-84.52007,42.74869],[-84.52045,42.74841],[-84.52162,42.74825],[-84.52197,42.74859],[-84.52222,42.7521],[-84.52308,42.75212],[-84.52308,42.74824],[-84.52308,42.74324],[-84.52114,42.74328],[-84.51525,42.74332],[-84.51321,42.74327]]],[[[-84.4475,42.6968],[-84.45023,42.69011],[-84.46192,42.69008],[-84.46195,42.69928],[-84.46103,42.69928],[-84.46104,42.70002],[-84.46115,42.70093],[-84.46094,42.70093],[-84.46098,42.70135],[-84.46195,42.70136],[-84.46198,42.70457],[-84.45708,42.70459],[-84.457,42.69734],[-84.44821,42.69737],[-84.4475,42.6968]]]]}},{"type":"Feature","properties":{"name":"Charlevoix County Transit","boundary_type":"county","source":"Census TIGER county","fidelity":"exact","updated":"2026-09","units":"Charlevoix County","note":"Countywide demand-response service. Eligibility-restriction language not found; included based on countywide availability statement with no application requirement.","confidence":0.8},"geometry":{"type":"MultiPolygon","coordinates":[[[[-85.38687,45.22754],[-85.38642,45.22939],[-85.38683,45.2313],[-85.38872,45.23228],[-85.38883,45.23385],[-85.38859,45.23524],[-85.38748,45.23668],[-85.38567,45.23852],[-85.38372,45.243],[-85.38403,45.24463],[-85.3827,45.24587],[-85.38101,45.24873],[-85.38114,45.25036],[-85.37915,45.25462],[-85.37839,45.25625],[-85.37759,45.25734],[-85.37491,45.26096],[-85.37371,45.26453],[-85.37159,45.27083],[-85.36829,45.27328],[-85.36623,45.27644],[-85.36418,45.27632],[-85.36406,45.27635],[-85.3603,45.2771],[-85.35931,45.27787],[-85.35662,45.27994],[-85.35419,45.28239],[-85.35163,45.28343],[-85.34723,45.28455],[-85.34187,45.28668],[-85.33691,45.29046],[-85.3348,45.29346],[-85.33474,45.29367],[-85.33377,45.29732],[-85.33116,45.30031],[-85.32742,45.30276],[-85.32369,45.30315],[-85.31938,45.30301],[-85.31539,45.30452],[-85.31282,45.3061],[-85.31226,45.30687],[-85.31158,45.30779],[-85.31056,45.30918],[-85.30967,45.3108],[-85.30765,45.31314],[-85.30494,45.31504],[-85.30386,45.31856],[-85.30206,45.31973],[-85.30069,45.32128],[-85.29886,45.3218],[-85.29615,45.32001],[-85.29449,45.31793],[-85.29485,45.31641],[-85.29338,45.31504],[-85.29182,45.31419],[-85.28957,45.31405],[-85.28375,45.31456],[-85.28144,45.31527],[-85.27718,45.31553],[-85.27379,45.31544],[-85.27353,45.31554],[-85.27089,45.31654],[-85.26537,45.31861],[-85.26486,45.3188],[-85.26415,45.31972],[-85.263,45.31951],[-85.26257,45.31984],[-85.2593,45.32237],[-85.25505,45.32567],[-85.25503,45.32572],[-85.25219,45.33086],[-85.25049,45.33461],[-85.25082,45.33707],[-85.24979,45.33969],[-85.24356,45.34059],[-85.2419,45.33927],[-85.2402,45.33938],[-85.2377,45.33883],[-85.23563,45.33937],[-85.23207,45.34179],[-85.23177,45.34194],[-85.22636,45.34481],[-85.22602,45.34499],[-85.22319,45.34647],[-85.21917,45.34958],[-85.2191,45.34963],[-85.21905,45.34968],[-85.2152,45.35257],[-85.21502,45.35271],[-85.21346,45.35455],[-85.20967,45.35694],[-85.20987,45.35878],[-85.20679,45.35952],[-85.20475,45.36061],[-85.20362,45.36189],[-85.1967,45.36064],[-85.19275,45.36019],[-85.18247,45.36082],[-85.17988,45.36141],[-85.17852,45.36171],[-85.17725,45.362],[-85.17499,45.36335],[-85.17284,45.36325],[-85.17029,45.36497],[-85.16866,45.36479],[-85.16604,45.36586],[-85.16442,45.36767],[-85.16241,45.36793],[-85.15896,45.36728],[-85.15708,45.3671],[-85.15462,45.36823],[-85.15345,45.36983],[-85.15143,45.36934],[-85.1486,45.36878],[-85.1457,45.36942],[-85.14365,45.37037],[-85.14333,45.37141],[-85.14137,45.37214],[-85.13794,45.37349],[-85.13585,45.37325],[-85.13286,45.37256],[-85.13069,45.3718],[-85.13021,45.37164],[-85.12995,45.37155],[-85.12844,45.37176],[-85.12532,45.37029],[-85.12423,45.37038],[-85.12201,45.36871],[-85.11854,45.36833],[-85.11447,45.36756],[-85.1121,45.36769],[-85.10933,45.3667],[-85.10587,45.36653],[-85.10431,45.36711],[-85.10304,45.36654],[-85.10078,45.36653],[-85.096,45.36652],[-85.09602,45.36393],[-85.09604,45.36352],[-85.09611,45.35942],[-85.09612,45.35532],[-85.09653,45.33574],[-85.07627,45.33567],[-85.05718,45.33479],[-85.04597,45.33465],[-85.04389,45.33237],[-85.03917,45.3288],[-85.03826,45.32745],[-85.03693,45.32281],[-85.03618,45.32121],[-85.03384,45.31907],[-85.02695,45.31435],[-85.02284,45.31009],[-85.02091,45.30572],[-85.01644,45.2991],[-85.01532,45.29701],[-85.01502,45.295],[-85.01587,45.29343],[-85.01756,45.29214],[-85.01889,45.28957],[-85.01719,45.28831],[-85.01416,45.28146],[-85.01277,45.27966],[-85.01023,45.27764],[-85.00668,45.27562],[-85.00347,45.27304],[-85.00097,45.27214],[-85.00005,45.27217],[-84.99811,45.27275],[-84.99233,45.27448],[-84.99146,45.2746],[-84.98937,45.27472],[-84.98682,45.27462],[-84.98461,45.27431],[-84.97656,45.27218],[-84.9754,45.27185],[-84.9723,45.27127],[-84.96663,45.27105],[-84.96435,45.27167],[-84.96415,45.27241],[-84.96629,45.27702],[-84.96732,45.2815],[-84.96671,45.28641],[-84.96479,45.2916],[-84.95592,45.29159],[-84.91372,45.29129],[-84.91152,45.29109],[-84.854,45.29064],[-84.84397,45.29048],[-84.83934,45.29043],[-84.73269,45.28938],[-84.73415,45.23105],[-84.73441,45.20231],[-84.7343,45.20194],[-84.73513,45.14406],[-84.73474,45.1294],[-84.7348,45.1149],[-84.7816,45.11599],[-84.81628,45.11648],[-84.84422,45.11695],[-84.84485,45.11682],[-84.85745,45.11671],[-84.88789,45.11676],[-84.89704,45.11686],[-84.91812,45.11722],[-84.9484,45.11776],[-84.97869,45.11844],[-85.01463,45.11794],[-85.01956,45.11794],[-85.02087,45.11794],[-85.08899,45.11808],[-85.09062,45.11807],[-85.09922,45.11807],[-85.10001,45.11807],[-85.12946,45.11813],[-85.19018,45.11794],[-85.19914,45.1178],[-85.20251,45.11785],[-85.20628,45.11784],[-85.20884,45.11793],[-85.22368,45.11786],[-85.22308,45.16066],[-85.22303,45.1651],[-85.22271,45.20556],[-85.26312,45.20611],[-85.28313,45.20623],[-85.29885,45.20648],[-85.30372,45.20651],[-85.31328,45.20673],[-85.32406,45.20691],[-85.37413,45.20759],[-85.38869,45.20777],[-85.38913,45.21032],[-85.38843,45.21322],[-85.38796,45.21455],[-85.38847,45.21629],[-85.38992,45.21724],[-85.38854,45.21858],[-85.38833,45.22206],[-85.38747,45.22374],[-85.3884,45.22556],[-85.38687,45.22754]]],[[[-85.61985,45.62455],[-85.61549,45.62779],[-85.61266,45.63028],[-85.6082,45.63161],[-85.60385,45.64008],[-85.60446,45.6495],[-85.60777,45.65565],[-85.6083,45.66399],[-85.60482,45.66748],[-85.60557,45.6724],[-85.60335,45.67491],[-85.60347,45.68206],[-85.60066,45.68411],[-85.60002,45.68865],[-85.5947,45.69099],[-85.58981,45.69814],[-85.5817,45.70145],[-85.57178,45.71142],[-85.57134,45.71793],[-85.57172,45.7237],[-85.57239,45.72767],[-85.56769,45.7287],[-85.56513,45.73072],[-85.56376,45.7329],[-85.56216,45.73545],[-85.56192,45.74043],[-85.56272,45.74304],[-85.56477,45.74546],[-85.56888,45.74934],[-85.56713,45.75042],[-85.56799,45.75858],[-85.56644,45.76022],[-85.55707,45.75949],[-85.54956,45.75727],[-85.54644,45.75504],[-85.54375,45.75141],[-85.53562,45.75039],[-85.53477,45.7504],[-85.5257,45.75046],[-85.52524,45.75046],[-85.52453,45.75064],[-85.5067,45.75521],[-85.50184,45.7545],[-85.50127,45.75442],[-85.49766,45.74625],[-85.49945,45.74434],[-85.50376,45.74277],[-85.50882,45.74236],[-85.51009,45.74289],[-85.50852,45.74499],[-85.50904,45.74847],[-85.50904,45.74849],[-85.50913,45.74852],[-85.51158,45.7494],[-85.51514,45.74945],[-85.51847,45.74733],[-85.5189,45.7468],[-85.52057,45.74475],[-85.52171,45.74021],[-85.52191,45.73942],[-85.5208,45.73725],[-85.5136,45.73655],[-85.51089,45.73441],[-85.50934,45.7322],[-85.50825,45.73066],[-85.50487,45.73037],[-85.49878,45.72629],[-85.501,45.72369],[-85.50195,45.72079],[-85.50126,45.71763],[-85.49631,45.71514],[-85.49668,45.70992],[-85.49459,45.70734],[-85.49415,45.70538],[-85.49402,45.69848],[-85.49627,45.69569],[-85.5028,45.691],[-85.50536,45.68621],[-85.5061,45.68115],[-85.50377,45.67047],[-85.50045,45.6643],[-85.49025,45.65212],[-85.49007,45.64543],[-85.48733,45.63735],[-85.48827,45.62998],[-85.48703,45.62121],[-85.48741,45.61861],[-85.48988,45.61518],[-85.49135,45.60967],[-85.49173,45.60753],[-85.49494,45.60551],[-85.49987,45.60457],[-85.50649,45.60254],[-85.5071,45.59997],[-85.50891,45.59839],[-85.50928,45.59647],[-85.51583,45.5946],[-85.51804,45.59291],[-85.52005,45.59295],[-85.52689,45.59159],[-85.53027,45.58925],[-85.53214,45.58686],[-85.53421,45.58361],[-85.53394,45.58019],[-85.53406,45.5782],[-85.53797,45.57697],[-85.54113,45.57505],[-85.54678,45.57411],[-85.55744,45.57324],[-85.55786,45.57211],[-85.56066,45.57158],[-85.56163,45.57221],[-85.57419,45.575],[-85.5768,45.57461],[-85.58117,45.57744],[-85.5858,45.57985],[-85.59695,45.57946],[-85.60225,45.58239],[-85.60919,45.58063],[-85.61988,45.58288],[-85.62627,45.59505],[-85.62598,45.60159],[-85.62266,45.60303],[-85.62102,45.60947],[-85.62206,45.61372],[-85.61985,45.62455]]],[[[-85.83957,45.70797],[-85.839,45.71015],[-85.8372,45.71034],[-85.83518,45.7092],[-85.83446,45.70389],[-85.83335,45.70239],[-85.83562,45.69971],[-85.83429,45.69734],[-85.83478,45.69637],[-85.83935,45.69596],[-85.84005,45.69359],[-85.84192,45.69234],[-85.84341,45.69291],[-85.84402,45.69483],[-85.84082,45.70251],[-85.8414,45.7049],[-85.84071,45.70739],[-85.83957,45.70797]]],[[[-85.69328,45.74447],[-85.69114,45.74418],[-85.68948,45.74534],[-85.69078,45.74686],[-85.68885,45.74724],[-85.68511,45.74621],[-85.68194,45.7465],[-85.68152,45.7475],[-85.67611,45.74612],[-85.66904,45.74525],[-85.66807,45.74453],[-85.66378,45.74361],[-85.64489,45.7427],[-85.65037,45.74166],[-85.65349,45.74031],[-85.65512,45.73824],[-85.65482,45.73544],[-85.65463,45.73286],[-85.65359,45.73108],[-85.65203,45.72977],[-85.6512,45.72753],[-85.65165,45.72406],[-85.65078,45.7225],[-85.65295,45.71989],[-85.65482,45.71588],[-85.6589,45.71252],[-85.66164,45.71118],[-85.6637,45.70834],[-85.66704,45.70593],[-85.66922,45.70449],[-85.67195,45.70305],[-85.6732,45.70082],[-85.67303,45.69817],[-85.67509,45.69724],[-85.6789,45.697],[-85.68045,45.69606],[-85.68423,45.69739],[-85.68851,45.69747],[-85.69019,45.6965],[-85.69364,45.6961],[-85.69758,45.69765],[-85.69649,45.70108],[-85.69448,45.70434],[-85.69526,45.70634],[-85.69356,45.70919],[-85.69432,45.71136],[-85.69626,45.71206],[-85.69643,45.71258],[-85.69316,45.71323],[-85.68924,45.71415],[-85.68734,45.7168],[-85.6871,45.71979],[-85.68865,45.72269],[-85.69174,45.72469],[-85.69316,45.72566],[-85.69245,45.7287],[-85.69298,45.73139],[-85.6948,45.73429],[-85.69699,45.73583],[-85.69796,45.73745],[-85.7011,45.73799],[-85.7008,45.73853],[-85.69786,45.7388],[-85.69527,45.74082],[-85.69384,45.74225],[-85.69486,45.74416],[-85.69328,45.74447]]],[[[-85.68407,45.77013],[-85.68749,45.77024],[-85.6931,45.77089],[-85.69523,45.77266],[-85.69626,45.77439],[-85.69457,45.77559],[-85.69079,45.77565],[-85.68819,45.77506],[-85.68568,45.77237],[-85.68407,45.77013]]],[[[-85.3845,45.78285],[-85.38243,45.78617],[-85.37706,45.78751],[-85.37782,45.78929],[-85.37493,45.79155],[-85.37245,45.79212],[-85.37465,45.79544],[-85.37369,45.79683],[-85.36776,45.79616],[-85.3659,45.79889],[-85.37582,45.80269],[-85.37582,45.80427],[-85.37004,45.80451],[-85.36831,45.80811],[-85.3761,45.81253],[-85.37796,45.81407],[-85.3688,45.8181],[-85.36308,45.81791],[-85.35809,45.81411],[-85.35068,45.80298],[-85.35027,45.79577],[-85.35358,45.79222],[-85.35736,45.79207],[-85.36019,45.78953],[-85.3584,45.78689],[-85.35943,45.78405],[-85.35702,45.77978],[-85.35764,45.77853],[-85.36404,45.77776],[-85.37314,45.76969],[-85.37713,45.76901],[-85.38006,45.77012],[-85.38235,45.77148],[-85.3918,45.77445],[-85.39256,45.77593],[-85.39476,45.77714],[-85.39242,45.77819],[-85.39153,45.77968],[-85.3885,45.77978],[-85.3845,45.78285]]],[[[-85.52568,45.81063],[-85.5266,45.81444],[-85.52893,45.81642],[-85.52913,45.81879],[-85.52447,45.81957],[-85.52394,45.82141],[-85.52655,45.82417],[-85.52622,45.82783],[-85.52333,45.82848],[-85.51682,45.82745],[-85.49249,45.81934],[-85.47135,45.80647],[-85.47286,45.80338],[-85.47122,45.79918],[-85.46783,45.79788],[-85.45829,45.79752],[-85.45372,45.79435],[-85.45415,45.79113],[-85.45795,45.78988],[-85.46516,45.78898],[-85.46639,45.78615],[-85.46456,45.78214],[-85.45729,45.77935],[-85.45547,45.77783],[-85.45637,45.77683],[-85.46329,45.77618],[-85.46554,45.77639],[-85.46757,45.78015],[-85.47415,45.77987],[-85.47569,45.77789],[-85.47776,45.778],[-85.47902,45.77963],[-85.48485,45.78075],[-85.48843,45.77963],[-85.4884,45.77709],[-85.49175,45.7742],[-85.49562,45.7734],[-85.50575,45.77809],[-85.50687,45.77984],[-85.50386,45.78137],[-85.50306,45.78335],[-85.49888,45.78393],[-85.49336,45.78881],[-85.49479,45.79154],[-85.50051,45.79341],[-85.50275,45.79814],[-85.50587,45.79903],[-85.50972,45.7958],[-85.51956,45.7977],[-85.52956,45.79814],[-85.53084,45.79905],[-85.52988,45.80046],[-85.52429,45.80257],[-85.51802,45.80304],[-85.51758,45.80583],[-85.52568,45.81063]]],[[[-85.60431,45.81182],[-85.60885,45.80921],[-85.61112,45.80738],[-85.61595,45.8096],[-85.61754,45.81078],[-85.61583,45.813],[-85.61197,45.8143],[-85.60947,45.81266],[-85.60431,45.81182]]],[[[-85.30154,45.81544],[-85.30173,45.81684],[-85.30071,45.81772],[-85.29905,45.81753],[-85.29893,45.81632],[-85.29976,45.8151],[-85.30154,45.81544]]],[[[-85.58376,45.83949],[-85.58631,45.83645],[-85.58692,45.83392],[-85.58918,45.83331],[-85.5906,45.83368],[-85.59054,45.83544],[-85.59274,45.83624],[-85.59449,45.83768],[-85.59122,45.84007],[-85.58817,45.8407],[-85.58703,45.84084],[-85.58611,45.8398],[-85.58376,45.83949]]]]}},{"type":"Feature","properties":{"name":"Clare County Transit Corporation","boundary_type":"county","source":"Census TIGER county","fidelity":"exact","updated":"2026-09","units":"Clare County","note":"Countywide demand-response service covering Harrison, Clare, and surrounding townships","confidence":0.95},"geometry":{"type":"Polygon","coordinates":[[[-85.08783,43.85708],[-85.08812,43.8825],[-85.08828,43.8863],[-85.08824,43.9008],[-85.08827,43.90732],[-85.08825,43.91523],[-85.08791,43.98402],[-85.08788,43.9868],[-85.08787,43.98724],[-85.08785,43.9897],[-85.08763,43.99134],[-85.0876,44.07366],[-85.08742,44.08805],[-85.0874,44.16424],[-85.07362,44.16401],[-85.05795,44.16371],[-85.02102,44.16319],[-85.01748,44.16324],[-84.9725,44.16248],[-84.96793,44.16241],[-84.95218,44.16209],[-84.92178,44.16176],[-84.87894,44.16141],[-84.87721,44.16164],[-84.86752,44.1614],[-84.8517,44.16138],[-84.84828,44.16137],[-84.84487,44.16144],[-84.79668,44.16099],[-84.78714,44.1609],[-84.72875,44.16086],[-84.68531,44.16076],[-84.68462,44.16066],[-84.61007,44.16055],[-84.6087,44.16048],[-84.6081,44.16048],[-84.60724,44.13459],[-84.60712,44.13058],[-84.60692,44.07592],[-84.60674,44.05761],[-84.60654,44.01758],[-84.60643,44.00318],[-84.60619,43.98878],[-84.6063,43.94481],[-84.60634,43.93045],[-84.60645,43.92949],[-84.60647,43.90185],[-84.60604,43.81537],[-84.70716,43.81505],[-84.72844,43.815],[-84.75169,43.81482],[-84.7524,43.81484],[-84.75335,43.81484],[-84.75345,43.81484],[-84.76067,43.81469],[-84.76836,43.81473],[-84.7716,43.81471],[-84.78346,43.81465],[-84.8084,43.81456],[-84.82833,43.81445],[-84.84369,43.81434],[-84.84953,43.81431],[-84.86668,43.8142],[-84.87333,43.8142],[-84.87502,43.81382],[-84.88711,43.81403],[-84.96907,43.81377],[-84.96971,43.81377],[-85.00889,43.81397],[-85.08881,43.81368],[-85.08852,43.84216],[-85.08783,43.85708]]]}},{"type":"Feature","properties":{"name":"Crawford County Transportation Authority","boundary_type":"county","source":"Census TIGER county","fidelity":"exact","updated":"2026-09","units":"Crawford County","note":"Countywide demand-response service centered on Grayling; serves Frederic, Maple Forest, Beaver Creek, South Branch, Lovells","confidence":0.95},"geometry":{"type":"Polygon","coordinates":[[[-84.8499,44.59788],[-84.84993,44.62595],[-84.84966,44.64484],[-84.84948,44.65536],[-84.84966,44.68429],[-84.84982,44.68866],[-84.84996,44.69332],[-84.84986,44.7125],[-84.84735,44.77122],[-84.84731,44.85804],[-84.72571,44.85818],[-84.68456,44.85813],[-84.66625,44.85796],[-84.62008,44.85745],[-84.60529,44.85714],[-84.52707,44.85738],[-84.48622,44.85693],[-84.47716,44.85698],[-84.43182,44.85608],[-84.37174,44.85504],[-84.37178,44.7689],[-84.37192,44.75339],[-84.372,44.72482],[-84.37165,44.68247],[-84.37166,44.68105],[-84.37102,44.61085],[-84.37083,44.60032],[-84.37112,44.59885],[-84.37064,44.50722],[-84.44912,44.50983],[-84.45104,44.50984],[-84.47028,44.51073],[-84.48944,44.51077],[-84.55042,44.51089],[-84.59309,44.51125],[-84.60101,44.5113],[-84.61063,44.51135],[-84.67134,44.5113],[-84.68146,44.51134],[-84.69147,44.5114],[-84.73125,44.51145],[-84.74119,44.51137],[-84.75223,44.51127],[-84.75693,44.51124],[-84.77809,44.51108],[-84.84387,44.51111],[-84.84438,44.51117],[-84.85093,44.51107],[-84.84975,44.59688],[-84.8499,44.59788]]]}},{"type":"Feature","properties":{"name":"Gladwin City/County Transit","boundary_type":"county","source":"Census TIGER county","fidelity":"exact","updated":"2026-09","units":"Gladwin County","note":"Countywide demand-response service covering City of Gladwin and surrounding townships","confidence":0.95},"geometry":{"type":"Polygon","coordinates":[[[-84.48729,44.16049],[-84.36804,44.16054],[-84.35598,44.16073],[-84.28875,44.16131],[-84.26682,44.16147],[-84.2466,44.16166],[-84.16611,44.16179],[-84.16652,44.12666],[-84.16658,44.12039],[-84.16645,44.08306],[-84.16638,43.9969],[-84.16602,43.9335],[-84.1659,43.9122],[-84.16601,43.89831],[-84.16651,43.8695],[-84.16732,43.8259],[-84.1731,43.82588],[-84.20728,43.82679],[-84.2882,43.82764],[-84.32817,43.82817],[-84.3489,43.82826],[-84.36651,43.82843],[-84.36668,43.81356],[-84.38661,43.81365],[-84.45398,43.81434],[-84.48608,43.81457],[-84.54612,43.8149],[-84.60604,43.81537],[-84.60647,43.90185],[-84.60645,43.92949],[-84.60634,43.93045],[-84.6063,43.94481],[-84.60619,43.98878],[-84.60643,44.00318],[-84.60654,44.01758],[-84.60674,44.05761],[-84.60692,44.07592],[-84.60712,44.13058],[-84.60724,44.13459],[-84.6081,44.16048],[-84.48729,44.16049]]]}},{"type":"Feature","properties":{"name":"Go2 (Muskegon Area Transit)","boundary_type":"county","source":"Census TIGER county","fidelity":"exact","updated":"2026-09","units":"Muskegon County","note":"Service area is Muskegon County with fixed-route hub connections.","confidence":0.95},"geometry":{"type":"Polygon","coordinates":[[[-86.39714,43.47249],[-86.29084,43.47027],[-86.28163,43.47026],[-86.28067,43.47013],[-86.27787,43.47008],[-86.22749,43.46919],[-86.21891,43.46911],[-86.21831,43.4691],[-86.15863,43.46874],[-86.07914,43.46792],[-86.03949,43.46745],[-86.03929,43.44576],[-86.03931,43.40958],[-86.03913,43.38064],[-86.03909,43.36603],[-86.03899,43.31811],[-86.039,43.30803],[-86.039,43.30753],[-86.03899,43.30004],[-86.03895,43.29352],[-86.02793,43.29348],[-86.02007,43.29344],[-86.00135,43.29337],[-85.95974,43.29339],[-85.93966,43.2933],[-85.92,43.29316],[-85.9081,43.29314],[-85.86993,43.29301],[-85.8301,43.29295],[-85.81059,43.29292],[-85.80082,43.29294],[-85.79045,43.293],[-85.79045,43.26326],[-85.79053,43.24153],[-85.79056,43.2271],[-85.79056,43.22694],[-85.79066,43.20517],[-85.84994,43.20565],[-85.87962,43.20598],[-85.89962,43.2059],[-85.90839,43.20592],[-85.90781,43.16238],[-85.9078,43.14798],[-85.90767,43.1375],[-85.90762,43.13338],[-85.90743,43.11891],[-86.01712,43.11854],[-86.02703,43.11827],[-86.03625,43.11826],[-86.03653,43.11826],[-86.06683,43.11814],[-86.12959,43.11754],[-86.14617,43.1174],[-86.16627,43.11756],[-86.16818,43.11758],[-86.18016,43.11768],[-86.20526,43.11776],[-86.21006,43.1178],[-86.21527,43.11787],[-86.25103,43.1182],[-86.26432,43.1183],[-86.272,43.11837],[-86.28076,43.13602],[-86.29121,43.15408],[-86.29362,43.15857],[-86.29759,43.166],[-86.29791,43.1665],[-86.31266,43.1895],[-86.31626,43.19511],[-86.32078,43.2024],[-86.32089,43.20258],[-86.32556,43.21011],[-86.33254,43.21979],[-86.33727,43.2236],[-86.3423,43.23157],[-86.34363,43.23576],[-86.34405,43.23711],[-86.34693,43.24267],[-86.35643,43.25603],[-86.35774,43.25818],[-86.36033,43.2624],[-86.36151,43.26434],[-86.36752,43.27416],[-86.36877,43.27602],[-86.37518,43.28557],[-86.38388,43.29853],[-86.39373,43.31321],[-86.39575,43.31623],[-86.3967,43.31816],[-86.40408,43.33316],[-86.40816,43.34185],[-86.40818,43.3419],[-86.40823,43.34201],[-86.40843,43.34244],[-86.41739,43.35842],[-86.42178,43.36724],[-86.42482,43.37169],[-86.4259,43.37327],[-86.42704,43.37494],[-86.42704,43.37518],[-86.42702,43.37903],[-86.42883,43.38477],[-86.43445,43.39542],[-86.43512,43.3967],[-86.44255,43.41596],[-86.44848,43.43133],[-86.44874,43.43201],[-86.452,43.44218],[-86.46063,43.46913],[-86.46154,43.47233],[-86.39714,43.47249]]]}},{"type":"Feature","properties":{"name":"I-DART (Ionia Dial-A-Ride)","boundary_type":"city","source":"Census TIGER place","fidelity":"approximate","updated":"2026-09","units":"Ionia city","note":"City of Ionia with surrounding area; service zone is approximate, centered on the city","confidence":0.85},"geometry":{"type":"MultiPolygon","coordinates":[[[[-85.06534,42.93308],[-85.06959,42.93313],[-85.06958,42.93559],[-85.07477,42.93564],[-85.07477,42.93621],[-85.07222,42.93672],[-85.06533,42.93667],[-85.06534,42.93308]]],[[[-85.07291,42.95113],[-85.07327,42.95703],[-85.07055,42.95704],[-85.07054,42.95831],[-85.06564,42.95833],[-85.06563,42.95416],[-85.06343,42.95416],[-85.06343,42.95116],[-85.0709,42.95113],[-85.07116,42.94635],[-85.07376,42.94635],[-85.07376,42.94938],[-85.07117,42.94938],[-85.07118,42.95113],[-85.07291,42.95113]]],[[[-85.07366,42.96291],[-85.07088,42.96287],[-85.07085,42.95957],[-85.07152,42.95958],[-85.07155,42.9584],[-85.07286,42.95841],[-85.07282,42.96019],[-85.0738,42.96019],[-85.07377,42.96141],[-85.07465,42.96142],[-85.07455,42.96173],[-85.07433,42.96211],[-85.07411,42.9624],[-85.07366,42.96291]]],[[[-85.10451,42.98643],[-85.10205,42.98642],[-85.10205,42.98734],[-85.09775,42.98735],[-85.09771,42.98529],[-85.09677,42.9831],[-85.09649,42.98182],[-85.09571,42.98192],[-85.09331,42.9787],[-85.09043,42.97704],[-85.09039,42.97506],[-85.0806,42.9791],[-85.07992,42.98372],[-85.08019,42.98735],[-85.08002,42.9906],[-85.08005,42.99103],[-85.07502,42.99102],[-85.07504,42.9946],[-85.07246,42.99462],[-85.0719,42.99107],[-85.06619,42.99105],[-85.06631,42.99462],[-85.06729,42.99463],[-85.06731,42.99506],[-85.07389,42.99503],[-85.07391,42.9967],[-85.07331,42.99835],[-85.06455,42.99838],[-85.06454,42.99683],[-85.05722,42.99688],[-85.05723,42.99468],[-85.05454,42.99259],[-85.05454,42.99101],[-85.04707,42.99128],[-85.04704,42.99244],[-85.04958,42.99245],[-85.0496,42.99381],[-85.04458,42.99462],[-85.03982,42.99467],[-85.03989,42.9875],[-85.04121,42.98737],[-85.0446,42.98737],[-85.04448,42.98178],[-85.04336,42.98231],[-85.03737,42.98271],[-85.03734,42.9816],[-85.03469,42.9829],[-85.03111,42.98327],[-85.0312,42.98598],[-85.03446,42.98667],[-85.03449,42.98895],[-85.02995,42.99106],[-85.03469,42.99108],[-85.03466,42.99468],[-85.02978,42.99474],[-85.0297,42.99116],[-85.02883,42.99149],[-85.02855,42.99037],[-85.02938,42.98955],[-85.02514,42.98909],[-85.02325,42.98752],[-85.02573,42.98658],[-85.02741,42.98429],[-85.02652,42.98191],[-85.02846,42.98066],[-85.0286,42.97867],[-85.0341,42.97615],[-85.03789,42.97707],[-85.04148,42.97704],[-85.0437,42.97614],[-85.04365,42.97561],[-85.04502,42.97487],[-85.04942,42.97415],[-85.05132,42.97344],[-85.05341,42.97431],[-85.05253,42.97756],[-85.05459,42.97831],[-85.05898,42.97748],[-85.06091,42.97672],[-85.06353,42.97465],[-85.06931,42.97206],[-85.0693,42.97227],[-85.07041,42.97232],[-85.0713,42.97481],[-85.07494,42.97445],[-85.07853,42.97315],[-85.08213,42.97054],[-85.08227,42.962],[-85.07979,42.96202],[-85.0798,42.96022],[-85.07614,42.9602],[-85.07577,42.95793],[-85.07991,42.95792],[-85.07997,42.95474],[-85.08218,42.95474],[-85.08961,42.95473],[-85.08963,42.95381],[-85.0945,42.95382],[-85.09453,42.96167],[-85.09427,42.9631],[-85.09438,42.96307],[-85.09441,42.96479],[-85.09584,42.96479],[-85.09901,42.96521],[-85.10281,42.96851],[-85.10942,42.9671],[-85.10945,42.96948],[-85.1095,42.97275],[-85.11103,42.97275],[-85.11109,42.97874],[-85.1111,42.97903],[-85.11179,42.98179],[-85.11203,42.98454],[-85.1116,42.98559],[-85.11113,42.9873],[-85.10453,42.98733],[-85.10451,42.98643]],[[-85.09796,42.98163],[-85.09781,42.97933],[-85.09579,42.97931],[-85.09584,42.98016],[-85.09649,42.98182],[-85.09796,42.98163]],[[-85.09728,42.97117],[-85.09581,42.97219],[-85.09602,42.97281],[-85.09573,42.9729],[-85.09576,42.97396],[-85.09731,42.97395],[-85.09774,42.97461],[-85.09822,42.9746],[-85.09797,42.97429],[-85.09741,42.97388],[-85.09735,42.97277],[-85.09761,42.97233],[-85.09728,42.97117]],[[-85.09187,42.96361],[-85.09179,42.96317],[-85.09168,42.96294],[-85.08927,42.96316],[-85.08921,42.96414],[-85.09187,42.96361]],[[-85.06122,42.99464],[-85.06125,42.99101],[-85.05882,42.99099],[-85.05879,42.99146],[-85.05957,42.99463],[-85.06122,42.99464]],[[-85.05748,42.9923],[-85.05743,42.99101],[-85.0572,42.99101],[-85.05599,42.99101],[-85.05597,42.99231],[-85.05748,42.9923]],[[-85.04344,42.98018],[-85.04446,42.98164],[-85.04447,42.98121],[-85.04443,42.97888],[-85.03954,42.97891],[-85.03954,42.98022],[-85.04344,42.98018]]],[[[-85.08922,42.98401],[-85.08717,42.98492],[-85.08494,42.98493],[-85.08495,42.98448],[-85.08495,42.98406],[-85.08922,42.98401]]]]}},{"type":"Feature","properties":{"name":"I-Ride (Isabella County Transportation Commission)","boundary_type":"county","source":"Census TIGER county","fidelity":"exact","updated":"2026-09","units":"Isabella County","note":"Countywide demand-response service with cross-county transfer options available","confidence":0.95},"geometry":{"type":"Polygon","coordinates":[[[-85.00889,43.81397],[-84.96971,43.81377],[-84.96907,43.81377],[-84.88711,43.81403],[-84.87502,43.81382],[-84.87333,43.8142],[-84.86668,43.8142],[-84.84953,43.81431],[-84.84369,43.81434],[-84.82833,43.81445],[-84.8084,43.81456],[-84.78346,43.81465],[-84.7716,43.81471],[-84.76836,43.81473],[-84.76067,43.81469],[-84.75345,43.81484],[-84.75335,43.81484],[-84.7524,43.81484],[-84.75169,43.81482],[-84.72844,43.815],[-84.70716,43.81505],[-84.60604,43.81537],[-84.6063,43.78575],[-84.60694,43.72796],[-84.6076,43.67703],[-84.60796,43.64073],[-84.6081,43.62597],[-84.60791,43.61462],[-84.60786,43.61156],[-84.60783,43.59722],[-84.60782,43.59705],[-84.6078,43.55363],[-84.60769,43.52395],[-84.60765,43.51492],[-84.60761,43.50578],[-84.60754,43.46601],[-84.6583,43.46606],[-84.66236,43.46605],[-84.66726,43.46605],[-84.67369,43.46607],[-84.68228,43.46608],[-84.68716,43.46611],[-84.71812,43.46618],[-84.7268,43.46624],[-84.73689,43.46623],[-84.7425,43.46624],[-84.74667,43.46623],[-84.76664,43.46629],[-84.78668,43.46627],[-84.79666,43.46626],[-84.80227,43.46626],[-84.82991,43.46622],[-84.83632,43.46623],[-84.84596,43.46616],[-84.90577,43.46618],[-84.94477,43.46624],[-84.9655,43.46614],[-84.96575,43.46622],[-85.00519,43.46605],[-85.085,43.46619],[-85.08567,43.55248],[-85.08578,43.56692],[-85.08589,43.5779],[-85.08601,43.59578],[-85.08655,43.63953],[-85.08729,43.72654],[-85.08798,43.75555],[-85.08829,43.76026],[-85.08881,43.81368],[-85.00889,43.81397]]]}},{"type":"Feature","properties":{"name":"Iosco Transit Corporation","boundary_type":"county","source":"Census TIGER county","fidelity":"exact","updated":"2026-09","units":"Iosco County","note":"Countywide demand-response service along Lake Huron; covers East Tawas, Tawas City, Oscoda, and surrounding areas","confidence":0.95},"geometry":{"type":"Polygon","coordinates":[[[-83.76619,44.50998],[-83.69558,44.51058],[-83.66523,44.51087],[-83.6644,44.51083],[-83.64525,44.51091],[-83.60401,44.51121],[-83.58419,44.51123],[-83.58352,44.51136],[-83.57941,44.5112],[-83.55661,44.51133],[-83.55317,44.51151],[-83.53626,44.51142],[-83.53542,44.51154],[-83.42165,44.51167],[-83.40147,44.5117],[-83.37347,44.51172],[-83.34964,44.51173],[-83.32805,44.51172],[-83.31865,44.51165],[-83.31907,44.50846],[-83.31797,44.50135],[-83.31796,44.50127],[-83.31674,44.49362],[-83.31761,44.48606],[-83.31971,44.47701],[-83.32114,44.47089],[-83.3235,44.46074],[-83.32458,44.45607],[-83.32593,44.44649],[-83.32682,44.44441],[-83.32717,44.42923],[-83.32705,44.42855],[-83.32646,44.42526],[-83.32505,44.41743],[-83.32481,44.41613],[-83.32469,44.41542],[-83.32462,44.41504],[-83.32155,44.40912],[-83.32053,44.40693],[-83.32064,44.40669],[-83.32165,44.4045],[-83.32487,44.39696],[-83.32586,44.39527],[-83.32733,44.38839],[-83.33188,44.37712],[-83.33376,44.37249],[-83.33525,44.358],[-83.33489,44.35569],[-83.33379,44.34857],[-83.33253,44.34046],[-83.33347,44.33736],[-83.33371,44.33658],[-83.33734,44.33317],[-83.34051,44.33105],[-83.3443,44.33073],[-83.35211,44.33237],[-83.35358,44.33254],[-83.3578,44.33306],[-83.36431,44.33259],[-83.37009,44.33022],[-83.37361,44.32778],[-83.37423,44.32721],[-83.38446,44.3178],[-83.38721,44.31572],[-83.39178,44.31225],[-83.39195,44.31207],[-83.39609,44.30745],[-83.40182,44.30183],[-83.4143,44.29454],[-83.41508,44.29348],[-83.41886,44.28832],[-83.41924,44.2878],[-83.42576,44.27249],[-83.42798,44.27024],[-83.42986,44.26915],[-83.4333,44.26429],[-83.44157,44.25728],[-83.44918,44.2518],[-83.45079,44.2517],[-83.45129,44.25295],[-83.44606,44.25889],[-83.44336,44.26241],[-83.44073,44.26282],[-83.43923,44.26489],[-83.44004,44.26837],[-83.44183,44.27047],[-83.4458,44.27338],[-83.45313,44.27638],[-83.461,44.27833],[-83.46305,44.27884],[-83.47142,44.27979],[-83.47953,44.28009],[-83.48293,44.27953],[-83.48565,44.27854],[-83.48832,44.27861],[-83.48918,44.27789],[-83.49472,44.27754],[-83.49604,44.27733],[-83.50039,44.27661],[-83.50111,44.27637],[-83.50124,44.27632],[-83.50884,44.27371],[-83.50915,44.27347],[-83.51196,44.27134],[-83.51363,44.2685],[-83.51803,44.26662],[-83.52482,44.26156],[-83.52559,44.26076],[-83.52498,44.25966],[-83.52576,44.25855],[-83.52786,44.25717],[-83.53159,44.2545],[-83.5351,44.25087],[-83.53522,44.25075],[-83.53596,44.24998],[-83.53771,44.24817],[-83.54226,44.24108],[-83.5491,44.22728],[-83.54971,44.22461],[-83.55237,44.2129],[-83.55287,44.21072],[-83.55285,44.20651],[-83.55383,44.19796],[-83.55506,44.19371],[-83.55527,44.18992],[-83.55653,44.18839],[-83.55811,44.18382],[-83.55915,44.17773],[-83.56142,44.17394],[-83.56507,44.16352],[-83.61603,44.16288],[-83.64224,44.16264],[-83.68698,44.16221],[-83.73131,44.1619],[-83.76298,44.1619],[-83.77208,44.16194],[-83.77773,44.16196],[-83.80581,44.16207],[-83.80815,44.16207],[-83.83862,44.16187],[-83.86823,44.1619],[-83.88398,44.16179],[-83.88343,44.24806],[-83.88339,44.26235],[-83.88344,44.27673],[-83.88324,44.30565],[-83.88345,44.33465],[-83.8835,44.34902],[-83.88352,44.35061],[-83.88346,44.35071],[-83.88378,44.40464],[-83.88404,44.4221],[-83.88492,44.45078],[-83.88518,44.45817],[-83.88524,44.45857],[-83.88663,44.50898],[-83.76619,44.50998]]]}},{"type":"Feature","properties":{"name":"Kalkaska Public Transit Authority","boundary_type":"county","source":"Census TIGER county","fidelity":"exact","updated":"2026-09","units":"Kalkaska County","note":"Countywide demand-response service with separate Village and countywide door-to-door services; connects to Traverse City","confidence":0.95},"geometry":{"type":"Polygon","coordinates":[[[-85.33316,44.56933],[-85.33316,44.56971],[-85.33289,44.59837],[-85.33302,44.6418],[-85.33343,44.68513],[-85.33322,44.70309],[-85.33302,44.77205],[-85.33291,44.77271],[-85.33289,44.77981],[-85.33289,44.80013],[-85.33284,44.81237],[-85.33031,44.81519],[-85.32536,44.8182],[-85.32312,44.81928],[-85.31809,44.81947],[-85.31663,44.82128],[-85.31655,44.82351],[-85.32015,44.826],[-85.32115,44.82803],[-85.32096,44.83057],[-85.31991,44.833],[-85.32037,44.8357],[-85.32313,44.84601],[-85.32439,44.84716],[-85.32697,44.84803],[-85.32759,44.85041],[-85.32759,44.85076],[-85.32349,44.85194],[-85.32087,44.85216],[-85.31626,44.85321],[-85.31291,44.85356],[-85.30699,44.85506],[-85.30409,44.85618],[-85.29172,44.85961],[-85.28253,44.85954],[-85.25193,44.85939],[-85.24632,44.85937],[-85.23142,44.85934],[-85.21109,44.85923],[-85.17574,44.85915],[-85.17346,44.85901],[-85.1527,44.85891],[-85.10511,44.85876],[-85.09135,44.85869],[-85.05129,44.85891],[-85.01109,44.85884],[-84.97256,44.85896],[-84.96887,44.85894],[-84.84731,44.85804],[-84.84735,44.77122],[-84.84986,44.7125],[-84.84996,44.69332],[-84.84982,44.68866],[-84.84966,44.68429],[-84.84948,44.65536],[-84.84966,44.64484],[-84.84993,44.62595],[-84.8499,44.59788],[-84.84975,44.59688],[-84.85093,44.51107],[-85.00554,44.51047],[-85.00683,44.51039],[-85.09295,44.51046],[-85.11374,44.51107],[-85.12678,44.51089],[-85.13379,44.51102],[-85.15467,44.51113],[-85.16151,44.51118],[-85.21321,44.51174],[-85.23348,44.51204],[-85.30478,44.51219],[-85.334,44.5123],[-85.33397,44.51934],[-85.33316,44.56933]]]}},{"type":"Feature","properties":{"name":"Manistee County Transportation","boundary_type":"county","source":"Census TIGER county","fidelity":"exact","updated":"2026-09","units":"Manistee County","note":"Countywide demand-response service along Lake Michigan; covers City of Manistee and surrounding townships","confidence":0.95},"geometry":{"type":"Polygon","coordinates":[[[-86.38451,44.18461],[-86.37592,44.19267],[-86.36769,44.20156],[-86.36404,44.20649],[-86.36285,44.20811],[-86.35977,44.21332],[-86.35746,44.21724],[-86.35204,44.22858],[-86.35164,44.22943],[-86.35157,44.2296],[-86.34929,44.23546],[-86.34379,44.24961],[-86.34313,44.25008],[-86.33318,44.25708],[-86.32729,44.26306],[-86.32684,44.26378],[-86.32251,44.27073],[-86.32011,44.27654],[-86.31906,44.27852],[-86.31602,44.28421],[-86.30922,44.29456],[-86.30469,44.30146],[-86.30443,44.30185],[-86.30026,44.3082],[-86.29541,44.3139],[-86.28405,44.32728],[-86.27538,44.3357],[-86.26871,44.34532],[-86.26631,44.35106],[-86.26524,44.35683],[-86.26545,44.35852],[-86.26524,44.35903],[-86.26448,44.36082],[-86.26262,44.36448],[-86.26137,44.36877],[-86.25883,44.38381],[-86.25622,44.39031],[-86.25445,44.3939],[-86.25193,44.40098],[-86.24808,44.42095],[-86.2482,44.42783],[-86.24827,44.43207],[-86.24832,44.43476],[-86.24938,44.442],[-86.25184,44.45163],[-86.2516,44.46544],[-86.25091,44.46997],[-86.24993,44.47345],[-86.24907,44.48155],[-86.24891,44.483],[-86.2475,44.48358],[-86.24374,44.48893],[-86.24227,44.49269],[-86.24181,44.49589],[-86.2389,44.50139],[-86.23874,44.50168],[-86.23699,44.50724],[-86.23623,44.51121],[-86.23494,44.51644],[-86.23469,44.5183],[-86.18092,44.51786],[-86.1808,44.51786],[-86.14072,44.5167],[-86.10784,44.51587],[-86.10507,44.51572],[-86.07309,44.51499],[-86.06886,44.5149],[-86.06051,44.51476],[-86.01945,44.514],[-85.97929,44.51346],[-85.94906,44.51324],[-85.93893,44.51319],[-85.92881,44.51317],[-85.88912,44.51302],[-85.85832,44.51303],[-85.8178,44.51297],[-85.81775,44.49774],[-85.81789,44.48849],[-85.818,44.48122],[-85.81791,44.48077],[-85.81908,44.4245],[-85.82062,44.37547],[-85.82086,44.35248],[-85.82078,44.338],[-85.82081,44.32456],[-85.82065,44.32232],[-85.82122,44.27643],[-85.82103,44.27576],[-85.82107,44.2513],[-85.82145,44.22325],[-85.82118,44.20847],[-85.82095,44.20705],[-85.82117,44.20637],[-85.82119,44.1642],[-85.92132,44.16477],[-85.93093,44.16498],[-85.94037,44.16493],[-85.94649,44.16516],[-86.01646,44.16702],[-86.04351,44.16709],[-86.06332,44.16786],[-86.0836,44.16871],[-86.10276,44.16906],[-86.14297,44.17018],[-86.1599,44.17077],[-86.17511,44.17124],[-86.18219,44.17143],[-86.18482,44.17165],[-86.26514,44.17517],[-86.27461,44.17547],[-86.27949,44.17562],[-86.29606,44.17598],[-86.29891,44.17587],[-86.30062,44.17603],[-86.30543,44.17616],[-86.3888,44.17869],[-86.3873,44.18115],[-86.38451,44.18461]]]}},{"type":"Feature","properties":{"name":"Metro Link (Kalamazoo Metro)","boundary_type":"places","source":"Census TIGER place","fidelity":"approximate","updated":"2026-09","units":"Comstock charter township; Portage city; Oshtemo charter township; Texas charter township","note":"Three zones, not countywide: East zone covers Comstock Township, South zone covers Portage, West zone covers Oshtemo Township and parts of Texas Township. No exact zone boundaries or size published; townships shown here are approximate containing units, not full zone extent. Sources: https://www.wmuk.org/wmuk-news/2024-04-18/kalamazoo-metro-launches-a-rideshare-service, https://comstockmi.gov/2024/04/01/new-ridesharing-service-to-launch-in-comstock-charter-township/, https://city.ridewithvia.com/metrolink","confidence":0.8},"geometry":{"type":"MultiPolygon","coordinates":[[[[-85.63993,42.24526],[-85.63853,42.24526],[-85.61728,42.2452],[-85.61411,42.24521],[-85.60607,42.24519],[-85.60174,42.24517],[-85.60017,42.24516],[-85.59517,42.24517],[-85.5968,42.24394],[-85.5969,42.24023],[-85.59929,42.23936],[-85.59263,42.23927],[-85.59127,42.24101],[-85.59448,42.24248],[-85.59496,42.24518],[-85.58963,42.24514],[-85.57746,42.24507],[-85.57745,42.24449],[-85.57921,42.24204],[-85.57941,42.24124],[-85.57752,42.24407],[-85.57727,42.24507],[-85.57636,42.24507],[-85.57511,42.24508],[-85.575,42.24194],[-85.57392,42.24197],[-85.57394,42.24111],[-85.57394,42.24056],[-85.57493,42.24053],[-85.57499,42.23859],[-85.56972,42.24103],[-85.56982,42.24507],[-85.5602,42.24497],[-85.55783,42.24502],[-85.56015,42.24306],[-85.56018,42.235],[-85.56492,42.23522],[-85.56486,42.23016],[-85.56261,42.23013],[-85.56023,42.23199],[-85.55643,42.23269],[-85.55644,42.2301],[-85.55324,42.2301],[-85.55281,42.22802],[-85.5503,42.22068],[-85.55027,42.21556],[-85.54548,42.21562],[-85.54548,42.23016],[-85.54545,42.24499],[-85.54084,42.24498],[-85.54079,42.24094],[-85.5453,42.24095],[-85.54529,42.2377],[-85.54063,42.23777],[-85.54056,42.24498],[-85.53088,42.24493],[-85.53112,42.24366],[-85.53046,42.24132],[-85.53052,42.23719],[-85.53048,42.23032],[-85.53022,42.19828],[-85.52831,42.19674],[-85.5302,42.1972],[-85.53016,42.19518],[-85.53011,42.19213],[-85.53007,42.18257],[-85.53055,42.18209],[-85.53056,42.17931],[-85.53031,42.15737],[-85.54022,42.15747],[-85.56418,42.15744],[-85.56962,42.15742],[-85.58651,42.15741],[-85.61471,42.1574],[-85.62832,42.15738],[-85.63474,42.15758],[-85.64781,42.15738],[-85.66738,42.15751],[-85.67628,42.15781],[-85.68695,42.15767],[-85.71623,42.15737],[-85.72812,42.15731],[-85.7424,42.15722],[-85.74772,42.15757],[-85.7646,42.15725],[-85.76532,42.19751],[-85.76524,42.20055],[-85.76543,42.21546],[-85.76565,42.22293],[-85.76583,42.22974],[-85.76607,42.24469],[-85.76596,42.27536],[-85.76591,42.28925],[-85.76589,42.29533],[-85.76577,42.30246],[-85.76569,42.31356],[-85.76551,42.33171],[-85.70639,42.33166],[-85.68711,42.33206],[-85.66556,42.33254],[-85.66405,42.33256],[-85.65841,42.3327],[-85.65757,42.33252],[-85.64837,42.33211],[-85.64831,42.33212],[-85.64782,42.32851],[-85.64812,42.32465],[-85.64813,42.3107],[-85.64812,42.30966],[-85.65381,42.30993],[-85.65386,42.31094],[-85.66351,42.31068],[-85.66347,42.30893],[-85.65873,42.30907],[-85.65865,42.30742],[-85.65619,42.30626],[-85.65601,42.30741],[-85.6481,42.30758],[-85.64813,42.30275],[-85.64816,42.29629],[-85.64823,42.28586],[-85.64824,42.28422],[-85.64823,42.2826],[-85.64825,42.28112],[-85.64825,42.28015],[-85.64827,42.27813],[-85.64828,42.27671],[-85.64828,42.27614],[-85.6496,42.27622],[-85.6495,42.27495],[-85.64829,42.2754],[-85.64832,42.2697],[-85.64837,42.2599],[-85.65104,42.25987],[-85.64836,42.2568],[-85.64836,42.25614],[-85.6484,42.24528],[-85.64073,42.24527],[-85.63993,42.24526]]],[[[-85.55182,42.22861],[-85.55185,42.22981],[-85.55098,42.22981],[-85.55091,42.22862],[-85.55182,42.22861]]],[[[-85.52281,42.33275],[-85.51837,42.33274],[-85.50388,42.3327],[-85.49285,42.33267],[-85.46389,42.33269],[-85.43407,42.33279],[-85.415,42.33287],[-85.41475,42.31611],[-85.41446,42.30225],[-85.41787,42.30221],[-85.41783,42.29972],[-85.41936,42.29983],[-85.42908,42.29945],[-85.42892,42.28876],[-85.42882,42.28033],[-85.42723,42.27803],[-85.42491,42.27709],[-85.42143,42.27839],[-85.42052,42.28009],[-85.41993,42.28413],[-85.41732,42.28579],[-85.41418,42.28453],[-85.41385,42.26709],[-85.41353,42.24531],[-85.46267,42.24501],[-85.47693,42.24491],[-85.4823,42.24487],[-85.52905,42.24494],[-85.53088,42.24493],[-85.53083,42.26254],[-85.53081,42.26671],[-85.53078,42.28545],[-85.53078,42.28587],[-85.53079,42.28809],[-85.53076,42.28941],[-85.5309,42.29017],[-85.53167,42.29615],[-85.53142,42.30097],[-85.53169,42.30313],[-85.53159,42.30948],[-85.53119,42.30948],[-85.53113,42.31018],[-85.53115,42.33279],[-85.52281,42.33275]]]]}},{"type":"Feature","properties":{"name":"MTA Genesee Connect","boundary_type":"places","source":"Census TIGER place","fidelity":"approximate","updated":"2026-09","units":"Flint city; Grand Blanc city; Mundy township","note":"First zone (launching July 2026) is the Hill Rd. Corridor, a linear corridor, not full coverage of any of these units. MTA's own page says the zone is 'located in Flint and Grand Blanc' (city of Grand Blanc used here; township boundary is ambiguous in Census data and unresolvable from the source text); coverage of the ribbon-cutting event (at the Mundy Township Senior Center on Hill Rd) also names Mundy Township as a stop area. No zone size, radius, or boundary streets published; more zones planned. Sources: https://www.mtaflint.org/genesee-connect/, https://midmichigannow.com/news/local/mta-introduces-the-new-micro-transit-service-in-genesee-county","confidence":0.6},"geometry":{"type":"MultiPolygon","coordinates":[[[[-83.7716,42.95821],[-83.76873,42.95828],[-83.7691,42.96233],[-83.77167,42.96255],[-83.76915,42.96263],[-83.76925,42.96411],[-83.76168,42.9643],[-83.76172,42.96546],[-83.77172,42.96522],[-83.77214,42.97042],[-83.77186,42.97167],[-83.76994,42.97188],[-83.76981,42.97283],[-83.76758,42.972],[-83.76663,42.97284],[-83.75181,42.97299],[-83.74583,42.97313],[-83.74614,42.97496],[-83.74355,42.97554],[-83.74354,42.97451],[-83.74238,42.97316],[-83.72475,42.9735],[-83.72658,42.97836],[-83.72895,42.98174],[-83.72835,42.98264],[-83.72354,42.9826],[-83.72166,42.98442],[-83.71612,42.98841],[-83.71793,42.98797],[-83.72014,42.98827],[-83.72333,42.9883],[-83.72547,42.98755],[-83.72587,42.98797],[-83.72861,42.98674],[-83.72862,42.98608],[-83.73093,42.98566],[-83.73232,42.98673],[-83.73275,42.98813],[-83.73288,42.99231],[-83.73302,42.99477],[-83.73308,42.99542],[-83.73796,42.99512],[-83.73746,43.00228],[-83.74067,43.00221],[-83.74188,43.00218],[-83.74075,43.00458],[-83.74044,43.00689],[-83.739,43.00688],[-83.73801,43.01031],[-83.73932,43.01167],[-83.73685,43.01469],[-83.73493,43.01695],[-83.73472,43.01733],[-83.73345,43.01816],[-83.7317,43.02085],[-83.73014,43.02219],[-83.73001,43.02289],[-83.73019,43.02296],[-83.72952,43.02383],[-83.73174,43.02447],[-83.74232,43.02748],[-83.73999,43.02982],[-83.74004,43.02989],[-83.74058,43.03006],[-83.74045,43.03069],[-83.74013,43.03053],[-83.73932,43.03043],[-83.73884,43.03074],[-83.73824,43.03241],[-83.7398,43.03414],[-83.74237,43.03368],[-83.73752,43.03776],[-83.73597,43.03645],[-83.73346,43.03718],[-83.73302,43.0385],[-83.73318,43.04199],[-83.7333,43.04622],[-83.73331,43.0504],[-83.73344,43.05383],[-83.73339,43.05704],[-83.73761,43.05718],[-83.7377,43.06066],[-83.73337,43.06064],[-83.73342,43.06392],[-83.7334,43.06739],[-83.73343,43.07509],[-83.72435,43.07517],[-83.72449,43.07914],[-83.71934,43.07928],[-83.71731,43.07934],[-83.71737,43.07539],[-83.71391,43.07552],[-83.70631,43.0756],[-83.69405,43.07567],[-83.68378,43.07579],[-83.67414,43.07587],[-83.66586,43.07608],[-83.6642,43.0761],[-83.65658,43.07634],[-83.6545,43.07636],[-83.64617,43.0764],[-83.65095,43.06964],[-83.65081,43.0617],[-83.6507,43.05741],[-83.65074,43.05691],[-83.64752,43.05727],[-83.64069,43.059],[-83.634,43.06109],[-83.63202,43.06053],[-83.63101,43.06152],[-83.63114,43.06563],[-83.62627,43.06569],[-83.62628,43.06202],[-83.62274,43.06205],[-83.62256,43.05675],[-83.62065,43.05656],[-83.62107,43.0547],[-83.62078,43.05177],[-83.62146,43.05121],[-83.62833,43.05112],[-83.62858,43.0544],[-83.63078,43.05432],[-83.62974,43.05532],[-83.63214,43.05997],[-83.63466,43.06004],[-83.63593,43.05859],[-83.63728,43.05842],[-83.63597,43.05752],[-83.64566,43.05582],[-83.64972,43.05413],[-83.65046,43.0544],[-83.65052,43.05086],[-83.64564,43.05092],[-83.63578,43.05107],[-83.63566,43.0474],[-83.63562,43.04314],[-83.6355,43.03758],[-83.63548,43.03716],[-83.63536,43.03323],[-83.63508,43.026],[-83.63484,43.01873],[-83.63472,43.01381],[-83.63466,43.01154],[-83.63464,43.01011],[-83.6345,43.00417],[-83.64408,43.00391],[-83.64375,42.99156],[-83.64371,42.98932],[-83.65341,42.98916],[-83.65317,42.98195],[-83.6609,42.98187],[-83.66452,42.98182],[-83.67434,42.98168],[-83.68231,42.98153],[-83.6906,42.9814],[-83.69049,42.97629],[-83.69282,42.97716],[-83.6929,42.98121],[-83.69752,42.98119],[-83.713,42.98101],[-83.71284,42.9738],[-83.72284,42.97356],[-83.72559,42.97155],[-83.72561,42.96625],[-83.73224,42.96582],[-83.7321,42.96157],[-83.74208,42.9614],[-83.74039,42.95882],[-83.73902,42.95875],[-83.73218,42.95891],[-83.72534,42.95903],[-83.71258,42.95925],[-83.70263,42.95938],[-83.69252,42.95959],[-83.69211,42.94421],[-83.69158,42.92936],[-83.69155,42.92832],[-83.69152,42.92785],[-83.69098,42.91497],[-83.69058,42.90216],[-83.69066,42.90171],[-83.69071,42.90053],[-83.69076,42.89917],[-83.69024,42.89302],[-83.68996,42.88586],[-83.68938,42.87126],[-83.6968,42.87111],[-83.72928,42.87064],[-83.73914,42.87053],[-83.73941,42.87054],[-83.74879,42.87036],[-83.7593,42.87024],[-83.75995,42.87023],[-83.76889,42.8701],[-83.80883,42.86933],[-83.80927,42.86933],[-83.8094,42.89509],[-83.80943,42.89874],[-83.80955,42.89934],[-83.80987,42.91341],[-83.81033,42.92819],[-83.81116,42.9575],[-83.79143,42.95785],[-83.7716,42.95821]],[[-83.75846,42.96054],[-83.76019,42.96053],[-83.76017,42.95839],[-83.75839,42.95843],[-83.75846,42.96054]]],[[[-83.61773,42.93785],[-83.60784,42.93798],[-83.59901,42.93182],[-83.60098,42.93204],[-83.60265,42.92963],[-83.6001,42.93077],[-83.59676,42.93097],[-83.59038,42.93106],[-83.59038,42.92386],[-83.59269,42.92378],[-83.59249,42.92007],[-83.59247,42.91655],[-83.60152,42.91651],[-83.60146,42.91327],[-83.60548,42.91006],[-83.61635,42.91737],[-83.61819,42.9159],[-83.618,42.91226],[-83.62188,42.91226],[-83.62178,42.91608],[-83.6321,42.91592],[-83.64197,42.91567],[-83.64182,42.92018],[-83.64189,42.92668],[-83.64201,42.9375],[-83.63848,42.93762],[-83.63245,42.93776],[-83.61773,42.93785]],[[-83.60537,42.92618],[-83.60621,42.92757],[-83.60875,42.92639],[-83.61101,42.92593],[-83.61108,42.92639],[-83.61251,42.92631],[-83.61254,42.92566],[-83.61514,42.92535],[-83.61712,42.92512],[-83.61713,42.9234],[-83.6144,42.92343],[-83.60444,42.9236],[-83.60537,42.92618]]]]}},{"type":"Feature","properties":{"name":"Ogemaw County Public Transportation","boundary_type":"county","source":"Census TIGER county","fidelity":"exact","updated":"2026-09","units":"Ogemaw County","note":"County-wide demand-response service","confidence":1.0},"geometry":{"type":"Polygon","coordinates":[[[-84.18822,44.5076],[-84.17664,44.50765],[-84.12799,44.50812],[-84.0531,44.50835],[-84.0506,44.50853],[-84.04997,44.50865],[-84.04754,44.50844],[-84.00725,44.50886],[-83.91314,44.50899],[-83.91246,44.50907],[-83.88663,44.50898],[-83.88524,44.45857],[-83.88518,44.45817],[-83.88492,44.45078],[-83.88404,44.4221],[-83.88378,44.40464],[-83.88346,44.35071],[-83.88352,44.35061],[-83.8835,44.34902],[-83.88345,44.33465],[-83.88324,44.30565],[-83.88344,44.27673],[-83.88339,44.26235],[-83.88343,44.24806],[-83.88398,44.16179],[-83.92749,44.16183],[-83.9721,44.16194],[-83.99786,44.16197],[-83.99984,44.16197],[-84.00498,44.16197],[-84.00746,44.16197],[-84.03214,44.16192],[-84.04752,44.16188],[-84.05963,44.16189],[-84.06512,44.16188],[-84.10497,44.16189],[-84.1256,44.16182],[-84.12719,44.16182],[-84.16611,44.16179],[-84.2466,44.16166],[-84.26682,44.16147],[-84.28875,44.16131],[-84.35598,44.16073],[-84.36804,44.16054],[-84.36632,44.17551],[-84.36824,44.22698],[-84.36863,44.24707],[-84.36956,44.33408],[-84.36959,44.35942],[-84.36958,44.36007],[-84.3699,44.42074],[-84.37064,44.50722],[-84.18822,44.5076]]]}},{"type":"Feature","properties":{"name":"ROSCOTA","boundary_type":"county","source":"Census TIGER county","fidelity":"exact","updated":"2026-09","units":"Roscommon County","note":"Roscommon County service for residents and visitors, with medical connections to neighboring/downstate counties.","confidence":0.9},"geometry":{"type":"Polygon","coordinates":[[[-84.85129,44.50247],[-84.85136,44.50326],[-84.85093,44.51107],[-84.84438,44.51117],[-84.84387,44.51111],[-84.77809,44.51108],[-84.75693,44.51124],[-84.75223,44.51127],[-84.74119,44.51137],[-84.73125,44.51145],[-84.69147,44.5114],[-84.68146,44.51134],[-84.67134,44.5113],[-84.61063,44.51135],[-84.60101,44.5113],[-84.59309,44.51125],[-84.55042,44.51089],[-84.48944,44.51077],[-84.47028,44.51073],[-84.45104,44.50984],[-84.44912,44.50983],[-84.37064,44.50722],[-84.3699,44.42074],[-84.36958,44.36007],[-84.36959,44.35942],[-84.36956,44.33408],[-84.36863,44.24707],[-84.36824,44.22698],[-84.36632,44.17551],[-84.36804,44.16054],[-84.48729,44.16049],[-84.6081,44.16048],[-84.6087,44.16048],[-84.61007,44.16055],[-84.68462,44.16066],[-84.68531,44.16076],[-84.72875,44.16086],[-84.78714,44.1609],[-84.79668,44.16099],[-84.84487,44.16144],[-84.84828,44.16137],[-84.8517,44.16138],[-84.85316,44.24877],[-84.85286,44.27075],[-84.85267,44.2744],[-84.85288,44.27496],[-84.85322,44.28451],[-84.85286,44.29143],[-84.85433,44.33576],[-84.85486,44.3591],[-84.85473,44.35958],[-84.8551,44.36156],[-84.85579,44.42198],[-84.85129,44.50247]]]}},{"type":"Feature","properties":{"name":"SMART Flex","boundary_type":"counties","source":"Census TIGER county","fidelity":"approximate","updated":"2026-09","units":"Wayne County; Oakland County; Macomb County","note":"Zones in Dearborn, Troy/Clawson, Pontiac/Auburn Hills, Farmington/Farmington Hills, and Hall Road corridor (Utica-New Baltimore). Multiple zones across three counties with varying coverage; actual service area is subset of named counties.","confidence":0.7},"geometry":{"type":"MultiPolygon","coordinates":[[[[-83.18921,42.03334],[-83.191,42.03343],[-83.19159,42.03537],[-83.18993,42.03599],[-83.18898,42.03493],[-83.18921,42.03334]]],[[[-82.8744,42.44166],[-82.87383,42.43542],[-82.87396,42.43529],[-82.87657,42.43244],[-82.87866,42.429],[-82.88335,42.41555],[-82.88587,42.40832],[-82.88152,42.40659],[-82.882,42.40558],[-82.88218,42.40519],[-82.88266,42.40488],[-82.88654,42.40558],[-82.88722,42.40284],[-82.8886,42.39799],[-82.89018,42.39501],[-82.89401,42.38944],[-82.89841,42.38544],[-82.90001,42.38443],[-82.90382,42.38204],[-82.90587,42.38133],[-82.91176,42.3793],[-82.91511,42.37814],[-82.91911,42.37444],[-82.91854,42.37301],[-82.92002,42.37206],[-82.92236,42.36909],[-82.92354,42.36759],[-82.92455,42.36233],[-82.92879,42.36021],[-82.92877,42.35979],[-82.92875,42.35929],[-82.92872,42.35853],[-82.92872,42.35837],[-82.93259,42.35719],[-82.95298,42.35498],[-82.9558,42.35467],[-82.96445,42.35517],[-82.96659,42.35289],[-82.96705,42.3524],[-82.96268,42.34965],[-82.95431,42.34891],[-82.95391,42.34693],[-82.95976,42.34003],[-82.98862,42.33244],[-83.00804,42.33159],[-83.01333,42.33136],[-83.01902,42.33062],[-83.02403,42.32943],[-83.02623,42.32891],[-83.04058,42.32409],[-83.04084,42.32401],[-83.0501,42.32111],[-83.06364,42.31686],[-83.07193,42.31184],[-83.07348,42.31103],[-83.07821,42.30857],[-83.07839,42.30842],[-83.08039,42.30679],[-83.09729,42.29007],[-83.09964,42.28714],[-83.09991,42.28661],[-83.10841,42.26992],[-83.11203,42.26059],[-83.11435,42.25699],[-83.12636,42.23841],[-83.12696,42.23456],[-83.13061,42.21104],[-83.13084,42.20875],[-83.13146,42.20277],[-83.13438,42.17462],[-83.13295,42.16994],[-83.13051,42.16198],[-83.12807,42.15051],[-83.1253,42.13756],[-83.12529,42.13754],[-83.12513,42.13727],[-83.12128,42.13097],[-83.11923,42.12526],[-83.12127,42.11745],[-83.12499,42.10854],[-83.12753,42.10497],[-83.13202,42.09017],[-83.14258,42.09076],[-83.14563,42.08889],[-83.15241,42.08899],[-83.15446,42.08607],[-83.15818,42.0857],[-83.16141,42.08986],[-83.16314,42.08964],[-83.16824,42.08902],[-83.17279,42.08716],[-83.17203,42.0825],[-83.16937,42.07643],[-83.17053,42.07482],[-83.1731,42.07529],[-83.17808,42.08236],[-83.18236,42.08338],[-83.18307,42.08255],[-83.18571,42.07944],[-83.19017,42.07777],[-83.19104,42.07744],[-83.19216,42.06598],[-83.18866,42.05556],[-83.18669,42.05197],[-83.18666,42.0477],[-83.1876,42.04431],[-83.19539,42.03987],[-83.19984,42.03895],[-83.21002,42.04368],[-83.21311,42.04329],[-83.2128,42.04199],[-83.21421,42.04258],[-83.21774,42.04469],[-83.21868,42.04813],[-83.21967,42.04912],[-83.22318,42.04851],[-83.22546,42.0491],[-83.22564,42.04913],[-83.22909,42.04833],[-83.23043,42.04868],[-83.23064,42.0495],[-83.22896,42.05293],[-83.2293,42.05486],[-83.23231,42.05486],[-83.23333,42.05614],[-83.23336,42.05788],[-83.23439,42.05902],[-83.23665,42.05793],[-83.2391,42.05981],[-83.24091,42.05977],[-83.24317,42.06151],[-83.24861,42.06063],[-83.25001,42.06346],[-83.252,42.06415],[-83.25455,42.06396],[-83.25154,42.06765],[-83.25235,42.06838],[-83.25407,42.06801],[-83.25488,42.06866],[-83.2553,42.07078],[-83.25761,42.07368],[-83.25984,42.07425],[-83.26063,42.07292],[-83.26261,42.07274],[-83.26431,42.06928],[-83.26629,42.06866],[-83.2676,42.06908],[-83.26999,42.07139],[-83.26878,42.07428],[-83.27044,42.07613],[-83.27304,42.07495],[-83.27707,42.0761],[-83.27734,42.07731],[-83.27525,42.08031],[-83.27819,42.07937],[-83.28044,42.08164],[-83.27762,42.08186],[-83.27723,42.0827],[-83.27935,42.08395],[-83.28169,42.08342],[-83.28246,42.0844],[-83.28027,42.08546],[-83.28324,42.08613],[-83.28314,42.08939],[-83.28492,42.08973],[-83.28452,42.08816],[-83.28684,42.0885],[-83.28631,42.08907],[-83.28622,42.08909],[-83.28569,42.08948],[-83.28565,42.08956],[-83.28571,42.09009],[-83.286,42.09052],[-83.28624,42.09077],[-83.28721,42.08946],[-83.28934,42.09004],[-83.29023,42.09191],[-83.29304,42.09238],[-83.29527,42.09424],[-83.30361,42.09425],[-83.30388,42.09424],[-83.30862,42.09419],[-83.3301,42.0941],[-83.34255,42.09405],[-83.34524,42.09404],[-83.354,42.09401],[-83.35509,42.09401],[-83.37716,42.0939],[-83.3815,42.09386],[-83.4086,42.09366],[-83.42076,42.09357],[-83.42062,42.08778],[-83.47997,42.08688],[-83.49449,42.08652],[-83.50017,42.08637],[-83.5394,42.0856],[-83.54022,42.11483],[-83.54045,42.12185],[-83.54104,42.14391],[-83.5421,42.17434],[-83.54288,42.19704],[-83.5429,42.19781],[-83.54344,42.20936],[-83.54344,42.20941],[-83.54358,42.21876],[-83.54415,42.23203],[-83.54443,42.24881],[-83.5444,42.24945],[-83.54429,42.25153],[-83.54405,42.25613],[-83.54373,42.26246],[-83.5442,42.27689],[-83.54456,42.28618],[-83.54476,42.29123],[-83.54484,42.29301],[-83.5452,42.30182],[-83.54537,42.30582],[-83.5458,42.31331],[-83.54615,42.32032],[-83.54648,42.32758],[-83.54755,42.34922],[-83.54823,42.36394],[-83.54837,42.36713],[-83.54921,42.38333],[-83.54967,42.39261],[-83.55036,42.40708],[-83.55116,42.42159],[-83.55191,42.43517],[-83.56671,42.43467],[-83.57133,42.43451],[-83.59031,42.43386],[-83.62974,42.43244],[-83.65904,42.43136],[-83.66481,42.43118],[-83.66533,42.43955],[-83.66556,42.44313],[-83.66572,42.44566],[-83.66609,42.45044],[-83.66609,42.45131],[-83.66619,42.45287],[-83.66669,42.46061],[-83.66721,42.46717],[-83.66768,42.47441],[-83.66768,42.47467],[-83.66767,42.47528],[-83.66963,42.50296],[-83.66962,42.50339],[-83.67075,42.51728],[-83.67085,42.51863],[-83.6709,42.51961],[-83.67157,42.53302],[-83.67187,42.5336],[-83.6729,42.5479],[-83.67411,42.56276],[-83.67408,42.56284],[-83.6755,42.58085],[-83.67705,42.60508],[-83.67711,42.60625],[-83.6791,42.63542],[-83.681,42.66458],[-83.68278,42.69558],[-83.68514,42.74475],[-83.68649,42.78326],[-83.68668,42.78903],[-83.68672,42.79044],[-83.68682,42.79335],[-83.68695,42.79791],[-83.68702,42.79828],[-83.68737,42.81243],[-83.68748,42.81958],[-83.6886,42.84201],[-83.68938,42.87126],[-83.67056,42.87159],[-83.66983,42.87161],[-83.64994,42.87197],[-83.63042,42.87232],[-83.598,42.87289],[-83.59445,42.87295],[-83.58131,42.87313],[-83.57105,42.87328],[-83.56196,42.87365],[-83.55095,42.87409],[-83.53233,42.87452],[-83.5239,42.87467],[-83.51259,42.87489],[-83.47361,42.87578],[-83.47201,42.87575],[-83.45873,42.87606],[-83.45489,42.87613],[-83.4533,42.87631],[-83.45336,42.88043],[-83.44846,42.88053],[-83.44654,42.8805],[-83.40581,42.88132],[-83.37299,42.88204],[-83.35645,42.88239],[-83.33668,42.88279],[-83.30549,42.88339],[-83.26132,42.88453],[-83.23671,42.88516],[-83.22191,42.88554],[-83.22174,42.88555],[-83.20285,42.88603],[-83.1812,42.88662],[-83.1437,42.8879],[-83.13851,42.88803],[-83.1325,42.88815],[-83.10289,42.88865],[-83.04297,42.89019],[-83.02357,42.89054],[-83.003,42.89318],[-82.99003,42.89362],[-82.98365,42.89374],[-82.925,42.89463],[-82.86566,42.89525],[-82.83839,42.89534],[-82.82931,42.89543],[-82.79954,42.89573],[-82.77895,42.89615],[-82.75909,42.89681],[-82.73901,42.89754],[-82.73832,42.88753],[-82.73804,42.88339],[-82.73756,42.87563],[-82.73708,42.86831],[-82.73628,42.85438],[-82.73637,42.85362],[-82.73435,42.81406],[-82.73417,42.80956],[-82.7339,42.80414],[-82.73336,42.79273],[-82.73199,42.76533],[-82.73165,42.75837],[-82.73163,42.75805],[-82.73129,42.7506],[-82.73058,42.73363],[-82.72996,42.72084],[-82.72928,42.70606],[-82.71966,42.70304],[-82.72332,42.70044],[-82.7087,42.68853],[-82.70597,42.68631],[-82.70537,42.68669],[-82.70677,42.6853],[-82.70908,42.68361],[-82.71931,42.68374],[-82.72637,42.68277],[-82.72746,42.6822],[-82.73134,42.6802],[-82.73267,42.67892],[-82.7347,42.67699],[-82.73567,42.67565],[-82.73413,42.67405],[-82.73425,42.67396],[-82.73546,42.6729],[-82.73642,42.6729],[-82.7378,42.6729],[-82.74179,42.6729],[-82.74245,42.6737],[-82.74699,42.67279],[-82.75332,42.66973],[-82.75337,42.6697],[-82.75663,42.66734],[-82.75796,42.66638],[-82.76005,42.66383],[-82.75985,42.66028],[-82.76026,42.65657],[-82.76253,42.6566],[-82.76347,42.65587],[-82.76558,42.65572],[-82.76596,42.65566],[-82.77396,42.6542],[-82.78082,42.65223],[-82.78524,42.65334],[-82.79199,42.65502],[-82.79242,42.65513],[-82.79732,42.65403],[-82.80561,42.64876],[-82.80746,42.64607],[-82.80793,42.64539],[-82.80916,42.64439],[-82.81297,42.64128],[-82.81352,42.64083],[-82.81814,42.63103],[-82.8204,42.62623],[-82.82067,42.61527],[-82.81227,42.61067],[-82.80463,42.60837],[-82.79401,42.60518],[-82.79291,42.60485],[-82.79261,42.60476],[-82.7919,42.60381],[-82.79315,42.60003],[-82.79072,42.59603],[-82.7884,42.59552],[-82.7875,42.59533],[-82.78147,42.5961],[-82.77644,42.59607],[-82.77552,42.59445],[-82.77525,42.59397],[-82.77221,42.59339],[-82.77152,42.59274],[-82.7722,42.5919],[-82.77399,42.5918],[-82.77867,42.59358],[-82.78376,42.59331],[-82.78682,42.59225],[-82.7873,42.58831],[-82.78879,42.58693],[-82.78884,42.5846],[-82.78539,42.57888],[-82.78461,42.57421],[-82.78162,42.57066],[-82.78318,42.56814],[-82.78338,42.56784],[-82.7831,42.56697],[-82.78241,42.56483],[-82.78297,42.56452],[-82.78451,42.56363],[-82.78614,42.56533],[-82.78911,42.56843],[-82.79671,42.57103],[-82.80303,42.57119],[-82.8101,42.57136],[-82.81023,42.5713],[-82.81294,42.56998],[-82.81309,42.56991],[-82.81326,42.5699],[-82.81623,42.5697],[-82.81804,42.57009],[-82.81919,42.57034],[-82.82102,42.57073],[-82.82107,42.57072],[-82.83298,42.56812],[-82.83422,42.56785],[-82.83582,42.56676],[-82.83664,42.5662],[-82.83758,42.56556],[-82.8391,42.56453],[-82.84107,42.56319],[-82.8411,42.56317],[-82.84165,42.56294],[-82.84508,42.56144],[-82.84556,42.5608],[-82.84932,42.55573],[-82.84915,42.5549],[-82.84873,42.55279],[-82.84864,42.55234],[-82.84988,42.54979],[-82.85932,42.54194],[-82.86069,42.54037],[-82.86259,42.53819],[-82.868,42.53201],[-82.8694,42.5304],[-82.87073,42.52888],[-82.87071,42.52834],[-82.87062,42.52629],[-82.87061,42.52597],[-82.8706,42.5259],[-82.871,42.52565],[-82.8742,42.52367],[-82.87442,42.52354],[-82.87509,42.52163],[-82.87544,42.52062],[-82.87893,42.51068],[-82.87896,42.51058],[-82.88002,42.50757],[-82.88232,42.50104],[-82.88235,42.50029],[-82.88239,42.4995],[-82.8825,42.49707],[-82.88251,42.49701],[-82.88252,42.49664],[-82.88272,42.49253],[-82.88106,42.49205],[-82.87949,42.49159],[-82.87911,42.49147],[-82.87917,42.49016],[-82.8827,42.48982],[-82.88329,42.4871],[-82.88251,42.48619],[-82.88162,42.48517],[-82.88338,42.48411],[-82.88333,42.47969],[-82.88345,42.47936],[-82.88411,42.47736],[-82.88437,42.47657],[-82.88205,42.47582],[-82.88138,42.47561],[-82.88134,42.47431],[-82.88009,42.47364],[-82.87703,42.47198],[-82.8765,42.46767],[-82.87598,42.46337],[-82.87559,42.4602],[-82.87431,42.45841],[-82.87317,42.45683],[-82.8716,42.45616],[-82.86878,42.45496],[-82.86842,42.4548],[-82.86816,42.45334],[-82.87024,42.45101],[-82.87035,42.45089],[-82.8744,42.44166]]]]}},{"type":"Feature","properties":{"name":"Straits Regional Ride","boundary_type":"counties","source":"Census TIGER county","fidelity":"exact","updated":"2026-09","units":"Cheboygan County; Emmet County; Presque Isle County","note":"Three-county service; supplemental dial-a-ride offered within City of Cheboygan and 5-mile radius","confidence":0.9},"geometry":{"type":"MultiPolygon","coordinates":[[[[-84.19634,45.6213],[-84.19618,45.62035],[-84.19101,45.6152],[-84.18719,45.61245],[-84.18321,45.60797],[-84.17999,45.60399],[-84.17804,45.6034],[-84.17597,45.60031],[-84.17036,45.59661],[-84.17053,45.5954],[-84.16806,45.59273],[-84.1659,45.59133],[-84.16318,45.59125],[-84.16292,45.59115],[-84.16182,45.59068],[-84.15874,45.58939],[-84.15823,45.58812],[-84.15746,45.58528],[-84.15086,45.58099],[-84.13845,45.57284],[-84.13735,45.57164],[-84.13474,45.56765],[-84.13289,45.56652],[-84.13046,45.56306],[-84.12885,45.56189],[-84.12699,45.5561],[-84.12729,45.55388],[-84.12785,45.55018],[-84.12697,45.54243],[-84.12509,45.53328],[-84.12445,45.53053],[-84.12324,45.52527],[-84.12,45.51768],[-84.11669,45.51305],[-84.11279,45.50829],[-84.10924,45.50517],[-84.10366,45.50113],[-84.09685,45.49735],[-84.08976,45.49443],[-84.0787,45.49076],[-84.07332,45.48983],[-84.06998,45.48926],[-84.06063,45.48886],[-84.05136,45.49006],[-84.04252,45.49281],[-84.03686,45.49469],[-84.03629,45.49539],[-84.03639,45.49729],[-84.03587,45.49775],[-84.02973,45.49729],[-84.02797,45.49619],[-84.02042,45.49549],[-84.01661,45.49592],[-84.0096,45.49476],[-84.00934,45.49472],[-84.00403,45.49206],[-84.0,45.49122],[-83.99601,45.49107],[-83.98864,45.49178],[-83.97917,45.49399],[-83.97502,45.49437],[-83.97198,45.49512],[-83.96836,45.49491],[-83.96592,45.49359],[-83.96423,45.49327],[-83.95451,45.49402],[-83.95333,45.49441],[-83.94755,45.49391],[-83.94597,45.49325],[-83.93609,45.49235],[-83.92748,45.49017],[-83.92689,45.4895],[-83.92264,45.48818],[-83.91436,45.48685],[-83.91327,45.48661],[-83.90991,45.48588],[-83.90947,45.48578],[-83.90726,45.48435],[-83.9058,45.48246],[-83.90064,45.47886],[-83.8973,45.4757],[-83.89252,45.47284],[-83.88417,45.46932],[-83.88181,45.46791],[-83.87415,45.46091],[-83.87132,45.4596],[-83.86944,45.45681],[-83.86034,45.44806],[-83.85387,45.44308],[-83.84977,45.44083],[-83.84634,45.43876],[-83.84558,45.43812],[-83.843,45.43597],[-83.83885,45.43404],[-83.83715,45.43376],[-83.83351,45.43315],[-83.83099,45.43347],[-83.8291,45.43245],[-83.82892,45.43235],[-83.82906,45.43107],[-83.82465,45.42693],[-83.81965,45.4256],[-83.8168,45.42531],[-83.81425,45.42422],[-83.81189,45.42222],[-83.81131,45.42172],[-83.81083,45.42058],[-83.80664,45.41894],[-83.79701,45.41674],[-83.789,45.41564],[-83.77984,45.41664],[-83.7794,45.41582],[-83.78425,45.41378],[-83.78614,45.4138],[-83.7879,45.41174],[-83.78686,45.41015],[-83.78323,45.41082],[-83.77666,45.40799],[-83.77266,45.40692],[-83.76386,45.40759],[-83.76173,45.40977],[-83.76119,45.41033],[-83.76067,45.41152],[-83.76005,45.41227],[-83.75793,45.41201],[-83.7568,45.41161],[-83.75513,45.41101],[-83.75251,45.41008],[-83.74853,45.4074],[-83.74586,45.40481],[-83.74459,45.40358],[-83.74162,45.40374],[-83.74024,45.40381],[-83.73736,45.40568],[-83.73744,45.40581],[-83.73748,45.40588],[-83.73765,45.40615],[-83.73855,45.40766],[-83.73687,45.41127],[-83.73575,45.41156],[-83.73361,45.4107],[-83.72733,45.41236],[-83.7226,45.41283],[-83.71744,45.41432],[-83.71613,45.41445],[-83.71575,45.41398],[-83.71426,45.41354],[-83.71026,45.411],[-83.70739,45.40613],[-83.70578,45.40272],[-83.70292,45.40043],[-83.70042,45.39774],[-83.69485,45.39484],[-83.6908,45.39366],[-83.68779,45.39146],[-83.68474,45.39043],[-83.68316,45.3907],[-83.68145,45.39052],[-83.67914,45.38934],[-83.67683,45.38728],[-83.67134,45.38472],[-83.66876,45.38465],[-83.66297,45.38327],[-83.65868,45.38079],[-83.6508,45.37636],[-83.64677,45.37302],[-83.64177,45.37098],[-83.63981,45.37054],[-83.6393,45.37042],[-83.63571,45.36706],[-83.63109,45.36502],[-83.62776,45.36482],[-83.62302,45.3637],[-83.61734,45.36361],[-83.61564,45.36436],[-83.6106,45.36307],[-83.60519,45.36046],[-83.60465,45.3588],[-83.6025,45.35723],[-83.6028,45.35633],[-83.60182,45.35496],[-83.60084,45.35419],[-83.59898,45.35198],[-83.59696,45.35154],[-83.59444,45.35216],[-83.59337,45.35414],[-83.59194,45.35416],[-83.58987,45.35272],[-83.58987,45.35132],[-83.58875,45.3505],[-83.58844,45.35051],[-83.58702,45.35056],[-83.58698,45.35057],[-83.58606,45.35023],[-83.58608,45.34915],[-83.58444,45.34786],[-83.5833,45.34808],[-83.58276,45.34962],[-83.58301,45.35133],[-83.58565,45.35345],[-83.58399,45.35499],[-83.58227,45.35419],[-83.58021,45.35092],[-83.57325,45.34783],[-83.57221,45.34737],[-83.56958,45.34731],[-83.56769,45.34807],[-83.56668,45.34976],[-83.56573,45.35094],[-83.56406,45.35101],[-83.5578,45.34965],[-83.55492,45.34934],[-83.55228,45.34987],[-83.54683,45.35236],[-83.54596,45.35331],[-83.54658,45.3559],[-83.5461,45.35775],[-83.5443,45.35849],[-83.53817,45.35806],[-83.5373,45.3575],[-83.53569,45.35723],[-83.52968,45.35415],[-83.52512,45.35104],[-83.52039,45.34762],[-83.51899,45.34661],[-83.51454,45.34635],[-83.51154,45.34562],[-83.50986,45.34446],[-83.5082,45.34446],[-83.50592,45.34356],[-83.50184,45.34156],[-83.49451,45.33937],[-83.49449,45.33938],[-83.49236,45.34018],[-83.49079,45.34164],[-83.49076,45.34167],[-83.49143,45.34568],[-83.49084,45.34668],[-83.4907,45.34972],[-83.4928,45.35309],[-83.49442,45.35485],[-83.49666,45.35709],[-83.4973,45.35954],[-83.49673,45.36016],[-83.49488,45.36021],[-83.48993,45.35847],[-83.48873,45.35773],[-83.48906,45.35617],[-83.48799,45.35384],[-83.4867,45.35167],[-83.48403,45.34839],[-83.48179,45.34786],[-83.47725,45.34512],[-83.47809,45.34436],[-83.47751,45.34292],[-83.47779,45.34189],[-83.48083,45.34234],[-83.4827,45.34215],[-83.48499,45.34264],[-83.48787,45.34177],[-83.48869,45.34087],[-83.49002,45.33848],[-83.49011,45.33614],[-83.48569,45.33003],[-83.48373,45.32914],[-83.47943,45.32577],[-83.47566,45.32661],[-83.47524,45.33253],[-83.47437,45.3331],[-83.47157,45.3319],[-83.46928,45.33246],[-83.46696,45.33236],[-83.46355,45.33054],[-83.46353,45.3287],[-83.46481,45.32809],[-83.46467,45.32554],[-83.46354,45.32367],[-83.46357,45.32273],[-83.46458,45.32167],[-83.46286,45.31949],[-83.45947,45.31793],[-83.45425,45.3184],[-83.45192,45.3194],[-83.45119,45.31946],[-83.45093,45.31901],[-83.45149,45.31756],[-83.45108,45.31581],[-83.44938,45.31352],[-83.44711,45.31237],[-83.44597,45.31059],[-83.44506,45.30747],[-83.44215,45.30567],[-83.43613,45.30423],[-83.43397,45.3041],[-83.43149,45.30192],[-83.42537,45.29654],[-83.42347,45.29621],[-83.423,45.29495],[-83.42328,45.29231],[-83.42185,45.29007],[-83.41771,45.28851],[-83.40738,45.28674],[-83.40196,45.28315],[-83.40253,45.28061],[-83.40073,45.27854],[-83.39859,45.27889],[-83.39756,45.28039],[-83.39625,45.2802],[-83.39425,45.27785],[-83.38772,45.27629],[-83.38163,45.26977],[-83.38202,45.26832],[-83.3834,45.26736],[-83.38497,45.26448],[-83.38848,45.2651],[-83.38943,45.26382],[-83.38672,45.26217],[-83.38666,45.26003],[-83.38771,45.25849],[-83.3879,45.25555],[-83.39115,45.25371],[-83.39179,45.25259],[-83.40296,45.25529],[-83.40598,45.25515],[-83.41158,45.25592],[-83.41338,45.25584],[-83.41707,45.25686],[-83.41822,45.25579],[-83.41879,45.25325],[-83.41749,45.2517],[-83.41188,45.25008],[-83.40955,45.24861],[-83.4099,45.24748],[-83.41228,45.24639],[-83.41313,45.24485],[-83.4131,45.24124],[-83.41256,45.23922],[-83.41076,45.23697],[-83.4084,45.23554],[-83.40785,45.23401],[-83.40784,45.23203],[-83.40684,45.23018],[-83.40703,45.22908],[-83.40458,45.22566],[-83.40279,45.22506],[-83.40162,45.22393],[-83.39886,45.22248],[-83.39749,45.22258],[-83.39615,45.22134],[-83.3954,45.2199],[-83.39659,45.21943],[-83.3977,45.21758],[-83.39737,45.21588],[-83.39317,45.21372],[-83.39262,45.21313],[-83.39022,45.21053],[-83.39014,45.20886],[-83.38847,45.20711],[-83.43403,45.20692],[-83.47075,45.20696],[-83.49513,45.20705],[-83.51388,45.20712],[-83.55529,45.20587],[-83.58114,45.20529],[-83.63688,45.20466],[-83.65744,45.20461],[-83.7521,45.20504],[-83.75256,45.20486],[-83.75924,45.20479],[-83.84125,45.20326],[-83.88122,45.20207],[-83.89393,45.20177],[-83.90851,45.20138],[-84.00382,45.19882],[-84.01304,45.19862],[-84.12381,45.19865],[-84.13535,45.19865],[-84.24663,45.19873],[-84.36599,45.19874],[-84.36661,45.19874],[-84.40158,45.19878],[-84.54381,45.20008],[-84.54762,45.19996],[-84.59102,45.20029],[-84.61189,45.20058],[-84.63969,45.20096],[-84.64209,45.20112],[-84.65662,45.20124],[-84.66604,45.20133],[-84.66929,45.20134],[-84.7343,45.20194],[-84.73441,45.20231],[-84.73415,45.23105],[-84.73269,45.28938],[-84.83934,45.29043],[-84.84397,45.29048],[-84.854,45.29064],[-84.91152,45.29109],[-84.91372,45.29129],[-84.95592,45.29159],[-84.96479,45.2916],[-84.96671,45.28641],[-84.96732,45.2815],[-84.96629,45.27702],[-84.96415,45.27241],[-84.96435,45.27167],[-84.96663,45.27105],[-84.9723,45.27127],[-84.9754,45.27185],[-84.97656,45.27218],[-84.98461,45.27431],[-84.98682,45.27462],[-84.98937,45.27472],[-84.99146,45.2746],[-84.99233,45.27448],[-84.99811,45.27275],[-85.00005,45.27217],[-85.00097,45.27214],[-85.00347,45.27304],[-85.00668,45.27562],[-85.01023,45.27764],[-85.01277,45.27966],[-85.01416,45.28146],[-85.01719,45.28831],[-85.01889,45.28957],[-85.01756,45.29214],[-85.01587,45.29343],[-85.01502,45.295],[-85.01532,45.29701],[-85.01644,45.2991],[-85.02091,45.30572],[-85.02284,45.31009],[-85.02695,45.31435],[-85.03384,45.31907],[-85.03618,45.32121],[-85.03693,45.32281],[-85.03826,45.32745],[-85.03917,45.3288],[-85.04389,45.33237],[-85.04597,45.33465],[-85.05718,45.33479],[-85.07627,45.33567],[-85.09653,45.33574],[-85.09612,45.35532],[-85.09611,45.35942],[-85.09604,45.36352],[-85.09602,45.36393],[-85.096,45.36652],[-85.09516,45.36652],[-85.09454,45.36649],[-85.091,45.36627],[-85.0892,45.36562],[-85.08515,45.3659],[-85.08404,45.36587],[-85.07294,45.36551],[-85.07031,45.36543],[-85.05669,45.36473],[-85.05566,45.36467],[-85.0431,45.36151],[-85.03777,45.36209],[-85.03367,45.364],[-85.02445,45.36798],[-85.01768,45.36901],[-85.01297,45.37109],[-85.01032,45.37085],[-85.00937,45.36985],[-85.00058,45.37036],[-84.99843,45.37004],[-84.99386,45.36815],[-84.99044,45.36853],[-84.98729,45.36882],[-84.98549,45.36943],[-84.985,45.36959],[-84.98127,45.37185],[-84.97816,45.37243],[-84.97291,45.37425],[-84.96921,45.37569],[-84.96458,45.37661],[-84.96332,45.37686],[-84.96267,45.37699],[-84.96236,45.37682],[-84.96225,45.37676],[-84.96134,45.37624],[-84.96073,45.37589],[-84.96059,45.37581],[-84.95845,45.37696],[-84.95556,45.37769],[-84.95284,45.38007],[-84.94599,45.38249],[-84.94269,45.38477],[-84.94127,45.38482],[-84.93711,45.38692],[-84.9354,45.38694],[-84.92994,45.38699],[-84.92828,45.38772],[-84.92457,45.39099],[-84.92302,45.39137],[-84.91795,45.3926],[-84.91585,45.39312],[-84.91576,45.3933],[-84.91454,45.39562],[-84.91299,45.39924],[-84.91254,45.40283],[-84.91296,45.40978],[-84.91406,45.41344],[-84.91418,45.41384],[-84.91616,45.41764],[-84.91659,45.41795],[-84.91932,45.41995],[-84.92201,45.42191],[-84.92523,45.4229],[-84.92782,45.42279],[-84.93026,45.4231],[-84.93853,45.42452],[-84.94303,45.42458],[-84.95019,45.42603],[-84.95582,45.42759],[-84.96467,45.42745],[-84.97107,45.42738],[-84.97208,45.42737],[-84.97781,45.42929],[-84.97908,45.42972],[-84.9854,45.42946],[-84.99086,45.42812],[-84.99119,45.42525],[-84.99087,45.42507],[-84.98776,45.42337],[-84.98337,45.42096],[-84.97783,45.42028],[-84.97719,45.4202],[-84.97672,45.41934],[-84.97754,45.41844],[-84.97991,45.4187],[-84.98513,45.41929],[-84.98916,45.42127],[-84.99031,45.42151],[-84.9917,45.42181],[-84.99311,45.42269],[-84.99469,45.42367],[-85.00001,45.42697],[-85.00373,45.42697],[-85.00644,45.42814],[-85.01223,45.43114],[-85.01298,45.43153],[-85.01578,45.43224],[-85.02074,45.43239],[-85.02362,45.43341],[-85.02745,45.43356],[-85.02955,45.43405],[-85.03205,45.43489],[-85.03695,45.4349],[-85.03829,45.43607],[-85.04094,45.4367],[-85.04558,45.43981],[-85.04733,45.44216],[-85.05002,45.44404],[-85.05077,45.44448],[-85.05519,45.44704],[-85.05667,45.44874],[-85.05923,45.45083],[-85.06247,45.45129],[-85.06371,45.45317],[-85.06468,45.45385],[-85.06667,45.45526],[-85.06854,45.45698],[-85.06957,45.45924],[-85.07172,45.46156],[-85.07429,45.46368],[-85.07789,45.46752],[-85.08097,45.47077],[-85.08388,45.47318],[-85.08839,45.47693],[-85.09035,45.4781],[-85.09177,45.47893],[-85.09198,45.47921],[-85.09372,45.48156],[-85.09439,45.48422],[-85.09574,45.48764],[-85.09631,45.49216],[-85.09825,45.4998],[-85.1007,45.50467],[-85.10202,45.50801],[-85.10567,45.51213],[-85.10885,45.51848],[-85.10925,45.52163],[-85.11109,45.5271],[-85.1118,45.53067],[-85.11548,45.53941],[-85.11586,45.54208],[-85.11556,45.54535],[-85.11596,45.54762],[-85.11641,45.55021],[-85.11668,45.55085],[-85.11767,45.55326],[-85.11762,45.55721],[-85.11724,45.5618],[-85.11974,45.56903],[-85.11864,45.57518],[-85.11691,45.57965],[-85.11191,45.58583],[-85.11174,45.58596],[-85.10774,45.58907],[-85.09352,45.60012],[-85.09128,45.60419],[-85.09143,45.60593],[-85.08876,45.60893],[-85.0848,45.61169],[-85.07953,45.61708],[-85.07601,45.62314],[-85.07569,45.62369],[-85.07491,45.62924],[-85.07102,45.63221],[-85.07033,45.63395],[-85.06891,45.63528],[-85.06678,45.6357],[-85.06438,45.63729],[-85.06326,45.63855],[-85.06149,45.63951],[-85.05873,45.63973],[-85.05442,45.63985],[-85.05077,45.64095],[-85.04807,45.64227],[-85.04498,45.64378],[-85.04342,45.6454],[-85.04231,45.64548],[-85.04094,45.6451],[-85.03811,45.64582],[-85.03287,45.64806],[-85.03083,45.64814],[-85.02807,45.64928],[-85.02629,45.64889],[-85.01938,45.65058],[-85.01795,45.6513],[-85.01534,45.65156],[-85.00703,45.65636],[-85.00115,45.66123],[-84.99974,45.6649],[-84.99808,45.66723],[-84.99634,45.66969],[-84.99491,45.67246],[-84.99408,45.67565],[-84.99446,45.67763],[-84.99296,45.67998],[-84.98785,45.683],[-84.98573,45.68156],[-84.98281,45.68116],[-84.98077,45.68139],[-84.97577,45.68317],[-84.97095,45.68633],[-84.96831,45.68906],[-84.96588,45.69404],[-84.96161,45.69807],[-84.95889,45.69814],[-84.95664,45.69995],[-84.95434,45.70182],[-84.95304,45.70472],[-84.951,45.70742],[-84.94671,45.70851],[-84.94463,45.70904],[-84.94376,45.71029],[-84.94269,45.71408],[-84.94265,45.71434],[-84.94196,45.7186],[-84.94053,45.72183],[-84.94044,45.72539],[-84.94212,45.72846],[-84.95088,45.73729],[-84.95795,45.74339],[-84.96096,45.74508],[-84.9655,45.74554],[-84.9687,45.74546],[-84.96979,45.74498],[-84.97276,45.74983],[-84.97688,45.75264],[-84.98043,45.75282],[-84.98404,45.75203],[-84.99961,45.75534],[-85.00271,45.75411],[-85.01032,45.75616],[-85.01094,45.75718],[-85.0137,45.75809],[-85.0141,45.75955],[-85.00942,45.75931],[-85.00835,45.76167],[-84.99752,45.7584],[-84.9948,45.75824],[-84.98173,45.75844],[-84.97981,45.75769],[-84.97186,45.75848],[-84.96619,45.75788],[-84.96067,45.75852],[-84.94891,45.7588],[-84.94321,45.7586],[-84.93831,45.75989],[-84.92452,45.75678],[-84.91442,45.75194],[-84.91388,45.75168],[-84.9104,45.75001],[-84.9083,45.74743],[-84.9056,45.74636],[-84.89731,45.74715],[-84.89167,45.74967],[-84.88872,45.75225],[-84.88761,45.75323],[-84.8875,45.75338],[-84.88626,45.75509],[-84.88276,45.75653],[-84.87872,45.75624],[-84.87834,45.75611],[-84.86735,45.75236],[-84.85882,45.74946],[-84.85325,45.74876],[-84.85118,45.74849],[-84.84745,45.74643],[-84.84098,45.74475],[-84.83724,45.74479],[-84.83228,45.74664],[-84.82833,45.74979],[-84.82709,45.75195],[-84.82542,45.75272],[-84.82243,45.75251],[-84.82045,45.75133],[-84.8185,45.75075],[-84.81621,45.74849],[-84.81378,45.74802],[-84.81116,45.7457],[-84.80791,45.74492],[-84.80119,45.74631],[-84.79605,45.74796],[-84.7938,45.74929],[-84.79263,45.74997],[-84.79157,45.75145],[-84.78852,45.75207],[-84.78158,45.76013],[-84.77893,45.76612],[-84.7791,45.76899],[-84.78079,45.77119],[-84.78327,45.77158],[-84.78476,45.77145],[-84.78661,45.77128],[-84.78677,45.77127],[-84.78745,45.77207],[-84.787,45.77485],[-84.78763,45.77609],[-84.79228,45.77875],[-84.79302,45.78045],[-84.79164,45.78204],[-84.77871,45.78779],[-84.77402,45.78898],[-84.77276,45.7893],[-84.76954,45.78844],[-84.76481,45.78719],[-84.76223,45.7865],[-84.75157,45.78273],[-84.74358,45.7836],[-84.73944,45.78492],[-84.73699,45.7866],[-84.73248,45.78821],[-84.7324,45.78821],[-84.72886,45.78815],[-84.72619,45.7869],[-84.72559,45.78545],[-84.72306,45.78379],[-84.72269,45.782],[-84.72408,45.78129],[-84.7243,45.77815],[-84.72502,45.77706],[-84.72569,45.77454],[-84.72473,45.77259],[-84.72453,45.7704],[-84.72324,45.76813],[-84.72203,45.76707],[-84.72127,45.7664],[-84.71862,45.76562],[-84.716,45.76617],[-84.70945,45.76402],[-84.70692,45.76319],[-84.69889,45.76055],[-84.69848,45.75948],[-84.69479,45.75858],[-84.69123,45.75847],[-84.68143,45.75591],[-84.68069,45.75521],[-84.68059,45.75314],[-84.68179,45.75257],[-84.68031,45.74946],[-84.67555,45.74775],[-84.6702,45.74558],[-84.66176,45.74367],[-84.65442,45.74393],[-84.64933,45.74279],[-84.64529,45.74116],[-84.64482,45.73999],[-84.64138,45.73757],[-84.63865,45.73639],[-84.63284,45.73286],[-84.63246,45.73262],[-84.62545,45.73071],[-84.61424,45.72567],[-84.6088,45.72386],[-84.60566,45.72175],[-84.57586,45.71053],[-84.5646,45.70938],[-84.55764,45.70902],[-84.55676,45.70815],[-84.55644,45.70577],[-84.5555,45.70227],[-84.55331,45.69857],[-84.55171,45.69694],[-84.53923,45.69078],[-84.53911,45.68968],[-84.53779,45.68832],[-84.53748,45.688],[-84.53053,45.68576],[-84.5303,45.68569],[-84.52837,45.68603],[-84.52327,45.68434],[-84.52238,45.68294],[-84.52071,45.68209],[-84.51925,45.68049],[-84.51848,45.6804],[-84.51821,45.68036],[-84.5173,45.6793],[-84.51665,45.67854],[-84.51434,45.67709],[-84.51108,45.67566],[-84.50698,45.67504],[-84.5037,45.67324],[-84.50054,45.67337],[-84.4992,45.67267],[-84.49913,45.67124],[-84.49767,45.66959],[-84.49745,45.66934],[-84.49381,45.66765],[-84.49303,45.66659],[-84.49355,45.66581],[-84.49001,45.66311],[-84.48704,45.66331],[-84.48632,45.66306],[-84.48281,45.66186],[-84.48266,45.66024],[-84.48042,45.65925],[-84.47922,45.65679],[-84.47902,45.65678],[-84.47733,45.65672],[-84.47497,45.65662],[-84.47462,45.65759],[-84.47551,45.65844],[-84.47521,45.65879],[-84.47346,45.65919],[-84.47247,45.65802],[-84.47197,45.65664],[-84.47087,45.65614],[-84.46956,45.65715],[-84.46861,45.65721],[-84.46761,45.65635],[-84.46557,45.65539],[-84.46466,45.65497],[-84.46364,45.65396],[-84.46257,45.65292],[-84.462,45.65236],[-84.45946,45.65189],[-84.45176,45.65358],[-84.4502,45.65335],[-84.44571,45.6544],[-84.44267,45.65476],[-84.44019,45.6533],[-84.43973,45.65056],[-84.43787,45.64865],[-84.43532,45.64753],[-84.43314,45.64547],[-84.43257,45.64492],[-84.42862,45.64468],[-84.42445,45.64628],[-84.41885,45.64997],[-84.41592,45.65299],[-84.41689,45.65572],[-84.42051,45.65919],[-84.42481,45.66178],[-84.42783,45.66222],[-84.43239,45.66331],[-84.43188,45.66437],[-84.42812,45.6678],[-84.42839,45.66886],[-84.42716,45.66905],[-84.41977,45.66963],[-84.41325,45.66918],[-84.40028,45.66335],[-84.39908,45.66295],[-84.3935,45.66114],[-84.38948,45.65982],[-84.38698,45.65931],[-84.37606,45.65543],[-84.37405,45.65589],[-84.37125,45.65742],[-84.36869,45.65784],[-84.36197,45.65771],[-84.35337,45.65894],[-84.34424,45.66131],[-84.33459,45.66417],[-84.32954,45.66438],[-84.30396,45.65712],[-84.30119,45.65556],[-84.29495,45.65378],[-84.28745,45.65254],[-84.28308,45.65056],[-84.28152,45.64939],[-84.27094,45.64461],[-84.26402,45.64319],[-84.26064,45.64328],[-84.25817,45.64216],[-84.25176,45.64097],[-84.24731,45.6396],[-84.24217,45.63881],[-84.24056,45.63786],[-84.23524,45.63721],[-84.23291,45.63745],[-84.22931,45.63735],[-84.21588,45.63482],[-84.21238,45.63284],[-84.21055,45.63076],[-84.20868,45.62934],[-84.20712,45.62864],[-84.2051,45.627],[-84.2045,45.62625],[-84.20339,45.62486],[-84.20096,45.62274],[-84.19634,45.6213]]],[[[-85.027,45.76611],[-85.01958,45.76422],[-85.01951,45.76297],[-85.02129,45.76263],[-85.02387,45.76074],[-85.02549,45.76284],[-85.03403,45.76098],[-85.03542,45.76275],[-85.03553,45.76276],[-85.03899,45.76301],[-85.03905,45.76432],[-85.03711,45.76543],[-85.03503,45.76447],[-85.02763,45.76458],[-85.027,45.76611]]],[[[-85.06622,45.76629],[-85.06465,45.76659],[-85.06138,45.76542],[-85.05866,45.7646],[-85.05585,45.76489],[-85.05517,45.7644],[-85.05661,45.76356],[-85.0599,45.76183],[-85.06755,45.76201],[-85.0691,45.76297],[-85.07309,45.76236],[-85.07494,45.76458],[-85.07444,45.76589],[-85.07084,45.76601],[-85.06908,45.76671],[-85.06646,45.76624],[-85.06622,45.76629]]]]}},{"type":"Feature","properties":{"name":"The Interurban","boundary_type":"places","source":"Census TIGER place","fidelity":"approximate","updated":"2026-09","units":"Saugatuck city; Douglas city","note":"Service area covers Saugatuck city, Douglas city, and Saugatuck Township (Allegan County) per https://saugatuckinterurban.org/; the township is omitted from the mapped boundary because Census cousub data for Saugatuck Township collides on name with a pseudo-cousub for Saugatuck city, which the resolver cannot disambiguate \u2014 polygon shown here covers the two incorporated cities only.","confidence":0.8},"geometry":{"type":"Polygon","coordinates":[[[-86.22125,42.65362],[-86.21705,42.66053],[-86.21531,42.66539],[-86.21512,42.66606],[-86.2113,42.66607],[-86.21133,42.66758],[-86.21469,42.66755],[-86.21357,42.67137],[-86.21345,42.67667],[-86.20726,42.67568],[-86.20671,42.67251],[-86.20608,42.67014],[-86.20503,42.6687],[-86.20471,42.66759],[-86.20537,42.66651],[-86.2052,42.6651],[-86.20051,42.66521],[-86.19078,42.66537],[-86.19064,42.66278],[-86.19316,42.66274],[-86.19291,42.65457],[-86.19286,42.6512],[-86.19271,42.64568],[-86.18829,42.64585],[-86.19,42.64173],[-86.19025,42.6347],[-86.18764,42.63474],[-86.18761,42.63385],[-86.19247,42.6338],[-86.19248,42.63467],[-86.20238,42.63472],[-86.2047,42.63399],[-86.20471,42.62917],[-86.21188,42.62917],[-86.21187,42.6282],[-86.2169,42.62815],[-86.21708,42.63387],[-86.21891,42.63385],[-86.21899,42.63625],[-86.21539,42.63628],[-86.21689,42.63709],[-86.21697,42.63984],[-86.22815,42.63974],[-86.22653,42.64451],[-86.22311,42.6504],[-86.22125,42.65362]]]}},{"type":"Feature","properties":{"name":"TheRide FlexRide-East","boundary_type":"city","source":"Census TIGER place","fidelity":"approximate","updated":"2026-09","units":"Ypsilanti city","note":"Select areas of Ypsilanti Township, connecting to Ypsilanti Transit Center. Actual service is subset of city proxy.","confidence":0.65},"geometry":{"type":"Polygon","coordinates":[[[-83.65119,42.25235],[-83.65118,42.25456],[-83.65115,42.25966],[-83.64601,42.25972],[-83.64536,42.25958],[-83.6401,42.25776],[-83.63861,42.2593],[-83.63864,42.25751],[-83.6332,42.25659],[-83.63222,42.26006],[-83.62247,42.26039],[-83.62235,42.25709],[-83.62216,42.25566],[-83.61801,42.25502],[-83.61471,42.25332],[-83.61249,42.25327],[-83.61292,42.26065],[-83.60745,42.26082],[-83.6087,42.25337],[-83.60666,42.25336],[-83.5973,42.25355],[-83.59793,42.25157],[-83.59791,42.24982],[-83.59667,42.24983],[-83.59656,42.24617],[-83.5978,42.24615],[-83.59765,42.24339],[-83.59736,42.24221],[-83.59743,42.24188],[-83.59716,42.23811],[-83.59687,42.23164],[-83.59678,42.22874],[-83.59695,42.22845],[-83.59664,42.22621],[-83.59672,42.22561],[-83.5973,42.2256],[-83.60041,42.22661],[-83.60193,42.2283],[-83.60668,42.22993],[-83.61304,42.22988],[-83.61689,42.22892],[-83.61698,42.2287],[-83.62804,42.22619],[-83.63399,42.22498],[-83.642,42.22429],[-83.64247,42.22627],[-83.63204,42.22884],[-83.6343,42.23301],[-83.63299,42.23369],[-83.63201,42.23339],[-83.63007,42.23005],[-83.62909,42.23005],[-83.6292,42.23568],[-83.62863,42.23596],[-83.63034,42.23994],[-83.63039,42.24034],[-83.6359,42.23921],[-83.63578,42.24013],[-83.63722,42.24331],[-83.64236,42.24293],[-83.6414,42.24781],[-83.64759,42.24862],[-83.64765,42.2515],[-83.64769,42.25175],[-83.65303,42.25109],[-83.65332,42.25235],[-83.65119,42.25235]]]}},{"type":"Feature","properties":{"name":"Thunder Bay Transportation Authority","boundary_type":"city","source":"Census TIGER place","fidelity":"approximate","updated":"2026-09","units":"Alpena city","note":"Service centered in City of Alpena with service extending to areas just outside city limits","confidence":0.85},"geometry":{"type":"MultiPolygon","coordinates":[[[[-83.47151,45.06735],[-83.47174,45.07856],[-83.47174,45.08349],[-83.45531,45.08356],[-83.45425,45.08358],[-83.45428,45.08719],[-83.457,45.08713],[-83.45724,45.08796],[-83.45583,45.08824],[-83.45681,45.08926],[-83.45689,45.09162],[-83.45609,45.09512],[-83.45352,45.09536],[-83.456,45.09693],[-83.45537,45.09852],[-83.45857,45.09856],[-83.46173,45.10058],[-83.46164,45.10529],[-83.45887,45.10571],[-83.45254,45.10595],[-83.45317,45.10431],[-83.45051,45.10394],[-83.45006,45.10594],[-83.44245,45.1056],[-83.44246,45.1037],[-83.44146,45.10367],[-83.44144,45.10555],[-83.43593,45.10534],[-83.43598,45.10239],[-83.43144,45.10224],[-83.43142,45.09476],[-83.43607,45.09478],[-83.43612,45.09114],[-83.44157,45.09103],[-83.44149,45.08363],[-83.41058,45.08376],[-83.41086,45.09064],[-83.40027,45.0906],[-83.40005,45.07697],[-83.38502,45.07705],[-83.38862,45.07656],[-83.38874,45.07609],[-83.38908,45.0748],[-83.39119,45.07357],[-83.39086,45.07114],[-83.39202,45.06909],[-83.39555,45.06911],[-83.3957,45.06982],[-83.39907,45.07062],[-83.40543,45.06746],[-83.4088,45.06963],[-83.41027,45.06913],[-83.41013,45.06799],[-83.41166,45.06571],[-83.41435,45.06546],[-83.41685,45.0672],[-83.41814,45.06712],[-83.41855,45.06551],[-83.41853,45.06154],[-83.42072,45.06034],[-83.42458,45.06167],[-83.42561,45.06107],[-83.42946,45.05879],[-83.43004,45.05845],[-83.43012,45.0584],[-83.43025,45.05833],[-83.43346,45.05796],[-83.43788,45.05501],[-83.44205,45.05106],[-83.44788,45.04492],[-83.4494,45.04226],[-83.44975,45.0423],[-83.44978,45.04648],[-83.4483,45.04712],[-83.45265,45.04718],[-83.46516,45.04716],[-83.47077,45.04718],[-83.47123,45.05866],[-83.47134,45.06139],[-83.47142,45.06171],[-83.47148,45.06527],[-83.47658,45.06525],[-83.47664,45.06692],[-83.47152,45.06668],[-83.47151,45.06735]]],[[[-83.36984,45.076],[-83.37072,45.07595],[-83.37253,45.0771],[-83.38031,45.07708],[-83.38139,45.07608],[-83.385,45.07705],[-83.36937,45.07726],[-83.36984,45.076]]]]}},{"type":"Feature","properties":{"name":"WexExpress","boundary_type":"county","source":"Census TIGER county","fidelity":"exact","updated":"2026-09","units":"Wexford County","note":"Countywide service with regional connections to Tustin and Traverse City (neighboring areas).","confidence":0.9},"geometry":{"type":"Polygon","coordinates":[[[-85.82107,44.2513],[-85.82103,44.27576],[-85.82122,44.27643],[-85.82065,44.32232],[-85.82081,44.32456],[-85.82078,44.338],[-85.82086,44.35248],[-85.82062,44.37547],[-85.81908,44.4245],[-85.81791,44.48077],[-85.818,44.48122],[-85.81789,44.48849],[-85.81775,44.49774],[-85.8178,44.51297],[-85.79737,44.51293],[-85.79404,44.5129],[-85.75722,44.51298],[-85.69639,44.51269],[-85.68661,44.51267],[-85.65614,44.51243],[-85.61519,44.51231],[-85.57523,44.51221],[-85.55687,44.51212],[-85.52062,44.51213],[-85.45657,44.51231],[-85.38444,44.51238],[-85.38409,44.51241],[-85.3542,44.51234],[-85.334,44.5123],[-85.3384,44.42538],[-85.33801,44.40384],[-85.33709,44.33925],[-85.33661,44.31109],[-85.3362,44.28126],[-85.33611,44.25244],[-85.33574,44.22813],[-85.33586,44.22668],[-85.33537,44.20842],[-85.33509,44.19694],[-85.33478,44.16512],[-85.34679,44.16477],[-85.35025,44.16491],[-85.35276,44.16491],[-85.35518,44.16478],[-85.35987,44.16487],[-85.3621,44.16487],[-85.36552,44.1649],[-85.36576,44.16478],[-85.36614,44.16482],[-85.37058,44.16489],[-85.38582,44.16506],[-85.40548,44.16508],[-85.41548,44.16513],[-85.41733,44.16512],[-85.4201,44.16514],[-85.44196,44.165],[-85.44442,44.165],[-85.45609,44.16498],[-85.46656,44.165],[-85.48453,44.16501],[-85.48461,44.16501],[-85.4925,44.16501],[-85.56455,44.16486],[-85.56477,44.16486],[-85.57712,44.16491],[-85.60665,44.16523],[-85.61201,44.16499],[-85.68378,44.16463],[-85.6989,44.16462],[-85.71964,44.16456],[-85.7609,44.1646],[-85.76357,44.1647],[-85.76385,44.16473],[-85.79996,44.16451],[-85.80385,44.16448],[-85.82044,44.16431],[-85.82119,44.1642],[-85.82117,44.20637],[-85.82095,44.20705],[-85.82118,44.20847],[-85.82145,44.22325],[-85.82107,44.2513]]]}},{"type":"Feature","properties":{"name":"Yates Township Transportation System","boundary_type":"county","source":"Census TIGER county","fidelity":"approximate","updated":"2026-09","units":"Lake County","note":"Service primarily spans Yates and adjacent townships; exact township list undefined (14+ townships mentioned)","confidence":0.7},"geometry":{"type":"Polygon","coordinates":[[[-86.01646,44.16702],[-85.94649,44.16516],[-85.94037,44.16493],[-85.93093,44.16498],[-85.92132,44.16477],[-85.82119,44.1642],[-85.82044,44.16431],[-85.80385,44.16448],[-85.79996,44.16451],[-85.76385,44.16473],[-85.76357,44.1647],[-85.7609,44.1646],[-85.71964,44.16456],[-85.6989,44.16462],[-85.68378,44.16463],[-85.61201,44.16499],[-85.60665,44.16523],[-85.57712,44.16491],[-85.56477,44.16486],[-85.56455,44.16486],[-85.56354,44.07466],[-85.56302,44.06841],[-85.56323,44.05315],[-85.56283,44.00292],[-85.56274,43.98835],[-85.56266,43.97392],[-85.56256,43.96542],[-85.5626,43.96273],[-85.56258,43.96205],[-85.56259,43.95949],[-85.56233,43.91637],[-85.56232,43.9019],[-85.56251,43.84442],[-85.56243,43.81548],[-85.68152,43.81553],[-85.7135,43.81557],[-85.79778,43.81425],[-85.79936,43.81432],[-85.80033,43.81423],[-85.85019,43.8141],[-85.91882,43.81464],[-85.93662,43.81505],[-85.99813,43.81511],[-86.03788,43.81561],[-86.03827,43.83186],[-86.03871,43.87343],[-86.03872,43.90255],[-86.03924,43.93795],[-86.03946,43.9461],[-86.03957,43.95168],[-86.03993,43.9746],[-86.04011,43.98967],[-86.03952,44.03291],[-86.03955,44.06315],[-86.04007,44.0771],[-86.04044,44.09116],[-86.04075,44.10597],[-86.0407,44.11022],[-86.04244,44.14844],[-86.04351,44.16709],[-86.01646,44.16702]]]}}]}