{"type":"FeatureCollection","features":[{"type":"Feature","properties":{"name":"Blackfeet Transit","boundary_type":"tribal","source":"Census TIGER AIANNH area","fidelity":"approximate","updated":"2026-09","units":"Blackfeet Indian Reservation and Off-Reservation Trust Land; Kalispell city; Great Falls city; Shelby city; Cut Bank city","note":"Blackfeet Indian Reservation (primary service area) plus the off-reservation cities the service extends to (Kalispell, Great Falls, Shelby, Cut Bank), drawn as whole city limits; the corridors between them are not shown.","confidence":0.6},"geometry":{"type":"MultiPolygon","coordinates":[[[[-114.34093,48.18449],[-114.33604,48.18452],[-114.33611,48.18198],[-114.3404,48.18207],[-114.34121,48.18287],[-114.34093,48.18449]]],[[[-114.33651,48.19193],[-114.33502,48.19174],[-114.33414,48.19105],[-114.33471,48.19057],[-114.33411,48.19004],[-114.3339,48.18928],[-114.33294,48.18845],[-114.33266,48.18743],[-114.33354,48.18687],[-114.33605,48.18595],[-114.34798,48.18593],[-114.34794,48.18939],[-114.34354,48.19072],[-114.34456,48.19329],[-114.34049,48.19248],[-114.3386,48.19114],[-114.33651,48.19193]]],[[[-114.33801,48.19534],[-114.33521,48.19522],[-114.33434,48.19355],[-114.33629,48.19331],[-114.33666,48.19414],[-114.33801,48.19534]]],[[[-114.3672,48.21492],[-114.3629,48.21468],[-114.36101,48.21131],[-114.36066,48.21131],[-114.36068,48.21003],[-114.35908,48.21003],[-114.35903,48.21116],[-114.35692,48.21117],[-114.357,48.21009],[-114.35611,48.21007],[-114.35573,48.21017],[-114.35541,48.21132],[-114.35522,48.21132],[-114.3569,48.2124],[-114.35689,48.21488],[-114.3516,48.21493],[-114.35158,48.21859],[-114.35424,48.21868],[-114.35425,48.22039],[-114.35137,48.22038],[-114.34945,48.21888],[-114.349,48.22132],[-114.34475,48.22124],[-114.3445,48.2259],[-114.34893,48.22594],[-114.35209,48.22593],[-114.36143,48.2259],[-114.37383,48.22608],[-114.3739,48.24033],[-114.35221,48.24041],[-114.35225,48.24687],[-114.35089,48.24755],[-114.35227,48.24755],[-114.35229,48.25132],[-114.34682,48.25127],[-114.34678,48.24042],[-114.3415,48.24043],[-114.33353,48.24018],[-114.33045,48.24042],[-114.33022,48.24041],[-114.32547,48.24018],[-114.32348,48.23505],[-114.325,48.23273],[-114.32505,48.22951],[-114.32062,48.2295],[-114.32059,48.22882],[-114.31781,48.22793],[-114.31573,48.22586],[-114.31372,48.22586],[-114.31413,48.23127],[-114.31405,48.23506],[-114.31822,48.236],[-114.31731,48.23678],[-114.30868,48.23672],[-114.30867,48.2332],[-114.30768,48.23016],[-114.30768,48.2306],[-114.30668,48.2306],[-114.30483,48.23319],[-114.30439,48.23565],[-114.30229,48.23679],[-114.29719,48.23659],[-114.29726,48.23495],[-114.29912,48.23465],[-114.29975,48.23022],[-114.30225,48.22985],[-114.3021,48.2313],[-114.30003,48.23064],[-114.30071,48.23235],[-114.30002,48.23509],[-114.29836,48.23603],[-114.30236,48.23586],[-114.30286,48.23253],[-114.3038,48.2298],[-114.30217,48.2289],[-114.30161,48.227],[-114.29822,48.22765],[-114.29428,48.22751],[-114.29601,48.23081],[-114.29576,48.23619],[-114.29371,48.23597],[-114.29382,48.2358],[-114.29393,48.23529],[-114.29458,48.23447],[-114.2947,48.23414],[-114.2948,48.23321],[-114.29528,48.23323],[-114.29529,48.23312],[-114.29475,48.23313],[-114.29425,48.22946],[-114.29268,48.22763],[-114.29223,48.22599],[-114.29251,48.22602],[-114.29305,48.22599],[-114.30758,48.22586],[-114.30759,48.22737],[-114.30768,48.22733],[-114.30784,48.22733],[-114.308,48.22586],[-114.3078,48.22471],[-114.30783,48.2195],[-114.3141,48.21937],[-114.31298,48.2192],[-114.31167,48.21805],[-114.3096,48.21825],[-114.31085,48.21417],[-114.31056,48.2115],[-114.30959,48.2115],[-114.30959,48.21066],[-114.30959,48.2079],[-114.30603,48.20677],[-114.30575,48.20679],[-114.30551,48.20726],[-114.3015,48.20768],[-114.30051,48.20685],[-114.30049,48.20787],[-114.30574,48.2079],[-114.30667,48.20964],[-114.30672,48.20971],[-114.30458,48.21051],[-114.30198,48.20933],[-114.29589,48.20933],[-114.29864,48.20607],[-114.30083,48.20673],[-114.30218,48.20499],[-114.29999,48.20456],[-114.29883,48.2043],[-114.29803,48.20339],[-114.29852,48.19998],[-114.2977,48.19962],[-114.2987,48.19965],[-114.29874,48.19691],[-114.29586,48.19447],[-114.29472,48.19064],[-114.2925,48.18824],[-114.29295,48.18762],[-114.28786,48.18646],[-114.28786,48.1864],[-114.28777,48.18572],[-114.28778,48.18256],[-114.2852,48.18249],[-114.28396,48.18193],[-114.28246,48.18193],[-114.28244,48.17987],[-114.28174,48.17887],[-114.28556,48.17886],[-114.28555,48.17727],[-114.28242,48.17727],[-114.28241,48.17524],[-114.28711,48.17522],[-114.28784,48.17793],[-114.29182,48.17729],[-114.29109,48.17613],[-114.28992,48.17757],[-114.28799,48.17757],[-114.28796,48.17477],[-114.29321,48.17434],[-114.29576,48.17587],[-114.29963,48.177],[-114.29077,48.16798],[-114.28777,48.16796],[-114.28775,48.16531],[-114.28852,48.16427],[-114.28774,48.15712],[-114.28479,48.15714],[-114.28478,48.15802],[-114.2874,48.15802],[-114.28747,48.16046],[-114.28571,48.16048],[-114.28573,48.16219],[-114.28737,48.16218],[-114.28765,48.16424],[-114.28232,48.16418],[-114.28232,48.15821],[-114.28326,48.15712],[-114.28321,48.15464],[-114.28449,48.15349],[-114.28215,48.15349],[-114.28215,48.15259],[-114.28738,48.15258],[-114.28737,48.15349],[-114.28473,48.15349],[-114.28476,48.15534],[-114.28774,48.15532],[-114.28774,48.15487],[-114.28808,48.15379],[-114.2932,48.15371],[-114.29243,48.1499],[-114.2984,48.14991],[-114.29855,48.15348],[-114.29853,48.15546],[-114.29857,48.1608],[-114.29303,48.16076],[-114.2931,48.16429],[-114.29861,48.16432],[-114.29861,48.16441],[-114.2913,48.16439],[-114.29111,48.16534],[-114.28923,48.16543],[-114.29155,48.16798],[-114.29319,48.16799],[-114.29204,48.16851],[-114.2963,48.17284],[-114.29904,48.17183],[-114.30218,48.17508],[-114.30401,48.17527],[-114.30233,48.17308],[-114.30401,48.17176],[-114.30903,48.1747],[-114.30931,48.17678],[-114.30936,48.17493],[-114.30935,48.17169],[-114.30773,48.17277],[-114.30589,48.17195],[-114.30589,48.1687],[-114.3034,48.16869],[-114.30304,48.16664],[-114.30385,48.16442],[-114.30971,48.16398],[-114.30954,48.17079],[-114.31487,48.17072],[-114.31486,48.16878],[-114.31798,48.17158],[-114.32665,48.17887],[-114.32929,48.18198],[-114.32718,48.18209],[-114.32583,48.18054],[-114.32546,48.18218],[-114.32274,48.18224],[-114.32033,48.18232],[-114.32071,48.18241],[-114.32087,48.18256],[-114.32112,48.18366],[-114.3203,48.18367],[-114.3203,48.18402],[-114.32113,48.184],[-114.32125,48.18438],[-114.32205,48.18439],[-114.32224,48.18464],[-114.3203,48.18526],[-114.3204,48.18622],[-114.32413,48.18872],[-114.32751,48.18713],[-114.33051,48.18736],[-114.32977,48.18803],[-114.33058,48.18804],[-114.33056,48.18828],[-114.33058,48.18848],[-114.33065,48.18903],[-114.33125,48.19121],[-114.33321,48.19098],[-114.3342,48.19445],[-114.33048,48.19691],[-114.33596,48.1969],[-114.33991,48.19696],[-114.34101,48.19694],[-114.34123,48.19877],[-114.3437,48.19898],[-114.34517,48.19897],[-114.34514,48.19838],[-114.34675,48.19811],[-114.34728,48.19878],[-114.34727,48.19959],[-114.34582,48.1996],[-114.34582,48.20004],[-114.34381,48.20004],[-114.34554,48.2038],[-114.33933,48.20439],[-114.33929,48.20779],[-114.34077,48.20938],[-114.34,48.21116],[-114.33672,48.21013],[-114.33672,48.21139],[-114.33724,48.21139],[-114.34585,48.21134],[-114.3497,48.21133],[-114.35018,48.20776],[-114.35198,48.20775],[-114.35715,48.20773],[-114.36233,48.2077],[-114.36238,48.20411],[-114.36664,48.20407],[-114.36884,48.20548],[-114.37049,48.20607],[-114.37305,48.20776],[-114.37297,48.2113],[-114.37849,48.21128],[-114.37821,48.22339],[-114.3774,48.22333],[-114.37406,48.21986],[-114.37288,48.21962],[-114.37295,48.21491],[-114.3672,48.21492]],[[-114.32327,48.22588],[-114.32319,48.22417],[-114.32021,48.22496],[-114.32103,48.2239],[-114.32348,48.22376],[-114.32324,48.22168],[-114.32019,48.2205],[-114.31985,48.21851],[-114.31675,48.21856],[-114.3185,48.22024],[-114.31636,48.22197],[-114.31738,48.22292],[-114.31573,48.22586],[-114.32327,48.22588]],[[-114.34946,48.23135],[-114.34947,48.23496],[-114.35219,48.23497],[-114.35204,48.23134],[-114.34946,48.23135]],[[-114.34607,48.21495],[-114.34497,48.21495],[-114.34065,48.21496],[-114.34059,48.21851],[-114.34601,48.21855],[-114.34607,48.21495]],[[-114.34051,48.2222],[-114.33513,48.22212],[-114.33499,48.2258],[-114.33627,48.2244],[-114.3405,48.22407],[-114.34051,48.2222]],[[-114.32794,48.19704],[-114.32585,48.19731],[-114.3265,48.19897],[-114.3266,48.19749],[-114.32946,48.19705],[-114.32794,48.19704]],[[-114.30953,48.1784],[-114.30953,48.18039],[-114.31067,48.18039],[-114.31066,48.18251],[-114.31087,48.18286],[-114.31427,48.18243],[-114.3145,48.18303],[-114.3153,48.1844],[-114.31649,48.1844],[-114.31651,48.18255],[-114.31619,48.18226],[-114.31601,48.18202],[-114.31598,48.18195],[-114.31686,48.18194],[-114.31689,48.18013],[-114.31736,48.18003],[-114.31766,48.18008],[-114.31884,48.18041],[-114.31949,48.17949],[-114.31573,48.17881],[-114.31402,48.18068],[-114.31198,48.17886],[-114.31169,48.17878],[-114.30953,48.1784]],[[-114.28852,48.17809],[-114.28817,48.1781],[-114.28799,48.17811],[-114.28802,48.18064],[-114.29322,48.18068],[-114.29323,48.18254],[-114.29586,48.18252],[-114.29586,48.1833],[-114.29437,48.18329],[-114.29439,48.18384],[-114.29342,48.18385],[-114.29342,48.18398],[-114.29635,48.18725],[-114.29671,48.1865],[-114.29729,48.18702],[-114.29848,48.18684],[-114.30041,48.18615],[-114.29975,48.18418],[-114.29863,48.18437],[-114.29867,48.181],[-114.29787,48.18088],[-114.30179,48.18065],[-114.30137,48.17953],[-114.29861,48.17892],[-114.29323,48.17887],[-114.29327,48.17748],[-114.29007,48.17809],[-114.28852,48.17809]],[[-114.28803,48.18252],[-114.28806,48.18624],[-114.29053,48.18633],[-114.29051,48.18253],[-114.28803,48.18252]]],[[[-114.34461,48.2107],[-114.34459,48.21106],[-114.34362,48.2112],[-114.3436,48.20777],[-114.34533,48.20777],[-114.34461,48.2107]]],[[[-114.32881,48.26579],[-114.32514,48.26579],[-114.3251,48.26217],[-114.31966,48.26218],[-114.31961,48.25854],[-114.3087,48.25845],[-114.30865,48.25489],[-114.31149,48.25497],[-114.31151,48.25124],[-114.30864,48.25116],[-114.30864,48.24761],[-114.30878,48.25041],[-114.31178,48.25041],[-114.31174,48.24763],[-114.3181,48.24763],[-114.31811,48.24038],[-114.31945,48.24038],[-114.31945,48.24236],[-114.32515,48.24238],[-114.3242,48.24059],[-114.33008,48.24064],[-114.3301,48.24342],[-114.32674,48.24343],[-114.32503,48.24403],[-114.32493,48.24771],[-114.33021,48.24768],[-114.33015,48.25498],[-114.32767,48.25493],[-114.32771,48.25824],[-114.33037,48.25856],[-114.33036,48.26039],[-114.32733,48.26052],[-114.32732,48.26168],[-114.33011,48.26169],[-114.33002,48.26644],[-114.32881,48.26579]]],[[[-114.33606,48.25611],[-114.33609,48.2548],[-114.33068,48.2548],[-114.33076,48.25131],[-114.33476,48.25274],[-114.33599,48.2535],[-114.33673,48.25279],[-114.3406,48.25489],[-114.34075,48.25524],[-114.34068,48.25542],[-114.34045,48.25551],[-114.33903,48.25645],[-114.33855,48.25654],[-114.33769,48.25663],[-114.33606,48.25611]]],[[[-114.32765,48.27562],[-114.32524,48.27562],[-114.32521,48.27304],[-114.32682,48.27304],[-114.32683,48.27461],[-114.32765,48.27562]]],[[[-114.34658,48.28026],[-114.3463,48.28388],[-114.33588,48.28391],[-114.33587,48.28777],[-114.33109,48.28778],[-114.33105,48.28029],[-114.33103,48.27303],[-114.33579,48.27299],[-114.3358,48.26941],[-114.33063,48.26942],[-114.33088,48.2658],[-114.34642,48.26578],[-114.3457,48.26615],[-114.34549,48.26622],[-114.34525,48.26642],[-114.34519,48.26665],[-114.3452,48.2672],[-114.34547,48.26745],[-114.34567,48.26772],[-114.3459,48.26831],[-114.34604,48.26895],[-114.3463,48.26965],[-114.34487,48.27147],[-114.34689,48.2729],[-114.34726,48.27497],[-114.34634,48.27336],[-114.34469,48.2732],[-114.34401,48.27318],[-114.34348,48.27341],[-114.34368,48.27387],[-114.34499,48.2747],[-114.34473,48.27611],[-114.3452,48.27666],[-114.34618,48.27684],[-114.34736,48.27718],[-114.34763,48.2773],[-114.34764,48.27751],[-114.34741,48.27787],[-114.34652,48.27866],[-114.34605,48.2793],[-114.34629,48.27973],[-114.34658,48.28026]]],[[[-111.39169,47.47218],[-111.3893,47.47217],[-111.38936,47.47932],[-111.38637,47.47931],[-111.3863,47.48654],[-111.38094,47.48656],[-111.38083,47.49644],[-111.37663,47.49644],[-111.3756,47.49733],[-111.37019,47.49733],[-111.37014,47.4937],[-111.35636,47.49372],[-111.35489,47.49471],[-111.35461,47.49535],[-111.35275,47.4971],[-111.34893,47.49633],[-111.34885,47.49911],[-111.34881,47.5006],[-111.35095,47.50058],[-111.35097,47.50211],[-111.35773,47.50244],[-111.35693,47.50407],[-111.35724,47.50543],[-111.35868,47.5063],[-111.35938,47.50631],[-111.35946,47.5079],[-111.36234,47.50791],[-111.36234,47.50611],[-111.36388,47.50489],[-111.36394,47.50848],[-111.35999,47.50849],[-111.35942,47.50907],[-111.35944,47.50849],[-111.34863,47.50855],[-111.34862,47.50974],[-111.35019,47.50975],[-111.34864,47.51128],[-111.34881,47.51457],[-111.34974,47.51481],[-111.34948,47.51579],[-111.34356,47.51598],[-111.3456,47.51999],[-111.346,47.52146],[-111.34578,47.52199],[-111.34315,47.522],[-111.34318,47.51599],[-111.33787,47.51609],[-111.33786,47.51719],[-111.32821,47.51669],[-111.3345,47.51778],[-111.33843,47.51809],[-111.33898,47.51922],[-111.33782,47.52016],[-111.32995,47.52346],[-111.32964,47.52266],[-111.32671,47.52344],[-111.32664,47.5253],[-111.3242,47.52439],[-111.32422,47.52535],[-111.32568,47.52535],[-111.32423,47.52907],[-111.3242,47.52995],[-111.32335,47.52996],[-111.32336,47.53059],[-111.32419,47.53059],[-111.32427,47.53306],[-111.31966,47.53314],[-111.31518,47.5339],[-111.31517,47.53349],[-111.31358,47.53424],[-111.31473,47.53475],[-111.31527,47.53903],[-111.32445,47.5389],[-111.32458,47.54612],[-111.3209,47.54614],[-111.32088,47.54516],[-111.31922,47.54632],[-111.3065,47.5464],[-111.30592,47.54205],[-111.30589,47.5391],[-111.30283,47.53918],[-111.30232,47.5406],[-111.30191,47.5406],[-111.30192,47.54137],[-111.30032,47.54112],[-111.29773,47.54116],[-111.29778,47.54263],[-111.29779,47.54279],[-111.29239,47.54279],[-111.29243,47.54426],[-111.28689,47.5443],[-111.28743,47.54276],[-111.28731,47.53917],[-111.28771,47.53917],[-111.2877,47.53877],[-111.28187,47.53881],[-111.28188,47.5392],[-111.28213,47.54814],[-111.28387,47.54813],[-111.28383,47.5464],[-111.29177,47.54641],[-111.29194,47.55036],[-111.2886,47.55036],[-111.28684,47.54967],[-111.28215,47.55008],[-111.28193,47.55186],[-111.28172,47.55187],[-111.28139,47.53783],[-111.27464,47.54747],[-111.27199,47.55081],[-111.27137,47.55013],[-111.26601,47.55018],[-111.26597,47.54655],[-111.26245,47.54658],[-111.2624,47.54295],[-111.26775,47.54289],[-111.26771,47.54029],[-111.27449,47.54023],[-111.27451,47.54192],[-111.27796,47.54191],[-111.28045,47.53821],[-111.28119,47.53585],[-111.27606,47.53588],[-111.27602,47.5392],[-111.27277,47.5392],[-111.27275,47.53663],[-111.27469,47.53569],[-111.28187,47.53509],[-111.28299,47.53509],[-111.28172,47.53736],[-111.28187,47.53856],[-111.28395,47.53812],[-111.2839,47.53627],[-111.28555,47.53627],[-111.28555,47.53423],[-111.28768,47.53384],[-111.29098,47.53444],[-111.29095,47.53195],[-111.2855,47.53196],[-111.288,47.52843],[-111.29179,47.52834],[-111.29198,47.52488],[-111.28984,47.52508],[-111.28991,47.52423],[-111.28693,47.52423],[-111.28701,47.52328],[-111.29023,47.52325],[-111.29043,47.52243],[-111.29843,47.51984],[-111.3029,47.5201],[-111.29976,47.51788],[-111.29975,47.51628],[-111.29653,47.51627],[-111.29293,47.51815],[-111.2916,47.51902],[-111.28562,47.51968],[-111.28154,47.51995],[-111.27543,47.51948],[-111.26976,47.51734],[-111.26732,47.51721],[-111.26411,47.51801],[-111.26415,47.51842],[-111.26273,47.51866],[-111.26267,47.51871],[-111.26266,47.51868],[-111.26217,47.51911],[-111.25886,47.52028],[-111.25436,47.52136],[-111.25046,47.52328],[-111.24989,47.52303],[-111.24542,47.52487],[-111.24371,47.52677],[-111.2403,47.52843],[-111.23653,47.52974],[-111.23302,47.53226],[-111.23081,47.52998],[-111.23447,47.5286],[-111.241,47.52488],[-111.24154,47.52133],[-111.23961,47.52089],[-111.23969,47.52373],[-111.23142,47.52375],[-111.23126,47.52034],[-111.22418,47.52034],[-111.22423,47.5215],[-111.22177,47.52143],[-111.22195,47.52493],[-111.21532,47.52487],[-111.21532,47.5285],[-111.21265,47.52849],[-111.21266,47.53031],[-111.19994,47.53029],[-111.19921,47.52938],[-111.19806,47.52939],[-111.19805,47.53028],[-111.19651,47.53028],[-111.19651,47.52486],[-111.19913,47.52487],[-111.19899,47.52016],[-111.19898,47.5199],[-111.21739,47.52002],[-111.21559,47.5184],[-111.21458,47.51644],[-111.21532,47.51273],[-111.21286,47.51273],[-111.21273,47.50903],[-111.21523,47.50901],[-111.21474,47.50705],[-111.21555,47.50705],[-111.21558,47.50617],[-111.21591,47.50691],[-111.22657,47.50711],[-111.22747,47.50711],[-111.22803,47.50351],[-111.22685,47.50155],[-111.22244,47.50153],[-111.2225,47.50345],[-111.2209,47.50346],[-111.22087,47.50153],[-111.22046,47.50153],[-111.2205,47.50364],[-111.21781,47.50366],[-111.21778,47.50153],[-111.21546,47.50154],[-111.21538,47.49757],[-111.21532,47.49442],[-111.21477,47.49331],[-111.21054,47.49128],[-111.21243,47.48976],[-111.21637,47.49041],[-111.22051,47.49036],[-111.2206,47.49379],[-111.22567,47.49382],[-111.22557,47.49134],[-111.22898,47.49136],[-111.23151,47.4891],[-111.23517,47.48856],[-111.23511,47.48684],[-111.23639,47.48424],[-111.24067,47.48274],[-111.24245,47.4829],[-111.24289,47.48426],[-111.24135,47.48532],[-111.24238,47.48532],[-111.24343,47.48585],[-111.24437,47.48452],[-111.25102,47.48008],[-111.25193,47.47977],[-111.25444,47.48014],[-111.25445,47.48219],[-111.25534,47.48302],[-111.26309,47.48304],[-111.26309,47.48159],[-111.26803,47.48159],[-111.26804,47.47976],[-111.27364,47.47985],[-111.27362,47.48223],[-111.27486,47.48223],[-111.27503,47.48342],[-111.27728,47.4832],[-111.27833,47.4823],[-111.28354,47.48277],[-111.28415,47.47989],[-111.27897,47.47987],[-111.27896,47.47422],[-111.2843,47.47421],[-111.28438,47.482],[-111.28513,47.48304],[-111.29397,47.48296],[-111.29397,47.48353],[-111.2951,47.48425],[-111.3026,47.4839],[-111.30161,47.48137],[-111.30064,47.47227],[-111.30598,47.47276],[-111.30598,47.47303],[-111.30919,47.47302],[-111.30839,47.46796],[-111.30597,47.46862],[-111.30551,47.46529],[-111.30207,47.46487],[-111.30293,47.46308],[-111.30521,47.46298],[-111.30932,47.46346],[-111.31177,47.46493],[-111.3113,47.46632],[-111.31276,47.46634],[-111.31425,47.4686],[-111.31444,47.47404],[-111.31376,47.47511],[-111.31174,47.47512],[-111.30955,47.47883],[-111.30936,47.48106],[-111.31032,47.48314],[-111.31344,47.48645],[-111.31432,47.48843],[-111.31339,47.49166],[-111.31439,47.49166],[-111.31747,47.49164],[-111.31751,47.49292],[-111.31329,47.49336],[-111.31118,47.49354],[-111.31044,47.49416],[-111.31254,47.49415],[-111.31738,47.49416],[-111.32144,47.49327],[-111.32087,47.49233],[-111.32017,47.49124],[-111.32448,47.49],[-111.32545,47.48848],[-111.32415,47.48815],[-111.32298,47.48628],[-111.32255,47.48123],[-111.32197,47.48018],[-111.32026,47.4802],[-111.31892,47.48211],[-111.31704,47.47871],[-111.31951,47.47869],[-111.31947,47.47777],[-111.31649,47.47794],[-111.31615,47.47696],[-111.32075,47.47694],[-111.32081,47.47958],[-111.32228,47.47956],[-111.32219,47.47588],[-111.32018,47.47534],[-111.31583,47.47536],[-111.31725,47.47309],[-111.31966,47.47222],[-111.32747,47.47218],[-111.32745,47.47144],[-111.33107,47.47175],[-111.33106,47.47102],[-111.33464,47.47098],[-111.33403,47.46868],[-111.3328,47.46759],[-111.33818,47.4681],[-111.33817,47.47204],[-111.34047,47.47201],[-111.33981,47.47451],[-111.33817,47.47454],[-111.33817,47.47336],[-111.33532,47.47436],[-111.33647,47.47561],[-111.33647,47.47742],[-111.3397,47.47704],[-111.34127,47.472],[-111.34899,47.4719],[-111.35676,47.47191],[-111.35675,47.4688],[-111.3546,47.4688],[-111.3546,47.46718],[-111.35699,47.46718],[-111.35699,47.46944],[-111.3596,47.46943],[-111.36085,47.47222],[-111.36102,47.47242],[-111.36159,47.47298],[-111.36485,47.47033],[-111.36902,47.46758],[-111.37551,47.46527],[-111.41012,47.45716],[-111.41035,47.45883],[-111.4022,47.46091],[-111.40233,47.46521],[-111.39862,47.46509],[-111.39168,47.46976],[-111.39169,47.47218]],[[-111.3489,47.47801],[-111.35386,47.4765],[-111.34903,47.47968],[-111.3449,47.48353],[-111.34088,47.48558],[-111.33874,47.48557],[-111.33837,47.48687],[-111.34159,47.48735],[-111.33874,47.48749],[-111.33878,47.4887],[-111.34128,47.48906],[-111.33929,47.49104],[-111.34189,47.4926],[-111.33744,47.49187],[-111.33744,47.49264],[-111.33802,47.49262],[-111.33805,47.49369],[-111.34085,47.4939],[-111.34314,47.49386],[-111.34498,47.49381],[-111.34549,47.48648],[-111.34905,47.48643],[-111.34903,47.48369],[-111.35573,47.47981],[-111.3584,47.47731],[-111.35978,47.47428],[-111.36019,47.47298],[-111.36001,47.4728],[-111.35929,47.47208],[-111.35618,47.47277],[-111.35465,47.47425],[-111.34902,47.47557],[-111.3489,47.47801]],[[-111.33795,47.48462],[-111.33689,47.48462],[-111.33619,47.4865],[-111.33681,47.48651],[-111.33793,47.48651],[-111.33795,47.48462]],[[-111.33576,47.49406],[-111.33623,47.4926],[-111.33723,47.49043],[-111.33439,47.49015],[-111.33321,47.49154],[-111.33033,47.49163],[-111.33086,47.49414],[-111.33576,47.49406]],[[-111.33568,47.48318],[-111.33501,47.48307],[-111.33519,47.48325],[-111.33504,47.48365],[-111.33551,47.48373],[-111.33568,47.48318]],[[-111.30612,47.48034],[-111.30616,47.48131],[-111.30707,47.48187],[-111.30633,47.4818],[-111.3039,47.48389],[-111.306,47.48518],[-111.30992,47.48376],[-111.30898,47.48263],[-111.30868,47.48083],[-111.30884,47.47839],[-111.3073,47.47839],[-111.3074,47.47963],[-111.30612,47.48034]],[[-111.30034,47.52827],[-111.30031,47.52592],[-111.29865,47.52593],[-111.29779,47.52723],[-111.29456,47.52723],[-111.29457,47.5283],[-111.30034,47.52827]],[[-111.29395,47.48511],[-111.29385,47.48741],[-111.29481,47.48914],[-111.29688,47.4891],[-111.29544,47.48741],[-111.29408,47.48742],[-111.2941,47.487],[-111.29508,47.4869],[-111.2951,47.48511],[-111.29395,47.48511]],[[-111.28878,47.48741],[-111.28682,47.4874],[-111.28682,47.48977],[-111.28539,47.49042],[-111.28878,47.48998],[-111.28878,47.48741]],[[-111.28508,47.48678],[-111.28511,47.48356],[-111.2843,47.48355],[-111.28428,47.48593],[-111.28432,47.48656],[-111.28439,47.48678],[-111.28508,47.48678]],[[-111.26825,47.48516],[-111.26555,47.48516],[-111.26558,47.48709],[-111.2679,47.48708],[-111.26825,47.48696],[-111.26825,47.48516]],[[-111.26526,47.48972],[-111.26525,47.49059],[-111.26596,47.49059],[-111.26597,47.48973],[-111.26526,47.48972]],[[-111.25186,47.49039],[-111.25196,47.49052],[-111.25347,47.49045],[-111.25197,47.4894],[-111.25186,47.49039]],[[-111.24283,47.48557],[-111.24262,47.48663],[-111.24126,47.48794],[-111.24149,47.48796],[-111.24404,47.4864],[-111.24283,47.48557]],[[-111.2312,47.51648],[-111.23118,47.51456],[-111.22872,47.51456],[-111.22869,47.51321],[-111.22661,47.51278],[-111.22627,47.51518],[-111.22294,47.51503],[-111.22242,47.51271],[-111.22125,47.51271],[-111.22106,47.5092],[-111.22221,47.50921],[-111.22433,47.50903],[-111.22425,47.50726],[-111.22098,47.50724],[-111.21825,47.50723],[-111.21828,47.50902],[-111.21556,47.50825],[-111.21557,47.50999],[-111.22067,47.50999],[-111.22098,47.51783],[-111.21604,47.51823],[-111.21678,47.51915],[-111.21897,47.51998],[-111.21974,47.51845],[-111.22287,47.51809],[-111.23321,47.51812],[-111.23953,47.51681],[-111.24139,47.51668],[-111.2414,47.51607],[-111.23883,47.5163],[-111.23891,47.51503],[-111.23624,47.51503],[-111.23623,47.51649],[-111.2312,47.51648]],[[-111.24113,47.50735],[-111.23596,47.50733],[-111.23611,47.5088],[-111.23803,47.50886],[-111.24115,47.50884],[-111.24113,47.50735]],[[-111.23568,47.4903],[-111.23312,47.49031],[-111.23303,47.49196],[-111.23431,47.49195],[-111.23427,47.49069],[-111.23568,47.4903]],[[-111.2259,47.5127],[-111.2345,47.5127],[-111.23452,47.51106],[-111.22995,47.5108],[-111.22841,47.51091],[-111.22675,47.51077],[-111.22575,47.51129],[-111.2259,47.5127]],[[-111.23382,47.5054],[-111.22814,47.50559],[-111.22773,47.50658],[-111.22776,47.50711],[-111.23399,47.50715],[-111.23382,47.5054]],[[-111.2206,47.49392],[-111.22062,47.4944],[-111.22568,47.4944],[-111.22567,47.49396],[-111.2206,47.49392]],[[-111.22145,47.52017],[-111.21894,47.52015],[-111.21853,47.5201],[-111.21812,47.52471],[-111.22174,47.52471],[-111.22145,47.52017]]],[[[-114.27688,48.14441],[-114.2753,48.14442],[-114.27137,48.142],[-114.26881,48.13902],[-114.27691,48.13916],[-114.27688,48.14441]]],[[[-111.87344,48.42754],[-111.86965,48.42718],[-111.86673,48.42638],[-111.86453,48.42521],[-111.87158,48.42502],[-111.87344,48.42754]]],[[[-111.9073,48.44164],[-111.90482,48.44282],[-111.89943,48.44368],[-111.89931,48.44494],[-111.89938,48.45098],[-111.88048,48.45099],[-111.88063,48.4517],[-111.8823,48.45316],[-111.88294,48.45413],[-111.88288,48.48337],[-111.88642,48.48337],[-111.88403,48.48859],[-111.88343,48.49108],[-111.88296,48.49975],[-111.88423,48.49978],[-111.88408,48.50241],[-111.88363,48.50574],[-111.88763,48.50863],[-111.89045,48.50873],[-111.89054,48.50008],[-111.8983,48.50009],[-111.89835,48.50521],[-111.8913,48.5052],[-111.89132,48.50875],[-111.89383,48.50874],[-111.88836,48.50895],[-111.88794,48.50892],[-111.88336,48.50579],[-111.88395,48.49997],[-111.88291,48.49994],[-111.88291,48.50175],[-111.88262,48.50599],[-111.8813,48.51004],[-111.88047,48.50939],[-111.87808,48.51097],[-111.87814,48.51332],[-111.87896,48.5133],[-111.87944,48.51328],[-111.88009,48.51244],[-111.88417,48.51244],[-111.88416,48.51606],[-111.88822,48.51606],[-111.88822,48.51808],[-111.88675,48.52006],[-111.88392,48.51907],[-111.8767,48.51552],[-111.86253,48.50888],[-111.86121,48.50886],[-111.87466,48.5161],[-111.87183,48.51605],[-111.87189,48.52021],[-111.87189,48.52329],[-111.86872,48.52329],[-111.86099,48.52328],[-111.86099,48.52476],[-111.85841,48.52476],[-111.85919,48.52707],[-111.8603,48.52851],[-111.86138,48.53045],[-111.86194,48.5318],[-111.86126,48.53401],[-111.88265,48.5339],[-111.88272,48.5413],[-111.87734,48.54138],[-111.87735,48.545],[-111.85009,48.545],[-111.85011,48.5378],[-111.86118,48.5378],[-111.86114,48.53329],[-111.86157,48.53124],[-111.85908,48.52795],[-111.85552,48.52794],[-111.85554,48.52867],[-111.84871,48.52868],[-111.84872,48.52958],[-111.84463,48.52959],[-111.84467,48.52329],[-111.8336,48.52328],[-111.83367,48.5189],[-111.83557,48.51842],[-111.83555,48.52236],[-111.8433,48.52239],[-111.84328,48.51877],[-111.84192,48.51877],[-111.84192,48.51604],[-111.83505,48.51604],[-111.83367,48.51603],[-111.83368,48.51447],[-111.83366,48.51241],[-111.8286,48.51243],[-111.82826,48.50515],[-111.83373,48.50516],[-111.83372,48.50871],[-111.8348,48.50511],[-111.83574,48.50517],[-111.83695,48.5025],[-111.84083,48.5025],[-111.84166,48.4997],[-111.84708,48.50171],[-111.83912,48.49793],[-111.82736,48.4923],[-111.82367,48.49106],[-111.8237,48.4887],[-111.82828,48.48861],[-111.82831,48.47623],[-111.83247,48.47632],[-111.84471,48.49455],[-111.84711,48.49844],[-111.84758,48.49968],[-111.84473,48.49984],[-111.84474,48.49616],[-111.84205,48.49615],[-111.84203,48.49799],[-111.83944,48.49683],[-111.83946,48.49674],[-111.83712,48.49542],[-111.83711,48.49687],[-111.83917,48.49786],[-111.8392,48.49776],[-111.84395,48.50007],[-111.84848,48.50008],[-111.84992,48.5018],[-111.84516,48.49446],[-111.84123,48.48808],[-111.84255,48.49004],[-111.8455,48.49442],[-111.84693,48.49318],[-111.84906,48.49433],[-111.86651,48.49393],[-111.86632,48.49021],[-111.8589,48.48724],[-111.86601,48.48975],[-111.86641,48.48999],[-111.86661,48.49292],[-111.86691,48.49432],[-111.88261,48.49427],[-111.88265,48.45409],[-111.88022,48.45149],[-111.88058,48.44983],[-111.88229,48.4483],[-111.88268,48.44722],[-111.88266,48.4444],[-111.88313,48.43961],[-111.88309,48.43835],[-111.88377,48.43527],[-111.88495,48.43289],[-111.88694,48.43035],[-111.88914,48.42836],[-111.88894,48.42681],[-111.88805,48.42649],[-111.88579,48.42687],[-111.88223,48.42695],[-111.87951,48.42596],[-111.87592,48.42587],[-111.87478,48.42536],[-111.87458,48.42602],[-111.87182,48.42453],[-111.87215,48.42327],[-111.87365,48.42268],[-111.87515,48.4227],[-111.8765,48.42319],[-111.88288,48.42196],[-111.88288,48.42558],[-111.87954,48.4256],[-111.88228,48.42676],[-111.88574,48.42668],[-111.88806,48.42629],[-111.88919,48.42668],[-111.88956,48.42799],[-111.89009,48.42771],[-111.88712,48.43053],[-111.88589,48.432],[-111.88402,48.43532],[-111.88343,48.43807],[-111.88341,48.43958],[-111.88294,48.44424],[-111.88294,48.44751],[-111.88251,48.44841],[-111.88087,48.44988],[-111.88049,48.45078],[-111.899,48.4508],[-111.89898,48.4435],[-111.90476,48.44258],[-111.90688,48.44154],[-111.90928,48.43956],[-111.91174,48.43666],[-111.90465,48.43644],[-111.90466,48.43268],[-111.90382,48.43093],[-111.90066,48.42879],[-111.90037,48.42749],[-111.90468,48.42659],[-111.90467,48.42558],[-111.91551,48.42555],[-111.91548,48.42809],[-111.91701,48.42891],[-111.91786,48.43279],[-111.91552,48.4328],[-111.91553,48.43642],[-111.91251,48.43643],[-111.91027,48.43906],[-111.9073,48.44164]],[[-111.86747,48.49439],[-111.8673,48.49463],[-111.86655,48.50154],[-111.86704,48.50157],[-111.87046,48.50159],[-111.872,48.50159],[-111.88263,48.5015],[-111.8826,48.49444],[-111.87459,48.49444],[-111.87459,48.49551],[-111.87202,48.49551],[-111.87202,48.49446],[-111.86747,48.49439]],[[-111.87798,48.50882],[-111.87799,48.50963],[-111.88119,48.50739],[-111.88261,48.50168],[-111.87199,48.5017],[-111.87188,48.50678],[-111.87572,48.50728],[-111.87183,48.50881],[-111.87798,48.50882]],[[-111.85573,48.51761],[-111.85559,48.51697],[-111.85317,48.51606],[-111.85005,48.51605],[-111.85011,48.51971],[-111.85438,48.51973],[-111.85573,48.51761]],[[-111.84945,48.51243],[-111.84938,48.51064],[-111.8463,48.51068],[-111.84605,48.50956],[-111.84176,48.51219],[-111.84103,48.51241],[-111.84945,48.51243]],[[-111.8419,48.51188],[-111.84191,48.5088],[-111.84465,48.50886],[-111.84514,48.50995],[-111.84563,48.50967],[-111.84614,48.50943],[-111.84661,48.50932],[-111.84781,48.50914],[-111.84713,48.50587],[-111.83997,48.50583],[-111.83996,48.50879],[-111.83646,48.51241],[-111.84055,48.51235],[-111.8419,48.51188]]],[[[-111.83918,48.50156],[-111.83667,48.50155],[-111.83773,48.50024],[-111.83887,48.50024],[-111.83918,48.49868],[-111.83918,48.50156]]],[[[-113.19474,48.99891],[-113.11636,48.99846],[-113.11015,48.99855],[-113.10689,48.9985],[-113.10321,48.99853],[-113.09815,48.99849],[-113.09544,48.99853],[-113.09205,48.99854],[-113.08786,48.99856],[-113.08558,48.99858],[-113.01104,48.99864],[-113.00989,48.99862],[-112.36503,48.99884],[-112.36608,48.82745],[-112.36612,48.82335],[-112.36576,48.82013],[-112.36606,48.81667],[-112.36607,48.79112],[-112.36598,48.78932],[-112.36781,48.69613],[-112.36757,48.6936],[-112.36854,48.65787],[-112.36787,48.6545],[-112.36544,48.65228],[-112.36066,48.65086],[-112.35882,48.64743],[-112.35871,48.64551],[-112.35767,48.64463],[-112.35072,48.64429],[-112.34735,48.64309],[-112.34594,48.64302],[-112.34482,48.6428],[-112.34472,48.64105],[-112.34624,48.63791],[-112.34696,48.63414],[-112.34681,48.63364],[-112.34391,48.63574],[-112.34203,48.6349],[-112.34348,48.63638],[-112.34204,48.63801],[-112.3425,48.64096],[-112.33734,48.64065],[-112.33665,48.64099],[-112.33921,48.64261],[-112.33665,48.64266],[-112.33665,48.64422],[-112.33422,48.64436],[-112.33368,48.64621],[-112.33205,48.64622],[-112.33206,48.64462],[-112.33325,48.64462],[-112.33377,48.64266],[-112.33109,48.64266],[-112.33111,48.64406],[-112.32901,48.64407],[-112.32898,48.64267],[-112.32566,48.64268],[-112.32565,48.64089],[-112.32033,48.64064],[-112.32012,48.63235],[-112.31558,48.63035],[-112.31557,48.63022],[-112.31428,48.62854],[-112.31623,48.6287],[-112.3169,48.62669],[-112.32011,48.62686],[-112.32077,48.62819],[-112.32078,48.62658],[-112.32416,48.62642],[-112.32528,48.62824],[-112.32754,48.62656],[-112.32694,48.62342],[-112.3307,48.62346],[-112.33097,48.62546],[-112.33431,48.62732],[-112.33367,48.62812],[-112.33795,48.62805],[-112.33831,48.62805],[-112.33833,48.62834],[-112.33924,48.62864],[-112.33799,48.63106],[-112.33732,48.63099],[-112.33729,48.63107],[-112.34204,48.63394],[-112.34202,48.63143],[-112.34024,48.63136],[-112.34226,48.62803],[-112.3403,48.62568],[-112.34028,48.6233],[-112.34192,48.62135],[-112.34703,48.6172],[-112.34868,48.61645],[-112.34979,48.61515],[-112.34835,48.61388],[-112.34145,48.61114],[-112.33941,48.61091],[-112.33812,48.6096],[-112.33765,48.60765],[-112.33832,48.6046],[-112.33962,48.60219],[-112.33994,48.60004],[-112.34098,48.59792],[-112.33789,48.59764],[-112.33208,48.59826],[-112.33105,48.5969],[-112.33143,48.59508],[-112.33063,48.59355],[-112.32777,48.59223],[-112.32776,48.59096],[-112.33007,48.58815],[-112.33037,48.58668],[-112.32902,48.58499],[-112.32496,48.58406],[-112.3241,48.58351],[-112.32191,48.57977],[-112.32015,48.57869],[-112.32084,48.57569],[-112.32039,48.57476],[-112.31948,48.57448],[-112.31504,48.57471],[-112.3114,48.57299],[-112.30917,48.57394],[-112.30634,48.5741],[-112.30457,48.5726],[-112.30257,48.572],[-112.2977,48.57213],[-112.2969,48.57158],[-112.295,48.56864],[-112.29126,48.56741],[-112.29151,48.56558],[-112.28995,48.5639],[-112.28871,48.56153],[-112.28533,48.55879],[-112.28772,48.55681],[-112.29164,48.55535],[-112.29416,48.55344],[-112.29809,48.55298],[-112.30109,48.55051],[-112.30515,48.55025],[-112.3089,48.54874],[-112.30677,48.54551],[-112.3036,48.54427],[-112.3026,48.54151],[-112.30518,48.54109],[-112.30616,48.5403],[-112.30562,48.53832],[-112.3067,48.5355],[-112.30595,48.52947],[-112.3055,48.52848],[-112.30089,48.52506],[-112.29978,48.52467],[-112.29774,48.52632],[-112.29648,48.52636],[-112.29473,48.52461],[-112.2917,48.52477],[-112.28952,48.52345],[-112.28988,48.5209],[-112.28832,48.51758],[-112.28641,48.5147],[-112.28528,48.51139],[-112.28189,48.5106],[-112.2763,48.51017],[-112.27295,48.50915],[-112.27112,48.50768],[-112.26858,48.50403],[-112.26466,48.49998],[-112.26248,48.49855],[-112.26086,48.49824],[-112.25687,48.49855],[-112.25405,48.49681],[-112.25178,48.4936],[-112.25163,48.49273],[-112.25295,48.48947],[-112.24855,48.48771],[-112.2442,48.48398],[-112.24168,48.48398],[-112.24001,48.48506],[-112.2382,48.48883],[-112.23572,48.49079],[-112.23269,48.49116],[-112.23113,48.49072],[-112.23027,48.48827],[-112.22796,48.48661],[-112.22906,48.48361],[-112.22925,48.48222],[-112.2292,48.48188],[-112.22954,48.47996],[-112.22744,48.47432],[-112.22654,48.47301],[-112.22548,48.47274],[-112.22503,48.46999],[-112.22615,48.46811],[-112.22979,48.4671],[-112.23141,48.46553],[-112.22758,48.46284],[-112.22834,48.46045],[-112.23073,48.45612],[-112.23194,48.45535],[-112.23796,48.45395],[-112.24266,48.4513],[-112.24428,48.44945],[-112.24358,48.44593],[-112.24495,48.44552],[-112.24737,48.44603],[-112.24959,48.44606],[-112.25145,48.44354],[-112.25323,48.44336],[-112.25576,48.44536],[-112.25795,48.44541],[-112.26065,48.44398],[-112.26045,48.44209],[-112.2614,48.44034],[-112.26726,48.44013],[-112.26679,48.43894],[-112.26133,48.43793],[-112.25995,48.43573],[-112.25668,48.43451],[-112.25846,48.43175],[-112.25675,48.43044],[-112.25687,48.42968],[-112.25851,48.42955],[-112.26057,48.43038],[-112.26188,48.42983],[-112.26135,48.4277],[-112.26288,48.42733],[-112.2623,48.42559],[-112.2645,48.42489],[-112.26546,48.42358],[-112.26736,48.42321],[-112.26941,48.42485],[-112.27094,48.42476],[-112.27268,48.42233],[-112.27098,48.4202],[-112.27169,48.41907],[-112.27424,48.41934],[-112.27569,48.41872],[-112.27439,48.41647],[-112.27736,48.41551],[-112.27905,48.41404],[-112.28639,48.41201],[-112.28778,48.41041],[-112.28664,48.40758],[-112.28743,48.40648],[-112.29045,48.40626],[-112.29098,48.40416],[-112.29513,48.40237],[-112.29582,48.40055],[-112.29657,48.40258],[-112.299,48.40263],[-112.29949,48.40102],[-112.30055,48.40078],[-112.30363,48.40248],[-112.30394,48.40417],[-112.3015,48.40458],[-112.30048,48.40589],[-112.30211,48.40672],[-112.30614,48.40666],[-112.30661,48.40569],[-112.30552,48.40129],[-112.30642,48.39912],[-112.30771,48.39964],[-112.3126,48.40303],[-112.31456,48.40306],[-112.31454,48.39971],[-112.31203,48.39805],[-112.31217,48.39471],[-112.31286,48.39107],[-112.31407,48.38986],[-112.31598,48.38941],[-112.32163,48.39188],[-112.32476,48.39244],[-112.32782,48.39059],[-112.3261,48.38886],[-112.32372,48.38446],[-112.32413,48.38372],[-112.32837,48.38297],[-112.32818,48.38012],[-112.32998,48.37727],[-112.32978,48.37545],[-112.33049,48.37292],[-112.33147,48.37191],[-112.33837,48.37025],[-112.33633,48.36913],[-112.3332,48.36912],[-112.33117,48.36377],[-112.3318,48.36209],[-112.33428,48.3617],[-112.33514,48.36258],[-112.33815,48.35877],[-112.34264,48.35745],[-112.34565,48.35533],[-112.34602,48.35231],[-112.34803,48.35015],[-112.34462,48.34898],[-112.34249,48.3476],[-112.34124,48.34609],[-112.342,48.34439],[-112.34662,48.3431],[-112.34657,48.34214],[-112.34212,48.34164],[-112.33951,48.34075],[-112.33659,48.33661],[-112.33137,48.33391],[-112.32924,48.33178],[-112.3278,48.33147],[-112.3243,48.33278],[-112.32163,48.33318],[-112.31922,48.33235],[-112.31818,48.33031],[-112.32233,48.32812],[-112.32391,48.32578],[-112.32373,48.32464],[-112.31977,48.32364],[-112.31819,48.32288],[-112.31936,48.32113],[-112.32193,48.32066],[-112.32474,48.321],[-112.32731,48.32329],[-112.32886,48.32321],[-112.33148,48.3212],[-112.3337,48.32253],[-112.33831,48.32057],[-112.34014,48.32103],[-112.34055,48.3215],[-112.33892,48.32451],[-112.34051,48.32509],[-112.34075,48.32345],[-112.34194,48.3227],[-112.34572,48.32323],[-112.34803,48.32287],[-112.34946,48.32201],[-112.35232,48.32143],[-112.35422,48.32045],[-112.3552,48.31875],[-112.35119,48.31705],[-112.35179,48.3163],[-112.35985,48.31728],[-112.36192,48.31644],[-112.36249,48.31509],[-112.36222,48.31257],[-112.36448,48.31146],[-112.36617,48.3119],[-112.37115,48.31557],[-112.37583,48.31506],[-112.37724,48.31679],[-112.37775,48.31937],[-112.37988,48.31943],[-112.38022,48.32023],[-112.38251,48.32067],[-112.38745,48.31951],[-112.38861,48.3185],[-112.38768,48.31735],[-112.38513,48.31826],[-112.38352,48.3171],[-112.38344,48.31525],[-112.3857,48.31392],[-112.38939,48.31615],[-112.3934,48.31437],[-112.39316,48.31293],[-112.39418,48.31146],[-112.39668,48.31023],[-112.39794,48.31043],[-112.39675,48.31325],[-112.39998,48.31555],[-112.40148,48.31795],[-112.4005,48.32136],[-112.40533,48.32324],[-112.4047,48.32444],[-112.40256,48.32491],[-112.40108,48.32654],[-112.40238,48.32711],[-112.40426,48.32566],[-112.40791,48.32544],[-112.40804,48.32628],[-112.40558,48.32849],[-112.40341,48.32856],[-112.40402,48.33002],[-112.40875,48.32863],[-112.41093,48.329],[-112.40964,48.33127],[-112.41104,48.33143],[-112.41118,48.33266],[-112.4126,48.33243],[-112.41464,48.334],[-112.417,48.33461],[-112.41492,48.33609],[-112.41643,48.33692],[-112.41644,48.33788],[-112.41869,48.33955],[-112.42054,48.34028],[-112.42232,48.33995],[-112.41947,48.33884],[-112.42042,48.33806],[-112.42323,48.33747],[-112.42544,48.33578],[-112.42729,48.33665],[-112.42771,48.33871],[-112.42747,48.34182],[-112.42907,48.34168],[-112.42852,48.33996],[-112.43057,48.33965],[-112.43062,48.33716],[-112.43178,48.33724],[-112.4325,48.33873],[-112.43869,48.34139],[-112.43933,48.33959],[-112.4404,48.33919],[-112.44225,48.34177],[-112.44476,48.34145],[-112.44592,48.34226],[-112.4442,48.34259],[-112.44545,48.34347],[-112.4471,48.34294],[-112.44747,48.34385],[-112.45051,48.34325],[-112.45302,48.34386],[-112.45496,48.34325],[-112.4597,48.34621],[-112.46129,48.34606],[-112.46213,48.34729],[-112.46608,48.34789],[-112.46727,48.34879],[-112.46941,48.34813],[-112.47025,48.34902],[-112.47254,48.34962],[-112.47324,48.34821],[-112.46988,48.3469],[-112.4724,48.34657],[-112.4781,48.34467],[-112.47879,48.34405],[-112.48143,48.34443],[-112.48262,48.34258],[-112.48533,48.34428],[-112.488,48.34338],[-112.48988,48.34374],[-112.49509,48.34285],[-112.50017,48.34498],[-112.50031,48.3462],[-112.5026,48.34543],[-112.50614,48.34644],[-112.50814,48.3453],[-112.51052,48.34259],[-112.51157,48.34248],[-112.51232,48.34102],[-112.51619,48.34154],[-112.51817,48.33894],[-112.52474,48.33703],[-112.52769,48.33477],[-112.53312,48.33438],[-112.53425,48.33261],[-112.53542,48.32923],[-112.54115,48.32727],[-112.54192,48.3253],[-112.54557,48.32427],[-112.5464,48.32395],[-112.54992,48.32376],[-112.55092,48.32196],[-112.55234,48.32166],[-112.55345,48.32233],[-112.556,48.32294],[-112.55742,48.32229],[-112.56264,48.32133],[-112.56324,48.32028],[-112.56791,48.31947],[-112.57132,48.31744],[-112.57117,48.31552],[-112.57495,48.31513],[-112.5772,48.31384],[-112.57593,48.31271],[-112.57586,48.31011],[-112.57586,48.30968],[-112.58125,48.30993],[-112.58468,48.30946],[-112.58603,48.30661],[-112.58851,48.30589],[-112.59009,48.30389],[-112.59064,48.29808],[-112.59209,48.29506],[-112.59518,48.29175],[-112.59682,48.28901],[-112.59763,48.28602],[-112.59711,48.28295],[-112.60082,48.28159],[-112.60193,48.27963],[-112.60357,48.27856],[-112.60647,48.27401],[-112.60535,48.26876],[-112.60749,48.2676],[-112.60806,48.26642],[-112.60629,48.26574],[-112.60587,48.26357],[-112.60779,48.25933],[-112.60912,48.25758],[-112.61384,48.25534],[-112.61688,48.25533],[-112.62108,48.25402],[-112.62301,48.25278],[-112.62755,48.24881],[-112.6309,48.24732],[-112.63102,48.24633],[-112.62825,48.24582],[-112.62954,48.24461],[-112.63166,48.24439],[-112.63362,48.2456],[-112.63637,48.24607],[-112.63793,48.2455],[-112.63986,48.24266],[-112.64145,48.24229],[-112.64413,48.24386],[-112.64505,48.24424],[-112.64756,48.24338],[-112.65045,48.24308],[-112.6538,48.24218],[-112.65743,48.24264],[-112.65949,48.24173],[-112.66236,48.24148],[-112.67639,48.24766],[-112.67887,48.24818],[-112.68435,48.24672],[-112.68812,48.2449],[-112.69619,48.24495],[-112.7014,48.24338],[-112.70335,48.24233],[-112.71273,48.24134],[-112.7172,48.23762],[-112.71929,48.23667],[-112.72434,48.23562],[-112.72578,48.23496],[-112.73404,48.23301],[-112.73625,48.23181],[-112.7411,48.23156],[-112.74737,48.2305],[-112.74934,48.22907],[-112.7536,48.22844],[-112.75585,48.22636],[-112.75548,48.22266],[-112.75645,48.21955],[-112.76021,48.21533],[-112.76234,48.21193],[-112.76447,48.21126],[-112.76587,48.20915],[-112.76978,48.20536],[-112.7722,48.20533],[-112.77213,48.20625],[-112.77383,48.20617],[-112.77299,48.20383],[-112.77776,48.20238],[-112.77981,48.20376],[-112.77974,48.20494],[-112.78169,48.20542],[-112.78133,48.20391],[-112.78216,48.2029],[-112.78676,48.20269],[-112.7901,48.20067],[-112.79263,48.19694],[-112.79495,48.19505],[-112.80007,48.19264],[-112.80309,48.19236],[-112.80634,48.19442],[-112.80727,48.19431],[-112.81379,48.1888],[-112.81309,48.18712],[-112.81417,48.18532],[-112.81584,48.18459],[-112.82056,48.18378],[-112.82332,48.18144],[-112.82622,48.18155],[-112.82668,48.18099],[-112.8273,48.18083],[-112.82828,48.1808],[-112.83541,48.18083],[-112.83859,48.18014],[-112.84301,48.17771],[-112.84716,48.1763],[-112.85089,48.17639],[-112.85741,48.17529],[-112.86002,48.17396],[-112.86061,48.17292],[-112.86349,48.17158],[-112.86455,48.16821],[-112.86736,48.16671],[-112.87116,48.16338],[-112.87241,48.1632],[-112.87441,48.16316],[-112.87438,48.16522],[-112.87802,48.16405],[-112.88075,48.16083],[-112.88278,48.15979],[-112.89016,48.15969],[-112.89137,48.15868],[-112.89371,48.15891],[-112.90108,48.15935],[-112.90206,48.15844],[-112.90406,48.16013],[-112.90651,48.16238],[-112.91054,48.1633],[-112.91683,48.1633],[-112.91777,48.16406],[-112.92175,48.16464],[-112.92242,48.24202],[-112.93419,48.24901],[-112.9364,48.24997],[-113.03083,48.2997],[-113.04854,48.30994],[-113.07982,48.32586],[-113.09377,48.33363],[-113.09817,48.33572],[-113.14998,48.36373],[-113.15821,48.36788],[-113.16053,48.36926],[-113.16354,48.37076],[-113.19016,48.38506],[-113.21188,48.39654],[-113.23594,48.40945],[-113.24192,48.41288],[-113.25578,48.43362],[-113.26481,48.44705],[-113.28928,48.48349],[-113.36732,48.61025],[-113.37585,48.62363],[-113.37607,48.62483],[-113.40749,48.6747],[-113.42141,48.69349],[-113.42052,48.69412],[-113.41965,48.69625],[-113.41956,48.69875],[-113.42055,48.69919],[-113.42007,48.70242],[-113.41881,48.70334],[-113.41948,48.70599],[-113.41857,48.70701],[-113.41992,48.70885],[-113.41893,48.71027],[-113.42015,48.71155],[-113.42085,48.7147],[-113.41894,48.71611],[-113.41905,48.71775],[-113.42009,48.71933],[-113.42021,48.72191],[-113.42249,48.72593],[-113.42156,48.72756],[-113.4218,48.7307],[-113.42306,48.73274],[-113.42263,48.73404],[-113.42576,48.73766],[-113.42613,48.73877],[-113.42887,48.74028],[-113.42942,48.74091],[-113.43156,48.74424],[-113.43349,48.74743],[-113.43651,48.74926],[-113.437,48.75096],[-113.43994,48.75331],[-113.48694,48.78441],[-113.60955,48.9332],[-113.60914,48.99824],[-113.57612,48.99848],[-113.37592,48.99856],[-113.35687,48.99822],[-113.24105,48.99871],[-113.19474,48.99891]]],[[[-112.33461,48.80753],[-112.33335,48.80754],[-112.33336,48.8057],[-112.33678,48.8057],[-112.33677,48.80754],[-112.33461,48.80753]]]]}},{"type":"Feature","properties":{"name":"Central Montana Shuttle","boundary_type":"county","source":"Census TIGER county","fidelity":"exact","updated":"2026-09","units":"Fergus County","note":"Fergus County service with Lewistown as primary hub; weekly regional trips to Billings and Great Falls noted as extended service","confidence":0.85},"geometry":{"type":"Polygon","coordinates":[[[-110.17072,47.41685],[-110.16755,47.41806],[-110.16699,47.41715],[-110.16533,47.41777],[-110.16405,47.41939],[-110.1616,47.4174],[-110.16165,47.41586],[-110.15986,47.41686],[-110.15958,47.41531],[-110.1581,47.41604],[-110.15835,47.41768],[-110.15631,47.41856],[-110.15706,47.42003],[-110.15576,47.42078],[-110.15253,47.42089],[-110.1511,47.42405],[-110.15131,47.42556],[-110.14755,47.42396],[-110.14611,47.42504],[-110.14802,47.427],[-110.14621,47.42723],[-110.14725,47.42854],[-110.14275,47.42674],[-110.1404,47.42731],[-110.14067,47.4263],[-110.1387,47.42694],[-110.13991,47.42908],[-110.13841,47.42884],[-110.13737,47.43071],[-110.13661,47.42913],[-110.13483,47.42871],[-110.1309,47.43027],[-110.13067,47.42887],[-110.12866,47.42959],[-110.13127,47.43185],[-110.13066,47.43262],[-110.12777,47.43178],[-110.12967,47.43368],[-110.12783,47.43524],[-110.12594,47.43419],[-110.12603,47.43246],[-110.12457,47.43341],[-110.12276,47.43166],[-110.1203,47.43185],[-110.11932,47.43337],[-110.11968,47.43562],[-110.1181,47.43657],[-110.11523,47.43693],[-110.11291,47.43596],[-110.11233,47.439],[-110.1137,47.44095],[-110.11289,47.44138],[-110.10989,47.43848],[-110.10681,47.43978],[-110.10645,47.44098],[-110.10919,47.44254],[-110.10851,47.44331],[-110.10637,47.44266],[-110.10306,47.44029],[-110.10122,47.44144],[-110.10031,47.44072],[-110.0979,47.4412],[-110.09624,47.44302],[-110.0935,47.44445],[-110.09032,47.44507],[-110.08965,47.44373],[-110.08803,47.44576],[-110.08569,47.44503],[-110.08546,47.44685],[-110.08364,47.44812],[-110.07918,47.44849],[-110.0807,47.4504],[-110.08034,47.45235],[-110.08254,47.453],[-110.07892,47.45524],[-110.07494,47.45539],[-110.07658,47.45782],[-110.07283,47.45752],[-110.07314,47.45893],[-110.07106,47.45983],[-110.06906,47.45825],[-110.0661,47.45811],[-110.0673,47.45992],[-110.06689,47.46122],[-110.06478,47.46211],[-110.06413,47.46137],[-110.0606,47.46215],[-110.05963,47.46066],[-110.05867,47.46131],[-110.06001,47.46284],[-110.0576,47.46388],[-110.05587,47.46288],[-110.05296,47.4654],[-110.05251,47.46692],[-110.04947,47.46572],[-110.048,47.46577],[-110.04731,47.46787],[-110.04973,47.46776],[-110.05077,47.4689],[-110.04809,47.46967],[-110.0455,47.46871],[-110.04684,47.47049],[-110.04661,47.47214],[-110.04375,47.47128],[-110.04255,47.46978],[-110.04062,47.47122],[-110.04193,47.47182],[-110.03923,47.47255],[-110.04015,47.47313],[-110.03732,47.47441],[-110.03574,47.47229],[-110.03347,47.47429],[-110.03138,47.47509],[-110.02924,47.4749],[-110.03029,47.47651],[-110.03299,47.47679],[-110.03164,47.47827],[-110.03011,47.47733],[-110.03101,47.4794],[-110.0285,47.47877],[-110.02873,47.47774],[-110.02721,47.47692],[-110.02718,47.4791],[-110.02338,47.47884],[-110.02492,47.47662],[-110.02113,47.47664],[-110.02233,47.47791],[-110.01948,47.47882],[-110.01848,47.47808],[-110.01985,47.4763],[-110.01808,47.4752],[-110.01783,47.47624],[-110.01472,47.47493],[-110.01573,47.47365],[-110.01253,47.4738],[-110.01034,47.47531],[-110.01254,47.47627],[-110.01228,47.47848],[-110.01029,47.47764],[-110.01011,47.47922],[-110.00706,47.47898],[-110.00871,47.47815],[-110.00452,47.47763],[-110.00569,47.47674],[-110.00292,47.47552],[-109.99999,47.48055],[-109.99906,47.48112],[-109.99761,47.48001],[-109.99498,47.48137],[-109.99716,47.47914],[-109.99314,47.47821],[-109.99386,47.48056],[-109.99025,47.47858],[-109.98905,47.47894],[-109.98778,47.48096],[-109.98997,47.48154],[-109.99067,47.48316],[-109.9862,47.48244],[-109.98595,47.48159],[-109.98451,47.48324],[-109.98149,47.48265],[-109.98153,47.48351],[-109.98384,47.48481],[-109.98155,47.48622],[-109.98126,47.48808],[-109.97811,47.48712],[-109.97749,47.48557],[-109.97605,47.48558],[-109.97702,47.48635],[-109.9769,47.48822],[-109.97499,47.48796],[-109.97573,47.48875],[-109.9794,47.48893],[-109.97691,47.48988],[-109.97482,47.4911],[-109.97199,47.49056],[-109.97126,47.48833],[-109.96896,47.48746],[-109.96755,47.48796],[-109.96727,47.49115],[-109.96561,47.49107],[-109.96414,47.48964],[-109.96291,47.49067],[-109.96269,47.49426],[-109.96207,47.4948],[-109.95653,47.49504],[-109.95701,47.498],[-109.95136,47.49852],[-109.95008,47.50017],[-109.94832,47.49945],[-109.94658,47.49752],[-109.94543,47.49906],[-109.94714,47.50034],[-109.94591,47.50139],[-109.94384,47.50017],[-109.94116,47.50049],[-109.93941,47.50201],[-109.93775,47.50126],[-109.93639,47.50249],[-109.93708,47.50328],[-109.93456,47.50512],[-109.93736,47.50703],[-109.93472,47.50831],[-109.93539,47.51007],[-109.93481,47.51161],[-109.93276,47.51192],[-109.93148,47.50987],[-109.92961,47.50986],[-109.93067,47.51121],[-109.92962,47.51254],[-109.92798,47.51221],[-109.92682,47.5134],[-109.92344,47.51264],[-109.92301,47.51431],[-109.91976,47.51259],[-109.9189,47.51436],[-109.923,47.51481],[-109.91959,47.51603],[-109.91717,47.51622],[-109.91696,47.51744],[-109.91366,47.51701],[-109.91341,47.51884],[-109.91138,47.51779],[-109.91004,47.51892],[-109.91211,47.52035],[-109.91516,47.52036],[-109.91556,47.52121],[-109.91319,47.5217],[-109.90854,47.52191],[-109.90682,47.5201],[-109.90549,47.52307],[-109.9025,47.5234],[-109.90288,47.5264],[-109.90075,47.52633],[-109.89765,47.52394],[-109.89638,47.52413],[-109.89594,47.526],[-109.89359,47.52441],[-109.8917,47.5259],[-109.89006,47.52551],[-109.8919,47.52332],[-109.89088,47.52172],[-109.88897,47.52232],[-109.88855,47.52422],[-109.8865,47.52359],[-109.88551,47.52476],[-109.88346,47.52483],[-109.88178,47.52399],[-109.87716,47.52638],[-109.87791,47.52508],[-109.87576,47.5233],[-109.87424,47.52306],[-109.87424,47.52557],[-109.87249,47.52557],[-109.87175,47.52441],[-109.86984,47.52676],[-109.87112,47.52801],[-109.87147,47.52975],[-109.86817,47.53005],[-109.86813,47.53108],[-109.86541,47.53203],[-109.86529,47.53064],[-109.86313,47.5318],[-109.86428,47.53381],[-109.86186,47.53393],[-109.85972,47.53603],[-109.86064,47.53631],[-109.8603,47.53845],[-109.85679,47.53795],[-109.85715,47.54098],[-109.85605,47.54121],[-109.85184,47.53992],[-109.85197,47.5389],[-109.8491,47.54036],[-109.85196,47.54091],[-109.85204,47.5422],[-109.85415,47.54196],[-109.85207,47.54314],[-109.84866,47.54248],[-109.84792,47.54621],[-109.8456,47.54578],[-109.84614,47.54796],[-109.84471,47.54897],[-109.84584,47.55117],[-109.84519,47.55236],[-109.84793,47.55269],[-109.84923,47.55369],[-109.84848,47.55448],[-109.84839,47.5576],[-109.84601,47.55773],[-109.84407,47.56006],[-109.8443,47.56094],[-109.84699,47.5604],[-109.84811,47.56147],[-109.84965,47.56112],[-109.84899,47.56334],[-109.84683,47.56297],[-109.84525,47.56511],[-109.85038,47.56491],[-109.85104,47.56556],[-109.84966,47.56763],[-109.84745,47.56731],[-109.84798,47.56888],[-109.84485,47.57117],[-109.8488,47.57147],[-109.85052,47.57012],[-109.8495,47.57198],[-109.84778,47.57211],[-109.84701,47.57325],[-109.84852,47.57362],[-109.84776,47.57551],[-109.84384,47.57532],[-109.84307,47.57695],[-109.84799,47.57852],[-109.84762,47.58021],[-109.8507,47.57973],[-109.85199,47.58029],[-109.85067,47.58264],[-109.84845,47.58359],[-109.84897,47.58423],[-109.85198,47.58464],[-109.85341,47.58562],[-109.85359,47.5867],[-109.85243,47.59068],[-109.84837,47.59132],[-109.84588,47.59049],[-109.84771,47.59392],[-109.84976,47.59413],[-109.85092,47.59588],[-109.84759,47.5951],[-109.84557,47.59597],[-109.84695,47.59769],[-109.84929,47.59729],[-109.84927,47.59948],[-109.84653,47.60011],[-109.84406,47.59983],[-109.84352,47.60082],[-109.84561,47.60246],[-109.84864,47.60378],[-109.84841,47.60544],[-109.84326,47.60898],[-109.84201,47.61028],[-109.84525,47.61266],[-109.84344,47.6161],[-109.84199,47.61659],[-109.83825,47.61634],[-109.83911,47.61746],[-109.84091,47.61779],[-109.84225,47.61906],[-109.83908,47.61936],[-109.83916,47.62039],[-109.83712,47.62225],[-109.83883,47.62292],[-109.84263,47.62216],[-109.83984,47.62489],[-109.83649,47.62525],[-109.83765,47.62709],[-109.8378,47.62989],[-109.83718,47.63059],[-109.83452,47.63011],[-109.83211,47.63212],[-109.83556,47.63305],[-109.83617,47.63504],[-109.83709,47.6346],[-109.83978,47.63532],[-109.83758,47.63914],[-109.8389,47.64021],[-109.83528,47.64323],[-109.83309,47.64294],[-109.83152,47.64882],[-109.83566,47.65147],[-109.83922,47.65162],[-109.83902,47.65454],[-109.83307,47.65535],[-109.83227,47.65693],[-109.83455,47.65713],[-109.83479,47.66149],[-109.83898,47.66258],[-109.83893,47.66372],[-109.83426,47.66422],[-109.83471,47.66551],[-109.83384,47.66752],[-109.83591,47.67112],[-109.83901,47.67266],[-109.8411,47.67164],[-109.84002,47.67328],[-109.83991,47.67659],[-109.83692,47.67875],[-109.83343,47.67957],[-109.83631,47.68111],[-109.83918,47.68162],[-109.83912,47.68227],[-109.83557,47.68286],[-109.83494,47.68549],[-109.83597,47.68736],[-109.83103,47.68715],[-109.83227,47.68917],[-109.83383,47.68874],[-109.83646,47.68972],[-109.83726,47.69167],[-109.84083,47.69131],[-109.84071,47.69325],[-109.83834,47.69394],[-109.83913,47.69626],[-109.84107,47.69583],[-109.84062,47.69825],[-109.83864,47.69713],[-109.83666,47.6972],[-109.83667,47.69847],[-109.84037,47.69888],[-109.8381,47.7009],[-109.83628,47.7005],[-109.83346,47.70125],[-109.83516,47.70258],[-109.83767,47.70221],[-109.83737,47.70322],[-109.83916,47.70521],[-109.83889,47.70671],[-109.83298,47.70914],[-109.83686,47.71204],[-109.83463,47.71278],[-109.83049,47.71165],[-109.82966,47.71529],[-109.82963,47.71598],[-109.82641,47.71623],[-109.8234,47.71558],[-109.81822,47.71307],[-109.81343,47.7121],[-109.80583,47.71227],[-109.79964,47.71275],[-109.79483,47.71146],[-109.78709,47.70859],[-109.78377,47.70802],[-109.77232,47.70978],[-109.7697,47.70973],[-109.76095,47.70757],[-109.75765,47.70456],[-109.75342,47.7029],[-109.75075,47.70291],[-109.74715,47.70365],[-109.74231,47.70336],[-109.72887,47.70294],[-109.72371,47.70238],[-109.71892,47.70442],[-109.71462,47.70806],[-109.71173,47.71099],[-109.70423,47.71422],[-109.6974,47.71837],[-109.69441,47.72147],[-109.69251,47.72432],[-109.69106,47.72855],[-109.6869,47.73166],[-109.6816,47.73386],[-109.67811,47.73465],[-109.67754,47.73475],[-109.67078,47.73571],[-109.66521,47.73569],[-109.66138,47.73518],[-109.64915,47.7355],[-109.64587,47.73629],[-109.63884,47.73861],[-109.63354,47.73945],[-109.62799,47.73887],[-109.62258,47.73777],[-109.61844,47.73663],[-109.61639,47.73557],[-109.61522,47.73392],[-109.61357,47.73283],[-109.60987,47.73206],[-109.60815,47.7322],[-109.60403,47.73376],[-109.60238,47.735],[-109.59761,47.74024],[-109.59318,47.74284],[-109.59049,47.74389],[-109.58784,47.74585],[-109.58296,47.74759],[-109.57971,47.7478],[-109.57661,47.74713],[-109.57194,47.74547],[-109.56773,47.7453],[-109.56168,47.74453],[-109.55594,47.7449],[-109.55353,47.74428],[-109.54911,47.74099],[-109.54303,47.73895],[-109.53868,47.73886],[-109.53416,47.74059],[-109.52942,47.7434],[-109.52282,47.74598],[-109.51841,47.74652],[-109.5145,47.746],[-109.51091,47.74451],[-109.50784,47.74177],[-109.50515,47.73879],[-109.49901,47.73675],[-109.49397,47.73593],[-109.49123,47.73448],[-109.49002,47.73304],[-109.48724,47.73094],[-109.48387,47.72999],[-109.48126,47.72975],[-109.47468,47.73147],[-109.47216,47.73145],[-109.46948,47.73072],[-109.46561,47.72804],[-109.46401,47.72509],[-109.45875,47.72356],[-109.45484,47.72373],[-109.44964,47.72586],[-109.44606,47.72635],[-109.4423,47.7264],[-109.43668,47.72573],[-109.43281,47.72327],[-109.43076,47.72065],[-109.42791,47.7199],[-109.42531,47.72015],[-109.41724,47.72227],[-109.41151,47.72462],[-109.40397,47.73048],[-109.40028,47.73144],[-109.39347,47.73467],[-109.39116,47.73629],[-109.3902,47.73838],[-109.3897,47.74105],[-109.38797,47.74224],[-109.38567,47.74294],[-109.37915,47.74326],[-109.372,47.74281],[-109.36994,47.74298],[-109.366,47.74423],[-109.36064,47.7473],[-109.3497,47.75079],[-109.34755,47.75126],[-109.34202,47.75178],[-109.33487,47.75468],[-109.32962,47.75542],[-109.32329,47.75564],[-109.31888,47.75617],[-109.31608,47.75691],[-109.31284,47.75838],[-109.30899,47.76166],[-109.30611,47.76625],[-109.3037,47.76846],[-109.30108,47.77026],[-109.29787,47.77126],[-109.2906,47.77222],[-109.28809,47.77283],[-109.28289,47.77604],[-109.28193,47.77694],[-109.28181,47.77854],[-109.28408,47.78216],[-109.28447,47.78392],[-109.28394,47.78643],[-109.28261,47.78822],[-109.27958,47.79104],[-109.27594,47.79294],[-109.27417,47.79324],[-109.26975,47.79237],[-109.26537,47.79239],[-109.26074,47.79335],[-109.25535,47.79404],[-109.25074,47.7939],[-109.24749,47.79319],[-109.24266,47.79336],[-109.23629,47.79464],[-109.2299,47.79492],[-109.22657,47.79469],[-109.22159,47.79388],[-109.21655,47.79347],[-109.2116,47.79098],[-109.20926,47.79015],[-109.2065,47.78999],[-109.1991,47.79127],[-109.19393,47.7914],[-109.19028,47.7909],[-109.17929,47.78803],[-109.17162,47.78559],[-109.16933,47.78435],[-109.16608,47.78085],[-109.16368,47.78005],[-109.16034,47.77981],[-109.15316,47.78041],[-109.14856,47.78054],[-109.13996,47.78042],[-109.13277,47.78112],[-109.13074,47.78178],[-109.1271,47.78411],[-109.12021,47.78571],[-109.11446,47.78827],[-109.1062,47.78959],[-109.10268,47.79091],[-109.09854,47.79299],[-109.09055,47.79517],[-109.08791,47.79525],[-109.08435,47.79617],[-109.07947,47.79891],[-109.07611,47.80038],[-109.07271,47.80114],[-109.07041,47.80137],[-109.0659,47.80107],[-109.05887,47.79811],[-109.0448,47.79329],[-109.04014,47.79237],[-109.03709,47.79212],[-109.03026,47.79245],[-109.02565,47.79418],[-109.02133,47.79733],[-109.01843,47.79903],[-109.01547,47.80015],[-109.00793,47.80074],[-109.00072,47.80312],[-108.99526,47.80342],[-108.98986,47.80202],[-108.98775,47.80199],[-108.98295,47.80287],[-108.97838,47.80266],[-108.97402,47.80147],[-108.97146,47.79957],[-108.96789,47.79604],[-108.96539,47.79431],[-108.96279,47.79333],[-108.95996,47.79262],[-108.9559,47.79216],[-108.95103,47.79262],[-108.94668,47.7925],[-108.94274,47.79182],[-108.93902,47.79022],[-108.93775,47.78782],[-108.93912,47.78512],[-108.94195,47.78289],[-108.94435,47.78155],[-108.94653,47.7793],[-108.94714,47.7762],[-108.94566,47.7729],[-108.93919,47.76947],[-108.9357,47.76676],[-108.92996,47.76333],[-108.92417,47.76057],[-108.92075,47.75787],[-108.92042,47.75649],[-108.92112,47.75451],[-108.92249,47.75288],[-108.93087,47.74824],[-108.93927,47.74599],[-108.94142,47.74511],[-108.94606,47.74253],[-108.9492,47.73927],[-108.95001,47.7369],[-108.94897,47.73349],[-108.94563,47.73036],[-108.94366,47.72913],[-108.93937,47.72832],[-108.93665,47.7288],[-108.92966,47.73317],[-108.91941,47.7354],[-108.90956,47.73537],[-108.90518,47.73591],[-108.90053,47.73586],[-108.89238,47.73512],[-108.89111,47.73446],[-108.88934,47.73362],[-108.88369,47.73223],[-108.88005,47.73073],[-108.86233,47.72463],[-108.86106,47.7234],[-108.85738,47.72207],[-108.84858,47.72078],[-108.84486,47.71985],[-108.83976,47.71773],[-108.83533,47.71481],[-108.82873,47.7119],[-108.82145,47.70908],[-108.81836,47.70738],[-108.81571,47.70523],[-108.81062,47.69798],[-108.80369,47.69283],[-108.80014,47.69132],[-108.79628,47.69016],[-108.79013,47.68534],[-108.78733,47.68412],[-108.78406,47.6821],[-108.7823,47.67848],[-108.78152,47.67558],[-108.7823,47.67211],[-108.78381,47.66981],[-108.78841,47.66578],[-108.78982,47.66294],[-108.78878,47.66047],[-108.78623,47.65591],[-108.78287,47.6532],[-108.78087,47.65207],[-108.77162,47.64552],[-108.76644,47.64392],[-108.76234,47.64352],[-108.75544,47.64384],[-108.75361,47.64453],[-108.74946,47.64692],[-108.74421,47.64762],[-108.73804,47.6473],[-108.73372,47.6481],[-108.72788,47.64989],[-108.72472,47.64893],[-108.71682,47.64442],[-108.71546,47.644],[-108.71295,47.64164],[-108.7113,47.63843],[-108.71029,47.63361],[-108.70872,47.63212],[-108.70208,47.62985],[-108.69696,47.62953],[-108.6883,47.63148],[-108.68603,47.63111],[-108.68167,47.62872],[-108.67863,47.62644],[-108.67534,47.62219],[-108.6714,47.61956],[-108.66888,47.61913],[-108.66424,47.6198],[-108.66078,47.62116],[-108.65688,47.62198],[-108.64872,47.62091],[-108.64158,47.62052],[-108.63138,47.61953],[-108.62844,47.61966],[-108.62499,47.6207],[-108.6176,47.62217],[-108.61324,47.6236],[-108.61097,47.62433],[-108.60517,47.62341],[-108.60026,47.62067],[-108.59577,47.61594],[-108.5926,47.61467],[-108.59021,47.61483],[-108.58801,47.61585],[-108.58216,47.61547],[-108.57936,47.61367],[-108.57644,47.61065],[-108.57453,47.60974],[-108.57242,47.60948],[-108.56287,47.61091],[-108.55487,47.61308],[-108.54798,47.6141],[-108.53852,47.61394],[-108.53545,47.61476],[-108.53302,47.6159],[-108.53123,47.61775],[-108.53035,47.61961],[-108.52867,47.62091],[-108.52706,47.6211],[-108.52101,47.6187],[-108.51334,47.61501],[-108.51008,47.61296],[-108.5086,47.61156],[-108.50749,47.60915],[-108.50813,47.60719],[-108.51054,47.60443],[-108.51038,47.6024],[-108.50923,47.6012],[-108.50549,47.59993],[-108.49972,47.59969],[-108.49369,47.60072],[-108.4904,47.60077],[-108.47987,47.59846],[-108.47732,47.5974],[-108.47577,47.59764],[-108.47017,47.60115],[-108.46649,47.60292],[-108.46317,47.60543],[-108.46171,47.60722],[-108.4611,47.60995],[-108.4612,47.61182],[-108.45995,47.61379],[-108.45691,47.61573],[-108.45094,47.61638],[-108.44765,47.61596],[-108.44246,47.61477],[-108.44002,47.61356],[-108.43835,47.61065],[-108.43872,47.60847],[-108.44144,47.60517],[-108.43934,47.60248],[-108.4382,47.60186],[-108.43591,47.60123],[-108.43249,47.60194],[-108.42888,47.6047],[-108.42659,47.60487],[-108.42514,47.60415],[-108.42236,47.60092],[-108.42146,47.59696],[-108.42194,47.59471],[-108.42428,47.5918],[-108.42896,47.58846],[-108.42849,47.58669],[-108.42452,47.58475],[-108.41787,47.58423],[-108.41246,47.5849],[-108.40979,47.58585],[-108.40719,47.58737],[-108.40575,47.58922],[-108.40547,47.59102],[-108.40592,47.59336],[-108.40446,47.59506],[-108.40248,47.59536],[-108.40049,47.59519],[-108.39689,47.59411],[-108.39186,47.5938],[-108.38634,47.59201],[-108.38304,47.58992],[-108.37942,47.58674],[-108.37932,47.58492],[-108.38074,47.58157],[-108.38001,47.57943],[-108.37785,47.57761],[-108.37268,47.57617],[-108.36677,47.57608],[-108.36168,47.57748],[-108.35802,47.58009],[-108.35627,47.58021],[-108.35404,47.57887],[-108.35213,47.57691],[-108.35093,47.5746],[-108.35038,47.56744],[-108.3489,47.56668],[-108.34329,47.56663],[-108.33582,47.5674],[-108.33325,47.56805],[-108.32638,47.57076],[-108.32404,47.57274],[-108.32418,47.57528],[-108.3254,47.57658],[-108.32898,47.578],[-108.33268,47.58028],[-108.33298,47.58272],[-108.32823,47.58454],[-108.3239,47.58544],[-108.31634,47.58546],[-108.31305,47.58365],[-108.31315,47.53107],[-108.31549,47.53107],[-108.31543,47.44561],[-108.31548,47.31515],[-108.3368,47.31516],[-108.3368,47.30793],[-108.46426,47.30797],[-108.46425,47.30684],[-108.59083,47.30652],[-108.59111,47.27014],[-108.71919,47.27034],[-108.71921,47.22558],[-108.71928,47.18336],[-108.73608,47.18341],[-108.73684,47.09822],[-108.60895,47.09813],[-108.60925,47.0379],[-108.61112,46.83678],[-108.63069,46.83681],[-108.63146,46.74939],[-109.00957,46.7507],[-109.1923,46.75132],[-109.19977,46.75135],[-109.30496,46.75133],[-109.38921,46.75135],[-109.38926,46.70821],[-109.38909,46.69362],[-109.38916,46.69362],[-109.54607,46.69351],[-109.57764,46.6935],[-109.63595,46.69357],[-109.6454,46.69358],[-109.74574,46.69359],[-109.74574,46.6941],[-109.74581,46.74433],[-109.75638,46.74424],[-109.7564,46.76224],[-109.75667,46.78039],[-109.78761,46.78026],[-109.78776,46.79474],[-109.79836,46.79473],[-109.79846,46.80197],[-109.83013,46.80193],[-109.83015,46.80916],[-109.83542,46.80916],[-109.83557,46.83087],[-109.79883,46.83093],[-109.79889,46.83809],[-109.79726,46.83809],[-109.79747,46.86704],[-109.79218,46.86704],[-109.79225,46.88152],[-109.77641,46.88154],[-109.77651,46.89601],[-109.75542,46.89602],[-109.75577,46.98468],[-109.75579,47.00833],[-109.75583,47.00887],[-109.75592,47.05419],[-109.75657,47.18569],[-109.84158,47.18535],[-109.87198,47.18532],[-109.87218,47.20165],[-109.87247,47.22888],[-110.00002,47.22872],[-110.00029,47.27213],[-110.1277,47.27191],[-110.12795,47.35902],[-110.21114,47.35878],[-110.21328,47.35877],[-110.21358,47.41422],[-110.2135,47.41546],[-110.2136,47.41666],[-110.17072,47.41685]]]}},{"type":"Feature","properties":{"name":"Crow Nation Transit","boundary_type":"tribal","source":"Census TIGER AIANNH area","fidelity":"exact","updated":"2026-09","units":"Crow Reservation and Off-Reservation Trust Land","note":"Crow Indian Reservation with connections to Billings.","confidence":0.9},"geometry":{"type":"MultiPolygon","coordinates":[[[[-108.64071,45.46793],[-108.62306,45.47542],[-108.62308,45.48161],[-108.63819,45.50174],[-108.58882,45.52158],[-108.57773,45.52926],[-108.57783,45.54017],[-108.56021,45.54023],[-108.56034,45.55114],[-108.55008,45.55115],[-108.55013,45.55843],[-108.53981,45.5585],[-108.5399,45.56573],[-108.54012,45.58024],[-108.52989,45.5803],[-108.53011,45.59128],[-108.53015,45.59314],[-108.53018,45.59492],[-108.51975,45.59494],[-108.51985,45.60935],[-108.50948,45.60964],[-108.50968,45.62394],[-108.48786,45.62391],[-108.48787,45.63136],[-108.48631,45.6314],[-108.45802,45.63141],[-108.45806,45.64586],[-108.44773,45.64586],[-108.44784,45.65484],[-108.43807,45.65486],[-108.43811,45.66025],[-108.4278,45.66023],[-108.42791,45.66744],[-108.4176,45.66749],[-108.41767,45.67115],[-108.41834,45.69639],[-108.40797,45.69642],[-108.40798,45.69912],[-108.39766,45.69909],[-108.39761,45.73986],[-108.38727,45.73985],[-108.38447,45.74083],[-108.37897,45.74531],[-108.37774,45.74632],[-108.3708,45.74631],[-108.37085,45.74993],[-108.36245,45.75007],[-108.36264,45.76295],[-108.36499,45.76295],[-108.36493,45.78375],[-108.34128,45.78374],[-108.24296,45.78376],[-108.24305,45.72584],[-108.24284,45.72584],[-108.24277,45.72584],[-108.24277,45.7167],[-108.24272,45.70472],[-108.23233,45.70467],[-108.23242,45.69765],[-108.24268,45.69771],[-108.24274,45.68148],[-108.0697,45.68149],[-108.04387,45.68105],[-107.66805,45.68151],[-107.63807,45.68151],[-107.63788,45.70076],[-107.63832,45.70706],[-107.63794,45.71471],[-107.63787,45.72019],[-107.6224,45.7202],[-107.62212,45.72197],[-107.6221,45.72291],[-107.62208,45.72391],[-107.61979,45.72393],[-107.61803,45.724],[-107.61795,45.72396],[-107.61659,45.72397],[-107.61687,45.72036],[-107.59653,45.72038],[-107.59672,45.73874],[-107.59677,45.74446],[-107.59681,45.74598],[-107.5915,45.74589],[-107.59151,45.74609],[-107.5915,45.7464],[-107.59152,45.75818],[-107.59177,45.76193],[-107.59381,45.76199],[-107.59453,45.76293],[-107.59507,45.76607],[-107.5959,45.76801],[-107.37515,45.76821],[-107.34781,45.76797],[-107.34431,45.76811],[-107.24648,45.76823],[-107.24657,45.78275],[-107.23646,45.783],[-107.23646,45.77862],[-107.23157,45.7787],[-107.23165,45.77576],[-107.23632,45.77542],[-107.23616,45.76818],[-107.21035,45.76805],[-107.20927,45.76803],[-107.06049,45.76794],[-107.05914,45.76785],[-107.01505,45.76819],[-107.01629,45.6914],[-107.01871,45.55487],[-107.01882,45.52958],[-107.01882,45.52843],[-107.019,45.49247],[-107.01915,45.45654],[-107.01916,45.45574],[-107.01969,45.35392],[-107.01917,45.35392],[-107.02015,45.21794],[-107.02049,45.15807],[-107.02059,45.15722],[-107.01938,45.15431],[-107.01462,45.14121],[-107.01325,45.12497],[-107.01059,45.10755],[-107.00497,45.00326],[-107.00496,45.0016],[-107.00542,44.99997],[-107.00516,44.9963],[-107.0508,44.99642],[-107.07456,44.9971],[-107.08489,44.9966],[-107.09547,44.99725],[-107.10543,44.9985],[-107.12742,44.99984],[-107.1789,45.0002],[-107.29795,45.00066],[-107.36816,45.00093],[-107.48375,45.00143],[-107.56829,45.00097],[-107.60004,45.00079],[-107.62579,45.00065],[-107.73731,45.00076],[-107.75065,45.00078],[-107.84697,45.00072],[-107.88007,45.0007],[-107.88415,45.00069],[-107.90818,45.00068],[-107.91152,45.00067],[-108.0051,45.00055],[-108.16029,45.00041],[-108.21839,45.00041],[-108.22398,45.00041],[-108.2279,45.00041],[-108.24941,44.9999],[-108.2464,45.00206],[-108.24581,45.00312],[-108.24643,45.00603],[-108.24825,45.00681],[-108.25695,45.00649],[-108.25863,45.00758],[-108.25821,45.00917],[-108.25491,45.01171],[-108.25329,45.01338],[-108.2529,45.0154],[-108.25408,45.01806],[-108.25269,45.01975],[-108.24993,45.01984],[-108.24812,45.02055],[-108.24755,45.02209],[-108.25031,45.02698],[-108.25049,45.02874],[-108.2498,45.03164],[-108.24822,45.03451],[-108.24599,45.03696],[-108.24485,45.03953],[-108.24467,45.04176],[-108.24252,45.04475],[-108.24002,45.0461],[-108.23508,45.04789],[-108.23273,45.04817],[-108.23118,45.04735],[-108.22776,45.04739],[-108.22365,45.04622],[-108.22196,45.0463],[-108.22083,45.04743],[-108.22095,45.04988],[-108.22206,45.0526],[-108.22514,45.0537],[-108.22973,45.05351],[-108.23459,45.05384],[-108.23794,45.05526],[-108.23982,45.05712],[-108.24002,45.05841],[-108.2396,45.06251],[-108.23779,45.06391],[-108.23595,45.06427],[-108.2312,45.06337],[-108.22921,45.06337],[-108.22776,45.06418],[-108.22729,45.06625],[-108.22949,45.06819],[-108.22987,45.07073],[-108.22712,45.07404],[-108.22582,45.07511],[-108.2202,45.07834],[-108.22049,45.08592],[-108.21875,45.09185],[-108.21752,45.09412],[-108.21537,45.09488],[-108.21316,45.0946],[-108.20915,45.0932],[-108.20662,45.09437],[-108.2064,45.09642],[-108.20451,45.10274],[-108.20332,45.10426],[-108.2018,45.10479],[-108.19998,45.10426],[-108.19914,45.10272],[-108.19959,45.10122],[-108.19846,45.09962],[-108.19577,45.09857],[-108.19303,45.09815],[-108.1903,45.09872],[-108.18913,45.09968],[-108.18758,45.10256],[-108.18692,45.10525],[-108.18779,45.10791],[-108.18897,45.10875],[-108.19551,45.1113],[-108.19802,45.11342],[-108.1963,45.11514],[-108.19408,45.11464],[-108.18905,45.11246],[-108.18631,45.11178],[-108.18373,45.11258],[-108.18295,45.11398],[-108.18442,45.11695],[-108.18396,45.11916],[-108.18163,45.12446],[-108.18328,45.12679],[-108.18887,45.129],[-108.18928,45.13071],[-108.18777,45.13173],[-108.18304,45.13235],[-108.17918,45.13186],[-108.17389,45.13176],[-108.16987,45.13275],[-108.16395,45.13799],[-108.16329,45.14055],[-108.16587,45.14295],[-108.17031,45.14333],[-108.17184,45.14471],[-108.16921,45.14852],[-108.1696,45.15087],[-108.1735,45.15656],[-108.17405,45.15822],[-108.17336,45.15911],[-108.17182,45.16012],[-108.16843,45.16147],[-108.16418,45.16204],[-108.16079,45.16181],[-108.15874,45.1627],[-108.15864,45.1638],[-108.15926,45.16462],[-108.16668,45.16719],[-108.16918,45.16938],[-108.16839,45.17081],[-108.16296,45.17268],[-108.16085,45.17267],[-108.15859,45.17103],[-108.15624,45.16825],[-108.15338,45.16784],[-108.15169,45.16948],[-108.15114,45.17282],[-108.14891,45.17854],[-108.14933,45.18225],[-108.14777,45.18511],[-108.14578,45.18562],[-108.14266,45.18498],[-108.13853,45.18204],[-108.135,45.18161],[-108.13228,45.18188],[-108.12974,45.18384],[-108.13,45.18477],[-108.13178,45.18567],[-108.13567,45.18605],[-108.13696,45.18693],[-108.13946,45.19022],[-108.1421,45.19147],[-108.14565,45.19261],[-108.14526,45.19361],[-108.143,45.19409],[-108.13575,45.1944],[-108.13137,45.19388],[-108.13044,45.19484],[-108.13077,45.19597],[-108.13429,45.19805],[-108.13586,45.20024],[-108.13671,45.20264],[-108.13645,45.20464],[-108.13367,45.20691],[-108.13177,45.20723],[-108.1259,45.21054],[-108.12586,45.21324],[-108.12903,45.21448],[-108.12986,45.21652],[-108.12854,45.21779],[-108.12665,45.21777],[-108.12218,45.21632],[-108.11703,45.21636],[-108.11322,45.2161],[-108.1098,45.21651],[-108.10702,45.2174],[-108.10278,45.21933],[-108.09805,45.22052],[-108.69962,45.21771],[-108.6993,45.31349],[-108.6964,45.32036],[-108.69943,45.32772],[-108.69948,45.33507],[-108.69962,45.34895],[-108.69867,45.34895],[-108.69864,45.35221],[-108.69702,45.35649],[-108.68573,45.39185],[-108.68222,45.43313],[-108.64532,45.46407],[-108.64071,45.46793]],[[-107.91542,45.30405],[-107.91552,45.31137],[-107.9152,45.3164],[-107.91511,45.31799],[-107.91505,45.31876],[-107.9238,45.31881],[-107.92437,45.31924],[-107.9243,45.32111],[-107.94914,45.32094],[-107.94914,45.3229],[-107.96509,45.32292],[-107.96519,45.32059],[-107.97016,45.32062],[-107.97025,45.30854],[-107.97055,45.30538],[-107.97035,45.3037],[-107.97029,45.2935],[-107.95988,45.29345],[-107.96004,45.29709],[-107.95489,45.297],[-107.9551,45.30405],[-107.92609,45.30409],[-107.91542,45.30405]]],[[[-107.76021,45.72149],[-107.78106,45.72149],[-107.78106,45.72883],[-107.76021,45.72859],[-107.76021,45.72231],[-107.76021,45.72149]]],[[[-108.23155,45.76202],[-108.23679,45.76203],[-108.2367,45.76899],[-108.23142,45.76897],[-108.23197,45.76848],[-108.23155,45.76202]]],[[[-107.41013,45.87392],[-107.40977,45.8807],[-107.40469,45.88054],[-107.40401,45.86982],[-107.4258,45.87016],[-107.42557,45.87385],[-107.41013,45.87392]]],[[[-107.87605,45.87324],[-107.88191,45.87324],[-107.88213,45.87741],[-107.88078,45.87742],[-107.87609,45.87745],[-107.87605,45.87324]]],[[[-108.31098,45.88217],[-108.31136,45.87764],[-108.31778,45.87742],[-108.31986,45.87747],[-108.31963,45.88147],[-108.31488,45.8815],[-108.31098,45.88217]]],[[[-107.44605,45.89905],[-107.46648,45.89864],[-107.46665,45.9026],[-107.45173,45.90271],[-107.45174,45.91011],[-107.456,45.91029],[-107.4558,45.91377],[-107.44622,45.91354],[-107.44612,45.90493],[-107.44605,45.89905]]],[[[-107.46111,45.90619],[-107.46688,45.9062],[-107.46691,45.91376],[-107.46111,45.91392],[-107.46106,45.90679],[-107.46111,45.90619]]],[[[-107.96375,45.91726],[-107.96379,45.92206],[-107.95405,45.92195],[-107.9542,45.91416],[-107.95428,45.91048],[-107.95784,45.91053],[-107.95784,45.91389],[-107.96015,45.91393],[-107.96017,45.91725],[-107.96375,45.91726]]],[[[-108.00633,45.92104],[-108.0041,45.92104],[-108.00415,45.9176],[-108.0027,45.9176],[-108.00272,45.91573],[-108.00275,45.91399],[-108.00642,45.91396],[-108.00633,45.92104]]],[[[-107.89254,45.94674],[-107.88702,45.94666],[-107.88714,45.94244],[-107.89274,45.94251],[-107.89254,45.94674]]],[[[-107.65502,45.95656],[-107.66478,45.95661],[-107.66515,45.96042],[-107.65947,45.96039],[-107.65515,45.9603],[-107.65502,45.95656]]],[[[-107.96442,45.96318],[-107.9645,45.95907],[-107.97067,45.95912],[-107.97057,45.96318],[-107.96787,45.96322],[-107.96442,45.96318]]],[[[-107.54956,45.96219],[-107.55317,45.96305],[-107.55396,45.96575],[-107.54928,45.96605],[-107.54972,45.96252],[-107.54956,45.96219]]],[[[-107.9531,45.96626],[-107.95882,45.96634],[-107.95875,45.96972],[-107.95782,45.9697],[-107.9529,45.9697],[-107.9531,45.96626]]],[[[-107.41445,45.97849],[-107.4041,45.97872],[-107.40408,45.97121],[-107.41445,45.97107],[-107.41448,45.97783],[-107.41449,45.97849],[-107.41445,45.97849]]],[[[-107.43526,45.98532],[-107.42508,45.98533],[-107.42506,45.98553],[-107.41451,45.98546],[-107.41449,45.97849],[-107.42508,45.97847],[-107.42508,45.97821],[-107.43523,45.97807],[-107.43526,45.98532]]],[[[-107.89161,45.98533],[-107.90234,45.98547],[-107.9021,45.99238],[-107.89277,45.99241],[-107.89177,45.99237],[-107.89161,45.98533]]],[[[-107.90219,46.01068],[-107.90588,46.01071],[-107.90768,46.01071],[-107.90761,46.0158],[-107.90204,46.01684],[-107.90219,46.01068]]],[[[-107.79873,46.02158],[-107.798,46.02159],[-107.79805,46.01808],[-107.79803,46.01775],[-107.79872,46.01776],[-107.81831,46.0179],[-107.81834,46.02176],[-107.79873,46.02158]]],[[[-107.43003,46.03249],[-107.42494,46.03245],[-107.42495,46.02869],[-107.4301,46.02867],[-107.43003,46.03249]]],[[[-107.73679,46.04575],[-107.74207,46.04573],[-107.74207,46.04922],[-107.73905,46.04923],[-107.7368,46.04917],[-107.73679,46.04575]]],[[[-107.68811,46.04696],[-107.69067,46.04682],[-107.6907,46.04961],[-107.68493,46.04963],[-107.68493,46.04688],[-107.68811,46.04696]]],[[[-107.77528,46.05889],[-107.77749,46.0605],[-107.7756,46.06259],[-107.77387,46.06289],[-107.76792,46.06212],[-107.76485,46.0612],[-107.76485,46.05957],[-107.7649,46.05695],[-107.76715,46.057],[-107.77518,46.05702],[-107.77528,46.05889]]],[[[-107.55937,46.07964],[-107.56452,46.07967],[-107.56446,46.08509],[-107.56444,46.08675],[-107.55988,46.08679],[-107.55937,46.07964]]],[[[-107.46604,46.16255],[-107.46977,46.15906],[-107.47166,46.15891],[-107.47477,46.15726],[-107.47634,46.15525],[-107.47785,46.1519],[-107.47918,46.15114],[-107.48483,46.15012],[-107.49176,46.14995],[-107.49014,46.15257],[-107.49026,46.15457],[-107.48574,46.15715],[-107.47849,46.159],[-107.47266,46.1618],[-107.46787,46.1636],[-107.46606,46.16355],[-107.46604,46.16255]]],[[[-107.39421,45.86998],[-107.39922,45.87001],[-107.3992,45.87049],[-107.39911,45.87414],[-107.39425,45.87409],[-107.39421,45.86998]]],[[[-107.41006,45.89124],[-107.40486,45.89135],[-107.40499,45.88452],[-107.41012,45.88447],[-107.41006,45.89124]]],[[[-107.3329,45.9023],[-107.32698,45.90193],[-107.32668,45.89797],[-107.3301,45.89792],[-107.33324,45.89781],[-107.33311,45.90008],[-107.3329,45.9023]]],[[[-107.29375,45.96445],[-107.29605,45.96413],[-107.29608,45.9676],[-107.29067,45.96761],[-107.29068,45.96568],[-107.29375,45.96445]]],[[[-107.39375,45.97485],[-107.39379,45.98206],[-107.38846,45.98208],[-107.38844,45.9753],[-107.38839,45.97088],[-107.39874,45.97086],[-107.39873,45.97484],[-107.39375,45.97485]]],[[[-107.30075,46.00725],[-107.30007,46.00725],[-107.30008,46.00689],[-107.30009,46.00019],[-107.31066,46.00024],[-107.31059,46.00726],[-107.30075,46.00725]]],[[[-107.30007,46.00725],[-107.3001,46.0082],[-107.30023,46.0147],[-107.29439,46.01468],[-107.2943,46.02171],[-107.28331,46.02169],[-107.28343,46.01461],[-107.28898,46.01461],[-107.28904,46.00715],[-107.29696,46.00722],[-107.30007,46.00725]]],[[[-107.35703,46.02872],[-107.36237,46.02875],[-107.36233,46.03259],[-107.35713,46.03256],[-107.35705,46.0308],[-107.35703,46.02872]]],[[[-107.32082,46.03974],[-107.31856,46.03972],[-107.31539,46.03971],[-107.31547,46.03249],[-107.31032,46.03247],[-107.31037,46.02869],[-107.32094,46.02875],[-107.32082,46.03974]]],[[[-107.30016,46.05811],[-107.30342,46.05809],[-107.33619,46.05786],[-107.3362,46.06162],[-107.34156,46.06168],[-107.34159,46.05784],[-107.35246,46.05789],[-107.35243,46.0616],[-107.3469,46.06157],[-107.34678,46.0725],[-107.31304,46.07235],[-107.31011,46.07216],[-107.31018,46.06527],[-107.30011,46.06523],[-107.30014,46.05896],[-107.30016,46.05811]]],[[[-107.29433,46.09732],[-107.29436,46.09374],[-107.28932,46.09372],[-107.28939,46.08629],[-107.29641,46.08634],[-107.29997,46.08635],[-107.29986,46.09734],[-107.29433,46.09732]]],[[[-107.34096,46.09339],[-107.34699,46.09355],[-107.36203,46.09403],[-107.36199,46.10104],[-107.34095,46.10076],[-107.34096,46.09339]]],[[[-107.33537,46.09711],[-107.33536,46.10107],[-107.33043,46.10104],[-107.33042,46.10796],[-107.32026,46.10791],[-107.32031,46.10088],[-107.31461,46.10086],[-107.31465,46.09964],[-107.31468,46.09703],[-107.33537,46.09711]]],[[[-107.39765,46.1012],[-107.40289,46.10122],[-107.40286,46.10505],[-107.39824,46.10504],[-107.39763,46.10504],[-107.39765,46.1012]]],[[[-107.28881,46.10079],[-107.29294,46.10082],[-107.29937,46.10079],[-107.29981,46.10785],[-107.28904,46.10785],[-107.28881,46.10079]]],[[[-107.34593,46.10819],[-107.34598,46.10884],[-107.34604,46.11501],[-107.34066,46.115],[-107.34084,46.10833],[-107.34593,46.10819]]],[[[-107.37218,46.11865],[-107.37218,46.11497],[-107.37675,46.11483],[-107.37681,46.1114],[-107.38224,46.11138],[-107.3822,46.11491],[-107.37696,46.11485],[-107.3769,46.12184],[-107.37214,46.12179],[-107.37211,46.12545],[-107.36194,46.12545],[-107.36197,46.12311],[-107.36196,46.11862],[-107.37218,46.11865]]],[[[-107.3622,46.13309],[-107.36488,46.13311],[-107.36743,46.1331],[-107.36732,46.13658],[-107.36213,46.13658],[-107.3622,46.13309]]],[[[-107.32081,46.13628],[-107.3309,46.13632],[-107.33088,46.14001],[-107.33087,46.14399],[-107.32073,46.14396],[-107.32081,46.13628]]],[[[-107.29929,46.14369],[-107.30975,46.14372],[-107.30972,46.15033],[-107.30357,46.15036],[-107.29921,46.15036],[-107.29929,46.14369]]],[[[-107.34078,46.16718],[-107.3408,46.16604],[-107.34075,46.16328],[-107.34639,46.16338],[-107.34636,46.16644],[-107.34634,46.16723],[-107.34078,46.16718]]],[[[-107.39259,46.17069],[-107.40319,46.17065],[-107.40325,46.1778],[-107.39405,46.17789],[-107.39264,46.1779],[-107.39259,46.17069]]],[[[-107.32719,46.1924],[-107.32224,46.19296],[-107.31925,46.19293],[-107.31965,46.18913],[-107.31918,46.1852],[-107.3404,46.18513],[-107.34055,46.19225],[-107.32719,46.1924]]],[[[-107.39312,46.19185],[-107.39313,46.19228],[-107.39318,46.19913],[-107.38265,46.19917],[-107.38261,46.19195],[-107.39312,46.19185]]],[[[-107.36188,46.20625],[-107.36183,46.19883],[-107.37234,46.1988],[-107.37239,46.20628],[-107.36937,46.20627],[-107.36188,46.20625]]],[[[-107.38565,46.22073],[-107.38283,46.22071],[-107.38288,46.21329],[-107.39381,46.21323],[-107.39397,46.22054],[-107.39334,46.22054],[-107.38565,46.22073]]],[[[-107.23354,45.78672],[-107.23361,45.79345],[-107.22882,45.79345],[-107.22883,45.79014],[-107.22327,45.79014],[-107.22331,45.79707],[-107.21851,45.79706],[-107.21859,45.78255],[-107.23353,45.78261],[-107.23354,45.78672]]],[[[-107.16655,45.79727],[-107.17706,45.79726],[-107.1771,45.80384],[-107.1772,45.81094],[-107.16686,45.81162],[-107.16655,45.79727]]],[[[-107.27949,45.81986],[-107.29003,45.81981],[-107.2905,45.82708],[-107.28837,45.82709],[-107.27958,45.82714],[-107.27949,45.81986]]],[[[-107.18738,45.83219],[-107.19281,45.83207],[-107.19251,45.84049],[-107.1913,45.84052],[-107.18757,45.84054],[-107.18738,45.83219]]],[[[-107.25961,45.85207],[-107.23857,45.85207],[-107.23857,45.84106],[-107.24063,45.84106],[-107.24909,45.84106],[-107.24909,45.84838],[-107.25961,45.84838],[-107.25961,45.85207]]],[[[-107.23885,45.97829],[-107.24898,45.97824],[-107.24949,45.98551],[-107.23879,45.9854],[-107.2389,45.98032],[-107.23885,45.97829]]],[[[-107.27382,45.99661],[-107.2683,45.99659],[-107.26825,46.00024],[-107.25839,46.00021],[-107.25845,45.9966],[-107.26343,45.99664],[-107.2638,45.99286],[-107.27385,45.99306],[-107.27382,45.99661]]],[[[-107.1563,46.05171],[-107.15637,46.05549],[-107.15138,46.05554],[-107.15136,46.05173],[-107.1563,46.05171]]],[[[-107.2966,46.05809],[-107.27924,46.05794],[-107.27896,46.05059],[-107.30024,46.05069],[-107.30021,46.05313],[-107.30016,46.05811],[-107.2966,46.05809]]],[[[-107.15615,46.07165],[-107.15664,46.05742],[-107.16087,46.05747],[-107.16698,46.05758],[-107.1667,46.06509],[-107.17701,46.06526],[-107.17674,46.0721],[-107.15615,46.07165]]],[[[-107.22914,46.07255],[-107.22951,46.06481],[-107.23908,46.06557],[-107.23931,46.0726],[-107.23292,46.07255],[-107.22914,46.07255]]],[[[-107.19531,46.07254],[-107.19786,46.07257],[-107.1978,46.07969],[-107.18718,46.07951],[-107.18797,46.07237],[-107.19531,46.07254]]],[[[-107.27926,46.07263],[-107.27912,46.08673],[-107.26863,46.08667],[-107.2687,46.07979],[-107.2603,46.07966],[-107.25832,46.07967],[-107.25824,46.08696],[-107.24815,46.08691],[-107.2483,46.07248],[-107.27926,46.07263]]],[[[-107.13553,46.08617],[-107.13564,46.07899],[-107.14592,46.07914],[-107.14592,46.08065],[-107.14591,46.08642],[-107.13553,46.08617]]],[[[-107.19775,46.10108],[-107.2081,46.10119],[-107.20772,46.10815],[-107.19753,46.10807],[-107.19771,46.10245],[-107.19775,46.10108]]],[[[-107.13324,46.11485],[-107.13548,46.11483],[-107.13518,46.12204],[-107.13004,46.12211],[-107.13024,46.11489],[-107.13324,46.11485]]],[[[-107.27951,46.12264],[-107.25859,46.12259],[-107.25861,46.11909],[-107.26386,46.1191],[-107.26382,46.11534],[-107.27633,46.11528],[-107.27956,46.11599],[-107.27951,46.12264]]],[[[-107.18691,46.13316],[-107.18127,46.13318],[-107.18199,46.11848],[-107.19739,46.11854],[-107.19741,46.1222],[-107.20782,46.12216],[-107.20795,46.11509],[-107.23924,46.1153],[-107.23934,46.11869],[-107.22867,46.11875],[-107.22886,46.12597],[-107.21818,46.12595],[-107.21809,46.1333],[-107.1967,46.13331],[-107.19715,46.12589],[-107.18685,46.126],[-107.18691,46.13316]]],[[[-107.2479,46.12566],[-107.25896,46.12569],[-107.25892,46.13309],[-107.25509,46.13312],[-107.24788,46.13307],[-107.2479,46.12566]]],[[[-107.24305,46.13346],[-107.23918,46.13347],[-107.23914,46.12597],[-107.24294,46.12604],[-107.24305,46.13346]]],[[[-107.19459,46.14968],[-107.20003,46.14963],[-107.20011,46.15348],[-107.19467,46.15353],[-107.19466,46.1528],[-107.19459,46.14968]]],[[[-107.28336,46.17126],[-107.2782,46.17121],[-107.27816,46.16413],[-107.28331,46.16411],[-107.28336,46.17126]]],[[[-107.22576,46.15727],[-107.24724,46.15731],[-107.24753,46.16465],[-107.25544,46.16473],[-107.25808,46.16465],[-107.25831,46.17833],[-107.24266,46.17836],[-107.24269,46.1751],[-107.2478,46.17508],[-107.24783,46.17151],[-107.24267,46.17153],[-107.24262,46.16445],[-107.22585,46.16462],[-107.22576,46.15727]]],[[[-107.21553,46.17685],[-107.21254,46.17689],[-107.21258,46.17851],[-107.19481,46.17863],[-107.19475,46.17347],[-107.19474,46.17136],[-107.21537,46.17118],[-107.21553,46.17685]]],[[[-107.28693,46.18874],[-107.29434,46.18874],[-107.29407,46.19409],[-107.29073,46.19407],[-107.28694,46.19406],[-107.28693,46.18874]]],[[[-107.1356,46.30213],[-107.14076,46.30215],[-107.1413,46.30222],[-107.13705,46.30847],[-107.13542,46.30853],[-107.1356,46.30213]]],[[[-107.0106,45.18872],[-107.0106,45.18156],[-107.01342,45.18156],[-107.01342,45.18194],[-107.01342,45.18872],[-107.0106,45.18872]]],[[[-107.01342,45.21097],[-107.0106,45.21097],[-107.0106,45.20759],[-107.01342,45.20757],[-107.01342,45.21097]]],[[[-107.07371,45.85507],[-107.07777,45.85544],[-107.07771,45.85909],[-107.07276,45.85898],[-107.07273,45.8554],[-107.07371,45.85507]]],[[[-107.03171,45.88407],[-107.03185,45.87685],[-107.05212,45.877],[-107.05208,45.88478],[-107.04812,45.88426],[-107.03171,45.88407]]],[[[-107.09287,45.88316],[-107.09825,45.88311],[-107.09822,45.88463],[-107.09817,45.88737],[-107.09291,45.88744],[-107.09287,45.88316]]],[[[-107.09782,45.89422],[-107.09315,45.89431],[-107.09317,45.89046],[-107.09795,45.89038],[-107.09782,45.89422]]],[[[-107.07285,45.91348],[-107.05195,45.91349],[-107.05203,45.89821],[-107.07278,45.8981],[-107.07285,45.91348]]],[[[-107.05783,45.93551],[-107.0518,45.93556],[-107.0518,45.93207],[-107.05784,45.93206],[-107.05783,45.93551]]],[[[-107.01071,45.94658],[-107.01674,45.94659],[-107.01674,45.95013],[-107.01674,45.95051],[-107.01068,45.95057],[-107.01071,45.94658]]],[[[-107.01594,45.97972],[-107.01132,45.97971],[-107.01119,45.99922],[-107.01091,46.00074],[-107.00988,46.00075],[-107.01129,45.96098],[-107.01136,45.97658],[-107.01592,45.97656],[-107.01594,45.97972]]],[[[-107.06038,46.00047],[-107.06036,45.99941],[-107.07093,45.99956],[-107.07118,46.01427],[-107.06071,46.01399],[-107.06038,46.00047]]],[[[-107.01969,46.04271],[-107.03008,46.04286],[-107.03024,46.05743],[-107.01985,46.05729],[-107.01984,46.05593],[-107.01969,46.04271]]],[[[-107.09406,46.05005],[-107.10431,46.05013],[-107.10455,46.05736],[-107.10316,46.05733],[-107.09431,46.05715],[-107.09406,46.05005]]],[[[-107.04077,46.07926],[-107.03036,46.07898],[-107.03054,46.07149],[-107.03761,46.07149],[-107.04099,46.07158],[-107.04068,46.07578],[-107.04077,46.07926]]],[[[-107.08933,46.08612],[-107.09368,46.08609],[-107.0937,46.093],[-107.07259,46.09298],[-107.07239,46.08586],[-107.08933,46.08612]]],[[[-107.02002,46.0859],[-107.03067,46.08598],[-107.03042,46.09325],[-107.01977,46.09297],[-107.01999,46.08758],[-107.02002,46.0859]]],[[[-107.03055,46.10805],[-107.03067,46.1003],[-107.04136,46.10041],[-107.04113,46.10823],[-107.03566,46.10812],[-107.03055,46.10805]]],[[[-107.015,46.1079],[-107.01995,46.10796],[-107.01985,46.1116],[-107.0149,46.11155],[-107.01493,46.11029],[-107.015,46.1079]]],[[[-107.08302,46.11502],[-107.09349,46.115],[-107.09302,46.1293],[-107.0903,46.12929],[-107.08287,46.12934],[-107.08302,46.11502]]],[[[-107.06216,46.11527],[-107.07235,46.11507],[-107.07237,46.12477],[-107.07231,46.12971],[-107.06174,46.12957],[-107.06216,46.11527]]],[[[-107.01499,46.11864],[-107.03041,46.11843],[-107.03032,46.13313],[-107.01683,46.13301],[-107.01469,46.133],[-107.01499,46.11864]]],[[[-107.11642,46.13316],[-107.12691,46.13326],[-107.12706,46.13689],[-107.1166,46.13677],[-107.11651,46.1343],[-107.11642,46.13316]]],[[[-107.12329,46.29962],[-107.12777,46.29958],[-107.12728,46.30694],[-107.12326,46.30712],[-107.12258,46.30652],[-107.12329,46.29962]]]]}},{"type":"Feature","properties":{"name":"CSKT Transit","boundary_type":"tribal","source":"Census TIGER AIANNH area","fidelity":"exact","updated":"2026-09","units":"Flathead Reservation","note":"Primary service on Flathead Indian Reservation; off-reservation medical trips to Missoula and Kalispell are secondary.","confidence":0.85},"geometry":{"type":"Polygon","coordinates":[[[-114.81989,47.8872],[-114.81592,47.88704],[-114.77583,47.88714],[-114.77304,47.88708],[-114.76118,47.88629],[-114.62629,47.88537],[-114.62322,47.88514],[-114.60149,47.88524],[-114.54307,47.88584],[-114.53169,47.88555],[-114.50121,47.88639],[-114.49211,47.8861],[-114.4772,47.88604],[-114.39887,47.88494],[-114.38891,47.88506],[-114.38415,47.88487],[-114.38276,47.88493],[-114.22325,47.88533],[-114.21355,47.88546],[-114.21244,47.88547],[-114.21217,47.88547],[-114.10163,47.88492],[-114.03788,47.88456],[-114.03727,47.88455],[-114.02511,47.8843],[-114.01723,47.88439],[-114.00536,47.88438],[-114.00087,47.88506],[-113.94279,47.8847],[-113.93075,47.88462],[-113.92549,47.88441],[-113.92379,47.88375],[-113.924,47.87896],[-113.92476,47.87693],[-113.92485,47.87458],[-113.92563,47.8726],[-113.92755,47.87066],[-113.92935,47.87078],[-113.93417,47.87009],[-113.93861,47.87025],[-113.94224,47.87116],[-113.94465,47.8672],[-113.94586,47.86461],[-113.94766,47.86339],[-113.94968,47.86075],[-113.94798,47.85964],[-113.94839,47.85629],[-113.95332,47.85476],[-113.95364,47.85399],[-113.95145,47.85374],[-113.94766,47.85262],[-113.95048,47.84914],[-113.95276,47.8492],[-113.95456,47.8481],[-113.95284,47.84579],[-113.95396,47.84375],[-113.95066,47.83997],[-113.94941,47.83693],[-113.94591,47.83688],[-113.94149,47.83744],[-113.93491,47.83702],[-113.93281,47.83661],[-113.92971,47.83521],[-113.92709,47.83206],[-113.9269,47.82903],[-113.9274,47.82667],[-113.92707,47.82379],[-113.92774,47.82189],[-113.92695,47.81816],[-113.92541,47.81587],[-113.92482,47.81394],[-113.92526,47.81193],[-113.92226,47.80785],[-113.92091,47.80503],[-113.9235,47.80306],[-113.92359,47.80098],[-113.92221,47.79837],[-113.9223,47.79591],[-113.92557,47.79224],[-113.92472,47.78964],[-113.92716,47.78721],[-113.92787,47.78531],[-113.93006,47.78549],[-113.93211,47.78446],[-113.93309,47.78163],[-113.93287,47.78047],[-113.92878,47.77802],[-113.92713,47.77562],[-113.92508,47.77365],[-113.92373,47.77161],[-113.9233,47.76888],[-113.92177,47.7668],[-113.92306,47.76431],[-113.92349,47.76192],[-113.92321,47.75936],[-113.92402,47.75632],[-113.92551,47.7554],[-113.93111,47.75568],[-113.93513,47.75525],[-113.93775,47.75456],[-113.94129,47.75511],[-113.94469,47.75454],[-113.94764,47.75507],[-113.95187,47.75532],[-113.95302,47.75575],[-113.95661,47.75463],[-113.95892,47.75263],[-113.95884,47.7514],[-113.95492,47.74512],[-113.95554,47.74155],[-113.9566,47.74022],[-113.95784,47.73711],[-113.96052,47.73647],[-113.96404,47.73455],[-113.96554,47.73443],[-113.96681,47.73308],[-113.96731,47.73021],[-113.96946,47.72716],[-113.9686,47.72453],[-113.97087,47.72095],[-113.9708,47.71929],[-113.96992,47.71789],[-113.96625,47.71619],[-113.96698,47.7131],[-113.96636,47.71],[-113.96493,47.70691],[-113.96085,47.70553],[-113.95484,47.70502],[-113.95139,47.70307],[-113.95227,47.70092],[-113.95136,47.69887],[-113.95109,47.69668],[-113.95211,47.69491],[-113.95214,47.6925],[-113.95141,47.69064],[-113.95248,47.68689],[-113.95455,47.68608],[-113.95536,47.68518],[-113.95854,47.68437],[-113.95877,47.68306],[-113.96043,47.6822],[-113.95999,47.68113],[-113.96082,47.67982],[-113.9645,47.67844],[-113.96711,47.67538],[-113.96713,47.67342],[-113.96143,47.66808],[-113.95961,47.66697],[-113.96046,47.66523],[-113.96426,47.66201],[-113.9655,47.6614],[-113.96505,47.65891],[-113.96541,47.65642],[-113.96654,47.65448],[-113.96544,47.64904],[-113.96578,47.64647],[-113.96475,47.64404],[-113.9666,47.64217],[-113.96609,47.6409],[-113.96376,47.63988],[-113.96377,47.63851],[-113.96633,47.63552],[-113.966,47.6312],[-113.96638,47.62776],[-113.96722,47.62614],[-113.96434,47.62472],[-113.96454,47.62272],[-113.96193,47.62087],[-113.96048,47.61813],[-113.9616,47.61647],[-113.96105,47.613],[-113.96205,47.60863],[-113.9624,47.60731],[-113.9602,47.60501],[-113.94971,47.60166],[-113.94874,47.59999],[-113.94589,47.59694],[-113.94461,47.59666],[-113.94191,47.59651],[-113.93964,47.59779],[-113.93714,47.59772],[-113.93488,47.59996],[-113.93336,47.59869],[-113.93029,47.5985],[-113.92801,47.59375],[-113.93037,47.59002],[-113.9302,47.58826],[-113.92856,47.58641],[-113.92909,47.58269],[-113.93115,47.58073],[-113.93226,47.57716],[-113.93173,47.57505],[-113.92986,47.57371],[-113.92931,47.57227],[-113.92605,47.56718],[-113.92411,47.5655],[-113.92498,47.56284],[-113.92421,47.56032],[-113.92292,47.55911],[-113.92093,47.55785],[-113.92122,47.55631],[-113.92016,47.55355],[-113.92056,47.55216],[-113.9195,47.54941],[-113.9226,47.54828],[-113.92219,47.54497],[-113.92627,47.5432],[-113.92806,47.54292],[-113.92861,47.54052],[-113.92969,47.53992],[-113.92334,47.53634],[-113.92259,47.53451],[-113.92368,47.53066],[-113.92187,47.52832],[-113.92531,47.52549],[-113.92647,47.52376],[-113.92667,47.52174],[-113.92767,47.52057],[-113.92558,47.51951],[-113.9212,47.51807],[-113.92033,47.51741],[-113.91467,47.5155],[-113.90858,47.51444],[-113.90974,47.51256],[-113.91153,47.51139],[-113.91294,47.50776],[-113.9127,47.50571],[-113.91421,47.50444],[-113.91422,47.50114],[-113.91539,47.50028],[-113.92072,47.49884],[-113.92656,47.49812],[-113.93042,47.50026],[-113.93546,47.49801],[-113.9358,47.49641],[-113.93821,47.49568],[-113.93952,47.4937],[-113.94247,47.4928],[-113.94211,47.49044],[-113.94086,47.48977],[-113.93942,47.48783],[-113.93856,47.48504],[-113.93925,47.48401],[-113.94083,47.48416],[-113.94138,47.48163],[-113.94289,47.47968],[-113.9486,47.47835],[-113.95117,47.47602],[-113.94838,47.47352],[-113.9447,47.47191],[-113.93929,47.47145],[-113.93647,47.46987],[-113.93303,47.4671],[-113.92877,47.4659],[-113.93137,47.46393],[-113.931,47.45991],[-113.9327,47.45816],[-113.93241,47.4576],[-113.92704,47.45581],[-113.92598,47.45479],[-113.92337,47.45459],[-113.91969,47.45376],[-113.91359,47.44956],[-113.90368,47.44761],[-113.90268,47.44671],[-113.90071,47.44175],[-113.89591,47.43858],[-113.89576,47.43567],[-113.8949,47.43368],[-113.89083,47.43169],[-113.88975,47.42781],[-113.88999,47.42536],[-113.88924,47.42364],[-113.88963,47.42193],[-113.89092,47.42032],[-113.89044,47.4189],[-113.89134,47.41678],[-113.88854,47.41228],[-113.88677,47.41098],[-113.88595,47.40709],[-113.88415,47.40434],[-113.88248,47.40281],[-113.87879,47.40088],[-113.87657,47.39774],[-113.87598,47.39552],[-113.87445,47.39354],[-113.87111,47.39197],[-113.87135,47.3894],[-113.87066,47.38685],[-113.87075,47.38472],[-113.87226,47.3831],[-113.8726,47.38116],[-113.87384,47.37985],[-113.87356,47.37809],[-113.87518,47.37638],[-113.87529,47.37391],[-113.876,47.37293],[-113.87588,47.37103],[-113.87725,47.37011],[-113.8821,47.36912],[-113.88411,47.36956],[-113.88621,47.36926],[-113.88602,47.36867],[-113.88767,47.36478],[-113.88711,47.36223],[-113.88723,47.35991],[-113.88889,47.35923],[-113.89063,47.35992],[-113.89315,47.35934],[-113.88904,47.35501],[-113.88892,47.3537],[-113.88748,47.35057],[-113.88568,47.34551],[-113.88601,47.34447],[-113.88501,47.34146],[-113.88225,47.33937],[-113.88184,47.33852],[-113.88351,47.33474],[-113.88552,47.33381],[-113.88698,47.32918],[-113.88612,47.32489],[-113.88761,47.32108],[-113.88661,47.31827],[-113.89012,47.31659],[-113.89315,47.3164],[-113.89635,47.31372],[-113.90063,47.31314],[-113.90068,47.31132],[-113.89794,47.30919],[-113.89514,47.30856],[-113.89326,47.30871],[-113.88705,47.30736],[-113.88451,47.30828],[-113.88274,47.30807],[-113.8818,47.30653],[-113.87765,47.3045],[-113.87632,47.30136],[-113.87336,47.29887],[-113.87435,47.29761],[-113.87437,47.2943],[-113.87264,47.28936],[-113.87077,47.28816],[-113.86909,47.28878],[-113.86496,47.28891],[-113.86132,47.28627],[-113.85538,47.285],[-113.85288,47.28298],[-113.85217,47.28157],[-113.8526,47.27917],[-113.84922,47.27888],[-113.84602,47.2772],[-113.84516,47.27359],[-113.84273,47.27188],[-113.8392,47.27224],[-113.83531,47.27155],[-113.83407,47.27284],[-113.83043,47.27419],[-113.82435,47.27441],[-113.82226,47.27396],[-113.81982,47.27194],[-113.81769,47.27204],[-113.81182,47.27415],[-113.80617,47.27362],[-113.80272,47.2749],[-113.79757,47.27598],[-113.79504,47.27609],[-113.79252,47.27696],[-113.79223,47.27802],[-113.78904,47.27964],[-113.78744,47.2819],[-113.78353,47.28309],[-113.78044,47.28602],[-113.77497,47.2894],[-113.77551,47.28598],[-113.7747,47.28516],[-113.77167,47.28489],[-113.76911,47.28385],[-113.76715,47.28219],[-113.76408,47.28307],[-113.75879,47.28391],[-113.75729,47.2863],[-113.75566,47.28737],[-113.75482,47.28903],[-113.75092,47.29026],[-113.75004,47.28739],[-113.7465,47.28371],[-113.74685,47.28277],[-113.74414,47.28206],[-113.73708,47.28277],[-113.73313,47.28265],[-113.73092,47.2819],[-113.72756,47.28182],[-113.72885,47.28119],[-113.72839,47.2737],[-113.73186,47.27174],[-113.73506,47.26861],[-113.73578,47.26745],[-113.73525,47.26466],[-113.7326,47.26341],[-113.73078,47.26152],[-113.7284,47.25506],[-113.72831,47.25187],[-113.72732,47.24934],[-113.73009,47.24647],[-113.72965,47.24405],[-113.72594,47.24193],[-113.73083,47.24014],[-113.7334,47.23767],[-113.73473,47.2372],[-113.73468,47.23504],[-113.73804,47.23422],[-113.74061,47.23297],[-113.74194,47.23135],[-113.74209,47.22879],[-113.74333,47.2269],[-113.74209,47.22492],[-113.73724,47.22251],[-113.73398,47.22221],[-113.72909,47.22118],[-113.72548,47.21753],[-113.72489,47.21578],[-113.72262,47.21377],[-113.71901,47.21307],[-113.71357,47.21339],[-113.7069,47.21031],[-113.70325,47.21096],[-113.70162,47.21059],[-113.70009,47.20864],[-113.69475,47.20761],[-113.69618,47.20283],[-113.69801,47.20104],[-113.69826,47.19909],[-113.69712,47.19788],[-113.69698,47.19583],[-113.70014,47.19285],[-113.69752,47.19003],[-113.69687,47.18736],[-113.69764,47.18556],[-113.70189,47.18336],[-113.70268,47.18161],[-113.70678,47.18055],[-113.71473,47.17757],[-113.72011,47.1758],[-113.72243,47.17398],[-113.72673,47.17208],[-113.72603,47.16973],[-113.72747,47.16707],[-113.72529,47.16637],[-113.72199,47.16409],[-113.7172,47.16004],[-113.71715,47.15795],[-113.71305,47.15392],[-113.7136,47.15093],[-113.71172,47.14939],[-113.71138,47.14804],[-113.70852,47.14805],[-113.70398,47.14631],[-113.70284,47.1444],[-113.69973,47.14293],[-113.69441,47.14173],[-113.69367,47.14076],[-113.68992,47.14017],[-113.68666,47.14105],[-113.68395,47.14038],[-113.68183,47.13793],[-113.67616,47.1362],[-113.67665,47.13418],[-113.67172,47.13076],[-113.67138,47.12736],[-113.66538,47.12377],[-113.66631,47.12145],[-113.67548,47.11601],[-113.67586,47.11279],[-113.68151,47.11338],[-113.68779,47.11559],[-113.69127,47.11639],[-113.69804,47.11574],[-113.70688,47.11711],[-113.71134,47.11747],[-113.7139,47.11884],[-113.7192,47.11856],[-113.7217,47.11883],[-113.72572,47.11778],[-113.73014,47.11778],[-113.73243,47.11716],[-113.73276,47.11476],[-113.73118,47.11145],[-113.73141,47.10805],[-113.72571,47.1012],[-113.72467,47.09924],[-113.7261,47.09619],[-113.72552,47.09423],[-113.72356,47.09208],[-113.72465,47.08993],[-113.72892,47.08638],[-113.72381,47.0832],[-113.72013,47.082],[-113.71076,47.08225],[-113.71155,47.08158],[-113.71139,47.07919],[-113.70906,47.0751],[-113.7126,47.07495],[-113.71491,47.07406],[-113.71578,47.07277],[-113.71919,47.07213],[-113.7238,47.07204],[-113.72939,47.07286],[-113.73589,47.07305],[-113.74678,47.07565],[-113.74885,47.07907],[-113.75047,47.07954],[-113.75216,47.07791],[-113.75542,47.07932],[-113.75894,47.08518],[-113.7592,47.08837],[-113.76162,47.08847],[-113.7658,47.08641],[-113.76797,47.08628],[-113.77468,47.08865],[-113.77805,47.09143],[-113.77977,47.09082],[-113.78455,47.09071],[-113.78712,47.09192],[-113.78718,47.09416],[-113.78994,47.09416],[-113.79542,47.09696],[-113.79892,47.09615],[-113.80193,47.09652],[-113.80401,47.09762],[-113.80795,47.09657],[-113.81227,47.09429],[-113.81405,47.09412],[-113.81764,47.0925],[-113.82123,47.09152],[-113.82695,47.09138],[-113.83162,47.08882],[-113.83487,47.08818],[-113.83961,47.08837],[-113.84262,47.08907],[-113.84545,47.09268],[-113.84934,47.09164],[-113.85583,47.08857],[-113.85768,47.08491],[-113.8584,47.08203],[-113.86072,47.08192],[-113.8621,47.08299],[-113.86615,47.08352],[-113.86961,47.08525],[-113.87407,47.08873],[-113.87593,47.09192],[-113.88061,47.09274],[-113.88337,47.09568],[-113.89098,47.09727],[-113.89441,47.09652],[-113.8982,47.09889],[-113.90193,47.10169],[-113.90479,47.10262],[-113.91,47.10542],[-113.91388,47.10571],[-113.91637,47.10107],[-113.91808,47.09925],[-113.92425,47.09635],[-113.92263,47.09488],[-113.92405,47.09289],[-113.92511,47.08812],[-113.92972,47.0871],[-113.93379,47.08668],[-113.93595,47.08597],[-113.93648,47.08204],[-113.93819,47.07982],[-113.94236,47.0799],[-113.94624,47.08147],[-113.94967,47.08021],[-113.94985,47.07488],[-113.94837,47.07475],[-113.94909,47.06894],[-113.94997,47.06666],[-113.94893,47.06384],[-113.95269,47.06064],[-113.95524,47.05983],[-113.95818,47.05821],[-113.96097,47.05877],[-113.96817,47.05629],[-113.97189,47.05633],[-113.97465,47.05633],[-113.97665,47.05431],[-113.97983,47.05211],[-113.97937,47.05133],[-113.97919,47.05105],[-113.9792,47.0495],[-113.98324,47.04757],[-113.98412,47.04532],[-113.98572,47.04406],[-113.98622,47.04367],[-113.98683,47.04069],[-113.98782,47.03883],[-113.99016,47.03778],[-113.99399,47.038],[-113.99674,47.03866],[-114.00094,47.03775],[-114.00094,47.03849],[-114.00331,47.03815],[-114.00607,47.03689],[-114.01145,47.03306],[-114.01623,47.03173],[-114.01927,47.03053],[-114.02585,47.02641],[-114.02963,47.02327],[-114.03082,47.02178],[-114.03357,47.0156],[-114.03684,47.0112],[-114.03939,47.00876],[-114.04176,47.0076],[-114.04634,47.00627],[-114.04752,47.00537],[-114.05275,47.00505],[-114.05534,47.0041],[-114.06033,47.00443],[-114.06149,47.00421],[-114.0648,47.00449],[-114.06517,47.00686],[-114.06941,47.01073],[-114.06997,47.01185],[-114.07612,47.01512],[-114.07748,47.01161],[-114.08328,47.01119],[-114.08834,47.01334],[-114.09441,47.01454],[-114.09657,47.01596],[-114.08527,47.02037],[-114.083,47.02493],[-114.07684,47.03011],[-114.08135,47.03406],[-114.08573,47.03663],[-114.08992,47.03888],[-114.09745,47.04426],[-114.09688,47.04757],[-114.1007,47.04817],[-114.10689,47.05154],[-114.10913,47.05271],[-114.11056,47.05478],[-114.11575,47.05736],[-114.11941,47.05838],[-114.11998,47.0594],[-114.12595,47.06209],[-114.12595,47.0636],[-114.1298,47.06487],[-114.13307,47.06644],[-114.13557,47.07001],[-114.13963,47.07162],[-114.14008,47.0742],[-114.13379,47.07617],[-114.13051,47.07784],[-114.12781,47.07999],[-114.1252,47.08133],[-114.12394,47.08496],[-114.1219,47.08608],[-114.12192,47.08708],[-114.12668,47.09421],[-114.1276,47.09756],[-114.12807,47.10198],[-114.1268,47.10811],[-114.12697,47.11146],[-114.12594,47.11309],[-114.12189,47.11532],[-114.12156,47.11702],[-114.12391,47.1195],[-114.1293,47.12221],[-114.13231,47.12492],[-114.13134,47.13029],[-114.13244,47.13231],[-114.13899,47.1381],[-114.14043,47.13963],[-114.14257,47.14067],[-114.14793,47.14561],[-114.15029,47.1466],[-114.15365,47.14642],[-114.15663,47.14551],[-114.16029,47.14348],[-114.16444,47.1426],[-114.16612,47.14166],[-114.17255,47.13936],[-114.17493,47.13817],[-114.18717,47.13819],[-114.18955,47.13781],[-114.19161,47.13888],[-114.19436,47.13872],[-114.20016,47.13719],[-114.20147,47.13629],[-114.2062,47.13083],[-114.2085,47.1306],[-114.2121,47.12771],[-114.22192,47.13128],[-114.22381,47.13237],[-114.22805,47.13314],[-114.22928,47.13296],[-114.23483,47.13439],[-114.23609,47.1343],[-114.23935,47.13166],[-114.24338,47.12756],[-114.24753,47.12557],[-114.25042,47.12367],[-114.25358,47.12101],[-114.25448,47.12072],[-114.25998,47.12105],[-114.26114,47.1215],[-114.26415,47.12107],[-114.26626,47.12213],[-114.26917,47.12227],[-114.27051,47.12294],[-114.27312,47.12259],[-114.28173,47.12455],[-114.28378,47.12481],[-114.2869,47.12605],[-114.28948,47.1258],[-114.2926,47.12569],[-114.29269,47.12813],[-114.3026,47.13627],[-114.30963,47.13748],[-114.31332,47.13716],[-114.31646,47.13897],[-114.31952,47.14131],[-114.3231,47.14531],[-114.32857,47.1466],[-114.33158,47.14625],[-114.33308,47.14524],[-114.33418,47.14771],[-114.33589,47.14943],[-114.34362,47.15392],[-114.34441,47.15515],[-114.34849,47.15669],[-114.3526,47.1562],[-114.35592,47.1579],[-114.35398,47.16059],[-114.35378,47.16529],[-114.35214,47.16904],[-114.34637,47.16959],[-114.34297,47.17033],[-114.33887,47.17246],[-114.34065,47.17375],[-114.3444,47.17439],[-114.34611,47.17623],[-114.34646,47.1791],[-114.34754,47.18286],[-114.34902,47.18453],[-114.35197,47.18636],[-114.3528,47.19031],[-114.35384,47.191],[-114.35423,47.18919],[-114.36064,47.18712],[-114.36982,47.18854],[-114.37478,47.18811],[-114.37698,47.18987],[-114.37767,47.18917],[-114.38127,47.18805],[-114.38374,47.18968],[-114.38779,47.19316],[-114.39056,47.19452],[-114.39579,47.19624],[-114.39866,47.19614],[-114.40086,47.19694],[-114.40336,47.19684],[-114.40625,47.19936],[-114.40987,47.20061],[-114.41306,47.20283],[-114.41354,47.20397],[-114.41664,47.20465],[-114.41858,47.20702],[-114.42049,47.20778],[-114.42386,47.21009],[-114.42535,47.21027],[-114.43348,47.20956],[-114.43664,47.21125],[-114.44712,47.2104],[-114.44836,47.20931],[-114.45224,47.20814],[-114.45476,47.2082],[-114.45558,47.20906],[-114.45526,47.21175],[-114.45764,47.21392],[-114.45922,47.21513],[-114.46467,47.2174],[-114.46613,47.2187],[-114.46909,47.21934],[-114.474,47.21823],[-114.47563,47.21832],[-114.48108,47.22007],[-114.48509,47.22036],[-114.49132,47.22021],[-114.49336,47.21941],[-114.49535,47.22243],[-114.49806,47.2236],[-114.50152,47.22724],[-114.5087,47.22731],[-114.51238,47.22874],[-114.51712,47.23011],[-114.5189,47.23118],[-114.52013,47.23308],[-114.52259,47.2343],[-114.52322,47.2353],[-114.52828,47.23672],[-114.53096,47.23829],[-114.53233,47.24039],[-114.53724,47.23996],[-114.5427,47.23988],[-114.54348,47.24014],[-114.54727,47.24514],[-114.54805,47.24691],[-114.55036,47.24965],[-114.55036,47.25172],[-114.55285,47.25169],[-114.5568,47.25233],[-114.55955,47.25185],[-114.56183,47.25271],[-114.56374,47.25461],[-114.56813,47.25549],[-114.56936,47.25502],[-114.57501,47.25608],[-114.57892,47.25606],[-114.5807,47.25679],[-114.58591,47.25617],[-114.58974,47.25685],[-114.59346,47.25709],[-114.59731,47.25829],[-114.60191,47.26045],[-114.60581,47.26022],[-114.60975,47.26215],[-114.6166,47.26245],[-114.622,47.26444],[-114.62561,47.26525],[-114.62966,47.26697],[-114.63142,47.26846],[-114.63438,47.26751],[-114.63664,47.26593],[-114.63799,47.26681],[-114.6433,47.26797],[-114.64548,47.26815],[-114.64926,47.2698],[-114.65322,47.27053],[-114.65568,47.27032],[-114.66008,47.26888],[-114.66724,47.27033],[-114.67079,47.27192],[-114.67401,47.27253],[-114.67814,47.27283],[-114.68197,47.27248],[-114.68418,47.27375],[-114.68721,47.27434],[-114.68953,47.27749],[-114.69097,47.28356],[-114.69296,47.28749],[-114.69268,47.29225],[-114.68884,47.2982],[-114.68999,47.30319],[-114.6935,47.30887],[-114.69165,47.31275],[-114.68896,47.31538],[-114.68989,47.3172],[-114.69292,47.32113],[-114.69437,47.32462],[-114.69394,47.32931],[-114.69475,47.3335],[-114.69699,47.3383],[-114.7002,47.34062],[-114.70131,47.34306],[-114.70159,47.34488],[-114.70228,47.34916],[-114.70003,47.35216],[-114.69338,47.35799],[-114.69028,47.3621],[-114.6898,47.36689],[-114.68732,47.37512],[-114.69063,47.38271],[-114.69666,47.38557],[-114.70763,47.38872],[-114.69998,47.39838],[-114.69483,47.40098],[-114.69677,47.41405],[-114.6971,47.4183],[-114.69991,47.41941],[-114.70247,47.42104],[-114.70313,47.42232],[-114.70574,47.42456],[-114.70568,47.42552],[-114.70759,47.42777],[-114.70504,47.42836],[-114.70708,47.43132],[-114.70495,47.43323],[-114.70562,47.434],[-114.71258,47.43764],[-114.71396,47.44025],[-114.71623,47.44221],[-114.71826,47.44301],[-114.71966,47.44454],[-114.72047,47.44374],[-114.72261,47.44596],[-114.72481,47.44665],[-114.72564,47.44961],[-114.72703,47.45188],[-114.72791,47.45535],[-114.72925,47.45735],[-114.73013,47.46131],[-114.73,47.46267],[-114.73207,47.46491],[-114.73244,47.46867],[-114.73467,47.46967],[-114.73679,47.47537],[-114.73805,47.48058],[-114.74418,47.48588],[-114.74736,47.48746],[-114.75096,47.48742],[-114.75496,47.48824],[-114.76323,47.48814],[-114.7606,47.49467],[-114.76093,47.49723],[-114.76661,47.49994],[-114.77035,47.50474],[-114.77688,47.50957],[-114.78094,47.50987],[-114.78264,47.51106],[-114.7859,47.5118],[-114.7881,47.51293],[-114.78851,47.51454],[-114.78638,47.51758],[-114.78186,47.52069],[-114.78126,47.52156],[-114.77866,47.52463],[-114.77813,47.52598],[-114.77221,47.52972],[-114.77088,47.53146],[-114.77436,47.53504],[-114.77481,47.53737],[-114.77455,47.5402],[-114.77243,47.545],[-114.77173,47.55306],[-114.77234,47.55478],[-114.77448,47.55697],[-114.77297,47.5607],[-114.77379,47.56185],[-114.77307,47.56325],[-114.77101,47.5647],[-114.76904,47.56696],[-114.76618,47.57155],[-114.76586,47.57503],[-114.76713,47.58392],[-114.76689,47.58596],[-114.76479,47.58942],[-114.76413,47.59177],[-114.76502,47.59327],[-114.76514,47.59698],[-114.76411,47.59915],[-114.76429,47.60325],[-114.76313,47.60744],[-114.76428,47.60912],[-114.76383,47.61204],[-114.76115,47.61487],[-114.75994,47.61832],[-114.7572,47.62145],[-114.75602,47.62335],[-114.7525,47.62653],[-114.75096,47.6272],[-114.75003,47.62943],[-114.75278,47.63089],[-114.7537,47.6343],[-114.75384,47.64212],[-114.75443,47.64356],[-114.75674,47.64555],[-114.7586,47.64882],[-114.76277,47.65304],[-114.76287,47.65453],[-114.76136,47.6579],[-114.76198,47.65988],[-114.76371,47.66207],[-114.76634,47.66375],[-114.76415,47.66549],[-114.76374,47.66858],[-114.76413,47.67265],[-114.76353,47.67433],[-114.75885,47.67698],[-114.74651,47.68238],[-114.7426,47.68371],[-114.73934,47.68424],[-114.73509,47.68593],[-114.73361,47.68727],[-114.72412,47.69129],[-114.72299,47.69239],[-114.72239,47.69953],[-114.7214,47.70017],[-114.72138,47.70317],[-114.71963,47.70619],[-114.72066,47.70774],[-114.72646,47.71097],[-114.72851,47.71389],[-114.73019,47.7136],[-114.73051,47.71469],[-114.73399,47.71482],[-114.73627,47.71893],[-114.73408,47.72194],[-114.73328,47.72404],[-114.73402,47.72618],[-114.73605,47.72892],[-114.73962,47.73263],[-114.74111,47.73714],[-114.74677,47.74178],[-114.74736,47.74265],[-114.74627,47.74594],[-114.74558,47.74997],[-114.74672,47.75223],[-114.74907,47.75308],[-114.7507,47.75766],[-114.75227,47.75877],[-114.75378,47.76106],[-114.75721,47.76138],[-114.76179,47.76436],[-114.76402,47.76413],[-114.7671,47.76181],[-114.77082,47.76093],[-114.77603,47.75897],[-114.78135,47.76071],[-114.78682,47.76198],[-114.79398,47.7627],[-114.80189,47.76537],[-114.80557,47.76711],[-114.81173,47.76786],[-114.81298,47.7683],[-114.81712,47.77103],[-114.8206,47.77318],[-114.82398,47.77411],[-114.8286,47.7737],[-114.83104,47.77409],[-114.83179,47.77544],[-114.82952,47.77957],[-114.83007,47.78145],[-114.83287,47.78644],[-114.83492,47.78815],[-114.83771,47.78945],[-114.83876,47.79072],[-114.83866,47.79243],[-114.83425,47.79667],[-114.83223,47.80034],[-114.83054,47.80195],[-114.82563,47.80552],[-114.82628,47.80676],[-114.82515,47.80942],[-114.82167,47.81214],[-114.82014,47.81379],[-114.81767,47.81883],[-114.81573,47.81988],[-114.81359,47.82012],[-114.81145,47.82106],[-114.81016,47.82264],[-114.80794,47.82751],[-114.80561,47.82926],[-114.80338,47.83266],[-114.79921,47.83622],[-114.79354,47.83778],[-114.78787,47.83779],[-114.78742,47.83847],[-114.78852,47.84158],[-114.7876,47.84907],[-114.78839,47.85245],[-114.78968,47.85559],[-114.79202,47.85893],[-114.7947,47.86434],[-114.79417,47.86773],[-114.79469,47.86894],[-114.79805,47.86896],[-114.80311,47.87248],[-114.80815,47.87486],[-114.81058,47.87448],[-114.81526,47.87494],[-114.81868,47.87577],[-114.82885,47.87578],[-114.83206,47.87715],[-114.83395,47.87888],[-114.83535,47.87952],[-114.83791,47.88173],[-114.8408,47.88336],[-114.84344,47.88453],[-114.85092,47.88631],[-114.85145,47.88721],[-114.81989,47.8872]]]}},{"type":"Feature","properties":{"name":"Custer County Transit","boundary_type":"zone_approx","source":"Manual approximation","fidelity":"approximate","updated":"2026-09","units":"buffer 3.218 km @ Miles City city; clipped to Custer County","note":"Primary on-demand coverage is a 2-mile radius ('bubble') from downtown Miles City per the operator's own page (https://custercountymt.gov/services/custer-county-transit/); out-of-town trips elsewhere in Custer County are available but require 72-hour advance coordination, and weekly Billings trips are medical/airport-only, so the mapped zone shows the primary radius rather than the full county","confidence":0.85},"geometry":{"type":"Polygon","coordinates":[[[-105.79917,46.40046],[-105.79996,46.398],[-105.80106,46.39559],[-105.80246,46.39326],[-105.80415,46.39103],[-105.80611,46.3889],[-105.80834,46.3869],[-105.81081,46.38504],[-105.81351,46.38334],[-105.81641,46.3818],[-105.81949,46.38045],[-105.82274,46.37928],[-105.82612,46.37832],[-105.82961,46.37756],[-105.83318,46.37701],[-105.8368,46.37668],[-105.84046,46.37657],[-105.84411,46.37668],[-105.84774,46.37701],[-105.85131,46.37756],[-105.85479,46.37832],[-105.85817,46.37928],[-105.86142,46.38045],[-105.8645,46.3818],[-105.8674,46.38334],[-105.8701,46.38504],[-105.87257,46.3869],[-105.8748,46.3889],[-105.87676,46.39103],[-105.87845,46.39326],[-105.87985,46.39559],[-105.88095,46.398],[-105.88174,46.40046],[-105.88222,46.40296],[-105.88238,46.40548],[-105.88222,46.408],[-105.88174,46.4105],[-105.88095,46.41296],[-105.87985,46.41537],[-105.87845,46.4177],[-105.87676,46.41993],[-105.8748,46.42206],[-105.87257,46.42406],[-105.8701,46.42592],[-105.8674,46.42763],[-105.8645,46.42916],[-105.86142,46.43052],[-105.85817,46.43168],[-105.85479,46.43265],[-105.85131,46.4334],[-105.84774,46.43395],[-105.84411,46.43428],[-105.84046,46.43439],[-105.8368,46.43428],[-105.83318,46.43395],[-105.82961,46.4334],[-105.82612,46.43265],[-105.82274,46.43168],[-105.81949,46.43052],[-105.81641,46.42916],[-105.81351,46.42763],[-105.81081,46.42592],[-105.80834,46.42406],[-105.80611,46.42206],[-105.80415,46.41993],[-105.80246,46.4177],[-105.80106,46.41537],[-105.79996,46.41296],[-105.79917,46.4105],[-105.79869,46.408],[-105.79853,46.40548],[-105.79869,46.40296],[-105.79917,46.40046]]]}},{"type":"Feature","properties":{"name":"Dawson County Transit","boundary_type":"city","source":"Census TIGER place","fidelity":"exact","updated":"2026-09","units":"Glendive city","note":"Service hub is Glendive city; may include surrounding Dawson County areas","confidence":0.85},"geometry":{"type":"Polygon","coordinates":[[[-104.73433,47.10587],[-104.73444,47.10643],[-104.73383,47.10654],[-104.73392,47.10959],[-104.73288,47.1133],[-104.73071,47.11379],[-104.73068,47.11154],[-104.72483,47.11141],[-104.72721,47.11076],[-104.72828,47.10973],[-104.72472,47.10972],[-104.72507,47.10885],[-104.71924,47.10879],[-104.71793,47.1088],[-104.71469,47.11306],[-104.71216,47.11494],[-104.71029,47.1162],[-104.70616,47.1226],[-104.70282,47.12413],[-104.6991,47.12704],[-104.69782,47.13023],[-104.69552,47.13364],[-104.69234,47.13677],[-104.68996,47.13676],[-104.68781,47.13675],[-104.68782,47.13219],[-104.6834,47.13217],[-104.68457,47.13354],[-104.68076,47.13665],[-104.67889,47.13588],[-104.67812,47.13539],[-104.67664,47.13398],[-104.67654,47.13336],[-104.67694,47.13276],[-104.67843,47.13213],[-104.67979,47.13113],[-104.68018,47.13034],[-104.67963,47.12963],[-104.67949,47.12885],[-104.6799,47.12728],[-104.67732,47.12503],[-104.67734,47.12404],[-104.67735,47.12339],[-104.68661,47.12472],[-104.69021,47.12466],[-104.69304,47.1252],[-104.69321,47.1234],[-104.69551,47.12272],[-104.69321,47.12221],[-104.69322,47.12006],[-104.68789,47.11883],[-104.6879,47.11312],[-104.69323,47.1131],[-104.69323,47.10759],[-104.69857,47.10752],[-104.69857,47.10538],[-104.69857,47.10035],[-104.70319,47.10034],[-104.70319,47.09546],[-104.70521,47.09546],[-104.70522,47.09307],[-104.70924,47.09307],[-104.70925,47.09105],[-104.70628,47.09035],[-104.70579,47.0891],[-104.70925,47.08995],[-104.71824,47.08947],[-104.72291,47.08471],[-104.72294,47.08404],[-104.73036,47.08404],[-104.72891,47.08626],[-104.72238,47.09307],[-104.72443,47.09307],[-104.73049,47.09305],[-104.73052,47.09513],[-104.72632,47.09675],[-104.72046,47.09828],[-104.71875,47.10045],[-104.7187,47.10555],[-104.71981,47.10553],[-104.72309,47.10546],[-104.72394,47.10237],[-104.72611,47.10269],[-104.73217,47.10047],[-104.73384,47.10377],[-104.73405,47.10089],[-104.73687,47.10177],[-104.73938,47.10176],[-104.73957,47.1053],[-104.73433,47.10587]],[[-104.73076,47.10739],[-104.72764,47.1074],[-104.73152,47.10844],[-104.73068,47.11033],[-104.73232,47.11034],[-104.7323,47.10862],[-104.73314,47.10867],[-104.73267,47.10757],[-104.73076,47.10739]]]}},{"type":"Feature","properties":{"name":"Dillon City Bus","boundary_type":"buffered","source":"Census TIGER unit + service radius","fidelity":"approximate","updated":"2026-09","units":"Dillon city; +1.609 km radius","note":"Dillon city plus 1 mile beyond city limits per service area description","confidence":0.95},"geometry":{"type":"Polygon","coordinates":[[[-112.66507,45.22917],[-112.65565,45.23708],[-112.65251,45.23921],[-112.64888,45.24079],[-112.64632,45.24299],[-112.64308,45.24484],[-112.63938,45.24619],[-112.63536,45.24698],[-112.6312,45.24719],[-112.62793,45.24711],[-112.6258,45.24691],[-112.62305,45.24714],[-112.62212,45.24709],[-112.62097,45.24717],[-112.61028,45.24731],[-112.61027,45.24731],[-112.60636,45.24771],[-112.60241,45.24758],[-112.59858,45.24692],[-112.5977,45.24663],[-112.596,45.24629],[-112.59243,45.245],[-112.58928,45.24324],[-112.58668,45.24109],[-112.58472,45.23862],[-112.58348,45.23593],[-112.58301,45.23312],[-112.58298,45.23213],[-112.58331,45.22928],[-112.58442,45.22652],[-112.58629,45.22398],[-112.58882,45.22175],[-112.59194,45.21991],[-112.5955,45.21854],[-112.59938,45.21769],[-112.60112,45.21756],[-112.60112,45.2171],[-112.60112,45.21661],[-112.60127,45.2126],[-112.60172,45.20996],[-112.60284,45.20743],[-112.60459,45.20509],[-112.60633,45.20354],[-112.60762,45.20102],[-112.60961,45.19867],[-112.6122,45.19662],[-112.61529,45.19496],[-112.61877,45.19373],[-112.62251,45.19299],[-112.62411,45.19289],[-112.62653,45.19117],[-112.63006,45.18953],[-112.63399,45.18844],[-112.6349,45.18833],[-112.63756,45.18712],[-112.64171,45.18604],[-112.64609,45.18561],[-112.64903,45.18554],[-112.65315,45.18574],[-112.65712,45.18652],[-112.6608,45.18784],[-112.66402,45.18965],[-112.66666,45.19188],[-112.66862,45.19444],[-112.66981,45.19722],[-112.67019,45.20011],[-112.66974,45.203],[-112.66848,45.20577],[-112.6684,45.20591],[-112.66877,45.20622],[-112.67073,45.20873],[-112.67194,45.21146],[-112.67237,45.21431],[-112.6724,45.218],[-112.67205,45.22072],[-112.67099,45.22335],[-112.66924,45.22579],[-112.66687,45.22795],[-112.66529,45.22893],[-112.66507,45.22917]]]}},{"type":"Feature","properties":{"name":"Fallon County Council on Aging Transportation","boundary_type":"county","source":"Census TIGER county","fidelity":"exact","updated":"2026-09","units":"Fallon County","note":"Fallon County service open to all community members; Baker and Plevna are service points","confidence":0.85},"geometry":{"type":"Polygon","coordinates":[[[-104.73267,46.4822],[-104.73306,46.6127],[-104.73284,46.65626],[-104.60683,46.65597],[-104.60687,46.67038],[-104.6069,46.68492],[-104.418,46.68489],[-104.418,46.67043],[-104.3547,46.67038],[-104.35483,46.64141],[-104.11261,46.64162],[-104.11169,46.64156],[-104.04527,46.6415],[-104.04527,46.64145],[-104.04525,46.62943],[-104.0451,46.54086],[-104.04504,46.50979],[-104.0461,46.38392],[-104.04548,46.36691],[-104.04548,46.36687],[-104.04546,46.3419],[-104.04547,46.32455],[-104.04542,46.28008],[-104.04533,46.2059],[-104.04524,46.125],[-104.04576,46.12395],[-104.0458,46.11911],[-104.04682,46.0002],[-104.04544,45.94531],[-104.04403,45.88197],[-104.08298,45.88196],[-104.13483,45.88193],[-104.13484,45.96883],[-104.20391,45.96883],[-104.20391,45.96798],[-104.32799,45.96802],[-104.32806,45.9707],[-104.36956,45.97082],[-104.39088,45.97036],[-104.39074,46.05483],[-104.46638,46.0547],[-104.46975,46.05449],[-104.47297,46.05469],[-104.48293,46.05468],[-104.51608,46.05484],[-104.51611,46.09826],[-104.51613,46.1362],[-104.58452,46.136],[-104.58499,46.13602],[-104.88549,46.1366],[-104.88558,46.31335],[-104.90531,46.31333],[-104.90587,46.48082],[-104.90599,46.48225],[-104.73267,46.4822]]]}},{"type":"Feature","properties":{"name":"Fort Belknap Transit","boundary_type":"tribal","source":"Census TIGER AIANNH area","fidelity":"exact","updated":"2026-09","units":"Fort Belknap Reservation and Off-Reservation Trust Land","note":"Fort Belknap Indian Reservation (Blaine/Phillips counties, MT); tribal boundary aiannh='Fort Belknap' confirmed correct. CSV pin (48.5310,-108.7773) sits at/near Harlem, which is just NORTH of the Milk River \u2014 the reservation's natural north boundary \u2014 while the reservation's largest community, Fort Belknap Agency, is immediately south of the river; this places the pin ~3.6km outside the polygon even though the boundary match itself is correct. Likely a CSV geocoding issue (pin should be Fort Belknap Agency, not Harlem), not a spec error \u2014 see https://en.wikipedia.org/wiki/Fort_Belknap_Agency,_Montana and https://en.wikipedia.org/wiki/Fort_Belknap_Indian_Reservation.","confidence":0.9},"geometry":{"type":"MultiPolygon","coordinates":[[[[-108.87702,47.88532],[-108.88849,47.88525],[-108.88849,47.87061],[-108.89107,47.87061],[-108.8994,47.87058],[-108.89939,47.87386],[-108.90982,47.87378],[-108.90964,47.87923],[-108.90979,47.8851],[-108.90474,47.88517],[-108.90472,47.89606],[-108.89361,47.89599],[-108.89357,47.8996],[-108.91008,47.89928],[-108.90981,47.91399],[-108.88836,47.91419],[-108.88842,47.8997],[-108.87717,47.89975],[-108.87702,47.88532]]],[[[-108.93114,48.0009],[-108.93115,48.00452],[-108.9207,48.00443],[-108.9207,48.00106],[-108.91507,48.00106],[-108.91532,47.99305],[-108.9094,47.99305],[-108.9093,47.98676],[-108.93735,47.98657],[-108.93744,47.9931],[-108.92915,47.99311],[-108.92587,47.99313],[-108.92584,48.00091],[-108.93114,48.0009]]],[[[-108.9638,48.01545],[-108.95841,48.01546],[-108.95846,48.01184],[-108.97439,48.01183],[-108.97436,48.01544],[-108.975,48.01543],[-108.9791,48.0154],[-108.98021,48.01543],[-108.98017,48.0191],[-108.97448,48.01909],[-108.97446,48.02268],[-108.9637,48.02264],[-108.9638,48.01545]]],[[[-109.04945,48.02197],[-109.04882,48.03396],[-109.04358,48.03392],[-109.04398,48.03008],[-109.0281,48.03001],[-109.02822,48.01544],[-109.04819,48.01548],[-109.04962,48.0155],[-109.04961,48.01588],[-109.04952,48.0183],[-109.04427,48.01832],[-109.0441,48.02189],[-109.04945,48.02197]]],[[[-109.02216,48.06252],[-109.0275,48.06245],[-109.02757,48.05961],[-109.02235,48.05958],[-109.02238,48.05159],[-109.02751,48.05153],[-109.02749,48.04842],[-109.02418,48.04813],[-109.00072,48.04804],[-109.00072,48.04467],[-108.99597,48.04468],[-108.996,48.04809],[-108.98509,48.04807],[-108.98516,48.05178],[-108.97879,48.05177],[-108.97877,48.05925],[-108.97424,48.05924],[-108.97427,48.04473],[-108.99046,48.04467],[-108.9904,48.03712],[-108.99592,48.03711],[-108.99591,48.02996],[-109.00141,48.03018],[-109.0014,48.03286],[-109.00687,48.03295],[-109.00683,48.03995],[-109.0127,48.04],[-109.01271,48.0449],[-109.03321,48.04505],[-109.03326,48.03664],[-109.05301,48.03658],[-109.05285,48.0405],[-109.07651,48.04094],[-109.0821,48.04088],[-109.08169,48.04604],[-109.08162,48.06674],[-109.05226,48.06595],[-109.02219,48.06595],[-109.02216,48.06252]],[[-109.03879,48.06224],[-109.06029,48.06227],[-109.06026,48.04894],[-109.06589,48.04907],[-109.06584,48.04476],[-109.06052,48.0446],[-109.03882,48.04507],[-109.0388,48.05165],[-109.03879,48.06224]]],[[[-108.94681,48.13358],[-108.93084,48.13379],[-108.93097,48.12933],[-108.94165,48.12925],[-108.94172,48.1172],[-108.95241,48.1172],[-108.95243,48.1172],[-108.95242,48.11791],[-108.95214,48.12776],[-108.95242,48.13725],[-108.94679,48.13724],[-108.94681,48.13358]]],[[[-108.98489,48.15313],[-108.98072,48.15186],[-108.9739,48.15244],[-108.97397,48.16259],[-108.98493,48.16257],[-108.98492,48.16891],[-108.98491,48.1698],[-108.97568,48.16984],[-108.97399,48.16985],[-108.974,48.16613],[-108.9578,48.16612],[-108.95776,48.1626],[-108.95241,48.16259],[-108.95237,48.15537],[-108.94718,48.1554],[-108.94735,48.15178],[-108.94171,48.1519],[-108.9417,48.14821],[-108.93612,48.1482],[-108.93611,48.14457],[-108.95231,48.14452],[-108.95232,48.14811],[-108.99569,48.14819],[-108.99584,48.16267],[-108.99058,48.16269],[-108.99057,48.15555],[-108.98492,48.15558],[-108.98489,48.15313]]],[[[-108.97405,48.17348],[-108.98487,48.17338],[-108.98491,48.1698],[-108.99586,48.16982],[-108.99595,48.17719],[-108.98507,48.17726],[-108.98509,48.17931],[-108.98509,48.18073],[-108.97425,48.1808],[-108.97405,48.17348]]],[[[-109.07488,48.11335],[-109.05522,48.11363],[-109.0552,48.10947],[-109.04966,48.10953],[-109.04964,48.11699],[-109.04436,48.11681],[-109.04441,48.11351],[-109.034,48.11353],[-109.03406,48.11992],[-109.03871,48.11995],[-109.03874,48.12533],[-109.02304,48.12535],[-109.02306,48.12951],[-109.0174,48.12953],[-109.01737,48.12516],[-109.00548,48.12519],[-109.00577,48.12147],[-108.99062,48.1214],[-108.99057,48.12926],[-108.97926,48.12923],[-108.97944,48.12145],[-108.97403,48.12146],[-108.97404,48.10986],[-108.96871,48.10994],[-108.96872,48.10286],[-108.96322,48.10288],[-108.96316,48.1138],[-108.96866,48.11376],[-108.96864,48.11719],[-108.95243,48.1172],[-108.95265,48.10291],[-108.94188,48.10286],[-108.9419,48.09932],[-108.93633,48.09937],[-108.93633,48.10623],[-108.93095,48.10623],[-108.93109,48.09905],[-108.91981,48.09897],[-108.91463,48.0991],[-108.91469,48.12087],[-108.91998,48.12082],[-108.92007,48.13365],[-108.90912,48.13366],[-108.90952,48.14132],[-108.91953,48.1405],[-108.91943,48.14318],[-108.9197,48.1549],[-108.92578,48.15484],[-108.9258,48.15806],[-108.93069,48.15797],[-108.93081,48.16264],[-108.92713,48.16244],[-108.91748,48.1627],[-108.89823,48.1627],[-108.8984,48.17733],[-108.88746,48.17751],[-108.88757,48.19168],[-108.89674,48.19182],[-108.90874,48.19165],[-108.90886,48.19866],[-108.88763,48.19855],[-108.88781,48.21957],[-108.88784,48.22406],[-108.88773,48.22395],[-108.88809,48.2686],[-108.88868,48.37299],[-108.88888,48.37501],[-108.88887,48.39459],[-108.8888,48.39459],[-108.88885,48.438],[-108.88887,48.45244],[-108.88879,48.46326],[-108.88813,48.53582],[-108.88573,48.53582],[-108.88346,48.53758],[-108.88279,48.53918],[-108.88054,48.53921],[-108.87999,48.53807],[-108.87841,48.53815],[-108.87847,48.53917],[-108.8764,48.54111],[-108.87664,48.54201],[-108.87886,48.54286],[-108.87797,48.54358],[-108.87519,48.54423],[-108.87135,48.54411],[-108.8711,48.54332],[-108.8741,48.54332],[-108.87533,48.54271],[-108.87402,48.54009],[-108.87226,48.53972],[-108.87197,48.53687],[-108.87273,48.53586],[-108.87527,48.53602],[-108.8756,48.53468],[-108.87474,48.53366],[-108.87235,48.53439],[-108.86844,48.53289],[-108.86193,48.53211],[-108.86163,48.53134],[-108.86375,48.52982],[-108.86368,48.52792],[-108.86499,48.52616],[-108.86665,48.52538],[-108.86558,48.52443],[-108.86136,48.52531],[-108.85625,48.52475],[-108.85453,48.52369],[-108.85504,48.52227],[-108.85437,48.51951],[-108.85482,48.51891],[-108.85844,48.51774],[-108.85974,48.51822],[-108.86168,48.51699],[-108.86254,48.51554],[-108.86167,48.51399],[-108.8604,48.51342],[-108.85829,48.51384],[-108.85539,48.51511],[-108.8459,48.51317],[-108.84116,48.51428],[-108.83967,48.51398],[-108.83816,48.51259],[-108.83745,48.51072],[-108.83908,48.50986],[-108.84016,48.50835],[-108.83913,48.50693],[-108.8373,48.507],[-108.835,48.50828],[-108.83202,48.50685],[-108.8316,48.50468],[-108.83049,48.50392],[-108.82691,48.50442],[-108.82253,48.508],[-108.81957,48.50811],[-108.81823,48.50719],[-108.821,48.50491],[-108.81897,48.50365],[-108.81595,48.50313],[-108.81679,48.50049],[-108.81643,48.49929],[-108.81398,48.4984],[-108.80891,48.49995],[-108.80353,48.50042],[-108.80002,48.50118],[-108.79541,48.50292],[-108.79382,48.5032],[-108.79308,48.50247],[-108.79407,48.50097],[-108.79551,48.50026],[-108.79781,48.49708],[-108.80228,48.4937],[-108.80339,48.49173],[-108.79969,48.49069],[-108.79701,48.49094],[-108.79064,48.48859],[-108.78982,48.48945],[-108.79028,48.49127],[-108.78579,48.49284],[-108.78401,48.4928],[-108.78268,48.49041],[-108.7812,48.4889],[-108.77955,48.48546],[-108.77682,48.48677],[-108.77645,48.48994],[-108.77545,48.49145],[-108.77264,48.49247],[-108.77316,48.48633],[-108.77,48.48561],[-108.76792,48.48584],[-108.76001,48.48893],[-108.75917,48.48952],[-108.75558,48.49129],[-108.75405,48.49113],[-108.75333,48.49319],[-108.7507,48.49366],[-108.74871,48.49268],[-108.74759,48.49023],[-108.74315,48.48711],[-108.74117,48.48707],[-108.74007,48.48881],[-108.73932,48.49174],[-108.73983,48.49396],[-108.73802,48.49465],[-108.73667,48.49283],[-108.73488,48.49174],[-108.73478,48.49026],[-108.73725,48.48864],[-108.73715,48.48754],[-108.73411,48.48587],[-108.73246,48.48607],[-108.73288,48.48989],[-108.73063,48.49451],[-108.72853,48.49697],[-108.72703,48.49727],[-108.7266,48.49685],[-108.72635,48.49277],[-108.72481,48.49011],[-108.7169,48.48628],[-108.71358,48.48548],[-108.71234,48.48598],[-108.71387,48.48779],[-108.71302,48.4914],[-108.714,48.49239],[-108.71591,48.4925],[-108.72005,48.49377],[-108.72097,48.49448],[-108.7177,48.49645],[-108.71396,48.49801],[-108.71566,48.49902],[-108.71761,48.49861],[-108.72005,48.49901],[-108.72196,48.50048],[-108.72,48.5014],[-108.71571,48.50125],[-108.71159,48.49835],[-108.7072,48.49677],[-108.70044,48.49324],[-108.69733,48.49241],[-108.69348,48.49195],[-108.6919,48.49059],[-108.69259,48.48986],[-108.69596,48.48857],[-108.69728,48.48751],[-108.69754,48.48583],[-108.69635,48.48454],[-108.69476,48.48412],[-108.69263,48.48451],[-108.69014,48.48723],[-108.68876,48.48605],[-108.69094,48.48318],[-108.69105,48.47988],[-108.69033,48.47915],[-108.68881,48.4789],[-108.6851,48.48111],[-108.68151,48.48047],[-108.6798,48.47851],[-108.67806,48.47788],[-108.67471,48.47794],[-108.67191,48.47615],[-108.67094,48.47442],[-108.66994,48.47479],[-108.66993,48.47903],[-108.66908,48.48097],[-108.66721,48.48188],[-108.66487,48.48142],[-108.66601,48.48317],[-108.66574,48.48488],[-108.66188,48.48638],[-108.65816,48.48243],[-108.65567,48.4819],[-108.65376,48.48262],[-108.65457,48.48499],[-108.65471,48.48871],[-108.65192,48.49052],[-108.64718,48.48992],[-108.6381,48.48614],[-108.63306,48.48492],[-108.63111,48.48372],[-108.63045,48.48237],[-108.63189,48.481],[-108.63397,48.48139],[-108.6347,48.48241],[-108.63657,48.48201],[-108.63727,48.48094],[-108.63515,48.47891],[-108.63247,48.47877],[-108.63009,48.47686],[-108.62794,48.47665],[-108.62864,48.47174],[-108.62782,48.46982],[-108.62573,48.46959],[-108.62044,48.4738],[-108.62001,48.47544],[-108.62057,48.47768],[-108.61946,48.4783],[-108.61646,48.47819],[-108.61514,48.47709],[-108.61504,48.47417],[-108.61361,48.47274],[-108.61221,48.47294],[-108.61106,48.47601],[-108.60892,48.47745],[-108.60616,48.47604],[-108.60532,48.47277],[-108.60568,48.47129],[-108.60705,48.46992],[-108.60719,48.46865],[-108.60335,48.4683],[-108.60252,48.46914],[-108.60271,48.47075],[-108.60194,48.47405],[-108.60008,48.47822],[-108.59696,48.48023],[-108.59246,48.47913],[-108.5901,48.47911],[-108.58869,48.47815],[-108.59081,48.47657],[-108.59104,48.47538],[-108.58815,48.47425],[-108.58475,48.4765],[-108.58416,48.47777],[-108.58193,48.47906],[-108.57769,48.47888],[-108.57344,48.47817],[-108.57559,48.48129],[-108.57553,48.48321],[-108.57226,48.48489],[-108.57085,48.48371],[-108.57096,48.48024],[-108.56457,48.47836],[-108.56085,48.47766],[-108.56119,48.47662],[-108.56406,48.47591],[-108.56434,48.47498],[-108.56222,48.47448],[-108.55748,48.47603],[-108.55632,48.47403],[-108.55755,48.47289],[-108.55845,48.47118],[-108.55634,48.47109],[-108.5521,48.47371],[-108.55047,48.47352],[-108.549,48.47238],[-108.54876,48.47034],[-108.55384,48.47004],[-108.55646,48.47037],[-108.55821,48.46927],[-108.5574,48.46685],[-108.5578,48.46473],[-108.55879,48.46437],[-108.56056,48.46459],[-108.56176,48.46576],[-108.56198,48.4678],[-108.56294,48.46871],[-108.56424,48.46784],[-108.56423,48.46664],[-108.56299,48.46545],[-108.5623,48.46139],[-108.56066,48.46102],[-108.55824,48.46158],[-108.55634,48.46102],[-108.55703,48.4596],[-108.55941,48.45949],[-108.56152,48.45878],[-108.56187,48.45754],[-108.56049,48.45664],[-108.55632,48.45574],[-108.55337,48.4559],[-108.5496,48.45471],[-108.5481,48.45276],[-108.54937,48.45084],[-108.54743,48.4494],[-108.54506,48.45041],[-108.5404,48.44858],[-108.53983,48.44659],[-108.54246,48.44693],[-108.54531,48.44621],[-108.54655,48.44348],[-108.54503,48.44216],[-108.54262,48.44319],[-108.54153,48.44204],[-108.54201,48.44072],[-108.54407,48.43899],[-108.54352,48.43787],[-108.54173,48.43784],[-108.54014,48.4359],[-108.53914,48.43569],[-108.5352,48.43697],[-108.53402,48.43807],[-108.53863,48.44009],[-108.53761,48.44147],[-108.53311,48.44114],[-108.53055,48.4398],[-108.52914,48.44018],[-108.52867,48.44168],[-108.52665,48.44259],[-108.51979,48.44389],[-108.51767,48.44398],[-108.51695,48.44319],[-108.51903,48.44167],[-108.52241,48.44022],[-108.52217,48.43828],[-108.51765,48.43755],[-108.51665,48.43797],[-108.5159,48.44205],[-108.51356,48.44245],[-108.51157,48.44139],[-108.51048,48.43989],[-108.50942,48.43686],[-108.50762,48.43365],[-108.50618,48.43229],[-108.5072,48.43053],[-108.50993,48.43025],[-108.50953,48.42909],[-108.50672,48.42856],[-108.50265,48.4267],[-108.49996,48.42606],[-108.49761,48.42631],[-108.49507,48.42855],[-108.49634,48.42946],[-108.5007,48.42935],[-108.50071,48.43323],[-108.49693,48.43421],[-108.49527,48.43384],[-108.49373,48.43076],[-108.49047,48.43141],[-108.48877,48.43096],[-108.48533,48.42809],[-108.48565,48.42746],[-108.48851,48.42772],[-108.49312,48.4269],[-108.49418,48.42515],[-108.48995,48.4226],[-108.48334,48.42081],[-108.48245,48.4231],[-108.47795,48.42483],[-108.47572,48.42629],[-108.47326,48.42936],[-108.47079,48.42901],[-108.47086,48.42683],[-108.47355,48.42498],[-108.4745,48.42358],[-108.47334,48.42145],[-108.47309,48.41656],[-108.47226,48.41489],[-108.46916,48.41438],[-108.46841,48.41575],[-108.46915,48.4171],[-108.46913,48.42153],[-108.46758,48.42291],[-108.46405,48.42352],[-108.46287,48.42487],[-108.46419,48.42677],[-108.46284,48.4281],[-108.46145,48.42764],[-108.45733,48.42215],[-108.44865,48.41374],[-108.44707,48.4129],[-108.4458,48.41318],[-108.44477,48.41492],[-108.43897,48.41895],[-108.43873,48.4196],[-108.43986,48.4205],[-108.44533,48.42135],[-108.4465,48.4219],[-108.44672,48.42374],[-108.44352,48.42607],[-108.44258,48.42856],[-108.4406,48.42907],[-108.43874,48.42781],[-108.43364,48.42604],[-108.43133,48.42667],[-108.43371,48.43144],[-108.43399,48.43265],[-108.4323,48.43312],[-108.43005,48.43084],[-108.42865,48.43029],[-108.427,48.43139],[-108.42581,48.43458],[-108.42584,48.43587],[-108.42703,48.43696],[-108.4287,48.44005],[-108.42538,48.44083],[-108.42493,48.44371],[-108.42306,48.44476],[-108.42023,48.44386],[-108.41948,48.44124],[-108.41809,48.44127],[-108.41529,48.44444],[-108.41353,48.44517],[-108.41119,48.44498],[-108.40963,48.44527],[-108.40884,48.44652],[-108.41037,48.44848],[-108.40856,48.44829],[-108.40643,48.44666],[-108.40647,48.44578],[-108.40445,48.44373],[-108.40203,48.44368],[-108.39919,48.44543],[-108.39801,48.44508],[-108.39792,48.44393],[-108.39915,48.4428],[-108.40493,48.44195],[-108.40485,48.44077],[-108.39846,48.43863],[-108.39327,48.43777],[-108.39344,48.44164],[-108.39234,48.44252],[-108.3881,48.44107],[-108.3867,48.44009],[-108.38572,48.43822],[-108.38401,48.43782],[-108.38146,48.43968],[-108.38155,48.44178],[-108.38057,48.44245],[-108.37754,48.44233],[-108.3758,48.44087],[-108.37652,48.43943],[-108.37637,48.43737],[-108.37417,48.43644],[-108.37318,48.43716],[-108.37111,48.44117],[-108.36821,48.44143],[-108.36521,48.43875],[-108.35957,48.439],[-108.35962,48.43694],[-108.36217,48.43562],[-108.36523,48.43538],[-108.36827,48.43209],[-108.36758,48.43092],[-108.36393,48.43132],[-108.36186,48.43073],[-108.36108,48.42968],[-108.35912,48.42911],[-108.35703,48.43039],[-108.35614,48.43243],[-108.35425,48.43256],[-108.35272,48.43052],[-108.35369,48.42805],[-108.35169,48.42757],[-108.34833,48.42902],[-108.34656,48.42805],[-108.34814,48.42624],[-108.34809,48.42405],[-108.34629,48.4228],[-108.34393,48.42002],[-108.34253,48.41987],[-108.34077,48.42068],[-108.3399,48.42361],[-108.33827,48.42538],[-108.33575,48.42584],[-108.33427,48.42533],[-108.33316,48.42616],[-108.33268,48.42868],[-108.33058,48.42946],[-108.32795,48.42839],[-108.32737,48.42719],[-108.32704,48.42265],[-108.32784,48.42146],[-108.33005,48.42074],[-108.32993,48.41901],[-108.32859,48.41767],[-108.3258,48.41642],[-108.32114,48.41645],[-108.31641,48.41817],[-108.31492,48.41662],[-108.31568,48.41511],[-108.31653,48.41132],[-108.31615,48.41045],[-108.31245,48.41096],[-108.31007,48.41181],[-108.30754,48.41114],[-108.30639,48.40929],[-108.3051,48.40846],[-108.30139,48.40783],[-108.29826,48.40635],[-108.29593,48.40407],[-108.29359,48.40246],[-108.29074,48.40051],[-108.28938,48.39819],[-108.29154,48.39789],[-108.29983,48.39967],[-108.30059,48.39911],[-108.30013,48.39634],[-108.29732,48.39532],[-108.29785,48.3918],[-108.29396,48.39073],[-108.29035,48.39144],[-108.28776,48.38916],[-108.28362,48.3867],[-108.28097,48.38642],[-108.28838,48.34353],[-108.28854,48.34003],[-108.30902,48.22042],[-108.32409,48.13138],[-108.32568,48.12504],[-108.32531,48.12297],[-108.32853,48.10793],[-108.33872,48.04556],[-108.34636,48.00052],[-108.36115,47.91453],[-108.36102,47.91393],[-108.36511,47.88841],[-108.38007,47.88392],[-108.38301,47.88558],[-108.38518,47.88616],[-108.39001,47.88576],[-108.39216,47.88305],[-108.39781,47.8839],[-108.40006,47.88346],[-108.40139,47.88407],[-108.40309,47.8862],[-108.40319,47.88753],[-108.40581,47.88824],[-108.40856,47.88721],[-108.41033,47.88844],[-108.41511,47.88935],[-108.41641,47.89049],[-108.4204,47.89169],[-108.42404,47.89152],[-108.4252,47.89091],[-108.42816,47.89137],[-108.42937,47.89216],[-108.43584,47.89355],[-108.43693,47.89478],[-108.44375,47.8964],[-108.44726,47.89513],[-108.44747,47.89395],[-108.44934,47.89422],[-108.45261,47.89353],[-108.45615,47.89398],[-108.4618,47.89898],[-108.46454,47.89964],[-108.46829,47.90126],[-108.4698,47.90395],[-108.47473,47.90939],[-108.47847,47.91053],[-108.48316,47.91259],[-108.48664,47.91633],[-108.48764,47.91856],[-108.48428,47.91978],[-108.48268,47.92149],[-108.48442,47.92231],[-108.48477,47.92358],[-108.4877,47.92525],[-108.49119,47.92581],[-108.49252,47.92827],[-108.49485,47.92858],[-108.5007,47.92973],[-108.50133,47.93041],[-108.45265,47.97654],[-108.45192,47.97722],[-108.56956,47.98127],[-108.57177,47.98187],[-108.57419,47.98327],[-108.5795,47.98469],[-108.58165,47.98445],[-108.58754,47.98659],[-108.59279,47.98965],[-108.59715,47.99175],[-108.5978,47.99192],[-108.604,47.99108],[-108.60758,47.991],[-108.62011,47.96402],[-108.62326,47.95724],[-108.62559,47.92041],[-108.63114,47.92143],[-108.63757,47.92287],[-108.63909,47.92064],[-108.64774,47.92078],[-108.65613,47.91998],[-108.65788,47.92316],[-108.66083,47.92484],[-108.66213,47.92497],[-108.66473,47.92339],[-108.66528,47.92207],[-108.66675,47.92274],[-108.67082,47.92274],[-108.67169,47.92326],[-108.88535,47.92273],[-108.88536,47.92479],[-108.88539,47.92842],[-108.88551,48.01731],[-108.88551,48.02635],[-108.89334,48.02636],[-108.89333,48.02278],[-108.90411,48.02275],[-108.90413,48.0336],[-108.89339,48.03364],[-108.89329,48.03757],[-108.88555,48.03756],[-108.88559,48.04839],[-108.89193,48.04837],[-108.89191,48.04475],[-108.8979,48.04471],[-108.89797,48.05192],[-108.90948,48.05195],[-108.90963,48.03369],[-108.92035,48.0337],[-108.92047,48.03002],[-108.926,48.02999],[-108.92568,48.04825],[-108.93657,48.04834],[-108.93644,48.05189],[-108.9471,48.05193],[-108.94712,48.04467],[-108.95275,48.04471],[-108.95249,48.05917],[-108.97424,48.05924],[-108.97425,48.06649],[-108.97882,48.06652],[-108.97877,48.05925],[-108.99016,48.05932],[-108.98997,48.06636],[-108.98481,48.06635],[-108.98482,48.07002],[-108.99599,48.06997],[-108.99597,48.07373],[-109.02213,48.07375],[-109.02225,48.08128],[-109.02729,48.08127],[-109.02739,48.07756],[-109.03942,48.07757],[-109.03933,48.0808],[-109.06045,48.08082],[-109.06028,48.08722],[-109.06025,48.10247],[-109.0689,48.10253],[-109.06882,48.0956],[-109.07569,48.09571],[-109.07577,48.09872],[-109.08124,48.0988],[-109.0816,48.12118],[-109.07138,48.12113],[-109.0691,48.12113],[-109.06901,48.1169],[-109.07487,48.11674],[-109.07488,48.11335]],[[-108.9828,48.07003],[-108.97418,48.07008],[-108.97422,48.07375],[-108.96854,48.07374],[-108.9686,48.08068],[-108.95795,48.08064],[-108.95792,48.0771],[-108.95256,48.07705],[-108.95249,48.07008],[-108.96882,48.07002],[-108.9689,48.0666],[-108.94721,48.06659],[-108.94722,48.06282],[-108.93639,48.06281],[-108.93646,48.05918],[-108.93102,48.0592],[-108.931,48.07012],[-108.93629,48.07015],[-108.93635,48.08106],[-108.94184,48.08103],[-108.94179,48.08458],[-108.9365,48.08458],[-108.93652,48.08815],[-108.92023,48.08813],[-108.92014,48.09527],[-108.92541,48.09531],[-108.92541,48.09166],[-108.93087,48.09165],[-108.93082,48.0954],[-108.94714,48.09541],[-108.94713,48.09917],[-108.95249,48.09916],[-108.95244,48.08821],[-108.97963,48.08822],[-108.97957,48.07371],[-108.98478,48.07373],[-108.98481,48.07031],[-108.98482,48.07002],[-108.9828,48.07003]],[[-109.0387,48.08807],[-109.03666,48.08794],[-109.01749,48.08792],[-109.01719,48.10242],[-109.03874,48.10247],[-109.0387,48.08807]],[[-109.00655,48.10264],[-109.00704,48.08822],[-108.99567,48.08817],[-108.99514,48.10238],[-108.99512,48.10354],[-108.99905,48.10298],[-109.00655,48.10264]],[[-108.99591,48.10622],[-108.99021,48.10626],[-108.99022,48.11253],[-108.99022,48.11355],[-108.9957,48.11349],[-108.99591,48.10622]],[[-108.92019,48.08111],[-108.92017,48.08453],[-108.9255,48.08443],[-108.92551,48.08109],[-108.92019,48.08111]],[[-108.90934,48.08806],[-108.88562,48.08799],[-108.88564,48.10256],[-108.89787,48.10254],[-108.90933,48.10283],[-108.90934,48.08806]],[[-108.90387,48.1099],[-108.90389,48.11355],[-108.90932,48.11357],[-108.90929,48.10985],[-108.90387,48.1099]],[[-108.90313,48.12511],[-108.89842,48.12514],[-108.89672,48.12532],[-108.89678,48.13098],[-108.90326,48.13104],[-108.90313,48.12511]],[[-108.88714,48.13211],[-108.88715,48.13377],[-108.89848,48.13375],[-108.89851,48.13146],[-108.88714,48.13211]]]]}},{"type":"Feature","properties":{"name":"Fort Peck Transit","boundary_type":"tribal","source":"Census TIGER AIANNH area","fidelity":"exact","updated":"2026-09","units":"Fort Peck Indian Reservation and Off-Reservation Trust Land","note":"Service on Fort Peck Indian Reservation serving reservation communities","confidence":0.9},"geometry":{"type":"MultiPolygon","coordinates":[[[[-104.42766,48.10289],[-104.43321,48.10287],[-104.43321,48.10654],[-104.42766,48.10654],[-104.42766,48.10289]]],[[[-106.4006,48.2446],[-106.40605,48.2446],[-106.40605,48.24734],[-106.40605,48.24807],[-106.4006,48.24807],[-106.4006,48.2446]]],[[[-106.44931,48.63567],[-106.44746,48.63567],[-106.43823,48.63564],[-106.41738,48.63469],[-106.28289,48.63402],[-106.02098,48.63192],[-106.02098,48.63284],[-106.00064,48.63284],[-105.79934,48.63168],[-105.5005,48.63095],[-105.49723,48.63074],[-105.47952,48.63082],[-105.47573,48.63063],[-105.46504,48.63064],[-105.4617,48.63073],[-105.45959,48.63066],[-105.45884,48.6304],[-105.45341,48.63045],[-105.43182,48.63067],[-105.38258,48.63055],[-105.37674,48.63032],[-105.36863,48.63102],[-105.25054,48.63079],[-105.23531,48.63171],[-105.18185,48.63157],[-105.16166,48.63153],[-105.15542,48.63135],[-105.02144,48.63181],[-105.01652,48.63213],[-105.00594,48.63218],[-105.00053,48.63284],[-104.97335,48.63289],[-104.847,48.63309],[-104.84588,48.63304],[-104.8424,48.63311],[-104.8417,48.63307],[-104.75057,48.6334],[-104.74659,48.63376],[-104.6057,48.63423],[-104.60183,48.63443],[-104.4493,48.63503],[-104.44731,48.63503],[-104.44782,48.63394],[-104.44975,48.63328],[-104.44962,48.63156],[-104.44779,48.63002],[-104.44859,48.62876],[-104.45179,48.62857],[-104.45218,48.62641],[-104.45097,48.62442],[-104.45305,48.62287],[-104.45514,48.62206],[-104.45416,48.61949],[-104.4563,48.61825],[-104.45756,48.61525],[-104.45708,48.61435],[-104.45443,48.6153],[-104.45349,48.61473],[-104.4524,48.61131],[-104.45278,48.61008],[-104.45364,48.60923],[-104.4565,48.6094],[-104.45596,48.60785],[-104.45694,48.60759],[-104.4596,48.60925],[-104.46082,48.60838],[-104.45633,48.60509],[-104.45821,48.60395],[-104.46065,48.60407],[-104.46119,48.60338],[-104.45973,48.60086],[-104.46209,48.5998],[-104.46446,48.59981],[-104.46368,48.5977],[-104.46452,48.59488],[-104.46306,48.59463],[-104.46055,48.59522],[-104.45978,48.5936],[-104.4602,48.5926],[-104.46284,48.59163],[-104.46238,48.58928],[-104.46355,48.58904],[-104.46635,48.58996],[-104.46643,48.58906],[-104.46486,48.58706],[-104.46669,48.58597],[-104.46474,48.5852],[-104.4651,48.58438],[-104.46765,48.58358],[-104.4669,48.58058],[-104.46791,48.57996],[-104.47094,48.58036],[-104.4727,48.57994],[-104.47096,48.57758],[-104.47222,48.57706],[-104.4751,48.5777],[-104.47724,48.57656],[-104.4768,48.57471],[-104.47755,48.5738],[-104.47912,48.57384],[-104.47895,48.57202],[-104.47995,48.56998],[-104.48246,48.5702],[-104.4817,48.56811],[-104.48329,48.56578],[-104.48492,48.56506],[-104.48436,48.56336],[-104.48542,48.5624],[-104.48766,48.56286],[-104.48846,48.56235],[-104.48908,48.56002],[-104.49049,48.55771],[-104.4894,48.55586],[-104.48974,48.5536],[-104.49098,48.55266],[-104.49257,48.55293],[-104.49327,48.55455],[-104.49529,48.55542],[-104.49598,48.55495],[-104.49678,48.55219],[-104.49484,48.54977],[-104.4967,48.54867],[-104.49842,48.54881],[-104.50006,48.55012],[-104.50116,48.54972],[-104.50193,48.54758],[-104.505,48.54717],[-104.50572,48.54507],[-104.50348,48.54391],[-104.50348,48.543],[-104.5071,48.5427],[-104.50794,48.54217],[-104.50731,48.54028],[-104.50556,48.53842],[-104.50899,48.53783],[-104.51034,48.53818],[-104.51048,48.54155],[-104.51363,48.5417],[-104.51518,48.54128],[-104.51371,48.53853],[-104.51518,48.53805],[-104.51781,48.53879],[-104.5189,48.53751],[-104.51716,48.53661],[-104.51729,48.53564],[-104.5217,48.53486],[-104.52298,48.53671],[-104.52642,48.53693],[-104.52715,48.53618],[-104.52599,48.53426],[-104.52684,48.53342],[-104.52897,48.53391],[-104.53006,48.53529],[-104.53088,48.5332],[-104.52834,48.53101],[-104.52611,48.53071],[-104.52725,48.52968],[-104.52956,48.5292],[-104.53179,48.52992],[-104.53415,48.52883],[-104.53864,48.52964],[-104.53899,48.52886],[-104.53495,48.52664],[-104.53506,48.52592],[-104.53766,48.52575],[-104.54033,48.52751],[-104.54456,48.52443],[-104.54107,48.52299],[-104.53975,48.52148],[-104.53765,48.52367],[-104.53455,48.52367],[-104.53562,48.52018],[-104.53874,48.5209],[-104.54121,48.51946],[-104.54286,48.52203],[-104.5459,48.52153],[-104.54689,48.51779],[-104.54388,48.51719],[-104.54351,48.51535],[-104.54554,48.51521],[-104.54797,48.51641],[-104.54915,48.51631],[-104.54967,48.51219],[-104.54682,48.51226],[-104.54862,48.51095],[-104.55114,48.51074],[-104.55148,48.51247],[-104.55299,48.51263],[-104.55365,48.51085],[-104.55305,48.50937],[-104.55145,48.50814],[-104.55062,48.50623],[-104.55139,48.50551],[-104.55467,48.50692],[-104.55499,48.5083],[-104.55602,48.50784],[-104.55516,48.50519],[-104.55567,48.50366],[-104.55475,48.50352],[-104.55274,48.50498],[-104.55166,48.50394],[-104.5498,48.50498],[-104.54902,48.5042],[-104.54973,48.50162],[-104.55165,48.50115],[-104.55042,48.4998],[-104.55333,48.49731],[-104.55267,48.49607],[-104.55124,48.49688],[-104.54984,48.4992],[-104.54845,48.49927],[-104.54699,48.49823],[-104.54831,48.49492],[-104.55085,48.49383],[-104.55258,48.49504],[-104.55342,48.49293],[-104.55094,48.49247],[-104.55171,48.49017],[-104.55281,48.48944],[-104.55444,48.49144],[-104.556,48.49214],[-104.55538,48.49343],[-104.55669,48.49385],[-104.55769,48.49291],[-104.55433,48.48988],[-104.55408,48.48875],[-104.55515,48.48767],[-104.55694,48.4875],[-104.55853,48.48918],[-104.5629,48.48906],[-104.56038,48.48701],[-104.56029,48.48555],[-104.55813,48.48579],[-104.55742,48.48344],[-104.55851,48.48284],[-104.5613,48.48346],[-104.56259,48.48225],[-104.56054,48.48094],[-104.56379,48.48143],[-104.56379,48.48031],[-104.56137,48.47949],[-104.55957,48.48041],[-104.55836,48.48009],[-104.5595,48.47815],[-104.56316,48.47879],[-104.56351,48.47743],[-104.56204,48.47646],[-104.55961,48.47609],[-104.56036,48.47377],[-104.55938,48.47322],[-104.55786,48.47425],[-104.55662,48.47335],[-104.55739,48.47234],[-104.56109,48.47185],[-104.56191,48.47124],[-104.56039,48.46994],[-104.56285,48.46875],[-104.56027,48.46674],[-104.55859,48.46741],[-104.55856,48.46567],[-104.55634,48.46476],[-104.5563,48.4631],[-104.5582,48.46261],[-104.56099,48.46288],[-104.56391,48.46187],[-104.56387,48.4604],[-104.56233,48.45986],[-104.56091,48.4606],[-104.56026,48.45942],[-104.56139,48.4577],[-104.56349,48.45748],[-104.55989,48.45678],[-104.5583,48.45831],[-104.55684,48.45736],[-104.55734,48.45608],[-104.56002,48.45493],[-104.56265,48.45508],[-104.56286,48.4536],[-104.56167,48.45277],[-104.55933,48.45343],[-104.55834,48.45472],[-104.5545,48.45599],[-104.55477,48.4542],[-104.55656,48.45346],[-104.56039,48.45061],[-104.55965,48.44941],[-104.55498,48.44972],[-104.55354,48.44843],[-104.55121,48.44884],[-104.55127,48.44762],[-104.55396,48.44564],[-104.5542,48.44488],[-104.551,48.4427],[-104.55064,48.4414],[-104.55179,48.44066],[-104.55638,48.43483],[-104.55604,48.43336],[-104.55369,48.4326],[-104.55395,48.4315],[-104.55263,48.42936],[-104.55326,48.42699],[-104.55528,48.42548],[-104.55683,48.4231],[-104.56233,48.42325],[-104.56408,48.42382],[-104.56313,48.42144],[-104.56282,48.41895],[-104.56351,48.41786],[-104.56512,48.41771],[-104.56509,48.41663],[-104.56299,48.41517],[-104.56339,48.41358],[-104.56599,48.41282],[-104.56616,48.4106],[-104.56773,48.40896],[-104.57042,48.40904],[-104.57023,48.40614],[-104.57498,48.40593],[-104.57521,48.40412],[-104.57393,48.40294],[-104.57494,48.40101],[-104.57447,48.39946],[-104.57559,48.39809],[-104.57222,48.39624],[-104.57203,48.39521],[-104.57424,48.39382],[-104.57573,48.3919],[-104.57875,48.39117],[-104.57904,48.38936],[-104.57884,48.38887],[-104.5804,48.38597],[-104.57995,48.38411],[-104.58301,48.38327],[-104.58329,48.38047],[-104.58499,48.37932],[-104.58891,48.37849],[-104.58938,48.37782],[-104.59026,48.37331],[-104.59178,48.37267],[-104.59108,48.37189],[-104.58909,48.3721],[-104.58845,48.37008],[-104.58614,48.37074],[-104.5842,48.3683],[-104.58684,48.36678],[-104.58555,48.36453],[-104.58786,48.36286],[-104.58765,48.35974],[-104.59034,48.35781],[-104.5882,48.35638],[-104.58949,48.35339],[-104.58796,48.35104],[-104.58635,48.35038],[-104.5875,48.34739],[-104.58648,48.34641],[-104.5838,48.34546],[-104.58465,48.34105],[-104.58713,48.34117],[-104.58848,48.3397],[-104.58979,48.34124],[-104.5927,48.34352],[-104.59863,48.34224],[-104.60016,48.34295],[-104.60356,48.34195],[-104.60521,48.34301],[-104.60724,48.34315],[-104.61025,48.34223],[-104.61199,48.34114],[-104.61408,48.34237],[-104.61491,48.34182],[-104.61303,48.33926],[-104.61489,48.33834],[-104.61288,48.3372],[-104.61075,48.33772],[-104.605,48.33685],[-104.60164,48.33685],[-104.59905,48.33585],[-104.5995,48.33413],[-104.59745,48.33192],[-104.59977,48.33066],[-104.6004,48.32922],[-104.60286,48.32982],[-104.60235,48.32616],[-104.60507,48.32522],[-104.60569,48.32413],[-104.61079,48.3249],[-104.61454,48.32361],[-104.61658,48.32205],[-104.61916,48.31883],[-104.62098,48.31918],[-104.6218,48.32084],[-104.62399,48.32124],[-104.6229,48.32243],[-104.62379,48.32305],[-104.62999,48.32222],[-104.63128,48.32364],[-104.6324,48.32358],[-104.63402,48.3219],[-104.63036,48.31852],[-104.6318,48.31714],[-104.63392,48.31666],[-104.63286,48.3145],[-104.63375,48.31356],[-104.63702,48.31449],[-104.63682,48.31554],[-104.63818,48.31617],[-104.64145,48.31551],[-104.64013,48.31377],[-104.63658,48.31228],[-104.63719,48.3112],[-104.64026,48.31066],[-104.64137,48.31095],[-104.64084,48.31278],[-104.64407,48.31395],[-104.64524,48.31338],[-104.6448,48.31118],[-104.64613,48.30959],[-104.64815,48.3097],[-104.65091,48.30891],[-104.65074,48.30765],[-104.65315,48.30593],[-104.65294,48.30394],[-104.65473,48.30257],[-104.6579,48.30252],[-104.65908,48.30246],[-104.66216,48.30086],[-104.66101,48.29988],[-104.66121,48.2984],[-104.66443,48.29857],[-104.66766,48.29736],[-104.66891,48.2978],[-104.67042,48.29949],[-104.672,48.29815],[-104.67462,48.29697],[-104.67456,48.29519],[-104.67685,48.29425],[-104.67887,48.29494],[-104.67907,48.29697],[-104.67782,48.29961],[-104.67888,48.30001],[-104.68227,48.29776],[-104.68353,48.2982],[-104.68283,48.29968],[-104.68286,48.30251],[-104.68535,48.30253],[-104.68889,48.30032],[-104.68902,48.29953],[-104.68703,48.29882],[-104.68661,48.29775],[-104.68769,48.29634],[-104.69092,48.29696],[-104.69179,48.29492],[-104.69112,48.29411],[-104.68873,48.29522],[-104.68711,48.29522],[-104.68705,48.29416],[-104.6895,48.29236],[-104.69385,48.29127],[-104.6956,48.28987],[-104.69688,48.2902],[-104.69715,48.29191],[-104.69831,48.2922],[-104.70014,48.2903],[-104.6982,48.28739],[-104.69934,48.28622],[-104.70212,48.28564],[-104.70477,48.28404],[-104.70821,48.28326],[-104.70891,48.28251],[-104.71289,48.28099],[-104.71724,48.27755],[-104.72112,48.27287],[-104.72189,48.27112],[-104.72073,48.2705],[-104.72179,48.26954],[-104.72104,48.26835],[-104.72192,48.26691],[-104.72138,48.26604],[-104.72308,48.26373],[-104.72366,48.26182],[-104.72514,48.26029],[-104.72369,48.25759],[-104.72224,48.25737],[-104.72076,48.25852],[-104.72061,48.25648],[-104.72193,48.25523],[-104.72165,48.2544],[-104.71925,48.25321],[-104.71938,48.25146],[-104.71722,48.24887],[-104.71704,48.24775],[-104.71537,48.24731],[-104.71103,48.2475],[-104.71102,48.24682],[-104.71135,48.24557],[-104.71271,48.24534],[-104.71202,48.24352],[-104.71465,48.24268],[-104.7134,48.23972],[-104.7136,48.23875],[-104.71642,48.23721],[-104.71621,48.23519],[-104.71765,48.23371],[-104.72068,48.23407],[-104.72221,48.23293],[-104.72174,48.23221],[-104.71941,48.2321],[-104.71796,48.23081],[-104.71228,48.22931],[-104.70973,48.22751],[-104.70797,48.22715],[-104.70615,48.22838],[-104.70615,48.22958],[-104.70856,48.23179],[-104.70843,48.23291],[-104.7058,48.23386],[-104.70363,48.23352],[-104.70257,48.23294],[-104.70033,48.23007],[-104.70034,48.22896],[-104.70287,48.22771],[-104.70564,48.22479],[-104.70134,48.22395],[-104.69716,48.22042],[-104.69404,48.21993],[-104.69284,48.21925],[-104.68991,48.21574],[-104.68633,48.21537],[-104.68516,48.2143],[-104.68525,48.21218],[-104.68342,48.2104],[-104.67833,48.21071],[-104.67749,48.20974],[-104.67788,48.20784],[-104.67974,48.20701],[-104.67824,48.20542],[-104.67507,48.20536],[-104.674,48.20392],[-104.67596,48.20259],[-104.67506,48.2012],[-104.67296,48.20074],[-104.66734,48.19739],[-104.66283,48.1968],[-104.66067,48.19605],[-104.66252,48.19376],[-104.66393,48.19316],[-104.66968,48.19389],[-104.67129,48.19728],[-104.6731,48.19709],[-104.67366,48.19589],[-104.67251,48.19328],[-104.67036,48.19335],[-104.66868,48.19148],[-104.66765,48.18907],[-104.66544,48.18767],[-104.66193,48.18782],[-104.6594,48.18849],[-104.65791,48.18822],[-104.65708,48.18674],[-104.65846,48.18522],[-104.6614,48.18444],[-104.66362,48.18274],[-104.66116,48.18056],[-104.65794,48.18009],[-104.65731,48.17884],[-104.66021,48.17748],[-104.66021,48.17684],[-104.65673,48.1742],[-104.65349,48.17285],[-104.65581,48.17089],[-104.65314,48.16805],[-104.65071,48.16703],[-104.64836,48.16725],[-104.64633,48.16915],[-104.64559,48.16794],[-104.64363,48.1672],[-104.64196,48.16764],[-104.64124,48.16965],[-104.64289,48.17192],[-104.64271,48.17349],[-104.64056,48.17433],[-104.63894,48.1762],[-104.64049,48.17755],[-104.64322,48.17692],[-104.64381,48.17828],[-104.64149,48.17852],[-104.63958,48.17775],[-104.63781,48.17933],[-104.63682,48.17908],[-104.63548,48.17742],[-104.63629,48.17534],[-104.63518,48.17419],[-104.6357,48.17284],[-104.63787,48.17276],[-104.63858,48.17199],[-104.63796,48.17034],[-104.63354,48.16761],[-104.63143,48.16801],[-104.62818,48.17105],[-104.62629,48.17039],[-104.62508,48.1684],[-104.62624,48.16698],[-104.62984,48.16724],[-104.63076,48.16633],[-104.62986,48.16505],[-104.62665,48.16342],[-104.62731,48.16225],[-104.62659,48.16062],[-104.62404,48.15815],[-104.62451,48.15709],[-104.62744,48.15626],[-104.62787,48.15553],[-104.62495,48.15425],[-104.62184,48.15448],[-104.61897,48.15651],[-104.61937,48.15901],[-104.61318,48.1598],[-104.61203,48.15969],[-104.61072,48.15823],[-104.6115,48.15659],[-104.60989,48.15508],[-104.61371,48.15144],[-104.61741,48.15097],[-104.61656,48.14931],[-104.61351,48.14872],[-104.61028,48.14975],[-104.60758,48.15241],[-104.60479,48.1527],[-104.60345,48.15046],[-104.59403,48.15046],[-104.59403,48.14324],[-104.6056,48.14324],[-104.60563,48.14631],[-104.61156,48.14728],[-104.61359,48.14636],[-104.61348,48.14264],[-104.60975,48.14112],[-104.60938,48.13624],[-104.61033,48.13379],[-104.61912,48.13008],[-104.62438,48.12994],[-104.62669,48.12949],[-104.62916,48.1274],[-104.62931,48.12614],[-104.62764,48.12328],[-104.62075,48.11934],[-104.61985,48.11785],[-104.61994,48.11617],[-104.6213,48.11459],[-104.6261,48.11196],[-104.63045,48.11119],[-104.63434,48.11089],[-104.63653,48.11131],[-104.63928,48.11112],[-104.64739,48.10815],[-104.65224,48.10736],[-104.65975,48.10711],[-104.66559,48.10606],[-104.66973,48.10422],[-104.67195,48.10367],[-104.67734,48.10298],[-104.68163,48.10332],[-104.68327,48.1052],[-104.68257,48.10731],[-104.68324,48.11109],[-104.68415,48.1133],[-104.68676,48.11557],[-104.6904,48.1167],[-104.69407,48.11698],[-104.69792,48.11882],[-104.70431,48.11943],[-104.71024,48.11941],[-104.71431,48.11893],[-104.71672,48.11778],[-104.71974,48.11493],[-104.72386,48.11345],[-104.73351,48.11313],[-104.73639,48.11243],[-104.74101,48.11059],[-104.74544,48.11029],[-104.74764,48.11145],[-104.74965,48.11374],[-104.74979,48.1149],[-104.75135,48.11616],[-104.76073,48.12638],[-104.76459,48.12828],[-104.77114,48.12984],[-104.7802,48.12855],[-104.7846,48.12824],[-104.78922,48.12826],[-104.79582,48.12662],[-104.79878,48.12545],[-104.80299,48.12502],[-104.80472,48.12412],[-104.81152,48.12319],[-104.81667,48.12012],[-104.81961,48.11928],[-104.82258,48.11894],[-104.82701,48.11948],[-104.83603,48.12018],[-104.83906,48.12066],[-104.84242,48.12156],[-104.84805,48.12387],[-104.85305,48.12502],[-104.85634,48.12727],[-104.86222,48.13067],[-104.86599,48.13584],[-104.86786,48.13802],[-104.86947,48.14086],[-104.87189,48.14383],[-104.87457,48.14485],[-104.87655,48.14637],[-104.87864,48.14798],[-104.88204,48.14937],[-104.89201,48.15055],[-104.89845,48.14932],[-104.90288,48.14708],[-104.91036,48.14568],[-104.91513,48.14406],[-104.91924,48.13987],[-104.92219,48.13787],[-104.923,48.13619],[-104.92323,48.1326],[-104.92395,48.12925],[-104.92534,48.12534],[-104.92451,48.12387],[-104.92475,48.12164],[-104.92438,48.11712],[-104.92512,48.11252],[-104.92584,48.11048],[-104.93009,48.10786],[-104.93255,48.10489],[-104.93516,48.10021],[-104.93535,48.09997],[-104.93825,48.09585],[-104.9422,48.0936],[-104.94457,48.09339],[-104.94732,48.0942],[-104.95497,48.09869],[-104.95739,48.0991],[-104.96272,48.09925],[-104.97052,48.10171],[-104.97406,48.10331],[-104.9795,48.10294],[-104.98359,48.10158],[-104.98367,48.09924],[-104.97852,48.09377],[-104.97567,48.08999],[-104.97465,48.08635],[-104.97481,48.08447],[-104.97597,48.08192],[-104.97902,48.07668],[-104.98142,48.07462],[-104.98215,48.07268],[-104.98697,48.06862],[-104.99035,48.06645],[-104.99342,48.0657],[-104.99557,48.06582],[-104.99837,48.06709],[-104.99934,48.06895],[-104.99933,48.07118],[-104.99643,48.07385],[-104.99383,48.07686],[-104.99249,48.08069],[-104.99369,48.08307],[-104.99569,48.08467],[-105.00053,48.08604],[-105.00622,48.08537],[-105.00766,48.08453],[-105.01105,48.08142],[-105.0139,48.07735],[-105.01472,48.07516],[-105.01333,48.0729],[-105.01384,48.06933],[-105.01479,48.06862],[-105.01938,48.06674],[-105.02539,48.06544],[-105.03233,48.06443],[-105.03497,48.0644],[-105.03709,48.06342],[-105.04064,48.06073],[-105.04126,48.05971],[-105.04138,48.05477],[-105.04356,48.05356],[-105.0518,48.05618],[-105.05278,48.0581],[-105.05294,48.05924],[-105.05287,48.06116],[-105.05187,48.06453],[-105.04855,48.07082],[-105.04913,48.07293],[-105.05042,48.07462],[-105.05322,48.07633],[-105.05716,48.07767],[-105.06107,48.07807],[-105.06451,48.07777],[-105.06772,48.07658],[-105.07136,48.07458],[-105.08487,48.0643],[-105.08747,48.06305],[-105.09576,48.06066],[-105.10168,48.06041],[-105.11522,48.05902],[-105.11682,48.0591],[-105.11912,48.0596],[-105.11967,48.06045],[-105.11791,48.06261],[-105.11611,48.06354],[-105.1111,48.06508],[-105.10913,48.06664],[-105.10784,48.06857],[-105.10798,48.07381],[-105.10941,48.07643],[-105.11323,48.07838],[-105.11773,48.07865],[-105.12056,48.07834],[-105.12713,48.0754],[-105.13162,48.07406],[-105.13813,48.07327],[-105.14233,48.07299],[-105.14604,48.07383],[-105.14932,48.07379],[-105.15116,48.07432],[-105.15602,48.07687],[-105.16134,48.07788],[-105.16423,48.07934],[-105.16908,48.08025],[-105.17337,48.08185],[-105.17499,48.0833],[-105.17658,48.08616],[-105.17639,48.08848],[-105.17355,48.09267],[-105.17142,48.09461],[-105.16923,48.09497],[-105.16719,48.09649],[-105.16768,48.09781],[-105.1723,48.10167],[-105.17314,48.10212],[-105.17427,48.10271],[-105.17772,48.1031],[-105.18111,48.10133],[-105.18213,48.09974],[-105.18286,48.09769],[-105.18241,48.09004],[-105.18131,48.08297],[-105.18157,48.07974],[-105.18586,48.07286],[-105.18643,48.07091],[-105.18763,48.06954],[-105.1932,48.06685],[-105.19478,48.06662],[-105.20509,48.06615],[-105.20862,48.06378],[-105.21087,48.06325],[-105.21759,48.06375],[-105.21869,48.0641],[-105.22194,48.06687],[-105.2242,48.07139],[-105.22294,48.07414],[-105.22049,48.07714],[-105.21893,48.08146],[-105.21955,48.08239],[-105.22487,48.08501],[-105.22899,48.08928],[-105.22998,48.08982],[-105.23183,48.09014],[-105.23807,48.09034],[-105.24245,48.09075],[-105.24418,48.0897],[-105.25054,48.08904],[-105.25507,48.08955],[-105.26053,48.08944],[-105.26255,48.08906],[-105.26745,48.08698],[-105.27557,48.08466],[-105.27885,48.0841],[-105.28745,48.08408],[-105.29119,48.08306],[-105.30319,48.08023],[-105.31291,48.07907],[-105.31756,48.07902],[-105.32119,48.07962],[-105.32395,48.08057],[-105.32547,48.08225],[-105.32461,48.08822],[-105.32711,48.0905],[-105.3313,48.09264],[-105.34107,48.0949],[-105.34575,48.0945],[-105.35159,48.09218],[-105.36004,48.08947],[-105.36453,48.08875],[-105.3669,48.08898],[-105.37554,48.09057],[-105.37989,48.09217],[-105.38352,48.09293],[-105.39011,48.09304],[-105.39518,48.09238],[-105.39696,48.09184],[-105.40556,48.09224],[-105.4106,48.09219],[-105.419,48.09266],[-105.42702,48.09224],[-105.43109,48.08968],[-105.4336,48.08928],[-105.43849,48.08975],[-105.4421,48.08936],[-105.44747,48.08959],[-105.45258,48.08941],[-105.45494,48.08954],[-105.45969,48.09122],[-105.46285,48.0929],[-105.46546,48.09363],[-105.47057,48.09396],[-105.47751,48.09254],[-105.48227,48.0911],[-105.48685,48.09112],[-105.49219,48.09296],[-105.49393,48.09595],[-105.49804,48.0979],[-105.50319,48.09779],[-105.50735,48.09705],[-105.50887,48.09627],[-105.51337,48.09277],[-105.5152,48.09171],[-105.51858,48.08826],[-105.51996,48.08514],[-105.5204,48.08105],[-105.52232,48.07872],[-105.5227,48.07579],[-105.52368,48.07432],[-105.52816,48.07022],[-105.53113,48.06803],[-105.53541,48.06645],[-105.53873,48.06602],[-105.54048,48.06644],[-105.5436,48.06868],[-105.55083,48.07143],[-105.55502,48.0736],[-105.55701,48.07596],[-105.561,48.07852],[-105.56359,48.08142],[-105.56848,48.08355],[-105.57207,48.08296],[-105.57579,48.08135],[-105.58169,48.08003],[-105.58488,48.07983],[-105.59242,48.08155],[-105.59503,48.08178],[-105.60266,48.07993],[-105.60721,48.07826],[-105.6112,48.07558],[-105.6175,48.07327],[-105.61992,48.07319],[-105.62308,48.07394],[-105.62735,48.07583],[-105.63001,48.07619],[-105.63631,48.07613],[-105.64398,48.07704],[-105.64794,48.0773],[-105.65072,48.07635],[-105.65314,48.0733],[-105.65157,48.07075],[-105.64946,48.06942],[-105.64255,48.06767],[-105.63965,48.066],[-105.63864,48.05904],[-105.64012,48.05705],[-105.64057,48.05514],[-105.64344,48.0511],[-105.6459,48.04908],[-105.65151,48.0465],[-105.66129,48.04575],[-105.66254,48.04629],[-105.66386,48.04832],[-105.6645,48.0535],[-105.6662,48.05705],[-105.67128,48.05942],[-105.67386,48.05954],[-105.68002,48.05909],[-105.68204,48.05855],[-105.68851,48.05565],[-105.69454,48.05354],[-105.69721,48.05123],[-105.70117,48.0491],[-105.70549,48.04533],[-105.70724,48.04135],[-105.71064,48.03753],[-105.7172,48.03338],[-105.7208,48.03195],[-105.72858,48.03165],[-105.7386,48.03063],[-105.74245,48.02906],[-105.74608,48.02679],[-105.75056,48.0254],[-105.75611,48.02585],[-105.76056,48.02702],[-105.76376,48.0289],[-105.76545,48.03063],[-105.76753,48.03764],[-105.7669,48.04156],[-105.7674,48.04317],[-105.77064,48.04729],[-105.77204,48.04816],[-105.77446,48.04834],[-105.77643,48.0479],[-105.7778,48.04716],[-105.78188,48.04255],[-105.78218,48.03887],[-105.78132,48.03567],[-105.78111,48.03252],[-105.78235,48.02715],[-105.78628,48.02256],[-105.79011,48.02272],[-105.79573,48.02507],[-105.80015,48.02554],[-105.80453,48.02532],[-105.80888,48.02473],[-105.81425,48.0235],[-105.81736,48.02255],[-105.823,48.02034],[-105.82616,48.01836],[-105.82804,48.0167],[-105.83473,48.01339],[-105.84073,48.01117],[-105.84389,48.01029],[-105.84391,48.01028],[-105.85198,48.00852],[-105.85539,48.00841],[-105.85702,48.0094],[-105.85754,48.01203],[-105.85883,48.01402],[-105.86079,48.01535],[-105.86434,48.01694],[-105.87327,48.01977],[-105.87724,48.02144],[-105.881,48.02402],[-105.88177,48.02514],[-105.88453,48.0342],[-105.88719,48.03669],[-105.89028,48.03754],[-105.89462,48.03818],[-105.89663,48.03768],[-105.89867,48.03592],[-105.89928,48.03422],[-105.89789,48.02722],[-105.89757,48.02337],[-105.89765,48.01989],[-105.89649,48.01436],[-105.89754,48.01108],[-105.89945,48.00903],[-105.90286,48.00706],[-105.90706,48.00561],[-105.91202,48.00445],[-105.91659,48.00384],[-105.91955,48.0039],[-105.92412,48.00573],[-105.92712,48.00834],[-105.93148,48.01127],[-105.93523,48.01334],[-105.93837,48.01423],[-105.94206,48.01474],[-105.94823,48.01438],[-105.95184,48.01344],[-105.95544,48.01386],[-105.96162,48.01378],[-105.96548,48.01423],[-105.9746,48.01586],[-105.97693,48.01668],[-105.98218,48.01904],[-105.98453,48.02072],[-105.98791,48.02522],[-105.98951,48.02651],[-105.99494,48.02912],[-105.99923,48.03145],[-106.00387,48.03329],[-106.00618,48.03369],[-106.01737,48.03363],[-106.01923,48.03291],[-106.02155,48.03093],[-106.02404,48.02807],[-106.0251,48.02609],[-106.02316,48.02223],[-106.01445,48.01646],[-106.01205,48.01617],[-106.01128,48.01477],[-106.01114,48.01125],[-106.0144,48.00648],[-106.01668,48.00525],[-106.02025,48.00451],[-106.02629,48.00404],[-106.02937,48.00406],[-106.03203,48.00474],[-106.03713,48.00727],[-106.04182,48.00771],[-106.04412,48.00847],[-106.04584,48.01054],[-106.04753,48.01678],[-106.04869,48.01967],[-106.05208,48.02359],[-106.05419,48.02514],[-106.05826,48.02891],[-106.06624,48.03285],[-106.06892,48.03381],[-106.0717,48.03455],[-106.07915,48.03554],[-106.08252,48.03547],[-106.08574,48.03471],[-106.08824,48.03313],[-106.08873,48.02998],[-106.08783,48.02861],[-106.08482,48.02571],[-106.08448,48.0227],[-106.08563,48.02043],[-106.08729,48.01843],[-106.09118,48.01515],[-106.09554,48.01058],[-106.10258,48.00766],[-106.11281,48.00522],[-106.11988,48.00407],[-106.12558,48.00474],[-106.13168,48.00592],[-106.14195,48.00641],[-106.1452,48.0075],[-106.14569,48.00954],[-106.143,48.01276],[-106.14068,48.01419],[-106.13627,48.01567],[-106.13495,48.01659],[-106.12804,48.01879],[-106.12449,48.02146],[-106.12287,48.02416],[-106.1222,48.02711],[-106.12271,48.02824],[-106.12615,48.03098],[-106.12941,48.03225],[-106.13186,48.03249],[-106.13658,48.03199],[-106.1403,48.03095],[-106.14579,48.02984],[-106.15072,48.03103],[-106.15458,48.03055],[-106.15726,48.03059],[-106.16572,48.02935],[-106.16746,48.02944],[-106.17198,48.02804],[-106.1753,48.0278],[-106.18082,48.02946],[-106.18942,48.02909],[-106.19971,48.02715],[-106.20414,48.02654],[-106.21058,48.02661],[-106.21269,48.02628],[-106.22174,48.02661],[-106.2293,48.02642],[-106.23483,48.02719],[-106.2448,48.02994],[-106.24749,48.03225],[-106.25365,48.03563],[-106.26161,48.03841],[-106.26425,48.04011],[-106.26961,48.04477],[-106.27248,48.04611],[-106.2756,48.04658],[-106.282,48.04626],[-106.28555,48.0453],[-106.28979,48.0413],[-106.29331,48.04042],[-106.29672,48.04053],[-106.30097,48.04138],[-106.3032,48.04354],[-106.30324,48.04554],[-106.30531,48.05009],[-106.30777,48.05223],[-106.31354,48.05489],[-106.31871,48.05553],[-106.31853,48.05972],[-106.31614,48.06196],[-106.31244,48.06251],[-106.30729,48.06098],[-106.30304,48.06093],[-106.30147,48.06163],[-106.30012,48.06359],[-106.30234,48.06766],[-106.30228,48.06878],[-106.30031,48.07069],[-106.29888,48.07114],[-106.29572,48.06974],[-106.29642,48.06641],[-106.29609,48.06495],[-106.29448,48.06402],[-106.29161,48.06455],[-106.2864,48.06655],[-106.28055,48.06754],[-106.27791,48.06948],[-106.27813,48.07163],[-106.2824,48.07516],[-106.28313,48.07618],[-106.28324,48.07836],[-106.2825,48.07957],[-106.27862,48.08036],[-106.27584,48.0802],[-106.2687,48.07919],[-106.26284,48.08013],[-106.25935,48.08154],[-106.25375,48.08225],[-106.25222,48.08272],[-106.24997,48.08486],[-106.24992,48.08581],[-106.25154,48.08762],[-106.25417,48.0879],[-106.25872,48.08603],[-106.26389,48.08627],[-106.26666,48.08541],[-106.26929,48.08297],[-106.27251,48.08181],[-106.27845,48.08346],[-106.28177,48.08415],[-106.28359,48.08568],[-106.28345,48.08715],[-106.27962,48.08912],[-106.27243,48.09013],[-106.2702,48.09089],[-106.26601,48.0932],[-106.26457,48.09482],[-106.26455,48.09666],[-106.26916,48.09977],[-106.2722,48.1],[-106.27475,48.09929],[-106.27686,48.09764],[-106.27567,48.09512],[-106.27563,48.09356],[-106.2775,48.09185],[-106.27932,48.09149],[-106.28155,48.09198],[-106.28396,48.09425],[-106.28565,48.09475],[-106.29083,48.09512],[-106.2939,48.09659],[-106.29419,48.0978],[-106.29304,48.09939],[-106.28826,48.09765],[-106.2869,48.09759],[-106.28451,48.09905],[-106.28434,48.09969],[-106.28773,48.10291],[-106.28765,48.10451],[-106.28411,48.10721],[-106.28406,48.11017],[-106.28477,48.11192],[-106.288,48.11384],[-106.28967,48.11429],[-106.29149,48.11372],[-106.29156,48.11211],[-106.28835,48.10981],[-106.28741,48.108],[-106.28765,48.10599],[-106.28869,48.10535],[-106.29086,48.10507],[-106.29259,48.10599],[-106.29331,48.10897],[-106.29472,48.11001],[-106.3013,48.10954],[-106.3027,48.11085],[-106.3027,48.11218],[-106.29912,48.11697],[-106.29993,48.11813],[-106.30222,48.11932],[-106.30644,48.11953],[-106.30965,48.11785],[-106.30879,48.11578],[-106.30736,48.11453],[-106.30648,48.11195],[-106.3076,48.11059],[-106.31161,48.11055],[-106.31418,48.11192],[-106.31425,48.11439],[-106.31541,48.11616],[-106.31794,48.11674],[-106.32159,48.11561],[-106.32246,48.11412],[-106.32182,48.11158],[-106.32445,48.11019],[-106.32927,48.10963],[-106.3303,48.10983],[-106.33172,48.11071],[-106.33131,48.1135],[-106.33341,48.11607],[-106.33733,48.11721],[-106.33726,48.11918],[-106.33593,48.11929],[-106.33591,48.12076],[-106.34088,48.12121],[-106.33939,48.12324],[-106.34026,48.12456],[-106.34309,48.12394],[-106.34586,48.12468],[-106.34514,48.12575],[-106.34363,48.12541],[-106.33939,48.12564],[-106.3369,48.12425],[-106.33641,48.12584],[-106.32888,48.1301],[-106.32588,48.13085],[-106.32509,48.13248],[-106.32499,48.13348],[-106.32882,48.13655],[-106.33051,48.13616],[-106.33336,48.13709],[-106.3343,48.13556],[-106.33707,48.13521],[-106.33788,48.13611],[-106.33581,48.13724],[-106.33548,48.13912],[-106.33681,48.13793],[-106.33832,48.13885],[-106.3415,48.13825],[-106.34341,48.13659],[-106.34554,48.13698],[-106.34326,48.13875],[-106.34298,48.14093],[-106.34453,48.14247],[-106.34632,48.1413],[-106.34572,48.13999],[-106.34693,48.14105],[-106.35021,48.14128],[-106.35358,48.14249],[-106.35536,48.14474],[-106.35867,48.14406],[-106.36027,48.14502],[-106.36468,48.14518],[-106.3637,48.14643],[-106.36473,48.14811],[-106.36713,48.14756],[-106.36742,48.14839],[-106.3647,48.15001],[-106.36584,48.15123],[-106.36511,48.15215],[-106.36709,48.15193],[-106.36899,48.15464],[-106.37092,48.15625],[-106.37321,48.15524],[-106.37598,48.15643],[-106.37646,48.15869],[-106.37559,48.16012],[-106.37906,48.16001],[-106.37882,48.16139],[-106.37648,48.1635],[-106.37915,48.16435],[-106.38117,48.16567],[-106.37912,48.1667],[-106.37831,48.16842],[-106.37929,48.17051],[-106.38129,48.17006],[-106.38045,48.17157],[-106.38232,48.17189],[-106.38444,48.17349],[-106.38373,48.17518],[-106.38621,48.17611],[-106.38407,48.17751],[-106.38399,48.17942],[-106.38591,48.18038],[-106.38513,48.18194],[-106.38663,48.18315],[-106.38368,48.18435],[-106.38385,48.18624],[-106.38543,48.1871],[-106.3815,48.18952],[-106.38252,48.19159],[-106.38625,48.19374],[-106.38726,48.19544],[-106.38366,48.19518],[-106.38293,48.19705],[-106.38638,48.1977],[-106.3856,48.19975],[-106.38713,48.20204],[-106.38567,48.20309],[-106.38582,48.20441],[-106.38541,48.20472],[-106.38468,48.20512],[-106.38413,48.20531],[-106.38389,48.20533],[-106.38341,48.2056],[-106.38295,48.20619],[-106.38351,48.20731],[-106.38332,48.2076],[-106.38194,48.20818],[-106.38178,48.20843],[-106.38251,48.20891],[-106.38346,48.20913],[-106.38364,48.2098],[-106.38318,48.21064],[-106.38236,48.21097],[-106.3812,48.21142],[-106.3801,48.21233],[-106.38116,48.21382],[-106.3834,48.21478],[-106.38316,48.2157],[-106.38327,48.2173],[-106.38955,48.21924],[-106.38495,48.22145],[-106.38509,48.22328],[-106.3885,48.22667],[-106.39025,48.2276],[-106.39048,48.22804],[-106.38961,48.22847],[-106.38789,48.22877],[-106.38727,48.22877],[-106.38638,48.22907],[-106.38533,48.23464],[-106.38557,48.23493],[-106.38725,48.2359],[-106.38777,48.236],[-106.38855,48.23597],[-106.38993,48.23557],[-106.39103,48.23553],[-106.39219,48.23584],[-106.39283,48.23619],[-106.39319,48.23682],[-106.39289,48.23936],[-106.39356,48.24016],[-106.39323,48.24124],[-106.39262,48.24154],[-106.3921,48.24175],[-106.39181,48.24212],[-106.39153,48.24304],[-106.39178,48.24368],[-106.39235,48.24383],[-106.39414,48.24383],[-106.39527,48.24342],[-106.39556,48.24322],[-106.39657,48.24284],[-106.39685,48.24262],[-106.39802,48.24234],[-106.39889,48.24239],[-106.39938,48.24255],[-106.39974,48.24288],[-106.39971,48.24344],[-106.39943,48.24368],[-106.3984,48.24407],[-106.3976,48.24507],[-106.39779,48.24544],[-106.39913,48.24694],[-106.40015,48.24932],[-106.39997,48.25003],[-106.39979,48.25036],[-106.39752,48.25119],[-106.39685,48.25159],[-106.39783,48.25505],[-106.39829,48.25534],[-106.40094,48.2561],[-106.40178,48.25649],[-106.4023,48.25693],[-106.40252,48.25751],[-106.40329,48.258],[-106.40673,48.25804],[-106.40751,48.25928],[-106.40566,48.26022],[-106.4045,48.26149],[-106.40474,48.26197],[-106.40482,48.26208],[-106.40527,48.26232],[-106.40566,48.26234],[-106.40668,48.26299],[-106.40703,48.26317],[-106.40767,48.26335],[-106.40838,48.26366],[-106.40901,48.26392],[-106.40906,48.2647],[-106.40881,48.26525],[-106.40909,48.26629],[-106.40986,48.26738],[-106.40966,48.26792],[-106.40986,48.26847],[-106.41088,48.26982],[-106.41121,48.2702],[-106.4111,48.27056],[-106.41032,48.27191],[-106.4096,48.27218],[-106.40839,48.27223],[-106.40751,48.27294],[-106.40642,48.27305],[-106.40611,48.27405],[-106.40883,48.2777],[-106.40924,48.27982],[-106.41025,48.28027],[-106.41058,48.2809],[-106.41106,48.28109],[-106.41134,48.28173],[-106.41088,48.28228],[-106.40733,48.28299],[-106.40501,48.28364],[-106.40491,48.28435],[-106.4037,48.28565],[-106.40386,48.28625],[-106.40431,48.28653],[-106.40588,48.28716],[-106.40612,48.28744],[-106.40611,48.28787],[-106.4054,48.28876],[-106.40414,48.28912],[-106.40348,48.28939],[-106.40217,48.29103],[-106.403,48.29169],[-106.40331,48.29183],[-106.40343,48.29192],[-106.40382,48.29294],[-106.4042,48.29345],[-106.40441,48.29361],[-106.40479,48.29424],[-106.4051,48.29504],[-106.40556,48.29539],[-106.40584,48.2959],[-106.40572,48.29622],[-106.40532,48.29645],[-106.40413,48.29661],[-106.40394,48.29692],[-106.4039,48.29783],[-106.40457,48.29815],[-106.40516,48.29839],[-106.40563,48.29888],[-106.40573,48.29916],[-106.40555,48.29934],[-106.40439,48.29985],[-106.40348,48.30152],[-106.40349,48.30206],[-106.40362,48.30288],[-106.40464,48.30402],[-106.4059,48.30498],[-106.40697,48.30518],[-106.40712,48.30562],[-106.40682,48.30595],[-106.40549,48.30616],[-106.40484,48.307],[-106.40507,48.30757],[-106.40454,48.30855],[-106.40366,48.30891],[-106.4028,48.30875],[-106.40189,48.31018],[-106.40096,48.31067],[-106.40097,48.31133],[-106.40245,48.31156],[-106.40294,48.31237],[-106.40107,48.3133],[-106.39777,48.31393],[-106.39515,48.31559],[-106.39539,48.31683],[-106.39598,48.31731],[-106.3964,48.31772],[-106.39741,48.318],[-106.39797,48.31841],[-106.39871,48.31986],[-106.39953,48.32056],[-106.40005,48.32057],[-106.40148,48.32094],[-106.39982,48.32292],[-106.40017,48.32332],[-106.40053,48.32486],[-106.39898,48.32575],[-106.39804,48.3267],[-106.39801,48.32714],[-106.39907,48.32814],[-106.40029,48.3284],[-106.40092,48.32819],[-106.40196,48.3276],[-106.40237,48.32757],[-106.40284,48.3281],[-106.40275,48.32868],[-106.40135,48.32972],[-106.40108,48.33007],[-106.40027,48.3306],[-106.39918,48.3324],[-106.39887,48.33343],[-106.39832,48.33337],[-106.39809,48.33356],[-106.39798,48.33436],[-106.39825,48.33529],[-106.39887,48.33572],[-106.39915,48.33581],[-106.39998,48.33579],[-106.40114,48.33649],[-106.39873,48.33833],[-106.39802,48.33811],[-106.39731,48.33823],[-106.39709,48.33902],[-106.39741,48.3396],[-106.39908,48.34053],[-106.39998,48.34076],[-106.40087,48.34082],[-106.40158,48.34085],[-106.40321,48.3417],[-106.4032,48.34252],[-106.40284,48.34312],[-106.40287,48.34426],[-106.4022,48.34486],[-106.40198,48.34492],[-106.40367,48.34574],[-106.4049,48.3465],[-106.40754,48.35058],[-106.4089,48.35064],[-106.40935,48.35106],[-106.40939,48.3516],[-106.40904,48.35198],[-106.40811,48.35215],[-106.40724,48.35226],[-106.40523,48.3534],[-106.40517,48.35376],[-106.4054,48.35437],[-106.40473,48.35527],[-106.40518,48.35609],[-106.40503,48.35648],[-106.40375,48.35665],[-106.40325,48.35717],[-106.40362,48.35763],[-106.40893,48.3567],[-106.41021,48.35942],[-106.41235,48.36078],[-106.41241,48.36141],[-106.41225,48.36184],[-106.41278,48.36207],[-106.41378,48.36191],[-106.41409,48.36204],[-106.41463,48.36267],[-106.41434,48.36301],[-106.41347,48.36334],[-106.41249,48.36337],[-106.41171,48.36375],[-106.41166,48.36402],[-106.41198,48.36522],[-106.41138,48.36566],[-106.41065,48.36754],[-106.41076,48.36791],[-106.41086,48.368],[-106.41189,48.36814],[-106.41222,48.36827],[-106.41311,48.36899],[-106.41332,48.36941],[-106.41322,48.36958],[-106.41393,48.36979],[-106.41576,48.37096],[-106.41579,48.37073],[-106.41557,48.37051],[-106.41562,48.37029],[-106.41634,48.36981],[-106.41703,48.36967],[-106.41729,48.36967],[-106.41761,48.36984],[-106.41765,48.37018],[-106.41784,48.37043],[-106.4179,48.37098],[-106.41783,48.37138],[-106.42074,48.37527],[-106.42324,48.3744],[-106.42355,48.37739],[-106.42786,48.37715],[-106.43006,48.37786],[-106.43093,48.37778],[-106.43164,48.37895],[-106.43064,48.38024],[-106.43144,48.38093],[-106.43381,48.3838],[-106.43349,48.38504],[-106.43466,48.38576],[-106.43577,48.38875],[-106.4368,48.38999],[-106.43723,48.39272],[-106.43796,48.39276],[-106.43859,48.3929],[-106.43938,48.39355],[-106.43967,48.39401],[-106.43949,48.3946],[-106.43904,48.39508],[-106.43901,48.39567],[-106.4392,48.39619],[-106.43909,48.39687],[-106.43889,48.39735],[-106.43915,48.39855],[-106.43881,48.39992],[-106.4387,48.40058],[-106.43924,48.40122],[-106.44026,48.40249],[-106.43964,48.40333],[-106.44117,48.40427],[-106.44231,48.40567],[-106.44404,48.40618],[-106.44486,48.4071],[-106.4466,48.40824],[-106.44711,48.4085],[-106.44819,48.40913],[-106.44877,48.40978],[-106.44762,48.41018],[-106.44743,48.4105],[-106.4473,48.41129],[-106.44721,48.41244],[-106.44734,48.41274],[-106.4478,48.41308],[-106.44856,48.41322],[-106.44928,48.41348],[-106.45047,48.41437],[-106.45033,48.41459],[-106.45006,48.41512],[-106.45155,48.41589],[-106.45319,48.41859],[-106.45217,48.41918],[-106.45201,48.42017],[-106.45283,48.42148],[-106.45127,48.42198],[-106.45397,48.42268],[-106.45598,48.42488],[-106.45802,48.42501],[-106.45955,48.42682],[-106.46104,48.42698],[-106.46148,48.42698],[-106.46173,48.42667],[-106.46207,48.42662],[-106.46252,48.42689],[-106.46265,48.42715],[-106.46255,48.42743],[-106.46226,48.42788],[-106.46223,48.42835],[-106.46211,48.42879],[-106.46219,48.42894],[-106.46255,48.42952],[-106.46322,48.42988],[-106.46431,48.42994],[-106.46527,48.43015],[-106.46607,48.43048],[-106.46646,48.43082],[-106.46634,48.43121],[-106.46492,48.43155],[-106.46584,48.43324],[-106.46933,48.43496],[-106.46997,48.43623],[-106.46816,48.43877],[-106.47235,48.43881],[-106.47401,48.43841],[-106.47554,48.43909],[-106.47625,48.43974],[-106.4762,48.4404],[-106.47461,48.44105],[-106.4736,48.44109],[-106.47362,48.44197],[-106.47557,48.44283],[-106.47665,48.44255],[-106.47756,48.44267],[-106.47737,48.44495],[-106.48046,48.44711],[-106.48117,48.44877],[-106.48038,48.44966],[-106.4795,48.44969],[-106.47759,48.44837],[-106.47484,48.44912],[-106.4751,48.44968],[-106.47986,48.45084],[-106.4798,48.453],[-106.47746,48.45345],[-106.48008,48.45492],[-106.47969,48.45568],[-106.48099,48.45864],[-106.48384,48.45647],[-106.4849,48.4603],[-106.48711,48.45998],[-106.48714,48.45992],[-106.48732,48.45979],[-106.48747,48.45971],[-106.48784,48.45969],[-106.48797,48.4596],[-106.48798,48.45956],[-106.48807,48.45947],[-106.48816,48.45943],[-106.48827,48.45942],[-106.48838,48.45943],[-106.48907,48.46015],[-106.4889,48.46059],[-106.48955,48.46143],[-106.4908,48.46173],[-106.49126,48.46252],[-106.49227,48.46232],[-106.49347,48.46357],[-106.49225,48.46455],[-106.49171,48.46573],[-106.48962,48.46771],[-106.49084,48.46896],[-106.49182,48.46877],[-106.492,48.4687],[-106.49216,48.46869],[-106.49242,48.46881],[-106.49267,48.46899],[-106.49285,48.46905],[-106.49295,48.46915],[-106.49301,48.46925],[-106.49326,48.47026],[-106.49211,48.47079],[-106.49326,48.47254],[-106.49455,48.47346],[-106.49474,48.47403],[-106.49462,48.47438],[-106.49422,48.47465],[-106.49339,48.47471],[-106.49178,48.47421],[-106.49019,48.4747],[-106.48997,48.47587],[-106.49015,48.47609],[-106.49026,48.47634],[-106.49047,48.4765],[-106.49066,48.47674],[-106.49091,48.47683],[-106.49131,48.47717],[-106.49189,48.47759],[-106.49222,48.47778],[-106.49264,48.47813],[-106.49289,48.47854],[-106.49302,48.4787],[-106.49391,48.47951],[-106.49388,48.4808],[-106.4923,48.48062],[-106.48965,48.48217],[-106.48646,48.4819],[-106.48835,48.48344],[-106.48609,48.4858],[-106.48642,48.48744],[-106.48963,48.4882],[-106.48811,48.49009],[-106.48821,48.49218],[-106.48935,48.49271],[-106.488,48.49481],[-106.48688,48.49461],[-106.48627,48.49629],[-106.4883,48.49777],[-106.48694,48.49865],[-106.48482,48.49849],[-106.48408,48.49934],[-106.48543,48.50062],[-106.49116,48.50015],[-106.49065,48.50248],[-106.4882,48.50304],[-106.48898,48.50521],[-106.48807,48.50632],[-106.48852,48.50789],[-106.49179,48.50946],[-106.49122,48.51042],[-106.48751,48.51073],[-106.48836,48.51235],[-106.48648,48.51183],[-106.4851,48.51245],[-106.48526,48.51414],[-106.48281,48.51415],[-106.48218,48.5156],[-106.48557,48.51603],[-106.48892,48.5172],[-106.48898,48.51813],[-106.48697,48.51774],[-106.48454,48.51905],[-106.48551,48.51975],[-106.48896,48.5197],[-106.49001,48.52288],[-106.49241,48.52343],[-106.49165,48.52545],[-106.49387,48.52586],[-106.49411,48.52746],[-106.49615,48.52892],[-106.49711,48.5278],[-106.49914,48.5282],[-106.50249,48.52705],[-106.50092,48.53122],[-106.50218,48.53325],[-106.50531,48.53461],[-106.50752,48.53745],[-106.50909,48.53679],[-106.50978,48.53851],[-106.51242,48.53905],[-106.51336,48.54083],[-106.51501,48.54172],[-106.51582,48.54451],[-106.51837,48.54474],[-106.51748,48.54703],[-106.51925,48.5473],[-106.52452,48.54991],[-106.52441,48.55115],[-106.52941,48.55261],[-106.52857,48.55366],[-106.53195,48.55489],[-106.53201,48.55628],[-106.53007,48.55777],[-106.53212,48.5591],[-106.53354,48.55897],[-106.53468,48.5607],[-106.53642,48.56042],[-106.53847,48.56116],[-106.54002,48.56057],[-106.54045,48.56218],[-106.54227,48.56275],[-106.54339,48.56359],[-106.54309,48.56495],[-106.54432,48.56503],[-106.54513,48.56493],[-106.54744,48.56676],[-106.54555,48.56804],[-106.54811,48.57183],[-106.54548,48.57322],[-106.54927,48.57429],[-106.54963,48.57836],[-106.55413,48.58048],[-106.55339,48.58299],[-106.55165,48.58372],[-106.55203,48.58561],[-106.54995,48.58704],[-106.55096,48.5885],[-106.55384,48.5888],[-106.55301,48.59081],[-106.55349,48.59186],[-106.55173,48.5929],[-106.55399,48.5932],[-106.55274,48.59456],[-106.5543,48.59568],[-106.55295,48.59694],[-106.5546,48.59732],[-106.55433,48.59878],[-106.55593,48.60064],[-106.55803,48.60062],[-106.55737,48.60327],[-106.55896,48.60357],[-106.55764,48.60467],[-106.55724,48.60656],[-106.55799,48.60836],[-106.56105,48.60897],[-106.56341,48.61126],[-106.56364,48.61279],[-106.56248,48.61387],[-106.56346,48.6166],[-106.56468,48.61712],[-106.5653,48.61931],[-106.56423,48.62038],[-106.5638,48.62248],[-106.56696,48.62421],[-106.56772,48.62538],[-106.57111,48.62615],[-106.57096,48.62799],[-106.5726,48.62665],[-106.57337,48.62832],[-106.57236,48.63096],[-106.57751,48.63111],[-106.57675,48.63318],[-106.57793,48.63466],[-106.54427,48.63488],[-106.52297,48.63498],[-106.44931,48.63567]]]]}},{"type":"Feature","properties":{"name":"Lincoln County Transportation Service (LCTS)","boundary_type":"county","source":"Census TIGER county","fidelity":"exact","updated":"2026-09","units":"Lincoln County","note":"County-wide service with connections to Kalispell and Missoula.","confidence":0.95},"geometry":{"type":"Polygon","coordinates":[[[-116.04913,48.51533],[-116.04911,48.54463],[-116.04906,48.61153],[-116.04906,48.6198],[-116.04907,48.64542],[-116.04908,48.79144],[-116.04909,49.00085],[-116.00103,49.00127],[-115.99068,49.00091],[-115.96444,49.0009],[-115.50102,49.00069],[-115.41519,49.00026],[-115.41231,49.00025],[-115.26728,48.99952],[-115.20791,48.99923],[-115.19226,48.99927],[-115.17067,48.99933],[-115.05584,48.99966],[-114.72705,49.00059],[-114.72958,48.99976],[-114.73332,48.99768],[-114.73606,48.99513],[-114.73778,48.99236],[-114.73921,48.99159],[-114.7394,48.99083],[-114.73551,48.98669],[-114.73507,48.98279],[-114.73111,48.98169],[-114.72867,48.9819],[-114.72457,48.97983],[-114.7189,48.97995],[-114.71743,48.97956],[-114.70992,48.97993],[-114.69891,48.98012],[-114.69686,48.97994],[-114.69472,48.97789],[-114.69151,48.9765],[-114.69004,48.97647],[-114.68845,48.97454],[-114.68497,48.97336],[-114.68489,48.97153],[-114.68681,48.96588],[-114.69133,48.96445],[-114.69273,48.96178],[-114.69297,48.95918],[-114.69417,48.95785],[-114.69792,48.95566],[-114.69699,48.9539],[-114.70018,48.95249],[-114.70416,48.95202],[-114.70563,48.95148],[-114.70827,48.94864],[-114.70991,48.94556],[-114.71197,48.94397],[-114.71591,48.94208],[-114.71851,48.93957],[-114.71881,48.93868],[-114.71697,48.93506],[-114.71813,48.93177],[-114.71469,48.93048],[-114.70932,48.92998],[-114.70798,48.92741],[-114.70742,48.9245],[-114.70704,48.92208],[-114.70711,48.91848],[-114.70546,48.91465],[-114.70555,48.91293],[-114.70391,48.91027],[-114.70406,48.906],[-114.70333,48.90353],[-114.70523,48.90018],[-114.70565,48.89697],[-114.70773,48.89531],[-114.71057,48.89095],[-114.70982,48.88829],[-114.7063,48.88446],[-114.70358,48.88329],[-114.7035,48.88185],[-114.7022,48.88039],[-114.69895,48.87869],[-114.69365,48.8742],[-114.69193,48.86991],[-114.69207,48.86671],[-114.69081,48.86475],[-114.68942,48.86389],[-114.68964,48.8615],[-114.68906,48.85972],[-114.68991,48.85757],[-114.68933,48.85505],[-114.69083,48.85157],[-114.69353,48.85005],[-114.69189,48.84645],[-114.69176,48.84243],[-114.69206,48.84183],[-114.69519,48.84074],[-114.69765,48.84062],[-114.70526,48.83855],[-114.70557,48.83519],[-114.70801,48.83247],[-114.71084,48.83286],[-114.71486,48.83198],[-114.72268,48.83161],[-114.72671,48.82832],[-114.7256,48.82634],[-114.72648,48.82478],[-114.72753,48.82115],[-114.72739,48.8188],[-114.72809,48.81806],[-114.73079,48.81663],[-114.73168,48.81509],[-114.7312,48.81233],[-114.73248,48.8093],[-114.72991,48.80756],[-114.72606,48.80741],[-114.72268,48.80675],[-114.72119,48.80591],[-114.71792,48.803],[-114.71454,48.8016],[-114.70979,48.80287],[-114.70392,48.80281],[-114.69741,48.8007],[-114.69008,48.80111],[-114.68525,48.79836],[-114.68153,48.79715],[-114.67834,48.79824],[-114.67565,48.79823],[-114.67216,48.79929],[-114.67152,48.798],[-114.67267,48.79577],[-114.67338,48.78941],[-114.66995,48.78781],[-114.66698,48.78686],[-114.6648,48.78556],[-114.66182,48.78106],[-114.65812,48.78123],[-114.6561,48.78206],[-114.64857,48.77936],[-114.64672,48.77726],[-114.64589,48.77534],[-114.64329,48.77421],[-114.64247,48.77245],[-114.6405,48.77021],[-114.6404,48.76715],[-114.63955,48.76553],[-114.63803,48.765],[-114.63621,48.76282],[-114.63551,48.75936],[-114.63315,48.75847],[-114.62782,48.75853],[-114.62079,48.75958],[-114.61814,48.75956],[-114.61266,48.7547],[-114.61206,48.75186],[-114.61529,48.74995],[-114.61905,48.74869],[-114.61912,48.74556],[-114.6192,48.7426],[-114.62263,48.74121],[-114.62582,48.73831],[-114.62866,48.73868],[-114.63184,48.73729],[-114.63343,48.73436],[-114.63916,48.73193],[-114.6433,48.73276],[-114.64843,48.73136],[-114.65269,48.73031],[-114.65642,48.7305],[-114.66305,48.72838],[-114.6697,48.72748],[-114.67102,48.72785],[-114.67642,48.72513],[-114.67911,48.72431],[-114.68083,48.72062],[-114.68379,48.71899],[-114.68304,48.71563],[-114.68591,48.71337],[-114.68805,48.71266],[-114.69126,48.7089],[-114.68985,48.7058],[-114.68999,48.70362],[-114.68818,48.70229],[-114.68264,48.7007],[-114.68077,48.69819],[-114.68091,48.69463],[-114.68421,48.69434],[-114.68623,48.69247],[-114.68616,48.68995],[-114.68679,48.6879],[-114.69025,48.6846],[-114.69213,48.68458],[-114.69157,48.68214],[-114.69245,48.68014],[-114.69023,48.67755],[-114.68769,48.67626],[-114.68176,48.67533],[-114.67654,48.67657],[-114.6726,48.6757],[-114.66554,48.67297],[-114.66418,48.67141],[-114.65951,48.67123],[-114.65592,48.67057],[-114.65309,48.66893],[-114.64528,48.6655],[-114.64187,48.66423],[-114.63901,48.65888],[-114.87378,48.65877],[-114.88859,48.65853],[-114.88866,48.58294],[-114.88868,48.57355],[-114.8498,48.5735],[-114.84981,48.52877],[-114.84964,48.39946],[-114.84863,48.39946],[-114.84857,48.3666],[-114.84856,48.35902],[-114.8481,48.22613],[-114.98694,48.22612],[-115.02008,48.22595],[-115.0197,48.13914],[-115.01009,48.13911],[-115.0101,48.10469],[-115.01068,48.09746],[-115.01062,48.04659],[-115.01067,48.01762],[-115.02314,48.01761],[-115.0721,48.01757],[-115.15453,48.01769],[-115.15456,48.01587],[-115.15266,48.0123],[-115.14929,48.00952],[-115.15055,48.00797],[-115.14976,48.00107],[-115.15053,47.99933],[-115.15076,47.99548],[-115.14876,47.99483],[-115.14751,47.99308],[-115.14717,47.99131],[-115.14419,47.99043],[-115.14234,47.98919],[-115.14085,47.9871],[-115.13634,47.98418],[-115.13754,47.983],[-115.13872,47.97901],[-115.1406,47.97818],[-115.1446,47.97729],[-115.14576,47.9747],[-115.14438,47.97291],[-115.14591,47.97201],[-115.14633,47.96927],[-115.14787,47.96656],[-115.14813,47.9635],[-115.15201,47.9631],[-115.15372,47.96157],[-115.15579,47.96127],[-115.1576,47.96142],[-115.16044,47.96353],[-115.16164,47.96707],[-115.16431,47.97123],[-115.16484,47.97265],[-115.1678,47.97341],[-115.16953,47.97484],[-115.17575,47.97439],[-115.17382,47.97186],[-115.17325,47.96861],[-115.17338,47.96618],[-115.17446,47.96177],[-115.17531,47.95986],[-115.1781,47.95898],[-115.18238,47.95885],[-115.1843,47.95844],[-115.18548,47.95673],[-115.1832,47.95437],[-115.18359,47.95295],[-115.18169,47.95247],[-115.18142,47.95114],[-115.17914,47.94917],[-115.17846,47.94791],[-115.18122,47.9461],[-115.17996,47.94487],[-115.17961,47.94033],[-115.18122,47.93968],[-115.18148,47.9375],[-115.17955,47.93613],[-115.18027,47.93203],[-115.18334,47.92985],[-115.18236,47.92854],[-115.18288,47.92657],[-115.18478,47.92492],[-115.18663,47.92249],[-115.18632,47.92061],[-115.18498,47.91927],[-115.18711,47.91846],[-115.1918,47.91759],[-115.19267,47.91774],[-115.19451,47.92032],[-115.19519,47.92024],[-115.19706,47.91886],[-115.19641,47.9163],[-115.20053,47.91608],[-115.20284,47.9185],[-115.20558,47.91928],[-115.21193,47.91506],[-115.21525,47.91369],[-115.21759,47.91369],[-115.21877,47.91277],[-115.2211,47.90972],[-115.22514,47.9083],[-115.22653,47.90884],[-115.22967,47.90875],[-115.2329,47.9096],[-115.23511,47.91183],[-115.239,47.91291],[-115.24326,47.91471],[-115.24794,47.91522],[-115.24871,47.91492],[-115.24971,47.91201],[-115.25139,47.91061],[-115.25079,47.90764],[-115.25198,47.90522],[-115.25335,47.90442],[-115.2562,47.90456],[-115.26276,47.90354],[-115.26575,47.90071],[-115.26845,47.89991],[-115.26982,47.89555],[-115.27213,47.89418],[-115.27381,47.89418],[-115.27507,47.89239],[-115.27701,47.89223],[-115.27843,47.89027],[-115.28156,47.89028],[-115.28324,47.89083],[-115.28598,47.89195],[-115.28821,47.89543],[-115.28961,47.89564],[-115.29052,47.89717],[-115.29351,47.89835],[-115.29624,47.90502],[-115.29876,47.90824],[-115.29978,47.91078],[-115.30179,47.91247],[-115.30573,47.9124],[-115.31073,47.91439],[-115.3125,47.91544],[-115.31365,47.91698],[-115.31601,47.91865],[-115.31924,47.92157],[-115.32281,47.92128],[-115.32428,47.9192],[-115.32581,47.91816],[-115.32828,47.91747],[-115.33201,47.91732],[-115.33458,47.91768],[-115.33822,47.91677],[-115.34466,47.91565],[-115.34682,47.91404],[-115.34826,47.91228],[-115.35194,47.91076],[-115.35425,47.91168],[-115.3572,47.91167],[-115.36109,47.91221],[-115.3632,47.91166],[-115.3653,47.90816],[-115.37276,47.90587],[-115.37475,47.90572],[-115.38117,47.90419],[-115.38369,47.90511],[-115.38714,47.90724],[-115.39282,47.90988],[-115.3959,47.91032],[-115.39945,47.91244],[-115.39995,47.91466],[-115.3997,47.91696],[-115.4011,47.9183],[-115.40206,47.92144],[-115.40065,47.92786],[-115.39909,47.93165],[-115.39982,47.93612],[-115.40513,47.93517],[-115.40988,47.93469],[-115.41116,47.93408],[-115.41484,47.93476],[-115.41803,47.93396],[-115.42145,47.93377],[-115.42147,47.9318],[-115.42486,47.92825],[-115.42696,47.92708],[-115.42499,47.92561],[-115.42481,47.92328],[-115.42552,47.92227],[-115.42454,47.91944],[-115.42465,47.9142],[-115.42595,47.91175],[-115.427,47.9111],[-115.42858,47.91099],[-115.43212,47.91272],[-115.43551,47.91251],[-115.43903,47.91382],[-115.44216,47.91431],[-115.44837,47.91634],[-115.45306,47.91761],[-115.45642,47.91928],[-115.4617,47.92033],[-115.46504,47.91784],[-115.4673,47.91735],[-115.47021,47.91322],[-115.47224,47.91434],[-115.47659,47.91582],[-115.4782,47.91596],[-115.4796,47.91746],[-115.48205,47.91812],[-115.48268,47.9172],[-115.48531,47.91638],[-115.48801,47.9144],[-115.49064,47.91355],[-115.49302,47.91128],[-115.49814,47.91079],[-115.49962,47.90917],[-115.50237,47.90866],[-115.50665,47.90885],[-115.5109,47.90968],[-115.51312,47.90946],[-115.51948,47.90775],[-115.52364,47.9083],[-115.5254,47.909],[-115.52699,47.9127],[-115.5282,47.91415],[-115.5306,47.91436],[-115.53885,47.91774],[-115.54144,47.91992],[-115.54419,47.92022],[-115.54653,47.92208],[-115.54543,47.92819],[-115.54774,47.93168],[-115.55397,47.93371],[-115.55634,47.93561],[-115.5563,47.93825],[-115.55757,47.93937],[-115.55814,47.94229],[-115.55516,47.94608],[-115.55537,47.94808],[-115.55256,47.95341],[-115.54763,47.95631],[-115.54877,47.95989],[-115.54617,47.96449],[-115.545,47.96553],[-115.5443,47.96802],[-115.54261,47.96914],[-115.54265,47.97394],[-115.5405,47.97755],[-115.53975,47.9799],[-115.53788,47.98165],[-115.54015,47.98303],[-115.54027,47.98642],[-115.54172,47.98778],[-115.54119,47.9914],[-115.54334,47.99434],[-115.54486,47.9994],[-115.54689,48.00168],[-115.54879,48.00226],[-115.54997,48.00422],[-115.54927,48.00595],[-115.5509,48.00655],[-115.55363,48.01005],[-115.55609,48.0109],[-115.55867,48.01306],[-115.56483,48.01532],[-115.56825,48.02016],[-115.57152,48.01884],[-115.57435,48.01854],[-115.57681,48.01906],[-115.57814,48.02027],[-115.58144,48.02059],[-115.58443,48.02176],[-115.58729,48.02435],[-115.58843,48.02651],[-115.59038,48.028],[-115.59181,48.03087],[-115.59643,48.03079],[-115.59759,48.03226],[-115.60142,48.03553],[-115.60205,48.03717],[-115.60082,48.03889],[-115.60156,48.04133],[-115.60389,48.04194],[-115.60598,48.0442],[-115.60721,48.04449],[-115.60906,48.04686],[-115.61113,48.04794],[-115.61161,48.04922],[-115.60999,48.05194],[-115.61026,48.05296],[-115.60831,48.0566],[-115.60928,48.06011],[-115.61518,48.06195],[-115.61828,48.06347],[-115.62438,48.06782],[-115.62706,48.07045],[-115.63049,48.07237],[-115.63202,48.07237],[-115.63455,48.0741],[-115.63704,48.07465],[-115.63912,48.0777],[-115.64105,48.07881],[-115.64019,48.08054],[-115.63742,48.08071],[-115.63551,48.08165],[-115.63505,48.08453],[-115.63397,48.08702],[-115.63223,48.08862],[-115.63368,48.08989],[-115.63524,48.09271],[-115.6384,48.09541],[-115.63729,48.09737],[-115.63798,48.10088],[-115.63882,48.10304],[-115.63772,48.10699],[-115.6403,48.11021],[-115.64065,48.11283],[-115.64,48.11411],[-115.64118,48.11674],[-115.64246,48.11731],[-115.64511,48.12005],[-115.647,48.12141],[-115.64956,48.12419],[-115.6487,48.12645],[-115.64677,48.12917],[-115.64577,48.13414],[-115.64737,48.13486],[-115.64891,48.13665],[-115.65191,48.13854],[-115.65622,48.14013],[-115.65755,48.14232],[-115.65461,48.14625],[-115.65796,48.14734],[-115.6616,48.15058],[-115.66347,48.15162],[-115.66475,48.15325],[-115.66975,48.15478],[-115.67106,48.15695],[-115.67224,48.16063],[-115.67181,48.1615],[-115.67356,48.16159],[-115.67613,48.16398],[-115.67898,48.16567],[-115.68692,48.16469],[-115.69087,48.16501],[-115.69264,48.16558],[-115.69389,48.16698],[-115.69421,48.17061],[-115.69383,48.17281],[-115.69423,48.17435],[-115.69611,48.17747],[-115.69121,48.18103],[-115.69018,48.18407],[-115.68833,48.1854],[-115.68755,48.18727],[-115.6849,48.18947],[-115.68384,48.19151],[-115.68361,48.1936],[-115.67786,48.19436],[-115.67413,48.19445],[-115.67321,48.19497],[-115.67496,48.19634],[-115.67456,48.19886],[-115.67537,48.20088],[-115.67475,48.20334],[-115.67236,48.20639],[-115.6744,48.20832],[-115.67794,48.21071],[-115.68335,48.21601],[-115.68393,48.21817],[-115.6863,48.21996],[-115.68897,48.22304],[-115.691,48.22305],[-115.69341,48.22457],[-115.69402,48.22577],[-115.69482,48.22747],[-115.69747,48.23013],[-115.69914,48.2336],[-115.69802,48.23678],[-115.69876,48.2385],[-115.70448,48.24103],[-115.70624,48.24227],[-115.7075,48.24416],[-115.70882,48.24739],[-115.70982,48.24843],[-115.71482,48.24929],[-115.71681,48.24999],[-115.71876,48.25255],[-115.72279,48.25259],[-115.72418,48.25339],[-115.72578,48.25316],[-115.7297,48.25439],[-115.73427,48.25665],[-115.73723,48.25872],[-115.73785,48.26089],[-115.73727,48.26327],[-115.74318,48.26215],[-115.75075,48.26382],[-115.75741,48.2636],[-115.75916,48.264],[-115.76478,48.26142],[-115.76664,48.25958],[-115.7714,48.25906],[-115.77387,48.25665],[-115.77547,48.25612],[-115.77858,48.25256],[-115.77707,48.25029],[-115.77863,48.24755],[-115.78046,48.24568],[-115.77969,48.24407],[-115.78252,48.23971],[-115.7861,48.23714],[-115.78869,48.23629],[-115.78909,48.23454],[-115.79104,48.23196],[-115.79436,48.2298],[-115.7965,48.22624],[-115.79962,48.22412],[-115.80017,48.22282],[-115.8028,48.22295],[-115.80578,48.22241],[-115.81321,48.22182],[-115.8148,48.21946],[-115.81658,48.21875],[-115.82162,48.21778],[-115.82871,48.21748],[-115.82979,48.21703],[-115.82999,48.21556],[-115.83155,48.21289],[-115.83154,48.21132],[-115.83331,48.21078],[-115.83602,48.21119],[-115.83837,48.21065],[-115.84119,48.211],[-115.84222,48.21183],[-115.84283,48.21551],[-115.84375,48.21611],[-115.84583,48.21499],[-115.84471,48.21224],[-115.84542,48.21106],[-115.84883,48.20957],[-115.84992,48.20959],[-115.85266,48.211],[-115.85599,48.21071],[-115.85744,48.20856],[-115.85708,48.20658],[-115.85798,48.20579],[-115.86675,48.20311],[-115.86862,48.20308],[-115.87072,48.2047],[-115.87254,48.20496],[-115.87693,48.20365],[-115.88308,48.20255],[-115.88579,48.2004],[-115.88849,48.19693],[-115.8948,48.19493],[-115.89929,48.19397],[-115.90095,48.19396],[-115.90343,48.19252],[-115.90456,48.18954],[-115.90469,48.18788],[-115.90804,48.18502],[-115.9085,48.18261],[-115.91438,48.18216],[-115.9185,48.18218],[-115.9214,48.18174],[-115.92554,48.18223],[-115.92839,48.18336],[-115.93379,48.18311],[-115.9369,48.18406],[-115.9417,48.17934],[-115.94247,48.1776],[-115.94178,48.17357],[-115.94453,48.17071],[-115.94667,48.16636],[-115.9494,48.16324],[-115.95069,48.16076],[-115.95346,48.15774],[-115.95349,48.15542],[-115.95488,48.1537],[-115.95533,48.15192],[-115.95725,48.14904],[-115.95975,48.14974],[-115.96381,48.15245],[-115.96616,48.15298],[-115.96964,48.15488],[-115.97284,48.15424],[-115.97728,48.15531],[-115.97884,48.15637],[-115.98018,48.15841],[-115.98503,48.15714],[-115.98938,48.1574],[-115.99398,48.15832],[-115.99941,48.15661],[-116.00184,48.15777],[-116.0045,48.15783],[-116.00924,48.15967],[-116.00879,48.16263],[-116.00954,48.16451],[-116.01226,48.16662],[-116.01495,48.16708],[-116.018,48.16954],[-116.01847,48.17105],[-116.0176,48.17283],[-116.01913,48.17576],[-116.0164,48.17879],[-116.01653,48.18038],[-116.02143,48.18298],[-116.02195,48.18646],[-116.01947,48.18853],[-116.01874,48.19006],[-116.02116,48.19125],[-116.02039,48.1925],[-116.01585,48.19396],[-116.01371,48.19421],[-116.01295,48.19676],[-116.01366,48.19864],[-116.01867,48.20284],[-116.01857,48.20466],[-116.01672,48.20622],[-116.02049,48.20781],[-116.02645,48.20925],[-116.02878,48.2105],[-116.03227,48.2114],[-116.03417,48.21138],[-116.04366,48.21407],[-116.04899,48.21613],[-116.04899,48.21639],[-116.04895,48.26119],[-116.04897,48.32051],[-116.049,48.39368],[-116.04908,48.44031],[-116.04915,48.48125],[-116.04914,48.50205],[-116.04913,48.51533]]]}},{"type":"Feature","properties":{"name":"Mineral County Pioneer Council Transportation","boundary_type":"county","source":"Census TIGER county","fidelity":"exact","updated":"2026-09","units":"Mineral County","note":"County-wide service with trips to Missoula and Plains.","confidence":0.95},"geometry":{"type":"Polygon","coordinates":[[[-115.7563,47.4295],[-115.75241,47.43215],[-115.75077,47.43777],[-115.74793,47.44167],[-115.74573,47.44233],[-115.74003,47.44279],[-115.73185,47.44517],[-115.72536,47.4476],[-115.71704,47.45258],[-115.70723,47.45323],[-115.70211,47.4525],[-115.69374,47.45462],[-115.69192,47.45708],[-115.68234,47.45685],[-115.67644,47.45308],[-115.66978,47.4545],[-115.66422,47.45388],[-115.64901,47.45622],[-115.64406,47.45846],[-115.64013,47.45971],[-115.63195,47.47361],[-115.62997,47.47963],[-115.62688,47.48029],[-115.62438,47.48252],[-115.61907,47.48462],[-115.61753,47.48308],[-115.61693,47.47952],[-115.6157,47.47765],[-115.61207,47.4745],[-115.60887,47.47374],[-115.60481,47.47438],[-115.60232,47.47338],[-115.59679,47.47215],[-115.59414,47.47201],[-115.59229,47.47252],[-115.58544,47.47158],[-115.58354,47.47206],[-115.57831,47.47139],[-115.57659,47.472],[-115.56633,47.47105],[-115.56298,47.47241],[-115.55887,47.47194],[-115.55327,47.47333],[-115.54991,47.4737],[-115.54811,47.4745],[-115.54422,47.47425],[-115.53902,47.47508],[-115.53754,47.47479],[-115.53038,47.4765],[-115.52909,47.47727],[-115.52477,47.48174],[-115.52273,47.4842],[-115.52146,47.48707],[-115.52196,47.48852],[-115.52394,47.49022],[-115.52443,47.49219],[-115.52626,47.49492],[-115.52178,47.49656],[-115.51927,47.49679],[-115.51678,47.49526],[-115.51283,47.49524],[-115.51088,47.49444],[-115.50874,47.49432],[-115.50446,47.49479],[-115.50525,47.49229],[-115.50279,47.49021],[-115.50057,47.48598],[-115.49777,47.48431],[-115.49644,47.48244],[-115.49138,47.47917],[-115.49168,47.47645],[-115.48994,47.47449],[-115.48449,47.47166],[-115.48224,47.47117],[-115.47807,47.47175],[-115.47401,47.46894],[-115.47186,47.46697],[-115.47107,47.46944],[-115.4688,47.46988],[-115.4658,47.46925],[-115.46304,47.46941],[-115.45625,47.4715],[-115.45475,47.46972],[-115.45119,47.46734],[-115.44854,47.46632],[-115.44427,47.46571],[-115.44259,47.46996],[-115.44159,47.47063],[-115.43388,47.47386],[-115.4293,47.47624],[-115.42572,47.47548],[-115.41865,47.477],[-115.41786,47.4782],[-115.41208,47.47955],[-115.4097,47.4808],[-115.40622,47.48323],[-115.40168,47.4849],[-115.39669,47.48535],[-115.39456,47.48535],[-115.38693,47.48391],[-115.38372,47.48244],[-115.37938,47.48217],[-115.3729,47.48379],[-115.36854,47.48333],[-115.3647,47.4833],[-115.3634,47.48367],[-115.36226,47.48274],[-115.3598,47.48222],[-115.35439,47.48012],[-115.35167,47.47778],[-115.34774,47.47587],[-115.34648,47.47467],[-115.34597,47.473],[-115.34269,47.47091],[-115.3408,47.4716],[-115.33621,47.47232],[-115.32404,47.47102],[-115.31994,47.47125],[-115.31648,47.47224],[-115.31423,47.47223],[-115.31079,47.47148],[-115.30598,47.47143],[-115.3035,47.47581],[-115.29773,47.47907],[-115.29681,47.48069],[-115.29178,47.48274],[-115.28841,47.48472],[-115.28386,47.48664],[-115.28218,47.48692],[-115.27958,47.48524],[-115.27625,47.48399],[-115.27429,47.4828],[-115.26961,47.48173],[-115.26561,47.48232],[-115.26378,47.48206],[-115.26161,47.48053],[-115.25688,47.48008],[-115.25637,47.48072],[-115.24906,47.48042],[-115.2458,47.47859],[-115.24153,47.4782],[-115.23498,47.47606],[-115.23549,47.47473],[-115.23477,47.47103],[-115.23313,47.47001],[-115.23024,47.46932],[-115.22542,47.4664],[-115.21939,47.46478],[-115.2128,47.46245],[-115.20392,47.4632],[-115.19998,47.46191],[-115.19385,47.46108],[-115.19004,47.45934],[-115.18617,47.45802],[-115.18445,47.45638],[-115.17748,47.45427],[-115.17484,47.45419],[-115.16982,47.45161],[-115.16421,47.4501],[-115.16142,47.44847],[-115.15739,47.44781],[-115.15854,47.44619],[-115.15904,47.4434],[-115.15518,47.44022],[-115.15417,47.43738],[-115.15198,47.436],[-115.14949,47.43293],[-115.14671,47.43163],[-115.1447,47.43139],[-115.13915,47.42939],[-115.13765,47.42842],[-115.13524,47.42659],[-115.13316,47.42619],[-115.12807,47.42303],[-115.12383,47.42069],[-115.12117,47.41998],[-115.11692,47.4223],[-115.11438,47.42224],[-115.10786,47.42507],[-115.10198,47.42688],[-115.10058,47.42763],[-115.09638,47.42839],[-115.09261,47.42775],[-115.09068,47.42795],[-115.08787,47.42714],[-115.08465,47.42437],[-115.08126,47.42251],[-115.07404,47.41972],[-115.07234,47.41959],[-115.07109,47.4186],[-115.06706,47.41708],[-115.06382,47.4172],[-115.06207,47.41661],[-115.05899,47.41649],[-115.05561,47.41688],[-115.05267,47.41673],[-115.04894,47.41534],[-115.04812,47.41283],[-115.04858,47.40939],[-115.04764,47.4085],[-115.04505,47.40841],[-115.04371,47.41003],[-115.04169,47.41115],[-115.03657,47.41221],[-115.03371,47.4144],[-115.03058,47.41479],[-115.02764,47.41443],[-115.02546,47.41304],[-115.02334,47.41246],[-115.01798,47.40894],[-115.01712,47.40561],[-115.0173,47.40388],[-115.01406,47.40068],[-115.01192,47.39966],[-115.00924,47.399],[-115.00517,47.39878],[-115.00348,47.39775],[-115.00101,47.39747],[-114.99795,47.39778],[-114.994,47.39723],[-114.99277,47.39754],[-114.99035,47.39688],[-114.98578,47.39714],[-114.98226,47.3968],[-114.97919,47.39539],[-114.9803,47.38725],[-114.97887,47.38549],[-114.97913,47.38378],[-114.97755,47.38131],[-114.97704,47.37845],[-114.97342,47.37654],[-114.97083,47.37451],[-114.96906,47.37405],[-114.96894,47.34291],[-114.96898,47.31262],[-114.96764,47.3126],[-114.90601,47.31248],[-114.90605,47.29797],[-114.84245,47.29794],[-114.84232,47.26885],[-114.7972,47.26892],[-114.79713,47.24003],[-114.77585,47.24005],[-114.77583,47.22557],[-114.71227,47.22559],[-114.71227,47.20755],[-114.71228,47.18219],[-114.69136,47.18227],[-114.6914,47.1672],[-114.65023,47.16716],[-114.65048,47.15295],[-114.65047,47.13824],[-114.62915,47.13826],[-114.62921,47.12372],[-114.58673,47.12376],[-114.58667,47.09485],[-114.56565,47.09485],[-114.56609,47.06738],[-114.48369,47.06751],[-114.48323,47.02336],[-114.44074,47.02342],[-114.41953,47.02325],[-114.41937,47.0089],[-114.45136,47.0089],[-114.45126,46.9932],[-114.45648,46.9945],[-114.47024,46.99899],[-114.47502,46.99985],[-114.47869,47.00017],[-114.48134,46.99999],[-114.48227,46.99968],[-114.48613,46.9992],[-114.48745,46.99971],[-114.49073,47.00203],[-114.4938,47.00373],[-114.50005,47.00732],[-114.50261,47.00908],[-114.52536,47.00925],[-114.52533,46.99233],[-114.54717,46.99244],[-114.54721,46.97792],[-114.54644,46.96337],[-114.56613,46.96341],[-114.56626,46.83356],[-114.549,46.83363],[-114.54913,46.74737],[-114.67492,46.74741],[-114.67494,46.73683],[-114.675,46.73683],[-114.68199,46.73886],[-114.68537,46.73695],[-114.68944,46.73659],[-114.69655,46.7405],[-114.69859,46.74045],[-114.70072,46.73767],[-114.70119,46.73487],[-114.70002,46.73374],[-114.70338,46.72999],[-114.70863,46.72721],[-114.70806,46.72336],[-114.71018,46.72019],[-114.71077,46.7173],[-114.71392,46.71506],[-114.71742,46.71403],[-114.72613,46.71457],[-114.73977,46.71194],[-114.74209,46.71045],[-114.74168,46.70861],[-114.74559,46.70518],[-114.74837,46.70137],[-114.74805,46.69898],[-114.75256,46.69716],[-114.76078,46.69673],[-114.76388,46.69767],[-114.76601,46.69702],[-114.76727,46.6972],[-114.76951,46.69991],[-114.76852,46.70452],[-114.7691,46.70498],[-114.77885,46.70669],[-114.78155,46.70678],[-114.78219,46.70803],[-114.78815,46.71212],[-114.78855,46.71366],[-114.78474,46.7179],[-114.78227,46.71933],[-114.78221,46.72054],[-114.78332,46.72255],[-114.78275,46.72635],[-114.77963,46.72859],[-114.77967,46.73041],[-114.77786,46.73152],[-114.77571,46.73134],[-114.77374,46.73175],[-114.77282,46.73319],[-114.76998,46.73503],[-114.76666,46.7417],[-114.76558,46.74562],[-114.76777,46.74684],[-114.768,46.74917],[-114.76585,46.75124],[-114.7673,46.754],[-114.7652,46.75804],[-114.76519,46.75825],[-114.77384,46.76266],[-114.77382,46.76521],[-114.77903,46.76705],[-114.77942,46.7686],[-114.78363,46.76867],[-114.78643,46.77789],[-114.78484,46.78002],[-114.78705,46.78195],[-114.78788,46.78183],[-114.78955,46.77911],[-114.79914,46.77588],[-114.80342,46.77794],[-114.80796,46.78221],[-114.8194,46.78139],[-114.82361,46.78276],[-114.8256,46.78205],[-114.82961,46.78297],[-114.83678,46.79256],[-114.84124,46.79315],[-114.84764,46.79585],[-114.85085,46.79883],[-114.85523,46.8006],[-114.85771,46.80347],[-114.8606,46.8057],[-114.86114,46.81164],[-114.86578,46.81453],[-114.87485,46.81186],[-114.88711,46.80946],[-114.89097,46.80273],[-114.89519,46.80163],[-114.8965,46.80605],[-114.89839,46.80969],[-114.89511,46.81744],[-114.89788,46.82021],[-114.89824,46.822],[-114.89957,46.8226],[-114.90627,46.82236],[-114.91066,46.8244],[-114.91527,46.82541],[-114.91842,46.82725],[-114.92073,46.82708],[-114.92516,46.83369],[-114.92771,46.83361],[-114.92867,46.83641],[-114.92677,46.83891],[-114.92768,46.84118],[-114.92867,46.84363],[-114.92426,46.84753],[-114.92427,46.84812],[-114.92429,46.8486],[-114.92678,46.85104],[-114.92885,46.85493],[-114.93781,46.85699],[-114.94209,46.85655],[-114.94804,46.85964],[-114.94834,46.86106],[-114.94381,46.86816],[-114.94055,46.8684],[-114.93161,46.8768],[-114.93106,46.88211],[-114.93248,46.88771],[-114.93583,46.89252],[-114.93511,46.89489],[-114.93672,46.89733],[-114.93353,46.90359],[-114.93104,46.90409],[-114.92933,46.90989],[-114.92206,46.91249],[-114.92529,46.91875],[-114.92994,46.91994],[-114.9353,46.91974],[-114.94193,46.92408],[-114.94979,46.92641],[-114.95268,46.92665],[-114.96096,46.93041],[-114.95928,46.93287],[-114.95887,46.93347],[-114.96426,46.93746],[-114.96635,46.93811],[-114.9702,46.93872],[-114.97628,46.943],[-114.98311,46.94928],[-114.98652,46.95015],[-114.98636,46.95425],[-114.99308,46.95926],[-114.99392,46.96223],[-115.00091,46.9677],[-115.00127,46.9719],[-115.01131,46.97412],[-115.01701,46.97386],[-115.02839,46.97566],[-115.02952,46.97443],[-115.02968,46.97251],[-115.03381,46.97166],[-115.03734,46.97054],[-115.04838,46.96982],[-115.05142,46.97435],[-115.0502,46.98123],[-115.05669,46.98483],[-115.06114,46.99193],[-115.0673,46.99499],[-115.06737,46.99554],[-115.06622,46.99663],[-115.06555,47.0006],[-115.07281,47.01336],[-115.07244,47.01393],[-115.07001,47.01458],[-115.06944,47.01513],[-115.07125,47.02208],[-115.0723,47.02383],[-115.07173,47.02586],[-115.07229,47.02608],[-115.07566,47.02585],[-115.08103,47.02985],[-115.08071,47.0356],[-115.08186,47.03819],[-115.08836,47.04112],[-115.0876,47.04579],[-115.09801,47.04858],[-115.10262,47.04742],[-115.1072,47.04948],[-115.10806,47.05182],[-115.11683,47.05787],[-115.12015,47.06138],[-115.122,47.06333],[-115.12229,47.06532],[-115.12323,47.0657],[-115.12628,47.06596],[-115.13113,47.06896],[-115.13492,47.07567],[-115.13783,47.07749],[-115.13962,47.08002],[-115.14004,47.08364],[-115.14167,47.08573],[-115.14268,47.09206],[-115.14023,47.09676],[-115.14434,47.10198],[-115.14743,47.10321],[-115.14967,47.10179],[-115.15796,47.10282],[-115.16033,47.10222],[-115.17217,47.10715],[-115.17351,47.10972],[-115.17286,47.11203],[-115.17876,47.11743],[-115.17929,47.12017],[-115.17974,47.12063],[-115.1836,47.12168],[-115.18648,47.12473],[-115.1867,47.12817],[-115.18599,47.1294],[-115.19292,47.13309],[-115.19441,47.13521],[-115.19823,47.13712],[-115.19906,47.13962],[-115.19985,47.13983],[-115.20289,47.13976],[-115.20457,47.1405],[-115.21253,47.142],[-115.21587,47.14445],[-115.21632,47.14536],[-115.21669,47.14612],[-115.22189,47.149],[-115.22543,47.14876],[-115.2314,47.15029],[-115.24311,47.15073],[-115.24526,47.15175],[-115.24783,47.15509],[-115.24901,47.15908],[-115.25049,47.15991],[-115.25366,47.16149],[-115.25546,47.16369],[-115.25679,47.16983],[-115.2562,47.17498],[-115.25945,47.17955],[-115.26242,47.18169],[-115.26704,47.18131],[-115.27152,47.18241],[-115.27257,47.18266],[-115.27769,47.18208],[-115.28285,47.18353],[-115.28685,47.18348],[-115.29096,47.18682],[-115.29509,47.18682],[-115.3005,47.18814],[-115.30123,47.19345],[-115.29599,47.20566],[-115.29158,47.21],[-115.29459,47.21619],[-115.2947,47.21961],[-115.29878,47.2255],[-115.30193,47.22593],[-115.30699,47.22962],[-115.31105,47.2297],[-115.3164,47.23329],[-115.32096,47.24252],[-115.32437,47.24472],[-115.32443,47.24575],[-115.31868,47.25137],[-115.31965,47.25629],[-115.32015,47.2567],[-115.32352,47.25632],[-115.34044,47.26287],[-115.34579,47.26058],[-115.35001,47.26051],[-115.35385,47.26215],[-115.35922,47.25964],[-115.36602,47.26192],[-115.37125,47.26528],[-115.37665,47.26465],[-115.38512,47.26766],[-115.39211,47.26537],[-115.40473,47.26506],[-115.40826,47.26394],[-115.41208,47.2646],[-115.41471,47.26823],[-115.42139,47.27201],[-115.42103,47.27756],[-115.42597,47.28028],[-115.43246,47.27949],[-115.43583,47.28027],[-115.43681,47.27988],[-115.4372,47.27918],[-115.44468,47.27702],[-115.44964,47.2784],[-115.45368,47.27739],[-115.45725,47.27832],[-115.45748,47.28203],[-115.4611,47.28533],[-115.46669,47.28717],[-115.47181,47.28424],[-115.47653,47.28422],[-115.48038,47.28164],[-115.48364,47.28213],[-115.48881,47.28811],[-115.49084,47.28948],[-115.49635,47.28931],[-115.507,47.29183],[-115.51534,47.29677],[-115.52851,47.29931],[-115.52826,47.30921],[-115.53136,47.31119],[-115.53278,47.31422],[-115.53706,47.31784],[-115.54104,47.32578],[-115.53883,47.32906],[-115.55018,47.33374],[-115.54907,47.34721],[-115.5526,47.35144],[-115.55755,47.35354],[-115.5603,47.35217],[-115.56583,47.35246],[-115.57091,47.35555],[-115.57505,47.35587],[-115.57834,47.36109],[-115.57609,47.36568],[-115.57764,47.3674],[-115.58428,47.3686],[-115.58642,47.37027],[-115.59098,47.37006],[-115.59372,47.37101],[-115.59578,47.37172],[-115.60207,47.37752],[-115.6053,47.37798],[-115.60964,47.38068],[-115.6154,47.38194],[-115.61928,47.38231],[-115.62712,47.38059],[-115.63008,47.37933],[-115.63661,47.37973],[-115.64292,47.37737],[-115.64837,47.38267],[-115.64791,47.38551],[-115.6463,47.38737],[-115.6506,47.39261],[-115.65509,47.39379],[-115.65693,47.39575],[-115.6573,47.40021],[-115.66336,47.40288],[-115.66723,47.40159],[-115.67295,47.40241],[-115.67691,47.4021],[-115.67737,47.40245],[-115.67533,47.4089],[-115.6756,47.40942],[-115.68686,47.41174],[-115.69212,47.41534],[-115.69738,47.41544],[-115.69931,47.41673],[-115.70041,47.41665],[-115.70201,47.41593],[-115.71202,47.41541],[-115.71673,47.4186],[-115.71687,47.4198],[-115.72051,47.42081],[-115.72143,47.42571],[-115.73036,47.42487],[-115.73929,47.42594],[-115.74271,47.42356],[-115.75208,47.42225],[-115.75679,47.4225],[-115.75877,47.42357],[-115.7593,47.42386],[-115.7563,47.4295]]]}},{"type":"Feature","properties":{"name":"Mountain Climber (formerly Eagle Transit)","boundary_type":"county","source":"Census TIGER county","fidelity":"exact","updated":"2026-09","units":"Flathead County","note":"Flathead County Agency on Aging service; listed cities (Kalispell, Whitefish, Columbia Falls) are service hubs","confidence":0.8},"geometry":{"type":"Polygon","coordinates":[[[-114.98694,48.22612],[-114.8481,48.22613],[-114.84856,48.35902],[-114.84857,48.3666],[-114.84863,48.39946],[-114.84964,48.39946],[-114.84981,48.52877],[-114.8498,48.5735],[-114.88868,48.57355],[-114.88866,48.58294],[-114.88859,48.65853],[-114.87378,48.65877],[-114.63901,48.65888],[-114.64187,48.66423],[-114.64528,48.6655],[-114.65309,48.66893],[-114.65592,48.67057],[-114.65951,48.67123],[-114.66418,48.67141],[-114.66554,48.67297],[-114.6726,48.6757],[-114.67654,48.67657],[-114.68176,48.67533],[-114.68769,48.67626],[-114.69023,48.67755],[-114.69245,48.68014],[-114.69157,48.68214],[-114.69213,48.68458],[-114.69025,48.6846],[-114.68679,48.6879],[-114.68616,48.68995],[-114.68623,48.69247],[-114.68421,48.69434],[-114.68091,48.69463],[-114.68077,48.69819],[-114.68264,48.7007],[-114.68818,48.70229],[-114.68999,48.70362],[-114.68985,48.7058],[-114.69126,48.7089],[-114.68805,48.71266],[-114.68591,48.71337],[-114.68304,48.71563],[-114.68379,48.71899],[-114.68083,48.72062],[-114.67911,48.72431],[-114.67642,48.72513],[-114.67102,48.72785],[-114.6697,48.72748],[-114.66305,48.72838],[-114.65642,48.7305],[-114.65269,48.73031],[-114.64843,48.73136],[-114.6433,48.73276],[-114.63916,48.73193],[-114.63343,48.73436],[-114.63184,48.73729],[-114.62866,48.73868],[-114.62582,48.73831],[-114.62263,48.74121],[-114.6192,48.7426],[-114.61912,48.74556],[-114.61905,48.74869],[-114.61529,48.74995],[-114.61206,48.75186],[-114.61266,48.7547],[-114.61814,48.75956],[-114.62079,48.75958],[-114.62782,48.75853],[-114.63315,48.75847],[-114.63551,48.75936],[-114.63621,48.76282],[-114.63803,48.765],[-114.63955,48.76553],[-114.6404,48.76715],[-114.6405,48.77021],[-114.64247,48.77245],[-114.64329,48.77421],[-114.64589,48.77534],[-114.64672,48.77726],[-114.64857,48.77936],[-114.6561,48.78206],[-114.65812,48.78123],[-114.66182,48.78106],[-114.6648,48.78556],[-114.66698,48.78686],[-114.66995,48.78781],[-114.67338,48.78941],[-114.67267,48.79577],[-114.67152,48.798],[-114.67216,48.79929],[-114.67565,48.79823],[-114.67834,48.79824],[-114.68153,48.79715],[-114.68525,48.79836],[-114.69008,48.80111],[-114.69741,48.8007],[-114.70392,48.80281],[-114.70979,48.80287],[-114.71454,48.8016],[-114.71792,48.803],[-114.72119,48.80591],[-114.72268,48.80675],[-114.72606,48.80741],[-114.72991,48.80756],[-114.73248,48.8093],[-114.7312,48.81233],[-114.73168,48.81509],[-114.73079,48.81663],[-114.72809,48.81806],[-114.72739,48.8188],[-114.72753,48.82115],[-114.72648,48.82478],[-114.7256,48.82634],[-114.72671,48.82832],[-114.72268,48.83161],[-114.71486,48.83198],[-114.71084,48.83286],[-114.70801,48.83247],[-114.70557,48.83519],[-114.70526,48.83855],[-114.69765,48.84062],[-114.69519,48.84074],[-114.69206,48.84183],[-114.69176,48.84243],[-114.69189,48.84645],[-114.69353,48.85005],[-114.69083,48.85157],[-114.68933,48.85505],[-114.68991,48.85757],[-114.68906,48.85972],[-114.68964,48.8615],[-114.68942,48.86389],[-114.69081,48.86475],[-114.69207,48.86671],[-114.69193,48.86991],[-114.69365,48.8742],[-114.69895,48.87869],[-114.7022,48.88039],[-114.7035,48.88185],[-114.70358,48.88329],[-114.7063,48.88446],[-114.70982,48.88829],[-114.71057,48.89095],[-114.70773,48.89531],[-114.70565,48.89697],[-114.70523,48.90018],[-114.70333,48.90353],[-114.70406,48.906],[-114.70391,48.91027],[-114.70555,48.91293],[-114.70546,48.91465],[-114.70711,48.91848],[-114.70704,48.92208],[-114.70742,48.9245],[-114.70798,48.92741],[-114.70932,48.92998],[-114.71469,48.93048],[-114.71813,48.93177],[-114.71697,48.93506],[-114.71881,48.93868],[-114.71851,48.93957],[-114.71591,48.94208],[-114.71197,48.94397],[-114.70991,48.94556],[-114.70827,48.94864],[-114.70563,48.95148],[-114.70416,48.95202],[-114.70018,48.95249],[-114.69699,48.9539],[-114.69792,48.95566],[-114.69417,48.95785],[-114.69297,48.95918],[-114.69273,48.96178],[-114.69133,48.96445],[-114.68681,48.96588],[-114.68489,48.97153],[-114.68497,48.97336],[-114.68845,48.97454],[-114.69004,48.97647],[-114.69151,48.9765],[-114.69472,48.97789],[-114.69686,48.97994],[-114.69891,48.98012],[-114.70992,48.97993],[-114.71743,48.97956],[-114.7189,48.97995],[-114.72457,48.97983],[-114.72867,48.9819],[-114.73111,48.98169],[-114.73507,48.98279],[-114.73551,48.98669],[-114.7394,48.99083],[-114.73921,48.99159],[-114.73778,48.99236],[-114.73606,48.99513],[-114.73332,48.99768],[-114.72958,48.99976],[-114.72705,49.00059],[-114.67822,49.00073],[-114.6744,49.00068],[-114.47489,49.00115],[-114.37598,49.00139],[-114.25097,49.00091],[-114.22491,48.99969],[-114.20111,48.99925],[-114.18021,48.9997],[-114.06818,48.99892],[-114.06577,48.99603],[-114.06501,48.99421],[-114.06531,48.99222],[-114.06373,48.99067],[-114.06006,48.98913],[-114.05645,48.98609],[-114.05561,48.98234],[-114.05839,48.9799],[-114.05712,48.97809],[-114.05775,48.97668],[-114.05479,48.97229],[-114.05215,48.97077],[-114.05169,48.96724],[-114.05036,48.96337],[-114.04706,48.96261],[-114.03954,48.96311],[-114.03564,48.96417],[-114.02796,48.96473],[-114.02121,48.96134],[-114.02588,48.95722],[-114.03326,48.95264],[-114.04247,48.94589],[-114.04192,48.94063],[-114.04367,48.93868],[-114.04761,48.93671],[-114.04561,48.93364],[-114.04219,48.93206],[-114.03623,48.93142],[-114.03233,48.93243],[-114.02712,48.93278],[-114.02505,48.93346],[-114.02338,48.9309],[-114.01974,48.92678],[-114.01514,48.92521],[-114.015,48.92297],[-114.01606,48.92174],[-114.01554,48.91813],[-114.01658,48.91546],[-114.01526,48.91467],[-114.0136,48.91008],[-114.0138,48.90851],[-114.01706,48.90593],[-114.01887,48.90303],[-114.02723,48.89955],[-114.02943,48.89921],[-114.032,48.89764],[-114.03406,48.89728],[-114.03806,48.89536],[-114.04189,48.89522],[-114.04632,48.89406],[-114.05446,48.89505],[-114.0559,48.89178],[-114.05806,48.88907],[-114.05009,48.8865],[-114.04846,48.88641],[-114.04549,48.88448],[-114.03661,48.88187],[-114.03422,48.88159],[-114.03109,48.87993],[-114.02711,48.87353],[-114.02468,48.87074],[-114.01999,48.86724],[-114.01723,48.86475],[-114.01378,48.86543],[-114.01009,48.86439],[-114.00665,48.86496],[-114.00417,48.86183],[-114.00053,48.8593],[-113.99784,48.85691],[-113.99303,48.85412],[-113.99182,48.8505],[-113.99001,48.8481],[-113.98926,48.84575],[-113.98953,48.84098],[-113.99075,48.83945],[-113.99286,48.83901],[-113.99914,48.83902],[-113.99999,48.83639],[-114.00141,48.83614],[-114.00335,48.83426],[-114.00413,48.83322],[-114.00224,48.83187],[-113.99642,48.82955],[-113.98718,48.82665],[-113.9809,48.82577],[-113.98004,48.8245],[-113.97758,48.82338],[-113.97524,48.81967],[-113.9739,48.81888],[-113.97162,48.81872],[-113.97231,48.82169],[-113.9708,48.82326],[-113.96639,48.82376],[-113.96431,48.8231],[-113.96294,48.82124],[-113.96042,48.81932],[-113.95686,48.81747],[-113.95284,48.81813],[-113.95017,48.8198],[-113.9477,48.82065],[-113.94322,48.82361],[-113.94341,48.82581],[-113.93937,48.82535],[-113.93583,48.82587],[-113.93316,48.82753],[-113.92785,48.82922],[-113.92473,48.83123],[-113.92281,48.83391],[-113.91868,48.83504],[-113.91622,48.83681],[-113.91466,48.83976],[-113.91474,48.84333],[-113.91261,48.84578],[-113.91162,48.85],[-113.91048,48.8486],[-113.90635,48.84659],[-113.89924,48.84687],[-113.89422,48.84549],[-113.89182,48.84414],[-113.89026,48.84157],[-113.87571,48.83727],[-113.87443,48.84043],[-113.87331,48.84194],[-113.86774,48.84487],[-113.86548,48.84726],[-113.85589,48.85121],[-113.85321,48.8513],[-113.8506,48.85225],[-113.84846,48.85233],[-113.84403,48.8555],[-113.84159,48.85584],[-113.83897,48.85179],[-113.83707,48.85075],[-113.83342,48.85043],[-113.82739,48.84881],[-113.82145,48.84813],[-113.81872,48.84815],[-113.8179,48.84551],[-113.81806,48.84271],[-113.81491,48.83971],[-113.81075,48.83858],[-113.80563,48.83887],[-113.8026,48.84008],[-113.7997,48.84257],[-113.79727,48.84389],[-113.7928,48.84556],[-113.79054,48.84553],[-113.78972,48.84385],[-113.78655,48.84006],[-113.78556,48.83639],[-113.7863,48.8353],[-113.78553,48.83294],[-113.78044,48.82921],[-113.77818,48.82803],[-113.77606,48.82608],[-113.77311,48.82496],[-113.77118,48.82347],[-113.76732,48.82291],[-113.76638,48.82145],[-113.76298,48.8206],[-113.75694,48.81832],[-113.75786,48.81681],[-113.76021,48.81573],[-113.75976,48.81467],[-113.76124,48.81283],[-113.76019,48.81041],[-113.76249,48.80732],[-113.76396,48.8037],[-113.76993,48.8013],[-113.77281,48.80084],[-113.77374,48.79722],[-113.7731,48.79631],[-113.77079,48.78933],[-113.77166,48.78776],[-113.77033,48.78651],[-113.76653,48.78513],[-113.76525,48.78167],[-113.76499,48.77878],[-113.76277,48.77634],[-113.76165,48.7733],[-113.75514,48.77012],[-113.75347,48.76881],[-113.74907,48.76716],[-113.74271,48.76522],[-113.74361,48.76226],[-113.74204,48.75991],[-113.74135,48.75725],[-113.74031,48.75603],[-113.73925,48.75281],[-113.7355,48.7494],[-113.73139,48.74766],[-113.72746,48.74522],[-113.72361,48.74418],[-113.71489,48.74259],[-113.71167,48.738],[-113.71107,48.7365],[-113.70908,48.73461],[-113.70711,48.73082],[-113.70965,48.72411],[-113.70294,48.71986],[-113.70266,48.71793],[-113.70278,48.71638],[-113.70423,48.7161],[-113.70711,48.7141],[-113.70673,48.71259],[-113.70996,48.70418],[-113.71344,48.70044],[-113.71315,48.69942],[-113.71709,48.69756],[-113.71982,48.69489],[-113.72553,48.69357],[-113.73205,48.69349],[-113.73315,48.69424],[-113.74055,48.69291],[-113.73984,48.68882],[-113.73675,48.68619],[-113.73789,48.68454],[-113.73467,48.68032],[-113.73204,48.67791],[-113.73145,48.67515],[-113.72929,48.67317],[-113.72589,48.67146],[-113.73907,48.66315],[-113.74029,48.65954],[-113.7403,48.65763],[-113.74144,48.65562],[-113.74457,48.65319],[-113.74557,48.65277],[-113.74625,48.64969],[-113.74577,48.64737],[-113.74664,48.64381],[-113.74589,48.64272],[-113.74668,48.63948],[-113.74217,48.63555],[-113.7467,48.63138],[-113.74721,48.62994],[-113.74749,48.624],[-113.75028,48.62232],[-113.75403,48.61854],[-113.75045,48.61433],[-113.74391,48.61126],[-113.74172,48.61103],[-113.73684,48.60876],[-113.73455,48.60892],[-113.7298,48.60461],[-113.72868,48.60274],[-113.72448,48.60007],[-113.71985,48.6006],[-113.71566,48.59877],[-113.7121,48.59628],[-113.70792,48.59471],[-113.70212,48.59425],[-113.69353,48.59268],[-113.68519,48.59419],[-113.67975,48.59339],[-113.67603,48.59164],[-113.67061,48.58855],[-113.66828,48.58846],[-113.66636,48.58669],[-113.66356,48.58564],[-113.66137,48.58598],[-113.65885,48.58724],[-113.65477,48.5901],[-113.65236,48.59085],[-113.64985,48.59391],[-113.6468,48.59524],[-113.64348,48.59935],[-113.64127,48.60055],[-113.63885,48.59987],[-113.63226,48.59882],[-113.62785,48.59655],[-113.62221,48.59114],[-113.61774,48.5886],[-113.61662,48.58734],[-113.61612,48.58442],[-113.61413,48.58048],[-113.61219,48.57855],[-113.60914,48.57698],[-113.60419,48.57539],[-113.60055,48.57498],[-113.59532,48.57672],[-113.59295,48.57698],[-113.59083,48.57843],[-113.58972,48.58178],[-113.58648,48.58353],[-113.58176,48.58364],[-113.57835,48.58424],[-113.5742,48.58105],[-113.57206,48.57897],[-113.5671,48.58071],[-113.56501,48.58181],[-113.56241,48.58222],[-113.55849,48.5838],[-113.55491,48.58334],[-113.55066,48.5844],[-113.5471,48.58477],[-113.54385,48.58702],[-113.53948,48.58068],[-113.53652,48.57805],[-113.53378,48.57672],[-113.53127,48.57719],[-113.52623,48.5758],[-113.52293,48.57395],[-113.5169,48.57292],[-113.51558,48.56996],[-113.51298,48.5664],[-113.51196,48.56182],[-113.51032,48.55982],[-113.50206,48.55809],[-113.49929,48.55631],[-113.49651,48.55379],[-113.49345,48.55258],[-113.49229,48.55233],[-113.48638,48.55383],[-113.48422,48.55395],[-113.47338,48.55248],[-113.47226,48.55079],[-113.46737,48.54756],[-113.46895,48.54086],[-113.46863,48.53903],[-113.46967,48.53804],[-113.46986,48.5359],[-113.46883,48.53442],[-113.46864,48.53025],[-113.47137,48.52617],[-113.47269,48.52501],[-113.47219,48.52255],[-113.47225,48.51754],[-113.47135,48.5156],[-113.47281,48.51387],[-113.47246,48.51193],[-113.47314,48.51058],[-113.47365,48.50479],[-113.47289,48.50237],[-113.46781,48.49989],[-113.46605,48.49817],[-113.46951,48.49262],[-113.47182,48.48758],[-113.47024,48.4829],[-113.46733,48.47886],[-113.46658,48.47453],[-113.47367,48.46985],[-113.47661,48.46521],[-113.47701,48.4629],[-113.48084,48.45966],[-113.48088,48.45804],[-113.47916,48.45311],[-113.47296,48.4521],[-113.46864,48.44808],[-113.46551,48.44712],[-113.46457,48.44542],[-113.46195,48.44514],[-113.45419,48.44543],[-113.45236,48.44578],[-113.45103,48.44326],[-113.44577,48.44207],[-113.43898,48.43481],[-113.43387,48.43238],[-113.42989,48.43187],[-113.42469,48.43064],[-113.42374,48.42874],[-113.41876,48.42628],[-113.41762,48.4246],[-113.4155,48.42369],[-113.41347,48.42088],[-113.41102,48.41954],[-113.40644,48.41945],[-113.39578,48.41725],[-113.38992,48.41652],[-113.38779,48.41632],[-113.38161,48.41707],[-113.37738,48.42018],[-113.3756,48.42042],[-113.37221,48.42207],[-113.3673,48.42313],[-113.36185,48.42322],[-113.35638,48.42409],[-113.35586,48.42158],[-113.35363,48.41968],[-113.34839,48.41276],[-113.34985,48.41104],[-113.35111,48.40594],[-113.34963,48.40214],[-113.34842,48.40145],[-113.34881,48.39917],[-113.3472,48.39634],[-113.34689,48.39444],[-113.34496,48.39323],[-113.34113,48.39203],[-113.33342,48.38796],[-113.33401,48.38194],[-113.3361,48.37876],[-113.3369,48.37595],[-113.33916,48.37134],[-113.34281,48.36882],[-113.34586,48.36611],[-113.34845,48.36492],[-113.35153,48.36185],[-113.35609,48.36021],[-113.36174,48.35704],[-113.36351,48.3556],[-113.37029,48.35379],[-113.37382,48.35099],[-113.37574,48.34822],[-113.37884,48.34579],[-113.38306,48.34362],[-113.38666,48.34319],[-113.38714,48.34215],[-113.38602,48.34067],[-113.3827,48.3391],[-113.38162,48.33793],[-113.3783,48.33595],[-113.37391,48.3313],[-113.37437,48.32895],[-113.37381,48.3277],[-113.37476,48.325],[-113.37427,48.32393],[-113.37035,48.32339],[-113.36706,48.32239],[-113.36557,48.3212],[-113.36538,48.31956],[-113.36064,48.31849],[-113.3573,48.31701],[-113.3548,48.3165],[-113.34791,48.31107],[-113.34905,48.31026],[-113.34998,48.30821],[-113.34833,48.30728],[-113.34927,48.30551],[-113.34752,48.30503],[-113.348,48.30311],[-113.34296,48.30212],[-113.34225,48.2992],[-113.33965,48.29953],[-113.33626,48.29904],[-113.33376,48.29817],[-113.33229,48.29591],[-113.32965,48.29521],[-113.3301,48.29378],[-113.3298,48.29118],[-113.3278,48.29055],[-113.32741,48.2894],[-113.32258,48.28772],[-113.31828,48.28811],[-113.31104,48.28723],[-113.30822,48.28632],[-113.30317,48.28526],[-113.30021,48.28512],[-113.29797,48.28434],[-113.29686,48.28158],[-113.29358,48.27723],[-113.29363,48.27532],[-113.29281,48.27426],[-113.28985,48.27244],[-113.28848,48.26974],[-113.28893,48.26625],[-113.28958,48.26534],[-113.286,48.264],[-113.28112,48.26337],[-113.27806,48.26066],[-113.27496,48.25937],[-113.27046,48.25924],[-113.26761,48.25997],[-113.26486,48.25786],[-113.26339,48.25757],[-113.25825,48.25514],[-113.25315,48.25493],[-113.24979,48.25521],[-113.24752,48.25196],[-113.24157,48.24797],[-113.23678,48.24721],[-113.23635,48.24385],[-113.23543,48.24223],[-113.23507,48.23975],[-113.23426,48.23857],[-113.23195,48.23817],[-113.22768,48.23575],[-113.22661,48.23436],[-113.22588,48.23165],[-113.22892,48.22941],[-113.22868,48.22754],[-113.22586,48.22493],[-113.22801,48.22428],[-113.22878,48.22266],[-113.23135,48.22046],[-113.23528,48.21908],[-113.23685,48.218],[-113.23578,48.21457],[-113.23566,48.21221],[-113.23762,48.21063],[-113.23635,48.20718],[-113.23458,48.204],[-113.23554,48.20083],[-113.23466,48.1974],[-113.23292,48.19463],[-113.23459,48.19009],[-113.23099,48.18547],[-113.23156,48.18396],[-113.23072,48.182],[-113.23454,48.18013],[-113.23564,48.17742],[-113.23484,48.17481],[-113.23293,48.1732],[-113.23165,48.17108],[-113.23091,48.17043],[-113.22687,48.17183],[-113.22419,48.16995],[-113.22057,48.16998],[-113.21804,48.16824],[-113.21233,48.16544],[-113.20893,48.16422],[-113.20785,48.16438],[-113.20442,48.16673],[-113.20269,48.16904],[-113.1973,48.16874],[-113.19653,48.16828],[-113.19472,48.1703],[-113.19213,48.17123],[-113.19234,48.17422],[-113.19125,48.17566],[-113.19015,48.17525],[-113.18874,48.17266],[-113.18497,48.17147],[-113.18355,48.17461],[-113.18175,48.17473],[-113.17805,48.17129],[-113.17505,48.16928],[-113.17256,48.16838],[-113.17011,48.16689],[-113.1662,48.16546],[-113.16441,48.16304],[-113.1649,48.16177],[-113.16155,48.158],[-113.15895,48.15663],[-113.15799,48.15557],[-113.15349,48.15299],[-113.15228,48.15124],[-113.14978,48.15132],[-113.1482,48.15225],[-113.14424,48.15237],[-113.14192,48.15335],[-113.1385,48.15032],[-113.13658,48.15044],[-113.13079,48.14546],[-113.13179,48.14336],[-113.13085,48.14014],[-113.13298,48.13822],[-113.13477,48.13836],[-113.13126,48.13595],[-113.12901,48.13532],[-113.12614,48.13651],[-113.12391,48.13812],[-113.1217,48.1375],[-113.11985,48.13775],[-113.11647,48.13726],[-113.11232,48.13885],[-113.1077,48.13792],[-113.10569,48.13718],[-113.10398,48.13799],[-113.09685,48.13917],[-113.09429,48.1375],[-113.09158,48.13645],[-113.09044,48.13658],[-113.08684,48.13926],[-113.08512,48.14011],[-113.08043,48.14107],[-113.07964,48.1424],[-113.07606,48.14448],[-113.07341,48.14505],[-113.06829,48.14841],[-113.0706,48.15237],[-113.06982,48.15275],[-113.06635,48.15062],[-113.06284,48.14928],[-113.0593,48.14651],[-113.05747,48.14432],[-113.0528,48.14034],[-113.05493,48.13746],[-113.05606,48.13352],[-113.05441,48.13192],[-113.0538,48.12804],[-113.05563,48.12486],[-113.05471,48.12335],[-113.05118,48.12131],[-113.04892,48.12131],[-113.04643,48.12327],[-113.0425,48.12409],[-113.03994,48.12545],[-113.03937,48.12959],[-113.03831,48.13031],[-113.03485,48.13103],[-113.03315,48.13272],[-113.03062,48.13331],[-113.02657,48.13043],[-113.02623,48.12963],[-113.02396,48.13022],[-113.02116,48.12948],[-113.01678,48.13245],[-113.01481,48.13103],[-113.01304,48.13054],[-113.00994,48.12823],[-113.00704,48.12978],[-113.00377,48.13065],[-113.00062,48.13073],[-112.99775,48.12731],[-112.99542,48.12548],[-112.99096,48.12417],[-112.98493,48.12046],[-112.98337,48.11776],[-112.98549,48.11651],[-112.99324,48.11486],[-112.99071,48.1078],[-112.99343,48.10745],[-112.99609,48.10609],[-112.99515,48.10387],[-112.99424,48.09851],[-112.99224,48.09683],[-112.9876,48.09509],[-112.98325,48.0917],[-112.98245,48.09042],[-112.97899,48.08885],[-112.98286,48.08644],[-112.97962,48.08299],[-112.97818,48.0802],[-112.97879,48.07861],[-112.98148,48.07772],[-112.98227,48.07556],[-112.98177,48.07376],[-112.97724,48.0731],[-112.97575,48.07364],[-112.97289,48.07269],[-112.97087,48.07276],[-112.96839,48.0746],[-112.96484,48.07514],[-112.96371,48.07491],[-112.95976,48.06975],[-112.95627,48.06822],[-112.95289,48.06561],[-112.94907,48.06403],[-112.94512,48.06334],[-112.94252,48.06361],[-112.93777,48.06093],[-112.93652,48.05715],[-112.93713,48.05552],[-112.94565,48.05314],[-112.95072,48.04998],[-112.95202,48.04551],[-112.95199,48.04422],[-112.95137,48.04252],[-112.95194,48.04076],[-112.94967,48.03736],[-112.95032,48.03583],[-112.95003,48.03353],[-112.94707,48.03098],[-112.9448,48.03135],[-112.9415,48.03362],[-112.93569,48.03515],[-112.93235,48.03324],[-112.927,48.03167],[-112.92372,48.03273],[-112.92146,48.03219],[-112.91918,48.03025],[-112.91592,48.02854],[-112.90767,48.02959],[-112.907,48.02788],[-112.90391,48.02421],[-112.90041,48.02095],[-112.89666,48.01902],[-112.89546,48.01594],[-112.89529,48.01033],[-112.89195,48.00376],[-112.88977,47.9969],[-112.888,47.99239],[-112.88524,47.988],[-112.88488,47.98541],[-112.88221,47.98268],[-112.8787,47.97716],[-112.87893,47.97571],[-112.88754,47.97495],[-112.88991,47.9763],[-112.89231,47.97636],[-112.8979,47.97245],[-112.89937,47.96988],[-112.90067,47.9659],[-112.90041,47.96477],[-112.90283,47.96259],[-112.90593,47.96232],[-112.90664,47.96061],[-112.90621,47.95741],[-112.90876,47.95366],[-112.90903,47.95229],[-112.9078,47.95098],[-112.90995,47.94999],[-112.91259,47.94641],[-112.91925,47.94634],[-112.92244,47.94559],[-112.93142,47.94533],[-112.93312,47.94439],[-112.93828,47.94456],[-112.94225,47.94679],[-112.94709,47.94698],[-112.95163,47.94481],[-112.95809,47.95147],[-112.96159,47.95199],[-112.96608,47.95206],[-112.97098,47.95454],[-112.97955,47.95493],[-112.98176,47.95529],[-112.98473,47.95392],[-112.98562,47.95275],[-112.98732,47.95223],[-112.98782,47.95003],[-112.99074,47.9497],[-112.99115,47.94873],[-112.99324,47.9483],[-112.99696,47.9462],[-112.99837,47.94408],[-113.00088,47.94373],[-113.00258,47.94432],[-113.00902,47.94334],[-113.01379,47.94148],[-113.01543,47.93714],[-113.0178,47.93578],[-113.01961,47.93227],[-113.0216,47.93012],[-113.021,47.92761],[-113.02211,47.9271],[-113.02873,47.92655],[-113.03224,47.92589],[-113.04283,47.9256],[-113.04573,47.92712],[-113.05396,47.9256],[-113.0596,47.92504],[-113.06348,47.92512],[-113.06553,47.92659],[-113.06794,47.92541],[-113.06899,47.92338],[-113.07989,47.92093],[-113.08503,47.91861],[-113.08663,47.91818],[-113.08722,47.91584],[-113.08664,47.91383],[-113.08739,47.91185],[-113.08655,47.91062],[-113.09149,47.90917],[-113.09333,47.90797],[-113.09332,47.90636],[-113.09188,47.90432],[-113.09229,47.90373],[-113.09096,47.90097],[-113.09237,47.89882],[-113.09252,47.89613],[-113.09048,47.89294],[-113.08901,47.89211],[-113.08601,47.89314],[-113.08268,47.89314],[-113.0813,47.89222],[-113.07731,47.89187],[-113.07423,47.89075],[-113.07167,47.88847],[-113.0687,47.88678],[-113.06327,47.88564],[-113.06395,47.88388],[-113.06425,47.88033],[-113.06528,47.87736],[-113.06262,47.87419],[-113.05813,47.87082],[-113.05895,47.86924],[-113.05917,47.86648],[-113.06033,47.86128],[-113.05959,47.85934],[-113.06077,47.85773],[-113.05996,47.85607],[-113.0578,47.85402],[-113.05853,47.85189],[-113.05893,47.84445],[-113.05819,47.8425],[-113.06268,47.84092],[-113.06643,47.83812],[-113.06585,47.8345],[-113.06803,47.83189],[-113.06933,47.82925],[-113.0669,47.82739],[-113.06695,47.82568],[-113.06454,47.8234],[-113.06237,47.82201],[-113.06272,47.81999],[-113.06231,47.81747],[-113.06406,47.81349],[-113.06254,47.81147],[-113.0624,47.81016],[-113.05997,47.80806],[-113.06294,47.80628],[-113.06242,47.80574],[-113.06478,47.80406],[-113.0664,47.80139],[-113.06683,47.79924],[-113.0652,47.7966],[-113.06598,47.7952],[-113.0615,47.78816],[-113.06624,47.78276],[-113.06749,47.78008],[-113.06645,47.77621],[-113.06759,47.77542],[-113.07017,47.77407],[-113.07263,47.77347],[-113.07719,47.77369],[-113.08056,47.7725],[-113.08259,47.77306],[-113.08281,47.77053],[-113.08446,47.76837],[-113.08316,47.7653],[-113.08104,47.76376],[-113.08329,47.76185],[-113.08322,47.76036],[-113.08177,47.75849],[-113.07986,47.75783],[-113.08103,47.75578],[-113.081,47.74992],[-113.08342,47.74915],[-113.08527,47.74775],[-113.08972,47.74611],[-113.09407,47.74358],[-113.09789,47.74445],[-113.09998,47.74373],[-113.10365,47.74373],[-113.10552,47.7431],[-113.10979,47.74359],[-113.11254,47.74271],[-113.12186,47.74159],[-113.12687,47.7431],[-113.12783,47.74382],[-113.13257,47.74373],[-113.13799,47.74579],[-113.14243,47.74407],[-113.14432,47.74148],[-113.14647,47.73998],[-113.14827,47.73791],[-113.14916,47.73595],[-113.1524,47.73467],[-113.15455,47.73246],[-113.16412,47.73002],[-113.16555,47.72796],[-113.16534,47.7224],[-113.16581,47.71976],[-113.16455,47.71489],[-113.16359,47.71289],[-113.16113,47.71034],[-113.16022,47.70875],[-113.15855,47.7012],[-113.15869,47.69897],[-113.15781,47.69579],[-113.1561,47.69312],[-113.15211,47.6889],[-113.1491,47.68692],[-113.14856,47.68507],[-113.14859,47.68237],[-113.14641,47.67647],[-113.14352,47.67321],[-113.14069,47.6713],[-113.14013,47.66982],[-113.1409,47.6686],[-113.13976,47.66801],[-113.13717,47.6649],[-113.13537,47.66339],[-113.1327,47.66221],[-113.12847,47.66105],[-113.12839,47.65851],[-113.12915,47.65688],[-113.12879,47.65512],[-113.12848,47.64781],[-113.12811,47.64661],[-113.13018,47.64463],[-113.13029,47.64158],[-113.13262,47.63919],[-113.13751,47.6384],[-113.1389,47.63926],[-113.14448,47.63722],[-113.14507,47.63037],[-113.14414,47.6284],[-113.14436,47.62669],[-113.14359,47.62537],[-113.14057,47.62404],[-113.13862,47.62392],[-113.13576,47.62032],[-113.13912,47.61784],[-113.14075,47.61507],[-113.1442,47.61134],[-113.14629,47.60751],[-113.1472,47.60247],[-113.1461,47.59991],[-113.14633,47.599],[-113.14437,47.59551],[-113.32584,47.59551],[-113.32584,47.60016],[-113.46648,47.60006],[-113.63408,47.60003],[-113.63112,47.6056],[-113.62996,47.60939],[-113.62911,47.61018],[-113.62881,47.61544],[-113.62823,47.61778],[-113.62599,47.62021],[-113.62509,47.62202],[-113.62537,47.62385],[-113.62907,47.62695],[-113.62672,47.63007],[-113.6245,47.63383],[-113.6237,47.63615],[-113.62415,47.6382],[-113.62457,47.64437],[-113.62606,47.64766],[-113.62576,47.6501],[-113.62395,47.65246],[-113.62382,47.65516],[-113.62266,47.65866],[-113.62077,47.65967],[-113.61891,47.65929],[-113.61751,47.66186],[-113.60595,47.66318],[-113.60511,47.66657],[-113.60413,47.66836],[-113.60368,47.67208],[-113.6018,47.67405],[-113.60024,47.67783],[-113.60012,47.67962],[-113.59811,47.68315],[-113.59969,47.68808],[-113.59847,47.69021],[-113.59897,47.69367],[-113.59865,47.69746],[-113.60017,47.69827],[-113.60116,47.70037],[-113.60285,47.70205],[-113.60184,47.70522],[-113.60238,47.71115],[-113.60322,47.71367],[-113.60454,47.71556],[-113.60368,47.71836],[-113.60392,47.72144],[-113.60555,47.72226],[-113.61437,47.72292],[-113.61706,47.72367],[-113.62111,47.72255],[-113.6267,47.72033],[-113.63346,47.71934],[-113.63711,47.72003],[-113.64059,47.72],[-113.64029,47.72122],[-113.64319,47.72322],[-113.6442,47.72591],[-113.64961,47.72977],[-113.65107,47.73182],[-113.65597,47.73291],[-113.65949,47.73531],[-113.66034,47.73794],[-113.66383,47.74488],[-113.66389,47.74663],[-113.66257,47.74854],[-113.65842,47.75022],[-113.65572,47.75066],[-113.64974,47.75585],[-113.64803,47.75975],[-113.64703,47.76035],[-113.64734,47.76193],[-113.64666,47.76483],[-113.65268,47.77381],[-113.65293,47.77672],[-113.65572,47.77738],[-113.65836,47.77718],[-113.66245,47.77908],[-113.6692,47.78319],[-113.67064,47.78315],[-113.67309,47.78809],[-113.67306,47.79026],[-113.67535,47.7934],[-113.67834,47.79444],[-113.68101,47.7946],[-113.6819,47.79619],[-113.68094,47.79635],[-113.68219,47.79829],[-113.68055,47.79956],[-113.68186,47.80202],[-113.68092,47.80339],[-113.6817,47.80515],[-113.68056,47.80743],[-113.68083,47.80891],[-113.67958,47.80933],[-113.67736,47.81179],[-113.67143,47.81188],[-113.66959,47.81232],[-113.66703,47.81486],[-113.66747,47.81893],[-113.67091,47.82073],[-113.67346,47.82657],[-113.67279,47.82936],[-113.67337,47.83091],[-113.67243,47.83284],[-113.6694,47.83585],[-113.6688,47.83782],[-113.6662,47.84065],[-113.66936,47.84279],[-113.66947,47.84624],[-113.66881,47.84732],[-113.67097,47.84874],[-113.67177,47.85138],[-113.67188,47.85485],[-113.67317,47.85567],[-113.6757,47.86028],[-113.6748,47.86378],[-113.6749,47.86581],[-113.67319,47.86616],[-113.66945,47.86921],[-113.66677,47.87054],[-113.66583,47.87245],[-113.66565,47.87611],[-113.6666,47.87784],[-113.66726,47.8817],[-113.66529,47.8829],[-113.66547,47.88442],[-113.66724,47.88954],[-113.66808,47.89096],[-113.67201,47.89635],[-113.67531,47.89698],[-113.67849,47.8986],[-113.68073,47.90058],[-113.68477,47.90169],[-113.6892,47.90598],[-113.69261,47.90687],[-113.69476,47.90868],[-113.69596,47.91248],[-113.69744,47.91361],[-113.69873,47.91675],[-113.70156,47.91553],[-113.70593,47.91601],[-113.70881,47.9172],[-113.7185,47.91673],[-113.72456,47.92107],[-113.72734,47.92397],[-113.72812,47.92617],[-113.72747,47.92792],[-113.72754,47.9308],[-113.72829,47.9342],[-113.73033,47.93493],[-113.73171,47.93873],[-113.73816,47.94517],[-113.74143,47.94615],[-113.74427,47.95045],[-113.74718,47.95295],[-113.74838,47.95291],[-113.75277,47.95118],[-113.75578,47.95163],[-113.76239,47.95179],[-113.76577,47.95062],[-113.76661,47.94902],[-113.76821,47.94894],[-113.77036,47.94766],[-113.77421,47.95045],[-113.77289,47.95161],[-113.7724,47.95337],[-113.77289,47.95618],[-113.77234,47.95797],[-113.77488,47.95813],[-113.77576,47.95826],[-113.77815,47.95906],[-113.78094,47.96227],[-113.78205,47.96457],[-113.78447,47.96628],[-113.78926,47.9688],[-113.7917,47.96903],[-113.79567,47.96822],[-113.79487,47.96914],[-113.79611,47.97212],[-113.79917,47.97307],[-113.80084,47.97508],[-113.80285,47.97565],[-113.80368,47.98021],[-113.80832,47.97974],[-113.81099,47.98207],[-113.81385,47.98318],[-113.81573,47.98129],[-113.81826,47.97995],[-113.82033,47.98139],[-113.82051,47.97962],[-113.82168,47.9787],[-113.82423,47.97884],[-113.82537,47.97988],[-113.82977,47.98108],[-113.83167,47.97926],[-113.83161,47.97722],[-113.83295,47.97641],[-113.83552,47.97716],[-113.83774,47.97712],[-113.84082,47.97831],[-113.8422,47.97824],[-113.84506,47.98155],[-113.84461,47.98629],[-113.85084,47.99099],[-113.85188,47.99269],[-113.85541,47.99611],[-113.85593,47.99916],[-113.85713,48.00141],[-113.85971,48.00296],[-113.86264,48.0073],[-113.86331,48.01022],[-113.86537,48.01414],[-113.86429,48.01846],[-113.85932,48.01922],[-113.85939,48.02189],[-113.85835,48.02247],[-113.85923,48.02552],[-113.86222,48.02856],[-113.86553,48.03089],[-113.86561,48.03227],[-113.86984,48.03446],[-113.87023,48.03717],[-113.86875,48.03764],[-113.86649,48.04145],[-113.868,48.04319],[-113.8701,48.04251],[-113.87234,48.04284],[-113.87424,48.04276],[-113.87712,48.04164],[-113.88296,48.04483],[-113.88614,48.04771],[-113.88643,48.05092],[-113.88454,48.0519],[-113.94236,48.0516],[-113.96934,48.05159],[-113.97448,48.05159],[-113.98244,48.05164],[-113.9829,48.05164],[-114.01673,48.05174],[-114.01795,48.05165],[-114.02097,48.05165],[-114.02904,48.05165],[-114.02895,48.04989],[-114.02833,48.03734],[-114.0499,48.03734],[-114.05024,48.02299],[-114.06702,48.02311],[-114.06905,48.02313],[-114.07828,48.02315],[-114.07717,48.01962],[-114.0745,48.01561],[-114.07387,48.01408],[-114.06961,48.00838],[-114.06852,48.00737],[-114.06737,48.0032],[-114.06557,48.00113],[-114.06391,47.99809],[-114.0638,47.99624],[-114.06211,47.99395],[-114.064,47.99329],[-114.06278,47.99203],[-114.06218,47.98998],[-114.06166,47.99009],[-114.0591,47.99435],[-114.05917,47.99531],[-114.05732,47.99765],[-114.05733,48.00028],[-114.05391,47.99982],[-114.05269,48.00066],[-114.05036,48.00059],[-114.04992,47.9996],[-114.04558,47.99741],[-114.04414,47.9966],[-114.04233,47.99226],[-114.04084,47.99067],[-114.03899,47.98754],[-114.03949,47.9852],[-114.03898,47.98237],[-114.04078,47.97566],[-114.04274,47.97151],[-114.04072,47.96675],[-114.03854,47.96255],[-114.11008,47.96254],[-114.11145,47.96254],[-114.12093,47.96254],[-114.18455,47.9624],[-114.18777,47.96226],[-114.19855,47.96227],[-114.32181,47.96223],[-114.3681,47.96203],[-114.49219,47.96199],[-114.49211,47.8861],[-114.49215,47.87541],[-114.47745,47.8754],[-114.47737,47.8334],[-114.47729,47.78994],[-114.48959,47.78993],[-114.52014,47.78989],[-114.60446,47.78987],[-114.60443,47.81246],[-114.60456,47.81405],[-114.60458,47.87561],[-114.60664,47.87561],[-114.81868,47.87577],[-114.82885,47.87578],[-114.86112,47.87578],[-114.86112,47.8728],[-114.88167,47.87281],[-114.98934,47.87281],[-114.98943,48.00314],[-115.01068,48.00314],[-115.01067,48.01762],[-115.01062,48.04659],[-115.01068,48.09746],[-115.0101,48.10469],[-115.01009,48.13911],[-115.0197,48.13914],[-115.02008,48.22595],[-114.98694,48.22612]]]}},{"type":"Feature","properties":{"name":"Northern Cheyenne Transit (REZ RUNNER)","boundary_type":"tribal","source":"Census TIGER AIANNH area","fidelity":"exact","updated":"2026-09","units":"Northern Cheyenne Indian Reservation and Off-Reservation Trust Land","note":"Northern Cheyenne Indian Reservation with monthly trips to Billings and Sheridan WY; general-public service inferred by analogy.","confidence":0.8},"geometry":{"type":"MultiPolygon","coordinates":[[[[-103.39937,44.47457],[-103.39769,44.47395],[-103.39789,44.4635],[-103.40808,44.46343],[-103.40811,44.46014],[-103.41811,44.46005],[-103.41815,44.46697],[-103.40801,44.467],[-103.40798,44.47449],[-103.39937,44.47457]]],[[[-103.43343,44.46722],[-103.43913,44.46742],[-103.43913,44.47052],[-103.42801,44.47053],[-103.42803,44.46417],[-103.43342,44.46415],[-103.43343,44.46722]]],[[[-103.41835,44.48181],[-103.41836,44.48865],[-103.40845,44.48893],[-103.40846,44.48185],[-103.4135,44.4818],[-103.41835,44.48181]]],[[[-106.80793,45.1062],[-106.80794,45.1073],[-106.79265,45.10707],[-106.79261,45.10449],[-106.79596,45.10448],[-106.7975,45.1026],[-106.79746,45.09799],[-106.80132,45.09947],[-106.80658,45.09962],[-106.80502,45.09755],[-106.80301,45.09617],[-106.8135,45.0961],[-106.81817,45.09965],[-106.81812,45.1035],[-106.81312,45.10353],[-106.81309,45.1073],[-106.81108,45.10625],[-106.80793,45.1062]]],[[[-106.78189,45.11508],[-106.78424,45.11512],[-106.79806,45.1151],[-106.79806,45.12202],[-106.79287,45.12198],[-106.79289,45.11916],[-106.78212,45.11912],[-106.78189,45.11508]]],[[[-106.66835,45.3951],[-106.64759,45.3951],[-106.64759,45.38089],[-106.62678,45.38088],[-106.62682,45.3663],[-106.64731,45.36555],[-106.64727,45.3517],[-106.66815,45.3517],[-106.66815,45.35881],[-106.67326,45.35881],[-106.67326,45.35522],[-106.6936,45.35522],[-106.6936,45.35889],[-106.68849,45.35889],[-106.68853,45.38051],[-106.66833,45.38051],[-106.66835,45.3951]]],[[[-107.01882,45.52843],[-107.01882,45.52958],[-107.01871,45.55487],[-107.01629,45.6914],[-106.99468,45.69129],[-106.97405,45.69114],[-106.97407,45.68413],[-106.91296,45.68391],[-106.87668,45.68389],[-106.84649,45.68383],[-106.84648,45.67659],[-106.72757,45.67647],[-106.69885,45.67646],[-106.69654,45.67649],[-106.6872,45.67636],[-106.62516,45.67605],[-106.61952,45.67623],[-106.60447,45.67627],[-106.60459,45.68348],[-106.5444,45.68341],[-106.54363,45.68703],[-106.54363,45.69066],[-106.48241,45.69056],[-106.48241,45.68917],[-106.47803,45.68917],[-106.435,45.68922],[-106.43497,45.68559],[-106.43015,45.6856],[-106.37822,45.68561],[-106.37823,45.67837],[-106.37557,45.67909],[-106.36895,45.6797],[-106.35756,45.67952],[-106.33721,45.67921],[-106.33696,45.68431],[-106.2859,45.68354],[-106.28495,45.6828],[-106.28306,45.67969],[-106.28321,45.67712],[-106.28543,45.67466],[-106.28654,45.67486],[-106.28916,45.67697],[-106.29098,45.67624],[-106.28844,45.67415],[-106.28726,45.67198],[-106.286,45.66639],[-106.28436,45.66457],[-106.28495,45.664],[-106.28643,45.66349],[-106.28959,45.66372],[-106.28962,45.65679],[-106.28758,45.65393],[-106.28852,45.65253],[-106.28991,45.65248],[-106.29525,45.65349],[-106.29615,45.65296],[-106.29595,45.65104],[-106.28962,45.64831],[-106.28819,45.64657],[-106.28524,45.64411],[-106.28265,45.64392],[-106.28023,45.64251],[-106.27883,45.64096],[-106.28295,45.63607],[-106.28591,45.63524],[-106.28803,45.63546],[-106.29162,45.63512],[-106.2918,45.63374],[-106.28971,45.63265],[-106.28752,45.63195],[-106.28492,45.63273],[-106.27703,45.63359],[-106.27502,45.63304],[-106.27503,45.63184],[-106.27659,45.62878],[-106.28078,45.62803],[-106.2826,45.62735],[-106.28485,45.62555],[-106.28617,45.62131],[-106.28625,45.61948],[-106.28529,45.61924],[-106.281,45.62172],[-106.27498,45.62162],[-106.27213,45.61971],[-106.27185,45.61872],[-106.27351,45.61623],[-106.27644,45.61616],[-106.27743,45.61773],[-106.27924,45.61827],[-106.28304,45.61778],[-106.28226,45.61661],[-106.2799,45.61585],[-106.28028,45.61464],[-106.28356,45.61409],[-106.28498,45.61239],[-106.28508,45.61126],[-106.2827,45.60928],[-106.28106,45.60926],[-106.27916,45.61107],[-106.27622,45.61145],[-106.27479,45.61058],[-106.2745,45.60777],[-106.27227,45.60683],[-106.26762,45.60576],[-106.26859,45.60234],[-106.27148,45.60202],[-106.27356,45.60078],[-106.27457,45.59796],[-106.27851,45.59829],[-106.27863,45.59996],[-106.27953,45.60075],[-106.28106,45.59996],[-106.28351,45.60021],[-106.28352,45.59778],[-106.28781,45.59775],[-106.28924,45.59739],[-106.29027,45.59869],[-106.28895,45.60032],[-106.28986,45.60135],[-106.29087,45.60108],[-106.29277,45.59927],[-106.29441,45.59835],[-106.29357,45.59752],[-106.29083,45.59736],[-106.2885,45.59584],[-106.28706,45.59311],[-106.28687,45.59217],[-106.2882,45.59063],[-106.28671,45.58953],[-106.29315,45.58829],[-106.29481,45.58853],[-106.29482,45.58599],[-106.29307,45.58609],[-106.29088,45.58509],[-106.28442,45.58043],[-106.28346,45.58102],[-106.2818,45.58018],[-106.2868,45.57758],[-106.28519,45.57712],[-106.28521,45.57314],[-106.28262,45.57156],[-106.28288,45.56996],[-106.28425,45.56804],[-106.28422,45.5652],[-106.2854,45.56409],[-106.28541,45.56086],[-106.28541,45.56056],[-106.29083,45.56056],[-106.2902,45.55834],[-106.28756,45.55682],[-106.2871,45.55493],[-106.29114,45.55592],[-106.29117,45.55362],[-106.29541,45.55454],[-106.29795,45.55379],[-106.29527,45.55169],[-106.29751,45.54825],[-106.30145,45.54971],[-106.3015,45.54797],[-106.30127,45.54698],[-106.30565,45.54307],[-106.30806,45.54181],[-106.3096,45.54348],[-106.30882,45.54528],[-106.31032,45.54602],[-106.31216,45.54522],[-106.3138,45.54274],[-106.31169,45.54174],[-106.30986,45.53975],[-106.31183,45.53877],[-106.31182,45.53704],[-106.31394,45.53631],[-106.31528,45.53745],[-106.31451,45.53959],[-106.3181,45.54089],[-106.32103,45.54317],[-106.32115,45.54232],[-106.32116,45.53619],[-106.31689,45.53435],[-106.31446,45.53543],[-106.31163,45.5348],[-106.31016,45.53222],[-106.31371,45.53095],[-106.3146,45.53201],[-106.31487,45.53199],[-106.31812,45.53198],[-106.31981,45.53064],[-106.32153,45.53213],[-106.32533,45.53159],[-106.32543,45.52807],[-106.3207,45.52781],[-106.31994,45.52694],[-106.3197,45.52521],[-106.32148,45.52455],[-106.32078,45.52003],[-106.32272,45.5203],[-106.32334,45.5238],[-106.32523,45.52425],[-106.32786,45.52381],[-106.32746,45.52212],[-106.32499,45.52151],[-106.32437,45.51959],[-106.32464,45.51683],[-106.32763,45.51544],[-106.32945,45.51579],[-106.33035,45.51812],[-106.33213,45.5183],[-106.33502,45.51622],[-106.33664,45.51298],[-106.3355,45.51038],[-106.3342,45.50963],[-106.33586,45.50755],[-106.33498,45.50629],[-106.33197,45.50587],[-106.33129,45.50471],[-106.33179,45.50259],[-106.33309,45.50245],[-106.33352,45.50516],[-106.3369,45.50418],[-106.34158,45.50508],[-106.34326,45.50286],[-106.34148,45.50247],[-106.34194,45.5],[-106.34558,45.49746],[-106.34985,45.49656],[-106.35263,45.49669],[-106.35531,45.49564],[-106.35647,45.49238],[-106.35467,45.49119],[-106.35151,45.49152],[-106.35,45.49057],[-106.34872,45.48655],[-106.3512,45.48555],[-106.35312,45.48757],[-106.3567,45.48668],[-106.35814,45.48504],[-106.35792,45.48157],[-106.35829,45.47896],[-106.3612,45.47585],[-106.36859,45.47344],[-106.37312,45.47326],[-106.37601,45.47366],[-106.37731,45.47104],[-106.37914,45.47044],[-106.38167,45.47248],[-106.38391,45.47292],[-106.38663,45.47104],[-106.38601,45.46974],[-106.38367,45.46944],[-106.38302,45.46749],[-106.38504,45.46522],[-106.39301,45.46356],[-106.39546,45.46363],[-106.39844,45.46626],[-106.4004,45.46647],[-106.40216,45.46421],[-106.40149,45.46251],[-106.39668,45.45918],[-106.39461,45.45932],[-106.39209,45.46241],[-106.38959,45.46217],[-106.38806,45.46085],[-106.38804,45.45911],[-106.38914,45.45815],[-106.39178,45.45742],[-106.3933,45.45509],[-106.39272,45.45206],[-106.39661,45.45078],[-106.39745,45.45292],[-106.40011,45.45363],[-106.40087,45.44884],[-106.4025,45.44828],[-106.40434,45.44912],[-106.40442,45.45036],[-106.40786,45.45098],[-106.40791,45.45203],[-106.41027,45.45253],[-106.41091,45.45003],[-106.40644,45.44748],[-106.40847,45.4462],[-106.41088,45.44709],[-106.41292,45.44586],[-106.41066,45.44365],[-106.41188,45.44322],[-106.41294,45.44151],[-106.4148,45.44161],[-106.41566,45.44299],[-106.41497,45.44486],[-106.41697,45.44517],[-106.41815,45.44451],[-106.41858,45.44268],[-106.41784,45.44138],[-106.41993,45.44098],[-106.42168,45.44137],[-106.42469,45.4423],[-106.42627,45.44109],[-106.4259,45.43777],[-106.42856,45.43684],[-106.43223,45.43291],[-106.42774,45.43209],[-106.42604,45.4307],[-106.42705,45.42982],[-106.42937,45.42964],[-106.43086,45.42847],[-106.43052,45.42479],[-106.43234,45.42309],[-106.43674,45.42089],[-106.4374,45.41952],[-106.43602,45.41623],[-106.43659,45.4148],[-106.43834,45.41396],[-106.44509,45.41528],[-106.44585,45.41665],[-106.44532,45.42073],[-106.44618,45.4214],[-106.45024,45.41971],[-106.45675,45.4203],[-106.46129,45.41902],[-106.46227,45.41681],[-106.45857,45.41422],[-106.45742,45.41214],[-106.45664,45.40753],[-106.45714,45.40493],[-106.45849,45.40486],[-106.45881,45.40666],[-106.4619,45.40829],[-106.46417,45.4064],[-106.4637,45.40486],[-106.46223,45.40364],[-106.46163,45.40126],[-106.46383,45.39779],[-106.46613,45.39757],[-106.46957,45.3998],[-106.47196,45.39983],[-106.47416,45.39778],[-106.47232,45.39602],[-106.46966,45.39627],[-106.46601,45.39445],[-106.46506,45.39278],[-106.46713,45.39151],[-106.46873,45.39149],[-106.47455,45.39382],[-106.48065,45.39241],[-106.47978,45.39107],[-106.48146,45.39023],[-106.47922,45.3896],[-106.47681,45.38731],[-106.47702,45.38551],[-106.47895,45.38615],[-106.47972,45.38871],[-106.48138,45.38793],[-106.4812,45.38599],[-106.48017,45.38539],[-106.48221,45.38396],[-106.48364,45.38452],[-106.48466,45.3868],[-106.48692,45.38573],[-106.48744,45.38398],[-106.49116,45.38263],[-106.49601,45.38012],[-106.49485,45.37907],[-106.4951,45.37764],[-106.49799,45.37731],[-106.50016,45.37486],[-106.50082,45.37635],[-106.50341,45.3775],[-106.50377,45.37759],[-106.5039,45.37694],[-106.50433,45.37699],[-106.50476,45.3766],[-106.50521,45.37558],[-106.50595,45.37606],[-106.50586,45.37705],[-106.50621,45.37757],[-106.50675,45.37731],[-106.50703,45.37774],[-106.50789,45.37829],[-106.50857,45.37842],[-106.51067,45.3798],[-106.5118,45.37877],[-106.51387,45.37975],[-106.51382,45.38125],[-106.51629,45.38234],[-106.51669,45.38411],[-106.51979,45.38311],[-106.52422,45.38569],[-106.52253,45.38668],[-106.52654,45.38652],[-106.52705,45.38791],[-106.52881,45.38875],[-106.53167,45.38805],[-106.53337,45.38951],[-106.53564,45.38867],[-106.53628,45.38766],[-106.53963,45.38772],[-106.5407,45.38902],[-106.54377,45.38843],[-106.54578,45.38942],[-106.5456,45.38435],[-106.56636,45.38451],[-106.56642,45.38074],[-106.59169,45.38073],[-106.59158,45.38799],[-106.60718,45.3877],[-106.60702,45.39862],[-106.60824,45.39963],[-106.61081,45.40029],[-106.6144,45.40004],[-106.61803,45.4018],[-106.61979,45.40144],[-106.62914,45.40452],[-106.63316,45.40197],[-106.63816,45.40081],[-106.64196,45.40138],[-106.64479,45.40064],[-106.64715,45.40165],[-106.65066,45.40183],[-106.65164,45.401],[-106.65385,45.40177],[-106.65822,45.40054],[-106.65904,45.39974],[-106.66054,45.4014],[-106.66235,45.40168],[-106.66456,45.40064],[-106.66497,45.40147],[-106.66889,45.40004],[-106.66906,45.4006],[-106.67051,45.40019],[-106.67235,45.39839],[-106.6761,45.39877],[-106.67804,45.39986],[-106.68114,45.39963],[-106.683,45.40098],[-106.68483,45.40129],[-106.6869,45.40275],[-106.693,45.40325],[-106.69505,45.403],[-106.69663,45.40457],[-106.69729,45.40406],[-106.70301,45.40508],[-106.70694,45.4039],[-106.70966,45.40577],[-106.71491,45.40521],[-106.71727,45.40559],[-106.72071,45.40529],[-106.72168,45.40668],[-106.72415,45.4063],[-106.72739,45.40725],[-106.72904,45.40652],[-106.72962,45.4074],[-106.72954,45.35148],[-106.7409,45.35262],[-106.76868,45.35283],[-106.87098,45.35322],[-106.89154,45.35306],[-106.89158,45.35377],[-106.98757,45.35393],[-107.00001,45.35401],[-107.01917,45.35392],[-107.01969,45.35392],[-107.01916,45.45574],[-107.01915,45.45654],[-107.019,45.49247],[-107.01882,45.52843]],[[-106.58148,45.39433],[-106.58219,45.39393],[-106.58296,45.39391],[-106.58393,45.39405],[-106.58288,45.3943],[-106.58253,45.39461],[-106.58385,45.39497],[-106.58411,45.39481],[-106.58417,45.39515],[-106.58659,45.39515],[-106.58665,45.39152],[-106.58132,45.3918],[-106.58096,45.39391],[-106.58109,45.39491],[-106.58148,45.39433]]]]}},{"type":"Feature","properties":{"name":"Phillips Transit Authority","boundary_type":"county","source":"Census TIGER county","fidelity":"exact","updated":"2026-09","units":"Phillips County","note":"County-wide service.","confidence":0.95},"geometry":{"type":"Polygon","coordinates":[[[-108.88849,47.87061],[-108.88849,47.88525],[-108.88842,47.8997],[-108.88836,47.91419],[-108.88832,47.92272],[-108.88535,47.92273],[-108.67169,47.92326],[-108.67082,47.92274],[-108.66675,47.92274],[-108.66528,47.92207],[-108.66473,47.92339],[-108.66213,47.92497],[-108.66083,47.92484],[-108.65788,47.92316],[-108.65613,47.91998],[-108.64774,47.92078],[-108.63909,47.92064],[-108.63757,47.92287],[-108.63114,47.92143],[-108.62559,47.92041],[-108.62326,47.95724],[-108.62011,47.96402],[-108.60758,47.991],[-108.604,47.99108],[-108.5978,47.99192],[-108.59715,47.99175],[-108.59279,47.98965],[-108.58754,47.98659],[-108.58165,47.98445],[-108.5795,47.98469],[-108.57419,47.98327],[-108.57177,47.98187],[-108.56956,47.98127],[-108.45192,47.97722],[-108.45265,47.97654],[-108.43398,47.97655],[-108.43389,48.04531],[-108.43385,48.21955],[-108.41136,48.21955],[-108.41123,48.31547],[-108.41127,48.31598],[-108.41123,48.40735],[-108.41119,48.44498],[-108.40963,48.44527],[-108.40884,48.44652],[-108.41037,48.44848],[-108.40856,48.44829],[-108.40643,48.44666],[-108.40647,48.44578],[-108.40445,48.44373],[-108.40203,48.44368],[-108.39919,48.44543],[-108.39801,48.44508],[-108.39792,48.44393],[-108.39915,48.4428],[-108.40493,48.44195],[-108.40485,48.44077],[-108.39846,48.43863],[-108.39327,48.43777],[-108.39344,48.44164],[-108.39234,48.44252],[-108.3881,48.44107],[-108.3867,48.44009],[-108.38572,48.43822],[-108.38401,48.43782],[-108.38146,48.43968],[-108.38155,48.44178],[-108.38057,48.44245],[-108.37754,48.44233],[-108.3758,48.44087],[-108.37652,48.43943],[-108.37637,48.43737],[-108.37417,48.43644],[-108.37318,48.43716],[-108.37111,48.44117],[-108.36821,48.44143],[-108.36521,48.43875],[-108.35957,48.439],[-108.35962,48.43694],[-108.36217,48.43562],[-108.36523,48.43538],[-108.36827,48.43209],[-108.36758,48.43092],[-108.36393,48.43132],[-108.36186,48.43073],[-108.36108,48.42968],[-108.35912,48.42911],[-108.35703,48.43039],[-108.35614,48.43243],[-108.35425,48.43256],[-108.35272,48.43052],[-108.35369,48.42805],[-108.35169,48.42757],[-108.34833,48.42902],[-108.34656,48.42805],[-108.34814,48.42624],[-108.34809,48.42405],[-108.34629,48.4228],[-108.34619,48.56845],[-108.31901,48.56843],[-108.31906,48.66968],[-108.31912,48.74221],[-108.25938,48.74222],[-108.25938,48.75114],[-108.25935,48.90142],[-108.25935,48.90868],[-108.25937,48.91359],[-108.23636,48.91352],[-108.23636,48.99953],[-107.9723,48.9997],[-107.91741,48.99974],[-107.90638,48.99974],[-107.89541,48.99975],[-107.88433,48.99976],[-107.7047,48.99987],[-107.44102,48.99936],[-107.36358,49.00002],[-107.31156,48.99999],[-107.17981,48.99992],[-107.17982,48.91267],[-107.20603,48.91271],[-107.20632,48.56817],[-107.19271,48.56811],[-107.19269,48.5094],[-107.19614,48.50956],[-107.19841,48.51062],[-107.20009,48.5106],[-107.20325,48.50871],[-107.20574,48.50887],[-107.20877,48.51013],[-107.21064,48.50975],[-107.21365,48.50777],[-107.21744,48.50757],[-107.21904,48.5082],[-107.21837,48.50996],[-107.22013,48.5105],[-107.22201,48.51008],[-107.22585,48.50962],[-107.22701,48.51035],[-107.22865,48.51269],[-107.23302,48.51552],[-107.23632,48.51512],[-107.24129,48.51324],[-107.24481,48.51393],[-107.24896,48.51698],[-107.25102,48.51723],[-107.25543,48.51474],[-107.25803,48.51482],[-107.25794,48.48099],[-107.30172,48.48094],[-107.30147,48.45175],[-107.30145,48.44003],[-107.30107,48.394],[-107.27256,48.39403],[-107.27128,48.39409],[-107.26028,48.39408],[-107.26046,48.30477],[-107.28286,48.30484],[-107.36925,48.30516],[-107.36973,48.21837],[-107.40451,48.21844],[-107.40464,48.13184],[-107.40467,48.08892],[-107.40476,47.95742],[-107.40468,47.87051],[-107.4144,47.87051],[-107.41488,47.705],[-107.41489,47.69173],[-107.41735,47.69068],[-107.41943,47.68857],[-107.42262,47.68328],[-107.42456,47.68079],[-107.42853,47.67653],[-107.42906,47.67345],[-107.42868,47.67119],[-107.42612,47.66861],[-107.42256,47.66647],[-107.42025,47.6639],[-107.41974,47.6623],[-107.42069,47.65774],[-107.42277,47.65445],[-107.42416,47.65298],[-107.42746,47.65138],[-107.43717,47.64971],[-107.43902,47.64799],[-107.43828,47.64459],[-107.43682,47.64248],[-107.43401,47.63995],[-107.43344,47.63623],[-107.4347,47.63141],[-107.43895,47.62652],[-107.44138,47.62445],[-107.44275,47.62367],[-107.44757,47.62234],[-107.45151,47.62214],[-107.46604,47.62336],[-107.47434,47.6236],[-107.47909,47.624],[-107.48934,47.62389],[-107.49934,47.624],[-107.50451,47.62576],[-107.50697,47.62705],[-107.51085,47.63016],[-107.51526,47.63579],[-107.51772,47.63996],[-107.52079,47.64292],[-107.52441,47.64336],[-107.5333,47.64351],[-107.54724,47.64612],[-107.55367,47.64635],[-107.55765,47.64567],[-107.56194,47.64421],[-107.56757,47.64296],[-107.57323,47.6437],[-107.58737,47.64834],[-107.59425,47.64973],[-107.60168,47.64999],[-107.60657,47.64948],[-107.61085,47.64737],[-107.61238,47.64472],[-107.61497,47.63551],[-107.61623,47.63257],[-107.6181,47.63116],[-107.61962,47.63133],[-107.62421,47.63798],[-107.62652,47.63981],[-107.62974,47.6414],[-107.63313,47.64388],[-107.6349,47.64627],[-107.63898,47.64963],[-107.64237,47.651],[-107.64809,47.65251],[-107.65442,47.65256],[-107.65472,47.65044],[-107.65293,47.6485],[-107.64763,47.64443],[-107.64612,47.64215],[-107.64574,47.63935],[-107.64602,47.63331],[-107.64668,47.62944],[-107.64763,47.62694],[-107.64886,47.62537],[-107.65416,47.62135],[-107.65824,47.62001],[-107.66075,47.6202],[-107.66199,47.62089],[-107.6637,47.62347],[-107.66676,47.62713],[-107.66892,47.62881],[-107.67117,47.62989],[-107.67781,47.63117],[-107.68631,47.63127],[-107.69217,47.6305],[-107.69567,47.62899],[-107.69627,47.62671],[-107.69526,47.62452],[-107.69507,47.621],[-107.69671,47.61871],[-107.70337,47.61304],[-107.70743,47.60838],[-107.70871,47.605],[-107.70952,47.60026],[-107.71279,47.59838],[-107.71631,47.59576],[-107.71765,47.59434],[-107.7209,47.58958],[-107.7279,47.58735],[-107.73152,47.58541],[-107.73186,47.58445],[-107.73095,47.57919],[-107.73116,47.57684],[-107.73227,47.57187],[-107.73464,47.56989],[-107.73733,47.56899],[-107.7436,47.5687],[-107.75273,47.5675],[-107.75917,47.56566],[-107.76299,47.56365],[-107.76248,47.56125],[-107.7606,47.55758],[-107.75936,47.55322],[-107.76005,47.55063],[-107.76192,47.54805],[-107.76585,47.54543],[-107.76928,47.54396],[-107.77273,47.54307],[-107.77709,47.54335],[-107.77786,47.54365],[-107.7809,47.54757],[-107.78517,47.55206],[-107.78785,47.55374],[-107.79038,47.55454],[-107.79284,47.55322],[-107.79426,47.54809],[-107.7962,47.54589],[-107.79862,47.5446],[-107.80141,47.54361],[-107.80734,47.54277],[-107.81018,47.54463],[-107.81378,47.54582],[-107.81871,47.54613],[-107.82203,47.54518],[-107.82615,47.54235],[-107.82809,47.5399],[-107.83021,47.53861],[-107.8371,47.53563],[-107.83943,47.53441],[-107.84031,47.531],[-107.84248,47.52848],[-107.84223,47.52491],[-107.84521,47.52261],[-107.84745,47.5203],[-107.84966,47.51884],[-107.85356,47.51722],[-107.8607,47.5165],[-107.86288,47.51539],[-107.86549,47.5129],[-107.86591,47.51097],[-107.86481,47.50795],[-107.85794,47.503],[-107.8556,47.5001],[-107.85327,47.4959],[-107.85047,47.49195],[-107.84989,47.49046],[-107.85022,47.48824],[-107.85124,47.48751],[-107.86074,47.48535],[-107.86431,47.48385],[-107.86622,47.48254],[-107.86774,47.48053],[-107.86897,47.47766],[-107.86901,47.47343],[-107.86746,47.47083],[-107.8621,47.46726],[-107.86062,47.4644],[-107.86004,47.46004],[-107.86094,47.45705],[-107.86354,47.45605],[-107.86925,47.45543],[-107.87849,47.45408],[-107.88598,47.45335],[-107.8907,47.45245],[-107.89395,47.4514],[-107.89595,47.45132],[-107.89916,47.45038],[-107.90524,47.44938],[-107.90912,47.45069],[-107.91225,47.45321],[-107.91197,47.45575],[-107.91092,47.45954],[-107.91254,47.46379],[-107.91207,47.46571],[-107.90893,47.46793],[-107.90718,47.47012],[-107.90489,47.47481],[-107.90759,47.47923],[-107.90918,47.48321],[-107.90945,47.48542],[-107.90912,47.48801],[-107.90836,47.48954],[-107.90562,47.49221],[-107.90299,47.49371],[-107.90123,47.49718],[-107.89909,47.5],[-107.89719,47.50408],[-107.89698,47.50698],[-107.89811,47.51007],[-107.89961,47.51129],[-107.90189,47.51215],[-107.91209,47.51448],[-107.91701,47.51806],[-107.91869,47.51968],[-107.91918,47.52059],[-107.91803,47.52534],[-107.91764,47.53015],[-107.91838,47.53295],[-107.9195,47.53519],[-107.92288,47.53699],[-107.92508,47.53865],[-107.92789,47.54141],[-107.93021,47.54432],[-107.93061,47.54558],[-107.93033,47.54804],[-107.92929,47.55016],[-107.92624,47.55273],[-107.92386,47.55582],[-107.92362,47.55723],[-107.92399,47.56048],[-107.9262,47.56519],[-107.92859,47.56761],[-107.9311,47.56907],[-107.93607,47.56924],[-107.94212,47.56648],[-107.94434,47.56633],[-107.96158,47.56988],[-107.96297,47.57131],[-107.96406,47.57518],[-107.96591,47.57849],[-107.97172,47.58294],[-107.97618,47.58593],[-107.98526,47.58872],[-107.98899,47.58885],[-107.99163,47.5878],[-107.99659,47.58441],[-108.00003,47.58331],[-108.00569,47.58218],[-108.01318,47.58136],[-108.02406,47.58235],[-108.03561,47.58521],[-108.03832,47.58626],[-108.04661,47.58848],[-108.04919,47.59049],[-108.05313,47.5945],[-108.05772,47.59607],[-108.06126,47.59799],[-108.06297,47.59842],[-108.06542,47.59829],[-108.06948,47.59714],[-108.07472,47.59488],[-108.07958,47.59201],[-108.08386,47.59114],[-108.08578,47.59145],[-108.09223,47.59415],[-108.0975,47.59404],[-108.10336,47.59222],[-108.1071,47.59141],[-108.11284,47.59134],[-108.11926,47.59405],[-108.12399,47.59465],[-108.13183,47.59397],[-108.13415,47.59354],[-108.13727,47.59243],[-108.1388,47.59125],[-108.14173,47.58781],[-108.14431,47.58571],[-108.14754,47.58364],[-108.15441,47.58185],[-108.16093,47.58075],[-108.17147,47.57994],[-108.17855,47.58006],[-108.18248,47.58098],[-108.18583,47.58277],[-108.19031,47.58691],[-108.19449,47.58886],[-108.19697,47.58944],[-108.19957,47.58973],[-108.20322,47.5894],[-108.20735,47.58819],[-108.20918,47.58713],[-108.21388,47.58535],[-108.21953,47.58465],[-108.22326,47.58461],[-108.23797,47.58237],[-108.24261,47.58218],[-108.24504,47.58308],[-108.2491,47.58686],[-108.25131,47.58778],[-108.25654,47.58827],[-108.25962,47.58799],[-108.26239,47.5867],[-108.26651,47.58304],[-108.27424,47.58079],[-108.28237,47.57961],[-108.28636,47.57996],[-108.2989,47.58067],[-108.30268,47.58045],[-108.30507,47.58074],[-108.31305,47.58365],[-108.31634,47.58546],[-108.3239,47.58544],[-108.32823,47.58454],[-108.33298,47.58272],[-108.33268,47.58028],[-108.32898,47.578],[-108.3254,47.57658],[-108.32418,47.57528],[-108.32404,47.57274],[-108.32638,47.57076],[-108.33325,47.56805],[-108.33582,47.5674],[-108.34329,47.56663],[-108.3489,47.56668],[-108.35038,47.56744],[-108.35093,47.5746],[-108.35213,47.57691],[-108.35404,47.57887],[-108.35627,47.58021],[-108.35802,47.58009],[-108.36168,47.57748],[-108.36677,47.57608],[-108.37268,47.57617],[-108.37785,47.57761],[-108.38001,47.57943],[-108.38074,47.58157],[-108.37932,47.58492],[-108.37942,47.58674],[-108.38304,47.58992],[-108.38634,47.59201],[-108.39186,47.5938],[-108.39689,47.59411],[-108.40049,47.59519],[-108.40248,47.59536],[-108.40446,47.59506],[-108.40592,47.59336],[-108.40547,47.59102],[-108.40575,47.58922],[-108.40719,47.58737],[-108.40979,47.58585],[-108.41246,47.5849],[-108.41787,47.58423],[-108.42452,47.58475],[-108.42849,47.58669],[-108.42896,47.58846],[-108.42428,47.5918],[-108.42194,47.59471],[-108.42146,47.59696],[-108.42236,47.60092],[-108.42514,47.60415],[-108.42659,47.60487],[-108.42888,47.6047],[-108.43249,47.60194],[-108.43591,47.60123],[-108.4382,47.60186],[-108.43934,47.60248],[-108.44144,47.60517],[-108.43872,47.60847],[-108.43835,47.61065],[-108.44002,47.61356],[-108.44246,47.61477],[-108.44765,47.61596],[-108.45094,47.61638],[-108.45691,47.61573],[-108.45995,47.61379],[-108.4612,47.61182],[-108.4611,47.60995],[-108.46171,47.60722],[-108.46317,47.60543],[-108.46649,47.60292],[-108.47017,47.60115],[-108.47577,47.59764],[-108.47732,47.5974],[-108.47987,47.59846],[-108.4904,47.60077],[-108.49369,47.60072],[-108.49972,47.59969],[-108.50549,47.59993],[-108.50923,47.6012],[-108.51038,47.6024],[-108.51054,47.60443],[-108.50813,47.60719],[-108.50749,47.60915],[-108.5086,47.61156],[-108.51008,47.61296],[-108.51334,47.61501],[-108.52101,47.6187],[-108.52706,47.6211],[-108.52867,47.62091],[-108.53035,47.61961],[-108.53123,47.61775],[-108.53302,47.6159],[-108.53545,47.61476],[-108.53852,47.61394],[-108.54798,47.6141],[-108.55487,47.61308],[-108.56287,47.61091],[-108.57242,47.60948],[-108.57453,47.60974],[-108.57644,47.61065],[-108.57936,47.61367],[-108.58216,47.61547],[-108.58801,47.61585],[-108.59021,47.61483],[-108.5926,47.61467],[-108.59577,47.61594],[-108.60026,47.62067],[-108.60517,47.62341],[-108.61097,47.62433],[-108.61324,47.6236],[-108.6176,47.62217],[-108.62499,47.6207],[-108.62844,47.61966],[-108.63138,47.61953],[-108.64158,47.62052],[-108.64872,47.62091],[-108.65688,47.62198],[-108.66078,47.62116],[-108.66424,47.6198],[-108.66888,47.61913],[-108.6714,47.61956],[-108.67534,47.62219],[-108.67863,47.62644],[-108.68167,47.62872],[-108.68603,47.63111],[-108.6883,47.63148],[-108.69696,47.62953],[-108.70208,47.62985],[-108.70872,47.63212],[-108.71029,47.63361],[-108.7113,47.63843],[-108.71295,47.64164],[-108.71546,47.644],[-108.71682,47.64442],[-108.72472,47.64893],[-108.72788,47.64989],[-108.73372,47.6481],[-108.73804,47.6473],[-108.74421,47.64762],[-108.74946,47.64692],[-108.75361,47.64453],[-108.75544,47.64384],[-108.76234,47.64352],[-108.76644,47.64392],[-108.77162,47.64552],[-108.78087,47.65207],[-108.78287,47.6532],[-108.78623,47.65591],[-108.78878,47.66047],[-108.78982,47.66294],[-108.78841,47.66578],[-108.78381,47.66981],[-108.7823,47.67211],[-108.78152,47.67558],[-108.7823,47.67848],[-108.78406,47.6821],[-108.78733,47.68412],[-108.79013,47.68534],[-108.79628,47.69016],[-108.80014,47.69132],[-108.80369,47.69283],[-108.81062,47.69798],[-108.81571,47.70523],[-108.81836,47.70738],[-108.82145,47.70908],[-108.82873,47.7119],[-108.83533,47.71481],[-108.83976,47.71773],[-108.84486,47.71985],[-108.84858,47.72078],[-108.85738,47.72207],[-108.86106,47.7234],[-108.86233,47.72463],[-108.88005,47.73073],[-108.88369,47.73223],[-108.88934,47.73362],[-108.89111,47.73446],[-108.89107,47.87061],[-108.88849,47.87061]]]}},{"type":"Feature","properties":{"name":"Powell County Transit","boundary_type":"county","source":"Census TIGER county","fidelity":"exact","updated":"2026-09","units":"Powell County","note":"Powell County primary service; regional trips to Butte, Anaconda, Missoula, Helena noted as extended service","confidence":0.85},"geometry":{"type":"Polygon","coordinates":[[[-113.32584,47.60016],[-113.32584,47.59551],[-113.14437,47.59551],[-113.14222,47.59307],[-113.1364,47.58979],[-113.13513,47.58987],[-113.13281,47.58817],[-113.13083,47.58767],[-113.13029,47.58399],[-113.12849,47.58211],[-113.12744,47.57979],[-113.12793,47.57786],[-113.12705,47.5759],[-113.12456,47.57455],[-113.12301,47.57447],[-113.11976,47.57308],[-113.11814,47.57135],[-113.11775,47.57047],[-113.11873,47.56687],[-113.11813,47.56402],[-113.1187,47.56137],[-113.11811,47.56054],[-113.12466,47.55797],[-113.12427,47.55689],[-113.12456,47.55258],[-113.12354,47.54801],[-113.12405,47.54734],[-113.12253,47.54518],[-113.12488,47.54343],[-113.12583,47.54181],[-113.12464,47.53817],[-113.12389,47.53186],[-113.12174,47.52408],[-113.11828,47.52054],[-113.12138,47.51876],[-113.1231,47.51573],[-113.12217,47.51408],[-113.11977,47.51261],[-113.11653,47.50832],[-113.11671,47.50491],[-113.11515,47.50263],[-113.11483,47.50105],[-113.11836,47.49877],[-113.11836,47.4979],[-113.11633,47.49625],[-113.11507,47.49377],[-113.11555,47.49205],[-113.11455,47.49041],[-113.1088,47.48909],[-113.10743,47.48841],[-113.10646,47.48663],[-113.10321,47.48437],[-113.10153,47.48478],[-113.10033,47.48398],[-113.098,47.48391],[-113.09172,47.48063],[-113.08836,47.48163],[-113.08746,47.4841],[-113.08634,47.48474],[-113.08408,47.48393],[-113.0822,47.48419],[-113.08043,47.48557],[-113.07404,47.48349],[-113.07202,47.4836],[-113.0686,47.48198],[-113.06475,47.48262],[-113.06288,47.48224],[-113.06018,47.4856],[-113.0592,47.4886],[-113.05905,47.17957],[-113.04942,47.17957],[-113.04942,47.17713],[-112.79581,47.177],[-112.79609,46.96253],[-112.79578,46.93943],[-112.79552,46.91493],[-112.79533,46.91188],[-112.7956,46.89733],[-112.79564,46.83167],[-112.78856,46.83163],[-112.77874,46.83163],[-112.72438,46.83157],[-112.66825,46.83161],[-112.66824,46.83415],[-112.53575,46.83423],[-112.53576,46.77177],[-112.5356,46.69948],[-112.41085,46.69951],[-112.41064,46.65601],[-112.32087,46.65593],[-112.32084,46.6553],[-112.32007,46.65466],[-112.31707,46.65241],[-112.31558,46.64762],[-112.31515,46.64504],[-112.3137,46.64363],[-112.30932,46.64199],[-112.30844,46.63901],[-112.3069,46.63714],[-112.30732,46.6361],[-112.31059,46.63384],[-112.30811,46.633],[-112.30756,46.63194],[-112.30471,46.63056],[-112.30332,46.62898],[-112.30047,46.62757],[-112.29853,46.62597],[-112.29838,46.62489],[-112.29966,46.62171],[-112.29822,46.61809],[-112.29858,46.61423],[-112.29749,46.61251],[-112.2932,46.60509],[-112.29321,46.60439],[-112.29581,46.60215],[-112.3006,46.59893],[-112.30037,46.59709],[-112.29888,46.59432],[-112.29965,46.59146],[-112.30342,46.59015],[-112.30644,46.58747],[-112.30814,46.58461],[-112.30915,46.58097],[-112.31273,46.57869],[-112.3167,46.57492],[-112.31521,46.57101],[-112.31402,46.56975],[-112.31017,46.56689],[-112.30893,46.56432],[-112.3091,46.56103],[-112.30766,46.5571],[-112.30914,46.55607],[-112.30827,46.55289],[-112.30777,46.54934],[-112.30563,46.54759],[-112.30412,46.54453],[-112.30185,46.54294],[-112.30243,46.54154],[-112.30186,46.53919],[-112.30057,46.53818],[-112.29832,46.53831],[-112.29712,46.53599],[-112.29572,46.53554],[-112.29597,46.53432],[-112.29371,46.53113],[-112.29702,46.52638],[-112.29596,46.52146],[-112.29505,46.5196],[-112.29344,46.51813],[-112.29617,46.51822],[-112.30281,46.51662],[-112.30577,46.51297],[-112.30629,46.51039],[-112.30453,46.5056],[-112.30552,46.50427],[-112.3032,46.5038],[-112.303,46.5012],[-112.3047,46.49836],[-112.30528,46.49576],[-112.3049,46.4936],[-112.30188,46.49047],[-112.30185,46.48988],[-112.30577,46.48819],[-112.30513,46.48586],[-112.30629,46.48345],[-112.30786,46.48248],[-112.30897,46.48083],[-112.30755,46.47991],[-112.30534,46.47731],[-112.30598,46.47234],[-112.30633,46.4674],[-112.30533,46.46229],[-112.30463,46.46144],[-112.30803,46.45897],[-112.30898,46.45549],[-112.30843,46.45322],[-112.30709,46.45207],[-112.3045,46.45123],[-112.30454,46.4501],[-112.30998,46.44746],[-112.31583,46.44605],[-112.31796,46.44418],[-112.32096,46.44355],[-112.32062,46.43741],[-112.32302,46.43466],[-112.32344,46.43331],[-112.32141,46.43143],[-112.31981,46.43094],[-112.31835,46.42754],[-112.31678,46.42248],[-112.3142,46.42169],[-112.31057,46.42117],[-112.31204,46.42003],[-112.31253,46.41839],[-112.3144,46.41706],[-112.31743,46.41579],[-112.31796,46.41489],[-112.32336,46.41202],[-112.32847,46.40798],[-112.33084,46.40717],[-112.33674,46.40407],[-112.33711,46.40141],[-112.34021,46.39754],[-112.34416,46.39509],[-112.34484,46.3937],[-112.3443,46.39156],[-112.34879,46.38609],[-112.35006,46.38507],[-112.35338,46.38517],[-112.35566,46.38408],[-112.35964,46.38506],[-112.36237,46.38538],[-112.36371,46.38494],[-112.36977,46.38659],[-112.37415,46.38707],[-112.37582,46.38641],[-112.38265,46.38474],[-112.38558,46.38334],[-112.3887,46.3835],[-112.39383,46.38449],[-112.39988,46.38696],[-112.4024,46.38709],[-112.40378,46.38657],[-112.40539,46.38394],[-112.40772,46.38159],[-112.40983,46.38028],[-112.41184,46.37968],[-112.41755,46.37666],[-112.4175,46.37453],[-112.41465,46.37152],[-112.41793,46.37116],[-112.41953,46.37036],[-112.42365,46.36988],[-112.42609,46.36898],[-112.42845,46.36483],[-112.42736,46.36241],[-112.426,46.35746],[-112.42929,46.35664],[-112.43145,46.35555],[-112.43557,46.35248],[-112.43628,46.35106],[-112.44027,46.35114],[-112.44696,46.35182],[-112.45041,46.35126],[-112.45136,46.35],[-112.45192,46.34333],[-112.45081,46.34144],[-112.4508,46.33737],[-112.44952,46.3341],[-112.45293,46.33068],[-112.45408,46.32893],[-112.46032,46.32976],[-112.46461,46.32886],[-112.46531,46.33013],[-112.46809,46.33313],[-112.47007,46.3363],[-112.47174,46.34055],[-112.4735,46.34089],[-112.48281,46.3403],[-112.48566,46.33997],[-112.49062,46.3423],[-112.494,46.34247],[-112.49856,46.34206],[-112.5002,46.34107],[-112.50073,46.33929],[-112.50034,46.33608],[-112.49944,46.33529],[-112.50176,46.33379],[-112.50395,46.3302],[-112.50682,46.33013],[-112.50993,46.33085],[-112.51302,46.3327],[-112.51493,46.33247],[-112.51851,46.33029],[-112.52268,46.32993],[-112.52537,46.33061],[-112.53267,46.33515],[-112.53362,46.3309],[-112.53752,46.32734],[-112.54146,46.3245],[-112.54274,46.32301],[-112.54271,46.321],[-112.54376,46.31922],[-112.54809,46.31645],[-112.54828,46.31452],[-112.55117,46.31411],[-112.55377,46.31071],[-112.55558,46.3099],[-112.5563,46.30747],[-112.56098,46.30705],[-112.56529,46.30561],[-112.57005,46.30497],[-112.56922,46.30266],[-112.56989,46.30088],[-112.57223,46.29812],[-112.5724,46.29664],[-112.56906,46.29417],[-112.56785,46.29242],[-112.56467,46.29071],[-112.56217,46.28843],[-112.56086,46.28412],[-112.55904,46.28203],[-112.55757,46.27776],[-112.5585,46.27639],[-112.55781,46.274],[-112.55841,46.2712],[-112.55807,46.26763],[-112.5586,46.26582],[-112.74358,46.26637],[-112.75669,46.26642],[-112.89085,46.26594],[-112.9116,46.26611],[-112.9116,46.26657],[-113.03682,46.26683],[-113.0367,46.36039],[-113.03675,46.39668],[-113.03605,46.39668],[-113.03608,46.40199],[-113.03609,46.41106],[-113.03635,46.48377],[-113.03833,46.48377],[-113.03842,46.54194],[-113.0387,46.73554],[-113.04321,46.73677],[-113.04708,46.73665],[-113.04924,46.73593],[-113.04964,46.73471],[-113.05265,46.73204],[-113.05485,46.73159],[-113.05891,46.7294],[-113.06152,46.73135],[-113.06253,46.7313],[-113.06505,46.72915],[-113.07485,46.72491],[-113.07582,46.72252],[-113.07855,46.72057],[-113.08266,46.71997],[-113.08525,46.7202],[-113.08848,46.72187],[-113.09643,46.721],[-113.09858,46.7187],[-113.10669,46.71631],[-113.10879,46.71512],[-113.1142,46.71414],[-113.11561,46.71339],[-113.11914,46.71691],[-113.12087,46.71822],[-113.12304,46.71842],[-113.12643,46.71984],[-113.12782,46.72232],[-113.13026,46.72357],[-113.13254,46.72599],[-113.13679,46.72655],[-113.14089,46.72812],[-113.1452,46.72803],[-113.14624,46.72884],[-113.15062,46.73033],[-113.15207,46.7302],[-113.15815,46.72817],[-113.16187,46.72804],[-113.16374,46.73179],[-113.16714,46.73364],[-113.16962,46.73214],[-113.17115,46.73188],[-113.1739,46.73251],[-113.17754,46.73074],[-113.18134,46.73383],[-113.18185,46.73687],[-113.18277,46.73875],[-113.18312,46.74141],[-113.18267,46.74522],[-113.17762,46.75059],[-113.17467,46.7518],[-113.17351,46.75431],[-113.17501,46.75465],[-113.17784,46.75706],[-113.17878,46.75858],[-113.17929,46.76098],[-113.18279,46.76229],[-113.18525,46.7625],[-113.18698,46.76456],[-113.19078,46.76811],[-113.19314,46.76974],[-113.19512,46.77046],[-113.19868,46.76991],[-113.20057,46.7716],[-113.20391,46.77286],[-113.20465,46.77507],[-113.2079,46.77603],[-113.21129,46.77927],[-113.21239,46.77971],[-113.21601,46.78048],[-113.21987,46.78222],[-113.22202,46.78117],[-113.22385,46.78333],[-113.226,46.78246],[-113.22839,46.78357],[-113.22925,46.78596],[-113.23106,46.78818],[-113.23333,46.7883],[-113.23445,46.78906],[-113.23494,46.79298],[-113.23592,46.79344],[-113.23731,46.79626],[-113.24009,46.79761],[-113.24231,46.79989],[-113.24251,46.80144],[-113.24058,46.80576],[-113.2412,46.80663],[-113.24194,46.81383],[-113.24554,46.81571],[-113.24822,46.81841],[-113.24935,46.82057],[-113.25466,46.82011],[-113.25838,46.8221],[-113.25991,46.82475],[-113.26197,46.82447],[-113.26413,46.82488],[-113.26578,46.82598],[-113.26765,46.822],[-113.27193,46.81768],[-113.27152,46.81576],[-113.27237,46.81505],[-113.27577,46.81277],[-113.27779,46.81239],[-113.28401,46.80951],[-113.29141,46.80693],[-113.2915,46.8322],[-113.3029,46.83216],[-113.30316,46.96337],[-113.30282,47.09207],[-113.30287,47.10656],[-113.30295,47.12494],[-113.30294,47.17964],[-113.41004,47.17929],[-113.46645,47.17919],[-113.46645,47.18387],[-113.46644,47.18878],[-113.46641,47.25827],[-113.46642,47.34631],[-113.46648,47.60006],[-113.32584,47.60016]]]}},{"type":"Feature","properties":{"name":"Quality Transit","boundary_type":"county","source":"Census TIGER county","fidelity":"exact","updated":"2026-09","units":"Sheridan County","note":"County-wide service with trips to Williston ND, Sidney, and Scobey.","confidence":0.95},"geometry":{"type":"Polygon","coordinates":[[[-104.87553,48.99899],[-104.64739,48.99934],[-104.54364,48.99954],[-104.47209,48.99959],[-104.39873,48.99964],[-104.30515,48.9997],[-104.04874,48.99988],[-104.04848,48.98701],[-104.04862,48.96674],[-104.04855,48.96377],[-104.0488,48.959],[-104.04863,48.95712],[-104.0487,48.95182],[-104.04887,48.94963],[-104.04877,48.9433],[-104.0487,48.94033],[-104.04881,48.93364],[-104.04874,48.91211],[-104.04875,48.90686],[-104.04864,48.90261],[-104.04867,48.89478],[-104.04872,48.87992],[-104.04879,48.87831],[-104.04889,48.87574],[-104.04888,48.87401],[-104.04882,48.86754],[-104.04865,48.86573],[-104.04868,48.86378],[-104.0489,48.84739],[-104.04864,48.80767],[-104.04857,48.79705],[-104.04854,48.78855],[-104.04823,48.76564],[-104.04855,48.75136],[-104.04834,48.74713],[-104.0482,48.72099],[-104.04795,48.67714],[-104.04792,48.67013],[-104.04788,48.66419],[-104.04785,48.66316],[-104.04786,48.65886],[-104.04786,48.65745],[-104.04789,48.64991],[-104.04782,48.64863],[-104.04759,48.63436],[-104.04758,48.63398],[-104.04758,48.63391],[-104.04762,48.62702],[-104.04759,48.62564],[-104.04788,48.62101],[-104.04793,48.62019],[-104.04821,48.59906],[-104.04817,48.59761],[-104.04797,48.59161],[-104.04793,48.5831],[-104.04781,48.56277],[-104.04779,48.54709],[-104.04778,48.53974],[-104.04778,48.53961],[-104.04765,48.53149],[-104.04788,48.5308],[-104.04751,48.52591],[-104.04767,48.51785],[-104.04805,48.50003],[-104.04755,48.49414],[-104.04739,48.46709],[-104.04733,48.46005],[-104.04726,48.45294],[-104.04729,48.45253],[-104.04719,48.44725],[-104.04709,48.4459],[-104.04696,48.42106],[-104.04713,48.41106],[-104.04697,48.39068],[-104.04691,48.38943],[-104.04691,48.3893],[-104.06435,48.38929],[-104.15135,48.38936],[-104.17308,48.38937],[-104.18382,48.38938],[-104.19471,48.38938],[-104.25975,48.3894],[-104.50347,48.38951],[-104.50412,48.38936],[-104.56228,48.38938],[-104.57904,48.38936],[-104.62776,48.38936],[-104.62784,48.44799],[-104.62773,48.47635],[-104.75764,48.47656],[-104.75773,48.51707],[-104.75756,48.53634],[-104.75762,48.56313],[-104.83979,48.56317],[-104.84299,48.56316],[-104.84317,48.56317],[-104.97335,48.56319],[-104.97335,48.60653],[-104.97335,48.63289],[-104.97328,48.65006],[-105.03855,48.6501],[-105.03817,48.91051],[-105.05774,48.91052],[-105.05763,48.99923],[-104.87553,48.99899]]]}},{"type":"Feature","properties":{"name":"Richland County Transportation (RCT)","boundary_type":"county","source":"Census TIGER county","fidelity":"exact","updated":"2026-09","units":"Richland County","note":"County-operated service covering Richland County; named towns (Sidney, Fairview, Lambert, Savage) are service points","confidence":0.9},"geometry":{"type":"Polygon","coordinates":[[[-105.23477,47.7905],[-105.23465,47.86806],[-105.19512,47.86808],[-105.1951,47.88254],[-105.19501,47.90433],[-105.19501,47.91155],[-105.19493,47.95513],[-105.1949,47.96961],[-105.19481,47.99861],[-105.19469,48.05423],[-105.19457,48.05474],[-105.19478,48.06662],[-105.1932,48.06685],[-105.18763,48.06954],[-105.18643,48.07091],[-105.18586,48.07286],[-105.18157,48.07974],[-105.18131,48.08297],[-105.18241,48.09004],[-105.18286,48.09769],[-105.18213,48.09974],[-105.18111,48.10133],[-105.17772,48.1031],[-105.17427,48.10271],[-105.17314,48.10212],[-105.1723,48.10167],[-105.16768,48.09781],[-105.16719,48.09649],[-105.16923,48.09497],[-105.17142,48.09461],[-105.17355,48.09267],[-105.17639,48.08848],[-105.17658,48.08616],[-105.17499,48.0833],[-105.17337,48.08185],[-105.16908,48.08025],[-105.16423,48.07934],[-105.16134,48.07788],[-105.15602,48.07687],[-105.15116,48.07432],[-105.14932,48.07379],[-105.14604,48.07383],[-105.14233,48.07299],[-105.13813,48.07327],[-105.13162,48.07406],[-105.12713,48.0754],[-105.12056,48.07834],[-105.11773,48.07865],[-105.11323,48.07838],[-105.10941,48.07643],[-105.10798,48.07381],[-105.10784,48.06857],[-105.10913,48.06664],[-105.1111,48.06508],[-105.11611,48.06354],[-105.11791,48.06261],[-105.11967,48.06045],[-105.11912,48.0596],[-105.11682,48.0591],[-105.11522,48.05902],[-105.10168,48.06041],[-105.09576,48.06066],[-105.08747,48.06305],[-105.08487,48.0643],[-105.07136,48.07458],[-105.06772,48.07658],[-105.06451,48.07777],[-105.06107,48.07807],[-105.05716,48.07767],[-105.05322,48.07633],[-105.05042,48.07462],[-105.04913,48.07293],[-105.04855,48.07082],[-105.05187,48.06453],[-105.05287,48.06116],[-105.05294,48.05924],[-105.05278,48.0581],[-105.0518,48.05618],[-105.04356,48.05356],[-105.04138,48.05477],[-105.04126,48.05971],[-105.04064,48.06073],[-105.03709,48.06342],[-105.03497,48.0644],[-105.03233,48.06443],[-105.02539,48.06544],[-105.01938,48.06674],[-105.01479,48.06862],[-105.01384,48.06933],[-105.01333,48.0729],[-105.01472,48.07516],[-105.0139,48.07735],[-105.01105,48.08142],[-105.00766,48.08453],[-105.00622,48.08537],[-105.00053,48.08604],[-104.99569,48.08467],[-104.99369,48.08307],[-104.99249,48.08069],[-104.99383,48.07686],[-104.99643,48.07385],[-104.99933,48.07118],[-104.99934,48.06895],[-104.99837,48.06709],[-104.99557,48.06582],[-104.99342,48.0657],[-104.99035,48.06645],[-104.98697,48.06862],[-104.98215,48.07268],[-104.98142,48.07462],[-104.97902,48.07668],[-104.97597,48.08192],[-104.97481,48.08447],[-104.97465,48.08635],[-104.97567,48.08999],[-104.97852,48.09377],[-104.98367,48.09924],[-104.98359,48.10158],[-104.9795,48.10294],[-104.97406,48.10331],[-104.97052,48.10171],[-104.96272,48.09925],[-104.95739,48.0991],[-104.95497,48.09869],[-104.94732,48.0942],[-104.94457,48.09339],[-104.9422,48.0936],[-104.93825,48.09585],[-104.93535,48.09997],[-104.93516,48.10021],[-104.93255,48.10489],[-104.93009,48.10786],[-104.92584,48.11048],[-104.92512,48.11252],[-104.92438,48.11712],[-104.92475,48.12164],[-104.92451,48.12387],[-104.92534,48.12534],[-104.92395,48.12925],[-104.92323,48.1326],[-104.923,48.13619],[-104.92219,48.13787],[-104.91924,48.13987],[-104.91513,48.14406],[-104.91036,48.14568],[-104.90288,48.14708],[-104.89845,48.14932],[-104.89201,48.15055],[-104.88204,48.14937],[-104.87864,48.14798],[-104.87655,48.14637],[-104.87457,48.14485],[-104.87189,48.14383],[-104.86947,48.14086],[-104.86786,48.13802],[-104.86599,48.13584],[-104.86222,48.13067],[-104.85634,48.12727],[-104.85305,48.12502],[-104.84805,48.12387],[-104.84242,48.12156],[-104.83906,48.12066],[-104.83603,48.12018],[-104.82701,48.11948],[-104.82258,48.11894],[-104.81961,48.11928],[-104.81667,48.12012],[-104.81152,48.12319],[-104.80472,48.12412],[-104.80299,48.12502],[-104.79878,48.12545],[-104.79582,48.12662],[-104.78922,48.12826],[-104.7846,48.12824],[-104.7802,48.12855],[-104.77114,48.12984],[-104.76459,48.12828],[-104.76073,48.12638],[-104.75135,48.11616],[-104.74979,48.1149],[-104.74965,48.11374],[-104.74764,48.11145],[-104.74544,48.11029],[-104.74101,48.11059],[-104.73639,48.11243],[-104.73351,48.11313],[-104.72386,48.11345],[-104.71974,48.11493],[-104.71672,48.11778],[-104.71431,48.11893],[-104.71024,48.11941],[-104.70431,48.11943],[-104.69792,48.11882],[-104.69407,48.11698],[-104.6904,48.1167],[-104.68676,48.11557],[-104.68415,48.1133],[-104.68324,48.11109],[-104.68257,48.10731],[-104.68327,48.1052],[-104.68163,48.10332],[-104.67734,48.10298],[-104.67195,48.10367],[-104.66973,48.10422],[-104.66559,48.10606],[-104.65975,48.10711],[-104.65224,48.10736],[-104.64739,48.10815],[-104.63928,48.11112],[-104.63653,48.11131],[-104.63434,48.11089],[-104.63045,48.11119],[-104.6261,48.11196],[-104.6213,48.11459],[-104.61994,48.11617],[-104.61985,48.11785],[-104.62075,48.11934],[-104.62764,48.12328],[-104.62931,48.12614],[-104.62916,48.1274],[-104.62669,48.12949],[-104.62438,48.12994],[-104.61912,48.13008],[-104.61033,48.13379],[-104.60938,48.13624],[-104.60975,48.14112],[-104.60812,48.14216],[-104.60672,48.14212],[-104.60477,48.14115],[-104.60376,48.13961],[-104.59508,48.13477],[-104.59108,48.13137],[-104.58807,48.12775],[-104.58727,48.12502],[-104.58979,48.1183],[-104.59284,48.11285],[-104.59357,48.11099],[-104.59342,48.10919],[-104.59212,48.10812],[-104.58975,48.10726],[-104.58689,48.10706],[-104.58441,48.10766],[-104.57536,48.11201],[-104.56978,48.11504],[-104.5705,48.11621],[-104.56604,48.11755],[-104.55892,48.12216],[-104.55604,48.12299],[-104.5507,48.1239],[-104.5483,48.12458],[-104.54452,48.12655],[-104.5406,48.12677],[-104.53643,48.12633],[-104.53151,48.12456],[-104.52833,48.12426],[-104.52494,48.12221],[-104.52108,48.11937],[-104.51816,48.11607],[-104.51643,48.11474],[-104.51401,48.11167],[-104.5117,48.10989],[-104.51046,48.10961],[-104.50721,48.10989],[-104.50425,48.11066],[-104.50051,48.11257],[-104.4914,48.11975],[-104.48709,48.12188],[-104.48142,48.1229],[-104.47944,48.12376],[-104.47652,48.12385],[-104.46866,48.12296],[-104.46251,48.12101],[-104.45997,48.11961],[-104.45838,48.11737],[-104.45536,48.11424],[-104.45469,48.1115],[-104.45123,48.10346],[-104.4493,48.10076],[-104.44714,48.09895],[-104.44325,48.09503],[-104.44043,48.0935],[-104.43198,48.09121],[-104.42257,48.08705],[-104.41744,48.08434],[-104.41426,48.08372],[-104.40494,48.08012],[-104.40284,48.07983],[-104.39506,48.07692],[-104.38783,48.07606],[-104.3821,48.07665],[-104.37655,48.07671],[-104.37074,48.07498],[-104.36749,48.07338],[-104.3604,48.0687],[-104.35862,48.06616],[-104.3568,48.06149],[-104.35536,48.05564],[-104.35524,48.05327],[-104.35324,48.04868],[-104.34949,48.04644],[-104.34405,48.0457],[-104.33667,48.04639],[-104.3301,48.04565],[-104.32226,48.04519],[-104.32067,48.04514],[-104.31581,48.04652],[-104.31089,48.0483],[-104.30162,48.05086],[-104.29044,48.05093],[-104.28765,48.04996],[-104.28263,48.04744],[-104.28097,48.04616],[-104.27298,48.04125],[-104.27077,48.04139],[-104.26603,48.03876],[-104.25911,48.03633],[-104.25496,48.0346],[-104.24816,48.03293],[-104.24594,48.03101],[-104.23947,48.02985],[-104.23508,48.03032],[-104.23352,48.02995],[-104.22403,48.03044],[-104.21743,48.03205],[-104.20814,48.03401],[-104.2007,48.0373],[-104.19889,48.04065],[-104.19853,48.04288],[-104.1988,48.0457],[-104.19986,48.04843],[-104.20644,48.05543],[-104.20719,48.05954],[-104.20628,48.06294],[-104.20319,48.06603],[-104.19636,48.06783],[-104.1891,48.06847],[-104.18552,48.06775],[-104.18315,48.06608],[-104.18297,48.06307],[-104.18665,48.05743],[-104.18787,48.05419],[-104.18845,48.05085],[-104.1883,48.049],[-104.18545,48.04484],[-104.1818,48.0411],[-104.17601,48.03799],[-104.17345,48.03715],[-104.17073,48.03538],[-104.16901,48.03517],[-104.16722,48.0355],[-104.1627,48.03967],[-104.16003,48.04101],[-104.15554,48.0443],[-104.14936,48.05095],[-104.14247,48.05501],[-104.13902,48.05593],[-104.13689,48.05606],[-104.1329,48.05505],[-104.12981,48.05112],[-104.12772,48.04717],[-104.12755,48.04533],[-104.12549,48.04074],[-104.12355,48.03762],[-104.11663,48.03199],[-104.11519,48.03161],[-104.11147,48.03041],[-104.10705,48.02963],[-104.10407,48.02972],[-104.10126,48.0307],[-104.09855,48.03471],[-104.09625,48.03524],[-104.09456,48.03457],[-104.09266,48.03217],[-104.09259,48.03026],[-104.09331,48.0282],[-104.09497,48.02588],[-104.09846,48.02281],[-104.10155,48.02059],[-104.10669,48.01377],[-104.10696,48.0117],[-104.10601,48.0103],[-104.103,48.00866],[-104.10159,48.00725],[-104.10191,48.00153],[-104.10093,48.00062],[-104.09892,48.00002],[-104.09451,47.99963],[-104.08645,47.9997],[-104.08377,48.00075],[-104.07547,48.00182],[-104.07326,48.00243],[-104.06618,48.0034],[-104.06276,48.0027],[-104.05878,48.00254],[-104.05602,48.00082],[-104.04412,47.99611],[-104.04412,47.99608],[-104.04416,47.99284],[-104.04393,47.97151],[-104.0435,47.95449],[-104.04333,47.94955],[-104.04223,47.89103],[-104.04167,47.86254],[-104.04166,47.86228],[-104.0417,47.85835],[-104.0418,47.84828],[-104.04183,47.84546],[-104.04187,47.8417],[-104.04257,47.80824],[-104.0425,47.80679],[-104.04249,47.80669],[-104.04243,47.80536],[-104.04238,47.80326],[-104.0432,47.74729],[-104.04324,47.74711],[-104.04353,47.67707],[-104.04374,47.62502],[-104.04424,47.61229],[-104.04391,47.60323],[-104.04394,47.59041],[-104.04411,47.5236],[-104.04462,47.45938],[-104.0448,47.43845],[-104.04507,47.39746],[-104.04507,47.39707],[-104.13151,47.3974],[-104.13186,47.3539],[-104.38529,47.35346],[-104.38529,47.3544],[-104.39746,47.3544],[-104.42035,47.35444],[-104.45646,47.35457],[-104.51329,47.35472],[-104.51325,47.36935],[-104.51323,47.384],[-104.513,47.51572],[-104.51305,47.52944],[-104.59405,47.52934],[-104.59378,47.60161],[-104.59366,47.61629],[-104.73733,47.61634],[-104.74476,47.61616],[-104.87179,47.61615],[-104.95745,47.61629],[-104.97855,47.61627],[-104.97809,47.70329],[-104.98881,47.70331],[-105.02105,47.70341],[-105.05108,47.70348],[-105.05321,47.70339],[-105.06907,47.70355],[-105.07115,47.70343],[-105.10642,47.70366],[-105.12553,47.70366],[-105.14937,47.70388],[-105.15329,47.70368],[-105.21372,47.70358],[-105.23502,47.70358],[-105.23463,47.78776],[-105.23477,47.7905]]]}},{"type":"Feature","properties":{"name":"Rocky Boy Transit","boundary_type":"tribal","source":"Census TIGER AIANNH area","fidelity":"exact","updated":"2026-09","units":"Rocky Boy's Reservation and Off-Reservation Trust Land","note":"Service on Rocky Boy's Indian Reservation in Hill/Chouteau County, serving reservation residents","confidence":0.9},"geometry":{"type":"MultiPolygon","coordinates":[[[[-110.08503,48.25174],[-110.08508,48.25538],[-110.07385,48.25533],[-110.07382,48.25473],[-110.07381,48.25176],[-110.08503,48.25174]]],[[[-110.08432,48.31728],[-110.08449,48.32053],[-110.07896,48.32055],[-110.07894,48.31729],[-110.0834,48.3173],[-110.08432,48.31728]]],[[[-110.36687,48.32604],[-110.377,48.32602],[-110.37788,48.3281],[-110.37788,48.33349],[-110.36688,48.33349],[-110.36601,48.33353],[-110.36616,48.32608],[-110.36687,48.32604]]],[[[-109.98671,48.34257],[-109.98165,48.34257],[-109.98168,48.33898],[-109.98659,48.33892],[-109.98672,48.33892],[-109.98671,48.34257]]],[[[-110.00857,48.37112],[-110.00833,48.36762],[-110.01014,48.36766],[-110.01138,48.36763],[-110.01387,48.36748],[-110.01408,48.37472],[-110.01943,48.37466],[-110.01947,48.37878],[-110.00079,48.37881],[-109.99759,48.37855],[-109.99759,48.37697],[-109.99758,48.37132],[-110.00857,48.37112]]],[[[-110.44311,48.39163],[-110.43247,48.39169],[-110.4324,48.38444],[-110.44312,48.38445],[-110.44311,48.39163]]],[[[-110.05308,48.31716],[-110.04719,48.31707],[-110.04706,48.32055],[-110.05196,48.32055],[-110.05191,48.32487],[-110.05192,48.3256],[-110.0522,48.3314],[-110.04634,48.33145],[-110.04649,48.33508],[-110.05192,48.33502],[-110.05198,48.33886],[-110.05723,48.33876],[-110.05754,48.34607],[-110.04672,48.34622],[-110.04656,48.34231],[-110.0412,48.34229],[-110.04139,48.34962],[-110.02492,48.34963],[-110.02524,48.35529],[-110.01938,48.35543],[-110.01942,48.35636],[-110.01398,48.35635],[-110.0138,48.35122],[-110.00289,48.3511],[-110.00313,48.35464],[-109.99974,48.3548],[-109.99939,48.35672],[-109.9979,48.35669],[-109.99773,48.3585],[-109.99761,48.36405],[-109.99245,48.36411],[-109.99242,48.37125],[-109.98693,48.37127],[-109.98675,48.375],[-109.98689,48.38215],[-109.98132,48.3822],[-109.98137,48.38583],[-109.97587,48.38589],[-109.97575,48.39197],[-109.97573,48.39315],[-109.96423,48.39302],[-109.94618,48.39315],[-109.93815,48.39316],[-109.93826,48.38954],[-109.94383,48.38958],[-109.94391,48.37841],[-109.93866,48.37847],[-109.93865,48.37744],[-109.93837,48.37136],[-109.9435,48.37136],[-109.94363,48.36762],[-109.94962,48.36768],[-109.94983,48.3675],[-109.94967,48.36397],[-109.94968,48.36025],[-109.95451,48.36035],[-109.95455,48.36399],[-109.9617,48.36402],[-109.96163,48.35675],[-109.98665,48.35668],[-109.98661,48.34955],[-110.01976,48.34968],[-110.01946,48.33864],[-110.02499,48.33858],[-110.02485,48.33506],[-110.03029,48.335],[-110.03031,48.32814],[-110.03031,48.32053],[-110.01951,48.32048],[-110.01936,48.31333],[-110.01869,48.31334],[-110.00856,48.31347],[-110.00862,48.31692],[-110.01379,48.31698],[-110.01382,48.32033],[-110.0108,48.32042],[-110.00305,48.32055],[-110.00325,48.32401],[-109.9975,48.32374],[-109.99753,48.32047],[-109.99216,48.32046],[-109.99227,48.33506],[-109.94176,48.33485],[-109.93833,48.33494],[-109.91098,48.33487],[-109.91099,48.34933],[-109.88373,48.34943],[-109.88372,48.35441],[-109.88011,48.35434],[-109.88399,48.36729],[-109.8801,48.36725],[-109.87985,48.37841],[-109.86738,48.37844],[-109.86742,48.3928],[-109.87287,48.39281],[-109.87288,48.39475],[-109.88358,48.39475],[-109.88363,48.38551],[-109.88925,48.3855],[-109.89453,48.38549],[-109.89447,48.38199],[-109.89998,48.38196],[-109.90002,48.38564],[-109.91101,48.38563],[-109.91096,48.37828],[-109.90555,48.37831],[-109.90545,48.37459],[-109.89369,48.37466],[-109.89369,48.37127],[-109.9164,48.37126],[-109.91629,48.36409],[-109.92246,48.36391],[-109.93284,48.36392],[-109.93287,48.37455],[-109.92241,48.37455],[-109.92195,48.38577],[-109.92753,48.38573],[-109.92761,48.39289],[-109.93063,48.39287],[-109.93075,48.39834],[-109.9358,48.39829],[-109.93584,48.40192],[-109.94123,48.40195],[-109.94115,48.3948],[-109.94631,48.39474],[-109.95195,48.3947],[-109.95193,48.39901],[-109.95204,48.4381],[-109.92976,48.43814],[-109.92288,48.43797],[-109.9052,48.43819],[-109.88687,48.43829],[-109.88682,48.43453],[-109.88691,48.4309],[-109.88802,48.43091],[-109.89195,48.43019],[-109.89233,48.4301],[-109.89379,48.42977],[-109.89126,48.42461],[-109.89219,48.42367],[-109.89774,48.42368],[-109.8987,48.41651],[-109.89873,48.41651],[-109.90854,48.41651],[-109.90847,48.40925],[-109.89645,48.40925],[-109.89427,48.40203],[-109.86519,48.40206],[-109.8652,48.39482],[-109.84576,48.39473],[-109.84578,48.38043],[-109.82222,48.38046],[-109.82219,48.35877],[-109.81133,48.35878],[-109.81136,48.366],[-109.80048,48.366],[-109.80048,48.35154],[-109.79505,48.35155],[-109.79505,48.31907],[-109.78958,48.31907],[-109.78954,48.31549],[-109.7354,48.31536],[-109.73534,48.33706],[-109.71366,48.33702],[-109.71372,48.30812],[-109.69748,48.30809],[-109.69747,48.29755],[-109.6812,48.29755],[-109.68119,48.29392],[-109.67576,48.29393],[-109.67576,48.28669],[-109.67033,48.28669],[-109.67034,48.27945],[-109.68663,48.27944],[-109.68663,48.28306],[-109.70277,48.28306],[-109.70288,48.28487],[-109.7137,48.28487],[-109.71369,48.27947],[-109.71336,48.22152],[-109.65168,48.22148],[-109.61757,48.22148],[-109.61744,48.14873],[-109.64141,48.14885],[-109.64141,48.1471],[-109.72687,48.14728],[-109.80797,48.14732],[-109.80802,48.1488],[-109.81341,48.14877],[-109.81335,48.14741],[-109.81775,48.14728],[-109.82087,48.15792],[-109.8241,48.15792],[-109.82415,48.16197],[-109.82208,48.16198],[-109.83384,48.20107],[-109.85144,48.20103],[-109.85144,48.20488],[-109.85675,48.20489],[-109.85675,48.20838],[-109.86768,48.2084],[-109.86768,48.21247],[-109.86768,48.21536],[-109.87298,48.21533],[-109.87302,48.21959],[-109.88382,48.21954],[-109.88359,48.21225],[-109.88433,48.21224],[-109.88876,48.21224],[-109.88868,48.20493],[-109.89408,48.2049],[-109.89405,48.20141],[-109.89956,48.20129],[-109.8995,48.19758],[-109.90491,48.19754],[-109.90496,48.20102],[-109.92137,48.20091],[-109.92145,48.20441],[-109.93224,48.20433],[-109.93235,48.21194],[-109.92656,48.21197],[-109.92666,48.2188],[-109.94845,48.21865],[-109.94862,48.22955],[-109.94866,48.23168],[-109.94868,48.23297],[-109.93228,48.23309],[-109.93222,48.22935],[-109.91024,48.2295],[-109.91021,48.23365],[-109.8886,48.23375],[-109.88857,48.23048],[-109.8936,48.23046],[-109.89355,48.22628],[-109.87304,48.22627],[-109.87297,48.2227],[-109.86735,48.22273],[-109.86729,48.21882],[-109.85636,48.2189],[-109.85614,48.23349],[-109.85127,48.23353],[-109.85124,48.23732],[-109.85705,48.23732],[-109.85705,48.24119],[-109.85173,48.2412],[-109.85173,48.24493],[-109.84727,48.24489],[-109.84833,48.24833],[-109.851,48.24832],[-109.851,48.25188],[-109.889,48.25191],[-109.88905,48.2555],[-109.88451,48.2558],[-109.88411,48.26253],[-109.88943,48.26252],[-109.8894,48.26965],[-109.90097,48.26968],[-109.90574,48.2697],[-109.90577,48.273],[-109.91093,48.27299],[-109.91097,48.27698],[-109.93266,48.27703],[-109.93266,48.26968],[-109.93794,48.26969],[-109.93794,48.2662],[-109.96023,48.26621],[-109.96016,48.26259],[-109.94912,48.26245],[-109.9491,48.25898],[-109.94381,48.25894],[-109.94363,48.24442],[-109.93831,48.24442],[-109.93826,48.23731],[-109.94893,48.23726],[-109.94899,48.24081],[-109.95439,48.24079],[-109.95452,48.2444],[-109.95966,48.24445],[-109.95965,48.24792],[-109.96533,48.24805],[-109.96537,48.2513],[-109.9708,48.25129],[-109.97084,48.24806],[-109.97599,48.24808],[-109.97615,48.2557],[-109.97044,48.25571],[-109.97047,48.26259],[-109.9764,48.26258],[-109.97631,48.26974],[-109.94927,48.26969],[-109.94927,48.27336],[-109.93796,48.27336],[-109.93806,48.28425],[-109.93237,48.28417],[-109.93235,48.28539],[-109.93249,48.29145],[-109.95441,48.29157],[-109.95449,48.28837],[-109.9551,48.28428],[-109.97571,48.28432],[-109.97593,48.27709],[-109.99762,48.27717],[-110.00875,48.27697],[-110.0088,48.28078],[-110.01363,48.28075],[-110.01392,48.2851],[-110.01406,48.30605],[-110.00707,48.30602],[-110.00698,48.30989],[-110.02074,48.30992],[-110.0214,48.30992],[-110.02248,48.30983],[-110.03042,48.30973],[-110.03029,48.30607],[-110.06312,48.30606],[-110.06321,48.3095],[-110.05765,48.30962],[-110.05776,48.31326],[-110.05218,48.31338],[-110.05309,48.31576],[-110.05308,48.31716]],[[-109.94655,48.42349],[-109.94133,48.42352],[-109.94134,48.42671],[-109.94134,48.42701],[-109.94657,48.42696],[-109.94655,48.42349]],[[-109.88914,48.32033],[-109.93277,48.32042],[-109.93277,48.30603],[-109.91054,48.306],[-109.88146,48.30597],[-109.88152,48.31318],[-109.88927,48.31319],[-109.88914,48.32033]],[[-109.93038,48.41635],[-109.91937,48.41637],[-109.9194,48.42366],[-109.92456,48.42368],[-109.93048,48.42326],[-109.93038,48.41635]],[[-109.87156,48.33818],[-109.87532,48.33831],[-109.87678,48.34191],[-109.88413,48.34191],[-109.8841,48.33856],[-109.87862,48.33856],[-109.87864,48.33489],[-109.8743,48.33487],[-109.87154,48.33484],[-109.87156,48.33818]],[[-109.85116,48.33481],[-109.84585,48.33488],[-109.84583,48.34433],[-109.84934,48.34435],[-109.85117,48.34435],[-109.85116,48.33481]],[[-109.82219,48.30824],[-109.82219,48.30811],[-109.79772,48.30813],[-109.80042,48.30818],[-109.80041,48.31535],[-109.82218,48.31535],[-109.82219,48.30824]],[[-109.78573,48.25625],[-109.7786,48.25628],[-109.77858,48.25764],[-109.77894,48.25764],[-109.78572,48.2576],[-109.78573,48.25625]]],[[[-109.94353,48.34954],[-109.94357,48.36395],[-109.93499,48.36393],[-109.93284,48.36392],[-109.93283,48.36104],[-109.93278,48.34951],[-109.94353,48.34954]]],[[[-109.92749,48.38231],[-109.933,48.38244],[-109.93303,48.38259],[-109.93302,48.38568],[-109.92795,48.38572],[-109.92753,48.38573],[-109.92751,48.38394],[-109.92749,48.38231]]],[[[-109.75709,48.38033],[-109.75707,48.38402],[-109.75166,48.38404],[-109.75165,48.3878],[-109.74064,48.38784],[-109.74182,48.38028],[-109.75709,48.38033]]],[[[-109.82225,48.3841],[-109.82103,48.39128],[-109.8113,48.39128],[-109.8113,48.38767],[-109.80592,48.38767],[-109.80592,48.3841],[-109.82225,48.3841]]]]}},{"type":"Feature","properties":{"name":"Valley County Transit","boundary_type":"county","source":"Census TIGER county","fidelity":"exact","updated":"2026-09","units":"Valley County","note":"Valley County service with Glasgow as primary hub","confidence":0.85},"geometry":{"type":"Polygon","coordinates":[[[-107.4144,47.87051],[-107.40468,47.87051],[-107.40476,47.95742],[-107.40467,48.08892],[-107.40464,48.13184],[-107.40451,48.21844],[-107.36973,48.21837],[-107.36925,48.30516],[-107.28286,48.30484],[-107.26046,48.30477],[-107.26028,48.39408],[-107.27128,48.39409],[-107.27256,48.39403],[-107.30107,48.394],[-107.30145,48.44003],[-107.30147,48.45175],[-107.30172,48.48094],[-107.25794,48.48099],[-107.25803,48.51482],[-107.25543,48.51474],[-107.25102,48.51723],[-107.24896,48.51698],[-107.24481,48.51393],[-107.24129,48.51324],[-107.23632,48.51512],[-107.23302,48.51552],[-107.22865,48.51269],[-107.22701,48.51035],[-107.22585,48.50962],[-107.22201,48.51008],[-107.22013,48.5105],[-107.21837,48.50996],[-107.21904,48.5082],[-107.21744,48.50757],[-107.21365,48.50777],[-107.21064,48.50975],[-107.20877,48.51013],[-107.20574,48.50887],[-107.20325,48.50871],[-107.20009,48.5106],[-107.19841,48.51062],[-107.19614,48.50956],[-107.19269,48.5094],[-107.19271,48.56811],[-107.20632,48.56817],[-107.20603,48.91271],[-107.17982,48.91267],[-107.17981,48.99992],[-106.83165,48.99975],[-106.65174,48.99965],[-106.6256,48.99964],[-106.61754,48.99958],[-106.5182,48.99956],[-106.50059,48.99976],[-106.50059,48.99944],[-106.47961,48.99937],[-106.378,48.99961],[-106.37462,48.99962],[-106.36815,48.9995],[-106.27427,48.99931],[-106.24621,48.99926],[-106.24315,48.99937],[-106.23399,48.99942],[-106.11206,48.99928],[-106.112,48.91065],[-106.15193,48.91064],[-106.15191,48.82393],[-106.02125,48.82397],[-106.02116,48.79611],[-106.02118,48.71716],[-106.02086,48.65089],[-106.02114,48.65029],[-106.02091,48.64677],[-106.02098,48.63284],[-106.02098,48.63192],[-106.02103,48.56685],[-106.02111,48.56633],[-106.02132,48.56376],[-106.01982,48.56322],[-105.99934,48.56324],[-105.98413,48.56331],[-105.94939,48.56339],[-105.94455,48.56352],[-105.93506,48.56347],[-105.93224,48.56323],[-105.80444,48.56336],[-105.8046,48.52989],[-105.80465,48.30578],[-105.8046,48.21904],[-105.84382,48.21903],[-105.84382,48.18276],[-105.84393,48.14709],[-105.84385,48.14662],[-105.84391,48.07254],[-105.84392,48.06888],[-105.84405,48.04782],[-105.84412,48.04744],[-105.84389,48.01029],[-105.84391,48.01028],[-105.85198,48.00852],[-105.85539,48.00841],[-105.85702,48.0094],[-105.85754,48.01203],[-105.85883,48.01402],[-105.86079,48.01535],[-105.86434,48.01694],[-105.87327,48.01977],[-105.87724,48.02144],[-105.881,48.02402],[-105.88177,48.02514],[-105.88453,48.0342],[-105.88719,48.03669],[-105.89028,48.03754],[-105.89462,48.03818],[-105.89663,48.03768],[-105.89867,48.03592],[-105.89928,48.03422],[-105.89789,48.02722],[-105.89757,48.02337],[-105.89765,48.01989],[-105.89649,48.01436],[-105.89754,48.01108],[-105.89945,48.00903],[-105.90286,48.00706],[-105.90706,48.00561],[-105.91202,48.00445],[-105.91659,48.00384],[-105.91955,48.0039],[-105.92412,48.00573],[-105.92712,48.00834],[-105.93148,48.01127],[-105.93523,48.01334],[-105.93837,48.01423],[-105.94206,48.01474],[-105.94823,48.01438],[-105.95184,48.01344],[-105.95544,48.01386],[-105.96162,48.01378],[-105.96548,48.01423],[-105.9746,48.01586],[-105.97693,48.01668],[-105.98218,48.01904],[-105.98453,48.02072],[-105.98791,48.02522],[-105.98951,48.02651],[-105.99494,48.02912],[-105.99923,48.03145],[-106.00387,48.03329],[-106.00618,48.03369],[-106.01737,48.03363],[-106.01923,48.03291],[-106.02155,48.03093],[-106.02404,48.02807],[-106.0251,48.02609],[-106.02316,48.02223],[-106.01445,48.01646],[-106.01205,48.01617],[-106.01128,48.01477],[-106.01114,48.01125],[-106.0144,48.00648],[-106.01668,48.00525],[-106.02025,48.00451],[-106.02629,48.00404],[-106.02937,48.00406],[-106.03203,48.00474],[-106.03713,48.00727],[-106.04182,48.00771],[-106.04412,48.00847],[-106.04584,48.01054],[-106.04753,48.01678],[-106.04869,48.01967],[-106.05208,48.02359],[-106.05419,48.02514],[-106.05826,48.02891],[-106.06624,48.03285],[-106.06892,48.03381],[-106.0717,48.03455],[-106.07915,48.03554],[-106.08252,48.03547],[-106.08574,48.03471],[-106.08824,48.03313],[-106.08873,48.02998],[-106.08783,48.02861],[-106.08482,48.02571],[-106.08448,48.0227],[-106.08563,48.02043],[-106.08729,48.01843],[-106.09118,48.01515],[-106.09554,48.01058],[-106.10258,48.00766],[-106.11281,48.00522],[-106.11988,48.00407],[-106.12558,48.00474],[-106.13168,48.00592],[-106.14195,48.00641],[-106.1452,48.0075],[-106.14569,48.00954],[-106.143,48.01276],[-106.14068,48.01419],[-106.13627,48.01567],[-106.13495,48.01659],[-106.12804,48.01879],[-106.12449,48.02146],[-106.12287,48.02416],[-106.1222,48.02711],[-106.12271,48.02824],[-106.12615,48.03098],[-106.12941,48.03225],[-106.13186,48.03249],[-106.13658,48.03199],[-106.1403,48.03095],[-106.14579,48.02984],[-106.15072,48.03103],[-106.15458,48.03055],[-106.15726,48.03059],[-106.16572,48.02935],[-106.16746,48.02944],[-106.17198,48.02804],[-106.1753,48.0278],[-106.18082,48.02946],[-106.18942,48.02909],[-106.19971,48.02715],[-106.20414,48.02654],[-106.21058,48.02661],[-106.21269,48.02628],[-106.22174,48.02661],[-106.2293,48.02642],[-106.23483,48.02719],[-106.2448,48.02994],[-106.24749,48.03225],[-106.25365,48.03563],[-106.26161,48.03841],[-106.26425,48.04011],[-106.26961,48.04477],[-106.27248,48.04611],[-106.2756,48.04658],[-106.282,48.04626],[-106.28555,48.0453],[-106.28979,48.0413],[-106.29331,48.04042],[-106.29672,48.04053],[-106.30097,48.04138],[-106.3032,48.04354],[-106.30324,48.04554],[-106.30531,48.05009],[-106.30777,48.05223],[-106.31354,48.05489],[-106.31871,48.05553],[-106.32144,48.05544],[-106.32506,48.05345],[-106.32867,48.05192],[-106.33865,48.04608],[-106.34381,48.0443],[-106.34765,48.04375],[-106.35147,48.04376],[-106.35583,48.04437],[-106.36445,48.04683],[-106.3661,48.04838],[-106.36635,48.04965],[-106.36582,48.05384],[-106.366,48.0561],[-106.36715,48.05831],[-106.36879,48.05995],[-106.37362,48.06235],[-106.37559,48.06276],[-106.38037,48.06302],[-106.38371,48.06374],[-106.38838,48.06386],[-106.39416,48.06473],[-106.4006,48.06192],[-106.40156,48.06008],[-106.40587,48.05707],[-106.40764,48.05518],[-106.40856,48.05274],[-106.41207,48.04897],[-106.41316,48.04652],[-106.41436,48.04522],[-106.41669,48.04409],[-106.41779,48.04292],[-106.42173,48.03447],[-106.42181,48.03258],[-106.42428,48.02629],[-106.42561,48.02501],[-106.42787,48.02453],[-106.43007,48.02129],[-106.43048,48.01972],[-106.42987,48.01828],[-106.42772,48.01723],[-106.42522,48.01495],[-106.42367,48.01129],[-106.42339,48.00352],[-106.42219,48.00048],[-106.41939,47.99622],[-106.41929,47.99422],[-106.42109,47.99052],[-106.42089,47.98772],[-106.41709,47.97832],[-106.41429,47.97282],[-106.41369,47.96932],[-106.41389,47.96712],[-106.41589,47.96182],[-106.41862,47.95746],[-106.42266,47.95399],[-106.42669,47.95378],[-106.42901,47.95463],[-106.43195,47.95734],[-106.43405,47.96136],[-106.4335,47.96488],[-106.42879,47.9702],[-106.42822,47.97337],[-106.42896,47.97618],[-106.4309,47.97867],[-106.43225,47.97965],[-106.43603,47.98132],[-106.44367,47.98273],[-106.44742,47.98286],[-106.45006,47.98197],[-106.45124,47.9809],[-106.45182,47.97912],[-106.45087,47.97614],[-106.45091,47.97252],[-106.45241,47.97042],[-106.45593,47.96851],[-106.46259,47.96533],[-106.46702,47.96388],[-106.47077,47.96331],[-106.47944,47.96321],[-106.49013,47.96229],[-106.49771,47.96044],[-106.50172,47.95829],[-106.50647,47.95354],[-106.50948,47.94997],[-106.5101,47.9481],[-106.50885,47.94654],[-106.50716,47.94597],[-106.49982,47.94465],[-106.49528,47.94332],[-106.49264,47.9405],[-106.49135,47.9374],[-106.4887,47.93258],[-106.48835,47.93045],[-106.48943,47.92738],[-106.4924,47.92363],[-106.49625,47.91652],[-106.49852,47.91452],[-106.5021,47.91378],[-106.50847,47.9138],[-106.51319,47.91351],[-106.51957,47.91194],[-106.52575,47.9092],[-106.5298,47.90614],[-106.53081,47.90356],[-106.52868,47.90015],[-106.52741,47.8989],[-106.52437,47.89708],[-106.51966,47.89502],[-106.51337,47.89289],[-106.51006,47.89115],[-106.50905,47.89006],[-106.50753,47.88712],[-106.50727,47.88271],[-106.50819,47.88022],[-106.51032,47.879],[-106.51469,47.8794],[-106.51808,47.88041],[-106.52242,47.88128],[-106.52607,47.88143],[-106.53067,47.88082],[-106.5354,47.87944],[-106.5399,47.87755],[-106.54271,47.87583],[-106.54347,47.87292],[-106.54187,47.86998],[-106.53769,47.8671],[-106.5333,47.86545],[-106.52847,47.86263],[-106.52714,47.86098],[-106.52674,47.85665],[-106.52809,47.8517],[-106.52926,47.85002],[-106.53202,47.84847],[-106.53421,47.8478],[-106.54556,47.84789],[-106.55143,47.8476],[-106.55539,47.84683],[-106.55904,47.84551],[-106.56238,47.84339],[-106.56322,47.84072],[-106.55937,47.83416],[-106.55749,47.82858],[-106.55779,47.82549],[-106.56063,47.82078],[-106.5649,47.81602],[-106.56629,47.81496],[-106.571,47.81293],[-106.57487,47.81216],[-106.57667,47.81226],[-106.58938,47.8118],[-106.60424,47.80832],[-106.60837,47.80671],[-106.61019,47.8049],[-106.60951,47.80231],[-106.60372,47.79745],[-106.60309,47.79633],[-106.60231,47.79257],[-106.60223,47.78698],[-106.60313,47.78474],[-106.60896,47.77797],[-106.60981,47.77723],[-106.61334,47.77709],[-106.61439,47.7783],[-106.6169,47.78285],[-106.61839,47.78619],[-106.62005,47.7889],[-106.62179,47.79086],[-106.62484,47.7921],[-106.62939,47.79223],[-106.63333,47.79276],[-106.64277,47.79305],[-106.6455,47.79274],[-106.6521,47.79079],[-106.65414,47.78878],[-106.65442,47.78763],[-106.65417,47.78259],[-106.65531,47.77978],[-106.65832,47.77504],[-106.66176,47.77174],[-106.66556,47.7698],[-106.66831,47.76906],[-106.6703,47.7696],[-106.67518,47.77461],[-106.67917,47.77633],[-106.68717,47.77699],[-106.69372,47.77674],[-106.702,47.77544],[-106.71049,47.77324],[-106.71197,47.77211],[-106.71081,47.76308],[-106.71082,47.75804],[-106.71211,47.7539],[-106.7177,47.7474],[-106.72331,47.74354],[-106.7269,47.74064],[-106.72969,47.73648],[-106.7317,47.73508],[-106.73445,47.73416],[-106.74657,47.73132],[-106.75079,47.7313],[-106.75523,47.73173],[-106.76019,47.73145],[-106.76348,47.7322],[-106.7659,47.73318],[-106.7711,47.73615],[-106.77583,47.73837],[-106.7857,47.74251],[-106.79007,47.74339],[-106.79363,47.7435],[-106.80003,47.7433],[-106.81327,47.74442],[-106.82113,47.74431],[-106.82771,47.74397],[-106.83417,47.7434],[-106.84933,47.74126],[-106.85371,47.74032],[-106.86167,47.73737],[-106.86331,47.73628],[-106.86656,47.73303],[-106.87491,47.72543],[-106.87919,47.72069],[-106.87922,47.71809],[-106.87796,47.71598],[-106.87219,47.70809],[-106.86991,47.70227],[-106.87004,47.69414],[-106.87036,47.69315],[-106.87429,47.6859],[-106.87968,47.67895],[-106.88116,47.67813],[-106.89275,47.67482],[-106.89764,47.67392],[-106.9022,47.67271],[-106.91133,47.67098],[-106.91643,47.67019],[-106.92556,47.66947],[-106.92846,47.66992],[-106.93193,47.67164],[-106.93435,47.67389],[-106.93716,47.67506],[-106.94455,47.67629],[-106.94957,47.67556],[-106.95463,47.67388],[-106.96075,47.67216],[-106.96592,47.67169],[-106.97865,47.67264],[-106.98405,47.67382],[-106.98764,47.67419],[-106.99352,47.67464],[-106.99853,47.67396],[-107.00128,47.67185],[-107.00408,47.668],[-107.00858,47.66463],[-107.01136,47.66311],[-107.01698,47.66151],[-107.02897,47.66044],[-107.03273,47.66085],[-107.03706,47.66216],[-107.04165,47.66248],[-107.04724,47.66221],[-107.05699,47.66281],[-107.06212,47.66278],[-107.07051,47.6624],[-107.08097,47.66353],[-107.09404,47.66684],[-107.10505,47.66839],[-107.11411,47.66903],[-107.13141,47.66886],[-107.14216,47.66842],[-107.14688,47.66845],[-107.15882,47.66779],[-107.16094,47.66741],[-107.16727,47.66577],[-107.17509,47.66191],[-107.17669,47.66167],[-107.18415,47.66129],[-107.19267,47.66108],[-107.19451,47.66129],[-107.20062,47.66356],[-107.20503,47.66365],[-107.21549,47.66183],[-107.22657,47.66165],[-107.22923,47.66174],[-107.24167,47.66142],[-107.249,47.66157],[-107.25568,47.66381],[-107.25799,47.665],[-107.26377,47.66903],[-107.27126,47.67524],[-107.27405,47.6771],[-107.27838,47.67912],[-107.28428,47.68045],[-107.31157,47.6811],[-107.33176,47.68068],[-107.33667,47.68112],[-107.3385,47.68161],[-107.34978,47.68549],[-107.3559,47.68921],[-107.36023,47.69122],[-107.36619,47.69235],[-107.37834,47.69285],[-107.39359,47.69288],[-107.39935,47.69261],[-107.40916,47.69251],[-107.41489,47.69173],[-107.41488,47.705],[-107.4144,47.87051]]]}}]}