{"type":"FeatureCollection","features":[{"type":"Feature","properties":{"name":"Benson County Transportation","boundary_type":"county","source":"Census TIGER county","fidelity":"exact","updated":"2026-09","units":"Benson County","note":"Benson County; hub in Maddock.","confidence":0.95},"geometry":{"type":"Polygon","coordinates":[[[-99.84801,48.10843],[-99.84768,48.19516],[-99.84768,48.22299],[-99.84738,48.28214],[-99.84712,48.32836],[-99.84726,48.32892],[-99.84705,48.3712],[-99.75452,48.37112],[-99.71804,48.37109],[-99.67518,48.37111],[-99.62388,48.37112],[-99.62182,48.3711],[-99.58771,48.37104],[-99.49292,48.37095],[-99.45931,48.37092],[-99.36276,48.37084],[-99.35134,48.37083],[-99.32965,48.37078],[-99.26503,48.37074],[-99.2322,48.3707],[-99.20031,48.37066],[-99.2003,48.29829],[-99.20029,48.28176],[-99.20016,48.27451],[-99.20011,48.26973],[-99.20005,48.26267],[-99.20003,48.2383],[-99.20002,48.19489],[-99.19991,48.1621],[-99.19991,48.15531],[-99.19764,48.15431],[-99.19522,48.15237],[-99.19378,48.14937],[-99.19261,48.14873],[-99.18913,48.14886],[-99.18612,48.14959],[-99.18123,48.14878],[-99.17469,48.14732],[-99.16489,48.14426],[-99.15701,48.1414],[-99.15347,48.13977],[-99.14936,48.13843],[-99.14766,48.13834],[-99.14657,48.13875],[-99.13936,48.14368],[-99.13618,48.14429],[-99.1343,48.14379],[-99.12897,48.14036],[-99.13051,48.13901],[-99.13162,48.13662],[-99.12734,48.13409],[-99.12818,48.13189],[-99.12735,48.13078],[-99.12541,48.1304],[-99.12212,48.12852],[-99.11652,48.12069],[-99.11574,48.11825],[-99.11842,48.11413],[-99.11839,48.11224],[-99.11722,48.1111],[-99.11057,48.10869],[-99.10931,48.10766],[-99.07044,48.10786],[-99.07074,48.08892],[-99.07057,48.06372],[-99.07027,48.05282],[-99.07052,48.04691],[-99.0704,48.03072],[-99.07035,48.02195],[-99.06021,48.02198],[-99.05046,48.03063],[-99.04985,48.03279],[-99.04976,48.03817],[-99.04791,48.03985],[-99.04756,48.04006],[-99.04722,48.04026],[-99.04519,48.04145],[-99.0419,48.04197],[-99.04142,48.04356],[-99.03856,48.04483],[-99.03733,48.04707],[-99.03684,48.0474],[-99.03196,48.04678],[-99.03031,48.04725],[-99.02698,48.0493],[-99.02506,48.05132],[-99.02358,48.0513],[-99.01929,48.04968],[-99.0157,48.04962],[-99.0124,48.0512],[-99.01267,48.0534],[-99.01135,48.05229],[-99.00846,48.05227],[-99.00613,48.05122],[-99.00084,48.05284],[-99.00213,48.0511],[-99.00121,48.04999],[-99.00193,48.0478],[-99.00083,48.04587],[-99.00186,48.04535],[-99.00429,48.04193],[-98.9973,48.027],[-98.9972,48.0233],[-98.9947,48.02],[-98.994,48.018],[-98.9908,48.0169],[-98.9882,48.0174],[-98.986,48.0194],[-98.9843,48.0176],[-98.9866,48.017],[-98.9878,48.0158],[-98.9874,48.014],[-98.9886,48.013],[-98.9882,48.0103],[-98.987,48.0073],[-98.9894,48.0058],[-98.9886,48.0018],[-98.99281,47.9984],[-98.99353,47.99652],[-98.99165,47.99281],[-98.99125,47.99026],[-98.9861,47.99271],[-98.98544,47.99382],[-98.9826,47.99571],[-98.97909,47.9969],[-98.9744,47.9973],[-98.9735,47.99787],[-98.96844,47.99748],[-98.964,47.99849],[-98.9596,48.0006],[-98.9567,48.0024],[-98.9554,48.0029],[-98.9556,48.0046],[-98.9543,48.0032],[-98.94524,48.0027],[-98.9448,48.0028],[-98.94078,48.00166],[-98.938,48.0],[-98.93295,47.99848],[-98.92931,47.99699],[-98.92322,47.99967],[-98.9175,48.0041],[-98.916,48.0058],[-98.9159,48.0086],[-98.918,48.0106],[-98.9188,48.0144],[-98.9197,48.0153],[-98.92,48.018],[-98.9179,48.0208],[-98.9158,48.0214],[-98.9118,48.0215],[-98.90955,48.02238],[-98.9055,48.0228],[-98.9012,48.025],[-98.9012,48.0269],[-98.89672,48.02673],[-98.89557,48.02642],[-98.8931,48.0264],[-98.8938,48.0254],[-98.8976,48.0241],[-98.8991,48.0205],[-98.898,48.0168],[-98.8941,48.0135],[-98.893,48.0118],[-98.8929,48.0093],[-98.8936,48.0078],[-98.8923,48.0077],[-98.88719,48.0082],[-98.8889,48.0095],[-98.8877,48.0139],[-98.8855,48.0165],[-98.8832,48.0227],[-98.8829,48.02525],[-98.88079,48.02607],[-98.88013,48.02683],[-98.87749,48.02954],[-98.87249,48.0322],[-98.86829,48.0339],[-98.86349,48.0374],[-98.85679,48.0404],[-98.85279,48.0416],[-98.84779,48.0441],[-98.84189,48.0454],[-98.83929,48.0472],[-98.83539,48.049],[-98.83199,48.0532],[-98.82669,48.0571],[-98.82639,48.0619],[-98.82509,48.0624],[-98.81479,48.061],[-98.81229,48.0604],[-98.81132,48.06035],[-98.80759,48.0598],[-98.80389,48.0599],[-98.80259,48.0586],[-98.79679,48.057],[-98.79479,48.0556],[-98.79489,48.055],[-98.80089,48.0547],[-98.80199,48.054],[-98.80219,48.0518],[-98.80109,48.0502],[-98.80149,48.0474],[-98.79999,48.0445],[-98.79649,48.0391],[-98.79289,48.0364],[-98.79139,48.0334],[-98.78849,48.0311],[-98.78519,48.0296],[-98.78619,48.0286],[-98.78689,48.0259],[-98.78469,48.017],[-98.78439,48.0132],[-98.78739,48.0111],[-98.78759,48.0081],[-98.78689,48.0069],[-98.78329,48.0055],[-98.78279,48.0044],[-98.78319,48.0016],[-98.77649,48.0006],[-98.76921,47.99869],[-98.76749,48.0],[-98.76809,48.0034],[-98.76919,48.0042],[-98.76859,48.0076],[-98.76899,48.0115],[-98.76829,48.0123],[-98.76689,48.0245],[-98.76769,48.0285],[-98.76729,48.0306],[-98.76599,48.0257],[-98.76529,48.0194],[-98.76609,48.0173],[-98.76549,48.015],[-98.76559,48.0119],[-98.76489,48.0093],[-98.76369,48.0076],[-98.76019,48.0059],[-98.75929,48.0048],[-98.76229,48.0028],[-98.76359,48.001],[-98.76285,47.99871],[-98.76143,47.99743],[-98.75357,47.99333],[-98.75223,47.99098],[-98.75263,47.98921],[-98.75188,47.98579],[-98.75061,47.98246],[-98.75356,47.9778],[-98.75706,47.97639],[-98.75942,47.97384],[-98.75908,47.97209],[-98.7608,47.9711],[-98.76167,47.97136],[-98.76191,47.97349],[-98.76514,47.97511],[-98.76869,47.97516],[-98.77762,47.97375],[-98.78011,47.97288],[-98.78428,47.96933],[-98.78467,47.96569],[-98.78733,47.96451],[-98.78855,47.96193],[-98.79216,47.959],[-98.79712,47.95635],[-98.797,47.95461],[-98.79456,47.95161],[-98.79159,47.95063],[-98.78991,47.95101],[-98.7848,47.95504],[-98.78434,47.95631],[-98.78146,47.95869],[-98.77981,47.96078],[-98.77301,47.96433],[-98.77094,47.96754],[-98.7638,47.97069],[-98.76303,47.97169],[-98.76178,47.97118],[-98.76074,47.97091],[-98.75828,47.97067],[-98.75416,47.97108],[-98.74949,47.9732],[-98.73569,47.9803],[-98.73259,47.985],[-98.72839,47.9895],[-98.72689,47.9928],[-98.72589,47.9937],[-98.72359,47.9976],[-98.72279,47.9981],[-98.72069,47.9987],[-98.71399,47.9986],[-98.70999,48.0001],[-98.70639,48.0034],[-98.69829,48.00335],[-98.69726,48.00346],[-98.69695,48.00355],[-98.69391,48.00369],[-98.68905,48.00268],[-98.68368,48.00114],[-98.67818,48.0006],[-98.67209,48.0004],[-98.67099,48.0],[-98.67029,47.9987],[-98.66733,47.99562],[-98.66683,47.99419],[-98.66382,47.99207],[-98.66506,47.9903],[-98.66417,47.98781],[-98.66502,47.98556],[-98.66915,47.98271],[-98.67076,47.98041],[-98.67019,47.9794],[-98.66569,47.9748],[-98.66569,47.9724],[-98.66429,47.9705],[-98.66429,47.9679],[-98.66351,47.9647],[-98.66078,47.961],[-98.6518,47.95413],[-98.64818,47.9517],[-98.64548,47.9508],[-98.64258,47.9482],[-98.63528,47.9447],[-98.63078,47.9417],[-98.62828,47.9406],[-98.62598,47.9385],[-98.62568,47.9368],[-98.62788,47.936],[-98.62918,47.9344],[-98.63048,47.9328],[-98.63328,47.9323],[-98.63528,47.9306],[-98.63298,47.9292],[-98.63318,47.9279],[-98.63168,47.926],[-98.63178,47.9235],[-98.63058,47.9215],[-98.62808,47.92],[-98.62688,47.9172],[-98.62538,47.9164],[-98.62016,47.91642],[-98.6168,47.91644],[-98.58326,47.91656],[-98.58236,47.91511],[-98.55796,47.91509],[-98.5474,47.91506],[-98.52555,47.91506],[-98.52555,47.90422],[-98.52557,47.87527],[-98.52552,47.84628],[-98.54251,47.84626],[-98.54407,47.84622],[-98.54479,47.84739],[-98.58696,47.84747],[-98.62073,47.84751],[-98.63013,47.84745],[-98.65197,47.84737],[-98.69475,47.84753],[-98.71645,47.84754],[-98.78078,47.84759],[-98.81854,47.84746],[-98.82306,47.84762],[-98.82397,47.84752],[-98.88463,47.84724],[-98.88865,47.84735],[-98.88908,47.8474],[-98.90925,47.84734],[-98.93097,47.84716],[-98.95577,47.84701],[-98.95541,47.8466],[-99.00659,47.84653],[-99.00731,47.84643],[-99.04011,47.84662],[-99.083,47.84677],[-99.09384,47.84714],[-99.09407,47.84751],[-99.09623,47.84755],[-99.09666,47.8471],[-99.09895,47.8473],[-99.09915,47.84756],[-99.10918,47.84743],[-99.10938,47.84741],[-99.15137,47.84726],[-99.15288,47.84748],[-99.16858,47.84743],[-99.16998,47.84742],[-99.17294,47.8474],[-99.17459,47.84738],[-99.20834,47.84725],[-99.21136,47.84703],[-99.28776,47.84683],[-99.2972,47.84683],[-99.30236,47.8467],[-99.31293,47.84674],[-99.31422,47.8469],[-99.33166,47.84691],[-99.36172,47.84673],[-99.38318,47.84676],[-99.42595,47.84677],[-99.42603,47.84677],[-99.51206,47.84678],[-99.51285,47.84686],[-99.55455,47.8468],[-99.55557,47.84666],[-99.59748,47.84695],[-99.64053,47.84701],[-99.65565,47.84704],[-99.65714,47.84694],[-99.68332,47.8471],[-99.68492,47.84706],[-99.69437,47.84714],[-99.70399,47.84723],[-99.81217,47.84726],[-99.8122,47.93422],[-99.81219,47.94125],[-99.81218,47.94871],[-99.81217,47.96688],[-99.81217,47.97026],[-99.81218,47.99779],[-99.81217,48.01457],[-99.81213,48.02145],[-99.82336,48.02147],[-99.84241,48.02148],[-99.84822,48.02142],[-99.84799,48.10625],[-99.84801,48.10843]]]}},{"type":"Feature","properties":{"name":"Cavalier County Transit","boundary_type":"county","source":"Census TIGER county","fidelity":"exact","updated":"2026-09","units":"Cavalier County","note":"Cavalier County; hub in Langdon.","confidence":0.95},"geometry":{"type":"Polygon","coordinates":[[[-99.00013,48.89118],[-99.00045,48.89189],[-99.00026,48.94255],[-99.00026,48.94272],[-99.00026,48.94671],[-99.00023,48.94808],[-98.99982,48.99999],[-98.86904,49.00021],[-98.73713,49.00025],[-98.60597,49.00029],[-98.47468,49.00034],[-98.34273,49.00038],[-98.21084,49.00043],[-98.20621,49.00043],[-97.95001,49.00052],[-97.95064,48.94899],[-97.95069,48.94839],[-97.94915,48.92],[-97.94906,48.89892],[-97.94913,48.89155],[-97.94933,48.86287],[-97.94953,48.86232],[-97.95004,48.819],[-97.95017,48.80456],[-97.94991,48.76222],[-97.94981,48.76132],[-97.94992,48.75882],[-97.94976,48.75747],[-97.94948,48.73932],[-97.94929,48.73211],[-97.94945,48.71769],[-97.92767,48.71768],[-97.92726,48.71709],[-97.92721,48.71654],[-97.92709,48.62998],[-97.92708,48.58721],[-97.92707,48.54312],[-97.92764,48.54313],[-97.99264,48.54321],[-98.01445,48.54323],[-98.02531,48.54325],[-98.05725,48.54322],[-98.05794,48.54327],[-98.18739,48.54326],[-98.18755,48.54326],[-98.25813,48.54355],[-98.26905,48.5436],[-98.31804,48.54377],[-98.3181,48.54377],[-98.44864,48.54361],[-98.44879,48.54361],[-98.5353,48.54364],[-98.54708,48.54365],[-98.57928,48.54364],[-98.65585,48.54377],[-98.66645,48.54382],[-98.67793,48.54383],[-98.7096,48.54389],[-98.73145,48.54389],[-98.75267,48.54389],[-98.78607,48.54389],[-98.84019,48.54389],[-98.86244,48.5439],[-98.87842,48.54387],[-98.8787,48.54393],[-98.9491,48.54414],[-98.97039,48.54423],[-98.97034,48.55872],[-98.97044,48.60211],[-98.97031,48.63111],[-98.9703,48.64554],[-98.97032,48.66337],[-98.97033,48.66625],[-98.97037,48.71809],[-98.99989,48.71813],[-99.00042,48.74709],[-99.00066,48.77604],[-99.00044,48.7767],[-99.00045,48.78964],[-99.00068,48.79052],[-99.00078,48.80486],[-99.00078,48.80515],[-99.00084,48.81946],[-99.00013,48.89118]]]}},{"type":"Feature","properties":{"name":"Devils Lake Transit","boundary_type":"city","source":"Census TIGER place","fidelity":"exact","updated":"2026-09","units":"Devils Lake city","note":"City of Devils Lake (Ramsey County); parent operator (Senior Meals & Services) also serves Eddy, Benson, Ramsey, and Towner Counties under related branding (separate rows).","confidence":0.85},"geometry":{"type":"MultiPolygon","coordinates":[[[[-98.90041,48.13028],[-98.89767,48.12893],[-98.89041,48.12514],[-98.88593,48.12246],[-98.88362,48.12253],[-98.8803,48.12427],[-98.87736,48.12426],[-98.87597,48.12369],[-98.87599,48.12953],[-98.87063,48.12954],[-98.87063,48.13679],[-98.86548,48.13681],[-98.86571,48.13316],[-98.85974,48.13317],[-98.85974,48.12951],[-98.86116,48.1295],[-98.86117,48.1257],[-98.85762,48.12597],[-98.85788,48.1235],[-98.85682,48.12234],[-98.84352,48.12236],[-98.84352,48.11809],[-98.84352,48.11795],[-98.83274,48.11782],[-98.83275,48.11525],[-98.8383,48.11487],[-98.83832,48.11077],[-98.83956,48.11077],[-98.83973,48.10785],[-98.83273,48.10785],[-98.83273,48.10368],[-98.83687,48.10415],[-98.84354,48.10552],[-98.84346,48.10316],[-98.83956,48.10021],[-98.83332,48.10104],[-98.83344,48.09871],[-98.83553,48.09751],[-98.84037,48.10043],[-98.84349,48.10037],[-98.84012,48.09957],[-98.83606,48.09756],[-98.83925,48.09453],[-98.84266,48.09449],[-98.84308,48.0895],[-98.83887,48.08775],[-98.83891,48.08579],[-98.84407,48.08577],[-98.84395,48.0931],[-98.85435,48.09337],[-98.85435,48.09696],[-98.85626,48.09694],[-98.85734,48.09563],[-98.86386,48.08971],[-98.86517,48.0897],[-98.86293,48.09225],[-98.85854,48.09623],[-98.8572,48.09694],[-98.86044,48.09731],[-98.86048,48.09513],[-98.86729,48.09511],[-98.86978,48.09604],[-98.86703,48.09947],[-98.86587,48.10141],[-98.8693,48.09789],[-98.87053,48.10083],[-98.8725,48.10075],[-98.86863,48.10124],[-98.87266,48.10131],[-98.87273,48.10224],[-98.87493,48.10131],[-98.89762,48.10162],[-98.8976,48.09696],[-98.90314,48.09684],[-98.90305,48.10189],[-98.90113,48.10306],[-98.90116,48.10776],[-98.91933,48.10783],[-98.91931,48.12236],[-98.90038,48.12234],[-98.90041,48.13028]]],[[[-98.89771,48.13286],[-98.89767,48.13018],[-98.9053,48.13401],[-98.90437,48.13558],[-98.91245,48.13901],[-98.9124,48.14049],[-98.89771,48.14039],[-98.89771,48.13286]]]]}},{"type":"Feature","properties":{"name":"Dickinson Public Transit","boundary_type":"county","source":"Census TIGER county","fidelity":"exact","updated":"2026-09","units":"Stark County","note":"Stark County; service emphasizes City of Dickinson.","confidence":0.85},"geometry":{"type":"Polygon","coordinates":[[[-103.23115,46.81876],[-103.23108,46.83634],[-103.23122,46.83964],[-103.23126,46.87659],[-103.23126,46.8973],[-103.23106,46.9803],[-103.14715,46.98048],[-103.10554,46.98054],[-103.03268,46.98058],[-102.99923,46.98061],[-102.90552,46.98073],[-102.85201,46.98073],[-102.78973,46.98088],[-102.70679,46.98127],[-102.65373,46.98125],[-102.65106,46.98136],[-102.61806,46.98117],[-102.61487,46.98132],[-102.52536,46.98129],[-102.52546,47.01024],[-102.48322,47.01023],[-102.46211,47.01028],[-102.42251,47.01042],[-102.37705,47.01017],[-102.37548,47.01028],[-102.33528,47.01033],[-102.24047,47.01033],[-102.18708,47.01031],[-102.14542,47.01024],[-102.14477,47.01031],[-102.14488,46.98143],[-102.0959,46.98133],[-102.09701,46.98091],[-102.0972,46.98054],[-102.0971,46.93496],[-102.09698,46.90238],[-102.0968,46.8992],[-102.09692,46.89858],[-102.09698,46.89741],[-102.09685,46.86404],[-102.09676,46.83355],[-102.09654,46.83147],[-102.09624,46.71777],[-102.09625,46.70745],[-102.09639,46.68895],[-102.09614,46.68771],[-102.09674,46.63103],[-102.12781,46.63106],[-102.12863,46.63096],[-102.17647,46.63096],[-102.17985,46.63102],[-102.29611,46.63051],[-102.29737,46.63061],[-102.31477,46.63047],[-102.31522,46.63041],[-102.39101,46.63008],[-102.40236,46.63002],[-102.42293,46.63],[-102.43258,46.63001],[-102.53754,46.62991],[-102.55118,46.62991],[-102.55718,46.62991],[-102.65644,46.62998],[-102.67618,46.63],[-102.67896,46.63005],[-102.80181,46.63009],[-102.80259,46.63007],[-102.87426,46.63021],[-102.87549,46.63014],[-102.89462,46.63008],[-102.89533,46.62998],[-102.92745,46.63002],[-103.03017,46.62984],[-103.0844,46.62985],[-103.08594,46.62974],[-103.10537,46.62975],[-103.12527,46.6297],[-103.12595,46.62975],[-103.17459,46.6299],[-103.23166,46.62976],[-103.23123,46.81823],[-103.23115,46.81876]]]}},{"type":"Feature","properties":{"name":"Golden Valley/Billings County Council on Aging Public Transit","boundary_type":"counties","source":"Census TIGER county","fidelity":"exact","updated":"2026-09","units":"Golden Valley County; Billings County","note":"Golden Valley and Billings Counties (also marketed as Billings County Transit); hub in Beach; 160-mile service radius.","confidence":0.9},"geometry":{"type":"Polygon","coordinates":[[[-104.04559,46.91906],[-104.04554,46.93389],[-104.04553,46.93401],[-104.04557,46.94123],[-104.04537,46.97981],[-104.04508,47.03759],[-104.04505,47.04086],[-104.04519,47.05364],[-104.04523,47.0575],[-104.04526,47.0639],[-104.04528,47.06666],[-104.04535,47.07857],[-104.04502,47.0812],[-104.04508,47.09281],[-104.04479,47.12743],[-104.04501,47.15379],[-104.04552,47.21567],[-104.04516,47.26387],[-104.04509,47.26595],[-104.04506,47.26687],[-104.04509,47.27141],[-104.04515,47.27393],[-104.04512,47.27697],[-104.04531,47.33014],[-103.9778,47.33011],[-103.97563,47.33001],[-103.91821,47.32986],[-103.91712,47.3299],[-103.79125,47.32968],[-103.73766,47.32935],[-103.677,47.32928],[-103.67557,47.32935],[-103.66667,47.32926],[-103.65692,47.32921],[-103.60947,47.32876],[-103.50257,47.32856],[-103.50052,47.3287],[-103.18932,47.32868],[-103.0992,47.32871],[-103.03237,47.32869],[-103.03252,47.30227],[-103.03269,47.26947],[-103.03276,47.16864],[-103.03266,47.08183],[-103.03289,47.05847],[-103.03297,47.04434],[-103.03285,47.04291],[-103.03268,46.98058],[-103.10554,46.98054],[-103.14715,46.98048],[-103.23106,46.9803],[-103.23126,46.8973],[-103.23126,46.87659],[-103.23122,46.83964],[-103.23108,46.83634],[-103.23115,46.81876],[-103.23123,46.81823],[-103.23166,46.62976],[-103.30052,46.62986],[-103.40626,46.63007],[-103.60927,46.62982],[-103.72635,46.62973],[-103.72656,46.62976],[-103.73453,46.62981],[-103.80091,46.62969],[-103.80088,46.54067],[-103.81294,46.54075],[-104.0451,46.54086],[-104.04525,46.62943],[-104.04527,46.64145],[-104.04527,46.6415],[-104.04547,46.70874],[-104.04557,46.71388],[-104.04537,46.72133],[-104.0454,46.72218],[-104.0454,46.72542],[-104.04577,46.80346],[-104.0459,46.83079],[-104.04559,46.91895],[-104.04559,46.91906]]]}},{"type":"Feature","properties":{"name":"Hazen Public Transit","boundary_type":"county","source":"Census TIGER county","fidelity":"approximate","updated":"2026-09","units":"Mercer County","note":"City of Hazen is the primary hub (in-town fare tier), but the operator's own fare page (hazennd.gov/transit) lists an 'Outside City Limits' tier explicitly covering Beulah, Stanton, and Pick City -- all in Mercer County -- so the true service area extends across Mercer County, not just city limits. Also scheduled routes to Bismarck (Wed) and Dickinson (2nd Thu monthly). Source: https://hazennd.gov/transit","confidence":0.85},"geometry":{"type":"Polygon","coordinates":[[[-102.20546,47.5317],[-102.20557,47.56318],[-102.20541,47.56365],[-102.20535,47.57451],[-102.20075,47.57241],[-102.19775,47.57201],[-102.19345,47.57061],[-102.18395,47.56811],[-102.17865,47.56741],[-102.16675,47.56641],[-102.15985,47.56531],[-102.15595,47.5656],[-102.14935,47.56701],[-102.14315,47.56701],[-102.13555,47.56761],[-102.13245,47.56811],[-102.12545,47.56981],[-102.12525,47.56911],[-102.12315,47.56961],[-102.11695,47.5699],[-102.11255,47.56961],[-102.10435,47.57041],[-102.09995,47.57111],[-102.08885,47.5742],[-102.08565,47.57451],[-102.08225,47.5746],[-102.07625,47.57381],[-102.06745,47.57041],[-102.06225,47.56941],[-102.05975,47.56941],[-102.05105,47.5703],[-102.04255,47.57261],[-102.03915,47.5729],[-102.03665,47.5727],[-102.03125,47.57081],[-102.02925,47.56951],[-102.02675,47.56611],[-102.02365,47.5633],[-102.02165,47.5596],[-102.02255,47.5566],[-102.02505,47.5534],[-102.02845,47.55],[-102.03055,47.5472],[-102.03195,47.5438],[-102.03165,47.5419],[-102.03025,47.5402],[-102.02625,47.5379],[-102.02035,47.5362],[-102.01835,47.5359],[-102.01105,47.5365],[-102.00435,47.538],[-102.00045,47.53865],[-101.99054,47.53927],[-101.98014,47.53916],[-101.9723,47.53886],[-101.96285,47.53789],[-101.94645,47.53379],[-101.9344,47.52892],[-101.92365,47.52333],[-101.89202,47.50513],[-101.88831,47.50405],[-101.88459,47.50359],[-101.8792,47.50361],[-101.87545,47.50417],[-101.87003,47.50435],[-101.86729,47.50411],[-101.85369,47.50111],[-101.83583,47.49547],[-101.83285,47.4948],[-101.82385,47.4944],[-101.81205,47.497],[-101.80948,47.49805],[-101.8045,47.5],[-101.79753,47.50377],[-101.78971,47.50613],[-101.74183,47.52923],[-101.73372,47.53217],[-101.71351,47.53688],[-101.70754,47.53828],[-101.69764,47.53902],[-101.69428,47.53863],[-101.68544,47.538],[-101.6747,47.5365],[-101.66474,47.53463],[-101.6417,47.52838],[-101.63793,47.52759],[-101.635,47.52761],[-101.63081,47.52855],[-101.62657,47.52912],[-101.62544,47.52885],[-101.61827,47.52863],[-101.61142,47.52879],[-101.60427,47.52996],[-101.57791,47.53405],[-101.57097,47.53556],[-101.56778,47.53652],[-101.56445,47.53752],[-101.56102,47.53795],[-101.55569,47.53983],[-101.55361,47.54137],[-101.54997,47.54277],[-101.53436,47.54648],[-101.5261,47.5479],[-101.51831,47.54981],[-101.51254,47.55099],[-101.50044,47.55581],[-101.4987,47.55635],[-101.4909,47.55667],[-101.48768,47.55596],[-101.47965,47.55541],[-101.47322,47.557],[-101.45417,47.56316],[-101.44654,47.56437],[-101.43623,47.56408],[-101.42804,47.56199],[-101.42144,47.55799],[-101.4174,47.55471],[-101.39655,47.53779],[-101.38967,47.53545],[-101.38391,47.53261],[-101.37237,47.52737],[-101.37056,47.52607],[-101.3696,47.5245],[-101.36935,47.52241],[-101.37087,47.5187],[-101.37544,47.51394],[-101.37865,47.51184],[-101.38717,47.50746],[-101.39886,47.50339],[-101.40493,47.50166],[-101.41237,47.49862],[-101.41788,47.49582],[-101.42419,47.49154],[-101.42664,47.48922],[-101.43624,47.4813],[-101.44014,47.4773],[-101.44154,47.4746],[-101.44274,47.4695],[-101.44154,47.4635],[-101.43764,47.45888],[-101.43514,47.4568],[-101.42294,47.4477],[-101.42114,47.446],[-101.41604,47.4402],[-101.41234,47.4355],[-101.41004,47.4309],[-101.40744,47.4226],[-101.40625,47.41602],[-101.40464,47.4083],[-101.40254,47.4023],[-101.39454,47.3903],[-101.39004,47.3859],[-101.38334,47.3804],[-101.37544,47.373],[-101.37167,47.37169],[-101.36494,47.3693],[-101.36164,47.3671],[-101.36034,47.3651],[-101.35974,47.3613],[-101.36064,47.3554],[-101.36025,47.35234],[-101.35893,47.34814],[-101.35822,47.34228],[-101.35754,47.3396],[-101.35703,47.331],[-101.35703,47.3269],[-101.35663,47.3248],[-101.35133,47.3174],[-101.34843,47.3125],[-101.34753,47.3095],[-101.34793,47.3076],[-101.34653,47.3039],[-101.34693,47.2961],[-101.34663,47.2936],[-101.34573,47.2919],[-101.34273,47.29],[-101.34003,47.2891],[-101.32473,47.2877],[-101.32063,47.288],[-101.31663,47.287],[-101.30773,47.2837],[-101.29963,47.2814],[-101.29123,47.2802],[-101.28383,47.2783],[-101.27743,47.2755],[-101.27063,47.2736],[-101.26283,47.2702],[-101.26083,47.2691],[-101.25863,47.2663],[-101.25703,47.2649],[-101.25763,47.24134],[-101.29825,47.24139],[-101.40565,47.24155],[-101.42686,47.24152],[-101.44792,47.2415],[-101.59433,47.24136],[-101.59685,47.24121],[-101.60171,47.24134],[-101.69027,47.24135],[-101.69225,47.24136],[-101.70125,47.24139],[-101.71204,47.24173],[-101.72243,47.24188],[-101.72865,47.24144],[-101.74362,47.24142],[-101.76464,47.24118],[-101.76449,47.23406],[-101.76468,47.22818],[-101.76436,47.22535],[-101.76426,47.18616],[-101.76445,47.18596],[-101.7645,47.15029],[-101.76443,47.03916],[-101.76424,47.03859],[-101.76434,47.02469],[-101.76439,46.98131],[-101.84218,46.98141],[-101.84413,46.9813],[-101.87041,46.98126],[-101.8869,46.98129],[-101.88702,46.98136],[-102.0959,46.98133],[-102.14488,46.98143],[-102.14477,47.01031],[-102.14465,47.06814],[-102.14455,47.12492],[-102.14445,47.1262],[-102.14445,47.15526],[-102.14445,47.15588],[-102.14445,47.19822],[-102.1444,47.29951],[-102.14425,47.31318],[-102.1444,47.31421],[-102.14445,47.32808],[-102.20556,47.32807],[-102.20575,47.37093],[-102.20562,47.37146],[-102.20555,47.386],[-102.20546,47.40038],[-102.20555,47.47991],[-102.20554,47.52429],[-102.20581,47.52929],[-102.20546,47.5317]]]}},{"type":"Feature","properties":{"name":"James River Public Transit","boundary_type":"counties","source":"Census TIGER county","fidelity":"exact","updated":"2026-09","units":"Sheridan County; Stutsman County; Wells County","note":"Sheridan, Stutsman, and Wells Counties; hub in Jamestown; routes to Bismarck and Fargo.","confidence":0.85},"geometry":{"type":"Polygon","coordinates":[[[-99.48077,47.24092],[-99.48077,47.24103],[-99.48115,47.25004],[-99.48109,47.32703],[-99.52255,47.32704],[-99.56483,47.32714],[-99.58711,47.32717],[-99.60804,47.32713],[-99.64978,47.32715],[-99.65045,47.32714],[-99.73493,47.32726],[-99.77762,47.3272],[-99.77818,47.32724],[-99.79906,47.32722],[-99.79959,47.32719],[-99.82095,47.32722],[-99.8421,47.32727],[-99.86231,47.32728],[-99.86333,47.32728],[-99.90507,47.32734],[-99.98826,47.32731],[-100.03329,47.32717],[-100.11326,47.32726],[-100.16101,47.32731],[-100.24085,47.32739],[-100.28936,47.32733],[-100.36837,47.32736],[-100.45327,47.32746],[-100.49487,47.32743],[-100.51615,47.32745],[-100.54489,47.3275],[-100.55883,47.32752],[-100.57961,47.32754],[-100.62154,47.32768],[-100.65418,47.32749],[-100.65817,47.32766],[-100.67321,47.32765],[-100.67307,47.37067],[-100.67291,47.37149],[-100.67292,47.37234],[-100.67301,47.41499],[-100.67302,47.45839],[-100.67308,47.4667],[-100.67311,47.50171],[-100.67311,47.50207],[-100.67309,47.52165],[-100.67329,47.52403],[-100.67306,47.52462],[-100.67301,47.5889],[-100.67266,47.66125],[-100.67245,47.67393],[-100.67215,47.67415],[-100.66017,47.67431],[-100.64958,47.67408],[-100.61298,47.67405],[-100.61186,47.67382],[-100.60901,47.67408],[-100.58511,47.67409],[-100.58502,47.70365],[-100.58493,47.71673],[-100.58518,47.71772],[-100.58519,47.73261],[-100.5849,47.73331],[-100.58511,47.7607],[-100.58513,47.76099],[-100.58542,47.78988],[-100.58507,47.81894],[-100.58518,47.84776],[-100.55333,47.84771],[-100.53142,47.84771],[-100.52079,47.84767],[-100.45629,47.84758],[-100.45602,47.84758],[-100.37406,47.84734],[-100.37272,47.84741],[-100.32745,47.84735],[-100.3059,47.8474],[-100.30561,47.84739],[-100.26263,47.8475],[-100.24115,47.84741],[-100.23686,47.84759],[-100.198,47.84765],[-100.19757,47.8476],[-100.1661,47.84758],[-100.1647,47.84748],[-100.15547,47.84746],[-100.06931,47.84743],[-99.95236,47.84755],[-99.95148,47.8474],[-99.94084,47.84744],[-99.81217,47.84726],[-99.70399,47.84723],[-99.69437,47.84714],[-99.68492,47.84706],[-99.68332,47.8471],[-99.65714,47.84694],[-99.65565,47.84704],[-99.64053,47.84701],[-99.59748,47.84695],[-99.55557,47.84666],[-99.55455,47.8468],[-99.51285,47.84686],[-99.51206,47.84678],[-99.42603,47.84677],[-99.42595,47.84677],[-99.38318,47.84676],[-99.36172,47.84673],[-99.33166,47.84691],[-99.31422,47.8469],[-99.31293,47.84674],[-99.30236,47.8467],[-99.2972,47.84683],[-99.29738,47.76757],[-99.29722,47.76709],[-99.29714,47.75994],[-99.29732,47.673],[-99.26571,47.67297],[-99.26573,47.64576],[-99.26578,47.61668],[-99.2658,47.5876],[-99.266,47.55158],[-99.26615,47.50076],[-99.26631,47.41439],[-99.26621,47.327],[-99.25039,47.32706],[-99.24928,47.32689],[-99.22779,47.32699],[-99.21327,47.32697],[-99.21163,47.32689],[-99.1385,47.32687],[-99.10182,47.32686],[-99.01071,47.32682],[-98.9743,47.32679],[-98.94383,47.32681],[-98.92545,47.32678],[-98.90419,47.32677],[-98.88283,47.32676],[-98.84815,47.32674],[-98.83033,47.32689],[-98.80709,47.32688],[-98.80223,47.32667],[-98.75496,47.32666],[-98.72107,47.32665],[-98.62722,47.32655],[-98.60581,47.32657],[-98.59432,47.32655],[-98.57393,47.32655],[-98.54191,47.32657],[-98.49925,47.32654],[-98.46726,47.32653],[-98.46722,47.32653],[-98.46692,47.29844],[-98.46746,47.24161],[-98.46707,47.2404],[-98.46722,47.22102],[-98.46698,47.22035],[-98.46726,47.17525],[-98.46727,47.16433],[-98.4673,47.1535],[-98.46734,47.09552],[-98.46732,47.06655],[-98.46753,46.97959],[-98.43973,46.97963],[-98.43951,46.95837],[-98.43923,46.89264],[-98.43914,46.84871],[-98.43883,46.82026],[-98.43907,46.81965],[-98.43895,46.80517],[-98.43895,46.805],[-98.43894,46.80434],[-98.43885,46.80322],[-98.439,46.77687],[-98.43913,46.7762],[-98.43931,46.74729],[-98.43916,46.71819],[-98.43896,46.67455],[-98.43906,46.63112],[-98.46018,46.63109],[-98.53633,46.63099],[-98.56531,46.63092],[-98.5786,46.63095],[-98.58226,46.63085],[-98.5836,46.63091],[-98.66223,46.63091],[-98.67084,46.63092],[-98.69185,46.63088],[-98.787,46.63081],[-98.81835,46.63077],[-98.8605,46.63072],[-98.87185,46.6307],[-98.88156,46.6307],[-98.91273,46.63067],[-98.94458,46.63065],[-99.03474,46.63052],[-99.03538,46.63046],[-99.03662,46.63021],[-99.0405,46.62883],[-99.04038,46.63059],[-99.04782,46.63044],[-99.07175,46.63054],[-99.13145,46.63069],[-99.14441,46.63073],[-99.14552,46.63081],[-99.15193,46.63066],[-99.16207,46.63076],[-99.19723,46.63089],[-99.32351,46.63133],[-99.35222,46.63146],[-99.35371,46.63141],[-99.35658,46.63152],[-99.35733,46.63143],[-99.44972,46.63163],[-99.44883,46.68184],[-99.44906,46.68254],[-99.44851,46.71871],[-99.44841,46.72073],[-99.44836,46.74752],[-99.44827,46.76242],[-99.44783,46.79868],[-99.44776,46.80595],[-99.44759,46.82359],[-99.44712,46.87284],[-99.44687,46.89277],[-99.44634,46.93621],[-99.44589,46.98019],[-99.48102,46.98071],[-99.48129,47.06716],[-99.48118,47.15404],[-99.48118,47.15411],[-99.48077,47.24092]]]}},{"type":"Feature","properties":{"name":"Kenmare Wheels & Meals","boundary_type":"counties","source":"Census TIGER county","fidelity":"exact","updated":"2026-09","units":"Burke County; Renville County; Ward County","note":"Burke, Renville, and Ward Counties; hub in Kenmare.","confidence":0.85},"geometry":{"type":"Polygon","coordinates":[[[-101.05973,48.43018],[-101.05987,48.42946],[-101.05988,48.41492],[-101.05991,48.38598],[-101.05991,48.37145],[-101.01423,48.37143],[-101.01403,48.31245],[-101.01432,48.28349],[-101.01439,48.23998],[-101.01451,48.19979],[-101.01449,48.19657],[-101.01456,48.17497],[-101.01478,48.10954],[-101.01488,48.09119],[-101.01463,48.07367],[-101.01463,48.07082],[-101.01492,48.06935],[-101.01491,48.06883],[-101.01489,48.06772],[-101.01502,48.02274],[-101.00178,48.02271],[-100.97046,48.02278],[-100.9705,48.02264],[-100.97079,47.95641],[-100.97078,47.93497],[-100.97081,47.9337],[-100.97133,47.87716],[-100.97103,47.87494],[-100.97116,47.8487],[-100.97132,47.8487],[-101.00043,47.84844],[-101.00315,47.84819],[-101.09988,47.84847],[-101.22866,47.84833],[-101.22876,47.84833],[-101.23644,47.84822],[-101.23776,47.84835],[-101.29288,47.84834],[-101.35742,47.84824],[-101.4651,47.84815],[-101.48595,47.84807],[-101.50764,47.84799],[-101.58154,47.84799],[-101.61463,47.84777],[-101.61463,47.84773],[-101.70061,47.8478],[-101.71147,47.84781],[-101.74108,47.84775],[-101.74288,47.8478],[-101.82099,47.84756],[-101.87186,47.84759],[-101.8718,47.93444],[-101.87158,47.99859],[-101.87154,48.02318],[-101.92212,48.02317],[-101.92222,48.11012],[-101.92211,48.13358],[-101.92223,48.13456],[-101.92215,48.19693],[-101.92213,48.19699],[-101.92216,48.22507],[-101.92195,48.22568],[-101.92208,48.22763],[-101.92206,48.28342],[-101.92206,48.28374],[-101.92204,48.32724],[-101.92226,48.3676],[-101.92208,48.3684],[-101.92224,48.37233],[-101.97354,48.37228],[-101.97334,48.41591],[-101.97334,48.4298],[-101.97324,48.45938],[-101.97328,48.54648],[-102.10348,48.54629],[-102.23389,48.54634],[-102.32042,48.5463],[-102.34316,48.54638],[-102.36465,48.54639],[-102.40818,48.54637],[-102.4299,48.54645],[-102.49448,48.54657],[-102.49453,48.54657],[-102.5818,48.54649],[-102.62497,48.54643],[-102.62516,48.54643],[-102.71991,48.54639],[-102.72083,48.54628],[-102.72319,48.54638],[-102.75531,48.54637],[-102.82091,48.54643],[-102.84271,48.5464],[-102.86453,48.5464],[-102.87529,48.54641],[-102.88576,48.54639],[-102.88566,48.56711],[-102.88576,48.58984],[-102.88566,48.59019],[-102.88578,48.61878],[-102.88577,48.6333],[-102.8858,48.67672],[-102.88556,48.69124],[-102.88569,48.72049],[-102.93993,48.72047],[-102.93989,48.74832],[-102.93976,48.75051],[-102.93956,48.77837],[-102.93946,48.80744],[-102.93959,48.89452],[-102.93959,48.89475],[-102.93935,48.89539],[-102.93921,48.91291],[-102.93948,48.91416],[-102.93896,48.99946],[-102.91772,48.99945],[-102.85045,48.99943],[-102.80759,48.99937],[-102.67657,48.99919],[-102.56785,48.99904],[-102.56233,48.99903],[-102.5344,48.99899],[-102.41428,48.99883],[-102.34941,48.99874],[-102.28338,48.99865],[-102.21699,48.99855],[-102.21328,48.99855],[-102.2113,48.99855],[-102.15185,48.9988],[-102.13161,48.99884],[-102.02122,48.99901],[-102.02114,48.99902],[-101.99965,48.99902],[-101.8901,48.99907],[-101.75909,48.99912],[-101.62784,48.99917],[-101.62544,48.99917],[-101.50044,48.99967],[-101.49655,48.99964],[-101.49655,48.9815],[-101.49663,48.98044],[-101.49656,48.96206],[-101.49645,48.95596],[-101.49645,48.89367],[-101.49645,48.89355],[-101.49664,48.83603],[-101.49658,48.83582],[-101.49657,48.82139],[-101.49657,48.80714],[-101.49657,48.80692],[-101.4966,48.79246],[-101.49664,48.77069],[-101.49667,48.76066],[-101.49668,48.73452],[-101.49668,48.72008],[-101.45245,48.71994],[-101.45105,48.72002],[-101.45128,48.67641],[-101.45114,48.67554],[-101.45114,48.63297],[-101.45128,48.61848],[-101.45127,48.61119],[-101.45127,48.54608],[-101.37862,48.54588],[-101.37643,48.54597],[-101.34349,48.54588],[-101.34261,48.54594],[-101.32082,48.54582],[-101.26531,48.54574],[-101.26388,48.54561],[-101.21649,48.54561],[-101.21517,48.54562],[-101.19029,48.54559],[-101.05966,48.54542],[-101.05983,48.45845],[-101.05973,48.44394],[-101.05973,48.43018]]]}},{"type":"Feature","properties":{"name":"Kidder Emmons Senior Services Public Transit","boundary_type":"counties","source":"Census TIGER county","fidelity":"exact","updated":"2026-09","units":"Kidder County; Emmons County","note":"Primary service: Kidder and Emmons Counties (hub: Steele); routes extend into Burleigh, Stutsman, and Wells counties.","confidence":0.8},"geometry":{"type":"Polygon","coordinates":[[[-100.64366,46.63463],[-100.64344,46.63457],[-100.63979,46.63479],[-100.58513,46.63493],[-100.46102,46.63439],[-100.45946,46.63432],[-100.37193,46.63423],[-100.37086,46.63416],[-100.33351,46.63401],[-100.33233,46.63408],[-100.29234,46.63396],[-100.20746,46.63384],[-100.12519,46.6334],[-100.12329,46.63366],[-100.0861,46.63353],[-100.0812,46.6334],[-100.08028,46.67737],[-100.0801,46.6905],[-100.07986,46.69134],[-100.08014,46.69189],[-100.07994,46.71126],[-100.07969,46.72043],[-100.07839,46.77934],[-100.07791,46.80722],[-100.07768,46.82163],[-100.07689,46.86467],[-100.07655,46.89413],[-100.0762,46.91558],[-100.07523,46.98128],[-100.07558,46.9816],[-100.11464,46.98167],[-100.11458,47.02514],[-100.11444,47.06874],[-100.11427,47.09767],[-100.11424,47.10504],[-100.11388,47.15595],[-100.11385,47.18442],[-100.11379,47.18536],[-100.11359,47.24254],[-100.11301,47.3265],[-100.11326,47.32726],[-100.03329,47.32717],[-99.98826,47.32731],[-99.90507,47.32734],[-99.86333,47.32728],[-99.86231,47.32728],[-99.8421,47.32727],[-99.82095,47.32722],[-99.79959,47.32719],[-99.79906,47.32722],[-99.77818,47.32724],[-99.77762,47.3272],[-99.73493,47.32726],[-99.65045,47.32714],[-99.64978,47.32715],[-99.60804,47.32713],[-99.58711,47.32717],[-99.56483,47.32714],[-99.52255,47.32704],[-99.48109,47.32703],[-99.48115,47.25004],[-99.48077,47.24103],[-99.48077,47.24092],[-99.48118,47.15411],[-99.48118,47.15404],[-99.48129,47.06716],[-99.48102,46.98071],[-99.44589,46.98019],[-99.44634,46.93621],[-99.44687,46.89277],[-99.44712,46.87284],[-99.44759,46.82359],[-99.44776,46.80595],[-99.44783,46.79868],[-99.44827,46.76242],[-99.44836,46.74752],[-99.44841,46.72073],[-99.44851,46.71871],[-99.44906,46.68254],[-99.44883,46.68184],[-99.44972,46.63163],[-99.45503,46.63164],[-99.51347,46.63173],[-99.5137,46.63167],[-99.5751,46.63197],[-99.60129,46.63196],[-99.63875,46.63208],[-99.663,46.63217],[-99.70219,46.63239],[-99.77975,46.63249],[-99.78097,46.63222],[-99.78288,46.6325],[-99.79036,46.63242],[-99.82836,46.63269],[-99.85046,46.63271],[-99.85251,46.63253],[-99.89424,46.63288],[-99.91559,46.63293],[-99.9156,46.63103],[-99.91568,46.63052],[-99.91605,46.54466],[-99.91606,46.54371],[-99.91684,46.38437],[-99.91703,46.38392],[-99.91687,46.37058],[-99.91706,46.37054],[-99.9171,46.29859],[-99.91728,46.29765],[-99.91725,46.28725],[-99.91699,46.28333],[-99.91676,46.28317],[-99.90992,46.28316],[-99.90695,46.28297],[-99.87835,46.28283],[-99.87855,46.26038],[-99.87852,46.23936],[-99.87865,46.2303],[-99.87892,46.22936],[-99.87848,46.17525],[-99.87885,46.17307],[-99.87886,46.16617],[-99.87903,46.1446],[-99.87886,46.14353],[-99.87916,46.11562],[-99.8794,46.05758],[-99.88006,45.94167],[-99.88029,45.94167],[-99.96577,45.94182],[-99.98399,45.94188],[-100.00549,45.94195],[-100.06757,45.94216],[-100.06902,45.94217],[-100.06926,45.94217],[-100.08416,45.9423],[-100.08788,45.94231],[-100.10847,45.94239],[-100.11034,45.94237],[-100.14173,45.94251],[-100.15208,45.94249],[-100.17083,45.94251],[-100.27476,45.94295],[-100.27561,45.94292],[-100.28413,45.94295],[-100.28534,45.94313],[-100.29413,45.94327],[-100.41039,45.94345],[-100.42016,45.94353],[-100.42444,45.94357],[-100.4306,45.94364],[-100.46284,45.94357],[-100.49935,45.94363],[-100.50354,45.94364],[-100.51179,45.94365],[-100.51195,45.94365],[-100.51181,45.94784],[-100.50884,45.95233],[-100.50768,45.95533],[-100.50672,45.96157],[-100.50703,45.96655],[-100.50876,45.97011],[-100.51104,45.97391],[-100.51394,45.97789],[-100.51656,45.98229],[-100.52188,45.98942],[-100.52764,45.99621],[-100.53131,46.0],[-100.5331,46.0005],[-100.5396,46.0009],[-100.543,46.0015],[-100.55,46.0034],[-100.5551,46.0055],[-100.5602,46.0084],[-100.565,46.0128],[-100.5678,46.0162],[-100.5746,46.0263],[-100.5792,46.0301],[-100.5822,46.0335],[-100.5887,46.0398],[-100.5913,46.0427],[-100.5951,46.0455],[-100.6,46.0499],[-100.6044,46.0548],[-100.608,46.0593],[-100.6118,46.0656],[-100.6145,46.0718],[-100.6169,46.0818],[-100.617,46.0828],[-100.6171,46.0879],[-100.6163,46.0911],[-100.6138,46.0975],[-100.6136,46.0994],[-100.614,46.1091],[-100.6146,46.1123],[-100.6161,46.1157],[-100.6189,46.1191],[-100.623,46.1232],[-100.62633,46.12698],[-100.62795,46.12991],[-100.62901,46.13405],[-100.62936,46.14313],[-100.62898,46.146],[-100.62674,46.15149],[-100.6254,46.1536],[-100.6197,46.1638],[-100.6183,46.16589],[-100.6153,46.16969],[-100.6119,46.1731],[-100.6085,46.17739],[-100.5974,46.18989],[-100.593,46.19559],[-100.5876,46.19989],[-100.5844,46.20299],[-100.5815,46.20449],[-100.5767,46.20789],[-100.5744,46.21059],[-100.5711,46.21569],[-100.569,46.21869],[-100.5645,46.22679],[-100.56013,46.23383],[-100.5588,46.23669],[-100.5576,46.24159],[-100.5576,46.24369],[-100.55792,46.24588],[-100.5582,46.24929],[-100.5594,46.25049],[-100.5644,46.25549],[-100.5664,46.25699],[-100.57126,46.26232],[-100.5798,46.27229],[-100.5815,46.27589],[-100.5816,46.27859],[-100.5804,46.28139],[-100.5752,46.28879],[-100.5699,46.29339],[-100.5667,46.29719],[-100.5622,46.30399],[-100.5591,46.30799],[-100.5533,46.31939],[-100.5492,46.32929],[-100.5486,46.33329],[-100.5495,46.34069],[-100.5497,46.34909],[-100.5503,46.35759],[-100.5512,46.36349],[-100.5557,46.37469],[-100.5576,46.37769],[-100.5594,46.38169],[-100.5636,46.38809],[-100.5686,46.39479],[-100.5736,46.40429],[-100.578,46.41089],[-100.5808,46.41599],[-100.5866,46.42299],[-100.5882,46.42459],[-100.5902,46.42789],[-100.59,46.42829],[-100.5953,46.43549],[-100.5972,46.43909],[-100.59849,46.44443],[-100.5985,46.44929],[-100.5981,46.45129],[-100.5927,46.46519],[-100.5912,46.47299],[-100.5909,46.47889],[-100.59,46.48259],[-100.5866,46.49269],[-100.5833,46.49929],[-100.57874,46.50556],[-100.57473,46.50781],[-100.57088,46.50896],[-100.56283,46.51203],[-100.5588,46.5142],[-100.55067,46.51964],[-100.54582,46.52519],[-100.54414,46.53043],[-100.54455,46.53377],[-100.55796,46.54572],[-100.56855,46.55597],[-100.57148,46.55822],[-100.57628,46.56265],[-100.58703,46.57344],[-100.58779,46.57663],[-100.58574,46.57923],[-100.58089,46.58065],[-100.57616,46.57892],[-100.57142,46.57768],[-100.56537,46.57845],[-100.56107,46.58427],[-100.56103,46.58785],[-100.56814,46.59403],[-100.58474,46.59947],[-100.60178,46.60367],[-100.6254,46.61218],[-100.62948,46.61422],[-100.63403,46.61745],[-100.63793,46.62064],[-100.64101,46.62273],[-100.6517,46.62849],[-100.6535,46.62923],[-100.66201,46.6346],[-100.64564,46.63473],[-100.64366,46.63463]]]}},{"type":"Feature","properties":{"name":"Nutrition United Transit (Can-Do Transportation)","boundary_type":"county","source":"Census TIGER county","fidelity":"exact","updated":"2026-09","units":"Towner County","note":"Towner County (Can-Do Transportation service area); operator HQ in Rolla (Rolette County seat).","confidence":0.75},"geometry":{"type":"Polygon","coordinates":[[[-99.52574,48.80506],[-99.52574,48.80514],[-99.5257,48.89189],[-99.52574,48.92065],[-99.5255,48.92107],[-99.52577,48.99931],[-99.39444,48.99935],[-99.37607,48.99936],[-99.26276,48.99955],[-99.13297,48.99976],[-99.11004,48.9998],[-98.99982,48.99999],[-99.00023,48.94808],[-99.00026,48.94671],[-99.00026,48.94272],[-99.00026,48.94255],[-99.00045,48.89189],[-99.00013,48.89118],[-99.00084,48.81946],[-99.00078,48.80515],[-99.00078,48.80486],[-99.00068,48.79052],[-99.00045,48.78964],[-99.00044,48.7767],[-99.00066,48.77604],[-99.00042,48.74709],[-98.99989,48.71813],[-98.97037,48.71809],[-98.97033,48.66625],[-98.97032,48.66337],[-98.9703,48.64554],[-98.97031,48.63111],[-98.97044,48.60211],[-98.97034,48.55872],[-98.97039,48.54423],[-98.97056,48.45733],[-98.97084,48.37041],[-99.01414,48.37045],[-99.06985,48.37057],[-99.09376,48.37054],[-99.10158,48.37058],[-99.12333,48.37052],[-99.12544,48.37065],[-99.20031,48.37066],[-99.2322,48.3707],[-99.26503,48.37074],[-99.32965,48.37078],[-99.35134,48.37083],[-99.36276,48.37084],[-99.45931,48.37092],[-99.49292,48.37095],[-99.49336,48.37367],[-99.49313,48.44351],[-99.49315,48.45139],[-99.49329,48.45789],[-99.49327,48.47853],[-99.49324,48.48693],[-99.49322,48.50136],[-99.49321,48.53034],[-99.49319,48.54483],[-99.49312,48.63176],[-99.49307,48.7042],[-99.49291,48.70568],[-99.49307,48.70691],[-99.493,48.71836],[-99.52589,48.71838],[-99.5258,48.77623],[-99.52574,48.80506]]]}},{"type":"Feature","properties":{"name":"South Central Transit Network","boundary_type":"counties","source":"Census TIGER county","fidelity":"exact","updated":"2026-09","units":"Barnes County; Emmons County; Foster County; Griggs County; LaMoure County; McIntosh County; Nelson County","note":"Seven-county service network covering south-central ND; hub in Valley City.","confidence":0.9},"geometry":{"type":"Polygon","coordinates":[[[-99.77322,46.2825],[-99.75836,46.28246],[-99.75029,46.28248],[-99.74924,46.28261],[-99.5867,46.28298],[-99.52427,46.28317],[-99.49107,46.28321],[-99.49081,46.28323],[-99.41395,46.28337],[-99.36072,46.28337],[-99.35821,46.28329],[-99.35638,46.28327],[-99.3556,46.28325],[-99.35392,46.28321],[-99.35156,46.28323],[-99.35015,46.28331],[-99.3489,46.28336],[-99.28856,46.28338],[-99.27659,46.28337],[-99.27462,46.28336],[-99.26351,46.2833],[-99.24665,46.28322],[-99.23177,46.28317],[-99.16573,46.2831],[-99.1489,46.28306],[-99.14714,46.28294],[-99.12767,46.28306],[-99.03803,46.28297],[-99.03729,46.28287],[-99.03737,46.28302],[-99.03742,46.29504],[-99.03724,46.2963],[-99.03745,46.32642],[-99.03742,46.37011],[-99.03713,46.45737],[-99.03714,46.46528],[-99.0371,46.4796],[-99.03707,46.48621],[-99.03686,46.51505],[-99.03655,46.54375],[-99.03655,46.54468],[-99.03662,46.63021],[-99.03538,46.63046],[-99.03474,46.63052],[-98.94458,46.63065],[-98.91273,46.63067],[-98.88156,46.6307],[-98.87185,46.6307],[-98.8605,46.63072],[-98.81835,46.63077],[-98.787,46.63081],[-98.69185,46.63088],[-98.67084,46.63092],[-98.66223,46.63091],[-98.5836,46.63091],[-98.58226,46.63085],[-98.5786,46.63095],[-98.56531,46.63092],[-98.53633,46.63099],[-98.46018,46.63109],[-98.43906,46.63112],[-98.43896,46.67455],[-98.43916,46.71819],[-98.43931,46.74729],[-98.43913,46.7762],[-98.439,46.77687],[-98.43885,46.80322],[-98.43894,46.80434],[-98.43895,46.805],[-98.43895,46.80517],[-98.43907,46.81965],[-98.43883,46.82026],[-98.43914,46.84871],[-98.43923,46.89264],[-98.43951,46.95837],[-98.43973,46.97963],[-98.46753,46.97959],[-98.46732,47.06655],[-98.46734,47.09552],[-98.4673,47.1535],[-98.46727,47.16433],[-98.46726,47.17525],[-98.46698,47.22035],[-98.46722,47.22102],[-98.46707,47.2404],[-98.46746,47.24161],[-98.46692,47.29844],[-98.46722,47.32653],[-98.46726,47.32653],[-98.49925,47.32654],[-98.54191,47.32657],[-98.57393,47.32655],[-98.59432,47.32655],[-98.60581,47.32657],[-98.62722,47.32655],[-98.72107,47.32665],[-98.75496,47.32666],[-98.80223,47.32667],[-98.80709,47.32688],[-98.83033,47.32689],[-98.84815,47.32674],[-98.88283,47.32676],[-98.90419,47.32677],[-98.92545,47.32678],[-98.94383,47.32681],[-98.9743,47.32679],[-99.01071,47.32682],[-99.10182,47.32686],[-99.1385,47.32687],[-99.21163,47.32689],[-99.21327,47.32697],[-99.22779,47.32699],[-99.24928,47.32689],[-99.25039,47.32706],[-99.26621,47.327],[-99.26631,47.41439],[-99.26615,47.50076],[-99.266,47.55158],[-99.2658,47.5876],[-99.22389,47.58776],[-99.21224,47.58773],[-99.19179,47.58775],[-99.18098,47.58776],[-99.13816,47.58782],[-99.09605,47.58768],[-99.01033,47.5874],[-98.94744,47.58745],[-98.90489,47.58729],[-98.88342,47.58735],[-98.84161,47.58744],[-98.75588,47.58757],[-98.65026,47.58725],[-98.64942,47.58732],[-98.6281,47.58727],[-98.51663,47.58724],[-98.51632,47.58726],[-98.50008,47.58723],[-98.49998,47.64462],[-98.50014,47.64514],[-98.50018,47.67241],[-98.52539,47.67232],[-98.52578,47.73007],[-98.5256,47.73034],[-98.52552,47.74014],[-98.52567,47.75929],[-98.52569,47.7735],[-98.52229,47.77324],[-98.52389,47.77562],[-98.52246,47.77595],[-98.52252,47.80742],[-98.5254,47.8126],[-98.52552,47.84628],[-98.52557,47.87527],[-98.52555,47.90422],[-98.52555,47.91506],[-98.52557,47.93314],[-98.52559,47.96567],[-98.52561,48.02112],[-98.42247,48.02111],[-98.42249,48.05008],[-98.42224,48.10797],[-98.42218,48.15138],[-98.42206,48.19478],[-98.29218,48.19518],[-98.16269,48.19475],[-98.14496,48.19475],[-98.14122,48.19489],[-98.06587,48.19476],[-98.04439,48.19466],[-98.03305,48.19456],[-98.02791,48.1946],[-97.93628,48.19482],[-97.93126,48.19484],[-97.92926,48.19491],[-97.92497,48.19487],[-97.90331,48.19485],[-97.90335,48.18044],[-97.90327,48.15861],[-97.90348,48.15142],[-97.90334,48.15091],[-97.90342,48.10798],[-97.90344,48.10079],[-97.90345,48.09347],[-97.90338,48.08659],[-97.9036,48.0209],[-97.88206,48.02084],[-97.8821,48.00548],[-97.88208,47.99104],[-97.88207,47.98431],[-97.88208,47.97657],[-97.88205,47.95521],[-97.88206,47.93886],[-97.88207,47.93314],[-97.88204,47.92905],[-97.88207,47.91795],[-97.88208,47.89691],[-97.88209,47.88227],[-97.88209,47.8751],[-97.8821,47.8606],[-97.8821,47.85235],[-97.88211,47.84599],[-97.88223,47.78817],[-97.88233,47.78086],[-97.88237,47.75923],[-97.88269,47.75024],[-97.8824,47.74468],[-97.88227,47.67218],[-97.89932,47.67213],[-97.89965,47.67222],[-97.90251,47.67221],[-97.904,47.67226],[-97.90921,47.67224],[-97.96335,47.67226],[-97.97379,47.67228],[-97.97905,47.67227],[-97.98425,47.6723],[-97.98442,47.64455],[-97.98452,47.62252],[-97.98465,47.60108],[-97.98451,47.59991],[-97.98463,47.58653],[-97.98467,47.57427],[-97.98488,47.5576],[-97.98488,47.53559],[-97.98512,47.53332],[-97.98527,47.51401],[-97.9853,47.4997],[-97.98565,47.41295],[-97.98602,47.38745],[-97.98597,47.35506],[-97.98617,47.34071],[-97.98643,47.3262],[-97.98282,47.32619],[-97.97153,47.32616],[-97.96019,47.32605],[-97.9604,47.29968],[-97.96071,47.29864],[-97.96078,47.29097],[-97.96079,47.28595],[-97.96077,47.28421],[-97.96101,47.25505],[-97.96111,47.24796],[-97.96121,47.24032],[-97.95019,47.24042],[-97.94019,47.24048],[-97.87657,47.24057],[-97.86359,47.2404],[-97.83443,47.24024],[-97.83347,47.24023],[-97.70593,47.23998],[-97.70576,47.22388],[-97.70588,47.22305],[-97.70586,47.21067],[-97.7057,47.20981],[-97.70559,47.15275],[-97.70571,47.12498],[-97.70559,47.12369],[-97.70543,47.08012],[-97.70551,47.06554],[-97.70558,47.05104],[-97.70538,47.04981],[-97.70617,46.97856],[-97.68151,46.97848],[-97.68152,46.93822],[-97.6815,46.93457],[-97.68142,46.91796],[-97.68142,46.91645],[-97.68143,46.91414],[-97.68165,46.91357],[-97.6816,46.91268],[-97.68156,46.89104],[-97.68171,46.80391],[-97.6817,46.78138],[-97.68171,46.77492],[-97.68176,46.71693],[-97.68201,46.62993],[-97.78337,46.63012],[-97.80809,46.6302],[-97.9089,46.63039],[-97.92334,46.63036],[-97.92465,46.63047],[-97.93416,46.63056],[-97.97634,46.63057],[-98.03386,46.63073],[-98.03357,46.57139],[-98.0335,46.5583],[-98.03348,46.54355],[-98.03356,46.53289],[-98.03357,46.52901],[-98.03402,46.47095],[-98.03407,46.47043],[-98.03411,46.45662],[-98.03418,46.44214],[-98.03434,46.42771],[-98.0347,46.42042],[-98.03437,46.41805],[-98.03442,46.41319],[-98.03452,46.39868],[-98.03491,46.36987],[-98.03472,46.35517],[-98.03456,46.28266],[-98.06595,46.28281],[-98.0698,46.28272],[-98.13082,46.28275],[-98.15172,46.28278],[-98.16068,46.28278],[-98.24128,46.28286],[-98.25176,46.28287],[-98.28546,46.28293],[-98.36896,46.28301],[-98.37661,46.28301],[-98.4106,46.283],[-98.4144,46.28302],[-98.41775,46.2829],[-98.50276,46.28293],[-98.50635,46.28292],[-98.53604,46.28286],[-98.5865,46.28281],[-98.63009,46.28277],[-98.66073,46.28286],[-98.66146,46.28273],[-98.66292,46.28267],[-98.72421,46.28275],[-98.75461,46.28278],[-98.77547,46.28281],[-98.78702,46.28284],[-98.80824,46.28294],[-98.85883,46.28276],[-98.8808,46.28281],[-98.91184,46.28287],[-99.00062,46.283],[-99.00312,46.2829],[-99.00346,46.2779],[-99.00309,46.24519],[-99.0032,46.24428],[-99.00331,46.22251],[-99.00309,46.2213],[-99.00332,46.20076],[-99.00365,46.14546],[-99.00343,46.14315],[-99.00346,46.1283],[-99.004,46.12496],[-99.00415,46.11371],[-99.0042,46.09924],[-99.00461,46.02785],[-99.00472,46.02663],[-99.00482,46.01615],[-99.00461,46.01561],[-99.00575,45.93994],[-99.09287,45.94018],[-99.09806,45.94017],[-99.10237,45.94016],[-99.21257,45.94011],[-99.21364,45.94012],[-99.22167,45.94007],[-99.22227,45.94007],[-99.25774,45.94006],[-99.27627,45.94019],[-99.28397,45.9402],[-99.29727,45.94017],[-99.31787,45.94026],[-99.34477,45.9403],[-99.34496,45.9403],[-99.37849,45.9404],[-99.38556,45.94041],[-99.40126,45.94037],[-99.44279,45.94036],[-99.44872,45.94036],[-99.49025,45.94036],[-99.49314,45.94038],[-99.58878,45.9411],[-99.61116,45.9411],[-99.63002,45.94109],[-99.67194,45.94106],[-99.69297,45.94095],[-99.71807,45.94091],[-99.73893,45.94093],[-99.74787,45.94093],[-99.74932,45.94094],[-99.74949,45.94096],[-99.7504,45.94094],[-99.83868,45.94129],[-99.88006,45.94167],[-99.88029,45.94167],[-99.96577,45.94182],[-99.98399,45.94188],[-100.00549,45.94195],[-100.06757,45.94216],[-100.06902,45.94217],[-100.06926,45.94217],[-100.08416,45.9423],[-100.08788,45.94231],[-100.10847,45.94239],[-100.11034,45.94237],[-100.14173,45.94251],[-100.15208,45.94249],[-100.17083,45.94251],[-100.27476,45.94295],[-100.27561,45.94292],[-100.28413,45.94295],[-100.28534,45.94313],[-100.29413,45.94327],[-100.41039,45.94345],[-100.42016,45.94353],[-100.42444,45.94357],[-100.4306,45.94364],[-100.46284,45.94357],[-100.49935,45.94363],[-100.50354,45.94364],[-100.51179,45.94365],[-100.51195,45.94365],[-100.51181,45.94784],[-100.50884,45.95233],[-100.50768,45.95533],[-100.50672,45.96157],[-100.50703,45.96655],[-100.50876,45.97011],[-100.51104,45.97391],[-100.51394,45.97789],[-100.51656,45.98229],[-100.52188,45.98942],[-100.52764,45.99621],[-100.53131,46.0],[-100.5331,46.0005],[-100.5396,46.0009],[-100.543,46.0015],[-100.55,46.0034],[-100.5551,46.0055],[-100.5602,46.0084],[-100.565,46.0128],[-100.5678,46.0162],[-100.5746,46.0263],[-100.5792,46.0301],[-100.5822,46.0335],[-100.5887,46.0398],[-100.5913,46.0427],[-100.5951,46.0455],[-100.6,46.0499],[-100.6044,46.0548],[-100.608,46.0593],[-100.6118,46.0656],[-100.6145,46.0718],[-100.6169,46.0818],[-100.617,46.0828],[-100.6171,46.0879],[-100.6163,46.0911],[-100.6138,46.0975],[-100.6136,46.0994],[-100.614,46.1091],[-100.6146,46.1123],[-100.6161,46.1157],[-100.6189,46.1191],[-100.623,46.1232],[-100.62633,46.12698],[-100.62795,46.12991],[-100.62901,46.13405],[-100.62936,46.14313],[-100.62898,46.146],[-100.62674,46.15149],[-100.6254,46.1536],[-100.6197,46.1638],[-100.6183,46.16589],[-100.6153,46.16969],[-100.6119,46.1731],[-100.6085,46.17739],[-100.5974,46.18989],[-100.593,46.19559],[-100.5876,46.19989],[-100.5844,46.20299],[-100.5815,46.20449],[-100.5767,46.20789],[-100.5744,46.21059],[-100.5711,46.21569],[-100.569,46.21869],[-100.5645,46.22679],[-100.56013,46.23383],[-100.5588,46.23669],[-100.5576,46.24159],[-100.5576,46.24369],[-100.55792,46.24588],[-100.5582,46.24929],[-100.5594,46.25049],[-100.5644,46.25549],[-100.5664,46.25699],[-100.57126,46.26232],[-100.5798,46.27229],[-100.5815,46.27589],[-100.5816,46.27859],[-100.5804,46.28139],[-100.5752,46.28879],[-100.5699,46.29339],[-100.5667,46.29719],[-100.5622,46.30399],[-100.5591,46.30799],[-100.5533,46.31939],[-100.5492,46.32929],[-100.5486,46.33329],[-100.5495,46.34069],[-100.5497,46.34909],[-100.5503,46.35759],[-100.5512,46.36349],[-100.5557,46.37469],[-100.5576,46.37769],[-100.5594,46.38169],[-100.5636,46.38809],[-100.5686,46.39479],[-100.5736,46.40429],[-100.578,46.41089],[-100.5808,46.41599],[-100.5866,46.42299],[-100.5882,46.42459],[-100.5902,46.42789],[-100.59,46.42829],[-100.5953,46.43549],[-100.5972,46.43909],[-100.59849,46.44443],[-100.5985,46.44929],[-100.5981,46.45129],[-100.5927,46.46519],[-100.5912,46.47299],[-100.5909,46.47889],[-100.59,46.48259],[-100.5866,46.49269],[-100.5833,46.49929],[-100.57874,46.50556],[-100.57473,46.50781],[-100.57088,46.50896],[-100.56283,46.51203],[-100.5588,46.5142],[-100.55067,46.51964],[-100.54582,46.52519],[-100.54414,46.53043],[-100.54455,46.53377],[-100.55796,46.54572],[-100.56855,46.55597],[-100.57148,46.55822],[-100.57628,46.56265],[-100.58703,46.57344],[-100.58779,46.57663],[-100.58574,46.57923],[-100.58089,46.58065],[-100.57616,46.57892],[-100.57142,46.57768],[-100.56537,46.57845],[-100.56107,46.58427],[-100.56103,46.58785],[-100.56814,46.59403],[-100.58474,46.59947],[-100.60178,46.60367],[-100.6254,46.61218],[-100.62948,46.61422],[-100.63403,46.61745],[-100.63793,46.62064],[-100.64101,46.62273],[-100.6517,46.62849],[-100.6535,46.62923],[-100.66201,46.6346],[-100.64564,46.63473],[-100.64366,46.63463],[-100.64344,46.63457],[-100.63979,46.63479],[-100.58513,46.63493],[-100.46102,46.63439],[-100.45946,46.63432],[-100.37193,46.63423],[-100.37086,46.63416],[-100.33351,46.63401],[-100.33233,46.63408],[-100.29234,46.63396],[-100.20746,46.63384],[-100.12519,46.6334],[-100.12329,46.63366],[-100.0861,46.63353],[-100.0812,46.6334],[-100.06338,46.63334],[-100.06234,46.63337],[-100.04928,46.63331],[-100.04228,46.63327],[-100.03932,46.63328],[-100.02056,46.63302],[-100.01639,46.63302],[-99.98892,46.633],[-99.97838,46.63289],[-99.97613,46.63302],[-99.95762,46.63296],[-99.95385,46.63316],[-99.95145,46.63312],[-99.93653,46.63294],[-99.93386,46.63307],[-99.91559,46.63293],[-99.9156,46.63103],[-99.91568,46.63052],[-99.91605,46.54466],[-99.91606,46.54371],[-99.91684,46.38437],[-99.91703,46.38392],[-99.91687,46.37058],[-99.91706,46.37054],[-99.9171,46.29859],[-99.91728,46.29765],[-99.91725,46.28725],[-99.91699,46.28333],[-99.91676,46.28317],[-99.90992,46.28316],[-99.90695,46.28297],[-99.87835,46.28283],[-99.87539,46.28275],[-99.87479,46.28295],[-99.77322,46.2825]]]}},{"type":"Feature","properties":{"name":"Spirit Lake Transit","boundary_type":"counties","source":"Census TIGER county","fidelity":"approximate","updated":"2026-09","units":"Spirit Lake Reservation; Benson County; Eddy County; Nelson County; Ramsey County","note":"Spirit Lake Tribe 477 Program transit; row text states service on the Spirit Lake Reservation (Fort Totten) plus a Benson/Eddy/Nelson/Ramsey county area, with no stated zone size or town list within those counties. Encoded as the reservation plus the four named counties (fidelity approximate) rather than exact routes/zones.","confidence":0.6},"geometry":{"type":"Polygon","coordinates":[[[-98.14496,48.19475],[-98.14122,48.19489],[-98.06587,48.19476],[-98.04439,48.19466],[-98.03305,48.19456],[-98.02791,48.1946],[-97.93628,48.19482],[-97.93126,48.19484],[-97.92926,48.19491],[-97.92497,48.19487],[-97.90331,48.19485],[-97.90335,48.18044],[-97.90327,48.15861],[-97.90348,48.15142],[-97.90334,48.15091],[-97.90342,48.10798],[-97.90344,48.10079],[-97.90345,48.09347],[-97.90338,48.08659],[-97.9036,48.0209],[-97.88206,48.02084],[-97.8821,48.00548],[-97.88208,47.99104],[-97.88207,47.98431],[-97.88208,47.97657],[-97.88205,47.95521],[-97.88206,47.93886],[-97.88207,47.93314],[-97.88204,47.92905],[-97.88207,47.91795],[-97.88208,47.89691],[-97.88209,47.88227],[-97.88209,47.8751],[-97.8821,47.8606],[-97.8821,47.85235],[-97.88211,47.84599],[-97.88223,47.78817],[-97.88233,47.78086],[-97.88237,47.75923],[-97.88269,47.75024],[-97.8824,47.74468],[-97.88227,47.67218],[-97.89932,47.67213],[-97.89965,47.67222],[-97.90251,47.67221],[-97.904,47.67226],[-97.90921,47.67224],[-97.96335,47.67226],[-97.97379,47.67228],[-97.97905,47.67227],[-97.98425,47.6723],[-98.00046,47.67231],[-98.01128,47.67231],[-98.07335,47.67238],[-98.0756,47.67245],[-98.11206,47.67255],[-98.13976,47.67241],[-98.16064,47.67237],[-98.18335,47.67238],[-98.24382,47.67236],[-98.25889,47.67223],[-98.26828,47.67248],[-98.27324,47.67225],[-98.33305,47.6724],[-98.34966,47.67242],[-98.37169,47.6724],[-98.39692,47.67231],[-98.48282,47.67237],[-98.50018,47.67241],[-98.50014,47.64514],[-98.49998,47.64462],[-98.50008,47.58723],[-98.51632,47.58726],[-98.51663,47.58724],[-98.6281,47.58727],[-98.64942,47.58732],[-98.65026,47.58725],[-98.75588,47.58757],[-98.84161,47.58744],[-98.88342,47.58735],[-98.90489,47.58729],[-98.94744,47.58745],[-99.01033,47.5874],[-99.09605,47.58768],[-99.13816,47.58782],[-99.18098,47.58776],[-99.19179,47.58775],[-99.21224,47.58773],[-99.22389,47.58776],[-99.2658,47.5876],[-99.26578,47.61668],[-99.26573,47.64576],[-99.26571,47.67297],[-99.29732,47.673],[-99.29714,47.75994],[-99.29722,47.76709],[-99.29738,47.76757],[-99.2972,47.84683],[-99.30236,47.8467],[-99.31293,47.84674],[-99.31422,47.8469],[-99.33166,47.84691],[-99.36172,47.84673],[-99.38318,47.84676],[-99.42595,47.84677],[-99.42603,47.84677],[-99.51206,47.84678],[-99.51285,47.84686],[-99.55455,47.8468],[-99.55557,47.84666],[-99.59748,47.84695],[-99.64053,47.84701],[-99.65565,47.84704],[-99.65714,47.84694],[-99.68332,47.8471],[-99.68492,47.84706],[-99.69437,47.84714],[-99.70399,47.84723],[-99.81217,47.84726],[-99.8122,47.93422],[-99.81219,47.94125],[-99.81218,47.94871],[-99.81217,47.96688],[-99.81217,47.97026],[-99.81218,47.99779],[-99.81217,48.01457],[-99.81213,48.02145],[-99.82336,48.02147],[-99.84241,48.02148],[-99.84822,48.02142],[-99.84799,48.10625],[-99.84801,48.10843],[-99.84768,48.19516],[-99.84768,48.22299],[-99.84738,48.28214],[-99.84712,48.32836],[-99.84726,48.32892],[-99.84705,48.3712],[-99.75452,48.37112],[-99.71804,48.37109],[-99.67518,48.37111],[-99.62388,48.37112],[-99.62182,48.3711],[-99.58771,48.37104],[-99.49292,48.37095],[-99.45931,48.37092],[-99.36276,48.37084],[-99.35134,48.37083],[-99.32965,48.37078],[-99.26503,48.37074],[-99.2322,48.3707],[-99.20031,48.37066],[-99.12544,48.37065],[-99.12333,48.37052],[-99.10158,48.37058],[-99.09376,48.37054],[-99.06985,48.37057],[-99.01414,48.37045],[-98.97084,48.37041],[-98.97056,48.45733],[-98.97039,48.54423],[-98.9491,48.54414],[-98.8787,48.54393],[-98.87842,48.54387],[-98.86244,48.5439],[-98.84019,48.54389],[-98.78607,48.54389],[-98.75267,48.54389],[-98.73145,48.54389],[-98.7096,48.54389],[-98.67793,48.54383],[-98.66645,48.54382],[-98.65585,48.54377],[-98.57928,48.54364],[-98.54708,48.54365],[-98.5353,48.54364],[-98.44879,48.54361],[-98.44864,48.54361],[-98.3181,48.54377],[-98.31804,48.54377],[-98.31809,48.45671],[-98.31819,48.41323],[-98.31838,48.36972],[-98.29185,48.36969],[-98.29208,48.2822],[-98.29231,48.26052],[-98.29218,48.19518],[-98.16269,48.19475],[-98.14496,48.19475]]]}},{"type":"Feature","properties":{"name":"Trenton Indian Service Area Aging Program","boundary_type":"zone_approx","source":"Manual approximation","fidelity":"approximate","updated":"2026-09","units":"buffer 30 km @ Trenton CDP; clipped to Williams County","note":"Service area centered on Trenton in Williams County; extent approximated due to limited geographic detail","confidence":0.7},"geometry":{"type":"Polygon","coordinates":[[[-104.01163,48.313],[-103.97912,48.322],[-103.94557,48.32907],[-103.91122,48.33416],[-103.87634,48.33723],[-103.84119,48.33825],[-103.80604,48.33723],[-103.77116,48.33416],[-103.73681,48.32907],[-103.70325,48.322],[-103.67075,48.313],[-103.63954,48.30215],[-103.60987,48.28952],[-103.58196,48.2752],[-103.55602,48.25932],[-103.53225,48.24199],[-103.51083,48.22333],[-103.49193,48.20351],[-103.47568,48.18265],[-103.46222,48.16093],[-103.45164,48.13851],[-103.44403,48.11556],[-103.43943,48.09225],[-103.4379,48.06876],[-103.43943,48.04527],[-103.44258,48.02931],[-103.44367,48.02873],[-103.44937,48.02663],[-103.45287,48.02573],[-103.45607,48.02553],[-103.45947,48.02472],[-103.46307,48.02322],[-103.46647,48.02083],[-103.47057,48.01653],[-103.47536,48.01225],[-103.48507,48.00673],[-103.48737,48.00603],[-103.49647,48.00523],[-103.49905,48.0056],[-103.50117,48.00592],[-103.50847,48.01042],[-103.50997,48.01163],[-103.51657,48.01953],[-103.51857,48.02293],[-103.51909,48.02423],[-103.52067,48.02683],[-103.52247,48.02873],[-103.52547,48.03332],[-103.52797,48.03513],[-103.53187,48.03583],[-103.53577,48.03502],[-103.54717,48.03412],[-103.55707,48.03422],[-103.56537,48.03492],[-103.56937,48.03572],[-103.57587,48.03852],[-103.58207,48.04152],[-103.58317,48.04242],[-103.58467,48.04422],[-103.58557,48.04882],[-103.58557,48.05072],[-103.58477,48.05412],[-103.58237,48.05782],[-103.58117,48.05902],[-103.57627,48.06262],[-103.57297,48.06472],[-103.55837,48.07242],[-103.55407,48.07552],[-103.55147,48.07782],[-103.54847,48.08192],[-103.54717,48.08582],[-103.54857,48.08772],[-103.54987,48.08782],[-103.55827,48.08722],[-103.56177,48.08732],[-103.56817,48.08792],[-103.57177,48.08872],[-103.57937,48.09082],[-103.58467,48.09252],[-103.58917,48.09472],[-103.59317,48.09772],[-103.59887,48.10252],[-103.60427,48.10642],[-103.60767,48.10942],[-103.60867,48.11122],[-103.60817,48.11412],[-103.60647,48.11542],[-103.60327,48.11702],[-103.59237,48.12052],[-103.58767,48.12302],[-103.58571,48.12455],[-103.58564,48.12667],[-103.587,48.13105],[-103.58807,48.13249],[-103.59021,48.13411],[-103.5932,48.13412],[-103.59761,48.13439],[-103.5988,48.13417],[-103.59915,48.1341],[-103.60094,48.13346],[-103.60387,48.13206],[-103.60394,48.13201],[-103.60638,48.1303],[-103.61067,48.12492],[-103.61277,48.12282],[-103.62097,48.11682],[-103.62547,48.11427],[-103.63007,48.11222],[-103.63377,48.11112],[-103.63997,48.11102],[-103.64647,48.11202],[-103.64928,48.11313],[-103.66058,48.11922],[-103.66938,48.12164],[-103.67518,48.12242],[-103.67758,48.12242],[-103.68298,48.12172],[-103.68728,48.12072],[-103.69548,48.11842],[-103.70248,48.11572],[-103.71257,48.11111],[-103.71386,48.11064],[-103.7148,48.1103],[-103.71707,48.10909],[-103.72235,48.10467],[-103.73675,48.0957],[-103.74005,48.09391],[-103.74222,48.0934],[-103.74363,48.0922],[-103.74435,48.09032],[-103.74388,48.08756],[-103.74032,48.0834],[-103.73692,48.08114],[-103.7296,48.07724],[-103.72107,48.07203],[-103.71799,48.0707],[-103.71306,48.06947],[-103.71082,48.06787],[-103.70945,48.06546],[-103.70947,48.06236],[-103.71104,48.05803],[-103.71471,48.0547],[-103.72616,48.04898],[-103.73069,48.04789],[-103.73656,48.0454],[-103.73936,48.04372],[-103.74154,48.0412],[-103.74345,48.04053],[-103.74751,48.04077],[-103.75483,48.04324],[-103.75955,48.04757],[-103.77051,48.05648],[-103.77578,48.05825],[-103.78075,48.05929],[-103.78439,48.05949],[-103.78767,48.05805],[-103.7906,48.05567],[-103.79195,48.05332],[-103.79422,48.05052],[-103.79566,48.04745],[-103.79776,48.03896],[-103.79777,48.03554],[-103.79297,48.02756],[-103.79236,48.02439],[-103.79129,48.01846],[-103.79159,48.01332],[-103.79271,48.01015],[-103.79692,48.00002],[-103.79744,47.99922],[-103.80082,47.99427],[-103.80426,47.99125],[-103.81102,47.98592],[-103.81725,47.98171],[-103.82132,47.97985],[-103.82405,47.97899],[-103.82883,47.98012],[-103.82874,47.98137],[-103.82602,47.9869],[-103.82547,47.98975],[-103.82544,47.99279],[-103.82649,47.99709],[-103.82956,48.00002],[-103.85631,48.01507],[-103.85838,48.01576],[-103.85977,48.01507],[-103.86362,48.01106],[-103.86437,48.00866],[-103.86099,48.00435],[-103.85745,48.00174],[-103.85523,47.99781],[-103.85536,47.99644],[-103.85594,47.99514],[-103.85955,47.9915],[-103.86247,47.98974],[-103.86428,47.98798],[-103.86607,47.9814],[-103.86935,47.97279],[-103.87101,47.97084],[-103.87548,47.96702],[-103.88138,47.96412],[-103.88513,47.96267],[-103.88805,47.96203],[-103.89578,47.96132],[-103.90398,47.95922],[-103.91979,47.95595],[-103.92328,47.95762],[-103.92918,47.96262],[-103.93318,47.96662],[-103.93598,47.97022],[-103.93918,47.97312],[-103.94268,47.97572],[-103.94908,47.97872],[-103.95448,47.98172],[-103.96319,47.98472],[-103.96739,47.98552],[-103.97319,47.98542],[-103.98157,47.98502],[-103.98395,47.98467],[-103.98548,47.98403],[-103.98667,47.98248],[-103.98581,47.97869],[-103.98634,47.97599],[-103.9874,47.97431],[-103.98992,47.97187],[-103.99201,47.97075],[-103.99937,47.96771],[-104.00556,47.96709],[-104.00924,47.96865],[-104.01157,47.97141],[-104.01233,47.97328],[-104.01408,47.97957],[-104.01494,47.98165],[-104.01712,47.98486],[-104.0216,47.98919],[-104.02773,47.99186],[-104.03069,47.9921],[-104.03576,47.99413],[-104.04025,47.9948],[-104.04412,47.99608],[-104.04412,47.99611],[-104.04434,48.02479],[-104.04499,48.1112],[-104.04516,48.13304],[-104.04519,48.13735],[-104.04522,48.14028],[-104.04522,48.14029],[-104.0454,48.16439],[-104.0455,48.17625],[-104.04542,48.19247],[-104.04556,48.19391],[-104.04557,48.19815],[-104.04569,48.24142],[-104.04573,48.24459],[-104.04564,48.24618],[-104.04586,48.2551],[-104.04595,48.25591],[-104.04604,48.25676],[-104.04606,48.26307],[-104.04614,48.28486],[-104.04618,48.29935],[-104.04619,48.30072],[-104.04283,48.30215],[-104.01163,48.313]]]}},{"type":"Feature","properties":{"name":"Turtle Mountain Transit","boundary_type":"tribal","source":"Census TIGER AIANNH area","fidelity":"exact","updated":"2026-09","units":"Turtle Mountain Reservation and Off-Reservation Trust Land","note":"Service area is Turtle Mountain Indian Reservation in Rolette County","confidence":0.95},"geometry":{"type":"MultiPolygon","coordinates":[[[[-108.68961,47.9179],[-108.6891,47.92032],[-108.68891,47.92136],[-108.68339,47.92193],[-108.68426,47.9179],[-108.68961,47.9179]]],[[[-110.46427,48.27042],[-110.46427,48.26323],[-110.47554,48.26327],[-110.47554,48.27043],[-110.46427,48.27042]]],[[[-110.46426,48.29941],[-110.46426,48.29192],[-110.47552,48.29192],[-110.47552,48.29952],[-110.46426,48.29941]]],[[[-109.23788,48.29289],[-109.24862,48.29289],[-109.24862,48.30016],[-109.24508,48.30016],[-109.23788,48.30016],[-109.23788,48.29295],[-109.23788,48.29289]]],[[[-109.23788,48.30016],[-109.23789,48.30444],[-109.23789,48.30744],[-109.22701,48.30749],[-109.22693,48.30018],[-109.23612,48.30016],[-109.23788,48.30016]]],[[[-109.27024,48.32926],[-109.27024,48.32204],[-109.28106,48.32204],[-109.28106,48.32926],[-109.27024,48.32926]]],[[[-109.12373,48.32216],[-109.12368,48.33662],[-109.11831,48.33658],[-109.11831,48.33272],[-109.11831,48.32216],[-109.12373,48.32216]]],[[[-108.89166,48.72646],[-108.89165,48.72053],[-108.90247,48.72043],[-108.90238,48.72771],[-108.8936,48.72773],[-108.89166,48.72772],[-108.89166,48.72646]]],[[[-108.89166,48.72772],[-108.89166,48.73022],[-108.89166,48.7422],[-108.88064,48.74219],[-108.88073,48.72776],[-108.89109,48.72772],[-108.89166,48.72772]]],[[[-108.8534,48.74238],[-108.8427,48.74229],[-108.84274,48.73518],[-108.84789,48.73518],[-108.84794,48.72792],[-108.85899,48.72872],[-108.85889,48.73523],[-108.85342,48.73522],[-108.8534,48.74238]]],[[[-108.83151,48.73873],[-108.83151,48.73144],[-108.83694,48.73144],[-108.83698,48.7423],[-108.82606,48.74232],[-108.82605,48.73873],[-108.83151,48.73873]]],[[[-108.82609,48.75688],[-108.8261,48.76038],[-108.82105,48.76038],[-108.82073,48.76036],[-108.82071,48.75682],[-108.82609,48.75688]]],[[[-108.89737,48.77246],[-108.89738,48.77479],[-108.89186,48.77479],[-108.89186,48.77119],[-108.89736,48.77118],[-108.89737,48.77246]]],[[[-108.87002,48.7784],[-108.86429,48.7784],[-108.85911,48.77837],[-108.85906,48.77121],[-108.87004,48.77116],[-108.87002,48.7784]]],[[[-108.83709,48.77107],[-108.84803,48.77106],[-108.84807,48.78554],[-108.83713,48.78554],[-108.83709,48.77107]]],[[[-108.75013,48.7931],[-108.73906,48.79312],[-108.73907,48.78583],[-108.73356,48.78568],[-108.73356,48.78217],[-108.73898,48.78214],[-108.74444,48.78215],[-108.74444,48.78946],[-108.75015,48.78947],[-108.75013,48.7931]]],[[[-108.87009,48.79283],[-108.87009,48.78916],[-108.8756,48.78916],[-108.8756,48.79283],[-108.87009,48.79283]]],[[[-108.9131,48.7911],[-108.91307,48.78922],[-108.91861,48.78921],[-108.91863,48.79282],[-108.91521,48.79282],[-108.91312,48.79282],[-108.9131,48.7911]]],[[[-108.83724,48.78932],[-108.84269,48.78932],[-108.8427,48.79294],[-108.83724,48.79294],[-108.83724,48.78932]]],[[[-108.91317,48.80006],[-108.90301,48.80006],[-108.90301,48.79281],[-108.91312,48.79282],[-108.91312,48.79287],[-108.91317,48.80006]]],[[[-108.80433,48.80737],[-108.79338,48.8074],[-108.79339,48.80023],[-108.81348,48.80021],[-108.81546,48.80024],[-108.81547,48.81471],[-108.80444,48.81461],[-108.80433,48.80737]]],[[[-108.88691,48.81814],[-108.88659,48.81448],[-108.89218,48.81448],[-108.89218,48.81814],[-108.88691,48.81814]]],[[[-108.84821,48.82916],[-108.8482,48.82549],[-108.85378,48.82549],[-108.85378,48.82912],[-108.84821,48.82916]]],[[[-108.83732,48.8292],[-108.84821,48.82916],[-108.84829,48.8435],[-108.83732,48.8435],[-108.83732,48.8292]]],[[[-108.95158,48.83628],[-108.957,48.83628],[-108.95704,48.84347],[-108.94066,48.84347],[-108.94066,48.83996],[-108.95158,48.83996],[-108.95158,48.83628]]],[[[-108.98456,48.83601],[-108.98467,48.85085],[-108.97909,48.85083],[-108.97909,48.85177],[-108.97909,48.8544],[-108.97856,48.8544],[-108.97338,48.8544],[-108.97338,48.84705],[-108.97897,48.84705],[-108.97897,48.8362],[-108.98456,48.83601]]],[[[-108.88128,48.84721],[-108.88128,48.85083],[-108.87952,48.85083],[-108.87575,48.85083],[-108.87575,48.84721],[-108.88128,48.84721]]],[[[-108.95712,48.84705],[-108.95712,48.85075],[-108.95166,48.85064],[-108.95166,48.85431],[-108.9462,48.85431],[-108.9462,48.85064],[-108.94061,48.85064],[-108.94061,48.85423],[-108.93515,48.85423],[-108.93515,48.84705],[-108.95712,48.84705]]],[[[-108.88676,48.85073],[-108.89229,48.85074],[-108.89223,48.86162],[-108.88127,48.8616],[-108.8816,48.85795],[-108.8868,48.85795],[-108.88676,48.85073]]],[[[-108.97909,48.85462],[-108.97909,48.8544],[-108.98059,48.8544],[-108.98456,48.8544],[-108.98436,48.8615],[-108.98978,48.86167],[-108.98982,48.86513],[-108.97899,48.86511],[-108.97909,48.85462]]],[[[-108.96259,48.8652],[-108.95871,48.86517],[-108.95699,48.86517],[-108.957,48.858],[-108.96819,48.85801],[-108.96819,48.86881],[-108.9626,48.86886],[-108.96259,48.8652]]],[[[-108.83737,48.8581],[-108.83737,48.86172],[-108.84294,48.86172],[-108.84287,48.85451],[-108.83182,48.85452],[-108.83182,48.8509],[-108.85942,48.85086],[-108.85943,48.8581],[-108.84844,48.85811],[-108.84842,48.87974],[-108.84293,48.87973],[-108.84292,48.86892],[-108.83743,48.8689],[-108.83743,48.86525],[-108.82641,48.86525],[-108.82637,48.85809],[-108.83737,48.8581]]],[[[-108.94074,48.87359],[-108.94074,48.87615],[-108.93489,48.87616],[-108.9349,48.86514],[-108.94049,48.86513],[-108.94049,48.86888],[-108.95728,48.86886],[-108.9573,48.87244],[-108.94074,48.87359]]],[[[-108.96271,48.8832],[-108.95712,48.8832],[-108.95712,48.88308],[-108.95715,48.8797],[-108.96259,48.87968],[-108.96271,48.8832]]],[[[-108.79363,48.89419],[-108.78271,48.89415],[-108.78271,48.88911],[-108.78271,48.88689],[-108.79363,48.88701],[-108.79363,48.89419]]],[[[-108.84105,48.92852],[-108.81899,48.92852],[-108.81889,48.91407],[-108.81304,48.91406],[-108.81008,48.91388],[-108.81008,48.90849],[-108.8156,48.90856],[-108.81559,48.90138],[-108.82665,48.90138],[-108.83723,48.90138],[-108.83723,48.89426],[-108.82661,48.89429],[-108.82655,48.88666],[-108.83744,48.88664],[-108.83744,48.89046],[-108.84858,48.89046],[-108.84858,48.90125],[-108.8428,48.90138],[-108.84285,48.90865],[-108.82669,48.90865],[-108.82652,48.91228],[-108.82079,48.91228],[-108.8208,48.91404],[-108.8267,48.91405],[-108.84105,48.91409],[-108.84105,48.92852]]],[[[-108.92432,48.91414],[-108.92432,48.91228],[-108.93502,48.91226],[-108.93502,48.91414],[-108.92432,48.91414]]],[[[-108.79706,48.91397],[-108.79706,48.92758],[-108.79706,48.92843],[-108.78649,48.92843],[-108.78606,48.91394],[-108.79706,48.91397]]],[[[-108.67611,48.93204],[-108.69813,48.93207],[-108.6981,48.9356],[-108.67611,48.93564],[-108.67611,48.93204]]],[[[-108.75852,48.93575],[-108.76417,48.93575],[-108.76417,48.94304],[-108.74754,48.94306],[-108.74754,48.93935],[-108.75852,48.93935],[-108.75852,48.93575]]],[[[-108.74204,48.94628],[-108.74204,48.9502],[-108.73127,48.9502],[-108.73127,48.9429],[-108.74176,48.94288],[-108.74204,48.94628]]],[[[-108.79711,48.94299],[-108.8081,48.94299],[-108.81898,48.94299],[-108.81911,48.95026],[-108.80811,48.95026],[-108.79711,48.95026],[-108.79711,48.94299]]],[[[-108.87383,48.94325],[-108.86285,48.94326],[-108.86295,48.95022],[-108.87402,48.95023],[-108.87403,48.96467],[-108.85197,48.96469],[-108.85198,48.95752],[-108.841,48.95751],[-108.841,48.95029],[-108.85197,48.95029],[-108.85197,48.93566],[-108.87383,48.93566],[-108.87383,48.94293],[-108.87383,48.94325]]],[[[-108.78615,48.95028],[-108.79711,48.95026],[-108.79711,48.95744],[-108.78615,48.9575],[-108.78615,48.95028]]],[[[-108.78615,48.96101],[-108.78615,48.96474],[-108.76404,48.96474],[-108.76404,48.95753],[-108.76953,48.95753],[-108.76953,48.96109],[-108.7751,48.96109],[-108.7751,48.95753],[-108.78518,48.9575],[-108.78615,48.9575],[-108.78615,48.96101]]],[[[-108.7311,48.96463],[-108.7311,48.96101],[-108.73651,48.96104],[-108.73651,48.96463],[-108.7311,48.96463]]],[[[-108.68712,48.97194],[-108.67616,48.97198],[-108.67611,48.97916],[-108.66521,48.97908],[-108.66522,48.97218],[-108.65411,48.97208],[-108.65417,48.96477],[-108.67613,48.96462],[-108.68709,48.96461],[-108.68712,48.97194]]],[[[-108.79711,48.95744],[-108.80812,48.95744],[-108.81886,48.95744],[-108.81886,48.96471],[-108.83018,48.96472],[-108.83015,48.98641],[-108.80809,48.98651],[-108.79711,48.98653],[-108.79712,48.97934],[-108.80809,48.97931],[-108.81886,48.97929],[-108.81886,48.97208],[-108.80811,48.97205],[-108.79711,48.97203],[-108.79711,48.95744]]],[[[-108.75327,48.97186],[-108.76391,48.97186],[-108.76391,48.97901],[-108.75571,48.97901],[-108.75327,48.97901],[-108.75327,48.97205],[-108.75327,48.97186]]],[[[-108.73122,48.97907],[-108.72945,48.97907],[-108.72016,48.97907],[-108.72015,48.97183],[-108.73122,48.97181],[-108.73122,48.97907]]],[[[-108.84099,48.98634],[-108.84099,48.97189],[-108.85206,48.97189],[-108.85206,48.97924],[-108.86313,48.97924],[-108.86313,48.98634],[-108.85811,48.98634],[-108.84099,48.98634]]],[[[-108.74212,48.97901],[-108.74946,48.97901],[-108.75327,48.97901],[-108.75327,48.97916],[-108.75327,48.98639],[-108.74212,48.98639],[-108.74212,48.97901]]],[[[-108.78613,48.98629],[-108.78613,48.99366],[-108.77498,48.99366],[-108.77498,48.98859],[-108.77498,48.98634],[-108.78613,48.98629]]],[[[-108.85206,48.99724],[-108.83018,48.99724],[-108.83018,48.99352],[-108.85098,48.99352],[-108.85206,48.99352],[-108.85206,48.99724]]],[[[-107.70284,47.74853],[-107.70284,47.74496],[-107.69749,47.74496],[-107.69749,47.73833],[-107.69752,47.73773],[-107.70304,47.73774],[-107.70309,47.74122],[-107.7082,47.74122],[-107.70821,47.74853],[-107.70284,47.74853]]],[[[-108.59787,47.8488],[-108.59787,47.84152],[-108.60864,47.84152],[-108.60864,47.8488],[-108.59787,47.8488]]],[[[-108.6309,47.87786],[-108.63092,47.87048],[-108.64195,47.87044],[-108.6419,47.87785],[-108.6309,47.87786]]],[[[-108.66326,47.90279],[-108.66323,47.90668],[-108.65236,47.90668],[-108.65226,47.89223],[-108.66303,47.89223],[-108.66326,47.90279]]],[[[-108.22925,48.07962],[-108.22925,48.08162],[-108.21842,48.08162],[-108.21842,48.0743],[-108.22925,48.0743],[-108.22925,48.07962]]],[[[-107.86725,48.2797],[-107.86716,48.28424],[-107.83454,48.28435],[-107.83471,48.27672],[-107.86729,48.27698],[-107.86725,48.2797]]],[[[-107.86683,48.29874],[-107.8668,48.29151],[-107.87781,48.29163],[-107.87781,48.2989],[-107.86683,48.29874]]],[[[-107.76258,48.48146],[-107.76391,48.47892],[-107.76627,48.47789],[-107.77152,48.47795],[-107.77342,48.47715],[-107.77332,48.47419],[-107.77978,48.47532],[-107.77981,48.48154],[-107.76258,48.48146]]],[[[-107.8178,48.48505],[-107.8178,48.48143],[-107.81238,48.48143],[-107.81234,48.47782],[-107.82326,48.47782],[-107.82328,48.48215],[-107.82326,48.48505],[-107.8178,48.48505]]],[[[-107.73045,48.61172],[-107.74136,48.61174],[-107.74136,48.62617],[-107.7305,48.62626],[-107.73045,48.61172]]],[[[-107.78523,48.62615],[-107.79617,48.62615],[-107.79617,48.63336],[-107.78523,48.63335],[-107.78523,48.62615]]],[[[-107.73063,48.65503],[-107.73054,48.63707],[-107.73583,48.63707],[-107.73591,48.64794],[-107.74151,48.64794],[-107.74156,48.65515],[-107.73721,48.65514],[-107.73063,48.65503]]],[[[-107.76325,48.64063],[-107.76325,48.6442],[-107.76888,48.64427],[-107.76888,48.64783],[-107.77462,48.64783],[-107.77462,48.66231],[-107.78542,48.66231],[-107.78542,48.66966],[-107.77462,48.66966],[-107.77462,48.67546],[-107.77462,48.67686],[-107.77237,48.67686],[-107.75234,48.67685],[-107.75233,48.64435],[-107.74693,48.64438],[-107.74693,48.64071],[-107.76325,48.64063]]],[[[-107.8508,48.66243],[-107.8508,48.6551],[-107.86122,48.6551],[-107.86127,48.66233],[-107.8508,48.66243]]],[[[-107.79625,48.65517],[-107.80703,48.65518],[-107.80715,48.66241],[-107.79625,48.66242],[-107.79625,48.65517]]],[[[-108.55893,48.66271],[-108.5535,48.66262],[-108.5535,48.66175],[-108.55349,48.65526],[-108.55893,48.65523],[-108.55893,48.66271]]],[[[-107.81807,48.66966],[-107.81801,48.66237],[-107.82893,48.66237],[-107.82902,48.66972],[-107.81807,48.66966]]],[[[-107.85081,48.66956],[-107.85081,48.66972],[-107.83991,48.66972],[-107.83984,48.66237],[-107.8508,48.66243],[-107.85081,48.66956]]],[[[-107.79627,48.67692],[-107.79634,48.6697],[-107.80715,48.66968],[-107.80718,48.67691],[-107.79627,48.67692]]],[[[-107.87237,48.67683],[-107.8696,48.67671],[-107.86138,48.67706],[-107.8613,48.66967],[-107.87232,48.6697],[-107.87237,48.67683]]],[[[-107.85084,48.67677],[-107.86138,48.67706],[-107.86143,48.68407],[-107.85087,48.68416],[-107.85013,48.68416],[-107.85014,48.67676],[-107.85084,48.67677]]],[[[-107.79627,48.67692],[-107.79629,48.68414],[-107.77986,48.68411],[-107.77462,48.68412],[-107.77462,48.67686],[-107.79627,48.67692]]],[[[-107.74181,48.67689],[-107.74181,48.68416],[-107.73073,48.68416],[-107.73073,48.67689],[-107.73268,48.67689],[-107.74181,48.67689]]],[[[-107.98156,48.69114],[-107.98156,48.6839],[-107.99213,48.6839],[-107.99213,48.69114],[-107.98156,48.69114]]],[[[-107.75813,48.6878],[-107.75267,48.68779],[-107.7527,48.68415],[-107.76888,48.68411],[-107.76888,48.69135],[-107.7634,48.69143],[-107.75813,48.6914],[-107.75813,48.6878]]],[[[-107.81842,48.6841],[-107.82929,48.68415],[-107.82934,48.69146],[-107.8184,48.69146],[-107.81842,48.6841]]],[[[-107.80746,48.69146],[-107.8127,48.69146],[-107.8184,48.69146],[-107.81839,48.69876],[-107.81275,48.69879],[-107.80746,48.69876],[-107.80746,48.69146]]],[[[-107.81839,48.69876],[-107.82052,48.69876],[-107.82906,48.69876],[-107.82908,48.70602],[-107.81837,48.70602],[-107.81837,48.7038],[-107.81839,48.69876]]],[[[-107.86141,48.69131],[-107.86143,48.68407],[-107.86883,48.6842],[-107.88343,48.68413],[-107.88347,48.69692],[-107.8832,48.69851],[-107.88324,48.70574],[-107.88332,48.71225],[-107.8824,48.71317],[-107.89467,48.71317],[-107.89466,48.72765],[-107.88369,48.72765],[-107.88348,48.72039],[-107.87261,48.72039],[-107.87253,48.70577],[-107.86141,48.7058],[-107.86142,48.69859],[-107.87248,48.69859],[-107.8724,48.69127],[-107.86141,48.69131]]],[[[-107.69862,48.70596],[-107.70954,48.70596],[-107.70954,48.71315],[-107.68749,48.71315],[-107.68749,48.69864],[-107.69862,48.69864],[-107.69862,48.70596]]],[[[-107.75261,48.71315],[-107.74884,48.71315],[-107.74177,48.71315],[-107.74177,48.7058],[-107.75261,48.7058],[-107.75261,48.71315]]],[[[-107.96002,48.71288],[-107.96003,48.70563],[-107.97074,48.70565],[-107.97089,48.72016],[-107.94924,48.72015],[-107.94911,48.71288],[-107.96002,48.71288]]],[[[-107.85772,48.70611],[-107.86141,48.7058],[-107.8613,48.70752],[-107.86164,48.7204],[-107.85108,48.7204],[-107.85116,48.70608],[-107.85772,48.70611]]],[[[-107.80747,48.71327],[-107.80747,48.72056],[-107.79646,48.72052],[-107.79646,48.71321],[-107.80357,48.71318],[-107.80747,48.71327]]],[[[-107.78546,48.73482],[-107.7965,48.73481],[-107.7965,48.74213],[-107.77461,48.74212],[-107.77461,48.72745],[-107.78546,48.72744],[-107.78546,48.73482]]],[[[-107.75259,48.72754],[-107.76359,48.72754],[-107.76369,48.74212],[-107.7526,48.74209],[-107.75259,48.72754]]],[[[-107.87258,48.73476],[-107.87039,48.73479],[-107.86172,48.73517],[-107.86183,48.74222],[-107.85145,48.74215],[-107.85145,48.72764],[-107.8726,48.72763],[-107.87259,48.73115],[-107.87258,48.73476]]],[[[-107.87258,48.73476],[-107.87271,48.73476],[-107.88358,48.73466],[-107.88361,48.74219],[-107.87258,48.74219],[-107.87258,48.73917],[-107.87258,48.73476]]],[[[-107.78568,48.77117],[-107.78568,48.76388],[-107.79667,48.7639],[-107.79667,48.77117],[-107.78568,48.77117]]],[[[-107.84065,48.77128],[-107.83475,48.77129],[-107.82956,48.7713],[-107.82956,48.76402],[-107.84065,48.76402],[-107.84065,48.77128]]],[[[-107.93329,48.85079],[-107.9497,48.85079],[-107.9497,48.85818],[-107.92758,48.85818],[-107.92794,48.84363],[-107.93329,48.84363],[-107.93329,48.85079]]],[[[-107.8619,48.8654],[-107.86191,48.85091],[-107.87287,48.85091],[-107.87287,48.8654],[-107.8619,48.8654]]],[[[-107.97178,48.88694],[-107.97178,48.89385],[-107.97066,48.89407],[-107.96073,48.89413],[-107.9607,48.88694],[-107.97178,48.88694]]],[[[-108.25935,48.90868],[-108.25935,48.90142],[-108.27026,48.90139],[-108.27026,48.90866],[-108.25935,48.90868]]],[[[-107.96048,48.90875],[-107.97163,48.90875],[-107.97163,48.91337],[-107.96056,48.91333],[-107.96048,48.90875]]],[[[-107.91756,48.92773],[-107.90689,48.92773],[-107.90697,48.92051],[-107.91368,48.92052],[-107.91756,48.92052],[-107.91756,48.92773]]],[[[-107.89542,48.92773],[-107.90649,48.92796],[-107.90764,48.92805],[-107.90768,48.93506],[-107.90649,48.93504],[-107.89542,48.935],[-107.89542,48.92773]]],[[[-107.9071,48.94938],[-107.90714,48.94217],[-107.91739,48.94217],[-107.91739,48.94938],[-107.9071,48.94938]]],[[[-107.88997,48.94222],[-107.88997,48.94938],[-107.88443,48.94938],[-107.88443,48.94428],[-107.88443,48.94222],[-107.88997,48.94222]]],[[[-108.04387,48.94234],[-108.04926,48.9423],[-108.04934,48.95681],[-108.0438,48.95681],[-108.04387,48.94234]]],[[[-108.64316,48.95739],[-108.63225,48.95739],[-108.63207,48.9574],[-108.632,48.95016],[-108.64317,48.95016],[-108.64316,48.95739]]],[[[-108.65353,48.97912],[-108.66448,48.97908],[-108.66521,48.97908],[-108.66521,48.97921],[-108.66499,48.98645],[-108.65377,48.9864],[-108.65353,48.97912]]],[[[-107.90638,48.99974],[-107.90638,48.9856],[-107.91741,48.9856],[-107.91741,48.99974],[-107.90638,48.99974]]],[[[-107.88433,48.99976],[-107.88438,48.99276],[-107.89541,48.99276],[-107.89541,48.99975],[-107.88433,48.99976]]],[[[-107.55296,47.75565],[-107.54221,47.75565],[-107.54221,47.752],[-107.54708,47.752],[-107.55294,47.752],[-107.55296,47.75565]]],[[[-106.00314,47.8757],[-105.99198,47.87565],[-105.99225,47.86853],[-106.00281,47.86845],[-106.00335,47.86844],[-106.00314,47.8757]]],[[[-105.94943,47.88303],[-105.94943,47.87565],[-105.96019,47.87565],[-105.96019,47.88303],[-105.94943,47.88303]]],[[[-106.04625,47.8758],[-106.04625,47.88311],[-106.03545,47.88311],[-106.03548,47.87578],[-106.04504,47.8758],[-106.04625,47.8758]]],[[[-105.93867,47.88289],[-105.93859,47.89744],[-105.93251,47.89748],[-105.92783,47.89747],[-105.9279,47.88292],[-105.93867,47.88289]]],[[[-105.96019,47.89026],[-105.97083,47.89026],[-105.97083,47.8974],[-105.96019,47.8974],[-105.96019,47.89026]]],[[[-106.02484,47.89768],[-106.03568,47.89767],[-106.03563,47.90467],[-106.02492,47.90466],[-106.02484,47.89768]]],[[[-105.93732,47.90618],[-105.94809,47.90155],[-105.94938,47.90449],[-105.94939,47.91186],[-105.93855,47.91186],[-105.93855,47.90852],[-105.93732,47.90618]]],[[[-107.62709,48.60008],[-107.62708,48.59716],[-107.63803,48.59716],[-107.63803,48.6044],[-107.63176,48.60436],[-107.62904,48.60068],[-107.62709,48.60008]]],[[[-107.62709,48.60008],[-107.62708,48.60459],[-107.62466,48.60414],[-107.6237,48.60387],[-107.62382,48.60308],[-107.62371,48.60199],[-107.62312,48.6009],[-107.62318,48.60025],[-107.62398,48.59987],[-107.62569,48.59981],[-107.62709,48.60008]]],[[[-107.64337,48.60725],[-107.64119,48.60549],[-107.63803,48.60599],[-107.63803,48.6044],[-107.64331,48.6044],[-107.64337,48.60725]]],[[[-107.67203,48.60818],[-107.68146,48.60819],[-107.68146,48.61174],[-107.66504,48.61174],[-107.66504,48.60456],[-107.67048,48.60456],[-107.67203,48.60818]]],[[[-107.63803,48.61504],[-107.63803,48.61537],[-107.62717,48.61543],[-107.62712,48.60814],[-107.63803,48.60814],[-107.63803,48.61504]]],[[[-107.56692,48.62267],[-107.56692,48.62987],[-107.57237,48.62987],[-107.57237,48.63344],[-107.5614,48.63344],[-107.56282,48.6226],[-107.56692,48.62267]]],[[[-107.56703,48.64437],[-107.56693,48.64793],[-107.5614,48.64793],[-107.5614,48.64069],[-107.56698,48.64069],[-107.56748,48.63704],[-107.57243,48.63704],[-107.57243,48.64437],[-107.56703,48.64437]]],[[[-105.40939,48.65023],[-105.42031,48.65023],[-105.42033,48.65725],[-105.40963,48.65725],[-105.40951,48.65725],[-105.40948,48.65701],[-105.40939,48.65023]]],[[[-105.40362,48.66483],[-105.40364,48.66117],[-105.39303,48.66117],[-105.39304,48.65726],[-105.40939,48.65725],[-105.40951,48.65725],[-105.4095,48.65747],[-105.40939,48.66483],[-105.40362,48.66483]]],[[[-107.6218,48.66237],[-107.62169,48.65526],[-107.63269,48.65526],[-107.63265,48.66237],[-107.63822,48.66237],[-107.63822,48.66606],[-107.63267,48.66606],[-107.63269,48.66963],[-107.62207,48.66973],[-107.6218,48.66972],[-107.6218,48.66829],[-107.6218,48.66606],[-107.62722,48.66606],[-107.62723,48.66237],[-107.6218,48.66237]]],[[[-107.35941,48.66996],[-107.35941,48.6627],[-107.3813,48.6627],[-107.38123,48.66996],[-107.35941,48.66996]]],[[[-104.70061,48.66454],[-104.70061,48.67184],[-104.69995,48.67184],[-104.68959,48.67184],[-104.68959,48.66454],[-104.70061,48.66454]]],[[[-105.42022,48.66483],[-105.43118,48.66486],[-105.43118,48.67192],[-105.42022,48.67213],[-105.42022,48.66483]]],[[[-107.58326,48.6769],[-107.58326,48.66956],[-107.57757,48.66955],[-107.57756,48.66237],[-107.58841,48.66238],[-107.5885,48.66782],[-107.58851,48.66961],[-107.59415,48.66958],[-107.59414,48.67691],[-107.58326,48.6769]]],[[[-107.61093,48.66972],[-107.61862,48.66972],[-107.6218,48.66972],[-107.6218,48.67081],[-107.6218,48.67697],[-107.61093,48.67697],[-107.61093,48.66972]]],[[[-107.60591,48.68798],[-107.6002,48.68782],[-107.60007,48.68416],[-107.6109,48.68413],[-107.61092,48.68513],[-107.61113,48.69521],[-107.60579,48.69525],[-107.60591,48.68798]]],[[[-107.35944,48.68457],[-107.35945,48.699],[-107.34873,48.699],[-107.3487,48.68459],[-107.35751,48.68457],[-107.35944,48.68457]]],[[[-107.58345,48.69512],[-107.56151,48.69512],[-107.56221,48.69159],[-107.56567,48.69146],[-107.58345,48.69148],[-107.58345,48.69512]]],[[[-107.65468,48.69861],[-107.63315,48.69856],[-107.62185,48.69861],[-107.62185,48.69122],[-107.65466,48.69122],[-107.65468,48.69861]]],[[[-104.63517,48.70089],[-104.63517,48.69337],[-104.64589,48.69338],[-104.64591,48.70086],[-104.63517,48.70089]]],[[[-105.45304,48.70831],[-105.45304,48.69383],[-105.45856,48.69382],[-105.45858,48.7083],[-105.45304,48.70831]]],[[[-104.66793,48.7046],[-104.66793,48.70093],[-104.67855,48.70093],[-104.67879,48.7046],[-104.66793,48.7046]]],[[[-107.64409,48.71314],[-107.62191,48.71312],[-107.62191,48.70585],[-107.64028,48.70585],[-107.64409,48.70585],[-107.64409,48.71314]]],[[[-104.64086,48.71192],[-104.64086,48.71525],[-104.63523,48.71525],[-104.63523,48.71162],[-104.64086,48.71162],[-104.64086,48.71192]]],[[[-104.68432,48.71537],[-104.67889,48.71537],[-104.67892,48.72232],[-104.66809,48.72214],[-104.66814,48.71666],[-104.66793,48.71163],[-104.67835,48.71164],[-104.67894,48.70828],[-104.68432,48.70828],[-104.68432,48.71537]]],[[[-107.57794,48.72033],[-107.57794,48.71303],[-107.58347,48.71303],[-107.58347,48.72033],[-107.57794,48.72033]]],[[[-107.2008,48.7274],[-107.20077,48.73108],[-107.19869,48.73108],[-107.19531,48.73108],[-107.19531,48.7274],[-107.2008,48.7274]]],[[[-105.45321,48.73002],[-105.4642,48.73002],[-105.4642,48.73645],[-105.4642,48.73732],[-105.46329,48.73732],[-105.45321,48.73734],[-105.45321,48.73002]]],[[[-105.47506,48.74098],[-105.46419,48.74092],[-105.4642,48.73732],[-105.46637,48.73732],[-105.47498,48.73733],[-105.47506,48.74098]]],[[[-105.44244,48.73723],[-105.44238,48.74456],[-105.43139,48.74456],[-105.43137,48.73691],[-105.43472,48.73708],[-105.44244,48.73723]]],[[[-105.42061,48.759],[-105.42061,48.75183],[-105.43157,48.75177],[-105.4315,48.759],[-105.42061,48.759]]],[[[-107.27169,48.75641],[-107.27169,48.76362],[-107.26089,48.76362],[-107.26089,48.75641],[-107.27043,48.75641],[-107.27169,48.75641]]],[[[-107.62737,48.77177],[-107.62738,48.7746],[-107.62217,48.77462],[-107.62201,48.771],[-107.62738,48.77095],[-107.62737,48.77177]]],[[[-104.65697,48.77674],[-104.6623,48.77674],[-104.66226,48.78053],[-104.64045,48.78052],[-104.64053,48.77322],[-104.65622,48.77321],[-104.65697,48.77674]]],[[[-107.65466,48.79286],[-107.65467,48.78549],[-107.66593,48.7855],[-107.66592,48.79288],[-107.65466,48.79286]]],[[[-105.46457,48.78798],[-105.46463,48.79517],[-105.45656,48.79526],[-105.4535,48.79528],[-105.4535,48.78798],[-105.46457,48.78798]]],[[[-107.63851,48.79051],[-107.6385,48.78912],[-107.64407,48.78912],[-107.644,48.79642],[-107.6495,48.79642],[-107.6495,48.79995],[-107.6385,48.79995],[-107.63851,48.79051]]],[[[-107.62208,48.79998],[-107.61092,48.79992],[-107.61086,48.79265],[-107.62203,48.79266],[-107.62208,48.79811],[-107.62208,48.79998]]],[[[-107.6924,48.81454],[-107.68793,48.81451],[-107.68793,48.81103],[-107.68241,48.81095],[-107.6824,48.80722],[-107.66049,48.80721],[-107.66049,48.80366],[-107.68784,48.80366],[-107.68784,48.80727],[-107.69337,48.80727],[-107.6924,48.81454]]],[[[-107.63302,48.81441],[-107.633,48.80722],[-107.64405,48.80722],[-107.64405,48.81441],[-107.63302,48.81441]]],[[[-107.61086,48.82177],[-107.61086,48.81444],[-107.62186,48.81442],[-107.62179,48.8215],[-107.62179,48.82176],[-107.62154,48.82176],[-107.61086,48.82177]]],[[[-107.62178,48.8225],[-107.62179,48.82176],[-107.62247,48.82177],[-107.62529,48.82182],[-107.63279,48.8217],[-107.63278,48.82886],[-107.62172,48.82886],[-107.62178,48.8225]]],[[[-105.27841,48.83855],[-105.29505,48.83857],[-105.29462,48.85292],[-105.28934,48.85298],[-105.28934,48.84582],[-105.27843,48.84582],[-105.27841,48.83855]]],[[[-104.96773,48.86733],[-104.96769,48.86365],[-104.96364,48.8637],[-104.96236,48.86481],[-104.9624,48.87456],[-104.95115,48.87457],[-104.95123,48.86001],[-104.97243,48.86004],[-104.97257,48.86739],[-104.96773,48.86733]]],[[[-104.66794,48.88172],[-104.66785,48.88518],[-104.66783,48.88908],[-104.65686,48.88908],[-104.65686,48.88172],[-104.66794,48.88172]]],[[[-104.71738,48.97126],[-104.71741,48.9758],[-104.70637,48.97597],[-104.70634,48.96863],[-104.71737,48.96866],[-104.71738,48.97126]]],[[[-104.53522,45.477],[-104.53522,45.47731],[-104.53522,45.48073],[-104.52997,45.48073],[-104.52997,45.477],[-104.53522,45.477]]],[[[-104.57133,45.477],[-104.58161,45.477],[-104.58161,45.48428],[-104.57121,45.48428],[-104.57133,45.477]]],[[[-104.51958,45.50631],[-104.52953,45.50608],[-104.52988,45.51324],[-104.51948,45.51324],[-104.51958,45.50631]]],[[[-104.5814,45.50611],[-104.58152,45.51333],[-104.57107,45.51333],[-104.57097,45.50611],[-104.57535,45.50607],[-104.5814,45.50611]]],[[[-104.54836,45.56617],[-104.5484,45.57272],[-104.53801,45.57288],[-104.538,45.56547],[-104.54837,45.56529],[-104.54836,45.56617]]],[[[-104.58949,45.57308],[-104.58952,45.58038],[-104.5791,45.58038],[-104.5791,45.57308],[-104.58735,45.57308],[-104.58949,45.57308]]],[[[-104.25745,48.08146],[-104.26329,48.08146],[-104.26329,48.08522],[-104.25745,48.08522],[-104.25745,48.08146]]],[[[-104.27929,48.09981],[-104.27378,48.09981],[-104.27377,48.0982],[-104.27377,48.08522],[-104.27929,48.08524],[-104.27929,48.09981]]],[[[-104.35222,48.10676],[-104.35222,48.09938],[-104.37387,48.09938],[-104.37387,48.10676],[-104.35222,48.10676]]],[[[-104.41665,48.11746],[-104.41664,48.12108],[-104.40659,48.12111],[-104.40663,48.11397],[-104.4166,48.11401],[-104.41665,48.11746]]],[[[-104.58196,48.12137],[-104.57335,48.12137],[-104.57348,48.12495],[-104.56758,48.12491],[-104.56755,48.11949],[-104.57144,48.11769],[-104.58393,48.11769],[-104.58393,48.12137],[-104.58196,48.12137]]],[[[-104.33633,48.15715],[-104.34727,48.15716],[-104.34732,48.1646],[-104.33639,48.1646],[-104.33633,48.15715]]],[[[-104.37416,48.17189],[-104.36855,48.17181],[-104.36851,48.15715],[-104.37401,48.15716],[-104.37416,48.15818],[-104.37416,48.17189]]],[[[-104.33115,48.16474],[-104.3316,48.17896],[-104.32173,48.17896],[-104.32101,48.17896],[-104.32101,48.18652],[-104.31599,48.18652],[-104.31599,48.16856],[-104.32167,48.16856],[-104.32629,48.16856],[-104.32629,48.16469],[-104.33115,48.16474]]],[[[-104.30015,48.18643],[-104.30015,48.17952],[-104.31109,48.1793],[-104.31109,48.18643],[-104.30015,48.18643]]],[[[-104.30015,48.18643],[-104.30015,48.19382],[-104.31084,48.19382],[-104.31084,48.20112],[-104.28947,48.20112],[-104.28947,48.18643],[-104.30015,48.18643]]],[[[-104.21971,48.20105],[-104.21971,48.19383],[-104.21417,48.19383],[-104.21417,48.19014],[-104.22512,48.19014],[-104.22512,48.18653],[-104.22878,48.18653],[-104.23054,48.18653],[-104.23054,48.20105],[-104.21971,48.20105]]],[[[-104.33548,48.29505],[-104.34643,48.29506],[-104.34647,48.30249],[-104.33549,48.30249],[-104.33548,48.29505]]],[[[-104.43307,48.32424],[-104.43306,48.33153],[-104.42216,48.33153],[-104.4216,48.33153],[-104.42173,48.32425],[-104.43307,48.32424]]],[[[-104.2273,48.35088],[-104.2273,48.34591],[-104.22938,48.3459],[-104.2377,48.3459],[-104.23757,48.35016],[-104.23779,48.36031],[-104.2273,48.36029],[-104.2273,48.35088]]],[[[-104.24905,48.36766],[-104.24903,48.36034],[-104.25951,48.36036],[-104.25957,48.36766],[-104.24905,48.36766]]],[[[-104.56264,48.38667],[-104.5804,48.38597],[-104.57884,48.38887],[-104.57904,48.38936],[-104.56228,48.38938],[-104.56233,48.38666],[-104.56264,48.38667]]],[[[-104.22778,48.4038],[-104.22672,48.4038],[-104.21656,48.40379],[-104.21655,48.39659],[-104.22791,48.39659],[-104.22778,48.4038]]],[[[-104.54122,48.41097],[-104.54123,48.40372],[-104.55222,48.40371],[-104.55219,48.41097],[-104.54122,48.41097]]],[[[-104.23765,48.44732],[-104.23765,48.46912],[-104.2275,48.46912],[-104.2275,48.45634],[-104.2275,48.44732],[-104.23765,48.44732]]],[[[-104.53046,48.46159],[-104.53054,48.46406],[-104.53045,48.46885],[-104.51955,48.46885],[-104.51954,48.46159],[-104.53046,48.46159]]],[[[-104.36293,48.47602],[-104.35736,48.47602],[-104.35736,48.46884],[-104.36268,48.46884],[-104.36268,48.46518],[-104.36741,48.46526],[-104.36754,48.47252],[-104.36289,48.47252],[-104.36293,48.47602]]],[[[-104.25933,48.46894],[-104.27034,48.46893],[-104.27034,48.47624],[-104.25934,48.47624],[-104.25933,48.46894]]],[[[-104.39352,48.47487],[-104.39706,48.47468],[-104.40004,48.47499],[-104.39948,48.47756],[-104.39454,48.47632],[-104.39358,48.47638],[-104.39352,48.47487]]],[[[-104.4854,48.47914],[-104.48191,48.47867],[-104.47816,48.47674],[-104.48322,48.47657],[-104.4849,48.47502],[-104.48782,48.47717],[-104.49038,48.47781],[-104.48888,48.47883],[-104.4854,48.47914]]],[[[-104.43721,48.47955],[-104.44414,48.48365],[-104.43343,48.48359],[-104.43343,48.4774],[-104.43661,48.47765],[-104.43721,48.47955]]],[[[-104.3927,48.49052],[-104.38875,48.49052],[-104.38875,48.49003],[-104.38875,48.48455],[-104.39621,48.48189],[-104.39892,48.47957],[-104.39815,48.48056],[-104.39938,48.48147],[-104.39944,48.49052],[-104.3927,48.49052]]],[[[-104.31307,48.48321],[-104.31387,48.48321],[-104.31388,48.48607],[-104.31387,48.49068],[-104.30309,48.49066],[-104.30309,48.48321],[-104.31307,48.48321]]],[[[-104.37863,48.4918],[-104.37855,48.49053],[-104.38799,48.49052],[-104.38875,48.49052],[-104.38875,48.49767],[-104.37801,48.49767],[-104.37801,48.49423],[-104.37287,48.49423],[-104.36318,48.49424],[-104.35698,48.49425],[-104.35695,48.49141],[-104.36513,48.49136],[-104.36906,48.49238],[-104.37863,48.4918]]],[[[-104.31426,48.49774],[-104.31392,48.49417],[-104.32485,48.49416],[-104.32463,48.48321],[-104.31505,48.48321],[-104.31387,48.48321],[-104.31387,48.48309],[-104.31387,48.4759],[-104.33551,48.47591],[-104.33552,48.48324],[-104.34653,48.48326],[-104.34652,48.49067],[-104.33015,48.4907],[-104.33015,48.49729],[-104.33594,48.49722],[-104.36745,48.49789],[-104.36745,48.50517],[-104.35751,48.50523],[-104.35752,48.5124],[-104.3467,48.51239],[-104.34652,48.50145],[-104.33551,48.50145],[-104.33552,48.5053],[-104.32483,48.50529],[-104.32485,48.49787],[-104.31426,48.49774]]],[[[-104.41037,48.49781],[-104.41037,48.49056],[-104.42137,48.49056],[-104.42137,48.49781],[-104.41037,48.49781]]],[[[-104.39942,48.50518],[-104.41065,48.50519],[-104.41062,48.51988],[-104.39943,48.51969],[-104.39942,48.50518]]],[[[-104.37816,48.5123],[-104.3884,48.51233],[-104.38835,48.51959],[-104.38515,48.51959],[-104.37816,48.51959],[-104.37816,48.5126],[-104.37816,48.5123]]],[[[-104.27034,48.51958],[-104.27034,48.52695],[-104.25949,48.52695],[-104.2595,48.52106],[-104.25949,48.51958],[-104.27034,48.51958]]],[[[-104.36754,48.51959],[-104.37098,48.51959],[-104.37816,48.51959],[-104.37816,48.52678],[-104.37816,48.52694],[-104.36754,48.52694],[-104.36754,48.51959]]],[[[-104.23703,48.53406],[-104.23707,48.54141],[-104.23297,48.54141],[-104.22714,48.54141],[-104.22714,48.53404],[-104.23703,48.53406]]],[[[-104.63514,48.67176],[-104.63308,48.67178],[-104.62387,48.67178],[-104.62386,48.6644],[-104.6351,48.66439],[-104.63514,48.67176]]],[[[-104.61316,48.6789],[-104.60913,48.67892],[-104.60215,48.6789],[-104.60215,48.67166],[-104.61316,48.67166],[-104.61316,48.6789]]],[[[-104.42814,48.67896],[-104.42817,48.68615],[-104.42263,48.68615],[-104.4227,48.67894],[-104.42306,48.67894],[-104.42814,48.67896]]],[[[-104.62638,48.6863],[-104.62638,48.70069],[-104.6131,48.70066],[-104.6131,48.69448],[-104.6131,48.68627],[-104.62638,48.6863]]],[[[-104.49319,48.70416],[-104.49318,48.69688],[-104.49877,48.69688],[-104.49878,48.70774],[-104.48803,48.70783],[-104.48793,48.70416],[-104.49319,48.70416]]],[[[-104.3082,48.72244],[-104.29711,48.72243],[-104.29708,48.71509],[-104.30809,48.71513],[-104.30816,48.72132],[-104.3082,48.72244]]],[[[-104.64636,48.72608],[-104.62414,48.72608],[-104.62414,48.72221],[-104.63487,48.72224],[-104.64628,48.72182],[-104.64636,48.72608]]],[[[-104.38439,48.72966],[-104.38437,48.7224],[-104.39524,48.72245],[-104.39524,48.72966],[-104.38439,48.72966]]],[[[-104.32939,48.72958],[-104.32941,48.73703],[-104.31856,48.73704],[-104.3186,48.72958],[-104.32541,48.72958],[-104.32939,48.72958]]],[[[-104.61307,48.78038],[-104.63485,48.78028],[-104.63502,48.78299],[-104.63503,48.78399],[-104.62961,48.78399],[-104.61311,48.78399],[-104.61307,48.78038]]],[[[-104.48234,48.79482],[-104.47138,48.79479],[-104.47136,48.78863],[-104.47321,48.78767],[-104.48236,48.78761],[-104.48234,48.79482]]],[[[-104.3406,48.85284],[-104.35157,48.85283],[-104.35156,48.85987],[-104.3406,48.8599],[-104.3406,48.85284]]],[[[-104.5635,48.97583],[-104.5635,48.97228],[-104.56903,48.97228],[-104.56903,48.97583],[-104.5635,48.97583]]],[[[-104.04679,48.07777],[-104.04679,48.06324],[-104.05239,48.06324],[-104.0523,48.07777],[-104.04679,48.07777]]],[[[-104.07386,48.09936],[-104.07374,48.10488],[-104.07376,48.10667],[-104.06302,48.10666],[-104.06309,48.09936],[-104.07386,48.09936]]],[[[-103.97102,48.11503],[-103.94932,48.11503],[-103.94925,48.11124],[-103.94919,48.10838],[-103.94955,48.10759],[-103.9601,48.11124],[-103.96193,48.11119],[-103.97116,48.11126],[-103.97092,48.11159],[-103.97102,48.11503]]],[[[-104.03648,48.13304],[-104.04516,48.13304],[-104.04519,48.13735],[-104.04522,48.14028],[-104.04522,48.14029],[-104.03647,48.14022],[-104.03649,48.13701],[-104.03648,48.13304]]],[[[-104.02528,48.14765],[-104.02532,48.14023],[-104.03647,48.14022],[-104.03646,48.14765],[-104.02528,48.14765]]],[[[-104.01402,48.20514],[-104.01394,48.19817],[-104.02553,48.19817],[-104.02561,48.20508],[-104.01402,48.20514]]],[[[-104.02549,48.2267],[-104.02553,48.23033],[-104.01438,48.23038],[-104.01431,48.22838],[-104.01426,48.22676],[-104.02549,48.2267]]],[[[-104.03614,48.25564],[-104.04595,48.25591],[-104.04604,48.25676],[-104.04606,48.26307],[-104.03622,48.26312],[-104.03629,48.27037],[-104.02581,48.27038],[-104.02579,48.27347],[-104.01432,48.27348],[-104.0143,48.2555],[-104.02581,48.25545],[-104.02557,48.23407],[-104.0359,48.23414],[-104.03614,48.25564]]],[[[-104.03599,48.28485],[-104.04614,48.28486],[-104.04618,48.29935],[-104.0259,48.29937],[-104.02584,48.29194],[-104.03616,48.29186],[-104.03599,48.28485]]],[[[-104.03644,48.32107],[-104.03602,48.31427],[-104.04623,48.31385],[-104.04626,48.32106],[-104.03644,48.32107]]],[[[-104.0755,48.33867],[-104.07554,48.33138],[-104.08616,48.33137],[-104.08614,48.3387],[-104.0755,48.33867]]],[[[-104.16222,48.33849],[-104.16222,48.34588],[-104.16116,48.34586],[-104.15132,48.34586],[-104.15132,48.33849],[-104.16222,48.33849]]],[[[-104.2273,48.33855],[-104.2273,48.34079],[-104.2273,48.34591],[-104.22513,48.34591],[-104.21645,48.34593],[-104.21646,48.33856],[-104.2273,48.33855]]],[[[-104.01416,48.34277],[-104.02619,48.34295],[-104.03692,48.34285],[-104.03701,48.35015],[-104.03711,48.35839],[-104.01537,48.35851],[-104.01527,48.35719],[-104.01416,48.34277]]],[[[-104.09698,48.35305],[-104.09697,48.36037],[-104.08613,48.36039],[-104.07511,48.36037],[-104.07511,48.35317],[-104.09698,48.35305]]],[[[-104.20575,48.36044],[-104.20569,48.36759],[-104.19469,48.3676],[-104.18397,48.36762],[-104.18395,48.36038],[-104.20575,48.36044]]],[[[-104.10238,48.37486],[-104.10238,48.3785],[-104.0969,48.3785],[-104.0969,48.37528],[-104.0969,48.37486],[-104.10238,48.37486]]],[[[-104.1514,48.36761],[-104.17313,48.36752],[-104.17308,48.37531],[-104.16225,48.37526],[-104.16225,48.38212],[-104.17309,48.38204],[-104.17308,48.38937],[-104.15135,48.38936],[-104.15135,48.38199],[-104.1295,48.38202],[-104.1295,48.3751],[-104.15135,48.37521],[-104.1514,48.36761]]],[[[-104.18382,48.38938],[-104.18382,48.37734],[-104.18429,48.37531],[-104.20551,48.37503],[-104.20551,48.38196],[-104.19467,48.38196],[-104.19471,48.38938],[-104.18382,48.38938]]],[[[-104.05355,48.38572],[-104.05552,48.38579],[-104.05552,48.38186],[-104.06436,48.38185],[-104.06435,48.38929],[-104.04691,48.3893],[-104.04688,48.38767],[-104.03722,48.38768],[-104.03723,48.3806],[-104.04675,48.38044],[-104.04676,48.38082],[-104.04698,48.38205],[-104.05351,48.38215],[-104.05355,48.38572]]],[[[-104.00417,48.40213],[-104.00407,48.39477],[-104.01565,48.39473],[-104.01561,48.40213],[-104.00417,48.40213]]],[[[-103.99388,48.39493],[-103.99381,48.39838],[-103.99382,48.40211],[-103.98306,48.40209],[-103.98294,48.39491],[-103.99388,48.39493]]],[[[-104.16207,48.39659],[-104.17295,48.39659],[-104.17295,48.40407],[-104.16207,48.40407],[-104.16207,48.39659]]],[[[-104.19501,48.40386],[-104.2056,48.40386],[-104.2056,48.41107],[-104.19495,48.41107],[-104.19501,48.40386]]],[[[-104.03777,48.42392],[-104.03774,48.43142],[-104.0155,48.43141],[-104.0155,48.43119],[-104.01553,48.42396],[-104.03777,48.42392]]],[[[-104.21656,48.43258],[-104.21655,48.42553],[-104.22745,48.42552],[-104.22752,48.43273],[-104.21656,48.43258]]],[[[-104.14041,48.43272],[-104.14041,48.43587],[-104.14041,48.43641],[-104.13481,48.43641],[-104.13481,48.43272],[-104.14041,48.43272]]],[[[-104.16765,48.43641],[-104.16215,48.4364],[-104.16208,48.43281],[-104.17307,48.43302],[-104.17306,48.43663],[-104.17306,48.44372],[-104.16777,48.44371],[-104.16765,48.43641]]],[[[-104.18391,48.46205],[-104.19482,48.46175],[-104.19485,48.46901],[-104.18389,48.46903],[-104.18391,48.46205]]],[[[-104.14032,48.47616],[-104.14041,48.46888],[-104.15139,48.46888],[-104.15139,48.47617],[-104.14032,48.47616]]],[[[-104.10773,48.46894],[-104.1078,48.47612],[-104.09684,48.47612],[-104.09684,48.46895],[-104.09804,48.46895],[-104.10773,48.46894]]],[[[-104.2056,48.46912],[-104.22181,48.46912],[-104.2275,48.46912],[-104.2275,48.47054],[-104.2275,48.4762],[-104.20564,48.47623],[-104.2056,48.46912]]],[[[-104.16213,48.47637],[-104.17311,48.47625],[-104.17313,48.48355],[-104.16218,48.48353],[-104.16213,48.47637]]],[[[-104.06977,48.51945],[-104.06432,48.51948],[-104.06432,48.51594],[-104.06811,48.51595],[-104.0698,48.51595],[-104.06977,48.51945]]],[[[-104.08611,48.51952],[-104.08611,48.51234],[-104.10805,48.51234],[-104.10781,48.52672],[-104.09691,48.52673],[-104.09689,48.51951],[-104.08611,48.51952]]],[[[-104.0261,48.52501],[-104.02611,48.52038],[-104.02611,48.51785],[-104.02656,48.5179],[-104.03718,48.51793],[-104.03719,48.52485],[-104.03492,48.52486],[-104.0261,48.52501]]],[[[-104.195,48.53418],[-104.19494,48.52693],[-104.20605,48.52686],[-104.20598,48.51965],[-104.21679,48.51971],[-104.21685,48.53422],[-104.20997,48.53424],[-104.195,48.53418]]],[[[-104.0261,48.52501],[-104.02633,48.52545],[-104.02625,48.53208],[-104.00756,48.53192],[-104.00792,48.52518],[-104.00583,48.52516],[-104.0261,48.52501]]],[[[-103.97189,48.53197],[-103.97183,48.52494],[-103.97792,48.52514],[-103.98244,48.52573],[-103.98262,48.53207],[-103.97922,48.53222],[-103.97188,48.53219],[-103.97189,48.53197]]],[[[-103.96352,48.53221],[-103.96358,48.53217],[-103.97188,48.53219],[-103.97168,48.539],[-103.96043,48.53903],[-103.96047,48.53237],[-103.96352,48.53221]]],[[[-103.99357,48.53965],[-103.9937,48.53212],[-104.00443,48.53214],[-104.00441,48.53961],[-103.99357,48.53965]]],[[[-104.04779,48.54709],[-104.01542,48.54688],[-104.0153,48.53892],[-104.02658,48.53906],[-104.02625,48.53208],[-104.03719,48.53246],[-104.0372,48.53966],[-104.04778,48.53961],[-104.04778,48.53974],[-104.04779,48.54709]]],[[[-104.21694,48.54861],[-104.20586,48.54862],[-104.20587,48.54613],[-104.20586,48.54142],[-104.21685,48.54141],[-104.21694,48.54861]]],[[[-104.18421,48.54864],[-104.18006,48.54863],[-104.17332,48.54861],[-104.17341,48.54141],[-104.18424,48.54144],[-104.18421,48.54864]]],[[[-104.17329,48.56305],[-104.17333,48.55583],[-104.19491,48.55582],[-104.19478,48.56304],[-104.17329,48.56305]]],[[[-104.22766,48.55588],[-104.22765,48.56298],[-104.22334,48.56296],[-104.21657,48.56301],[-104.21658,48.55589],[-104.22766,48.55588]]],[[[-104.00449,48.56133],[-104.00449,48.56854],[-103.99372,48.56862],[-103.99353,48.56132],[-104.00164,48.56133],[-104.00449,48.56133]]],[[[-104.13346,48.5629],[-104.14432,48.5629],[-104.14432,48.5703],[-104.14085,48.57031],[-104.13356,48.57032],[-104.13346,48.56303],[-104.13346,48.5629]]],[[[-104.12252,48.57762],[-104.12213,48.58484],[-104.11175,48.58484],[-104.11153,48.57923],[-104.11199,48.56315],[-104.12316,48.56322],[-104.12299,48.57029],[-104.13356,48.57032],[-104.13358,48.57766],[-104.12252,48.57762]]],[[[-104.12233,48.58644],[-104.12217,48.58516],[-104.12213,48.58484],[-104.1222,48.58484],[-104.13373,48.58494],[-104.13363,48.59202],[-104.12225,48.59203],[-104.12233,48.58644]]],[[[-104.04797,48.59161],[-104.04817,48.59761],[-104.03814,48.5976],[-104.03821,48.58306],[-104.04793,48.5831],[-104.04797,48.59161]]],[[[-103.96048,48.60507],[-103.96052,48.59745],[-103.97179,48.59747],[-103.97173,48.60513],[-103.96048,48.60507]]],[[[-104.03722,48.67031],[-104.04792,48.67013],[-104.04795,48.67714],[-104.03726,48.67716],[-104.03722,48.67031]]],[[[-103.97998,48.73504],[-103.96837,48.73502],[-103.96837,48.72804],[-103.96969,48.72796],[-103.97999,48.72802],[-103.97998,48.73504]]],[[[-102.80506,45.15058],[-102.80514,45.15089],[-102.79476,45.15093],[-102.79476,45.14367],[-102.80503,45.14363],[-102.80506,45.15058]]],[[[-102.11955,45.37835],[-102.12856,45.37832],[-102.14041,45.37833],[-102.14041,45.37473],[-102.15074,45.37472],[-102.15075,45.38258],[-102.11956,45.38261],[-102.11955,45.37835]]],[[[-101.08332,47.68505],[-101.08324,47.67793],[-101.08906,47.6779],[-101.08922,47.68883],[-101.07887,47.6888],[-101.07886,47.68507],[-101.08332,47.68505]]],[[[-101.33038,47.703],[-101.31919,47.70306],[-101.31909,47.6958],[-101.33028,47.69574],[-101.3303,47.69684],[-101.33038,47.703]]],[[[-101.35713,47.71767],[-101.36795,47.71761],[-101.36769,47.73198],[-101.35705,47.73204],[-101.35713,47.71767]]],[[[-101.37877,47.81196],[-101.37875,47.80489],[-101.3892,47.80479],[-101.38929,47.8119],[-101.37877,47.81196]]],[[[-103.94733,47.98908],[-103.94735,47.99674],[-103.9368,47.99667],[-103.93678,47.99486],[-103.93684,47.98913],[-103.94733,47.98908]]],[[[-103.86302,48.05728],[-103.86005,48.05725],[-103.85866,48.05727],[-103.85707,48.05365],[-103.8521,48.05367],[-103.85217,48.04979],[-103.86302,48.04981],[-103.863,48.05608],[-103.86302,48.05728]]],[[[-103.93785,48.0608],[-103.9331,48.06085],[-103.92684,48.06092],[-103.92685,48.05355],[-103.93785,48.05354],[-103.93785,48.0608]]],[[[-103.93329,48.11089],[-103.9392,48.1108],[-103.93926,48.11853],[-103.92791,48.11853],[-103.92791,48.11117],[-103.93296,48.11114],[-103.93329,48.11089]]],[[[-103.90646,48.11841],[-103.90646,48.11122],[-103.91688,48.11115],[-103.91691,48.11841],[-103.90646,48.11841]]],[[[-103.84154,48.14029],[-103.84171,48.13289],[-103.85215,48.13289],[-103.85215,48.1403],[-103.84154,48.14029]]],[[[-103.44214,48.1689],[-103.4422,48.17627],[-103.43138,48.1763],[-103.43132,48.16894],[-103.43772,48.16892],[-103.44214,48.1689]]],[[[-100.61537,48.23223],[-100.62623,48.23225],[-100.62624,48.23972],[-100.61537,48.23968],[-100.61537,48.23223]]],[[[-102.13836,48.2916],[-102.1496,48.29156],[-102.14966,48.29884],[-102.13838,48.2989],[-102.13836,48.2916]]],[[[-102.19207,48.29834],[-102.19241,48.31269],[-102.18107,48.3128],[-102.18097,48.31238],[-102.18126,48.2985],[-102.19207,48.29834]]],[[[-102.12506,48.40872],[-102.12516,48.40174],[-102.14684,48.40172],[-102.14685,48.4087],[-102.12506,48.40872]]],[[[-102.32057,48.40869],[-102.32047,48.41586],[-102.30994,48.41586],[-102.30986,48.40875],[-102.31984,48.4087],[-102.32057,48.40869]]],[[[-102.1585,48.42392],[-102.15613,48.4239],[-102.14676,48.42384],[-102.14688,48.41601],[-102.1586,48.41609],[-102.1585,48.42392]]],[[[-103.92825,48.48158],[-103.93918,48.48161],[-103.93917,48.48887],[-103.92821,48.48886],[-103.92825,48.48158]]],[[[-102.73434,48.67687],[-102.73408,48.68439],[-102.72514,48.68438],[-102.71238,48.68438],[-102.71244,48.67686],[-102.73434,48.67687]]],[[[-99.92812,48.71868],[-99.92811,48.71472],[-99.9396,48.71481],[-99.93965,48.7187],[-99.92812,48.71868]]],[[[-99.8763,48.72621],[-99.87632,48.72665],[-99.876,48.73356],[-99.86457,48.73352],[-99.86465,48.7261],[-99.8763,48.72621]]],[[[-99.66072,48.74013],[-99.65728,48.74033],[-99.6573,48.73299],[-99.67925,48.73297],[-99.67927,48.7363],[-99.66955,48.73667],[-99.66957,48.74017],[-99.66072,48.74013]]],[[[-99.83253,48.73589],[-99.83253,48.74068],[-99.82135,48.74064],[-99.8214,48.73349],[-99.83253,48.73353],[-99.83253,48.73589]]],[[[-99.70113,48.74401],[-99.70111,48.74036],[-99.71231,48.74043],[-99.71228,48.74405],[-99.70113,48.74401]]],[[[-99.81058,48.74053],[-99.81049,48.74755],[-99.7998,48.74756],[-99.79951,48.74768],[-99.79914,48.74043],[-99.81058,48.74053]]],[[[-103.9471,48.75697],[-103.94708,48.7497],[-103.95833,48.74957],[-103.95795,48.75697],[-103.9471,48.75697]]],[[[-99.81051,48.76476],[-99.82095,48.7646],[-99.82136,48.76924],[-99.81061,48.76917],[-99.81051,48.76476]]],[[[-99.85438,48.77658],[-99.84457,48.77659],[-99.84414,48.77659],[-99.84414,48.76923],[-99.8544,48.76933],[-99.85438,48.77658]]],[[[-99.8214,48.78393],[-99.82143,48.77652],[-99.8256,48.77654],[-99.82551,48.78391],[-99.8214,48.78393]]],[[[-99.84335,48.79115],[-99.84347,48.78863],[-99.85436,48.78877],[-99.85435,48.79108],[-99.84335,48.79115]]],[[[-99.99719,48.80561],[-99.99716,48.81309],[-99.98595,48.81306],[-99.98595,48.81239],[-99.98594,48.80574],[-99.99719,48.80561]]],[[[-100.02423,48.81318],[-100.02419,48.82027],[-100.00766,48.82025],[-100.00787,48.81298],[-100.01252,48.813],[-100.01252,48.80568],[-100.04065,48.80579],[-100.04069,48.808],[-100.04069,48.8133],[-100.02423,48.81318]]],[[[-99.97481,48.81302],[-99.98595,48.81306],[-99.98593,48.82027],[-99.97488,48.82027],[-99.97481,48.81302]]],[[[-100.0351,48.82402],[-100.0349,48.82026],[-100.04596,48.82026],[-100.04585,48.82158],[-100.04191,48.82183],[-100.04186,48.82403],[-100.0351,48.82402]]],[[[-98.08073,48.83351],[-98.08074,48.83698],[-98.08073,48.83749],[-98.07025,48.83747],[-98.07039,48.83348],[-98.08073,48.83351]]],[[[-100.08497,48.83467],[-100.08583,48.83466],[-100.09548,48.83467],[-100.0953,48.83989],[-100.09525,48.84204],[-100.08488,48.84204],[-100.08497,48.83467]]],[[[-103.83778,48.8368],[-103.84802,48.83693],[-103.84807,48.8438],[-103.83775,48.84379],[-103.83778,48.8368]]],[[[-100.07182,48.84225],[-100.08488,48.84204],[-100.08478,48.84907],[-100.07339,48.84907],[-100.0733,48.84641],[-100.0719,48.8441],[-100.07182,48.84225]]],[[[-100.08495,48.85285],[-100.08478,48.84907],[-100.08998,48.84905],[-100.08998,48.85278],[-100.08495,48.85285]]],[[[-100.06795,48.85636],[-100.05148,48.85629],[-100.05156,48.87786],[-100.05227,48.88604],[-100.05207,48.88823],[-100.06268,48.88827],[-100.06266,48.89039],[-100.0601,48.88938],[-100.05726,48.89025],[-100.05539,48.88995],[-100.05237,48.89077],[-100.05193,48.89233],[-100.05067,48.89238],[-100.05108,48.89499],[-100.05134,48.90392],[-100.05161,48.90703],[-100.04562,48.90717],[-100.04064,48.90703],[-100.04069,48.90302],[-100.02931,48.90316],[-100.02974,48.90201],[-100.02963,48.89243],[-100.04003,48.89235],[-100.04001,48.88786],[-100.0178,48.8879],[-100.01798,48.89229],[-100.00731,48.89222],[-100.0074,48.87794],[-99.99704,48.87796],[-99.99702,48.87058],[-100.01313,48.8703],[-100.01331,48.87794],[-100.01877,48.87793],[-100.01866,48.86706],[-100.00822,48.86712],[-100.00806,48.85999],[-100.0188,48.85994],[-100.01878,48.85257],[-100.00794,48.85267],[-100.00782,48.84924],[-100.0076,48.84924],[-99.99671,48.84924],[-99.99664,48.87088],[-99.98783,48.87084],[-99.98783,48.86635],[-99.98599,48.86631],[-99.98624,48.87066],[-99.98124,48.87065],[-99.98125,48.87797],[-99.99683,48.87796],[-99.99708,48.88463],[-100.0038,48.8847],[-100.00381,48.89225],[-99.987,48.89203],[-99.98691,48.89224],[-99.98559,48.8922],[-99.9857,48.88527],[-99.97541,48.88531],[-99.97535,48.89218],[-99.96342,48.89208],[-99.95247,48.89254],[-99.95242,48.89918],[-99.94695,48.8993],[-99.9438,48.90338],[-99.94192,48.90357],[-99.94184,48.89237],[-99.92942,48.89217],[-99.9249,48.89241],[-99.92488,48.88544],[-99.91991,48.88541],[-99.91993,48.89241],[-99.91474,48.89242],[-99.91512,48.89692],[-99.92052,48.8969],[-99.92047,48.90015],[-99.91975,48.90733],[-99.92015,48.91092],[-99.92081,48.91325],[-99.91599,48.91324],[-99.91598,48.90965],[-99.91029,48.90984],[-99.90986,48.91764],[-99.9133,48.91801],[-99.91596,48.91887],[-99.91801,48.91682],[-99.92024,48.91645],[-99.92026,48.9294],[-99.91657,48.92989],[-99.9144,48.93459],[-99.91349,48.93522],[-99.91647,48.93573],[-99.92067,48.93553],[-99.92088,48.93868],[-99.93226,48.93885],[-99.93193,48.94187],[-99.92107,48.94211],[-99.92044,48.94877],[-99.92052,48.95747],[-99.89851,48.95767],[-99.89856,48.95472],[-99.90134,48.95461],[-99.90518,48.95318],[-99.90732,48.95154],[-99.90689,48.95015],[-99.90528,48.95002],[-99.87652,48.95047],[-99.87637,48.93558],[-99.88666,48.93568],[-99.88687,48.92818],[-99.87627,48.92828],[-99.87616,48.93557],[-99.86527,48.93555],[-99.8656,48.93385],[-99.86507,48.93023],[-99.86559,48.92128],[-99.86292,48.92117],[-99.86265,48.92381],[-99.85822,48.92396],[-99.86117,48.92122],[-99.85703,48.92072],[-99.85461,48.9177],[-99.8507,48.91853],[-99.84959,48.91805],[-99.84814,48.9205],[-99.84491,48.92191],[-99.84259,48.92376],[-99.84523,48.9244],[-99.84783,48.92401],[-99.8515,48.9257],[-99.85029,48.92803],[-99.83348,48.92856],[-99.83326,48.9357],[-99.83655,48.93587],[-99.85437,48.9356],[-99.85481,48.96311],[-99.84933,48.96314],[-99.84912,48.95103],[-99.84344,48.95109],[-99.84309,48.94371],[-99.83509,48.94398],[-99.83494,48.94913],[-99.83363,48.95034],[-99.8257,48.95003],[-99.81365,48.94989],[-99.81091,48.9504],[-99.79752,48.95003],[-99.78356,48.95029],[-99.7838,48.94609],[-99.77785,48.94606],[-99.77772,48.94296],[-99.76706,48.943],[-99.76711,48.9209],[-99.74502,48.92131],[-99.74505,48.91378],[-99.75406,48.91354],[-99.75599,48.9137],[-99.75593,48.90581],[-99.74481,48.90572],[-99.74488,48.90985],[-99.74369,48.90934],[-99.74313,48.90666],[-99.74223,48.90598],[-99.73377,48.90589],[-99.73366,48.91383],[-99.72356,48.91374],[-99.72309,48.91432],[-99.72302,48.92013],[-99.72567,48.91839],[-99.72968,48.91955],[-99.72984,48.92086],[-99.73406,48.92082],[-99.73411,48.92814],[-99.74471,48.9282],[-99.74499,48.93557],[-99.73398,48.93565],[-99.73401,48.92825],[-99.72302,48.92846],[-99.72301,48.9319],[-99.70623,48.93187],[-99.70622,48.9284],[-99.70118,48.92837],[-99.70143,48.92087],[-99.71212,48.92091],[-99.71217,48.91382],[-99.6904,48.91367],[-99.69028,48.91025],[-99.68786,48.91035],[-99.6632,48.91015],[-99.66292,48.91356],[-99.65702,48.91351],[-99.65704,48.90673],[-99.679,48.90676],[-99.67901,48.89931],[-99.69066,48.89931],[-99.69075,48.89224],[-99.67974,48.89229],[-99.67972,48.89639],[-99.66807,48.89632],[-99.66807,48.89402],[-99.67369,48.89402],[-99.67371,48.89228],[-99.65927,48.89226],[-99.65791,48.89225],[-99.65706,48.89224],[-99.65713,48.84881],[-99.65734,48.81237],[-99.65781,48.80999],[-99.65737,48.80808],[-99.65754,48.8054],[-99.70626,48.80532],[-99.74496,48.80549],[-99.75597,48.8054],[-99.75577,48.79809],[-99.76699,48.79796],[-99.76677,48.80463],[-99.76695,48.80543],[-99.78156,48.80536],[-99.78846,48.80549],[-99.80423,48.80563],[-99.81046,48.8055],[-99.83234,48.80555],[-99.83233,48.79842],[-99.82178,48.79789],[-99.82177,48.79115],[-99.83773,48.79141],[-99.83799,48.80556],[-99.85317,48.8056],[-99.85427,48.80558],[-99.85918,48.8056],[-99.85967,48.80405],[-99.85941,48.79109],[-99.8763,48.79107],[-99.87628,48.79897],[-99.86986,48.7989],[-99.86554,48.79893],[-99.86569,48.80561],[-99.87051,48.80562],[-99.87632,48.80563],[-99.92006,48.8057],[-99.92001,48.83463],[-99.95181,48.83486],[-99.95201,48.82023],[-99.95288,48.81346],[-99.94211,48.81341],[-99.94203,48.80573],[-99.94881,48.80557],[-99.9532,48.80584],[-99.95348,48.80317],[-99.9532,48.79816],[-99.96402,48.79814],[-99.96392,48.82024],[-99.95824,48.82024],[-99.95829,48.82343],[-99.96943,48.82355],[-99.96956,48.8271],[-99.97484,48.82701],[-99.97501,48.8236],[-99.98599,48.82353],[-99.98593,48.82027],[-100.00267,48.82025],[-100.00251,48.8272],[-100.00767,48.82719],[-100.00754,48.83074],[-100.00241,48.83079],[-100.00247,48.83447],[-100.01865,48.83447],[-100.01948,48.82765],[-100.02989,48.82763],[-100.02983,48.84239],[-100.0515,48.84204],[-100.0515,48.84186],[-100.05159,48.83653],[-100.05208,48.83467],[-100.06246,48.83482],[-100.06244,48.82757],[-100.0732,48.82762],[-100.07322,48.83824],[-100.06258,48.83824],[-100.06239,48.84186],[-100.06242,48.84541],[-100.06791,48.8454],[-100.06791,48.84721],[-100.06531,48.84725],[-100.0654,48.8491],[-100.06793,48.84909],[-100.06795,48.85636]],[[-99.97504,48.87798],[-99.97509,48.86014],[-99.98595,48.86014],[-99.98587,48.84925],[-99.98047,48.84925],[-99.98053,48.84962],[-99.98057,48.85643],[-99.97442,48.85643],[-99.97436,48.84925],[-99.97439,48.84191],[-99.95779,48.84193],[-99.95753,48.84924],[-99.94187,48.84922],[-99.94182,48.85656],[-99.95859,48.85664],[-99.95878,48.85992],[-99.96946,48.85956],[-99.96952,48.86326],[-99.94184,48.86339],[-99.94186,48.87139],[-99.96322,48.87109],[-99.96315,48.87787],[-99.96322,48.88527],[-99.97541,48.88531],[-99.97504,48.87798]],[[-99.95181,48.83531],[-99.95177,48.83856],[-99.96943,48.8386],[-99.97012,48.83044],[-99.96465,48.83041],[-99.9583,48.83069],[-99.95828,48.83479],[-99.95284,48.83487],[-99.95181,48.83486],[-99.95181,48.83531]],[[-99.99688,48.83431],[-99.99688,48.83794],[-100.00263,48.83794],[-100.00247,48.83447],[-99.99688,48.83431]],[[-100.04068,48.85641],[-100.04063,48.85287],[-100.02974,48.85296],[-100.02973,48.85376],[-100.02969,48.85643],[-100.04068,48.85641]],[[-99.98063,48.83073],[-99.98051,48.82759],[-99.98059,48.827],[-99.97502,48.82701],[-99.97485,48.83091],[-99.98063,48.83073]],[[-99.91993,48.86366],[-99.9199,48.8783],[-99.93113,48.87846],[-99.93033,48.86353],[-99.91993,48.86366]],[[-99.88711,48.89241],[-99.88728,48.89659],[-99.90923,48.89659],[-99.90938,48.89243],[-99.88711,48.89241]],[[-99.89825,48.9285],[-99.89808,48.93272],[-99.89881,48.94936],[-99.9007,48.94509],[-99.90363,48.94488],[-99.90639,48.9425],[-99.90894,48.94254],[-99.9092,48.92831],[-99.89825,48.9285]],[[-99.85012,48.89232],[-99.84868,48.89225],[-99.844,48.8922],[-99.84378,48.89838],[-99.84348,48.89902],[-99.85294,48.8991],[-99.85291,48.89522],[-99.85374,48.89232],[-99.85012,48.89232]],[[-99.81803,48.92122],[-99.81087,48.92098],[-99.81047,48.92511],[-99.81764,48.92508],[-99.81735,48.9293],[-99.8178,48.93227],[-99.82197,48.93228],[-99.82217,48.92919],[-99.82758,48.92869],[-99.82767,48.92147],[-99.82428,48.92112],[-99.82404,48.92016],[-99.82574,48.9184],[-99.82363,48.91472],[-99.82182,48.91527],[-99.82335,48.91666],[-99.82274,48.91741],[-99.81815,48.91743],[-99.81803,48.92122]],[[-99.80553,48.94136],[-99.80667,48.94011],[-99.81073,48.94186],[-99.81059,48.94349],[-99.8125,48.94474],[-99.81448,48.9425],[-99.81288,48.93997],[-99.81061,48.93899],[-99.82257,48.93861],[-99.82265,48.93569],[-99.81062,48.93569],[-99.81057,48.93067],[-99.79438,48.93096],[-99.79308,48.92388],[-99.78892,48.92389],[-99.7886,48.94281],[-99.80055,48.94288],[-99.80105,48.9415],[-99.80553,48.94136]],[[-99.81025,48.91422],[-99.82132,48.9141],[-99.82107,48.9067],[-99.8106,48.90663],[-99.81042,48.90515],[-99.81028,48.8922],[-99.78883,48.89212],[-99.7884,48.90641],[-99.79938,48.90643],[-99.79942,48.91005],[-99.81025,48.90999],[-99.81025,48.91422]],[[-99.80494,48.92202],[-99.80496,48.92166],[-99.7996,48.92163],[-99.79964,48.92441],[-99.80482,48.9243],[-99.80494,48.92202]],[[-99.79352,48.91629],[-99.79111,48.91654],[-99.78865,48.91769],[-99.78861,48.91892],[-99.78854,48.92157],[-99.79428,48.9216],[-99.79464,48.9188],[-99.79466,48.91686],[-99.79352,48.91629]],[[-99.72296,48.89214],[-99.72304,48.89932],[-99.7338,48.89936],[-99.73382,48.89211],[-99.72296,48.89214]],[[-99.69066,48.89947],[-99.69056,48.90662],[-99.70115,48.90657],[-99.701,48.89962],[-99.69066,48.89947]]],[[[-98.06437,48.89134],[-98.06488,48.88767],[-98.07014,48.88766],[-98.07016,48.89531],[-98.05932,48.89542],[-98.05932,48.89134],[-98.06437,48.89134]]],[[[-99.67933,48.93561],[-99.66855,48.93561],[-99.66884,48.92844],[-99.67922,48.92842],[-99.67972,48.92842],[-99.67933,48.93561]]],[[[-99.71306,48.93575],[-99.72277,48.93561],[-99.72302,48.9416],[-99.72264,48.94226],[-99.72099,48.94292],[-99.71725,48.94293],[-99.71727,48.93929],[-99.71178,48.93927],[-99.71018,48.93836],[-99.71018,48.93698],[-99.70743,48.93698],[-99.70744,48.93561],[-99.71306,48.93575]]],[[[-99.74499,48.93557],[-99.74546,48.93557],[-99.75594,48.93558],[-99.75594,48.94327],[-99.74499,48.94332],[-99.745,48.94009],[-99.74499,48.93557]]],[[[-99.71026,48.94319],[-99.7099,48.94335],[-99.70888,48.9423],[-99.71004,48.94181],[-99.71099,48.94288],[-99.71026,48.94319]]],[[[-99.72301,48.96462],[-99.7113,48.96445],[-99.71139,48.95731],[-99.71551,48.95732],[-99.72295,48.9574],[-99.72301,48.96462]]],[[[-99.82122,48.98611],[-99.82116,48.99021],[-99.81447,48.99016],[-99.81059,48.99013],[-99.81057,48.98604],[-99.82122,48.98611]]],[[[-99.72296,48.99402],[-99.71099,48.99398],[-99.71109,48.98626],[-99.72206,48.98625],[-99.72296,48.98625],[-99.72296,48.99402]]],[[[-99.83312,48.99921],[-99.82146,48.99921],[-99.82146,48.99338],[-99.83244,48.99342],[-99.83301,48.99453],[-99.83312,48.99921]]]]}},{"type":"Feature","properties":{"name":"Wildrose Public Transportation","boundary_type":"counties","source":"Census TIGER county","fidelity":"exact","updated":"2026-09","units":"Divide County; Williams County","note":"Service covers Divide and Williams counties in NW ND (Wildrose, Tioga, Ray, McGregor, Williston area); longer routes extend to Minot and Bismarck.","confidence":0.75},"geometry":{"type":"Polygon","coordinates":[[[-104.04788,48.62101],[-104.04759,48.62564],[-104.04762,48.62702],[-104.04758,48.63391],[-104.04758,48.63398],[-104.04759,48.63436],[-104.04782,48.64863],[-104.04789,48.64991],[-104.04786,48.65745],[-104.04786,48.65886],[-104.04785,48.66316],[-104.04788,48.66419],[-104.04792,48.67013],[-104.04795,48.67714],[-104.0482,48.72099],[-104.04834,48.74713],[-104.04855,48.75136],[-104.04823,48.76564],[-104.04854,48.78855],[-104.04857,48.79705],[-104.04864,48.80767],[-104.0489,48.84739],[-104.04868,48.86378],[-104.04865,48.86573],[-104.04882,48.86754],[-104.04888,48.87401],[-104.04889,48.87574],[-104.04879,48.87831],[-104.04872,48.87992],[-104.04867,48.89478],[-104.04864,48.90261],[-104.04875,48.90686],[-104.04874,48.91211],[-104.04881,48.93364],[-104.0487,48.94033],[-104.04877,48.9433],[-104.04887,48.94963],[-104.0487,48.95182],[-104.04863,48.95712],[-104.0488,48.959],[-104.04855,48.96377],[-104.04862,48.96674],[-104.04848,48.98701],[-104.04874,48.99988],[-103.99247,48.99957],[-103.98892,48.99958],[-103.98379,48.9996],[-103.98236,48.99961],[-103.98087,48.99958],[-103.97646,48.99961],[-103.96948,48.99952],[-103.96861,48.99952],[-103.92326,48.99956],[-103.92198,48.99955],[-103.91892,48.99955],[-103.91743,48.99959],[-103.8769,48.99954],[-103.86534,48.99959],[-103.86274,48.99964],[-103.85924,48.99961],[-103.85836,48.99961],[-103.85607,48.99957],[-103.85229,48.99956],[-103.72748,48.9994],[-103.59666,48.99923],[-103.46487,48.99907],[-103.37547,48.99895],[-103.35549,48.99958],[-103.33353,48.99958],[-103.20191,48.99954],[-103.07018,48.9995],[-102.93896,48.99946],[-102.93948,48.91416],[-102.93921,48.91291],[-102.93935,48.89539],[-102.93959,48.89475],[-102.93959,48.89452],[-102.93946,48.80744],[-102.93956,48.77837],[-102.93976,48.75051],[-102.93989,48.74832],[-102.93993,48.72047],[-102.88569,48.72049],[-102.88556,48.69124],[-102.8858,48.67672],[-102.88577,48.6333],[-102.88578,48.61878],[-102.88566,48.59019],[-102.88576,48.58984],[-102.88566,48.56711],[-102.88576,48.54639],[-102.88575,48.45945],[-102.88582,48.41601],[-102.88586,48.3727],[-102.88537,48.3727],[-102.82816,48.37264],[-102.82828,48.32763],[-102.82816,48.32712],[-102.8282,48.28429],[-102.82819,48.28414],[-102.82806,48.22698],[-102.8282,48.22595],[-102.8282,48.17397],[-102.82796,48.17103],[-102.82816,48.12502],[-102.82848,48.12366],[-102.83189,48.12502],[-102.83366,48.12642],[-102.84006,48.12982],[-102.84776,48.13262],[-102.85496,48.13472],[-102.85946,48.13552],[-102.86486,48.13692],[-102.86676,48.13702],[-102.87456,48.13602],[-102.8773,48.13498],[-102.88398,48.13147],[-102.8925,48.12626],[-102.89696,48.12415],[-102.8997,48.12328],[-102.90688,48.12179],[-102.91353,48.12161],[-102.91989,48.12177],[-102.924,48.12246],[-102.92866,48.12363],[-102.93146,48.12502],[-102.93192,48.12604],[-102.9364,48.13079],[-102.93846,48.13251],[-102.94743,48.13596],[-102.95399,48.13727],[-102.95761,48.13759],[-102.96759,48.13812],[-102.97288,48.13801],[-102.98407,48.13684],[-102.98762,48.1367],[-102.99381,48.13588],[-102.99865,48.13455],[-103.00378,48.1323],[-103.00679,48.13186],[-103.00891,48.13196],[-103.02746,48.13549],[-103.0347,48.1356],[-103.03969,48.13516],[-103.04415,48.13513],[-103.06073,48.13305],[-103.06908,48.13242],[-103.07143,48.13195],[-103.07472,48.1304],[-103.0809,48.12675],[-103.08501,48.12502],[-103.08719,48.12465],[-103.08882,48.12465],[-103.09217,48.1264],[-103.09313,48.12775],[-103.09297,48.13186],[-103.09127,48.13799],[-103.09135,48.14091],[-103.09206,48.14314],[-103.09334,48.14445],[-103.0968,48.14577],[-103.1016,48.1465],[-103.10708,48.14649],[-103.1165,48.14524],[-103.12139,48.14361],[-103.12546,48.14289],[-103.13186,48.1429],[-103.1386,48.14136],[-103.14533,48.13843],[-103.15711,48.13619],[-103.17192,48.13493],[-103.18484,48.13418],[-103.19177,48.13439],[-103.19767,48.13531],[-103.20189,48.13521],[-103.20726,48.13322],[-103.21379,48.12859],[-103.21671,48.12559],[-103.22726,48.11662],[-103.23726,48.10892],[-103.24136,48.10502],[-103.25316,48.0921],[-103.25394,48.09019],[-103.25275,48.08809],[-103.25046,48.08683],[-103.24286,48.08482],[-103.23576,48.08352],[-103.23056,48.08092],[-103.22716,48.07792],[-103.22596,48.07512],[-103.22616,48.07252],[-103.22766,48.06812],[-103.22906,48.06672],[-103.23296,48.06332],[-103.23686,48.06082],[-103.23906,48.06022],[-103.24576,48.06012],[-103.25526,48.06162],[-103.26016,48.06262],[-103.26366,48.06262],[-103.26777,48.06212],[-103.27377,48.06062],[-103.27727,48.05802],[-103.27797,48.05592],[-103.27867,48.05162],[-103.27997,48.04812],[-103.28157,48.04542],[-103.28367,48.04312],[-103.28807,48.04032],[-103.29127,48.03942],[-103.29667,48.03962],[-103.30557,48.04162],[-103.30917,48.04212],[-103.31297,48.04202],[-103.31627,48.04152],[-103.32277,48.03992],[-103.32607,48.03862],[-103.33287,48.03682],[-103.34137,48.03392],[-103.34617,48.03192],[-103.34867,48.03132],[-103.35657,48.02872],[-103.36777,48.02672],[-103.37297,48.02552],[-103.37787,48.02502],[-103.37977,48.02512],[-103.38537,48.02632],[-103.39637,48.02782],[-103.40447,48.03052],[-103.41067,48.03302],[-103.41517,48.03452],[-103.41997,48.03562],[-103.42837,48.03592],[-103.43117,48.03552],[-103.43397,48.03452],[-103.43707,48.03282],[-103.44067,48.03032],[-103.44367,48.02873],[-103.44937,48.02663],[-103.45287,48.02573],[-103.45607,48.02553],[-103.45947,48.02472],[-103.46307,48.02322],[-103.46647,48.02083],[-103.47057,48.01653],[-103.47536,48.01225],[-103.48507,48.00673],[-103.48737,48.00603],[-103.49647,48.00523],[-103.49905,48.0056],[-103.50117,48.00592],[-103.50847,48.01042],[-103.50997,48.01163],[-103.51657,48.01953],[-103.51857,48.02293],[-103.51909,48.02423],[-103.52067,48.02683],[-103.52247,48.02873],[-103.52547,48.03332],[-103.52797,48.03513],[-103.53187,48.03583],[-103.53577,48.03502],[-103.54717,48.03412],[-103.55707,48.03422],[-103.56537,48.03492],[-103.56937,48.03572],[-103.57587,48.03852],[-103.58207,48.04152],[-103.58317,48.04242],[-103.58467,48.04422],[-103.58557,48.04882],[-103.58557,48.05072],[-103.58477,48.05412],[-103.58237,48.05782],[-103.58117,48.05902],[-103.57627,48.06262],[-103.57297,48.06472],[-103.55837,48.07242],[-103.55407,48.07552],[-103.55147,48.07782],[-103.54847,48.08192],[-103.54717,48.08582],[-103.54857,48.08772],[-103.54987,48.08782],[-103.55827,48.08722],[-103.56177,48.08732],[-103.56817,48.08792],[-103.57177,48.08872],[-103.57937,48.09082],[-103.58467,48.09252],[-103.58917,48.09472],[-103.59317,48.09772],[-103.59887,48.10252],[-103.60427,48.10642],[-103.60767,48.10942],[-103.60867,48.11122],[-103.60817,48.11412],[-103.60647,48.11542],[-103.60327,48.11702],[-103.59237,48.12052],[-103.58767,48.12302],[-103.58571,48.12455],[-103.58564,48.12667],[-103.587,48.13105],[-103.58807,48.13249],[-103.59021,48.13411],[-103.5932,48.13412],[-103.59761,48.13439],[-103.5988,48.13417],[-103.59915,48.1341],[-103.60094,48.13346],[-103.60387,48.13206],[-103.60394,48.13201],[-103.60638,48.1303],[-103.61067,48.12492],[-103.61277,48.12282],[-103.62097,48.11682],[-103.62547,48.11427],[-103.63007,48.11222],[-103.63377,48.11112],[-103.63997,48.11102],[-103.64647,48.11202],[-103.64928,48.11313],[-103.66058,48.11922],[-103.66938,48.12164],[-103.67518,48.12242],[-103.67758,48.12242],[-103.68298,48.12172],[-103.68728,48.12072],[-103.69548,48.11842],[-103.70248,48.11572],[-103.71257,48.11111],[-103.71386,48.11064],[-103.7148,48.1103],[-103.71707,48.10909],[-103.72235,48.10467],[-103.73675,48.0957],[-103.74005,48.09391],[-103.74222,48.0934],[-103.74363,48.0922],[-103.74435,48.09032],[-103.74388,48.08756],[-103.74032,48.0834],[-103.73692,48.08114],[-103.7296,48.07724],[-103.72107,48.07203],[-103.71799,48.0707],[-103.71306,48.06947],[-103.71082,48.06787],[-103.70945,48.06546],[-103.70947,48.06236],[-103.71104,48.05803],[-103.71471,48.0547],[-103.72616,48.04898],[-103.73069,48.04789],[-103.73656,48.0454],[-103.73936,48.04372],[-103.74154,48.0412],[-103.74345,48.04053],[-103.74751,48.04077],[-103.75483,48.04324],[-103.75955,48.04757],[-103.77051,48.05648],[-103.77578,48.05825],[-103.78075,48.05929],[-103.78439,48.05949],[-103.78767,48.05805],[-103.7906,48.05567],[-103.79195,48.05332],[-103.79422,48.05052],[-103.79566,48.04745],[-103.79776,48.03896],[-103.79777,48.03554],[-103.79297,48.02756],[-103.79236,48.02439],[-103.79129,48.01846],[-103.79159,48.01332],[-103.79271,48.01015],[-103.79692,48.00002],[-103.79744,47.99922],[-103.80082,47.99427],[-103.80426,47.99125],[-103.81102,47.98592],[-103.81725,47.98171],[-103.82132,47.97985],[-103.82405,47.97899],[-103.82883,47.98012],[-103.82874,47.98137],[-103.82602,47.9869],[-103.82547,47.98975],[-103.82544,47.99279],[-103.82649,47.99709],[-103.82956,48.00002],[-103.85631,48.01507],[-103.85838,48.01576],[-103.85977,48.01507],[-103.86362,48.01106],[-103.86437,48.00866],[-103.86099,48.00435],[-103.85745,48.00174],[-103.85523,47.99781],[-103.85536,47.99644],[-103.85594,47.99514],[-103.85955,47.9915],[-103.86247,47.98974],[-103.86428,47.98798],[-103.86607,47.9814],[-103.86935,47.97279],[-103.87101,47.97084],[-103.87548,47.96702],[-103.88138,47.96412],[-103.88513,47.96267],[-103.88805,47.96203],[-103.89578,47.96132],[-103.90398,47.95922],[-103.91979,47.95595],[-103.92328,47.95762],[-103.92918,47.96262],[-103.93318,47.96662],[-103.93598,47.97022],[-103.93918,47.97312],[-103.94268,47.97572],[-103.94908,47.97872],[-103.95448,47.98172],[-103.96319,47.98472],[-103.96739,47.98552],[-103.97319,47.98542],[-103.98157,47.98502],[-103.98395,47.98467],[-103.98548,47.98403],[-103.98667,47.98248],[-103.98581,47.97869],[-103.98634,47.97599],[-103.9874,47.97431],[-103.98992,47.97187],[-103.99201,47.97075],[-103.99937,47.96771],[-104.00556,47.96709],[-104.00924,47.96865],[-104.01157,47.97141],[-104.01233,47.97328],[-104.01408,47.97957],[-104.01494,47.98165],[-104.01712,47.98486],[-104.0216,47.98919],[-104.02773,47.99186],[-104.03069,47.9921],[-104.03576,47.99413],[-104.04025,47.9948],[-104.04412,47.99608],[-104.04412,47.99611],[-104.04434,48.02479],[-104.04499,48.1112],[-104.04516,48.13304],[-104.04519,48.13735],[-104.04522,48.14028],[-104.04522,48.14029],[-104.0454,48.16439],[-104.0455,48.17625],[-104.04542,48.19247],[-104.04556,48.19391],[-104.04557,48.19815],[-104.04569,48.24142],[-104.04573,48.24459],[-104.04564,48.24618],[-104.04586,48.2551],[-104.04595,48.25591],[-104.04604,48.25676],[-104.04606,48.26307],[-104.04614,48.28486],[-104.04618,48.29935],[-104.04623,48.31385],[-104.04626,48.32106],[-104.04633,48.34229],[-104.04634,48.35003],[-104.04637,48.37315],[-104.04637,48.37415],[-104.04665,48.37477],[-104.04675,48.38044],[-104.04676,48.38082],[-104.04688,48.38767],[-104.04691,48.3893],[-104.04691,48.38943],[-104.04697,48.39068],[-104.04713,48.41106],[-104.04696,48.42106],[-104.04709,48.4459],[-104.04719,48.44725],[-104.04729,48.45253],[-104.04726,48.45294],[-104.04733,48.46005],[-104.04739,48.46709],[-104.04755,48.49414],[-104.04805,48.50003],[-104.04767,48.51785],[-104.04751,48.52591],[-104.04788,48.5308],[-104.04765,48.53149],[-104.04778,48.53961],[-104.04778,48.53974],[-104.04779,48.54709],[-104.04781,48.56277],[-104.04793,48.5831],[-104.04797,48.59161],[-104.04817,48.59761],[-104.04821,48.59906],[-104.04793,48.62019],[-104.04788,48.62101]]]}}]}