{"type":"FeatureCollection","features":[{"type":"Feature","properties":{"name":"Beaver City Transit","boundary_type":"buffered","source":"Census TIGER unit + service radius","fidelity":"approximate","updated":"2026-09","units":"Beaver town; +16.09 km radius","note":"City of Beaver + 10-mile radius in Beaver County panhandle","confidence":0.9},"geometry":{"type":"Polygon","coordinates":[[[-100.71302,36.84404],[-100.70301,36.87099],[-100.70166,36.87305],[-100.70065,36.87589],[-100.68443,36.90115],[-100.66236,36.92339],[-100.63529,36.94174],[-100.60425,36.9555],[-100.57045,36.96413],[-100.5352,36.96731],[-100.52275,36.96744],[-100.52101,36.96749],[-100.4939,36.9665],[-100.49258,36.96637],[-100.45628,36.95975],[-100.42244,36.9473],[-100.39251,36.92956],[-100.36776,36.90729],[-100.34925,36.88142],[-100.33776,36.85306],[-100.33741,36.85044],[-100.33518,36.84454],[-100.33174,36.81643],[-100.33174,36.81559],[-100.33374,36.79866],[-100.33559,36.78156],[-100.34535,36.75453],[-100.36146,36.72953],[-100.38331,36.7075],[-100.3852,36.70622],[-100.38823,36.70323],[-100.41554,36.68509],[-100.44676,36.67159],[-100.48067,36.66323],[-100.51597,36.66034],[-100.51891,36.66033],[-100.55417,36.66302],[-100.57775,36.66868],[-100.58203,36.66932],[-100.58756,36.67104],[-100.5881,36.67117],[-100.58845,36.67131],[-100.61352,36.67911],[-100.64218,36.69344],[-100.66701,36.71179],[-100.68186,36.72783],[-100.68562,36.73149],[-100.68663,36.73299],[-100.68713,36.73353],[-100.68835,36.73555],[-100.70236,36.7564],[-100.71272,36.78345],[-100.71629,36.81159],[-100.71631,36.81605],[-100.71302,36.84404]]]}},{"type":"Feature","properties":{"name":"Call A Ride Public Transit","boundary_type":"county","source":"Census TIGER county","fidelity":"exact","updated":"2026-09","units":"Pontotoc County","note":"Countywide service based in Ada","confidence":0.95},"geometry":{"type":"Polygon","coordinates":[[[-96.93249,34.76759],[-96.93246,34.78209],[-96.93244,34.81128],[-96.93243,34.81141],[-96.9325,34.85412],[-96.93244,34.8545],[-96.93087,34.85463],[-96.93078,34.87626],[-96.93078,34.89811],[-96.93075,34.92648],[-96.93067,34.9272],[-96.9307,34.9508],[-96.93042,34.95621],[-96.93067,34.95708],[-96.93059,34.96436],[-96.92987,34.96511],[-96.92827,34.96521],[-96.92129,34.96399],[-96.91791,34.96242],[-96.91512,34.96043],[-96.91395,34.95905],[-96.91124,34.95918],[-96.91061,34.95866],[-96.90316,34.94609],[-96.90219,34.9448],[-96.89946,34.94306],[-96.89684,34.94219],[-96.89446,34.93908],[-96.89228,34.93487],[-96.89053,34.93262],[-96.88996,34.92946],[-96.88736,34.92685],[-96.8854,34.92625],[-96.87632,34.92603],[-96.87204,34.92748],[-96.86994,34.92882],[-96.8681,34.92941],[-96.86098,34.93008],[-96.85305,34.92882],[-96.84944,34.92969],[-96.84621,34.9315],[-96.84137,34.9338],[-96.8371,34.9378],[-96.83499,34.93943],[-96.83077,34.94191],[-96.82578,34.94337],[-96.82149,34.94611],[-96.81933,34.94659],[-96.81751,34.94633],[-96.81345,34.94465],[-96.81177,34.9435],[-96.8099,34.94097],[-96.80717,34.93951],[-96.80386,34.93671],[-96.80174,34.93355],[-96.79982,34.93212],[-96.79821,34.92999],[-96.79836,34.92757],[-96.79787,34.92442],[-96.79938,34.91997],[-96.79988,34.91533],[-96.79997,34.91046],[-96.79858,34.90594],[-96.79771,34.90513],[-96.79059,34.90083],[-96.78507,34.89914],[-96.77997,34.89885],[-96.77568,34.89996],[-96.77256,34.90064],[-96.77153,34.90025],[-96.76753,34.90065],[-96.76341,34.90038],[-96.76065,34.90084],[-96.75552,34.89981],[-96.75009,34.89298],[-96.74879,34.89028],[-96.74719,34.88178],[-96.74209,34.86938],[-96.74039,34.86688],[-96.73703,34.86292],[-96.73369,34.85968],[-96.72939,34.85758],[-96.72759,34.85718],[-96.72289,34.85678],[-96.72007,34.85746],[-96.71239,34.85968],[-96.71009,34.86088],[-96.70379,34.86338],[-96.69799,34.86688],[-96.69418,34.8685],[-96.6941,34.87007],[-96.69494,34.87062],[-96.69041,34.875],[-96.68729,34.88098],[-96.68647,34.88318],[-96.6863,34.88855],[-96.68699,34.89128],[-96.68919,34.89558],[-96.69014,34.89627],[-96.69345,34.90126],[-96.69569,34.90361],[-96.70061,34.90691],[-96.70173,34.90827],[-96.70353,34.90931],[-96.71093,34.91172],[-96.71158,34.91236],[-96.71209,34.91388],[-96.71149,34.91628],[-96.70809,34.92108],[-96.70649,34.92398],[-96.7046,34.92628],[-96.70253,34.92815],[-96.69949,34.93027],[-96.69415,34.93279],[-96.69197,34.93331],[-96.68357,34.93303],[-96.66769,34.92958],[-96.66539,34.92838],[-96.66209,34.92588],[-96.65929,34.92308],[-96.65799,34.92098],[-96.65549,34.91508],[-96.65309,34.91038],[-96.64949,34.90528],[-96.64599,34.90138],[-96.64449,34.90058],[-96.64079,34.89948],[-96.63679,34.89878],[-96.63319,34.89858],[-96.62529,34.89898],[-96.62189,34.89898],[-96.61649,34.89968],[-96.61319,34.90048],[-96.60322,34.90371],[-96.59879,34.90488],[-96.59579,34.90598],[-96.59269,34.90758],[-96.59036,34.90917],[-96.58914,34.90997],[-96.58419,34.91219],[-96.57849,34.91598],[-96.57709,34.91658],[-96.57189,34.91678],[-96.56869,34.91658],[-96.56409,34.91728],[-96.55689,34.91418],[-96.55539,34.91128],[-96.55529,34.90748],[-96.55629,34.90458],[-96.55659,34.90088],[-96.55589,34.89808],[-96.55296,34.89361],[-96.55177,34.89091],[-96.54958,34.88711],[-96.54598,34.88227],[-96.54376,34.8801],[-96.53379,34.87218],[-96.53029,34.86998],[-96.52859,34.86959],[-96.52149,34.86989],[-96.51989,34.87019],[-96.51699,34.87159],[-96.51459,34.87339],[-96.5126,34.87547],[-96.51049,34.87862],[-96.50619,34.88648],[-96.50451,34.88818],[-96.50222,34.89187],[-96.50029,34.89346],[-96.49961,34.89697],[-96.49849,34.89908],[-96.49799,34.90268],[-96.49689,34.90458],[-96.49439,34.90738],[-96.49079,34.91058],[-96.48648,34.91299],[-96.47809,34.91635],[-96.47594,34.91638],[-96.46572,34.91522],[-96.46389,34.9159],[-96.46108,34.91564],[-96.46037,34.9165],[-96.45663,34.91526],[-96.4521,34.91212],[-96.44968,34.91068],[-96.44486,34.90909],[-96.44473,34.90763],[-96.44259,34.9064],[-96.43721,34.90477],[-96.4372,34.90305],[-96.43559,34.90228],[-96.43155,34.90258],[-96.43101,34.90347],[-96.42687,34.90313],[-96.4247,34.90369],[-96.42093,34.90744],[-96.41841,34.90785],[-96.41747,34.90965],[-96.4178,34.91173],[-96.41378,34.91562],[-96.41367,34.91638],[-96.41069,34.92214],[-96.41083,34.92369],[-96.40928,34.92508],[-96.40976,34.92609],[-96.40957,34.92945],[-96.40613,34.93419],[-96.40616,34.90045],[-96.40625,34.89887],[-96.40617,34.8981],[-96.40617,34.8836],[-96.40617,34.88],[-96.40619,34.87794],[-96.40621,34.8764],[-96.4062,34.87272],[-96.40618,34.86912],[-96.40619,34.85296],[-96.40626,34.85242],[-96.40648,34.76733],[-96.40652,34.74744],[-96.40651,34.74552],[-96.40649,34.73799],[-96.4065,34.6959],[-96.40623,34.69467],[-96.40645,34.68426],[-96.40636,34.68002],[-96.42562,34.68004],[-96.42756,34.6802],[-96.45277,34.68008],[-96.51217,34.68006],[-96.51218,34.64232],[-96.51216,34.61059],[-96.51209,34.59282],[-96.51213,34.54533],[-96.51221,34.54494],[-96.51206,34.54013],[-96.51208,34.51269],[-96.5121,34.50556],[-96.51379,34.5054],[-96.56598,34.50548],[-96.6284,34.50572],[-96.62901,34.50569],[-96.67637,34.50578],[-96.69503,34.50581],[-96.74038,34.5059],[-96.75754,34.50595],[-96.75837,34.50584],[-96.82734,34.50606],[-96.82731,34.52061],[-96.82714,34.59322],[-96.84487,34.59329],[-96.90976,34.59327],[-96.93242,34.59326],[-96.93245,34.63681],[-96.93226,34.6373],[-96.93245,34.63851],[-96.93251,34.68042],[-96.93249,34.69496],[-96.93249,34.76759]]]}},{"type":"Feature","properties":{"name":"Cherokee Strip Transit","boundary_type":"counties","source":"Census TIGER county","fidelity":"approximate","updated":"2026-09","units":"Alfalfa County; Blaine County; Grant County; Kingfisher County; Noble County; Garfield County; Kay County","note":"Alfalfa, Blaine, Grant, Kingfisher, Noble counties fully; portions of Garfield and Kay counties (north-central including Ponca City, Blackwell, Cherokee, Tonkawa, Waukomis, Enid area)","confidence":0.85},"geometry":{"type":"Polygon","coordinates":[[[-98.44158,36.16493],[-98.43266,36.16491],[-98.3887,36.1649],[-98.37976,36.1649],[-98.37102,36.16493],[-98.35302,36.16491],[-98.31724,36.16488],[-98.23032,36.16495],[-98.2104,36.16489],[-98.17531,36.16478],[-98.16685,36.16477],[-98.15233,36.1649],[-98.14865,36.16472],[-98.14858,36.16472],[-98.13971,36.1648],[-98.12535,36.16492],[-98.12181,36.16479],[-98.1039,36.16488],[-98.10392,36.17359],[-98.10373,36.24592],[-98.10457,36.24592],[-98.10443,36.26037],[-98.10443,36.26759],[-98.10442,36.27486],[-98.10445,36.29651],[-98.10448,36.31828],[-98.10444,36.33977],[-98.10448,36.34728],[-98.10451,36.37629],[-98.10452,36.41969],[-98.10449,36.44136],[-98.10443,36.45567],[-98.10445,36.4595],[-98.10443,36.4631],[-98.11354,36.46314],[-98.12201,36.46319],[-98.1502,36.46318],[-98.16641,36.4632],[-98.16689,36.4632],[-98.22044,36.46338],[-98.24745,36.46335],[-98.28321,36.46333],[-98.3632,36.46323],[-98.37245,36.46318],[-98.53362,36.46323],[-98.53348,36.52813],[-98.53348,36.5284],[-98.5334,36.59422],[-98.5405,36.59421],[-98.54048,36.65214],[-98.54057,36.67377],[-98.54054,36.68834],[-98.5405,36.69565],[-98.54057,36.71017],[-98.54055,36.72466],[-98.5404,36.7392],[-98.54048,36.76094],[-98.54047,36.77543],[-98.54035,36.82172],[-98.54026,36.86252],[-98.54037,36.90613],[-98.54024,36.94223],[-98.54499,36.94224],[-98.54466,36.999],[-98.4764,36.99873],[-98.42021,36.99852],[-98.41827,36.99854],[-98.40899,36.99851],[-98.35407,36.99796],[-98.34715,36.99796],[-98.34619,36.99796],[-98.29179,36.99797],[-98.23771,36.99797],[-98.2195,36.99782],[-98.20822,36.998],[-98.19037,36.998],[-98.17772,36.99801],[-98.1776,36.99801],[-98.14745,36.99816],[-98.14631,36.99816],[-98.12818,36.99815],[-98.11198,36.99813],[-98.04534,36.99833],[-98.03989,36.99835],[-98.03875,36.99835],[-98.03395,36.99837],[-98.0302,36.99837],[-97.96529,36.99847],[-97.87645,36.9986],[-97.80231,36.99871],[-97.8023,36.99871],[-97.78349,36.99885],[-97.78343,36.99896],[-97.7687,36.99875],[-97.6971,36.99883],[-97.69218,36.99884],[-97.65047,36.999],[-97.63714,36.99909],[-97.63684,36.99909],[-97.61479,36.99879],[-97.60655,36.99868],[-97.58238,36.9987],[-97.56454,36.99871],[-97.5465,36.99875],[-97.5459,36.99871],[-97.52729,36.99875],[-97.47286,36.99872],[-97.46235,36.99869],[-97.46228,36.99869],[-97.41449,36.99878],[-97.4009,36.99881],[-97.38492,36.99884],[-97.37242,36.99886],[-97.36487,36.99887],[-97.34276,36.99889],[-97.34274,36.99889],[-97.25577,36.99899],[-97.21988,36.99903],[-97.20147,36.99905],[-97.15624,36.9991],[-97.14772,36.99911],[-97.1226,36.99904],[-97.12028,36.99901],[-97.11141,36.99902],[-97.10428,36.99902],[-97.10065,36.999],[-97.04591,36.999],[-97.03978,36.999],[-97.03969,36.999],[-97.03008,36.99893],[-96.97556,36.99902],[-96.96737,36.99907],[-96.93464,36.99907],[-96.92529,36.99913],[-96.92191,36.99915],[-96.91709,36.99918],[-96.90375,36.99913],[-96.90351,36.99913],[-96.90208,36.99916],[-96.87629,36.99923],[-96.86752,36.99922],[-96.86747,36.99922],[-96.8229,36.99918],[-96.82279,36.99918],[-96.7952,36.99886],[-96.79206,36.99918],[-96.74984,36.99899],[-96.75003,36.94124],[-96.75215,36.94123],[-96.75229,36.89886],[-96.75224,36.84298],[-96.75258,36.8428],[-96.75266,36.83843],[-96.75232,36.83546],[-96.75237,36.78209],[-96.78865,36.78201],[-96.78869,36.7676],[-96.82258,36.76756],[-96.82066,36.76588],[-96.81883,36.76366],[-96.81879,36.76178],[-96.81806,36.75899],[-96.82014,36.75278],[-96.82167,36.75004],[-96.82467,36.74669],[-96.82664,36.74534],[-96.83038,36.74417],[-96.8341,36.74344],[-96.83897,36.74371],[-96.84367,36.74439],[-96.84834,36.74601],[-96.85012,36.74634],[-96.85363,36.74611],[-96.86168,36.75004],[-96.86637,36.75294],[-96.86869,36.75354],[-96.87181,36.75365],[-96.87878,36.75185],[-96.88222,36.75157],[-96.88734,36.75213],[-96.88858,36.75179],[-96.89571,36.74582],[-96.90359,36.7386],[-96.90586,36.73713],[-96.90743,36.73584],[-96.9086,36.73014],[-96.90974,36.7271],[-96.9132,36.72272],[-96.91809,36.7188],[-96.92055,36.71775],[-96.92091,36.7171],[-96.92189,36.70637],[-96.9226,36.70287],[-96.92679,36.69781],[-96.92809,36.69559],[-96.92852,36.69368],[-96.92741,36.68842],[-96.93101,36.6865],[-96.93194,36.6861],[-96.9411,36.68469],[-96.94373,36.68388],[-96.94768,36.68353],[-96.95017,36.68363],[-96.959,36.68623],[-96.96571,36.68793],[-96.96709,36.68854],[-96.9729,36.68827],[-96.97841,36.68867],[-96.98574,36.68811],[-96.98976,36.68824],[-96.99203,36.6876],[-96.99535,36.68812],[-96.99541,36.68814],[-96.99568,36.68821],[-97.00303,36.69345],[-97.00539,36.694],[-97.00694,36.69228],[-97.01202,36.69404],[-97.01522,36.6944],[-97.01925,36.69307],[-97.02106,36.69286],[-97.02419,36.6934],[-97.02756,36.69916],[-97.03068,36.70159],[-97.03253,36.70196],[-97.03635,36.70108],[-97.03847,36.69929],[-97.04306,36.69702],[-97.04487,36.69634],[-97.04714,36.69544],[-97.04878,36.69467],[-97.0502,36.69386],[-97.05323,36.69221],[-97.05702,36.68899],[-97.06141,36.68686],[-97.06411,36.68421],[-97.06448,36.68076],[-97.06447,36.68048],[-97.06438,36.67588],[-97.06386,36.67211],[-97.06405,36.66531],[-97.06344,36.66423],[-97.06253,36.66035],[-97.06323,36.65792],[-97.06307,36.65574],[-97.06216,36.6531],[-97.06199,36.65073],[-97.06101,36.64909],[-97.05793,36.64775],[-97.0546,36.64545],[-97.05301,36.64393],[-97.05152,36.64122],[-97.05098,36.63744],[-97.0511,36.62995],[-97.0509,36.62881],[-97.04884,36.62504],[-97.04856,36.62323],[-97.04962,36.62018],[-97.05176,36.61627],[-97.05211,36.61258],[-97.05171,36.61111],[-97.04944,36.6081],[-97.04468,36.60272],[-97.04391,36.59993],[-97.04689,36.59744],[-97.04897,36.59718],[-97.05413,36.59812],[-97.0571,36.59783],[-97.05815,36.59653],[-97.05756,36.59387],[-97.05588,36.59246],[-97.05134,36.59083],[-97.04901,36.5904],[-97.04062,36.58794],[-97.03587,36.58622],[-97.02912,36.58521],[-97.0213,36.58461],[-97.01661,36.58376],[-97.01329,36.58356],[-97.00429,36.58259],[-97.00031,36.58285],[-96.99284,36.58496],[-96.99005,36.58514],[-96.98562,36.585],[-96.98058,36.58596],[-96.97585,36.58521],[-96.97097,36.58606],[-96.96696,36.58628],[-96.96403,36.5874],[-96.9581,36.58839],[-96.95327,36.58948],[-96.94863,36.59],[-96.94615,36.59122],[-96.94156,36.59405],[-96.93888,36.59498],[-96.93373,36.59554],[-96.93044,36.59685],[-96.92644,36.5996],[-96.92388,36.60037],[-96.92049,36.60066],[-96.91532,36.59997],[-96.91276,36.59895],[-96.90928,36.59631],[-96.90871,36.59579],[-96.90736,36.59392],[-96.90446,36.58894],[-96.90206,36.58738],[-96.8965,36.58244],[-96.89256,36.57836],[-96.8883,36.57559],[-96.88802,36.57489],[-96.88914,36.5714],[-96.88899,36.56641],[-96.89037,36.56361],[-96.8925,36.56097],[-96.89566,36.55805],[-96.89908,36.55322],[-96.90126,36.55174],[-96.90264,36.55139],[-96.90894,36.55213],[-96.91271,36.55291],[-96.91615,36.55299],[-96.92104,36.55238],[-96.92471,36.55256],[-96.92978,36.5508],[-96.93357,36.54863],[-96.93841,36.54683],[-96.94398,36.54347],[-96.9465,36.54036],[-96.94991,36.5373],[-96.95852,36.53431],[-96.96379,36.53416],[-96.97148,36.53596],[-96.97897,36.53521],[-96.98179,36.53449],[-96.98815,36.53237],[-96.99619,36.52898],[-97.0015,36.52554],[-97.00502,36.52182],[-97.00776,36.51832],[-97.0088,36.51559],[-97.00946,36.51253],[-97.00978,36.50693],[-97.01253,36.50704],[-97.03212,36.50696],[-97.03203,36.47802],[-97.03204,36.44862],[-97.03209,36.42035],[-97.03211,36.33335],[-96.93437,36.33333],[-96.92494,36.33334],[-96.92496,36.31849],[-96.92499,36.29733],[-96.92499,36.29718],[-96.92494,36.24789],[-96.92507,36.24647],[-96.92601,36.24647],[-96.93474,36.24647],[-96.96938,36.24643],[-96.99724,36.2465],[-97.01454,36.24647],[-97.10365,36.24646],[-97.13889,36.24642],[-97.14097,36.24643],[-97.14085,36.20985],[-97.14079,36.1888],[-97.1407,36.1882],[-97.14069,36.16283],[-97.14067,36.15923],[-97.17642,36.15924],[-97.23015,36.15928],[-97.23034,36.15923],[-97.23806,36.15932],[-97.25565,36.15934],[-97.28267,36.15926],[-97.30057,36.15919],[-97.32717,36.15913],[-97.35413,36.15907],[-97.35367,36.16211],[-97.35395,36.1643],[-97.46079,36.16446],[-97.49643,36.16457],[-97.53238,36.16459],[-97.5861,36.16475],[-97.62182,36.16478],[-97.62765,36.16469],[-97.67562,36.16466],[-97.67573,36.14992],[-97.67553,36.07278],[-97.67556,36.07266],[-97.67563,36.04402],[-97.67568,36.04377],[-97.67569,36.00018],[-97.67568,35.95657],[-97.67541,35.8985],[-97.67453,35.8985],[-97.67451,35.87116],[-97.67439,35.86101],[-97.67439,35.86043],[-97.67435,35.84224],[-97.67422,35.82052],[-97.67415,35.80573],[-97.67414,35.79843],[-97.67412,35.79385],[-97.6741,35.7839],[-97.67403,35.72597],[-97.69147,35.72592],[-97.70042,35.7259],[-97.7277,35.72582],[-97.76297,35.72572],[-97.7675,35.72572],[-97.78056,35.72572],[-97.78958,35.7257],[-97.80731,35.72578],[-97.81621,35.72584],[-97.82536,35.72587],[-97.8341,35.7259],[-97.86985,35.726],[-97.95899,35.72607],[-97.96892,35.7259],[-97.98616,35.72563],[-98.09215,35.72537],[-98.11845,35.72532],[-98.12078,35.72532],[-98.14484,35.72531],[-98.16253,35.72509],[-98.19355,35.72513],[-98.2071,35.72514],[-98.2071,35.72519],[-98.31315,35.72474],[-98.3132,35.71072],[-98.31327,35.64551],[-98.31328,35.63828],[-98.31328,35.63462],[-98.31328,35.6344],[-98.31326,35.62902],[-98.31328,35.62378],[-98.31327,35.62173],[-98.31328,35.61708],[-98.31333,35.61336],[-98.31325,35.55152],[-98.31325,35.55141],[-98.34024,35.55143],[-98.35771,35.55145],[-98.3599,35.55164],[-98.36836,35.55162],[-98.36886,35.55145],[-98.36941,35.55133],[-98.38384,35.55152],[-98.3862,35.55154],[-98.4296,35.55157],[-98.43162,35.55157],[-98.43881,35.55156],[-98.44131,35.55157],[-98.44969,35.55156],[-98.45389,35.55156],[-98.49832,35.55159],[-98.49883,35.55152],[-98.5177,35.55148],[-98.57024,35.55155],[-98.57088,35.55154],[-98.57913,35.55158],[-98.58851,35.55153],[-98.62324,35.55152],[-98.63221,35.55152],[-98.63218,35.63852],[-98.63218,35.65977],[-98.63221,35.6675],[-98.63218,35.66939],[-98.63198,35.7177],[-98.6322,35.74481],[-98.63198,35.8124],[-98.63198,35.84144],[-98.63212,35.84224],[-98.6321,35.89879],[-98.63615,35.89881],[-98.63617,35.91326],[-98.63616,35.91375],[-98.63609,35.9422],[-98.63612,35.94951],[-98.63613,35.95668],[-98.63681,36.14329],[-98.6369,36.16489],[-98.61907,36.16537],[-98.47716,36.16494],[-98.44158,36.16493]]]}},{"type":"Feature","properties":{"name":"Cimarron Public Transit System","boundary_type":"county","source":"Census TIGER county","fidelity":"approximate","updated":"2026-09","units":"Logan County","note":"Service area described as 'Logan County area (Guthrie)'; ODOT Section 5311 provider based in Guthrie. County boundary used as approximate proxy since exact coverage within county not specified.","confidence":0.8},"geometry":{"type":"Polygon","coordinates":[[[-97.62765,36.16469],[-97.62182,36.16478],[-97.5861,36.16475],[-97.53238,36.16459],[-97.49643,36.16457],[-97.46079,36.16446],[-97.35395,36.1643],[-97.35367,36.16211],[-97.35413,36.15907],[-97.35381,36.11637],[-97.3538,36.11628],[-97.3538,36.11607],[-97.3538,36.11599],[-97.3538,36.11567],[-97.3538,36.1143],[-97.35383,36.11201],[-97.3539,36.11136],[-97.35397,36.05805],[-97.35397,36.05799],[-97.35396,36.05782],[-97.35396,36.05777],[-97.35395,36.01266],[-97.35383,36.01241],[-97.35387,35.98493],[-97.35325,35.98533],[-97.34706,35.9884],[-97.33975,35.99367],[-97.33661,35.99917],[-97.33662,36.00006],[-97.33404,36.00467],[-97.3314,36.00673],[-97.32828,36.00691],[-97.32626,36.00817],[-97.32362,36.01088],[-97.31675,36.0113],[-97.31195,36.01031],[-97.30861,36.01099],[-97.30045,36.00927],[-97.2971,36.00769],[-97.2946,36.00556],[-97.28747,35.99668],[-97.28536,35.99179],[-97.28454,35.98714],[-97.28453,35.98545],[-97.28588,35.98049],[-97.28426,35.97882],[-97.28223,35.97797],[-97.27756,35.97378],[-97.27532,35.97315],[-97.2704,35.9728],[-97.26539,35.97279],[-97.26362,35.97339],[-97.25791,35.97328],[-97.2518,35.97257],[-97.24685,35.97237],[-97.24317,35.97218],[-97.23429,35.9696],[-97.23205,35.96804],[-97.22626,35.96637],[-97.22119,35.96457],[-97.21911,35.96266],[-97.21762,35.96034],[-97.21217,35.95472],[-97.20955,35.95143],[-97.20806,35.94776],[-97.20584,35.94596],[-97.20359,35.94479],[-97.1981,35.94303],[-97.19264,35.94164],[-97.18955,35.94116],[-97.18059,35.94069],[-97.17238,35.94101],[-97.16687,35.94282],[-97.16186,35.94385],[-97.15823,35.94515],[-97.15141,35.94842],[-97.14411,35.95312],[-97.14289,35.95422],[-97.14045,35.95906],[-97.14058,35.94199],[-97.14053,35.8985],[-97.14141,35.89851],[-97.14151,35.8691],[-97.14143,35.85451],[-97.14125,35.8319],[-97.14102,35.81092],[-97.14094,35.80384],[-97.14114,35.78918],[-97.14111,35.78215],[-97.141,35.73166],[-97.14107,35.7244],[-97.21076,35.72472],[-97.21201,35.72478],[-97.22081,35.72492],[-97.22438,35.72479],[-97.24713,35.72487],[-97.24714,35.7248],[-97.24818,35.72489],[-97.30064,35.72512],[-97.31788,35.72511],[-97.31845,35.72521],[-97.33632,35.72522],[-97.35521,35.72535],[-97.35967,35.72534],[-97.37158,35.72529],[-97.38948,35.72527],[-97.41303,35.72529],[-97.41615,35.72503],[-97.41937,35.72525],[-97.44305,35.72528],[-97.45195,35.72531],[-97.46051,35.72534],[-97.47836,35.72537],[-97.48371,35.72541],[-97.49544,35.72546],[-97.49622,35.72547],[-97.51405,35.72556],[-97.51995,35.72559],[-97.53186,35.72565],[-97.54967,35.72576],[-97.56716,35.72582],[-97.58466,35.72579],[-97.62063,35.72587],[-97.63847,35.72591],[-97.6651,35.72596],[-97.67403,35.72597],[-97.6741,35.7839],[-97.67412,35.79385],[-97.67414,35.79843],[-97.67415,35.80573],[-97.67422,35.82052],[-97.67435,35.84224],[-97.67439,35.86043],[-97.67439,35.86101],[-97.67451,35.87116],[-97.67453,35.8985],[-97.67541,35.8985],[-97.67568,35.95657],[-97.67569,36.00018],[-97.67568,36.04377],[-97.67563,36.04402],[-97.67556,36.07266],[-97.67553,36.07278],[-97.67573,36.14992],[-97.67562,36.16466],[-97.62765,36.16469]]]}},{"type":"Feature","properties":{"name":"Delta Public Transit","boundary_type":"counties","source":"Census TIGER county","fidelity":"approximate","updated":"2026-09","units":"McClain County; Garvin County; Cleveland County","note":"McClain and Garvin counties fully; southern Cleveland County only","confidence":0.85},"geometry":{"type":"Polygon","coordinates":[[[-97.66819,34.80484],[-97.66819,34.8121],[-97.6682,34.81731],[-97.66818,34.82459],[-97.66813,34.83524],[-97.66816,34.84793],[-97.6681,34.85516],[-97.67044,34.85522],[-97.67049,34.86605],[-97.67064,34.86974],[-97.67055,34.93501],[-97.67047,34.95692],[-97.67052,34.96405],[-97.67055,34.97149],[-97.67051,35.04389],[-97.67051,35.04418],[-97.67052,35.05873],[-97.67053,35.05961],[-97.6705,35.07318],[-97.6705,35.07336],[-97.67048,35.08046],[-97.6705,35.08909],[-97.67053,35.10279],[-97.67051,35.11669],[-97.67052,35.12694],[-97.67047,35.13126],[-97.67057,35.14456],[-97.67044,35.14583],[-97.67046,35.16034],[-97.67044,35.18208],[-97.67044,35.18231],[-97.67044,35.19009],[-97.67042,35.19669],[-97.67039,35.20378],[-97.67089,35.20377],[-97.67091,35.21393],[-97.67088,35.21833],[-97.67088,35.22557],[-97.67089,35.23284],[-97.6709,35.23589],[-97.67089,35.24129],[-97.67085,35.24742],[-97.67084,35.27647],[-97.67082,35.28292],[-97.67082,35.2837],[-97.67083,35.29101],[-97.6708,35.30553],[-97.67086,35.32011],[-97.67081,35.33238],[-97.67141,35.33595],[-97.67141,35.33747],[-97.67146,35.3469],[-97.67136,35.34812],[-97.67137,35.37715],[-97.66229,35.37715],[-97.63609,35.37713],[-97.57501,35.37712],[-97.57012,35.37711],[-97.56556,35.3771],[-97.56555,35.3771],[-97.55918,35.37711],[-97.54786,35.37713],[-97.54783,35.37713],[-97.54438,35.37714],[-97.53897,35.37714],[-97.53014,35.37715],[-97.53011,35.37715],[-97.52126,35.37718],[-97.51242,35.37721],[-97.5124,35.37721],[-97.50351,35.37724],[-97.50349,35.37724],[-97.49511,35.37727],[-97.47698,35.37732],[-97.45923,35.37734],[-97.44122,35.37727],[-97.43324,35.37729],[-97.42357,35.37732],[-97.40596,35.37727],[-97.35808,35.37724],[-97.35318,35.37725],[-97.3442,35.37722],[-97.34416,35.37722],[-97.33552,35.37723],[-97.31783,35.37729],[-97.31774,35.37729],[-97.30017,35.37732],[-97.265,35.37737],[-97.23904,35.37729],[-97.23885,35.37729],[-97.23049,35.37717],[-97.21286,35.37714],[-97.19513,35.37706],[-97.15979,35.37709],[-97.15946,35.37709],[-97.14211,35.37686],[-97.14211,35.37623],[-97.1421,35.36234],[-97.14197,35.35502],[-97.14202,35.34777],[-97.14203,35.34067],[-97.14203,35.33321],[-97.14194,35.31872],[-97.14194,35.3187],[-97.14193,35.30445],[-97.14192,35.3041],[-97.14183,35.28975],[-97.14199,35.26814],[-97.14195,35.24736],[-97.14194,35.24668],[-97.1419,35.23217],[-97.14169,35.22283],[-97.14172,35.21028],[-97.14172,35.20304],[-97.14214,35.1889],[-97.14213,35.18509],[-97.14206,35.16684],[-97.14206,35.15963],[-97.14206,35.14521],[-97.14206,35.1451],[-97.14207,35.13799],[-97.14207,35.13074],[-97.14207,35.13073],[-97.14209,35.10172],[-97.14214,35.08729],[-97.14218,35.07279],[-97.14218,35.07267],[-97.14231,35.02185],[-97.14207,35.01879],[-97.14208,35.01482],[-97.14231,35.01205],[-97.14235,34.92818],[-97.13976,34.92714],[-97.1358,34.9244],[-97.13369,34.92469],[-97.13243,34.92617],[-97.13284,34.92809],[-97.13446,34.93037],[-97.13493,34.93259],[-97.13287,34.93464],[-97.12874,34.93404],[-97.12403,34.93411],[-97.11679,34.93517],[-97.114,34.9351],[-97.11045,34.93436],[-97.10602,34.9329],[-97.1013,34.93032],[-97.10035,34.92961],[-97.09864,34.92962],[-97.09682,34.93092],[-97.09219,34.93107],[-97.08756,34.93154],[-97.08554,34.93136],[-97.08272,34.93045],[-97.07972,34.92892],[-97.07526,34.92243],[-97.07179,34.91986],[-97.06932,34.91969],[-97.0606,34.92126],[-97.05482,34.92141],[-97.05248,34.92125],[-97.05054,34.92002],[-97.04947,34.91826],[-97.04701,34.91674],[-97.04321,34.91521],[-97.03717,34.9135],[-97.03581,34.91289],[-97.0304,34.91206],[-97.02595,34.91233],[-97.02032,34.90967],[-97.01893,34.9086],[-97.01593,34.90735],[-97.01368,34.90795],[-97.00869,34.91058],[-97.00448,34.9121],[-97.00051,34.91428],[-96.99593,34.91494],[-96.99363,34.91583],[-96.98934,34.91829],[-96.98781,34.92034],[-96.98331,34.92148],[-96.97793,34.92563],[-96.97506,34.93015],[-96.97624,34.93207],[-96.97494,34.93427],[-96.9727,34.93541],[-96.97085,34.93434],[-96.96735,34.93467],[-96.96498,34.93815],[-96.96582,34.93906],[-96.96394,34.94062],[-96.95891,34.94587],[-96.95884,34.94695],[-96.95737,34.94884],[-96.95704,34.95098],[-96.94778,34.95741],[-96.94645,34.95854],[-96.9416,34.96088],[-96.937,34.96258],[-96.93483,34.96282],[-96.93059,34.96436],[-96.93067,34.95708],[-96.93042,34.95621],[-96.9307,34.9508],[-96.93067,34.9272],[-96.93075,34.92648],[-96.93078,34.89811],[-96.93078,34.87626],[-96.93087,34.85463],[-96.93244,34.8545],[-96.9325,34.85412],[-96.93243,34.81141],[-96.93244,34.81128],[-96.93246,34.78209],[-96.93249,34.76759],[-96.93249,34.69496],[-96.93251,34.68042],[-96.93245,34.63851],[-96.93226,34.6373],[-96.93245,34.63681],[-97.00259,34.6368],[-97.00266,34.6368],[-97.00379,34.63693],[-97.01973,34.63697],[-97.07264,34.637],[-97.09019,34.637],[-97.14267,34.63713],[-97.1426,34.62259],[-97.16231,34.62261],[-97.20007,34.62276],[-97.19742,34.62087],[-97.19534,34.61825],[-97.19484,34.61615],[-97.19581,34.61493],[-97.19822,34.61382],[-97.19901,34.61147],[-97.19801,34.60876],[-97.19666,34.60723],[-97.19545,34.60674],[-97.19264,34.6067],[-97.19068,34.60561],[-97.19045,34.60464],[-97.19235,34.60269],[-97.19288,34.60064],[-97.19134,34.59744],[-97.19028,34.59637],[-97.18935,34.59601],[-97.18596,34.5962],[-97.18484,34.5953],[-97.18053,34.59504],[-97.17596,34.59566],[-97.17398,34.59501],[-97.17149,34.59327],[-97.17022,34.59011],[-97.16706,34.58818],[-97.16742,34.58608],[-97.16891,34.58584],[-97.17352,34.58681],[-97.1744,34.5862],[-97.1742,34.58485],[-97.17306,34.58375],[-97.173,34.58107],[-97.17161,34.57858],[-97.17022,34.57728],[-97.16796,34.5761],[-97.1643,34.57503],[-97.16431,34.57364],[-97.16519,34.57251],[-97.16747,34.57238],[-97.17193,34.57421],[-97.17434,34.57431],[-97.17602,34.57159],[-97.17546,34.56955],[-97.17413,34.5682],[-97.17317,34.56507],[-97.17156,34.56371],[-97.16962,34.56315],[-97.16411,34.56312],[-97.15841,34.56469],[-97.15731,34.56399],[-97.15744,34.5628],[-97.15937,34.56143],[-97.16431,34.55976],[-97.16476,34.5592],[-97.16253,34.55647],[-97.1584,34.55339],[-97.1575,34.55216],[-97.15845,34.5501],[-97.15951,34.54944],[-97.16334,34.54851],[-97.16369,34.5474],[-97.16243,34.54277],[-97.16196,34.54087],[-97.16064,34.53802],[-97.16021,34.53487],[-97.16202,34.5327],[-97.16481,34.5329],[-97.16571,34.53169],[-97.16486,34.53064],[-97.16167,34.53025],[-97.16035,34.52972],[-97.15918,34.52805],[-97.15908,34.52505],[-97.15805,34.52271],[-97.15679,34.52178],[-97.15329,34.52123],[-97.14981,34.52142],[-97.1465,34.52251],[-97.14428,34.52202],[-97.14374,34.52072],[-97.14522,34.51896],[-97.14807,34.51829],[-97.15015,34.51836],[-97.15309,34.51679],[-97.15033,34.51329],[-97.14876,34.51219],[-97.14402,34.50991],[-97.14337,34.50883],[-97.14397,34.50661],[-97.14939,34.5066],[-97.16981,34.50665],[-97.17414,34.50666],[-97.17622,34.50665],[-97.17738,34.50666],[-97.18649,34.50665],[-97.28124,34.50681],[-97.28229,34.50685],[-97.31717,34.50687],[-97.33506,34.50686],[-97.34136,34.50682],[-97.34144,34.50684],[-97.35218,34.5068],[-97.36093,34.50687],[-97.40506,34.50688],[-97.50935,34.50699],[-97.56232,34.50704],[-97.56318,34.50703],[-97.56294,34.51153],[-97.56329,34.51552],[-97.56308,34.52864],[-97.56286,34.56518],[-97.56289,34.57257],[-97.56286,34.59416],[-97.5629,34.61609],[-97.56284,34.63034],[-97.56283,34.63149],[-97.56296,34.6328],[-97.56301,34.67759],[-97.563,34.68118],[-97.59801,34.68122],[-97.59943,34.68128],[-97.66851,34.68134],[-97.66848,34.69349],[-97.66823,34.79001],[-97.66819,34.80484]]]}},{"type":"Feature","properties":{"name":"Enid Public Transportation Authority (EPTA)","boundary_type":"city","source":"Census TIGER place","fidelity":"exact","updated":"2026-09","units":"Enid city","note":"Curb-to-curb service within Enid city limits, Garfield County","confidence":0.95},"geometry":{"type":"Polygon","coordinates":[[[-97.97509,36.39809],[-97.97513,36.40531],[-97.96174,36.40536],[-97.96209,36.41983],[-97.94404,36.41981],[-97.94405,36.42704],[-97.93511,36.42707],[-97.9351,36.43436],[-97.93516,36.46337],[-97.93116,36.46339],[-97.93061,36.46703],[-97.92614,36.46702],[-97.92615,36.46341],[-97.89905,36.46337],[-97.88999,36.46332],[-97.87261,36.46337],[-97.87171,36.46337],[-97.8725,36.46182],[-97.87274,36.45932],[-97.87267,36.44892],[-97.87205,36.44427],[-97.86377,36.44412],[-97.86377,36.4436],[-97.86611,36.44357],[-97.86617,36.44156],[-97.87275,36.44161],[-97.8728,36.42933],[-97.86379,36.42941],[-97.86389,36.42718],[-97.85471,36.42717],[-97.85476,36.43444],[-97.85471,36.44888],[-97.85483,36.46336],[-97.83693,36.46324],[-97.79184,36.46305],[-97.78281,36.46306],[-97.76514,36.46301],[-97.76511,36.43394],[-97.76511,36.42675],[-97.76511,36.41942],[-97.76498,36.39745],[-97.76509,36.37602],[-97.77409,36.37603],[-97.77407,36.36883],[-97.78845,36.36884],[-97.78842,36.36517],[-97.79374,36.36518],[-97.79377,36.36884],[-97.80098,36.36884],[-97.80096,36.3761],[-97.81891,36.37622],[-97.83686,36.37625],[-97.84576,36.37618],[-97.85467,36.37621],[-97.85453,36.36172],[-97.84573,36.36174],[-97.84574,36.35449],[-97.85468,36.35449],[-97.8547,36.36172],[-97.85479,36.37621],[-97.87262,36.37614],[-97.87262,36.37603],[-97.87252,36.369],[-97.87653,36.36903],[-97.8765,36.37166],[-97.87272,36.37168],[-97.87279,36.37603],[-97.8823,36.37615],[-97.88966,36.35538],[-97.88961,36.35462],[-97.88141,36.35461],[-97.8814,36.35041],[-97.88349,36.35039],[-97.8835,36.35186],[-97.88568,36.35185],[-97.88564,36.34737],[-97.88946,36.34736],[-97.88962,36.34008],[-97.88155,36.34009],[-97.88154,36.33653],[-97.88482,36.33655],[-97.88483,36.33532],[-97.88155,36.33532],[-97.88156,36.33286],[-97.88965,36.33291],[-97.89725,36.33284],[-97.90796,36.33282],[-97.90797,36.32981],[-97.91193,36.32982],[-97.91194,36.32616],[-97.91674,36.32615],[-97.91761,36.32558],[-97.92046,36.31989],[-97.92276,36.31968],[-97.92276,36.31838],[-97.92296,36.31838],[-97.92297,36.31968],[-97.92568,36.31987],[-97.92567,36.34005],[-97.92567,36.35456],[-97.95245,36.35455],[-97.97926,36.35413],[-97.97931,36.37627],[-97.97936,36.38358],[-97.9793,36.39107],[-97.97942,36.39107],[-97.97948,36.39809],[-97.97509,36.39809]]]}},{"type":"Feature","properties":{"name":"Guymon Transit - The Ride","boundary_type":"county","source":"Census TIGER county","fidelity":"approximate","updated":"2026-09","units":"Texas County","note":"Service area described as 'Guymon / Texas County, Oklahoma panhandle'; City of Guymon service with broader Texas County panhandle coverage implied. County boundary used as approximate proxy since exact coverage within county not specified.","confidence":0.8},"geometry":{"type":"Polygon","coordinates":[[[-102.0319,36.76162],[-102.03183,36.76231],[-102.03208,36.84918],[-102.02832,36.84936],[-102.02821,36.99312],[-102.00045,36.99327],[-102.00045,36.99325],[-101.93522,36.99355],[-101.90805,36.99368],[-101.90244,36.9937],[-101.89898,36.99372],[-101.88087,36.9938],[-101.86268,36.99389],[-101.82655,36.99405],[-101.71826,36.99455],[-101.70368,36.99462],[-101.63251,36.99495],[-101.60159,36.99509],[-101.6004,36.99515],[-101.5952,36.99518],[-101.55526,36.99541],[-101.55524,36.99541],[-101.51907,36.99555],[-101.48533,36.99561],[-101.415,36.99597],[-101.41387,36.99601],[-101.39704,36.99608],[-101.37818,36.99616],[-101.36113,36.99623],[-101.35967,36.99623],[-101.3578,36.99627],[-101.28321,36.99667],[-101.21492,36.99703],[-101.21291,36.99704],[-101.21149,36.99712],[-101.09005,36.99779],[-101.06674,36.99792],[-101.06645,36.99792],[-101.05359,36.99797],[-101.01773,36.99815],[-101.01264,36.99818],[-100.9965,36.99804],[-100.95823,36.99813],[-100.94557,36.99815],[-100.94547,36.99815],[-100.9455,36.87772],[-100.94555,36.84865],[-100.95389,36.84819],[-100.95407,36.76164],[-100.95405,36.7471],[-100.95421,36.71798],[-100.95435,36.67086],[-100.95429,36.64599],[-100.95415,36.4996],[-100.97709,36.49959],[-101.04533,36.49954],[-101.05242,36.49956],[-101.08516,36.49924],[-101.20479,36.49931],[-101.36684,36.49939],[-101.58301,36.49951],[-101.62391,36.49953],[-101.64997,36.49957],[-101.65371,36.49957],[-101.67277,36.49955],[-101.69063,36.49952],[-101.69868,36.49951],[-101.70931,36.49972],[-101.75168,36.49973],[-101.77324,36.49973],[-101.77813,36.49973],[-101.77943,36.49973],[-101.78061,36.49973],[-101.78199,36.49972],[-101.78336,36.49971],[-101.78718,36.49968],[-101.78811,36.49968],[-101.81449,36.49958],[-101.8265,36.49954],[-101.82656,36.49965],[-101.91483,36.5004],[-101.93024,36.50053],[-101.93166,36.50053],[-102.03234,36.50061],[-102.03201,36.70416],[-102.0319,36.76162]]]}},{"type":"Feature","properties":{"name":"JAMM Transit","boundary_type":"counties","source":"Census TIGER county","fidelity":"exact","updated":"2026-09","units":"Johnston County; Atoka County; Marshall County; Murray County","note":"Covers Johnston, Atoka, Marshall, and Murray counties in southeastern Oklahoma","confidence":0.9},"geometry":{"type":"Polygon","coordinates":[[[-96.9683,34.10094],[-96.96839,34.11187],[-96.96828,34.1145],[-96.96842,34.17268],[-96.9335,34.17275],[-96.93349,34.17999],[-96.93348,34.19094],[-96.93347,34.2019],[-96.93345,34.21452],[-96.93344,34.21456],[-96.93326,34.22697],[-96.93341,34.24566],[-96.9333,34.33256],[-97.01416,34.33234],[-97.02919,34.33223],[-97.02912,34.33326],[-97.03074,34.33487],[-97.03292,34.33517],[-97.03951,34.33754],[-97.04064,34.3385],[-97.04264,34.34178],[-97.04261,34.34461],[-97.03568,34.34759],[-97.03155,34.35052],[-97.03166,34.35214],[-97.03425,34.35413],[-97.03521,34.35538],[-97.03475,34.35805],[-97.03486,34.36061],[-97.03557,34.36198],[-97.03839,34.36495],[-97.03884,34.36691],[-97.03813,34.36847],[-97.03438,34.37163],[-97.03373,34.37291],[-97.03593,34.37423],[-97.03654,34.37542],[-97.03824,34.37571],[-97.14487,34.37605],[-97.17774,34.3761],[-97.1782,34.37622],[-97.2737,34.37616],[-97.28013,34.37618],[-97.28211,34.37618],[-97.28232,34.37618],[-97.33458,34.37621],[-97.35211,34.37619],[-97.35214,34.39776],[-97.35222,34.45593],[-97.35219,34.49233],[-97.35218,34.5068],[-97.34144,34.50684],[-97.34136,34.50682],[-97.33506,34.50686],[-97.31717,34.50687],[-97.28229,34.50685],[-97.28124,34.50681],[-97.18649,34.50665],[-97.17738,34.50666],[-97.17622,34.50665],[-97.17414,34.50666],[-97.16981,34.50665],[-97.14939,34.5066],[-97.14397,34.50661],[-97.14337,34.50883],[-97.14402,34.50991],[-97.14876,34.51219],[-97.15033,34.51329],[-97.15309,34.51679],[-97.15015,34.51836],[-97.14807,34.51829],[-97.14522,34.51896],[-97.14374,34.52072],[-97.14428,34.52202],[-97.1465,34.52251],[-97.14981,34.52142],[-97.15329,34.52123],[-97.15679,34.52178],[-97.15805,34.52271],[-97.15908,34.52505],[-97.15918,34.52805],[-97.16035,34.52972],[-97.16167,34.53025],[-97.16486,34.53064],[-97.16571,34.53169],[-97.16481,34.5329],[-97.16202,34.5327],[-97.16021,34.53487],[-97.16064,34.53802],[-97.16196,34.54087],[-97.16243,34.54277],[-97.16369,34.5474],[-97.16334,34.54851],[-97.15951,34.54944],[-97.15845,34.5501],[-97.1575,34.55216],[-97.1584,34.55339],[-97.16253,34.55647],[-97.16476,34.5592],[-97.16431,34.55976],[-97.15937,34.56143],[-97.15744,34.5628],[-97.15731,34.56399],[-97.15841,34.56469],[-97.16411,34.56312],[-97.16962,34.56315],[-97.17156,34.56371],[-97.17317,34.56507],[-97.17413,34.5682],[-97.17546,34.56955],[-97.17602,34.57159],[-97.17434,34.57431],[-97.17193,34.57421],[-97.16747,34.57238],[-97.16519,34.57251],[-97.16431,34.57364],[-97.1643,34.57503],[-97.16796,34.5761],[-97.17022,34.57728],[-97.17161,34.57858],[-97.173,34.58107],[-97.17306,34.58375],[-97.1742,34.58485],[-97.1744,34.5862],[-97.17352,34.58681],[-97.16891,34.58584],[-97.16742,34.58608],[-97.16706,34.58818],[-97.17022,34.59011],[-97.17149,34.59327],[-97.17398,34.59501],[-97.17596,34.59566],[-97.18053,34.59504],[-97.18484,34.5953],[-97.18596,34.5962],[-97.18935,34.59601],[-97.19028,34.59637],[-97.19134,34.59744],[-97.19288,34.60064],[-97.19235,34.60269],[-97.19045,34.60464],[-97.19068,34.60561],[-97.19264,34.6067],[-97.19545,34.60674],[-97.19666,34.60723],[-97.19801,34.60876],[-97.19901,34.61147],[-97.19822,34.61382],[-97.19581,34.61493],[-97.19484,34.61615],[-97.19534,34.61825],[-97.19742,34.62087],[-97.20007,34.62276],[-97.16231,34.62261],[-97.1426,34.62259],[-97.14267,34.63713],[-97.09019,34.637],[-97.07264,34.637],[-97.01973,34.63697],[-97.00379,34.63693],[-97.00266,34.6368],[-97.00259,34.6368],[-96.93245,34.63681],[-96.93242,34.59326],[-96.90976,34.59327],[-96.84487,34.59329],[-96.82714,34.59322],[-96.82731,34.52061],[-96.82734,34.50606],[-96.75837,34.50584],[-96.75754,34.50595],[-96.74038,34.5059],[-96.69503,34.50581],[-96.67637,34.50578],[-96.62901,34.50569],[-96.6284,34.50572],[-96.56598,34.50548],[-96.51379,34.5054],[-96.51377,34.46319],[-96.51377,34.41957],[-96.50065,34.41949],[-96.49855,34.41944],[-96.49633,34.41949],[-96.48757,34.41952],[-96.48716,34.41958],[-96.45422,34.41955],[-96.45348,34.41932],[-96.45305,34.41838],[-96.40707,34.41839],[-96.40678,34.41839],[-96.35474,34.41832],[-96.34626,34.41831],[-96.30266,34.41829],[-96.26457,34.4183],[-96.26298,34.41839],[-96.24752,34.4184],[-96.24666,34.41853],[-96.24452,34.4184],[-96.23283,34.41841],[-96.15151,34.41833],[-96.14542,34.41831],[-96.14543,34.43012],[-96.14514,34.43227],[-96.14527,34.47293],[-96.14543,34.47549],[-96.14544,34.49103],[-96.14544,34.50594],[-96.09525,34.50604],[-96.09262,34.50606],[-96.09203,34.50616],[-96.09204,34.53505],[-96.09205,34.54953],[-96.09208,34.59314],[-96.09211,34.60754],[-96.09224,34.61312],[-96.09209,34.61403],[-96.09211,34.668],[-96.09188,34.67308],[-96.09211,34.67502],[-96.09204,34.68056],[-96.08852,34.68038],[-96.03963,34.68046],[-95.92965,34.68054],[-95.90175,34.68055],[-95.8822,34.68048],[-95.88212,34.65162],[-95.88206,34.62235],[-95.88199,34.59353],[-95.82903,34.59362],[-95.80665,34.59366],[-95.75312,34.5937],[-95.69791,34.5937],[-95.68954,34.59372],[-95.67181,34.59373],[-95.67178,34.55401],[-95.67178,34.54341],[-95.67175,34.50679],[-95.67433,34.50679],[-95.67945,34.50679],[-95.70664,34.50675],[-95.72691,34.50672],[-95.72914,34.50672],[-95.73172,34.50672],[-95.77913,34.50664],[-95.77924,34.41757],[-95.77925,34.32671],[-95.7792,34.27268],[-95.77924,34.24832],[-95.77918,34.17175],[-95.77939,34.16561],[-95.77952,34.16497],[-95.77933,34.16417],[-95.77938,34.1567],[-95.80317,34.15676],[-95.80879,34.15656],[-95.81676,34.15664],[-95.82626,34.15657],[-95.82662,34.157],[-95.83614,34.15669],[-95.91902,34.15673],[-95.98777,34.1568],[-95.99154,34.1568],[-95.99158,34.1568],[-95.99853,34.15682],[-96.05185,34.15686],[-96.06865,34.15691],[-96.07109,34.15691],[-96.08592,34.15693],[-96.10255,34.15694],[-96.14763,34.15697],[-96.22156,34.15701],[-96.22305,34.15714],[-96.23395,34.15717],[-96.23549,34.15703],[-96.26827,34.15709],[-96.27987,34.15709],[-96.28489,34.15708],[-96.32071,34.15718],[-96.35567,34.15719],[-96.37265,34.15718],[-96.38874,34.15716],[-96.40752,34.15719],[-96.40752,34.15732],[-96.41058,34.15733],[-96.41354,34.15734],[-96.4539,34.15735],[-96.45381,34.15672],[-96.45397,34.1251],[-96.45384,34.1141],[-96.47889,34.1142],[-96.56324,34.11427],[-96.57226,34.11429],[-96.58383,34.11431],[-96.58535,34.11446],[-96.58495,34.1127],[-96.58368,34.11119],[-96.58017,34.11063],[-96.57933,34.11006],[-96.57913,34.108],[-96.58203,34.10591],[-96.58139,34.10481],[-96.57398,34.09788],[-96.57166,34.0967],[-96.57012,34.09495],[-96.56902,34.09192],[-96.56747,34.09025],[-96.56572,34.08969],[-96.56576,34.08843],[-96.56892,34.08603],[-96.5686,34.08478],[-96.56544,34.08322],[-96.56474,34.08209],[-96.56061,34.08127],[-96.55757,34.08166],[-96.55589,34.08118],[-96.55605,34.07888],[-96.55699,34.07809],[-96.55875,34.07815],[-96.5613,34.07948],[-96.56403,34.07903],[-96.56428,34.07716],[-96.56034,34.07344],[-96.55589,34.07387],[-96.55075,34.07175],[-96.55072,34.06993],[-96.54873,34.06813],[-96.54918,34.06625],[-96.54779,34.06492],[-96.54764,34.06365],[-96.55285,34.06005],[-96.55598,34.05633],[-96.5565,34.05273],[-96.55801,34.05046],[-96.5615,34.04869],[-96.56476,34.04806],[-96.56758,34.04795],[-96.56867,34.04709],[-96.56958,34.04374],[-96.57155,34.04252],[-96.5745,34.042],[-96.57619,34.04268],[-96.57648,34.04348],[-96.57607,34.04424],[-96.57212,34.04733],[-96.57132,34.04927],[-96.57305,34.05044],[-96.57602,34.04957],[-96.57784,34.04857],[-96.57866,34.04677],[-96.57857,34.04503],[-96.57449,34.03797],[-96.57433,34.03696],[-96.57636,34.0338],[-96.57998,34.03387],[-96.57999,34.0312],[-96.57894,34.02985],[-96.57744,34.02965],[-96.5742,34.03045],[-96.57311,34.03018],[-96.57302,34.02862],[-96.57538,34.02556],[-96.5789,34.02354],[-96.57958,34.02261],[-96.57917,34.02094],[-96.57789,34.02028],[-96.57365,34.02099],[-96.57332,34.01961],[-96.5741,34.01668],[-96.57895,34.00914],[-96.58179,34.00819],[-96.58295,34.00688],[-96.5849,34.0073],[-96.58703,34.00856],[-96.59003,34.01131],[-96.59108,34.01555],[-96.59342,34.01673],[-96.59512,34.01633],[-96.59916,34.01462],[-96.60234,34.01419],[-96.60356,34.01309],[-96.60409,34.0115],[-96.60359,34.00948],[-96.60429,34.00787],[-96.60722,34.00793],[-96.61229,34.00932],[-96.61418,34.00941],[-96.61699,34.01021],[-96.61814,34.00989],[-96.62094,34.00553],[-96.62241,34.00672],[-96.62335,34.00949],[-96.6248,34.00972],[-96.62488,34.00757],[-96.62475,34.00542],[-96.6233,34.00242],[-96.62127,34.00102],[-96.61994,33.99945],[-96.61432,33.99702],[-96.61308,33.99423],[-96.61337,33.9924],[-96.61564,33.99213],[-96.61564,33.99073],[-96.61272,33.98985],[-96.61064,33.98823],[-96.60888,33.98751],[-96.60371,33.98872],[-96.60276,33.98794],[-96.60398,33.98535],[-96.6066,33.9845],[-96.60735,33.98324],[-96.60679,33.98194],[-96.60502,33.98051],[-96.60237,33.97964],[-96.60037,33.97943],[-96.59983,33.97652],[-96.59828,33.9749],[-96.59366,33.97409],[-96.59434,33.97244],[-96.59365,33.97101],[-96.58898,33.97016],[-96.58707,33.97156],[-96.58587,33.97466],[-96.58469,33.97093],[-96.5852,33.96736],[-96.58436,33.9665],[-96.57701,33.96441],[-96.57619,33.96388],[-96.57593,33.96253],[-96.57637,33.96081],[-96.57657,33.96047],[-96.5778,33.95845],[-96.58188,33.95494],[-96.58538,33.95488],[-96.58593,33.95388],[-96.58435,33.95042],[-96.5879,33.94801],[-96.59091,33.95119],[-96.59306,33.95092],[-96.59394,33.94734],[-96.59646,33.94567],[-96.59582,33.94405],[-96.59221,33.94052],[-96.59079,33.93733],[-96.59093,33.93594],[-96.59316,33.93296],[-96.58954,33.92788],[-96.58828,33.9267],[-96.58401,33.92535],[-96.58103,33.92502],[-96.58059,33.92331],[-96.58157,33.92029],[-96.58456,33.91859],[-96.5874,33.91887],[-96.5904,33.91976],[-96.59091,33.91923],[-96.59098,33.91855],[-96.58694,33.91567],[-96.58249,33.91624],[-96.58095,33.91542],[-96.58174,33.9099],[-96.58253,33.9083],[-96.58498,33.90671],[-96.58874,33.90532],[-96.59111,33.90322],[-96.59099,33.90199],[-96.58713,33.89698],[-96.58852,33.89488],[-96.59295,33.89562],[-96.60756,33.89473],[-96.62622,33.8945],[-96.62829,33.89448],[-96.63012,33.89542],[-96.63946,33.90249],[-96.64405,33.90596],[-96.64595,33.90725],[-96.6599,33.91667],[-96.66441,33.91727],[-96.66719,33.91694],[-96.67062,33.91491],[-96.67345,33.91228],[-96.67531,33.90911],[-96.6783,33.90227],[-96.68095,33.8962],[-96.68346,33.88422],[-96.68309,33.88213],[-96.6821,33.87665],[-96.68221,33.87388],[-96.68473,33.8629],[-96.68819,33.85461],[-96.69071,33.84996],[-96.69191,33.84847],[-96.6931,33.84701],[-96.69957,33.83905],[-96.7022,33.83688],[-96.70446,33.83502],[-96.70813,33.83306],[-96.71242,33.83163],[-96.74604,33.8257],[-96.75404,33.82466],[-96.76159,33.82441],[-96.76623,33.82546],[-96.76794,33.82655],[-96.76938,33.82748],[-96.77068,33.82962],[-96.77162,33.83153],[-96.77677,33.84198],[-96.7772,33.84816],[-96.77959,33.85794],[-96.78057,33.8601],[-96.78348,33.86353],[-96.78686,33.86521],[-96.78889,33.86622],[-96.79428,33.86889],[-96.79839,33.86972],[-96.81278,33.87265],[-96.83216,33.87483],[-96.83389,33.87368],[-96.83741,33.87135],[-96.83978,33.8684],[-96.84082,33.86364],[-96.84159,33.85289],[-96.8459,33.84898],[-96.85059,33.84721],[-96.85609,33.84749],[-96.86644,33.85315],[-96.87528,33.86051],[-96.88301,33.86802],[-96.89269,33.88962],[-96.89573,33.89641],[-96.89719,33.90295],[-96.89647,33.91332],[-96.89944,33.93373],[-96.90243,33.94202],[-96.90525,33.94722],[-96.90739,33.95002],[-96.91008,33.95271],[-96.91134,33.95396],[-96.9163,33.9578],[-96.91862,33.95893],[-96.92211,33.95958],[-96.92427,33.95916],[-96.93225,33.95569],[-96.93479,33.95436],[-96.93482,33.98398],[-96.93483,34.01293],[-96.96974,34.01295],[-96.96963,34.07102],[-96.96807,34.071],[-96.96822,34.09999],[-96.9683,34.10094]]]}},{"type":"Feature","properties":{"name":"KI BOIS Area Transit System (KATS)","boundary_type":"counties","source":"Census TIGER county","fidelity":"approximate","updated":"2026-09","units":"Haskell County; Latimer County; Le Flore County; McIntosh County; Pittsburg County; Sequoyah County; Adair County; Cherokee County; Hughes County; Okfuskee County; Okmulgee County; Wagoner County","note":"Multi-county service based in Stigler; official site lists differ; coverage includes Haskell, Latimer, Le Flore, McIntosh, Pittsburg, Sequoyah and potentially others (Adair, Cherokee, Hughes, Okfuskee, Okmulgee, Wagoner); exact boundaries not confirmed","confidence":0.7},"geometry":{"type":"Polygon","coordinates":[[[-95.51449,34.63745],[-95.51448,34.625],[-95.51451,34.59415],[-95.56652,34.59416],[-95.56716,34.59407],[-95.57048,34.59413],[-95.67088,34.59385],[-95.67181,34.59373],[-95.68954,34.59372],[-95.69791,34.5937],[-95.75312,34.5937],[-95.80665,34.59366],[-95.82903,34.59362],[-95.88199,34.59353],[-95.88206,34.62235],[-95.88212,34.65162],[-95.8822,34.68048],[-95.90175,34.68055],[-95.92965,34.68054],[-96.03963,34.68046],[-96.08852,34.68038],[-96.09204,34.68056],[-96.092,34.76748],[-96.09282,34.76758],[-96.16193,34.76724],[-96.17949,34.76717],[-96.25743,34.76684],[-96.25821,34.76688],[-96.29267,34.76687],[-96.29284,34.76687],[-96.40648,34.76733],[-96.40626,34.85242],[-96.40619,34.85296],[-96.40618,34.86912],[-96.4062,34.87272],[-96.40621,34.8764],[-96.40619,34.87794],[-96.40617,34.88],[-96.40617,34.8836],[-96.40617,34.8981],[-96.40625,34.89887],[-96.40616,34.90045],[-96.40613,34.93419],[-96.40957,34.92945],[-96.40976,34.92609],[-96.40928,34.92508],[-96.41083,34.92369],[-96.41069,34.92214],[-96.41367,34.91638],[-96.41378,34.91562],[-96.4178,34.91173],[-96.41747,34.90965],[-96.41841,34.90785],[-96.42093,34.90744],[-96.4247,34.90369],[-96.42687,34.90313],[-96.43101,34.90347],[-96.43155,34.90258],[-96.43559,34.90228],[-96.4372,34.90305],[-96.43721,34.90477],[-96.44259,34.9064],[-96.44473,34.90763],[-96.44486,34.90909],[-96.44968,34.91068],[-96.4521,34.91212],[-96.45663,34.91526],[-96.46037,34.9165],[-96.46108,34.91564],[-96.46389,34.9159],[-96.46572,34.91522],[-96.47594,34.91638],[-96.47809,34.91635],[-96.48648,34.91299],[-96.49079,34.91058],[-96.49065,34.96609],[-96.49058,35.02129],[-96.49053,35.0499],[-96.49053,35.05773],[-96.49052,35.06141],[-96.49049,35.07233],[-96.49048,35.08681],[-96.49047,35.09406],[-96.49043,35.11586],[-96.47224,35.11579],[-96.4413,35.11577],[-96.44128,35.13531],[-96.44123,35.15928],[-96.44119,35.17392],[-96.44125,35.20289],[-96.44134,35.2319],[-96.44137,35.29012],[-96.44138,35.31173],[-96.44128,35.33371],[-96.44127,35.34814],[-96.44125,35.39182],[-96.44115,35.43494],[-96.44122,35.43543],[-96.44129,35.46771],[-96.44222,35.46556],[-96.44348,35.46114],[-96.4462,35.45844],[-96.44924,35.45943],[-96.45255,35.45821],[-96.45399,35.45881],[-96.45456,35.46015],[-96.45651,35.46126],[-96.45905,35.46151],[-96.46224,35.46091],[-96.46382,35.45873],[-96.46559,35.45811],[-96.4693,35.45957],[-96.47041,35.46058],[-96.47151,35.46299],[-96.4731,35.46396],[-96.47575,35.46342],[-96.47669,35.46091],[-96.47673,35.45887],[-96.48106,35.45388],[-96.48419,35.4512],[-96.4855,35.45077],[-96.48773,35.44916],[-96.48828,35.44823],[-96.48796,35.44583],[-96.48428,35.44453],[-96.48306,35.44249],[-96.48302,35.43984],[-96.4844,35.43655],[-96.48752,35.43252],[-96.49012,35.43094],[-96.49176,35.43042],[-96.49659,35.4289],[-96.50157,35.42872],[-96.5057,35.43],[-96.51141,35.42964],[-96.51863,35.4312],[-96.52041,35.4326],[-96.51971,35.43581],[-96.52155,35.43849],[-96.52548,35.44114],[-96.52966,35.44446],[-96.53233,35.44637],[-96.53461,35.44687],[-96.53649,35.44716],[-96.53928,35.44977],[-96.54033,35.45339],[-96.54321,35.45732],[-96.54412,35.45783],[-96.54618,35.45747],[-96.54612,35.45642],[-96.54368,35.45414],[-96.54447,35.45273],[-96.54564,35.45268],[-96.54892,35.45354],[-96.55364,35.45431],[-96.55466,35.45345],[-96.55329,35.44991],[-96.55409,35.44783],[-96.55648,35.44736],[-96.55869,35.44891],[-96.56029,35.44875],[-96.56123,35.44747],[-96.56234,35.44418],[-96.56305,35.44328],[-96.56537,35.44227],[-96.56816,35.44222],[-96.56913,35.44168],[-96.5696,35.43956],[-96.56848,35.43816],[-96.56463,35.43606],[-96.55572,35.43457],[-96.55631,35.43262],[-96.55906,35.4292],[-96.56067,35.42443],[-96.56082,35.42269],[-96.5601,35.42156],[-96.55684,35.41882],[-96.55548,35.41984],[-96.55562,35.422],[-96.5548,35.42283],[-96.55263,35.42299],[-96.55171,35.42225],[-96.5511,35.42013],[-96.54919,35.4196],[-96.54777,35.41855],[-96.5481,35.41753],[-96.55001,35.41574],[-96.55,35.41494],[-96.54691,35.41296],[-96.54405,35.41184],[-96.54051,35.41204],[-96.53716,35.41094],[-96.53692,35.40969],[-96.53813,35.40523],[-96.53741,35.40353],[-96.53455,35.40271],[-96.53188,35.40091],[-96.5317,35.39981],[-96.53377,35.39715],[-96.53458,35.39498],[-96.53439,35.39389],[-96.5351,35.39145],[-96.53515,35.39137],[-96.53672,35.39077],[-96.53829,35.39093],[-96.5394,35.39183],[-96.54191,35.39256],[-96.54658,35.39261],[-96.55,35.39218],[-96.5544,35.39366],[-96.55673,35.39497],[-96.55651,35.39902],[-96.55493,35.40169],[-96.55557,35.40244],[-96.55686,35.4024],[-96.56111,35.40019],[-96.56542,35.39937],[-96.56695,35.39938],[-96.56985,35.40108],[-96.57422,35.40194],[-96.57667,35.40193],[-96.57732,35.40266],[-96.57745,35.40479],[-96.57868,35.40718],[-96.58137,35.40953],[-96.58565,35.41147],[-96.5891,35.41157],[-96.5917,35.40878],[-96.594,35.40428],[-96.595,35.40315],[-96.59625,35.4002],[-96.59728,35.39883],[-96.59972,35.39695],[-96.60483,35.39938],[-96.60671,35.39937],[-96.60637,35.39798],[-96.60676,35.39588],[-96.6102,35.39426],[-96.61139,35.39423],[-96.61261,35.39657],[-96.61378,35.39682],[-96.61603,35.3957],[-96.6173,35.39583],[-96.6213,35.39809],[-96.62264,35.40026],[-96.6237,35.40072],[-96.62372,35.40189],[-96.62429,35.40467],[-96.62468,35.46271],[-96.62373,35.49166],[-96.62278,35.52067],[-96.62198,35.54269],[-96.62167,35.54945],[-96.62188,35.55002],[-96.62169,35.55177],[-96.62107,35.61508],[-96.62083,35.639],[-96.57654,35.63898],[-96.55647,35.63901],[-96.52948,35.639],[-96.49686,35.63903],[-96.47656,35.63904],[-96.46793,35.63907],[-96.43676,35.63912],[-96.43351,35.63912],[-96.43245,35.63929],[-96.41915,35.63931],[-96.39436,35.63913],[-96.38957,35.63931],[-96.38762,35.63929],[-96.38697,35.63911],[-96.28149,35.63882],[-96.28063,35.6389],[-96.19256,35.63909],[-96.19263,35.6777],[-96.19252,35.67827],[-96.19261,35.70057],[-96.19257,35.70096],[-96.19255,35.72624],[-96.19253,35.74079],[-96.19252,35.76922],[-96.19243,35.77008],[-96.19242,35.79153],[-96.1924,35.85699],[-96.19193,35.85699],[-96.15955,35.85705],[-96.13974,35.85709],[-96.13723,35.8571],[-96.08613,35.8572],[-96.03312,35.85682],[-96.01541,35.85688],[-96.01517,35.85692],[-96.00643,35.8569],[-95.9975,35.85684],[-95.99676,35.85715],[-95.99611,35.85682],[-95.98432,35.85683],[-95.97979,35.85688],[-95.97526,35.85682],[-95.97097,35.85683],[-95.96684,35.8568],[-95.94407,35.85658],[-95.90837,35.8564],[-95.89947,35.85636],[-95.89054,35.85634],[-95.87276,35.85631],[-95.8374,35.85627],[-95.82829,35.85627],[-95.81946,35.85625],[-95.81945,35.86866],[-95.8194,35.87109],[-95.81945,35.87779],[-95.81946,35.88498],[-95.81948,35.90092],[-95.81948,35.90095],[-95.81948,35.90109],[-95.81047,35.90112],[-95.79857,35.9011],[-95.79732,35.9011],[-95.79336,35.9011],[-95.79246,35.90111],[-95.76203,35.90115],[-95.7617,35.9093],[-95.76171,35.9129],[-95.7617,35.91547],[-95.7617,35.91803],[-95.76155,35.9333],[-95.76162,35.9738],[-95.76166,35.98839],[-95.76163,36.0029],[-95.76164,36.00657],[-95.76165,36.01744],[-95.76165,36.0247],[-95.76163,36.03192],[-95.76163,36.04644],[-95.76184,36.05468],[-95.76167,36.06095],[-95.76165,36.07545],[-95.76167,36.08996],[-95.76166,36.09029],[-95.76166,36.0925],[-95.76167,36.10445],[-95.76164,36.11898],[-95.76166,36.13369],[-95.76166,36.15161],[-95.76166,36.1529],[-95.76166,36.15399],[-95.76165,36.15465],[-95.76165,36.15522],[-95.76166,36.15602],[-95.76165,36.16055],[-95.76164,36.16197],[-95.76165,36.16275],[-95.75752,36.16285],[-95.75661,36.16301],[-95.75449,36.16248],[-95.74528,36.16247],[-95.74399,36.16247],[-95.7328,36.16246],[-95.72641,36.16245],[-95.72139,36.16207],[-95.71307,36.16189],[-95.70822,36.1619],[-95.69963,36.1624],[-95.69046,36.16239],[-95.67268,36.16233],[-95.63685,36.16245],[-95.61983,36.16269],[-95.61918,36.1626],[-95.61855,36.16251],[-95.61852,36.16251],[-95.61794,36.15033],[-95.61748,36.14847],[-95.61624,36.14662],[-95.61059,36.14219],[-95.60985,36.14121],[-95.60642,36.13499],[-95.6047,36.13346],[-95.59486,36.12943],[-95.5931,36.12967],[-95.59234,36.13232],[-95.59351,36.13571],[-95.59279,36.13705],[-95.59142,36.13707],[-95.58901,36.13622],[-95.58724,36.13408],[-95.58071,36.13435],[-95.57619,36.13356],[-95.5736,36.13127],[-95.5713,36.13023],[-95.56832,36.13012],[-95.56784,36.12938],[-95.57002,36.12028],[-95.57067,36.11376],[-95.57026,36.11073],[-95.56831,36.1074],[-95.56151,36.09918],[-95.55813,36.09659],[-95.55259,36.09149],[-95.55663,36.08245],[-95.55831,36.08199],[-95.56268,36.08426],[-95.56428,36.08458],[-95.57097,36.08224],[-95.57475,36.08246],[-95.57673,36.08376],[-95.57844,36.08409],[-95.5799,36.08299],[-95.57938,36.08032],[-95.57752,36.07843],[-95.57152,36.07528],[-95.5295,36.07529],[-95.49363,36.07528],[-95.43997,36.07527],[-95.43067,36.07529],[-95.3875,36.07538],[-95.38648,36.07528],[-95.36448,36.07529],[-95.33282,36.07533],[-95.30375,36.07518],[-95.30045,36.07557],[-95.29758,36.07513],[-95.29479,36.07514],[-95.2936,36.07562],[-95.29007,36.07507],[-95.25543,36.07484],[-95.23855,36.07472],[-95.23582,36.07483],[-95.20794,36.07477],[-95.18995,36.07468],[-95.17197,36.07464],[-95.13416,36.07458],[-95.11838,36.07454],[-95.11839,36.09632],[-95.11841,36.10356],[-95.1184,36.13301],[-95.1184,36.13398],[-95.1185,36.16163],[-95.09715,36.16149],[-95.09154,36.16159],[-95.06481,36.16159],[-95.05916,36.16151],[-95.05809,36.16172],[-95.02886,36.16174],[-95.01133,36.16176],[-95.00281,36.16175],[-94.95873,36.16168],[-94.95324,36.16152],[-94.94199,36.16164],[-94.94028,36.16145],[-94.92471,36.16152],[-94.92236,36.16154],[-94.89637,36.16156],[-94.86859,36.1616],[-94.85768,36.16161],[-94.85334,36.16161],[-94.85099,36.16169],[-94.84873,36.16166],[-94.8464,36.16163],[-94.83289,36.16163],[-94.83279,36.16163],[-94.81471,36.16164],[-94.81455,36.16164],[-94.79741,36.16165],[-94.78236,36.16164],[-94.77716,36.16163],[-94.73527,36.16158],[-94.71386,36.16155],[-94.70818,36.16154],[-94.69879,36.16153],[-94.69739,36.16152],[-94.68759,36.16152],[-94.64606,36.16168],[-94.63716,36.16173],[-94.60137,36.16175],[-94.59689,36.16176],[-94.56581,36.1619],[-94.56283,36.16189],[-94.5628,36.16175],[-94.56116,36.15211],[-94.55969,36.14393],[-94.55951,36.14292],[-94.55723,36.13025],[-94.55216,36.10213],[-94.54987,36.08939],[-94.54787,36.07828],[-94.54771,36.07727],[-94.54326,36.05144],[-94.53731,36.01697],[-94.5373,36.01696],[-94.53572,36.00781],[-94.53521,36.0048],[-94.53516,36.00451],[-94.53485,36.00268],[-94.53367,35.99694],[-94.53365,35.9968],[-94.53209,35.98797],[-94.53207,35.98785],[-94.53207,35.98783],[-94.53206,35.9878],[-94.53205,35.98771],[-94.52833,35.96618],[-94.5283,35.96605],[-94.52816,35.96567],[-94.52464,35.94573],[-94.52434,35.94405],[-94.52291,35.93613],[-94.52263,35.93489],[-94.52266,35.9348],[-94.52266,35.93425],[-94.52225,35.93164],[-94.51826,35.90628],[-94.51823,35.90607],[-94.51757,35.90187],[-94.51738,35.90077],[-94.50763,35.8459],[-94.50741,35.84452],[-94.50564,35.83363],[-94.50444,35.82637],[-94.50301,35.81721],[-94.50141,35.80786],[-94.50116,35.80643],[-94.50076,35.80382],[-94.50057,35.80288],[-94.50053,35.80264],[-94.49965,35.79691],[-94.49904,35.79346],[-94.49887,35.79251],[-94.4969,35.78146],[-94.49455,35.7683],[-94.49336,35.76189],[-94.49294,35.75925],[-94.48821,35.72924],[-94.48758,35.72615],[-94.48429,35.70683],[-94.48428,35.7068],[-94.48279,35.69803],[-94.48247,35.69614],[-94.47265,35.63856],[-94.4662,35.59962],[-94.46527,35.59404],[-94.46446,35.58891],[-94.46421,35.58779],[-94.4641,35.58727],[-94.46332,35.58266],[-94.4629,35.58001],[-94.46,35.56174],[-94.45658,35.54018],[-94.45472,35.5284],[-94.45223,35.51273],[-94.4499,35.49798],[-94.4497,35.49672],[-94.44326,35.46149],[-94.44145,35.45155],[-94.44123,35.45034],[-94.44119,35.45015],[-94.44114,35.44988],[-94.43895,35.43784],[-94.4356,35.41953],[-94.43084,35.39346],[-94.43066,35.39248],[-94.43146,35.39145],[-94.43559,35.38612],[-94.43309,35.3783],[-94.43341,35.37629],[-94.4316,35.36954],[-94.43312,35.36592],[-94.43302,35.36566],[-94.43224,35.36357],[-94.43256,35.35381],[-94.43262,35.35213],[-94.43281,35.34645],[-94.43304,35.33942],[-94.43339,35.32848],[-94.43367,35.31996],[-94.43376,35.3174],[-94.43386,35.31422],[-94.43387,35.31401],[-94.43392,35.31242],[-94.43402,35.30935],[-94.43411,35.30649],[-94.43443,35.30198],[-94.43514,35.29193],[-94.43517,35.29149],[-94.43528,35.28748],[-94.4353,35.28031],[-94.43531,35.27876],[-94.43532,35.27589],[-94.43548,35.27523],[-94.43571,35.27427],[-94.43579,35.27183],[-94.43581,35.2713],[-94.4363,35.25814],[-94.43659,35.25009],[-94.43701,35.24675],[-94.43747,35.24311],[-94.43758,35.2422],[-94.43776,35.23946],[-94.43777,35.23927],[-94.43758,35.23094],[-94.43783,35.22334],[-94.4379,35.22147],[-94.43825,35.21099],[-94.43847,35.20859],[-94.43883,35.20192],[-94.43908,35.1973],[-94.43906,35.19359],[-94.43886,35.18718],[-94.43892,35.18564],[-94.43951,35.17181],[-94.43955,35.16904],[-94.43972,35.16345],[-94.43972,35.16344],[-94.44075,35.12881],[-94.44123,35.11972],[-94.44154,35.1112],[-94.44265,35.08021],[-94.44328,35.06249],[-94.44449,35.02866],[-94.44547,35.00147],[-94.4456,34.99786],[-94.4463,34.97823],[-94.4476,34.94192],[-94.44788,34.93408],[-94.44925,34.89587],[-94.44909,34.89415],[-94.44906,34.89056],[-94.44911,34.88921],[-94.44963,34.87536],[-94.44963,34.87525],[-94.45006,34.86133],[-94.45014,34.85869],[-94.45023,34.85541],[-94.45032,34.85279],[-94.45076,34.84013],[-94.45108,34.8307],[-94.45119,34.8276],[-94.4533,34.76611],[-94.45458,34.72895],[-94.45475,34.72399],[-94.45534,34.70672],[-94.45579,34.69351],[-94.45602,34.68694],[-94.4562,34.68156],[-94.45626,34.68004],[-94.45626,34.67981],[-94.45751,34.64349],[-94.45753,34.64296],[-94.4575,34.63495],[-94.4587,34.59402],[-94.46005,34.54787],[-94.46006,34.54526],[-94.46036,34.53468],[-94.46108,34.50975],[-94.46115,34.50746],[-94.6743,34.50726],[-94.7851,34.50728],[-94.9376,34.5073],[-94.93757,34.53794],[-94.93748,34.53846],[-94.93756,34.59359],[-94.93756,34.59433],[-94.9375,34.6251],[-94.93749,34.6662],[-94.93751,34.66668],[-94.93755,34.68079],[-95.02514,34.6808],[-95.05962,34.68074],[-95.09969,34.68078],[-95.1014,34.68066],[-95.13209,34.68059],[-95.18208,34.68054],[-95.2001,34.68054],[-95.30466,34.68086],[-95.30566,34.68092],[-95.31407,34.68098],[-95.31516,34.68093],[-95.4448,34.68083],[-95.51447,34.68072],[-95.51448,34.66653],[-95.51449,34.63745]],[[-95.31115,35.81319],[-95.31789,35.81343],[-95.32244,35.81346],[-95.324,35.81339],[-95.32459,35.81332],[-95.33142,35.81329],[-95.3377,35.81328],[-95.34443,35.81363],[-95.34665,35.81596],[-95.3524,35.81721],[-95.35243,35.81773],[-95.35715,35.81987],[-95.35815,35.82082],[-95.36036,35.82241],[-95.36232,35.82257],[-95.36351,35.8218],[-95.36384,35.8197],[-95.36704,35.8188],[-95.37375,35.8154],[-95.37625,35.8147],[-95.37785,35.8144],[-95.38263,35.81414],[-95.38798,35.81225],[-95.38845,35.81137],[-95.39077,35.81064],[-95.39689,35.80961],[-95.40115,35.8071],[-95.40221,35.80663],[-95.40805,35.8043],[-95.41445,35.802],[-95.42025,35.7996],[-95.42631,35.79838],[-95.43118,35.79864],[-95.43443,35.79919],[-95.44055,35.7997],[-95.44632,35.79994],[-95.45182,35.80143],[-95.45319,35.80239],[-95.45834,35.80317],[-95.46354,35.80469],[-95.46855,35.804],[-95.47165,35.8045],[-95.47755,35.8042],[-95.48385,35.803],[-95.49099,35.80109],[-95.49755,35.7995],[-95.50009,35.7987],[-95.51448,35.79394],[-95.52073,35.79225],[-95.52401,35.7929],[-95.52598,35.7927],[-95.52735,35.79118],[-95.53151,35.79059],[-95.53854,35.79064],[-95.54089,35.79021],[-95.54193,35.7888],[-95.5446,35.78826],[-95.54788,35.78901],[-95.55354,35.78718],[-95.55631,35.78875],[-95.56104,35.78785],[-95.56309,35.78791],[-95.56435,35.78564],[-95.56652,35.78372],[-95.56826,35.78294],[-95.57257,35.7773],[-95.57664,35.77271],[-95.57728,35.77155],[-95.57987,35.76974],[-95.58197,35.76828],[-95.58362,35.76644],[-95.58465,35.76556],[-95.59015,35.76543],[-95.59355,35.76762],[-95.59641,35.77149],[-95.60035,35.77548],[-95.60051,35.77689],[-95.60195,35.77809],[-95.60448,35.77813],[-95.60527,35.77753],[-95.60937,35.77646],[-95.61182,35.77736],[-95.61538,35.7767],[-95.62152,35.77764],[-95.62442,35.77871],[-95.62526,35.78007],[-95.6316,35.78245],[-95.63302,35.78444],[-95.63514,35.78527],[-95.63831,35.7876],[-95.63979,35.79099],[-95.63955,35.79242],[-95.63817,35.79622],[-95.63892,35.79879],[-95.63713,35.79912],[-95.63632,35.80054],[-95.63686,35.80188],[-95.63809,35.80215],[-95.63755,35.80506],[-95.63918,35.8071],[-95.639,35.80908],[-95.64152,35.81542],[-95.63966,35.82166],[-95.63889,35.82235],[-95.64018,35.8246],[-95.63917,35.82717],[-95.63909,35.83288],[-95.63868,35.83549],[-95.63908,35.83723],[-95.64109,35.84028],[-95.64132,35.84003],[-95.64139,35.83831],[-95.63977,35.8359],[-95.64045,35.83494],[-95.64253,35.83574],[-95.64356,35.83729],[-95.64702,35.83924],[-95.6477,35.84107],[-95.64913,35.84214],[-95.64803,35.8474],[-95.6511,35.85372],[-95.65042,35.85664],[-95.65897,35.85664],[-95.66022,35.85667],[-95.73104,35.8565],[-95.73285,35.8564],[-95.76611,35.85628],[-95.76613,35.81277],[-95.7662,35.74802],[-95.76626,35.72575],[-95.71308,35.72581],[-95.71311,35.69698],[-95.7131,35.68843],[-95.71315,35.68192],[-95.71322,35.67838],[-95.7131,35.67786],[-95.71312,35.63931],[-95.71297,35.63751],[-95.71321,35.56618],[-95.71295,35.55174],[-95.65393,35.55171],[-95.65145,35.55171],[-95.64657,35.55172],[-95.64602,35.55172],[-95.62447,35.55172],[-95.61034,35.55172],[-95.59729,35.55171],[-95.57107,35.55171],[-95.5579,35.5517],[-95.55324,35.55172],[-95.54464,35.55172],[-95.5041,35.55178],[-95.50343,35.55173],[-95.48538,35.55174],[-95.47368,35.55174],[-95.4252,35.55173],[-95.40534,35.55175],[-95.39761,35.55175],[-95.3581,35.55181],[-95.34913,35.55176],[-95.3448,35.55175],[-95.3448,35.55039],[-95.34481,35.52224],[-95.34476,35.49232],[-95.34486,35.4914],[-95.34484,35.46792],[-95.34482,35.43505],[-95.34481,35.42808],[-95.34477,35.4053],[-95.34478,35.36242],[-95.34477,35.29304],[-95.34085,35.2949],[-95.33645,35.2974],[-95.33195,35.2988],[-95.31995,35.30125],[-95.31667,35.30209],[-95.31175,35.3027],[-95.30545,35.3023],[-95.30095,35.3014],[-95.28765,35.2948],[-95.28575,35.2934],[-95.28045,35.2887],[-95.27915,35.288],[-95.27369,35.28294],[-95.27065,35.2796],[-95.26565,35.2733],[-95.26356,35.27111],[-95.26215,35.26899],[-95.25698,35.26577],[-95.25024,35.2632],[-95.24843,35.26288],[-95.24592,35.26181],[-95.24381,35.26164],[-95.24072,35.26231],[-95.23755,35.26362],[-95.23134,35.26593],[-95.22609,35.2692],[-95.2226,35.27172],[-95.22136,35.27282],[-95.21844,35.27583],[-95.21134,35.28198],[-95.20941,35.28382],[-95.20616,35.28807],[-95.20538,35.28942],[-95.20407,35.29339],[-95.20286,35.29915],[-95.20068,35.30249],[-95.19919,35.30359],[-95.1941,35.30531],[-95.19116,35.30533],[-95.18794,35.30495],[-95.18573,35.30422],[-95.18031,35.30127],[-95.17647,35.30134],[-95.17496,35.3022],[-95.17176,35.30555],[-95.17046,35.31011],[-95.17057,35.31271],[-95.17118,35.31543],[-95.17243,35.31883],[-95.17679,35.32754],[-95.17992,35.33317],[-95.18255,35.33686],[-95.18289,35.33871],[-95.18185,35.34188],[-95.17952,35.3457],[-95.17721,35.34857],[-95.17496,35.35055],[-95.17212,35.35217],[-95.17038,35.35273],[-95.16566,35.35307],[-95.16328,35.35258],[-95.15783,35.35094],[-95.15427,35.34892],[-95.1505,35.34587],[-95.14802,35.34595],[-95.14606,35.34676],[-95.14423,35.34863],[-95.1413,35.35556],[-95.14167,35.35707],[-95.1428,35.35831],[-95.14746,35.36116],[-95.15121,35.36231],[-95.15415,35.36235],[-95.15578,35.36283],[-95.15961,35.36522],[-95.16158,35.36698],[-95.16177,35.36792],[-95.15981,35.37013],[-95.15775,35.37151],[-95.15234,35.37368],[-95.14834,35.3758],[-95.14604,35.3767],[-95.14434,35.3779],[-95.13924,35.38],[-95.13544,35.3804],[-95.13274,35.38],[-95.12994,35.3788],[-95.12684,35.3766],[-95.12488,35.37367],[-95.12328,35.37232],[-95.12124,35.37221],[-95.12007,35.37307],[-95.11491,35.37861],[-95.11284,35.3814],[-95.11044,35.3859],[-95.10784,35.3894],[-95.10484,35.3944],[-95.10264,35.3969],[-95.10184,35.3976],[-95.09134,35.4034],[-95.08784,35.4044],[-95.08524,35.4072],[-95.08334,35.4115],[-95.08203,35.4165],[-95.08103,35.4231],[-95.08063,35.4272],[-95.08063,35.4308],[-95.07993,35.433],[-95.07862,35.43486],[-95.07653,35.438],[-95.07393,35.4426],[-95.07053,35.4471],[-95.06883,35.44889],[-95.06347,35.45257],[-95.05763,35.45569],[-95.04993,35.45889],[-95.06144,35.46509],[-95.06232,35.46509],[-95.06553,35.4648],[-95.07153,35.46169],[-95.07383,35.45999],[-95.07723,35.4588],[-95.08083,35.4591],[-95.08403,35.4604],[-95.08683,35.4625],[-95.08833,35.4648],[-95.08963,35.4694],[-95.09103,35.4759],[-95.09244,35.4797],[-95.09614,35.4857],[-95.09705,35.48661],[-95.09748,35.48704],[-95.10094,35.4894],[-95.10384,35.4905],[-95.10764,35.49309],[-95.11463,35.49933],[-95.11513,35.5003],[-95.12084,35.5057],[-95.12467,35.51202],[-95.12524,35.516],[-95.12649,35.51906],[-95.12657,35.51923],[-95.12754,35.5213],[-95.13227,35.52605],[-95.13231,35.54382],[-95.13229,35.54776],[-95.13229,35.55181],[-95.13127,35.55172],[-95.12731,35.55182],[-95.12731,35.55429],[-95.12724,35.59584],[-95.12727,35.60245],[-95.12761,35.62024],[-95.12735,35.6251],[-95.12746,35.63862],[-95.12721,35.63879],[-95.1272,35.64557],[-95.12718,35.6731],[-95.12716,35.69578],[-95.12736,35.7129],[-95.1272,35.71537],[-95.12731,35.73299],[-95.12713,35.73439],[-95.12713,35.7655],[-95.12712,35.76885],[-95.12712,35.77634],[-95.12713,35.79827],[-95.12712,35.79846],[-95.12716,35.81276],[-95.13701,35.81278],[-95.14498,35.81281],[-95.15433,35.81287],[-95.19508,35.81307],[-95.19851,35.81297],[-95.21635,35.81305],[-95.22962,35.81307],[-95.24155,35.81317],[-95.24268,35.81314],[-95.24486,35.81311],[-95.2516,35.81321],[-95.25271,35.81322],[-95.25875,35.81325],[-95.26568,35.81327],[-95.30514,35.8132],[-95.31115,35.81319]]]}},{"type":"Feature","properties":{"name":"Little Dixie Transit","boundary_type":"counties","source":"Census TIGER county","fidelity":"exact","updated":"2026-09","units":"McCurtain County; Choctaw County; Pushmataha County","note":"Southeastern Oklahoma: McCurtain, Choctaw, and Pushmataha counties (corrected from initial 5-county list; Atoka and Bryan not verified by sources)","confidence":0.9},"geometry":{"type":"Polygon","coordinates":[[[-95.91902,34.15673],[-95.83614,34.15669],[-95.82662,34.157],[-95.82626,34.15657],[-95.81676,34.15664],[-95.80879,34.15656],[-95.80317,34.15676],[-95.77938,34.1567],[-95.77933,34.16417],[-95.77952,34.16497],[-95.77939,34.16561],[-95.77918,34.17175],[-95.77924,34.24832],[-95.7792,34.27268],[-95.77925,34.32671],[-95.77924,34.41757],[-95.77913,34.50664],[-95.73172,34.50672],[-95.72914,34.50672],[-95.72691,34.50672],[-95.70664,34.50675],[-95.67945,34.50679],[-95.67433,34.50679],[-95.67175,34.50679],[-95.67178,34.54341],[-95.67178,34.55401],[-95.67181,34.59373],[-95.67088,34.59385],[-95.57048,34.59413],[-95.56716,34.59407],[-95.56652,34.59416],[-95.51451,34.59415],[-95.51448,34.625],[-95.51449,34.63745],[-95.51448,34.66653],[-95.51447,34.68072],[-95.4448,34.68083],[-95.31516,34.68093],[-95.31407,34.68098],[-95.30566,34.68092],[-95.30466,34.68086],[-95.2001,34.68054],[-95.18208,34.68054],[-95.13209,34.68059],[-95.1014,34.68066],[-95.09969,34.68078],[-95.05962,34.68074],[-95.02514,34.6808],[-94.93755,34.68079],[-94.93751,34.66668],[-94.93749,34.6662],[-94.9375,34.6251],[-94.93756,34.59433],[-94.93756,34.59359],[-94.93748,34.53846],[-94.93757,34.53794],[-94.9376,34.5073],[-94.7851,34.50728],[-94.6743,34.50726],[-94.46115,34.50746],[-94.46243,34.46293],[-94.46287,34.44747],[-94.4633,34.43269],[-94.46366,34.41982],[-94.46367,34.41958],[-94.46382,34.41446],[-94.46418,34.40271],[-94.46489,34.3779],[-94.46542,34.35955],[-94.46544,34.35933],[-94.46585,34.35207],[-94.46643,34.33073],[-94.46867,34.24921],[-94.47028,34.19018],[-94.47113,34.1592],[-94.47267,34.10298],[-94.47387,34.05946],[-94.4749,34.02188],[-94.4749,34.02184],[-94.47489,34.01965],[-94.47502,34.0159],[-94.47696,33.95737],[-94.47704,33.95384],[-94.47732,33.94095],[-94.47732,33.94086],[-94.47739,33.93776],[-94.47884,33.88148],[-94.47899,33.8812],[-94.47978,33.85671],[-94.47995,33.85133],[-94.48057,33.83017],[-94.48078,33.82314],[-94.48135,33.80289],[-94.48136,33.80265],[-94.48153,33.79604],[-94.48154,33.79572],[-94.48184,33.78902],[-94.48184,33.78901],[-94.48246,33.76496],[-94.48268,33.75629],[-94.48278,33.75364],[-94.48285,33.75107],[-94.48286,33.75078],[-94.48287,33.75056],[-94.4833,33.736],[-94.4833,33.73599],[-94.48357,33.72684],[-94.48365,33.72418],[-94.48387,33.71673],[-94.48384,33.71133],[-94.48462,33.69159],[-94.48452,33.68791],[-94.48553,33.66339],[-94.48558,33.65331],[-94.48587,33.63787],[-94.49111,33.63623],[-94.48843,33.63237],[-94.48751,33.62894],[-94.4915,33.62512],[-94.4978,33.62401],[-94.50461,33.62068],[-94.51151,33.62311],[-94.51726,33.63273],[-94.52024,33.6298],[-94.51806,33.62298],[-94.51984,33.61808],[-94.523,33.61608],[-94.52738,33.61583],[-94.53187,33.61865],[-94.53517,33.62192],[-94.53506,33.62512],[-94.53199,33.62783],[-94.52457,33.63261],[-94.51893,33.63716],[-94.51913,33.6383],[-94.52184,33.64073],[-94.52749,33.64134],[-94.53482,33.63928],[-94.54109,33.63653],[-94.5514,33.62849],[-94.55575,33.62709],[-94.56408,33.62626],[-94.56952,33.62783],[-94.57045,33.62995],[-94.56839,33.6372],[-94.55904,33.64197],[-94.54544,33.64623],[-94.54259,33.65141],[-94.54333,33.65569],[-94.54637,33.65916],[-94.54964,33.66068],[-94.5602,33.65697],[-94.57057,33.65223],[-94.57784,33.64556],[-94.58327,33.64379],[-94.58863,33.64418],[-94.59083,33.64556],[-94.58699,33.65018],[-94.57557,33.65941],[-94.56325,33.66268],[-94.56034,33.66659],[-94.56217,33.66896],[-94.56906,33.66856],[-94.57788,33.66568],[-94.57986,33.66617],[-94.58029,33.67882],[-94.583,33.68117],[-94.58707,33.68582],[-94.59054,33.68622],[-94.59314,33.68324],[-94.59003,33.67585],[-94.59195,33.67286],[-94.59143,33.66891],[-94.59312,33.66543],[-94.59797,33.66338],[-94.603,33.66306],[-94.60768,33.66557],[-94.61171,33.67017],[-94.61283,33.674],[-94.61332,33.67567],[-94.61762,33.68124],[-94.62238,33.68243],[-94.62819,33.68107],[-94.63045,33.67712],[-94.63092,33.67344],[-94.63557,33.66753],[-94.638,33.66458],[-94.65589,33.66017],[-94.66319,33.66108],[-94.66931,33.66436],[-94.67105,33.66839],[-94.66885,33.67188],[-94.66181,33.67513],[-94.65792,33.67419],[-94.654,33.67115],[-94.6513,33.67042],[-94.64553,33.67353],[-94.64558,33.6755],[-94.64848,33.68212],[-94.6489,33.68402],[-94.64547,33.68534],[-94.64313,33.69032],[-94.63865,33.6958],[-94.639,33.69768],[-94.64432,33.70167],[-94.64739,33.70112],[-94.64864,33.69799],[-94.64724,33.69265],[-94.64901,33.68735],[-94.65096,33.68656],[-94.65299,33.68722],[-94.6617,33.69314],[-94.66785,33.69461],[-94.67177,33.69331],[-94.67788,33.68782],[-94.68479,33.68435],[-94.70545,33.68804],[-94.71207,33.68794],[-94.71619,33.6879],[-94.71734,33.68899],[-94.71434,33.69407],[-94.71393,33.69683],[-94.71284,33.69755],[-94.70634,33.69673],[-94.70219,33.69745],[-94.70105,33.70005],[-94.70173,33.70341],[-94.70602,33.70629],[-94.71136,33.70892],[-94.72787,33.71556],[-94.73231,33.71599],[-94.73483,33.71392],[-94.73309,33.71015],[-94.73131,33.70708],[-94.72695,33.70525],[-94.72145,33.70456],[-94.71779,33.70185],[-94.71659,33.69516],[-94.71981,33.68974],[-94.72074,33.68906],[-94.72559,33.69046],[-94.73586,33.69163],[-94.74188,33.70122],[-94.7461,33.70277],[-94.75202,33.70494],[-94.7538,33.70773],[-94.75327,33.71028],[-94.74756,33.71168],[-94.73857,33.7145],[-94.73279,33.72004],[-94.73263,33.72392],[-94.73518,33.72662],[-94.73825,33.72717],[-94.74177,33.72687],[-94.74398,33.725],[-94.7448,33.72219],[-94.74511,33.71791],[-94.74715,33.71529],[-94.75213,33.71384],[-94.7559,33.71507],[-94.75761,33.71716],[-94.75731,33.71817],[-94.74824,33.72471],[-94.748,33.72554],[-94.75137,33.73373],[-94.75251,33.73447],[-94.7544,33.73339],[-94.75474,33.73304],[-94.7606,33.72705],[-94.77313,33.72719],[-94.78264,33.73025],[-94.78825,33.73532],[-94.77739,33.7452],[-94.77382,33.74651],[-94.76943,33.74627],[-94.76175,33.74679],[-94.75781,33.75011],[-94.7572,33.75482],[-94.76006,33.75829],[-94.76444,33.76018],[-94.7705,33.76094],[-94.77492,33.75811],[-94.77602,33.7562],[-94.77784,33.75301],[-94.7782,33.74974],[-94.78097,33.7448],[-94.78676,33.74153],[-94.79584,33.73759],[-94.80225,33.73279],[-94.8111,33.73483],[-94.81606,33.73922],[-94.81621,33.74193],[-94.81291,33.74545],[-94.81215,33.75094],[-94.81428,33.7519],[-94.81666,33.75527],[-94.81616,33.7634],[-94.81857,33.7677],[-94.82178,33.76875],[-94.82529,33.76852],[-94.83009,33.76366],[-94.83084,33.75808],[-94.82304,33.74753],[-94.82009,33.73483],[-94.82247,33.73272],[-94.82832,33.73495],[-94.82804,33.73916],[-94.83072,33.7405],[-94.84257,33.73945],[-94.8493,33.73958],[-94.86069,33.74195],[-94.8693,33.74587],[-94.87467,33.74916],[-94.87708,33.75222],[-94.87538,33.75492],[-94.86914,33.75904],[-94.86674,33.76183],[-94.86606,33.76616],[-94.86814,33.76887],[-94.87127,33.77032],[-94.87384,33.77031],[-94.87493,33.76743],[-94.87457,33.76286],[-94.87394,33.76057],[-94.8748,33.75789],[-94.8765,33.7574],[-94.87781,33.75845],[-94.88385,33.76324],[-94.88775,33.76902],[-94.89772,33.76884],[-94.9042,33.77325],[-94.90417,33.7772],[-94.90624,33.77819],[-94.91143,33.77838],[-94.9145,33.78215],[-94.91752,33.78651],[-94.92179,33.79141],[-94.92195,33.7916],[-94.92167,33.79592],[-94.91863,33.80294],[-94.91703,33.80832],[-94.91262,33.80868],[-94.91021,33.81243],[-94.91088,33.81591],[-94.91208,33.82047],[-94.91476,33.82449],[-94.9186,33.82682],[-94.922,33.82877],[-94.92607,33.82853],[-94.92682,33.82663],[-94.92629,33.82261],[-94.92441,33.81886],[-94.9231,33.81546],[-94.92307,33.81136],[-94.92521,33.80868],[-94.92921,33.80775],[-94.93999,33.80568],[-94.94787,33.80836],[-94.95352,33.81647],[-94.94383,33.8293],[-94.94948,33.83353],[-94.95768,33.835],[-94.9644,33.83702],[-94.96589,33.84842],[-94.96847,33.85916],[-94.96889,33.86092],[-94.97143,33.86212],[-94.97341,33.86173],[-94.97621,33.85985],[-94.98165,33.85228],[-94.9833,33.85135],[-94.98849,33.851],[-94.99267,33.85245],[-94.99552,33.85744],[-94.99748,33.8605],[-95.00022,33.8625],[-95.00199,33.86305],[-95.00474,33.86168],[-95.00787,33.85952],[-95.01235,33.85801],[-95.01728,33.85795],[-95.02394,33.85932],[-95.03144,33.85985],[-95.03721,33.86025],[-95.04657,33.86256],[-95.04942,33.86481],[-95.05082,33.86944],[-95.05057,33.8775],[-95.05824,33.88755],[-95.0601,33.90187],[-95.06255,33.90303],[-95.06558,33.90356],[-95.0702,33.90244],[-95.07241,33.9027],[-95.07216,33.90558],[-95.0705,33.9084],[-95.06592,33.9087],[-95.06426,33.9101],[-95.06334,33.91087],[-95.06325,33.91326],[-95.06569,33.91597],[-95.06873,33.9176],[-95.07405,33.91535],[-95.0749,33.91048],[-95.0751,33.90891],[-95.07706,33.90656],[-95.07882,33.90303],[-95.07937,33.89463],[-95.07983,33.88748],[-95.08059,33.88226],[-95.08241,33.87988],[-95.08961,33.88086],[-95.09381,33.8852],[-95.09558,33.88802],[-95.09583,33.88843],[-95.09891,33.89088],[-95.10017,33.8961],[-95.09675,33.8997],[-95.09164,33.9021],[-95.08676,33.90382],[-95.08049,33.90774],[-95.07853,33.91028],[-95.07637,33.91538],[-95.07795,33.9187],[-95.08239,33.92176],[-95.08382,33.92106],[-95.08597,33.91695],[-95.08911,33.9142],[-95.09267,33.91283],[-95.10479,33.9096],[-95.11257,33.9046],[-95.11714,33.90362],[-95.12204,33.90479],[-95.12644,33.90708],[-95.13125,33.91224],[-95.13164,33.91603],[-95.12733,33.92028],[-95.12279,33.9247],[-95.12086,33.92812],[-95.12118,33.93131],[-95.1247,33.93467],[-95.13106,33.93693],[-95.13595,33.93537],[-95.14007,33.93478],[-95.14791,33.93557],[-95.15498,33.93665],[-95.15589,33.93689],[-95.1583,33.93753],[-95.16339,33.94086],[-95.16753,33.94474],[-95.17115,33.94651],[-95.17479,33.94746],[-95.17969,33.94869],[-95.18223,33.94894],[-95.18497,33.94953],[-95.18976,33.95136],[-95.19703,33.95311],[-95.19935,33.95397],[-95.20261,33.95691],[-95.20688,33.95909],[-95.21191,33.96124],[-95.21414,33.96214],[-95.21763,33.96265],[-95.22049,33.962],[-95.22401,33.96216],[-95.22639,33.96195],[-95.22757,33.9608],[-95.22952,33.96045],[-95.23064,33.9598],[-95.23038,33.95577],[-95.23164,33.95329],[-95.23288,33.94974],[-95.23571,33.94826],[-95.23975,33.94754],[-95.24585,33.94375],[-95.25017,33.9385],[-95.24827,33.92019],[-95.24974,33.90275],[-95.25269,33.89423],[-95.26059,33.88765],[-95.26402,33.88976],[-95.26589,33.89538],[-95.26523,33.90557],[-95.26613,33.90977],[-95.27067,33.91151],[-95.27858,33.91019],[-95.28298,33.9074],[-95.28559,33.90336],[-95.2843,33.89924],[-95.28035,33.89675],[-95.27794,33.88751],[-95.27832,33.88168],[-95.27877,33.87791],[-95.28092,33.8754],[-95.2893,33.8731],[-95.30579,33.87481],[-95.31041,33.87737],[-95.3109,33.87764],[-95.31443,33.88163],[-95.32222,33.88475],[-95.32644,33.88607],[-95.32986,33.88554],[-95.33194,33.87983],[-95.33197,33.87975],[-95.33485,33.87683],[-95.34342,33.87254],[-95.35654,33.86938],[-95.36252,33.86658],[-95.36564,33.8667],[-95.36963,33.86684],[-95.37523,33.86824],[-95.38464,33.86843],[-95.3928,33.86711],[-95.40205,33.86419],[-95.42731,33.87045],[-95.44093,33.86643],[-95.45346,33.87035],[-95.45856,33.87168],[-95.46234,33.87168],[-95.46421,33.87337],[-95.46411,33.87612],[-95.46123,33.88256],[-95.45945,33.88411],[-95.45945,33.88633],[-95.46167,33.887],[-95.46378,33.88723],[-95.46611,33.88655],[-95.46761,33.88464],[-95.46926,33.88251],[-95.47255,33.88034],[-95.4781,33.87856],[-95.48454,33.8759],[-95.49203,33.87482],[-95.49742,33.87434],[-95.5023,33.87474],[-95.50258,33.87495],[-95.50264,33.87499],[-95.50563,33.87723],[-95.50452,33.88367],[-95.50494,33.88914],[-95.50519,33.89499],[-95.50756,33.89722],[-95.51074,33.89788],[-95.51273,33.89639],[-95.51495,33.89473],[-95.52014,33.88933],[-95.52133,33.88844],[-95.52532,33.88549],[-95.53328,33.88116],[-95.53979,33.8799],[-95.5452,33.88029],[-95.54832,33.88274],[-95.55026,33.88833],[-95.55092,33.89299],[-95.54848,33.89677],[-95.54804,33.90121],[-95.54848,33.90853],[-95.55048,33.91519],[-95.55248,33.91986],[-95.55248,33.92296],[-95.55315,33.92541],[-95.55448,33.92807],[-95.55736,33.93051],[-95.56101,33.93155],[-95.5638,33.93296],[-95.56935,33.93318],[-95.57377,33.93353],[-95.57801,33.93318],[-95.5809,33.93384],[-95.58437,33.93631],[-95.58645,33.93939],[-95.58956,33.94161],[-95.59383,33.94303],[-95.59666,33.94206],[-95.59705,33.94124],[-95.59852,33.9381],[-95.59866,33.93407],[-95.60069,33.93127],[-95.60377,33.92918],[-95.60821,33.92874],[-95.61198,33.92874],[-95.61642,33.92741],[-95.61929,33.92274],[-95.62239,33.9183],[-95.62506,33.9132],[-95.62595,33.91031],[-95.62683,33.90787],[-95.62905,33.90587],[-95.63216,33.90498],[-95.63594,33.9052],[-95.64016,33.90498],[-95.64526,33.90654],[-95.6497,33.90742],[-95.6517,33.9092],[-95.65636,33.91009],[-95.66014,33.91009],[-95.66547,33.90898],[-95.66998,33.90584],[-95.67692,33.89724],[-95.68483,33.89023],[-95.69788,33.88611],[-95.71054,33.885],[-95.71409,33.88589],[-95.71831,33.88966],[-95.72845,33.8937],[-95.72908,33.89401],[-95.73296,33.89588],[-95.73769,33.89655],[-95.7459,33.89632],[-95.75637,33.89263],[-95.76192,33.8834],[-95.76256,33.87437],[-95.76145,33.87318],[-95.76449,33.87131],[-95.76559,33.87102],[-95.76986,33.87145],[-95.77189,33.8738],[-95.77517,33.87452],[-95.77699,33.87272],[-95.77694,33.8714],[-95.7795,33.87013],[-95.78146,33.8683],[-95.78398,33.86909],[-95.78578,33.87239],[-95.78675,33.87353],[-95.78753,33.87281],[-95.7885,33.8736],[-95.78943,33.87247],[-95.79051,33.87333],[-95.79236,33.87348],[-95.79286,33.87264],[-95.79443,33.87394],[-95.79493,33.87334],[-95.79704,33.87371],[-95.79891,33.8732],[-95.79924,33.87175],[-95.80097,33.87163],[-95.80176,33.87253],[-95.80509,33.87012],[-95.80696,33.87025],[-95.80915,33.8712],[-95.81202,33.86985],[-95.81398,33.87143],[-95.81424,33.87284],[-95.81829,33.87235],[-95.82086,33.87284],[-95.82254,33.87366],[-95.82351,33.87281],[-95.82603,33.87374],[-95.82818,33.87314],[-95.83058,33.87403],[-95.83072,33.87538],[-95.8327,33.87575],[-95.83457,33.87373],[-95.83613,33.87447],[-95.8369,33.87337],[-95.83959,33.87493],[-95.83978,33.87419],[-95.84164,33.8754],[-95.84274,33.878],[-95.84412,33.87791],[-95.84509,33.87876],[-95.84744,33.87915],[-95.84776,33.88],[-95.85128,33.88121],[-95.85195,33.88343],[-95.85341,33.8841],[-95.85469,33.88352],[-95.85382,33.88516],[-95.85661,33.88583],[-95.85764,33.88747],[-95.85908,33.88796],[-95.86115,33.8874],[-95.86292,33.88959],[-95.86411,33.89253],[-95.86311,33.89258],[-95.86442,33.89381],[-95.86368,33.89466],[-95.86493,33.895],[-95.86605,33.89645],[-95.86568,33.90056],[-95.86693,33.90111],[-95.86613,33.90241],[-95.86712,33.90236],[-95.86718,33.9038],[-95.86819,33.90375],[-95.86852,33.90503],[-95.86734,33.90548],[-95.86952,33.90572],[-95.87117,33.90757],[-95.87204,33.90734],[-95.87363,33.90991],[-95.87347,33.91072],[-95.87657,33.91349],[-95.87587,33.91377],[-95.87859,33.91576],[-95.88098,33.9167],[-95.88367,33.91642],[-95.88643,33.91577],[-95.88694,33.91672],[-95.88591,33.91706],[-95.88734,33.91851],[-95.89186,33.91952],[-95.89215,33.92031],[-95.89361,33.9203],[-95.89481,33.9213],[-95.89573,33.92084],[-95.89662,33.92172],[-95.89892,33.9198],[-95.90037,33.92071],[-95.90117,33.92],[-95.90393,33.92186],[-95.90335,33.9232],[-95.90418,33.9238],[-95.90559,33.92266],[-95.90905,33.92322],[-95.90942,33.92183],[-95.91469,33.92324],[-95.91887,33.92506],[-95.9183,33.92614],[-95.91965,33.92627],[-95.92211,33.92791],[-95.92266,33.92876],[-95.92118,33.93009],[-95.92176,33.93163],[-95.92369,33.93293],[-95.92492,33.93231],[-95.92617,33.93446],[-95.92663,33.93717],[-95.92936,33.938],[-95.92889,33.93963],[-95.93035,33.93962],[-95.93126,33.94042],[-95.93247,33.93993],[-95.93594,33.94244],[-95.93541,33.94482],[-95.93697,33.94584],[-95.93799,33.94822],[-95.93801,34.01073],[-95.93815,34.01188],[-95.93809,34.0407],[-95.93813,34.06818],[-95.93832,34.06964],[-95.93821,34.09527],[-95.93814,34.09631],[-95.93819,34.09675],[-95.93822,34.09867],[-95.9382,34.12559],[-95.93987,34.12618],[-95.94082,34.12404],[-95.94395,34.12409],[-95.94441,34.12557],[-95.94574,34.12632],[-95.94742,34.12881],[-95.94978,34.12916],[-95.95009,34.13097],[-95.94876,34.13147],[-95.94956,34.13323],[-95.94841,34.13415],[-95.95069,34.13643],[-95.95058,34.1392],[-95.95188,34.13964],[-95.9538,34.13891],[-95.95278,34.14005],[-95.9527,34.14181],[-95.95072,34.14168],[-95.95182,34.14406],[-95.95025,34.14397],[-95.94976,34.14511],[-95.95127,34.14474],[-95.95265,34.14591],[-95.95477,34.14566],[-95.95603,34.14756],[-95.95334,34.14772],[-95.95458,34.14932],[-95.95601,34.14911],[-95.96237,34.15122],[-95.96482,34.15026],[-95.96603,34.15149],[-95.96782,34.15122],[-95.96972,34.15243],[-95.97145,34.15252],[-95.97151,34.15341],[-95.96986,34.15378],[-95.97019,34.15502],[-95.9731,34.15401],[-95.97456,34.15241],[-95.9761,34.15323],[-95.97696,34.15488],[-95.97825,34.15405],[-95.97784,34.15108],[-95.97891,34.15082],[-95.98164,34.15265],[-95.98329,34.1524],[-95.98189,34.1535],[-95.9826,34.15435],[-95.9847,34.1543],[-95.9858,34.15613],[-95.98819,34.15583],[-95.99004,34.15496],[-95.99158,34.1568],[-95.99154,34.1568],[-95.98777,34.1568],[-95.91902,34.15673]]]}},{"type":"Feature","properties":{"name":"MTTA On-Demand Microtransit (GoPass App)","boundary_type":"zone_approx","source":"Manual approximation","fidelity":"approximate","updated":"2026-09","units":"buffer 4.06 km @ Broken Arrow city; clipped to Broken Arrow city","note":"Only the Broken Arrow zone (20 sq mi, launched Feb 2024) is drawn, as a circle of that size clipped to Broken Arrow city limits; MetroLink Tulsa's other GoPass on-demand zones in the Tulsa metro are not mapped (zone maps needed).","confidence":0.5},"geometry":{"type":"Polygon","coordinates":[[[-95.78692,35.982],[-95.79085,35.98186],[-95.79478,35.982],[-95.79868,35.98242],[-95.80252,35.98311],[-95.80627,35.98406],[-95.80991,35.98528],[-95.81339,35.98675],[-95.81671,35.98846],[-95.81983,35.9904],[-95.82273,35.99255],[-95.82539,35.99489],[-95.82779,35.99742],[-95.8299,36.0001],[-95.83172,36.00292],[-95.83322,36.00586],[-95.8344,36.0089],[-95.83526,36.012],[-95.83577,36.01516],[-95.83594,36.01834],[-95.83577,36.02151],[-95.83526,36.02467],[-95.8344,36.02778],[-95.83322,36.03081],[-95.83172,36.03375],[-95.8299,36.03657],[-95.82779,36.03926],[-95.82539,36.04178],[-95.82273,36.04413],[-95.81983,36.04627],[-95.81671,36.04821],[-95.81339,36.04992],[-95.80991,36.05139],[-95.80627,36.05261],[-95.80252,36.05356],[-95.79868,36.05425],[-95.79478,36.05467],[-95.79085,36.05481],[-95.78692,36.05467],[-95.78302,36.05425],[-95.77918,36.05356],[-95.77543,36.05261],[-95.77179,36.05139],[-95.7683,36.04992],[-95.76499,36.04821],[-95.76186,36.04627],[-95.75896,36.04413],[-95.75631,36.04178],[-95.75391,36.03926],[-95.7518,36.03657],[-95.74998,36.03375],[-95.74848,36.03081],[-95.74729,36.02778],[-95.74644,36.02467],[-95.74593,36.02151],[-95.74576,36.01834],[-95.74593,36.01516],[-95.74644,36.012],[-95.74729,36.0089],[-95.74848,36.00586],[-95.74998,36.00292],[-95.7518,36.0001],[-95.75391,35.99742],[-95.75631,35.99489],[-95.75896,35.99255],[-95.75961,35.99207],[-95.76153,35.99207],[-95.76154,35.99064],[-95.76186,35.9904],[-95.76499,35.98846],[-95.7683,35.98675],[-95.77059,35.98579],[-95.7706,35.98826],[-95.77922,35.98826],[-95.77919,35.98311],[-95.78302,35.98242],[-95.78692,35.982]],[[-95.83534,36.01557],[-95.83318,36.01488],[-95.8331,36.0174],[-95.83534,36.0174],[-95.83534,36.01557]],[[-95.77063,36.02471],[-95.76165,36.0247],[-95.76163,36.03192],[-95.77063,36.03194],[-95.77063,36.02471]],[[-95.7706,36.00658],[-95.76164,36.00657],[-95.76165,36.01744],[-95.77062,36.01746],[-95.7706,36.00658]]]}},{"type":"Feature","properties":{"name":"Norman On-Demand","boundary_type":"city","source":"Census TIGER place","fidelity":"exact","updated":"2026-09","units":"Norman city","note":"City of Norman; serves evening/late-night and Sunday zones","confidence":0.95},"geometry":{"type":"MultiPolygon","coordinates":[[[[-97.44369,35.20827],[-97.44472,35.20818],[-97.44467,35.20981],[-97.44369,35.20983],[-97.44369,35.20827]]],[[[-97.54733,35.27642],[-97.54724,35.29078],[-97.52974,35.29072],[-97.51714,35.29075],[-97.51205,35.29076],[-97.51207,35.29168],[-97.51205,35.29801],[-97.49444,35.298],[-97.4899,35.29801],[-97.49006,35.30228],[-97.48998,35.30271],[-97.48689,35.30193],[-97.48708,35.30161],[-97.4855,35.29981],[-97.48598,35.29768],[-97.48818,35.29767],[-97.48788,35.29628],[-97.48559,35.29443],[-97.47676,35.29441],[-97.4767,35.29086],[-97.4591,35.29083],[-97.45418,35.2908],[-97.44803,35.2908],[-97.44383,35.2908],[-97.44132,35.29081],[-97.43689,35.2908],[-97.42366,35.29077],[-97.4148,35.29074],[-97.40597,35.29069],[-97.39682,35.29074],[-97.37073,35.29078],[-97.35307,35.29075],[-97.34874,35.29075],[-97.34453,35.29074],[-97.33605,35.29072],[-97.33602,35.29793],[-97.33598,35.3052],[-97.3005,35.30502],[-97.30044,35.31952],[-97.26497,35.31951],[-97.24747,35.31934],[-97.24761,35.34098],[-97.24749,35.34832],[-97.23939,35.34824],[-97.23039,35.3482],[-97.23034,35.34091],[-97.23029,35.32637],[-97.23014,35.31923],[-97.23008,35.30466],[-97.21245,35.30454],[-97.21242,35.29734],[-97.21238,35.29005],[-97.20581,35.29005],[-97.17727,35.28983],[-97.17696,35.2609],[-97.17703,35.23211],[-97.17695,35.20337],[-97.17735,35.20274],[-97.17749,35.1992],[-97.1773,35.18513],[-97.1862,35.18516],[-97.2303,35.18532],[-97.23027,35.17446],[-97.23027,35.14546],[-97.24753,35.14561],[-97.26512,35.14587],[-97.28278,35.14584],[-97.31779,35.14586],[-97.35302,35.14589],[-97.35303,35.16032],[-97.37065,35.16046],[-97.38837,35.16053],[-97.40369,35.16065],[-97.40601,35.16066],[-97.40782,35.16066],[-97.41484,35.16068],[-97.42372,35.16067],[-97.43179,35.16064],[-97.44378,35.16061],[-97.44497,35.1608],[-97.44321,35.16386],[-97.44654,35.1682],[-97.44862,35.16939],[-97.45006,35.16995],[-97.45331,35.17078],[-97.45478,35.17309],[-97.4577,35.17584],[-97.46153,35.17691],[-97.46635,35.17691],[-97.47026,35.18086],[-97.47384,35.18369],[-97.47759,35.18752],[-97.4795,35.19007],[-97.48166,35.19183],[-97.48498,35.19389],[-97.48522,35.19653],[-97.50333,35.19678],[-97.50338,35.20391],[-97.51263,35.20389],[-97.51724,35.20391],[-97.521,35.20632],[-97.52944,35.21266],[-97.53,35.21269],[-97.53009,35.21269],[-97.53174,35.21384],[-97.53745,35.2197],[-97.54741,35.22555],[-97.54724,35.24737],[-97.54726,35.26185],[-97.54733,35.27642]],[[-97.44127,35.20746],[-97.44124,35.21111],[-97.44565,35.21113],[-97.4479,35.2111],[-97.44782,35.21027],[-97.44787,35.20746],[-97.44127,35.20746]]]]}},{"type":"Feature","properties":{"name":"Pelivan Transit","boundary_type":"counties","source":"Census TIGER county","fidelity":"exact","updated":"2026-09","units":"Craig County; Delaware County; Mayes County; Nowata County; Ottawa County; Rogers County","note":"Northeastern Oklahoma: Craig, Delaware, Mayes, Nowata, Ottawa, and Rogers counties including Owasso/Collinsville zone","confidence":0.9},"geometry":{"type":"Polygon","coordinates":[[[-94.61786,36.62474],[-94.61786,36.62472],[-94.61781,36.6126],[-94.61786,36.60685],[-94.61786,36.60684],[-94.61785,36.59912],[-94.61785,36.598],[-94.61782,36.58357],[-94.61781,36.57773],[-94.61788,36.54745],[-94.6179,36.53698],[-94.61787,36.53613],[-94.61787,36.53609],[-94.618,36.53428],[-94.61799,36.53393],[-94.61788,36.5178],[-94.61788,36.515],[-94.61789,36.50855],[-94.6179,36.50752],[-94.6179,36.50654],[-94.61792,36.49953],[-94.61792,36.49941],[-94.61772,36.49832],[-94.61531,36.48499],[-94.61383,36.47625],[-94.61269,36.46867],[-94.61161,36.46153],[-94.60541,36.42195],[-94.60402,36.41363],[-94.60262,36.40528],[-94.60246,36.4045],[-94.60198,36.40212],[-94.60081,36.3946],[-94.60051,36.39267],[-94.59972,36.38759],[-94.5934,36.34574],[-94.5931,36.34387],[-94.59169,36.33486],[-94.59132,36.33253],[-94.5862,36.29997],[-94.58593,36.29836],[-94.58473,36.29116],[-94.58259,36.2783],[-94.58109,36.2693],[-94.57788,36.25008],[-94.5779,36.24955],[-94.576,36.24007],[-94.57507,36.23368],[-94.57488,36.23274],[-94.57439,36.23],[-94.57376,36.22602],[-94.57181,36.21375],[-94.57127,36.21097],[-94.57125,36.2109],[-94.56929,36.19949],[-94.56807,36.19237],[-94.56781,36.19087],[-94.56716,36.1871],[-94.56659,36.18377],[-94.56618,36.18143],[-94.56565,36.17844],[-94.56531,36.17644],[-94.56376,36.16738],[-94.56283,36.16189],[-94.56581,36.1619],[-94.59689,36.16176],[-94.60137,36.16175],[-94.63716,36.16173],[-94.64606,36.16168],[-94.68759,36.16152],[-94.69739,36.16152],[-94.69879,36.16153],[-94.70818,36.16154],[-94.71386,36.16155],[-94.73527,36.16158],[-94.77716,36.16163],[-94.78236,36.16164],[-94.79741,36.16165],[-94.81455,36.16164],[-94.81471,36.16164],[-94.83279,36.16163],[-94.83289,36.16163],[-94.8464,36.16163],[-94.84873,36.16166],[-94.85099,36.16169],[-94.85334,36.16161],[-94.85768,36.16161],[-94.86859,36.1616],[-94.89637,36.16156],[-94.92236,36.16154],[-94.92471,36.16152],[-94.94028,36.16145],[-94.94199,36.16164],[-94.95324,36.16152],[-94.95873,36.16168],[-95.00281,36.16175],[-95.01133,36.16176],[-95.02886,36.16174],[-95.05809,36.16172],[-95.05916,36.16151],[-95.06481,36.16159],[-95.09154,36.16159],[-95.09715,36.16149],[-95.1185,36.16163],[-95.1184,36.13398],[-95.1184,36.13301],[-95.11841,36.10356],[-95.11839,36.09632],[-95.11838,36.07454],[-95.13416,36.07458],[-95.17197,36.07464],[-95.18995,36.07468],[-95.20794,36.07477],[-95.23582,36.07483],[-95.23855,36.07472],[-95.25543,36.07484],[-95.29007,36.07507],[-95.2936,36.07562],[-95.29479,36.07514],[-95.29758,36.07513],[-95.30045,36.07557],[-95.30375,36.07518],[-95.33282,36.07533],[-95.36448,36.07529],[-95.38648,36.07528],[-95.3875,36.07538],[-95.43067,36.07529],[-95.43997,36.07527],[-95.49363,36.07528],[-95.5295,36.07529],[-95.57152,36.07528],[-95.57752,36.07843],[-95.57938,36.08032],[-95.5799,36.08299],[-95.57844,36.08409],[-95.57673,36.08376],[-95.57475,36.08246],[-95.57097,36.08224],[-95.56428,36.08458],[-95.56268,36.08426],[-95.55831,36.08199],[-95.55663,36.08245],[-95.55259,36.09149],[-95.55813,36.09659],[-95.56151,36.09918],[-95.56831,36.1074],[-95.57026,36.11073],[-95.57067,36.11376],[-95.57002,36.12028],[-95.56784,36.12938],[-95.56832,36.13012],[-95.5713,36.13023],[-95.5736,36.13127],[-95.57619,36.13356],[-95.58071,36.13435],[-95.58724,36.13408],[-95.58901,36.13622],[-95.59142,36.13707],[-95.59279,36.13705],[-95.59351,36.13571],[-95.59234,36.13232],[-95.5931,36.12967],[-95.59486,36.12943],[-95.6047,36.13346],[-95.60642,36.13499],[-95.60985,36.14121],[-95.61059,36.14219],[-95.61624,36.14662],[-95.61748,36.14847],[-95.61794,36.15033],[-95.61852,36.16251],[-95.61855,36.16251],[-95.61918,36.1626],[-95.61983,36.16269],[-95.63685,36.16245],[-95.67268,36.16233],[-95.69046,36.16239],[-95.69963,36.1624],[-95.70822,36.1619],[-95.71307,36.16189],[-95.72139,36.16207],[-95.72641,36.16245],[-95.7328,36.16246],[-95.74399,36.16247],[-95.74528,36.16247],[-95.75449,36.16248],[-95.75661,36.16301],[-95.75752,36.16285],[-95.76165,36.16275],[-95.77958,36.16261],[-95.8154,36.16263],[-95.81535,36.20613],[-95.81534,36.2223],[-95.81527,36.22445],[-95.81526,36.22596],[-95.81526,36.22657],[-95.815,36.22941],[-95.81525,36.23507],[-95.81532,36.24745],[-95.81533,36.24788],[-95.81533,36.24897],[-95.81534,36.24911],[-95.81534,36.24944],[-95.81534,36.24953],[-95.81206,36.24953],[-95.81206,36.25697],[-95.81219,36.25748],[-95.81218,36.26388],[-95.81213,36.26428],[-95.8121,36.26443],[-95.81211,36.26748],[-95.81211,36.27129],[-95.81212,36.27579],[-95.81216,36.27853],[-95.81217,36.28575],[-95.81218,36.29305],[-95.81216,36.30486],[-95.81218,36.30754],[-95.81219,36.31242],[-95.8122,36.3148],[-95.81218,36.31935],[-95.81218,36.31972],[-95.8122,36.3208],[-95.8122,36.32205],[-95.81222,36.32393],[-95.81221,36.32568],[-95.81222,36.33628],[-95.81222,36.33652],[-95.81225,36.33664],[-95.81226,36.33671],[-95.81221,36.35101],[-95.81225,36.35655],[-95.81227,36.35833],[-95.8122,36.35925],[-95.81218,36.36549],[-95.81218,36.36554],[-95.81219,36.36565],[-95.81218,36.37829],[-95.81218,36.37999],[-95.81218,36.38001],[-95.81218,36.38012],[-95.81218,36.39417],[-95.81226,36.39458],[-95.81108,36.39457],[-95.79425,36.39451],[-95.79425,36.39577],[-95.79437,36.42358],[-95.81234,36.42358],[-95.81236,36.45254],[-95.81245,36.4942],[-95.81229,36.49606],[-95.81232,36.51057],[-95.81234,36.58307],[-95.81234,36.59754],[-95.80954,36.59754],[-95.80953,36.62336],[-95.80956,36.6229],[-95.80951,36.65559],[-95.80948,36.66987],[-95.80967,36.72802],[-95.80968,36.77148],[-95.80986,36.78479],[-95.80972,36.78583],[-95.80986,36.84516],[-95.80971,36.85854],[-95.8098,36.85926],[-95.8099,36.91295],[-95.80988,36.91675],[-95.8099,36.93102],[-95.80982,36.94193],[-95.78666,36.94194],[-95.78668,36.97457],[-95.78672,36.9857],[-95.78676,36.99931],[-95.76872,36.99921],[-95.7599,36.99927],[-95.75479,36.99926],[-95.74647,36.99925],[-95.74191,36.99924],[-95.71805,36.99925],[-95.71489,36.99928],[-95.71051,36.99937],[-95.71038,36.99937],[-95.69666,36.99921],[-95.68645,36.99935],[-95.67404,36.99933],[-95.6643,36.99932],[-95.66042,36.99932],[-95.64237,36.99932],[-95.63798,36.99932],[-95.63008,36.99932],[-95.62875,36.99933],[-95.62435,36.99936],[-95.62101,36.99936],[-95.61593,36.99936],[-95.61574,36.99936],[-95.61214,36.99932],[-95.60152,36.99932],[-95.58899,36.99931],[-95.5736,36.99931],[-95.5344,36.99933],[-95.52241,36.99928],[-95.51158,36.99923],[-95.40773,36.99924],[-95.40768,36.99924],[-95.37726,36.9993],[-95.33121,36.99938],[-95.32833,36.99937],[-95.32806,36.99936],[-95.32256,36.99936],[-95.28608,36.99942],[-95.26788,36.99945],[-95.19531,36.99956],[-95.1773,36.99952],[-95.15897,36.99954],[-95.15537,36.99954],[-95.15519,36.99954],[-95.14046,36.99953],[-95.07351,36.99951],[-95.0495,36.99958],[-95.03786,36.9995],[-95.03495,36.9995],[-95.03032,36.99952],[-95.01143,36.99954],[-95.00762,36.99951],[-94.99529,36.99953],[-94.94061,36.99928],[-94.90438,36.99911],[-94.86689,36.99894],[-94.8532,36.99887],[-94.8498,36.99888],[-94.84437,36.99885],[-94.84093,36.99883],[-94.83154,36.99881],[-94.83128,36.99881],[-94.80897,36.99879],[-94.77726,36.99876],[-94.77704,36.99876],[-94.74968,36.99871],[-94.74499,36.9987],[-94.7407,36.99869],[-94.73932,36.99869],[-94.73718,36.99867],[-94.73151,36.99869],[-94.72242,36.99874],[-94.71277,36.99879],[-94.71127,36.9988],[-94.7018,36.99881],[-94.69973,36.9988],[-94.62522,36.99867],[-94.61796,36.9989],[-94.61805,36.99621],[-94.61805,36.9959],[-94.61803,36.9947],[-94.61803,36.95528],[-94.61803,36.95016],[-94.61811,36.94656],[-94.61817,36.93758],[-94.61829,36.92965],[-94.61821,36.92624],[-94.61821,36.92613],[-94.61824,36.91996],[-94.61828,36.91147],[-94.61824,36.89708],[-94.61824,36.89703],[-94.61833,36.89364],[-94.61866,36.88006],[-94.61866,36.87999],[-94.61856,36.86891],[-94.61856,36.8689],[-94.61856,36.86873],[-94.61856,36.86842],[-94.61838,36.84732],[-94.61838,36.84375],[-94.61837,36.83378],[-94.61836,36.82456],[-94.61836,36.82449],[-94.61836,36.82188],[-94.61831,36.77133],[-94.61831,36.76656],[-94.61828,36.75678],[-94.61822,36.73311],[-94.61817,36.71668],[-94.61815,36.70858],[-94.61813,36.70142],[-94.61802,36.66943],[-94.61802,36.66795],[-94.61802,36.66792],[-94.61786,36.62544],[-94.61786,36.62474]]]}},{"type":"Feature","properties":{"name":"PICK Transportation","boundary_type":"places","source":"Census TIGER place","fidelity":"exact","updated":"2026-09","units":"Atoka city; Bartlesville city; Owasso city; Tahlequah city; Claremore city; Miami city; Vinita city; Pryor Creek city; Grove city; McAlester city; Poteau city; Eufaula city; Sallisaw city; Okmulgee city; Skiatook city; Cleveland city; Sapulpa city; Ponca City city; Madill city; Tishomingo city; Sulphur city","note":"SUMC case study names all 21 launch/expansion communities served by the Pelivan-led consortium (Atoka, Bartlesville, Owasso, Tahlequah plus 17 added communities). Service area has continued to evolve since (e.g. Altus added 2025, per a later SUMC update), so this list reflects the documented 21-community footprint rather than the current live roster. https://learn.sharedusemobilitycenter.org/overview/rural-agencies-launch-mobility-on-demand-pilot-21-counties-ok-2021/","confidence":0.7},"geometry":{"type":"MultiPolygon","coordinates":[[[[-96.79127,34.09287],[-96.78908,34.09286],[-96.78907,34.09413],[-96.79121,34.09442],[-96.79117,34.09629],[-96.78896,34.09646],[-96.78898,34.09716],[-96.78477,34.0971],[-96.78476,34.09976],[-96.7766,34.10032],[-96.77656,34.10178],[-96.77647,34.10335],[-96.7765,34.10726],[-96.77725,34.10906],[-96.77813,34.1162],[-96.77686,34.11619],[-96.77708,34.11663],[-96.77751,34.11735],[-96.77947,34.11949],[-96.78987,34.12902],[-96.79349,34.12894],[-96.79354,34.13261],[-96.79354,34.13265],[-96.77785,34.11832],[-96.77599,34.11764],[-96.77599,34.11814],[-96.76945,34.11811],[-96.76958,34.10925],[-96.771,34.10666],[-96.77037,34.10181],[-96.7685,34.09817],[-96.75825,34.09813],[-96.75824,34.09438],[-96.75721,34.09403],[-96.75089,34.08976],[-96.75096,34.08603],[-96.75504,34.08844],[-96.75815,34.08908],[-96.76251,34.08805],[-96.76157,34.08543],[-96.76234,34.08543],[-96.76099,34.0817],[-96.75786,34.07409],[-96.76277,34.0741],[-96.76281,34.07091],[-96.76087,34.07091],[-96.76087,34.07147],[-96.75852,34.07145],[-96.75852,34.07093],[-96.75658,34.07094],[-96.75656,34.0709],[-96.76217,34.07082],[-96.76107,34.06482],[-96.75811,34.0631],[-96.75258,34.06129],[-96.74984,34.05898],[-96.72997,34.03423],[-96.72754,34.03019],[-96.72686,34.02727],[-96.72791,34.03007],[-96.7303,34.03405],[-96.75016,34.05879],[-96.7513,34.05998],[-96.75506,34.06194],[-96.75879,34.06299],[-96.76033,34.06378],[-96.76549,34.06362],[-96.76547,34.06725],[-96.76983,34.06726],[-96.76982,34.0709],[-96.77855,34.0709],[-96.77858,34.06868],[-96.7829,34.06867],[-96.78296,34.07092],[-96.79413,34.0709],[-96.79503,34.07059],[-96.79605,34.06933],[-96.79628,34.07058],[-96.79735,34.07077],[-96.79342,34.07158],[-96.79344,34.07456],[-96.79127,34.07455],[-96.79125,34.07638],[-96.7891,34.07636],[-96.78908,34.07819],[-96.78692,34.07818],[-96.78695,34.08541],[-96.7978,34.08545],[-96.7978,34.08868],[-96.79779,34.09093],[-96.79357,34.0901],[-96.79355,34.08907],[-96.79306,34.09506],[-96.79129,34.09423],[-96.79127,34.09287]],[[-96.76291,34.08546],[-96.7637,34.0874],[-96.76645,34.08732],[-96.76748,34.08704],[-96.76679,34.08546],[-96.76291,34.08546]],[[-96.7631,34.07291],[-96.76459,34.07296],[-96.76454,34.0709],[-96.76309,34.07088],[-96.7631,34.07291]]],[[[-96.65468,34.22326],[-96.65464,34.22619],[-96.65367,34.22619],[-96.65369,34.22326],[-96.65468,34.22326]]],[[[-96.68636,34.25778],[-96.682,34.2578],[-96.682,34.25896],[-96.68199,34.25961],[-96.67984,34.25951],[-96.67987,34.25616],[-96.66897,34.25608],[-96.66899,34.25488],[-96.67108,34.25489],[-96.67107,34.25231],[-96.66674,34.25229],[-96.66667,34.24508],[-96.66233,34.24509],[-96.66236,34.23781],[-96.65997,34.23783],[-96.65987,34.23167],[-96.65956,34.23236],[-96.65716,34.23237],[-96.65714,34.2305],[-96.65379,34.23042],[-96.65377,34.22678],[-96.66452,34.22693],[-96.66456,34.22333],[-96.66676,34.22334],[-96.66669,34.22874],[-96.66863,34.22876],[-96.66864,34.21594],[-96.67046,34.21597],[-96.67108,34.2166],[-96.67111,34.22141],[-96.67333,34.22141],[-96.67334,34.22029],[-96.67528,34.22029],[-96.67528,34.21968],[-96.67732,34.21976],[-96.67743,34.2233],[-96.68746,34.22334],[-96.68663,34.22442],[-96.68443,34.22461],[-96.68614,34.22527],[-96.68605,34.22852],[-96.68694,34.23035],[-96.68647,34.23416],[-96.68837,34.23426],[-96.68835,34.23056],[-96.69053,34.23057],[-96.69063,34.22157],[-96.69282,34.22157],[-96.69284,34.22339],[-96.6972,34.22339],[-96.69719,34.22527],[-96.70388,34.22523],[-96.70388,34.22883],[-96.706,34.22881],[-96.70602,34.23706],[-96.70603,34.25236],[-96.69811,34.25236],[-96.69265,34.25237],[-96.69265,34.25599],[-96.69049,34.25599],[-96.69049,34.2578],[-96.68855,34.2587],[-96.68636,34.25778]]],[[[-96.98585,34.48065],[-96.98581,34.48793],[-96.9881,34.48794],[-96.98805,34.49283],[-96.98585,34.49283],[-96.98579,34.49506],[-96.98213,34.49421],[-96.98214,34.49284],[-96.96821,34.49277],[-96.9683,34.48066],[-96.98585,34.48065]]],[[[-96.96328,34.49168],[-96.96649,34.49161],[-96.96646,34.49172],[-96.96604,34.49337],[-96.9643,34.4934],[-96.96428,34.49885],[-96.9594,34.49887],[-96.95945,34.4916],[-96.96008,34.49158],[-96.96328,34.49168]]],[[[-96.95056,34.49891],[-96.95905,34.49888],[-96.9594,34.49887],[-96.95939,34.49903],[-96.95937,34.49966],[-96.95552,34.49968],[-96.9555,34.50166],[-96.95378,34.50167],[-96.95379,34.50337],[-96.95056,34.5025],[-96.95056,34.49891]]],[[[-97.01409,34.50636],[-97.01067,34.50635],[-97.01061,34.50795],[-97.00685,34.50794],[-97.00617,34.50635],[-97.00616,34.50851],[-96.99151,34.5086],[-96.99142,34.52087],[-96.99372,34.52086],[-96.99375,34.52773],[-96.99119,34.52773],[-96.99118,34.53201],[-96.98902,34.53202],[-96.98901,34.52773],[-96.98487,34.52775],[-96.98488,34.52539],[-96.98624,34.52539],[-96.9862,34.52286],[-96.98488,34.52286],[-96.98489,34.52445],[-96.9698,34.52444],[-96.96896,34.52186],[-96.96883,34.52072],[-96.96878,34.51967],[-96.9675,34.51898],[-96.96094,34.51893],[-96.96094,34.51982],[-96.95864,34.51981],[-96.95868,34.51354],[-96.94986,34.51344],[-96.94992,34.51087],[-96.94992,34.508],[-96.95712,34.50805],[-96.95716,34.50441],[-96.95821,34.5044],[-96.95823,34.50294],[-96.95926,34.50173],[-96.96458,34.50236],[-96.96673,34.50639],[-96.96886,34.50638],[-96.97273,34.50638],[-96.97284,34.50569],[-96.97554,34.50568],[-96.97553,34.50637],[-96.97611,34.50637],[-96.97491,34.50763],[-96.9746,34.50801],[-96.97606,34.50707],[-96.97651,34.50637],[-96.97731,34.50637],[-96.97734,34.5049],[-96.97357,34.50487],[-96.97359,34.50357],[-96.97822,34.50378],[-96.97985,34.5019],[-96.98203,34.49809],[-96.98479,34.49815],[-96.98631,34.49816],[-96.9863,34.50026],[-96.99072,34.50029],[-96.99073,34.50163],[-96.99436,34.50162],[-96.99436,34.50301],[-96.99658,34.503],[-96.99656,34.4989],[-96.99861,34.49889],[-96.99858,34.49526],[-96.99436,34.49525],[-96.99439,34.49166],[-97.00308,34.49166],[-97.00347,34.47533],[-97.00538,34.47533],[-97.01036,34.47136],[-97.01389,34.47193],[-97.01383,34.47331],[-97.01617,34.47371],[-97.0164,34.47712],[-97.01632,34.48692],[-97.01522,34.49145],[-97.01435,34.49169],[-97.00395,34.49167],[-97.00309,34.49233],[-97.00308,34.49527],[-97.01407,34.49525],[-97.01409,34.50636]]],[[[-96.13661,35.91577],[-96.10103,35.91569],[-96.0834,35.91561],[-96.08336,35.92287],[-96.08327,35.92287],[-96.08332,35.91549],[-96.10103,35.9156],[-96.13634,35.91555],[-96.13698,35.91555],[-96.13698,35.91568],[-96.14989,35.91568],[-96.15404,35.91571],[-96.17236,35.91571],[-96.17235,35.93033],[-96.19044,35.93023],[-96.19033,35.94109],[-96.19028,35.94483],[-96.19015,35.94482],[-96.19022,35.9303],[-96.17227,35.9304],[-96.17231,35.91578],[-96.14993,35.91577],[-96.13661,35.91577]]],[[[-96.19001,35.95936],[-96.18135,35.95943],[-96.18138,35.95216],[-96.18146,35.95763],[-96.18244,35.95763],[-96.18242,35.95924],[-96.19001,35.9592],[-96.19001,35.95936]]],[[[-96.17237,35.96665],[-96.18126,35.96666],[-96.18127,35.96306],[-96.18578,35.96303],[-96.18581,35.95947],[-96.1901,35.95957],[-96.18597,35.95961],[-96.18595,35.96316],[-96.18144,35.9632],[-96.18143,35.9668],[-96.17186,35.96668],[-96.17181,35.95583],[-96.17232,35.95217],[-96.17237,35.96665]]],[[[-96.08808,35.95212],[-96.101,35.95212],[-96.10279,35.95205],[-96.11884,35.95212],[-96.16327,35.95201],[-96.16335,35.97395],[-96.16299,35.97396],[-96.1628,35.96789],[-96.16293,35.95218],[-96.11884,35.9523],[-96.101,35.9523],[-96.08372,35.95224],[-96.08808,35.95212]]],[[[-96.16322,35.97422],[-96.16335,35.97395],[-96.16403,35.97388],[-96.16513,35.97391],[-96.18999,35.97378],[-96.19,35.97407],[-96.16322,35.97422]]],[[[-96.19014,35.9849],[-96.19174,35.9849],[-96.19623,35.98489],[-96.19517,35.98565],[-96.19125,35.98562],[-96.19092,35.98607],[-96.1926,35.98696],[-96.19224,35.98763],[-96.19012,35.98825],[-96.19013,35.98691],[-96.19014,35.9849]]],[[[-96.18213,36.00501],[-96.18238,36.0069],[-96.18045,36.00595],[-96.17969,36.00345],[-96.17725,36.00292],[-96.1772,36.00004],[-96.18025,36.0006],[-96.18088,35.99845],[-96.18142,36.0027],[-96.18269,36.0028],[-96.18366,36.00086],[-96.18637,36.00071],[-96.18722,35.99897],[-96.18886,35.99772],[-96.18751,35.99928],[-96.18741,36.0008],[-96.18868,36.00158],[-96.18872,36.00299],[-96.18983,36.00385],[-96.18983,36.00393],[-96.18983,36.00401],[-96.18745,36.0028],[-96.18746,36.00111],[-96.1859,36.00185],[-96.18707,36.003],[-96.18372,36.00299],[-96.18213,36.00501]]],[[[-96.17651,36.03943],[-96.17701,36.03824],[-96.17829,36.03805],[-96.17915,36.03896],[-96.18034,36.03851],[-96.17921,36.03944],[-96.17698,36.03946],[-96.17699,36.04003],[-96.17514,36.03965],[-96.17296,36.03971],[-96.17256,36.04002],[-96.17254,36.03702],[-96.17025,36.03672],[-96.168,36.03762],[-96.16576,36.03763],[-96.16576,36.03944],[-96.16464,36.03976],[-96.16353,36.03976],[-96.16351,36.03764],[-96.15469,36.03762],[-96.1477,36.03749],[-96.14658,36.03798],[-96.14167,36.03901],[-96.14116,36.03812],[-96.14511,36.03562],[-96.14849,36.0344],[-96.14704,36.03318],[-96.14892,36.03286],[-96.14887,36.03209],[-96.14629,36.03168],[-96.14559,36.02907],[-96.14642,36.02827],[-96.14642,36.02757],[-96.1545,36.02759],[-96.15707,36.02668],[-96.15704,36.03205],[-96.15898,36.03205],[-96.15898,36.03121],[-96.1593,36.03114],[-96.16154,36.03115],[-96.16153,36.03206],[-96.16574,36.03206],[-96.16574,36.03025],[-96.16808,36.03025],[-96.16805,36.03215],[-96.16804,36.03467],[-96.17179,36.03454],[-96.17135,36.03454],[-96.17135,36.03301],[-96.17252,36.03293],[-96.17251,36.03213],[-96.17384,36.03197],[-96.17287,36.03126],[-96.17343,36.02997],[-96.17476,36.02958],[-96.17395,36.02859],[-96.17612,36.02904],[-96.1747,36.03125],[-96.17685,36.03125],[-96.17684,36.032],[-96.19003,36.03199],[-96.18986,36.01031],[-96.19022,36.01031],[-96.19019,36.01757],[-96.19023,36.03212],[-96.17426,36.03228],[-96.17459,36.03522],[-96.17584,36.03656],[-96.17584,36.03704],[-96.17268,36.03702],[-96.17267,36.03945],[-96.17651,36.03943]]],[[[-96.43744,36.27163],[-96.43745,36.27238],[-96.43536,36.26993],[-96.43429,36.26755],[-96.44313,36.2676],[-96.44178,36.27372],[-96.43744,36.27163]]],[[[-96.47255,36.32406],[-96.47259,36.32513],[-96.47071,36.32578],[-96.46725,36.32509],[-96.46723,36.32394],[-96.46586,36.32394],[-96.46436,36.32276],[-96.46447,36.31991],[-96.4653,36.31859],[-96.46424,36.31859],[-96.461,36.31857],[-96.45939,36.31482],[-96.45841,36.31482],[-96.45842,36.31218],[-96.45649,36.31217],[-96.45651,36.31114],[-96.45884,36.31115],[-96.45885,36.31011],[-96.45614,36.30952],[-96.45613,36.30777],[-96.45494,36.30775],[-96.45436,36.30515],[-96.45297,36.30381],[-96.4544,36.30311],[-96.45784,36.30378],[-96.46044,36.30379],[-96.46043,36.30312],[-96.46041,36.29754],[-96.45065,36.28948],[-96.44737,36.28704],[-96.44579,36.28773],[-96.44661,36.28637],[-96.44251,36.2821],[-96.44091,36.27995],[-96.43771,36.28057],[-96.43635,36.27908],[-96.43624,36.27776],[-96.43566,36.27978],[-96.43469,36.28405],[-96.43271,36.28239],[-96.42911,36.27808],[-96.43339,36.27666],[-96.43853,36.27612],[-96.43469,36.26953],[-96.44118,36.27974],[-96.44472,36.28392],[-96.44757,36.28393],[-96.44759,36.28023],[-96.45194,36.28025],[-96.45195,36.28467],[-96.45075,36.28467],[-96.45074,36.28598],[-96.44822,36.28659],[-96.44824,36.28456],[-96.44595,36.28549],[-96.44785,36.28662],[-96.45189,36.29017],[-96.45204,36.28795],[-96.45301,36.28734],[-96.45592,36.28944],[-96.45322,36.28942],[-96.45247,36.29066],[-96.46129,36.29777],[-96.46167,36.2966],[-96.46047,36.29327],[-96.46053,36.29043],[-96.45795,36.29044],[-96.45716,36.28945],[-96.45718,36.28474],[-96.46075,36.28476],[-96.46083,36.27509],[-96.468,36.27506],[-96.46791,36.28947],[-96.46079,36.28945],[-96.46096,36.29325],[-96.46214,36.29661],[-96.46427,36.29666],[-96.4642,36.29955],[-96.46331,36.29983],[-96.46418,36.30366],[-96.4668,36.30384],[-96.47014,36.30254],[-96.47181,36.30361],[-96.47883,36.30399],[-96.47881,36.3056],[-96.48078,36.30556],[-96.48077,36.30759],[-96.48306,36.30761],[-96.48307,36.31139],[-96.47886,36.31136],[-96.47885,36.31338],[-96.48574,36.31339],[-96.48574,36.31864],[-96.47579,36.31866],[-96.47578,36.32104],[-96.47129,36.32103],[-96.47128,36.3186],[-96.47001,36.3186],[-96.47005,36.32201],[-96.47255,36.32406]],[[-96.46354,36.30101],[-96.46287,36.29982],[-96.46075,36.29976],[-96.46076,36.30315],[-96.46218,36.30308],[-96.46337,36.30367],[-96.46384,36.30368],[-96.46354,36.30101]]],[[[-97.06671,36.67436],[-97.06671,36.67355],[-97.06945,36.67358],[-97.06966,36.67715],[-97.0667,36.67717],[-97.06671,36.67436]]],[[[-97.1347,36.71342],[-97.13463,36.70986],[-97.13895,36.70988],[-97.1403,36.70988],[-97.14031,36.71094],[-97.13929,36.71093],[-97.13929,36.71186],[-97.13894,36.71184],[-97.13895,36.71713],[-97.13011,36.71712],[-97.13015,36.71344],[-97.1347,36.71342]]],[[[-97.10327,36.75323],[-97.09436,36.75322],[-97.07633,36.75313],[-97.07365,36.75309],[-97.0719,36.75415],[-97.07226,36.75309],[-97.06595,36.75302],[-97.05383,36.75295],[-97.04931,36.75294],[-97.04383,36.75288],[-97.04036,36.75283],[-97.0367,36.74733],[-97.03549,36.74704],[-97.03741,36.74545],[-97.03444,36.73988],[-97.03136,36.73855],[-97.03129,36.74162],[-97.02769,36.7416],[-97.02774,36.73831],[-97.02594,36.73839],[-97.02265,36.73836],[-97.02124,36.73657],[-97.02119,36.73533],[-97.01755,36.73482],[-97.01748,36.73158],[-97.01926,36.72973],[-97.01926,36.72865],[-97.0209,36.72865],[-97.02024,36.7274],[-97.01371,36.72746],[-97.01331,36.7245],[-97.01118,36.72511],[-97.01209,36.7268],[-97.01202,36.72946],[-97.01094,36.72906],[-97.00909,36.731],[-97.00897,36.73275],[-97.00993,36.73452],[-97.00849,36.73523],[-97.00654,36.73275],[-97.0042,36.73426],[-97.00479,36.73621],[-97.0025,36.73711],[-97.0014,36.73495],[-97.00163,36.73275],[-97.00389,36.73225],[-97.00473,36.72956],[-97.00471,36.72409],[-97.00573,36.72408],[-97.00573,36.72047],[-97.00472,36.72046],[-97.00474,36.71869],[-97.0102,36.71876],[-97.01287,36.71822],[-97.01397,36.71675],[-97.01365,36.71316],[-97.01364,36.70837],[-97.01616,36.70801],[-97.01638,36.70589],[-97.02043,36.70575],[-97.02137,36.70694],[-97.02274,36.70696],[-97.0241,36.70936],[-97.0311,36.70931],[-97.03108,36.70945],[-97.04684,36.70936],[-97.04936,36.70863],[-97.04939,36.70231],[-97.04486,36.70229],[-97.04487,36.69634],[-97.04714,36.69544],[-97.04941,36.69511],[-97.04955,36.69721],[-97.05113,36.69494],[-97.05186,36.69557],[-97.05323,36.69504],[-97.0494,36.69779],[-97.04939,36.7022],[-97.06126,36.7023],[-97.06402,36.70195],[-97.06497,36.70011],[-97.06554,36.69512],[-97.06574,36.69512],[-97.06702,36.69496],[-97.06733,36.68767],[-97.06971,36.68548],[-97.07028,36.68143],[-97.06448,36.68076],[-97.06447,36.68048],[-97.07352,36.68072],[-97.08522,36.68072],[-97.0852,36.68165],[-97.08053,36.68677],[-97.08163,36.69008],[-97.08166,36.69522],[-97.08714,36.69523],[-97.10326,36.69524],[-97.10329,36.69223],[-97.11229,36.69214],[-97.1123,36.70562],[-97.11483,36.70592],[-97.11482,36.70691],[-97.11229,36.70717],[-97.11228,36.70981],[-97.11227,36.71711],[-97.11216,36.73782],[-97.11175,36.73881],[-97.10318,36.73878],[-97.10327,36.75323]],[[-97.02825,36.71076],[-97.02964,36.71173],[-97.02966,36.71301],[-97.03144,36.71297],[-97.03145,36.71049],[-97.03134,36.70959],[-97.03105,36.70959],[-97.02249,36.70959],[-97.02249,36.71303],[-97.02691,36.71302],[-97.02691,36.71223],[-97.02825,36.71076]]],[[[-97.05826,36.76726],[-97.04927,36.76725],[-97.04467,36.76709],[-96.99585,36.76723],[-96.99582,36.76012],[-96.99574,36.72585],[-96.99556,36.72399],[-96.99535,36.68812],[-96.99541,36.68814],[-96.99568,36.68821],[-96.99605,36.73841],[-96.99616,36.76012],[-96.9962,36.76709],[-97.03114,36.76691],[-97.03123,36.75884],[-97.03133,36.75276],[-97.0315,36.75276],[-97.03148,36.76691],[-97.04928,36.76697],[-97.05826,36.76698],[-97.06265,36.76699],[-97.06317,36.76699],[-97.06427,36.76071],[-97.06701,36.76113],[-97.0667,36.76532],[-97.06535,36.76728],[-97.06269,36.76726],[-97.06308,36.77048],[-97.06487,36.7741],[-97.0651,36.77453],[-97.05823,36.7745],[-97.05826,36.76726]]],[[[-96.10693,34.383],[-96.1077,34.38047],[-96.11038,34.38041],[-96.1105,34.38569],[-96.10755,34.38562],[-96.10757,34.38824],[-96.09616,34.38818],[-96.09616,34.38537],[-96.10463,34.3855],[-96.10469,34.38298],[-96.10693,34.383]]],[[[-96.1324,34.40384],[-96.13241,34.40018],[-96.13511,34.4002],[-96.13075,34.39565],[-96.12815,34.39564],[-96.12807,34.40018],[-96.124,34.40015],[-96.12399,34.40198],[-96.1259,34.40198],[-96.12586,34.40378],[-96.11447,34.4038],[-96.11154,34.40703],[-96.11292,34.40782],[-96.11292,34.40995],[-96.1104,34.41],[-96.11043,34.41106],[-96.10762,34.4111],[-96.11021,34.40814],[-96.09836,34.41954],[-96.08107,34.43268],[-96.08635,34.4327],[-96.08635,34.43452],[-96.08418,34.43633],[-96.0842,34.44087],[-96.07506,34.44083],[-96.07504,34.43822],[-96.07363,34.44068],[-96.07222,34.44013],[-96.07574,34.43565],[-96.08158,34.4311],[-96.0811,34.43062],[-96.07494,34.43455],[-96.07247,34.43454],[-96.07247,34.43694],[-96.0695,34.43694],[-96.06951,34.43937],[-96.06774,34.43935],[-96.0673,34.43846],[-96.07498,34.43247],[-96.07514,34.42533],[-96.08961,34.42545],[-96.09809,34.41909],[-96.10442,34.41299],[-96.10386,34.411],[-96.10166,34.41099],[-96.10167,34.41283],[-96.09729,34.41284],[-96.09732,34.4037],[-96.10157,34.40373],[-96.1061,34.40375],[-96.10611,34.39995],[-96.10159,34.39607],[-96.11044,34.39608],[-96.1104,34.39782],[-96.11999,34.38905],[-96.11875,34.38761],[-96.11918,34.38672],[-96.11915,34.38024],[-96.1149,34.38003],[-96.11485,34.3746],[-96.1163,34.37454],[-96.12362,34.37472],[-96.12366,34.37105],[-96.12011,34.37103],[-96.11999,34.36751],[-96.13728,34.36757],[-96.13738,34.3602],[-96.14373,34.36028],[-96.14577,34.35684],[-96.14989,34.34692],[-96.14955,34.34594],[-96.14564,34.34575],[-96.14568,34.345],[-96.14573,34.34425],[-96.14481,34.34426],[-96.14469,34.34377],[-96.14407,34.3409],[-96.14341,34.3385],[-96.14547,34.33854],[-96.14964,34.33854],[-96.15158,34.33853],[-96.15427,34.33167],[-96.15425,34.3349],[-96.15657,34.3349],[-96.15661,34.33315],[-96.1578,34.33403],[-96.15971,34.33116],[-96.16052,34.33115],[-96.16267,34.32794],[-96.16274,34.32796],[-96.16283,34.32799],[-96.16292,34.32801],[-96.16297,34.33621],[-96.1582,34.33624],[-96.1567,34.33852],[-96.1601,34.33852],[-96.1601,34.34576],[-96.15358,34.34583],[-96.15351,34.34931],[-96.15067,34.3492],[-96.14909,34.35367],[-96.14918,34.36077],[-96.15092,34.36077],[-96.15095,34.35894],[-96.15364,34.35894],[-96.15353,34.35644],[-96.15632,34.35658],[-96.15631,34.35398],[-96.15777,34.354],[-96.15775,34.35659],[-96.15976,34.35659],[-96.15978,34.35966],[-96.16077,34.35965],[-96.16078,34.35661],[-96.16275,34.35663],[-96.16304,34.36033],[-96.15643,34.3603],[-96.15644,34.36394],[-96.15427,34.36395],[-96.15426,34.37484],[-96.14765,34.37481],[-96.14758,34.37851],[-96.14992,34.37851],[-96.14985,34.39127],[-96.15235,34.39127],[-96.15235,34.3925],[-96.15509,34.39266],[-96.15507,34.3901],[-96.1576,34.39012],[-96.15759,34.39324],[-96.16255,34.39328],[-96.16254,34.39622],[-96.17044,34.39935],[-96.16252,34.39668],[-96.16252,34.40756],[-96.15415,34.40753],[-96.15415,34.40567],[-96.15198,34.40566],[-96.152,34.40389],[-96.1324,34.40384]],[[-96.07788,34.43491],[-96.07559,34.43734],[-96.07973,34.43736],[-96.07974,34.43492],[-96.07917,34.43492],[-96.07788,34.43491]]],[[[-95.82459,34.92756],[-95.82456,34.92675],[-95.8189,34.92766],[-95.81579,34.92765],[-95.81572,34.91302],[-95.8261,34.91301],[-95.82429,34.90857],[-95.82344,34.90469],[-95.82279,34.89862],[-95.80697,34.8986],[-95.78937,34.89858],[-95.7894,34.90592],[-95.7982,34.90599],[-95.79823,34.91296],[-95.79382,34.91295],[-95.79381,34.90788],[-95.7894,34.90787],[-95.78942,34.91293],[-95.78282,34.91294],[-95.7828,34.90944],[-95.7806,34.90942],[-95.78063,34.91668],[-95.7817,34.9167],[-95.78162,34.92753],[-95.7838,34.9275],[-95.78383,34.92935],[-95.78163,34.92936],[-95.78204,34.93486],[-95.78378,34.93394],[-95.78429,34.93482],[-95.78606,34.9348],[-95.78595,34.93711],[-95.78231,34.93662],[-95.78405,34.93718],[-95.78515,34.93764],[-95.78515,34.94208],[-95.7957,34.94209],[-95.79821,34.9421],[-95.79821,34.93882],[-95.80039,34.93851],[-95.80516,34.93841],[-95.80695,34.93841],[-95.80694,34.93464],[-95.8115,34.93462],[-95.81151,34.93709],[-95.81584,34.93711],[-95.81584,34.94191],[-95.81949,34.94194],[-95.82444,34.94191],[-95.83348,34.94191],[-95.83349,34.94615],[-95.83351,34.95311],[-95.82438,34.95308],[-95.8202,34.95307],[-95.82013,34.95661],[-95.80666,34.95661],[-95.80245,34.95661],[-95.7807,34.95657],[-95.77913,34.95658],[-95.77174,34.95671],[-95.77179,34.96194],[-95.76609,34.96192],[-95.76608,34.96364],[-95.76501,34.96376],[-95.76502,34.96743],[-95.75929,34.96744],[-95.75925,34.96382],[-95.7585,34.96378],[-95.7519,34.96377],[-95.75186,34.95834],[-95.74987,34.9584],[-95.74964,34.95652],[-95.74458,34.95649],[-95.73624,34.95653],[-95.73363,34.95655],[-95.73363,34.95641],[-95.7393,34.95636],[-95.73933,34.9552],[-95.74443,34.95463],[-95.74626,34.95463],[-95.74627,34.95324],[-95.74433,34.95328],[-95.74117,34.95269],[-95.74066,34.95225],[-95.74025,34.95026],[-95.74092,34.9467],[-95.74094,34.94601],[-95.7395,34.94256],[-95.7442,34.9451],[-95.74412,34.94024],[-95.74201,34.94023],[-95.74203,34.93824],[-95.73973,34.93664],[-95.73927,34.93503],[-95.73553,34.935],[-95.73558,34.93493],[-95.73618,34.93494],[-95.73915,34.93077],[-95.73933,34.92963],[-95.74217,34.92961],[-95.74217,34.93119],[-95.74412,34.9315],[-95.74408,34.92804],[-95.74142,34.92798],[-95.73906,34.92953],[-95.73868,34.92786],[-95.73963,34.92752],[-95.73969,34.92333],[-95.74175,34.92313],[-95.74072,34.92225],[-95.73749,34.92159],[-95.73765,34.91303],[-95.7287,34.91304],[-95.72865,34.91034],[-95.72755,34.91035],[-95.72756,34.91305],[-95.72318,34.91305],[-95.72321,34.90578],[-95.73645,34.90569],[-95.73645,34.90214],[-95.72327,34.90219],[-95.72329,34.89858],[-95.7321,34.89834],[-95.73209,34.89492],[-95.73644,34.89493],[-95.73647,34.89116],[-95.74708,34.89114],[-95.74709,34.8898],[-95.74986,34.88993],[-95.74986,34.89114],[-95.75855,34.89118],[-95.75855,34.89036],[-95.7629,34.89036],[-95.76291,34.89123],[-95.77175,34.89121],[-95.77175,34.89029],[-95.76743,34.89026],[-95.76744,34.88397],[-95.77392,34.88397],[-95.77391,34.88579],[-95.77613,34.8858],[-95.77613,34.88399],[-95.77827,34.88399],[-95.77825,34.88523],[-95.77965,34.88521],[-95.78051,34.884],[-95.7806,34.87909],[-95.78312,34.87909],[-95.78404,34.877],[-95.78412,34.87101],[-95.78941,34.87104],[-95.78936,34.87673],[-95.78717,34.87768],[-95.78712,34.88029],[-95.78935,34.8803],[-95.78935,34.88174],[-95.7873,34.88174],[-95.7873,34.88422],[-95.78169,34.88948],[-95.78228,34.88995],[-95.78233,34.88999],[-95.78314,34.89064],[-95.77935,34.89427],[-95.77884,34.89493],[-95.77812,34.8946],[-95.77778,34.89445],[-95.7759,34.89968],[-95.77615,34.89993],[-95.77411,34.90588],[-95.77353,34.90936],[-95.77619,34.90939],[-95.77619,34.90586],[-95.78059,34.90588],[-95.78058,34.89487],[-95.78493,34.89486],[-95.78489,34.89057],[-95.78934,34.88636],[-95.78937,34.89855],[-95.80697,34.89858],[-95.82345,34.8986],[-95.82405,34.8986],[-95.82425,34.90045],[-95.82709,34.90518],[-95.82755,34.913],[-95.83455,34.913],[-95.83458,34.92511],[-95.83454,34.92538],[-95.83435,34.92762],[-95.83344,34.92762],[-95.83347,34.93819],[-95.83343,34.93819],[-95.8334,34.92762],[-95.82459,34.92756]],[[-95.75188,34.95649],[-95.75343,34.95648],[-95.75411,34.95659],[-95.7541,34.95377],[-95.75191,34.95376],[-95.75188,34.95649]]],[[[-95.73882,34.94415],[-95.73651,34.94302],[-95.73698,34.94225],[-95.73785,34.94191],[-95.73488,34.94043],[-95.73707,34.94148],[-95.73887,34.94228],[-95.73882,34.94415]]],[[[-95.72508,34.96125],[-95.72487,34.96364],[-95.72417,34.97078],[-95.73612,34.97089],[-95.73612,34.96373],[-95.73628,34.96373],[-95.73645,34.96373],[-95.73649,34.97103],[-95.73612,34.97102],[-95.72482,34.97103],[-95.72386,34.97096],[-95.72459,34.96363],[-95.72529,34.95654],[-95.72687,34.95656],[-95.72508,34.96125]]],[[[-95.60738,35.37825],[-95.60526,35.38166],[-95.60168,35.38164],[-95.60057,35.37852],[-95.60118,35.37731],[-95.61001,35.37727],[-95.60991,35.35858],[-95.60982,35.35216],[-95.60973,35.33307],[-95.60975,35.30794],[-95.60761,35.30793],[-95.60757,35.3043],[-95.60149,35.30431],[-95.60149,35.30794],[-95.59677,35.30795],[-95.5968,35.31335],[-95.59247,35.31335],[-95.59244,35.31172],[-95.59048,35.31245],[-95.59245,35.30874],[-95.59238,35.30431],[-95.57783,35.30429],[-95.55712,35.3042],[-95.55719,35.29044],[-95.53996,35.29046],[-95.54002,35.27494],[-95.57481,35.27504],[-95.57479,35.26079],[-95.57922,35.2608],[-95.57927,35.2533],[-95.58398,35.25329],[-95.58391,35.25729],[-95.58747,35.25729],[-95.58793,35.25862],[-95.58791,35.26085],[-95.58364,35.26082],[-95.58363,35.26802],[-95.58794,35.26802],[-95.59132,35.26803],[-95.59264,35.26803],[-95.59259,35.27155],[-95.59251,35.27897],[-95.59325,35.27896],[-95.59711,35.27894],[-95.59684,35.28233],[-95.59682,35.28986],[-95.61013,35.28977],[-95.62774,35.28974],[-95.62788,35.31893],[-95.61001,35.31885],[-95.61003,35.33307],[-95.61015,35.35257],[-95.61021,35.3583],[-95.61037,35.37756],[-95.60733,35.37756],[-95.60738,35.37825]]],[[[-96.14176,35.55208],[-96.14176,35.55566],[-96.13955,35.55566],[-96.13955,35.55749],[-96.12755,35.55741],[-96.12644,35.55833],[-96.12644,35.56107],[-96.12183,35.56106],[-96.12184,35.56649],[-96.12626,35.5665],[-96.12627,35.57011],[-96.12849,35.57012],[-96.1285,35.57287],[-96.13072,35.57289],[-96.13072,35.57379],[-96.13294,35.57379],[-96.13292,35.57015],[-96.13625,35.57018],[-96.13514,35.57107],[-96.13515,35.5738],[-96.13626,35.5738],[-96.13627,35.57562],[-96.13848,35.57563],[-96.13849,35.57745],[-96.13738,35.57836],[-96.13517,35.57835],[-96.13517,35.57926],[-96.13074,35.57924],[-96.13073,35.57742],[-96.12186,35.57743],[-96.12185,35.57558],[-96.11297,35.57564],[-96.11299,35.57928],[-96.10404,35.57929],[-96.10407,35.57566],[-96.10251,35.57466],[-96.10083,35.57739],[-96.09775,35.58137],[-96.09802,35.58387],[-96.0967,35.58454],[-96.09616,35.58436],[-96.09533,35.58358],[-96.09239,35.58335],[-96.08938,35.58511],[-96.08894,35.58712],[-96.09052,35.58617],[-96.08877,35.58829],[-96.09132,35.58829],[-96.09131,35.59194],[-96.09068,35.59566],[-96.08967,35.59576],[-96.08802,35.59784],[-96.08617,35.5992],[-96.08183,35.59919],[-96.08325,35.60007],[-96.08179,35.60066],[-96.08185,35.61189],[-96.08624,35.61192],[-96.08628,35.61562],[-96.08475,35.61508],[-96.08376,35.61373],[-96.07841,35.61372],[-96.07741,35.61453],[-96.07745,35.62106],[-96.07904,35.62169],[-96.07968,35.62475],[-96.08255,35.62477],[-96.07968,35.62773],[-96.07883,35.63048],[-96.07775,35.63151],[-96.07747,35.62545],[-96.07675,35.62506],[-96.07556,35.62638],[-96.07447,35.62557],[-96.07242,35.62552],[-96.07029,35.62685],[-96.06864,35.62984],[-96.06866,35.63192],[-96.06336,35.63187],[-96.06327,35.6262],[-96.06151,35.62461],[-96.05911,35.62461],[-96.05821,35.62361],[-96.05953,35.62151],[-96.05969,35.61455],[-96.05553,35.61095],[-96.05343,35.61016],[-96.02661,35.61008],[-96.02444,35.61233],[-96.02335,35.61301],[-96.01818,35.61608],[-96.0146,35.61873],[-96.00828,35.62074],[-96.00941,35.62074],[-96.00995,35.62428],[-96.00642,35.62445],[-96.00641,35.62137],[-95.999,35.62406],[-95.99824,35.62425],[-95.99633,35.62454],[-95.99302,35.62453],[-95.98866,35.62453],[-95.98424,35.62452],[-95.98423,35.63543],[-95.98203,35.63544],[-95.98208,35.63876],[-95.9807,35.63876],[-95.98069,35.63909],[-95.97979,35.64269],[-95.9753,35.64267],[-95.97086,35.64264],[-95.97089,35.66119],[-95.9709,35.6681],[-95.97086,35.68267],[-95.96193,35.68257],[-95.95742,35.68255],[-95.95737,35.67529],[-95.95304,35.67524],[-95.953,35.68254],[-95.94418,35.68254],[-95.9441,35.6752],[-95.93878,35.67515],[-95.93872,35.66327],[-95.93983,35.66326],[-95.93983,35.6611],[-95.93976,35.65348],[-95.94106,35.65335],[-95.94511,35.65351],[-95.96135,35.65355],[-95.96135,35.65287],[-95.95757,35.65287],[-95.95756,35.64993],[-95.95572,35.64992],[-95.95571,35.64654],[-95.96132,35.64666],[-95.96129,35.63942],[-95.93618,35.63899],[-95.935,35.63591],[-95.93475,35.63158],[-95.92631,35.63155],[-95.92625,35.62427],[-95.92626,35.62058],[-95.9263,35.61457],[-95.92626,35.60998],[-95.92751,35.60999],[-95.92778,35.61],[-95.92908,35.61],[-95.92968,35.60995],[-95.93489,35.61001],[-95.93518,35.61001],[-95.93523,35.60268],[-95.93529,35.59536],[-95.95789,35.59544],[-95.96168,35.59547],[-95.96188,35.58758],[-95.96188,35.58014],[-95.9619,35.57714],[-95.9593,35.57714],[-95.95852,35.57715],[-95.95701,35.57559],[-95.95636,35.57368],[-95.95665,35.57365],[-95.97984,35.57358],[-95.97982,35.57734],[-95.96665,35.57738],[-95.96665,35.58095],[-95.9626,35.58093],[-95.96232,35.58093],[-95.96231,35.58702],[-95.96229,35.59553],[-95.97058,35.59563],[-95.9705,35.60641],[-95.97357,35.6064],[-95.97501,35.6064],[-95.974,35.60776],[-95.97413,35.61],[-95.97974,35.61002],[-95.97972,35.60279],[-95.98326,35.60279],[-95.98326,35.60389],[-95.98531,35.60388],[-95.98527,35.60525],[-95.98018,35.60525],[-95.97989,35.60997],[-95.98691,35.60994],[-95.98691,35.60832],[-95.98528,35.60831],[-95.98528,35.60638],[-95.98867,35.60637],[-95.9886,35.6101],[-95.97986,35.61008],[-95.98024,35.61106],[-95.98271,35.61105],[-95.98271,35.61305],[-95.98052,35.61375],[-95.98049,35.6146],[-95.98145,35.61462],[-95.98417,35.61463],[-95.98421,35.62098],[-95.98866,35.62096],[-95.98865,35.62231],[-95.99086,35.62233],[-95.99087,35.62094],[-95.99313,35.62089],[-95.99312,35.6174],[-95.99739,35.61736],[-95.99743,35.62428],[-95.99896,35.62396],[-96.00783,35.62076],[-96.01453,35.61864],[-96.01809,35.616],[-96.02326,35.61294],[-96.0266,35.60997],[-96.05345,35.61005],[-96.05562,35.61087],[-96.05896,35.61366],[-96.06411,35.61369],[-96.06406,35.60278],[-96.06627,35.60277],[-96.06624,35.5955],[-96.06844,35.5955],[-96.06846,35.59913],[-96.07734,35.59917],[-96.07733,35.59721],[-96.0745,35.59553],[-96.07732,35.59554],[-96.07734,35.5919],[-96.08623,35.59194],[-96.08622,35.58913],[-96.08541,35.58849],[-96.08857,35.58737],[-96.0893,35.58432],[-96.08781,35.58236],[-96.09014,35.58378],[-96.09251,35.58306],[-96.09535,35.5833],[-96.09764,35.58404],[-96.09721,35.58099],[-96.09866,35.57905],[-96.09732,35.5787],[-96.09945,35.57815],[-96.10153,35.5744],[-96.10364,35.57487],[-96.10377,35.57385],[-96.09519,35.57386],[-96.09519,35.56933],[-96.09409,35.56845],[-96.09521,35.56846],[-96.09519,35.56661],[-96.10017,35.5666],[-96.10073,35.5648],[-96.10404,35.56482],[-96.10408,35.55945],[-96.10402,35.55207],[-96.1056,35.55207],[-96.10565,35.54386],[-96.10786,35.54385],[-96.10784,35.54566],[-96.11006,35.54566],[-96.11005,35.54747],[-96.11337,35.54747],[-96.11337,35.54566],[-96.11447,35.54565],[-96.11455,35.53569],[-96.1167,35.53568],[-96.11669,35.5384],[-96.1178,35.5384],[-96.1178,35.54021],[-96.11891,35.54021],[-96.11891,35.54384],[-96.12113,35.54383],[-96.12113,35.5511],[-96.12557,35.55107],[-96.12556,35.55017],[-96.12778,35.55016],[-96.12778,35.54928],[-96.13222,35.54923],[-96.13223,35.55202],[-96.13444,35.55202],[-96.13443,35.54378],[-96.13665,35.54286],[-96.13665,35.54015],[-96.13721,35.53924],[-96.13999,35.53922],[-96.13999,35.5365],[-96.13666,35.53652],[-96.13659,35.53473],[-96.1388,35.53474],[-96.13884,35.52926],[-96.14327,35.52927],[-96.14331,35.5365],[-96.14552,35.53651],[-96.14552,35.5438],[-96.14216,35.54375],[-96.1422,35.54557],[-96.14331,35.54557],[-96.14331,35.54838],[-96.14109,35.5484],[-96.1411,35.55202],[-96.14176,35.55208]],[[-95.97256,35.6088],[-95.97256,35.61],[-95.97391,35.61],[-95.97391,35.60899],[-95.97391,35.6088],[-95.97256,35.6088]]],[[[-96.18847,35.98846],[-96.18498,35.9915],[-96.18102,35.99298],[-96.17808,35.99343],[-96.17734,35.99296],[-96.17572,35.99298],[-96.17484,35.9928],[-96.17204,35.99176],[-96.1707,35.99174],[-96.16495,35.99272],[-96.16176,35.99373],[-96.15817,35.99424],[-96.15363,35.99432],[-96.15137,35.99484],[-96.14746,35.99656],[-96.1452,35.99656],[-96.13704,35.99408],[-96.1382,35.99454],[-96.13706,35.99558],[-96.13721,36.00425],[-96.12784,36.00705],[-96.12784,36.01023],[-96.11894,36.0102],[-96.11887,36.02462],[-96.12789,36.02464],[-96.12793,36.02828],[-96.12343,36.02824],[-96.12344,36.03193],[-96.12065,36.03212],[-96.11902,36.03188],[-96.11905,36.03912],[-96.11906,36.04922],[-96.11679,36.04922],[-96.11678,36.04647],[-96.10114,36.04652],[-96.10116,36.03844],[-96.10257,36.03487],[-96.10259,36.03197],[-96.10564,36.03193],[-96.10611,36.01802],[-96.11001,36.02016],[-96.10995,36.01449],[-96.11187,36.0137],[-96.10997,36.01367],[-96.10997,36.01221],[-96.10998,36.01077],[-96.10803,36.01026],[-96.10997,36.00912],[-96.10575,36.00661],[-96.10085,36.00659],[-96.10086,36.00431],[-96.0993,36.0043],[-96.09886,36.00479],[-96.09886,36.0057],[-96.0987,36.01243],[-96.09942,36.0134],[-96.09834,36.01381],[-96.09673,36.01796],[-96.09228,36.02472],[-96.09299,36.02473],[-96.09117,36.02634],[-96.08727,36.03195],[-96.07012,36.06096],[-96.06779,36.06505],[-96.06669,36.06641],[-96.06585,36.06722],[-96.06441,36.06809],[-96.05661,36.07333],[-96.05278,36.07549],[-96.05375,36.07549],[-96.05439,36.07545],[-96.05435,36.07932],[-96.05287,36.07997],[-96.04751,36.08395],[-96.0475,36.08465],[-96.05221,36.08101],[-96.05441,36.0798],[-96.05718,36.07911],[-96.06101,36.07911],[-96.06096,36.08276],[-96.06542,36.08278],[-96.06543,36.09007],[-96.06537,36.09383],[-96.05639,36.09381],[-96.05565,36.0938],[-96.05318,36.08989],[-96.05358,36.08943],[-96.04744,36.08837],[-96.04744,36.0883],[-96.05192,36.08901],[-96.05191,36.08824],[-96.05644,36.08939],[-96.05639,36.09298],[-96.06438,36.093],[-96.06539,36.08643],[-96.06538,36.08473],[-96.06318,36.08458],[-96.06317,36.0864],[-96.05647,36.08638],[-96.05649,36.08365],[-96.05418,36.08364],[-96.05313,36.08213],[-96.04958,36.0832],[-96.04746,36.08553],[-96.04742,36.08401],[-96.03974,36.08994],[-96.03883,36.09],[-96.03892,36.08989],[-96.03853,36.08923],[-96.03854,36.08624],[-96.04079,36.08626],[-96.04076,36.08448],[-96.04295,36.08448],[-96.04306,36.0803],[-96.04531,36.07545],[-96.03037,36.07537],[-96.02958,36.07537],[-96.02954,36.06925],[-96.02955,36.06633],[-96.02954,36.06096],[-96.02955,36.05003],[-96.02956,36.04643],[-96.02952,36.03197],[-96.02956,36.00902],[-96.02956,36.00882],[-96.02952,35.99912],[-96.02962,35.99563],[-96.02976,35.99477],[-96.02952,35.99366],[-96.02954,35.98839],[-96.02949,35.96656],[-96.04726,35.96649],[-96.04714,35.9592],[-96.07381,35.9593],[-96.08314,35.95936],[-96.08317,35.94118],[-96.08333,35.93393],[-96.08337,35.95204],[-96.08336,35.95954],[-96.08314,35.95954],[-96.07401,35.9595],[-96.0475,35.95938],[-96.04746,35.96669],[-96.02972,35.96673],[-96.0297,35.97582],[-96.03376,35.97582],[-96.03376,35.97799],[-96.02975,35.97801],[-96.02975,35.98839],[-96.02965,35.98839],[-96.02996,36.00105],[-96.02971,36.00882],[-96.02964,36.02385],[-96.04395,36.02389],[-96.04311,36.02201],[-96.03842,36.02215],[-96.03669,36.02136],[-96.03567,36.01997],[-96.03173,36.02006],[-96.03175,36.01747],[-96.03395,36.01746],[-96.03354,36.01593],[-96.03733,36.01746],[-96.04285,36.01746],[-96.04279,36.01471],[-96.04426,36.01471],[-96.04434,36.01741],[-96.0471,36.01841],[-96.04771,36.01401],[-96.04772,36.01879],[-96.04929,36.02478],[-96.05198,36.02477],[-96.05198,36.02833],[-96.04968,36.02833],[-96.04965,36.03011],[-96.04851,36.03011],[-96.04851,36.03192],[-96.04746,36.03192],[-96.04723,36.03192],[-96.04751,36.02465],[-96.02975,36.02472],[-96.02975,36.03196],[-96.02979,36.04643],[-96.02979,36.04825],[-96.03073,36.04765],[-96.03303,36.04766],[-96.03404,36.04767],[-96.03404,36.05012],[-96.02977,36.0501],[-96.02976,36.05139],[-96.03846,36.05136],[-96.03853,36.04642],[-96.043,36.04645],[-96.04303,36.0537],[-96.0386,36.05368],[-96.03856,36.06075],[-96.04775,36.06095],[-96.05815,36.06101],[-96.0619,36.06103],[-96.06336,36.06094],[-96.06886,36.06095],[-96.069,36.06095],[-96.07278,36.05372],[-96.07462,36.05256],[-96.07368,36.05207],[-96.07515,36.04921],[-96.07659,36.04645],[-96.07644,36.04462],[-96.07427,36.04461],[-96.07425,36.04642],[-96.0564,36.04644],[-96.0564,36.03917],[-96.0641,36.03892],[-96.06507,36.038],[-96.06508,36.03182],[-96.07109,36.0319],[-96.06968,36.03135],[-96.06969,36.02822],[-96.07198,36.02825],[-96.07194,36.03016],[-96.07396,36.03018],[-96.07399,36.02469],[-96.07366,36.02469],[-96.08169,36.02451],[-96.08271,36.02465],[-96.08305,36.01746],[-96.08241,36.01745],[-96.0772,36.01744],[-96.07378,36.01745],[-96.06512,36.01742],[-96.0651,36.01016],[-96.05291,36.0102],[-96.04741,36.01],[-96.04744,36.0029],[-96.03372,36.00292],[-96.0338,35.98837],[-96.03381,35.98755],[-96.04739,35.98754],[-96.04734,35.98552],[-96.04738,35.9846],[-96.04751,35.97741],[-96.05166,35.97742],[-96.05173,35.98103],[-96.05627,35.98103],[-96.05633,35.98757],[-96.08318,35.98756],[-96.08317,35.98102],[-96.09864,35.98112],[-96.10092,35.98113],[-96.10095,35.97407],[-96.10098,35.96972],[-96.10097,35.96343],[-96.10099,35.95935],[-96.11881,35.95933],[-96.11885,35.95566],[-96.12325,35.95567],[-96.12327,35.95934],[-96.13697,35.95932],[-96.13691,35.97396],[-96.13687,35.97757],[-96.14581,35.97761],[-96.14577,35.98118],[-96.13685,35.98119],[-96.13682,35.98486],[-96.139,35.98492],[-96.139,35.98572],[-96.13799,35.98573],[-96.13799,35.98617],[-96.139,35.9862],[-96.13899,35.98845],[-96.13918,35.98845],[-96.14134,35.98971],[-96.14511,35.99075],[-96.14816,35.99071],[-96.14989,35.99029],[-96.15336,35.9903],[-96.15343,35.98848],[-96.15455,35.98844],[-96.15462,35.99018],[-96.15731,35.99018],[-96.17075,35.98921],[-96.17365,35.98856],[-96.1747,35.9891],[-96.17839,35.98871],[-96.17931,35.98926],[-96.181,35.98859],[-96.1821,35.9884],[-96.18448,35.98831],[-96.18591,35.98762],[-96.1868,35.98758],[-96.18924,35.98585],[-96.18929,35.98477],[-96.18995,35.98477],[-96.18994,35.98709],[-96.18993,35.9884],[-96.19137,35.9884],[-96.19129,35.98846],[-96.19034,35.98845],[-96.19032,35.99058],[-96.19343,35.9888],[-96.19652,35.9883],[-96.19927,35.98852],[-96.19948,35.99476],[-96.20364,35.99474],[-96.20363,35.99584],[-96.19922,35.99583],[-96.19919,35.99947],[-96.19454,35.9995],[-96.19451,36.00203],[-96.21689,36.00212],[-96.21704,35.98863],[-96.21708,35.9747],[-96.21426,35.9747],[-96.20457,35.98155],[-96.2046,35.983],[-96.20073,35.98568],[-96.19669,35.98566],[-96.19546,35.98565],[-96.19652,35.98489],[-96.19779,35.98488],[-96.20039,35.98486],[-96.20351,35.98259],[-96.20349,35.98122],[-96.21388,35.97387],[-96.21721,35.97391],[-96.2172,35.98864],[-96.21701,36.0031],[-96.18983,36.00319],[-96.18963,35.99963],[-96.18908,35.99944],[-96.18904,35.99574],[-96.18895,35.98846],[-96.18847,35.98846]],[[-96.04738,35.98515],[-96.04742,35.98552],[-96.04759,35.98754],[-96.05419,35.98756],[-96.05419,35.98467],[-96.05623,35.98467],[-96.05619,35.9811],[-96.05173,35.98107],[-96.05177,35.98463],[-96.04738,35.9846],[-96.04738,35.98515]],[[-96.10227,35.98952],[-96.10225,35.99267],[-96.10445,35.99269],[-96.10439,35.98905],[-96.10342,35.98963],[-96.10227,35.98952]],[[-96.08101,36.03391],[-96.08046,36.03556],[-96.0833,36.03559],[-96.08325,36.03201],[-96.08232,36.03201],[-96.08101,36.03391]],[[-96.07423,36.03163],[-96.07425,36.03181],[-96.07435,36.03197],[-96.07874,36.03198],[-96.07876,36.03015],[-96.07996,36.02866],[-96.08321,36.02884],[-96.08325,36.02491],[-96.07447,36.02502],[-96.07448,36.0284],[-96.07647,36.02841],[-96.07646,36.03014],[-96.07422,36.03013],[-96.07424,36.03087],[-96.07423,36.03163]],[[-96.0786,36.03745],[-96.07861,36.03913],[-96.08237,36.03915],[-96.08297,36.03812],[-96.07924,36.03756],[-96.0786,36.03745]],[[-96.0784,36.04289],[-96.08001,36.0429],[-96.0811,36.04101],[-96.08137,36.04075],[-96.07907,36.04073],[-96.0784,36.04289]],[[-96.07639,36.03553],[-96.0764,36.03731],[-96.0786,36.03733],[-96.0786,36.03721],[-96.07859,36.03554],[-96.07639,36.03553]],[[-96.06805,36.06203],[-96.06564,36.06202],[-96.06555,36.06202],[-96.06551,36.06202],[-96.06343,36.06201],[-96.06334,36.06601],[-96.06634,36.06422],[-96.06805,36.06203]],[[-96.06489,36.06657],[-96.06096,36.06692],[-96.05742,36.06804],[-96.05739,36.06959],[-96.06033,36.06963],[-96.06095,36.06824],[-96.06244,36.06822],[-96.06489,36.06657]],[[-96.06065,36.06459],[-96.06299,36.06456],[-96.06225,36.06317],[-96.06335,36.0615],[-96.06067,36.0614],[-96.06065,36.06459]],[[-96.02971,36.06276],[-96.02975,36.06925],[-96.02976,36.07521],[-96.0309,36.07521],[-96.04133,36.07523],[-96.04527,36.07529],[-96.04751,36.07194],[-96.04749,36.07443],[-96.05198,36.0745],[-96.05203,36.07147],[-96.04769,36.07178],[-96.04995,36.07017],[-96.05465,36.06869],[-96.05467,36.06823],[-96.04759,36.06824],[-96.03854,36.06817],[-96.03856,36.06102],[-96.03818,36.06102],[-96.03183,36.061],[-96.0318,36.0628],[-96.02971,36.06276]],[[-96.02978,36.06095],[-96.03035,36.06094],[-96.03407,36.06096],[-96.03408,36.05462],[-96.02981,36.0546],[-96.02978,36.06095]]],[[[-96.09647,36.05023],[-96.09457,36.05022],[-96.09753,36.04649],[-96.10114,36.04652],[-96.10111,36.06109],[-96.10041,36.06304],[-96.09975,36.06294],[-96.09841,36.06116],[-96.10103,36.06103],[-96.10103,36.05206],[-96.09653,36.05203],[-96.09647,36.05023]]],[[[-96.10107,36.07557],[-96.08015,36.07555],[-96.07581,36.07552],[-96.0741,36.07556],[-96.06543,36.07551],[-96.05649,36.07546],[-96.05649,36.07529],[-96.07007,36.07534],[-96.07423,36.07535],[-96.08056,36.07542],[-96.08148,36.07549],[-96.13696,36.07548],[-96.13699,36.0683],[-96.15481,36.06835],[-96.15478,36.07552],[-96.17277,36.07548],[-96.18348,36.07546],[-96.19004,36.07528],[-96.18993,36.06484],[-96.18995,36.03585],[-96.19021,36.03584],[-96.19018,36.06269],[-96.19008,36.06485],[-96.19008,36.06531],[-96.19023,36.06565],[-96.19019,36.06659],[-96.19021,36.06845],[-96.19037,36.07573],[-96.17277,36.0757],[-96.13696,36.07566],[-96.11958,36.07564],[-96.11902,36.07564],[-96.10118,36.07557],[-96.10109,36.08288],[-96.10107,36.07557]]],[[[-95.81669,36.255],[-95.82559,36.255],[-95.82563,36.26121],[-95.82213,36.26406],[-95.81894,36.2641],[-95.81894,36.26037],[-95.81446,36.26037],[-95.81446,36.25681],[-95.81666,36.2568],[-95.81669,36.255]]],[[[-95.82671,36.26218],[-95.82671,36.26401],[-95.82558,36.26402],[-95.82556,36.26218],[-95.82671,36.26218]]],[[[-95.8519,36.33656],[-95.84819,36.33661],[-95.81222,36.33652],[-95.81225,36.33664],[-95.79454,36.33657],[-95.79427,36.33658],[-95.79416,36.33658],[-95.77632,36.33651],[-95.77617,36.33638],[-95.75798,36.3364],[-95.74015,36.33646],[-95.7044,36.33636],[-95.7045,36.32187],[-95.70436,36.30749],[-95.70454,36.27303],[-95.7068,36.27296],[-95.71362,36.27394],[-95.71575,36.2734],[-95.71713,36.27294],[-95.72007,36.27071],[-95.72168,36.27041],[-95.72375,36.2709],[-95.72752,36.2702],[-95.72953,36.26875],[-95.73147,36.26671],[-95.73254,36.26632],[-95.73583,36.26654],[-95.74104,36.26735],[-95.74268,36.2666],[-95.74396,36.26553],[-95.74446,36.26498],[-95.74447,36.2646],[-95.73866,36.25995],[-95.73604,36.25853],[-95.73403,36.25632],[-95.73363,36.2546],[-95.73394,36.24971],[-95.74511,36.2497],[-95.74955,36.24946],[-95.75838,36.24949],[-95.76132,36.24949],[-95.77365,36.24951],[-95.77696,36.25023],[-95.7808,36.25019],[-95.78333,36.24936],[-95.79648,36.24931],[-95.79748,36.24946],[-95.81203,36.24959],[-95.81203,36.24945],[-95.81534,36.24944],[-95.85981,36.24943],[-95.86243,36.24944],[-95.86282,36.24919],[-95.86672,36.24919],[-95.86658,36.24945],[-95.88381,36.24958],[-95.88399,36.26405],[-95.90194,36.26405],[-95.90201,36.2786],[-95.8843,36.27899],[-95.88428,36.28616],[-95.88451,36.32205],[-95.88443,36.33664],[-95.88422,36.33664],[-95.86628,36.33667],[-95.8519,36.33656]],[[-95.86753,36.26712],[-95.86754,36.26903],[-95.86969,36.26904],[-95.8697,36.27116],[-95.87513,36.27115],[-95.87515,36.27314],[-95.87298,36.27314],[-95.87305,36.27853],[-95.86758,36.27858],[-95.86763,36.27868],[-95.8691,36.28216],[-95.86621,36.28218],[-95.86626,36.28584],[-95.87084,36.28583],[-95.87143,36.28959],[-95.86851,36.29488],[-95.86629,36.29487],[-95.8662,36.30569],[-95.86619,36.30752],[-95.86841,36.30751],[-95.8684,36.30841],[-95.8662,36.30842],[-95.8662,36.31116],[-95.8707,36.31115],[-95.87076,36.3196],[-95.8696,36.3196],[-95.86962,36.3219],[-95.88399,36.32183],[-95.88397,36.31475],[-95.88422,36.31475],[-95.88422,36.31142],[-95.88345,36.31143],[-95.88125,36.31048],[-95.88121,36.30977],[-95.88422,36.30973],[-95.88421,36.30748],[-95.88387,36.29303],[-95.88383,36.2786],[-95.87963,36.27858],[-95.87962,36.27676],[-95.87737,36.27676],[-95.87735,36.27132],[-95.87956,36.27132],[-95.87959,36.27494],[-95.88405,36.27492],[-95.88407,36.27844],[-95.88851,36.27843],[-95.88847,36.27137],[-95.88402,36.27137],[-95.88402,36.27127],[-95.88677,36.27126],[-95.88849,36.26949],[-95.89298,36.26949],[-95.89299,36.27494],[-95.89065,36.27495],[-95.89066,36.27649],[-95.88966,36.27649],[-95.88966,36.27843],[-95.90177,36.27842],[-95.90177,36.26418],[-95.88831,36.26418],[-95.88832,36.26768],[-95.88401,36.26769],[-95.88399,36.26418],[-95.8701,36.26422],[-95.87011,36.2655],[-95.86753,36.26712]],[[-95.85709,36.32942],[-95.85284,36.33505],[-95.85202,36.33642],[-95.86634,36.33646],[-95.88397,36.33651],[-95.88395,36.32225],[-95.86629,36.3223],[-95.86629,36.32211],[-95.86059,36.32205],[-95.86051,36.32229],[-95.86035,36.32229],[-95.85869,36.32685],[-95.85709,36.32942]],[[-95.86646,36.24969],[-95.86641,36.25355],[-95.86638,36.26395],[-95.86913,36.26395],[-95.88375,36.26391],[-95.88355,36.24972],[-95.86646,36.24969]],[[-95.86089,36.26837],[-95.8608,36.26493],[-95.86039,36.26493],[-95.86039,36.26843],[-95.86454,36.27242],[-95.86544,36.27446],[-95.86558,36.27437],[-95.86753,36.27847],[-95.87284,36.27845],[-95.87281,36.27314],[-95.87068,36.27311],[-95.8707,36.27586],[-95.86846,36.27586],[-95.86846,36.27116],[-95.86702,36.27116],[-95.8645,36.27115],[-95.86089,36.26837]],[[-95.86682,36.26703],[-95.86719,36.26704],[-95.86851,36.26592],[-95.86977,36.26534],[-95.86975,36.26408],[-95.86907,36.26408],[-95.86132,36.26405],[-95.8613,36.26739],[-95.86224,36.26914],[-95.86553,36.27078],[-95.86555,36.26827],[-95.86682,36.26703]],[[-95.86847,36.31663],[-95.86845,36.31478],[-95.86624,36.3148],[-95.8663,36.31665],[-95.86847,36.31663]],[[-95.86628,36.28763],[-95.86628,36.28671],[-95.86395,36.2867],[-95.86396,36.28763],[-95.86628,36.28763]],[[-95.84857,36.25987],[-95.85065,36.25989],[-95.85078,36.25483],[-95.8545,36.25483],[-95.85482,36.25318],[-95.85707,36.25318],[-95.85709,36.25616],[-95.85764,36.25616],[-95.86613,36.25613],[-95.86607,36.24972],[-95.86223,36.24971],[-95.85978,36.2497],[-95.85974,36.2497],[-95.84874,36.24973],[-95.84842,36.25058],[-95.84845,36.25285],[-95.84857,36.25987]],[[-95.85712,36.27853],[-95.85711,36.28218],[-95.85886,36.28218],[-95.86167,36.28219],[-95.86169,36.27931],[-95.8617,36.27857],[-95.85712,36.27853]],[[-95.85716,36.29393],[-95.85714,36.29734],[-95.85912,36.29735],[-95.85853,36.29525],[-95.85851,36.29393],[-95.85716,36.29393]],[[-95.85259,36.30753],[-95.85261,36.31119],[-95.85485,36.31117],[-95.85486,36.31482],[-95.85711,36.31482],[-95.85707,36.3075],[-95.85259,36.30753]],[[-95.85262,36.29667],[-95.85106,36.29707],[-95.8482,36.29668],[-95.8481,36.29789],[-95.8481,36.29959],[-95.84812,36.30026],[-95.85262,36.30028],[-95.85262,36.29667]],[[-95.84822,36.2962],[-95.84821,36.29576],[-95.84597,36.29578],[-95.84597,36.29487],[-95.84365,36.29489],[-95.84366,36.29665],[-95.8482,36.29668],[-95.84822,36.2962]],[[-95.84831,36.30847],[-95.84811,36.30938],[-95.84812,36.31119],[-95.84822,36.3112],[-95.85037,36.31122],[-95.85035,36.30846],[-95.84831,36.30847]],[[-95.84592,36.31117],[-95.84593,36.31298],[-95.84818,36.31298],[-95.8482,36.31209],[-95.84812,36.31119],[-95.84592,36.31117]],[[-95.84037,36.32568],[-95.83907,36.32568],[-95.83905,36.32218],[-95.83465,36.32221],[-95.83466,36.32438],[-95.83313,36.32439],[-95.83311,36.32204],[-95.83917,36.32205],[-95.83911,36.31933],[-95.84085,36.31936],[-95.84082,36.3157],[-95.83916,36.31569],[-95.83914,36.30855],[-95.84021,36.30756],[-95.84282,36.30756],[-95.84279,36.30601],[-95.83914,36.30605],[-95.83913,36.30758],[-95.83804,36.30758],[-95.83803,36.30394],[-95.83915,36.30394],[-95.83916,36.30212],[-95.8369,36.3021],[-95.83691,36.30121],[-95.83916,36.30123],[-95.83916,36.30026],[-95.83307,36.30027],[-95.83311,36.30359],[-95.83013,36.30359],[-95.83016,36.29585],[-95.82568,36.2998],[-95.82428,36.30215],[-95.82323,36.30422],[-95.82324,36.30667],[-95.82567,36.30755],[-95.83016,36.30756],[-95.83017,36.31118],[-95.8257,36.31116],[-95.82568,36.31482],[-95.83018,36.31482],[-95.83016,36.31859],[-95.82838,36.31859],[-95.82838,36.32074],[-95.83011,36.32075],[-95.83013,36.32033],[-95.83189,36.32033],[-95.83252,36.32205],[-95.83159,36.32206],[-95.83159,36.32285],[-95.83008,36.32286],[-95.83019,36.33642],[-95.84811,36.33638],[-95.84818,36.32523],[-95.84636,36.32523],[-95.8413,36.32567],[-95.84238,36.32478],[-95.84239,36.32203],[-95.84525,36.32206],[-95.84525,36.32267],[-95.84819,36.32295],[-95.84816,36.32207],[-95.84704,36.32207],[-95.84591,36.32026],[-95.84592,36.31846],[-95.84139,36.31771],[-95.84141,36.32202],[-95.84028,36.32203],[-95.84037,36.32568]],[[-95.84367,36.31507],[-95.84364,36.31666],[-95.84809,36.31664],[-95.84813,36.31482],[-95.84386,36.31483],[-95.84367,36.31507]],[[-95.84811,36.30756],[-95.84812,36.30392],[-95.84293,36.30392],[-95.84298,36.30756],[-95.8436,36.30756],[-95.84362,36.30937],[-95.84587,36.30937],[-95.84586,36.30756],[-95.84811,36.30756]],[[-95.81234,36.26403],[-95.81667,36.26402],[-95.81668,36.26949],[-95.82117,36.26947],[-95.82119,36.27131],[-95.82564,36.2713],[-95.82569,36.26582],[-95.829,36.26582],[-95.82899,36.26397],[-95.82792,36.26399],[-95.8279,36.26217],[-95.83015,36.26218],[-95.83017,36.25505],[-95.8336,36.25407],[-95.83668,36.25168],[-95.83915,36.25228],[-95.83913,36.25657],[-95.8369,36.25677],[-95.83694,36.26027],[-95.83913,36.26026],[-95.83914,36.26407],[-95.84359,36.26404],[-95.84474,36.2604],[-95.84359,36.2604],[-95.84358,36.25859],[-95.84474,36.25858],[-95.84509,36.25677],[-95.84747,36.25677],[-95.84757,36.25016],[-95.83243,36.24967],[-95.83243,36.25406],[-95.83208,36.25323],[-95.83015,36.25319],[-95.83016,36.24968],[-95.81238,36.24973],[-95.81234,36.26403]],[[-95.82194,36.32933],[-95.82195,36.33269],[-95.82195,36.33414],[-95.82342,36.33297],[-95.82566,36.33297],[-95.8257,36.32932],[-95.82194,36.32933]],[[-95.82559,36.28022],[-95.82558,36.27855],[-95.82335,36.27855],[-95.82335,36.28023],[-95.82559,36.28022]],[[-95.81666,36.27853],[-95.81871,36.27855],[-95.82117,36.27855],[-95.82118,36.27492],[-95.81667,36.27491],[-95.81666,36.27853]],[[-95.81468,36.32326],[-95.81464,36.32568],[-95.81221,36.32568],[-95.81222,36.32393],[-95.80996,36.32389],[-95.80998,36.32205],[-95.8122,36.32205],[-95.8122,36.3208],[-95.81412,36.32079],[-95.81444,36.31935],[-95.81218,36.31935],[-95.81218,36.31972],[-95.80752,36.31969],[-95.80757,36.31483],[-95.80322,36.31484],[-95.80321,36.30761],[-95.7943,36.30759],[-95.7943,36.30754],[-95.79429,36.30747],[-95.80703,36.30749],[-95.80703,36.30485],[-95.81216,36.30486],[-95.81218,36.29305],[-95.81217,36.28575],[-95.80322,36.28582],[-95.80325,36.28763],[-95.79421,36.28751],[-95.7942,36.27854],[-95.8105,36.27853],[-95.81049,36.2758],[-95.81212,36.27579],[-95.81211,36.27129],[-95.80314,36.27129],[-95.80316,36.26401],[-95.77651,36.26398],[-95.77656,36.27848],[-95.77658,36.29296],[-95.77651,36.30744],[-95.77651,36.32187],[-95.77652,36.33624],[-95.81222,36.33628],[-95.81741,36.33626],[-95.81741,36.33295],[-95.82035,36.33276],[-95.82062,36.32571],[-95.81869,36.32567],[-95.81946,36.32415],[-95.81864,36.32242],[-95.81676,36.32206],[-95.8134,36.32206],[-95.81338,36.32325],[-95.81468,36.32326]],[[-95.81579,36.31479],[-95.81577,36.31255],[-95.81219,36.31242],[-95.8122,36.3148],[-95.81579,36.31479]],[[-95.80096,36.26388],[-95.80089,36.26038],[-95.80329,36.26039],[-95.80323,36.26388],[-95.81218,36.26388],[-95.81219,36.25748],[-95.81206,36.25697],[-95.81203,36.24982],[-95.79437,36.24974],[-95.79439,36.2605],[-95.79872,36.26051],[-95.79867,36.26388],[-95.80096,36.26388]],[[-95.81124,36.26414],[-95.80993,36.26414],[-95.80991,36.26751],[-95.81211,36.26748],[-95.8121,36.26443],[-95.81213,36.26428],[-95.81124,36.26414]],[[-95.79055,36.24961],[-95.79126,36.25518],[-95.79405,36.25518],[-95.79412,36.24981],[-95.79403,36.2496],[-95.79055,36.24961]],[[-95.75836,36.25852],[-95.75992,36.25842],[-95.76449,36.25635],[-95.76668,36.2558],[-95.77142,36.25588],[-95.77096,36.25413],[-95.77266,36.25088],[-95.77072,36.24976],[-95.75838,36.24973],[-95.74783,36.24978],[-95.74432,36.25002],[-95.73472,36.25006],[-95.73416,36.25518],[-95.73605,36.25781],[-95.73909,36.25945],[-95.74079,36.26117],[-95.74483,36.26401],[-95.74513,36.26559],[-95.74471,36.266],[-95.74377,36.26688],[-95.74309,36.26728],[-95.74024,36.26778],[-95.73578,36.26685],[-95.73169,36.26692],[-95.72984,36.26888],[-95.72774,36.27041],[-95.72532,36.27113],[-95.7216,36.27069],[-95.72029,36.27094],[-95.71732,36.27318],[-95.71366,36.27422],[-95.70681,36.27325],[-95.70489,36.27338],[-95.70469,36.30748],[-95.70484,36.32181],[-95.70473,36.33612],[-95.74015,36.33613],[-95.75798,36.33614],[-95.77618,36.33607],[-95.77613,36.32187],[-95.77615,36.31106],[-95.77615,36.30744],[-95.77617,36.29296],[-95.77607,36.26398],[-95.7586,36.26398],[-95.75834,36.26326],[-95.75836,36.25852]]],[[[-95.65972,36.30376],[-95.65969,36.30557],[-95.6586,36.30555],[-95.65859,36.30736],[-95.65751,36.30736],[-95.65751,36.3055],[-95.65615,36.30548],[-95.65614,36.30369],[-95.65972,36.30376]]],[[[-95.64613,36.32908],[-95.64613,36.33092],[-95.6417,36.33093],[-95.64169,36.33631],[-95.63245,36.33628],[-95.61498,36.33629],[-95.61283,36.33627],[-95.61283,36.3394],[-95.61474,36.3394],[-95.61477,36.34715],[-95.61284,36.34715],[-95.6143,36.34378],[-95.61186,36.34365],[-95.6098,36.34406],[-95.61187,36.34715],[-95.61031,36.34715],[-95.61033,36.35439],[-95.60585,36.35443],[-95.60583,36.35081],[-95.60136,36.35085],[-95.60132,36.34813],[-95.59684,36.34815],[-95.59463,36.35079],[-95.59464,36.35806],[-95.5924,36.35806],[-95.59241,36.36169],[-95.58568,36.36154],[-95.58568,36.35988],[-95.58344,36.35989],[-95.58344,36.36177],[-95.57891,36.36309],[-95.57891,36.36133],[-95.59685,36.34274],[-95.59684,36.34717],[-95.60131,36.34717],[-95.60131,36.33815],[-95.60359,36.33791],[-95.60359,36.33628],[-95.60228,36.33622],[-95.57886,36.36048],[-95.57631,36.36316],[-95.57266,36.36567],[-95.56492,36.37058],[-95.55887,36.37967],[-95.55833,36.37989],[-95.56122,36.37534],[-95.56392,36.37116],[-95.56449,36.37051],[-95.56513,36.36992],[-95.57241,36.36547],[-95.57505,36.36368],[-95.57854,36.36029],[-95.5965,36.34166],[-95.59681,36.33758],[-95.5952,36.33629],[-95.59614,36.33629],[-95.59613,36.33572],[-95.59683,36.3347],[-95.59465,36.33471],[-95.59465,36.33629],[-95.58942,36.33631],[-95.58942,36.33471],[-95.58789,36.3347],[-95.58789,36.33631],[-95.58451,36.33632],[-95.58451,36.33495],[-95.58285,36.33495],[-95.58284,36.33632],[-95.58265,36.33632],[-95.58257,36.33632],[-95.58235,36.33631],[-95.58227,36.33631],[-95.58225,36.3363],[-95.58221,36.33625],[-95.5822,36.33623],[-95.58177,36.33624],[-95.57884,36.33625],[-95.57866,36.33625],[-95.5761,36.33626],[-95.57295,36.33626],[-95.57332,36.33263],[-95.57448,36.33201],[-95.57448,36.32899],[-95.5768,36.32783],[-95.57884,36.32355],[-95.57906,36.32355],[-95.5791,36.32338],[-95.57909,36.3227],[-95.57906,36.32227],[-95.57899,36.3221],[-95.57879,36.32188],[-95.5788,36.32172],[-95.58131,36.32178],[-95.5813,36.31926],[-95.58131,36.31854],[-95.58577,36.31814],[-95.58576,36.32184],[-95.58578,36.32184],[-95.58573,36.32541],[-95.58346,36.32543],[-95.58347,36.32908],[-95.58559,36.32907],[-95.5856,36.3312],[-95.58843,36.3312],[-95.58924,36.33268],[-95.58925,36.32904],[-95.58794,36.32903],[-95.58796,36.3254],[-95.58912,36.3254],[-95.58911,36.32186],[-95.58799,36.32186],[-95.58648,36.32081],[-95.58701,36.31455],[-95.58939,36.31275],[-95.59695,36.31277],[-95.59695,36.30811],[-95.5962,36.30812],[-95.59522,36.30756],[-95.59515,36.3077],[-95.57899,36.30722],[-95.57899,36.30718],[-95.59087,36.30732],[-95.59025,36.30554],[-95.58901,36.30549],[-95.58861,36.30287],[-95.58987,36.30232],[-95.5919,36.30275],[-95.59272,36.30443],[-95.59268,36.3067],[-95.59541,36.30704],[-95.59563,36.30669],[-95.59698,36.30671],[-95.59697,36.30374],[-95.60145,36.30373],[-95.60143,36.30103],[-95.60529,36.30104],[-95.60462,36.30194],[-95.60787,36.30195],[-95.60595,36.2992],[-95.60595,36.2974],[-95.60774,36.29741],[-95.60819,36.29385],[-95.60965,36.29289],[-95.61492,36.29291],[-95.61491,36.28929],[-95.6167,36.28929],[-95.61746,36.28611],[-95.62365,36.28013],[-95.62806,36.27844],[-95.62835,36.27844],[-95.62834,36.27548],[-95.63161,36.27234],[-95.63255,36.27376],[-95.63281,36.27054],[-95.63282,36.26393],[-95.63891,36.264],[-95.63305,36.26969],[-95.63305,36.27032],[-95.63305,36.27095],[-95.63651,36.26761],[-95.64623,36.26755],[-95.64644,36.26975],[-95.64241,36.27472],[-95.64175,36.27473],[-95.64186,36.27292],[-95.63589,36.27253],[-95.63591,36.27498],[-95.63364,36.27502],[-95.6328,36.27844],[-95.64084,36.27841],[-95.65076,36.2784],[-95.65103,36.2784],[-95.65076,36.27858],[-95.65076,36.28739],[-95.64849,36.28738],[-95.64847,36.28564],[-95.64179,36.28567],[-95.64179,36.28929],[-95.6485,36.28927],[-95.64849,36.28755],[-95.65076,36.28755],[-95.65074,36.30736],[-95.65751,36.30736],[-95.6575,36.31099],[-95.65974,36.31099],[-95.65971,36.32185],[-95.65524,36.32184],[-95.65518,36.32545],[-95.653,36.32544],[-95.65299,36.32178],[-95.65072,36.32181],[-95.65072,36.32907],[-95.64613,36.32908]],[[-95.63024,36.28206],[-95.62879,36.28206],[-95.62983,36.28475],[-95.62836,36.28388],[-95.62614,36.28451],[-95.62391,36.28568],[-95.63076,36.2857],[-95.63024,36.28206]],[[-95.58958,36.32906],[-95.58958,36.3323],[-95.59204,36.33267],[-95.59206,36.33115],[-95.59017,36.33114],[-95.58958,36.32906]]],[[[-95.55986,36.33217],[-95.56108,36.3329],[-95.56105,36.33631],[-95.56018,36.33631],[-95.55433,36.3363],[-95.55434,36.3327],[-95.55322,36.3327],[-95.55323,36.32906],[-95.56034,36.32904],[-95.55986,36.33217]]],[[[-95.96046,36.35829],[-95.95607,36.35826],[-95.95604,36.35785],[-95.95603,36.35115],[-95.95828,36.35115],[-95.95828,36.35477],[-95.96034,36.35477],[-95.96046,36.35829]]],[[[-96.18665,36.44803],[-96.18594,36.44804],[-96.18524,36.44805],[-96.18427,36.44806],[-96.18331,36.44808],[-96.17663,36.44817],[-96.17448,36.4482],[-96.17361,36.44821],[-96.16899,36.44825],[-96.16755,36.44827],[-96.1671,36.44828],[-96.16643,36.44831],[-96.15721,36.44832],[-96.15601,36.44833],[-96.15466,36.44835],[-96.15234,36.44838],[-96.15053,36.44839],[-96.14083,36.4485],[-96.14042,36.4485],[-96.14018,36.4485],[-96.13922,36.44851],[-96.13854,36.44851],[-96.13767,36.4485],[-96.13643,36.44852],[-96.13359,36.44851],[-96.13241,36.4485],[-96.13194,36.4485],[-96.12428,36.44846],[-96.12384,36.44846],[-96.12352,36.44846],[-96.12337,36.44846],[-96.1216,36.44845],[-96.12074,36.44845],[-96.12024,36.44845],[-96.11985,36.44845],[-96.11455,36.44843],[-96.11258,36.44841],[-96.11182,36.44841],[-96.10994,36.4484],[-96.10773,36.44839],[-96.10635,36.44839],[-96.10535,36.44838],[-96.10408,36.44838],[-96.10372,36.44838],[-96.10285,36.44837],[-96.10241,36.44837],[-96.102,36.44837],[-96.10064,36.44838],[-96.09999,36.44839],[-96.09817,36.4484],[-96.09762,36.4484],[-96.0959,36.44841],[-96.09462,36.44842],[-96.09294,36.44843],[-96.09214,36.44844],[-96.09134,36.44844],[-96.09123,36.44844],[-96.09053,36.44844],[-96.08892,36.44852],[-96.08715,36.44852],[-96.08324,36.44852],[-96.07655,36.44851],[-96.07427,36.44852],[-96.06841,36.44854],[-96.06769,36.44854],[-96.0651,36.44854],[-96.06316,36.44854],[-96.06261,36.44854],[-96.06208,36.44854],[-96.06048,36.44854],[-96.05879,36.44853],[-96.05829,36.44853],[-96.05801,36.44853],[-96.05747,36.44853],[-96.05611,36.44853],[-96.05359,36.44853],[-96.05223,36.44853],[-96.05008,36.44853],[-96.04971,36.44853],[-96.04925,36.44853],[-96.04839,36.44853],[-96.04803,36.44853],[-96.04505,36.44853],[-96.04238,36.44853],[-96.04204,36.44853],[-96.04072,36.44853],[-96.03963,36.44854],[-96.03795,36.44853],[-96.03761,36.44854],[-96.03694,36.44853],[-96.03585,36.44854],[-96.03322,36.44854],[-96.03293,36.44854],[-96.03156,36.44854],[-96.02933,36.44854],[-96.02662,36.44854],[-96.01376,36.44854],[-96.01364,36.44854],[-96.01288,36.44854],[-96.01259,36.44852],[-96.01237,36.4485],[-96.01196,36.4485],[-96.01162,36.4485],[-96.01149,36.4485],[-96.00113,36.4484],[-96.00114,36.43976],[-96.00117,36.42369],[-95.93801,36.4237],[-95.93777,36.4237],[-95.92098,36.4237],[-95.92064,36.41726],[-95.92089,36.36845],[-95.92176,36.36592],[-95.92087,36.36275],[-95.9208,36.35474],[-95.92112,36.35133],[-95.92374,36.3422],[-95.92427,36.33663],[-95.93135,36.33663],[-95.93134,36.34029],[-95.93358,36.34029],[-95.93358,36.34392],[-95.93788,36.34393],[-95.93799,36.34029],[-95.93582,36.34029],[-95.93581,36.33667],[-95.93813,36.33671],[-95.93795,36.32208],[-95.95584,36.32205],[-95.96474,36.32209],[-95.99573,36.322],[-95.99866,36.32198],[-95.99871,36.32217],[-95.9957,36.32219],[-95.96475,36.32222],[-95.95584,36.32224],[-95.93821,36.32224],[-95.93832,36.33298],[-95.94025,36.33298],[-95.94023,36.32936],[-95.94246,36.32936],[-95.94248,36.33117],[-95.94473,36.33117],[-95.94475,36.33295],[-95.94696,36.33293],[-95.94705,36.33662],[-95.95604,36.33666],[-95.95606,36.33666],[-95.95603,36.35115],[-95.95153,36.35115],[-95.95156,36.34391],[-95.94705,36.34391],[-95.94705,36.35841],[-95.94931,36.3584],[-95.94938,36.36556],[-95.95608,36.36555],[-95.98135,36.36558],[-95.98207,36.36564],[-95.98242,36.3621],[-95.98813,36.36207],[-95.99136,36.36205],[-95.99137,36.36022],[-95.98922,36.36024],[-95.98922,36.35929],[-95.99139,36.35932],[-95.99139,36.34735],[-95.99585,36.34734],[-95.99584,36.34566],[-96.00134,36.34566],[-96.00133,36.34696],[-96.00599,36.34696],[-96.00377,36.33281],[-96.00633,36.34696],[-96.0131,36.34696],[-96.01326,36.33246],[-96.01344,36.31814],[-96.00155,36.3181],[-96.00132,36.32216],[-96.00132,36.31848],[-96.00146,36.3179],[-96.04938,36.31809],[-96.06696,36.31806],[-96.06745,36.30343],[-96.06745,36.30338],[-96.10332,36.30358],[-96.10332,36.30364],[-96.10499,36.3037],[-96.13875,36.30374],[-96.13887,36.30379],[-96.18854,36.30356],[-96.21178,36.30346],[-96.2462,36.30369],[-96.29963,36.30375],[-96.29968,36.34709],[-96.29971,36.37688],[-96.29971,36.43384],[-96.29962,36.43959],[-96.29953,36.44825],[-96.192,36.44796],[-96.19002,36.44798],[-96.18854,36.448],[-96.18726,36.44802],[-96.18665,36.44803]],[[-96.16569,36.31791],[-96.16543,36.33257],[-96.18685,36.33262],[-96.19234,36.33265],[-96.19223,36.33711],[-96.19209,36.35436],[-96.19204,36.36171],[-96.20717,36.36164],[-96.22822,36.36151],[-96.22839,36.37168],[-96.22828,36.38991],[-96.22822,36.40447],[-96.19213,36.40429],[-96.17436,36.40427],[-96.17449,36.39011],[-96.15476,36.39035],[-96.14595,36.39033],[-96.12955,36.39025],[-96.12341,36.39021],[-96.10306,36.39031],[-96.10302,36.39741],[-96.1028,36.41939],[-96.06694,36.41932],[-96.06689,36.43392],[-96.04163,36.43391],[-96.04153,36.4338],[-96.03106,36.43384],[-96.03114,36.44823],[-96.13245,36.4482],[-96.1264,36.44828],[-96.192,36.44776],[-96.2993,36.44806],[-96.29941,36.43384],[-96.29947,36.37681],[-96.29944,36.34709],[-96.2994,36.30394],[-96.2461,36.30388],[-96.21184,36.30365],[-96.18853,36.30376],[-96.13887,36.30399],[-96.13851,36.31819],[-96.16569,36.31791]],[[-96.18674,36.33282],[-96.16545,36.33277],[-96.16519,36.33277],[-96.16545,36.31816],[-96.13827,36.31838],[-96.13863,36.30399],[-96.10361,36.30389],[-96.10298,36.31833],[-96.04938,36.31829],[-96.01372,36.31814],[-96.01354,36.33246],[-96.01332,36.34704],[-96.01347,36.34704],[-96.01341,36.35417],[-96.01354,36.35419],[-96.0179,36.35418],[-96.01795,36.34702],[-96.01795,36.3399],[-96.02244,36.3399],[-96.02245,36.33629],[-96.02703,36.3363],[-96.02696,36.34699],[-96.02362,36.34701],[-96.02362,36.34341],[-96.0225,36.34341],[-96.02251,36.34701],[-96.01968,36.34702],[-96.01963,36.3489],[-96.02244,36.34892],[-96.02237,36.35416],[-96.03142,36.35415],[-96.0314,36.35547],[-96.0298,36.35599],[-96.02976,36.35959],[-96.03136,36.35959],[-96.03136,36.36136],[-96.03588,36.36137],[-96.03586,36.36318],[-96.03807,36.36319],[-96.03808,36.36139],[-96.04027,36.3614],[-96.04022,36.36678],[-96.04699,36.36682],[-96.04702,36.36413],[-96.04478,36.36411],[-96.04477,36.36323],[-96.04603,36.3632],[-96.04602,36.36143],[-96.04925,36.36141],[-96.05153,36.3614],[-96.05156,36.36506],[-96.05189,36.36506],[-96.05375,36.36506],[-96.05378,36.36852],[-96.08007,36.36695],[-96.0868,36.36505],[-96.08853,36.36401],[-96.09061,36.36133],[-96.09168,36.35629],[-96.09394,36.3563],[-96.09086,36.36158],[-96.08877,36.3642],[-96.08697,36.3653],[-96.08226,36.3668],[-96.07645,36.36744],[-96.05378,36.36879],[-96.05378,36.37001],[-96.05125,36.37001],[-96.0492,36.3707],[-96.0492,36.37226],[-96.05053,36.37227],[-96.05045,36.37585],[-96.04947,36.37547],[-96.04934,36.37584],[-96.04475,36.3757],[-96.04479,36.36956],[-96.04248,36.36953],[-96.04265,36.37561],[-96.04023,36.37558],[-96.04024,36.38279],[-96.0358,36.38275],[-96.0359,36.378],[-96.03241,36.37752],[-96.03244,36.37573],[-96.02448,36.37574],[-96.02446,36.37803],[-96.01888,36.37803],[-96.0177,36.37758],[-96.01769,36.37844],[-96.01461,36.37843],[-96.01317,36.37926],[-96.01318,36.3757],[-96.01318,36.37371],[-96.0069,36.37374],[-96.00691,36.37196],[-96.00496,36.37195],[-96.00334,36.39517],[-96.00357,36.39705],[-96.00556,36.40297],[-96.00641,36.40548],[-96.00643,36.41111],[-96.00728,36.41217],[-96.01049,36.41377],[-96.01224,36.4151],[-96.0132,36.41686],[-96.01283,36.41936],[-96.01286,36.41691],[-96.01192,36.4152],[-96.0102,36.41394],[-96.00703,36.41235],[-96.00611,36.41122],[-96.00607,36.40551],[-96.00523,36.40304],[-96.00323,36.39711],[-96.003,36.39516],[-96.00474,36.37217],[-96.00119,36.37217],[-96.00119,36.37207],[-95.99583,36.37166],[-95.99579,36.36933],[-95.99136,36.36928],[-95.98911,36.36927],[-95.98911,36.36802],[-95.99066,36.36803],[-95.99115,36.36746],[-95.99137,36.36748],[-95.99135,36.36564],[-95.98596,36.36564],[-95.98228,36.36587],[-95.98012,36.36575],[-95.95608,36.36574],[-95.95613,36.37651],[-95.96047,36.37651],[-95.9605,36.36927],[-95.96499,36.36926],[-95.96493,36.38007],[-95.95598,36.38005],[-95.95591,36.37204],[-95.94706,36.37204],[-95.94707,36.36578],[-95.93846,36.36583],[-95.93809,36.36583],[-95.93815,36.39464],[-95.95591,36.39464],[-95.95596,36.4091],[-95.94703,36.40912],[-95.94702,36.40557],[-95.94473,36.40557],[-95.94473,36.40736],[-95.94253,36.40737],[-95.94254,36.4092],[-95.93805,36.4092],[-95.93781,36.41464],[-95.93357,36.41464],[-95.93356,36.41726],[-95.92117,36.41726],[-95.92124,36.42351],[-95.93777,36.42349],[-96.00117,36.42348],[-96.00148,36.42348],[-96.00144,36.44],[-96.0014,36.44821],[-96.01165,36.44832],[-96.01284,36.44833],[-96.0302,36.44823],[-96.03091,36.44823],[-96.03082,36.43384],[-96.03082,36.43355],[-96.04135,36.43361],[-96.06666,36.43368],[-96.06671,36.41913],[-96.10256,36.41915],[-96.1028,36.39542],[-96.10282,36.39012],[-96.10838,36.39008],[-96.1281,36.39005],[-96.14796,36.39014],[-96.17418,36.38992],[-96.17474,36.38998],[-96.1746,36.40402],[-96.19213,36.4041],[-96.22798,36.40422],[-96.22804,36.38991],[-96.22815,36.37154],[-96.22792,36.3617],[-96.20711,36.36184],[-96.1918,36.3619],[-96.19185,36.35481],[-96.19199,36.33704],[-96.19203,36.33284],[-96.18674,36.33282]],[[-96.02231,36.35416],[-96.01813,36.35417],[-96.01763,36.35881],[-96.01911,36.35883],[-96.01912,36.36138],[-96.02237,36.36139],[-96.02237,36.35417],[-96.02237,36.35416],[-96.02231,36.35416]],[[-96.10298,36.31815],[-96.10338,36.30389],[-96.0677,36.3036],[-96.06768,36.31797],[-96.10298,36.31815]],[[-95.9379,36.39464],[-95.93793,36.36583],[-95.9292,36.3657],[-95.92937,36.39466],[-95.9379,36.39464]]],[[[-96.00069,36.78011],[-95.9989,36.78012],[-95.99894,36.78219],[-95.9962,36.78223],[-95.99622,36.78322],[-95.98945,36.78317],[-95.98944,36.77968],[-95.98946,36.77722],[-95.99043,36.77266],[-95.99043,36.77154],[-95.9892,36.7654],[-95.98926,36.76443],[-95.98928,36.75901],[-95.98605,36.75903],[-95.98606,36.76066],[-95.98272,36.76063],[-95.98273,36.75897],[-95.98045,36.75897],[-95.98046,36.75707],[-95.97433,36.75703],[-95.97277,36.75852],[-95.96807,36.75809],[-95.96849,36.75705],[-95.96732,36.75705],[-95.9573,36.75708],[-95.94901,36.75721],[-95.94898,36.76066],[-95.94662,36.76064],[-95.94662,36.76252],[-95.94084,36.76247],[-95.9408,36.76429],[-95.94423,36.76428],[-95.94423,36.76563],[-95.94229,36.76564],[-95.94227,36.76777],[-95.94086,36.76777],[-95.94089,36.77147],[-95.93543,36.77148],[-95.93543,36.77154],[-95.93527,36.77155],[-95.93523,36.77512],[-95.9172,36.77505],[-95.89921,36.77513],[-95.89923,36.7715],[-95.89925,36.75697],[-95.89907,36.74248],[-95.89885,36.73521],[-95.8903,36.73518],[-95.89028,36.72794],[-95.89477,36.72794],[-95.8948,36.72432],[-95.89927,36.72432],[-95.89929,36.72074],[-95.90831,36.7207],[-95.90831,36.70619],[-95.92628,36.70623],[-95.92627,36.70265],[-95.92715,36.70264],[-95.92718,36.69902],[-95.93511,36.69903],[-95.93528,36.69903],[-95.93539,36.66748],[-95.93585,36.66439],[-95.93588,36.65538],[-95.93705,36.65538],[-95.93585,36.65351],[-95.93592,36.64073],[-95.93585,36.62053],[-95.93584,36.60128],[-95.93419,36.59372],[-95.93387,36.59315],[-95.93227,36.58678],[-95.93221,36.58571],[-95.93243,36.58442],[-95.93351,36.58316],[-95.93338,36.58316],[-95.93086,36.58053],[-95.93025,36.57838],[-95.92995,36.5717],[-95.93476,36.57141],[-95.93795,36.57407],[-95.93796,36.58314],[-95.93359,36.58316],[-95.9325,36.58443],[-95.93235,36.58678],[-95.93426,36.59372],[-95.93509,36.59757],[-95.93788,36.59758],[-95.93574,36.60006],[-95.93592,36.60127],[-95.93593,36.62052],[-95.936,36.64072],[-95.93594,36.65347],[-95.93718,36.65546],[-95.93597,36.65545],[-95.93593,36.66441],[-95.9354,36.67087],[-95.93536,36.69814],[-95.93847,36.69812],[-95.9385,36.69905],[-95.93895,36.69905],[-95.93902,36.70082],[-95.94429,36.7008],[-95.94429,36.69902],[-95.95105,36.69904],[-95.95106,36.70083],[-95.95328,36.70083],[-95.95327,36.70811],[-95.95584,36.70809],[-95.9566,36.7058],[-95.9584,36.70626],[-95.96568,36.7063],[-95.96568,36.70817],[-95.96743,36.70818],[-95.96637,36.71022],[-95.96633,36.71207],[-95.968,36.71338],[-95.97789,36.71336],[-95.99167,36.71336],[-95.99167,36.7099],[-95.98939,36.70988],[-95.9894,36.70252],[-95.99096,36.70213],[-95.99144,36.70485],[-95.99316,36.70762],[-95.99602,36.70763],[-95.99727,36.70812],[-95.99615,36.70987],[-95.99837,36.70985],[-95.99837,36.71343],[-95.99719,36.71346],[-95.99506,36.71619],[-95.99395,36.7162],[-95.99168,36.71523],[-95.99167,36.71369],[-95.98938,36.71369],[-95.98061,36.71373],[-95.98056,36.72008],[-95.97921,36.72095],[-95.97982,36.7232],[-95.98104,36.72784],[-95.98497,36.72788],[-95.98495,36.72984],[-95.98944,36.72985],[-95.98945,36.73167],[-95.994,36.73165],[-95.99394,36.73529],[-95.99897,36.73529],[-95.99994,36.73707],[-95.99746,36.73825],[-95.99394,36.73887],[-95.99111,36.73869],[-95.98962,36.73889],[-95.99022,36.74254],[-95.98946,36.7431],[-95.98947,36.74456],[-95.99042,36.74605],[-95.99425,36.74607],[-95.99424,36.74709],[-95.99785,36.74731],[-96.00065,36.74867],[-96.00064,36.75228],[-96.00092,36.75238],[-96.00093,36.75435],[-96.00323,36.75434],[-96.00324,36.75616],[-96.00834,36.75617],[-96.00826,36.75273],[-96.01261,36.75268],[-96.01273,36.76432],[-96.01303,36.76706],[-96.01309,36.78183],[-96.00694,36.78185],[-96.00467,36.78181],[-96.00467,36.7782],[-96.00851,36.7782],[-96.00852,36.76731],[-96.00103,36.76732],[-96.00069,36.78011]],[[-95.99391,36.77151],[-95.99924,36.7716],[-96.00069,36.77244],[-96.00066,36.76731],[-96.00069,36.75886],[-95.99795,36.75925],[-95.98965,36.75901],[-95.98966,36.76434],[-95.99042,36.76729],[-95.99403,36.76728],[-95.99391,36.77151]],[[-95.95589,36.75695],[-95.95651,36.75662],[-95.9564,36.75656],[-95.95758,36.75592],[-95.96078,36.75495],[-95.96079,36.75348],[-95.96222,36.75348],[-95.96223,36.752],[-95.96278,36.7509],[-95.95608,36.75088],[-95.95288,36.75088],[-95.95292,36.75332],[-95.95137,36.75448],[-95.94763,36.75526],[-95.94666,36.75705],[-95.95589,36.75695]],[[-95.93478,36.70627],[-95.93477,36.70262],[-95.9285,36.70264],[-95.92848,36.70625],[-95.93478,36.70627]]],[[[-95.99388,36.69807],[-95.99389,36.6991],[-95.9894,36.69907],[-95.98939,36.69806],[-95.99388,36.69807]]],[[[-96.0125,36.74527],[-96.01255,36.75241],[-96.00822,36.7523],[-96.00829,36.74526],[-96.0125,36.74527]]],[[[-94.68193,34.97179],[-94.68191,34.97709],[-94.66435,34.97697],[-94.66433,34.9783],[-94.65104,34.97832],[-94.65102,34.98301],[-94.65101,34.98323],[-94.65103,34.98351],[-94.65108,34.98518],[-94.65108,34.98554],[-94.65117,34.99298],[-94.6468,34.993],[-94.64676,35.00021],[-94.6458,35.00021],[-94.63793,35.00024],[-94.63792,35.00375],[-94.62928,35.00382],[-94.62907,35.02902],[-94.63286,35.02979],[-94.64234,35.02975],[-94.64233,35.02723],[-94.64669,35.02687],[-94.6467,35.0304],[-94.66317,35.01458],[-94.67334,35.01454],[-94.65428,35.03297],[-94.64702,35.03298],[-94.64691,35.04053],[-94.65111,35.04057],[-94.6511,35.04189],[-94.65538,35.04169],[-94.65543,35.04382],[-94.64895,35.04381],[-94.64664,35.04382],[-94.64673,35.06334],[-94.64667,35.07699],[-94.64665,35.07973],[-94.64867,35.07967],[-94.65818,35.07965],[-94.6578,35.0913],[-94.65773,35.09462],[-94.64692,35.09456],[-94.64666,35.10136],[-94.64667,35.10184],[-94.64449,35.10184],[-94.63539,35.10185],[-94.64319,35.10868],[-94.64646,35.11153],[-94.65196,35.11633],[-94.65023,35.11631],[-94.64985,35.11644],[-94.64926,35.11645],[-94.64647,35.11244],[-94.64258,35.10912],[-94.63478,35.10227],[-94.63429,35.10188],[-94.62901,35.10181],[-94.62898,35.09722],[-94.62703,35.0973],[-94.62602,35.09643],[-94.62603,35.09441],[-94.62282,35.09096],[-94.61793,35.08008],[-94.61135,35.08017],[-94.6113,35.07288],[-94.60246,35.07281],[-94.6023,35.09824],[-94.60674,35.09827],[-94.60671,35.10548],[-94.61369,35.1055],[-94.61133,35.10733],[-94.61469,35.1055],[-94.62018,35.10551],[-94.62018,35.10918],[-94.61782,35.10919],[-94.61792,35.11216],[-94.61594,35.11217],[-94.61575,35.11616],[-94.61233,35.11621],[-94.61118,35.11622],[-94.61119,35.11284],[-94.6068,35.11284],[-94.60681,35.10919],[-94.60233,35.10919],[-94.60232,35.1019],[-94.59337,35.10188],[-94.59342,35.091],[-94.5934,35.08737],[-94.59346,35.08006],[-94.59787,35.08013],[-94.59793,35.07283],[-94.59351,35.07283],[-94.59351,35.06976],[-94.59777,35.06428],[-94.59343,35.06916],[-94.58902,35.06919],[-94.58916,35.06557],[-94.59345,35.06561],[-94.59351,35.04831],[-94.59354,35.04269],[-94.59213,35.04179],[-94.57584,35.04171],[-94.57591,35.03905],[-94.57554,35.03656],[-94.57148,35.0365],[-94.57161,35.0258],[-94.57574,35.02584],[-94.57571,35.02211],[-94.58445,35.02209],[-94.58457,35.00018],[-94.61123,35.00025],[-94.62029,35.0003],[-94.62025,34.99335],[-94.6379,34.99344],[-94.63789,34.98624],[-94.64658,34.98622],[-94.64666,34.97118],[-94.65796,34.97112],[-94.65988,34.97111],[-94.65991,34.96788],[-94.68196,34.96777],[-94.682,34.95776],[-94.69744,34.95764],[-94.69744,34.95007],[-94.69518,34.95005],[-94.69517,34.9488],[-94.69516,34.94603],[-94.69704,34.94615],[-94.69704,34.94496],[-94.69951,34.94497],[-94.6995,34.94246],[-94.70746,34.94245],[-94.70735,34.92801],[-94.72782,34.92794],[-94.73425,34.92789],[-94.73434,34.93945],[-94.73447,34.95095],[-94.7211,34.95119],[-94.70865,34.95052],[-94.70875,34.95059],[-94.70823,34.97122],[-94.70782,34.97163],[-94.6991,34.9717],[-94.68193,34.97179]]],[[[-94.56926,35.04007],[-94.5693,35.03826],[-94.57151,35.03827],[-94.57148,35.04008],[-94.56946,35.04006],[-94.56926,35.04007]]],[[[-94.57141,35.05099],[-94.57141,35.04371],[-94.57578,35.04372],[-94.57576,35.04809],[-94.57575,35.051],[-94.57141,35.05099]]],[[[-94.56919,35.05826],[-94.56918,35.05461],[-94.57141,35.0546],[-94.57141,35.0528],[-94.57576,35.05284],[-94.57574,35.05827],[-94.56919,35.05826]]],[[[-94.84071,35.47432],[-94.83626,35.47434],[-94.83631,35.478],[-94.84073,35.478],[-94.84079,35.47984],[-94.83184,35.47981],[-94.83181,35.478],[-94.82472,35.47794],[-94.82545,35.47603],[-94.82541,35.47439],[-94.82453,35.47282],[-94.82293,35.47169],[-94.82293,35.46708],[-94.81851,35.46709],[-94.81855,35.46342],[-94.80943,35.46343],[-94.80992,35.46529],[-94.80768,35.46528],[-94.80761,35.47432],[-94.80555,35.47433],[-94.80553,35.4756],[-94.80551,35.47795],[-94.80545,35.48518],[-94.81406,35.48518],[-94.81404,35.49243],[-94.80989,35.49242],[-94.79654,35.49245],[-94.79655,35.48879],[-94.80105,35.48881],[-94.80104,35.48516],[-94.79914,35.48516],[-94.79914,35.48602],[-94.79653,35.48604],[-94.79654,35.48515],[-94.79209,35.48515],[-94.79214,35.49066],[-94.78559,35.4907],[-94.78557,35.48889],[-94.78229,35.4889],[-94.78229,35.49192],[-94.78173,35.49126],[-94.78169,35.4889],[-94.77862,35.48892],[-94.77904,35.48765],[-94.78557,35.48868],[-94.78556,35.48705],[-94.78328,35.48706],[-94.78327,35.48541],[-94.77979,35.48541],[-94.78098,35.48706],[-94.77924,35.48706],[-94.77447,35.48708],[-94.77446,35.48896],[-94.77779,35.48893],[-94.77842,35.48951],[-94.77809,35.4905],[-94.77228,35.49038],[-94.77225,35.47961],[-94.77475,35.47959],[-94.77475,35.47806],[-94.7766,35.47804],[-94.7766,35.47574],[-94.77228,35.47574],[-94.77226,35.47251],[-94.77004,35.47251],[-94.77009,35.47797],[-94.76561,35.478],[-94.76565,35.47252],[-94.76778,35.47251],[-94.76777,35.47073],[-94.77225,35.47074],[-94.77222,35.46709],[-94.77002,35.4671],[-94.76996,35.46349],[-94.77214,35.46349],[-94.77216,35.46197],[-94.77216,35.46141],[-94.76118,35.46203],[-94.76046,35.46207],[-94.76044,35.45991],[-94.75677,35.45993],[-94.75672,35.45629],[-94.76115,35.45627],[-94.76117,35.45267],[-94.75238,35.44672],[-94.75237,35.44183],[-94.76113,35.44198],[-94.76114,35.44277],[-94.76399,35.44322],[-94.7656,35.44358],[-94.7656,35.44494],[-94.76118,35.44494],[-94.76117,35.4451],[-94.76113,35.45092],[-94.76347,35.45017],[-94.76996,35.44949],[-94.76986,35.44496],[-94.77439,35.44541],[-94.77438,35.44431],[-94.77893,35.44435],[-94.7746,35.44179],[-94.77693,35.44161],[-94.77693,35.43997],[-94.77897,35.43998],[-94.77896,35.44178],[-94.78773,35.44177],[-94.78775,35.44038],[-94.79221,35.44042],[-94.79219,35.43809],[-94.7945,35.43808],[-94.7945,35.43879],[-94.7967,35.43879],[-94.8017,35.43809],[-94.8017,35.43443],[-94.78802,35.43448],[-94.78808,35.43074],[-94.79672,35.43079],[-94.79671,35.4333],[-94.80292,35.43071],[-94.80477,35.43067],[-94.80477,35.42874],[-94.80152,35.42799],[-94.80264,35.4274],[-94.80267,35.42548],[-94.80349,35.42425],[-94.80568,35.42395],[-94.80568,35.42355],[-94.79892,35.42357],[-94.79893,35.42176],[-94.80565,35.42173],[-94.80563,35.41978],[-94.81417,35.41977],[-94.81423,35.41814],[-94.81536,35.4164],[-94.82314,35.41639],[-94.82309,35.41996],[-94.80592,35.42001],[-94.80593,35.42174],[-94.81216,35.42172],[-94.81217,35.42591],[-94.80785,35.42594],[-94.80779,35.43442],[-94.80777,35.43664],[-94.80869,35.43665],[-94.80867,35.43802],[-94.80997,35.43802],[-94.80997,35.43441],[-94.81427,35.43439],[-94.81414,35.44529],[-94.82301,35.44526],[-94.82304,35.43812],[-94.82753,35.43808],[-94.82755,35.43985],[-94.83192,35.43983],[-94.8319,35.44527],[-94.82593,35.44525],[-94.82591,35.44838],[-94.82752,35.44837],[-94.82752,35.44894],[-94.83188,35.44894],[-94.84962,35.44894],[-94.84958,35.45576],[-94.85373,35.4558],[-94.86729,35.45448],[-94.86731,35.45623],[-94.858,35.45616],[-94.86121,35.45952],[-94.86159,35.46355],[-94.86727,35.46355],[-94.86727,35.4738],[-94.86727,35.4744],[-94.84071,35.47432]],[[-94.79889,35.44532],[-94.80184,35.44531],[-94.80186,35.44324],[-94.8019,35.43942],[-94.79848,35.43924],[-94.79449,35.44024],[-94.79445,35.44663],[-94.79666,35.44663],[-94.79667,35.4435],[-94.79893,35.4435],[-94.79889,35.44532]]],[[[-94.99355,35.94437],[-94.99133,35.94436],[-94.99134,35.94616],[-94.98912,35.94615],[-94.9891,35.94982],[-94.9847,35.94983],[-94.98469,35.95162],[-94.98271,35.95162],[-94.98024,35.95257],[-94.96991,35.95217],[-94.9668,35.95285],[-94.9668,35.95278],[-94.96683,35.95174],[-94.96571,35.95173],[-94.96571,35.94625],[-94.96459,35.94444],[-94.95787,35.94426],[-94.95785,35.94067],[-94.95785,35.93716],[-94.95785,35.93338],[-94.95568,35.93344],[-94.95568,35.93168],[-94.9489,35.93171],[-94.94893,35.92989],[-94.94892,35.92626],[-94.94678,35.92626],[-94.94702,35.92446],[-94.94449,35.92446],[-94.94447,35.9224],[-94.94459,35.91658],[-94.94212,35.91925],[-94.94213,35.91786],[-94.94214,35.91535],[-94.94005,35.91533],[-94.94004,35.91432],[-94.93995,35.90807],[-94.93997,35.90688],[-94.94224,35.90668],[-94.94634,35.90758],[-94.94872,35.90758],[-94.94893,35.90712],[-94.95325,35.90714],[-94.95331,35.90427],[-94.95327,35.9026],[-94.95778,35.90262],[-94.95782,35.90082],[-94.95396,35.90077],[-94.954,35.89424],[-94.95182,35.89423],[-94.95121,35.89625],[-94.95046,35.89339],[-94.95041,35.90014],[-94.94957,35.90072],[-94.94959,35.89335],[-94.94959,35.89179],[-94.9496,35.88892],[-94.94965,35.88785],[-94.94966,35.88521],[-94.95738,35.88527],[-94.95862,35.88427],[-94.95862,35.87852],[-94.96251,35.87806],[-94.96252,35.87927],[-94.96424,35.87886],[-94.96448,35.87951],[-94.9663,35.87899],[-94.96742,35.87928],[-94.96742,35.87811],[-94.96965,35.87811],[-94.96964,35.87986],[-94.97332,35.87986],[-94.97332,35.87288],[-94.97289,35.87079],[-94.97413,35.87079],[-94.97411,35.85994],[-94.97642,35.85992],[-94.97638,35.85629],[-94.97811,35.8563],[-94.98081,35.8563],[-94.98081,35.85728],[-94.98081,35.85737],[-94.98084,35.86723],[-94.98306,35.86723],[-94.98309,35.87081],[-94.98527,35.8708],[-94.98527,35.87626],[-94.98752,35.87627],[-94.98748,35.87997],[-94.98974,35.87998],[-94.98971,35.88532],[-94.98521,35.8853],[-94.9852,35.88983],[-94.98748,35.88983],[-94.98747,35.89078],[-94.99196,35.8908],[-94.99195,35.89162],[-95.00086,35.89168],[-95.00085,35.89417],[-95.00299,35.89419],[-95.00303,35.90079],[-95.00248,35.90079],[-95.00323,35.9044],[-95.00469,35.90441],[-95.0047,35.90305],[-95.00686,35.90306],[-95.00687,35.90442],[-95.00908,35.90441],[-95.01133,35.90441],[-95.01136,35.90803],[-95.00811,35.90801],[-95.00456,35.90801],[-95.00457,35.91893],[-95.00929,35.91874],[-95.01048,35.9175],[-95.01356,35.91714],[-95.01209,35.9201],[-95.0114,35.92116],[-95.01135,35.92978],[-95.00552,35.92979],[-95.00554,35.94259],[-95.00236,35.9426],[-94.99356,35.94262],[-94.99355,35.94437]],[[-94.98745,35.91531],[-95.00025,35.91533],[-95.00021,35.91171],[-94.9958,35.91168],[-94.99581,35.9135],[-94.99361,35.91349],[-94.99364,35.91257],[-94.99248,35.91347],[-94.98914,35.91345],[-94.98745,35.91531]],[[-94.98241,35.93397],[-94.97634,35.93397],[-94.97574,35.93424],[-94.97574,35.93445],[-94.97573,35.93696],[-94.9757,35.93894],[-94.97905,35.93893],[-94.97905,35.93951],[-94.9768,35.93955],[-94.97638,35.94069],[-94.98026,35.94063],[-94.98024,35.94255],[-94.97572,35.94257],[-94.97573,35.94285],[-94.97461,35.94287],[-94.97359,35.94289],[-94.97446,35.94436],[-94.96905,35.9444],[-94.96906,35.95052],[-94.97583,35.95052],[-94.97585,35.94945],[-94.9802,35.94946],[-94.98023,35.948],[-94.9847,35.948],[-94.98471,35.94615],[-94.98692,35.94614],[-94.98691,35.94438],[-94.98901,35.94427],[-94.98903,35.94064],[-94.9912,35.94065],[-94.9912,35.9389],[-94.99358,35.93889],[-94.99359,35.93528],[-94.99579,35.93529],[-94.99582,35.93346],[-94.99803,35.93346],[-94.99804,35.92988],[-94.99366,35.92988],[-94.99367,35.93501],[-94.98901,35.93502],[-94.98902,35.92986],[-94.98464,35.92984],[-94.98463,35.93349],[-94.98241,35.93397]],[[-94.98698,35.90684],[-94.98697,35.90803],[-94.98694,35.90926],[-94.98874,35.90922],[-94.98876,35.90803],[-94.98878,35.9068],[-94.98698,35.90684]],[[-94.96741,35.88528],[-94.96742,35.88227],[-94.96284,35.88231],[-94.96283,35.88525],[-94.96741,35.88528]],[[-94.9662,35.8922],[-94.96715,35.89193],[-94.96741,35.88706],[-94.96499,35.88707],[-94.96498,35.88893],[-94.95951,35.88892],[-94.95951,35.89234],[-94.96029,35.89221],[-94.96451,35.892],[-94.9662,35.8922]],[[-94.96291,35.89614],[-94.96506,35.89607],[-94.96507,35.89433],[-94.96658,35.89433],[-94.96291,35.89377],[-94.96291,35.89614]],[[-94.96302,35.88887],[-94.96492,35.88887],[-94.96493,35.88701],[-94.96515,35.88596],[-94.96298,35.88596],[-94.96302,35.88887]],[[-94.9566,35.89295],[-94.95701,35.89327],[-94.95767,35.89361],[-94.95841,35.89387],[-94.95846,35.89251],[-94.95847,35.88596],[-94.95658,35.88595],[-94.95046,35.88591],[-94.95044,35.89108],[-94.95627,35.8908],[-94.95627,35.89252],[-94.95642,35.89252],[-94.9566,35.89295]],[[-94.94108,35.90807],[-94.9411,35.9099],[-94.94413,35.90991],[-94.94492,35.91535],[-94.94598,35.91525],[-94.94599,35.91354],[-94.94761,35.91354],[-94.94781,35.91339],[-94.94781,35.91174],[-94.94897,35.91175],[-94.94897,35.91164],[-94.94916,35.90991],[-94.951,35.90992],[-94.95331,35.90992],[-94.95332,35.90869],[-94.95112,35.90868],[-94.95099,35.90902],[-94.94895,35.90901],[-94.94881,35.90857],[-94.94446,35.90856],[-94.94446,35.90809],[-94.94108,35.90807]]],[[[-94.94391,35.92626],[-94.94452,35.92726],[-94.9426,35.92726],[-94.94225,35.92641],[-94.94391,35.92626]]],[[[-95.5635,36.30733],[-95.56327,36.30734],[-95.56282,36.30734],[-95.56148,36.30734],[-95.56138,36.30734],[-95.56104,36.30734],[-95.55997,36.30735],[-95.55676,36.30737],[-95.55666,36.30737],[-95.55576,36.30737],[-95.55569,36.30738],[-95.55452,36.30737],[-95.55196,36.30737],[-95.551,36.30737],[-95.54983,36.30737],[-95.54896,36.3074],[-95.54633,36.30747],[-95.54618,36.30747],[-95.54546,36.30749],[-95.54463,36.30748],[-95.5432,36.30745],[-95.5433,36.32229],[-95.54318,36.32234],[-95.54314,36.30745],[-95.53844,36.30754],[-95.52739,36.30746],[-95.53844,36.30742],[-95.5431,36.30743],[-95.54327,36.30743],[-95.54332,36.30217],[-95.54322,36.26383],[-95.54316,36.24944],[-95.52516,36.24955],[-95.51594,36.24946],[-95.51594,36.2494],[-95.52516,36.24943],[-95.54322,36.24936],[-95.5433,36.26383],[-95.54334,36.30743],[-95.54376,36.30744],[-95.54436,36.30745],[-95.54482,36.30744],[-95.54504,36.30744],[-95.54519,36.30744],[-95.54546,36.30743],[-95.54616,36.30741],[-95.54634,36.30741],[-95.54883,36.30734],[-95.54897,36.30734],[-95.54985,36.30733],[-95.54991,36.30732],[-95.54997,36.30732],[-95.55008,36.30732],[-95.5503,36.30732],[-95.55125,36.30731],[-95.55197,36.30731],[-95.55316,36.30732],[-95.55366,36.30731],[-95.55394,36.30731],[-95.55402,36.30731],[-95.55408,36.30731],[-95.55518,36.30731],[-95.55569,36.30731],[-95.55572,36.30731],[-95.5558,36.30731],[-95.55582,36.30731],[-95.55594,36.30731],[-95.55629,36.3073],[-95.55641,36.3073],[-95.55667,36.3073],[-95.55733,36.3073],[-95.55854,36.3073],[-95.56011,36.30729],[-95.56104,36.30728],[-95.56148,36.30728],[-95.56196,36.30728],[-95.56282,36.30728],[-95.56327,36.30728],[-95.56463,36.30728],[-95.56606,36.30728],[-95.5687,36.30727],[-95.57006,36.30726],[-95.57068,36.30725],[-95.57075,36.30725],[-95.57206,36.30727],[-95.57282,36.30726],[-95.57345,36.30726],[-95.57352,36.30726],[-95.57433,36.30724],[-95.57532,36.30722],[-95.57679,36.30719],[-95.57746,36.30718],[-95.57761,36.30718],[-95.5775,36.30723],[-95.57653,36.30723],[-95.5761,36.30723],[-95.57466,36.30726],[-95.57022,36.30736],[-95.56612,36.30733],[-95.56526,36.30733],[-95.5635,36.30733]]],[[[-95.47137,36.29204],[-95.47589,36.29205],[-95.47594,36.27611],[-95.48282,36.27594],[-95.48277,36.29117],[-95.4826,36.29349],[-95.48253,36.30725],[-95.47588,36.30724],[-95.47589,36.29646],[-95.47134,36.29646],[-95.47136,36.2932],[-95.47137,36.29204]]],[[[-95.32103,36.31458],[-95.32063,36.31823],[-95.31547,36.3182],[-95.31488,36.32021],[-95.31403,36.32012],[-95.30795,36.33625],[-95.30722,36.33637],[-95.29197,36.33637],[-95.29196,36.3288],[-95.29193,36.31463],[-95.27402,36.31459],[-95.27401,36.30732],[-95.27412,36.30687],[-95.27411,36.30415],[-95.2741,36.30193],[-95.25611,36.3019],[-95.25608,36.30016],[-95.2561,36.29818],[-95.27811,36.29821],[-95.2782,36.29821],[-95.29194,36.29823],[-95.29197,36.29287],[-95.30095,36.29284],[-95.30095,36.29067],[-95.2986,36.2875],[-95.29859,36.28559],[-95.3009,36.28558],[-95.30092,36.28195],[-95.30532,36.28193],[-95.30531,36.28013],[-95.30761,36.28015],[-95.30761,36.27828],[-95.30986,36.27824],[-95.31741,36.27828],[-95.3208,36.27829],[-95.32791,36.27835],[-95.32788,36.26385],[-95.31438,36.2638],[-95.31438,36.26185],[-95.31543,36.26105],[-95.3188,36.26108],[-95.31879,36.26365],[-95.32788,36.26369],[-95.32789,36.25037],[-95.32372,36.25161],[-95.32362,36.24988],[-95.32086,36.24935],[-95.32786,36.24935],[-95.33197,36.24914],[-95.33254,36.24934],[-95.33574,36.24934],[-95.33077,36.27485],[-95.33046,36.27597],[-95.32958,36.27838],[-95.3304,36.27838],[-95.33156,36.27502],[-95.33655,36.24934],[-95.33725,36.24935],[-95.33697,36.25081],[-95.33693,36.27114],[-95.34011,36.27115],[-95.3401,36.26976],[-95.34166,36.26976],[-95.34165,36.26745],[-95.34587,36.26746],[-95.34587,36.27483],[-95.33692,36.27482],[-95.33692,36.27837],[-95.33691,36.28325],[-95.33715,36.31312],[-95.33717,36.31454],[-95.3332,36.31457],[-95.32103,36.31458]],[[-95.32976,36.28011],[-95.32902,36.27982],[-95.32471,36.29186],[-95.32534,36.29188],[-95.32976,36.28011]]],[[[-95.48914,36.30759],[-95.48751,36.3082],[-95.48232,36.30825],[-95.4891,36.30749],[-95.51631,36.30745],[-95.51631,36.30748],[-95.48914,36.30759]]],[[[-95.43557,36.34325],[-95.43557,36.34242],[-95.43557,36.33877],[-95.43557,36.3383],[-95.43557,36.3382],[-95.43557,36.33649],[-95.43557,36.33474],[-95.43557,36.33445],[-95.43558,36.3286],[-95.43558,36.32594],[-95.43558,36.32182],[-95.43559,36.31923],[-95.43563,36.31389],[-95.43565,36.31148],[-95.43566,36.30954],[-95.43567,36.30889],[-95.43567,36.30877],[-95.43567,36.30856],[-95.43569,36.30757],[-95.4357,36.30724],[-95.4357,36.30706],[-95.43569,36.30575],[-95.43568,36.3048],[-95.43565,36.30126],[-95.43564,36.29976],[-95.43561,36.29837],[-95.43553,36.29441],[-95.43553,36.29283],[-95.43552,36.28544],[-95.43564,36.2853],[-95.43565,36.26381],[-95.43581,36.24939],[-95.49818,36.2495],[-95.49818,36.24956],[-95.43588,36.24945],[-95.43575,36.26381],[-95.43571,36.28532],[-95.43557,36.29283],[-95.43574,36.30304],[-95.4358,36.3038],[-95.43576,36.35093],[-95.43562,36.35141],[-95.43567,36.35247],[-95.43569,36.37928],[-95.43569,36.3795],[-95.50729,36.37964],[-95.53498,36.37949],[-95.53509,36.3795],[-95.54326,36.37954],[-95.54334,36.35575],[-95.54321,36.33634],[-95.54328,36.33634],[-95.54343,36.35569],[-95.54334,36.37961],[-95.50729,36.37971],[-95.43561,36.37955],[-95.43562,36.37935],[-95.43555,36.34658],[-95.43555,36.34618],[-95.43555,36.34575],[-95.43557,36.34325]]],[[[-95.56017,36.38511],[-95.56077,36.38548],[-95.56103,36.39093],[-95.55226,36.39071],[-95.55727,36.38314],[-95.55922,36.37983],[-95.56071,36.37983],[-95.5607,36.38313],[-95.5599,36.38444],[-95.56017,36.38511]]],[[[-94.83173,36.60146],[-94.829,36.6012],[-94.82815,36.60031],[-94.82832,36.59803],[-94.82265,36.59804],[-94.82271,36.59389],[-94.8181,36.59388],[-94.81806,36.58887],[-94.81645,36.58887],[-94.81585,36.58868],[-94.81524,36.58803],[-94.81502,36.58698],[-94.81366,36.58643],[-94.80926,36.58632],[-94.81046,36.58734],[-94.81044,36.59008],[-94.80946,36.59008],[-94.80947,36.59499],[-94.81211,36.59495],[-94.81126,36.59723],[-94.81012,36.59764],[-94.80548,36.59463],[-94.80432,36.59325],[-94.79524,36.59228],[-94.79201,36.59229],[-94.7902,36.59316],[-94.78684,36.59577],[-94.78976,36.59576],[-94.7918,36.59638],[-94.79289,36.59557],[-94.79673,36.59688],[-94.79762,36.598],[-94.798,36.59908],[-94.79989,36.59976],[-94.80259,36.6026],[-94.8049,36.60339],[-94.80622,36.60524],[-94.80955,36.60743],[-94.808,36.60902],[-94.81053,36.60803],[-94.8149,36.60996],[-94.81747,36.61191],[-94.81645,36.61274],[-94.81292,36.61378],[-94.81393,36.615],[-94.81344,36.61649],[-94.8149,36.61444],[-94.81921,36.61352],[-94.821,36.61377],[-94.82036,36.61552],[-94.81755,36.61757],[-94.81701,36.61876],[-94.81965,36.62076],[-94.81867,36.62451],[-94.82077,36.6254],[-94.82174,36.6273],[-94.81851,36.62897],[-94.81888,36.62987],[-94.82134,36.63055],[-94.81999,36.63246],[-94.81863,36.63524],[-94.81772,36.63432],[-94.81527,36.63561],[-94.81449,36.63882],[-94.81409,36.63672],[-94.81154,36.63698],[-94.81023,36.635],[-94.81164,36.63464],[-94.81381,36.6318],[-94.81231,36.63243],[-94.80964,36.63118],[-94.80926,36.62528],[-94.80853,36.62211],[-94.80501,36.61754],[-94.80524,36.61578],[-94.80396,36.61595],[-94.79979,36.6127],[-94.7981,36.6119],[-94.79807,36.61093],[-94.79542,36.61055],[-94.78479,36.60687],[-94.78212,36.60409],[-94.78211,36.60296],[-94.78001,36.60158],[-94.77941,36.59907],[-94.77842,36.59873],[-94.7785,36.59999],[-94.77703,36.59928],[-94.77532,36.59895],[-94.77369,36.59794],[-94.76439,36.59795],[-94.76439,36.59936],[-94.75526,36.59942],[-94.75528,36.60156],[-94.74749,36.60156],[-94.74748,36.60251],[-94.74294,36.60251],[-94.743,36.60522],[-94.74044,36.6052],[-94.7404,36.607],[-94.73942,36.60701],[-94.73937,36.61157],[-94.73992,36.61437],[-94.73991,36.61792],[-94.73719,36.61791],[-94.7372,36.61435],[-94.73667,36.60889],[-94.72947,36.60885],[-94.72947,36.60221],[-94.72798,36.60221],[-94.72734,36.60389],[-94.72497,36.60386],[-94.72396,36.60529],[-94.72062,36.6016],[-94.72947,36.6016],[-94.72947,36.59795],[-94.73738,36.59795],[-94.73746,36.58321],[-94.73426,36.58323],[-94.73426,36.57966],[-94.73746,36.57961],[-94.73746,36.57782],[-94.73646,36.5759],[-94.73739,36.57589],[-94.73874,36.57589],[-94.73874,36.57786],[-94.73766,36.57782],[-94.73769,36.58311],[-94.75554,36.58302],[-94.75552,36.58017],[-94.75778,36.57944],[-94.7578,36.57591],[-94.76456,36.5757],[-94.76381,36.57142],[-94.76379,36.56856],[-94.75999,36.56857],[-94.75997,36.56487],[-94.76379,36.56488],[-94.7638,36.56294],[-94.76594,36.56443],[-94.77103,36.56941],[-94.77237,36.56978],[-94.77477,36.57161],[-94.77761,36.5716],[-94.78188,36.57106],[-94.78753,36.5743],[-94.78599,36.57597],[-94.78422,36.5767],[-94.78036,36.57674],[-94.78028,36.57579],[-94.78256,36.57579],[-94.78255,36.57385],[-94.78016,36.57381],[-94.77591,36.57445],[-94.77369,36.57393],[-94.77365,36.58117],[-94.77504,36.58288],[-94.77645,36.58253],[-94.78072,36.57888],[-94.78578,36.57792],[-94.78663,36.57868],[-94.79025,36.57596],[-94.7913,36.57587],[-94.79129,36.57321],[-94.79128,36.57036],[-94.78944,36.5684],[-94.79124,36.56838],[-94.79122,36.55386],[-94.79687,36.55382],[-94.79685,36.55854],[-94.79533,36.55809],[-94.79523,36.55904],[-94.79829,36.56035],[-94.80211,36.5614],[-94.80341,36.56275],[-94.79998,36.56535],[-94.79766,36.5645],[-94.79841,36.56624],[-94.79771,36.56759],[-94.79492,36.56757],[-94.79331,36.56626],[-94.79539,36.56914],[-94.79317,36.56941],[-94.79171,36.57056],[-94.79169,36.57323],[-94.79169,36.57594],[-94.79613,36.57571],[-94.79662,36.57654],[-94.79542,36.57957],[-94.79715,36.57732],[-94.80054,36.57935],[-94.80006,36.5782],[-94.79822,36.57656],[-94.79813,36.5757],[-94.80185,36.57371],[-94.80474,36.57538],[-94.80304,36.57302],[-94.80504,36.57144],[-94.80603,36.57344],[-94.80571,36.57098],[-94.80736,36.57178],[-94.80627,36.57024],[-94.8073,36.56898],[-94.80922,36.56881],[-94.80927,36.58281],[-94.81822,36.58279],[-94.81821,36.57542],[-94.82501,36.57551],[-94.82502,36.57365],[-94.82938,36.57781],[-94.82373,36.57972],[-94.82722,36.57939],[-94.82725,36.58279],[-94.81834,36.58279],[-94.8184,36.59363],[-94.82723,36.59365],[-94.82722,36.59185],[-94.83169,36.59189],[-94.83174,36.59011],[-94.83401,36.59013],[-94.83396,36.58647],[-94.83803,36.5865],[-94.83889,36.58935],[-94.83625,36.591],[-94.83955,36.59077],[-94.84067,36.59274],[-94.83967,36.59416],[-94.84137,36.59455],[-94.8393,36.59778],[-94.84146,36.59741],[-94.84051,36.59895],[-94.83754,36.60006],[-94.839,36.60116],[-94.83728,36.60176],[-94.83576,36.60101],[-94.83416,36.60122],[-94.83336,36.60031],[-94.83173,36.60146]],[[-94.8227,36.57921],[-94.82256,36.57558],[-94.81833,36.5756],[-94.81848,36.57921],[-94.8227,36.57921]],[[-94.81806,36.58874],[-94.81805,36.58303],[-94.81375,36.58285],[-94.81382,36.58629],[-94.8145,36.58643],[-94.81527,36.58713],[-94.81542,36.58799],[-94.81595,36.58857],[-94.81806,36.58874]],[[-94.76458,36.58307],[-94.76456,36.57963],[-94.76003,36.57964],[-94.76005,36.58289],[-94.76458,36.58307]],[[-94.73769,36.59782],[-94.74556,36.59795],[-94.74553,36.59597],[-94.74658,36.59596],[-94.74659,36.59794],[-94.75346,36.59793],[-94.75413,36.59618],[-94.75562,36.59569],[-94.75558,36.59199],[-94.75556,36.58672],[-94.75109,36.58675],[-94.75108,36.58406],[-94.75332,36.58405],[-94.73769,36.5833],[-94.73769,36.59097],[-94.73769,36.59782]],[[-94.74749,36.60155],[-94.74749,36.59974],[-94.73998,36.59977],[-94.73998,36.60156],[-94.74749,36.60155]]],[[[-95.25605,36.63562],[-95.24692,36.63148],[-95.24696,36.62942],[-95.25158,36.62845],[-95.25154,36.62674],[-95.25155,36.62647],[-95.23913,36.62676],[-95.23809,36.62676],[-95.23812,36.62317],[-95.23359,36.62315],[-95.23359,36.62677],[-95.23358,36.62799],[-95.21556,36.62801],[-95.2106,36.62865],[-95.20655,36.62803],[-95.16599,36.62785],[-95.16603,36.63228],[-95.16836,36.63231],[-95.16828,36.63705],[-95.17039,36.63715],[-95.17309,36.63844],[-95.17181,36.64135],[-95.17944,36.64138],[-95.17939,36.64594],[-95.17047,36.64518],[-95.17047,36.64641],[-95.17353,36.6462],[-95.17265,36.64864],[-95.17049,36.64865],[-95.17051,36.65582],[-95.16845,36.65581],[-95.16847,36.65953],[-95.1706,36.65953],[-95.17061,36.66316],[-95.16836,36.66315],[-95.16837,36.66675],[-95.16162,36.66674],[-95.16162,36.66584],[-95.16622,36.66584],[-95.16162,36.66528],[-95.1616,36.6575],[-95.15711,36.65764],[-95.15717,36.65588],[-95.15596,36.65589],[-95.14247,36.65594],[-95.14205,36.65594],[-95.13903,36.66103],[-95.13901,36.65961],[-95.13683,36.65961],[-95.13666,36.66507],[-95.13462,36.66503],[-95.13468,36.65595],[-95.1265,36.65593],[-95.1265,36.65061],[-95.13517,36.65058],[-95.14158,36.63996],[-95.1413,36.6378],[-95.14262,36.63822],[-95.14366,36.63708],[-95.13904,36.63624],[-95.13913,36.63317],[-95.1462,36.63582],[-95.14808,36.63565],[-95.14809,36.63049],[-95.1504,36.63048],[-95.15143,36.62857],[-95.15043,36.62695],[-95.15256,36.62698],[-95.15256,36.62149],[-95.14972,36.62278],[-95.14812,36.62468],[-95.1439,36.62683],[-95.1433,36.62595],[-95.14096,36.6269],[-95.13621,36.63022],[-95.13391,36.62799],[-95.13116,36.6272],[-95.1256,36.62716],[-95.13118,36.62699],[-95.13404,36.62781],[-95.13618,36.6297],[-95.13497,36.62822],[-95.1325,36.62703],[-95.1348,36.62789],[-95.13657,36.6298],[-95.1432,36.62515],[-95.1435,36.62356],[-95.14806,36.62154],[-95.14807,36.61961],[-95.15024,36.61961],[-95.15026,36.60813],[-95.15267,36.60813],[-95.15261,36.61715],[-95.15483,36.61715],[-95.15482,36.6204],[-95.15283,36.62112],[-95.1528,36.62884],[-95.15527,36.62978],[-95.15685,36.62682],[-95.15852,36.62681],[-95.15643,36.6304],[-95.15709,36.63065],[-95.15766,36.63086],[-95.16159,36.62439],[-95.16157,36.62492],[-95.16603,36.62557],[-95.16607,36.62317],[-95.17055,36.62319],[-95.17053,36.62566],[-95.17955,36.62571],[-95.21546,36.6258],[-95.21558,36.60418],[-95.22008,36.60418],[-95.22008,36.60143],[-95.21669,36.60145],[-95.21901,36.59901],[-95.22025,36.5963],[-95.22031,36.5902],[-95.26072,36.59015],[-95.26069,36.59324],[-95.26067,36.59594],[-95.2629,36.59595],[-95.2629,36.59776],[-95.26288,36.6014],[-95.25934,36.60139],[-95.25935,36.60497],[-95.25614,36.60498],[-95.25612,36.61587],[-95.26061,36.61586],[-95.26058,36.61949],[-95.25839,36.61949],[-95.25837,36.62226],[-95.26064,36.62226],[-95.26063,36.62316],[-95.2596,36.62365],[-95.25734,36.62308],[-95.25736,36.61866],[-95.25956,36.61866],[-95.25957,36.61669],[-95.2551,36.6167],[-95.25511,36.60415],[-95.25832,36.60415],[-95.25831,36.60056],[-95.26186,36.60057],[-95.26188,36.59776],[-95.26187,36.59676],[-95.25964,36.59676],[-95.25968,36.59097],[-95.22151,36.59103],[-95.22144,36.59641],[-95.22089,36.59817],[-95.21898,36.60061],[-95.2211,36.60059],[-95.22111,36.60501],[-95.21671,36.60501],[-95.2167,36.62582],[-95.22132,36.62579],[-95.22132,36.62235],[-95.22465,36.62237],[-95.22565,36.62237],[-95.22564,36.62579],[-95.23257,36.62578],[-95.23256,36.62232],[-95.23916,36.62234],[-95.23913,36.62566],[-95.25157,36.62564],[-95.25248,36.62669],[-95.25254,36.6293],[-95.25029,36.6293],[-95.25029,36.63026],[-95.24756,36.63066],[-95.25503,36.63406],[-95.25504,36.63313],[-95.26168,36.63318],[-95.26165,36.63707],[-95.26621,36.63914],[-95.26621,36.64038],[-95.26858,36.64037],[-95.26859,36.62392],[-95.26073,36.62375],[-95.26213,36.62308],[-95.26962,36.62309],[-95.26961,36.64121],[-95.26961,36.64176],[-95.26515,36.64121],[-95.26515,36.63977],[-95.26061,36.63771],[-95.26064,36.634],[-95.25606,36.63397],[-95.25605,36.63562]],[[-95.2246,36.6268],[-95.22464,36.6232],[-95.22235,36.62318],[-95.22234,36.62679],[-95.2246,36.6268]],[[-95.16161,36.65578],[-95.1616,36.65671],[-95.16607,36.65674],[-95.16607,36.6558],[-95.16208,36.65577],[-95.16161,36.65578]]],[[[-95.14349,36.62872],[-95.14349,36.63047],[-95.14579,36.63044],[-95.14349,36.63141],[-95.1442,36.63479],[-95.13924,36.6329],[-95.1391,36.6314],[-95.13714,36.63015],[-95.13906,36.62872],[-95.14349,36.62872]]],[[[-94.81426,36.64905],[-94.81298,36.64784],[-94.81432,36.64585],[-94.81477,36.6484],[-94.81605,36.6493],[-94.81749,36.64828],[-94.81828,36.65001],[-94.82084,36.65007],[-94.82055,36.64841],[-94.8222,36.64644],[-94.82292,36.64682],[-94.82307,36.64895],[-94.8242,36.6505],[-94.82583,36.65112],[-94.82623,36.6524],[-94.82845,36.65246],[-94.82869,36.65759],[-94.82673,36.65605],[-94.82418,36.65604],[-94.82286,36.65462],[-94.81944,36.65605],[-94.81944,36.65335],[-94.81642,36.65193],[-94.81426,36.64905]]],[[[-94.84525,36.876],[-94.84687,36.87297],[-94.84734,36.8731],[-94.84746,36.87449],[-94.84604,36.87623],[-94.84525,36.876]]],[[[-94.84176,36.87655],[-94.83738,36.87653],[-94.83738,36.87469],[-94.84134,36.87473],[-94.84179,36.87473],[-94.84179,36.8748],[-94.84176,36.87655]]],[[[-94.8955,36.92538],[-94.88663,36.92542],[-94.88659,36.92903],[-94.88206,36.92905],[-94.88214,36.92571],[-94.88017,36.92571],[-94.88017,36.92275],[-94.88028,36.92113],[-94.88112,36.92005],[-94.88427,36.92012],[-94.88592,36.92013],[-94.88594,36.91811],[-94.88428,36.91808],[-94.88213,36.91806],[-94.88212,36.91446],[-94.87747,36.91451],[-94.87748,36.91814],[-94.87608,36.91815],[-94.87607,36.91995],[-94.86907,36.91987],[-94.86429,36.91981],[-94.86141,36.91977],[-94.8599,36.91967],[-94.8599,36.91473],[-94.85517,36.91472],[-94.84818,36.9147],[-94.84818,36.91667],[-94.84305,36.91667],[-94.84291,36.91464],[-94.83291,36.91457],[-94.83284,36.90729],[-94.83851,36.90731],[-94.83849,36.90458],[-94.84202,36.90457],[-94.842,36.90015],[-94.84638,36.90018],[-94.8464,36.90732],[-94.84186,36.90731],[-94.84187,36.91094],[-94.85076,36.91094],[-94.85077,36.91432],[-94.85517,36.91431],[-94.85986,36.91428],[-94.85984,36.91091],[-94.86792,36.91094],[-94.86879,36.91067],[-94.86879,36.90362],[-94.86925,36.90362],[-94.8733,36.90361],[-94.87342,36.89999],[-94.87313,36.89999],[-94.87317,36.89638],[-94.871,36.89642],[-94.87103,36.89284],[-94.87022,36.89283],[-94.86878,36.89282],[-94.86879,36.89489],[-94.86717,36.89488],[-94.86652,36.89609],[-94.86657,36.89698],[-94.86726,36.89723],[-94.86897,36.89784],[-94.86899,36.90001],[-94.86825,36.90002],[-94.8644,36.90004],[-94.86442,36.90418],[-94.86443,36.90729],[-94.85987,36.90731],[-94.85847,36.90841],[-94.85847,36.90732],[-94.85536,36.90723],[-94.85535,36.90418],[-94.85533,36.89993],[-94.84196,36.89991],[-94.8418,36.89733],[-94.83286,36.89738],[-94.83281,36.89118],[-94.8371,36.88787],[-94.83937,36.88558],[-94.84172,36.88558],[-94.84237,36.88279],[-94.84474,36.88022],[-94.84519,36.8797],[-94.84611,36.87836],[-94.85072,36.87836],[-94.85074,36.88022],[-94.85081,36.88544],[-94.85529,36.88544],[-94.85528,36.88022],[-94.85974,36.88019],[-94.85981,36.87608],[-94.85678,36.87607],[-94.8568,36.87478],[-94.85534,36.87478],[-94.85533,36.8764],[-94.85072,36.8764],[-94.85077,36.87352],[-94.85114,36.87291],[-94.85118,36.8711],[-94.85123,36.87054],[-94.84755,36.87051],[-94.84533,36.8705],[-94.84202,36.87026],[-94.84201,36.87131],[-94.84704,36.87163],[-94.84564,36.87474],[-94.84179,36.87473],[-94.83957,36.87455],[-94.84034,36.87255],[-94.84181,36.87254],[-94.84186,36.87026],[-94.83463,36.86987],[-94.84568,36.86993],[-94.84769,36.87021],[-94.85215,36.87022],[-94.85213,36.86394],[-94.86007,36.86394],[-94.85992,36.86743],[-94.85553,36.86744],[-94.85553,36.87012],[-94.85986,36.87013],[-94.8599,36.8685],[-94.86131,36.86743],[-94.86898,36.86747],[-94.8691,36.86278],[-94.8677,36.86236],[-94.86769,36.8638],[-94.86454,36.86384],[-94.86467,36.85674],[-94.86923,36.85681],[-94.86994,36.8551],[-94.87194,36.85178],[-94.87349,36.85072],[-94.87351,36.84811],[-94.87774,36.84817],[-94.88121,36.84516],[-94.88133,36.84377],[-94.88245,36.84371],[-94.88246,36.84091],[-94.88128,36.84089],[-94.8804,36.83732],[-94.88333,36.8373],[-94.88471,36.83636],[-94.88471,36.83378],[-94.88248,36.83363],[-94.88699,36.83364],[-94.88699,36.83547],[-94.88885,36.83547],[-94.8911,36.83548],[-94.89107,36.83728],[-94.89549,36.83728],[-94.89544,36.84453],[-94.89116,36.84453],[-94.89118,36.84815],[-94.88987,36.84814],[-94.88923,36.85062],[-94.88742,36.84997],[-94.88378,36.84996],[-94.88377,36.85173],[-94.88948,36.85184],[-94.89093,36.85269],[-94.8909,36.85428],[-94.88904,36.85427],[-94.88904,36.85547],[-94.88695,36.85545],[-94.88692,36.85903],[-94.88372,36.85901],[-94.88368,36.86128],[-94.88239,36.86127],[-94.8824,36.86873],[-94.88239,36.86922],[-94.88532,36.87247],[-94.88813,36.87528],[-94.88966,36.87647],[-94.89271,36.87808],[-94.8956,36.88032],[-94.89558,36.88287],[-94.8956,36.88533],[-94.89558,36.88901],[-94.89561,36.8926],[-94.89568,36.89991],[-94.89568,36.90168],[-94.89105,36.9017],[-94.89118,36.90986],[-94.89568,36.90985],[-94.89566,36.9181],[-94.9091,36.91808],[-94.90912,36.92062],[-94.90812,36.92175],[-94.90708,36.92168],[-94.90567,36.92076],[-94.90457,36.92058],[-94.89761,36.92064],[-94.89555,36.92044],[-94.8955,36.92538]],[[-94.88373,36.8541],[-94.88369,36.85543],[-94.885,36.85544],[-94.88483,36.8525],[-94.88375,36.85287],[-94.88373,36.8541]],[[-94.87591,36.87567],[-94.87592,36.87467],[-94.87532,36.87467],[-94.87532,36.87567],[-94.87591,36.87567]],[[-94.85513,36.89659],[-94.85697,36.8948],[-94.85783,36.8928],[-94.85652,36.89276],[-94.85479,36.89425],[-94.85301,36.89548],[-94.8511,36.89526],[-94.85086,36.89626],[-94.85174,36.89693],[-94.85513,36.89659]],[[-94.84992,36.89555],[-94.85074,36.89298],[-94.84796,36.8932],[-94.84777,36.89453],[-94.84496,36.89366],[-94.84415,36.89412],[-94.84603,36.89606],[-94.84781,36.89687],[-94.84992,36.89555]]],[[[-94.8328,36.89049],[-94.83276,36.88558],[-94.83848,36.88558],[-94.83658,36.88751],[-94.83572,36.88821],[-94.8328,36.89049]]]]}},{"type":"Feature","properties":{"name":"Red River Public Transportation Service","boundary_type":"counties","source":"Census TIGER county","fidelity":"exact","updated":"2026-09","units":"Roger Mills County; Beckham County; Custer County; Washita County; Kiowa County; Tillman County; Cotton County; Jefferson County; Stephens County; Woodward County; Caddo County; Carter County; Comanche County; Ellis County; Dewey County; Canadian County","note":"16 counties explicitly listed in Region/Service Area","confidence":0.95},"geometry":{"type":"Polygon","coordinates":[[[-99.09905,34.64305],[-99.09703,34.64578],[-99.09559,34.65272],[-99.09572,34.66002],[-99.09559,34.66548],[-99.09532,34.66891],[-99.0938,34.67134],[-99.09161,34.67294],[-99.08645,34.67563],[-99.08379,34.67551],[-99.08018,34.67338],[-99.07824,34.67334],[-99.072,34.6748],[-99.06857,34.67529],[-99.05612,34.67515],[-99.05157,34.67581],[-99.04894,34.67581],[-99.04334,34.67725],[-99.04189,34.67892],[-99.04242,34.68016],[-99.04469,34.68135],[-99.04436,34.68266],[-99.04314,34.68385],[-99.03723,34.68669],[-99.03709,34.68939],[-99.03792,34.69088],[-99.03962,34.69166],[-99.04575,34.69228],[-99.0483,34.69434],[-99.04824,34.69682],[-99.05251,34.70156],[-99.05492,34.70176],[-99.05692,34.70133],[-99.06169,34.70149],[-99.06421,34.70103],[-99.06793,34.70112],[-99.06951,34.70059],[-99.08144,34.69833],[-99.08712,34.69663],[-99.09417,34.69608],[-99.09858,34.69523],[-99.1024,34.69544],[-99.10365,34.69598],[-99.10573,34.69866],[-99.10845,34.69903],[-99.11186,34.69846],[-99.11422,34.69866],[-99.12346,34.70117],[-99.12959,34.702],[-99.14068,34.70095],[-99.1452,34.70139],[-99.14911,34.70235],[-99.15322,34.70462],[-99.15679,34.70767],[-99.15873,34.71033],[-99.15937,34.71349],[-99.1564,34.71603],[-99.15454,34.71859],[-99.15413,34.72263],[-99.15557,34.72519],[-99.15798,34.72743],[-99.16103,34.73151],[-99.16233,34.736],[-99.16228,34.73907],[-99.16125,34.74175],[-99.1623,34.74235],[-99.16599,34.7421],[-99.16855,34.74265],[-99.17163,34.74485],[-99.17246,34.74661],[-99.17304,34.75529],[-99.17259,34.7561],[-99.16996,34.75626],[-99.16818,34.75261],[-99.16627,34.75128],[-99.16391,34.75112],[-99.16116,34.75247],[-99.16097,34.75431],[-99.16238,34.7565],[-99.16399,34.75749],[-99.16438,34.7587],[-99.1626,34.76044],[-99.15916,34.76127],[-99.15602,34.76017],[-99.15203,34.76044],[-99.15028,34.762],[-99.15047,34.76326],[-99.15175,34.76383],[-99.15813,34.76493],[-99.16149,34.7667],[-99.16343,34.7686],[-99.16557,34.77368],[-99.16482,34.77829],[-99.16484,34.7831],[-99.16543,34.78841],[-99.16384,34.79233],[-99.16259,34.79311],[-99.15651,34.79201],[-99.15368,34.79201],[-99.14987,34.79395],[-99.14896,34.79631],[-99.14898,34.79821],[-99.15151,34.80098],[-99.15373,34.80504],[-99.15312,34.80907],[-99.1527,34.8142],[-99.15192,34.8175],[-99.153,34.82281],[-99.15366,34.82767],[-99.15203,34.82792],[-99.14889,34.82565],[-99.14625,34.82606],[-99.14494,34.82682],[-99.14428,34.82835],[-99.14516,34.83016],[-99.14683,34.83085],[-99.15002,34.83117],[-99.15205,34.83195],[-99.15324,34.83349],[-99.15341,34.83571],[-99.15155,34.84157],[-99.15046,34.84327],[-99.14663,34.84494],[-99.14432,34.84711],[-99.14457,34.84954],[-99.14726,34.85039],[-99.14943,34.85005],[-99.15402,34.84817],[-99.15915,34.84774],[-99.16494,34.84748],[-99.16894,34.84787],[-99.1713,34.84891],[-99.17149,34.85133],[-99.17313,34.8553],[-99.17508,34.8572],[-99.17799,34.85864],[-99.18191,34.85956],[-99.18711,34.8582],[-99.19066,34.85818],[-99.19316,34.85653],[-99.1935,34.85262],[-99.19305,34.84959],[-99.19175,34.8473],[-99.19222,34.84504],[-99.19322,34.84375],[-99.19844,34.84036],[-99.19972,34.8383],[-99.2015,34.83745],[-99.20397,34.8378],[-99.20917,34.83979],[-99.21125,34.83954],[-99.21333,34.83846],[-99.2148,34.83667],[-99.2143,34.83367],[-99.21164,34.83124],[-99.21102,34.82877],[-99.21205,34.82673],[-99.21458,34.82666],[-99.21716,34.82849],[-99.22072,34.82955],[-99.22627,34.82872],[-99.22814,34.82783],[-99.23083,34.82542],[-99.23149,34.82393],[-99.23188,34.81857],[-99.23349,34.81642],[-99.23574,34.81587],[-99.23866,34.81607],[-99.24124,34.81697],[-99.24299,34.81827],[-99.24646,34.82211],[-99.24758,34.82358],[-99.24849,34.82697],[-99.24972,34.82899],[-99.25236,34.83077],[-99.25547,34.83481],[-99.25608,34.83634],[-99.26086,34.83831],[-99.26622,34.83916],[-99.27013,34.84109],[-99.27408,34.84061],[-99.27591,34.8394],[-99.27794,34.83937],[-99.28116,34.84494],[-99.2816,34.84792],[-99.28224,34.84897],[-99.28633,34.85167],[-99.28791,34.85213],[-99.29475,34.85115],[-99.29644,34.85142],[-99.30269,34.85548],[-99.30497,34.85637],[-99.30622,34.85763],[-99.30797,34.86109],[-99.30975,34.86393],[-99.31092,34.86517],[-99.31101,34.86558],[-99.31117,34.86608],[-99.31528,34.87023],[-99.31728,34.87149],[-99.31717,34.87426],[-99.31817,34.87793],[-99.31772,34.88224],[-99.31586,34.88563],[-99.31097,34.88874],[-99.30644,34.88911],[-99.30063,34.88801],[-99.29743,34.88675],[-99.29517,34.88673],[-99.29247,34.88605],[-99.29094,34.88668],[-99.29152,34.88952],[-99.29255,34.89139],[-99.29282,34.89566],[-99.29379,34.89645],[-99.29728,34.89697],[-99.29846,34.89912],[-99.29811,34.89976],[-99.29622,34.90115],[-99.29117,34.90235],[-99.28952,34.90236],[-99.29047,34.90548],[-99.29268,34.90848],[-99.2937,34.91112],[-99.29565,34.91397],[-99.29727,34.91733],[-99.29681,34.91924],[-99.2978,34.92094],[-99.29839,34.92407],[-99.30033,34.92548],[-99.30284,34.92563],[-99.30537,34.92447],[-99.3095,34.92505],[-99.31295,34.92526],[-99.31529,34.92635],[-99.31538,34.92776],[-99.31019,34.93265],[-99.31091,34.93497],[-99.31501,34.93683],[-99.32078,34.94167],[-99.32292,34.94074],[-99.32458,34.94125],[-99.3281,34.94434],[-99.33082,34.94476],[-99.32891,34.95203],[-99.32975,34.9581],[-99.33125,34.96083],[-99.3325,34.96505],[-99.33433,34.97277],[-99.33558,34.97355],[-99.33801,34.97318],[-99.34155,34.97154],[-99.34408,34.9711],[-99.34506,34.97552],[-99.347,34.97983],[-99.34809,34.98329],[-99.34397,34.98388],[-99.34225,34.98526],[-99.33505,34.98845],[-99.33442,34.99125],[-99.33486,34.994],[-99.33641,34.99762],[-99.33545,35.00006],[-99.33321,35.00726],[-99.33249,35.01028],[-99.3288,35.01183],[-99.32686,35.01559],[-99.32676,35.01891],[-99.32799,35.02132],[-99.3295,35.02256],[-99.33433,35.02254],[-99.336,35.02321],[-99.33629,35.02478],[-99.33593,35.02552],[-99.33317,35.02647],[-99.32895,35.02879],[-99.32574,35.02971],[-99.32477,35.03068],[-99.32329,35.03511],[-99.32359,35.03849],[-99.32779,35.0417],[-99.32974,35.04169],[-99.33335,35.04057],[-99.33734,35.0406],[-99.34246,35.04105],[-99.34902,35.0428],[-99.3502,35.0437],[-99.34987,35.05081],[-99.35093,35.05235],[-99.35215,35.05281],[-99.35699,35.05105],[-99.36256,35.05094],[-99.36756,35.05192],[-99.36993,35.05265],[-99.37189,35.05516],[-99.3728,35.05951],[-99.37265,35.06028],[-99.36843,35.06118],[-99.36734,35.05926],[-99.36587,35.05958],[-99.36492,35.06164],[-99.3652,35.06542],[-99.36757,35.07102],[-99.36851,35.07236],[-99.36997,35.07923],[-99.36814,35.0867],[-99.36837,35.08787],[-99.37065,35.08894],[-99.37188,35.08873],[-99.37321,35.08715],[-99.37324,35.08521],[-99.37449,35.08285],[-99.37774,35.08402],[-99.37824,35.08523],[-99.37581,35.088],[-99.37568,35.09061],[-99.37648,35.09176],[-99.38032,35.09336],[-99.38224,35.09366],[-99.38545,35.09343],[-99.38614,35.09289],[-99.38559,35.08975],[-99.38679,35.08885],[-99.38843,35.08876],[-99.39431,35.0925],[-99.39818,35.09419],[-99.39835,35.09571],[-99.39732,35.09765],[-99.39832,35.09903],[-99.39996,35.09846],[-99.40138,35.09951],[-99.40071,35.10081],[-99.39798,35.10269],[-99.39765,35.10448],[-99.39845,35.10601],[-99.39937,35.10688],[-99.40205,35.1051],[-99.40473,35.10583],[-99.40559,35.10739],[-99.40353,35.10851],[-99.40422,35.10938],[-99.40693,35.11071],[-99.40804,35.11456],[-99.40929,35.11451],[-99.41258,35.11275],[-99.41587,35.11177],[-99.4198,35.11246],[-99.42137,35.11413],[-99.42394,35.11406],[-99.42606,35.11121],[-99.42817,35.10929],[-99.43066,35.10822],[-99.43288,35.10882],[-99.43795,35.10884],[-99.44041,35.1094],[-99.44383,35.11285],[-99.44371,35.11405],[-99.44086,35.11654],[-99.44044,35.11686],[-99.49237,35.11701],[-99.50099,35.11693],[-99.51868,35.11693],[-99.55721,35.11699],[-99.55978,35.11675],[-99.60393,35.11679],[-99.60672,35.11701],[-99.6105,35.1168],[-99.64141,35.11684],[-99.64225,35.11684],[-99.71143,35.11692],[-99.71212,35.11691],[-99.72099,35.11691],[-99.72969,35.11691],[-99.76512,35.11694],[-99.78273,35.11694],[-99.78291,35.10904],[-99.78271,35.10509],[-99.78282,35.0803],[-99.78285,35.06939],[-99.78295,35.03011],[-99.8528,35.02998],[-99.85288,35.02998],[-99.88844,35.02989],[-99.88845,35.03026],[-99.94973,35.02994],[-100.00038,35.02993],[-100.00038,35.13933],[-100.00038,35.1827],[-100.00039,35.21922],[-100.00039,35.22017],[-100.00039,35.30007],[-100.00039,35.30022],[-100.00039,35.4222],[-100.00039,35.42236],[-100.00039,35.42851],[-100.00039,35.55246],[-100.00039,35.61912],[-100.00039,35.62496],[-100.00039,35.74615],[-100.0004,35.88123],[-100.0004,36.04264],[-100.0004,36.05568],[-100.0004,36.16371],[-100.0004,36.20246],[-100.0004,36.26023],[-100.0004,36.27347],[-100.00041,36.4997],[-100.00376,36.4997],[-100.00366,36.50084],[-100.00368,36.51386],[-100.00381,36.52239],[-100.00377,36.52887],[-100.00316,36.59325],[-99.91086,36.59329],[-99.91014,36.59319],[-99.83784,36.59329],[-99.74639,36.59327],[-99.73953,36.59325],[-99.69285,36.59316],[-99.68825,36.59299],[-99.67713,36.59306],[-99.67407,36.59323],[-99.60563,36.59275],[-99.60564,36.59393],[-99.59273,36.59393],[-99.49808,36.59401],[-99.44914,36.59406],[-99.44839,36.59412],[-99.4404,36.59417],[-99.43998,36.59392],[-99.43026,36.59402],[-99.42173,36.59411],[-99.40371,36.59416],[-99.35371,36.59464],[-99.29992,36.59499],[-99.29519,36.59512],[-99.29534,36.59645],[-99.29528,36.63822],[-99.2954,36.68152],[-99.29494,36.77232],[-99.29519,36.81957],[-99.29475,36.81777],[-99.29426,36.80594],[-99.29272,36.80457],[-99.28668,36.80207],[-99.2823,36.79869],[-99.27726,36.79582],[-99.27022,36.78973],[-99.26864,36.78923],[-99.25994,36.78747],[-99.25595,36.78607],[-99.25141,36.78508],[-99.25038,36.78502],[-99.24527,36.78644],[-99.24238,36.78575],[-99.23695,36.78668],[-99.23316,36.78701],[-99.22983,36.78816],[-99.22769,36.78811],[-99.21776,36.78681],[-99.21645,36.787],[-99.21056,36.79069],[-99.20277,36.79122],[-99.19906,36.79089],[-99.19735,36.78947],[-99.1953,36.7887],[-99.18909,36.78736],[-99.18084,36.78741],[-99.17773,36.7884],[-99.17005,36.79],[-99.16528,36.79064],[-99.16354,36.79022],[-99.15814,36.7878],[-99.1523,36.78762],[-99.13985,36.78304],[-99.13751,36.7812],[-99.13501,36.77839],[-99.13281,36.77403],[-99.12827,36.76941],[-99.12671,36.76596],[-99.12656,36.76257],[-99.12538,36.7621],[-99.12144,36.75892],[-99.11947,36.75791],[-99.11405,36.75401],[-99.10775,36.75044],[-99.10676,36.74744],[-99.10528,36.74569],[-99.10236,36.74389],[-99.10046,36.74355],[-99.09745,36.74206],[-99.09542,36.73823],[-99.09572,36.73675],[-99.08673,36.72445],[-99.08549,36.72343],[-99.08449,36.72158],[-99.08319,36.72056],[-99.08067,36.71945],[-99.07824,36.71789],[-99.07569,36.71699],[-99.06981,36.71611],[-99.06579,36.71636],[-99.06291,36.71603],[-99.06151,36.71545],[-99.05723,36.7113],[-99.05515,36.70735],[-99.05222,36.70518],[-99.05103,36.70188],[-99.04957,36.69969],[-99.04608,36.69712],[-99.04435,36.69495],[-99.04462,36.69274],[-99.04605,36.69007],[-99.04806,36.68852],[-99.04843,36.68682],[-99.04425,36.6829],[-99.04241,36.68203],[-99.0408,36.68028],[-99.03995,36.67855],[-99.03933,36.67361],[-99.03633,36.66943],[-99.03421,36.66733],[-99.03088,36.66494],[-99.02507,36.66214],[-99.025,36.66209],[-99.02416,36.66159],[-99.02236,36.65891],[-99.02241,36.65757],[-99.02377,36.65492],[-99.02491,36.65125],[-99.02482,36.65035],[-99.02281,36.64708],[-99.02299,36.64399],[-99.02254,36.64243],[-99.01896,36.6409],[-99.01296,36.64024],[-99.0103,36.63598],[-99.01009,36.63327],[-99.00669,36.6311],[-99.00222,36.62972],[-99.00037,36.62953],[-98.99098,36.61918],[-98.9888,36.61561],[-98.98773,36.61468],[-98.97608,36.60305],[-98.97148,36.60032],[-98.96674,36.59946],[-98.95997,36.59899],[-98.9605,36.50698],[-98.96033,36.50691],[-98.96053,36.49594],[-98.96054,36.49249],[-98.96071,36.42029],[-98.96077,36.39384],[-98.96054,36.39116],[-98.96062,36.36244],[-98.96086,36.36161],[-98.96089,36.34794],[-98.96087,36.31975],[-98.96072,36.31908],[-98.96077,36.30465],[-98.96057,36.2467],[-98.95594,36.24675],[-98.95596,36.2309],[-98.95589,36.18833],[-98.95586,36.17138],[-98.95585,36.16598],[-98.95585,36.16158],[-98.93846,36.16137],[-98.93752,36.16137],[-98.92958,36.16132],[-98.92513,36.16129],[-98.92307,36.16127],[-98.92044,36.16127],[-98.89476,36.16122],[-98.72645,36.16324],[-98.72618,36.1633],[-98.72578,36.16326],[-98.66333,36.16455],[-98.6369,36.16489],[-98.63681,36.14329],[-98.63613,35.95668],[-98.63612,35.94951],[-98.63609,35.9422],[-98.63616,35.91375],[-98.63617,35.91326],[-98.63615,35.89881],[-98.6321,35.89879],[-98.63212,35.84224],[-98.63198,35.84144],[-98.63198,35.8124],[-98.6322,35.74481],[-98.63198,35.7177],[-98.63218,35.66939],[-98.63221,35.6675],[-98.63218,35.65977],[-98.63218,35.63852],[-98.63221,35.55152],[-98.62324,35.55152],[-98.58851,35.55153],[-98.57913,35.55158],[-98.57088,35.55154],[-98.57024,35.55155],[-98.5177,35.55148],[-98.49883,35.55152],[-98.49832,35.55159],[-98.45389,35.55156],[-98.44969,35.55156],[-98.44131,35.55157],[-98.43881,35.55156],[-98.43162,35.55157],[-98.4296,35.55157],[-98.3862,35.55154],[-98.38384,35.55152],[-98.36941,35.55133],[-98.36886,35.55145],[-98.36836,35.55162],[-98.3599,35.55164],[-98.35771,35.55145],[-98.34024,35.55143],[-98.31325,35.55141],[-98.31325,35.55152],[-98.31333,35.61336],[-98.31328,35.61708],[-98.31327,35.62173],[-98.31328,35.62378],[-98.31326,35.62902],[-98.31328,35.6344],[-98.31328,35.63462],[-98.31328,35.63828],[-98.31327,35.64551],[-98.3132,35.71072],[-98.31315,35.72474],[-98.2071,35.72519],[-98.2071,35.72514],[-98.19355,35.72513],[-98.16253,35.72509],[-98.14484,35.72531],[-98.12078,35.72532],[-98.11845,35.72532],[-98.09215,35.72537],[-97.98616,35.72563],[-97.96892,35.7259],[-97.95899,35.72607],[-97.86985,35.726],[-97.8341,35.7259],[-97.82536,35.72587],[-97.81621,35.72584],[-97.80731,35.72578],[-97.78958,35.7257],[-97.78056,35.72572],[-97.7675,35.72572],[-97.76297,35.72572],[-97.7277,35.72582],[-97.70042,35.7259],[-97.69147,35.72592],[-97.67403,35.72597],[-97.67401,35.70383],[-97.67399,35.68922],[-97.67402,35.68207],[-97.67395,35.65296],[-97.67395,35.63854],[-97.674,35.62396],[-97.67402,35.60925],[-97.67404,35.59482],[-97.67404,35.59476],[-97.67404,35.58796],[-97.67403,35.58028],[-97.67404,35.5766],[-97.67404,35.57366],[-97.67404,35.5735],[-97.67404,35.57297],[-97.67405,35.57047],[-97.67405,35.56932],[-97.67405,35.5657],[-97.67404,35.55731],[-97.67405,35.55113],[-97.67248,35.55111],[-97.67144,35.55111],[-97.67146,35.53737],[-97.67147,35.53002],[-97.67148,35.51492],[-97.67149,35.50745],[-97.67151,35.49296],[-97.67148,35.48607],[-97.67146,35.48584],[-97.67146,35.47875],[-97.67153,35.47135],[-97.67154,35.46421],[-97.67153,35.46042],[-97.6715,35.44844],[-97.67143,35.44789],[-97.67141,35.43547],[-97.67141,35.43535],[-97.6714,35.42832],[-97.67142,35.42079],[-97.67142,35.42078],[-97.67138,35.40622],[-97.67138,35.39308],[-97.67137,35.39165],[-97.67136,35.37946],[-97.67137,35.37715],[-97.67136,35.34812],[-97.67146,35.3469],[-97.67141,35.33747],[-97.67141,35.33595],[-97.67847,35.33497],[-97.67933,35.33481],[-97.68505,35.3343],[-97.68672,35.33384],[-97.68974,35.33224],[-97.69648,35.32744],[-97.70186,35.32624],[-97.70527,35.32533],[-97.70629,35.32497],[-97.70816,35.32473],[-97.71135,35.32485],[-97.71311,35.32546],[-97.71379,35.32793],[-97.71561,35.32828],[-97.71806,35.32818],[-97.71843,35.32853],[-97.72003,35.32852],[-97.72153,35.32714],[-97.72356,35.32659],[-97.72382,35.32651],[-97.72471,35.32583],[-97.73628,35.32384],[-97.7373,35.32376],[-97.74631,35.32835],[-97.74867,35.32936],[-97.75108,35.3313],[-97.75198,35.33428],[-97.75664,35.33876],[-97.76087,35.3403],[-97.7615,35.34035],[-97.7639,35.34085],[-97.76784,35.34508],[-97.76927,35.34565],[-97.77241,35.34558],[-97.77391,35.34335],[-97.77471,35.33942],[-97.77757,35.33709],[-97.78119,35.33611],[-97.78359,35.33629],[-97.78608,35.33716],[-97.78832,35.33664],[-97.78963,35.33335],[-97.79043,35.33292],[-97.79202,35.3327],[-97.79382,35.33491],[-97.79468,35.33663],[-97.79672,35.33911],[-97.7993,35.3391],[-97.80316,35.33966],[-97.80719,35.34085],[-97.80994,35.33996],[-97.81211,35.33825],[-97.81213,35.33379],[-97.8147,35.33394],[-97.81983,35.33535],[-97.82181,35.33518],[-97.82496,35.33374],[-97.8256,35.33376],[-97.82744,35.33438],[-97.8287,35.33436],[-97.83234,35.3347],[-97.83367,35.33536],[-97.83773,35.33477],[-97.84133,35.33453],[-97.84391,35.33538],[-97.84842,35.33771],[-97.85367,35.3411],[-97.85685,35.34495],[-97.85715,35.34616],[-97.85682,35.35127],[-97.8571,35.35426],[-97.85775,35.35626],[-97.85965,35.35952],[-97.8628,35.36183],[-97.8656,35.36234],[-97.8699,35.36252],[-97.87166,35.36203],[-97.87317,35.36087],[-97.87333,35.35684],[-97.87392,35.35598],[-97.87569,35.35587],[-97.8767,35.35548],[-97.8797,35.35619],[-97.88192,35.35598],[-97.88361,35.35645],[-97.88496,35.35582],[-97.8841,35.34901],[-97.88712,35.34739],[-97.89006,35.34706],[-97.89409,35.34703],[-97.89734,35.34487],[-97.89966,35.34411],[-97.9012,35.34432],[-97.90309,35.3454],[-97.90352,35.34914],[-97.90212,35.35095],[-97.90157,35.35344],[-97.90313,35.35557],[-97.90483,35.35608],[-97.90701,35.35587],[-97.91137,35.35314],[-97.91458,35.3524],[-97.9183,35.35256],[-97.92083,35.35352],[-97.9245,35.35864],[-97.9279,35.36049],[-97.92977,35.36287],[-97.9305,35.36411],[-97.93026,35.36778],[-97.93225,35.37338],[-97.9348,35.37535],[-97.93634,35.37575],[-97.94026,35.3769],[-97.94341,35.37719],[-97.94398,35.37641],[-97.94721,35.37485],[-97.94721,35.37296],[-97.94633,35.37103],[-97.94655,35.36809],[-97.94595,35.36246],[-97.94664,35.35988],[-97.94684,35.35641],[-97.94896,35.35271],[-97.95227,35.35059],[-97.95255,35.34775],[-97.95517,35.34605],[-97.96012,35.34594],[-97.96318,35.34939],[-97.96455,35.3502],[-97.96955,35.35148],[-97.97227,35.35361],[-97.9728,35.3563],[-97.97386,35.3571],[-97.97898,35.3562],[-97.98141,35.35634],[-97.98375,35.35724],[-97.9859,35.35857],[-97.99092,35.35975],[-97.99167,35.3604],[-97.99526,35.3617],[-97.99694,35.36169],[-97.99918,35.36248],[-98.00149,35.36436],[-98.00346,35.36407],[-98.00397,35.36215],[-98.0064,35.36038],[-98.01084,35.36077],[-98.01197,35.36206],[-98.01208,35.36372],[-98.011,35.36552],[-98.00886,35.3668],[-98.00987,35.36935],[-98.0117,35.37141],[-98.01609,35.37443],[-98.01638,35.37656],[-98.01745,35.37791],[-98.01931,35.37843],[-98.02075,35.37753],[-98.02353,35.37782],[-98.09601,35.37775],[-98.09535,35.30522],[-98.095,35.24734],[-98.09497,35.23279],[-98.09498,35.20372],[-98.09134,35.20373],[-98.09131,35.18921],[-98.09115,35.11666],[-98.0911,35.08918],[-98.09239,35.08865],[-98.09293,35.08689],[-98.09288,35.08321],[-98.09291,35.07726],[-98.09296,35.07646],[-98.09306,35.02882],[-98.093,35.01415],[-98.09306,34.98523],[-98.09305,34.97069],[-98.09298,34.9547],[-98.09302,34.95436],[-98.09308,34.88393],[-98.09313,34.85499],[-98.08956,34.85493],[-98.08904,34.84072],[-98.08901,34.83481],[-98.08901,34.82624],[-98.08908,34.8116],[-98.08909,34.81144],[-98.08908,34.75364],[-98.0891,34.68849],[-98.0891,34.68839],[-98.0891,34.68116],[-98.06366,34.68139],[-98.06314,34.68138],[-98.03703,34.68152],[-97.99711,34.6818],[-97.99679,34.6818],[-97.99284,34.68179],[-97.98425,34.68176],[-97.96694,34.68182],[-97.95816,34.6817],[-97.94931,34.68172],[-97.94046,34.68168],[-97.89674,34.68159],[-97.88771,34.68155],[-97.87897,34.68162],[-97.84515,34.68157],[-97.84426,34.6815],[-97.75667,34.68148],[-97.7563,34.68149],[-97.72119,34.68143],[-97.71978,34.68132],[-97.66851,34.68134],[-97.59943,34.68128],[-97.59801,34.68122],[-97.563,34.68118],[-97.56301,34.67759],[-97.56296,34.6328],[-97.56283,34.63149],[-97.56284,34.63034],[-97.5629,34.61609],[-97.56286,34.59416],[-97.56289,34.57257],[-97.56286,34.56518],[-97.56308,34.52864],[-97.56329,34.51552],[-97.56294,34.51153],[-97.56318,34.50703],[-97.56232,34.50704],[-97.50935,34.50699],[-97.40506,34.50688],[-97.36093,34.50687],[-97.35218,34.5068],[-97.35219,34.49233],[-97.35222,34.45593],[-97.35214,34.39776],[-97.35211,34.37619],[-97.33458,34.37621],[-97.28232,34.37618],[-97.28211,34.37618],[-97.28013,34.37618],[-97.2737,34.37616],[-97.1782,34.37622],[-97.17774,34.3761],[-97.14487,34.37605],[-97.03824,34.37571],[-97.03654,34.37542],[-97.03593,34.37423],[-97.03373,34.37291],[-97.03438,34.37163],[-97.03813,34.36847],[-97.03884,34.36691],[-97.03839,34.36495],[-97.03557,34.36198],[-97.03486,34.36061],[-97.03475,34.35805],[-97.03521,34.35538],[-97.03425,34.35413],[-97.03166,34.35214],[-97.03155,34.35052],[-97.03568,34.34759],[-97.04261,34.34461],[-97.04264,34.34178],[-97.04064,34.3385],[-97.03951,34.33754],[-97.03292,34.33517],[-97.03074,34.33487],[-97.02912,34.33326],[-97.02919,34.33223],[-97.01416,34.33234],[-96.9333,34.33256],[-96.93341,34.24566],[-96.93326,34.22697],[-96.93344,34.21456],[-96.93345,34.21452],[-96.93347,34.2019],[-96.93348,34.19094],[-96.93349,34.17999],[-96.9335,34.17275],[-96.96842,34.17268],[-96.96828,34.1145],[-96.96839,34.11187],[-96.9683,34.10094],[-96.96822,34.09999],[-96.96807,34.071],[-96.96963,34.07102],[-97.0515,34.07087],[-97.05276,34.07077],[-97.05551,34.07095],[-97.06392,34.07095],[-97.08773,34.07096],[-97.14945,34.07099],[-97.15019,34.07099],[-97.16713,34.07098],[-97.22979,34.07104],[-97.23848,34.07105],[-97.2651,34.07106],[-97.29418,34.07108],[-97.36971,34.07108],[-97.37012,34.07115],[-97.42204,34.07119],[-97.46651,34.07119],[-97.47407,34.07115],[-97.56076,34.07115],[-97.56087,34.00298],[-97.55642,34.00199],[-97.55375,34.00272],[-97.55172,34.001],[-97.5537,34.00043],[-97.55521,33.99888],[-97.55485,33.99826],[-97.5518,33.99778],[-97.55194,33.9959],[-97.55081,33.99531],[-97.55078,33.99425],[-97.5496,33.99471],[-97.54924,33.99377],[-97.55106,33.99194],[-97.54905,33.99109],[-97.54759,33.99173],[-97.54693,33.9905],[-97.54583,33.9894],[-97.5471,33.98798],[-97.54515,33.98759],[-97.54465,33.9866],[-97.54284,33.98583],[-97.54223,33.98798],[-97.54149,33.98853],[-97.54036,33.98681],[-97.5413,33.98532],[-97.5394,33.98516],[-97.53753,33.98653],[-97.53682,33.98388],[-97.56074,33.98396],[-97.5609,33.89959],[-97.56279,33.90093],[-97.56696,33.90158],[-97.56871,33.90138],[-97.57238,33.89932],[-97.5725,33.89926],[-97.57808,33.89922],[-97.58107,33.89968],[-97.58108,33.89968],[-97.58278,33.90042],[-97.5858,33.90175],[-97.58593,33.90181],[-97.58744,33.90248],[-97.58925,33.90392],[-97.58917,33.90488],[-97.58967,33.9066],[-97.59093,33.9096],[-97.59203,33.91014],[-97.59368,33.91011],[-97.59629,33.91377],[-97.59711,33.91787],[-97.59698,33.92023],[-97.59615,33.92211],[-97.59508,33.92295],[-97.59151,33.9282],[-97.59121,33.93124],[-97.5933,33.93392],[-97.59542,33.93892],[-97.59542,33.94144],[-97.59405,33.9446],[-97.59174,33.94661],[-97.59141,33.94806],[-97.58883,33.95188],[-97.59042,33.9541],[-97.5962,33.95452],[-97.59947,33.95632],[-97.6009,33.95889],[-97.60097,33.96066],[-97.60433,33.96276],[-97.60439,33.96381],[-97.60604,33.965],[-97.60909,33.96809],[-97.61555,33.96956],[-97.623,33.97395],[-97.62457,33.97585],[-97.63067,33.97943],[-97.63378,33.98126],[-97.65621,33.98949],[-97.66149,33.99082],[-97.67177,33.99137],[-97.67297,33.99102],[-97.68802,33.98661],[-97.69311,33.9837],[-97.69792,33.97733],[-97.70416,33.96334],[-97.70968,33.955],[-97.71677,33.94767],[-97.72096,33.94441],[-97.72529,33.94105],[-97.72607,33.94056],[-97.73227,33.93669],[-97.73372,33.93639],[-97.73655,33.93657],[-97.73848,33.93742],[-97.75296,33.93705],[-97.76277,33.9344],[-97.76266,33.93085],[-97.75983,33.92521],[-97.7594,33.91882],[-97.76022,33.91719],[-97.76377,33.91424],[-97.77267,33.91438],[-97.77552,33.91811],[-97.7797,33.91972],[-97.78218,33.91909],[-97.7851,33.91681],[-97.78607,33.91487],[-97.78607,33.91324],[-97.78034,33.90483],[-97.77968,33.89924],[-97.78007,33.89539],[-97.78234,33.89231],[-97.7847,33.89064],[-97.78802,33.89182],[-97.78981,33.89474],[-97.79078,33.89831],[-97.79369,33.89966],[-97.79776,33.89929],[-97.80113,33.89659],[-97.80198,33.89425],[-97.80166,33.89003],[-97.80144,33.88631],[-97.80263,33.87997],[-97.80542,33.87717],[-97.8075,33.8764],[-97.80977,33.8777],[-97.81251,33.88115],[-97.81399,33.88176],[-97.81643,33.88208],[-97.81924,33.87909],[-97.8192,33.87219],[-97.81902,33.86991],[-97.82211,33.86796],[-97.82618,33.86454],[-97.83087,33.86179],[-97.83433,33.85767],[-97.8388,33.85693],[-97.84158,33.85627],[-97.84326,33.85684],[-97.8495,33.85432],[-97.8537,33.85295],[-97.86093,33.85059],[-97.86576,33.84939],[-97.87145,33.849],[-97.87739,33.85024],[-97.8832,33.85436],[-97.88938,33.85643],[-97.89674,33.85798],[-97.90547,33.86353],[-97.93674,33.8792],[-97.9388,33.87989],[-97.94273,33.87985],[-97.94646,33.87888],[-97.95121,33.87842],[-97.95844,33.87918],[-97.96778,33.88243],[-97.97418,33.88664],[-97.97781,33.88988],[-97.97786,33.88993],[-97.9797,33.89219],[-97.98377,33.8972],[-97.98443,33.89876],[-97.98457,33.89908],[-97.98454,33.9007],[-97.98355,33.904],[-97.97998,33.9114],[-97.9788,33.91255],[-97.97696,33.91255],[-97.97314,33.90801],[-97.96987,33.906],[-97.96446,33.9074],[-97.96061,33.91035],[-97.95715,33.91445],[-97.95369,33.92437],[-97.95268,33.92948],[-97.95339,33.93644],[-97.95447,33.93777],[-97.95551,33.93819],[-97.96342,33.93624],[-97.96595,33.93619],[-97.97117,33.93713],[-97.97249,33.93791],[-97.97406,33.94029],[-97.97417,33.94283],[-97.97334,33.94377],[-97.97266,33.94453],[-97.96574,33.94739],[-97.96035,33.95193],[-97.95692,33.9585],[-97.94595,33.9884],[-97.94573,33.98984],[-97.94647,33.99073],[-97.94757,33.99105],[-97.95269,33.99011],[-97.95585,33.99014],[-97.95832,33.99085],[-97.96303,33.99424],[-97.96834,34.00053],[-97.97167,34.00543],[-97.97417,34.00672],[-97.97824,34.00539],[-97.98281,34.00195],[-97.98739,33.99982],[-97.9997,33.99722],[-98.00567,33.99596],[-98.01948,33.9938],[-98.02767,33.99336],[-98.04112,33.99346],[-98.0552,33.99584],[-98.08284,34.00241],[-98.08526,34.00326],[-98.0882,34.00548],[-98.08268,34.0108],[-98.08955,34.01927],[-98.09844,34.02392],[-98.10626,34.03415],[-98.10354,34.03853],[-98.098,34.03824],[-98.09237,34.03393],[-98.08381,34.03666],[-98.08384,34.04117],[-98.08384,34.04172],[-98.0991,34.04864],[-98.11459,34.06228],[-98.11803,34.06706],[-98.12021,34.07213],[-98.1209,34.07977],[-98.12104,34.08127],[-98.11942,34.08447],[-98.10431,34.0982],[-98.09933,34.1043],[-98.09512,34.11119],[-98.09324,34.11517],[-98.09242,34.11692],[-98.09066,34.12198],[-98.08975,34.12821],[-98.09201,34.13194],[-98.0936,34.13184],[-98.09766,34.13156],[-98.1005,34.13137],[-98.10317,34.13519],[-98.10056,34.14214],[-98.10194,34.14683],[-98.10946,34.15411],[-98.11451,34.15473],[-98.12338,34.15454],[-98.13082,34.15053],[-98.13677,34.14499],[-98.13898,34.14181],[-98.14275,34.13636],[-98.15435,34.12273],[-98.15741,34.12047],[-98.16912,34.11417],[-98.19145,34.11575],[-98.20007,34.11678],[-98.20371,34.11768],[-98.21646,34.12182],[-98.2236,34.12509],[-98.23104,34.13402],[-98.24101,34.1331],[-98.24795,34.13072],[-98.25647,34.12948],[-98.25795,34.12982],[-98.2617,34.13157],[-98.26622,34.13205],[-98.26729,34.13196],[-98.26766,34.13185],[-98.26834,34.13166],[-98.26897,34.13162],[-98.27156,34.13228],[-98.27299,34.13221],[-98.27688,34.13105],[-98.28032,34.13075],[-98.2939,34.13302],[-98.30021,34.13458],[-98.31875,34.14642],[-98.32258,34.14972],[-98.32544,34.15102],[-98.34815,34.15461],[-98.36402,34.15711],[-98.36562,34.15699],[-98.36749,34.15619],[-98.37049,34.15214],[-98.37446,34.15076],[-98.37691,34.15055],[-98.38165,34.1492],[-98.38455,34.146],[-98.38485,34.14384],[-98.38708,34.14091],[-98.38623,34.13773],[-98.38496,34.13665],[-98.38105,34.13477],[-98.37993,34.13227],[-98.37976,34.13117],[-98.38086,34.13053],[-98.38296,34.12955],[-98.38527,34.13175],[-98.38869,34.13322],[-98.39502,34.13132],[-98.40097,34.12224],[-98.40049,34.12178],[-98.39816,34.1214],[-98.39839,34.10457],[-98.39978,34.09997],[-98.40216,34.09865],[-98.40673,34.10114],[-98.40932,34.10129],[-98.41137,34.10032],[-98.41151,34.09862],[-98.4096,34.09407],[-98.41159,34.08806],[-98.41736,34.08374],[-98.4188,34.08266],[-98.42353,34.08284],[-98.42523,34.0848],[-98.42914,34.08556],[-98.44009,34.08431],[-98.44372,34.08215],[-98.44578,34.07683],[-98.44903,34.07346],[-98.45466,34.07258],[-98.46295,34.07384],[-98.466,34.07308],[-98.47146,34.06567],[-98.48204,34.06227],[-98.48633,34.0626],[-98.4888,34.06608],[-98.49415,34.06983],[-98.50415,34.07229],[-98.51687,34.08598],[-98.5282,34.09496],[-98.53626,34.10734],[-98.55092,34.11933],[-98.55387,34.11954],[-98.55682,34.12108],[-98.55803,34.12286],[-98.55956,34.12342],[-98.56057,34.12357],[-98.56098,34.12463],[-98.56014,34.12693],[-98.55859,34.12825],[-98.55625,34.12773],[-98.55432,34.1266],[-98.55184,34.12713],[-98.55105,34.12782],[-98.55022,34.13013],[-98.55052,34.13219],[-98.55198,34.13295],[-98.55284,34.13357],[-98.56019,34.1332],[-98.56721,34.13811],[-98.57245,34.14509],[-98.57714,34.14896],[-98.58554,34.15233],[-98.59979,34.16057],[-98.60398,34.16025],[-98.60885,34.15752],[-98.60999,34.15715],[-98.61183,34.15656],[-98.61673,34.15642],[-98.61862,34.15671],[-98.62167,34.1572],[-98.63573,34.16162],[-98.64322,34.16453],[-98.64807,34.16444],[-98.65058,34.16311],[-98.65565,34.15826],[-98.67738,34.14254],[-98.67869,34.14214],[-98.68412,34.13879],[-98.68563,34.13657],[-98.69059,34.13297],[-98.6934,34.13375],[-98.69652,34.13352],[-98.70018,34.136],[-98.70305,34.1359],[-98.70613,34.13499],[-98.70996,34.13155],[-98.71247,34.13116],[-98.71412,34.13214],[-98.71423,34.1334],[-98.71495,34.13485],[-98.7161,34.13595],[-98.71754,34.13645],[-98.71922,34.13638],[-98.72272,34.13528],[-98.72363,34.13519],[-98.725,34.13546],[-98.7285,34.13528],[-98.73043,34.13592],[-98.73429,34.13576],[-98.73547,34.13521],[-98.73682,34.13337],[-98.73723,34.13099],[-98.73946,34.12739],[-98.74197,34.12553],[-98.74929,34.12424],[-98.75076,34.12431],[-98.75371,34.12446],[-98.75704,34.12463],[-98.75965,34.12691],[-98.75949,34.12888],[-98.76056,34.13239],[-98.7618,34.13379],[-98.76557,34.13638],[-98.77942,34.14023],[-98.7884,34.14667],[-98.79201,34.14374],[-98.7962,34.14277],[-98.79976,34.14788],[-98.80441,34.15393],[-98.80681,34.1559],[-98.81295,34.15844],[-98.81527,34.1581],[-98.83111,34.16215],[-98.83213,34.16179],[-98.83335,34.15911],[-98.83668,34.15649],[-98.84068,34.1573],[-98.84219,34.15805],[-98.84354,34.15814],[-98.84473,34.15908],[-98.84699,34.15973],[-98.84777,34.15995],[-98.84966,34.1597],[-98.85167,34.16029],[-98.85418,34.16165],[-98.85558,34.16162],[-98.85732,34.16109],[-98.8579,34.15963],[-98.85842,34.15273],[-98.86012,34.14991],[-98.86255,34.14911],[-98.86812,34.14964],[-98.87327,34.1536],[-98.87487,34.15566],[-98.87495,34.15703],[-98.87223,34.16045],[-98.87121,34.16301],[-98.87154,34.16503],[-98.87292,34.16658],[-98.87485,34.16752],[-98.87629,34.16759],[-98.88133,34.16735],[-98.88604,34.16792],[-98.88896,34.16941],[-98.89215,34.17234],[-98.90935,34.1775],[-98.91833,34.18183],[-98.9207,34.18344],[-98.92313,34.18598],[-98.92343,34.18634],[-98.92746,34.19116],[-98.92814,34.19269],[-98.94022,34.20369],[-98.9504,34.21168],[-98.95236,34.21258],[-98.95251,34.21265],[-98.95847,34.21386],[-98.96079,34.21303],[-98.96231,34.21131],[-98.96208,34.20639],[-98.96247,34.20467],[-98.9663,34.20132],[-98.969,34.2013],[-98.97413,34.20357],[-98.97659,34.20629],[-98.97868,34.21023],[-98.98136,34.21758],[-98.98729,34.22122],[-98.99085,34.22163],[-99.00076,34.21764],[-99.00343,34.21447],[-99.00292,34.20878],[-99.00579,34.20665],[-99.01307,34.20322],[-99.02794,34.20559],[-99.03627,34.20691],[-99.03746,34.20645],[-99.039,34.20467],[-99.04096,34.20084],[-99.04347,34.19821],[-99.04879,34.19821],[-99.05808,34.20057],[-99.0588,34.20126],[-99.05916,34.20293],[-99.06034,34.20476],[-99.06646,34.2084],[-99.07598,34.21122],[-99.07953,34.21152],[-99.08461,34.20943],[-99.08892,34.20847],[-99.09219,34.20932],[-99.09285,34.21074],[-99.09527,34.21184],[-99.09788,34.21102],[-99.10025,34.20887],[-99.10219,34.20548],[-99.1063,34.2047],[-99.1093,34.20545],[-99.11284,34.20582],[-99.11696,34.20373],[-99.1192,34.20175],[-99.11997,34.20188],[-99.12657,34.203],[-99.12979,34.2044],[-99.13117,34.20574],[-99.13188,34.20738],[-99.13155,34.20935],[-99.13009,34.21219],[-99.12752,34.21377],[-99.12661,34.21533],[-99.1268,34.21711],[-99.12755,34.21799],[-99.12851,34.21877],[-99.13061,34.21941],[-99.1334,34.21966],[-99.13822,34.21916],[-99.13918,34.2176],[-99.1415,34.21666],[-99.14247,34.21541],[-99.14398,34.21476],[-99.14448,34.21333],[-99.14785,34.20944],[-99.15134,34.2076],[-99.15682,34.20721],[-99.15902,34.20888],[-99.18951,34.21431],[-99.1921,34.21669],[-99.19268,34.21883],[-99.19208,34.22219],[-99.19004,34.22719],[-99.19015,34.22966],[-99.19114,34.23234],[-99.19555,34.24006],[-99.19715,34.2443],[-99.1918,34.25644],[-99.19713,34.26183],[-99.19802,34.26272],[-99.19446,34.27188],[-99.19626,34.28146],[-99.20022,34.28115],[-99.20777,34.28382],[-99.21145,34.29275],[-99.21025,34.30094],[-99.21173,34.3054],[-99.21348,34.31067],[-99.20658,34.31696],[-99.20582,34.32008],[-99.20972,34.32494],[-99.21078,34.33098],[-99.21072,34.3363],[-99.21008,34.3377],[-99.2069,34.33828],[-99.20343,34.33859],[-99.2011,34.33927],[-99.19828,34.33962],[-99.19541,34.34148],[-99.19232,34.34672],[-99.19211,34.35172],[-99.19275,34.35486],[-99.19399,34.35756],[-99.19507,34.3586],[-99.19913,34.36013],[-99.20167,34.36265],[-99.20272,34.36515],[-99.20278,34.36989],[-99.2041,34.37149],[-99.20764,34.37424],[-99.20996,34.37454],[-99.21562,34.37316],[-99.21897,34.37369],[-99.22025,34.37508],[-99.22054,34.37693],[-99.21927,34.37918],[-99.21621,34.38126],[-99.21134,34.38679],[-99.20916,34.38862],[-99.20872,34.38974],[-99.209,34.39178],[-99.21019,34.39341],[-99.21386,34.39473],[-99.21759,34.38995],[-99.21955,34.38862],[-99.22312,34.38717],[-99.22765,34.38703],[-99.22886,34.3877],[-99.22936,34.39093],[-99.22743,34.39377],[-99.22682,34.39542],[-99.22646,34.39904],[-99.22599,34.39998],[-99.22663,34.40128],[-99.22804,34.40167],[-99.23017,34.40121],[-99.23141,34.40027],[-99.23357,34.40016],[-99.23514,34.40107],[-99.23575,34.40293],[-99.23523,34.4057],[-99.23528,34.40868],[-99.23614,34.41168],[-99.23601,34.41321],[-99.23667,34.41532],[-99.23656,34.41715],[-99.23775,34.4199],[-99.23806,34.42501],[-99.23762,34.42753],[-99.23671,34.42856],[-99.23403,34.42851],[-99.23151,34.42595],[-99.23073,34.42439],[-99.23115,34.42304],[-99.23084,34.42121],[-99.23001,34.42029],[-99.22802,34.41956],[-99.22611,34.41981],[-99.22354,34.42149],[-99.22164,34.4254],[-99.22195,34.42829],[-99.22297,34.43285],[-99.2243,34.43379],[-99.22789,34.4339],[-99.22911,34.43559],[-99.2303,34.43834],[-99.23077,34.44137],[-99.22989,34.44787],[-99.22854,34.45135],[-99.22674,34.45197],[-99.22519,34.45126],[-99.22383,34.45179],[-99.22287,34.45376],[-99.21626,34.45447],[-99.21441,34.45505],[-99.21305,34.45699],[-99.21341,34.45938],[-99.21601,34.46121],[-99.21928,34.46182],[-99.22099,34.46295],[-99.22116,34.46418],[-99.21878,34.46771],[-99.21726,34.47106],[-99.21687,34.47534],[-99.21486,34.48102],[-99.21591,34.48395],[-99.21798,34.48308],[-99.21809,34.47974],[-99.22028,34.47795],[-99.22302,34.4791],[-99.22459,34.48104],[-99.2233,34.48283],[-99.22108,34.48482],[-99.22042,34.48789],[-99.22205,34.49112],[-99.22208,34.49277],[-99.22071,34.49448],[-99.21739,34.49507],[-99.21571,34.49837],[-99.21011,34.50166],[-99.20839,34.5037],[-99.20784,34.50535],[-99.20856,34.50984],[-99.2087,34.51307],[-99.20673,34.51767],[-99.20366,34.52287],[-99.20125,34.52793],[-99.1984,34.53075],[-99.19719,34.53526],[-99.19733,34.53751],[-99.1968,34.54239],[-99.19567,34.545],[-99.19331,34.54454],[-99.19007,34.54111],[-99.18861,34.54062],[-99.18221,34.54055],[-99.17961,34.53971],[-99.17798,34.5401],[-99.17776,34.54268],[-99.17623,34.54479],[-99.17183,34.54639],[-99.17111,34.54715],[-99.17103,34.54793],[-99.17249,34.54926],[-99.17391,34.54914],[-99.17576,34.54807],[-99.1777,34.5485],[-99.17983,34.55036],[-99.17933,34.55361],[-99.17989,34.55473],[-99.1834,34.55746],[-99.18484,34.56003],[-99.18451,34.56231],[-99.18149,34.56355],[-99.17775,34.56648],[-99.17465,34.57097],[-99.1734,34.57418],[-99.1711,34.57823],[-99.16778,34.58231],[-99.16689,34.58384],[-99.16332,34.58804],[-99.16005,34.58746],[-99.15637,34.58797],[-99.15144,34.58945],[-99.14476,34.59181],[-99.14099,34.59254],[-99.13839,34.59261],[-99.13543,34.5921],[-99.13221,34.59208],[-99.13324,34.59022],[-99.13257,34.58808],[-99.13103,34.58695],[-99.12925,34.58436],[-99.12712,34.58337],[-99.12459,34.58298],[-99.1218,34.58789],[-99.1193,34.58938],[-99.11462,34.59069],[-99.11155,34.59222],[-99.10784,34.59172],[-99.10479,34.59231],[-99.10288,34.59371],[-99.09967,34.59413],[-99.09892,34.59316],[-99.09828,34.58975],[-99.09665,34.58812],[-99.09396,34.58709],[-99.09066,34.58742],[-99.08665,34.58826],[-99.08457,34.58914],[-99.0831,34.59044],[-99.08255,34.59605],[-99.0836,34.60027],[-99.08502,34.60357],[-99.08488,34.60673],[-99.0866,34.60936],[-99.09175,34.61174],[-99.09178,34.61307],[-99.09076,34.61451],[-99.08846,34.61525],[-99.08502,34.61335],[-99.08183,34.61381],[-99.08001,34.61534],[-99.0792,34.61811],[-99.07962,34.62052],[-99.08028,34.62235],[-99.08272,34.62432],[-99.09001,34.62556],[-99.09187,34.62656],[-99.0937,34.62876],[-99.09606,34.63407],[-99.09819,34.63552],[-99.10251,34.63602],[-99.10315,34.63795],[-99.10229,34.63996],[-99.09905,34.64305]]]}},{"type":"Feature","properties":{"name":"Southern Oklahoma Rural Transportation System","boundary_type":"county","source":"Census TIGER county","fidelity":"exact","updated":"2026-09","units":"Carter County","note":"Centered in Ardmore (Carter County); exact county coverage unverified","confidence":0.8},"geometry":{"type":"Polygon","coordinates":[[[-97.56243,34.40518],[-97.56242,34.4273],[-97.56233,34.47644],[-97.56239,34.47703],[-97.56239,34.47778],[-97.56237,34.48533],[-97.56232,34.50704],[-97.50935,34.50699],[-97.40506,34.50688],[-97.36093,34.50687],[-97.35218,34.5068],[-97.35219,34.49233],[-97.35222,34.45593],[-97.35214,34.39776],[-97.35211,34.37619],[-97.33458,34.37621],[-97.28232,34.37618],[-97.28211,34.37618],[-97.28013,34.37618],[-97.2737,34.37616],[-97.1782,34.37622],[-97.17774,34.3761],[-97.14487,34.37605],[-97.03824,34.37571],[-97.03654,34.37542],[-97.03593,34.37423],[-97.03373,34.37291],[-97.03438,34.37163],[-97.03813,34.36847],[-97.03884,34.36691],[-97.03839,34.36495],[-97.03557,34.36198],[-97.03486,34.36061],[-97.03475,34.35805],[-97.03521,34.35538],[-97.03425,34.35413],[-97.03166,34.35214],[-97.03155,34.35052],[-97.03568,34.34759],[-97.04261,34.34461],[-97.04264,34.34178],[-97.04064,34.3385],[-97.03951,34.33754],[-97.03292,34.33517],[-97.03074,34.33487],[-97.02912,34.33326],[-97.02919,34.33223],[-97.01416,34.33234],[-96.9333,34.33256],[-96.93341,34.24566],[-96.93326,34.22697],[-96.93344,34.21456],[-96.93345,34.21452],[-96.93347,34.2019],[-96.93348,34.19094],[-96.93349,34.17999],[-96.9335,34.17275],[-96.96842,34.17268],[-96.96828,34.1145],[-96.96839,34.11187],[-96.9683,34.10094],[-96.96822,34.09999],[-96.96807,34.071],[-96.96963,34.07102],[-97.0515,34.07087],[-97.05276,34.07077],[-97.05551,34.07095],[-97.06392,34.07095],[-97.08773,34.07096],[-97.14945,34.07099],[-97.15019,34.07099],[-97.16713,34.07098],[-97.22979,34.07104],[-97.23848,34.07105],[-97.2651,34.07106],[-97.29418,34.07108],[-97.36971,34.07108],[-97.37012,34.07115],[-97.42204,34.07119],[-97.46651,34.07119],[-97.47407,34.07115],[-97.56076,34.07115],[-97.56234,34.07115],[-97.56237,34.09889],[-97.56254,34.10194],[-97.56256,34.11482],[-97.56239,34.1159],[-97.56251,34.17292],[-97.5625,34.202],[-97.56251,34.2092],[-97.56251,34.21599],[-97.56257,34.21657],[-97.56257,34.22363],[-97.56251,34.22438],[-97.56252,34.24566],[-97.56255,34.26722],[-97.56254,34.28184],[-97.56251,34.28918],[-97.56257,34.30358],[-97.5626,34.31089],[-97.56263,34.31817],[-97.56243,34.40518]]]}},{"type":"Feature","properties":{"name":"Southwest Transit","boundary_type":"counties","source":"Census TIGER county","fidelity":"exact","updated":"2026-09","units":"Jackson County; Harmon County; Greer County","note":"ODOT S5311 profile identifies service as Jackson, Harmon and Greer counties (demand-response, general public); hub cities Altus, Hollis, Mangum, Granite. https://oklahoma.gov/odot/programs-and-projects/programs/multimodal/transit-programs/section-5311-rural/southwest-transit.html","confidence":0.75},"geometry":{"type":"Polygon","coordinates":[[[-99.24124,34.81697],[-99.23866,34.81607],[-99.23574,34.81587],[-99.23349,34.81642],[-99.23188,34.81857],[-99.23149,34.82393],[-99.23083,34.82542],[-99.22814,34.82783],[-99.22627,34.82872],[-99.22072,34.82955],[-99.21716,34.82849],[-99.21458,34.82666],[-99.21205,34.82673],[-99.21102,34.82877],[-99.21164,34.83124],[-99.2143,34.83367],[-99.2148,34.83667],[-99.21333,34.83846],[-99.21125,34.83954],[-99.20917,34.83979],[-99.20397,34.8378],[-99.2015,34.83745],[-99.19972,34.8383],[-99.19844,34.84036],[-99.19322,34.84375],[-99.19222,34.84504],[-99.19175,34.8473],[-99.19305,34.84959],[-99.1935,34.85262],[-99.19316,34.85653],[-99.19066,34.85818],[-99.18711,34.8582],[-99.18191,34.85956],[-99.17799,34.85864],[-99.17508,34.8572],[-99.17313,34.8553],[-99.17149,34.85133],[-99.1713,34.84891],[-99.16894,34.84787],[-99.16494,34.84748],[-99.15915,34.84774],[-99.15402,34.84817],[-99.14943,34.85005],[-99.14726,34.85039],[-99.14457,34.84954],[-99.14432,34.84711],[-99.14663,34.84494],[-99.15046,34.84327],[-99.15155,34.84157],[-99.15341,34.83571],[-99.15324,34.83349],[-99.15205,34.83195],[-99.15002,34.83117],[-99.14683,34.83085],[-99.14516,34.83016],[-99.14428,34.82835],[-99.14494,34.82682],[-99.14625,34.82606],[-99.14889,34.82565],[-99.15203,34.82792],[-99.15366,34.82767],[-99.153,34.82281],[-99.15192,34.8175],[-99.1527,34.8142],[-99.15312,34.80907],[-99.15373,34.80504],[-99.15151,34.80098],[-99.14898,34.79821],[-99.14896,34.79631],[-99.14987,34.79395],[-99.15368,34.79201],[-99.15651,34.79201],[-99.16259,34.79311],[-99.16384,34.79233],[-99.16543,34.78841],[-99.16484,34.7831],[-99.16482,34.77829],[-99.16557,34.77368],[-99.16343,34.7686],[-99.16149,34.7667],[-99.15813,34.76493],[-99.15175,34.76383],[-99.15047,34.76326],[-99.15028,34.762],[-99.15203,34.76044],[-99.15602,34.76017],[-99.15916,34.76127],[-99.1626,34.76044],[-99.16438,34.7587],[-99.16399,34.75749],[-99.16238,34.7565],[-99.16097,34.75431],[-99.16116,34.75247],[-99.16391,34.75112],[-99.16627,34.75128],[-99.16818,34.75261],[-99.16996,34.75626],[-99.17259,34.7561],[-99.17304,34.75529],[-99.17246,34.74661],[-99.17163,34.74485],[-99.16855,34.74265],[-99.16599,34.7421],[-99.1623,34.74235],[-99.16125,34.74175],[-99.16228,34.73907],[-99.16233,34.736],[-99.16103,34.73151],[-99.15798,34.72743],[-99.15557,34.72519],[-99.15413,34.72263],[-99.15454,34.71859],[-99.1564,34.71603],[-99.15937,34.71349],[-99.15873,34.71033],[-99.15679,34.70767],[-99.15322,34.70462],[-99.14911,34.70235],[-99.1452,34.70139],[-99.14068,34.70095],[-99.12959,34.702],[-99.12346,34.70117],[-99.11422,34.69866],[-99.11186,34.69846],[-99.10845,34.69903],[-99.10573,34.69866],[-99.10365,34.69598],[-99.1024,34.69544],[-99.09858,34.69523],[-99.09417,34.69608],[-99.08712,34.69663],[-99.08144,34.69833],[-99.06951,34.70059],[-99.06793,34.70112],[-99.06421,34.70103],[-99.06169,34.70149],[-99.05692,34.70133],[-99.05492,34.70176],[-99.05251,34.70156],[-99.04824,34.69682],[-99.0483,34.69434],[-99.04575,34.69228],[-99.03962,34.69166],[-99.03792,34.69088],[-99.03709,34.68939],[-99.03723,34.68669],[-99.04314,34.68385],[-99.04436,34.68266],[-99.04469,34.68135],[-99.04242,34.68016],[-99.04189,34.67892],[-99.04334,34.67725],[-99.04894,34.67581],[-99.05157,34.67581],[-99.05612,34.67515],[-99.06857,34.67529],[-99.072,34.6748],[-99.07824,34.67334],[-99.08018,34.67338],[-99.08379,34.67551],[-99.08645,34.67563],[-99.09161,34.67294],[-99.0938,34.67134],[-99.09532,34.66891],[-99.09559,34.66548],[-99.09572,34.66002],[-99.09559,34.65272],[-99.09703,34.64578],[-99.09905,34.64305],[-99.10229,34.63996],[-99.10315,34.63795],[-99.10251,34.63602],[-99.09819,34.63552],[-99.09606,34.63407],[-99.0937,34.62876],[-99.09187,34.62656],[-99.09001,34.62556],[-99.08272,34.62432],[-99.08028,34.62235],[-99.07962,34.62052],[-99.0792,34.61811],[-99.08001,34.61534],[-99.08183,34.61381],[-99.08502,34.61335],[-99.08846,34.61525],[-99.09076,34.61451],[-99.09178,34.61307],[-99.09175,34.61174],[-99.0866,34.60936],[-99.08488,34.60673],[-99.08502,34.60357],[-99.0836,34.60027],[-99.08255,34.59605],[-99.0831,34.59044],[-99.08457,34.58914],[-99.08665,34.58826],[-99.09066,34.58742],[-99.09396,34.58709],[-99.09665,34.58812],[-99.09828,34.58975],[-99.09892,34.59316],[-99.09967,34.59413],[-99.10288,34.59371],[-99.10479,34.59231],[-99.10784,34.59172],[-99.11155,34.59222],[-99.11462,34.59069],[-99.1193,34.58938],[-99.1218,34.58789],[-99.12459,34.58298],[-99.12712,34.58337],[-99.12925,34.58436],[-99.13103,34.58695],[-99.13257,34.58808],[-99.13324,34.59022],[-99.13221,34.59208],[-99.13543,34.5921],[-99.13839,34.59261],[-99.14099,34.59254],[-99.14476,34.59181],[-99.15144,34.58945],[-99.15637,34.58797],[-99.16005,34.58746],[-99.16332,34.58804],[-99.16689,34.58384],[-99.16778,34.58231],[-99.1711,34.57823],[-99.1734,34.57418],[-99.17465,34.57097],[-99.17775,34.56648],[-99.18149,34.56355],[-99.18451,34.56231],[-99.18484,34.56003],[-99.1834,34.55746],[-99.17989,34.55473],[-99.17933,34.55361],[-99.17983,34.55036],[-99.1777,34.5485],[-99.17576,34.54807],[-99.17391,34.54914],[-99.17249,34.54926],[-99.17103,34.54793],[-99.17111,34.54715],[-99.17183,34.54639],[-99.17623,34.54479],[-99.17776,34.54268],[-99.17798,34.5401],[-99.17961,34.53971],[-99.18221,34.54055],[-99.18861,34.54062],[-99.19007,34.54111],[-99.19331,34.54454],[-99.19567,34.545],[-99.1968,34.54239],[-99.19733,34.53751],[-99.19719,34.53526],[-99.1984,34.53075],[-99.20125,34.52793],[-99.20366,34.52287],[-99.20673,34.51767],[-99.2087,34.51307],[-99.20856,34.50984],[-99.20784,34.50535],[-99.20839,34.5037],[-99.21011,34.50166],[-99.21571,34.49837],[-99.21739,34.49507],[-99.22071,34.49448],[-99.22208,34.49277],[-99.22205,34.49112],[-99.22042,34.48789],[-99.22108,34.48482],[-99.2233,34.48283],[-99.22459,34.48104],[-99.22302,34.4791],[-99.22028,34.47795],[-99.21809,34.47974],[-99.21798,34.48308],[-99.21591,34.48395],[-99.21486,34.48102],[-99.21687,34.47534],[-99.21726,34.47106],[-99.21878,34.46771],[-99.22116,34.46418],[-99.22099,34.46295],[-99.21928,34.46182],[-99.21601,34.46121],[-99.21341,34.45938],[-99.21305,34.45699],[-99.21441,34.45505],[-99.21626,34.45447],[-99.22287,34.45376],[-99.22383,34.45179],[-99.22519,34.45126],[-99.22674,34.45197],[-99.22854,34.45135],[-99.22989,34.44787],[-99.23077,34.44137],[-99.2303,34.43834],[-99.22911,34.43559],[-99.22789,34.4339],[-99.2243,34.43379],[-99.22297,34.43285],[-99.22195,34.42829],[-99.22164,34.4254],[-99.22354,34.42149],[-99.22611,34.41981],[-99.22802,34.41956],[-99.23001,34.42029],[-99.23084,34.42121],[-99.23115,34.42304],[-99.23073,34.42439],[-99.23151,34.42595],[-99.23403,34.42851],[-99.23671,34.42856],[-99.23762,34.42753],[-99.23806,34.42501],[-99.23775,34.4199],[-99.23656,34.41715],[-99.23667,34.41532],[-99.23601,34.41321],[-99.23614,34.41168],[-99.23528,34.40868],[-99.23523,34.4057],[-99.23575,34.40293],[-99.23514,34.40107],[-99.23357,34.40016],[-99.23141,34.40027],[-99.23017,34.40121],[-99.22804,34.40167],[-99.22663,34.40128],[-99.22599,34.39998],[-99.22646,34.39904],[-99.22682,34.39542],[-99.22743,34.39377],[-99.22936,34.39093],[-99.22886,34.3877],[-99.22765,34.38703],[-99.22312,34.38717],[-99.21955,34.38862],[-99.21759,34.38995],[-99.21386,34.39473],[-99.21019,34.39341],[-99.209,34.39178],[-99.20872,34.38974],[-99.20916,34.38862],[-99.21134,34.38679],[-99.21621,34.38126],[-99.21927,34.37918],[-99.22054,34.37693],[-99.22025,34.37508],[-99.21897,34.37369],[-99.21562,34.37316],[-99.20996,34.37454],[-99.20764,34.37424],[-99.2041,34.37149],[-99.20278,34.36989],[-99.20272,34.36515],[-99.20167,34.36265],[-99.19913,34.36013],[-99.19507,34.3586],[-99.19399,34.35756],[-99.19275,34.35486],[-99.19211,34.35172],[-99.19232,34.34672],[-99.19541,34.34148],[-99.19828,34.33962],[-99.2011,34.33927],[-99.20343,34.33859],[-99.2069,34.33828],[-99.21313,34.34037],[-99.21733,34.34152],[-99.22197,34.34002],[-99.22924,34.33652],[-99.23426,34.34087],[-99.22864,34.34856],[-99.23425,34.35346],[-99.23474,34.35498],[-99.23484,34.35644],[-99.23542,34.35709],[-99.23652,34.35857],[-99.23723,34.36272],[-99.23644,34.3636],[-99.23618,34.36517],[-99.23756,34.3667],[-99.24148,34.36454],[-99.24322,34.36403],[-99.24445,34.3637],[-99.24701,34.36478],[-99.24737,34.36599],[-99.24812,34.36743],[-99.24794,34.36849],[-99.24623,34.3699],[-99.24354,34.37071],[-99.24302,34.37114],[-99.24285,34.37268],[-99.2467,34.37469],[-99.24758,34.37555],[-99.24897,34.37598],[-99.25071,34.37545],[-99.25463,34.37242],[-99.2565,34.37223],[-99.25861,34.37265],[-99.25933,34.37362],[-99.25914,34.37681],[-99.26044,34.37808],[-99.26496,34.37876],[-99.27128,34.3816],[-99.27292,34.38355],[-99.27486,34.38492],[-99.27534,34.3866],[-99.27389,34.38758],[-99.27165,34.38769],[-99.26451,34.38808],[-99.26113,34.38956],[-99.25898,34.39124],[-99.25881,34.39208],[-99.26182,34.39504],[-99.26182,34.39868],[-99.26099,34.40175],[-99.26132,34.4035],[-99.26417,34.40515],[-99.26631,34.40548],[-99.26774,34.40496],[-99.26957,34.40191],[-99.27526,34.4001],[-99.27883,34.40026],[-99.28151,34.40146],[-99.28317,34.40295],[-99.28281,34.40546],[-99.28284,34.40748],[-99.28377,34.40956],[-99.28644,34.41302],[-99.28791,34.41403],[-99.28992,34.41473],[-99.29465,34.41537],[-99.2991,34.41423],[-99.30827,34.41001],[-99.315,34.40851],[-99.31637,34.40821],[-99.31961,34.40887],[-99.32422,34.41446],[-99.32867,34.42238],[-99.33404,34.42754],[-99.34134,34.43106],[-99.35041,34.43708],[-99.35671,34.44214],[-99.35677,34.44654],[-99.35579,34.44902],[-99.35467,34.45186],[-99.35879,34.45586],[-99.36961,34.4587],[-99.37536,34.45884],[-99.38101,34.45694],[-99.39496,34.4421],[-99.3956,34.44038],[-99.39611,34.43497],[-99.39462,34.4327],[-99.39305,34.43192],[-99.3938,34.42901],[-99.39331,34.42761],[-99.39682,34.4247],[-99.39738,34.42326],[-99.39666,34.4212],[-99.39713,34.41941],[-99.39649,34.41729],[-99.39392,34.41527],[-99.38765,34.41198],[-99.39149,34.40563],[-99.39592,34.39573],[-99.39684,34.37942],[-99.40296,34.37348],[-99.40717,34.3726],[-99.41304,34.37701],[-99.42071,34.38039],[-99.42191,34.3842],[-99.42368,34.38566],[-99.4249,34.38582],[-99.4275,34.38514],[-99.42915,34.38285],[-99.43001,34.38102],[-99.43028,34.3788],[-99.42932,34.37583],[-99.43061,34.37443],[-99.43112,34.37399],[-99.4309,34.372],[-99.43104,34.37112],[-99.43346,34.37022],[-99.43497,34.3707],[-99.43647,34.37054],[-99.43757,34.37126],[-99.43827,34.37116],[-99.44067,34.37277],[-99.44106,34.37404],[-99.44194,34.37441],[-99.44239,34.37545],[-99.44367,34.37646],[-99.44534,34.37977],[-99.45265,34.38825],[-99.45423,34.38876],[-99.45473,34.38841],[-99.45547,34.3861],[-99.455,34.38178],[-99.45508,34.38126],[-99.45633,34.38039],[-99.45939,34.38012],[-99.46105,34.38067],[-99.46183,34.38241],[-99.46205,34.3844],[-99.46185,34.38724],[-99.46246,34.39114],[-99.46404,34.39363],[-99.46638,34.3959],[-99.46843,34.39663],[-99.47031,34.39675],[-99.47097,34.39647],[-99.47227,34.3956],[-99.47379,34.39535],[-99.47508,34.396],[-99.47585,34.39639],[-99.47755,34.39635],[-99.48722,34.39796],[-99.49043,34.39969],[-99.4941,34.40476],[-99.4964,34.40649],[-99.49709,34.40773],[-99.49987,34.40961],[-99.50284,34.40933],[-99.5069,34.40952],[-99.50762,34.40989],[-99.50911,34.41127],[-99.5111,34.41271],[-99.51428,34.41403],[-99.51762,34.41449],[-99.52365,34.41221],[-99.52979,34.41145],[-99.54924,34.41271],[-99.55599,34.41464],[-99.5622,34.41732],[-99.5697,34.41842],[-99.57437,34.41828],[-99.58006,34.41665],[-99.58448,34.40767],[-99.58531,34.39812],[-99.58453,34.3912],[-99.58544,34.38891],[-99.58675,34.38706],[-99.5876,34.38587],[-99.58967,34.38479],[-99.59298,34.38241],[-99.59619,34.37902],[-99.59632,34.37714],[-99.60003,34.37469],[-99.60478,34.37633],[-99.60726,34.37693],[-99.61014,34.37656],[-99.61157,34.37564],[-99.61679,34.37539],[-99.61956,34.37463],[-99.62151,34.3737],[-99.6242,34.37358],[-99.6309,34.37601],[-99.63118,34.37706],[-99.63184,34.3777],[-99.63386,34.37876],[-99.63532,34.37917],[-99.63966,34.37991],[-99.64176,34.38109],[-99.64275,34.38155],[-99.64369,34.38146],[-99.64458,34.38167],[-99.64651,34.38254],[-99.64814,34.38231],[-99.64858,34.3819],[-99.64966,34.37989],[-99.65419,34.37652],[-99.65936,34.37439],[-99.6627,34.37368],[-99.66599,34.37418],[-99.67138,34.37771],[-99.67485,34.37896],[-99.67828,34.3798],[-99.68248,34.37982],[-99.68436,34.3795],[-99.68723,34.37859],[-99.6906,34.37822],[-99.69497,34.37833],[-99.69557,34.3789],[-99.69646,34.38104],[-99.69842,34.38307],[-99.70119,34.3852],[-99.70273,34.3855],[-99.704,34.38598],[-99.70525,34.38578],[-99.70666,34.38598],[-99.7079,34.38754],[-99.71268,34.39093],[-99.71484,34.39452],[-99.71423,34.39782],[-99.71509,34.40075],[-99.71642,34.40281],[-99.72026,34.40629],[-99.73035,34.41124],[-99.74091,34.41476],[-99.75425,34.42129],[-99.76723,34.4305],[-99.76765,34.43185],[-99.76488,34.43527],[-99.76483,34.43643],[-99.7656,34.43749],[-99.77305,34.44159],[-99.77399,34.44306],[-99.77574,34.44423],[-99.78299,34.44436],[-99.78376,34.44501],[-99.78544,34.45005],[-99.78661,34.45151],[-99.78777,34.45181],[-99.78879,34.45149],[-99.79158,34.45252],[-99.79368,34.45389],[-99.81431,34.4762],[-99.81454,34.47664],[-99.81874,34.48498],[-99.81819,34.48784],[-99.81672,34.48972],[-99.81938,34.49494],[-99.82228,34.4981],[-99.82532,34.4976],[-99.8329,34.50007],[-99.84466,34.50679],[-99.85307,34.51159],[-99.86895,34.52761],[-99.87236,34.5321],[-99.87325,34.53535],[-99.87362,34.5359],[-99.8744,34.5371],[-99.88715,34.54905],[-99.89376,34.55422],[-99.89601,34.55553],[-99.89894,34.5558],[-99.91577,34.56598],[-99.9218,34.57025],[-99.92321,34.57455],[-99.92933,34.57671],[-99.94572,34.57927],[-99.95457,34.5782],[-99.95652,34.57668],[-99.95672,34.57652],[-99.95755,34.57417],[-99.95754,34.57271],[-99.9589,34.57127],[-99.96561,34.56584],[-99.97155,34.56218],[-99.97476,34.56132],[-99.98583,34.56008],[-99.9975,34.56042],[-100.00038,34.56051],[-100.00038,34.57043],[-100.00038,34.6163],[-100.00038,34.74636],[-100.00038,34.74646],[-100.00038,34.85331],[-100.00038,35.02993],[-99.94973,35.02994],[-99.88845,35.03026],[-99.88844,35.02989],[-99.85288,35.02998],[-99.8528,35.02998],[-99.78295,35.03011],[-99.78285,35.06939],[-99.78282,35.0803],[-99.78271,35.10509],[-99.78291,35.10904],[-99.78273,35.11694],[-99.76512,35.11694],[-99.72969,35.11691],[-99.72099,35.11691],[-99.71212,35.11691],[-99.71143,35.11692],[-99.64225,35.11684],[-99.64141,35.11684],[-99.6105,35.1168],[-99.60672,35.11701],[-99.60393,35.11679],[-99.55978,35.11675],[-99.55721,35.11699],[-99.51868,35.11693],[-99.50099,35.11693],[-99.49237,35.11701],[-99.44044,35.11686],[-99.44086,35.11654],[-99.44371,35.11405],[-99.44383,35.11285],[-99.44041,35.1094],[-99.43795,35.10884],[-99.43288,35.10882],[-99.43066,35.10822],[-99.42817,35.10929],[-99.42606,35.11121],[-99.42394,35.11406],[-99.42137,35.11413],[-99.4198,35.11246],[-99.41587,35.11177],[-99.41258,35.11275],[-99.40929,35.11451],[-99.40804,35.11456],[-99.40693,35.11071],[-99.40422,35.10938],[-99.40353,35.10851],[-99.40559,35.10739],[-99.40473,35.10583],[-99.40205,35.1051],[-99.39937,35.10688],[-99.39845,35.10601],[-99.39765,35.10448],[-99.39798,35.10269],[-99.40071,35.10081],[-99.40138,35.09951],[-99.39996,35.09846],[-99.39832,35.09903],[-99.39732,35.09765],[-99.39835,35.09571],[-99.39818,35.09419],[-99.39431,35.0925],[-99.38843,35.08876],[-99.38679,35.08885],[-99.38559,35.08975],[-99.38614,35.09289],[-99.38545,35.09343],[-99.38224,35.09366],[-99.38032,35.09336],[-99.37648,35.09176],[-99.37568,35.09061],[-99.37581,35.088],[-99.37824,35.08523],[-99.37774,35.08402],[-99.37449,35.08285],[-99.37324,35.08521],[-99.37321,35.08715],[-99.37188,35.08873],[-99.37065,35.08894],[-99.36837,35.08787],[-99.36814,35.0867],[-99.36997,35.07923],[-99.36851,35.07236],[-99.36757,35.07102],[-99.3652,35.06542],[-99.36492,35.06164],[-99.36587,35.05958],[-99.36734,35.05926],[-99.36843,35.06118],[-99.37265,35.06028],[-99.3728,35.05951],[-99.37189,35.05516],[-99.36993,35.05265],[-99.36756,35.05192],[-99.36256,35.05094],[-99.35699,35.05105],[-99.35215,35.05281],[-99.35093,35.05235],[-99.34987,35.05081],[-99.3502,35.0437],[-99.34902,35.0428],[-99.34246,35.04105],[-99.33734,35.0406],[-99.33335,35.04057],[-99.32974,35.04169],[-99.32779,35.0417],[-99.32359,35.03849],[-99.32329,35.03511],[-99.32477,35.03068],[-99.32574,35.02971],[-99.32895,35.02879],[-99.33317,35.02647],[-99.33593,35.02552],[-99.33629,35.02478],[-99.336,35.02321],[-99.33433,35.02254],[-99.3295,35.02256],[-99.32799,35.02132],[-99.32676,35.01891],[-99.32686,35.01559],[-99.3288,35.01183],[-99.33249,35.01028],[-99.33321,35.00726],[-99.33545,35.00006],[-99.33641,34.99762],[-99.33486,34.994],[-99.33442,34.99125],[-99.33505,34.98845],[-99.34225,34.98526],[-99.34397,34.98388],[-99.34809,34.98329],[-99.347,34.97983],[-99.34506,34.97552],[-99.34408,34.9711],[-99.34155,34.97154],[-99.33801,34.97318],[-99.33558,34.97355],[-99.33433,34.97277],[-99.3325,34.96505],[-99.33125,34.96083],[-99.32975,34.9581],[-99.32891,34.95203],[-99.33082,34.94476],[-99.3281,34.94434],[-99.32458,34.94125],[-99.32292,34.94074],[-99.32078,34.94167],[-99.31501,34.93683],[-99.31091,34.93497],[-99.31019,34.93265],[-99.31538,34.92776],[-99.31529,34.92635],[-99.31295,34.92526],[-99.3095,34.92505],[-99.30537,34.92447],[-99.30284,34.92563],[-99.30033,34.92548],[-99.29839,34.92407],[-99.2978,34.92094],[-99.29681,34.91924],[-99.29727,34.91733],[-99.29565,34.91397],[-99.2937,34.91112],[-99.29268,34.90848],[-99.29047,34.90548],[-99.28952,34.90236],[-99.29117,34.90235],[-99.29622,34.90115],[-99.29811,34.89976],[-99.29846,34.89912],[-99.29728,34.89697],[-99.29379,34.89645],[-99.29282,34.89566],[-99.29255,34.89139],[-99.29152,34.88952],[-99.29094,34.88668],[-99.29247,34.88605],[-99.29517,34.88673],[-99.29743,34.88675],[-99.30063,34.88801],[-99.30644,34.88911],[-99.31097,34.88874],[-99.31586,34.88563],[-99.31772,34.88224],[-99.31817,34.87793],[-99.31717,34.87426],[-99.31728,34.87149],[-99.31528,34.87023],[-99.31117,34.86608],[-99.31101,34.86558],[-99.31092,34.86517],[-99.30975,34.86393],[-99.30797,34.86109],[-99.30622,34.85763],[-99.30497,34.85637],[-99.30269,34.85548],[-99.29644,34.85142],[-99.29475,34.85115],[-99.28791,34.85213],[-99.28633,34.85167],[-99.28224,34.84897],[-99.2816,34.84792],[-99.28116,34.84494],[-99.27794,34.83937],[-99.27591,34.8394],[-99.27408,34.84061],[-99.27013,34.84109],[-99.26622,34.83916],[-99.26086,34.83831],[-99.25608,34.83634],[-99.25547,34.83481],[-99.25236,34.83077],[-99.24972,34.82899],[-99.24849,34.82697],[-99.24758,34.82358],[-99.24646,34.82211],[-99.24299,34.81827],[-99.24124,34.81697]]]}}]}