{"type":"FeatureCollection","features":[{"type":"Feature","properties":{"name":"Brookings Area Transit Authority (BATA)","boundary_type":"county","source":"Census TIGER county","fidelity":"exact","updated":"2026-09","units":"Brookings County","note":"Countywide door-to-door demand-response service","confidence":0.95},"geometry":{"type":"Polygon","coordinates":[[[-97.12896,44.28242],[-97.12893,44.31138],[-97.12912,44.35129],[-97.12893,44.35513],[-97.12877,44.36112],[-97.12871,44.36946],[-97.12872,44.37036],[-97.12854,44.45621],[-97.12779,44.53238],[-97.12802,44.54313],[-97.12206,44.54312],[-97.12081,44.54292],[-97.11981,44.54303],[-97.08762,44.54305],[-97.06687,44.5431],[-97.06357,44.54322],[-97.04762,44.54354],[-97.00782,44.54348],[-96.90322,44.54366],[-96.9023,44.54378],[-96.889,44.54371],[-96.88741,44.54369],[-96.8855,44.54377],[-96.79653,44.54375],[-96.78556,44.54377],[-96.76632,44.54377],[-96.76392,44.54378],[-96.7569,44.54374],[-96.75637,44.54377],[-96.72885,44.54386],[-96.68299,44.54382],[-96.64558,44.54387],[-96.6423,44.54388],[-96.55299,44.5438],[-96.55276,44.54378],[-96.52352,44.54374],[-96.45199,44.54364],[-96.45202,44.54353],[-96.45224,44.52687],[-96.45201,44.51693],[-96.45197,44.50685],[-96.45212,44.47304],[-96.45222,44.47087],[-96.45182,44.4604],[-96.45182,44.45887],[-96.45192,44.44155],[-96.45201,44.41278],[-96.45207,44.38969],[-96.45213,44.38368],[-96.45213,44.38359],[-96.45217,44.37172],[-96.45221,44.36015],[-96.45228,44.35486],[-96.4523,44.34533],[-96.45216,44.3423],[-96.45215,44.34222],[-96.45225,44.34064],[-96.45231,44.32809],[-96.45237,44.32599],[-96.45225,44.31336],[-96.45235,44.31233],[-96.45237,44.31207],[-96.45224,44.29865],[-96.45233,44.29701],[-96.4525,44.28569],[-96.45256,44.28424],[-96.45262,44.2827],[-96.45261,44.28241],[-96.45236,44.27197],[-96.45237,44.26897],[-96.45242,44.25527],[-96.45267,44.25459],[-96.45277,44.19689],[-96.45277,44.19678],[-96.52573,44.19574],[-96.52882,44.19572],[-96.54595,44.19568],[-96.57903,44.19557],[-96.63943,44.19554],[-96.64618,44.19557],[-96.64856,44.19558],[-96.70797,44.19544],[-96.72889,44.19559],[-96.74713,44.19579],[-96.75852,44.19564],[-96.76687,44.19558],[-96.76945,44.19558],[-96.78929,44.19563],[-96.78962,44.19559],[-96.88922,44.1957],[-96.8999,44.19572],[-96.90939,44.1957],[-96.92843,44.19568],[-96.93376,44.19567],[-96.93973,44.19567],[-96.99659,44.19575],[-97.00881,44.19579],[-97.0095,44.19578],[-97.04926,44.19578],[-97.1099,44.19582],[-97.12967,44.19593],[-97.12908,44.26823],[-97.12896,44.28242]]]}},{"type":"Feature","properties":{"name":"Cheyenne River Sioux Transit","boundary_type":"tribal","source":"Census TIGER AIANNH area","fidelity":"exact","updated":"2026-09","units":"Cheyenne River Reservation and Off-Reservation Trust Land","note":"Service area is Cheyenne River Indian Reservation (Eagle Butte and surrounding communities)","confidence":0.9},"geometry":{"type":"MultiPolygon","coordinates":[[[[-100.57659,44.21888],[-100.58168,44.21888],[-100.58168,44.22248],[-100.58676,44.22248],[-100.58676,44.2262],[-100.58174,44.2262],[-100.58174,44.22972],[-100.57943,44.22974],[-100.57659,44.22976],[-100.57659,44.21888]]],[[[-102.07133,44.5025],[-102.061,44.5025],[-102.06095,44.49836],[-102.06087,44.4883],[-102.0712,44.4883],[-102.07133,44.5025]]],[[[-100.60195,44.52376],[-100.59168,44.52376],[-100.59174,44.52012],[-100.59168,44.51633],[-100.60195,44.51633],[-100.60195,44.52376]]],[[[-101.87106,44.51688],[-101.88046,44.51688],[-101.88046,44.53132],[-101.8757,44.53124],[-101.87246,44.53171],[-101.87101,44.53181],[-101.87112,44.5313],[-101.87106,44.51688]]],[[[-100.63158,44.55963],[-100.61225,44.55972],[-100.61185,44.5473],[-100.61175,44.54506],[-100.63159,44.54503],[-100.63158,44.55963]]],[[[-101.39194,44.64688],[-101.39192,44.64324],[-101.39703,44.64324],[-101.39703,44.64683],[-101.39194,44.64688]]],[[[-100.81895,44.76227],[-100.80846,44.76218],[-100.8085,44.75599],[-100.8085,44.75489],[-100.81895,44.75489],[-100.81895,44.76227]]],[[[-101.99994,45.21235],[-102.00011,45.22782],[-101.99939,45.29919],[-101.99953,45.38585],[-101.99963,45.44347],[-101.99978,45.47153],[-101.78812,45.47187],[-101.78531,45.472],[-101.77681,45.47198],[-101.7705,45.47178],[-101.71732,45.47191],[-101.4702,45.47182],[-101.34188,45.47187],[-101.33546,45.47196],[-101.32514,45.4716],[-101.30463,45.4715],[-101.29947,45.47192],[-101.14531,45.47163],[-101.10003,45.47164],[-101.05721,45.47164],[-100.73039,45.47167],[-100.60367,45.47166],[-100.34127,45.4719],[-100.336,45.45588],[-100.33147,45.44441],[-100.33032,45.44221],[-100.32708,45.43872],[-100.32095,45.43311],[-100.31391,45.42866],[-100.30754,45.42375],[-100.30454,45.42094],[-100.2969,45.41265],[-100.29235,45.40606],[-100.29055,45.40162],[-100.28727,45.39654],[-100.27945,45.38878],[-100.27418,45.38184],[-100.27384,45.37975],[-100.27424,45.37499],[-100.27819,45.36825],[-100.27936,45.36458],[-100.28036,45.35873],[-100.28232,45.35532],[-100.30823,45.33208],[-100.31286,45.32667],[-100.31554,45.32204],[-100.31666,45.3179],[-100.31593,45.31549],[-100.30985,45.29991],[-100.30738,45.29191],[-100.30269,45.28715],[-100.29457,45.28118],[-100.28967,45.27691],[-100.28421,45.27251],[-100.2734,45.2656],[-100.27064,45.26358],[-100.26805,45.26111],[-100.26305,45.25341],[-100.2617,45.25103],[-100.26022,45.24681],[-100.25729,45.23854],[-100.2582,45.23283],[-100.26134,45.2243],[-100.26768,45.21257],[-100.27499,45.19828],[-100.27423,45.1926],[-100.27559,45.18388],[-100.27664,45.16814],[-100.279,45.15889],[-100.29072,45.13838],[-100.29586,45.13311],[-100.30143,45.12692],[-100.30347,45.12499],[-100.31775,45.1085],[-100.32112,45.10519],[-100.32417,45.10162],[-100.32545,45.09934],[-100.32659,45.09086],[-100.32646,45.08637],[-100.32558,45.08109],[-100.32386,45.07416],[-100.31851,45.06281],[-100.31651,45.05929],[-100.3122,45.05441],[-100.30174,45.04608],[-100.28158,45.0334],[-100.27938,45.03108],[-100.27802,45.02771],[-100.27813,45.02321],[-100.27938,45.02007],[-100.28034,45.01841],[-100.2877,45.01483],[-100.28954,45.01446],[-100.29438,45.01458],[-100.31223,45.0152],[-100.31582,45.01563],[-100.33945,45.02246],[-100.34628,45.02473],[-100.35407,45.02643],[-100.36318,45.0291],[-100.37765,45.0301],[-100.38211,45.0297],[-100.38487,45.02906],[-100.39001,45.02717],[-100.39182,45.02601],[-100.40838,45.01181],[-100.4181,45.00081],[-100.42269,44.99369],[-100.42342,44.99205],[-100.42392,44.99001],[-100.42417,44.98505],[-100.42378,44.97311],[-100.41856,44.94916],[-100.41693,44.932],[-100.41573,44.92354],[-100.41354,44.91561],[-100.41182,44.91093],[-100.40475,44.89769],[-100.39495,44.87968],[-100.393,44.87498],[-100.39346,44.86869],[-100.3953,44.86536],[-100.39721,44.86274],[-100.40272,44.85684],[-100.41868,44.84337],[-100.42312,44.84128],[-100.43298,44.83701],[-100.43817,44.83409],[-100.44314,44.83222],[-100.45879,44.82549],[-100.46809,44.81975],[-100.47132,44.81842],[-100.47513,44.81643],[-100.4799,44.81319],[-100.48747,44.80768],[-100.49685,44.79965],[-100.50198,44.7934],[-100.50586,44.79035],[-100.51252,44.78563],[-100.51486,44.78365],[-100.51735,44.78067],[-100.52032,44.77576],[-100.52317,44.77217],[-100.52686,44.76828],[-100.52964,44.7663],[-100.53778,44.7634],[-100.54348,44.76109],[-100.54764,44.76017],[-100.55037,44.76031],[-100.55736,44.76185],[-100.56168,44.76248],[-100.57273,44.7631],[-100.58544,44.7647],[-100.60904,44.76943],[-100.61097,44.7701],[-100.61952,44.77575],[-100.62542,44.78029],[-100.63348,44.78538],[-100.64174,44.79184],[-100.64734,44.79745],[-100.65683,44.80841],[-100.66164,44.81301],[-100.66682,44.81691],[-100.67639,44.82316],[-100.67947,44.82459],[-100.68605,44.82662],[-100.69332,44.82829],[-100.69797,44.82886],[-100.70223,44.82837],[-100.70527,44.82667],[-100.71336,44.82288],[-100.71481,44.82162],[-100.71692,44.81856],[-100.71889,44.8149],[-100.7221,44.81112],[-100.72423,44.80763],[-100.72845,44.79509],[-100.72918,44.79141],[-100.72932,44.78791],[-100.72882,44.7837],[-100.72749,44.77989],[-100.72402,44.77531],[-100.72146,44.77311],[-100.71764,44.77093],[-100.72374,44.76682],[-100.72643,44.76542],[-100.72997,44.7644],[-100.73637,44.76374],[-100.73937,44.76576],[-100.73978,44.76867],[-100.73629,44.77237],[-100.73626,44.7744],[-100.73922,44.77582],[-100.74125,44.77615],[-100.74531,44.77588],[-100.7501,44.7748],[-100.75203,44.77404],[-100.75305,44.77272],[-100.74962,44.76542],[-100.75074,44.76255],[-100.75214,44.76151],[-100.75488,44.76055],[-100.75978,44.7597],[-100.76147,44.75971],[-100.76969,44.75818],[-100.77339,44.7585],[-100.7752,44.75961],[-100.77607,44.76123],[-100.77487,44.76307],[-100.77297,44.76479],[-100.77107,44.76745],[-100.77219,44.77076],[-100.7734,44.77165],[-100.77508,44.77238],[-100.77772,44.77213],[-100.77979,44.7709],[-100.78235,44.76819],[-100.79355,44.76441],[-100.79796,44.76351],[-100.79945,44.765],[-100.79732,44.76814],[-100.79782,44.76994],[-100.80005,44.77065],[-100.8018,44.77025],[-100.8055,44.76832],[-100.80826,44.76754],[-100.81022,44.76753],[-100.81201,44.76802],[-100.81438,44.7707],[-100.81457,44.77388],[-100.81711,44.77937],[-100.81826,44.78045],[-100.82297,44.7819],[-100.83118,44.78334],[-100.83444,44.78308],[-100.83653,44.78226],[-100.84342,44.77697],[-100.8453,44.7767],[-100.84812,44.77725],[-100.85171,44.77986],[-100.85366,44.78072],[-100.85614,44.77967],[-100.85936,44.77741],[-100.86382,44.77634],[-100.86647,44.77621],[-100.86893,44.77534],[-100.87352,44.77297],[-100.87914,44.7715],[-100.88134,44.77064],[-100.88582,44.77034],[-100.88805,44.76973],[-100.89116,44.77008],[-100.8932,44.77186],[-100.89377,44.77385],[-100.89411,44.77539],[-100.89563,44.77788],[-100.89837,44.77914],[-100.90188,44.78144],[-100.9079,44.78358],[-100.909,44.7837],[-100.91185,44.78322],[-100.91146,44.77916],[-100.91179,44.77594],[-100.915,44.77112],[-100.91719,44.76962],[-100.92123,44.76864],[-100.92563,44.76824],[-100.93137,44.76671],[-100.93303,44.76468],[-100.93984,44.76252],[-100.94686,44.76348],[-100.94929,44.76424],[-100.9517,44.76566],[-100.95518,44.76552],[-100.95803,44.76271],[-100.95826,44.76124],[-100.9562,44.75802],[-100.95511,44.75438],[-100.95648,44.75331],[-100.95955,44.75339],[-100.96226,44.75288],[-100.96699,44.7514],[-100.97239,44.75177],[-100.97602,44.75103],[-100.97759,44.74963],[-100.97973,44.74585],[-100.98117,44.73877],[-100.98173,44.73781],[-100.98398,44.73651],[-100.98526,44.73418],[-100.98771,44.73196],[-100.98977,44.73192],[-100.99154,44.73552],[-100.99567,44.73917],[-100.99692,44.73945],[-101.00024,44.73847],[-101.00155,44.73701],[-101.00407,44.73131],[-101.00639,44.72875],[-101.01099,44.72789],[-101.01795,44.72586],[-101.02261,44.72415],[-101.02505,44.72426],[-101.0312,44.72571],[-101.03594,44.72743],[-101.03979,44.73006],[-101.0433,44.73194],[-101.05555,44.74015],[-101.06292,44.74251],[-101.0664,44.74278],[-101.06974,44.74238],[-101.07379,44.74117],[-101.07835,44.73923],[-101.08324,44.73843],[-101.09274,44.73901],[-101.10035,44.73982],[-101.11295,44.74181],[-101.11742,44.74356],[-101.12076,44.74386],[-101.12614,44.74552],[-101.13444,44.74707],[-101.13684,44.74713],[-101.14131,44.747],[-101.14467,44.7462],[-101.14823,44.74412],[-101.14975,44.74233],[-101.15214,44.73483],[-101.15215,44.7324],[-101.15367,44.72883],[-101.15757,44.72486],[-101.16117,44.72207],[-101.1634,44.72083],[-101.17778,44.7152],[-101.20418,44.70292],[-101.2153,44.69818],[-101.21977,44.69617],[-101.22949,44.69229],[-101.23514,44.69057],[-101.23631,44.69071],[-101.23655,44.6944],[-101.23707,44.69648],[-101.23984,44.69849],[-101.24544,44.69906],[-101.24817,44.69899],[-101.2538,44.69775],[-101.25436,44.69701],[-101.25777,44.69572],[-101.26356,44.69431],[-101.26593,44.69343],[-101.26695,44.69124],[-101.2688,44.68901],[-101.27195,44.68624],[-101.27518,44.68516],[-101.27955,44.68475],[-101.28453,44.68549],[-101.29482,44.68932],[-101.29691,44.68967],[-101.29976,44.68917],[-101.30467,44.68536],[-101.31184,44.6823],[-101.31714,44.68077],[-101.31917,44.68052],[-101.32466,44.68146],[-101.32604,44.68465],[-101.32584,44.68832],[-101.32636,44.68951],[-101.32824,44.69096],[-101.33152,44.69113],[-101.33405,44.6897],[-101.33515,44.68647],[-101.33656,44.68432],[-101.33928,44.68347],[-101.34249,44.68352],[-101.34667,44.685],[-101.35205,44.68794],[-101.35702,44.68933],[-101.35989,44.68902],[-101.36192,44.68782],[-101.36255,44.68499],[-101.35969,44.68078],[-101.35793,44.67666],[-101.35795,44.67429],[-101.35886,44.67292],[-101.36069,44.67218],[-101.36358,44.67241],[-101.36943,44.67379],[-101.37227,44.6738],[-101.37397,44.67097],[-101.37403,44.66958],[-101.37214,44.66737],[-101.36499,44.66195],[-101.36369,44.65955],[-101.36358,44.65777],[-101.36476,44.65642],[-101.36693,44.65581],[-101.36884,44.65612],[-101.3746,44.65824],[-101.37708,44.6587],[-101.37928,44.6572],[-101.38004,44.65549],[-101.38146,44.65367],[-101.38489,44.6537],[-101.3904,44.65767],[-101.39375,44.65621],[-101.39742,44.65678],[-101.39834,44.65654],[-101.40177,44.65247],[-101.40333,44.6514],[-101.40902,44.64963],[-101.41019,44.64865],[-101.41064,44.64636],[-101.4122,44.64397],[-101.41572,44.64211],[-101.4198,44.64264],[-101.42486,44.64181],[-101.42925,44.64054],[-101.43138,44.64061],[-101.43767,44.64366],[-101.44078,44.64363],[-101.442,44.6404],[-101.44585,44.63824],[-101.44867,44.63815],[-101.4516,44.63853],[-101.45486,44.63803],[-101.45601,44.63682],[-101.45562,44.63467],[-101.45408,44.63119],[-101.45564,44.62873],[-101.46114,44.62498],[-101.46369,44.62268],[-101.46678,44.61928],[-101.46661,44.61839],[-101.46507,44.61616],[-101.46173,44.61611],[-101.45936,44.61538],[-101.45638,44.61314],[-101.45534,44.61168],[-101.4558,44.61023],[-101.45741,44.60955],[-101.4592,44.60989],[-101.46291,44.61202],[-101.46571,44.61246],[-101.46739,44.61219],[-101.46909,44.6118],[-101.47515,44.60686],[-101.47501,44.60405],[-101.47666,44.60184],[-101.47892,44.60112],[-101.48364,44.60117],[-101.49001,44.60288],[-101.49622,44.60033],[-101.49805,44.59898],[-101.49773,44.5952],[-101.495,44.59094],[-101.49304,44.58718],[-101.49291,44.58603],[-101.49401,44.58397],[-101.49664,44.58277],[-101.50115,44.58124],[-101.50288,44.58196],[-101.50508,44.58453],[-101.50805,44.58597],[-101.51044,44.586],[-101.51205,44.58545],[-101.51415,44.58346],[-101.51481,44.58136],[-101.51356,44.57786],[-101.51407,44.57599],[-101.51592,44.57498],[-101.52002,44.57402],[-101.52287,44.57271],[-101.52805,44.56915],[-101.53103,44.56788],[-101.53272,44.56783],[-101.5336,44.56874],[-101.53396,44.57149],[-101.53584,44.57359],[-101.53701,44.57407],[-101.53884,44.57388],[-101.54352,44.57206],[-101.54506,44.57234],[-101.54671,44.57431],[-101.54843,44.57519],[-101.55283,44.57574],[-101.55473,44.57442],[-101.55476,44.57081],[-101.55591,44.56968],[-101.5585,44.56921],[-101.55985,44.56969],[-101.56042,44.5714],[-101.56226,44.5734],[-101.56555,44.57564],[-101.57045,44.5768],[-101.57404,44.57798],[-101.5769,44.57821],[-101.58131,44.57802],[-101.58373,44.57633],[-101.58764,44.57475],[-101.5906,44.57397],[-101.59341,44.57385],[-101.59575,44.5744],[-101.59832,44.57579],[-101.60117,44.57604],[-101.60674,44.57725],[-101.60792,44.57639],[-101.60847,44.57344],[-101.60999,44.57221],[-101.6135,44.57204],[-101.61691,44.5737],[-101.61996,44.57368],[-101.62301,44.5729],[-101.6271,44.57389],[-101.62874,44.57504],[-101.62927,44.57711],[-101.62657,44.57986],[-101.62691,44.58149],[-101.62824,44.58341],[-101.62885,44.58542],[-101.63052,44.58646],[-101.63329,44.58685],[-101.63555,44.58569],[-101.63737,44.58318],[-101.63728,44.58068],[-101.64037,44.57943],[-101.64243,44.57995],[-101.64381,44.5811],[-101.64375,44.58422],[-101.64603,44.58519],[-101.65022,44.58436],[-101.65523,44.5823],[-101.65744,44.58333],[-101.65757,44.58639],[-101.65966,44.58806],[-101.66115,44.58799],[-101.66271,44.58532],[-101.66468,44.58375],[-101.66678,44.58394],[-101.67133,44.58353],[-101.67364,44.58155],[-101.67604,44.58035],[-101.67777,44.57798],[-101.67826,44.57509],[-101.68204,44.57106],[-101.68573,44.57036],[-101.68796,44.57043],[-101.6903,44.57124],[-101.69006,44.57352],[-101.69056,44.57496],[-101.69177,44.57557],[-101.69399,44.57557],[-101.69745,44.57479],[-101.70134,44.57498],[-101.70904,44.5795],[-101.71239,44.5802],[-101.71504,44.57948],[-101.71658,44.57679],[-101.71552,44.57522],[-101.71602,44.57268],[-101.71997,44.57105],[-101.72178,44.5696],[-101.72885,44.56608],[-101.73209,44.56644],[-101.73526,44.56855],[-101.73949,44.56893],[-101.74235,44.5687],[-101.74698,44.56779],[-101.74832,44.56697],[-101.74914,44.56545],[-101.74913,44.56356],[-101.74404,44.55969],[-101.7433,44.55851],[-101.74347,44.55604],[-101.74535,44.5547],[-101.74914,44.55419],[-101.751,44.55324],[-101.75438,44.55053],[-101.75821,44.5484],[-101.76275,44.54899],[-101.76576,44.54799],[-101.76886,44.54336],[-101.77343,44.54108],[-101.77628,44.539],[-101.78073,44.53644],[-101.78242,44.53606],[-101.78319,44.53735],[-101.78311,44.53934],[-101.78466,44.54079],[-101.79081,44.54178],[-101.794,44.54333],[-101.79694,44.54317],[-101.8002,44.54152],[-101.80353,44.53619],[-101.80567,44.53398],[-101.80638,44.53154],[-101.80536,44.52896],[-101.80523,44.52549],[-101.8112,44.52237],[-101.81285,44.52269],[-101.81483,44.52562],[-101.81436,44.52935],[-101.81653,44.53129],[-101.81981,44.53177],[-101.82774,44.53173],[-101.83077,44.52925],[-101.83152,44.52696],[-101.83178,44.52403],[-101.82988,44.52402],[-101.82988,44.51688],[-101.84026,44.51687],[-101.84024,44.52324],[-101.83924,44.52395],[-101.84031,44.52665],[-101.84114,44.52712],[-101.84408,44.52769],[-101.8475,44.5294],[-101.84982,44.52919],[-101.85556,44.5266],[-101.85815,44.52734],[-101.86263,44.53127],[-101.86577,44.53213],[-101.86913,44.5315],[-101.87101,44.53181],[-101.87328,44.53298],[-101.8763,44.53348],[-101.87824,44.53278],[-101.88125,44.53309],[-101.88517,44.53582],[-101.88598,44.53773],[-101.88783,44.53858],[-101.88904,44.53846],[-101.89585,44.53591],[-101.90084,44.53575],[-101.90489,44.53515],[-101.90821,44.53318],[-101.91063,44.53256],[-101.91458,44.53347],[-101.91787,44.53313],[-101.92061,44.53118],[-101.92259,44.53037],[-101.92535,44.52998],[-101.93105,44.5312],[-101.93476,44.53163],[-101.93618,44.53245],[-101.93846,44.53501],[-101.93956,44.5351],[-101.94278,44.53367],[-101.94354,44.53202],[-101.9464,44.52866],[-101.95928,44.52845],[-101.96119,44.52798],[-101.9645,44.52558],[-101.96786,44.52508],[-101.97387,44.52684],[-101.97517,44.52454],[-101.97859,44.52275],[-101.98124,44.52311],[-101.98389,44.52502],[-101.98681,44.52475],[-101.99133,44.52127],[-101.99478,44.51999],[-101.99605,44.5189],[-101.99689,44.51678],[-101.99753,44.51304],[-102.00043,44.51166],[-102.00043,44.51734],[-102.00043,44.604],[-102.00044,44.66115],[-102.00044,44.69],[-102.00046,44.83462],[-102.00044,44.86364],[-102.00015,44.95068],[-102.00006,45.03677],[-101.99999,45.03827],[-102.00003,45.08178],[-101.99994,45.21235]]],[[[-100.51336,44.25524],[-100.51669,44.25524],[-100.51669,44.29127],[-100.51156,44.29127],[-100.51156,44.27696],[-100.50651,44.27696],[-100.50651,44.25524],[-100.51336,44.25524]]],[[[-100.42655,44.26223],[-100.43671,44.26223],[-100.43682,44.26965],[-100.44173,44.26957],[-100.44187,44.30573],[-100.43162,44.30554],[-100.4317,44.30111],[-100.43147,44.26973],[-100.42645,44.26957],[-100.42655,44.26223]]],[[[-100.52676,44.29855],[-100.54691,44.29855],[-100.54691,44.31289],[-100.54527,44.31289],[-100.53681,44.31289],[-100.53681,44.3057],[-100.52676,44.3057],[-100.52676,44.29855]]],[[[-100.52681,44.31961],[-100.52681,44.32011],[-100.51665,44.32011],[-100.51665,44.31285],[-100.52681,44.31289],[-100.52681,44.31961]]],[[[-100.44638,44.32743],[-100.42656,44.32743],[-100.42656,44.31304],[-100.44634,44.31295],[-100.44622,44.31712],[-100.44638,44.32743]]],[[[-100.50076,44.43656],[-100.50081,44.4439],[-100.49824,44.44387],[-100.49816,44.44207],[-100.49555,44.44204],[-100.49551,44.43656],[-100.50076,44.43656]]],[[[-100.53437,44.54141],[-100.53681,44.54143],[-100.53679,44.54323],[-100.54663,44.54333],[-100.54661,44.54523],[-100.54309,44.54523],[-100.53171,44.54521],[-100.53169,44.53784],[-100.53441,44.53785],[-100.53437,44.54141]]],[[[-100.55135,44.54815],[-100.55135,44.55379],[-100.55135,44.55968],[-100.54693,44.55968],[-100.54687,44.55365],[-100.54686,44.54815],[-100.55135,44.54815]]]]}},{"type":"Feature","properties":{"name":"Palace Transit","boundary_type":"city","source":"Census TIGER place","fidelity":"exact","updated":"2026-09","units":"Mitchell city","note":"City of Mitchell curb-to-curb demand-response service","confidence":0.95},"geometry":{"type":"Polygon","coordinates":[[[-98.08642,43.7666],[-98.08645,43.76544],[-98.08482,43.766],[-98.08198,43.76583],[-98.07982,43.76406],[-98.07659,43.76652],[-98.07252,43.76709],[-98.0679,43.76719],[-98.06725,43.76474],[-98.06646,43.76623],[-98.06642,43.76955],[-98.06793,43.76947],[-98.06795,43.77098],[-98.05805,43.77105],[-98.05793,43.76604],[-98.05444,43.76525],[-98.05043,43.76096],[-98.04794,43.76013],[-98.0478,43.76055],[-98.04784,43.77315],[-98.05,43.77484],[-98.05798,43.77475],[-98.05813,43.78517],[-98.02848,43.78538],[-98.02794,43.76057],[-98.04011,43.76024],[-98.04007,43.7581],[-98.04278,43.75806],[-98.04276,43.75721],[-98.03786,43.75727],[-98.03784,43.75498],[-98.03459,43.75314],[-98.03274,43.74945],[-98.02918,43.7495],[-98.02846,43.75046],[-98.0303,43.75044],[-98.03031,43.75326],[-98.02805,43.75405],[-98.02777,43.74969],[-98.02748,43.74852],[-98.02604,43.746],[-98.01785,43.74596],[-98.01779,43.74427],[-98.0225,43.74428],[-98.0236,43.74325],[-98.02392,43.74034],[-98.02087,43.74032],[-98.01885,43.73683],[-98.01909,43.73168],[-98.01756,43.73083],[-98.01731,43.72401],[-98.01447,43.72405],[-98.01448,43.72576],[-98.01282,43.7257],[-98.01311,43.72404],[-98.00761,43.72408],[-98.00754,43.72218],[-98.00664,43.71993],[-98.00391,43.71923],[-98.00277,43.71956],[-98.00382,43.71736],[-98.00139,43.71692],[-98.00067,43.71863],[-97.99969,43.7186],[-98.00119,43.71693],[-97.99749,43.71693],[-97.99738,43.71507],[-98.0032,43.71613],[-97.99915,43.7151],[-98.00013,43.71375],[-98.00178,43.71377],[-98.00175,43.7096],[-97.99673,43.70962],[-97.99603,43.70927],[-97.99599,43.70858],[-97.99456,43.70839],[-97.99458,43.70784],[-97.99332,43.70734],[-97.99261,43.70754],[-97.98991,43.70773],[-97.98862,43.70723],[-97.98809,43.70738],[-97.98839,43.7079],[-97.98765,43.70829],[-97.98706,43.70795],[-97.9882,43.70728],[-97.98721,43.70586],[-97.99052,43.70675],[-97.99364,43.70619],[-97.98796,43.70423],[-97.98774,43.70289],[-97.98844,43.7036],[-97.99368,43.70361],[-97.9951,43.70619],[-97.99652,43.70586],[-97.99644,43.70401],[-98.00197,43.70399],[-98.00199,43.70544],[-98.0071,43.7049],[-98.00217,43.70223],[-98.00295,43.70121],[-98.00581,43.70153],[-98.00579,43.69932],[-98.007,43.69932],[-98.00704,43.70217],[-98.00966,43.70216],[-98.01049,43.70052],[-98.01054,43.69582],[-98.01187,43.69728],[-98.01474,43.70217],[-98.0122,43.69713],[-98.00719,43.6917],[-97.99666,43.69186],[-97.9966,43.68775],[-98.00844,43.6876],[-98.00677,43.68404],[-98.0118,43.68401],[-98.01171,43.68036],[-98.01124,43.67922],[-98.00666,43.67932],[-98.00663,43.67797],[-98.01646,43.67783],[-98.01655,43.684],[-98.02168,43.68394],[-98.0205,43.68494],[-98.02053,43.68686],[-98.0197,43.68754],[-98.0268,43.68749],[-98.048,43.68734],[-98.04669,43.6884],[-98.04667,43.69325],[-98.05179,43.6922],[-98.05186,43.70112],[-98.05006,43.70185],[-98.04957,43.70433],[-98.05688,43.70439],[-98.0571,43.70894],[-98.0472,43.70923],[-98.04759,43.71131],[-98.04849,43.71128],[-98.04708,43.7139],[-98.04707,43.71645],[-98.0477,43.71644],[-98.0479,43.71741],[-98.04708,43.71742],[-98.04722,43.72394],[-98.04905,43.72392],[-98.05065,43.731],[-98.04738,43.731],[-98.04741,43.73546],[-98.05036,43.73547],[-98.0486,43.73632],[-98.0486,43.73814],[-98.04745,43.73815],[-98.04751,43.74079],[-98.04917,43.74078],[-98.04927,43.74548],[-98.04762,43.74552],[-98.04775,43.75224],[-98.05114,43.75272],[-98.052,43.75009],[-98.0529,43.75135],[-98.05189,43.75318],[-98.05598,43.75353],[-98.05972,43.75625],[-98.06821,43.75645],[-98.07104,43.75826],[-98.07656,43.75997],[-98.08256,43.75978],[-98.0842,43.76046],[-98.08376,43.76268],[-98.0819,43.76279],[-98.08195,43.76473],[-98.08463,43.76473],[-98.08642,43.76341],[-98.08645,43.7653],[-98.08676,43.76342],[-98.09022,43.76247],[-98.09017,43.75964],[-98.09623,43.75974],[-98.09629,43.76685],[-98.08642,43.7666]],[[-98.04035,43.72523],[-98.04009,43.72586],[-98.04258,43.72657],[-98.04323,43.7255],[-98.04319,43.72526],[-98.04035,43.72523]],[[-98.03754,43.7421],[-98.03735,43.74309],[-98.04119,43.74452],[-98.04225,43.74441],[-98.04225,43.74363],[-98.03754,43.7421]]]}},{"type":"Feature","properties":{"name":"River Cities Public Transit","boundary_type":"counties","source":"Census TIGER county","fidelity":"exact","updated":"2026-09","units":"Hughes County; Stanley County; Hand County; Hyde County; Dewey County; Ziebach County; Haakon County; Pennington County; Jackson County; Jones County; Lyman County; Minnehaha County","note":"Multi-county demand-response serving Pierre/Fort Pierre hub plus rural counties. Note: row lists 'East Pennington' and 'North Jackson' which are likely subdivisions; treating parent counties.","confidence":0.85},"geometry":{"type":"MultiPolygon","coordinates":[[[[-102.14324,43.70224],[-102.14762,43.70322],[-102.14828,43.70441],[-102.15174,43.70616],[-102.15325,43.70618],[-102.15625,43.70478],[-102.15705,43.70306],[-102.15593,43.69867],[-102.1561,43.6977],[-102.15914,43.69627],[-102.16433,43.69725],[-102.16839,43.69687],[-102.16844,43.69583],[-102.16655,43.69428],[-102.1665,43.69178],[-102.17015,43.68964],[-102.17523,43.68776],[-102.17872,43.6873],[-102.18319,43.68785],[-102.1853,43.68748],[-102.25859,43.68748],[-102.35809,43.68744],[-102.37983,43.68746],[-102.49695,43.68749],[-102.52633,43.68748],[-102.60954,43.68743],[-102.8094,43.68756],[-102.81168,43.68845],[-102.81595,43.68887],[-102.81711,43.68966],[-102.81688,43.69121],[-102.81425,43.69361],[-102.81308,43.69603],[-102.8105,43.69741],[-102.80405,43.69747],[-102.80096,43.69877],[-102.80233,43.70368],[-102.80391,43.70694],[-102.80331,43.71023],[-102.80221,43.71096],[-102.79827,43.71169],[-102.79518,43.71329],[-102.79282,43.71654],[-102.79296,43.71969],[-102.79141,43.72184],[-102.78491,43.72227],[-102.78088,43.72012],[-102.77847,43.72051],[-102.77781,43.72138],[-102.77879,43.72407],[-102.77724,43.72685],[-102.77303,43.72715],[-102.77118,43.72842],[-102.7705,43.73089],[-102.77317,43.7337],[-102.77165,43.73706],[-102.76985,43.73893],[-102.7681,43.73953],[-102.76463,43.73903],[-102.76094,43.73983],[-102.75859,43.74114],[-102.75467,43.74519],[-102.75367,43.74668],[-102.75383,43.74922],[-102.75257,43.75174],[-102.75077,43.75289],[-102.74754,43.75641],[-102.74306,43.75885],[-102.73948,43.75961],[-102.73788,43.76044],[-102.73588,43.76288],[-102.73359,43.76419],[-102.7341,43.76641],[-102.73743,43.76779],[-102.7389,43.76975],[-102.73783,43.77174],[-102.73534,43.77347],[-102.73216,43.77469],[-102.7257,43.77581],[-102.724,43.77691],[-102.71888,43.78149],[-102.7137,43.78472],[-102.71118,43.78729],[-102.70767,43.7895],[-102.70533,43.79256],[-102.70647,43.79472],[-102.70651,43.79653],[-102.70503,43.79762],[-102.70366,43.79772],[-102.69951,43.79673],[-102.69644,43.79714],[-102.69553,43.79815],[-102.69597,43.80075],[-102.6991,43.80247],[-102.70034,43.80623],[-102.70086,43.81198],[-102.69925,43.81616],[-102.69948,43.81987],[-102.69881,43.82311],[-102.69698,43.82668],[-102.69557,43.82851],[-102.69467,43.83161],[-102.69351,43.83372],[-102.68865,43.83955],[-102.68814,43.84268],[-102.68966,43.84401],[-102.69299,43.84484],[-102.6937,43.84792],[-102.692,43.84971],[-102.68744,43.85183],[-102.68678,43.8526],[-102.68719,43.8556],[-102.68958,43.85559],[-102.69358,43.85556],[-102.71057,43.85555],[-102.71124,43.85559],[-102.85911,43.85627],[-102.89145,43.85631],[-102.89885,43.85634],[-102.93913,43.85652],[-103.07963,43.85675],[-103.19905,43.85664],[-103.19947,43.85664],[-103.20539,43.85663],[-103.20912,43.85662],[-103.33827,43.85639],[-103.37969,43.85663],[-103.57811,43.85582],[-103.63199,43.8555],[-103.67606,43.85527],[-103.78576,43.85483],[-103.81571,43.85478],[-103.81674,43.85478],[-104.05542,43.85348],[-104.055,43.93766],[-104.05466,44.03117],[-104.0546,44.12691],[-104.05466,44.14108],[-103.72585,44.14092],[-103.58946,44.14067],[-103.56847,44.14068],[-103.45245,44.14077],[-103.45237,44.14077],[-103.39858,44.14071],[-103.38133,44.14065],[-103.37317,44.14088],[-103.35991,44.14088],[-103.30368,44.14085],[-103.30246,44.14079],[-103.29644,44.14087],[-103.29577,44.14088],[-103.29538,44.14088],[-103.27616,44.14089],[-103.27197,44.14102],[-103.25046,44.14094],[-103.22976,44.14087],[-103.21151,44.14087],[-103.19163,44.14079],[-103.15125,44.1408],[-103.11077,44.14081],[-103.08043,44.14075],[-103.07098,44.14076],[-103.06068,44.14076],[-103.05056,44.14071],[-103.03037,44.14074],[-102.96992,44.14063],[-102.92976,44.14057],[-102.82869,44.14069],[-102.66858,44.14036],[-102.58857,44.14022],[-102.56836,44.14021],[-102.54778,44.1402],[-102.5052,44.14019],[-102.48798,44.14019],[-102.47781,44.14015],[-102.46768,44.14011],[-102.38804,44.14018],[-102.39259,44.14299],[-102.3958,44.14882],[-102.39936,44.1513],[-102.39767,44.15445],[-102.39772,44.15624],[-102.39991,44.15637],[-102.40226,44.1555],[-102.40369,44.15579],[-102.40398,44.15793],[-102.40224,44.16124],[-102.39977,44.16163],[-102.39521,44.16168],[-102.38941,44.16002],[-102.38774,44.16098],[-102.38811,44.16257],[-102.38717,44.16544],[-102.38723,44.16799],[-102.38675,44.16971],[-102.38716,44.17483],[-102.38846,44.17672],[-102.3911,44.17808],[-102.39395,44.17798],[-102.39634,44.177],[-102.39853,44.1731],[-102.3999,44.17191],[-102.40158,44.17282],[-102.40161,44.17559],[-102.40097,44.17835],[-102.39811,44.18423],[-102.39668,44.18921],[-102.39499,44.19364],[-102.39526,44.19452],[-102.39614,44.19605],[-102.39513,44.19818],[-102.39473,44.20054],[-102.39352,44.20297],[-102.39161,44.205],[-102.3892,44.20621],[-102.38341,44.20751],[-102.37913,44.20712],[-102.37633,44.20732],[-102.37258,44.20941],[-102.3722,44.21119],[-102.37275,44.21265],[-102.37292,44.2159],[-102.37361,44.21937],[-102.37253,44.22177],[-102.36859,44.22397],[-102.36198,44.22719],[-102.35963,44.22772],[-102.35699,44.23056],[-102.3583,44.2336],[-102.36051,44.23564],[-102.36502,44.24046],[-102.36585,44.24237],[-102.3652,44.24457],[-102.36283,44.24618],[-102.35943,44.24743],[-102.35866,44.24894],[-102.35909,44.25092],[-102.36147,44.25245],[-102.36275,44.25509],[-102.36247,44.25726],[-102.36306,44.25869],[-102.3657,44.25963],[-102.36786,44.26118],[-102.36745,44.26276],[-102.36472,44.26303],[-102.36157,44.26274],[-102.35944,44.26416],[-102.35884,44.26566],[-102.3645,44.27188],[-102.36501,44.27323],[-102.36699,44.27567],[-102.36775,44.2775],[-102.36744,44.28118],[-102.36655,44.28415],[-102.36696,44.28561],[-102.3662,44.28756],[-102.36499,44.28884],[-102.36207,44.29],[-102.36024,44.29333],[-102.36049,44.29821],[-102.35905,44.30075],[-102.35725,44.30201],[-102.35555,44.30292],[-102.35269,44.30196],[-102.35119,44.30201],[-102.34874,44.30365],[-102.34785,44.30628],[-102.35031,44.30848],[-102.35093,44.30974],[-102.34904,44.31243],[-102.3485,44.31483],[-102.34869,44.31817],[-102.34691,44.31995],[-102.34458,44.32111],[-102.34452,44.32347],[-102.34605,44.32418],[-102.34783,44.32635],[-102.34589,44.32774],[-102.34219,44.32896],[-102.34166,44.32996],[-102.3424,44.33141],[-102.34239,44.33661],[-102.34319,44.33917],[-102.3429,44.34025],[-102.34084,44.34169],[-102.33905,44.34171],[-102.33693,44.34251],[-102.33665,44.34396],[-102.33836,44.34573],[-102.3417,44.34751],[-102.34163,44.34877],[-102.33552,44.35184],[-102.33205,44.35488],[-102.33128,44.35632],[-102.3288,44.35785],[-102.325,44.35786],[-102.32325,44.36011],[-102.32405,44.36152],[-102.32676,44.36217],[-102.32737,44.36436],[-102.32638,44.36685],[-102.32472,44.36781],[-102.32291,44.36804],[-102.31794,44.36665],[-102.31644,44.36415],[-102.31459,44.36345],[-102.31169,44.36384],[-102.30554,44.36776],[-102.3054,44.3693],[-102.3065,44.37167],[-102.30605,44.37261],[-102.30283,44.37346],[-102.3,44.37499],[-102.29828,44.37691],[-102.29851,44.37909],[-102.30195,44.38201],[-102.30252,44.38336],[-102.30185,44.38478],[-102.29855,44.38629],[-102.29826,44.38716],[-102.29818,44.38889],[-102.30045,44.3906],[-102.30456,44.39154],[-102.30535,44.39214],[-102.30529,44.39362],[-102.30274,44.39538],[-102.30284,44.39835],[-102.30211,44.39978],[-102.30294,44.4007],[-102.30184,44.40309],[-102.30207,44.40674],[-102.30255,44.40765],[-102.30564,44.40884],[-102.30561,44.41099],[-102.30433,44.41179],[-102.30359,44.41394],[-102.30446,44.41714],[-102.30293,44.41981],[-102.30312,44.42064],[-102.30529,44.42221],[-102.30838,44.42285],[-102.31093,44.42439],[-102.3109,44.42553],[-102.30982,44.42658],[-102.30749,44.42743],[-102.30615,44.42877],[-102.30692,44.4316],[-102.3071,44.43312],[-102.30622,44.43409],[-102.30328,44.4337],[-102.29881,44.43081],[-102.29684,44.43059],[-102.2945,44.43134],[-102.29338,44.43198],[-102.29237,44.43511],[-102.28663,44.43884],[-102.2844,44.44123],[-102.28383,44.4451],[-102.28288,44.44863],[-102.28003,44.45029],[-102.27496,44.45068],[-102.27146,44.44765],[-102.26779,44.44659],[-102.2546,44.44676],[-102.25254,44.44701],[-102.25044,44.44806],[-102.24645,44.44903],[-102.24159,44.44933],[-102.23743,44.44953],[-102.23495,44.45],[-102.22938,44.45199],[-102.22611,44.45251],[-102.2221,44.45237],[-102.22033,44.45135],[-102.2201,44.44974],[-102.22231,44.44556],[-102.22242,44.44371],[-102.21818,44.44128],[-102.21094,44.44039],[-102.2088,44.43954],[-102.19934,44.43488],[-102.19711,44.434],[-102.19646,44.43235],[-102.1989,44.43035],[-102.19877,44.42874],[-102.18944,44.42719],[-102.18584,44.42691],[-102.17987,44.42723],[-102.17636,44.42822],[-102.16978,44.42849],[-102.16544,44.42754],[-102.16268,44.4278],[-102.16016,44.42883],[-102.15842,44.43016],[-102.15649,44.43347],[-102.15438,44.43514],[-102.15408,44.43782],[-102.15682,44.44028],[-102.15887,44.44106],[-102.15961,44.442],[-102.15928,44.44368],[-102.15577,44.44497],[-102.15376,44.44523],[-102.14988,44.44495],[-102.1441,44.44415],[-102.13771,44.44191],[-102.13245,44.43894],[-102.12746,44.43821],[-102.12343,44.43819],[-102.12103,44.43769],[-102.12094,44.43765],[-102.11703,44.43639],[-102.11253,44.43589],[-102.10803,44.43659],[-102.10623,44.43789],[-102.10563,44.43929],[-102.10563,44.44209],[-102.10443,44.44649],[-102.10333,44.44769],[-102.09943,44.45049],[-102.09903,44.45169],[-102.09403,44.45469],[-102.08653,44.45379],[-102.08393,44.45429],[-102.08293,44.45499],[-102.08263,44.45709],[-102.08403,44.45939],[-102.08394,44.46067],[-102.08233,44.46089],[-102.07913,44.46319],[-102.07463,44.46429],[-102.07323,44.46559],[-102.07233,44.46809],[-102.07313,44.46939],[-102.07553,44.47059],[-102.07623,44.47159],[-102.07593,44.47509],[-102.07213,44.47679],[-102.07023,44.47829],[-102.06753,44.47819],[-102.06303,44.48089],[-102.05693,44.48079],[-102.05543,44.48129],[-102.05453,44.48329],[-102.05513,44.48589],[-102.05443,44.49029],[-102.05273,44.49229],[-102.04913,44.49449],[-102.04773,44.49759],[-102.04603,44.49989],[-102.04466,44.50061],[-102.03881,44.50171],[-102.03759,44.50374],[-102.03072,44.50395],[-102.02275,44.50517],[-102.01745,44.50556],[-102.01182,44.50529],[-102.00592,44.50785],[-102.00326,44.50866],[-102.00107,44.51093],[-102.00043,44.51166],[-102.00043,44.51734],[-102.00043,44.604],[-102.00044,44.66115],[-102.00044,44.69],[-102.00046,44.83462],[-102.00044,44.86364],[-102.00015,44.95068],[-102.00006,45.03677],[-101.99999,45.03827],[-102.00003,45.08178],[-101.99994,45.21235],[-102.00011,45.22782],[-101.99939,45.29919],[-101.99953,45.38585],[-101.99963,45.44347],[-101.99978,45.47153],[-101.99979,45.47241],[-101.87792,45.47267],[-101.87546,45.47256],[-101.86963,45.47287],[-101.84501,45.47283],[-101.8421,45.47272],[-101.71732,45.47262],[-101.71708,45.47262],[-101.62547,45.47221],[-101.62465,45.47238],[-101.50047,45.47241],[-101.49454,45.47257],[-101.47021,45.47242],[-101.47019,45.47242],[-101.42942,45.47261],[-101.3883,45.4727],[-101.37547,45.47239],[-101.36112,45.4726],[-101.34694,45.47257],[-101.34167,45.47249],[-101.34005,45.47265],[-101.30311,45.47252],[-101.30007,45.4727],[-101.18252,45.47256],[-101.14514,45.47257],[-101.10006,45.47255],[-100.97717,45.47271],[-100.85404,45.47266],[-100.73049,45.47263],[-100.62557,45.47278],[-100.61093,45.47248],[-100.60489,45.47263],[-100.52,45.47289],[-100.51819,45.47304],[-100.51297,45.47295],[-100.50864,45.47277],[-100.34192,45.4729],[-100.34127,45.4719],[-100.336,45.45588],[-100.33147,45.44441],[-100.33032,45.44221],[-100.32708,45.43872],[-100.32095,45.43311],[-100.31391,45.42866],[-100.30754,45.42375],[-100.30454,45.42094],[-100.2969,45.41265],[-100.29235,45.40606],[-100.29055,45.40162],[-100.28727,45.39654],[-100.27945,45.38878],[-100.27418,45.38184],[-100.27384,45.37975],[-100.27424,45.37499],[-100.27819,45.36825],[-100.27936,45.36458],[-100.28036,45.35873],[-100.28232,45.35532],[-100.30823,45.33208],[-100.31286,45.32667],[-100.31554,45.32204],[-100.31666,45.3179],[-100.31593,45.31549],[-100.30985,45.29991],[-100.30738,45.29191],[-100.30269,45.28715],[-100.29457,45.28118],[-100.28967,45.27691],[-100.28421,45.27251],[-100.2734,45.2656],[-100.27064,45.26358],[-100.26805,45.26111],[-100.26305,45.25341],[-100.2617,45.25103],[-100.26022,45.24681],[-100.25729,45.23854],[-100.2582,45.23283],[-100.26134,45.2243],[-100.26768,45.21257],[-100.27499,45.19828],[-100.27423,45.1926],[-100.27559,45.18388],[-100.27664,45.16814],[-100.279,45.15889],[-100.29072,45.13838],[-100.29586,45.13311],[-100.30143,45.12692],[-100.30347,45.12499],[-100.31775,45.1085],[-100.32112,45.10519],[-100.32417,45.10162],[-100.32545,45.09934],[-100.32659,45.09086],[-100.32646,45.08637],[-100.32558,45.08109],[-100.32386,45.07416],[-100.31851,45.06281],[-100.31651,45.05929],[-100.3122,45.05441],[-100.30174,45.04608],[-100.28158,45.0334],[-100.27938,45.03108],[-100.27802,45.02771],[-100.27813,45.02321],[-100.27938,45.02007],[-100.28034,45.01841],[-100.2877,45.01483],[-100.28954,45.01446],[-100.29438,45.01458],[-100.31223,45.0152],[-100.31582,45.01563],[-100.33945,45.02246],[-100.34628,45.02473],[-100.35407,45.02643],[-100.36318,45.0291],[-100.37765,45.0301],[-100.38211,45.0297],[-100.38487,45.02906],[-100.39001,45.02717],[-100.39182,45.02601],[-100.40838,45.01181],[-100.4181,45.00081],[-100.42269,44.99369],[-100.42342,44.99205],[-100.42392,44.99001],[-100.42417,44.98505],[-100.42378,44.97311],[-100.41856,44.94916],[-100.41693,44.932],[-100.41573,44.92354],[-100.41354,44.91561],[-100.41182,44.91093],[-100.40475,44.89769],[-100.39495,44.87968],[-100.393,44.87498],[-100.39346,44.86869],[-100.3953,44.86536],[-100.39721,44.86274],[-100.40272,44.85684],[-100.41868,44.84337],[-100.42312,44.84128],[-100.43298,44.83701],[-100.43817,44.83409],[-100.44314,44.83222],[-100.45879,44.82549],[-100.46809,44.81975],[-100.47132,44.81842],[-100.47513,44.81643],[-100.4799,44.81319],[-100.48747,44.80768],[-100.49685,44.79965],[-100.50198,44.7934],[-100.50586,44.79035],[-100.51252,44.78563],[-100.51486,44.78365],[-100.51735,44.78067],[-100.52032,44.77576],[-100.52317,44.77217],[-100.52686,44.76828],[-100.52964,44.7663],[-100.53778,44.7634],[-100.54348,44.76109],[-100.54764,44.76017],[-100.55037,44.76031],[-100.55736,44.76185],[-100.56168,44.76248],[-100.57273,44.7631],[-100.58544,44.7647],[-100.60904,44.76943],[-100.61097,44.7701],[-100.61952,44.77575],[-100.62542,44.78029],[-100.63348,44.78538],[-100.64174,44.79184],[-100.64734,44.79745],[-100.65683,44.80841],[-100.66164,44.81301],[-100.66682,44.81691],[-100.67639,44.82316],[-100.67947,44.82459],[-100.68605,44.82662],[-100.69332,44.82829],[-100.69797,44.82886],[-100.70223,44.82837],[-100.70527,44.82667],[-100.71336,44.82288],[-100.71481,44.82162],[-100.71692,44.81856],[-100.71889,44.8149],[-100.7221,44.81112],[-100.72423,44.80763],[-100.72845,44.79509],[-100.72918,44.79141],[-100.72932,44.78791],[-100.72882,44.7837],[-100.72749,44.77989],[-100.72402,44.77531],[-100.72146,44.77311],[-100.71764,44.77093],[-100.71013,44.76759],[-100.70681,44.76656],[-100.70028,44.76409],[-100.69138,44.75966],[-100.68827,44.75753],[-100.68518,44.75486],[-100.68262,44.75168],[-100.68031,44.74738],[-100.67174,44.74492],[-100.66404,44.74383],[-100.64954,44.74356],[-100.64438,44.74298],[-100.63753,44.7412],[-100.63325,44.73942],[-100.6301,44.73721],[-100.62542,44.72843],[-100.62456,44.72642],[-100.62088,44.71974],[-100.61932,44.71654],[-100.6138,44.70714],[-100.61261,44.70274],[-100.6124,44.69783],[-100.61253,44.69346],[-100.61347,44.68813],[-100.61587,44.68073],[-100.6163,44.67882],[-100.61915,44.67014],[-100.62141,44.66466],[-100.62415,44.65514],[-100.62481,44.65155],[-100.6339,44.63155],[-100.64239,44.62177],[-100.64314,44.62032],[-100.64366,44.61755],[-100.64571,44.60186],[-100.64555,44.59795],[-100.64491,44.59538],[-100.64241,44.58833],[-100.64006,44.58372],[-100.63492,44.57794],[-100.63244,44.57557],[-100.6261,44.57113],[-100.6209,44.5667],[-100.61701,44.56456],[-100.61007,44.56145],[-100.59856,44.558],[-100.59303,44.55658],[-100.58777,44.55615],[-100.58122,44.55612],[-100.55954,44.55389],[-100.55135,44.55379],[-100.54893,44.55376],[-100.54687,44.55365],[-100.53702,44.5526],[-100.52941,44.55015],[-100.52785,44.54932],[-100.5265,44.54742],[-100.49521,44.54759],[-100.49256,44.54772],[-100.47582,44.54769],[-100.47409,44.54778],[-100.45008,44.54779],[-100.19022,44.54836],[-100.14952,44.54832],[-100.08781,44.54824],[-100.0806,44.5482],[-100.03932,44.54825],[-100.03089,44.54795],[-99.90646,44.5484],[-99.88647,44.5484],[-99.87903,44.54838],[-99.87654,44.54837],[-99.85587,44.54837],[-99.81469,44.54821],[-99.77761,44.54814],[-99.76773,44.54815],[-99.73667,44.54812],[-99.72694,44.54812],[-99.72425,44.54813],[-99.70312,44.54822],[-99.68739,44.54813],[-99.6764,44.54811],[-99.67562,44.63486],[-99.67547,44.67104],[-99.67558,44.67267],[-99.67517,44.72208],[-99.6745,44.7943],[-99.67444,44.79471],[-99.67456,44.83587],[-99.67443,44.83735],[-99.67447,44.85248],[-99.67433,44.85418],[-99.67425,44.8975],[-99.5727,44.89726],[-99.48699,44.89736],[-99.48599,44.89732],[-99.45052,44.89728],[-99.39378,44.89731],[-99.39348,44.89725],[-99.35289,44.89723],[-99.32813,44.89719],[-99.31175,44.89723],[-99.2057,44.89715],[-99.09369,44.89715],[-99.08342,44.89715],[-99.06725,44.89715],[-98.98788,44.89706],[-98.96105,44.89703],[-98.9469,44.89701],[-98.83871,44.89704],[-98.8285,44.89706],[-98.82512,44.89706],[-98.81828,44.89705],[-98.77758,44.89703],[-98.7165,44.89693],[-98.70536,44.89687],[-98.70553,44.80804],[-98.70549,44.77906],[-98.70551,44.73559],[-98.70555,44.72111],[-98.70574,44.64153],[-98.70576,44.63416],[-98.70572,44.61204],[-98.70567,44.57624],[-98.70568,44.56912],[-98.7057,44.56173],[-98.70571,44.54728],[-98.70133,44.54729],[-98.70134,44.53807],[-98.70134,44.49023],[-98.70135,44.47207],[-98.70135,44.46099],[-98.70135,44.4609],[-98.70136,44.45672],[-98.70134,44.45378],[-98.70136,44.45055],[-98.70135,44.42836],[-98.7013,44.3707],[-98.70126,44.35629],[-98.70117,44.32033],[-98.70116,44.28391],[-98.7008,44.1988],[-98.70045,44.19673],[-98.80784,44.19666],[-98.82053,44.19656],[-98.82288,44.19635],[-98.92595,44.19658],[-98.94338,44.19649],[-99.03567,44.19652],[-99.04585,44.19655],[-99.06439,44.19665],[-99.08535,44.19679],[-99.08749,44.19657],[-99.16527,44.19666],[-99.16533,44.19657],[-99.1668,44.19656],[-99.18584,44.19648],[-99.2035,44.19642],[-99.20561,44.19642],[-99.23672,44.19643],[-99.23688,44.19492],[-99.2886,44.19481],[-99.30018,44.19483],[-99.53108,44.19307],[-99.53673,44.19282],[-99.54075,44.19299],[-99.57657,44.19242],[-99.57539,44.19162],[-99.55123,44.17121],[-99.54075,44.15851],[-99.54064,44.15014],[-99.554,44.12777],[-99.55521,44.12499],[-99.56089,44.10971],[-99.56232,44.10357],[-99.56222,44.0995],[-99.56173,44.09746],[-99.55843,44.09197],[-99.54753,44.082],[-99.54305,44.07653],[-99.53951,44.07333],[-99.53437,44.06966],[-99.52863,44.06651],[-99.52415,44.06374],[-99.51817,44.05916],[-99.514,44.05637],[-99.51133,44.05499],[-99.50792,44.05422],[-99.50038,44.05374],[-99.48658,44.05114],[-99.47353,44.05001],[-99.45731,44.04944],[-99.44977,44.04844],[-99.44872,44.04823],[-99.43955,44.04679],[-99.43313,44.04486],[-99.42767,44.0428],[-99.42136,44.03973],[-99.4165,44.03633],[-99.41346,44.03378],[-99.41046,44.03189],[-99.40372,44.02678],[-99.39366,44.02127],[-99.38635,44.01782],[-99.37986,44.01409],[-99.37856,44.01309],[-99.37064,44.00669],[-99.36741,44.00455],[-99.36502,44.00231],[-99.36013,43.99999],[-99.35372,43.99533],[-99.35049,43.99048],[-99.34738,43.98465],[-99.34599,43.98145],[-99.34587,43.96956],[-99.34623,43.96231],[-99.34736,43.95828],[-99.35001,43.94647],[-99.35586,43.93437],[-99.35771,43.9268],[-99.3614,43.92093],[-99.36318,43.91478],[-99.36316,43.90975],[-99.36185,43.9031],[-99.35702,43.89678],[-99.35223,43.89231],[-99.34581,43.88938],[-99.32927,43.88275],[-99.32133,43.87784],[-99.31709,43.87499],[-99.31307,43.87106],[-99.30955,43.86699],[-99.30808,43.86404],[-99.308,43.86037],[-99.30852,43.85887],[-99.31083,43.85522],[-99.31696,43.84706],[-99.33034,43.83012],[-99.33451,43.82487],[-99.33591,43.8229],[-99.33907,43.81958],[-99.34965,43.80952],[-99.3592,43.79975],[-99.36624,43.79243],[-99.3672,43.79172],[-99.3686,43.79109],[-99.37538,43.78911],[-99.38057,43.78613],[-99.38748,43.78407],[-99.39792,43.78145],[-99.40361,43.77945],[-99.40734,43.77725],[-99.41015,43.77462],[-99.4126,43.77031],[-99.41413,43.76593],[-99.41556,43.76],[-99.41549,43.75674],[-99.4164,43.75189],[-99.419,43.74483],[-99.41868,43.74278],[-99.41638,43.73857],[-99.41217,43.73347],[-99.40771,43.72847],[-99.40661,43.72431],[-99.40676,43.71955],[-99.40749,43.71685],[-99.40964,43.71186],[-99.40967,43.70973],[-99.40696,43.70528],[-99.40786,43.70311],[-99.41191,43.70038],[-99.41706,43.69801],[-99.42179,43.69632],[-99.42722,43.69517],[-99.43382,43.69418],[-99.44428,43.69167],[-99.45057,43.6898],[-99.45626,43.68692],[-99.46878,43.67566],[-99.46916,43.67332],[-99.4691,43.6728],[-99.46413,43.66385],[-99.46203,43.65895],[-99.46093,43.65726],[-99.45881,43.6558],[-99.4556,43.65454],[-99.44986,43.65298],[-99.44258,43.65196],[-99.43449,43.65172],[-99.4294,43.65198],[-99.42159,43.6531],[-99.41738,43.65399],[-99.40403,43.65715],[-99.39134,43.65843],[-99.38313,43.65821],[-99.37726,43.6573],[-99.37538,43.65687],[-99.36683,43.65288],[-99.36038,43.64765],[-99.35564,43.64235],[-99.35136,43.63496],[-99.34837,43.62876],[-99.34737,43.625],[-99.34589,43.62087],[-99.34346,43.61597],[-99.34223,43.61065],[-99.34105,43.60201],[-99.34108,43.59317],[-99.34028,43.58589],[-99.3396,43.58093],[-99.33685,43.57491],[-99.33187,43.57074],[-99.32955,43.56805],[-99.3253,43.56249],[-99.32376,43.56113],[-99.3119,43.55412],[-99.30965,43.55131],[-99.29566,43.54212],[-99.28779,43.53561],[-99.28334,43.53115],[-99.2825,43.52966],[-99.28142,43.5258],[-99.2815,43.52423],[-99.28278,43.51832],[-99.28514,43.51392],[-99.29197,43.50458],[-99.29788,43.49986],[-99.298,43.49967],[-99.41493,43.4997],[-99.53448,43.4998],[-99.54535,43.49963],[-99.56341,43.49986],[-99.58332,43.49987],[-99.62358,43.49986],[-99.62344,43.57227],[-99.62342,43.58674],[-99.62344,43.62995],[-99.62343,43.6375],[-99.6236,43.64464],[-99.62354,43.65922],[-99.62365,43.66645],[-99.62375,43.67303],[-99.62341,43.67369],[-99.62346,43.68096],[-99.62374,43.71706],[-99.62372,43.72067],[-99.62359,43.74241],[-99.62362,43.74235],[-99.62522,43.74085],[-99.62688,43.74028],[-99.63112,43.73717],[-99.63603,43.73548],[-99.63832,43.73531],[-99.6415,43.73568],[-99.64356,43.73851],[-99.64192,43.74261],[-99.64212,43.7456],[-99.64121,43.74931],[-99.64151,43.75278],[-99.64375,43.75885],[-99.64524,43.76014],[-99.64749,43.76083],[-99.6533,43.76407],[-99.65583,43.76579],[-99.65903,43.76656],[-99.66188,43.76641],[-99.66573,43.76488],[-99.66744,43.76346],[-99.66735,43.76042],[-99.66559,43.75697],[-99.66549,43.75677],[-99.66527,43.75614],[-99.66509,43.75577],[-99.66494,43.75536],[-99.665,43.75471],[-99.66529,43.75331],[-99.6635,43.74906],[-99.66382,43.74523],[-99.66331,43.74343],[-99.66228,43.74261],[-99.66215,43.73608],[-99.66446,43.733],[-99.66824,43.7299],[-99.67131,43.72874],[-99.6754,43.72792],[-99.68018,43.72811],[-99.68435,43.7278],[-99.68655,43.72849],[-99.68947,43.73083],[-99.69068,43.73306],[-99.69024,43.73591],[-99.68883,43.73857],[-99.68711,43.74004],[-99.683,43.74492],[-99.68098,43.74935],[-99.6818,43.75077],[-99.68241,43.75401],[-99.6849,43.75718],[-99.68635,43.75828],[-99.69187,43.76042],[-99.69333,43.76049],[-99.69596,43.75931],[-99.69834,43.75721],[-99.70047,43.75349],[-99.70233,43.75204],[-99.70458,43.75138],[-99.70661,43.74994],[-99.7088,43.74587],[-99.7085,43.74456],[-99.71037,43.74213],[-99.71021,43.73981],[-99.70978,43.73724],[-99.71086,43.7331],[-99.71352,43.73137],[-99.71459,43.72963],[-99.72099,43.72577],[-99.72364,43.72186],[-99.7276,43.71941],[-99.72998,43.71883],[-99.73281,43.71917],[-99.73645,43.72067],[-99.74004,43.7233],[-99.73998,43.72474],[-99.73871,43.72508],[-99.73616,43.73199],[-99.73634,43.73443],[-99.7379,43.73671],[-99.73893,43.74071],[-99.73983,43.74141],[-99.73923,43.74404],[-99.74031,43.74705],[-99.74335,43.74842],[-99.74467,43.74874],[-99.74596,43.74876],[-99.75061,43.74768],[-99.75871,43.74248],[-99.76036,43.74106],[-99.76207,43.73959],[-99.76379,43.73669],[-99.76311,43.72985],[-99.76086,43.72752],[-99.7578,43.72613],[-99.75717,43.72436],[-99.75692,43.72093],[-99.75612,43.71961],[-99.75433,43.71797],[-99.75039,43.7165],[-99.74767,43.71539],[-99.74593,43.71363],[-99.74542,43.71087],[-99.74741,43.70996],[-99.75092,43.71043],[-99.75773,43.70864],[-99.76297,43.7102],[-99.76908,43.71296],[-99.7717,43.71336],[-99.77631,43.71085],[-99.78082,43.70977],[-99.78387,43.7097],[-99.7902,43.71064],[-99.79373,43.71151],[-99.79667,43.71166],[-99.7986,43.71164],[-99.79943,43.71078],[-99.79955,43.70892],[-99.79887,43.70629],[-99.79809,43.70378],[-99.79975,43.70197],[-99.8021,43.70059],[-99.81076,43.69917],[-99.8128,43.69848],[-99.81565,43.69708],[-99.82271,43.69477],[-99.8246,43.69396],[-99.82549,43.69378],[-99.828,43.69288],[-99.83256,43.69106],[-99.83782,43.68907],[-99.84139,43.68904],[-99.84344,43.69204],[-99.84553,43.69349],[-99.84692,43.69557],[-99.84965,43.69809],[-99.85302,43.7006],[-99.85657,43.70133],[-99.85971,43.70123],[-99.86122,43.70062],[-99.86194,43.69926],[-99.86066,43.69797],[-99.85843,43.69736],[-99.85369,43.69372],[-99.8517,43.69144],[-99.85101,43.68996],[-99.85163,43.68818],[-99.85259,43.68793],[-99.85381,43.68804],[-99.85723,43.69116],[-99.86198,43.69196],[-99.86668,43.69165],[-99.8724,43.68972],[-99.87312,43.68909],[-99.87275,43.68832],[-99.86826,43.68668],[-99.86432,43.68496],[-99.86205,43.68287],[-99.86208,43.67892],[-99.86696,43.67305],[-99.87064,43.67074],[-99.87174,43.67074],[-99.87529,43.67344],[-99.87873,43.67405],[-99.88442,43.67716],[-99.88779,43.67693],[-99.8893,43.67818],[-99.88821,43.68069],[-99.88549,43.68338],[-99.88504,43.68476],[-99.88509,43.68587],[-99.88591,43.68703],[-99.88765,43.68826],[-99.89127,43.69134],[-99.89199,43.69584],[-99.89356,43.6985],[-99.89822,43.70081],[-99.90195,43.70049],[-99.90318,43.70007],[-99.9068,43.69718],[-99.91492,43.69315],[-99.91994,43.68984],[-99.92541,43.68677],[-99.92752,43.68647],[-99.93034,43.6865],[-99.93219,43.68822],[-99.9317,43.68996],[-99.93172,43.69161],[-99.93232,43.69291],[-99.93308,43.6944],[-99.93549,43.69587],[-99.9412,43.69647],[-99.9452,43.69703],[-99.94707,43.69765],[-99.94998,43.69792],[-99.95497,43.69817],[-99.9556,43.69778],[-99.95486,43.69579],[-99.95541,43.69277],[-99.95668,43.69147],[-99.96195,43.68861],[-99.96537,43.68958],[-99.96564,43.69132],[-99.96724,43.6924],[-99.97057,43.69321],[-99.97377,43.69315],[-99.97516,43.69226],[-99.97585,43.69102],[-99.97619,43.68897],[-99.97756,43.68786],[-99.98135,43.68713],[-99.98253,43.68769],[-99.98345,43.68903],[-99.9853,43.69376],[-99.99044,43.69823],[-99.994,43.70028],[-99.99804,43.70197],[-99.9989,43.70185],[-99.99994,43.69997],[-99.99898,43.69695],[-100.0004,43.69378],[-100.00344,43.69238],[-100.00579,43.69216],[-100.00999,43.69376],[-100.01062,43.6966],[-100.00745,43.70209],[-100.00693,43.70473],[-100.00816,43.70675],[-100.01333,43.70784],[-100.01606,43.70699],[-100.01661,43.70675],[-100.01833,43.70498],[-100.01888,43.70427],[-100.01953,43.70364],[-100.0211,43.70271],[-100.02472,43.70104],[-100.03027,43.69781],[-100.03101,43.69757],[-100.0311,43.69754],[-100.03221,43.69798],[-100.03348,43.70158],[-100.03509,43.70275],[-100.04085,43.70447],[-100.04321,43.70442],[-100.04709,43.70306],[-100.04719,43.70222],[-100.04559,43.69786],[-100.04611,43.69444],[-100.04777,43.69318],[-100.05018,43.69221],[-100.0565,43.69297],[-100.06097,43.69197],[-100.06615,43.69149],[-100.06965,43.69227],[-100.07754,43.69203],[-100.07995,43.69117],[-100.08199,43.68705],[-100.08338,43.68585],[-100.08717,43.68519],[-100.0903,43.68674],[-100.09241,43.68859],[-100.10057,43.69259],[-100.10577,43.69436],[-100.10692,43.69403],[-100.10818,43.69209],[-100.1086,43.68832],[-100.10876,43.68767],[-100.11055,43.68585],[-100.11517,43.68543],[-100.11945,43.6883],[-100.12046,43.69001],[-100.12104,43.6943],[-100.12293,43.69646],[-100.12703,43.69939],[-100.12767,43.69978],[-100.12928,43.70125],[-100.1326,43.70318],[-100.13694,43.70365],[-100.14075,43.70421],[-100.14287,43.70408],[-100.14481,43.70327],[-100.14491,43.7018],[-100.14371,43.70039],[-100.14041,43.69873],[-100.13873,43.69689],[-100.14036,43.69452],[-100.14608,43.69622],[-100.14939,43.69893],[-100.15407,43.70172],[-100.15724,43.70301],[-100.1619,43.70439],[-100.16415,43.70436],[-100.16541,43.70507],[-100.17009,43.70596],[-100.17877,43.70592],[-100.18279,43.70654],[-100.18992,43.70616],[-100.19186,43.70553],[-100.19559,43.7053],[-100.19685,43.70444],[-100.1992,43.70137],[-100.19902,43.69951],[-100.1997,43.69818],[-100.20082,43.69498],[-100.20504,43.6883],[-100.2088,43.68353],[-100.20987,43.68331],[-100.21087,43.6836],[-100.2129,43.68635],[-100.21844,43.69104],[-100.22002,43.69175],[-100.22208,43.69347],[-100.22443,43.69736],[-100.22487,43.70245],[-100.22468,43.7062],[-100.22359,43.70896],[-100.2243,43.71215],[-100.22611,43.71453],[-100.23084,43.71386],[-100.23222,43.7137],[-100.23421,43.71215],[-100.23811,43.71059],[-100.24812,43.70536],[-100.25216,43.70317],[-100.25381,43.7029],[-100.25628,43.70421],[-100.25706,43.7053],[-100.2575,43.70677],[-100.25873,43.70847],[-100.26063,43.70911],[-100.26312,43.70931],[-100.26556,43.70916],[-100.26932,43.70766],[-100.27003,43.70611],[-100.27125,43.7052],[-100.27218,43.70476],[-100.27359,43.7027],[-100.27376,43.70117],[-100.2749,43.6997],[-100.28003,43.6968],[-100.28701,43.69714],[-100.29069,43.69873],[-100.29666,43.70599],[-100.29817,43.7101],[-100.29896,43.71349],[-100.30029,43.71633],[-100.30012,43.71702],[-100.30146,43.72013],[-100.3052,43.72331],[-100.30943,43.72301],[-100.3111,43.72187],[-100.3174,43.71938],[-100.32046,43.71776],[-100.32597,43.71661],[-100.32728,43.7159],[-100.33091,43.71563],[-100.33492,43.71598],[-100.33897,43.71694],[-100.34007,43.71736],[-100.34309,43.71781],[-100.34536,43.72003],[-100.34594,43.72545],[-100.34744,43.72767],[-100.34898,43.72853],[-100.35305,43.7297],[-100.35513,43.73079],[-100.35884,43.73438],[-100.36068,43.73524],[-100.36404,43.73575],[-100.36609,43.73772],[-100.3683,43.73903],[-100.36999,43.73921],[-100.37312,43.73859],[-100.37627,43.7333],[-100.37838,43.73151],[-100.37728,43.72828],[-100.37944,43.72653],[-100.38133,43.72609],[-100.38426,43.72624],[-100.38771,43.72603],[-100.38945,43.72818],[-100.39226,43.73005],[-100.39581,43.73087],[-100.40132,43.73087],[-100.41006,43.73346],[-100.41543,43.73558],[-100.41833,43.73536],[-100.41804,43.73393],[-100.41433,43.73081],[-100.41299,43.7278],[-100.41304,43.72618],[-100.414,43.72315],[-100.41614,43.72036],[-100.41949,43.71803],[-100.42178,43.71816],[-100.42363,43.71916],[-100.42434,43.72031],[-100.42726,43.72282],[-100.43043,43.72391],[-100.43327,43.72463],[-100.43652,43.72675],[-100.43836,43.72869],[-100.44283,43.73209],[-100.44508,43.73243],[-100.4469,43.73179],[-100.44902,43.72595],[-100.45214,43.7225],[-100.45627,43.7211],[-100.46011,43.72105],[-100.46077,43.72116],[-100.46126,43.72172],[-100.46341,43.72334],[-100.46796,43.72266],[-100.47201,43.72123],[-100.47389,43.72123],[-100.47326,43.72171],[-100.46808,43.7252],[-100.46515,43.72968],[-100.46558,43.73251],[-100.4669,43.7342],[-100.46898,43.7362],[-100.47126,43.73682],[-100.47133,43.73127],[-100.47355,43.72805],[-100.4753,43.72716],[-100.48114,43.72841],[-100.48443,43.73214],[-100.48574,43.73574],[-100.48948,43.73821],[-100.49116,43.7378],[-100.49307,43.73515],[-100.49546,43.73282],[-100.49863,43.73086],[-100.50341,43.72973],[-100.50464,43.7288],[-100.50694,43.72873],[-100.50825,43.72978],[-100.50964,43.72884],[-100.51223,43.72927],[-100.51673,43.73072],[-100.51642,43.73231],[-100.5177,43.7332],[-100.51714,43.73456],[-100.5147,43.73554],[-100.51445,43.73717],[-100.51591,43.73839],[-100.5151,43.74072],[-100.51684,43.74287],[-100.52046,43.74569],[-100.5221,43.74627],[-100.5266,43.74595],[-100.52863,43.74483],[-100.53082,43.74242],[-100.53436,43.73933],[-100.53966,43.73729],[-100.5415,43.73678],[-100.54649,43.73698],[-100.5498,43.73772],[-100.55469,43.73725],[-100.55542,43.7384],[-100.56052,43.74071],[-100.56137,43.74375],[-100.55889,43.74313],[-100.55475,43.74108],[-100.5527,43.74139],[-100.55174,43.74174],[-100.55108,43.74232],[-100.55061,43.74298],[-100.55033,43.74371],[-100.55052,43.74466],[-100.5503,43.7449],[-100.54966,43.74739],[-100.55043,43.75128],[-100.55211,43.75482],[-100.55354,43.75606],[-100.55549,43.75584],[-100.56185,43.75325],[-100.56997,43.75251],[-100.57291,43.75305],[-100.57339,43.75568],[-100.57565,43.76101],[-100.57762,43.76379],[-100.58227,43.76749],[-100.5862,43.76902],[-100.5879,43.76929],[-100.59047,43.76899],[-100.5922,43.76864],[-100.59464,43.76549],[-100.59675,43.76559],[-100.60106,43.76493],[-100.60247,43.76296],[-100.60577,43.76178],[-100.61113,43.75862],[-100.61051,43.75756],[-100.6106,43.75427],[-100.61134,43.7539],[-100.61027,43.7534],[-100.61018,43.75165],[-100.61142,43.75104],[-100.61022,43.74983],[-100.61108,43.748],[-100.61409,43.74531],[-100.61847,43.74334],[-100.62381,43.74432],[-100.62485,43.74353],[-100.63284,43.74065],[-100.63502,43.74021],[-100.63568,43.73886],[-100.63928,43.73814],[-100.6425,43.73814],[-100.64495,43.73953],[-100.64477,43.74135],[-100.64027,43.74004],[-100.63829,43.74026],[-100.63698,43.74209],[-100.63793,43.74632],[-100.63954,43.74786],[-100.64199,43.74895],[-100.64785,43.74867],[-100.65066,43.74961],[-100.6522,43.74941],[-100.65569,43.74829],[-100.65851,43.74691],[-100.66586,43.74157],[-100.66761,43.73987],[-100.66903,43.73687],[-100.66885,43.7344],[-100.6624,43.73557],[-100.65694,43.73579],[-100.6535,43.73484],[-100.65304,43.73173],[-100.65546,43.73054],[-100.66149,43.72897],[-100.66246,43.72807],[-100.67058,43.72523],[-100.6709,43.72491],[-100.67447,43.72307],[-100.67748,43.72271],[-100.67848,43.72179],[-100.67834,43.72017],[-100.67677,43.71704],[-100.67666,43.71375],[-100.67985,43.71164],[-100.68531,43.71257],[-100.68715,43.71399],[-100.68978,43.71379],[-100.69429,43.71624],[-100.69755,43.71636],[-100.69835,43.71911],[-100.69615,43.72223],[-100.69592,43.72399],[-100.69672,43.72479],[-100.69815,43.72583],[-100.69926,43.72607],[-100.69975,43.72581],[-100.70176,43.72689],[-100.70279,43.72699],[-100.70318,43.72629],[-100.70148,43.72483],[-100.70106,43.72425],[-100.70467,43.72045],[-100.70403,43.71933],[-100.70677,43.71806],[-100.70946,43.71796],[-100.71277,43.71999],[-100.71608,43.72039],[-100.71925,43.71703],[-100.71907,43.71535],[-100.72271,43.71142],[-100.72383,43.71172],[-100.72378,43.71329],[-100.7225,43.71509],[-100.72305,43.71615],[-100.72544,43.71715],[-100.72489,43.71888],[-100.72702,43.72148],[-100.73151,43.72148],[-100.73396,43.72091],[-100.73797,43.72069],[-100.73858,43.72003],[-100.73948,43.71943],[-100.73885,43.7173],[-100.73671,43.71665],[-100.72962,43.71618],[-100.72738,43.714],[-100.72772,43.71131],[-100.73017,43.7086],[-100.73362,43.70746],[-100.735,43.70762],[-100.73905,43.71297],[-100.74253,43.71617],[-100.74266,43.71689],[-100.74408,43.71927],[-100.74679,43.71937],[-100.74832,43.72044],[-100.75339,43.72211],[-100.75379,43.72292],[-100.7525,43.72447],[-100.75162,43.72408],[-100.74323,43.72823],[-100.7417,43.73138],[-100.7431,43.73185],[-100.74477,43.73421],[-100.74492,43.73857],[-100.74742,43.73857],[-100.74774,43.73524],[-100.75015,43.7342],[-100.75364,43.73542],[-100.75419,43.73703],[-100.75763,43.73908],[-100.761,43.73922],[-100.76017,43.73707],[-100.75616,43.73506],[-100.75548,43.73297],[-100.75841,43.73114],[-100.76142,43.73105],[-100.76466,43.7324],[-100.76772,43.73175],[-100.77249,43.7272],[-100.77657,43.72458],[-100.77951,43.72406],[-100.78007,43.724],[-100.78051,43.72398],[-100.7834,43.72458],[-100.78524,43.72489],[-100.78788,43.72512],[-100.78843,43.72532],[-100.78963,43.72544],[-100.79002,43.72561],[-100.79219,43.72719],[-100.78968,43.7292],[-100.78586,43.72816],[-100.78419,43.72767],[-100.78093,43.72897],[-100.77736,43.72852],[-100.77531,43.72927],[-100.77734,43.73149],[-100.78186,43.73113],[-100.78389,43.73055],[-100.7875,43.7305],[-100.79018,43.73223],[-100.79481,43.73372],[-100.79524,43.73438],[-100.79295,43.73535],[-100.79049,43.73469],[-100.78845,43.73485],[-100.78646,43.73731],[-100.78675,43.74018],[-100.78799,43.74045],[-100.7899,43.74243],[-100.79388,43.74017],[-100.79548,43.74025],[-100.79867,43.74265],[-100.80043,43.74331],[-100.80212,43.74279],[-100.80408,43.74332],[-100.8048,43.7444],[-100.80479,43.74778],[-100.80426,43.74924],[-100.80178,43.74959],[-100.80106,43.74795],[-100.79895,43.74696],[-100.79629,43.74756],[-100.79458,43.75122],[-100.79573,43.75406],[-100.79694,43.75534],[-100.79862,43.75549],[-100.80186,43.75395],[-100.80369,43.75436],[-100.80507,43.75559],[-100.80629,43.75813],[-100.80573,43.76352],[-100.80752,43.7661],[-100.80906,43.76697],[-100.81407,43.76673],[-100.82487,43.76849],[-100.82915,43.76899],[-100.83422,43.76896],[-100.83663,43.76831],[-100.8367,43.76721],[-100.83413,43.76397],[-100.83431,43.76257],[-100.83781,43.75906],[-100.83981,43.75923],[-100.84131,43.76018],[-100.84034,43.76214],[-100.84076,43.7634],[-100.83985,43.76648],[-100.84082,43.76779],[-100.84413,43.76772],[-100.84547,43.76828],[-100.84554,43.76957],[-100.84859,43.7754],[-100.85171,43.78011],[-100.85507,43.78379],[-100.8614,43.78879],[-100.86308,43.78922],[-100.86511,43.78862],[-100.86641,43.78372],[-100.8676,43.78142],[-100.87057,43.7803],[-100.87551,43.78079],[-100.87607,43.78162],[-100.8769,43.78284],[-100.87728,43.78524],[-100.87655,43.78655],[-100.87274,43.78781],[-100.872,43.78907],[-100.87348,43.79153],[-100.87294,43.79265],[-100.87427,43.79436],[-100.87304,43.79673],[-100.8747,43.80026],[-100.87694,43.80119],[-100.88074,43.80165],[-100.88397,43.80132],[-100.88435,43.79942],[-100.88339,43.79785],[-100.88278,43.79489],[-100.88505,43.79187],[-100.89003,43.79174],[-100.89388,43.79253],[-100.89501,43.79287],[-100.90162,43.79409],[-100.90191,43.79627],[-100.89701,43.79586],[-100.89289,43.79742],[-100.89385,43.8006],[-100.89642,43.80033],[-100.90219,43.80046],[-100.90483,43.80012],[-100.90806,43.80091],[-100.90915,43.80177],[-100.91238,43.80705],[-100.91209,43.80899],[-100.90889,43.80946],[-100.90656,43.80634],[-100.90481,43.80519],[-100.90232,43.8046],[-100.90009,43.80492],[-100.89757,43.80695],[-100.897,43.80878],[-100.89779,43.81202],[-100.8999,43.81374],[-100.9046,43.81429],[-100.90722,43.81376],[-100.90908,43.81232],[-100.91187,43.81167],[-100.9125,43.8125],[-100.91658,43.81432],[-100.91822,43.822],[-100.9198,43.82385],[-100.92367,43.82626],[-100.92994,43.8309],[-100.93233,43.83127],[-100.93634,43.8314],[-100.93772,43.83136],[-100.94057,43.8309],[-100.94094,43.82874],[-100.94128,43.82776],[-100.94135,43.82762],[-100.94177,43.82682],[-100.94286,43.82519],[-100.94326,43.82442],[-100.94388,43.81914],[-100.94484,43.81627],[-100.94695,43.81392],[-100.95281,43.81118],[-100.95775,43.81008],[-100.96021,43.81059],[-100.9602,43.81172],[-100.95784,43.81216],[-100.95624,43.81187],[-100.95426,43.81286],[-100.95368,43.81407],[-100.95365,43.81646],[-100.95401,43.81729],[-100.95599,43.81807],[-100.95758,43.81694],[-100.9602,43.81591],[-100.9646,43.81593],[-100.9674,43.81676],[-100.97011,43.81761],[-100.97272,43.82162],[-100.97298,43.82461],[-100.97376,43.82682],[-100.9718,43.82824],[-100.96868,43.82816],[-100.96781,43.82715],[-100.96529,43.82628],[-100.96214,43.82709],[-100.95985,43.82899],[-100.95933,43.83267],[-100.96072,43.83616],[-100.96193,43.83621],[-100.96358,43.83357],[-100.96561,43.83242],[-100.96985,43.83111],[-100.97254,43.83088],[-100.97727,43.83182],[-100.97876,43.83228],[-100.9815,43.8333],[-100.98224,43.83333],[-100.98382,43.83457],[-100.9811,43.83617],[-100.98056,43.83714],[-100.98218,43.83964],[-100.98385,43.84056],[-100.98655,43.84084],[-100.98722,43.84226],[-100.98541,43.84705],[-100.98703,43.84913],[-100.99218,43.85012],[-100.99555,43.84979],[-100.99977,43.84708],[-101.00204,43.84701],[-101.00225,43.84627],[-101.00443,43.84476],[-101.00623,43.84438],[-101.01123,43.84124],[-101.01325,43.84326],[-101.01869,43.84312],[-101.02349,43.84157],[-101.03145,43.84301],[-101.03232,43.84521],[-101.0308,43.8483],[-101.02718,43.8495],[-101.02494,43.85234],[-101.02971,43.85775],[-101.03138,43.8579],[-101.03298,43.85635],[-101.03303,43.85465],[-101.03484,43.85193],[-101.03992,43.85107],[-101.04098,43.85098],[-101.04283,43.85265],[-101.04533,43.85252],[-101.04769,43.85166],[-101.05005,43.85163],[-101.0511,43.85424],[-101.05578,43.85456],[-101.05858,43.85383],[-101.05896,43.8523],[-101.05695,43.84908],[-101.0586,43.84535],[-101.05864,43.84532],[-101.059,43.84517],[-101.06242,43.84416],[-101.06433,43.84109],[-101.06872,43.84021],[-101.07083,43.84163],[-101.06804,43.84374],[-101.06886,43.84532],[-101.07222,43.84441],[-101.07434,43.84296],[-101.07671,43.84217],[-101.08204,43.84162],[-101.08442,43.84133],[-101.08671,43.84181],[-101.08807,43.84339],[-101.08452,43.84474],[-101.08337,43.84572],[-101.08324,43.84779],[-101.0855,43.84942],[-101.08777,43.84933],[-101.09313,43.84702],[-101.09607,43.8452],[-101.09658,43.84406],[-101.09893,43.84411],[-101.10128,43.84706],[-101.10314,43.84763],[-101.1069,43.84708],[-101.10797,43.84617],[-101.10685,43.84352],[-101.10383,43.84158],[-101.1031,43.8403],[-101.10327,43.83817],[-101.10709,43.83674],[-101.10992,43.83804],[-101.11176,43.83956],[-101.11515,43.8411],[-101.1191,43.84197],[-101.12123,43.84196],[-101.12123,43.84324],[-101.12484,43.84433],[-101.12678,43.84336],[-101.12765,43.84052],[-101.13155,43.84143],[-101.13794,43.84132],[-101.14028,43.83993],[-101.14264,43.83466],[-101.14152,43.83236],[-101.13919,43.83146],[-101.13678,43.83151],[-101.13439,43.8306],[-101.13455,43.82792],[-101.1369,43.82527],[-101.13721,43.82372],[-101.139,43.82207],[-101.14236,43.81999],[-101.14655,43.81933],[-101.14914,43.8181],[-101.15217,43.81769],[-101.15564,43.81675],[-101.15865,43.81688],[-101.16143,43.81806],[-101.16136,43.81924],[-101.15799,43.81934],[-101.15504,43.82014],[-101.15312,43.82256],[-101.15347,43.82438],[-101.15609,43.8269],[-101.15823,43.82727],[-101.16072,43.8288],[-101.16149,43.83003],[-101.16423,43.83043],[-101.16582,43.83023],[-101.16607,43.82876],[-101.165,43.82801],[-101.16449,43.82778],[-101.16372,43.82734],[-101.16319,43.82545],[-101.16444,43.82426],[-101.16823,43.82369],[-101.16976,43.82244],[-101.17058,43.81732],[-101.17059,43.81525],[-101.1689,43.81015],[-101.17172,43.80724],[-101.17349,43.80656],[-101.17552,43.80746],[-101.17501,43.80856],[-101.17313,43.80999],[-101.17239,43.81137],[-101.17173,43.81623],[-101.17383,43.81797],[-101.17622,43.81871],[-101.1785,43.81883],[-101.1806,43.81837],[-101.18128,43.81611],[-101.18118,43.81373],[-101.17935,43.81347],[-101.17767,43.81487],[-101.17611,43.81507],[-101.17425,43.81397],[-101.17475,43.81207],[-101.1758,43.81138],[-101.17903,43.81321],[-101.18126,43.81132],[-101.18218,43.80925],[-101.18195,43.8065],[-101.18269,43.80537],[-101.18427,43.80478],[-101.18826,43.80455],[-101.18933,43.80287],[-101.19114,43.80267],[-101.19457,43.80427],[-101.19584,43.80675],[-101.19563,43.80773],[-101.19672,43.81043],[-101.19815,43.81165],[-101.20022,43.81248],[-101.20355,43.81278],[-101.20601,43.81211],[-101.20871,43.80954],[-101.20872,43.80637],[-101.21272,43.80429],[-101.21382,43.80477],[-101.2167,43.80435],[-101.21823,43.8027],[-101.21641,43.80081],[-101.21661,43.79882],[-101.21996,43.79799],[-101.2247,43.79728],[-101.22824,43.79563],[-101.22736,43.7913],[-101.22813,43.789],[-101.22814,43.78045],[-101.2281,43.7551],[-101.22812,43.73719],[-101.22812,43.73339],[-101.22809,43.69357],[-101.22809,43.66823],[-101.22812,43.65055],[-101.22818,43.61758],[-101.22818,43.60665],[-101.22824,43.59224],[-101.22832,43.56301],[-101.22829,43.4909],[-101.22833,43.48359],[-101.22833,43.47638],[-101.22839,43.43262],[-101.22823,43.38918],[-101.49847,43.38914],[-101.502,43.38902],[-101.7346,43.38899],[-101.75041,43.38909],[-101.75833,43.38893],[-101.87096,43.38934],[-101.87435,43.38935],[-101.87543,43.38984],[-101.92948,43.38937],[-101.93059,43.38931],[-101.98056,43.3895],[-101.98959,43.38953],[-102.00041,43.39017],[-102.11082,43.3899],[-102.11078,43.44257],[-102.11049,43.44706],[-102.11113,43.47683],[-102.1239,43.47679],[-102.12547,43.47667],[-102.13905,43.47668],[-102.13922,43.47888],[-102.13899,43.67417],[-102.13916,43.70095],[-102.1402,43.70064],[-102.14324,43.70224]]],[[[-97.12901,43.81195],[-97.12904,43.82982],[-97.12907,43.83349],[-97.1291,43.84085],[-97.12909,43.84797],[-97.00897,43.84821],[-96.9555,43.84833],[-96.95056,43.84834],[-96.93143,43.84834],[-96.92882,43.84835],[-96.91038,43.84835],[-96.89022,43.84836],[-96.88866,43.84839],[-96.86065,43.84827],[-96.85092,43.84826],[-96.82866,43.84824],[-96.77125,43.84826],[-96.76885,43.84825],[-96.72773,43.84821],[-96.70721,43.84844],[-96.70441,43.84818],[-96.65765,43.84841],[-96.65114,43.84827],[-96.648,43.84821],[-96.63804,43.84786],[-96.63177,43.8479],[-96.53209,43.84752],[-96.52692,43.84754],[-96.50476,43.84769],[-96.4919,43.84836],[-96.49127,43.84821],[-96.49077,43.8483],[-96.48858,43.84851],[-96.47909,43.84862],[-96.47013,43.84909],[-96.45326,43.8495],[-96.45309,43.80512],[-96.45328,43.79144],[-96.45331,43.76217],[-96.45338,43.68964],[-96.45339,43.68239],[-96.45341,43.67501],[-96.45341,43.67496],[-96.4534,43.64593],[-96.45339,43.60994],[-96.45336,43.60754],[-96.45338,43.58818],[-96.45338,43.58804],[-96.45337,43.5877],[-96.45335,43.58704],[-96.45335,43.58146],[-96.45334,43.57994],[-96.45334,43.57514],[-96.45326,43.50039],[-96.52127,43.5004],[-96.53167,43.50041],[-96.57395,43.50045],[-96.59893,43.50046],[-96.59893,43.50044],[-96.59933,43.50046],[-96.60147,43.50045],[-96.60307,43.50044],[-96.6091,43.50043],[-96.61916,43.50041],[-96.62894,43.50041],[-96.63139,43.5004],[-96.64515,43.50036],[-96.64984,43.50035],[-96.65144,43.50035],[-96.66882,43.50034],[-96.6734,43.50032],[-96.6814,43.50033],[-96.68781,43.50034],[-96.69616,43.50037],[-96.70766,43.50037],[-96.71687,43.50034],[-96.72954,43.50034],[-96.73111,43.5003],[-96.74803,43.50038],[-96.77101,43.50034],[-96.78821,43.5003],[-96.79082,43.50028],[-96.80026,43.50029],[-96.80626,43.50031],[-96.80726,43.50031],[-96.80928,43.50032],[-96.81079,43.50032],[-96.81709,43.5003],[-96.82406,43.50028],[-96.82654,43.50027],[-96.83066,43.50029],[-96.8664,43.50016],[-96.86669,43.50017],[-96.87046,43.50015],[-96.87316,43.50013],[-96.88128,43.5001],[-96.88244,43.5001],[-96.88425,43.50009],[-96.88663,43.50009],[-96.89008,43.50012],[-96.91028,43.50005],[-96.92484,43.50001],[-96.93043,43.49999],[-96.97018,43.49983],[-96.98408,43.49979],[-97.00975,43.49983],[-97.02975,43.49978],[-97.04307,43.49978],[-97.12231,43.49968],[-97.12948,43.49968],[-97.12942,43.50689],[-97.1295,43.52863],[-97.12947,43.5433],[-97.12946,43.55774],[-97.12924,43.57543],[-97.12928,43.58683],[-97.1293,43.63053],[-97.12921,43.66682],[-97.12946,43.67408],[-97.12944,43.67475],[-97.12951,43.74627],[-97.12912,43.74994],[-97.12902,43.76113],[-97.12916,43.79012],[-97.12901,43.81195]]]]}},{"type":"Feature","properties":{"name":"Rosebud Sioux Tribe Transit","boundary_type":"tribal","source":"Census TIGER AIANNH area","fidelity":"exact","updated":"2026-09","units":"Rosebud Indian Reservation and Off-Reservation Trust Land","note":"Service area is Rosebud Sioux Reservation spanning Todd and Mellette counties","confidence":0.9},"geometry":{"type":"MultiPolygon","coordinates":[[[[-100.93768,43.40407],[-100.94761,43.40404],[-100.94761,43.41127],[-100.93768,43.4113],[-100.93768,43.40407]]],[[[-101.10828,43.42542],[-101.11821,43.42541],[-101.11823,43.43261],[-101.10829,43.43259],[-101.10828,43.42542]]],[[[-101.11823,43.43261],[-101.13794,43.4327],[-101.13794,43.43994],[-101.11825,43.43992],[-101.11823,43.43261]]],[[[-101.15776,43.43994],[-101.14802,43.43993],[-101.14802,43.43272],[-101.15773,43.43275],[-101.15791,43.43446],[-101.15776,43.43994]]],[[[-100.96754,43.45457],[-100.9377,43.4547],[-100.93769,43.44746],[-100.94764,43.44742],[-100.94763,43.4438],[-100.94763,43.44019],[-100.94825,43.44018],[-100.95758,43.44014],[-100.95758,43.44738],[-100.96753,43.44733],[-100.96754,43.45457]]],[[[-101.00727,43.46169],[-101.00727,43.46687],[-101.00727,43.46893],[-101.00231,43.46894],[-100.97748,43.46902],[-100.97747,43.46178],[-101.00727,43.46169]]],[[[-100.96755,43.46906],[-100.95761,43.46909],[-100.9576,43.46185],[-100.95834,43.46185],[-100.96754,43.46182],[-100.96755,43.46906]]],[[[-101.16775,43.47621],[-101.16093,43.47633],[-101.15782,43.47624],[-101.15778,43.46898],[-101.16776,43.46898],[-101.16775,43.47621]]],[[[-101.18764,43.469],[-101.18267,43.46899],[-101.18267,43.46716],[-101.18142,43.46716],[-101.18142,43.46898],[-101.17769,43.46897],[-101.17771,43.46079],[-101.17647,43.46079],[-101.17646,43.46162],[-101.15776,43.46171],[-101.15778,43.46898],[-101.12828,43.46896],[-101.12831,43.47629],[-101.14979,43.47628],[-101.14985,43.49082],[-101.12498,43.49083],[-101.12499,43.49802],[-101.12996,43.49802],[-101.12998,43.5125],[-101.13994,43.5125],[-101.13995,43.51973],[-101.12002,43.51973],[-101.12002,43.50526],[-101.11006,43.50526],[-101.11006,43.51973],[-101.10009,43.51972],[-101.1001,43.50526],[-101.09013,43.50525],[-101.09013,43.51972],[-101.06023,43.51976],[-101.06023,43.51253],[-101.07019,43.51251],[-101.07019,43.49803],[-101.06022,43.49805],[-101.06023,43.50529],[-101.02097,43.50532],[-101.0104,43.5053],[-101.0104,43.49805],[-101.02056,43.49807],[-101.03032,43.49806],[-101.03032,43.49082],[-101.02029,43.49082],[-101.00044,43.4908],[-101.00041,43.47628],[-101.00727,43.47628],[-101.00727,43.46893],[-101.01722,43.46891],[-101.01722,43.4763],[-101.02079,43.47626],[-101.02702,43.47631],[-101.02704,43.46888],[-101.03879,43.46888],[-101.03878,43.4616],[-101.04872,43.46157],[-101.04874,43.46887],[-101.05865,43.46887],[-101.0587,43.47633],[-101.04023,43.47633],[-101.04028,43.49082],[-101.06022,43.49081],[-101.06025,43.47632],[-101.06862,43.47632],[-101.0686,43.46888],[-101.06362,43.46888],[-101.0636,43.46154],[-101.07355,43.46153],[-101.07352,43.4544],[-101.05862,43.45438],[-101.05861,43.44716],[-101.06848,43.44714],[-101.06858,43.43989],[-101.11825,43.43992],[-101.11828,43.44717],[-101.1282,43.4472],[-101.12822,43.45445],[-101.15778,43.45444],[-101.17764,43.45444],[-101.17777,43.44718],[-101.18768,43.44718],[-101.18767,43.45444],[-101.19759,43.45444],[-101.19758,43.46543],[-101.19263,43.46539],[-101.19261,43.46901],[-101.19759,43.46902],[-101.20763,43.46903],[-101.20767,43.46958],[-101.20755,43.47641],[-101.19955,43.47641],[-101.19956,43.48355],[-101.22833,43.48359],[-101.22829,43.4909],[-101.19958,43.49082],[-101.19961,43.49803],[-101.18467,43.49803],[-101.18466,43.49082],[-101.17844,43.49082],[-101.17843,43.48898],[-101.17967,43.48897],[-101.17964,43.47637],[-101.18761,43.4764],[-101.18764,43.469]],[[-101.11818,43.44717],[-101.08843,43.44704],[-101.08844,43.45441],[-101.09819,43.45441],[-101.09821,43.46158],[-101.11831,43.46163],[-101.11829,43.44968],[-101.11828,43.44717],[-101.11818,43.44717]],[[-101.11006,43.49084],[-101.12001,43.49083],[-101.12002,43.47992],[-101.11008,43.47993],[-101.11006,43.49084]],[[-101.09877,43.47634],[-101.09823,43.47598],[-101.09821,43.4689],[-101.08849,43.4689],[-101.08852,43.47635],[-101.0802,43.47635],[-101.08019,43.48355],[-101.09994,43.48355],[-101.09961,43.47634],[-101.09877,43.47634]],[[-101.08847,43.46426],[-101.08846,43.46155],[-101.07851,43.46153],[-101.07855,43.46889],[-101.08352,43.46889],[-101.08849,43.4689],[-101.08847,43.46426]]],[[[-101.17381,43.48941],[-101.17557,43.48941],[-101.17558,43.49082],[-101.17382,43.49082],[-101.17381,43.48941]]],[[[-100.96055,43.47746],[-100.96055,43.47622],[-100.9805,43.47623],[-100.98051,43.47705],[-100.98053,43.48354],[-100.99039,43.48356],[-100.9905,43.49079],[-100.98056,43.49078],[-100.98055,43.49802],[-100.97058,43.49803],[-100.97059,43.49079],[-100.96062,43.49079],[-100.9606,43.50527],[-100.95066,43.50528],[-100.95064,43.48355],[-100.96058,43.48355],[-100.96055,43.47746]]],[[[-101.17223,43.49082],[-101.16974,43.49082],[-101.16978,43.50165],[-101.16979,43.50528],[-101.16956,43.50528],[-101.15985,43.50528],[-101.1597,43.48349],[-101.16972,43.48355],[-101.16974,43.48896],[-101.17222,43.48896],[-101.17223,43.49082]]],[[[-100.93449,43.49959],[-100.94074,43.49959],[-100.94075,43.50321],[-100.9345,43.50321],[-100.93449,43.49959]]],[[[-100.93451,43.50682],[-100.94076,43.50683],[-100.94077,43.51046],[-100.93453,43.51044],[-100.93451,43.50682]]],[[[-100.94567,43.51252],[-100.95065,43.51252],[-100.95064,43.51976],[-100.94079,43.51977],[-100.94078,43.51614],[-100.94567,43.51614],[-100.94567,43.51252]]],[[[-101.02037,43.51981],[-101.02037,43.51693],[-101.02037,43.51256],[-101.03032,43.51255],[-101.03032,43.51979],[-101.02037,43.51981]]],[[[-100.96059,43.52701],[-100.96059,43.52296],[-100.96059,43.51976],[-100.96557,43.51976],[-100.96557,43.527],[-100.96059,43.52701]]],[[[-101.12003,43.53782],[-101.11504,43.53782],[-101.11505,43.54144],[-101.11006,43.54144],[-101.11006,43.5342],[-101.09013,43.5342],[-101.09013,43.51972],[-101.10009,43.51972],[-101.10009,43.52696],[-101.12003,43.52697],[-101.12003,43.53782]]],[[[-100.98549,43.527],[-100.99047,43.52699],[-100.99047,43.53424],[-100.98549,43.53424],[-100.98549,43.527]]],[[[-101.0702,43.52699],[-101.08017,43.52696],[-101.08017,43.54145],[-101.06018,43.54146],[-101.06015,43.53426],[-101.0702,43.53423],[-101.0702,43.52699]]],[[[-101.12501,43.53421],[-101.12999,43.53421],[-101.12999,43.53783],[-101.12501,43.53782],[-101.12501,43.53421]]],[[[-101.11006,43.54144],[-101.11006,43.54201],[-101.11006,43.54506],[-101.1001,43.54507],[-101.10009,43.54145],[-101.10919,43.54144],[-101.11006,43.54144]]],[[[-101.09512,43.54869],[-101.09013,43.54869],[-101.09013,43.54145],[-101.09511,43.54145],[-101.09512,43.54693],[-101.09512,43.54869]]],[[[-101.21961,43.54865],[-101.2196,43.54522],[-101.2196,43.54514],[-101.22461,43.54516],[-101.2247,43.54872],[-101.22358,43.54875],[-101.21974,43.54865],[-101.21961,43.54865]]],[[[-101.11013,43.56319],[-101.10016,43.56319],[-101.10016,43.57043],[-101.09018,43.57044],[-101.09016,43.55593],[-101.1101,43.55592],[-101.11007,43.54868],[-101.12003,43.54867],[-101.12003,43.54144],[-101.13996,43.54146],[-101.13996,43.54507],[-101.14995,43.54505],[-101.14995,43.54867],[-101.14495,43.54868],[-101.14498,43.55278],[-101.14499,43.55592],[-101.14,43.55593],[-101.12007,43.55591],[-101.12011,43.56318],[-101.13008,43.56318],[-101.13008,43.57042],[-101.11014,43.57043],[-101.11013,43.56319]]],[[[-101.14499,43.55592],[-101.14998,43.55591],[-101.15,43.55953],[-101.15997,43.55951],[-101.15998,43.56317],[-101.14503,43.56318],[-101.14501,43.55954],[-101.14499,43.55592]]],[[[-101.05026,43.55598],[-101.06025,43.55598],[-101.06024,43.56322],[-101.05027,43.56322],[-101.05026,43.55598]]],[[[-101.04028,43.55598],[-101.04527,43.55598],[-101.04529,43.56323],[-101.04027,43.56323],[-101.04028,43.55598]]],[[[-101.00042,43.56322],[-101.01037,43.56322],[-101.01037,43.56336],[-101.01036,43.57046],[-101.00048,43.57046],[-101.00042,43.5634],[-101.00042,43.56322]]],[[[-101.2097,43.6212],[-101.21967,43.62121],[-101.21972,43.63927],[-101.20974,43.63923],[-101.20971,43.62837],[-101.19978,43.62833],[-101.19975,43.63556],[-101.17983,43.63552],[-101.17981,43.62104],[-101.17002,43.62105],[-101.17003,43.62829],[-101.16006,43.6283],[-101.16005,43.62106],[-101.14012,43.62106],[-101.14011,43.61745],[-101.13013,43.61746],[-101.13012,43.61022],[-101.1401,43.61021],[-101.1401,43.6066],[-101.10517,43.60663],[-101.10517,43.60301],[-101.11016,43.60301],[-101.11015,43.59939],[-101.17,43.59934],[-101.17001,43.60657],[-101.19224,43.6066],[-101.19224,43.59755],[-101.17977,43.59753],[-101.17977,43.59211],[-101.15005,43.59212],[-101.15005,43.5885],[-101.14506,43.58851],[-101.14506,43.58489],[-101.16001,43.58487],[-101.15999,43.57764],[-101.18972,43.57765],[-101.18972,43.56294],[-101.17813,43.56292],[-101.16994,43.56316],[-101.16993,43.55591],[-101.17975,43.55592],[-101.17974,43.54145],[-101.16989,43.54144],[-101.16991,43.54867],[-101.15994,43.54865],[-101.15992,43.53419],[-101.1649,43.5342],[-101.16489,43.53058],[-101.15492,43.53058],[-101.15493,43.5342],[-101.13996,43.53422],[-101.13995,43.51973],[-101.16984,43.51975],[-101.16986,43.52698],[-101.17974,43.52699],[-101.17973,43.51976],[-101.18969,43.51981],[-101.18968,43.51252],[-101.16982,43.51251],[-101.16979,43.50528],[-101.17971,43.50528],[-101.17971,43.5016],[-101.19962,43.50165],[-101.19963,43.50527],[-101.20458,43.50528],[-101.20461,43.5089],[-101.20958,43.50892],[-101.20957,43.50529],[-101.21951,43.50532],[-101.21953,43.51256],[-101.20958,43.51254],[-101.20959,43.51982],[-101.21955,43.51981],[-101.21956,43.53066],[-101.20961,43.53065],[-101.20965,43.54874],[-101.21961,43.54865],[-101.21961,43.56299],[-101.22053,43.56299],[-101.22832,43.56301],[-101.22824,43.59224],[-101.21962,43.59223],[-101.21962,43.58138],[-101.21962,43.57772],[-101.20966,43.57769],[-101.20966,43.58131],[-101.19971,43.58127],[-101.19971,43.58871],[-101.19972,43.61385],[-101.20969,43.6139],[-101.2097,43.6212]],[[-101.19968,43.55597],[-101.20108,43.55597],[-101.20172,43.55594],[-101.20536,43.55597],[-101.20553,43.55423],[-101.20526,43.55235],[-101.19968,43.55235],[-101.19968,43.55597]],[[-101.1725,43.61291],[-101.17133,43.61291],[-101.17001,43.61291],[-101.17001,43.61381],[-101.17251,43.61381],[-101.1725,43.61291]]],[[[-100.97041,43.57789],[-100.98036,43.57789],[-100.98035,43.59218],[-100.97047,43.59217],[-100.97041,43.57789]]],[[[-101.11014,43.59215],[-101.10017,43.59215],[-101.10017,43.58491],[-101.10559,43.58491],[-101.11014,43.58491],[-101.11014,43.59215]]],[[[-101.00037,43.59943],[-101.00037,43.60667],[-100.98049,43.60665],[-100.98035,43.59218],[-100.99041,43.59218],[-100.9904,43.59942],[-101.00037,43.59943]]],[[[-101.21466,43.60307],[-101.21467,43.60669],[-101.20969,43.60667],[-101.20968,43.60304],[-101.21466,43.60307]]],[[[-101.21965,43.60672],[-101.22818,43.60665],[-101.22818,43.61758],[-101.22466,43.61758],[-101.22467,43.62118],[-101.21967,43.62121],[-101.21965,43.60672]]],[[[-101.15024,43.70069],[-101.14025,43.70071],[-101.14023,43.69347],[-101.15023,43.69345],[-101.15021,43.68621],[-101.14026,43.68623],[-101.14019,43.67899],[-101.13021,43.679],[-101.13019,43.66452],[-101.15016,43.66449],[-101.15012,43.65002],[-101.15011,43.64278],[-101.14014,43.64278],[-101.14013,43.63554],[-101.13016,43.63556],[-101.13015,43.62832],[-101.16006,43.6283],[-101.16007,43.63554],[-101.17004,43.63553],[-101.17008,43.65],[-101.17983,43.64999],[-101.17986,43.66447],[-101.19979,43.66452],[-101.19979,43.65728],[-101.21975,43.65734],[-101.21977,43.66818],[-101.22809,43.66823],[-101.22809,43.69357],[-101.2198,43.69353],[-101.2198,43.68629],[-101.19982,43.68621],[-101.19985,43.70792],[-101.18987,43.70791],[-101.18986,43.69344],[-101.16022,43.69342],[-101.16027,43.71515],[-101.15028,43.71517],[-101.15024,43.70069]],[[-101.17292,43.66447],[-101.17013,43.66448],[-101.17015,43.67533],[-101.16017,43.67533],[-101.1602,43.68619],[-101.16519,43.68619],[-101.16517,43.67895],[-101.17987,43.67895],[-101.17986,43.66809],[-101.17986,43.66447],[-101.17292,43.66447]]],[[[-101.07026,43.69357],[-101.08027,43.69357],[-101.08028,43.70081],[-101.05027,43.70082],[-101.05019,43.69358],[-101.04028,43.69358],[-101.04028,43.70808],[-101.03029,43.70808],[-101.0303,43.70083],[-101.02025,43.70084],[-101.02024,43.6791],[-100.99037,43.67911],[-100.99034,43.69361],[-101.01034,43.69364],[-101.01032,43.71533],[-101.02024,43.71532],[-101.0303,43.71532],[-101.0303,43.72256],[-101.05028,43.72256],[-101.05028,43.71531],[-101.06027,43.71531],[-101.06028,43.7298],[-101.07028,43.72979],[-101.07028,43.73702],[-101.09027,43.73699],[-101.09028,43.75872],[-101.08028,43.75875],[-101.08028,43.76601],[-101.09028,43.76597],[-101.09029,43.79494],[-101.08293,43.79496],[-101.08027,43.79491],[-101.08027,43.80221],[-101.07027,43.80221],[-101.07027,43.79492],[-101.0603,43.79494],[-101.06021,43.78773],[-101.07027,43.78773],[-101.07028,43.78049],[-101.06017,43.78055],[-101.06025,43.77325],[-101.04029,43.77326],[-101.0403,43.76602],[-101.06027,43.76601],[-101.06028,43.74428],[-101.05029,43.74429],[-101.05029,43.75877],[-101.0403,43.75878],[-101.0403,43.74429],[-101.03031,43.74429],[-101.03031,43.75154],[-101.02023,43.75154],[-101.02023,43.76604],[-101.0303,43.76602],[-101.0303,43.77327],[-101.02025,43.77327],[-101.02028,43.78775],[-101.01031,43.78776],[-101.01031,43.78052],[-101.00032,43.78053],[-101.00033,43.77328],[-101.01031,43.77328],[-101.01033,43.75154],[-101.00034,43.75155],[-101.00035,43.73704],[-100.98036,43.73709],[-100.98035,43.71535],[-100.97036,43.71535],[-100.97038,43.70085],[-100.96039,43.70085],[-100.96038,43.7081],[-100.94099,43.70809],[-100.94099,43.71661],[-100.91996,43.71658],[-100.91995,43.70935],[-100.90998,43.70933],[-100.90997,43.68042],[-100.91994,43.68043],[-100.91992,43.66597],[-100.90995,43.66597],[-100.90993,43.65874],[-100.88998,43.65873],[-100.88997,43.6515],[-100.92985,43.65152],[-100.92985,43.64429],[-100.94098,43.6443],[-100.94091,43.65007],[-100.96045,43.65016],[-100.96046,43.64289],[-100.95048,43.64289],[-100.95048,43.63565],[-100.96046,43.63565],[-100.96047,43.62839],[-100.98041,43.62839],[-100.98042,43.62114],[-101.00036,43.62116],[-101.00036,43.61392],[-101.01033,43.61392],[-101.01034,43.60669],[-101.02018,43.60668],[-101.05026,43.60667],[-101.05027,43.58494],[-101.04028,43.58495],[-101.04027,43.59943],[-101.02019,43.59939],[-101.0202,43.5922],[-100.99041,43.59218],[-100.99041,43.58494],[-101.0202,43.58496],[-101.02021,43.57046],[-101.04028,43.57046],[-101.04027,43.57788],[-101.06027,43.57783],[-101.08021,43.57786],[-101.08022,43.59942],[-101.0902,43.5994],[-101.09021,43.60665],[-101.07024,43.60666],[-101.07024,43.59942],[-101.06026,43.59942],[-101.06026,43.63563],[-101.07026,43.63563],[-101.07025,43.61752],[-101.08023,43.61751],[-101.08024,43.62113],[-101.10018,43.62113],[-101.10021,43.62836],[-101.08024,43.62838],[-101.08024,43.64287],[-101.06059,43.64287],[-101.04037,43.64286],[-101.0403,43.65012],[-101.06057,43.65011],[-101.09021,43.6501],[-101.09022,43.65733],[-101.13017,43.65728],[-101.13019,43.66452],[-101.12019,43.66453],[-101.12021,43.67901],[-101.1002,43.67902],[-101.10019,43.67181],[-101.09029,43.67182],[-101.09033,43.66457],[-101.08024,43.66458],[-101.08025,43.68632],[-101.07026,43.68632],[-101.07026,43.69357]],[[-101.03031,43.67909],[-101.03031,43.67185],[-101.02023,43.67186],[-101.02024,43.6791],[-101.03031,43.67909]],[[-100.99037,43.67549],[-100.99039,43.66462],[-100.9804,43.66462],[-100.98038,43.67911],[-100.98528,43.67911],[-100.99037,43.67911],[-100.99037,43.67549]],[[-100.92987,43.65875],[-100.94092,43.65877],[-100.94091,43.65153],[-100.92985,43.65152],[-100.92987,43.65875]],[[-101.03032,43.65013],[-101.03032,43.65737],[-101.0403,43.65736],[-101.0403,43.65012],[-101.03032,43.65013]],[[-101.04029,43.65995],[-101.04029,43.6646],[-101.05027,43.6646],[-101.05028,43.65736],[-101.04523,43.65736],[-101.0403,43.65736],[-101.04029,43.65995]],[[-101.06025,43.67184],[-101.05878,43.67184],[-101.05027,43.67184],[-101.05027,43.68633],[-101.06025,43.68633],[-101.06025,43.67184]],[[-101.04026,43.61391],[-101.03028,43.61392],[-101.03028,43.62841],[-101.03028,43.63565],[-101.03527,43.63564],[-101.05026,43.63563],[-101.05026,43.62115],[-101.04026,43.62115],[-101.04026,43.61391]],[[-101.02018,43.63567],[-101.0201,43.64224],[-101.02017,43.6429],[-101.0303,43.64289],[-101.03028,43.63565],[-101.02018,43.63567]],[[-101.02017,43.62842],[-101.01033,43.62841],[-101.01032,43.63564],[-101.02018,43.63567],[-101.02017,43.62842]],[[-101.03031,43.73705],[-101.0403,43.73704],[-101.04029,43.72981],[-101.0303,43.72981],[-101.03031,43.73705]],[[-101.00037,43.66462],[-101.02023,43.66461],[-101.02022,43.65737],[-101.00038,43.65738],[-101.00037,43.66462]],[[-100.9904,43.65013],[-101.00038,43.65013],[-101.00034,43.63565],[-100.9804,43.63564],[-100.98041,43.64288],[-100.99038,43.64289],[-100.9904,43.65013]],[[-100.9604,43.69361],[-100.97039,43.69361],[-100.97039,43.68636],[-100.96041,43.68637],[-100.9604,43.69361]],[[-100.95045,43.66464],[-100.96043,43.66463],[-100.96044,43.65738],[-100.95046,43.65738],[-100.95045,43.66464]],[[-100.92991,43.69492],[-100.91994,43.6949],[-100.91995,43.70212],[-100.94107,43.70216],[-100.94093,43.69027],[-100.94101,43.6877],[-100.9299,43.68767],[-100.92991,43.69492]],[[-100.9299,43.68044],[-100.94099,43.68047],[-100.94099,43.67323],[-100.92994,43.67321],[-100.9299,43.68044]]],[[[-101.10524,43.69351],[-101.10024,43.69351],[-101.10024,43.6899],[-101.10023,43.68628],[-101.10523,43.68628],[-101.10524,43.69351]]],[[[-101.14023,43.69347],[-101.13523,43.69348],[-101.13023,43.69349],[-101.13023,43.68987],[-101.14023,43.68985],[-101.14023,43.69347]]],[[[-101.21483,43.70438],[-101.21044,43.70435],[-101.20984,43.70435],[-101.20983,43.70073],[-101.21483,43.70075],[-101.21483,43.70438]]],[[[-101.12028,43.708],[-101.13026,43.70798],[-101.13027,43.71521],[-101.12027,43.71523],[-101.12028,43.708]]],[[[-101.17026,43.71515],[-101.17988,43.71514],[-101.17988,43.70791],[-101.18487,43.70791],[-101.18987,43.70791],[-101.18987,43.71153],[-101.18987,43.72239],[-101.17028,43.72238],[-101.17026,43.71515]]],[[[-101.09028,43.72252],[-101.10027,43.7225],[-101.10027,43.72613],[-101.10027,43.72975],[-101.09607,43.72975],[-101.09028,43.72976],[-101.09028,43.72252]]],[[[-101.07029,43.72255],[-101.0803,43.72254],[-101.08028,43.72978],[-101.07554,43.72978],[-101.07028,43.72979],[-101.07029,43.72273],[-101.07029,43.72255]]],[[[-100.96037,43.72261],[-100.97036,43.72261],[-100.97041,43.73706],[-100.96037,43.73704],[-100.96037,43.72261]]],[[[-100.93496,43.73106],[-100.94119,43.73104],[-100.9412,43.73469],[-100.93497,43.73467],[-100.93496,43.73106]]],[[[-101.1603,43.72963],[-101.17987,43.72961],[-101.1799,43.73705],[-101.16028,43.73687],[-101.1603,43.72963]]],[[[-101.17988,43.75855],[-101.17033,43.75857],[-101.17032,43.75133],[-101.17282,43.75133],[-101.17988,43.75132],[-101.17988,43.75855]]],[[[-101.14054,43.78038],[-101.12034,43.78038],[-101.12032,43.76589],[-101.1103,43.76591],[-101.11029,43.75867],[-101.12031,43.75866],[-101.1203,43.75141],[-101.10027,43.75145],[-101.10028,43.73671],[-101.10027,43.72975],[-101.11028,43.72973],[-101.11027,43.73671],[-101.14035,43.73678],[-101.14029,43.74413],[-101.1503,43.74412],[-101.15031,43.75136],[-101.1403,43.75138],[-101.14032,43.75861],[-101.13031,43.75863],[-101.13033,43.76949],[-101.14034,43.76947],[-101.14033,43.76585],[-101.14534,43.76584],[-101.14536,43.77308],[-101.14066,43.77309],[-101.14054,43.78038]]],[[[-101.19989,43.78757],[-101.1999,43.78033],[-101.18988,43.78029],[-101.18988,43.77305],[-101.17987,43.77302],[-101.17986,43.78026],[-101.17041,43.78027],[-101.17037,43.77304],[-101.17537,43.77303],[-101.17534,43.76579],[-101.19989,43.76584],[-101.19987,43.73713],[-101.21987,43.73715],[-101.21986,43.73337],[-101.22812,43.73339],[-101.22812,43.73719],[-101.2281,43.7551],[-101.22489,43.75508],[-101.22489,43.75146],[-101.21989,43.75144],[-101.2199,43.75869],[-101.20989,43.75865],[-101.2099,43.76589],[-101.21991,43.76593],[-101.21991,43.76955],[-101.22492,43.76957],[-101.22493,43.78044],[-101.22814,43.78045],[-101.22813,43.789],[-101.22736,43.7913],[-101.22824,43.79563],[-101.2247,43.79728],[-101.21996,43.79799],[-101.21776,43.79634],[-101.21743,43.79299],[-101.21492,43.79059],[-101.21492,43.78402],[-101.21992,43.78404],[-101.21992,43.77317],[-101.20991,43.77313],[-101.20991,43.78762],[-101.19989,43.78757]]],[[[-101.00032,43.78053],[-101.00031,43.78777],[-100.98029,43.78779],[-100.98031,43.78055],[-101.00032,43.78053]]],[[[-101.17986,43.78026],[-101.18988,43.78029],[-101.18988,43.79476],[-101.17988,43.79473],[-101.17986,43.78026]]],[[[-101.16043,43.79476],[-101.15041,43.79478],[-101.1504,43.78755],[-101.1589,43.78751],[-101.16041,43.78752],[-101.16043,43.79476]]],[[[-101.02027,43.79316],[-101.02041,43.79111],[-101.02024,43.78908],[-101.02031,43.78826],[-101.02028,43.78775],[-101.03029,43.78775],[-101.03029,43.79499],[-101.02027,43.79495],[-101.02027,43.79316]]],[[[-100.97254,43.83088],[-100.96985,43.83111],[-100.96561,43.83242],[-100.96358,43.83357],[-100.96193,43.83621],[-100.96072,43.83616],[-100.95933,43.83267],[-100.95985,43.82899],[-100.96214,43.82709],[-100.96529,43.82628],[-100.96781,43.82715],[-100.96868,43.82816],[-100.9718,43.82824],[-100.97376,43.82682],[-100.97298,43.82461],[-100.97272,43.82162],[-100.97011,43.81761],[-100.9674,43.81676],[-100.97022,43.81676],[-100.97023,43.80953],[-100.96021,43.80954],[-100.96021,43.81059],[-100.95775,43.81008],[-100.95281,43.81118],[-100.94695,43.81392],[-100.94484,43.81627],[-100.94388,43.81914],[-100.94326,43.82442],[-100.94286,43.82519],[-100.94121,43.82476],[-100.93714,43.82368],[-100.93332,43.8212],[-100.93006,43.82123],[-100.93006,43.81783],[-100.94103,43.81785],[-100.94089,43.80955],[-100.95023,43.80955],[-100.95026,43.80231],[-100.95525,43.80231],[-100.95529,43.79508],[-100.9503,43.79508],[-100.95029,43.78766],[-100.94934,43.78769],[-100.94097,43.78773],[-100.94097,43.78058],[-100.96016,43.78057],[-100.96032,43.76609],[-100.97032,43.76603],[-100.97033,43.75884],[-100.96034,43.75885],[-100.96035,43.75162],[-101.00034,43.75155],[-101.00034,43.75879],[-100.99026,43.75881],[-100.99032,43.7733],[-100.98032,43.77331],[-100.98031,43.78055],[-100.9703,43.78056],[-100.97029,43.78781],[-100.96029,43.78782],[-100.96028,43.79507],[-101.00031,43.79501],[-101.00031,43.80945],[-101.01029,43.80942],[-101.01028,43.81672],[-101.01528,43.81672],[-101.01528,43.82034],[-101.02027,43.82034],[-101.02027,43.82372],[-101.01222,43.82372],[-101.01222,43.83096],[-100.98723,43.83096],[-100.98723,43.83457],[-100.98382,43.83457],[-100.98224,43.83333],[-100.98224,43.83096],[-100.97724,43.83096],[-100.97727,43.83182],[-100.97254,43.83088]],[[-101.00025,43.80945],[-100.98025,43.80951],[-100.98024,43.82372],[-100.97723,43.82372],[-100.97724,43.82734],[-100.99223,43.82734],[-100.99223,43.82372],[-101.00028,43.82372],[-101.00028,43.81673],[-101.00031,43.80945],[-101.00025,43.80945]]],[[[-101.09029,43.79494],[-101.10035,43.7949],[-101.10031,43.80215],[-101.09029,43.80218],[-101.09029,43.79494]]],[[[-101.02028,43.79525],[-101.02027,43.80224],[-101.01029,43.80224],[-101.0103,43.79495],[-101.02027,43.79495],[-101.02028,43.79525]]],[[[-100.95026,43.80231],[-100.94083,43.80232],[-100.94104,43.79542],[-100.94121,43.79509],[-100.9503,43.79508],[-100.95026,43.80231]]],[[[-101.15045,43.80926],[-101.15046,43.8165],[-101.12039,43.81659],[-101.12038,43.81296],[-101.12038,43.80934],[-101.12539,43.80933],[-101.15045,43.80926]]],[[[-101.04029,43.80946],[-101.04029,43.81308],[-101.04029,43.8167],[-101.03651,43.8167],[-101.03028,43.81671],[-101.03028,43.80947],[-101.04029,43.80946]]],[[[-100.9602,43.81591],[-100.95758,43.81694],[-100.95599,43.81807],[-100.95401,43.81729],[-100.95365,43.81646],[-100.95368,43.81407],[-100.95426,43.81286],[-100.95624,43.81187],[-100.95784,43.81216],[-100.9602,43.81172],[-100.9602,43.81591]]],[[[-101.04528,43.8167],[-101.05027,43.81669],[-101.05027,43.82372],[-101.04029,43.82372],[-101.04029,43.82032],[-101.04029,43.8167],[-101.04528,43.8167]]],[[[-101.12545,43.82019],[-101.1304,43.82016],[-101.13039,43.82371],[-101.12542,43.82371],[-101.12545,43.82019]]],[[[-101.11515,43.8411],[-101.11176,43.83956],[-101.10992,43.83804],[-101.10709,43.83674],[-101.10327,43.83817],[-101.1031,43.8403],[-101.10383,43.84158],[-101.10218,43.8427],[-101.10217,43.82371],[-101.08218,43.82372],[-101.07026,43.82372],[-101.07026,43.80945],[-101.08027,43.80945],[-101.08027,43.80221],[-101.09029,43.80218],[-101.09029,43.80942],[-101.10032,43.80939],[-101.10031,43.80215],[-101.12037,43.8021],[-101.12038,43.80934],[-101.10533,43.80938],[-101.10534,43.81663],[-101.11537,43.8166],[-101.11537,43.82022],[-101.12039,43.82021],[-101.12039,43.82371],[-101.12218,43.82371],[-101.12219,43.8382],[-101.13219,43.8382],[-101.13218,43.82371],[-101.13721,43.82372],[-101.1369,43.82527],[-101.13455,43.82792],[-101.13439,43.8306],[-101.13678,43.83151],[-101.13919,43.83146],[-101.14152,43.83236],[-101.14264,43.83466],[-101.14028,43.83993],[-101.13794,43.84132],[-101.13155,43.84143],[-101.12765,43.84052],[-101.12678,43.84336],[-101.12484,43.84433],[-101.12123,43.84324],[-101.12123,43.84196],[-101.1191,43.84197],[-101.11515,43.8411]],[[-101.11367,43.82023],[-101.11036,43.82023],[-101.11036,43.82371],[-101.11538,43.82371],[-101.11538,43.823],[-101.11537,43.82022],[-101.11367,43.82023]]],[[[-101.02722,43.82372],[-101.03222,43.82372],[-101.03222,43.83091],[-101.02723,43.83093],[-101.02722,43.82372]]],[[[-101.16219,43.82944],[-101.16219,43.82733],[-101.16372,43.82734],[-101.16449,43.82778],[-101.165,43.82801],[-101.16447,43.82923],[-101.16365,43.8297],[-101.16219,43.82944]]],[[[-101.08442,43.84133],[-101.08204,43.84162],[-101.07671,43.84217],[-101.07434,43.84296],[-101.07222,43.84441],[-101.07223,43.83823],[-101.082,43.83823],[-101.08718,43.83819],[-101.08671,43.84181],[-101.08442,43.84133]]],[[[-101.05222,43.83096],[-101.05224,43.84645],[-101.05037,43.84714],[-101.04769,43.85166],[-101.04533,43.85252],[-101.04283,43.85265],[-101.04098,43.85098],[-101.03992,43.85107],[-101.03725,43.85008],[-101.03703,43.8454],[-101.04224,43.8454],[-101.04222,43.83096],[-101.05222,43.83096]]],[[[-101.05729,43.84535],[-101.05729,43.84174],[-101.06219,43.84172],[-101.06193,43.84299],[-101.059,43.84517],[-101.05864,43.84532],[-101.0586,43.84535],[-101.05729,43.84535]]],[[[-101.00204,43.84701],[-100.99977,43.84708],[-100.99555,43.84979],[-100.99218,43.85012],[-100.99222,43.84181],[-100.99723,43.84181],[-100.99722,43.83821],[-101.00223,43.83828],[-101.00225,43.84627],[-101.00204,43.84701]]],[[[-100.79023,43.41134],[-100.79519,43.41135],[-100.79519,43.41496],[-100.79023,43.41495],[-100.79023,43.41134]]],[[[-100.91815,43.41846],[-100.90822,43.41842],[-100.90821,43.41129],[-100.91232,43.4113],[-100.91813,43.41131],[-100.91815,43.41846]]],[[[-100.92776,43.41133],[-100.93768,43.4113],[-100.93769,43.41845],[-100.92768,43.41849],[-100.92776,43.41133]]],[[[-100.78031,43.41855],[-100.80015,43.41858],[-100.80015,43.41497],[-100.80511,43.41498],[-100.80512,43.4186],[-100.80899,43.41861],[-100.80901,43.43304],[-100.78031,43.433],[-100.78031,43.41855]]],[[[-100.8884,43.42573],[-100.88839,43.4185],[-100.88966,43.41849],[-100.89831,43.41839],[-100.89833,43.43297],[-100.87837,43.43298],[-100.87831,43.42575],[-100.8884,43.42573]]],[[[-100.92775,43.43303],[-100.94762,43.43298],[-100.94763,43.44019],[-100.92775,43.44026],[-100.90841,43.44021],[-100.90825,43.43298],[-100.92775,43.43303]]],[[[-100.82887,43.43303],[-100.8289,43.44749],[-100.81897,43.44748],[-100.81898,43.4547],[-100.80934,43.45469],[-100.80017,43.45468],[-100.80016,43.44746],[-100.80904,43.44748],[-100.80902,43.44026],[-100.81895,43.44026],[-100.81894,43.43303],[-100.82887,43.43303]]],[[[-100.83883,43.44748],[-100.84876,43.44747],[-100.84878,43.45469],[-100.8406,43.45469],[-100.83884,43.4547],[-100.83884,43.45263],[-100.83883,43.44748]]],[[[-100.89837,43.45468],[-100.89838,43.46192],[-100.88846,43.46191],[-100.88843,43.44742],[-100.91823,43.44747],[-100.91824,43.45378],[-100.91825,43.45471],[-100.918,43.45472],[-100.89837,43.45468]]],[[[-100.83884,43.4547],[-100.83885,43.45548],[-100.83886,43.46191],[-100.82893,43.46191],[-100.82891,43.4547],[-100.83813,43.4547],[-100.83884,43.4547]]],[[[-100.91825,43.45471],[-100.92775,43.45474],[-100.92777,43.4692],[-100.91824,43.4692],[-100.91825,43.45471]]],[[[-100.82397,43.46553],[-100.819,43.46553],[-100.819,43.46191],[-100.82225,43.46191],[-100.82396,43.46191],[-100.82397,43.46553]]],[[[-100.76044,43.46187],[-100.7803,43.46187],[-100.7803,43.4691],[-100.77037,43.4691],[-100.77036,43.47633],[-100.76043,43.47632],[-100.76044,43.46187]]],[[[-100.80018,43.46189],[-100.80907,43.46187],[-100.8091,43.47638],[-100.78029,43.47634],[-100.7803,43.4691],[-100.80016,43.46913],[-100.80018,43.46189]]],[[[-100.83014,43.47796],[-100.83014,43.48526],[-100.81953,43.4853],[-100.81951,43.47811],[-100.81902,43.47811],[-100.81901,43.47276],[-100.81405,43.47276],[-100.81405,43.46914],[-100.83887,43.46914],[-100.83888,43.47784],[-100.83014,43.47796]]],[[[-100.74506,43.49283],[-100.74505,43.48922],[-100.74008,43.48923],[-100.74009,43.49284],[-100.73851,43.49285],[-100.73015,43.49287],[-100.73015,43.5001],[-100.72021,43.50014],[-100.72022,43.50737],[-100.71028,43.50742],[-100.71027,43.47851],[-100.74011,43.47839],[-100.74031,43.47637],[-100.7207,43.47628],[-100.7207,43.46904],[-100.71077,43.46903],[-100.71079,43.45458],[-100.73063,43.45461],[-100.73062,43.46183],[-100.74059,43.46185],[-100.75051,43.46187],[-100.7505,43.47835],[-100.77036,43.47827],[-100.77036,43.47633],[-100.78029,43.47634],[-100.78023,43.47823],[-100.80911,43.4781],[-100.80945,43.4781],[-100.80961,43.49257],[-100.78975,43.49264],[-100.78974,43.48541],[-100.77998,43.48546],[-100.77988,43.50707],[-100.75998,43.50717],[-100.75996,43.50001],[-100.76982,43.5],[-100.76986,43.4855],[-100.75006,43.48558],[-100.75006,43.49281],[-100.74506,43.49283]]],[[[-100.88973,43.48518],[-100.88476,43.48519],[-100.88476,43.48358],[-100.88476,43.48157],[-100.88973,43.48156],[-100.88973,43.48518]]],[[[-100.89966,43.47686],[-100.91952,43.47653],[-100.91953,43.48514],[-100.90959,43.48516],[-100.90963,43.4996],[-100.89969,43.49962],[-100.89966,43.47686]]],[[[-100.9245,43.48514],[-100.92947,43.48513],[-100.92949,43.49236],[-100.91954,43.49237],[-100.91954,43.48876],[-100.91953,43.48514],[-100.9245,43.48514]]],[[[-100.8798,43.49966],[-100.85001,43.49969],[-100.85002,43.50698],[-100.84009,43.50696],[-100.84004,43.49248],[-100.83019,43.4925],[-100.83014,43.48526],[-100.85992,43.48521],[-100.85993,43.47752],[-100.87979,43.47718],[-100.8798,43.49966]]],[[[-100.75006,43.49281],[-100.75995,43.49278],[-100.75996,43.50001],[-100.75024,43.5],[-100.75006,43.49281]]],[[[-100.80961,43.49257],[-100.83019,43.4925],[-100.83017,43.50698],[-100.81957,43.50701],[-100.81956,43.49977],[-100.80962,43.4998],[-100.80961,43.49257]]],[[[-100.74011,43.50731],[-100.73058,43.50732],[-100.73015,43.5001],[-100.73502,43.50009],[-100.7401,43.50008],[-100.74011,43.50731]]],[[[-100.87982,43.50693],[-100.87983,43.51413],[-100.87048,43.51414],[-100.86987,43.51414],[-100.86987,43.51381],[-100.86986,43.50694],[-100.87982,43.50693]]],[[[-100.81958,43.51062],[-100.81959,43.51424],[-100.80965,43.51427],[-100.80963,43.50703],[-100.81673,43.50701],[-100.81957,43.50701],[-100.81958,43.51062]]],[[[-100.7843,43.50705],[-100.78991,43.50705],[-100.7898,43.52155],[-100.77986,43.52159],[-100.77988,43.53605],[-100.76987,43.53611],[-100.76984,43.52164],[-100.76,43.52169],[-100.75999,43.51447],[-100.77983,43.51437],[-100.77983,43.51398],[-100.77988,43.50707],[-100.7843,43.50705]]],[[[-100.83017,43.50698],[-100.84009,43.50696],[-100.84009,43.52143],[-100.85003,43.52141],[-100.85002,43.50698],[-100.85994,43.50696],[-100.85995,43.51417],[-100.86987,43.51414],[-100.86991,43.52138],[-100.88981,43.52134],[-100.88975,43.49965],[-100.89969,43.49962],[-100.89976,43.52131],[-100.90971,43.52128],[-100.90975,43.53574],[-100.87989,43.53582],[-100.87991,43.55028],[-100.86996,43.55029],[-100.86994,43.54307],[-100.85005,43.54309],[-100.85003,43.52864],[-100.80987,43.52872],[-100.80966,43.5215],[-100.83016,43.52144],[-100.83017,43.50698]]],[[[-100.94084,43.53577],[-100.92965,43.53575],[-100.92962,43.52851],[-100.91968,43.52851],[-100.91965,43.52128],[-100.92959,43.52128],[-100.92961,43.5249],[-100.93458,43.52491],[-100.93457,43.52129],[-100.9408,43.5213],[-100.94084,43.53577]]],[[[-100.75505,43.58313],[-100.76002,43.58311],[-100.76002,43.5813],[-100.7625,43.58129],[-100.7625,43.57768],[-100.76374,43.57767],[-100.76374,43.57587],[-100.76498,43.57586],[-100.76501,43.57225],[-100.75009,43.57231],[-100.75,43.56503],[-100.75,43.56468],[-100.74996,43.56123],[-100.75008,43.55062],[-100.74577,43.55064],[-100.73017,43.55069],[-100.73017,43.54347],[-100.72024,43.5435],[-100.72024,43.52905],[-100.6895,43.52914],[-100.68947,43.52191],[-100.73008,43.52179],[-100.7301,43.52246],[-100.73031,43.52454],[-100.73038,43.52903],[-100.73167,43.52902],[-100.73515,43.529],[-100.73515,43.52237],[-100.73515,43.52178],[-100.73764,43.52177],[-100.73764,43.529],[-100.75008,43.52897],[-100.75008,43.53533],[-100.75099,43.53619],[-100.76001,43.53614],[-100.76043,43.53975],[-100.76988,43.53972],[-100.76989,43.54333],[-100.78985,43.54323],[-100.78985,43.55045],[-100.79979,43.55042],[-100.79979,43.55766],[-100.78985,43.55769],[-100.78985,43.5613],[-100.77989,43.56135],[-100.77987,43.56452],[-100.7798,43.57211],[-100.78985,43.57214],[-100.78985,43.56492],[-100.83018,43.56479],[-100.8302,43.57923],[-100.78985,43.57938],[-100.78987,43.58661],[-100.77494,43.58666],[-100.77493,43.58305],[-100.77991,43.58303],[-100.7799,43.57941],[-100.76987,43.57954],[-100.76996,43.58668],[-100.75505,43.58674],[-100.75505,43.58313]],[[-100.76994,43.57223],[-100.76994,43.56862],[-100.76513,43.56864],[-100.76484,43.56949],[-100.76498,43.57168],[-100.76501,43.57225],[-100.76994,43.57223]],[[-100.75505,43.5506],[-100.76995,43.55055],[-100.76994,43.54694],[-100.75008,43.54701],[-100.75008,43.55004],[-100.75008,43.55062],[-100.75505,43.5506]],[[-100.74096,43.54343],[-100.75008,43.54341],[-100.75008,43.54009],[-100.74013,43.53983],[-100.74013,43.54008],[-100.74013,43.54218],[-100.74096,43.54343]]],[[[-100.8451,43.56475],[-100.84012,43.56477],[-100.84012,43.56115],[-100.84118,43.56115],[-100.84509,43.56115],[-100.8451,43.56475]]],[[[-100.7402,43.57221],[-100.74013,43.57957],[-100.73018,43.57961],[-100.73011,43.56511],[-100.74019,43.56504],[-100.7402,43.57221]]],[[[-100.91982,43.57909],[-100.90985,43.57912],[-100.90985,43.57808],[-100.90985,43.57194],[-100.91984,43.57195],[-100.91982,43.57909]]],[[[-100.75505,43.57951],[-100.75503,43.57483],[-100.75877,43.57485],[-100.75877,43.57679],[-100.76002,43.57949],[-100.75505,43.57951]]],[[[-100.97046,43.60665],[-100.98049,43.60665],[-100.98042,43.62114],[-100.96048,43.62113],[-100.96047,43.62839],[-100.94098,43.62838],[-100.94098,43.62622],[-100.92982,43.6262],[-100.92982,43.62258],[-100.91984,43.62257],[-100.91985,43.62981],[-100.90987,43.6298],[-100.90986,43.62256],[-100.88995,43.62258],[-100.88995,43.61534],[-100.87997,43.61534],[-100.87996,43.60088],[-100.86003,43.6009],[-100.86003,43.60811],[-100.86999,43.60811],[-100.86999,43.61534],[-100.85006,43.61534],[-100.85006,43.60811],[-100.84011,43.60812],[-100.84012,43.59365],[-100.85007,43.59365],[-100.85007,43.58642],[-100.86003,43.58643],[-100.86003,43.59365],[-100.87996,43.59365],[-100.87995,43.58643],[-100.86999,43.58643],[-100.86999,43.57924],[-100.87995,43.57921],[-100.87995,43.57196],[-100.88991,43.57196],[-100.88993,43.59365],[-100.89989,43.59365],[-100.89988,43.57915],[-100.90985,43.57912],[-100.9099,43.61534],[-100.94097,43.61537],[-100.94097,43.60813],[-100.92981,43.60813],[-100.9298,43.60089],[-100.91984,43.60088],[-100.91982,43.58641],[-100.92971,43.58642],[-100.92965,43.57905],[-100.94095,43.57895],[-100.94094,43.57195],[-100.92233,43.57195],[-100.92236,43.56472],[-100.90986,43.56471],[-100.90986,43.56385],[-100.9098,43.55023],[-100.91975,43.55022],[-100.91973,43.54299],[-100.94087,43.54301],[-100.94091,43.55748],[-100.92954,43.55747],[-100.92958,43.56377],[-100.92959,43.56472],[-100.94093,43.56473],[-100.94093,43.56321],[-100.94092,43.55959],[-100.95057,43.55958],[-100.9506,43.54866],[-100.96055,43.54873],[-100.96053,43.56321],[-100.98048,43.56322],[-100.98047,43.55959],[-100.9705,43.55959],[-100.97051,43.55597],[-100.99044,43.55597],[-100.99043,43.56298],[-100.99043,43.56684],[-100.98046,43.56684],[-100.98046,43.57046],[-100.97049,43.57046],[-100.97041,43.57789],[-100.96053,43.57789],[-100.9605,43.59216],[-100.94096,43.59216],[-100.94097,43.59941],[-100.97047,43.59941],[-100.97046,43.60665]],[[-100.95056,43.56321],[-100.95056,43.57045],[-100.96052,43.57045],[-100.96053,43.56321],[-100.95056,43.56321]],[[-100.8999,43.60088],[-100.88993,43.60088],[-100.88994,43.60811],[-100.89991,43.60811],[-100.8999,43.60745],[-100.8999,43.60088]]],[[[-100.75008,43.59399],[-100.74013,43.59403],[-100.74013,43.5868],[-100.74405,43.58679],[-100.75008,43.58677],[-100.75008,43.59399]]],[[[-100.83016,43.60813],[-100.80978,43.60819],[-100.80978,43.60096],[-100.81339,43.60095],[-100.83017,43.60089],[-100.83016,43.60813]]],[[[-100.81975,43.62984],[-100.80979,43.62987],[-100.80979,43.62264],[-100.81618,43.62262],[-100.81976,43.62261],[-100.81975,43.62984]]],[[[-100.77002,43.61558],[-100.78991,43.61553],[-100.7899,43.63722],[-100.75009,43.63729],[-100.75009,43.62291],[-100.77,43.6228],[-100.77002,43.61558]],[[-100.76999,43.6233],[-100.77002,43.63004],[-100.77996,43.63002],[-100.77996,43.62278],[-100.77498,43.62279],[-100.77,43.6228],[-100.76999,43.6233]]],[[[-100.88997,43.63703],[-100.87002,43.63702],[-100.87001,43.62979],[-100.86004,43.62979],[-100.85992,43.63701],[-100.85006,43.63701],[-100.84995,43.62616],[-100.86004,43.62617],[-100.86003,43.62256],[-100.88995,43.62258],[-100.88997,43.63703]]],[[[-100.83018,43.64064],[-100.82474,43.64066],[-100.82475,43.64427],[-100.81977,43.64429],[-100.81974,43.63706],[-100.85006,43.63701],[-100.85009,43.64424],[-100.83018,43.64425],[-100.83018,43.64064]]],[[[-100.74305,43.63739],[-100.75009,43.63729],[-100.75009,43.64461],[-100.74013,43.64464],[-100.74002,43.64131],[-100.74019,43.63741],[-100.74305,43.63739]]],[[[-100.87004,43.65149],[-100.86117,43.65141],[-100.85992,43.65025],[-100.85992,43.63701],[-100.87002,43.63702],[-100.87004,43.65149]]],[[[-100.79987,43.64439],[-100.81977,43.64429],[-100.81979,43.6479],[-100.80983,43.64794],[-100.80984,43.65156],[-100.79989,43.6516],[-100.79987,43.64439]]],[[[-100.77004,43.64451],[-100.77997,43.64448],[-100.77997,43.65157],[-100.77006,43.65157],[-100.77004,43.64451]]],[[[-100.81252,43.65155],[-100.81981,43.65152],[-100.81983,43.65873],[-100.80985,43.65877],[-100.80984,43.65184],[-100.80984,43.65156],[-100.81252,43.65155]]],[[[-100.74013,43.66629],[-100.7202,43.66638],[-100.7202,43.65954],[-100.7202,43.65192],[-100.72734,43.6519],[-100.73017,43.65188],[-100.73016,43.64981],[-100.73017,43.64467],[-100.73655,43.64465],[-100.74013,43.64464],[-100.74013,43.66629]]],[[[-100.76507,43.68063],[-100.78002,43.68056],[-100.78001,43.67334],[-100.77004,43.67338],[-100.77003,43.66616],[-100.78997,43.66606],[-100.79,43.68775],[-100.81986,43.68761],[-100.81985,43.69484],[-100.79995,43.69491],[-100.79994,43.69131],[-100.79,43.69136],[-100.79001,43.69498],[-100.77007,43.69507],[-100.77006,43.68784],[-100.76012,43.68788],[-100.76008,43.68222],[-100.76008,43.68065],[-100.76507,43.68063]]],[[[-100.86505,43.68762],[-100.86988,43.68763],[-100.86992,43.69125],[-100.86505,43.69124],[-100.86505,43.68762]]],[[[-100.88002,43.70932],[-100.88002,43.69483],[-100.88999,43.69483],[-100.88999,43.68764],[-100.89998,43.68765],[-100.89999,43.70892],[-100.89999,43.70933],[-100.89693,43.70933],[-100.88002,43.70932]]],[[[-100.85011,43.70348],[-100.85006,43.69484],[-100.86995,43.69483],[-100.86994,43.70209],[-100.86007,43.70207],[-100.86007,43.70928],[-100.84999,43.70927],[-100.85011,43.70348]]],[[[-100.83014,43.70203],[-100.83014,43.70919],[-100.8199,43.70924],[-100.81987,43.70206],[-100.83014,43.70203]]],[[[-100.84999,43.70927],[-100.84998,43.71235],[-100.85009,43.72374],[-100.84011,43.72373],[-100.84012,43.70926],[-100.84024,43.70926],[-100.84999,43.70927]]],[[[-100.89999,43.70933],[-100.90998,43.70933],[-100.90998,43.7238],[-100.88986,43.72379],[-100.88986,43.71656],[-100.89999,43.71656],[-100.89999,43.70933]]],[[[-100.79002,43.72561],[-100.78963,43.72544],[-100.78843,43.72532],[-100.78788,43.72512],[-100.78524,43.72489],[-100.7834,43.72458],[-100.78051,43.72398],[-100.78007,43.724],[-100.78006,43.71673],[-100.79002,43.71669],[-100.79002,43.72561]]],[[[-100.75763,43.73908],[-100.75419,43.73703],[-100.75364,43.73542],[-100.75015,43.7342],[-100.74774,43.73524],[-100.74742,43.73857],[-100.74492,43.73857],[-100.74477,43.73421],[-100.7431,43.73185],[-100.7417,43.73138],[-100.74323,43.72823],[-100.75162,43.72408],[-100.7525,43.72447],[-100.75379,43.72292],[-100.75339,43.72211],[-100.74832,43.72044],[-100.74679,43.71937],[-100.74408,43.71927],[-100.74266,43.71689],[-100.75511,43.71685],[-100.75511,43.70961],[-100.76009,43.70955],[-100.7601,43.70597],[-100.77008,43.70592],[-100.77008,43.71678],[-100.76009,43.71682],[-100.76008,43.72405],[-100.77008,43.72401],[-100.77951,43.72406],[-100.77657,43.72458],[-100.77249,43.7272],[-100.76772,43.73175],[-100.76466,43.7324],[-100.76142,43.73105],[-100.75841,43.73114],[-100.75548,43.73297],[-100.75616,43.73506],[-100.76017,43.73707],[-100.761,43.73922],[-100.75763,43.73908]]],[[[-100.78389,43.73055],[-100.78186,43.73113],[-100.77734,43.73149],[-100.77531,43.72927],[-100.77736,43.72852],[-100.78093,43.72897],[-100.78419,43.72767],[-100.78586,43.72816],[-100.78511,43.72913],[-100.78389,43.73055]]],[[[-100.87005,43.75266],[-100.86006,43.75265],[-100.86007,43.74383],[-100.86008,43.72737],[-100.87006,43.72738],[-100.87005,43.75266]]],[[[-100.90003,43.73827],[-100.92,43.73828],[-100.92001,43.74551],[-100.90003,43.74549],[-100.90003,43.73827]]],[[[-100.81407,43.75264],[-100.80996,43.75263],[-100.80995,43.7454],[-100.81995,43.7454],[-100.81998,43.75264],[-100.81407,43.75264]]],[[[-100.89503,43.74548],[-100.90003,43.74549],[-100.90003,43.7491],[-100.90003,43.75271],[-100.89003,43.75269],[-100.89003,43.74908],[-100.89503,43.74909],[-100.89503,43.74548]]],[[[-100.935,43.74913],[-100.93,43.74912],[-100.93001,43.75635],[-100.92502,43.75634],[-100.92502,43.75995],[-100.92003,43.75995],[-100.92002,43.74659],[-100.92001,43.74551],[-100.92501,43.74551],[-100.93499,43.74552],[-100.935,43.74913]]],[[[-100.88005,43.76715],[-100.86014,43.76712],[-100.8601,43.7599],[-100.86433,43.7599],[-100.88004,43.75991],[-100.88005,43.76715]]],[[[-100.91004,43.75995],[-100.91005,43.77291],[-100.91005,43.77441],[-100.90505,43.77441],[-100.90005,43.77441],[-100.90004,43.75994],[-100.91004,43.75995]]],[[[-100.93001,43.75995],[-100.94097,43.75998],[-100.94097,43.77444],[-100.92004,43.77441],[-100.92003,43.76356],[-100.93002,43.76356],[-100.93001,43.75995]]],[[[-100.91005,43.77441],[-100.92004,43.77441],[-100.92004,43.78164],[-100.91006,43.78165],[-100.91005,43.77441]]],[[[-100.87728,43.78524],[-100.8769,43.78284],[-100.87607,43.78162],[-100.89004,43.78164],[-100.89003,43.78888],[-100.88503,43.78887],[-100.88503,43.78525],[-100.87728,43.78524]]],[[[-100.92485,43.78163],[-100.93003,43.78162],[-100.93004,43.78887],[-100.92007,43.78888],[-100.92006,43.78513],[-100.92004,43.78164],[-100.92485,43.78163]]],[[[-100.89388,43.79253],[-100.89003,43.79174],[-100.89003,43.78888],[-100.89504,43.78888],[-100.89501,43.79287],[-100.89388,43.79253]]],[[[-100.92009,43.80337],[-100.92009,43.80168],[-100.92009,43.79975],[-100.93006,43.79973],[-100.93006,43.80335],[-100.92009,43.80337]]],[[[-100.94057,43.8309],[-100.93772,43.83136],[-100.93634,43.8314],[-100.93233,43.83127],[-100.9323,43.82609],[-100.93555,43.82691],[-100.93855,43.82713],[-100.94128,43.82776],[-100.94094,43.82874],[-100.94057,43.8309]]],[[[-101.21746,43.41091],[-101.21736,43.38918],[-101.20738,43.38918],[-101.20749,43.40365],[-101.18765,43.40363],[-101.18767,43.41816],[-101.17777,43.41815],[-101.17776,43.42543],[-101.15775,43.42541],[-101.15775,43.42179],[-101.13793,43.42176],[-101.13792,43.41813],[-101.14799,43.41814],[-101.14795,43.41088],[-101.11803,43.4109],[-101.11804,43.41816],[-101.10827,43.41816],[-101.10828,43.42542],[-101.09815,43.42542],[-101.09816,43.4326],[-101.05846,43.43254],[-101.05861,43.44716],[-101.04871,43.44716],[-101.04871,43.45439],[-101.03881,43.4544],[-101.0388,43.44716],[-101.02696,43.44715],[-101.00726,43.44722],[-101.00727,43.45446],[-100.97746,43.45454],[-100.97745,43.4473],[-100.98738,43.44727],[-100.98737,43.44005],[-100.97745,43.44006],[-100.97744,43.43283],[-100.96752,43.43286],[-100.9675,43.41116],[-100.97743,43.41115],[-100.97743,43.4183],[-100.99728,43.4183],[-100.99728,43.41107],[-101.00722,43.41103],[-101.00722,43.4038],[-100.98238,43.40388],[-100.98237,43.39665],[-100.98734,43.39663],[-100.98733,43.38947],[-100.9774,43.38947],[-100.97742,43.4039],[-100.96747,43.40394],[-100.96747,43.38947],[-100.95754,43.38947],[-100.95755,43.40399],[-100.94761,43.40404],[-100.94761,43.3968],[-100.92774,43.39688],[-100.92776,43.4041],[-100.91811,43.40409],[-100.91813,43.39687],[-100.90819,43.39687],[-100.9082,43.40407],[-100.88834,43.40408],[-100.88832,43.39687],[-100.86848,43.3969],[-100.8685,43.40411],[-100.84863,43.40412],[-100.8486,43.3896],[-100.84239,43.38961],[-100.83869,43.38963],[-100.83869,43.39329],[-100.82933,43.39329],[-100.83186,43.39551],[-100.83495,43.39691],[-100.8387,43.39691],[-100.83872,43.40413],[-100.82881,43.40415],[-100.82884,43.41859],[-100.80899,43.41861],[-100.81023,43.4177],[-100.80898,43.4159],[-100.80896,43.40415],[-100.80511,43.40415],[-100.80511,43.40053],[-100.80896,43.40053],[-100.80895,43.39692],[-100.80016,43.39691],[-100.80017,43.38966],[-100.79024,43.38966],[-100.79023,43.39691],[-100.78032,43.39691],[-100.78031,43.40411],[-100.79022,43.40412],[-100.79023,43.41134],[-100.78031,43.41133],[-100.78031,43.41855],[-100.77039,43.41854],[-100.77036,43.44022],[-100.76044,43.44023],[-100.76044,43.44741],[-100.75051,43.44738],[-100.75051,43.45466],[-100.7406,43.45464],[-100.73063,43.45461],[-100.73063,43.44736],[-100.7108,43.44737],[-100.71081,43.43298],[-100.73064,43.43299],[-100.73065,43.42578],[-100.70587,43.42577],[-100.70586,43.42937],[-100.7009,43.42937],[-100.70089,43.44017],[-100.69098,43.44017],[-100.69098,43.43296],[-100.68226,43.433],[-100.68219,43.42581],[-100.67236,43.42586],[-100.67236,43.41859],[-100.6748,43.4187],[-100.68724,43.41857],[-100.68724,43.41497],[-100.69097,43.41495],[-100.69097,43.41855],[-100.72075,43.41857],[-100.72075,43.41842],[-100.72076,43.41136],[-100.71085,43.41137],[-100.71084,43.39695],[-100.72825,43.39695],[-100.7307,43.39694],[-100.73072,43.38973],[-100.72194,43.38973],[-100.70089,43.38977],[-100.70091,43.40416],[-100.68226,43.4042],[-100.68228,43.397],[-100.67236,43.39705],[-100.67235,43.40426],[-100.65251,43.40432],[-100.65252,43.39712],[-100.66244,43.39708],[-100.66245,43.38995],[-100.65549,43.38997],[-100.64941,43.38999],[-100.6327,43.39003],[-100.63213,43.40444],[-100.62276,43.40447],[-100.62278,43.39006],[-100.60295,43.39009],[-100.60294,43.39732],[-100.6128,43.39728],[-100.61284,43.41171],[-100.62275,43.41168],[-100.62274,43.4189],[-100.6129,43.41893],[-100.59313,43.41904],[-100.5931,43.39012],[-100.58311,43.39015],[-100.5831,43.39741],[-100.57317,43.39745],[-100.57316,43.40469],[-100.54118,43.4047],[-100.54115,43.39742],[-100.55109,43.39743],[-100.55107,43.39018],[-100.51135,43.39015],[-100.51138,43.39739],[-100.50166,43.39744],[-100.50164,43.40469],[-100.49154,43.40467],[-100.49158,43.41909],[-100.47182,43.41908],[-100.47182,43.41186],[-100.4618,43.41182],[-100.46186,43.4046],[-100.47181,43.40465],[-100.47182,43.39736],[-100.46175,43.39734],[-100.46172,43.39013],[-100.45211,43.39013],[-100.42188,43.39013],[-100.42189,43.39732],[-100.41198,43.39731],[-100.41198,43.39013],[-100.39218,43.39005],[-100.39216,43.39732],[-100.38224,43.39732],[-100.38226,43.39003],[-100.35238,43.39005],[-100.35243,43.40465],[-100.34252,43.40458],[-100.3426,43.38996],[-100.33252,43.38996],[-100.29368,43.39019],[-100.29375,43.40475],[-100.31369,43.40479],[-100.31361,43.41188],[-100.29378,43.41199],[-100.2938,43.41918],[-100.28373,43.41932],[-100.2837,43.41204],[-100.27377,43.41208],[-100.27374,43.40485],[-100.26381,43.40489],[-100.26371,43.39037],[-100.24388,43.39034],[-100.24391,43.39774],[-100.229,43.39779],[-100.22899,43.39417],[-100.23396,43.39416],[-100.23395,43.3904],[-100.21406,43.39045],[-100.21405,43.38622],[-100.21399,43.34355],[-100.21392,43.25656],[-100.21386,43.18407],[-100.21381,43.18396],[-100.21387,43.16938],[-100.21385,43.12865],[-100.19851,43.12865],[-100.1985,43.08292],[-100.19837,43.04592],[-100.19841,42.99854],[-100.19843,42.99854],[-100.27779,42.99867],[-100.28371,42.99877],[-100.34955,42.99874],[-100.35541,42.99876],[-100.41336,42.99902],[-100.47274,42.99929],[-100.53433,42.99902],[-100.54402,42.9988],[-100.55313,42.99872],[-100.62541,42.99858],[-100.63173,42.99809],[-100.67128,42.99812],[-100.74788,42.99818],[-100.80776,42.99822],[-100.84818,42.99825],[-100.86747,42.99827],[-100.88751,42.99789],[-100.8879,42.99788],[-100.89722,42.9979],[-100.90671,42.99791],[-100.90692,42.99791],[-100.907,42.99791],[-100.95836,42.9978],[-100.96417,42.99789],[-100.96419,42.99789],[-101.00043,42.99753],[-101.04315,42.99796],[-101.14081,42.99793],[-101.22649,42.9979],[-101.22685,42.9979],[-101.22801,42.99788],[-101.22803,43.15684],[-101.22805,43.21393],[-101.228,43.22935],[-101.22819,43.34537],[-101.22823,43.38918],[-101.22839,43.43262],[-101.21718,43.43258],[-101.21731,43.4545],[-101.22743,43.45452],[-101.2274,43.46185],[-101.21733,43.46151],[-101.20746,43.4615],[-101.20756,43.43993],[-101.19758,43.43992],[-101.19749,43.4109],[-101.21746,43.41091]],[[-101.21746,43.41106],[-101.21747,43.41453],[-101.22244,43.41453],[-101.22244,43.41091],[-101.21746,43.41091],[-101.21746,43.41106]],[[-101.09814,43.41877],[-101.09833,43.41088],[-101.0884,43.41089],[-101.08841,43.4254],[-101.09337,43.42541],[-101.09815,43.42542],[-101.09814,43.41877]],[[-101.05846,43.42779],[-101.05861,43.41813],[-101.0487,43.41816],[-101.0487,43.43256],[-101.05774,43.43254],[-101.05846,43.43254],[-101.05846,43.42779]],[[-101.00706,43.43272],[-101.00723,43.42551],[-100.97743,43.4256],[-100.97744,43.43283],[-101.00706,43.43272]],[[-101.0121,43.42549],[-101.01219,43.41825],[-101.00722,43.41827],[-101.00722,43.42189],[-101.00723,43.42551],[-101.0121,43.42549]],[[-101.02686,43.40371],[-101.03866,43.4037],[-101.04869,43.40367],[-101.0487,43.39643],[-101.05863,43.39641],[-101.05863,43.3891],[-101.04072,43.38907],[-101.03853,43.38913],[-101.01715,43.38923],[-101.01715,43.39652],[-101.00721,43.39656],[-101.00722,43.4038],[-101.02686,43.40371]],[[-101.0487,43.40971],[-101.0487,43.41091],[-101.05862,43.41088],[-101.05862,43.40364],[-101.05555,43.40365],[-101.04869,43.40367],[-101.0487,43.40971]],[[-100.86845,43.38958],[-100.85852,43.38959],[-100.85855,43.3969],[-100.86848,43.3969],[-100.86845,43.38958]],[[-100.82383,43.39691],[-100.82382,43.3933],[-100.81886,43.3933],[-100.81885,43.38966],[-100.80893,43.38966],[-100.80895,43.39692],[-100.82383,43.39691]],[[-100.7704,43.4041],[-100.75056,43.40415],[-100.75054,43.41858],[-100.75956,43.41856],[-100.77039,43.41854],[-100.7704,43.4041]],[[-100.74061,43.44736],[-100.7406,43.44021],[-100.73063,43.4402],[-100.73063,43.44736],[-100.74061,43.44736]],[[-100.73069,43.40054],[-100.73068,43.40415],[-100.74062,43.40415],[-100.74063,43.39694],[-100.73567,43.39694],[-100.7307,43.39694],[-100.73069,43.40054]],[[-100.28367,43.4048],[-100.2836,43.39016],[-100.27368,43.39031],[-100.27374,43.40485],[-100.28367,43.4048]],[[-101.15778,43.39633],[-101.1777,43.39633],[-101.17777,43.38915],[-101.15783,43.38913],[-101.15778,43.39633]],[[-101.13789,43.39631],[-101.13788,43.38914],[-101.118,43.38914],[-101.11803,43.39634],[-101.1281,43.39632],[-101.12811,43.4036],[-101.1379,43.40358],[-101.13791,43.40722],[-101.1579,43.40726],[-101.15776,43.41815],[-101.16783,43.41815],[-101.16782,43.40362],[-101.15777,43.40362],[-101.15778,43.39633],[-101.13789,43.39631]],[[-101.06855,43.40364],[-101.0884,43.40363],[-101.0884,43.39637],[-101.09832,43.39636],[-101.09833,43.4],[-101.10826,43.39999],[-101.10833,43.38914],[-101.06855,43.38911],[-101.06855,43.40364]],[[-101.02695,43.43991],[-101.03874,43.43991],[-101.03873,43.4326],[-101.02693,43.43262],[-101.02695,43.43991]],[[-100.75057,43.39693],[-100.76049,43.39692],[-100.76049,43.38965],[-100.75058,43.38965],[-100.75057,43.39693]],[[-100.76044,43.43301],[-100.75548,43.43301],[-100.75052,43.43302],[-100.75051,43.43663],[-100.76044,43.43662],[-100.76044,43.43301]],[[-100.75053,43.42677],[-100.74059,43.42579],[-100.74058,43.43301],[-100.75052,43.43302],[-100.75053,43.42677]],[[-100.56598,43.39382],[-100.57318,43.39379],[-100.57319,43.39017],[-100.56597,43.3902],[-100.56598,43.39382]]],[[[-100.52132,43.40472],[-100.53121,43.40472],[-100.53116,43.41191],[-100.52134,43.4119],[-100.52132,43.40472]]],[[[-100.56121,43.41917],[-100.56603,43.41916],[-100.56602,43.41554],[-100.57314,43.41554],[-100.57312,43.42278],[-100.57258,43.42278],[-100.56108,43.42278],[-100.56121,43.41917]]],[[[-100.64754,43.42599],[-100.63877,43.42604],[-100.63761,43.42605],[-100.63761,43.41884],[-100.64754,43.41877],[-100.64754,43.42599]]],[[[-100.55117,43.4264],[-100.54124,43.42639],[-100.54123,43.42278],[-100.54786,43.42278],[-100.55116,43.42278],[-100.55117,43.4264]]],[[[-100.63264,43.43329],[-100.63264,43.43962],[-100.63264,43.4405],[-100.63194,43.44051],[-100.62272,43.44055],[-100.62273,43.43333],[-100.63264,43.43329]]],[[[-100.51648,43.44447],[-100.51647,43.44085],[-100.52144,43.44085],[-100.52146,43.44541],[-100.52146,43.44809],[-100.51153,43.44809],[-100.51152,43.44447],[-100.51648,43.44447]]],[[[-100.48173,43.44805],[-100.49172,43.44806],[-100.49174,43.45532],[-100.47183,43.45528],[-100.47181,43.4408],[-100.48171,43.44081],[-100.48173,43.44805]]],[[[-100.40709,43.44801],[-100.41207,43.44801],[-100.41207,43.45526],[-100.40211,43.45526],[-100.4021,43.44439],[-100.40708,43.44439],[-100.40709,43.44801]]],[[[-100.69087,43.44738],[-100.70088,43.44737],[-100.70087,43.45448],[-100.69095,43.45458],[-100.69087,43.44738]]],[[[-100.64258,43.45494],[-100.64257,43.44765],[-100.63264,43.44772],[-100.63264,43.4405],[-100.63761,43.44047],[-100.63764,43.43687],[-100.64754,43.43681],[-100.64754,43.43321],[-100.65251,43.43318],[-100.65256,43.44038],[-100.66243,43.44033],[-100.66243,43.43312],[-100.67236,43.43307],[-100.67235,43.44748],[-100.68228,43.44743],[-100.68228,43.46904],[-100.67237,43.4691],[-100.67235,43.46187],[-100.66244,43.46193],[-100.66243,43.45473],[-100.65261,43.45479],[-100.65256,43.45119],[-100.64754,43.45122],[-100.64755,43.45842],[-100.64258,43.45846],[-100.64258,43.45494]]],[[[-100.59298,43.44795],[-100.60288,43.44788],[-100.60287,43.45509],[-100.59292,43.45516],[-100.59298,43.44795]]],[[[-100.56613,43.4481],[-100.5725,43.4481],[-100.58301,43.44803],[-100.583,43.45525],[-100.59292,43.45516],[-100.59285,43.46237],[-100.60273,43.46233],[-100.60286,43.47055],[-100.60286,43.47673],[-100.59294,43.47678],[-100.59294,43.47522],[-100.59294,43.46956],[-100.58298,43.46969],[-100.58297,43.47692],[-100.573,43.47706],[-100.57301,43.46984],[-100.56125,43.46981],[-100.56129,43.47703],[-100.55135,43.47699],[-100.55124,43.44811],[-100.53139,43.44809],[-100.53136,43.44085],[-100.54129,43.44086],[-100.54128,43.43724],[-100.55121,43.43726],[-100.55118,43.43002],[-100.57254,43.43002],[-100.61287,43.42976],[-100.61284,43.44058],[-100.59297,43.44073],[-100.59297,43.43712],[-100.57252,43.43725],[-100.56123,43.43725],[-100.56126,43.46264],[-100.57303,43.46263],[-100.57306,43.45175],[-100.57249,43.45176],[-100.56614,43.45174],[-100.56613,43.4481]]],[[[-100.52149,43.45532],[-100.53139,43.45532],[-100.5315,43.46267],[-100.52153,43.46266],[-100.52149,43.45532]]],[[[-100.64355,43.46928],[-100.6426,43.46929],[-100.64258,43.46206],[-100.65253,43.46199],[-100.65254,43.46922],[-100.64355,43.46928]]],[[[-100.42201,43.46799],[-100.42201,43.46976],[-100.40971,43.46976],[-100.40212,43.46975],[-100.40228,43.46257],[-100.422,43.4627],[-100.42201,43.46799]]],[[[-100.47184,43.46978],[-100.49175,43.4698],[-100.49173,43.47704],[-100.47184,43.47701],[-100.47184,43.46978]]],[[[-100.42201,43.46976],[-100.42697,43.46976],[-100.42698,43.47338],[-100.43195,43.47338],[-100.43166,43.47872],[-100.43038,43.47877],[-100.42202,43.47871],[-100.42201,43.46976]]],[[[-100.44685,43.47333],[-100.45181,43.47331],[-100.45177,43.47885],[-100.44197,43.47888],[-100.44188,43.46972],[-100.44684,43.46971],[-100.44685,43.47333]]],[[[-100.63981,43.48592],[-100.62988,43.48594],[-100.62991,43.47877],[-100.63265,43.47877],[-100.63982,43.47875],[-100.63981,43.48592]]],[[[-100.64975,43.47872],[-100.68231,43.47859],[-100.68228,43.46904],[-100.71077,43.46903],[-100.7108,43.47627],[-100.69091,43.47617],[-100.69091,43.47857],[-100.68941,43.47858],[-100.68943,43.48579],[-100.66957,43.48584],[-100.66959,43.5003],[-100.65967,43.50033],[-100.65966,43.49309],[-100.64975,43.49312],[-100.64975,43.47872]]],[[[-100.47031,43.48617],[-100.48013,43.48617],[-100.48013,43.49344],[-100.47532,43.49342],[-100.47532,43.49353],[-100.4702,43.49347],[-100.47031,43.48617]]],[[[-100.62986,43.49318],[-100.61999,43.4932],[-100.61997,43.50042],[-100.59017,43.50051],[-100.59018,43.49328],[-100.6001,43.49325],[-100.60011,43.48602],[-100.62001,43.48597],[-100.62,43.48958],[-100.62987,43.48956],[-100.62986,43.49318]]],[[[-100.51992,43.49336],[-100.51988,43.47889],[-100.56957,43.47883],[-100.56958,43.4933],[-100.57455,43.4933],[-100.57453,43.47883],[-100.58278,43.47882],[-100.58949,43.47881],[-100.59018,43.47881],[-100.59018,43.49328],[-100.5895,43.49328],[-100.57952,43.49329],[-100.57956,43.50775],[-100.5696,43.50776],[-100.56959,43.5006],[-100.55966,43.5006],[-100.55964,43.48608],[-100.5497,43.4861],[-100.54971,43.49334],[-100.51992,43.49336]]],[[[-100.61997,43.50042],[-100.62986,43.5004],[-100.62986,43.50762],[-100.61995,43.50771],[-100.61997,43.50042]]],[[[-100.52004,43.50063],[-100.51987,43.50779],[-100.52483,43.50781],[-100.52491,43.51144],[-100.51995,43.51146],[-100.51995,43.51508],[-100.49846,43.51514],[-100.49017,43.51516],[-100.49017,43.50069],[-100.5,43.5007],[-100.49999,43.4934],[-100.50994,43.49339],[-100.50991,43.50066],[-100.52004,43.50063]]],[[[-100.66961,43.51476],[-100.65968,43.51479],[-100.65967,43.50756],[-100.6696,43.50753],[-100.6696,43.51025],[-100.66961,43.51476]]],[[[-100.67954,43.51472],[-100.68948,43.51468],[-100.68947,43.51963],[-100.68947,43.52191],[-100.68451,43.52193],[-100.67954,43.52195],[-100.67954,43.51472]]],[[[-100.49007,43.53685],[-100.50003,43.5369],[-100.50002,43.52961],[-100.50998,43.52958],[-100.51006,43.53689],[-100.51997,43.53685],[-100.51997,43.54403],[-100.49007,43.5441],[-100.49007,43.53685]]],[[[-100.40018,43.53654],[-100.41022,43.5366],[-100.41021,43.54383],[-100.40018,43.54378],[-100.40018,43.53654]]],[[[-100.69949,43.5508],[-100.69948,43.54357],[-100.71026,43.54353],[-100.72024,43.5435],[-100.72023,43.54711],[-100.71026,43.54715],[-100.71026,43.55076],[-100.69949,43.5508]]],[[[-100.66965,43.54731],[-100.66965,43.55093],[-100.66935,43.55093],[-100.65971,43.55095],[-100.6597,43.54372],[-100.66965,43.5437],[-100.66965,43.54731]]],[[[-100.47022,43.60193],[-100.44986,43.60184],[-100.44985,43.58021],[-100.47028,43.58028],[-100.47026,43.57302],[-100.45978,43.57296],[-100.45976,43.56549],[-100.45984,43.55852],[-100.44989,43.55849],[-100.44997,43.55125],[-100.45993,43.55128],[-100.45991,43.54405],[-100.42007,43.54387],[-100.42008,43.53664],[-100.43991,43.53672],[-100.44004,43.52949],[-100.43001,43.52944],[-100.42995,43.52221],[-100.42006,43.52215],[-100.42007,43.52939],[-100.40018,43.52929],[-100.40018,43.52204],[-100.38025,43.52196],[-100.38025,43.51472],[-100.40017,43.51481],[-100.40016,43.50033],[-100.42004,43.50043],[-100.42003,43.49324],[-100.42997,43.4933],[-100.42999,43.51496],[-100.45001,43.51507],[-100.45007,43.52954],[-100.47022,43.52962],[-100.47021,43.52238],[-100.49012,43.5224],[-100.49007,43.53685],[-100.47037,43.53693],[-100.47029,43.55855],[-100.48016,43.55855],[-100.48005,43.56557],[-100.48012,43.57298],[-100.49013,43.57296],[-100.4901,43.56577],[-100.50008,43.56579],[-100.50016,43.57289],[-100.5496,43.57308],[-100.54985,43.57977],[-100.54981,43.59459],[-100.5399,43.59461],[-100.53993,43.60186],[-100.53003,43.60187],[-100.53006,43.59463],[-100.52031,43.59465],[-100.50011,43.5946],[-100.50013,43.60191],[-100.49018,43.60191],[-100.49018,43.5947],[-100.47025,43.5947],[-100.47022,43.60193]],[[-100.52994,43.58741],[-100.52992,43.58017],[-100.51002,43.5802],[-100.51003,43.58744],[-100.52994,43.58741]]],[[[-100.54967,43.54384],[-100.53982,43.54398],[-100.53993,43.55122],[-100.52996,43.55124],[-100.52992,43.55848],[-100.51995,43.55851],[-100.51997,43.54403],[-100.52995,43.544],[-100.52995,43.5368],[-100.54971,43.53674],[-100.54967,43.54384]]],[[[-100.66965,43.55156],[-100.66965,43.55093],[-100.67462,43.55091],[-100.67959,43.55088],[-100.67959,43.54365],[-100.68953,43.54361],[-100.68956,43.55797],[-100.66967,43.5581],[-100.66965,43.55156]]],[[[-100.42008,43.55115],[-100.43004,43.55115],[-100.43002,43.55839],[-100.42025,43.55836],[-100.42003,43.55836],[-100.42005,43.55474],[-100.42008,43.55115]]],[[[-100.41017,43.55832],[-100.42003,43.55836],[-100.41999,43.56553],[-100.4001,43.56545],[-100.40018,43.55105],[-100.4102,43.55112],[-100.41017,43.55832]]],[[[-100.53993,43.55122],[-100.55974,43.55118],[-100.55971,43.55841],[-100.54978,43.55843],[-100.54976,43.56565],[-100.53984,43.56569],[-100.53993,43.55122]]],[[[-100.50997,43.55854],[-100.51995,43.55851],[-100.51994,43.56576],[-100.50999,43.56572],[-100.50997,43.55854]]],[[[-100.67965,43.57256],[-100.66137,43.57262],[-100.65977,43.57263],[-100.65974,43.56541],[-100.67962,43.56534],[-100.67965,43.57256]]],[[[-100.4101,43.57273],[-100.41997,43.57277],[-100.41998,43.58002],[-100.41007,43.57998],[-100.4101,43.57273]]],[[[-100.43989,43.59456],[-100.42993,43.59452],[-100.42992,43.58005],[-100.43988,43.5801],[-100.43988,43.58768],[-100.43989,43.59456]]],[[[-100.68745,43.61922],[-100.68471,43.61945],[-100.68472,43.60857],[-100.68971,43.60866],[-100.68967,43.6014],[-100.69963,43.60139],[-100.69959,43.59417],[-100.71026,43.59415],[-100.71026,43.58692],[-100.72022,43.58688],[-100.72022,43.60133],[-100.73017,43.60128],[-100.73019,43.59767],[-100.75009,43.59761],[-100.74982,43.5989],[-100.74984,43.60125],[-100.76003,43.60118],[-100.76002,43.59396],[-100.76997,43.59392],[-100.77001,43.6078],[-100.75001,43.60779],[-100.74993,43.60484],[-100.72022,43.60495],[-100.72021,43.61582],[-100.69968,43.61583],[-100.69843,43.6149],[-100.69642,43.61575],[-100.69269,43.61585],[-100.68971,43.61726],[-100.68745,43.61922]]],[[[-100.54981,43.59459],[-100.56974,43.59456],[-100.56982,43.61631],[-100.53996,43.61634],[-100.53995,43.6091],[-100.54968,43.60908],[-100.54981,43.59459]]],[[[-100.47022,43.60193],[-100.48023,43.60192],[-100.48023,43.60914],[-100.4702,43.60915],[-100.47022,43.60193]]],[[[-100.44988,43.60907],[-100.4702,43.60915],[-100.47018,43.61637],[-100.44989,43.6163],[-100.44988,43.60907]]],[[[-100.53996,43.61634],[-100.53997,43.62],[-100.53997,43.62353],[-100.53008,43.62353],[-100.52997,43.61635],[-100.53498,43.61635],[-100.53996,43.61634]]],[[[-100.68979,43.62306],[-100.68389,43.62304],[-100.68454,43.62113],[-100.68813,43.61958],[-100.68972,43.61843],[-100.68979,43.62306]]],[[[-100.67976,43.63034],[-100.67969,43.62305],[-100.68264,43.62305],[-100.6859,43.62888],[-100.68607,43.63033],[-100.67976,43.63034]]],[[[-100.55989,43.62349],[-100.55989,43.63077],[-100.54993,43.63079],[-100.54981,43.62351],[-100.55989,43.62349]]],[[[-100.4499,43.62353],[-100.47028,43.6236],[-100.47028,43.63082],[-100.44991,43.63077],[-100.4499,43.62353]]],[[[-100.57981,43.63071],[-100.57981,43.62348],[-100.59048,43.62341],[-100.6201,43.62333],[-100.62011,43.63056],[-100.63007,43.63052],[-100.63016,43.61606],[-100.63999,43.61601],[-100.63997,43.60879],[-100.64992,43.60875],[-100.64995,43.62315],[-100.66979,43.62309],[-100.66989,43.63761],[-100.71024,43.63751],[-100.71024,43.65197],[-100.68985,43.65202],[-100.68982,43.6448],[-100.66993,43.64486],[-100.66994,43.65208],[-100.63009,43.65221],[-100.63007,43.63775],[-100.61017,43.63782],[-100.61016,43.6306],[-100.59046,43.6307],[-100.57981,43.63071]]],[[[-100.51008,43.63812],[-100.51005,43.63329],[-100.51001,43.63313],[-100.5103,43.63099],[-100.51014,43.62364],[-100.52007,43.62361],[-100.52007,43.63085],[-100.53002,43.63083],[-100.53002,43.63806],[-100.51008,43.63812]]],[[[-100.44493,43.63437],[-100.44992,43.63438],[-100.44992,43.638],[-100.44494,43.638],[-100.44493,43.63437]]],[[[-100.53999,43.64528],[-100.54994,43.64527],[-100.54997,43.65236],[-100.53006,43.65238],[-100.53002,43.63806],[-100.53997,43.63804],[-100.53999,43.64528]]],[[[-100.44995,43.65245],[-100.44992,43.638],[-100.45988,43.63802],[-100.45989,43.64164],[-100.46487,43.64165],[-100.46486,43.63803],[-100.47029,43.63805],[-100.4703,43.64564],[-100.4703,43.65245],[-100.44995,43.65245]]],[[[-100.59035,43.64516],[-100.60024,43.64511],[-100.60025,43.65235],[-100.5903,43.6524],[-100.56993,43.65241],[-100.56991,43.64522],[-100.59035,43.64516]]],[[[-100.54002,43.67055],[-100.54003,43.67412],[-100.53941,43.67412],[-100.5301,43.67413],[-100.53006,43.66694],[-100.54002,43.66693],[-100.54002,43.67055]]],[[[-100.39019,43.66674],[-100.41012,43.66683],[-100.41013,43.67407],[-100.43009,43.67414],[-100.4301,43.68137],[-100.42012,43.68134],[-100.42014,43.68857],[-100.41016,43.68855],[-100.41017,43.69579],[-100.40052,43.69576],[-100.40018,43.6955],[-100.40017,43.68852],[-100.39039,43.68837],[-100.39024,43.68786],[-100.39031,43.66823],[-100.39019,43.66674]]],[[[-100.57994,43.6886],[-100.59019,43.68859],[-100.59024,43.68244],[-100.60023,43.68125],[-100.60022,43.69549],[-100.59004,43.69583],[-100.57996,43.69584],[-100.57994,43.6886]]],[[[-100.48487,43.68137],[-100.48029,43.68148],[-100.48029,43.69581],[-100.48179,43.69592],[-100.50021,43.69591],[-100.50021,43.70314],[-100.49024,43.70313],[-100.49024,43.71036],[-100.4803,43.71038],[-100.48028,43.71762],[-100.49023,43.71761],[-100.49022,43.72486],[-100.47527,43.72487],[-100.4753,43.72716],[-100.47355,43.72805],[-100.47046,43.72823],[-100.47036,43.72566],[-100.47545,43.72452],[-100.47706,43.72233],[-100.47389,43.72123],[-100.47201,43.72123],[-100.47036,43.72105],[-100.46204,43.72093],[-100.46077,43.72116],[-100.46011,43.72105],[-100.46011,43.71762],[-100.47036,43.71762],[-100.47035,43.71039],[-100.43012,43.71031],[-100.43043,43.72391],[-100.42726,43.72282],[-100.42434,43.72031],[-100.42363,43.71916],[-100.42178,43.71816],[-100.41949,43.71803],[-100.41614,43.72036],[-100.414,43.72315],[-100.41304,43.72618],[-100.41299,43.7278],[-100.41433,43.73081],[-100.41804,43.73393],[-100.41833,43.73536],[-100.41543,43.73558],[-100.41006,43.73346],[-100.41021,43.73141],[-100.41017,43.71388],[-100.41517,43.7139],[-100.41517,43.71027],[-100.42017,43.71029],[-100.42015,43.69581],[-100.43013,43.69583],[-100.4301,43.68137],[-100.44008,43.68138],[-100.44004,43.66691],[-100.41012,43.66683],[-100.41011,43.65245],[-100.44,43.65245],[-100.44002,43.65967],[-100.47031,43.65975],[-100.47032,43.66699],[-100.48038,43.66699],[-100.4902,43.66699],[-100.49022,43.67422],[-100.50029,43.67421],[-100.50021,43.66698],[-100.51012,43.66697],[-100.51017,43.68136],[-100.54003,43.6814],[-100.54003,43.67412],[-100.54999,43.67412],[-100.55997,43.67409],[-100.55997,43.68138],[-100.55,43.68139],[-100.55,43.68865],[-100.56996,43.68861],[-100.5699,43.70309],[-100.56009,43.70309],[-100.55997,43.69587],[-100.55001,43.69587],[-100.53037,43.69589],[-100.52021,43.6959],[-100.51017,43.69591],[-100.51017,43.68867],[-100.50021,43.68868],[-100.50021,43.68144],[-100.48487,43.68137]]],[[[-100.72738,43.714],[-100.72962,43.71618],[-100.73671,43.71665],[-100.73885,43.7173],[-100.73948,43.71943],[-100.73858,43.72003],[-100.73797,43.72069],[-100.73396,43.72091],[-100.73151,43.72148],[-100.72702,43.72148],[-100.72489,43.71888],[-100.72544,43.71715],[-100.72305,43.71615],[-100.7225,43.71509],[-100.72378,43.71329],[-100.72383,43.71172],[-100.72271,43.71142],[-100.71907,43.71535],[-100.71925,43.71703],[-100.71608,43.72039],[-100.71277,43.71999],[-100.70946,43.71796],[-100.70677,43.71806],[-100.70403,43.71933],[-100.70467,43.72045],[-100.70106,43.72425],[-100.70148,43.72483],[-100.7004,43.72472],[-100.69672,43.72479],[-100.69592,43.72399],[-100.69615,43.72223],[-100.69835,43.71911],[-100.69755,43.71636],[-100.69429,43.71624],[-100.68978,43.71379],[-100.68715,43.71399],[-100.68531,43.71257],[-100.67985,43.71164],[-100.67666,43.71375],[-100.67677,43.71704],[-100.67834,43.72017],[-100.67848,43.72179],[-100.67748,43.72271],[-100.67447,43.72307],[-100.6709,43.72491],[-100.67058,43.72523],[-100.66246,43.72807],[-100.66149,43.72897],[-100.65546,43.73054],[-100.65304,43.73173],[-100.65024,43.73174],[-100.65026,43.73925],[-100.64609,43.73925],[-100.64524,43.73841],[-100.64523,43.73538],[-100.64023,43.7354],[-100.64021,43.72456],[-100.63022,43.7246],[-100.62998,43.71732],[-100.6202,43.71736],[-100.62015,43.71017],[-100.63009,43.70999],[-100.63003,43.7028],[-100.65008,43.70273],[-100.65005,43.69551],[-100.63084,43.69555],[-100.63124,43.69505],[-100.63129,43.68837],[-100.61014,43.68848],[-100.60595,43.68838],[-100.60524,43.6878],[-100.6052,43.68127],[-100.61017,43.68124],[-100.61016,43.67401],[-100.59029,43.67409],[-100.5903,43.65964],[-100.62013,43.6595],[-100.62014,43.65226],[-100.63009,43.65221],[-100.63009,43.66672],[-100.64997,43.6666],[-100.65005,43.6805],[-100.65575,43.67893],[-100.65732,43.67766],[-100.6588,43.67381],[-100.66996,43.67376],[-100.67004,43.68823],[-100.66004,43.68827],[-100.6601,43.70271],[-100.68009,43.70262],[-100.68004,43.69544],[-100.69996,43.69538],[-100.69995,43.68814],[-100.70989,43.68811],[-100.71023,43.68677],[-100.71024,43.67364],[-100.71348,43.67363],[-100.74013,43.67352],[-100.74013,43.66629],[-100.75011,43.66624],[-100.75011,43.67347],[-100.76008,43.67343],[-100.76008,43.68065],[-100.75011,43.6807],[-100.75011,43.69516],[-100.74014,43.6952],[-100.74014,43.69881],[-100.73515,43.69883],[-100.73515,43.70244],[-100.73017,43.70246],[-100.73017,43.7086],[-100.72772,43.71131],[-100.72738,43.714]],[[-100.69998,43.70071],[-100.69998,43.70262],[-100.71024,43.70259],[-100.71024,43.69527],[-100.70527,43.69534],[-100.69996,43.69538],[-100.69998,43.70071]],[[-100.69622,43.70263],[-100.69004,43.70264],[-100.69007,43.70565],[-100.69999,43.70624],[-100.69998,43.70262],[-100.69622,43.70263]],[[-100.74014,43.69159],[-100.74014,43.68797],[-100.73016,43.68802],[-100.73017,43.69524],[-100.73515,43.69522],[-100.74014,43.6952],[-100.74014,43.69159]],[[-100.72021,43.69891],[-100.72519,43.69888],[-100.72519,43.69519],[-100.7202,43.69522],[-100.72021,43.69891]],[[-100.63006,43.67754],[-100.62509,43.67756],[-100.62508,43.68478],[-100.63005,43.68433],[-100.63005,43.68314],[-100.63006,43.67754]]],[[[-100.63003,43.7028],[-100.61025,43.70291],[-100.61027,43.69567],[-100.62959,43.69555],[-100.62947,43.697],[-100.63003,43.7028]]],[[[-100.53008,43.70314],[-100.53009,43.70675],[-100.5301,43.71044],[-100.52013,43.71046],[-100.51025,43.71038],[-100.51025,43.70315],[-100.53008,43.70314]]],[[[-100.60024,43.70299],[-100.60025,43.71024],[-100.61023,43.71017],[-100.61022,43.71379],[-100.60026,43.71386],[-100.60026,43.71749],[-100.59028,43.71755],[-100.59028,43.71031],[-100.57995,43.71031],[-100.57996,43.71756],[-100.56998,43.71756],[-100.5699,43.70309],[-100.59005,43.70307],[-100.60024,43.70299]]],[[[-100.44015,43.71396],[-100.44514,43.71397],[-100.44515,43.7176],[-100.44016,43.71758],[-100.44015,43.71396]]],[[[-100.50694,43.72873],[-100.50464,43.7288],[-100.50341,43.72973],[-100.49863,43.73086],[-100.49546,43.73282],[-100.49307,43.73515],[-100.49116,43.7378],[-100.49021,43.73719],[-100.49022,43.72486],[-100.51016,43.72487],[-100.51016,43.71763],[-100.53002,43.71761],[-100.5301,43.71044],[-100.53563,43.71036],[-100.54005,43.7104],[-100.54005,43.70312],[-100.55001,43.70311],[-100.56009,43.70309],[-100.56,43.71033],[-100.55002,43.71035],[-100.5499,43.71773],[-100.54005,43.71775],[-100.54005,43.72483],[-100.52013,43.72479],[-100.52013,43.73208],[-100.51673,43.73072],[-100.51223,43.72927],[-100.50964,43.72884],[-100.50825,43.72978],[-100.50694,43.72873]]],[[[-100.59028,43.71755],[-100.59028,43.72474],[-100.57994,43.7248],[-100.57996,43.71756],[-100.59028,43.71755]]],[[[-100.6202,43.71736],[-100.62025,43.72463],[-100.61018,43.72467],[-100.61017,43.73192],[-100.60041,43.73198],[-100.60032,43.73929],[-100.59028,43.73928],[-100.59028,43.72474],[-100.60028,43.72471],[-100.60026,43.71749],[-100.61021,43.71742],[-100.6202,43.71736]]],[[[-100.55354,43.75606],[-100.55211,43.75482],[-100.55043,43.75128],[-100.54966,43.74739],[-100.5503,43.7449],[-100.55077,43.74486],[-100.55089,43.74443],[-100.55089,43.74388],[-100.55133,43.74313],[-100.55197,43.74218],[-100.5527,43.74139],[-100.55475,43.74108],[-100.55889,43.74313],[-100.56137,43.74375],[-100.56052,43.74071],[-100.55542,43.7384],[-100.55469,43.73725],[-100.5498,43.73772],[-100.54649,43.73698],[-100.5415,43.73678],[-100.53966,43.73729],[-100.53436,43.73933],[-100.53011,43.73934],[-100.53011,43.73208],[-100.54012,43.73208],[-100.54998,43.73207],[-100.54999,43.72845],[-100.56,43.72844],[-100.56001,43.73927],[-100.58496,43.73927],[-100.58496,43.74289],[-100.59028,43.74289],[-100.59028,43.75391],[-100.59045,43.76779],[-100.58658,43.76756],[-100.58315,43.76612],[-100.58009,43.76343],[-100.57808,43.75843],[-100.57782,43.7543],[-100.57291,43.75305],[-100.56997,43.75251],[-100.56185,43.75325],[-100.55549,43.75584],[-100.55354,43.75606]]],[[[-100.12194,43.01386],[-100.10216,43.01384],[-100.10216,43.01064],[-100.10216,43.01022],[-100.12195,43.01025],[-100.12194,43.01386]]],[[[-100.14668,43.06809],[-100.15662,43.06808],[-100.15663,43.07532],[-100.14666,43.07534],[-100.14668,43.06809]]],[[[-100.12705,43.07531],[-100.13686,43.07531],[-100.13687,43.08256],[-100.12697,43.08243],[-100.12705,43.07531]]],[[[-100.19621,43.14765],[-100.1863,43.14765],[-100.1863,43.14042],[-100.19228,43.14042],[-100.19619,43.14042],[-100.19621,43.14765]]],[[[-100.1369,43.1549],[-100.12696,43.15489],[-100.1269,43.15415],[-100.12695,43.14036],[-100.13685,43.14045],[-100.1369,43.1549]]],[[[-100.21101,43.19837],[-100.20607,43.19837],[-100.20609,43.19112],[-100.21021,43.19112],[-100.21104,43.19112],[-100.21101,43.19837]]],[[[-100.12688,43.21274],[-100.14673,43.21278],[-100.14673,43.22007],[-100.12681,43.22003],[-100.12688,43.21274]]],[[[-100.14657,43.22724],[-100.15648,43.22724],[-100.15644,43.23455],[-100.16639,43.23454],[-100.16637,43.2418],[-100.14652,43.24179],[-100.14657,43.22926],[-100.14657,43.22724]]],[[[-100.1662,43.29248],[-100.16554,43.29248],[-100.15631,43.29247],[-100.15632,43.28523],[-100.16622,43.28525],[-100.1662,43.29248]]],[[[-100.18611,43.30699],[-100.17608,43.30697],[-100.17611,43.29973],[-100.18449,43.29975],[-100.18613,43.29976],[-100.18611,43.30699]]],[[[-100.12653,43.32856],[-100.14638,43.32857],[-100.14627,43.3431],[-100.13635,43.34303],[-100.13636,43.33585],[-100.12648,43.33585],[-100.12653,43.32856]]],[[[-100.16614,43.33591],[-100.176,43.33592],[-100.17599,43.34305],[-100.16613,43.34302],[-100.16614,43.33591]]],[[[-100.16611,43.372],[-100.17593,43.37203],[-100.1759,43.38645],[-100.16606,43.38643],[-100.16611,43.372]]],[[[-100.13626,43.37928],[-100.13624,43.38644],[-100.12638,43.3864],[-100.1264,43.37925],[-100.13626,43.37928]]],[[[-100.2539,43.3977],[-100.25396,43.41216],[-100.24397,43.4122],[-100.24391,43.39774],[-100.2539,43.3977]]],[[[-100.25396,43.41216],[-100.2688,43.41211],[-100.26881,43.41573],[-100.26385,43.41575],[-100.26386,43.41931],[-100.25398,43.41931],[-100.25396,43.41216]]],[[[-100.36234,43.41181],[-100.38221,43.41181],[-100.3822,43.41906],[-100.37227,43.41906],[-100.37227,43.42631],[-100.36236,43.4263],[-100.36234,43.41181]]],[[[-100.34245,43.41904],[-100.3524,43.41905],[-100.3524,43.42629],[-100.34246,43.42628],[-100.34245,43.41904]]],[[[-100.21424,43.41952],[-100.25398,43.41931],[-100.25401,43.42663],[-100.21413,43.42675],[-100.21424,43.41952]]],[[[-100.38221,43.43355],[-100.39213,43.43352],[-100.39214,43.44077],[-100.38219,43.44077],[-100.38221,43.43355]]],[[[-100.22413,43.43394],[-100.23414,43.43384],[-100.2342,43.44835],[-100.22417,43.44839],[-100.22413,43.43394]]],[[[-100.11716,43.47333],[-100.1262,43.47333],[-100.12619,43.48062],[-100.11715,43.48062],[-100.11716,43.47333]]],[[[-100.33012,43.4783],[-100.33012,43.48554],[-100.32019,43.48549],[-100.32018,43.47826],[-100.33012,43.4783]]],[[[-100.16595,43.48782],[-100.1659,43.48063],[-100.1731,43.48063],[-100.17579,43.48064],[-100.17579,43.48783],[-100.16595,43.48782]]],[[[-100.34018,43.51452],[-100.3259,43.51446],[-100.32024,43.51425],[-100.32026,43.5289],[-100.35036,43.52904],[-100.35036,43.53627],[-100.34016,43.53624],[-100.34018,43.54348],[-100.33022,43.54343],[-100.33023,43.55067],[-100.3603,43.55081],[-100.36031,43.56528],[-100.35042,43.56522],[-100.35035,43.558],[-100.33061,43.55792],[-100.33045,43.56517],[-100.32031,43.5651],[-100.32029,43.55061],[-100.29046,43.55048],[-100.29042,43.56497],[-100.26055,43.56486],[-100.26056,43.57209],[-100.25061,43.57205],[-100.2506,43.56482],[-100.24065,43.56478],[-100.24065,43.55756],[-100.25061,43.55761],[-100.25062,43.55037],[-100.27053,43.55043],[-100.27053,43.5432],[-100.2508,43.54312],[-100.25077,43.53592],[-100.27061,43.53599],[-100.27066,43.51426],[-100.26055,43.51423],[-100.26057,43.52148],[-100.24065,43.52139],[-100.24066,43.52862],[-100.2309,43.52857],[-100.23065,43.50687],[-100.24066,43.50692],[-100.24066,43.49968],[-100.2506,43.49972],[-100.2506,43.47801],[-100.2342,43.47795],[-100.23418,43.47016],[-100.27389,43.46999],[-100.27388,43.46275],[-100.24408,43.46288],[-100.24407,43.45564],[-100.27388,43.45551],[-100.27398,43.44094],[-100.27379,43.41934],[-100.28373,43.41932],[-100.2838,43.44096],[-100.29386,43.44097],[-100.29383,43.4337],[-100.3136,43.4336],[-100.31357,43.42636],[-100.33258,43.42627],[-100.3326,43.43351],[-100.34246,43.43352],[-100.34247,43.44801],[-100.35249,43.44801],[-100.35249,43.45523],[-100.36235,43.45522],[-100.36237,43.46973],[-100.37727,43.46972],[-100.37727,43.47333],[-100.38224,43.47334],[-100.38224,43.47853],[-100.38023,43.47852],[-100.38024,43.49306],[-100.37035,43.49302],[-100.37033,43.50744],[-100.36034,43.50738],[-100.36033,43.51462],[-100.37033,43.51468],[-100.37032,43.52192],[-100.34014,43.52175],[-100.34018,43.51452]],[[-100.33022,43.54222],[-100.33021,43.53619],[-100.31032,43.53608],[-100.31033,43.54332],[-100.32525,43.5434],[-100.33022,43.54343],[-100.33022,43.54222]],[[-100.26055,43.51019],[-100.26043,43.50699],[-100.2506,43.50696],[-100.2506,43.5142],[-100.25558,43.51421],[-100.26055,43.51423],[-100.26055,43.51019]],[[-100.29388,43.44816],[-100.3037,43.44813],[-100.30373,43.45536],[-100.31367,43.45531],[-100.31362,43.44084],[-100.29386,43.44097],[-100.29388,43.44816]],[[-100.32353,43.43356],[-100.32361,43.45527],[-100.3324,43.45527],[-100.3326,43.43351],[-100.32353,43.43356]],[[-100.36034,43.47842],[-100.35244,43.47839],[-100.35242,43.46248],[-100.34249,43.4626],[-100.34251,43.47835],[-100.33248,43.47831],[-100.33253,43.4697],[-100.32864,43.4697],[-100.3286,43.46248],[-100.30376,43.4626],[-100.30377,43.46622],[-100.29398,43.46628],[-100.29398,43.47485],[-100.29391,43.47754],[-100.29201,43.47822],[-100.29037,43.47821],[-100.29037,43.48539],[-100.32019,43.48549],[-100.32021,43.49996],[-100.31014,43.49991],[-100.31028,43.50711],[-100.33023,43.50698],[-100.33052,43.4928],[-100.34008,43.49286],[-100.34009,43.50004],[-100.3504,43.50008],[-100.35039,43.50732],[-100.36034,43.50738],[-100.36034,43.47842]],[[-100.29407,43.46269],[-100.29391,43.46196],[-100.29389,43.4554],[-100.27886,43.45549],[-100.27886,43.45911],[-100.28384,43.45908],[-100.28385,43.46275],[-100.28885,43.46273],[-100.289,43.4663],[-100.29398,43.46628],[-100.29407,43.46269]],[[-100.37057,43.47853],[-100.37071,43.47851],[-100.37176,43.47852],[-100.37241,43.4779],[-100.37239,43.47333],[-100.36734,43.47334],[-100.36729,43.47855],[-100.37057,43.47853]]],[[[-100.141,43.50005],[-100.14099,43.49511],[-100.14611,43.49511],[-100.15592,43.49511],[-100.15593,43.50004],[-100.1504,43.50004],[-100.14606,43.50004],[-100.141,43.50005]]],[[[-100.38024,43.49306],[-100.40015,43.49314],[-100.40016,43.50033],[-100.39024,43.50029],[-100.39018,43.50752],[-100.38025,43.50748],[-100.38024,43.49306]]],[[[-100.11713,43.49509],[-100.11714,43.50017],[-100.11534,43.50021],[-100.11057,43.50015],[-100.11057,43.50732],[-100.10063,43.50732],[-100.10063,43.49998],[-100.10224,43.50002],[-100.10222,43.49508],[-100.11534,43.49509],[-100.11605,43.49509],[-100.11713,43.49509]]],[[[-100.18018,43.50004],[-100.19006,43.5],[-100.19002,43.50735],[-100.18018,43.50734],[-100.18018,43.50004]]],[[[-100.19499,43.50735],[-100.19995,43.50736],[-100.19993,43.5146],[-100.19001,43.51454],[-100.19001,43.51097],[-100.19002,43.50735],[-100.19499,43.50735]]],[[[-100.37032,43.52192],[-100.38025,43.52196],[-100.38025,43.5292],[-100.37033,43.52915],[-100.37032,43.52192]]],[[[-100.1006,43.55075],[-100.10062,43.52903],[-100.12057,43.52903],[-100.12055,43.53661],[-100.12048,43.54351],[-100.11055,43.54352],[-100.11055,43.55075],[-100.1006,43.55075]]],[[[-100.38024,43.54368],[-100.38025,43.53639],[-100.38798,43.53645],[-100.39023,43.53647],[-100.39022,43.54373],[-100.38024,43.54368]]],[[[-100.24066,43.54309],[-100.2508,43.54313],[-100.25062,43.54955],[-100.25062,43.55037],[-100.24564,43.55035],[-100.24066,43.55032],[-100.24066,43.54309]]],[[[-100.12546,43.54352],[-100.13043,43.54352],[-100.13041,43.56523],[-100.12047,43.56523],[-100.12049,43.55004],[-100.12048,43.54351],[-100.12546,43.54352]]],[[[-100.33027,43.58688],[-100.3104,43.58677],[-100.31046,43.5824],[-100.31048,43.57954],[-100.33026,43.57964],[-100.33027,43.58688]]],[[[-100.39017,43.58718],[-100.38741,43.58709],[-100.38017,43.58708],[-100.38017,43.57985],[-100.39018,43.57989],[-100.39017,43.58718]]],[[[-100.18012,43.58689],[-100.19,43.5869],[-100.18999,43.60136],[-100.18015,43.60134],[-100.18049,43.59678],[-100.18016,43.59527],[-100.18012,43.58689]]],[[[-100.12024,43.57247],[-100.1304,43.57247],[-100.13038,43.57959],[-100.13036,43.58696],[-100.12041,43.58695],[-100.12041,43.59079],[-100.12042,43.59418],[-100.14029,43.5942],[-100.14028,43.60143],[-100.15023,43.60143],[-100.15023,43.60866],[-100.13035,43.60866],[-100.13035,43.6159],[-100.11545,43.61588],[-100.11545,43.61227],[-100.11048,43.61227],[-100.11048,43.59074],[-100.11048,43.58671],[-100.11049,43.5797],[-100.11051,43.57246],[-100.12024,43.57247]]],[[[-100.33029,43.59412],[-100.34025,43.59416],[-100.34027,43.6014],[-100.3303,43.60135],[-100.33029,43.59412]]],[[[-100.40007,43.59441],[-100.41002,43.59444],[-100.41004,43.60892],[-100.40505,43.60891],[-100.40007,43.60889],[-100.40007,43.60687],[-100.40007,43.59441]]],[[[-100.23068,43.60809],[-100.24065,43.60824],[-100.24066,43.62266],[-100.25065,43.6227],[-100.25064,43.61547],[-100.26054,43.61549],[-100.26064,43.60825],[-100.27058,43.60828],[-100.27056,43.60104],[-100.26058,43.60102],[-100.26063,43.59378],[-100.27055,43.59381],[-100.27051,43.57213],[-100.29045,43.5722],[-100.29047,43.58665],[-100.30037,43.58671],[-100.30051,43.59395],[-100.31041,43.59401],[-100.31042,43.60848],[-100.33032,43.60858],[-100.33033,43.61582],[-100.31043,43.61571],[-100.31044,43.62294],[-100.30047,43.62289],[-100.30046,43.61565],[-100.29059,43.61559],[-100.29036,43.63731],[-100.27058,43.6372],[-100.27058,43.62998],[-100.23097,43.62986],[-100.23068,43.60809]],[[-100.29895,43.59394],[-100.29048,43.59388],[-100.29049,43.60111],[-100.30057,43.60118],[-100.30051,43.59395],[-100.29895,43.59394]]],[[[-100.17012,43.60866],[-100.16019,43.60865],[-100.16018,43.60142],[-100.16063,43.60142],[-100.17012,43.60142],[-100.17012,43.60866]]],[[[-100.18999,43.60865],[-100.20007,43.60863],[-100.20007,43.61592],[-100.18998,43.6159],[-100.18999,43.60865]]],[[[-100.15023,43.61894],[-100.15023,43.62314],[-100.14027,43.62314],[-100.14027,43.61591],[-100.15023,43.6159],[-100.15023,43.61894]]],[[[-100.18998,43.62315],[-100.20007,43.62314],[-100.20008,43.6304],[-100.18005,43.63039],[-100.18016,43.6159],[-100.18998,43.6159],[-100.18998,43.62315]]],[[[-100.40507,43.61614],[-100.41005,43.61616],[-100.41005,43.62336],[-100.42005,43.62331],[-100.42003,43.63067],[-100.41008,43.63063],[-100.41009,43.63787],[-100.40013,43.63784],[-100.40012,43.6306],[-100.39016,43.63056],[-100.39015,43.62332],[-100.40011,43.62334],[-100.4001,43.61927],[-100.40009,43.61613],[-100.40507,43.61614]]],[[[-100.3802,43.63054],[-100.3802,43.63416],[-100.3802,43.63778],[-100.37896,43.63777],[-100.37027,43.63775],[-100.37027,43.63051],[-100.3802,43.63054]]],[[[-100.21962,43.63041],[-100.21959,43.64492],[-100.19997,43.64489],[-100.20008,43.6304],[-100.21962,43.63041]]],[[[-100.26981,43.65166],[-100.25067,43.65165],[-100.25065,43.63709],[-100.27058,43.6372],[-100.27062,43.65174],[-100.26981,43.65166]]],[[[-100.3802,43.63778],[-100.39018,43.6378],[-100.39019,43.65229],[-100.38022,43.65226],[-100.3802,43.63778]]],[[[-100.24068,43.6516],[-100.25067,43.65165],[-100.25066,43.65953],[-100.24067,43.65954],[-100.24068,43.6516]]],[[[-100.37034,43.65222],[-100.38022,43.65226],[-100.38023,43.6595],[-100.37036,43.65947],[-100.37034,43.65222]]],[[[-100.28557,43.65584],[-100.29058,43.65583],[-100.29079,43.65434],[-100.29084,43.65174],[-100.29076,43.64109],[-100.29551,43.64111],[-100.29552,43.64457],[-100.3005,43.64461],[-100.30048,43.65182],[-100.30059,43.65944],[-100.31054,43.65942],[-100.3105,43.68115],[-100.30054,43.68115],[-100.30048,43.6703],[-100.29554,43.6703],[-100.29552,43.66307],[-100.29067,43.66281],[-100.29069,43.65945],[-100.27062,43.65949],[-100.27062,43.65174],[-100.28558,43.65182],[-100.28557,43.65584]]],[[[-100.34026,43.6448],[-100.36029,43.64486],[-100.3603,43.6521],[-100.36031,43.66668],[-100.37034,43.66667],[-100.37066,43.67111],[-100.37033,43.67245],[-100.37036,43.70292],[-100.38024,43.70295],[-100.38024,43.71019],[-100.37037,43.71017],[-100.37037,43.72071],[-100.3902,43.72108],[-100.39027,43.72451],[-100.38816,43.72477],[-100.38426,43.72624],[-100.38133,43.72609],[-100.37944,43.72653],[-100.37728,43.72828],[-100.37838,43.73151],[-100.37627,43.7333],[-100.37312,43.73859],[-100.36999,43.73921],[-100.3683,43.73903],[-100.36609,43.73772],[-100.36404,43.73575],[-100.36068,43.73524],[-100.35884,43.73438],[-100.35513,43.73079],[-100.35305,43.7297],[-100.34898,43.72853],[-100.34744,43.72767],[-100.34594,43.72545],[-100.34536,43.72003],[-100.34309,43.71781],[-100.34007,43.71736],[-100.35034,43.71734],[-100.35046,43.70281],[-100.34043,43.70287],[-100.34041,43.69561],[-100.36032,43.69565],[-100.36031,43.68117],[-100.35035,43.68114],[-100.35035,43.66665],[-100.3304,43.66665],[-100.33044,43.68837],[-100.32057,43.68837],[-100.32044,43.65942],[-100.31054,43.65942],[-100.31056,43.65184],[-100.31054,43.64467],[-100.32042,43.64474],[-100.32039,43.63749],[-100.31052,43.63743],[-100.31069,43.63018],[-100.31128,43.62999],[-100.32041,43.63019],[-100.32054,43.62297],[-100.33034,43.62302],[-100.33033,43.61582],[-100.35031,43.61595],[-100.35031,43.60145],[-100.36026,43.60149],[-100.36032,43.58339],[-100.37024,43.58344],[-100.37024,43.59427],[-100.39017,43.59437],[-100.39018,43.60162],[-100.38016,43.60157],[-100.38016,43.60874],[-100.40007,43.60889],[-100.40009,43.61613],[-100.38017,43.61606],[-100.38016,43.6125],[-100.37026,43.61244],[-100.37027,43.62322],[-100.35031,43.62312],[-100.35031,43.63043],[-100.33042,43.63031],[-100.33023,43.63752],[-100.34033,43.63773],[-100.34026,43.6448]]],[[[-100.21954,43.66663],[-100.20988,43.66662],[-100.20985,43.65939],[-100.21729,43.65939],[-100.21955,43.65939],[-100.21954,43.66663]]],[[[-100.26064,43.65951],[-100.27062,43.65949],[-100.27061,43.66673],[-100.26063,43.66675],[-100.26064,43.65951]]],[[[-100.27076,43.66667],[-100.27126,43.66651],[-100.28072,43.6667],[-100.28064,43.67394],[-100.27061,43.67396],[-100.27066,43.6668],[-100.27061,43.66673],[-100.27076,43.66667]]],[[[-100.26063,43.66675],[-100.26062,43.67399],[-100.25065,43.67401],[-100.25073,43.66677],[-100.26063,43.66675]]],[[[-100.23092,43.67402],[-100.25065,43.67401],[-100.25065,43.68124],[-100.23091,43.68125],[-100.23092,43.67402]]],[[[-100.21454,43.68564],[-100.21398,43.68275],[-100.21319,43.6817],[-100.21021,43.68174],[-100.20992,43.67748],[-100.21956,43.67748],[-100.21963,43.68834],[-100.21579,43.68834],[-100.21454,43.68564]]],[[[-100.12928,43.70125],[-100.12767,43.69978],[-100.12703,43.69939],[-100.12409,43.69591],[-100.12196,43.69076],[-100.12055,43.68833],[-100.12551,43.68832],[-100.12549,43.6847],[-100.12052,43.6847],[-100.12044,43.67363],[-100.12785,43.67383],[-100.14032,43.67383],[-100.14036,43.68106],[-100.15028,43.68107],[-100.15032,43.69422],[-100.14608,43.69622],[-100.14036,43.69452],[-100.13873,43.69689],[-100.14041,43.69873],[-100.14041,43.70063],[-100.13979,43.70119],[-100.13835,43.70277],[-100.13694,43.70365],[-100.1326,43.70318],[-100.12928,43.70125]]],[[[-100.19003,43.69196],[-100.19006,43.70284],[-100.1802,43.70284],[-100.18021,43.70539],[-100.17023,43.70545],[-100.17013,43.67385],[-100.19358,43.67386],[-100.19995,43.67387],[-100.19994,43.69195],[-100.19003,43.69196]]],[[[-100.33044,43.68837],[-100.34041,43.68837],[-100.34041,43.69561],[-100.33044,43.69561],[-100.33044,43.68837]]],[[[-100.23089,43.68849],[-100.25066,43.68848],[-100.25066,43.69572],[-100.23088,43.69573],[-100.23089,43.68849]]],[[[-100.27169,43.70418],[-100.27125,43.7052],[-100.27003,43.70611],[-100.26932,43.70766],[-100.26533,43.70888],[-100.26528,43.70673],[-100.26459,43.70708],[-100.26323,43.70697],[-100.25872,43.70544],[-100.25706,43.7053],[-100.25628,43.70421],[-100.25381,43.7029],[-100.25216,43.70317],[-100.24812,43.70536],[-100.24567,43.70611],[-100.24567,43.70297],[-100.25068,43.70297],[-100.25066,43.69572],[-100.26063,43.69572],[-100.26062,43.68847],[-100.27067,43.68845],[-100.27058,43.6812],[-100.27558,43.68119],[-100.27558,43.68481],[-100.28058,43.6848],[-100.28058,43.68842],[-100.29055,43.68838],[-100.29064,43.69561],[-100.30054,43.69562],[-100.30053,43.70286],[-100.30552,43.70286],[-100.30552,43.71009],[-100.29817,43.7101],[-100.29666,43.70599],[-100.29069,43.69873],[-100.28701,43.69714],[-100.28003,43.6968],[-100.2749,43.6997],[-100.27376,43.70117],[-100.27342,43.70157],[-100.27208,43.70372],[-100.27169,43.70418]]],[[[-100.33047,43.7101],[-100.3155,43.7101],[-100.3155,43.70648],[-100.32056,43.70647],[-100.32056,43.70221],[-100.31937,43.70275],[-100.31052,43.70252],[-100.31051,43.68838],[-100.32057,43.68837],[-100.32056,43.69562],[-100.33044,43.69561],[-100.33047,43.7101]]],[[[-100.40052,43.69576],[-100.40049,43.703],[-100.38024,43.70295],[-100.38024,43.6957],[-100.40052,43.69576]]],[[[-100.24404,43.70692],[-100.24067,43.70893],[-100.24067,43.70857],[-100.24067,43.70659],[-100.24482,43.70659],[-100.24404,43.70692]]],[[[-100.23085,43.71021],[-100.23871,43.71021],[-100.23811,43.71059],[-100.23421,43.71215],[-100.23222,43.7137],[-100.23084,43.71386],[-100.23085,43.71021]]],[[[-100.07746,43.03551],[-100.07041,43.0355],[-100.06764,43.0355],[-100.06761,43.02828],[-100.07746,43.02829],[-100.07746,43.03551]]],[[[-99.95889,43.03894],[-99.94901,43.03897],[-99.94901,43.03175],[-99.94961,43.03181],[-99.95888,43.03182],[-99.95889,43.03894]]],[[[-99.92939,43.03904],[-99.93916,43.03903],[-99.93915,43.05344],[-99.92937,43.05344],[-99.92939,43.03904]]],[[[-99.96873,43.0463],[-99.98857,43.04628],[-99.9886,43.05348],[-99.96876,43.05343],[-99.96873,43.0463]]],[[[-99.94051,43.05344],[-99.94912,43.05345],[-99.949,43.06075],[-99.93914,43.06074],[-99.93915,43.05712],[-99.93915,43.05344],[-99.94051,43.05344]]],[[[-100.05771,43.05357],[-100.06762,43.05356],[-100.06761,43.06079],[-100.05771,43.0608],[-100.05771,43.05357]]],[[[-100.07746,43.06081],[-100.08732,43.06082],[-100.08733,43.06805],[-100.07747,43.06804],[-100.07746,43.06081]]],[[[-99.949,43.06789],[-99.95887,43.06788],[-99.95887,43.07522],[-99.949,43.07521],[-99.949,43.06789]]],[[[-99.99837,43.08248],[-99.96874,43.08241],[-99.96873,43.07523],[-99.97862,43.07524],[-99.97863,43.06791],[-99.96873,43.06786],[-99.96874,43.06077],[-99.98859,43.06077],[-99.98851,43.07524],[-99.99839,43.07524],[-99.99837,43.08248]]],[[[-100.07747,43.07527],[-100.0676,43.07525],[-100.0676,43.06802],[-100.07747,43.06804],[-100.07747,43.07165],[-100.07747,43.07527]]],[[[-99.93421,43.06788],[-99.93914,43.06789],[-99.93912,43.08243],[-99.92924,43.08243],[-99.92937,43.06434],[-99.93421,43.06435],[-99.93421,43.06788]]],[[[-99.99839,43.07524],[-99.99839,43.06793],[-100.00838,43.06795],[-100.01821,43.06795],[-100.0182,43.08253],[-100.00826,43.0825],[-100.00839,43.07525],[-99.99839,43.07524]]],[[[-100.117,43.0753],[-100.11701,43.08251],[-100.127,43.0826],[-100.12691,43.08978],[-100.10714,43.08976],[-100.10714,43.08249],[-100.09725,43.08247],[-100.09724,43.08975],[-100.08736,43.08974],[-100.08735,43.08245],[-100.08733,43.06805],[-100.09723,43.06805],[-100.09723,43.07528],[-100.117,43.0753]]],[[[-100.04783,43.07525],[-100.04784,43.08244],[-100.04291,43.08244],[-100.04291,43.0861],[-100.03797,43.0861],[-100.03797,43.08972],[-100.02809,43.08973],[-100.02809,43.08611],[-100.03303,43.08611],[-100.03303,43.08248],[-100.03797,43.08248],[-100.03796,43.07525],[-100.04783,43.07525]]],[[[-100.00826,43.0825],[-100.00831,43.08974],[-99.99837,43.08972],[-99.99837,43.08248],[-100.00826,43.0825]]],[[[-99.95887,43.08245],[-99.95887,43.08969],[-99.96789,43.08972],[-99.96877,43.092],[-99.96879,43.09687],[-99.94901,43.09687],[-99.949,43.08244],[-99.95887,43.08245]]],[[[-100.07748,43.08973],[-100.08736,43.08974],[-100.08736,43.09697],[-100.07748,43.09696],[-100.07748,43.08973]]],[[[-100.09724,43.08975],[-100.10714,43.08976],[-100.10715,43.097],[-100.09724,43.09699],[-100.09724,43.08975]]],[[[-100.07748,43.09696],[-100.07748,43.10058],[-100.07749,43.1042],[-100.05773,43.10419],[-100.05773,43.09695],[-100.07254,43.09696],[-100.07748,43.09696]]],[[[-100.0281,43.1042],[-100.01821,43.10421],[-100.01821,43.1021],[-100.01821,43.09697],[-100.02809,43.09697],[-100.0281,43.1042]]],[[[-100.0874,43.12591],[-100.07751,43.12591],[-100.0775,43.12019],[-100.07749,43.11143],[-100.08738,43.11144],[-100.0874,43.12591]]],[[[-99.96387,43.11866],[-99.97369,43.11867],[-99.97369,43.1259],[-99.9638,43.12582],[-99.96387,43.11866]]],[[[-99.99347,43.1621],[-99.99038,43.16209],[-99.98853,43.16208],[-99.98851,43.15846],[-99.99345,43.15848],[-99.99347,43.1621]]],[[[-100.07751,43.20559],[-100.07256,43.20559],[-100.06761,43.20558],[-100.0676,43.19824],[-100.07751,43.19825],[-100.07751,43.20559]]],[[[-100.00833,43.19834],[-100.03795,43.19834],[-100.03793,43.20558],[-100.02811,43.2056],[-100.02811,43.21272],[-100.00824,43.21275],[-100.00833,43.19834]]],[[[-100.05893,43.20558],[-100.06761,43.20558],[-100.0676,43.21057],[-100.06759,43.21273],[-100.05771,43.21269],[-100.05772,43.20558],[-100.05893,43.20558]]],[[[-99.9986,43.22005],[-99.98881,43.22006],[-99.98872,43.19826],[-99.99854,43.19827],[-99.99858,43.21275],[-99.9986,43.22005]]],[[[-100.08738,43.21277],[-100.0973,43.21275],[-100.09728,43.22005],[-100.08741,43.22006],[-100.08738,43.21277]]],[[[-100.05769,43.22006],[-100.06758,43.22006],[-100.06758,43.22722],[-100.05794,43.22722],[-100.05768,43.22722],[-100.05768,43.22368],[-100.05769,43.22006]]],[[[-100.0379,43.22005],[-100.04782,43.22005],[-100.04782,43.22029],[-100.04781,43.22721],[-100.04308,43.22722],[-100.03789,43.22723],[-100.0379,43.22005]]],[[[-100.05768,43.22722],[-100.05766,43.23453],[-100.0478,43.23453],[-100.04781,43.22721],[-100.05768,43.22722]]],[[[-99.99863,43.24177],[-100.00812,43.24178],[-100.01806,43.24178],[-100.01804,43.24902],[-100.00809,43.24902],[-100.00812,43.25618],[-99.99868,43.25618],[-99.99863,43.24177]]],[[[-100.07734,43.40099],[-100.07732,43.38639],[-100.08728,43.38638],[-100.08727,43.37926],[-100.09717,43.37928],[-100.09718,43.38622],[-100.09719,43.40099],[-100.08733,43.40098],[-100.07734,43.40099]]],[[[-100.00798,43.39377],[-100.00799,43.3997],[-100.00817,43.40028],[-100.00796,43.40084],[-99.99881,43.40086],[-99.99893,43.39377],[-100.00798,43.39377]]],[[[-100.02784,43.40516],[-100.02783,43.41532],[-100.01782,43.41533],[-100.0178,43.40084],[-100.02784,43.40088],[-100.02784,43.40516]]],[[[-99.93933,43.40086],[-99.94936,43.40086],[-99.94937,43.40827],[-99.94433,43.40821],[-99.94437,43.41535],[-99.9394,43.41535],[-99.93933,43.40086]]],[[[-100.06743,43.40823],[-100.07735,43.40823],[-100.07738,43.41539],[-100.06746,43.4154],[-100.06743,43.40823]]],[[[-99.95923,43.41545],[-99.96925,43.41546],[-99.96926,43.42982],[-99.95925,43.42985],[-99.95923,43.41545]]],[[[-100.06746,43.42272],[-100.07738,43.42271],[-100.07741,43.42992],[-100.06748,43.42991],[-100.06746,43.42272]]],[[[-100.0477,43.42994],[-100.04769,43.42273],[-100.05753,43.42272],[-100.05755,43.42984],[-100.05755,43.43715],[-100.04771,43.43714],[-100.04771,43.43696],[-100.0477,43.42994]]],[[[-99.92949,43.42984],[-99.93945,43.42988],[-99.93939,43.43717],[-99.92953,43.43717],[-99.92949,43.42984]]],[[[-99.96927,43.43716],[-99.97914,43.43716],[-99.97917,43.44427],[-99.96928,43.44428],[-99.96927,43.43716]]],[[[-99.99901,43.43716],[-100.00797,43.43718],[-100.00802,43.4443],[-99.99903,43.44428],[-99.99901,43.43716]]],[[[-100.03767,43.44427],[-100.04773,43.44428],[-100.04761,43.45161],[-100.03767,43.45161],[-100.03767,43.44427]]],[[[-100.05758,43.44429],[-100.06751,43.44429],[-100.06751,43.45161],[-100.05754,43.45161],[-100.05758,43.44429]]],[[[-99.92956,43.45165],[-99.9245,43.45163],[-99.92449,43.44538],[-99.92455,43.44425],[-99.92956,43.44429],[-99.92956,43.45165]]],[[[-99.99903,43.45163],[-99.98916,43.45165],[-99.98915,43.44427],[-99.99903,43.44428],[-99.99903,43.44513],[-99.99903,43.45163]]],[[[-100.08742,43.4588],[-100.08741,43.44437],[-100.10725,43.44433],[-100.10719,43.44895],[-100.11713,43.44896],[-100.11714,43.45166],[-100.09727,43.45165],[-100.09729,43.45889],[-100.08742,43.4588]]],[[[-100.06219,43.46608],[-100.05753,43.46608],[-100.05754,43.45884],[-100.06747,43.45884],[-100.06747,43.46608],[-100.06219,43.46608]]],[[[-100.0211,43.50003],[-100.03104,43.50003],[-100.03103,43.51456],[-100.01115,43.51456],[-100.01115,43.50732],[-100.02109,43.50732],[-100.0211,43.50003]]],[[[-99.94169,43.5218],[-99.92178,43.52177],[-99.92179,43.51445],[-99.93238,43.51445],[-99.94168,43.51447],[-99.94169,43.5218]]],[[[-100.00121,43.51924],[-100.0012,43.5218],[-99.99126,43.5218],[-99.99127,43.51456],[-100.00121,43.51456],[-100.00121,43.51924]]],[[[-99.97147,43.52896],[-99.98139,43.52896],[-99.98139,43.53628],[-99.97148,43.53628],[-99.97147,43.52896]]],[[[-100.01114,43.53628],[-100.0012,43.53628],[-100.0012,43.53101],[-100.0012,43.52904],[-100.01114,43.52904],[-100.01114,43.53628]]],[[[-99.96155,43.54348],[-99.9715,43.54347],[-99.97151,43.55076],[-99.9516,43.55076],[-99.95158,43.54348],[-99.94174,43.54349],[-99.94171,43.52903],[-99.95155,43.52904],[-99.95154,43.52179],[-99.97144,43.5218],[-99.97147,43.52896],[-99.96157,43.52895],[-99.96155,43.54348]]],[[[-100.01114,43.55076],[-100.02109,43.55075],[-100.02109,43.5579],[-100.01114,43.55799],[-100.01114,43.55076]]],[[[-100.03104,43.56523],[-100.03104,43.55799],[-100.04106,43.558],[-100.04107,43.56027],[-100.04108,43.56524],[-100.03104,43.56523]]],[[[-100.07084,43.56523],[-100.07089,43.57235],[-100.0609,43.57234],[-100.06089,43.56523],[-100.07084,43.56523]]],[[[-100.01114,43.57066],[-100.01114,43.5724],[-100.00118,43.57239],[-100.00118,43.56523],[-100.01114,43.56523],[-100.01114,43.57066]]],[[[-99.97154,43.56524],[-99.9814,43.56526],[-99.98138,43.5725],[-99.97156,43.57248],[-99.97154,43.56524]]],[[[-99.99121,43.58696],[-100.00117,43.58695],[-100.00112,43.61591],[-99.99116,43.61589],[-99.99121,43.58696]]],[[[-100.02108,43.61588],[-100.04103,43.61587],[-100.04101,43.63024],[-100.03102,43.63024],[-100.03102,43.63757],[-100.02107,43.63757],[-100.02108,43.64481],[-100.0011,43.64484],[-100.0011,43.63761],[-100.01109,43.63759],[-100.01108,43.63036],[-100.02106,43.63034],[-100.02108,43.61588]]],[[[-100.03102,43.63757],[-100.041,43.63757],[-100.04097,43.65206],[-100.02108,43.65205],[-100.02108,43.64481],[-100.03102,43.64481],[-100.03102,43.63757]]],[[[-100.1204,43.63037],[-100.12039,43.64486],[-100.11047,43.64486],[-100.11047,43.6521],[-100.10055,43.65209],[-100.10056,43.65933],[-100.09079,43.65934],[-100.09081,43.64484],[-100.10055,43.64485],[-100.10054,43.63038],[-100.11074,43.63037],[-100.1204,43.63037]]],[[[-100.01062,43.6966],[-100.00999,43.69376],[-100.00993,43.68822],[-99.99887,43.6882],[-99.99468,43.68675],[-99.98919,43.68699],[-99.98637,43.6877],[-99.98345,43.68903],[-99.98253,43.68769],[-99.98135,43.68713],[-99.97756,43.68786],[-99.97619,43.68897],[-99.97585,43.69102],[-99.97499,43.691],[-99.97202,43.69049],[-99.96908,43.6895],[-99.96672,43.68938],[-99.96537,43.68958],[-99.96195,43.68861],[-99.95668,43.69147],[-99.95541,43.69277],[-99.95486,43.69579],[-99.9556,43.69778],[-99.95129,43.69746],[-99.94687,43.69688],[-99.9412,43.69647],[-99.93549,43.69587],[-99.93308,43.6944],[-99.93232,43.69291],[-99.93283,43.69266],[-99.93276,43.6871],[-99.93124,43.68582],[-99.92998,43.68557],[-99.92457,43.6863],[-99.91994,43.68984],[-99.91492,43.69315],[-99.9068,43.69718],[-99.90683,43.66653],[-99.91182,43.66654],[-99.91184,43.66292],[-99.91683,43.66293],[-99.91685,43.65931],[-99.91186,43.6593],[-99.91186,43.65205],[-99.92183,43.65206],[-99.92175,43.67738],[-99.93174,43.67738],[-99.93174,43.681],[-99.94172,43.68099],[-99.94175,43.66655],[-99.96174,43.66653],[-99.96181,43.65296],[-99.96092,43.65201],[-99.95182,43.65201],[-99.9518,43.65926],[-99.94178,43.65927],[-99.94181,43.65202],[-99.93181,43.65204],[-99.93181,43.64475],[-99.94182,43.64477],[-99.9417,43.64198],[-99.94181,43.6231],[-99.96175,43.62309],[-99.96165,43.59418],[-99.98126,43.59419],[-99.98116,43.63034],[-99.96179,43.63031],[-99.96179,43.63754],[-99.98109,43.63758],[-99.98115,43.64482],[-99.97177,43.64477],[-99.97172,43.66652],[-99.98097,43.66651],[-100.02109,43.66653],[-100.02104,43.67376],[-100.01107,43.67377],[-100.01105,43.68821],[-100.02602,43.68823],[-100.02602,43.69547],[-100.03101,43.69547],[-100.03101,43.69757],[-100.03027,43.69781],[-100.02472,43.70104],[-100.0211,43.70271],[-100.01604,43.70268],[-100.01606,43.70699],[-100.01333,43.70784],[-100.00816,43.70675],[-100.00693,43.70473],[-100.00745,43.70209],[-100.01062,43.6966]],[[-99.97916,43.6828],[-99.98132,43.6828],[-99.98129,43.68099],[-99.97916,43.68099],[-99.97916,43.6828]],[[-99.96668,43.67376],[-99.96169,43.67377],[-99.9617,43.67738],[-99.96668,43.67738],[-99.96669,43.67675],[-99.96668,43.67376]],[[-99.94673,43.68827],[-99.94173,43.68823],[-99.94173,43.69183],[-99.94259,43.69184],[-99.94672,43.69184],[-99.94673,43.68827]]],[[[-100.0011,43.64484],[-100.00109,43.65929],[-99.98114,43.65928],[-99.98115,43.64482],[-100.0011,43.64484]]],[[[-100.07087,43.65921],[-100.06092,43.65925],[-100.06092,43.6521],[-100.07087,43.6521],[-100.07087,43.65845],[-100.07087,43.65921]]],[[[-100.04096,43.67364],[-100.03101,43.67364],[-100.03101,43.67329],[-100.03102,43.65929],[-100.04097,43.65929],[-100.04096,43.67364]]],[[[-100.10068,43.66658],[-100.11048,43.66658],[-100.11055,43.68585],[-100.10876,43.68767],[-100.1086,43.68832],[-100.10058,43.68831],[-100.10068,43.66658]]],[[[-100.04097,43.681],[-100.04597,43.68101],[-100.04597,43.68463],[-100.05595,43.68464],[-100.05594,43.68101],[-100.06093,43.68102],[-100.06097,43.69197],[-100.0565,43.69297],[-100.05018,43.69221],[-100.04777,43.69318],[-100.04611,43.69444],[-100.04559,43.69786],[-100.04719,43.70222],[-100.04709,43.70306],[-100.04321,43.70442],[-100.04085,43.70447],[-100.04097,43.681]]],[[[-99.80064,43.00984],[-99.79646,43.00984],[-99.79073,43.00985],[-99.79073,43.00261],[-99.80064,43.0026],[-99.80064,43.00984]]],[[[-99.88974,43.01691],[-99.88961,43.01717],[-99.87965,43.01716],[-99.87965,43.00992],[-99.88978,43.00993],[-99.88974,43.01691]]],[[[-99.81054,43.01709],[-99.8204,43.01711],[-99.82041,43.0243],[-99.81054,43.02427],[-99.81054,43.01709]]],[[[-99.80065,43.02429],[-99.79259,43.02431],[-99.7912,43.02384],[-99.79069,43.01714],[-99.80064,43.01709],[-99.80065,43.02429]]],[[[-99.87966,43.03165],[-99.88971,43.03167],[-99.8899,43.03883],[-99.87968,43.03882],[-99.87966,43.03165]]],[[[-99.90964,43.03172],[-99.9294,43.03176],[-99.9294,43.03256],[-99.92939,43.03904],[-99.91917,43.03898],[-99.90963,43.03896],[-99.90964,43.03172]]],[[[-99.84014,43.04361],[-99.84014,43.0461],[-99.83027,43.04609],[-99.83026,43.03885],[-99.84014,43.03885],[-99.84014,43.04361]]],[[[-99.89469,43.06776],[-99.88982,43.06779],[-99.88984,43.06161],[-99.88977,43.06066],[-99.89469,43.06051],[-99.89469,43.06776]]],[[[-99.87954,43.07514],[-99.86969,43.07512],[-99.8697,43.06814],[-99.86975,43.05337],[-99.87961,43.05339],[-99.87954,43.07514]]],[[[-99.72148,43.06771],[-99.73135,43.06773],[-99.73136,43.07496],[-99.72149,43.07494],[-99.72148,43.06771]]],[[[-99.90952,43.06793],[-99.91939,43.06794],[-99.91937,43.08242],[-99.9095,43.08241],[-99.90952,43.06793]]],[[[-99.76102,43.10394],[-99.77107,43.10395],[-99.77108,43.11117],[-99.76104,43.11115],[-99.76102,43.10394]]],[[[-99.88484,43.18016],[-99.87989,43.18016],[-99.87987,43.17654],[-99.87492,43.17654],[-99.8749,43.16931],[-99.88979,43.16931],[-99.88991,43.18013],[-99.8898,43.1837],[-99.88485,43.1837],[-99.88484,43.18016]]],[[[-99.72178,43.2269],[-99.72179,43.23417],[-99.72674,43.23418],[-99.72676,43.24141],[-99.73172,43.24142],[-99.73176,43.24867],[-99.71197,43.24863],[-99.71188,43.22687],[-99.72178,43.2269]]],[[[-99.74165,43.25594],[-99.73181,43.25594],[-99.73176,43.24867],[-99.74658,43.24869],[-99.7466,43.25595],[-99.75162,43.25595],[-99.75161,43.26316],[-99.74166,43.26315],[-99.74165,43.25594]]],[[[-99.72184,43.2631],[-99.72184,43.2609],[-99.72181,43.25591],[-99.73181,43.25594],[-99.73186,43.26315],[-99.72374,43.26314],[-99.72221,43.26315],[-99.72184,43.2631]]],[[[-99.79083,43.35023],[-99.80075,43.35024],[-99.80075,43.35735],[-99.79079,43.35735],[-99.79083,43.35023]]],[[[-99.8503,43.35027],[-99.8504,43.35201],[-99.85035,43.35736],[-99.84976,43.35735],[-99.83052,43.35731],[-99.83053,43.35026],[-99.8503,43.35027]]],[[[-99.77103,43.35735],[-99.78093,43.35735],[-99.7809,43.36471],[-99.77104,43.3647],[-99.77103,43.35735]]],[[[-99.8107,43.36474],[-99.82058,43.36474],[-99.82058,43.37183],[-99.81068,43.37183],[-99.8107,43.36474]]],[[[-99.88967,43.37926],[-99.88027,43.37924],[-99.88004,43.37915],[-99.88009,43.37189],[-99.88966,43.3719],[-99.88967,43.37926]]],[[[-99.75676,43.38604],[-99.75676,43.3936],[-99.75187,43.39357],[-99.75183,43.38602],[-99.75676,43.38604]]],[[[-99.79085,43.38612],[-99.79085,43.39367],[-99.7808,43.39367],[-99.78082,43.38609],[-99.79085,43.38612]]],[[[-99.88192,43.38661],[-99.88501,43.38649],[-99.88503,43.39373],[-99.88193,43.39372],[-99.88192,43.38661]]],[[[-99.79085,43.39367],[-99.80073,43.39369],[-99.80073,43.40079],[-99.79085,43.40083],[-99.79085,43.39367]]],[[[-99.8306,43.40083],[-99.8206,43.40075],[-99.82059,43.3937],[-99.82458,43.3937],[-99.83059,43.39369],[-99.8306,43.40083]]],[[[-99.80074,43.41528],[-99.80074,43.41902],[-99.78089,43.41902],[-99.78089,43.41525],[-99.77105,43.41525],[-99.7709,43.41121],[-99.77103,43.40815],[-99.78089,43.40815],[-99.78088,43.40091],[-99.79085,43.40092],[-99.79085,43.41528],[-99.80074,43.41528]]],[[[-99.86029,43.40817],[-99.87033,43.40817],[-99.87034,43.41542],[-99.86527,43.41542],[-99.86031,43.41541],[-99.8603,43.41179],[-99.86029,43.40817]]],[[[-99.8206,43.41528],[-99.83055,43.41529],[-99.83052,43.42265],[-99.8206,43.42265],[-99.8206,43.41528]]],[[[-99.85052,43.41532],[-99.86031,43.41541],[-99.86032,43.42265],[-99.85053,43.42265],[-99.85052,43.41532]]],[[[-99.88978,43.41546],[-99.8898,43.42268],[-99.8802,43.42267],[-99.88018,43.41543],[-99.88978,43.41546]]],[[[-99.75191,43.42252],[-99.75191,43.42979],[-99.74192,43.42974],[-99.74191,43.42248],[-99.75191,43.42252]]],[[[-99.76177,43.42258],[-99.77105,43.42264],[-99.77105,43.42988],[-99.76178,43.42984],[-99.76177,43.42258]]],[[[-99.80071,43.42978],[-99.81075,43.42977],[-99.81077,43.43714],[-99.80075,43.43713],[-99.80071,43.42978]]],[[[-99.83063,43.44427],[-99.84048,43.4443],[-99.84049,43.44799],[-99.83066,43.44799],[-99.83063,43.44427]]],[[[-99.76182,43.44432],[-99.77103,43.44437],[-99.77101,43.45161],[-99.76183,43.45155],[-99.76182,43.44432]]],[[[-99.76183,43.45155],[-99.76185,43.45458],[-99.76186,43.45868],[-99.74198,43.45856],[-99.74195,43.45145],[-99.75773,43.45153],[-99.76183,43.45155]]],[[[-99.83058,43.46607],[-99.84051,43.46607],[-99.84051,43.47331],[-99.83555,43.47331],[-99.83058,43.47331],[-99.83058,43.47317],[-99.83058,43.46607]]],[[[-99.82972,43.47331],[-99.83058,43.47331],[-99.83058,43.47334],[-99.83057,43.48768],[-99.82562,43.48768],[-99.82561,43.4733],[-99.82972,43.47331]]],[[[-99.77108,43.48775],[-99.78091,43.48776],[-99.7809,43.49499],[-99.77112,43.49499],[-99.77108,43.48775]]],[[[-99.80237,43.49987],[-99.81232,43.49993],[-99.81232,43.50726],[-99.80238,43.50726],[-99.80237,43.49987]]],[[[-99.83712,43.49992],[-99.84221,43.49992],[-99.84222,43.50729],[-99.83219,43.50727],[-99.83218,43.50365],[-99.83715,43.50365],[-99.83712,43.49992]]],[[[-99.85206,43.50728],[-99.86201,43.50728],[-99.86205,43.51437],[-99.85208,43.51434],[-99.85206,43.50728]]],[[[-99.79816,43.51467],[-99.79245,43.51437],[-99.79243,43.51087],[-99.78257,43.51087],[-99.78257,43.50726],[-99.80184,43.50726],[-99.80238,43.50726],[-99.80238,43.51088],[-99.80239,43.51443],[-99.79816,43.51467]]],[[[-99.82194,43.52898],[-99.81234,43.52899],[-99.81232,43.51443],[-99.82162,43.51444],[-99.82238,43.51431],[-99.82194,43.52898]]],[[[-99.79244,43.52173],[-99.80246,43.52173],[-99.80247,43.52892],[-99.79251,43.5289],[-99.79245,43.5289],[-99.79245,43.52562],[-99.79244,43.52173]]],[[[-99.93165,43.52902],[-99.93166,43.53626],[-99.93167,43.54346],[-99.9242,43.54345],[-99.9242,43.54163],[-99.92178,43.54162],[-99.9218,43.54344],[-99.92061,43.54344],[-99.91176,43.54344],[-99.91175,43.53625],[-99.92174,43.53625],[-99.92177,43.52901],[-99.93165,43.52902]]],[[[-99.79202,43.5289],[-99.79245,43.5289],[-99.79245,43.52897],[-99.79245,43.5344],[-99.80247,43.53444],[-99.80247,43.53262],[-99.82183,43.53262],[-99.82172,43.53622],[-99.81235,43.53623],[-99.81237,43.5434],[-99.80251,43.5434],[-99.80252,43.5489],[-99.79744,43.54889],[-99.79744,43.54339],[-99.79246,43.54339],[-99.79245,43.53621],[-99.78264,43.53619],[-99.78261,43.52888],[-99.79202,43.5289]]],[[[-99.80253,43.55788],[-99.80254,43.56519],[-99.79248,43.56516],[-99.79245,43.55787],[-99.80253,43.55788]]],[[[-99.92189,43.57244],[-99.93177,43.57247],[-99.93174,43.58685],[-99.92191,43.58689],[-99.92189,43.57244]]],[[[-99.90195,43.59412],[-99.92189,43.59415],[-99.92187,43.60132],[-99.90194,43.60127],[-99.90195,43.59412]]],[[[-99.84228,43.58687],[-99.86205,43.58687],[-99.86201,43.60856],[-99.8423,43.60858],[-99.84228,43.58687]]],[[[-99.83232,43.60134],[-99.82995,43.60135],[-99.82236,43.60135],[-99.82236,43.59411],[-99.83232,43.59411],[-99.83232,43.60134]]],[[[-99.77261,43.6086],[-99.78264,43.60858],[-99.78269,43.6158],[-99.77261,43.61576],[-99.77261,43.6086]]],[[[-99.84233,43.62306],[-99.86201,43.62303],[-99.86201,43.63027],[-99.84234,43.6303],[-99.84233,43.62306]]],[[[-99.76269,43.6231],[-99.77261,43.62307],[-99.7726,43.63026],[-99.76268,43.63026],[-99.76269,43.6231]]],[[[-99.78451,43.63754],[-99.78271,43.63754],[-99.78268,43.63025],[-99.78634,43.63025],[-99.78634,43.63754],[-99.78451,43.63754]]],[[[-99.75268,43.63032],[-99.75269,43.6448],[-99.74275,43.64478],[-99.74273,43.63032],[-99.75268,43.63032]]],[[[-99.80252,43.64479],[-99.79849,43.64478],[-99.79257,43.64478],[-99.79256,43.63754],[-99.80251,43.63755],[-99.80252,43.64479]]],[[[-99.78271,43.63754],[-99.78273,43.64475],[-99.78275,43.65202],[-99.77263,43.65203],[-99.77261,43.63755],[-99.78217,43.63754],[-99.78271,43.63754]]],[[[-99.82243,43.64476],[-99.83239,43.64477],[-99.8324,43.65201],[-99.82742,43.65201],[-99.82244,43.65201],[-99.82243,43.64838],[-99.82243,43.64476]]],[[[-99.7231,43.65203],[-99.71879,43.65203],[-99.71311,43.65202],[-99.71311,43.64478],[-99.72309,43.64479],[-99.7231,43.65203]]],[[[-99.82244,43.65201],[-99.82244,43.65563],[-99.82245,43.65925],[-99.8125,43.65926],[-99.81249,43.65202],[-99.82192,43.65201],[-99.82244,43.65201]]],[[[-99.78637,43.65926],[-99.78513,43.65926],[-99.78512,43.65654],[-99.78637,43.65654],[-99.78637,43.65745],[-99.78637,43.65926]]],[[[-99.8424,43.67372],[-99.83236,43.6737],[-99.83241,43.65926],[-99.84238,43.65926],[-99.84235,43.63754],[-99.862,43.63751],[-99.86199,43.64476],[-99.85232,43.64477],[-99.85233,43.65201],[-99.86198,43.652],[-99.86197,43.65923],[-99.85234,43.65925],[-99.85238,43.6734],[-99.85259,43.68793],[-99.85163,43.68818],[-99.84263,43.68818],[-99.8424,43.67372]]],[[[-99.89057,43.67866],[-99.89043,43.67639],[-99.88799,43.67504],[-99.8844,43.67666],[-99.88191,43.67518],[-99.88196,43.66651],[-99.87198,43.66649],[-99.87199,43.65924],[-99.89194,43.65927],[-99.8919,43.66651],[-99.88693,43.66651],[-99.88689,43.67376],[-99.89186,43.67376],[-99.89188,43.67013],[-99.90183,43.67013],[-99.90179,43.69799],[-99.89994,43.69779],[-99.89276,43.69606],[-99.89191,43.69004],[-99.89048,43.68857],[-99.88765,43.68826],[-99.88591,43.68703],[-99.88509,43.68587],[-99.88504,43.68476],[-99.88549,43.68338],[-99.88821,43.68069],[-99.89057,43.67866]]],[[[-99.80256,43.6773],[-99.81253,43.6773],[-99.8125,43.67342],[-99.8125,43.66651],[-99.82245,43.6665],[-99.82247,43.67341],[-99.82254,43.68093],[-99.81256,43.68095],[-99.8128,43.69848],[-99.81076,43.69917],[-99.8021,43.70059],[-99.79975,43.70197],[-99.79809,43.70378],[-99.79887,43.70629],[-99.79783,43.70628],[-99.79773,43.69179],[-99.80271,43.69179],[-99.80256,43.6773]]],[[[-99.8246,43.69396],[-99.82271,43.69477],[-99.82258,43.68457],[-99.83258,43.68456],[-99.83256,43.69106],[-99.828,43.69288],[-99.82549,43.69378],[-99.8246,43.69396]]],[[[-99.73998,43.72474],[-99.74004,43.7233],[-99.73645,43.72067],[-99.73281,43.71917],[-99.72998,43.71883],[-99.7276,43.71941],[-99.72364,43.72186],[-99.72099,43.72577],[-99.71459,43.72963],[-99.71352,43.73137],[-99.71086,43.7331],[-99.70978,43.73724],[-99.71021,43.73981],[-99.70945,43.74189],[-99.70581,43.74611],[-99.70373,43.74921],[-99.70364,43.73164],[-99.69368,43.73166],[-99.69364,43.72802],[-99.69862,43.72802],[-99.69859,43.72438],[-99.70358,43.72438],[-99.70345,43.70989],[-99.72336,43.70994],[-99.72331,43.7027],[-99.70339,43.70266],[-99.70333,43.69542],[-99.72326,43.69546],[-99.7231,43.67356],[-99.7231,43.66653],[-99.74277,43.66649],[-99.74278,43.67373],[-99.73307,43.67372],[-99.73313,43.68096],[-99.74283,43.68096],[-99.7429,43.69181],[-99.75287,43.69182],[-99.75295,43.70268],[-99.76292,43.7027],[-99.76297,43.7102],[-99.75773,43.70864],[-99.75092,43.71043],[-99.74741,43.70996],[-99.74542,43.71087],[-99.74593,43.71363],[-99.74767,43.71539],[-99.75039,43.7165],[-99.75088,43.71713],[-99.74307,43.71714],[-99.74312,43.72438],[-99.75717,43.72436],[-99.7578,43.72613],[-99.76086,43.72752],[-99.76311,43.72985],[-99.76379,43.73669],[-99.76207,43.73959],[-99.76036,43.74106],[-99.75342,43.74111],[-99.75312,43.73159],[-99.74316,43.73161],[-99.74318,43.73441],[-99.73634,43.73443],[-99.73616,43.73199],[-99.73871,43.72508],[-99.73998,43.72474]],[[-99.72342,43.71718],[-99.7284,43.71717],[-99.72834,43.70993],[-99.72336,43.70994],[-99.72342,43.71718]],[[-99.73332,43.70992],[-99.73327,43.70268],[-99.72829,43.70269],[-99.72834,43.70993],[-99.73332,43.70992]],[[-99.73398,43.70268],[-99.73825,43.70267],[-99.73823,43.69906],[-99.73325,43.69906],[-99.73327,43.70268],[-99.73398,43.70268]]],[[[-99.78247,43.70944],[-99.77649,43.71015],[-99.77397,43.71095],[-99.7735,43.71011],[-99.78127,43.70906],[-99.78247,43.70944]]],[[[-99.57844,43.07847],[-99.5735,43.07847],[-99.5735,43.06761],[-99.57846,43.06789],[-99.57845,43.07123],[-99.5834,43.07123],[-99.58339,43.07485],[-99.57845,43.07485],[-99.57844,43.07847]]],[[[-99.71164,43.0821],[-99.72151,43.08215],[-99.72151,43.08941],[-99.71164,43.08942],[-99.71164,43.0821]]],[[[-99.58832,43.08933],[-99.61302,43.08933],[-99.61302,43.09658],[-99.58833,43.09655],[-99.58832,43.08933]]],[[[-99.57362,43.13998],[-99.59336,43.1399],[-99.59335,43.14721],[-99.57359,43.14724],[-99.57362,43.13998]]],[[[-99.55376,43.14001],[-99.56362,43.13999],[-99.56358,43.14724],[-99.55371,43.14724],[-99.55376,43.14001]]],[[[-99.56358,43.14724],[-99.56854,43.14724],[-99.57288,43.14724],[-99.57358,43.14771],[-99.57355,43.15451],[-99.5636,43.15449],[-99.56358,43.15086],[-99.56358,43.14724]]],[[[-99.6229,43.16173],[-99.63287,43.16172],[-99.63255,43.16895],[-99.62288,43.16895],[-99.6229,43.16173]]],[[[-99.56355,43.16893],[-99.55361,43.16897],[-99.55374,43.16172],[-99.57346,43.16172],[-99.57343,43.1689],[-99.58332,43.16891],[-99.58332,43.17614],[-99.56354,43.17613],[-99.56355,43.16893]]],[[[-99.61295,43.16895],[-99.62288,43.16895],[-99.62288,43.17618],[-99.61301,43.17617],[-99.61295,43.16895]]],[[[-99.58325,43.18342],[-99.59321,43.18339],[-99.59322,43.19062],[-99.58324,43.19061],[-99.58325,43.18342]]],[[[-99.56356,43.19787],[-99.55371,43.19786],[-99.55372,43.19059],[-99.56353,43.19059],[-99.56352,43.19079],[-99.56356,43.19787]]],[[[-99.59322,43.19062],[-99.60311,43.19057],[-99.60312,43.19791],[-99.59323,43.19789],[-99.59322,43.19062]]],[[[-99.63328,43.1979],[-99.63281,43.1979],[-99.63279,43.19069],[-99.64268,43.1906],[-99.6427,43.19791],[-99.63328,43.1979]]],[[[-99.61309,43.2051],[-99.61308,43.19794],[-99.63182,43.1979],[-99.63281,43.1979],[-99.63284,43.20516],[-99.61309,43.2051]]],[[[-99.57346,43.2127],[-99.58321,43.21237],[-99.5832,43.21956],[-99.57348,43.21954],[-99.57346,43.2127]]],[[[-99.61313,43.21236],[-99.63287,43.21238],[-99.63286,43.2196],[-99.61312,43.21958],[-99.61313,43.21236]]],[[[-99.66241,43.22685],[-99.6624,43.21962],[-99.65257,43.21961],[-99.65254,43.22686],[-99.64271,43.22684],[-99.6427,43.21238],[-99.65256,43.21238],[-99.67233,43.21238],[-99.67233,43.22686],[-99.66241,43.22685]]],[[[-99.63288,43.24858],[-99.62292,43.24855],[-99.62292,43.24789],[-99.62292,43.2413],[-99.63287,43.24132],[-99.63288,43.24858]]],[[[-99.69224,43.26311],[-99.69216,43.25585],[-99.69214,43.2486],[-99.71197,43.24863],[-99.712,43.25587],[-99.70202,43.25588],[-99.70203,43.26312],[-99.69224,43.26311]]],[[[-99.63291,43.28463],[-99.62292,43.28463],[-99.62292,43.27022],[-99.6329,43.27025],[-99.63291,43.27754],[-99.63291,43.28463]]],[[[-99.59337,43.27735],[-99.60312,43.2774],[-99.60312,43.28464],[-99.59337,43.28461],[-99.59337,43.27735]]],[[[-99.65265,43.29188],[-99.65268,43.29907],[-99.64275,43.29912],[-99.64273,43.29189],[-99.65265,43.29188]]],[[[-99.65266,43.31352],[-99.65265,43.3208],[-99.64274,43.3208],[-99.6427,43.31354],[-99.65266,43.31352]]],[[[-99.61304,43.31357],[-99.62292,43.31359],[-99.62293,43.32081],[-99.61301,43.3208],[-99.61304,43.31357]]],[[[-99.62304,43.33528],[-99.63295,43.33529],[-99.63296,43.34237],[-99.62305,43.34237],[-99.62304,43.33528]]],[[[-99.60314,43.33524],[-99.61305,43.33525],[-99.61306,43.34243],[-99.60315,43.34243],[-99.60314,43.33524]]],[[[-99.59335,43.34604],[-99.59335,43.34241],[-99.60087,43.34238],[-99.60315,43.34243],[-99.60315,43.34967],[-99.58332,43.34966],[-99.58332,43.34604],[-99.59335,43.34604]]],[[[-99.60315,43.35686],[-99.61307,43.35685],[-99.61306,43.36414],[-99.60315,43.36414],[-99.60315,43.35686]]],[[[-99.59335,43.37131],[-99.60319,43.37135],[-99.60313,43.3773],[-99.60315,43.37861],[-99.59878,43.37861],[-99.59329,43.37861],[-99.59335,43.37131]]],[[[-99.63298,43.37133],[-99.633,43.37803],[-99.633,43.37862],[-99.6308,43.37862],[-99.62299,43.37862],[-99.62298,43.37138],[-99.63298,43.37133]]],[[[-99.5734,43.37137],[-99.57342,43.38577],[-99.56348,43.3858],[-99.56348,43.3786],[-99.55367,43.37861],[-99.55362,43.37128],[-99.5734,43.37137]]],[[[-99.60315,43.37861],[-99.61308,43.37861],[-99.61331,43.37862],[-99.61327,43.38471],[-99.61305,43.38566],[-99.60315,43.38568],[-99.60315,43.38222],[-99.60315,43.37861]]],[[[-99.6526,43.40027],[-99.63295,43.40024],[-99.63292,43.3931],[-99.62301,43.39308],[-99.62298,43.38563],[-99.63301,43.38564],[-99.633,43.37862],[-99.64282,43.37863],[-99.64283,43.38567],[-99.65257,43.3857],[-99.6526,43.40027]]],[[[-99.6526,43.40762],[-99.67237,43.4077],[-99.67238,43.42219],[-99.66244,43.42213],[-99.66244,43.41479],[-99.65257,43.41474],[-99.6526,43.40762]]],[[[-99.56347,43.42202],[-99.5734,43.42203],[-99.57339,43.42927],[-99.55366,43.42927],[-99.55366,43.41466],[-99.56346,43.41469],[-99.56347,43.42202]]],[[[-99.61311,43.40755],[-99.61311,43.41479],[-99.64289,43.41474],[-99.6429,43.42923],[-99.65238,43.42926],[-99.66247,43.42929],[-99.66245,43.4366],[-99.65246,43.43655],[-99.63305,43.43654],[-99.63305,43.4292],[-99.61312,43.4292],[-99.61312,43.42203],[-99.60318,43.42203],[-99.6032,43.4292],[-99.59339,43.42921],[-99.59332,43.40755],[-99.61311,43.40755]],[[-99.63793,43.42922],[-99.63794,43.4275],[-99.63307,43.4275],[-99.63305,43.4292],[-99.63793,43.42922]]],[[[-99.66244,43.44384],[-99.67245,43.44388],[-99.67246,43.45116],[-99.66244,43.45108],[-99.66244,43.44384]]],[[[-99.58331,43.46548],[-99.58332,43.44376],[-99.5901,43.44376],[-99.60319,43.44366],[-99.60319,43.451],[-99.59339,43.451],[-99.59346,43.46549],[-99.58331,43.46548]]],[[[-99.69228,43.48019],[-99.71219,43.48028],[-99.71221,43.48741],[-99.70221,43.48735],[-99.70222,43.49472],[-99.6924,43.49465],[-99.69228,43.48019]]],[[[-99.54851,43.47272],[-99.56839,43.47272],[-99.56838,43.47997],[-99.58331,43.47996],[-99.58332,43.49987],[-99.58365,43.50723],[-99.56375,43.50722],[-99.56374,43.49999],[-99.56341,43.49986],[-99.56341,43.48721],[-99.55844,43.48721],[-99.55844,43.47997],[-99.55347,43.47997],[-99.55348,43.47634],[-99.54851,43.47634],[-99.54851,43.47272]]],[[[-99.63802,43.49082],[-99.64299,43.49083],[-99.643,43.49445],[-99.63802,43.49444],[-99.63802,43.49082]]],[[[-99.59329,43.49441],[-99.59825,43.49441],[-99.59826,43.49803],[-99.59329,43.49802],[-99.59329,43.49441]]],[[[-99.643,43.49445],[-99.65265,43.49448],[-99.65271,43.4998],[-99.65326,43.49981],[-99.65325,43.50722],[-99.6433,43.50723],[-99.643,43.49982],[-99.643,43.49445]]],[[[-99.67315,43.50722],[-99.66321,43.50721],[-99.66319,43.4999],[-99.66638,43.49996],[-99.67313,43.49985],[-99.67315,43.50722]]],[[[-99.70298,43.51447],[-99.72296,43.51446],[-99.72297,43.52173],[-99.71293,43.52171],[-99.71294,43.52885],[-99.703,43.52884],[-99.70298,43.51447]]],[[[-99.6136,43.52894],[-99.60755,43.52894],[-99.60372,43.52894],[-99.60372,43.5217],[-99.61356,43.52171],[-99.6136,43.52894]]],[[[-99.66319,43.52884],[-99.6732,43.52885],[-99.67318,43.53617],[-99.66324,43.53614],[-99.66319,43.52884]]],[[[-99.59367,43.53617],[-99.59368,43.5434],[-99.58372,43.54339],[-99.58371,43.53616],[-99.59367,43.53617]]],[[[-99.64581,43.54343],[-99.6433,43.54343],[-99.6433,43.5362],[-99.65327,43.53617],[-99.65327,43.54341],[-99.64581,43.54343]]],[[[-99.56381,43.55783],[-99.58374,43.55787],[-99.58375,43.5651],[-99.56382,43.56507],[-99.56381,43.55783]]],[[[-99.56382,43.56507],[-99.56382,43.57131],[-99.56382,43.57231],[-99.54382,43.57231],[-99.54382,43.56509],[-99.54882,43.56508],[-99.56382,43.56507]]],[[[-99.67328,43.56515],[-99.6832,43.56516],[-99.68319,43.55776],[-99.70315,43.55781],[-99.70319,43.56515],[-99.69309,43.56515],[-99.6931,43.57239],[-99.70314,43.57239],[-99.70313,43.57963],[-99.69311,43.57963],[-99.69313,43.58679],[-99.68321,43.58681],[-99.6832,43.57242],[-99.67328,43.57239],[-99.67328,43.56515]]],[[[-99.63335,43.57959],[-99.64331,43.57959],[-99.64331,43.58675],[-99.62342,43.58674],[-99.62344,43.57227],[-99.63335,43.57229],[-99.63335,43.57959]]],[[[-99.6037,43.58672],[-99.61359,43.58673],[-99.61361,43.59406],[-99.60373,43.59406],[-99.6037,43.58672]]],[[[-99.69313,43.60132],[-99.70317,43.60132],[-99.70314,43.61583],[-99.69313,43.61583],[-99.69313,43.60132]]],[[[-99.58379,43.61574],[-99.59375,43.61574],[-99.59378,43.62299],[-99.58379,43.62298],[-99.58379,43.61574]]],[[[-99.69313,43.61944],[-99.69313,43.62306],[-99.68316,43.62306],[-99.68316,43.61582],[-99.68815,43.61582],[-99.69313,43.61583],[-99.69313,43.61944]]],[[[-99.64333,43.63025],[-99.64333,43.64468],[-99.6236,43.64464],[-99.62343,43.6375],[-99.63336,43.63749],[-99.63336,43.63025],[-99.64333,43.63025]]],[[[-99.68316,43.64478],[-99.69314,43.64478],[-99.69315,43.65201],[-99.68322,43.65201],[-99.68317,43.65201],[-99.68317,43.65189],[-99.68316,43.64478]]],[[[-99.67329,43.652],[-99.68317,43.65201],[-99.68325,43.65925],[-99.67326,43.65922],[-99.67329,43.652]]],[[[-99.69315,43.6556],[-99.70313,43.65563],[-99.70314,43.65921],[-99.69661,43.65925],[-99.69316,43.65925],[-99.69316,43.65915],[-99.69315,43.6556]]],[[[-99.62354,43.65922],[-99.63331,43.65921],[-99.63336,43.66645],[-99.62365,43.66645],[-99.62354,43.65922]]],[[[-99.68325,43.65925],[-99.69316,43.65925],[-99.69319,43.67365],[-99.68326,43.6737],[-99.68325,43.65925]]],[[[-99.62341,43.67369],[-99.64337,43.67366],[-99.64339,43.68094],[-99.62346,43.68096],[-99.62341,43.67369]]],[[[-99.67351,43.70989],[-99.6835,43.70991],[-99.68354,43.71715],[-99.67355,43.71713],[-99.67351,43.70989]]],[[[-99.62864,43.71707],[-99.62866,43.72068],[-99.62372,43.72067],[-99.62374,43.71706],[-99.62864,43.71707]]],[[[-99.61281,43.74594],[-99.60904,43.74055],[-99.60833,43.73872],[-99.61427,43.73873],[-99.61431,43.74595],[-99.61281,43.74594]]],[[[-99.56418,43.73506],[-99.56422,43.7423],[-99.56596,43.74231],[-99.56918,43.74232],[-99.56917,43.74594],[-99.57555,43.74596],[-99.57459,43.74862],[-99.57519,43.75317],[-99.56418,43.75316],[-99.56419,43.74657],[-99.56419,43.74592],[-99.5577,43.74591],[-99.55949,43.742],[-99.55732,43.73958],[-99.55423,43.73832],[-99.55422,43.73504],[-99.56418,43.73506]]],[[[-99.66527,43.75614],[-99.66549,43.75677],[-99.66559,43.75697],[-99.66378,43.75693],[-99.66377,43.75331],[-99.65379,43.75331],[-99.65379,43.74606],[-99.66178,43.74606],[-99.66377,43.75208],[-99.665,43.75471],[-99.66494,43.75536],[-99.66509,43.75577],[-99.66527,43.75614]]],[[[-99.66699,43.76165],[-99.66576,43.764],[-99.66379,43.76483],[-99.66379,43.76029],[-99.66688,43.76029],[-99.66699,43.76165]]],[[[-99.0998,43.00274],[-99.10968,43.00272],[-99.10969,43.01002],[-99.09977,43.01001],[-99.0998,43.00274]]],[[[-99.08996,43.00275],[-99.08996,43.0099],[-99.08996,43.01],[-99.08984,43.01],[-99.08012,43.01002],[-99.08013,43.00276],[-99.08996,43.00275]]],[[[-99.00162,43.0099],[-99.00656,43.00991],[-99.00656,43.01715],[-99.00163,43.01716],[-99.00162,43.0099]]],[[[-99.22755,43.02436],[-99.21769,43.02437],[-99.21769,43.01713],[-99.22079,43.01713],[-99.22755,43.01712],[-99.22755,43.02436]]],[[[-99.08996,43.01],[-99.09977,43.01001],[-99.09988,43.03078],[-99.0949,43.03079],[-99.0949,43.0317],[-99.09988,43.03169],[-99.09988,43.03895],[-99.08998,43.03891],[-99.08996,43.01]]],[[[-99.05098,43.03162],[-99.04111,43.0316],[-99.04111,43.02436],[-99.05097,43.02437],[-99.05097,43.02874],[-99.05098,43.03162]]],[[[-99.04111,43.03884],[-99.03125,43.03886],[-99.03125,43.03524],[-99.03494,43.03523],[-99.04111,43.03522],[-99.04111,43.03884]]],[[[-99.13925,43.03168],[-99.1491,43.03167],[-99.14911,43.03892],[-99.13927,43.03893],[-99.13934,43.0534],[-99.14913,43.05339],[-99.14915,43.0679],[-99.1393,43.06792],[-99.13929,43.06063],[-99.12943,43.06064],[-99.12943,43.0534],[-99.11951,43.0534],[-99.11965,43.0679],[-99.12944,43.06791],[-99.12945,43.0751],[-99.11961,43.07511],[-99.11961,43.07873],[-99.09992,43.07874],[-99.09987,43.0766],[-99.09984,43.06611],[-99.09985,43.06064],[-99.10971,43.06064],[-99.10971,43.05702],[-99.09989,43.05702],[-99.08999,43.05703],[-99.08998,43.04618],[-99.09984,43.04616],[-99.09984,43.0534],[-99.1097,43.0534],[-99.10969,43.03168],[-99.11956,43.03167],[-99.11957,43.02443],[-99.1294,43.02453],[-99.12942,43.01004],[-99.11958,43.01003],[-99.11958,43.0027],[-99.13434,43.00274],[-99.13434,42.9983],[-99.13596,42.9983],[-99.13904,42.99851],[-99.15114,42.99834],[-99.15892,42.99844],[-99.15892,43.00274],[-99.16877,43.00271],[-99.16879,43.01],[-99.15894,43.01006],[-99.15895,43.0065],[-99.14417,43.00652],[-99.14417,43.00275],[-99.1393,43.00276],[-99.13936,43.00989],[-99.14909,43.00989],[-99.14909,43.0172],[-99.13925,43.01721],[-99.13925,43.03168]],[[-99.13434,43.03893],[-99.11955,43.03892],[-99.11956,43.04616],[-99.12668,43.04616],[-99.13436,43.04617],[-99.13434,43.03893]]],[[[-99.20002,43.03887],[-99.20786,43.03886],[-99.20787,43.04625],[-99.20772,43.06057],[-99.19802,43.06056],[-99.19801,43.03887],[-99.20002,43.03887]]],[[[-99.1783,43.06795],[-99.1783,43.07506],[-99.16888,43.07507],[-99.16887,43.07235],[-99.16394,43.07236],[-99.16394,43.07507],[-99.15897,43.07508],[-99.15897,43.04514],[-99.15929,43.02441],[-99.16879,43.02441],[-99.16882,43.03889],[-99.1782,43.03887],[-99.17824,43.03165],[-99.18815,43.03164],[-99.18815,43.04609],[-99.19308,43.04609],[-99.19308,43.05332],[-99.18569,43.05332],[-99.18569,43.05513],[-99.18815,43.05513],[-99.18816,43.06056],[-99.18569,43.06056],[-99.18569,43.05694],[-99.18323,43.05694],[-99.18323,43.05332],[-99.1783,43.05332],[-99.1783,43.06795]]],[[[-99.03125,43.05336],[-99.02145,43.05344],[-99.02144,43.04611],[-99.03125,43.04614],[-99.03125,43.04973],[-99.03125,43.05336]]],[[[-99.07028,43.0462],[-99.08016,43.04619],[-99.08017,43.05349],[-99.07022,43.0535],[-99.07028,43.0462]]],[[[-99.32638,43.05331],[-99.32639,43.06048],[-99.30667,43.06049],[-99.30667,43.04963],[-99.31653,43.04958],[-99.31653,43.05331],[-99.32638,43.05331]]],[[[-99.54392,43.05309],[-99.54389,43.06035],[-99.53409,43.06035],[-99.5341,43.05305],[-99.54392,43.05309]]],[[[-99.27688,43.06051],[-99.26702,43.06051],[-99.26701,43.05689],[-99.267,43.05327],[-99.27686,43.05332],[-99.27688,43.06051]]],[[[-99.2621,43.06051],[-99.26702,43.06051],[-99.26707,43.06134],[-99.26701,43.06776],[-99.25723,43.06777],[-99.2572,43.06051],[-99.2621,43.06051]]],[[[-99.22762,43.07502],[-99.2276,43.0678],[-99.23746,43.06781],[-99.23745,43.06054],[-99.24731,43.06053],[-99.24734,43.07219],[-99.24735,43.075],[-99.24066,43.07502],[-99.22762,43.07502]]],[[[-99.04111,43.06061],[-99.06047,43.06063],[-99.06048,43.0679],[-99.05101,43.06786],[-99.05099,43.07512],[-99.04111,43.07511],[-99.04111,43.06061]]],[[[-99.00169,43.06791],[-99.02144,43.06792],[-99.02144,43.0751],[-99.00172,43.07509],[-99.00169,43.06791]]],[[[-99.16394,43.07507],[-99.16888,43.07507],[-99.16888,43.07869],[-99.16395,43.07869],[-99.16394,43.07507]]],[[[-99.24739,43.09672],[-99.23753,43.09672],[-99.2375,43.08224],[-99.24736,43.08224],[-99.24735,43.075],[-99.25721,43.07499],[-99.25723,43.08947],[-99.24737,43.08948],[-99.24739,43.09672]]],[[[-99.26709,43.08946],[-99.26711,43.0967],[-99.25724,43.09671],[-99.25723,43.08947],[-99.26709,43.08946]]],[[[-99.15057,43.09679],[-99.14917,43.09679],[-99.14917,43.08955],[-99.15903,43.08954],[-99.15907,43.09679],[-99.15057,43.09679]]],[[[-99.06044,43.0896],[-99.08017,43.0896],[-99.08019,43.09683],[-99.06045,43.09684],[-99.06044,43.0896]]],[[[-99.24739,43.09672],[-99.25724,43.09671],[-99.25726,43.10395],[-99.2474,43.10396],[-99.24739,43.09672]]],[[[-99.32656,43.0967],[-99.33634,43.0967],[-99.33632,43.11119],[-99.31657,43.11109],[-99.31656,43.10387],[-99.32642,43.10387],[-99.32656,43.0967]]],[[[-99.54384,43.1038],[-99.55379,43.1038],[-99.55373,43.11106],[-99.54383,43.11079],[-99.54384,43.1038]]],[[[-99.26219,43.10395],[-99.26712,43.10394],[-99.26714,43.11118],[-99.25735,43.11124],[-99.25733,43.10622],[-99.25726,43.10395],[-99.26219,43.10395]]],[[[-99.04106,43.10402],[-99.05092,43.10404],[-99.05088,43.11127],[-99.04103,43.11126],[-99.04106,43.10402]]],[[[-99.07033,43.10405],[-99.0802,43.10404],[-99.08021,43.11126],[-99.07638,43.11126],[-99.07034,43.11127],[-99.07033,43.1081],[-99.07033,43.10405]]],[[[-99.22771,43.12573],[-99.22768,43.11124],[-99.23761,43.11123],[-99.23762,43.11517],[-99.23771,43.12571],[-99.22771,43.12573]]],[[[-99.12948,43.11128],[-99.12948,43.12569],[-99.11963,43.12569],[-99.11968,43.11128],[-99.12948,43.11128]]],[[[-99.03113,43.12573],[-99.01278,43.12573],[-99.01145,43.12573],[-99.01151,43.11128],[-99.03119,43.11128],[-99.03113,43.12573]]],[[[-99.54379,43.13275],[-99.53403,43.13273],[-99.53396,43.1274],[-99.53405,43.12546],[-99.54381,43.12551],[-99.54379,43.13275]]],[[[-99.0802,43.14017],[-99.07041,43.14018],[-99.06048,43.14018],[-99.05073,43.14016],[-99.05085,43.1185],[-99.06047,43.11851],[-99.06047,43.11129],[-99.07034,43.11127],[-99.07034,43.12572],[-99.0802,43.12567],[-99.0802,43.11848],[-99.09006,43.11848],[-99.09006,43.10765],[-99.09995,43.10766],[-99.09997,43.11848],[-99.10977,43.11847],[-99.10977,43.1257],[-99.11963,43.12569],[-99.11962,43.14011],[-99.10976,43.14013],[-99.10975,43.14735],[-99.09989,43.14736],[-99.09988,43.15458],[-99.09001,43.15459],[-99.09004,43.14015],[-99.0999,43.14015],[-99.09991,43.13293],[-99.08019,43.13293],[-99.0802,43.14017]]],[[[-99.54872,43.14722],[-99.55371,43.14724],[-99.55367,43.15362],[-99.55366,43.15448],[-99.54378,43.15445],[-99.54378,43.14721],[-99.54872,43.14722]]],[[[-99.35603,43.14726],[-99.38568,43.14724],[-99.3857,43.15451],[-99.35603,43.15448],[-99.35603,43.14726]]],[[[-99.06047,43.14742],[-99.07032,43.1474],[-99.0703,43.15463],[-99.06046,43.15465],[-99.06047,43.14742]]],[[[-99.10974,43.15457],[-99.10481,43.15457],[-99.10481,43.15097],[-99.10974,43.15096],[-99.10975,43.14735],[-99.11468,43.14734],[-99.11463,43.15818],[-99.1097,43.15819],[-99.10974,43.15457]]],[[[-99.55363,43.21952],[-99.55314,43.21952],[-99.54374,43.21949],[-99.54374,43.21226],[-99.55363,43.21229],[-99.55363,43.21952]]],[[[-99.20796,43.25576],[-99.20796,43.25217],[-99.21784,43.25218],[-99.21782,43.24132],[-99.23711,43.24126],[-99.24746,43.24133],[-99.24746,43.24854],[-99.25734,43.24855],[-99.25736,43.25577],[-99.20796,43.25576]]],[[[-99.35605,43.3136],[-99.36595,43.3136],[-99.36594,43.3202],[-99.36595,43.32082],[-99.36099,43.32082],[-99.35605,43.32082],[-99.35605,43.3136]]],[[[-99.34616,43.32083],[-99.33694,43.32084],[-99.33628,43.32084],[-99.33628,43.31361],[-99.34617,43.31361],[-99.34616,43.32083]]],[[[-99.53391,43.32072],[-99.54365,43.32073],[-99.54367,43.32793],[-99.53395,43.32793],[-99.53391,43.32072]]],[[[-99.36594,43.32805],[-99.36595,43.32082],[-99.36617,43.32082],[-99.37584,43.32083],[-99.37581,43.3353],[-99.35603,43.33527],[-99.35604,43.32804],[-99.36594,43.32805]]],[[[-99.22769,43.33534],[-99.23785,43.33531],[-99.23785,43.34237],[-99.22775,43.34254],[-99.22769,43.33534]]],[[[-99.25735,43.33532],[-99.25736,43.33894],[-99.25738,43.34258],[-99.2569,43.34257],[-99.24749,43.34257],[-99.24746,43.33533],[-99.25735,43.33532]]],[[[-99.35603,43.34255],[-99.35602,43.34976],[-99.33624,43.34977],[-99.33625,43.34255],[-99.35603,43.34255]]],[[[-99.2672,43.34258],[-99.2673,43.35701],[-99.25738,43.35703],[-99.25738,43.34631],[-99.25738,43.34258],[-99.26273,43.34258],[-99.2672,43.34258]]],[[[-99.36589,43.35696],[-99.35602,43.35698],[-99.35602,43.35337],[-99.35602,43.34976],[-99.3659,43.34975],[-99.36589,43.35696]]],[[[-99.49452,43.38592],[-99.47598,43.38595],[-99.47497,43.38324],[-99.47491,43.36414],[-99.4945,43.36413],[-99.49452,43.38592]]],[[[-99.39551,43.37866],[-99.40541,43.37865],[-99.40546,43.38573],[-99.39553,43.38575],[-99.39551,43.37866]]],[[[-99.50442,43.37862],[-99.51454,43.3786],[-99.51456,43.39309],[-99.50443,43.39309],[-99.50442,43.37862]]],[[[-99.356,43.40032],[-99.35599,43.38572],[-99.35601,43.37142],[-99.37577,43.3714],[-99.37577,43.37861],[-99.36588,43.37863],[-99.36588,43.38574],[-99.37577,43.38575],[-99.37579,43.40029],[-99.356,43.40032]]],[[[-99.53385,43.38584],[-99.5436,43.38585],[-99.5436,43.39308],[-99.53386,43.39309],[-99.53385,43.38584]]],[[[-99.53386,43.40026],[-99.53863,43.40026],[-99.53863,43.40756],[-99.53387,43.40756],[-99.53386,43.40026]]],[[[-99.56348,43.40032],[-99.56341,43.40755],[-99.55355,43.40755],[-99.55354,43.41463],[-99.5436,43.4147],[-99.5436,43.40033],[-99.56348,43.40032]]],[[[-99.38572,43.40755],[-99.38572,43.41477],[-99.37577,43.41479],[-99.37578,43.40752],[-99.38572,43.40755]]],[[[-99.36592,43.42199],[-99.35605,43.422],[-99.35604,43.41476],[-99.35677,43.41476],[-99.36591,43.41475],[-99.36592,43.42199]]],[[[-99.49454,43.4292],[-99.49455,43.43292],[-99.49455,43.43654],[-99.48462,43.43653],[-99.48461,43.42916],[-99.49227,43.42919],[-99.49454,43.4292]]],[[[-99.54359,43.42917],[-99.53498,43.42919],[-99.53393,43.42917],[-99.52432,43.42917],[-99.52436,43.43652],[-99.53393,43.43652],[-99.55367,43.43651],[-99.55367,43.44359],[-99.56344,43.44351],[-99.56344,43.451],[-99.5339,43.45099],[-99.52436,43.45099],[-99.52436,43.44376],[-99.51472,43.44375],[-99.51467,43.42917],[-99.49454,43.4292],[-99.49454,43.42204],[-99.53391,43.42205],[-99.54359,43.42203],[-99.54359,43.42917]]],[[[-99.39534,43.43652],[-99.41521,43.43656],[-99.41519,43.4438],[-99.39534,43.44376],[-99.39534,43.43652]]],[[[-99.45519,43.44363],[-99.47506,43.44364],[-99.47504,43.45101],[-99.45519,43.45102],[-99.45519,43.44363]]],[[[-99.42509,43.44379],[-99.43529,43.44378],[-99.4353,43.45102],[-99.42507,43.45103],[-99.42509,43.44379]]],[[[-99.3358,43.48715],[-99.33537,43.48715],[-99.32589,43.48712],[-99.3259,43.47988],[-99.33582,43.4799],[-99.3358,43.48715]]],[[[-99.54384,43.51429],[-99.54383,43.52533],[-99.53377,43.52531],[-99.5337,43.51428],[-99.54384,43.51429]]],[[[-99.54382,43.55786],[-99.54382,43.55063],[-99.5339,43.55063],[-99.53378,43.52892],[-99.54383,43.52895],[-99.54382,43.53979],[-99.55381,43.53978],[-99.55381,43.55062],[-99.5638,43.55061],[-99.56381,43.55783],[-99.54382,43.55786]]]]}},{"type":"Feature","properties":{"name":"Sioux Falls On-Demand","boundary_type":"city","source":"Census TIGER place","fidelity":"exact","updated":"2026-09","units":"Sioux Falls city","note":"Citywide service integrated with fixed-route transit","confidence":0.95},"geometry":{"type":"Polygon","coordinates":[[[-96.84865,43.522],[-96.84569,43.52201],[-96.84568,43.5257],[-96.8407,43.52565],[-96.8407,43.5261],[-96.8407,43.53049],[-96.83938,43.53049],[-96.83783,43.5305],[-96.83784,43.53087],[-96.83802,43.53102],[-96.83791,43.532],[-96.83792,43.53291],[-96.83742,43.53291],[-96.83743,43.53835],[-96.83633,43.53989],[-96.83522,43.54387],[-96.83573,43.54387],[-96.84572,43.54376],[-96.84718,43.54374],[-96.84718,43.54436],[-96.84875,43.54446],[-96.84889,43.54648],[-96.84726,43.54759],[-96.84738,43.54946],[-96.84572,43.548],[-96.84193,43.5483],[-96.84014,43.54921],[-96.83077,43.54791],[-96.83077,43.548],[-96.82935,43.548],[-96.82932,43.55103],[-96.82547,43.55104],[-96.81674,43.55106],[-96.81377,43.55536],[-96.81107,43.55417],[-96.8109,43.5567],[-96.81087,43.55472],[-96.80095,43.55475],[-96.80094,43.55832],[-96.80152,43.55832],[-96.80151,43.55838],[-96.80595,43.55837],[-96.80594,43.562],[-96.80097,43.562],[-96.80097,43.56564],[-96.81092,43.56551],[-96.81096,43.5799],[-96.81098,43.58739],[-96.80107,43.58744],[-96.80095,43.60225],[-96.79839,43.60227],[-96.79891,43.60553],[-96.80097,43.60551],[-96.80099,43.60911],[-96.79803,43.60949],[-96.79524,43.61073],[-96.79348,43.6121],[-96.79107,43.61253],[-96.79121,43.63087],[-96.78654,43.63087],[-96.79002,43.63365],[-96.79001,43.63629],[-96.78752,43.63629],[-96.78753,43.6381],[-96.79124,43.6381],[-96.79126,43.64056],[-96.78135,43.64057],[-96.7813,43.6381],[-96.77104,43.63806],[-96.77028,43.63806],[-96.7691,43.62374],[-96.76918,43.61582],[-96.76714,43.61373],[-96.76571,43.6133],[-96.76122,43.6134],[-96.75318,43.61285],[-96.75061,43.61192],[-96.72809,43.60764],[-96.72813,43.60918],[-96.71357,43.60925],[-96.71105,43.60961],[-96.71088,43.61636],[-96.71076,43.61636],[-96.69836,43.61637],[-96.69838,43.60895],[-96.69388,43.60801],[-96.69157,43.60868],[-96.69163,43.61058],[-96.69143,43.61102],[-96.69006,43.60908],[-96.68494,43.60766],[-96.67511,43.6085],[-96.65898,43.60825],[-96.65718,43.60847],[-96.65162,43.60981],[-96.64597,43.60997],[-96.63879,43.61081],[-96.63203,43.61048],[-96.64186,43.60977],[-96.65079,43.60762],[-96.65163,43.60734],[-96.66652,43.60728],[-96.66654,43.60353],[-96.67139,43.60356],[-96.67139,43.602],[-96.65659,43.60182],[-96.65659,43.59801],[-96.65659,43.5954],[-96.6566,43.59482],[-96.65397,43.5979],[-96.65163,43.5981],[-96.65162,43.59779],[-96.6506,43.59562],[-96.65155,43.5946],[-96.65156,43.58729],[-96.65447,43.58722],[-96.65674,43.58723],[-96.65668,43.57842],[-96.6603,43.5784],[-96.66025,43.57426],[-96.65663,43.57443],[-96.65661,43.57298],[-96.65665,43.56936],[-96.65356,43.5689],[-96.65158,43.56891],[-96.65158,43.5658],[-96.6482,43.56574],[-96.6469,43.56934],[-96.64162,43.5693],[-96.64141,43.55847],[-96.64643,43.5585],[-96.64654,43.5542],[-96.64148,43.5543],[-96.64149,43.54861],[-96.64064,43.54882],[-96.63889,43.54883],[-96.63788,43.54836],[-96.63581,43.54864],[-96.63476,43.54871],[-96.63413,43.54832],[-96.63059,43.54862],[-96.62698,43.54867],[-96.62717,43.55422],[-96.62967,43.55421],[-96.63048,43.55837],[-96.62537,43.55839],[-96.62258,43.55529],[-96.62101,43.55537],[-96.62044,43.54795],[-96.62036,43.54288],[-96.61054,43.54284],[-96.60949,43.54186],[-96.60955,43.53956],[-96.61055,43.53743],[-96.61098,43.53609],[-96.60966,43.53276],[-96.60609,43.53102],[-96.60335,43.53114],[-96.6012,43.52983],[-96.59997,43.52788],[-96.60002,43.52589],[-96.5981,43.52428],[-96.59932,43.5223],[-96.60091,43.522],[-96.61088,43.52198],[-96.61118,43.52282],[-96.61349,43.52559],[-96.61602,43.52577],[-96.61771,43.52961],[-96.61983,43.53017],[-96.62032,43.53032],[-96.62202,43.52937],[-96.63054,43.52936],[-96.63072,43.51801],[-96.6308,43.51626],[-96.6341,43.51626],[-96.63414,43.51489],[-96.63086,43.5148],[-96.62438,43.51473],[-96.62428,43.51127],[-96.61612,43.51124],[-96.61631,43.50397],[-96.61133,43.50395],[-96.61122,43.50758],[-96.60253,43.50752],[-96.60127,43.50752],[-96.60132,43.50592],[-96.60147,43.50045],[-96.60307,43.50044],[-96.60313,43.50097],[-96.6047,43.50102],[-96.60597,43.50097],[-96.6091,43.50043],[-96.61916,43.50041],[-96.62894,43.50041],[-96.62887,43.49675],[-96.63474,43.49674],[-96.63419,43.49446],[-96.63739,43.49362],[-96.63894,43.49418],[-96.63892,43.49491],[-96.64228,43.49435],[-96.64683,43.49302],[-96.64519,43.49421],[-96.64892,43.49419],[-96.64891,43.49308],[-96.65394,43.49308],[-96.65395,43.48947],[-96.66752,43.48948],[-96.66882,43.49054],[-96.66882,43.49076],[-96.67046,43.49075],[-96.67055,43.48947],[-96.67374,43.48945],[-96.67542,43.48782],[-96.67542,43.48491],[-96.6787,43.48489],[-96.67871,43.48215],[-96.68367,43.48212],[-96.68365,43.4862],[-96.68773,43.48605],[-96.68774,43.4841],[-96.69047,43.48411],[-96.69047,43.48482],[-96.69291,43.48506],[-96.69766,43.48511],[-96.69767,43.48579],[-96.70103,43.48583],[-96.70273,43.48485],[-96.70272,43.48376],[-96.69766,43.48373],[-96.69766,43.48266],[-96.70257,43.48226],[-96.70733,43.48109],[-96.70769,43.47708],[-96.70768,43.47503],[-96.70976,43.47504],[-96.70977,43.47709],[-96.71267,43.4771],[-96.71265,43.47505],[-96.71249,43.47152],[-96.70768,43.47151],[-96.70768,43.46915],[-96.71017,43.46915],[-96.71017,43.4678],[-96.7176,43.46784],[-96.7176,43.47124],[-96.72142,43.47175],[-96.72749,43.46971],[-96.72749,43.47186],[-96.73141,43.47058],[-96.7326,43.47154],[-96.73256,43.47498],[-96.73811,43.475],[-96.73742,43.4715],[-96.74735,43.47154],[-96.74746,43.47228],[-96.74894,43.47228],[-96.74894,43.47085],[-96.74734,43.47084],[-96.74736,43.46528],[-96.75289,43.46443],[-96.75731,43.4643],[-96.76229,43.46535],[-96.76227,43.46432],[-96.76728,43.46431],[-96.76727,43.46619],[-96.76229,43.46615],[-96.76227,43.46795],[-96.76559,43.46796],[-96.76556,43.4697],[-96.76707,43.46971],[-96.76726,43.46803],[-96.7724,43.46806],[-96.78277,43.46812],[-96.78718,43.46924],[-96.78717,43.47542],[-96.77939,43.47537],[-96.78032,43.47896],[-96.78718,43.47902],[-96.79604,43.47909],[-96.79664,43.48188],[-96.8063,43.48187],[-96.80666,43.4815],[-96.8085,43.4815],[-96.8085,43.48279],[-96.80631,43.48279],[-96.8063,43.48781],[-96.80478,43.48779],[-96.80478,43.48898],[-96.80629,43.489],[-96.80629,43.48997],[-96.80821,43.48996],[-96.80824,43.4847],[-96.81627,43.48469],[-96.81626,43.48644],[-96.81746,43.48644],[-96.81745,43.48994],[-96.82631,43.49006],[-96.82634,43.49245],[-96.82239,43.49247],[-96.82242,43.49367],[-96.82637,43.49376],[-96.82639,43.49459],[-96.8239,43.49459],[-96.82392,43.49551],[-96.82395,43.49627],[-96.82397,43.49731],[-96.825,43.49737],[-96.824,43.49829],[-96.82402,43.49895],[-96.82406,43.50028],[-96.82654,43.50027],[-96.83066,43.50029],[-96.83069,43.50392],[-96.83072,43.50758],[-96.84064,43.50753],[-96.84067,43.50992],[-96.83331,43.50991],[-96.83075,43.50941],[-96.83076,43.51162],[-96.83186,43.51161],[-96.83186,43.51121],[-96.84238,43.51116],[-96.84353,43.5138],[-96.84589,43.51478],[-96.84587,43.5173],[-96.84911,43.51911],[-96.84866,43.52183],[-96.84865,43.522]],[[-96.83372,43.5148],[-96.83372,43.51665],[-96.83665,43.51664],[-96.83668,43.51479],[-96.83372,43.5148]],[[-96.83092,43.54302],[-96.83092,43.54362],[-96.83104,43.54389],[-96.83152,43.5439],[-96.83238,43.54388],[-96.83437,43.5439],[-96.8346,43.54389],[-96.8346,43.54301],[-96.83092,43.54302]],[[-96.82908,43.51271],[-96.82906,43.51118],[-96.8259,43.5112],[-96.82591,43.51338],[-96.82833,43.5148],[-96.82909,43.5148],[-96.83077,43.51371],[-96.83077,43.51297],[-96.82908,43.51271]],[[-96.83076,43.54598],[-96.82925,43.54598],[-96.82926,43.54765],[-96.83077,43.54766],[-96.83076,43.54671],[-96.83076,43.54598]],[[-96.82576,43.54265],[-96.82404,43.543],[-96.82404,43.54374],[-96.82716,43.54377],[-96.82716,43.54387],[-96.82856,43.5439],[-96.83055,43.54388],[-96.83055,43.54263],[-96.82576,43.54265]],[[-96.81081,43.50753],[-96.81082,43.50837],[-96.81085,43.51481],[-96.8208,43.51482],[-96.82076,43.50757],[-96.81081,43.50753]],[[-96.81829,43.54252],[-96.81766,43.54259],[-96.81758,43.54373],[-96.81979,43.54373],[-96.81978,43.5426],[-96.81829,43.54252]],[[-96.81078,43.54401],[-96.81079,43.54478],[-96.81494,43.54479],[-96.8158,43.54677],[-96.81681,43.54409],[-96.81078,43.54401]],[[-96.80088,43.48776],[-96.79947,43.48869],[-96.79716,43.48986],[-96.79716,43.48992],[-96.79795,43.48992],[-96.80111,43.48992],[-96.80112,43.48775],[-96.80088,43.48776]],[[-96.79102,43.57296],[-96.79102,43.58014],[-96.80095,43.58013],[-96.80099,43.57297],[-96.79102,43.57296]],[[-96.79102,43.58027],[-96.79105,43.58369],[-96.79393,43.58369],[-96.79394,43.58024],[-96.79102,43.58027]],[[-96.78782,43.61193],[-96.77936,43.61315],[-96.77554,43.61319],[-96.77269,43.6142],[-96.77125,43.61584],[-96.77129,43.61789],[-96.78956,43.61792],[-96.78951,43.61224],[-96.78782,43.61193]],[[-96.77486,43.47317],[-96.77488,43.47518],[-96.77604,43.47519],[-96.77604,43.47318],[-96.77486,43.47317]],[[-96.77353,43.60215],[-96.77255,43.60405],[-96.77187,43.60549],[-96.77601,43.6055],[-96.776,43.60208],[-96.77353,43.60215]],[[-96.7703,43.59467],[-96.76931,43.59468],[-96.7693,43.59746],[-96.77046,43.59747],[-96.77048,43.59467],[-96.7703,43.59467]],[[-96.76225,43.47342],[-96.76226,43.47161],[-96.7573,43.47158],[-96.75727,43.47328],[-96.75992,43.47329],[-96.75991,43.47508],[-96.76702,43.4748],[-96.76702,43.47348],[-96.76225,43.47342]],[[-96.76406,43.58742],[-96.764,43.58987],[-96.7627,43.59038],[-96.76614,43.59105],[-96.76673,43.58743],[-96.76406,43.58742]],[[-96.76116,43.60555],[-96.76114,43.60374],[-96.75916,43.60374],[-96.75914,43.60214],[-96.74029,43.60223],[-96.73626,43.60223],[-96.73627,43.60555],[-96.73128,43.60555],[-96.73128,43.60665],[-96.74343,43.60921],[-96.74464,43.60978],[-96.75639,43.61199],[-96.76145,43.61199],[-96.76141,43.60806],[-96.76616,43.60843],[-96.76613,43.60553],[-96.76116,43.60555]],[[-96.74914,43.47263],[-96.74913,43.47367],[-96.74818,43.47366],[-96.74956,43.47505],[-96.74995,43.47506],[-96.74989,43.47263],[-96.74914,43.47263]],[[-96.74276,43.47427],[-96.74276,43.47502],[-96.74339,43.47502],[-96.74339,43.47428],[-96.74276,43.47427]],[[-96.72646,43.48311],[-96.7275,43.48389],[-96.7275,43.48313],[-96.72646,43.48311]],[[-96.71761,43.47343],[-96.7176,43.47156],[-96.71279,43.47154],[-96.7128,43.47495],[-96.72065,43.47498],[-96.72065,43.47344],[-96.71761,43.47343]],[[-96.70636,43.60102],[-96.70636,43.60189],[-96.70637,43.60524],[-96.7071,43.60526],[-96.7074,43.60455],[-96.7093,43.60191],[-96.70967,43.60184],[-96.70966,43.60101],[-96.70636,43.60102]],[[-96.70595,43.48472],[-96.70595,43.48587],[-96.70756,43.48589],[-96.70756,43.48474],[-96.70595,43.48472]],[[-96.70375,43.60609],[-96.70347,43.6061],[-96.70348,43.60753],[-96.70348,43.60768],[-96.70513,43.60768],[-96.70513,43.60609],[-96.70375,43.60609]],[[-96.69388,43.60198],[-96.69265,43.602],[-96.69151,43.60207],[-96.69161,43.6035],[-96.69391,43.60537],[-96.69573,43.60577],[-96.70141,43.6051],[-96.70139,43.60196],[-96.69388,43.60198]],[[-96.68545,43.60205],[-96.68545,43.59774],[-96.68147,43.59773],[-96.68148,43.59829],[-96.68091,43.60205],[-96.6765,43.60204],[-96.67647,43.6073],[-96.68247,43.60699],[-96.68641,43.60618],[-96.6901,43.60262],[-96.68837,43.60205],[-96.68545,43.60205]],[[-96.67944,43.4894],[-96.67946,43.49062],[-96.68773,43.49109],[-96.68771,43.48936],[-96.67944,43.4894]],[[-96.66802,43.56358],[-96.66626,43.56407],[-96.66412,43.56351],[-96.66406,43.56455],[-96.66164,43.56394],[-96.66161,43.5656],[-96.66161,43.5657],[-96.6616,43.56787],[-96.66248,43.56874],[-96.66463,43.56829],[-96.66727,43.56933],[-96.6715,43.56904],[-96.67149,43.56575],[-96.66802,43.56358]],[[-96.66782,43.49494],[-96.66783,43.49559],[-96.66883,43.4956],[-96.66883,43.49494],[-96.66782,43.49494]],[[-96.66073,43.57061],[-96.65945,43.57099],[-96.65849,43.57152],[-96.65819,43.57228],[-96.65879,43.57298],[-96.66153,43.57297],[-96.66157,43.57061],[-96.66073,43.57061]],[[-96.65349,43.51669],[-96.6535,43.51615],[-96.65289,43.51599],[-96.65242,43.51623],[-96.65174,43.51624],[-96.65174,43.51847],[-96.65379,43.51847],[-96.6538,43.51669],[-96.65349,43.51669]],[[-96.64748,43.52942],[-96.64749,43.52821],[-96.64619,43.52821],[-96.64619,43.52876],[-96.6454,43.52876],[-96.6454,43.52942],[-96.64094,43.52942],[-96.64099,43.5287],[-96.63686,43.52868],[-96.63692,43.5294],[-96.63445,43.52938],[-96.63443,43.53102],[-96.63593,43.53103],[-96.63595,43.53282],[-96.63053,43.53263],[-96.6305,43.53602],[-96.63416,43.53808],[-96.64185,43.5407],[-96.64733,43.54292],[-96.65147,43.54383],[-96.65131,43.52942],[-96.64748,43.52942]],[[-96.64456,43.5131],[-96.64456,43.51393],[-96.6451,43.51393],[-96.64509,43.5131],[-96.64456,43.5131]],[[-96.63063,43.54295],[-96.63065,43.54423],[-96.63138,43.54506],[-96.63287,43.54436],[-96.633,43.54305],[-96.63063,43.54295]],[[-96.62846,43.53601],[-96.62564,43.53531],[-96.62553,43.53745],[-96.62834,43.5378],[-96.62904,43.53702],[-96.63036,43.53725],[-96.62846,43.53601]],[[-96.6185,43.53013],[-96.61423,43.52913],[-96.61346,43.53003],[-96.61894,43.53223],[-96.62294,43.53269],[-96.6185,43.53013]],[[-96.60694,43.52919],[-96.60761,43.53095],[-96.60841,43.53085],[-96.60899,43.52917],[-96.60694,43.52919]]]}},{"type":"Feature","properties":{"name":"Sisseton Wahpeton Oyate Transit","boundary_type":"tribal","source":"Census TIGER AIANNH area","fidelity":"exact","updated":"2026-09","units":"Lake Traverse Reservation and Off-Reservation Trust Land","note":"Service area is Lake Traverse Reservation (Sisseton and surrounding communities)","confidence":0.9},"geometry":{"type":"Polygon","coordinates":[[[-97.48833,46.02763],[-97.38434,46.01378],[-97.37538,46.0127],[-97.35382,46.00951],[-97.31176,46.00372],[-97.28389,45.99996],[-97.25955,45.99678],[-97.24952,45.99517],[-97.22854,45.99232],[-97.1777,45.98595],[-97.16556,45.98421],[-97.12445,45.97882],[-97.11679,45.97807],[-97.07525,45.97208],[-97.06427,45.97057],[-97.05549,45.96959],[-97.02097,45.96475],[-97.01934,45.96471],[-96.93251,45.95353],[-96.92783,45.95269],[-96.89413,45.94816],[-96.84055,45.94102],[-96.83729,45.94052],[-96.83749,45.94489],[-96.82565,45.9449],[-96.82571,45.93923],[-96.79901,45.93562],[-96.79814,45.93565],[-96.72197,45.92545],[-96.64324,45.91479],[-96.62901,45.91296],[-96.62422,45.91238],[-96.61909,45.91151],[-96.59989,45.90919],[-96.59792,45.90917],[-96.56676,45.90614],[-96.56727,45.90539],[-96.56831,45.9029],[-96.56805,45.8987],[-96.56894,45.89525],[-96.56828,45.8912],[-96.56877,45.88807],[-96.57135,45.88667],[-96.57265,45.87647],[-96.57187,45.87185],[-96.57467,45.86682],[-96.57442,45.86501],[-96.57298,45.8616],[-96.57423,45.84658],[-96.57452,45.8431],[-96.57654,45.83995],[-96.57753,45.83793],[-96.57748,45.83311],[-96.57974,45.82582],[-96.58308,45.82002],[-96.58418,45.81905],[-96.58709,45.81645],[-96.59322,45.81387],[-96.5967,45.8118],[-96.60186,45.80634],[-96.60762,45.79907],[-96.61251,45.79444],[-96.61819,45.79106],[-96.62535,45.78792],[-96.62778,45.78624],[-96.62943,45.78421],[-96.63051,45.78116],[-96.63665,45.7737],[-96.63873,45.77017],[-96.63894,45.76908],[-96.63968,45.7654],[-96.64194,45.75987],[-96.64212,45.75964],[-96.65223,45.74681],[-96.65746,45.74271],[-96.66259,45.73868],[-96.67202,45.73275],[-96.67266,45.73234],[-96.68722,45.72593],[-96.69901,45.72181],[-96.71116,45.71756],[-96.74509,45.70158],[-96.75035,45.69878],[-96.75717,45.69096],[-96.76087,45.68752],[-96.78985,45.67338],[-96.80016,45.66835],[-96.82616,45.65416],[-96.82672,45.65368],[-96.82743,45.65307],[-96.83266,45.65172],[-96.83577,45.64965],[-96.84075,45.64529],[-96.84421,45.63958],[-96.8484,45.62819],[-96.85158,45.61953],[-96.85162,45.61941],[-96.85239,45.61484],[-96.85666,45.60904],[-96.85775,45.60596],[-96.85693,45.60523],[-96.85972,45.60121],[-96.88137,45.55784],[-96.88331,45.55304],[-96.89912,45.52157],[-96.90277,45.51439],[-96.91018,45.49996],[-96.91734,45.4855],[-96.92151,45.47694],[-96.92442,45.47027],[-96.9305,45.45648],[-96.93427,45.44969],[-96.95146,45.4132],[-96.9544,45.4071],[-96.95612,45.40425],[-96.96827,45.37962],[-96.96985,45.37496],[-96.9772,45.36002],[-96.97857,45.35686],[-96.97907,45.35497],[-96.97994,45.3537],[-96.98327,45.3474],[-96.99295,45.32688],[-97.00272,45.30667],[-97.00718,45.29789],[-97.00754,45.29687],[-97.01075,45.29025],[-97.01139,45.28846],[-97.0156,45.28072],[-97.03507,45.24033],[-97.04127,45.22738],[-97.04146,45.22645],[-97.04421,45.22095],[-97.04591,45.21706],[-97.04984,45.20985],[-97.05098,45.20937],[-97.05133,45.20745],[-97.05576,45.19722],[-97.05651,45.1947],[-97.05668,45.1938],[-97.06158,45.18527],[-97.06165,45.1846],[-97.06366,45.18039],[-97.06638,45.17433],[-97.06662,45.17261],[-97.06713,45.17294],[-97.07386,45.15848],[-97.07755,45.15091],[-97.07895,45.14838],[-97.08997,45.12496],[-97.09083,45.12495],[-97.09168,45.12255],[-97.09468,45.11444],[-97.09783,45.10802],[-97.10173,45.10054],[-97.10331,45.0984],[-97.10739,45.08869],[-97.11934,45.06416],[-97.12483,45.05256],[-97.12535,45.05089],[-97.13996,45.02058],[-97.14435,45.01237],[-97.14684,45.00683],[-97.14687,45.00603],[-97.14689,45.00152],[-97.14929,45.00146],[-97.16128,44.97702],[-97.16139,44.97672],[-97.17641,44.94593],[-97.17675,44.94533],[-97.17793,44.94617],[-97.17734,44.94653],[-97.18651,44.97695],[-97.18663,44.97802],[-97.19154,44.99213],[-97.19169,44.9923],[-97.19297,44.99695],[-97.19629,45.0068],[-97.19681,45.00902],[-97.2012,45.02391],[-97.20548,45.03863],[-97.205,45.0413],[-97.20543,45.0417],[-97.2058,45.03985],[-97.209,45.05016],[-97.21374,45.06435],[-97.21479,45.06813],[-97.21816,45.07858],[-97.22041,45.0861],[-97.22251,45.09311],[-97.22684,45.10864],[-97.2312,45.122],[-97.23279,45.12501],[-97.23411,45.12963],[-97.23601,45.13652],[-97.24015,45.15119],[-97.24023,45.15118],[-97.24154,45.15566],[-97.25014,45.18497],[-97.25653,45.20427],[-97.25916,45.2094],[-97.26187,45.22408],[-97.26635,45.2394],[-97.26673,45.24051],[-97.26686,45.24023],[-97.28507,45.2974],[-97.28522,45.29974],[-97.2881,45.30933],[-97.28811,45.3096],[-97.28912,45.312],[-97.29088,45.31756],[-97.29092,45.31957],[-97.29125,45.32018],[-97.2934,45.32638],[-97.29343,45.32647],[-97.2981,45.34089],[-97.29837,45.34126],[-97.29863,45.3421],[-97.31062,45.38435],[-97.3151,45.39894],[-97.3175,45.40258],[-97.3176,45.40651],[-97.31918,45.40734],[-97.32076,45.41299],[-97.32338,45.42453],[-97.32757,45.43888],[-97.32824,45.44073],[-97.3297,45.44549],[-97.32978,45.44592],[-97.33331,45.45702],[-97.33519,45.46225],[-97.33597,45.46439],[-97.33856,45.47155],[-97.34678,45.50078],[-97.3523,45.51884],[-97.35452,45.52602],[-97.35564,45.52958],[-97.35786,45.5369],[-97.36005,45.54414],[-97.36336,45.55337],[-97.36464,45.55873],[-97.36677,45.566],[-97.37245,45.58534],[-97.37337,45.58763],[-97.38443,45.62378],[-97.38453,45.62487],[-97.38835,45.63441],[-97.39184,45.6461],[-97.40043,45.67466],[-97.40047,45.67478],[-97.40247,45.68118],[-97.40475,45.68982],[-97.4069,45.69713],[-97.40758,45.69931],[-97.41147,45.70992],[-97.41196,45.71187],[-97.41388,45.71898],[-97.41441,45.72091],[-97.41516,45.72425],[-97.41554,45.72522],[-97.41597,45.72635],[-97.4169,45.72904],[-97.41822,45.73321],[-97.42671,45.76108],[-97.43056,45.77365],[-97.43616,45.7923],[-97.43875,45.80454],[-97.4385,45.80559],[-97.4429,45.8147],[-97.44451,45.81961],[-97.45812,45.86262],[-97.4801,45.93426],[-97.4801,45.93514],[-97.48041,45.93514],[-97.49992,45.99996],[-97.50719,46.02327],[-97.50915,46.02947],[-97.50914,46.03033],[-97.48833,46.02763]]]}},{"type":"Feature","properties":{"name":"Southeast Public Transit (Yankton/Vermillion)","boundary_type":"places","source":"Census TIGER place","fidelity":"exact","updated":"2026-09","units":"Yankton city; Vermillion city","note":"Merged system serving two cities in Yankton and Clay counties","confidence":0.9},"geometry":{"type":"MultiPolygon","coordinates":[[[[-96.93438,42.76725],[-96.92825,42.76559],[-96.9246,42.76367],[-96.92498,42.76132],[-96.92738,42.75873],[-96.92769,42.76059],[-96.93052,42.76212],[-96.94137,42.76025],[-96.94077,42.76423],[-96.93861,42.76645],[-96.94307,42.76883],[-96.94156,42.77037],[-96.93848,42.76976],[-96.93438,42.76725]]],[[[-96.9556,42.79183],[-96.95836,42.79229],[-96.95889,42.7933],[-96.95528,42.79357],[-96.95519,42.79023],[-96.94874,42.79017],[-96.94877,42.79358],[-96.92918,42.79361],[-96.92909,42.79375],[-96.92914,42.79694],[-96.92659,42.79699],[-96.92654,42.80115],[-96.9243,42.80115],[-96.92256,42.80114],[-96.92255,42.79988],[-96.9243,42.79988],[-96.9243,42.79375],[-96.9243,42.79363],[-96.92182,42.79363],[-96.91997,42.79355],[-96.91505,42.79277],[-96.91792,42.79349],[-96.91793,42.79751],[-96.91072,42.79751],[-96.91071,42.794],[-96.90741,42.79399],[-96.90739,42.79742],[-96.90514,42.7974],[-96.90501,42.79025],[-96.90518,42.78934],[-96.90517,42.78786],[-96.90396,42.78648],[-96.90451,42.78383],[-96.90462,42.77976],[-96.89444,42.77982],[-96.89245,42.78112],[-96.89251,42.77921],[-96.89441,42.77922],[-96.89537,42.77822],[-96.89531,42.76832],[-96.90545,42.7684],[-96.91167,42.76849],[-96.91215,42.76859],[-96.91211,42.76873],[-96.91985,42.77075],[-96.91999,42.76775],[-96.92085,42.7674],[-96.92386,42.77113],[-96.92653,42.77264],[-96.92952,42.77295],[-96.93215,42.77202],[-96.93597,42.77412],[-96.93778,42.77463],[-96.94146,42.77476],[-96.94424,42.77538],[-96.94883,42.77755],[-96.94866,42.77933],[-96.95302,42.78036],[-96.95779,42.78393],[-96.95836,42.79],[-96.96,42.78976],[-96.9594,42.79119],[-96.95751,42.79023],[-96.9556,42.79028],[-96.9556,42.79183]]],[[[-97.42216,42.87983],[-97.42215,42.88347],[-97.41708,42.88347],[-97.41709,42.89065],[-97.4171,42.89586],[-97.41975,42.89577],[-97.41976,42.89436],[-97.42204,42.89436],[-97.42203,42.90162],[-97.41706,42.90161],[-97.41706,42.90223],[-97.41832,42.90222],[-97.41875,42.9026],[-97.41875,42.90357],[-97.42062,42.90357],[-97.42062,42.90476],[-97.41976,42.90492],[-97.41977,42.90748],[-97.41713,42.90749],[-97.41716,42.90889],[-97.41306,42.9088],[-97.41318,42.91161],[-97.40923,42.91182],[-97.40925,42.91299],[-97.40386,42.91164],[-97.40377,42.9126],[-97.39742,42.91257],[-97.39751,42.92912],[-97.39487,42.92603],[-97.3927,42.92605],[-97.38954,42.92332],[-97.38712,42.92333],[-97.38718,42.91973],[-97.38308,42.91974],[-97.38083,42.92205],[-97.37927,42.9216],[-97.3796,42.91975],[-97.37733,42.91975],[-97.37737,42.91277],[-97.37264,42.90889],[-97.3708,42.90735],[-97.37562,42.90433],[-97.37732,42.90433],[-97.37724,42.89434],[-97.37235,42.89432],[-97.3724,42.88754],[-97.37133,42.88755],[-97.37241,42.88663],[-97.37206,42.88356],[-97.35713,42.89174],[-97.35549,42.88904],[-97.35759,42.8871],[-97.35428,42.88711],[-97.3569,42.88518],[-97.3487,42.88518],[-97.3487,42.88714],[-97.34766,42.88348],[-97.35266,42.88349],[-97.35266,42.8801],[-97.35341,42.87873],[-97.35419,42.87977],[-97.35755,42.87977],[-97.35752,42.87578],[-97.35853,42.87579],[-97.35852,42.87393],[-97.36243,42.87277],[-97.36389,42.87192],[-97.3683,42.87273],[-97.36986,42.87209],[-97.37091,42.86961],[-97.37094,42.87626],[-97.37726,42.87376],[-97.37473,42.87361],[-97.37469,42.86639],[-97.37702,42.86606],[-97.37669,42.8652],[-97.38803,42.86457],[-97.39396,42.86425],[-97.39397,42.86425],[-97.3993,42.86484],[-97.40444,42.86775],[-97.40831,42.86833],[-97.41342,42.86735],[-97.41707,42.86592],[-97.41715,42.87462],[-97.4175,42.87421],[-97.41836,42.87408],[-97.42053,42.87434],[-97.42047,42.87529],[-97.41961,42.87563],[-97.41911,42.87511],[-97.41731,42.87513],[-97.41709,42.87553],[-97.4171,42.87623],[-97.43194,42.87631],[-97.43197,42.87987],[-97.42662,42.87985],[-97.42663,42.88128],[-97.42216,42.87983]],[[-97.41711,42.87761],[-97.4171,42.87979],[-97.42216,42.87983],[-97.41711,42.87761]],[[-97.35756,42.8825],[-97.3596,42.8825],[-97.36731,42.87891],[-97.36738,42.87784],[-97.36198,42.87969],[-97.35869,42.87976],[-97.35755,42.87977],[-97.35756,42.8825]],[[-97.40731,42.91078],[-97.4073,42.90995],[-97.40813,42.90995],[-97.40811,42.90882],[-97.404,42.90883],[-97.40406,42.91079],[-97.40731,42.91078]]]]}}]}