{"type":"FeatureCollection","features":[{"type":"Feature","properties":{"name":"CARTA GO","boundary_type":"city","source":"Census TIGER place","fidelity":"approximate","updated":"2026-09","units":"Chattanooga city","note":"Service covers specific corridors within Chattanooga (initially Enterprise South/Amnicola Highway corridor; expanding to East Chattanooga/Route 10)","confidence":0.7},"geometry":{"type":"Polygon","coordinates":[[[-85.46629,34.98864],[-85.46405,34.98914],[-85.46361,34.98994],[-85.46293,34.98992],[-85.45777,34.99306],[-85.45621,34.99523],[-85.45138,34.99331],[-85.44797,34.99691],[-85.44354,34.99712],[-85.4427,35.00059],[-85.44007,35.001],[-85.43798,35.00295],[-85.43542,35.00234],[-85.43274,35.00425],[-85.42921,35.00294],[-85.42729,35.00614],[-85.42335,35.0047],[-85.42161,35.00792],[-85.41768,35.00643],[-85.41274,35.01502],[-85.41617,35.01632],[-85.41504,35.01838],[-85.40942,35.02027],[-85.4068,35.01904],[-85.40413,35.02172],[-85.40433,35.02235],[-85.40736,35.02254],[-85.40854,35.0236],[-85.40593,35.02541],[-85.40483,35.02484],[-85.4047,35.02681],[-85.40654,35.02773],[-85.4059,35.02869],[-85.40808,35.03302],[-85.41132,35.03533],[-85.41124,35.0355],[-85.4112,35.03559],[-85.40876,35.03475],[-85.40683,35.03829],[-85.40173,35.03879],[-85.40816,35.03373],[-85.4074,35.03277],[-85.40513,35.02801],[-85.40259,35.03319],[-85.39827,35.04052],[-85.39756,35.04099],[-85.39342,35.03913],[-85.39264,35.03914],[-85.38815,35.04095],[-85.38697,35.04097],[-85.38225,35.04473],[-85.38157,35.04734],[-85.37947,35.04976],[-85.37861,35.05185],[-85.37806,35.05567],[-85.37727,35.05731],[-85.37039,35.0638],[-85.36636,35.06947],[-85.36503,35.07255],[-85.36406,35.07617],[-85.36269,35.08375],[-85.35995,35.08276],[-85.35961,35.08135],[-85.36093,35.07684],[-85.36051,35.07507],[-85.36113,35.07292],[-85.36793,35.05967],[-85.36396,35.0581],[-85.36115,35.06038],[-85.36021,35.06213],[-85.35826,35.06388],[-85.3564,35.06314],[-85.35565,35.0645],[-85.35349,35.06401],[-85.35098,35.0659],[-85.34824,35.06721],[-85.34767,35.068],[-85.34533,35.06788],[-85.34457,35.06923],[-85.34573,35.0697],[-85.35036,35.07399],[-85.35178,35.07649],[-85.35262,35.0798],[-85.3528,35.08455],[-85.35236,35.08843],[-85.35258,35.09437],[-85.35369,35.09688],[-85.35506,35.09862],[-85.35817,35.10104],[-85.36077,35.10227],[-85.3653,35.10728],[-85.36464,35.10779],[-85.36325,35.10883],[-85.3606,35.11116],[-85.3569,35.11313],[-85.35408,35.11196],[-85.35264,35.10956],[-85.35173,35.11017],[-85.35162,35.11027],[-85.34966,35.10938],[-85.34905,35.10916],[-85.34462,35.10724],[-85.34324,35.10587],[-85.33869,35.10754],[-85.3375,35.11012],[-85.33533,35.10717],[-85.33117,35.10828],[-85.32841,35.10971],[-85.32727,35.109],[-85.3265,35.11081],[-85.32707,35.11126],[-85.32189,35.11772],[-85.32031,35.11936],[-85.32211,35.12137],[-85.31883,35.12546],[-85.31779,35.12488],[-85.31648,35.12642],[-85.314,35.12614],[-85.31286,35.12876],[-85.31206,35.13189],[-85.31317,35.13269],[-85.31006,35.14232],[-85.30638,35.13975],[-85.30563,35.14072],[-85.29222,35.1582],[-85.2895,35.16275],[-85.28333,35.16978],[-85.28042,35.17228],[-85.27926,35.17171],[-85.27901,35.17157],[-85.27241,35.16772],[-85.27145,35.1684],[-85.26917,35.16785],[-85.26602,35.16871],[-85.26056,35.17453],[-85.26051,35.17459],[-85.25908,35.17387],[-85.25648,35.17296],[-85.2535,35.17691],[-85.25312,35.17826],[-85.24922,35.18331],[-85.25211,35.18411],[-85.25409,35.18406],[-85.25396,35.1851],[-85.25387,35.18514],[-85.25351,35.18567],[-85.24929,35.18741],[-85.24808,35.18919],[-85.24667,35.18999],[-85.24438,35.18987],[-85.24263,35.19098],[-85.23161,35.20275],[-85.22773,35.20627],[-85.22468,35.20848],[-85.22068,35.211],[-85.22028,35.21336],[-85.21945,35.2143],[-85.21819,35.21278],[-85.21665,35.21144],[-85.21453,35.21079],[-85.21426,35.21064],[-85.21755,35.20908],[-85.21937,35.2072],[-85.2201,35.20676],[-85.22062,35.20133],[-85.2207,35.20011],[-85.22544,35.20014],[-85.2238,35.19891],[-85.22602,35.19666],[-85.22636,35.19473],[-85.22966,35.19166],[-85.23163,35.19292],[-85.23311,35.19296],[-85.23581,35.18687],[-85.23651,35.18704],[-85.2374,35.18484],[-85.23609,35.18439],[-85.23774,35.18298],[-85.23686,35.17918],[-85.23633,35.17786],[-85.23597,35.1776],[-85.23335,35.17503],[-85.23271,35.17344],[-85.23244,35.16979],[-85.23293,35.16744],[-85.23262,35.16636],[-85.23063,35.1649],[-85.22862,35.16472],[-85.22793,35.16528],[-85.22784,35.16522],[-85.22635,35.16685],[-85.22517,35.16742],[-85.22335,35.168],[-85.22164,35.16786],[-85.21692,35.16265],[-85.21198,35.16175],[-85.21102,35.16292],[-85.21043,35.16457],[-85.21059,35.16462],[-85.2094,35.16772],[-85.20809,35.1699],[-85.20663,35.17236],[-85.20629,35.17277],[-85.20478,35.17405],[-85.20399,35.175],[-85.19761,35.17254],[-85.19857,35.17086],[-85.19727,35.16947],[-85.19418,35.17123],[-85.19041,35.17407],[-85.18482,35.16756],[-85.18396,35.16654],[-85.18779,35.16434],[-85.18652,35.16286],[-85.18751,35.16232],[-85.1864,35.16096],[-85.18737,35.16007],[-85.18907,35.16205],[-85.19044,35.16126],[-85.18796,35.15829],[-85.18867,35.15741],[-85.1926,35.15965],[-85.19319,35.15863],[-85.19234,35.15773],[-85.19329,35.15591],[-85.19092,35.15475],[-85.18735,35.15386],[-85.18947,35.15134],[-85.18171,35.14668],[-85.18407,35.14414],[-85.18022,35.1427],[-85.1746,35.13996],[-85.17467,35.14047],[-85.16959,35.13816],[-85.16977,35.1377],[-85.16463,35.13531],[-85.16427,35.13432],[-85.15829,35.13287],[-85.16463,35.13371],[-85.16716,35.12759],[-85.16883,35.12462],[-85.16849,35.12289],[-85.1693,35.12244],[-85.16981,35.12427],[-85.17313,35.1223],[-85.17464,35.12198],[-85.17652,35.1198],[-85.17852,35.11402],[-85.17846,35.11312],[-85.17385,35.11486],[-85.17151,35.11681],[-85.16858,35.11655],[-85.16869,35.11593],[-85.17025,35.11593],[-85.17202,35.11515],[-85.17632,35.11155],[-85.17604,35.11062],[-85.17764,35.11165],[-85.18191,35.10979],[-85.1865,35.10442],[-85.18265,35.10445],[-85.18049,35.10577],[-85.17797,35.10622],[-85.17559,35.10614],[-85.17557,35.10535],[-85.17323,35.10498],[-85.17185,35.10239],[-85.16949,35.10151],[-85.16732,35.10581],[-85.16506,35.10498],[-85.16228,35.10743],[-85.16037,35.10676],[-85.16076,35.10614],[-85.15557,35.10722],[-85.1557,35.10896],[-85.15803,35.10983],[-85.15785,35.11004],[-85.15517,35.11008],[-85.152,35.10894],[-85.15046,35.10974],[-85.15045,35.10723],[-85.14807,35.11051],[-85.14553,35.10908],[-85.14488,35.10931],[-85.14412,35.10903],[-85.14358,35.11011],[-85.14427,35.11161],[-85.14352,35.11382],[-85.14176,35.11315],[-85.14015,35.1121],[-85.13308,35.11413],[-85.13029,35.11528],[-85.12774,35.11935],[-85.12629,35.12261],[-85.12908,35.1235],[-85.12849,35.12456],[-85.12625,35.12376],[-85.12651,35.12552],[-85.12536,35.1251],[-85.12535,35.12603],[-85.12311,35.12299],[-85.12398,35.11872],[-85.12107,35.11791],[-85.12022,35.11706],[-85.1216,35.11672],[-85.12282,35.11389],[-85.12614,35.1153],[-85.13073,35.11246],[-85.13065,35.11181],[-85.13382,35.11178],[-85.1345,35.11061],[-85.13241,35.10705],[-85.12091,35.11121],[-85.11815,35.11077],[-85.11435,35.11018],[-85.11136,35.10751],[-85.10996,35.1046],[-85.10602,35.10562],[-85.10198,35.10563],[-85.09801,35.10453],[-85.09527,35.10297],[-85.09442,35.10231],[-85.09341,35.10191],[-85.09154,35.09908],[-85.09038,35.09454],[-85.09027,35.09115],[-85.09154,35.08737],[-85.09322,35.08485],[-85.09659,35.08254],[-85.09895,35.07989],[-85.10109,35.07854],[-85.1009,35.07809],[-85.09119,35.0806],[-85.09112,35.08062],[-85.0901,35.08268],[-85.08697,35.08221],[-85.08569,35.0846],[-85.08363,35.08386],[-85.08231,35.0862],[-85.07931,35.08643],[-85.07949,35.08672],[-85.0744,35.08649],[-85.07485,35.08794],[-85.0797,35.08815],[-85.07968,35.08878],[-85.07885,35.09024],[-85.07479,35.08881],[-85.07207,35.08904],[-85.0711,35.08815],[-85.07313,35.08647],[-85.07194,35.08653],[-85.07008,35.08798],[-85.06919,35.0874],[-85.0658,35.08776],[-85.06513,35.08824],[-85.06618,35.09113],[-85.06574,35.09219],[-85.0649,35.09325],[-85.06437,35.0934],[-85.06343,35.09519],[-85.05949,35.09703],[-85.05973,35.09743],[-85.06019,35.1033],[-85.05748,35.10324],[-85.05621,35.10559],[-85.05512,35.1075],[-85.0515,35.10536],[-85.05651,35.09466],[-85.05727,35.09345],[-85.05924,35.09112],[-85.06106,35.08958],[-85.05888,35.08876],[-85.06003,35.08673],[-85.05695,35.08566],[-85.05768,35.08432],[-85.05378,35.08284],[-85.05456,35.08141],[-85.05469,35.08119],[-85.06676,35.08563],[-85.06739,35.08444],[-85.07082,35.0846],[-85.07218,35.08427],[-85.07089,35.08349],[-85.06991,35.08195],[-85.07112,35.07988],[-85.07196,35.08006],[-85.07502,35.081],[-85.07822,35.08117],[-85.08415,35.08034],[-85.09042,35.07801],[-85.09232,35.07376],[-85.09286,35.07364],[-85.094,35.07164],[-85.09549,35.07221],[-85.09553,35.06997],[-85.09689,35.06871],[-85.09747,35.06854],[-85.09732,35.06849],[-85.09793,35.06697],[-85.0967,35.06661],[-85.09757,35.06506],[-85.09911,35.06563],[-85.09917,35.06556],[-85.09606,35.06443],[-85.09248,35.06312],[-85.09121,35.06554],[-85.08638,35.06371],[-85.0871,35.06525],[-85.08706,35.06844],[-85.08682,35.06468],[-85.08399,35.0632],[-85.08116,35.0624],[-85.0834,35.05976],[-85.08138,35.05901],[-85.08515,35.05231],[-85.08888,35.04567],[-85.09297,35.04715],[-85.09202,35.0489],[-85.09329,35.04938],[-85.09205,35.05161],[-85.09061,35.0511],[-85.09002,35.05218],[-85.08789,35.05128],[-85.08749,35.05201],[-85.08769,35.05326],[-85.09257,35.0551],[-85.09245,35.05634],[-85.09098,35.05911],[-85.09222,35.06011],[-85.09297,35.05894],[-85.09556,35.06073],[-85.09436,35.06262],[-85.09962,35.06473],[-85.0996,35.06478],[-85.10528,35.06628],[-85.10541,35.06838],[-85.1101,35.06882],[-85.11709,35.06933],[-85.11896,35.06943],[-85.1201,35.06796],[-85.12615,35.06356],[-85.1247,35.06288],[-85.12521,35.06135],[-85.12434,35.06108],[-85.12521,35.05922],[-85.11629,35.05594],[-85.11779,35.05309],[-85.11449,35.05185],[-85.1149,35.05106],[-85.11625,35.04869],[-85.11908,35.05063],[-85.12193,35.05101],[-85.12173,35.04985],[-85.12649,35.0516],[-85.12902,35.05091],[-85.1291,35.04991],[-85.12862,35.04844],[-85.1265,35.04775],[-85.12788,35.04417],[-85.13272,35.03405],[-85.12879,35.03265],[-85.12665,35.03163],[-85.12332,35.03047],[-85.12163,35.02978],[-85.11974,35.03321],[-85.11599,35.03164],[-85.11966,35.02507],[-85.11798,35.02421],[-85.11926,35.02066],[-85.11928,35.01751],[-85.11866,35.01709],[-85.11961,35.01701],[-85.12006,35.01724],[-85.1212,35.01364],[-85.12445,35.00769],[-85.12271,35.00766],[-85.12009,35.00675],[-85.12047,35.00604],[-85.12146,35.00585],[-85.12654,35.00271],[-85.1307,35.00091],[-85.13078,35.00043],[-85.13207,34.99858],[-85.13036,34.99676],[-85.1303,34.99315],[-85.13174,34.99112],[-85.1351,34.99259],[-85.13682,34.99333],[-85.1406,34.98631],[-85.14389,34.98629],[-85.15437,34.98623],[-85.17525,34.98611],[-85.17652,34.98784],[-85.17236,34.99355],[-85.17294,34.99508],[-85.17466,34.99714],[-85.17558,34.9977],[-85.17884,34.99681],[-85.18426,34.99652],[-85.1851,34.99936],[-85.18177,35.00198],[-85.17765,35.00422],[-85.17719,35.00535],[-85.18133,35.006],[-85.18184,35.00925],[-85.18462,35.01173],[-85.18635,35.01028],[-85.19049,35.00876],[-85.19506,35.00598],[-85.19769,35.00504],[-85.19955,35.00488],[-85.20133,35.00326],[-85.20378,35.00344],[-85.20467,35.00478],[-85.20746,35.00175],[-85.20849,35.00117],[-85.21014,35.00189],[-85.21086,35.00126],[-85.21462,34.99998],[-85.21685,35.00024],[-85.21913,35.00296],[-85.21919,35.00142],[-85.22761,35.00445],[-85.22777,35.0043],[-85.2319,35.0062],[-85.23803,35.00847],[-85.24405,35.01069],[-85.24888,35.01177],[-85.25199,35.01302],[-85.25267,35.01274],[-85.25214,35.01436],[-85.25054,35.01696],[-85.25902,35.02009],[-85.2601,35.02045],[-85.26069,35.01864],[-85.26449,35.01622],[-85.26825,35.01004],[-85.26796,35.00912],[-85.26783,35.00876],[-85.26762,35.00663],[-85.27096,35.00048],[-85.2714,34.99836],[-85.27112,34.99824],[-85.27217,34.99717],[-85.27397,34.99271],[-85.27561,34.99034],[-85.27041,34.99004],[-85.2706,34.98956],[-85.26858,34.98874],[-85.27219,34.98742],[-85.2731,34.98587],[-85.27309,34.98584],[-85.27309,34.98582],[-85.27306,34.9858],[-85.273,34.98578],[-85.273,34.98569],[-85.27309,34.98565],[-85.27302,34.985],[-85.27586,34.98497],[-85.27756,34.98497],[-85.2802,34.98492],[-85.28115,34.98491],[-85.28578,34.98482],[-85.28691,34.9848],[-85.2945,34.98465],[-85.29465,34.98465],[-85.301,34.98449],[-85.30149,34.98448],[-85.30546,34.98448],[-85.30546,34.98447],[-85.30826,34.98437],[-85.32282,34.98411],[-85.32742,34.98403],[-85.32743,34.98403],[-85.33327,34.98393],[-85.34247,34.98376],[-85.34439,34.98373],[-85.34537,34.98371],[-85.34552,34.98688],[-85.34909,34.98773],[-85.34614,34.9922],[-85.34367,34.99077],[-85.34331,34.99386],[-85.34342,34.99766],[-85.34224,35.00249],[-85.3426,35.00611],[-85.34238,35.00844],[-85.34333,35.01226],[-85.34389,35.01276],[-85.34505,35.0115],[-85.3458,35.00962],[-85.34703,35.0087],[-85.34793,35.00639],[-85.35076,35.00298],[-85.35265,35.00278],[-85.35589,35.00084],[-85.35877,34.99617],[-85.36159,34.99135],[-85.3621,34.98696],[-85.36481,34.98602],[-85.36554,34.9838],[-85.36476,34.98336],[-85.36524,34.98335],[-85.37951,34.98309],[-85.38497,34.98299],[-85.39492,34.98299],[-85.39161,34.98657],[-85.39054,34.98854],[-85.39881,34.99189],[-85.40157,34.98985],[-85.40314,34.98755],[-85.40641,34.98487],[-85.40762,34.98298],[-85.40916,34.98298],[-85.40918,34.98298],[-85.41045,34.98298],[-85.40684,34.98687],[-85.40456,34.98846],[-85.40163,34.9927],[-85.421,34.99994],[-85.42469,34.99332],[-85.42062,34.9918],[-85.42393,34.98586],[-85.42763,34.9864],[-85.42966,34.98476],[-85.43038,34.98666],[-85.43405,34.98508],[-85.43353,34.98409],[-85.431,34.98424],[-85.4323,34.98298],[-85.45802,34.98297],[-85.45722,34.98548],[-85.45882,34.98633],[-85.45984,34.98428],[-85.46301,34.9845],[-85.46805,34.98723],[-85.46718,34.98754],[-85.46629,34.98864]],[[-85.35442,35.01975],[-85.35216,35.01855],[-85.34486,35.02267],[-85.34346,35.02272],[-85.34277,35.0242],[-85.34139,35.0226],[-85.34118,35.02249],[-85.34068,35.02205],[-85.34023,35.0218],[-85.33898,35.02081],[-85.33856,35.02117],[-85.34243,35.0248],[-85.34351,35.02531],[-85.34647,35.02489],[-85.34912,35.02268],[-85.35111,35.02169],[-85.35662,35.02045],[-85.35552,35.01921],[-85.35442,35.01975]],[[-85.34168,35.01501],[-85.33979,35.01583],[-85.34232,35.01648],[-85.34246,35.0175],[-85.34423,35.01611],[-85.34266,35.01591],[-85.34168,35.01501]],[[-85.33994,35.00264],[-85.33841,35.00155],[-85.33765,35.00225],[-85.33973,35.00319],[-85.3409,35.00327],[-85.34109,35.0014],[-85.34156,34.99937],[-85.33994,35.00264]],[[-85.33942,35.00532],[-85.33931,35.00569],[-85.33906,35.00594],[-85.33857,35.00556],[-85.33874,35.00528],[-85.33792,35.00525],[-85.33792,35.00573],[-85.33717,35.0057],[-85.33747,35.0066],[-85.3374,35.00744],[-85.33779,35.00733],[-85.33766,35.01039],[-85.33779,35.01229],[-85.33837,35.01239],[-85.33834,35.0091],[-85.34042,35.00899],[-85.34065,35.00657],[-85.34074,35.00539],[-85.33942,35.00532]],[[-85.33717,35.01788],[-85.33597,35.01645],[-85.33472,35.01666],[-85.33475,35.01695],[-85.33491,35.01715],[-85.33526,35.01724],[-85.3355,35.01734],[-85.33581,35.01755],[-85.33722,35.01928],[-85.33815,35.01971],[-85.33781,35.01895],[-85.33717,35.01788]],[[-85.33515,35.01256],[-85.33512,35.01196],[-85.33404,35.01217],[-85.33421,35.01331],[-85.33609,35.01643],[-85.33711,35.01592],[-85.33742,35.01441],[-85.33724,35.01391],[-85.33515,35.01256]],[[-85.33279,35.01492],[-85.33282,35.01468],[-85.33278,35.01447],[-85.33269,35.01438],[-85.33256,35.01432],[-85.33226,35.01472],[-85.33237,35.0154],[-85.3329,35.01541],[-85.33282,35.01513],[-85.33279,35.01492]],[[-85.32816,35.08701],[-85.32794,35.08604],[-85.32621,35.08521],[-85.31914,35.08346],[-85.31928,35.08187],[-85.32134,35.07934],[-85.3212,35.07693],[-85.32092,35.07532],[-85.31856,35.07472],[-85.31592,35.07467],[-85.31207,35.07968],[-85.31021,35.07871],[-85.30747,35.07841],[-85.30721,35.08067],[-85.30496,35.08067],[-85.30386,35.08045],[-85.3035,35.08101],[-85.30341,35.08129],[-85.30339,35.082],[-85.3036,35.08259],[-85.30314,35.08261],[-85.3031,35.08264],[-85.30134,35.08249],[-85.30119,35.0837],[-85.30094,35.08428],[-85.30062,35.08425],[-85.30051,35.08607],[-85.30046,35.08645],[-85.30056,35.08637],[-85.30021,35.08842],[-85.29943,35.08911],[-85.29901,35.08919],[-85.29895,35.08905],[-85.29836,35.08904],[-85.2968,35.08797],[-85.2951,35.08976],[-85.29634,35.09082],[-85.29334,35.09396],[-85.29356,35.09412],[-85.2936,35.0946],[-85.29423,35.09435],[-85.295,35.09459],[-85.29347,35.09675],[-85.29154,35.10081],[-85.29146,35.10091],[-85.29129,35.10113],[-85.29119,35.10125],[-85.29034,35.10278],[-85.29046,35.10283],[-85.29057,35.10335],[-85.29055,35.10349],[-85.2913,35.10385],[-85.29058,35.10515],[-85.28999,35.10515],[-85.28994,35.10455],[-85.28974,35.10454],[-85.28635,35.10574],[-85.28624,35.10625],[-85.28665,35.10863],[-85.2869,35.10856],[-85.28871,35.10857],[-85.28952,35.10889],[-85.28882,35.10992],[-85.28842,35.11004],[-85.28797,35.1105],[-85.2875,35.11112],[-85.28689,35.11228],[-85.28625,35.11241],[-85.28578,35.11295],[-85.28501,35.1152],[-85.28187,35.11907],[-85.28164,35.11927],[-85.28101,35.11894],[-85.27833,35.12304],[-85.27617,35.12218],[-85.27527,35.12275],[-85.27476,35.12262],[-85.27092,35.12854],[-85.2694,35.12799],[-85.26764,35.13053],[-85.26594,35.12922],[-85.26694,35.1311],[-85.26594,35.1339],[-85.26432,35.13648],[-85.26194,35.13843],[-85.26166,35.14173],[-85.26358,35.1421],[-85.26306,35.14251],[-85.26665,35.14418],[-85.26737,35.14447],[-85.27018,35.14414],[-85.27072,35.14519],[-85.27392,35.14644],[-85.27738,35.14789],[-85.27941,35.14662],[-85.28139,35.14399],[-85.2838,35.13888],[-85.28484,35.13971],[-85.28771,35.14143],[-85.29038,35.13768],[-85.29353,35.13206],[-85.2972,35.12547],[-85.29756,35.12549],[-85.29964,35.12408],[-85.3031,35.12496],[-85.3054,35.12501],[-85.30755,35.12563],[-85.31003,35.12133],[-85.30617,35.11991],[-85.30069,35.11992],[-85.30648,35.11365],[-85.30793,35.11292],[-85.31041,35.10881],[-85.31104,35.10838],[-85.31171,35.10777],[-85.31382,35.10551],[-85.31406,35.10554],[-85.31559,35.10543],[-85.31534,35.10356],[-85.31996,35.09862],[-85.32415,35.09341],[-85.3276,35.08748],[-85.32883,35.08832],[-85.32768,35.08696],[-85.32816,35.08701]],[[-85.24717,35.03313],[-85.24863,35.03023],[-85.24648,35.03004],[-85.24512,35.03275],[-85.24233,35.03514],[-85.24117,35.03793],[-85.24309,35.0379],[-85.24395,35.03631],[-85.24782,35.03706],[-85.24752,35.03762],[-85.24918,35.03834],[-85.24963,35.03761],[-85.24932,35.03747],[-85.24995,35.03669],[-85.25127,35.03738],[-85.25311,35.0356],[-85.25221,35.03494],[-85.24717,35.03313]],[[-85.09315,35.06156],[-85.09279,35.06143],[-85.09238,35.06222],[-85.09419,35.06283],[-85.09462,35.06206],[-85.09315,35.06156]]]}},{"type":"Feature","properties":{"name":"Clarksville Transit System Demand Response","boundary_type":"county","source":"Census TIGER county","fidelity":"approximate","updated":"2026-09","units":"Montgomery County","note":"Countywide demand-response serving areas outside fixed CTS routes","confidence":0.8},"geometry":{"type":"Polygon","coordinates":[[[-87.56493,36.63911],[-87.56305,36.63911],[-87.47568,36.64024],[-87.47546,36.64024],[-87.4609,36.64043],[-87.45163,36.64055],[-87.43651,36.64075],[-87.43633,36.64075],[-87.43632,36.64075],[-87.42621,36.64102],[-87.42501,36.64105],[-87.41431,36.64105],[-87.4143,36.64105],[-87.40945,36.64108],[-87.39835,36.64114],[-87.39349,36.64117],[-87.38628,36.64121],[-87.36276,36.64135],[-87.35587,36.64139],[-87.3478,36.64144],[-87.34766,36.64144],[-87.34413,36.64151],[-87.33923,36.64153],[-87.33598,36.64154],[-87.31495,36.64163],[-87.28559,36.64174],[-87.28151,36.64176],[-87.2784,36.64172],[-87.27522,36.64173],[-87.24836,36.64184],[-87.24765,36.64184],[-87.23104,36.64189],[-87.23053,36.64189],[-87.20356,36.64202],[-87.19796,36.64204],[-87.19776,36.64204],[-87.17438,36.64215],[-87.168,36.64218],[-87.15096,36.64225],[-87.11498,36.64241],[-87.11744,36.62812],[-87.12593,36.62899],[-87.12677,36.62144],[-87.13129,36.62199],[-87.12099,36.61354],[-87.12203,36.60937],[-87.12601,36.58998],[-87.12975,36.57228],[-87.13185,36.57314],[-87.13363,36.57279],[-87.13433,36.57056],[-87.13408,36.56901],[-87.13273,36.56652],[-87.13252,36.56372],[-87.13335,36.56276],[-87.13683,36.56312],[-87.14158,36.56518],[-87.14405,36.56712],[-87.14796,36.56854],[-87.14962,36.56859],[-87.15023,36.5677],[-87.15,36.56402],[-87.14779,36.56311],[-87.14195,36.56363],[-87.13796,36.56206],[-87.13709,36.55965],[-87.13737,36.55855],[-87.14127,36.55491],[-87.1399,36.55384],[-87.13569,36.55201],[-87.13264,36.55365],[-87.13158,36.55373],[-87.13104,36.55221],[-87.13181,36.54968],[-87.13144,36.54807],[-87.12967,36.54652],[-87.12651,36.54729],[-87.1223,36.54988],[-87.119,36.55039],[-87.11772,36.54964],[-87.11845,36.54775],[-87.12079,36.54508],[-87.12194,36.54247],[-87.12152,36.53998],[-87.12006,36.53881],[-87.11615,36.53921],[-87.11715,36.53291],[-87.11863,36.52367],[-87.11324,36.52305],[-87.11764,36.5105],[-87.12066,36.51094],[-87.12398,36.48857],[-87.125,36.48406],[-87.12753,36.46889],[-87.12868,36.46195],[-87.1196,36.46111],[-87.12044,36.45546],[-87.12269,36.45571],[-87.12577,36.45308],[-87.12803,36.45123],[-87.14703,36.44596],[-87.15025,36.44496],[-87.14971,36.44287],[-87.15025,36.4402],[-87.15006,36.43776],[-87.15164,36.43336],[-87.15145,36.43091],[-87.15224,36.42698],[-87.1512,36.4243],[-87.1486,36.42277],[-87.14839,36.4193],[-87.14949,36.41748],[-87.15097,36.41664],[-87.15789,36.41556],[-87.16273,36.4133],[-87.1637,36.41685],[-87.16304,36.41896],[-87.16324,36.42136],[-87.16433,36.42306],[-87.16735,36.42513],[-87.16671,36.42726],[-87.16795,36.42774],[-87.16872,36.42656],[-87.17131,36.42762],[-87.1748,36.42518],[-87.17955,36.424],[-87.17851,36.41982],[-87.17991,36.41808],[-87.17986,36.41704],[-87.18236,36.41279],[-87.18214,36.41146],[-87.17943,36.40973],[-87.17886,36.40822],[-87.1794,36.40661],[-87.18334,36.40651],[-87.193,36.40769],[-87.19561,36.40859],[-87.19721,36.41028],[-87.20081,36.41059],[-87.20058,36.4118],[-87.20517,36.41242],[-87.20397,36.41029],[-87.20562,36.40947],[-87.21506,36.39595],[-87.22185,36.39429],[-87.24999,36.37792],[-87.24889,36.37643],[-87.25392,36.37339],[-87.25488,36.37064],[-87.25453,36.36738],[-87.25508,36.36579],[-87.25685,36.36424],[-87.25542,36.3633],[-87.25656,36.36107],[-87.25982,36.35761],[-87.2634,36.35431],[-87.265,36.35375],[-87.26652,36.35631],[-87.26828,36.35581],[-87.27279,36.35335],[-87.27551,36.35327],[-87.27693,36.3558],[-87.27878,36.35544],[-87.28053,36.35448],[-87.28007,36.35339],[-87.28124,36.35279],[-87.2802,36.35113],[-87.27984,36.34857],[-87.28196,36.34287],[-87.2865,36.32193],[-87.28637,36.32008],[-87.29041,36.31749],[-87.29457,36.3171],[-87.29641,36.31775],[-87.29871,36.31715],[-87.30013,36.31421],[-87.30313,36.31244],[-87.3057,36.31385],[-87.30517,36.31925],[-87.31501,36.32165],[-87.31473,36.31732],[-87.31555,36.31524],[-87.31727,36.31497],[-87.31939,36.31621],[-87.32186,36.31639],[-87.32094,36.32318],[-87.32596,36.32358],[-87.3272,36.31593],[-87.3591,36.31916],[-87.36544,36.31981],[-87.36609,36.32349],[-87.36893,36.32351],[-87.36892,36.322],[-87.37224,36.32209],[-87.3724,36.32123],[-87.37217,36.32058],[-87.37553,36.32095],[-87.43417,36.32683],[-87.48654,36.33192],[-87.49796,36.33299],[-87.5054,36.33399],[-87.51353,36.33471],[-87.58696,36.34178],[-87.58795,36.34712],[-87.59236,36.36766],[-87.6026,36.41898],[-87.60374,36.42528],[-87.60342,36.4259],[-87.62607,36.54282],[-87.62611,36.54305],[-87.64115,36.63804],[-87.56493,36.63911]]]}},{"type":"Feature","properties":{"name":"Groove On-Demand","boundary_type":"city","source":"Census TIGER place","fidelity":"approximate","updated":"2026-09","units":"Memphis city","note":"Service covers multiple zones within Memphis (Downtown, Medical District, South City, New Chicago); exact boundaries not specified","confidence":0.8},"geometry":{"type":"Polygon","coordinates":[[[-90.18484,35.01593],[-90.18496,35.02174],[-90.18448,35.02822],[-90.18463,35.03528],[-90.17931,35.03523],[-90.17322,35.04222],[-90.17436,35.05059],[-90.1752,35.05207],[-90.17888,35.05568],[-90.18054,35.05566],[-90.17761,35.06384],[-90.17676,35.06974],[-90.175,35.07606],[-90.17599,35.07712],[-90.17851,35.07981],[-90.18099,35.08499],[-90.18137,35.09401],[-90.17684,35.11209],[-90.1729,35.11806],[-90.17233,35.11891],[-90.16791,35.12307],[-90.16736,35.12358],[-90.1547,35.13092],[-90.15068,35.13248],[-90.1418,35.13304],[-90.1291,35.12847],[-90.10684,35.11944],[-90.09501,35.11753],[-90.08967,35.11805],[-90.08663,35.11947],[-90.08262,35.12133],[-90.07536,35.1273],[-90.07503,35.12758],[-90.07302,35.12923],[-90.06655,35.13684],[-90.06571,35.1384],[-90.06518,35.1394],[-90.06463,35.14187],[-90.06401,35.14463],[-90.06538,35.15138],[-90.06653,35.15299],[-90.06663,35.15314],[-90.06693,35.15355],[-90.06867,35.156],[-90.06882,35.15605],[-90.06902,35.16036],[-90.07102,35.16864],[-90.07106,35.16895],[-90.07281,35.1745],[-90.07381,35.17864],[-90.07493,35.18665],[-90.07515,35.19024],[-90.0745,35.19985],[-90.07391,35.20335],[-90.07057,35.20522],[-90.06326,35.21077],[-90.06123,35.2122],[-90.05767,35.21456],[-90.04595,35.21436],[-90.04591,35.21596],[-90.04571,35.21823],[-90.04099,35.21814],[-90.04068,35.22585],[-90.03732,35.22632],[-90.03584,35.22745],[-90.02761,35.22735],[-90.02218,35.22684],[-90.01405,35.23629],[-90.01596,35.23768],[-90.0145,35.23851],[-90.01764,35.24253],[-90.01732,35.24909],[-90.02108,35.24919],[-90.02419,35.25169],[-90.02217,35.25739],[-90.02124,35.2586],[-90.01731,35.25838],[-90.01478,35.25954],[-90.01405,35.25452],[-90.01415,35.25028],[-90.01246,35.24895],[-90.01283,35.24251],[-90.01214,35.23985],[-90.01139,35.23941],[-90.00845,35.24285],[-89.99401,35.2597],[-89.99312,35.2593],[-89.99475,35.25676],[-89.99455,35.25583],[-89.99257,35.2553],[-89.99126,35.25402],[-89.99055,35.25421],[-89.99066,35.25567],[-89.98802,35.25607],[-89.98909,35.25738],[-89.98817,35.25894],[-89.98652,35.25966],[-89.98523,35.25959],[-89.98566,35.26081],[-89.98371,35.26168],[-89.97802,35.26183],[-89.97778,35.26142],[-89.97678,35.25791],[-89.97632,35.25773],[-89.97508,35.25777],[-89.97477,35.25766],[-89.97463,35.25739],[-89.97504,35.25691],[-89.97526,35.25603],[-89.97539,35.25528],[-89.97687,35.2543],[-89.97673,35.25331],[-89.97477,35.25211],[-89.97435,35.25204],[-89.97312,35.25289],[-89.97177,35.25298],[-89.96917,35.25285],[-89.969,35.25424],[-89.96876,35.25447],[-89.96491,35.2582],[-89.96214,35.25864],[-89.93064,35.26291],[-89.92943,35.26294],[-89.92661,35.26396],[-89.9262,35.26294],[-89.92315,35.26309],[-89.92429,35.26132],[-89.92559,35.26096],[-89.9239,35.25952],[-89.92515,35.25768],[-89.92353,35.25705],[-89.92442,35.24935],[-89.92384,35.24933],[-89.92416,35.24713],[-89.92238,35.24713],[-89.92281,35.24305],[-89.91453,35.24287],[-89.91285,35.24284],[-89.91209,35.24283],[-89.91196,35.23688],[-89.90516,35.23669],[-89.90415,35.2327],[-89.9033,35.23162],[-89.90105,35.23168],[-89.90039,35.23027],[-89.89612,35.2347],[-89.89739,35.23717],[-89.89758,35.238],[-89.89742,35.24251],[-89.89711,35.24277],[-89.89713,35.24251],[-89.88832,35.2422],[-89.88787,35.2422],[-89.88775,35.24241],[-89.88704,35.24237],[-89.8852,35.24232],[-89.88475,35.24224],[-89.88475,35.2421],[-89.88263,35.24151],[-89.88031,35.24139],[-89.8821,35.24008],[-89.88425,35.23734],[-89.88722,35.23513],[-89.88487,35.23507],[-89.88681,35.23098],[-89.88813,35.22943],[-89.88526,35.22934],[-89.88532,35.22648],[-89.8816,35.22639],[-89.88206,35.22553],[-89.88239,35.22433],[-89.88263,35.2233],[-89.88294,35.22085],[-89.88319,35.21722],[-89.88267,35.21616],[-89.88074,35.21427],[-89.88042,35.21322],[-89.88043,35.21147],[-89.8852,35.21153],[-89.88487,35.21071],[-89.88746,35.21071],[-89.88761,35.20626],[-89.88523,35.2057],[-89.88068,35.20513],[-89.8791,35.20503],[-89.87911,35.20487],[-89.87891,35.19567],[-89.87973,35.195],[-89.8796,35.19329],[-89.87962,35.19221],[-89.8798,35.18832],[-89.87984,35.18807],[-89.86927,35.18794],[-89.86133,35.18787],[-89.86137,35.18728],[-89.8523,35.18787],[-89.84988,35.1903],[-89.84746,35.19264],[-89.84734,35.19256],[-89.84706,35.19283],[-89.84661,35.19257],[-89.84692,35.19228],[-89.84609,35.19167],[-89.84515,35.19387],[-89.83895,35.19995],[-89.83352,35.20524],[-89.83348,35.20535],[-89.82447,35.20416],[-89.82183,35.2039],[-89.82101,35.20394],[-89.8148,35.20479],[-89.80853,35.20472],[-89.80417,35.20468],[-89.79575,35.20502],[-89.79201,35.20467],[-89.78017,35.20458],[-89.77769,35.2048],[-89.77553,35.20475],[-89.77555,35.2044],[-89.77323,35.20402],[-89.77249,35.2044],[-89.77243,35.20442],[-89.7709,35.20444],[-89.76046,35.20454],[-89.74983,35.20471],[-89.74626,35.20462],[-89.74287,35.20464],[-89.73279,35.20577],[-89.72484,35.20602],[-89.72064,35.2053],[-89.7181,35.20521],[-89.712,35.20559],[-89.70458,35.20627],[-89.69919,35.20652],[-89.69919,35.20627],[-89.71291,35.20522],[-89.72028,35.20506],[-89.72088,35.18894],[-89.72083,35.18864],[-89.72077,35.18664],[-89.72308,35.18618],[-89.72309,35.18513],[-89.72565,35.18317],[-89.72557,35.18438],[-89.72608,35.18757],[-89.72902,35.1871],[-89.73029,35.18647],[-89.73421,35.18643],[-89.73668,35.18788],[-89.73735,35.19112],[-89.74027,35.19676],[-89.75194,35.19669],[-89.75333,35.19718],[-89.75471,35.19912],[-89.7548,35.19652],[-89.75549,35.19654],[-89.75548,35.19327],[-89.75632,35.19147],[-89.76188,35.18951],[-89.76172,35.18915],[-89.75902,35.18564],[-89.75606,35.18429],[-89.7561,35.18294],[-89.75618,35.18042],[-89.75658,35.17738],[-89.75653,35.17584],[-89.74855,35.17579],[-89.74863,35.17324],[-89.7566,35.17326],[-89.75661,35.17297],[-89.75841,35.17297],[-89.75833,35.17503],[-89.7613,35.17511],[-89.76137,35.17295],[-89.76256,35.17408],[-89.7657,35.17308],[-89.76525,35.17182],[-89.76727,35.17163],[-89.76739,35.17056],[-89.76419,35.16929],[-89.76482,35.16845],[-89.7649,35.16453],[-89.7633,35.16332],[-89.76476,35.16235],[-89.76794,35.15957],[-89.77111,35.15888],[-89.77105,35.1572],[-89.76213,35.15974],[-89.76163,35.15982],[-89.7613,35.15736],[-89.75976,35.15738],[-89.75948,35.15288],[-89.76064,35.15369],[-89.76173,35.15254],[-89.76187,35.14952],[-89.76222,35.14953],[-89.7624,35.14227],[-89.76352,35.14039],[-89.76312,35.13356],[-89.76125,35.12998],[-89.76101,35.12867],[-89.76713,35.1279],[-89.76791,35.1278],[-89.76996,35.12756],[-89.77006,35.12647],[-89.7679,35.12741],[-89.76086,35.12808],[-89.7589,35.12823],[-89.75873,35.1287],[-89.75293,35.12311],[-89.75889,35.12333],[-89.75929,35.12066],[-89.75967,35.12007],[-89.74942,35.11921],[-89.74948,35.11657],[-89.7529,35.11502],[-89.75117,35.11297],[-89.74995,35.11293],[-89.74989,35.10563],[-89.75215,35.10511],[-89.76109,35.10337],[-89.76273,35.10304],[-89.76348,35.10322],[-89.77646,35.10545],[-89.77961,35.10669],[-89.78666,35.10962],[-89.79211,35.11195],[-89.79644,35.11594],[-89.80097,35.11691],[-89.80294,35.11731],[-89.80526,35.11648],[-89.80836,35.11616],[-89.81916,35.11816],[-89.82088,35.11832],[-89.83333,35.12095],[-89.83401,35.11859],[-89.83405,35.1175],[-89.8341,35.11557],[-89.83438,35.10618],[-89.83599,35.10479],[-89.83603,35.10142],[-89.83608,35.09785],[-89.83929,35.09824],[-89.84557,35.09932],[-89.84544,35.09718],[-89.84313,35.09656],[-89.83027,35.09471],[-89.83048,35.08759],[-89.8307,35.08284],[-89.82951,35.0828],[-89.82893,35.0828],[-89.82909,35.07769],[-89.82813,35.07767],[-89.82844,35.06674],[-89.82549,35.06719],[-89.82523,35.06653],[-89.82489,35.06622],[-89.82402,35.06647],[-89.82285,35.06652],[-89.82204,35.06737],[-89.8183,35.06783],[-89.81756,35.06809],[-89.81616,35.06804],[-89.81244,35.06809],[-89.81249,35.06708],[-89.81251,35.0666],[-89.80308,35.0665],[-89.80266,35.06649],[-89.8027,35.06418],[-89.8027,35.06406],[-89.7952,35.06349],[-89.79319,35.06375],[-89.79306,35.06375],[-89.78528,35.06355],[-89.78399,35.06297],[-89.77823,35.06178],[-89.77445,35.06134],[-89.77056,35.06174],[-89.77062,35.05683],[-89.76458,35.05682],[-89.76394,35.05176],[-89.76769,35.05089],[-89.76627,35.04974],[-89.76631,35.04781],[-89.7664,35.04441],[-89.76799,35.04443],[-89.77005,35.04446],[-89.77168,35.04661],[-89.77242,35.04717],[-89.77613,35.04773],[-89.78304,35.04785],[-89.78301,35.0462],[-89.78649,35.04627],[-89.78679,35.04203],[-89.78419,35.04035],[-89.78401,35.039],[-89.78187,35.03506],[-89.78176,35.03377],[-89.79591,35.03971],[-89.79595,35.04489],[-89.7985,35.04518],[-89.79778,35.04756],[-89.80801,35.04895],[-89.80825,35.04529],[-89.80895,35.04539],[-89.81159,35.04629],[-89.81322,35.04681],[-89.81337,35.04489],[-89.81365,35.04204],[-89.81352,35.04055],[-89.81345,35.04004],[-89.81347,35.0383],[-89.81345,35.03502],[-89.81404,35.03502],[-89.82225,35.0348],[-89.82226,35.03341],[-89.82225,35.03242],[-89.82225,35.02796],[-89.82406,35.0272],[-89.82663,35.02597],[-89.82655,35.02039],[-89.8267,35.0189],[-89.8294,35.01736],[-89.83084,35.01591],[-89.8311,35.01295],[-89.83376,35.01355],[-89.83967,35.01354],[-89.83978,35.01314],[-89.84846,35.01305],[-89.84865,35.01345],[-89.84858,35.00582],[-89.84845,35.00379],[-89.85412,35.00378],[-89.85449,35.00227],[-89.85337,35.00221],[-89.85316,34.99827],[-89.84841,34.9983],[-89.84838,34.99419],[-89.84849,34.99419],[-89.8618,34.99422],[-89.87134,34.99424],[-89.87831,34.99425],[-89.88336,34.99426],[-89.8934,34.99436],[-89.90146,34.99438],[-89.91888,34.99444],[-89.91904,34.99444],[-89.93675,34.9945],[-89.93676,34.9945],[-89.9559,34.99456],[-89.9722,34.99461],[-89.9899,34.99467],[-89.98991,34.99467],[-90.00226,34.99471],[-90.00254,34.99471],[-90.00814,34.99473],[-90.00815,34.99473],[-90.02502,34.99478],[-90.02507,34.99478],[-90.03131,34.9948],[-90.03133,34.9948],[-90.04304,34.99484],[-90.06078,34.9949],[-90.09634,34.99501],[-90.12695,34.99511],[-90.12735,34.99511],[-90.12761,34.99511],[-90.13745,34.99514],[-90.13766,34.99514],[-90.13644,34.99894],[-90.13555,35.00607],[-90.14645,35.00601],[-90.14816,35.00706],[-90.1491,35.00874],[-90.14911,35.01053],[-90.1592,35.0109],[-90.16708,35.01174],[-90.16909,35.00765],[-90.17169,35.00695],[-90.17469,35.00905],[-90.18469,35.00864],[-90.18473,35.01196],[-90.1865,35.01337],[-90.18644,35.01568],[-90.18484,35.01593]],[[-89.83711,35.15161],[-89.81955,35.1481],[-89.81796,35.14797],[-89.81389,35.14829],[-89.81397,35.15068],[-89.81128,35.15058],[-89.81109,35.15517],[-89.80856,35.15495],[-89.80872,35.15048],[-89.80637,35.15034],[-89.80617,35.15584],[-89.80409,35.15547],[-89.80292,35.15886],[-89.80624,35.15942],[-89.8086,35.16122],[-89.81203,35.16304],[-89.81198,35.16312],[-89.81081,35.16616],[-89.81209,35.16908],[-89.81205,35.17136],[-89.81341,35.1718],[-89.81464,35.17205],[-89.8147,35.17181],[-89.81491,35.17211],[-89.81253,35.18198],[-89.81349,35.18417],[-89.81509,35.18424],[-89.8329,35.17634],[-89.83601,35.17434],[-89.8365,35.17351],[-89.83665,35.17142],[-89.83684,35.16638],[-89.83711,35.15792],[-89.83711,35.15657],[-89.83711,35.15161]],[[-89.77136,35.122],[-89.77111,35.12602],[-89.77073,35.12747],[-89.77133,35.12744],[-89.77569,35.12766],[-89.77608,35.12439],[-89.77592,35.12212],[-89.77136,35.122]]]}},{"type":"Feature","properties":{"name":"katConnect","boundary_type":"city","source":"Census TIGER place","fidelity":"approximate","updated":"2026-09","units":"Knoxville city","note":"Service limited to North Knoxville area (apartment complexes: Holston Ridge, Cassell Ridge, Elk Hill Way)","confidence":0.7},"geometry":{"type":"MultiPolygon","coordinates":[[[[-84.08589,35.89282],[-84.08282,35.89404],[-84.07866,35.89452],[-84.07532,35.89561],[-84.07109,35.89622],[-84.06878,35.89382],[-84.06804,35.89136],[-84.07134,35.89319],[-84.07203,35.89131],[-84.07425,35.89002],[-84.07652,35.89303],[-84.07374,35.89105],[-84.07282,35.89204],[-84.07371,35.89278],[-84.07246,35.89391],[-84.07252,35.8953],[-84.07512,35.89536],[-84.07908,35.89288],[-84.08008,35.89092],[-84.08069,35.89067],[-84.0786,35.88918],[-84.07623,35.88872],[-84.0814,35.88548],[-84.08301,35.88727],[-84.08558,35.88696],[-84.08803,35.88787],[-84.08782,35.88854],[-84.08507,35.89019],[-84.0838,35.88979],[-84.08566,35.88824],[-84.08426,35.88786],[-84.08257,35.88905],[-84.08175,35.88668],[-84.07995,35.88745],[-84.08186,35.88989],[-84.08337,35.88963],[-84.08255,35.89083],[-84.08362,35.8914],[-84.08457,35.89332],[-84.08571,35.89285],[-84.08742,35.89006],[-84.0896,35.88888],[-84.0877,35.89073],[-84.08828,35.89138],[-84.08589,35.89282]],[[-84.08022,35.8912],[-84.07971,35.8932],[-84.08231,35.89343],[-84.0813,35.89124],[-84.08054,35.89121],[-84.08022,35.8912]]],[[[-84.15433,35.9043],[-84.14755,35.90596],[-84.14615,35.90693],[-84.14611,35.90689],[-84.14565,35.90826],[-84.14494,35.90877],[-84.14371,35.90787],[-84.14258,35.90845],[-84.14345,35.90957],[-84.14213,35.91032],[-84.13935,35.91032],[-84.13946,35.90882],[-84.13649,35.90903],[-84.13446,35.90894],[-84.13316,35.90993],[-84.13294,35.90927],[-84.13158,35.90957],[-84.13211,35.91036],[-84.12944,35.91076],[-84.1289,35.91025],[-84.12586,35.91083],[-84.12588,35.91094],[-84.1259,35.91104],[-84.12625,35.91096],[-84.12731,35.91072],[-84.12745,35.91147],[-84.12768,35.91385],[-84.12853,35.91457],[-84.12685,35.91637],[-84.13136,35.91607],[-84.13201,35.91798],[-84.13029,35.91838],[-84.12935,35.91905],[-84.13038,35.91996],[-84.13233,35.91886],[-84.13549,35.92157],[-84.13408,35.92341],[-84.13304,35.92309],[-84.13217,35.92424],[-84.13133,35.92528],[-84.13029,35.92691],[-84.12982,35.92757],[-84.12888,35.92797],[-84.12698,35.92857],[-84.12627,35.92875],[-84.12448,35.92917],[-84.12249,35.92866],[-84.12387,35.92653],[-84.12492,35.92661],[-84.12598,35.92398],[-84.12558,35.92325],[-84.1205,35.92393],[-84.11833,35.92495],[-84.11734,35.92449],[-84.11494,35.92494],[-84.11584,35.92764],[-84.11341,35.92688],[-84.11355,35.9252],[-84.11188,35.92546],[-84.11166,35.92348],[-84.10956,35.92355],[-84.11096,35.92684],[-84.11033,35.92739],[-84.10712,35.92728],[-84.10719,35.92602],[-84.10298,35.92625],[-84.1018,35.92706],[-84.10171,35.92429],[-84.09963,35.92392],[-84.09845,35.92521],[-84.09523,35.92546],[-84.09394,35.92396],[-84.09554,35.92282],[-84.09348,35.92325],[-84.09272,35.92196],[-84.09039,35.92299],[-84.08972,35.92154],[-84.08841,35.9244],[-84.08911,35.92656],[-84.08765,35.9267],[-84.08879,35.92729],[-84.09169,35.92638],[-84.09431,35.92645],[-84.09454,35.92798],[-84.09492,35.93088],[-84.09287,35.93277],[-84.09205,35.93141],[-84.09134,35.93113],[-84.0895,35.93165],[-84.08864,35.92959],[-84.08796,35.92972],[-84.08845,35.92898],[-84.08721,35.92672],[-84.08473,35.92457],[-84.08692,35.92366],[-84.07906,35.92645],[-84.07747,35.92494],[-84.07283,35.92579],[-84.07223,35.92529],[-84.06953,35.92322],[-84.06604,35.92471],[-84.06558,35.92674],[-84.06037,35.92945],[-84.06087,35.92995],[-84.06109,35.92999],[-84.06279,35.93167],[-84.06289,35.93263],[-84.06342,35.93269],[-84.06405,35.93263],[-84.06331,35.93559],[-84.06195,35.93526],[-84.05999,35.93804],[-84.05968,35.93986],[-84.06042,35.9413],[-84.06133,35.94134],[-84.06133,35.94186],[-84.06183,35.942],[-84.06322,35.94263],[-84.06397,35.94286],[-84.06442,35.94312],[-84.06527,35.94327],[-84.06683,35.94336],[-84.06936,35.94372],[-84.0699,35.94383],[-84.07402,35.94455],[-84.074,35.94462],[-84.07414,35.94465],[-84.0743,35.94469],[-84.07347,35.94607],[-84.07276,35.94458],[-84.07001,35.94411],[-84.06435,35.94338],[-84.0635,35.94298],[-84.06064,35.94206],[-84.06338,35.94392],[-84.06094,35.94289],[-84.06036,35.94328],[-84.05919,35.94385],[-84.06045,35.94529],[-84.05698,35.9467],[-84.05652,35.94526],[-84.05476,35.94677],[-84.05364,35.94851],[-84.05477,35.95019],[-84.05691,35.95576],[-84.0573,35.95566],[-84.05969,35.95817],[-84.06007,35.95956],[-84.05936,35.95988],[-84.05894,35.96315],[-84.05774,35.96397],[-84.06413,35.96765],[-84.06201,35.9689],[-84.05742,35.96805],[-84.05583,35.96865],[-84.05441,35.97031],[-84.05462,35.97147],[-84.05212,35.9724],[-84.04585,35.96704],[-84.0413,35.97063],[-84.04197,35.97201],[-84.04569,35.96937],[-84.04822,35.97159],[-84.04578,35.97222],[-84.04888,35.975],[-84.04819,35.9756],[-84.04978,35.97702],[-84.04783,35.97798],[-84.04429,35.97568],[-84.04426,35.97386],[-84.04312,35.97421],[-84.04352,35.97506],[-84.039,35.97786],[-84.03706,35.97778],[-84.03592,35.97685],[-84.03431,35.97756],[-84.03162,35.97825],[-84.03229,35.98003],[-84.03468,35.98613],[-84.03598,35.98667],[-84.03763,35.9872],[-84.04264,35.98781],[-84.04571,35.98825],[-84.04539,35.98882],[-84.04374,35.98992],[-84.04164,35.99117],[-84.04127,35.99137],[-84.04287,35.99266],[-84.04422,35.99179],[-84.05015,35.99826],[-84.0451,36.00133],[-84.04179,35.9997],[-84.03842,35.99643],[-84.04098,35.99477],[-84.03925,35.99261],[-84.03975,35.99222],[-84.04406,35.98967],[-84.04442,35.98933],[-84.04539,35.98833],[-84.04483,35.98833],[-84.04225,35.98808],[-84.03738,35.98747],[-84.03652,35.9872],[-84.03489,35.98933],[-84.03331,35.98851],[-84.03282,35.98881],[-84.03248,35.99049],[-84.03203,35.9903],[-84.03214,35.99012],[-84.03154,35.98991],[-84.03139,35.99015],[-84.02822,35.98963],[-84.0282,35.98966],[-84.02708,35.99222],[-84.02562,35.9936],[-84.02481,35.99377],[-84.02383,35.99311],[-84.02205,35.99349],[-84.02296,35.99491],[-84.01758,35.99778],[-84.01843,35.99871],[-84.01729,35.9986],[-84.01323,36.00158],[-84.00834,36.0057],[-84.01019,36.00736],[-84.01193,36.00759],[-84.01215,36.00707],[-84.01749,36.00618],[-84.01897,36.00557],[-84.01851,36.00432],[-84.02094,36.00303],[-84.01959,36.00173],[-84.02044,36.00123],[-84.0187,35.99964],[-84.01957,35.99898],[-84.02386,36.00239],[-84.02911,36.00609],[-84.02789,36.00712],[-84.02755,36.00738],[-84.02371,36.00949],[-84.02532,36.01221],[-84.02295,36.01009],[-84.01947,36.01308],[-84.02155,36.0147],[-84.02018,36.01599],[-84.01094,36.02119],[-84.008,36.01853],[-84.00632,36.01966],[-84.00891,36.02206],[-84.00659,36.0234],[-84.00368,36.02145],[-84.00595,36.02388],[-84.00294,36.02622],[-84.00277,36.02958],[-83.99947,36.02991],[-84.00006,36.03285],[-83.9979,36.03517],[-83.99691,36.04004],[-84.00037,36.04406],[-84.00618,36.03975],[-84.00861,36.04287],[-84.00792,36.04354],[-84.00371,36.04667],[-84.00196,36.04767],[-84.00314,36.052],[-84.00535,36.05542],[-84.00475,36.05562],[-84.00058,36.05089],[-83.99824,36.052],[-83.99837,36.0497],[-83.99708,36.05099],[-83.99616,36.05017],[-83.99267,36.05122],[-83.99355,36.05193],[-83.99205,36.05249],[-83.99062,36.05334],[-83.98981,36.05264],[-83.99084,36.05183],[-83.99263,36.05113],[-83.99094,36.04954],[-83.99461,36.04847],[-83.99658,36.04713],[-83.99219,36.04244],[-83.99305,36.04154],[-83.99587,36.0401],[-83.996,36.03804],[-83.99794,36.03298],[-83.99432,36.03078],[-83.9893,36.02905],[-83.98838,36.02863],[-83.98403,36.02586],[-83.9766,36.02083],[-83.9761,36.02091],[-83.97616,36.02167],[-83.97587,36.02273],[-83.97311,36.02551],[-83.97338,36.02695],[-83.97703,36.0243],[-83.97868,36.02586],[-83.97851,36.02859],[-83.98095,36.03092],[-83.97536,36.03268],[-83.97274,36.03407],[-83.96953,36.03435],[-83.96986,36.03366],[-83.96302,36.03682],[-83.95816,36.03912],[-83.95534,36.04148],[-83.95314,36.04301],[-83.95163,36.04384],[-83.95552,36.05156],[-83.95347,36.05259],[-83.95275,36.05341],[-83.95125,36.05457],[-83.9499,36.05287],[-83.94971,36.05127],[-83.94627,36.04663],[-83.94619,36.04666],[-83.94617,36.04601],[-83.94658,36.04516],[-83.93922,36.04931],[-83.93412,36.05171],[-83.93446,36.05218],[-83.93221,36.05382],[-83.93098,36.05349],[-83.92961,36.05539],[-83.92452,36.0559],[-83.92457,36.058],[-83.92452,36.06048],[-83.92454,36.0622],[-83.92486,36.06359],[-83.92396,36.06306],[-83.92302,36.06237],[-83.92418,36.06218],[-83.92407,36.05806],[-83.924,36.05616],[-83.92305,36.05817],[-83.92089,36.05942],[-83.92017,36.05797],[-83.91391,36.05911],[-83.91515,36.05989],[-83.90916,36.06254],[-83.90831,36.06111],[-83.90401,36.06377],[-83.90444,36.06482],[-83.90266,36.06452],[-83.89997,36.06594],[-83.89954,36.06697],[-83.89699,36.06723],[-83.89703,36.0671],[-83.89938,36.06542],[-83.90216,36.0645],[-83.90189,36.06407],[-83.90196,36.06361],[-83.90668,36.06027],[-83.90633,36.05983],[-83.90813,36.05769],[-83.90568,36.05898],[-83.90476,36.05803],[-83.90465,36.05682],[-83.90397,36.05633],[-83.89991,36.05615],[-83.89755,36.05744],[-83.89709,36.0569],[-83.90006,36.05597],[-83.90442,36.05633],[-83.90562,36.05741],[-83.90575,36.05304],[-83.90506,36.05156],[-83.90329,36.05301],[-83.90221,36.05236],[-83.90336,36.05042],[-83.9045,36.05035],[-83.90282,36.04662],[-83.89611,36.05181],[-83.89267,36.0552],[-83.89146,36.05822],[-83.8866,36.06204],[-83.88572,36.06532],[-83.88527,36.06592],[-83.88404,36.06688],[-83.88398,36.06681],[-83.88475,36.06613],[-83.88535,36.0655],[-83.88561,36.06484],[-83.88566,36.06422],[-83.88579,36.06352],[-83.88648,36.06182],[-83.8909,36.05854],[-83.89253,36.05506],[-83.89531,36.05229],[-83.90062,36.04791],[-83.90131,36.04743],[-83.897,36.04226],[-83.89864,36.04102],[-83.89706,36.03964],[-83.90221,36.03471],[-83.90284,36.03372],[-83.90188,36.03223],[-83.89745,36.03195],[-83.89304,36.03317],[-83.89435,36.03613],[-83.89261,36.03357],[-83.89124,36.03466],[-83.89203,36.03598],[-83.89017,36.03709],[-83.8855,36.03854],[-83.88259,36.03859],[-83.88143,36.03945],[-83.88442,36.04178],[-83.8868,36.04036],[-83.88937,36.04386],[-83.8915,36.04551],[-83.88565,36.04877],[-83.88402,36.04578],[-83.8822,36.04398],[-83.88013,36.04502],[-83.87865,36.04336],[-83.8773,36.04387],[-83.87631,36.04764],[-83.88135,36.04575],[-83.88293,36.04808],[-83.87773,36.05064],[-83.87786,36.05168],[-83.87546,36.05293],[-83.8749,36.05217],[-83.87331,36.05318],[-83.87182,36.05079],[-83.87605,36.04912],[-83.87594,36.04852],[-83.8764,36.04576],[-83.87663,36.04509],[-83.87729,36.04346],[-83.87725,36.04317],[-83.87594,36.04158],[-83.87529,36.04107],[-83.87683,36.04048],[-83.87351,36.04024],[-83.86822,36.03619],[-83.86523,36.03246],[-83.86608,36.03406],[-83.86337,36.03456],[-83.86348,36.03599],[-83.86129,36.03412],[-83.85786,36.0355],[-83.85577,36.03572],[-83.85527,36.03509],[-83.85578,36.03119],[-83.85444,36.03111],[-83.85379,36.02972],[-83.85417,36.02859],[-83.85881,36.02927],[-83.85889,36.02804],[-83.86107,36.02692],[-83.8581,36.02202],[-83.85611,36.02193],[-83.85715,36.02121],[-83.85734,36.02102],[-83.85692,36.02122],[-83.85345,36.0231],[-83.8531,36.02222],[-83.85077,36.02306],[-83.85078,36.02578],[-83.84931,36.02874],[-83.84693,36.03167],[-83.84451,36.03359],[-83.83937,36.03634],[-83.83684,36.0372],[-83.8324,36.03931],[-83.82765,36.04209],[-83.82567,36.04341],[-83.81639,36.04694],[-83.80887,36.04764],[-83.80538,36.04862],[-83.80284,36.04987],[-83.80285,36.0514],[-83.80158,36.0498],[-83.80555,36.04772],[-83.80733,36.04722],[-83.81164,36.0466],[-83.81282,36.04592],[-83.81197,36.04413],[-83.8133,36.04337],[-83.81491,36.04588],[-83.81788,36.04562],[-83.82465,36.04308],[-83.83145,36.0388],[-83.84011,36.03496],[-83.84062,36.0347],[-83.84295,36.03384],[-83.84662,36.03108],[-83.84964,36.02609],[-83.85089,36.02202],[-83.85058,36.02186],[-83.85024,36.02197],[-83.84881,36.02278],[-83.84609,36.02339],[-83.84612,36.02297],[-83.84415,36.02292],[-83.84418,36.02344],[-83.84343,36.02356],[-83.84276,36.02415],[-83.84292,36.02475],[-83.84188,36.02544],[-83.84197,36.02545],[-83.84138,36.02584],[-83.83464,36.02647],[-83.82609,36.02801],[-83.82344,36.02886],[-83.81919,36.03107],[-83.81603,36.03193],[-83.8101,36.03134],[-83.80839,36.03177],[-83.80736,36.03357],[-83.81028,36.03276],[-83.81256,36.03337],[-83.81344,36.03473],[-83.81023,36.03743],[-83.80723,36.03643],[-83.80629,36.03997],[-83.80459,36.04055],[-83.80574,36.03925],[-83.80641,36.03649],[-83.80653,36.03358],[-83.80751,36.0314],[-83.80904,36.0306],[-83.81531,36.03114],[-83.81738,36.03101],[-83.81884,36.03019],[-83.81924,36.02879],[-83.8184,36.02501],[-83.8191,36.02307],[-83.82076,36.02199],[-83.8247,36.02272],[-83.83007,36.02123],[-83.83219,36.01911],[-83.83182,36.01756],[-83.83016,36.01542],[-83.8273,36.01655],[-83.8268,36.01843],[-83.82481,36.01924],[-83.82496,36.01716],[-83.81525,36.01811],[-83.81557,36.01879],[-83.81237,36.01903],[-83.80761,36.01995],[-83.80347,36.02085],[-83.80183,36.02078],[-83.79763,36.02004],[-83.79556,36.0203],[-83.79274,36.0217],[-83.79148,36.02029],[-83.77653,36.02203],[-83.77371,36.0219],[-83.77297,36.02073],[-83.77635,36.02056],[-83.77591,36.01865],[-83.77904,36.01888],[-83.77898,36.01819],[-83.77606,36.01798],[-83.77608,36.01737],[-83.77797,36.01762],[-83.78012,36.01662],[-83.7822,36.01919],[-83.77966,36.0196],[-83.78004,36.02096],[-83.8083,36.01821],[-83.80843,36.01402],[-83.81132,36.01272],[-83.80992,36.01515],[-83.81186,36.01735],[-83.81413,36.01727],[-83.81881,36.01532],[-83.81949,36.01723],[-83.8205,36.01674],[-83.826,36.01631],[-83.82996,36.01489],[-83.82674,36.01009],[-83.82534,36.01012],[-83.82588,36.00889],[-83.8229,36.00976],[-83.8191,36.00976],[-83.80988,36.0074],[-83.80509,36.00726],[-83.80366,36.00642],[-83.79739,36.00568],[-83.78576,36.00397],[-83.78565,36.00472],[-83.7837,36.00455],[-83.77759,36.00337],[-83.77682,36.0041],[-83.77647,36.0072],[-83.77305,36.00697],[-83.77355,36.01095],[-83.77538,36.01276],[-83.77326,36.01302],[-83.77406,36.0147],[-83.77601,36.0153],[-83.77151,36.01512],[-83.7715,36.0132],[-83.76715,36.00899],[-83.76871,36.00803],[-83.76683,36.00463],[-83.75592,36.00567],[-83.74992,36.00578],[-83.74223,36.00467],[-83.73608,36.00292],[-83.72771,35.99952],[-83.72147,35.99801],[-83.71821,35.99912],[-83.71791,35.99759],[-83.71134,35.99714],[-83.70406,35.99717],[-83.70267,35.99738],[-83.69981,35.99889],[-83.70003,36.00035],[-83.6962,36.00091],[-83.69619,36.00378],[-83.69596,36.00085],[-83.69085,35.99988],[-83.68989,35.99659],[-83.68888,35.99432],[-83.69035,35.99308],[-83.69257,35.99363],[-83.69703,35.99097],[-83.69813,35.99242],[-83.69828,35.99239],[-83.69937,35.99408],[-83.69947,35.99468],[-83.70237,35.996],[-83.70619,35.99629],[-83.71063,35.99589],[-83.71062,35.99625],[-83.71759,35.99649],[-83.7178,35.99569],[-83.72317,35.99424],[-83.72224,35.99723],[-83.72684,35.99836],[-83.73803,36.00254],[-83.74552,36.00439],[-83.74954,36.00471],[-83.75594,36.0046],[-83.76855,36.00313],[-83.76946,35.994],[-83.77312,35.99787],[-83.77412,35.99725],[-83.77648,35.99977],[-83.77809,35.99953],[-83.77693,35.99819],[-83.77769,35.99689],[-83.77398,35.99367],[-83.77496,35.99293],[-83.77836,35.99589],[-83.77967,35.99505],[-83.77955,35.99102],[-83.78232,35.99199],[-83.783,35.99427],[-83.78386,35.99438],[-83.78427,35.99385],[-83.78504,35.99478],[-83.78998,35.99463],[-83.78968,35.99766],[-83.78444,35.99725],[-83.78404,36.00137],[-83.78598,36.00202],[-83.78588,36.00278],[-83.81073,36.00665],[-83.8186,36.00884],[-83.82213,36.00929],[-83.82558,36.00844],[-83.82291,36.00373],[-83.82301,36.00103],[-83.82381,35.99912],[-83.82612,35.99731],[-83.83013,35.99714],[-83.83184,35.99581],[-83.83362,35.99032],[-83.83509,35.98877],[-83.8417,35.98718],[-83.84508,35.98835],[-83.85098,35.98926],[-83.8544,35.98853],[-83.85583,35.98723],[-83.85713,35.98458],[-83.8562,35.98449],[-83.85721,35.98408],[-83.85663,35.98126],[-83.85466,35.97892],[-83.85016,35.97011],[-83.85059,35.96716],[-83.8495,35.96162],[-83.84947,35.96036],[-83.84938,35.95977],[-83.84572,35.95947],[-83.84295,35.95725],[-83.84327,35.95457],[-83.8445,35.95335],[-83.84575,35.9491],[-83.84438,35.94572],[-83.8412,35.94324],[-83.83938,35.9412],[-83.83684,35.93958],[-83.836,35.94105],[-83.83367,35.94064],[-83.8328,35.93939],[-83.83019,35.93995],[-83.82162,35.94074],[-83.81953,35.94157],[-83.82146,35.94134],[-83.82128,35.94276],[-83.81982,35.94264],[-83.81864,35.94149],[-83.81587,35.94325],[-83.81378,35.94752],[-83.81301,35.94993],[-83.81066,35.95282],[-83.81671,35.9564],[-83.82016,35.95892],[-83.82462,35.96172],[-83.82465,35.9624],[-83.82242,35.96207],[-83.82335,35.9612],[-83.81875,35.95841],[-83.81585,35.95623],[-83.80989,35.95309],[-83.80943,35.95262],[-83.81061,35.95075],[-83.81163,35.94726],[-83.81249,35.94655],[-83.81437,35.94256],[-83.81667,35.94114],[-83.82304,35.9393],[-83.82487,35.93935],[-83.83269,35.9381],[-83.837,35.93839],[-83.83914,35.93972],[-83.84419,35.93657],[-83.84589,35.93497],[-83.84868,35.93392],[-83.84866,35.93686],[-83.85105,35.93641],[-83.85125,35.93728],[-83.84885,35.93937],[-83.8532,35.93774],[-83.85307,35.94178],[-83.85678,35.945],[-83.8576,35.94973],[-83.85981,35.95032],[-83.86132,35.95252],[-83.85921,35.95279],[-83.8593,35.95386],[-83.86487,35.95098],[-83.86922,35.94711],[-83.86968,35.946],[-83.86771,35.94377],[-83.87088,35.94106],[-83.87015,35.94113],[-83.86856,35.93886],[-83.86663,35.93796],[-83.86786,35.93669],[-83.86598,35.93556],[-83.865,35.93416],[-83.86549,35.93377],[-83.86395,35.93274],[-83.86255,35.93352],[-83.86257,35.93286],[-83.86268,35.92889],[-83.86272,35.92632],[-83.86145,35.92669],[-83.86091,35.92383],[-83.86274,35.92429],[-83.86282,35.92196],[-83.85942,35.92003],[-83.85704,35.92008],[-83.85909,35.91929],[-83.85603,35.9154],[-83.85503,35.91296],[-83.85235,35.91323],[-83.8535,35.91516],[-83.8505,35.91621],[-83.84802,35.91809],[-83.84721,35.91655],[-83.84434,35.91674],[-83.84333,35.91294],[-83.8418,35.91147],[-83.84373,35.90849],[-83.83989,35.90775],[-83.8354,35.90673],[-83.83621,35.90559],[-83.8348,35.9057],[-83.83427,35.90445],[-83.83523,35.90541],[-83.83529,35.90407],[-83.83908,35.90205],[-83.83997,35.90364],[-83.84328,35.90351],[-83.84244,35.90387],[-83.84495,35.90691],[-83.84336,35.90767],[-83.84595,35.90754],[-83.84813,35.90605],[-83.8511,35.90831],[-83.8509,35.90953],[-83.85278,35.90993],[-83.85433,35.91096],[-83.85582,35.9136],[-83.86041,35.91958],[-83.86146,35.91984],[-83.86586,35.91844],[-83.86896,35.91782],[-83.87419,35.91618],[-83.87618,35.9152],[-83.87835,35.91491],[-83.88174,35.91286],[-83.89124,35.9086],[-83.89166,35.90813],[-83.89983,35.91482],[-83.90131,35.91492],[-83.90146,35.91583],[-83.90202,35.91625],[-83.90202,35.91897],[-83.90325,35.91992],[-83.905,35.92258],[-83.90656,35.92391],[-83.90952,35.92487],[-83.91109,35.92322],[-83.91693,35.92098],[-83.92053,35.91907],[-83.92071,35.91942],[-83.92182,35.92123],[-83.92186,35.92121],[-83.92305,35.92019],[-83.92254,35.91888],[-83.92463,35.91812],[-83.92533,35.91857],[-83.92288,35.92242],[-83.92425,35.92187],[-83.92591,35.92119],[-83.92639,35.92075],[-83.92732,35.9193],[-83.92925,35.91758],[-83.93216,35.91545],[-83.93283,35.91636],[-83.93174,35.91611],[-83.92889,35.91821],[-83.92694,35.92049],[-83.92581,35.92292],[-83.92645,35.92406],[-83.92665,35.92454],[-83.92576,35.92403],[-83.92452,35.92576],[-83.9254,35.92724],[-83.92643,35.92645],[-83.92606,35.92611],[-83.92904,35.92668],[-83.92918,35.92681],[-83.92563,35.92887],[-83.92349,35.92805],[-83.92217,35.93103],[-83.91898,35.93537],[-83.92211,35.93399],[-83.92541,35.93538],[-83.92718,35.93566],[-83.92764,35.93436],[-83.93119,35.93246],[-83.93122,35.93312],[-83.93123,35.93415],[-83.93178,35.93434],[-83.93389,35.93576],[-83.93593,35.93562],[-83.93863,35.93437],[-83.9384,35.93269],[-83.93476,35.93348],[-83.93295,35.93084],[-83.93554,35.93002],[-83.93527,35.92912],[-83.93831,35.92837],[-83.94042,35.92849],[-83.94202,35.92989],[-83.94238,35.9335],[-83.94619,35.93445],[-83.94763,35.9343],[-83.94817,35.93191],[-83.94974,35.92887],[-83.95319,35.92632],[-83.95252,35.92384],[-83.94977,35.92303],[-83.94907,35.9226],[-83.9478,35.92131],[-83.94519,35.92077],[-83.94321,35.92186],[-83.94271,35.92136],[-83.94147,35.91947],[-83.93934,35.91824],[-83.94297,35.91744],[-83.9446,35.92071],[-83.94543,35.92066],[-83.94622,35.92081],[-83.94797,35.92109],[-83.94836,35.91942],[-83.95072,35.91836],[-83.95132,35.91926],[-83.94997,35.9199],[-83.95143,35.92165],[-83.94918,35.92247],[-83.95234,35.92333],[-83.95299,35.92383],[-83.95346,35.92477],[-83.95394,35.9251],[-83.95627,35.92094],[-83.95623,35.91873],[-83.95484,35.91764],[-83.95585,35.91675],[-83.95509,35.91166],[-83.9521,35.9127],[-83.95177,35.91209],[-83.94949,35.91356],[-83.94994,35.91262],[-83.95267,35.91069],[-83.95397,35.9119],[-83.955,35.91129],[-83.95378,35.90673],[-83.95218,35.90726],[-83.95036,35.90534],[-83.95348,35.90469],[-83.95,35.90301],[-83.94824,35.90363],[-83.94584,35.90271],[-83.947,35.90127],[-83.94566,35.898],[-83.93964,35.90049],[-83.93927,35.9005],[-83.9401,35.90026],[-83.93868,35.89838],[-83.9398,35.89773],[-83.93968,35.896],[-83.94508,35.89481],[-83.94674,35.89372],[-83.9444,35.89144],[-83.94172,35.89106],[-83.94009,35.88781],[-83.94349,35.88728],[-83.94499,35.88589],[-83.94779,35.88435],[-83.94975,35.88229],[-83.95264,35.88148],[-83.95523,35.88243],[-83.95848,35.8782],[-83.95545,35.87729],[-83.95401,35.8743],[-83.95153,35.87517],[-83.94548,35.87667],[-83.9446,35.87437],[-83.94271,35.87375],[-83.94337,35.87292],[-83.94366,35.87185],[-83.94374,35.87197],[-83.94527,35.87346],[-83.94569,35.87614],[-83.94677,35.87632],[-83.94915,35.87462],[-83.94989,35.87535],[-83.95766,35.87333],[-83.95981,35.87359],[-83.96055,35.87604],[-83.95923,35.87857],[-83.96024,35.87911],[-83.96249,35.87685],[-83.96613,35.87505],[-83.96829,35.87494],[-83.97077,35.87389],[-83.97304,35.87341],[-83.97776,35.87443],[-83.98097,35.87616],[-83.98274,35.87669],[-83.9859,35.87688],[-83.98723,35.87775],[-83.99086,35.87848],[-83.9926,35.87963],[-83.99316,35.88109],[-83.994,35.88321],[-83.99582,35.88409],[-83.99958,35.88318],[-84.00099,35.88179],[-84.00296,35.87843],[-84.00587,35.87627],[-84.00857,35.87508],[-84.01284,35.87488],[-84.01719,35.87544],[-84.02279,35.87738],[-84.02496,35.87772],[-84.02678,35.87732],[-84.02874,35.87518],[-84.02872,35.87367],[-84.02709,35.8709],[-84.02437,35.86933],[-84.01811,35.86898],[-84.01381,35.86716],[-84.01138,35.86532],[-84.01043,35.86406],[-84.00954,35.86189],[-84.00774,35.85856],[-84.00711,35.85692],[-84.00658,35.85374],[-84.00671,35.84998],[-84.00675,35.84962],[-84.00676,35.84955],[-84.00675,35.84927],[-84.00711,35.84926],[-84.01651,35.84965],[-84.02151,35.85239],[-84.02434,35.85602],[-84.02792,35.85984],[-84.03314,35.86356],[-84.03676,35.86584],[-84.03854,35.86606],[-84.0433,35.8654],[-84.05236,35.86232],[-84.05354,35.86224],[-84.06265,35.85873],[-84.07041,35.85714],[-84.07273,35.85708],[-84.07406,35.85768],[-84.0767,35.85701],[-84.07612,35.8543],[-84.0769,35.85394],[-84.07805,35.85694],[-84.07736,35.85708],[-84.081,35.85642],[-84.08237,35.85907],[-84.08715,35.86373],[-84.08374,35.86684],[-84.08683,35.86954],[-84.0909,35.87271],[-84.09215,35.87226],[-84.09556,35.87543],[-84.09927,35.88065],[-84.10288,35.88475],[-84.10615,35.88699],[-84.10695,35.88737],[-84.10909,35.88876],[-84.11012,35.88881],[-84.10962,35.88788],[-84.11608,35.88517],[-84.11754,35.88397],[-84.12121,35.89151],[-84.11576,35.89337],[-84.11642,35.89516],[-84.12269,35.89299],[-84.12322,35.89407],[-84.11674,35.89683],[-84.11785,35.8998],[-84.11962,35.90122],[-84.12171,35.90074],[-84.12152,35.90204],[-84.1238,35.90089],[-84.12324,35.89977],[-84.12482,35.89896],[-84.1254,35.89901],[-84.12533,35.89856],[-84.12577,35.89935],[-84.12653,35.89896],[-84.1268,35.89934],[-84.13126,35.89728],[-84.13727,35.89574],[-84.13779,35.89553],[-84.13987,35.8987],[-84.13993,35.9],[-84.13998,35.89999],[-84.1466,35.89928],[-84.15788,35.89887],[-84.15816,35.89798],[-84.16143,35.89813],[-84.16177,35.90158],[-84.15425,35.90403],[-84.15433,35.9043]],[[-84.14274,35.90409],[-84.14075,35.90262],[-84.14025,35.90205],[-84.14011,35.90109],[-84.13986,35.90109],[-84.1399,35.90166],[-84.14013,35.90223],[-84.14043,35.90259],[-84.14073,35.90288],[-84.14353,35.90498],[-84.14325,35.90458],[-84.14373,35.90414],[-84.14319,35.90373],[-84.14274,35.90409]],[[-84.13127,35.89752],[-84.12253,35.90207],[-84.12365,35.90503],[-84.12595,35.90478],[-84.12686,35.90615],[-84.12503,35.90671],[-84.12667,35.90827],[-84.1296,35.90627],[-84.13226,35.90584],[-84.13203,35.90485],[-84.13733,35.90163],[-84.13615,35.89842],[-84.13653,35.89613],[-84.13127,35.89752]],[[-84.12791,35.91977],[-84.12892,35.91921],[-84.12852,35.91817],[-84.12895,35.91749],[-84.12675,35.91756],[-84.12791,35.91977]],[[-84.11763,35.91406],[-84.1195,35.91713],[-84.11929,35.92149],[-84.1241,35.92027],[-84.12291,35.91671],[-84.11981,35.91435],[-84.11763,35.91406]],[[-84.12066,35.90295],[-84.12051,35.90523],[-84.12126,35.90737],[-84.123,35.90694],[-84.12279,35.90545],[-84.12264,35.90311],[-84.12066,35.90295]],[[-84.11759,35.90936],[-84.11631,35.90972],[-84.11398,35.90436],[-84.11305,35.90478],[-84.1139,35.90765],[-84.11117,35.90564],[-84.11227,35.90986],[-84.10747,35.90729],[-84.10799,35.91121],[-84.10437,35.91283],[-84.10347,35.91067],[-84.10123,35.91124],[-84.1013,35.9148],[-84.10245,35.91514],[-84.10738,35.91404],[-84.10666,35.91224],[-84.11183,35.91096],[-84.1124,35.91236],[-84.11855,35.91148],[-84.11761,35.90943],[-84.1198,35.90875],[-84.11956,35.9076],[-84.11716,35.9071],[-84.11759,35.90936]],[[-84.11284,35.91824],[-84.11121,35.91865],[-84.10839,35.91612],[-84.10537,35.9167],[-84.10175,35.91975],[-84.10004,35.92101],[-84.1024,35.92381],[-84.10542,35.92198],[-84.10895,35.92169],[-84.10965,35.92329],[-84.11566,35.92045],[-84.11886,35.9205],[-84.11654,35.91869],[-84.11451,35.91971],[-84.11284,35.91824]],[[-84.11601,35.90126],[-84.11592,35.89719],[-84.11453,35.89379],[-84.11376,35.89405],[-84.11334,35.89363],[-84.11154,35.89175],[-84.10611,35.88805],[-84.10084,35.8843],[-84.09767,35.8806],[-84.09544,35.88226],[-84.09414,35.88062],[-84.09313,35.87801],[-84.09404,35.87703],[-84.09301,35.87781],[-84.0901,35.87323],[-84.08593,35.87002],[-84.08202,35.86677],[-84.08075,35.86615],[-84.0747,35.86133],[-84.07333,35.86135],[-84.06855,35.86343],[-84.06524,35.86398],[-84.06311,35.8661],[-84.06205,35.86506],[-84.0627,35.86483],[-84.06298,35.86446],[-84.05988,35.86519],[-84.05879,35.86448],[-84.06135,35.86275],[-84.06047,35.86201],[-84.06263,35.86027],[-84.05841,35.86179],[-84.05056,35.86421],[-84.04506,35.86554],[-84.04348,35.8663],[-84.03961,35.86702],[-84.03617,35.86668],[-84.03144,35.8637],[-84.0248,35.85859],[-84.02091,35.85364],[-84.01691,35.85068],[-84.01483,35.85018],[-84.01172,35.85016],[-84.01377,35.85454],[-84.02033,35.85968],[-84.02234,35.8616],[-84.02779,35.86973],[-84.02927,35.87081],[-84.03023,35.87256],[-84.03017,35.87669],[-84.02976,35.8777],[-84.03165,35.87772],[-84.02968,35.87891],[-84.0246,35.88017],[-84.02124,35.8798],[-84.01694,35.87806],[-84.01131,35.87739],[-84.00963,35.87759],[-84.0058,35.87896],[-84.00353,35.88082],[-84.00171,35.88449],[-83.99625,35.88686],[-83.99277,35.8861],[-83.98838,35.88471],[-83.98695,35.88423],[-83.98305,35.88184],[-83.98218,35.88537],[-83.97843,35.88446],[-83.97916,35.88289],[-83.9805,35.87996],[-83.97929,35.87865],[-83.97628,35.87756],[-83.97206,35.87721],[-83.96938,35.87757],[-83.96466,35.88001],[-83.96353,35.88298],[-83.96679,35.88333],[-83.9665,35.88415],[-83.96726,35.88436],[-83.96682,35.88512],[-83.96829,35.88707],[-83.96477,35.88788],[-83.96418,35.88802],[-83.96554,35.89262],[-83.96654,35.89335],[-83.96774,35.89277],[-83.96889,35.89269],[-83.96915,35.89473],[-83.96743,35.89478],[-83.96932,35.90008],[-83.96976,35.9018],[-83.96862,35.90335],[-83.9705,35.90578],[-83.97523,35.90883],[-83.98081,35.90611],[-83.98377,35.90696],[-83.98545,35.90937],[-83.98158,35.90983],[-83.97869,35.91155],[-83.98281,35.9148],[-83.98363,35.91409],[-83.98639,35.91284],[-83.9882,35.91486],[-83.99081,35.91575],[-83.99427,35.9157],[-83.99707,35.91383],[-83.99751,35.91432],[-83.99884,35.91315],[-83.99885,35.91295],[-83.99796,35.91008],[-83.99714,35.90921],[-83.99974,35.90758],[-84.00276,35.90674],[-84.00348,35.90796],[-84.00234,35.90978],[-84.00297,35.91034],[-84.00651,35.90817],[-84.00995,35.90449],[-84.00908,35.9074],[-84.00526,35.90907],[-84.00606,35.91045],[-84.01087,35.90859],[-84.00984,35.90572],[-84.0143,35.90689],[-84.01718,35.90549],[-84.01931,35.90347],[-84.01755,35.90202],[-84.01887,35.90072],[-84.02068,35.90182],[-84.02116,35.90227],[-84.0223,35.90197],[-84.02336,35.90133],[-84.02127,35.90034],[-84.0307,35.89503],[-84.02738,35.8937],[-84.02931,35.89243],[-84.03108,35.89317],[-84.03164,35.89452],[-84.03348,35.89324],[-84.0329,35.89524],[-84.03217,35.89449],[-84.03002,35.8959],[-84.03232,35.89806],[-84.03165,35.89859],[-84.02959,35.89618],[-84.02493,35.89983],[-84.02552,35.90187],[-84.02429,35.90212],[-84.02571,35.90306],[-84.02348,35.9044],[-84.0244,35.90707],[-84.02454,35.90523],[-84.02637,35.90569],[-84.02796,35.90503],[-84.02784,35.90363],[-84.02972,35.90442],[-84.03158,35.9079],[-84.02934,35.90884],[-84.02936,35.90982],[-84.0278,35.91098],[-84.02978,35.91409],[-84.0321,35.91262],[-84.03211,35.91359],[-84.03025,35.91407],[-84.03155,35.91558],[-84.03075,35.91646],[-84.03419,35.91446],[-84.04729,35.90465],[-84.04869,35.90588],[-84.04641,35.90729],[-84.04748,35.90798],[-84.04808,35.91105],[-84.04852,35.91316],[-84.05063,35.91339],[-84.05147,35.91715],[-84.05511,35.91426],[-84.0593,35.91502],[-84.06017,35.9149],[-84.06042,35.91459],[-84.06153,35.91339],[-84.06322,35.91838],[-84.06318,35.91995],[-84.06584,35.91901],[-84.06689,35.92054],[-84.07052,35.91829],[-84.07353,35.91732],[-84.07251,35.91538],[-84.07659,35.91359],[-84.07897,35.91272],[-84.0795,35.91336],[-84.07772,35.91037],[-84.07763,35.90922],[-84.07887,35.9084],[-84.07862,35.90977],[-84.08008,35.91186],[-84.08166,35.91278],[-84.0814,35.91188],[-84.08499,35.91105],[-84.08439,35.90886],[-84.08611,35.90866],[-84.08598,35.91004],[-84.08653,35.91157],[-84.08917,35.91121],[-84.08961,35.90285],[-84.09563,35.9003],[-84.09359,35.9066],[-84.0942,35.91032],[-84.1005,35.90919],[-84.1045,35.90819],[-84.10425,35.90564],[-84.10688,35.9052],[-84.10697,35.90614],[-84.10901,35.90515],[-84.10979,35.90602],[-84.11105,35.90545],[-84.10941,35.90329],[-84.11199,35.90355],[-84.11085,35.90149],[-84.11334,35.90142],[-84.11252,35.90264],[-84.11467,35.90393],[-84.11443,35.90335],[-84.11649,35.90297],[-84.11413,35.90279],[-84.11601,35.90126]],[[-84.00086,35.91037],[-83.99946,35.91093],[-83.99983,35.91152],[-84.0024,35.91042],[-84.00271,35.9104],[-84.00241,35.90991],[-84.00234,35.90978],[-84.00086,35.91037]],[[-84.11138,35.91429],[-84.11189,35.91573],[-84.11297,35.91556],[-84.11241,35.91398],[-84.11149,35.91419],[-84.11138,35.91429]],[[-84.09441,35.91873],[-84.0945,35.92089],[-84.09269,35.9213],[-84.09604,35.92159],[-84.09492,35.92275],[-84.09878,35.92175],[-84.10142,35.91969],[-84.1017,35.9178],[-84.09884,35.91846],[-84.09441,35.91873]],[[-84.09599,35.91759],[-84.09604,35.91817],[-84.09956,35.91809],[-84.09913,35.91693],[-84.09868,35.91689],[-84.09599,35.91759]],[[-84.07828,35.92243],[-84.0851,35.92114],[-84.0845,35.92009],[-84.07817,35.92139],[-84.07828,35.92243]],[[-84.08117,35.92409],[-84.08265,35.92362],[-84.08351,35.92329],[-84.08277,35.92183],[-84.08056,35.92232],[-84.08117,35.92409]],[[-84.06784,35.92119],[-84.06883,35.92191],[-84.07375,35.92146],[-84.07158,35.9186],[-84.07144,35.92131],[-84.06784,35.92119]],[[-84.05713,35.94417],[-84.05665,35.94546],[-84.05709,35.94654],[-84.0577,35.94474],[-84.05947,35.94356],[-84.05917,35.9431],[-84.05798,35.94379],[-84.05713,35.94417]],[[-84.04221,35.91638],[-84.04232,35.91773],[-84.04231,35.91786],[-84.0428,35.91772],[-84.04453,35.91723],[-84.04315,35.91562],[-84.04244,35.91583],[-84.04221,35.91638]],[[-84.0411,35.91764],[-84.03984,35.9183],[-84.04119,35.91934],[-84.04231,35.91786],[-84.0411,35.91764]],[[-84.03549,35.9617],[-84.03221,35.96249],[-84.03184,35.96129],[-84.0339,35.96031],[-84.03288,35.95955],[-84.03058,35.95928],[-84.03034,35.96201],[-84.03079,35.96446],[-84.02989,35.96647],[-84.0344,35.96874],[-84.03585,35.96986],[-84.03647,35.96938],[-84.03734,35.97007],[-84.03797,35.97018],[-84.0376,35.96984],[-84.03851,35.96907],[-84.03891,35.96937],[-84.03925,35.96861],[-84.04008,35.96828],[-84.03858,35.96549],[-84.03834,35.96368],[-84.04153,35.96232],[-84.03863,35.961],[-84.03629,35.96236],[-84.03549,35.9617]],[[-84.0325,35.98739],[-84.03264,35.98814],[-84.03248,35.9884],[-84.03274,35.98856],[-84.03297,35.9883],[-84.03286,35.98824],[-84.0356,35.98685],[-84.03489,35.98664],[-84.03398,35.98622],[-84.0325,35.98739]],[[-84.02512,35.90698],[-84.02586,35.90846],[-84.0262,35.90755],[-84.02602,35.90736],[-84.02684,35.90771],[-84.0281,35.90734],[-84.02693,35.90728],[-84.02639,35.90648],[-84.02512,35.90698]],[[-84.02599,35.90973],[-84.0268,35.90898],[-84.02756,35.90963],[-84.02738,35.90812],[-84.02499,35.90887],[-84.02599,35.90973]],[[-84.02548,35.99046],[-84.02523,35.99112],[-84.02451,35.99208],[-84.02319,35.99223],[-84.02272,35.99227],[-84.02408,35.99312],[-84.02469,35.99359],[-84.02544,35.99356],[-84.02676,35.99238],[-84.02737,35.99079],[-84.02655,35.99022],[-84.02548,35.99046]],[[-84.01937,36.0111],[-84.02041,36.01207],[-84.02193,36.01076],[-84.02075,36.00984],[-84.0195,36.011],[-84.01937,36.0111]],[[-84.01524,36.00735],[-84.00483,36.00926],[-84.00434,36.01041],[-83.99983,36.01296],[-83.99953,36.01256],[-83.99898,36.01176],[-83.99872,36.01094],[-83.99795,36.01032],[-83.99681,36.0109],[-83.99464,36.01224],[-83.99381,36.01266],[-83.99442,36.01494],[-83.9969,36.01296],[-83.99899,36.01498],[-83.99802,36.01564],[-83.99935,36.017],[-84.00352,36.01529],[-84.0061,36.01559],[-84.00965,36.01462],[-84.01111,36.01596],[-84.01193,36.01535],[-84.0105,36.01393],[-84.01437,36.01142],[-84.01585,36.01258],[-84.01715,36.0117],[-84.0157,36.01056],[-84.01645,36.01],[-84.01818,36.01127],[-84.01938,36.01009],[-84.01951,36.00716],[-84.01867,36.00773],[-84.01524,36.00735]],[[-84.00485,36.01569],[-84.0017,36.01616],[-84.00493,36.02022],[-84.00658,36.01905],[-84.00349,36.01622],[-84.00485,36.01569]],[[-84.00126,36.01861],[-84.00338,36.02053],[-84.00415,36.02077],[-84.00458,36.02048],[-84.00163,36.01787],[-84.00126,36.01861]],[[-83.99703,36.0315],[-83.99776,36.03108],[-83.99757,36.03094],[-83.99798,36.02939],[-83.99573,36.03014],[-83.99703,36.0315]],[[-83.99493,36.02688],[-83.99294,36.02684],[-83.98999,36.02866],[-83.9977,36.03227],[-83.99582,36.03068],[-83.99449,36.02815],[-83.99493,36.02688]],[[-83.99562,36.01591],[-83.99197,36.01782],[-83.99493,36.02115],[-83.99571,36.02202],[-83.99503,36.02108],[-83.99692,36.01989],[-83.99438,36.01689],[-83.99562,36.01591]],[[-83.98841,36.01976],[-83.98946,36.02378],[-83.99054,36.02507],[-83.99482,36.02258],[-83.9933,36.02114],[-83.98941,36.01923],[-83.98841,36.01976]],[[-83.9929,36.0123],[-83.99167,36.01241],[-83.99023,36.01415],[-83.98698,36.01577],[-83.9859,36.01658],[-83.98835,36.0177],[-83.98943,36.01802],[-83.9942,36.01551],[-83.99431,36.01502],[-83.99363,36.01264],[-83.9929,36.0123]],[[-83.98676,36.02429],[-83.98906,36.02581],[-83.99113,36.02564],[-83.98955,36.02474],[-83.98888,36.02343],[-83.98676,36.02429]],[[-83.98544,36.01705],[-83.98536,36.01702],[-83.98529,36.01704],[-83.98528,36.01705],[-83.98388,36.01832],[-83.98527,36.01868],[-83.98692,36.01876],[-83.98761,36.01822],[-83.98556,36.01724],[-83.98544,36.01705]],[[-83.98072,35.92079],[-83.98044,35.91951],[-83.9801,35.91906],[-83.97831,35.91741],[-83.97804,35.91641],[-83.97569,35.91337],[-83.96771,35.90666],[-83.96441,35.90322],[-83.96371,35.90287],[-83.96352,35.90551],[-83.9632,35.90687],[-83.96281,35.90703],[-83.96213,35.90603],[-83.95669,35.90362],[-83.95559,35.90425],[-83.95442,35.90275],[-83.95411,35.90519],[-83.95574,35.90712],[-83.95898,35.90468],[-83.95974,35.90499],[-83.95738,35.90636],[-83.95804,35.90839],[-83.95949,35.90876],[-83.9616,35.91051],[-83.95968,35.91129],[-83.95855,35.91063],[-83.95645,35.91297],[-83.95903,35.91812],[-83.95792,35.91874],[-83.95873,35.92007],[-83.95669,35.92148],[-83.95471,35.92502],[-83.95521,35.92573],[-83.9591,35.92544],[-83.9642,35.92404],[-83.96878,35.92339],[-83.97299,35.92401],[-83.97506,35.92562],[-83.97572,35.92737],[-83.98026,35.93154],[-83.98282,35.93204],[-83.98446,35.9313],[-83.98544,35.93012],[-83.98595,35.92774],[-83.98277,35.92293],[-83.98072,35.92079]],[[-83.97444,36.02082],[-83.97434,36.02084],[-83.97399,36.02094],[-83.97396,36.02095],[-83.97238,36.02349],[-83.97275,36.02378],[-83.97394,36.0227],[-83.97501,36.02356],[-83.9761,36.02176],[-83.97559,36.02105],[-83.97509,36.02103],[-83.97444,36.02082]],[[-83.97019,36.02398],[-83.97114,36.0235],[-83.97057,36.02238],[-83.97335,36.02157],[-83.9732,36.02117],[-83.96916,36.02236],[-83.97019,36.02398]],[[-83.94677,36.04507],[-83.94635,36.04659],[-83.94829,36.04542],[-83.94989,36.04467],[-83.94974,36.04403],[-83.95344,36.04269],[-83.95705,36.03986],[-83.95585,36.03927],[-83.95075,36.04209],[-83.94677,36.04507]],[[-83.90534,36.05835],[-83.9064,36.05828],[-83.9083,36.05727],[-83.90811,36.05689],[-83.9049,36.05781],[-83.90534,36.05835]],[[-83.90392,36.0623],[-83.90468,36.06318],[-83.90525,36.06269],[-83.90629,36.06206],[-83.90614,36.06148],[-83.90574,36.06102],[-83.90392,36.0623]],[[-83.90222,36.06357],[-83.90231,36.06444],[-83.9034,36.06396],[-83.90335,36.06332],[-83.90375,36.06376],[-83.9044,36.06339],[-83.90365,36.06253],[-83.90222,36.06357]],[[-83.8945,36.03155],[-83.89493,36.03227],[-83.89636,36.03196],[-83.89704,36.03186],[-83.89684,36.03106],[-83.89579,36.03123],[-83.8945,36.03155]],[[-83.89026,36.0337],[-83.89078,36.03418],[-83.89403,36.03251],[-83.89368,36.03228],[-83.89348,36.03194],[-83.89026,36.0337]],[[-83.87874,36.04167],[-83.87933,36.04308],[-83.88016,36.04315],[-83.8826,36.04231],[-83.88009,36.04057],[-83.87874,36.04167]],[[-83.87187,35.97188],[-83.86979,35.97232],[-83.86894,35.97325],[-83.86411,35.97225],[-83.86931,35.97605],[-83.87325,35.97391],[-83.87511,35.97223],[-83.87434,35.97128],[-83.87255,35.97123],[-83.87187,35.97188]],[[-83.8661,35.96674],[-83.86168,35.96797],[-83.86294,35.96956],[-83.86084,35.97039],[-83.86404,35.97208],[-83.86794,35.97285],[-83.87263,35.97111],[-83.87385,35.97099],[-83.87195,35.96864],[-83.8661,35.96674]],[[-83.85927,35.96985],[-83.85819,35.9676],[-83.85699,35.96695],[-83.85301,35.96845],[-83.85663,35.97205],[-83.85849,35.9728],[-83.85852,35.97281],[-83.86069,35.97135],[-83.86199,35.97258],[-83.86274,35.9717],[-83.8602,35.97067],[-83.85927,35.96985]],[[-83.8591,35.97868],[-83.85866,35.98283],[-83.86026,35.98252],[-83.85959,35.97957],[-83.85963,35.97864],[-83.8591,35.97868]],[[-83.84984,35.91143],[-83.85086,35.91104],[-83.85172,35.91115],[-83.85171,35.91002],[-83.85019,35.90973],[-83.84984,35.91143]],[[-83.80104,36.01943],[-83.80117,36.02037],[-83.80299,36.02055],[-83.80244,36.0201],[-83.80231,36.01925],[-83.80104,36.01943]],[[-83.69718,35.99431],[-83.69745,35.99495],[-83.69919,35.994],[-83.69855,35.99315],[-83.69764,35.99351],[-83.69718,35.99431]]]]}},{"type":"Feature","properties":{"name":"NET Trans CONNECT","boundary_type":"places","source":"Census TIGER place","fidelity":"exact","updated":"2026-09","units":"Greeneville town; Tusculum city; Elizabethton city","note":"Three separate municipalities in Northeast Tennessee","confidence":0.9},"geometry":{"type":"MultiPolygon","coordinates":[[[[-82.90711,36.18045],[-82.90612,36.18155],[-82.90512,36.17917],[-82.89816,36.17902],[-82.89818,36.17849],[-82.89839,36.17354],[-82.89667,36.17514],[-82.89255,36.17327],[-82.89253,36.1743],[-82.89188,36.17403],[-82.8902,36.17329],[-82.88807,36.17423],[-82.88407,36.17487],[-82.88039,36.17491],[-82.88382,36.17264],[-82.87842,36.17341],[-82.8766,36.17434],[-82.87529,36.17318],[-82.87602,36.1727],[-82.87139,36.17047],[-82.86871,36.17323],[-82.86413,36.17054],[-82.86177,36.17304],[-82.86099,36.17368],[-82.85682,36.17342],[-82.85478,36.17563],[-82.85224,36.175],[-82.85086,36.17383],[-82.85051,36.17348],[-82.8456,36.17355],[-82.84408,36.17474],[-82.84446,36.17523],[-82.84483,36.17581],[-82.84396,36.17683],[-82.84124,36.17983],[-82.84458,36.18026],[-82.84154,36.18404],[-82.84171,36.18467],[-82.84652,36.18616],[-82.84782,36.18599],[-82.84782,36.18645],[-82.84826,36.18687],[-82.84983,36.18729],[-82.84981,36.18754],[-82.84957,36.19058],[-82.84562,36.19046],[-82.84786,36.19296],[-82.8455,36.19442],[-82.8454,36.19447],[-82.84458,36.19341],[-82.84469,36.19283],[-82.84147,36.18917],[-82.83846,36.18797],[-82.83804,36.18763],[-82.83788,36.186],[-82.83832,36.18447],[-82.8382,36.18314],[-82.83753,36.1821],[-82.83564,36.18031],[-82.83381,36.17812],[-82.83363,36.17816],[-82.83348,36.17801],[-82.82993,36.18023],[-82.83115,36.1772],[-82.82918,36.17778],[-82.82906,36.17913],[-82.8239,36.18309],[-82.82221,36.18488],[-82.82431,36.18629],[-82.82392,36.18731],[-82.8047,36.20176],[-82.80447,36.20348],[-82.80191,36.202],[-82.80318,36.20064],[-82.80182,36.19944],[-82.80306,36.19803],[-82.80201,36.19744],[-82.80459,36.19606],[-82.80576,36.19712],[-82.80771,36.19532],[-82.80428,36.19319],[-82.80457,36.19295],[-82.80626,36.19186],[-82.80657,36.19281],[-82.80784,36.19194],[-82.80919,36.1931],[-82.81524,36.18898],[-82.81637,36.18986],[-82.81398,36.18674],[-82.81819,36.18651],[-82.81967,36.18447],[-82.82167,36.18521],[-82.82154,36.18498],[-82.82174,36.18449],[-82.82902,36.17881],[-82.82897,36.17784],[-82.82056,36.18005],[-82.81962,36.18072],[-82.8168,36.18142],[-82.81439,36.18098],[-82.81356,36.18149],[-82.8101,36.18363],[-82.81115,36.18443],[-82.80872,36.18588],[-82.80772,36.18503],[-82.80211,36.18849],[-82.79592,36.19227],[-82.79734,36.19329],[-82.79295,36.19394],[-82.79268,36.19424],[-82.7908,36.1954],[-82.78964,36.19508],[-82.78878,36.1953],[-82.78794,36.19687],[-82.78605,36.19734],[-82.78304,36.20033],[-82.77888,36.19893],[-82.77871,36.20049],[-82.77667,36.20325],[-82.7757,36.20046],[-82.77417,36.20025],[-82.77459,36.19849],[-82.77568,36.19888],[-82.77664,36.197],[-82.774,36.19667],[-82.77441,36.19557],[-82.77635,36.19337],[-82.77868,36.19364],[-82.78028,36.19181],[-82.78263,36.19291],[-82.78308,36.19254],[-82.78154,36.19108],[-82.77345,36.19069],[-82.77196,36.18771],[-82.76862,36.18989],[-82.76553,36.19096],[-82.76437,36.18803],[-82.7613,36.18836],[-82.76002,36.19157],[-82.7594,36.19132],[-82.75913,36.19168],[-82.75514,36.18978],[-82.75203,36.19143],[-82.75431,36.19339],[-82.75579,36.19378],[-82.75921,36.19502],[-82.76074,36.19476],[-82.76514,36.19141],[-82.7595,36.19614],[-82.76048,36.19823],[-82.76036,36.2005],[-82.76227,36.20068],[-82.76136,36.20217],[-82.75825,36.20193],[-82.75801,36.20289],[-82.75491,36.20323],[-82.75573,36.20692],[-82.75597,36.20782],[-82.75451,36.20838],[-82.75368,36.20711],[-82.74825,36.2091],[-82.74865,36.21113],[-82.74802,36.21233],[-82.74751,36.21339],[-82.74153,36.2141],[-82.74142,36.2114],[-82.74495,36.20932],[-82.74441,36.20662],[-82.74919,36.20631],[-82.74936,36.20463],[-82.74961,36.20164],[-82.74292,36.20213],[-82.74211,36.2022],[-82.74032,36.19969],[-82.74136,36.19865],[-82.7415,36.19804],[-82.74182,36.19761],[-82.7459,36.19631],[-82.7456,36.19394],[-82.74002,36.19427],[-82.73984,36.19379],[-82.737,36.19249],[-82.73539,36.19024],[-82.73736,36.18905],[-82.73668,36.1876],[-82.7332,36.18946],[-82.7318,36.18728],[-82.73091,36.18265],[-82.72787,36.18245],[-82.72842,36.18115],[-82.7315,36.17997],[-82.7338,36.1828],[-82.7342,36.18294],[-82.73299,36.18025],[-82.73097,36.17944],[-82.73062,36.17941],[-82.72697,36.17738],[-82.72648,36.17693],[-82.7261,36.17632],[-82.72573,36.17606],[-82.72298,36.17535],[-82.72209,36.1744],[-82.72254,36.17399],[-82.724,36.17126],[-82.72447,36.16911],[-82.72145,36.16903],[-82.72134,36.17061],[-82.71514,36.17038],[-82.71555,36.1648],[-82.72193,36.16523],[-82.72383,36.16388],[-82.72457,36.16229],[-82.72224,36.16058],[-82.71825,36.15652],[-82.71874,36.15552],[-82.72039,36.15462],[-82.72402,36.15684],[-82.72601,36.15666],[-82.72937,36.1609],[-82.7318,36.16304],[-82.7334,36.16177],[-82.73276,36.16374],[-82.73902,36.16837],[-82.74034,36.17021],[-82.74098,36.16951],[-82.7467,36.16817],[-82.74702,36.16466],[-82.75111,36.16506],[-82.7547,36.16526],[-82.75262,36.16192],[-82.75091,36.15785],[-82.74972,36.15665],[-82.75356,36.15508],[-82.7587,36.1543],[-82.76235,36.1551],[-82.76333,36.15165],[-82.76077,36.15127],[-82.76401,36.14827],[-82.76386,36.14975],[-82.76745,36.15273],[-82.76781,36.15533],[-82.7691,36.15664],[-82.77103,36.15779],[-82.77792,36.15586],[-82.77887,36.15879],[-82.77968,36.15944],[-82.77955,36.15949],[-82.78018,36.15993],[-82.78041,36.16027],[-82.78483,36.1595],[-82.78479,36.16092],[-82.7891,36.16243],[-82.7912,36.16065],[-82.79316,36.162],[-82.79641,36.15859],[-82.79623,36.15713],[-82.79728,36.15709],[-82.79918,36.15689],[-82.79874,36.1565],[-82.79847,36.15626],[-82.80028,36.1543],[-82.79837,36.1543],[-82.79866,36.15337],[-82.8017,36.15118],[-82.80296,36.14708],[-82.79658,36.14316],[-82.80036,36.14076],[-82.80425,36.14439],[-82.80988,36.14589],[-82.81147,36.14727],[-82.81181,36.14887],[-82.81626,36.14629],[-82.81707,36.14721],[-82.81474,36.14858],[-82.81529,36.14933],[-82.81549,36.14957],[-82.8163,36.14924],[-82.81659,36.14904],[-82.81682,36.14883],[-82.81878,36.14731],[-82.82139,36.1463],[-82.82147,36.14637],[-82.82344,36.1456],[-82.82374,36.14296],[-82.82616,36.14134],[-82.82626,36.14057],[-82.82688,36.14077],[-82.82806,36.14193],[-82.828,36.14488],[-82.82947,36.1459],[-82.82993,36.14543],[-82.83021,36.14564],[-82.8297,36.14599],[-82.83028,36.14632],[-82.83191,36.14779],[-82.83435,36.14668],[-82.83633,36.14413],[-82.83668,36.14338],[-82.83719,36.14274],[-82.83793,36.14229],[-82.83925,36.14129],[-82.84009,36.14095],[-82.84093,36.14041],[-82.84411,36.13837],[-82.84806,36.13349],[-82.84968,36.13133],[-82.85115,36.13068],[-82.85304,36.13254],[-82.85413,36.13115],[-82.85786,36.1331],[-82.86022,36.1318],[-82.86499,36.13566],[-82.86334,36.13653],[-82.86483,36.13779],[-82.86804,36.1353],[-82.86994,36.13474],[-82.87002,36.13663],[-82.87118,36.13871],[-82.87138,36.13891],[-82.86995,36.13969],[-82.8716,36.13988],[-82.87318,36.14148],[-82.87421,36.14096],[-82.87319,36.1391],[-82.87328,36.13906],[-82.87559,36.14282],[-82.87273,36.14343],[-82.87082,36.14039],[-82.86885,36.1427],[-82.86918,36.14321],[-82.86962,36.14388],[-82.86551,36.14627],[-82.86623,36.14687],[-82.86536,36.14745],[-82.86571,36.1479],[-82.86624,36.14842],[-82.86391,36.15016],[-82.86419,36.15043],[-82.86271,36.15129],[-82.8636,36.15296],[-82.86188,36.15364],[-82.86242,36.15505],[-82.86002,36.15517],[-82.85629,36.15349],[-82.85509,36.15412],[-82.85415,36.15658],[-82.85261,36.1586],[-82.85282,36.15967],[-82.85453,36.16091],[-82.85357,36.16364],[-82.85408,36.16414],[-82.85746,36.16451],[-82.86017,36.16414],[-82.85652,36.16745],[-82.85853,36.16911],[-82.86004,36.1687],[-82.86426,36.16547],[-82.86858,36.16256],[-82.86956,36.16226],[-82.87316,36.16289],[-82.87675,36.16433],[-82.87745,36.16168],[-82.87673,36.15971],[-82.87878,36.15754],[-82.87538,36.15438],[-82.87993,36.15124],[-82.87811,36.15107],[-82.88252,36.14799],[-82.88439,36.15004],[-82.88509,36.14957],[-82.88714,36.15008],[-82.89101,36.15051],[-82.89261,36.15098],[-82.89553,36.1523],[-82.89327,36.15556],[-82.89109,36.1548],[-82.88981,36.15715],[-82.88869,36.15638],[-82.88439,36.15735],[-82.88045,36.15901],[-82.87903,36.15768],[-82.87862,36.15986],[-82.87694,36.16454],[-82.87625,36.16583],[-82.87592,36.16674],[-82.87783,36.16543],[-82.8791,36.16745],[-82.88401,36.17093],[-82.88514,36.17016],[-82.88702,36.17115],[-82.88868,36.17074],[-82.89466,36.17142],[-82.89403,36.17211],[-82.9021,36.17237],[-82.90609,36.17249],[-82.90879,36.17292],[-82.912,36.17303],[-82.91402,36.17343],[-82.91228,36.17354],[-82.91443,36.1753],[-82.91339,36.17644],[-82.9103,36.18017],[-82.90838,36.17904],[-82.90711,36.18045]],[[-82.75386,36.197],[-82.75391,36.19717],[-82.75573,36.19676],[-82.75719,36.19603],[-82.75797,36.19493],[-82.75572,36.19385],[-82.7543,36.19346],[-82.75331,36.19368],[-82.75386,36.197]]],[[[-82.318,36.30093],[-82.31349,36.29743],[-82.31119,36.29806],[-82.31108,36.29993],[-82.30931,36.29967],[-82.30923,36.29831],[-82.3062,36.29845],[-82.30591,36.2992],[-82.3033,36.29867],[-82.30241,36.30028],[-82.30138,36.29996],[-82.29913,36.30131],[-82.30035,36.30183],[-82.30154,36.30077],[-82.30468,36.3017],[-82.30159,36.30217],[-82.3004,36.30369],[-82.29756,36.3025],[-82.29551,36.30348],[-82.29454,36.30598],[-82.2936,36.30608],[-82.29361,36.30782],[-82.29501,36.30833],[-82.294,36.30934],[-82.29385,36.30931],[-82.2944,36.3104],[-82.29306,36.31101],[-82.28652,36.31619],[-82.28262,36.31805],[-82.2841,36.31835],[-82.29135,36.31551],[-82.29451,36.31485],[-82.30326,36.31528],[-82.3039,36.31605],[-82.30247,36.31627],[-82.29426,36.31591],[-82.2922,36.31641],[-82.2856,36.31893],[-82.28194,36.31943],[-82.28024,36.31897],[-82.27829,36.32051],[-82.27967,36.32098],[-82.28175,36.32346],[-82.27954,36.32422],[-82.28196,36.32652],[-82.28345,36.32675],[-82.28142,36.32972],[-82.27935,36.32712],[-82.27726,36.32882],[-82.27425,36.32784],[-82.27372,36.32751],[-82.27162,36.32792],[-82.27087,36.32855],[-82.27088,36.32925],[-82.26946,36.33042],[-82.26556,36.33389],[-82.26352,36.33671],[-82.2578,36.33984],[-82.25586,36.34234],[-82.25597,36.34435],[-82.25531,36.34743],[-82.25203,36.351],[-82.25167,36.35167],[-82.2502,36.354],[-82.24905,36.35493],[-82.24714,36.35604],[-82.24401,36.35726],[-82.24236,36.35563],[-82.24156,36.35559],[-82.24008,36.35739],[-82.23831,36.35784],[-82.23405,36.35612],[-82.22655,36.3558],[-82.22375,36.35605],[-82.21781,36.35748],[-82.21455,36.35757],[-82.21294,36.35707],[-82.21033,36.3559],[-82.20696,36.35485],[-82.20536,36.35466],[-82.20184,36.3551],[-82.20029,36.35674],[-82.19825,36.35781],[-82.19402,36.3585],[-82.1904,36.3599],[-82.18689,36.3592],[-82.18403,36.35785],[-82.18009,36.35875],[-82.17935,36.36067],[-82.18433,36.36099],[-82.18423,36.36206],[-82.1882,36.36228],[-82.18912,36.36431],[-82.18394,36.3668],[-82.18374,36.36754],[-82.18527,36.36823],[-82.18624,36.37041],[-82.18493,36.37013],[-82.18509,36.36831],[-82.18368,36.36794],[-82.18355,36.36752],[-82.18177,36.3692],[-82.17684,36.37123],[-82.17553,36.37121],[-82.17119,36.37329],[-82.17093,36.37317],[-82.17088,36.37376],[-82.17004,36.37409],[-82.16992,36.37444],[-82.16582,36.37653],[-82.16595,36.37423],[-82.16885,36.37274],[-82.16895,36.37167],[-82.17112,36.37128],[-82.17122,36.37129],[-82.17123,36.37114],[-82.17205,36.37116],[-82.17652,36.3688],[-82.17666,36.36737],[-82.1756,36.36762],[-82.17602,36.36331],[-82.17689,36.36079],[-82.17775,36.35995],[-82.17772,36.35946],[-82.1786,36.35828],[-82.18428,36.35748],[-82.1878,36.35894],[-82.19034,36.35948],[-82.19031,36.35382],[-82.18859,36.35416],[-82.18808,36.351],[-82.19,36.35054],[-82.19158,36.34956],[-82.19166,36.34817],[-82.19025,36.34376],[-82.18702,36.34477],[-82.1856,36.33931],[-82.18686,36.33879],[-82.18891,36.34053],[-82.19108,36.33981],[-82.19383,36.33712],[-82.19396,36.33598],[-82.19646,36.33606],[-82.19933,36.33522],[-82.20017,36.33491],[-82.20029,36.33413],[-82.20174,36.33385],[-82.20062,36.33186],[-82.19828,36.3319],[-82.19763,36.3307],[-82.20024,36.33066],[-82.202,36.33384],[-82.20232,36.33383],[-82.20258,36.33379],[-82.2011,36.33162],[-82.20088,36.3273],[-82.19935,36.32227],[-82.20288,36.32155],[-82.20472,36.32277],[-82.2056,36.32424],[-82.20627,36.32414],[-82.20629,36.32429],[-82.20578,36.32451],[-82.20567,36.32454],[-82.20571,36.32515],[-82.20608,36.33401],[-82.21385,36.33372],[-82.21496,36.33597],[-82.21952,36.33471],[-82.21862,36.33158],[-82.22312,36.3313],[-82.22489,36.33005],[-82.22522,36.33228],[-82.22227,36.33219],[-82.22252,36.33443],[-82.2207,36.33531],[-82.22074,36.33572],[-82.2257,36.33862],[-82.22925,36.33867],[-82.22937,36.33667],[-82.23118,36.33676],[-82.23056,36.33443],[-82.23135,36.33266],[-82.23075,36.33272],[-82.23168,36.33173],[-82.23168,36.33168],[-82.23526,36.33052],[-82.23756,36.32688],[-82.24247,36.3257],[-82.24683,36.32434],[-82.24793,36.32364],[-82.24725,36.32182],[-82.24584,36.32186],[-82.2471,36.3206],[-82.24757,36.32086],[-82.251,36.3196],[-82.25859,36.31654],[-82.25863,36.31706],[-82.26499,36.31558],[-82.26888,36.31085],[-82.26876,36.31068],[-82.27096,36.30964],[-82.27098,36.30844],[-82.27482,36.30634],[-82.27576,36.30408],[-82.27812,36.30387],[-82.27823,36.30615],[-82.27709,36.30577],[-82.27768,36.30824],[-82.27507,36.30889],[-82.27602,36.31034],[-82.27455,36.3106],[-82.27444,36.31255],[-82.2757,36.31399],[-82.2773,36.31521],[-82.28034,36.31305],[-82.28278,36.31302],[-82.28167,36.31448],[-82.28286,36.31592],[-82.285,36.31465],[-82.28788,36.31463],[-82.28806,36.31447],[-82.28603,36.31261],[-82.28827,36.31383],[-82.28846,36.31242],[-82.29123,36.31058],[-82.28951,36.30966],[-82.2908,36.30893],[-82.28832,36.30707],[-82.28954,36.30594],[-82.29162,36.30675],[-82.29339,36.30552],[-82.29457,36.30254],[-82.29245,36.30101],[-82.29101,36.30199],[-82.28649,36.3032],[-82.28681,36.30035],[-82.28793,36.29732],[-82.29236,36.2978],[-82.29374,36.29747],[-82.29366,36.29735],[-82.29349,36.29675],[-82.2938,36.29667],[-82.29402,36.29735],[-82.2983,36.29669],[-82.30101,36.29796],[-82.30076,36.29667],[-82.30113,36.29624],[-82.30398,36.29757],[-82.30979,36.29679],[-82.3106,36.29442],[-82.31743,36.29773],[-82.31721,36.29805],[-82.3191,36.29898],[-82.32203,36.30468],[-82.32259,36.3046],[-82.32204,36.30627],[-82.32078,36.30565],[-82.31956,36.30349],[-82.318,36.30093]],[[-82.2071,36.3367],[-82.20918,36.33619],[-82.21085,36.33418],[-82.20628,36.33495],[-82.20681,36.33613],[-82.2071,36.3367]],[[-82.18656,36.36391],[-82.18662,36.36304],[-82.18423,36.36294],[-82.18411,36.36381],[-82.18656,36.36391]]]]}},{"type":"Feature","properties":{"name":"NWTHRA Rural Public Transportation","boundary_type":"counties","source":"Census TIGER county","fidelity":"exact","updated":"2026-09","units":"Benton County; Carroll County; Crockett County; Dyer County; Gibson County; Henry County; Lake County; Obion County; Weakley County","note":"Nine-county regional demand-response service in Northwest Tennessee","confidence":0.95},"geometry":{"type":"Polygon","coordinates":[[[-89.35836,35.83103],[-89.35723,35.83122],[-89.35775,35.83588],[-89.35679,35.83784],[-89.35895,35.83975],[-89.35674,35.84028],[-89.35728,35.84138],[-89.35624,35.84198],[-89.35537,35.83925],[-89.35446,35.84005],[-89.35395,35.84366],[-89.35183,35.84368],[-89.35159,35.84452],[-89.35311,35.84622],[-89.35331,35.84781],[-89.35257,35.84878],[-89.35037,35.84945],[-89.3498,35.85188],[-89.34788,35.85176],[-89.34702,35.85375],[-89.34552,35.85433],[-89.34402,35.85724],[-89.34539,35.85855],[-89.34432,35.86037],[-89.34099,35.8612],[-89.33956,35.86238],[-89.34108,35.86371],[-89.34182,35.86572],[-89.34145,35.87009],[-89.34002,35.87106],[-89.34053,35.87287],[-89.33933,35.8732],[-89.34102,35.87497],[-89.34463,35.87532],[-89.34284,35.87706],[-89.34233,35.8796],[-89.34283,35.88093],[-89.34387,35.88278],[-89.34652,35.88455],[-89.34537,35.88567],[-89.34512,35.88741],[-89.34684,35.88759],[-89.34964,35.89154],[-89.35116,35.89171],[-89.3515,35.89254],[-89.34933,35.89326],[-89.34891,35.89525],[-89.35028,35.89632],[-89.34966,35.89741],[-89.35123,35.89733],[-89.35213,35.89567],[-89.35419,35.89453],[-89.35446,35.89569],[-89.35382,35.89768],[-89.35427,35.90078],[-89.35566,35.90128],[-89.35385,35.90246],[-89.35625,35.90372],[-89.35472,35.90446],[-89.35721,35.90599],[-89.35817,35.90374],[-89.35941,35.90433],[-89.36056,35.90716],[-89.36259,35.90826],[-89.36407,35.90681],[-89.36669,35.90804],[-89.36566,35.90929],[-89.36676,35.91007],[-89.36836,35.90903],[-89.36956,35.91134],[-89.37326,35.91155],[-89.37148,35.91345],[-89.37123,35.91487],[-89.37434,35.91506],[-89.37606,35.91573],[-89.37803,35.91805],[-89.37958,35.91837],[-89.38089,35.91963],[-89.38407,35.92067],[-89.38496,35.92285],[-89.38199,35.9245],[-89.38105,35.9258],[-89.38505,35.92699],[-89.38552,35.92506],[-89.38664,35.92509],[-89.38845,35.92697],[-89.38829,35.92815],[-89.38978,35.92908],[-89.39108,35.9321],[-89.39224,35.9332],[-89.3936,35.93268],[-89.39419,35.93429],[-89.39382,35.93559],[-89.39553,35.93747],[-89.39314,35.93774],[-89.3938,35.93909],[-89.3965,35.9391],[-89.39692,35.94066],[-89.3985,35.94149],[-89.3992,35.94067],[-89.39874,35.93886],[-89.40127,35.93755],[-89.40312,35.93822],[-89.40287,35.93945],[-89.40687,35.94429],[-89.40696,35.9466],[-89.40948,35.94663],[-89.49092,35.94772],[-89.49192,35.94666],[-89.49487,35.9466],[-89.49505,35.94438],[-89.49203,35.94341],[-89.48941,35.94364],[-89.48795,35.94327],[-89.48772,35.94231],[-89.49188,35.94069],[-89.49264,35.93964],[-89.49225,35.93778],[-89.49027,35.9342],[-89.49064,35.93322],[-89.4931,35.93219],[-89.49514,35.93204],[-89.49816,35.93248],[-89.50076,35.93209],[-89.5021,35.93119],[-89.5041,35.92871],[-89.50478,35.9261],[-89.50685,35.92439],[-89.50913,35.92529],[-89.50932,35.92757],[-89.50651,35.93102],[-89.50613,35.93324],[-89.50669,35.93417],[-89.50724,35.93442],[-89.50872,35.93293],[-89.51095,35.93158],[-89.51288,35.92957],[-89.51518,35.92816],[-89.5181,35.92781],[-89.51895,35.92866],[-89.5182,35.93032],[-89.521,35.93316],[-89.52202,35.93399],[-89.52323,35.93281],[-89.52533,35.93194],[-89.52771,35.93013],[-89.52932,35.9296],[-89.53722,35.9303],[-89.5391,35.93102],[-89.54189,35.93277],[-89.54396,35.93468],[-89.54646,35.93551],[-89.55079,35.93409],[-89.55365,35.93646],[-89.55556,35.9366],[-89.55796,35.9377],[-89.558,35.93579],[-89.55911,35.93467],[-89.56218,35.93444],[-89.5617,35.93227],[-89.56236,35.93119],[-89.56488,35.9309],[-89.56618,35.93127],[-89.56747,35.93054],[-89.56623,35.92884],[-89.56625,35.92789],[-89.56916,35.92577],[-89.5704,35.92631],[-89.57154,35.92841],[-89.57437,35.93008],[-89.57534,35.93013],[-89.57762,35.92707],[-89.57809,35.92509],[-89.57907,35.92464],[-89.58147,35.92694],[-89.58409,35.92656],[-89.58757,35.92865],[-89.58891,35.92846],[-89.5904,35.92691],[-89.59591,35.9233],[-89.60022,35.92167],[-89.60825,35.91996],[-89.61434,35.91946],[-89.61644,35.91961],[-89.61883,35.92053],[-89.62323,35.92037],[-89.62626,35.92218],[-89.63134,35.92413],[-89.63596,35.92366],[-89.63731,35.92317],[-89.64005,35.92002],[-89.64063,35.91834],[-89.6384,35.91367],[-89.63852,35.90871],[-89.63902,35.90726],[-89.64107,35.90624],[-89.641,35.90699],[-89.64265,35.91591],[-89.64431,35.92094],[-89.65027,35.92766],[-89.65403,35.93018],[-89.66478,35.93474],[-89.66966,35.93769],[-89.67548,35.94159],[-89.69591,35.95073],[-89.71401,35.95981],[-89.7185,35.96312],[-89.72168,35.96767],[-89.72403,35.9808],[-89.72292,35.98906],[-89.72749,35.9928],[-89.7311,35.99662],[-89.73306,36.00081],[-89.70693,36.00098],[-89.70568,36.00502],[-89.70357,36.00804],[-89.69244,36.02051],[-89.68858,36.02924],[-89.68725,36.03405],[-89.68537,36.04589],[-89.68444,36.05172],[-89.68195,36.07234],[-89.68003,36.08249],[-89.67882,36.08464],[-89.67246,36.09184],[-89.6666,36.0958],[-89.65771,36.09913],[-89.64302,36.10362],[-89.6283,36.10685],[-89.62508,36.10813],[-89.62124,36.11032],[-89.61513,36.11382],[-89.61288,36.11478],[-89.60194,36.11947],[-89.59895,36.12178],[-89.594,36.12719],[-89.59307,36.1297],[-89.5921,36.13564],[-89.5916,36.1441],[-89.59221,36.15012],[-89.5944,36.15546],[-89.59864,36.16143],[-89.60087,36.16456],[-89.607,36.17118],[-89.61399,36.17665],[-89.61823,36.17997],[-89.6238,36.18313],[-89.62945,36.18538],[-89.63689,36.18895],[-89.64479,36.1941],[-89.65488,36.20153],[-89.65817,36.2033],[-89.66414,36.20652],[-89.67254,36.21164],[-89.67955,36.21591],[-89.68509,36.21975],[-89.69263,36.22496],[-89.69968,36.23082],[-89.70039,36.23152],[-89.70446,36.23547],[-89.70525,36.23657],[-89.70554,36.23814],[-89.70533,36.2399],[-89.70351,36.24341],[-89.70064,36.24727],[-89.69982,36.24838],[-89.69857,36.25059],[-89.69523,36.25277],[-89.69379,36.25251],[-89.69131,36.25208],[-89.68623,36.24951],[-89.67805,36.24828],[-89.65252,36.25069],[-89.64218,36.24949],[-89.63679,36.24808],[-89.62442,36.2433],[-89.61114,36.23927],[-89.60651,36.23833],[-89.60237,36.23811],[-89.58733,36.23948],[-89.57754,36.24226],[-89.57393,36.24384],[-89.565,36.25007],[-89.56221,36.25091],[-89.55799,36.25104],[-89.55356,36.25034],[-89.54895,36.2482],[-89.54474,36.24748],[-89.54162,36.24789],[-89.53923,36.24882],[-89.53474,36.25258],[-89.53451,36.2618],[-89.53553,36.27054],[-89.53726,36.27435],[-89.53767,36.27528],[-89.53949,36.27737],[-89.5448,36.28046],[-89.54658,36.28044],[-89.54922,36.27875],[-89.55429,36.27775],[-89.57849,36.28832],[-89.58434,36.29334],[-89.58982,36.29681],[-89.61182,36.30909],[-89.61924,36.32073],[-89.62017,36.32281],[-89.62025,36.32301],[-89.6198,36.32955],[-89.61584,36.33608],[-89.61069,36.34044],[-89.60567,36.34223],[-89.60054,36.34298],[-89.58164,36.34236],[-89.56044,36.33775],[-89.54501,36.33681],[-89.53808,36.3375],[-89.53182,36.33925],[-89.52703,36.34168],[-89.52269,36.34479],[-89.519,36.3486],[-89.51318,36.3599],[-89.51118,36.36784],[-89.50972,36.37363],[-89.50956,36.37506],[-89.51038,36.37836],[-89.51396,36.38489],[-89.52529,36.40045],[-89.54234,36.4201],[-89.54422,36.42368],[-89.54525,36.42708],[-89.5455,36.4307],[-89.54506,36.43491],[-89.54341,36.43877],[-89.54087,36.44156],[-89.52727,36.45155],[-89.52519,36.45399],[-89.52343,36.45657],[-89.52102,36.46193],[-89.51972,36.467],[-89.51968,36.46871],[-89.5195,36.47542],[-89.52064,36.47867],[-89.52267,36.4813],[-89.53452,36.49143],[-89.53851,36.49693],[-89.53923,36.49793],[-89.49804,36.49789],[-89.49254,36.49777],[-89.48543,36.49749],[-89.48671,36.49495],[-89.49349,36.4787],[-89.49425,36.47597],[-89.49407,36.47322],[-89.4932,36.47012],[-89.49067,36.46553],[-89.48621,36.46162],[-89.47653,36.45785],[-89.47172,36.457],[-89.46415,36.45719],[-89.46044,36.45814],[-89.45308,36.46128],[-89.44847,36.46442],[-89.43676,36.47443],[-89.42931,36.48188],[-89.42294,36.48938],[-89.41977,36.4939],[-89.41727,36.49901],[-89.40391,36.49914],[-89.39104,36.49908],[-89.38179,36.50006],[-89.38008,36.50042],[-89.35659,36.50219],[-89.34605,36.50321],[-89.30028,36.50715],[-89.2823,36.50678],[-89.27909,36.50651],[-89.25634,36.50621],[-89.21141,36.50563],[-89.16343,36.50453],[-89.16322,36.50452],[-89.16026,36.50446],[-89.12,36.50365],[-89.1198,36.50365],[-89.11754,36.5036],[-89.09015,36.50339],[-89.07241,36.50325],[-89.07212,36.50325],[-89.05887,36.50316],[-89.03465,36.50296],[-89.01044,36.50271],[-89.00682,36.50268],[-89.00006,36.50263],[-88.96447,36.50219],[-88.96417,36.50219],[-88.91984,36.50221],[-88.89951,36.50222],[-88.89934,36.50221],[-88.89456,36.50205],[-88.88628,36.50176],[-88.88456,36.5017],[-88.87579,36.50237],[-88.87472,36.50245],[-88.87161,36.50248],[-88.87155,36.50248],[-88.85929,36.50263],[-88.85526,36.50267],[-88.84356,36.50281],[-88.83654,36.50289],[-88.83487,36.50291],[-88.83463,36.50291],[-88.8273,36.50285],[-88.82701,36.50285],[-88.81677,36.50282],[-88.79959,36.50276],[-88.74752,36.50283],[-88.72836,36.50273],[-88.71527,36.50266],[-88.71525,36.50266],[-88.70055,36.50255],[-88.66146,36.50225],[-88.66113,36.50224],[-88.57728,36.50194],[-88.54519,36.50181],[-88.54489,36.50181],[-88.51643,36.50143],[-88.51635,36.50143],[-88.51227,36.50151],[-88.51192,36.50146],[-88.48921,36.50107],[-88.48908,36.50107],[-88.47256,36.50103],[-88.45254,36.50087],[-88.45016,36.5011],[-88.43011,36.5009],[-88.41636,36.50076],[-88.3308,36.50053],[-88.33039,36.50053],[-88.32606,36.50048],[-88.32589,36.50048],[-88.32093,36.50043],[-88.32079,36.50043],[-88.30932,36.50032],[-88.17606,36.49902],[-88.13773,36.49864],[-88.12738,36.49854],[-88.08822,36.4978],[-88.05329,36.49713],[-88.05509,36.49473],[-88.05668,36.49111],[-88.05692,36.48947],[-88.05632,36.48443],[-88.05561,36.48236],[-88.0525,36.4752],[-88.05201,36.47127],[-88.05224,36.46906],[-88.05281,36.46644],[-88.05403,36.46334],[-88.05631,36.45944],[-88.05905,36.45533],[-88.06107,36.45151],[-88.06174,36.44956],[-88.06195,36.44698],[-88.06146,36.44409],[-88.06045,36.44198],[-88.05848,36.43922],[-88.05538,36.43636],[-88.05139,36.43386],[-88.04726,36.43087],[-88.04098,36.42573],[-88.04022,36.4249],[-88.03598,36.42032],[-88.03554,36.41573],[-88.03448,36.41179],[-88.03324,36.40952],[-88.0274,36.40235],[-88.02434,36.39925],[-88.0214,36.39765],[-88.01917,36.39704],[-88.01613,36.39487],[-88.0151,36.39341],[-88.00709,36.38025],[-88.00474,36.37505],[-88.00243,36.37075],[-87.99875,36.36571],[-87.99429,36.36194],[-87.99092,36.36013],[-87.98856,36.35975],[-87.98367,36.35686],[-87.98274,36.35608],[-87.98074,36.35331],[-87.97879,36.35059],[-87.97605,36.34601],[-87.97297,36.34218],[-87.97068,36.33862],[-87.96932,36.3344],[-87.96956,36.33194],[-87.96865,36.32723],[-87.96662,36.32527],[-87.96175,36.32268],[-87.96056,36.32122],[-87.95584,36.31222],[-87.95464,36.30859],[-87.95101,36.29553],[-87.94979,36.29219],[-87.94765,36.28531],[-87.94691,36.28208],[-87.94558,36.27409],[-87.94521,36.27008],[-87.94514,36.26551],[-87.94429,36.26418],[-87.9453,36.25895],[-87.94655,36.25637],[-87.94633,36.25404],[-87.9476,36.25104],[-87.94804,36.2472],[-87.9496,36.24316],[-87.95079,36.23872],[-87.95098,36.23397],[-87.95185,36.22942],[-87.95179,36.22532],[-87.95164,36.22232],[-87.95076,36.21981],[-87.94894,36.21678],[-87.94421,36.21182],[-87.94247,36.20944],[-87.94108,36.20677],[-87.93978,36.20222],[-87.93993,36.19994],[-87.93955,36.19761],[-87.93653,36.18967],[-87.93482,36.18592],[-87.93344,36.18382],[-87.92843,36.1794],[-87.92425,36.17636],[-87.91999,36.1718],[-87.91676,36.16558],[-87.91593,36.16244],[-87.91565,36.16075],[-87.91596,36.15482],[-87.91632,36.15221],[-87.9176,36.14697],[-87.91807,36.14382],[-87.91846,36.13862],[-87.91842,36.13432],[-87.91904,36.13005],[-87.92082,36.12506],[-87.92248,36.12233],[-87.9253,36.1197],[-87.93336,36.11297],[-87.93797,36.10886],[-87.9386,36.10686],[-87.93994,36.10239],[-87.94309,36.09784],[-87.95122,36.08926],[-87.95487,36.0843],[-87.95861,36.07743],[-87.95974,36.07586],[-87.96312,36.07232],[-87.97003,36.06666],[-87.97624,36.06075],[-87.97811,36.05903],[-87.98596,36.05071],[-87.98811,36.04818],[-87.98914,36.04669],[-87.99344,36.03859],[-88.00047,36.02878],[-88.00088,36.02784],[-88.00162,36.0233],[-88.00067,36.01745],[-87.99981,36.01461],[-87.99923,36.00789],[-87.99928,36.00267],[-88.00174,35.99546],[-88.00452,35.99216],[-88.00672,35.99089],[-88.01428,35.98654],[-88.01773,35.9837],[-88.01933,35.98169],[-88.02042,35.97997],[-88.02171,35.97586],[-88.02263,35.9695],[-88.02239,35.96582],[-88.02101,35.96118],[-88.0156,35.95067],[-88.01293,35.94665],[-88.00903,35.94459],[-88.00097,35.94146],[-88.00003,35.94082],[-87.99376,35.93943],[-87.98782,35.93891],[-87.97417,35.93721],[-87.9665,35.93747],[-87.95322,35.93915],[-87.94615,35.93965],[-87.93702,35.93994],[-87.93166,35.93986],[-87.92982,35.93905],[-87.92795,35.9374],[-87.92668,35.93557],[-87.92598,35.93285],[-87.92583,35.93043],[-87.92622,35.9241],[-87.92728,35.91622],[-87.92774,35.91112],[-87.92885,35.90512],[-87.93301,35.89265],[-87.93514,35.88432],[-87.93694,35.87506],[-87.93871,35.86997],[-87.94033,35.86599],[-87.94476,35.85907],[-87.94868,35.85453],[-87.96274,35.84092],[-87.96446,35.83885],[-87.96695,35.83476],[-87.96899,35.82883],[-87.9698,35.82465],[-87.97074,35.81571],[-87.9844,35.81696],[-87.98683,35.81632],[-87.98987,35.8162],[-87.99293,35.81275],[-87.99467,35.81256],[-87.99629,35.8113],[-87.99867,35.81155],[-87.99953,35.81261],[-88.00258,35.81362],[-88.00361,35.81638],[-88.00693,35.81628],[-88.00869,35.81512],[-88.01143,35.81576],[-88.01419,35.81375],[-88.01372,35.81203],[-88.01543,35.81202],[-88.01734,35.81111],[-88.02107,35.81172],[-88.02358,35.81101],[-88.02819,35.81102],[-88.02663,35.82958],[-88.02669,35.83195],[-88.02883,35.83268],[-88.02862,35.83717],[-88.0302,35.8379],[-88.0295,35.8398],[-88.03052,35.83978],[-88.03355,35.84366],[-88.03522,35.84408],[-88.03698,35.84265],[-88.03897,35.8434],[-88.04261,35.84279],[-88.044,35.84453],[-88.04792,35.84705],[-88.05156,35.8479],[-88.05177,35.84997],[-88.06146,35.85033],[-88.06201,35.84504],[-88.07498,35.84504],[-88.07628,35.84245],[-88.08082,35.8398],[-88.08269,35.83951],[-88.0838,35.8383],[-88.08452,35.83777],[-88.08427,35.84155],[-88.08422,35.84269],[-88.08584,35.84262],[-88.08859,35.84253],[-88.13807,35.84529],[-88.15296,35.84548],[-88.16234,35.84527],[-88.173,35.84589],[-88.17786,35.84584],[-88.17918,35.81679],[-88.20603,35.81738],[-88.25244,35.81849],[-88.26524,35.81882],[-88.27184,35.81887],[-88.36972,35.82104],[-88.37794,35.82124],[-88.3864,35.82117],[-88.38654,35.82117],[-88.38887,35.82121],[-88.38945,35.82126],[-88.39059,35.82136],[-88.40561,35.82176],[-88.4431,35.82255],[-88.49684,35.82381],[-88.50045,35.82346],[-88.50688,35.82359],[-88.50923,35.82364],[-88.56905,35.82483],[-88.56955,35.82445],[-88.57153,35.8227],[-88.57102,35.81857],[-88.57146,35.8152],[-88.57482,35.81588],[-88.57588,35.81657],[-88.57925,35.81688],[-88.57997,35.81611],[-88.58353,35.81536],[-88.58722,35.81269],[-88.5893,35.81167],[-88.58937,35.80968],[-88.5943,35.8066],[-88.59308,35.80456],[-88.59475,35.80394],[-88.59589,35.80222],[-88.59755,35.80289],[-88.59939,35.80187],[-88.59984,35.78916],[-88.6,35.78919],[-88.60686,35.78935],[-88.64475,35.79019],[-88.66986,35.79067],[-88.67049,35.79058],[-88.70681,35.79107],[-88.76063,35.79237],[-88.78785,35.79325],[-88.78911,35.79329],[-88.80102,35.79366],[-88.81001,35.79395],[-88.83011,35.79457],[-88.86767,35.79569],[-88.88752,35.79633],[-88.89323,35.79658],[-88.91112,35.79734],[-88.91618,35.79731],[-88.91712,35.79683],[-88.91361,35.79445],[-88.91258,35.79281],[-88.91211,35.79058],[-88.91096,35.79029],[-88.91013,35.79135],[-88.90912,35.78989],[-88.90734,35.79076],[-88.90539,35.79065],[-88.9014,35.7872],[-88.89917,35.78839],[-88.89794,35.78801],[-88.89725,35.78511],[-88.89557,35.78527],[-88.8948,35.78655],[-88.89426,35.78487],[-88.89294,35.78384],[-88.94211,35.74045],[-88.9683,35.71749],[-88.97135,35.71471],[-88.98425,35.70343],[-89.01909,35.67279],[-89.02096,35.67105],[-89.02311,35.67193],[-89.02466,35.67183],[-89.0267,35.67301],[-89.02768,35.67419],[-89.02757,35.67527],[-89.03169,35.67467],[-89.03197,35.6759],[-89.03383,35.67539],[-89.0351,35.67678],[-89.03496,35.67831],[-89.03662,35.67845],[-89.03939,35.67781],[-89.04239,35.6782],[-89.04346,35.67778],[-89.04489,35.67841],[-89.04401,35.67959],[-89.04464,35.68016],[-89.04809,35.68055],[-89.04927,35.67998],[-89.05295,35.68044],[-89.05401,35.68315],[-89.05494,35.68349],[-89.05658,35.68204],[-89.05501,35.68132],[-89.05721,35.68089],[-89.05834,35.68242],[-89.05907,35.68229],[-89.06014,35.67959],[-89.06128,35.68265],[-89.05961,35.68258],[-89.06064,35.68437],[-89.06242,35.68388],[-89.06394,35.68471],[-89.06229,35.6868],[-89.06259,35.6874],[-89.06467,35.68637],[-89.06526,35.68706],[-89.06417,35.68882],[-89.06477,35.68956],[-89.06316,35.68966],[-89.06336,35.69065],[-89.06673,35.69144],[-89.0679,35.69066],[-89.06909,35.69101],[-89.0678,35.69224],[-89.06819,35.69311],[-89.06954,35.69268],[-89.07078,35.69246],[-89.07327,35.69394],[-89.07374,35.69516],[-89.07573,35.69326],[-89.07663,35.69456],[-89.07539,35.69557],[-89.0758,35.69619],[-89.07806,35.69549],[-89.07912,35.69589],[-89.0794,35.69728],[-89.08329,35.69702],[-89.08302,35.69575],[-89.08474,35.69454],[-89.08744,35.695],[-89.08919,35.69789],[-89.09298,35.69871],[-89.09431,35.6978],[-89.09792,35.69878],[-89.09922,35.70032],[-89.09953,35.70047],[-89.10024,35.70179],[-89.10101,35.7015],[-89.1032,35.69936],[-89.10549,35.69876],[-89.10835,35.6998],[-89.10983,35.70139],[-89.11067,35.70003],[-89.11176,35.69981],[-89.11495,35.70061],[-89.11696,35.69924],[-89.12201,35.70436],[-89.12855,35.70994],[-89.14225,35.71982],[-89.15611,35.72805],[-89.16512,35.73246],[-89.17365,35.7365],[-89.18242,35.74008],[-89.18968,35.74272],[-89.20443,35.74716],[-89.22367,35.75079],[-89.22998,35.75139],[-89.2404,35.7529],[-89.27122,35.75492],[-89.27072,35.75727],[-89.27171,35.75911],[-89.27328,35.75937],[-89.27379,35.76064],[-89.27822,35.76277],[-89.2779,35.76481],[-89.27955,35.76519],[-89.28013,35.76636],[-89.28178,35.76705],[-89.28179,35.76829],[-89.28368,35.76898],[-89.28508,35.77032],[-89.28687,35.77045],[-89.2862,35.77201],[-89.28762,35.77316],[-89.29049,35.77393],[-89.292,35.77338],[-89.2937,35.77175],[-89.29562,35.7719],[-89.29553,35.77352],[-89.29742,35.77391],[-89.29767,35.77194],[-89.2994,35.77231],[-89.30153,35.77397],[-89.30389,35.77396],[-89.30426,35.77185],[-89.30555,35.77166],[-89.30751,35.77404],[-89.3095,35.77292],[-89.31141,35.77455],[-89.31442,35.77611],[-89.31721,35.77834],[-89.31745,35.77954],[-89.32001,35.78053],[-89.32083,35.78209],[-89.3228,35.7835],[-89.32319,35.78441],[-89.32483,35.7851],[-89.32596,35.78712],[-89.32525,35.78858],[-89.32598,35.78867],[-89.32801,35.7871],[-89.33106,35.78765],[-89.33303,35.78908],[-89.33404,35.78889],[-89.33362,35.79043],[-89.33581,35.78992],[-89.33618,35.79191],[-89.33836,35.79141],[-89.33804,35.78916],[-89.33978,35.79071],[-89.34005,35.79365],[-89.34255,35.79221],[-89.34662,35.7968],[-89.34431,35.79691],[-89.34533,35.7981],[-89.34322,35.79883],[-89.34488,35.80157],[-89.3467,35.80207],[-89.34504,35.80275],[-89.34731,35.80376],[-89.34743,35.80695],[-89.34975,35.80949],[-89.35114,35.81018],[-89.3505,35.81209],[-89.35198,35.81214],[-89.35235,35.80985],[-89.35426,35.80911],[-89.35379,35.81213],[-89.3563,35.81428],[-89.35603,35.81764],[-89.35579,35.81922],[-89.35867,35.81993],[-89.35857,35.82096],[-89.36135,35.82247],[-89.36154,35.82371],[-89.36049,35.82545],[-89.36031,35.82825],[-89.35831,35.82892],[-89.35836,35.83103]]]}},{"type":"Feature","properties":{"name":"Pick Up Upper Cumberland","boundary_type":"places","source":"Census TIGER place","fidelity":"exact","updated":"2026-09","units":"Cookeville city; Algood city; Baxter town; Monterey town","note":"Four municipalities in Putnam County","confidence":0.8},"geometry":{"type":"MultiPolygon","coordinates":[[[[-85.2717,36.15443],[-85.26735,36.15766],[-85.26287,36.15376],[-85.26152,36.15419],[-85.25514,36.15889],[-85.25357,36.15764],[-85.25133,36.15754],[-85.25144,36.15566],[-85.24621,36.15091],[-85.25054,36.1478],[-85.24772,36.14442],[-85.24723,36.1429],[-85.24806,36.14162],[-85.24997,36.14063],[-85.24797,36.13877],[-85.24682,36.139],[-85.2461,36.13763],[-85.24766,36.13642],[-85.24845,36.13692],[-85.2491,36.13785],[-85.25306,36.13499],[-85.24855,36.1285],[-85.24601,36.1257],[-85.24408,36.12473],[-85.24451,36.12338],[-85.24226,36.12241],[-85.24251,36.12114],[-85.24462,36.11848],[-85.24691,36.11729],[-85.2511,36.12131],[-85.24575,36.12514],[-85.24701,36.12618],[-85.25338,36.13476],[-85.25914,36.13061],[-85.2605,36.12963],[-85.2674,36.13593],[-85.2686,36.13507],[-85.27434,36.14026],[-85.27491,36.14027],[-85.2824,36.13513],[-85.28582,36.13913],[-85.28443,36.1401],[-85.28489,36.14088],[-85.2838,36.14054],[-85.27871,36.14421],[-85.28188,36.14722],[-85.27976,36.14875],[-85.2867,36.15489],[-85.28351,36.15689],[-85.27894,36.16062],[-85.2785,36.15994],[-85.2717,36.15443]]],[[[-85.58397,36.13748],[-85.58584,36.14032],[-85.58827,36.14045],[-85.58245,36.14334],[-85.58339,36.14531],[-85.57922,36.14518],[-85.57721,36.14977],[-85.57436,36.15008],[-85.57165,36.15243],[-85.56742,36.15417],[-85.56716,36.15933],[-85.56765,36.15889],[-85.57166,36.16294],[-85.57339,36.16318],[-85.57321,36.16545],[-85.57109,36.16531],[-85.5705,36.17006],[-85.57027,36.172],[-85.56861,36.17235],[-85.57102,36.17384],[-85.57088,36.17529],[-85.56892,36.1757],[-85.56816,36.17733],[-85.56617,36.17746],[-85.56595,36.17957],[-85.5644,36.17951],[-85.56426,36.18058],[-85.56289,36.18052],[-85.56319,36.17836],[-85.56219,36.18049],[-85.56096,36.1798],[-85.56115,36.17842],[-85.55441,36.17787],[-85.55564,36.17629],[-85.55453,36.1757],[-85.55398,36.17735],[-85.55222,36.17723],[-85.54791,36.17745],[-85.54498,36.17847],[-85.54503,36.18162],[-85.54448,36.18551],[-85.5425,36.18542],[-85.54215,36.18371],[-85.53854,36.18423],[-85.53636,36.18411],[-85.53533,36.18315],[-85.5353,36.18082],[-85.53448,36.18146],[-85.53396,36.18335],[-85.52911,36.18374],[-85.52558,36.1828],[-85.52404,36.18283],[-85.5248,36.18653],[-85.52296,36.18644],[-85.52392,36.19038],[-85.52168,36.1902],[-85.52126,36.19278],[-85.52061,36.19829],[-85.51579,36.19788],[-85.51347,36.1984],[-85.51158,36.19647],[-85.51185,36.19543],[-85.51185,36.19451],[-85.51061,36.19421],[-85.50353,36.1975],[-85.50286,36.19736],[-85.50285,36.19705],[-85.50124,36.19687],[-85.50093,36.19666],[-85.50007,36.19671],[-85.49941,36.19623],[-85.49969,36.19673],[-85.49977,36.19763],[-85.5005,36.19819],[-85.49997,36.19847],[-85.49956,36.19837],[-85.49904,36.19847],[-85.49878,36.19751],[-85.49888,36.19684],[-85.4976,36.19688],[-85.49706,36.19686],[-85.49565,36.19688],[-85.49572,36.19638],[-85.4931,36.19615],[-85.49265,36.20018],[-85.49083,36.19909],[-85.49078,36.1993],[-85.48577,36.19897],[-85.48285,36.19842],[-85.48359,36.19156],[-85.48487,36.19095],[-85.48019,36.19076],[-85.47549,36.19048],[-85.47526,36.19219],[-85.47193,36.19199],[-85.47158,36.19438],[-85.46562,36.19423],[-85.46366,36.19494],[-85.46134,36.19284],[-85.46106,36.19262],[-85.46033,36.19868],[-85.45934,36.20298],[-85.45901,36.20444],[-85.45873,36.20621],[-85.46118,36.20645],[-85.46104,36.20741],[-85.45862,36.20717],[-85.45864,36.20981],[-85.45601,36.21341],[-85.4543,36.21328],[-85.4533,36.21713],[-85.45425,36.21988],[-85.45354,36.22104],[-85.45418,36.22217],[-85.45291,36.22442],[-85.44964,36.22346],[-85.44119,36.22344],[-85.43963,36.22366],[-85.43814,36.22388],[-85.43725,36.22134],[-85.43548,36.2212],[-85.4344,36.21748],[-85.43539,36.21726],[-85.43629,36.21968],[-85.43726,36.21946],[-85.43679,36.21704],[-85.43869,36.21644],[-85.44171,36.21598],[-85.44171,36.21544],[-85.44189,36.20947],[-85.44081,36.20897],[-85.4358,36.20896],[-85.43268,36.20995],[-85.42896,36.21243],[-85.42834,36.21089],[-85.42571,36.2115],[-85.42105,36.21159],[-85.4212,36.21271],[-85.41887,36.21336],[-85.41907,36.21097],[-85.41916,36.20997],[-85.42147,36.20945],[-85.42577,36.20961],[-85.42889,36.20858],[-85.43121,36.19197],[-85.43569,36.19198],[-85.44373,36.18548],[-85.44438,36.18492],[-85.44725,36.18511],[-85.44736,36.1843],[-85.4447,36.18426],[-85.44542,36.17963],[-85.44767,36.17673],[-85.45149,36.17763],[-85.45228,36.17472],[-85.45436,36.17485],[-85.45458,36.17276],[-85.45173,36.17251],[-85.45137,36.16848],[-85.44429,36.16811],[-85.44403,36.1702],[-85.44197,36.16827],[-85.44435,36.16746],[-85.44461,36.16454],[-85.44608,36.16351],[-85.44912,36.16363],[-85.45111,36.15238],[-85.45429,36.14738],[-85.45447,36.14509],[-85.45518,36.14527],[-85.45419,36.14331],[-85.44926,36.14314],[-85.44865,36.14224],[-85.44754,36.13681],[-85.44855,36.13376],[-85.45003,36.13143],[-85.45322,36.13135],[-85.45475,36.13178],[-85.45324,36.13554],[-85.4579,36.13571],[-85.46045,36.13541],[-85.46042,36.13393],[-85.46489,36.13238],[-85.46461,36.13015],[-85.46208,36.12997],[-85.46351,36.12905],[-85.4632,36.12611],[-85.46628,36.12503],[-85.46805,36.12228],[-85.47027,36.12443],[-85.4717,36.12554],[-85.47389,36.12406],[-85.47404,36.12421],[-85.47674,36.12216],[-85.47489,36.12048],[-85.47571,36.11451],[-85.47609,36.11215],[-85.47475,36.11013],[-85.47745,36.1089],[-85.47925,36.10899],[-85.47743,36.10477],[-85.47944,36.10465],[-85.48125,36.10578],[-85.48241,36.10579],[-85.48174,36.10216],[-85.48564,36.09701],[-85.4862,36.09522],[-85.48546,36.09321],[-85.48953,36.094],[-85.49209,36.098],[-85.49591,36.0984],[-85.49713,36.09726],[-85.49643,36.09608],[-85.49549,36.09623],[-85.4945,36.09446],[-85.49538,36.09402],[-85.49671,36.09499],[-85.49775,36.09415],[-85.49478,36.09191],[-85.49458,36.09126],[-85.49771,36.08781],[-85.50051,36.09001],[-85.50264,36.09121],[-85.5044,36.09014],[-85.50356,36.08833],[-85.4991,36.08778],[-85.49922,36.08593],[-85.49993,36.0848],[-85.50174,36.08359],[-85.50065,36.08163],[-85.50067,36.08038],[-85.50095,36.08042],[-85.50629,36.08183],[-85.50768,36.08201],[-85.51395,36.08141],[-85.51274,36.08255],[-85.51413,36.08466],[-85.51593,36.08425],[-85.5161,36.08778],[-85.51927,36.08864],[-85.51923,36.09339],[-85.52136,36.0939],[-85.52283,36.09529],[-85.52415,36.09773],[-85.52612,36.09838],[-85.52934,36.10156],[-85.52822,36.1038],[-85.52786,36.10549],[-85.52162,36.10494],[-85.51972,36.11329],[-85.5197,36.11635],[-85.52053,36.11814],[-85.52029,36.11943],[-85.51633,36.11921],[-85.51478,36.11915],[-85.51466,36.1207],[-85.51479,36.12264],[-85.51774,36.12125],[-85.51805,36.12411],[-85.51942,36.12469],[-85.52214,36.12438],[-85.52241,36.12296],[-85.52587,36.12403],[-85.52599,36.12333],[-85.53222,36.12403],[-85.53163,36.1275],[-85.53453,36.12777],[-85.53566,36.12716],[-85.53639,36.12476],[-85.53852,36.12609],[-85.53898,36.12466],[-85.54157,36.12447],[-85.54356,36.12524],[-85.5443,36.12758],[-85.54709,36.12743],[-85.54727,36.12617],[-85.55212,36.12654],[-85.55208,36.12485],[-85.55577,36.12514],[-85.55558,36.12634],[-85.5666,36.12719],[-85.56675,36.12683],[-85.57157,36.12768],[-85.57731,36.12869],[-85.58154,36.12848],[-85.58115,36.12526],[-85.59325,36.12625],[-85.59728,36.12645],[-85.59856,36.12661],[-85.59784,36.13051],[-85.59943,36.13059],[-85.5933,36.13437],[-85.59126,36.13529],[-85.58397,36.13748]],[[-85.46088,36.17157],[-85.45847,36.17148],[-85.45823,36.17516],[-85.46065,36.17522],[-85.46052,36.17394],[-85.46088,36.17157]]],[[[-85.65615,36.16801],[-85.65141,36.16645],[-85.64566,36.16918],[-85.63011,36.17094],[-85.62856,36.17186],[-85.6278,36.17121],[-85.62642,36.17135],[-85.62441,36.17174],[-85.62258,36.17171],[-85.62151,36.17138],[-85.61685,36.17044],[-85.61331,36.17053],[-85.61347,36.16932],[-85.62266,36.17144],[-85.62549,36.17135],[-85.62621,36.17128],[-85.62665,36.16841],[-85.6266,36.16185],[-85.62386,36.16227],[-85.62092,36.16333],[-85.62058,36.16158],[-85.6212,36.15697],[-85.6273,36.15758],[-85.62728,36.15372],[-85.62769,36.14405],[-85.627,36.14308],[-85.627,36.14024],[-85.62153,36.13973],[-85.62101,36.14213],[-85.61373,36.14155],[-85.61442,36.14006],[-85.61459,36.13509],[-85.61741,36.1353],[-85.61857,36.1348],[-85.61619,36.13088],[-85.61632,36.12985],[-85.62027,36.13031],[-85.62079,36.131],[-85.62407,36.13126],[-85.62427,36.13235],[-85.62742,36.13252],[-85.62815,36.13335],[-85.63145,36.13291],[-85.63347,36.1357],[-85.63457,36.1359],[-85.63413,36.13855],[-85.63159,36.1408],[-85.63557,36.14332],[-85.63788,36.14598],[-85.643,36.14674],[-85.64492,36.14812],[-85.64901,36.14622],[-85.65058,36.1491],[-85.64837,36.15219],[-85.65197,36.15249],[-85.65148,36.15681],[-85.65001,36.15802],[-85.65269,36.16419],[-85.65392,36.16591],[-85.65569,36.1663],[-85.66249,36.16969],[-85.66199,36.1703],[-85.66119,36.16987],[-85.661,36.1703],[-85.65615,36.16801]]]]}},{"type":"Feature","properties":{"name":"SETHRA Transit","boundary_type":"counties","source":"Census TIGER county","fidelity":"exact","updated":"2026-09","units":"Bledsoe County; Bradley County; Franklin County; Grundy County; Hamilton County; Marion County; McMinn County; Meigs County; Polk County; Rhea County; Sequatchie County","note":"Eleven-county regional demand-response service in Southeast Tennessee","confidence":0.95},"geometry":{"type":"Polygon","coordinates":[[[-85.55259,34.98403],[-85.60516,34.98468],[-85.61143,34.98478],[-85.61149,34.98478],[-85.61569,34.98484],[-85.69477,34.98609],[-85.70083,34.98619],[-85.70084,34.98619],[-85.70225,34.98621],[-85.72232,34.98653],[-85.72624,34.98659],[-85.7265,34.9866],[-85.74542,34.98689],[-85.74894,34.98695],[-85.75795,34.98709],[-85.79605,34.98769],[-85.80815,34.98789],[-85.82441,34.98814],[-85.82872,34.98817],[-85.86092,34.98836],[-85.86394,34.98838],[-86.06706,34.98961],[-86.06707,34.98961],[-86.06714,34.98961],[-86.06721,34.98961],[-86.15293,34.99014],[-86.25395,34.99075],[-86.31127,34.9911],[-86.31876,34.99115],[-86.32029,35.03279],[-86.32003,35.03758],[-86.31788,35.06265],[-86.31817,35.11098],[-86.31817,35.12699],[-86.31563,35.13006],[-86.31261,35.13432],[-86.31349,35.13504],[-86.31893,35.13605],[-86.3214,35.13696],[-86.32382,35.13961],[-86.3302,35.14372],[-86.33335,35.14648],[-86.3308,35.14854],[-86.32801,35.14945],[-86.32612,35.14851],[-86.32413,35.14902],[-86.32132,35.14726],[-86.31693,35.14648],[-86.31653,35.14885],[-86.31699,35.15035],[-86.31975,35.15309],[-86.31937,35.1587],[-86.31997,35.16132],[-86.31785,35.16695],[-86.31694,35.16863],[-86.31402,35.17156],[-86.31192,35.17231],[-86.3104,35.17195],[-86.30593,35.17177],[-86.30579,35.17338],[-86.30099,35.17318],[-86.30149,35.17738],[-86.30567,35.17821],[-86.3108,35.18106],[-86.31086,35.18212],[-86.30924,35.18373],[-86.30705,35.18496],[-86.30591,35.18639],[-86.30621,35.18745],[-86.3094,35.19032],[-86.31183,35.19551],[-86.31142,35.19622],[-86.30896,35.19648],[-86.30903,35.19809],[-86.30379,35.19708],[-86.30179,35.19878],[-86.30179,35.20008],[-86.30359,35.20458],[-86.30189,35.20658],[-86.29829,35.20508],[-86.29829,35.20738],[-86.29372,35.20729],[-86.29416,35.20969],[-86.29542,35.21238],[-86.29464,35.21638],[-86.29618,35.21647],[-86.29591,35.21806],[-86.30161,35.21695],[-86.30513,35.21687],[-86.30764,35.21761],[-86.31007,35.21704],[-86.30992,35.21531],[-86.31468,35.2153],[-86.31517,35.21826],[-86.31622,35.21975],[-86.31029,35.2198],[-86.30859,35.22011],[-86.30833,35.22241],[-86.29749,35.22219],[-86.29816,35.2229],[-86.29912,35.22618],[-86.29928,35.23083],[-86.30215,35.23131],[-86.30608,35.23118],[-86.30311,35.23469],[-86.3016,35.23524],[-86.29785,35.23353],[-86.29583,35.23168],[-86.2951,35.2332],[-86.2979,35.2356],[-86.29037,35.23881],[-86.28568,35.23731],[-86.28668,35.23896],[-86.28569,35.24218],[-86.28119,35.24176],[-86.27874,35.25008],[-86.27859,35.25308],[-86.28113,35.25268],[-86.28627,35.2568],[-86.28729,35.25688],[-86.28719,35.25968],[-86.28379,35.25958],[-86.28326,35.26148],[-86.27763,35.26025],[-86.27719,35.26298],[-86.28213,35.2636],[-86.28369,35.26398],[-86.28389,35.26798],[-86.28275,35.26791],[-86.2809,35.26868],[-86.27999,35.26878],[-86.27954,35.27114],[-86.27949,35.27128],[-86.27919,35.27248],[-86.27579,35.27228],[-86.27239,35.27318],[-86.26809,35.27158],[-86.26749,35.27668],[-86.27139,35.27818],[-86.27634,35.2783],[-86.27605,35.27992],[-86.27395,35.28056],[-86.27341,35.28614],[-86.26716,35.28571],[-86.26657,35.28999],[-86.26571,35.29164],[-86.26624,35.29766],[-86.26163,35.29751],[-86.26114,35.29637],[-86.25576,35.29583],[-86.25551,35.29672],[-86.25154,35.30397],[-86.25071,35.30588],[-86.25379,35.3061],[-86.2533,35.3096],[-86.25243,35.31099],[-86.25188,35.31515],[-86.24472,35.31488],[-86.24616,35.31814],[-86.24531,35.32405],[-86.25015,35.32472],[-86.25541,35.32779],[-86.26023,35.32765],[-86.26023,35.32892],[-86.26168,35.33011],[-86.26149,35.33358],[-86.26049,35.33748],[-86.25077,35.33686],[-86.25017,35.34464],[-86.23993,35.3445],[-86.23986,35.34159],[-86.23269,35.34118],[-86.23235,35.34367],[-86.22809,35.34338],[-86.22749,35.34748],[-86.21941,35.34687],[-86.21916,35.34857],[-86.21841,35.34727],[-86.21473,35.34812],[-86.21281,35.34692],[-86.21215,35.34488],[-86.21195,35.34347],[-86.20902,35.34235],[-86.20759,35.33785],[-86.20089,35.33755],[-86.19959,35.33748],[-86.20086,35.33527],[-86.19956,35.33516],[-86.19739,35.33498],[-86.19759,35.33348],[-86.18929,35.33898],[-86.19406,35.34448],[-86.1819,35.3517],[-86.17199,35.35758],[-86.17229,35.35265],[-86.1605,35.35157],[-86.16079,35.34918],[-86.15949,35.34918],[-86.15802,35.36261],[-86.10666,35.35481],[-86.03655,35.34374],[-86.03647,35.34437],[-86.02797,35.34384],[-86.02704,35.34384],[-86.0306,35.33964],[-86.03348,35.33516],[-86.02369,35.33435],[-86.0039,35.31932],[-86.00468,35.31628],[-86.00368,35.31757],[-86.00218,35.31688],[-86.00188,35.31468],[-85.99663,35.3148],[-85.99385,35.31549],[-85.9924,35.31515],[-85.99167,35.31352],[-85.99027,35.31311],[-85.9851,35.31689],[-85.98294,35.31792],[-85.97994,35.3182],[-85.97686,35.31718],[-85.97828,35.31472],[-85.97786,35.31324],[-85.97615,35.31221],[-85.97091,35.31208],[-85.96742,35.31009],[-85.9662,35.31038],[-85.9637,35.31294],[-85.96247,35.31471],[-85.96079,35.314],[-85.96057,35.31221],[-85.96115,35.31069],[-85.95992,35.30517],[-85.96015,35.30371],[-85.95914,35.30161],[-85.95816,35.3016],[-85.95697,35.30511],[-85.95717,35.30756],[-85.95662,35.3082],[-85.95424,35.30851],[-85.95041,35.30851],[-85.9492,35.30755],[-85.94677,35.30795],[-85.94574,35.3056],[-85.94403,35.30654],[-85.94305,35.30483],[-85.94578,35.30347],[-85.94847,35.30122],[-85.94894,35.29946],[-85.94746,35.29948],[-85.94718,35.29863],[-85.94588,35.29893],[-85.94326,35.29857],[-85.93971,35.30012],[-85.93777,35.30027],[-85.93419,35.29979],[-85.93273,35.29797],[-85.93216,35.29595],[-85.93359,35.29477],[-85.93134,35.29359],[-85.93081,35.29274],[-85.92751,35.2927],[-85.92743,35.29044],[-85.92583,35.29022],[-85.92504,35.29175],[-85.92351,35.29098],[-85.91978,35.29191],[-85.91785,35.29011],[-85.91567,35.29018],[-85.91359,35.28919],[-85.91196,35.29054],[-85.90982,35.29434],[-85.90693,35.29729],[-85.90999,35.30075],[-85.90924,35.3065],[-85.90714,35.30656],[-85.90554,35.31759],[-85.90083,35.31776],[-85.90083,35.32214],[-85.90399,35.32354],[-85.90216,35.32708],[-85.90488,35.33043],[-85.88108,35.3488],[-85.88046,35.36063],[-85.87498,35.36792],[-85.87263,35.37232],[-85.87182,35.37508],[-85.86948,35.38043],[-85.87509,35.38049],[-85.88336,35.38045],[-85.88409,35.38191],[-85.88698,35.38154],[-85.88689,35.38242],[-85.88448,35.39298],[-85.88922,35.44395],[-85.88806,35.45906],[-85.88669,35.46792],[-85.88558,35.48949],[-85.88504,35.4902],[-85.88466,35.49182],[-85.87953,35.49176],[-85.87812,35.50007],[-85.8771,35.50272],[-85.87623,35.50734],[-85.87691,35.50803],[-85.88313,35.50806],[-85.88097,35.50923],[-85.88217,35.51102],[-85.87918,35.51319],[-85.8782,35.51439],[-85.88281,35.51643],[-85.88548,35.51704],[-85.88266,35.51786],[-85.88202,35.51957],[-85.88046,35.51992],[-85.87947,35.52174],[-85.88025,35.52227],[-85.87873,35.52388],[-85.87696,35.5241],[-85.87553,35.52793],[-85.87402,35.52896],[-85.86638,35.52102],[-85.8643,35.52216],[-85.86237,35.5201],[-85.85863,35.51936],[-85.85695,35.52047],[-85.83292,35.5153],[-85.82033,35.50457],[-85.81531,35.50579],[-85.81736,35.51347],[-85.81591,35.51371],[-85.79131,35.51788],[-85.75357,35.52416],[-85.74998,35.52445],[-85.7481,35.52431],[-85.70326,35.52865],[-85.69583,35.52903],[-85.69431,35.52873],[-85.68988,35.52924],[-85.68385,35.52927],[-85.60733,35.53165],[-85.55753,35.53298],[-85.55671,35.5365],[-85.55328,35.5352],[-85.54613,35.53628],[-85.54474,35.54253],[-85.54357,35.54272],[-85.53299,35.54172],[-85.52989,35.54033],[-85.5268,35.54169],[-85.52341,35.5426],[-85.51698,35.54389],[-85.51347,35.54423],[-85.50478,35.54582],[-85.50354,35.54501],[-85.49575,35.54762],[-85.49393,35.54772],[-85.4864,35.54708],[-85.47446,35.54763],[-85.46915,35.54744],[-85.45986,35.54685],[-85.46016,35.55044],[-85.45585,35.55203],[-85.45498,35.55273],[-85.45352,35.55813],[-85.4238,35.56742],[-85.37497,35.61207],[-85.37437,35.61278],[-85.36003,35.62567],[-85.30542,35.67831],[-85.29581,35.68803],[-85.29128,35.6926],[-85.28747,35.6983],[-85.28625,35.69812],[-85.26539,35.72124],[-85.26743,35.72245],[-85.26788,35.72338],[-85.26633,35.72582],[-85.2678,35.72675],[-85.27029,35.7271],[-85.27082,35.72771],[-85.2708,35.7286],[-85.26822,35.72992],[-85.26764,35.73126],[-85.27052,35.7323],[-85.26984,35.73388],[-85.26756,35.73596],[-85.26779,35.73707],[-85.26913,35.73772],[-85.26675,35.74012],[-85.26499,35.74081],[-85.26624,35.74272],[-85.26788,35.74239],[-85.26901,35.74341],[-85.27043,35.74717],[-85.26818,35.74788],[-85.2659,35.74656],[-85.26507,35.74721],[-85.26487,35.75023],[-85.26189,35.75061],[-85.25966,35.75029],[-85.25936,35.7524],[-85.26023,35.7534],[-85.26227,35.75344],[-85.26439,35.75503],[-85.26344,35.75601],[-85.26137,35.75564],[-85.26084,35.7565],[-85.26377,35.75819],[-85.26553,35.75835],[-85.26577,35.76048],[-85.26408,35.76079],[-85.26218,35.76186],[-85.2596,35.76001],[-85.25807,35.76024],[-85.25474,35.76274],[-85.25629,35.76312],[-85.25689,35.76477],[-85.25406,35.76561],[-85.24984,35.76552],[-85.24677,35.7658],[-85.2265,35.76642],[-85.16511,35.7683],[-85.10341,35.76992],[-85.09128,35.76349],[-85.08496,35.76055],[-85.07383,35.76047],[-85.06184,35.76741],[-85.06113,35.76763],[-85.05297,35.76757],[-85.0515,35.76756],[-85.04874,35.76747],[-85.04114,35.77177],[-85.03262,35.75928],[-85.03212,35.75599],[-85.03429,35.75268],[-85.03257,35.74695],[-85.02879,35.74628],[-84.99994,35.75301],[-84.99388,35.75404],[-84.9812,35.75686],[-84.9383,35.76639],[-84.93104,35.76801],[-84.92854,35.76855],[-84.9284,35.76656],[-84.92609,35.76643],[-84.92609,35.76557],[-84.92424,35.7652],[-84.92254,35.76373],[-84.92161,35.76569],[-84.91899,35.7652],[-84.92067,35.76471],[-84.92054,35.76188],[-84.91959,35.76164],[-84.91606,35.76194],[-84.90513,35.77374],[-84.8824,35.77878],[-84.8776,35.78138],[-84.79865,35.8247],[-84.79794,35.82504],[-84.7819,35.825],[-84.78414,35.82411],[-84.7852,35.82295],[-84.7831,35.82066],[-84.78254,35.81899],[-84.783,35.81801],[-84.7848,35.81725],[-84.78739,35.8173],[-84.78929,35.81567],[-84.78919,35.81468],[-84.78492,35.81239],[-84.78154,35.81343],[-84.78028,35.81321],[-84.7781,35.81123],[-84.77165,35.80819],[-84.76919,35.80565],[-84.76545,35.79935],[-84.76342,35.79887],[-84.75778,35.7954],[-84.75113,35.79496],[-84.74692,35.794],[-84.74699,35.79211],[-84.74199,35.7903],[-84.73962,35.78749],[-84.73863,35.7834],[-84.73872,35.78121],[-84.73803,35.77929],[-84.73831,35.77759],[-84.74092,35.7749],[-84.74301,35.77423],[-84.74694,35.77486],[-84.7479,35.77429],[-84.75064,35.77437],[-84.75176,35.77264],[-84.75271,35.7726],[-84.75378,35.77034],[-84.75223,35.76739],[-84.7534,35.76496],[-84.75618,35.76339],[-84.75756,35.76082],[-84.75763,35.75821],[-84.75705,35.75696],[-84.75447,35.75439],[-84.75129,35.7529],[-84.74994,35.75267],[-84.74716,35.75116],[-84.74471,35.75047],[-84.7423,35.75035],[-84.73877,35.75134],[-84.73312,35.74865],[-84.73229,35.74872],[-84.73013,35.7521],[-84.72825,35.7512],[-84.72557,35.7528],[-84.72385,35.7529],[-84.72156,35.75223],[-84.71733,35.74702],[-84.71549,35.7452],[-84.71399,35.74199],[-84.69842,35.74181],[-84.69841,35.73271],[-84.69512,35.73268],[-84.69534,35.72492],[-84.69855,35.72502],[-84.69873,35.71787],[-84.67654,35.7175],[-84.67646,35.71049],[-84.67197,35.71038],[-84.67222,35.70294],[-84.66353,35.70284],[-84.66321,35.7102],[-84.6544,35.71002],[-84.65435,35.71729],[-84.64528,35.71709],[-84.64507,35.72444],[-84.63631,35.72429],[-84.63639,35.72038],[-84.62494,35.71319],[-84.62303,35.71178],[-84.62295,35.70792],[-84.61903,35.70788],[-84.61897,35.70339],[-84.62334,35.69988],[-84.62204,35.69724],[-84.61921,35.69608],[-84.6192,35.69484],[-84.62315,35.69231],[-84.62536,35.69171],[-84.62806,35.69012],[-84.62804,35.66225],[-84.62587,35.65887],[-84.61988,35.65886],[-84.61986,35.64465],[-84.58447,35.64442],[-84.5843,35.63309],[-84.56691,35.63324],[-84.56693,35.62977],[-84.55787,35.62965],[-84.55793,35.63697],[-84.54923,35.6369],[-84.54911,35.64111],[-84.5476,35.64133],[-84.54007,35.63669],[-84.53901,35.63779],[-84.53539,35.6337],[-84.53401,35.62956],[-84.53145,35.62946],[-84.53142,35.62812],[-84.52598,35.62811],[-84.52585,35.62419],[-84.52575,35.62229],[-84.52251,35.62227],[-84.52237,35.61863],[-84.52677,35.61867],[-84.54035,35.61943],[-84.54033,35.61174],[-84.52565,35.61178],[-84.526,35.60785],[-84.52513,35.6078],[-84.52271,35.60778],[-84.5227,35.60278],[-84.52261,35.60091],[-84.52262,35.60043],[-84.52094,35.60057],[-84.52029,35.60051],[-84.52066,35.59947],[-84.52072,35.5993],[-84.52266,35.59332],[-84.52261,35.59208],[-84.52261,35.59125],[-84.52262,35.5906],[-84.52262,35.58782],[-84.52263,35.58614],[-84.50479,35.58615],[-84.50475,35.57874],[-84.49974,35.57108],[-84.48947,35.55122],[-84.48843,35.54884],[-84.48784,35.54806],[-84.47692,35.52734],[-84.47567,35.52534],[-84.47168,35.51768],[-84.47112,35.51667],[-84.46411,35.50359],[-84.46333,35.50008],[-84.45954,35.49288],[-84.4573,35.48755],[-84.45427,35.48006],[-84.45284,35.47702],[-84.44977,35.4723],[-84.44603,35.46719],[-84.44328,35.46275],[-84.44321,35.46151],[-84.44514,35.45997],[-84.45233,35.45988],[-84.45223,35.45527],[-84.44304,35.45553],[-84.4406,35.45338],[-84.43863,35.45078],[-84.43811,35.44821],[-84.43403,35.44864],[-84.43605,35.44642],[-84.43441,35.44563],[-84.43434,35.44015],[-84.43824,35.43992],[-84.43884,35.43556],[-84.44351,35.43556],[-84.4436,35.43348],[-84.43733,35.43371],[-84.43662,35.4298],[-84.43815,35.42844],[-84.4373,35.42737],[-84.43647,35.42629],[-84.43653,35.42277],[-84.42955,35.42273],[-84.42665,35.41844],[-84.4264,35.41201],[-84.43093,35.41187],[-84.43083,35.40827],[-84.42633,35.40837],[-84.42633,35.40187],[-84.41979,35.40186],[-84.41987,35.40061],[-84.41767,35.40049],[-84.41756,35.40301],[-84.41443,35.40089],[-84.41407,35.39841],[-84.40923,35.39838],[-84.40923,35.39766],[-84.40922,35.35587],[-84.40694,35.3558],[-84.40687,35.3546],[-84.40681,35.3537],[-84.40912,35.35368],[-84.40932,35.34428],[-84.40062,35.34428],[-84.40102,35.33037],[-84.41052,35.33057],[-84.45344,35.31903],[-84.45471,35.31852],[-84.45773,35.31646],[-84.46136,35.31295],[-84.4656,35.31],[-84.46884,35.30874],[-84.47163,35.30684],[-84.47493,35.30531],[-84.47763,35.30334],[-84.48187,35.29949],[-84.48455,35.29544],[-84.49103,35.28897],[-84.49553,35.28547],[-84.49027,35.2835],[-84.43174,35.26158],[-84.42814,35.25981],[-84.41959,35.25702],[-84.35692,35.23368],[-84.36092,35.22668],[-84.34482,35.22038],[-84.35212,35.20728],[-84.34822,35.20573],[-84.34432,35.20428],[-84.34245,35.20744],[-84.34042,35.21088],[-84.33252,35.20778],[-84.32572,35.21938],[-84.29232,35.20669],[-84.29232,35.20668],[-84.29524,35.18244],[-84.29784,35.16835],[-84.29801,35.16747],[-84.30481,35.1217],[-84.30485,35.12141],[-84.30844,35.09317],[-84.30857,35.09278],[-84.30858,35.09276],[-84.31002,35.07888],[-84.31085,35.07255],[-84.31748,35.02196],[-84.31749,35.02184],[-84.32187,34.98841],[-84.34049,34.98832],[-84.35571,34.98825],[-84.37189,34.98817],[-84.38289,34.98812],[-84.38792,34.9881],[-84.39393,34.98807],[-84.3949,34.98803],[-84.45537,34.98803],[-84.50905,34.98803],[-84.50989,34.98801],[-84.56824,34.98818],[-84.62148,34.98833],[-84.62493,34.98798],[-84.68228,34.988],[-84.72743,34.98802],[-84.73102,34.98809],[-84.73849,34.98804],[-84.77585,34.9878],[-84.7761,34.9878],[-84.80813,34.98759],[-84.80918,34.98757],[-84.81048,34.98761],[-84.81074,34.98761],[-84.81728,34.98775],[-84.82048,34.98791],[-84.82401,34.98771],[-84.8318,34.988],[-84.85803,34.98775],[-84.85819,34.98775],[-84.86131,34.98779],[-84.88653,34.98783],[-84.89153,34.98784],[-84.9307,34.9879],[-84.93078,34.9879],[-84.93086,34.9879],[-84.93931,34.98792],[-84.9439,34.98787],[-84.94442,34.98786],[-84.95562,34.98783],[-84.97697,34.98767],[-84.97986,34.98765],[-84.98043,34.98764],[-85.04505,34.98686],[-85.04518,34.98688],[-85.04651,34.98688],[-85.06484,34.98677],[-85.08361,34.98665],[-85.09609,34.98658],[-85.1267,34.9864],[-85.12687,34.9864],[-85.13882,34.98632],[-85.1406,34.98631],[-85.14389,34.98629],[-85.15437,34.98623],[-85.17525,34.98611],[-85.18048,34.98608],[-85.18055,34.98607],[-85.1859,34.986],[-85.19231,34.98593],[-85.1957,34.98589],[-85.20136,34.98583],[-85.21654,34.98568],[-85.21655,34.98567],[-85.21785,34.98567],[-85.22055,34.98557],[-85.22185,34.98548],[-85.22792,34.98548],[-85.23035,34.98548],[-85.23041,34.98548],[-85.23555,34.98548],[-85.24218,34.98537],[-85.24229,34.98537],[-85.25481,34.98518],[-85.25495,34.98517],[-85.26505,34.98508],[-85.27302,34.985],[-85.27586,34.98497],[-85.27756,34.98497],[-85.2802,34.98492],[-85.28115,34.98491],[-85.28578,34.98482],[-85.28691,34.9848],[-85.2945,34.98465],[-85.29465,34.98465],[-85.301,34.98449],[-85.30149,34.98448],[-85.30546,34.98448],[-85.30546,34.98447],[-85.30826,34.98437],[-85.32282,34.98411],[-85.32742,34.98403],[-85.32743,34.98403],[-85.33327,34.98393],[-85.34247,34.98376],[-85.34439,34.98373],[-85.34537,34.98371],[-85.36392,34.98338],[-85.36476,34.98336],[-85.36524,34.98335],[-85.37951,34.98309],[-85.38497,34.98299],[-85.39492,34.98299],[-85.40762,34.98298],[-85.40916,34.98298],[-85.40918,34.98298],[-85.41045,34.98298],[-85.4317,34.98298],[-85.4323,34.98298],[-85.45802,34.98297],[-85.46671,34.98297],[-85.47411,34.98306],[-85.5142,34.98356],[-85.51855,34.98361],[-85.55259,34.98403]]]}},{"type":"Feature","properties":{"name":"WeGo Link","boundary_type":"county","source":"Census TIGER county","fidelity":"approximate","updated":"2026-09","units":"Davidson County","note":"First/last-mile microtransit covering 20+ zones across Davidson County (Antioch, Bellevue, Bordeaux, Goodlettsville, Hermitage, Maplewood, Old Hickory, Skyline, South Nashville, Sylvan Park, and others); exact zone boundaries not specified","confidence":0.7},"geometry":{"type":"MultiPolygon","coordinates":[[[[-86.52168,36.13761],[-86.52174,36.13729],[-86.52345,36.13746],[-86.52256,36.14128],[-86.52106,36.14114],[-86.52168,36.13761]]],[[[-87.04909,36.04674],[-87.04634,36.04732],[-87.0445,36.04687],[-87.04369,36.0435],[-87.04236,36.04289],[-87.04136,36.04131],[-87.04101,36.04232],[-87.039,36.07732],[-87.03879,36.0789],[-87.0387,36.08018],[-87.03832,36.08204],[-87.03534,36.08287],[-87.03551,36.08643],[-87.03861,36.08672],[-87.0382,36.0938],[-87.03817,36.09431],[-87.02131,36.10867],[-87.00818,36.11953],[-87.00129,36.12523],[-86.9977,36.12851],[-86.98361,36.20957],[-86.98525,36.21006],[-86.98426,36.21385],[-86.98767,36.2149],[-86.98788,36.21435],[-86.98783,36.21552],[-86.98233,36.2137],[-86.98041,36.21699],[-86.98401,36.22542],[-86.97461,36.24937],[-86.9744,36.24991],[-86.96336,36.267],[-86.95771,36.2758],[-86.94787,36.28237],[-86.94054,36.29511],[-86.92327,36.32538],[-86.9208,36.3307],[-86.91752,36.33975],[-86.90996,36.36049],[-86.91,36.36328],[-86.90625,36.36622],[-86.90787,36.36837],[-86.90815,36.37025],[-86.90958,36.3708],[-86.90982,36.37213],[-86.91134,36.37217],[-86.91562,36.37087],[-86.91473,36.37335],[-86.91606,36.37351],[-86.91494,36.37807],[-86.91264,36.37794],[-86.91207,36.37715],[-86.90981,36.37919],[-86.91205,36.38085],[-86.91323,36.38262],[-86.91421,36.38354],[-86.91292,36.38359],[-86.91087,36.38814],[-86.9092,36.39026],[-86.9071,36.3904],[-86.90131,36.38907],[-86.89894,36.38998],[-86.8943,36.3891],[-86.89341,36.38821],[-86.88926,36.38667],[-86.88649,36.38402],[-86.88563,36.38178],[-86.8834,36.38033],[-86.88119,36.38092],[-86.87861,36.37863],[-86.87883,36.37468],[-86.87748,36.37219],[-86.87612,36.37189],[-86.87433,36.3737],[-86.87017,36.37419],[-86.86895,36.37283],[-86.86453,36.37029],[-86.86214,36.36957],[-86.8628,36.38117],[-86.85866,36.38074],[-86.85292,36.38014],[-86.8543,36.3698],[-86.85165,36.36809],[-86.85144,36.3671],[-86.84799,36.36644],[-86.84447,36.36515],[-86.84407,36.36406],[-86.84084,36.3629],[-86.84096,36.36194],[-86.83864,36.35938],[-86.83677,36.35838],[-86.83661,36.36025],[-86.83451,36.35984],[-86.83469,36.35786],[-86.83376,36.35672],[-86.83073,36.35599],[-86.83021,36.35343],[-86.8257,36.3507],[-86.82591,36.34963],[-86.82478,36.34987],[-86.82427,36.351],[-86.82308,36.35165],[-86.8197,36.35219],[-86.81702,36.35314],[-86.81566,36.35276],[-86.81119,36.35403],[-86.80739,36.35545],[-86.80328,36.35547],[-86.80265,36.35674],[-86.79813,36.35841],[-86.79705,36.35961],[-86.79026,36.36004],[-86.78736,36.35964],[-86.78772,36.36328],[-86.78694,36.36577],[-86.78827,36.36632],[-86.78987,36.36874],[-86.79195,36.36932],[-86.79103,36.37676],[-86.78734,36.37712],[-86.78473,36.37944],[-86.78373,36.38183],[-86.78392,36.38368],[-86.78129,36.38365],[-86.78221,36.38483],[-86.78065,36.38717],[-86.78116,36.38789],[-86.78189,36.38959],[-86.7812,36.39019],[-86.77775,36.39115],[-86.77655,36.39143],[-86.77261,36.39252],[-86.77239,36.39324],[-86.76857,36.39374],[-86.76433,36.39429],[-86.76429,36.395],[-86.76352,36.39684],[-86.76349,36.3969],[-86.76482,36.39814],[-86.76415,36.39972],[-86.76374,36.39998],[-86.76267,36.40016],[-86.76079,36.40079],[-86.76056,36.40072],[-86.75807,36.39987],[-86.7566,36.40044],[-86.75519,36.40246],[-86.75479,36.4055],[-86.75389,36.40429],[-86.75135,36.40476],[-86.74849,36.40469],[-86.74569,36.4031],[-86.74606,36.39964],[-86.74348,36.39774],[-86.74167,36.39734],[-86.74133,36.39316],[-86.74021,36.39072],[-86.73669,36.38882],[-86.73343,36.38583],[-86.73269,36.38366],[-86.73045,36.38126],[-86.72984,36.37774],[-86.72856,36.37547],[-86.72848,36.37322],[-86.72753,36.37232],[-86.72666,36.36885],[-86.72637,36.36617],[-86.72543,36.36335],[-86.72619,36.36097],[-86.72496,36.35774],[-86.72468,36.35343],[-86.72279,36.35163],[-86.72349,36.34768],[-86.72171,36.34597],[-86.72105,36.34208],[-86.71887,36.33953],[-86.71783,36.33899],[-86.71486,36.33618],[-86.7097,36.33361],[-86.70796,36.33397],[-86.70664,36.32941],[-86.70304,36.32721],[-86.6993,36.32772],[-86.69688,36.32673],[-86.69641,36.32524],[-86.69762,36.32351],[-86.69687,36.32176],[-86.69209,36.32104],[-86.68842,36.31991],[-86.68739,36.3182],[-86.68029,36.31586],[-86.67889,36.31674],[-86.67499,36.31635],[-86.67275,36.31221],[-86.67223,36.30914],[-86.66656,36.30349],[-86.66788,36.30237],[-86.67074,36.30111],[-86.66246,36.29943],[-86.64439,36.29111],[-86.64227,36.28939],[-86.64168,36.28765],[-86.64267,36.27945],[-86.6433,36.2742],[-86.64252,36.27164],[-86.64237,36.265],[-86.64174,36.26116],[-86.63871,36.2544],[-86.63838,36.25405],[-86.63738,36.25356],[-86.62817,36.25114],[-86.62283,36.24875],[-86.61627,36.24546],[-86.61338,36.24408],[-86.59828,36.24466],[-86.59436,36.24538],[-86.59359,36.24097],[-86.59464,36.24193],[-86.59544,36.23941],[-86.59349,36.2398],[-86.59369,36.23711],[-86.59109,36.23701],[-86.58854,36.23027],[-86.58385,36.21732],[-86.58363,36.2167],[-86.58328,36.21575],[-86.58226,36.21299],[-86.5809,36.20882],[-86.58151,36.20663],[-86.58002,36.20639],[-86.57989,36.20637],[-86.57769,36.20018],[-86.57751,36.19976],[-86.57676,36.19759],[-86.57669,36.19741],[-86.57607,36.19577],[-86.57562,36.1946],[-86.57324,36.18407],[-86.57217,36.17937],[-86.5714,36.17598],[-86.57089,36.17368],[-86.57001,36.17221],[-86.56811,36.169],[-86.56802,36.16886],[-86.56769,36.16831],[-86.56486,36.16365],[-86.5633,36.16037],[-86.55576,36.14538],[-86.55256,36.14515],[-86.55093,36.14435],[-86.55125,36.14326],[-86.55527,36.14352],[-86.55686,36.13496],[-86.55661,36.13493],[-86.55495,36.134],[-86.5544,36.13576],[-86.55314,36.13581],[-86.54954,36.13782],[-86.54696,36.13705],[-86.54272,36.14059],[-86.54029,36.13885],[-86.53996,36.13673],[-86.5386,36.1354],[-86.53579,36.13851],[-86.53335,36.13736],[-86.53284,36.13847],[-86.52844,36.13801],[-86.52784,36.14077],[-86.52605,36.13962],[-86.52556,36.13854],[-86.52674,36.13782],[-86.52707,36.13615],[-86.52913,36.1364],[-86.52914,36.13512],[-86.53051,36.13223],[-86.53204,36.13227],[-86.53113,36.12868],[-86.53361,36.12717],[-86.5351,36.12625],[-86.53155,36.12418],[-86.52924,36.12435],[-86.53118,36.11205],[-86.53529,36.1125],[-86.53594,36.10817],[-86.52774,36.10717],[-86.52335,36.10663],[-86.51957,36.10383],[-86.51559,36.10061],[-86.5176,36.08408],[-86.51936,36.08419],[-86.52088,36.07252],[-86.52108,36.07239],[-86.52499,36.06892],[-86.52438,36.05902],[-86.52569,36.05732],[-86.52933,36.05716],[-86.53079,36.05762],[-86.53288,36.06002],[-86.52749,36.07402],[-86.52949,36.07752],[-86.53899,36.07662],[-86.54069,36.07762],[-86.54509,36.08662],[-86.54688,36.08782],[-86.54899,36.08592],[-86.54849,36.08022],[-86.54609,36.07752],[-86.54649,36.06652],[-86.55049,36.06532],[-86.55739,36.06572],[-86.56168,36.06742],[-86.56168,36.06842],[-86.5632,36.06617],[-86.56252,36.06392],[-86.56429,36.06358],[-86.56387,36.06192],[-86.56179,36.05828],[-86.56207,36.05421],[-86.56548,36.05085],[-86.56638,36.04876],[-86.56536,36.04631],[-86.56068,36.03984],[-86.56095,36.03822],[-86.56243,36.03532],[-86.56721,36.0345],[-86.56876,36.03439],[-86.57193,36.03201],[-86.57193,36.03109],[-86.5751,36.02971],[-86.57848,36.0268],[-86.58249,36.02667],[-86.5873,36.0256],[-86.59033,36.02403],[-86.59162,36.02413],[-86.59176,36.02206],[-86.59498,36.01932],[-86.59793,36.01487],[-86.60074,36.01188],[-86.60582,36.01019],[-86.60689,36.01068],[-86.61233,36.00999],[-86.61269,36.00752],[-86.61273,36.00727],[-86.61559,35.99162],[-86.60959,35.99093],[-86.61009,35.98575],[-86.60722,35.98547],[-86.60799,35.97977],[-86.60959,35.97982],[-86.61042,35.97547],[-86.61365,35.97555],[-86.61369,35.97239],[-86.61441,35.96778],[-86.61889,35.96822],[-86.6186,35.97134],[-86.62769,35.97213],[-86.6274,35.97403],[-86.63291,35.9744],[-86.64589,35.97536],[-86.64829,35.97557],[-86.64829,35.97642],[-86.65619,35.97947],[-86.68189,35.9894],[-86.68604,35.99398],[-86.68771,35.99534],[-86.68961,35.99497],[-86.69069,35.99491],[-86.69232,35.99475],[-86.69317,35.996],[-86.7129,36.00812],[-86.72017,36.00874],[-86.72159,36.00892],[-86.73207,36.00987],[-86.73865,36.01326],[-86.75032,36.01934],[-86.77713,36.03324],[-86.78308,36.03489],[-86.79087,36.03672],[-86.81647,36.03922],[-86.83275,36.04102],[-86.85537,36.04385],[-86.86496,36.04467],[-86.86476,36.0449],[-86.89672,36.04892],[-86.90302,36.04969],[-86.91912,36.05169],[-86.9286,36.05291],[-86.93641,36.04816],[-86.96298,36.03139],[-86.96849,36.02791],[-86.97682,36.02258],[-87.0156,35.99822],[-87.01608,35.99787],[-87.02302,35.9932],[-87.02834,35.98986],[-87.03922,35.98929],[-87.04075,35.99383],[-87.04362,36.0055],[-87.04535,36.0126],[-87.05372,36.04558],[-87.05453,36.04878],[-87.0547,36.04999],[-87.05174,36.04938],[-87.04909,36.04674]]]]}}]}