{"type":"FeatureCollection","features":[{"type":"Feature","properties":{"name":"Addison Orbit","boundary_type":"city","source":"Census TIGER place","fidelity":"exact","updated":"2026-09","units":"Addison town","note":"Town of Addison, Texas (Dallas suburb)","confidence":0.95},"geometry":{"type":"Polygon","coordinates":[[[-96.85567,32.95505],[-96.85447,32.95677],[-96.85415,32.95756],[-96.85398,32.95753],[-96.84988,32.95677],[-96.84683,32.95663],[-96.84665,32.95834],[-96.84596,32.95968],[-96.83862,32.95959],[-96.8386,32.96429],[-96.84194,32.9689],[-96.84276,32.97093],[-96.84275,32.98204],[-96.83887,32.98201],[-96.83887,32.98335],[-96.83892,32.98721],[-96.83001,32.98724],[-96.82872,32.9872],[-96.82901,32.98138],[-96.82863,32.97971],[-96.82772,32.97843],[-96.82321,32.97496],[-96.82184,32.97316],[-96.82171,32.96859],[-96.82219,32.96496],[-96.82214,32.96418],[-96.82199,32.96373],[-96.8216,32.96136],[-96.82136,32.96038],[-96.82137,32.95946],[-96.82229,32.95402],[-96.8221,32.95402],[-96.81852,32.95399],[-96.80843,32.95394],[-96.80856,32.95172],[-96.80804,32.95037],[-96.80962,32.94801],[-96.80963,32.94627],[-96.80965,32.94546],[-96.81107,32.94559],[-96.81388,32.946],[-96.81498,32.94537],[-96.81802,32.95011],[-96.82031,32.94996],[-96.82303,32.95018],[-96.82349,32.95023],[-96.82366,32.95023],[-96.82364,32.94615],[-96.82224,32.94207],[-96.8259,32.94207],[-96.82584,32.94682],[-96.82815,32.94686],[-96.83132,32.94684],[-96.83131,32.95118],[-96.8388,32.95124],[-96.83885,32.93986],[-96.83902,32.93986],[-96.84697,32.93988],[-96.84752,32.93988],[-96.84754,32.93619],[-96.84757,32.93338],[-96.85576,32.93353],[-96.85578,32.93587],[-96.85574,32.94],[-96.8557,32.94364],[-96.85562,32.95309],[-96.8558,32.95308],[-96.85593,32.95309],[-96.85585,32.95449],[-96.85567,32.95505]]]}},{"type":"Feature","properties":{"name":"Arlington Transportation (Via)","boundary_type":"city","source":"Census TIGER place","fidelity":"exact","updated":"2026-09","units":"Arlington city","note":"Citywide service; replaced all fixed-route service with on-demand.","confidence":1.0},"geometry":{"type":"MultiPolygon","coordinates":[[[[-97.23164,32.69548],[-97.22608,32.6963],[-97.22643,32.69736],[-97.22526,32.69689],[-97.22207,32.69888],[-97.22012,32.69723],[-97.21781,32.69809],[-97.21674,32.70134],[-97.2184,32.70255],[-97.21778,32.70474],[-97.21526,32.70625],[-97.21633,32.70705],[-97.21879,32.70687],[-97.21937,32.70589],[-97.22045,32.70662],[-97.22296,32.70528],[-97.22284,32.70678],[-97.21904,32.70839],[-97.21906,32.70869],[-97.21927,32.70899],[-97.22071,32.70851],[-97.22274,32.709],[-97.22395,32.70999],[-97.22479,32.71028],[-97.22507,32.70999],[-97.22497,32.71041],[-97.22197,32.70972],[-97.22068,32.70981],[-97.22033,32.71016],[-97.21904,32.71125],[-97.21964,32.71339],[-97.21973,32.71344],[-97.21977,32.71352],[-97.21976,32.7137],[-97.21974,32.71378],[-97.21967,32.71385],[-97.21902,32.71595],[-97.21534,32.71555],[-97.21328,32.7186],[-97.21318,32.71869],[-97.21443,32.71901],[-97.21254,32.71961],[-97.21238,32.71999],[-97.21315,32.72055],[-97.21495,32.72031],[-97.21367,32.7212],[-97.21748,32.72542],[-97.21923,32.72658],[-97.21658,32.72604],[-97.21347,32.7245],[-97.21325,32.7261],[-97.21389,32.7275],[-97.21332,32.72727],[-97.2131,32.72698],[-97.21291,32.72687],[-97.21273,32.72656],[-97.21232,32.72652],[-97.21204,32.72687],[-97.21191,32.72669],[-97.21244,32.72342],[-97.21003,32.7216],[-97.20828,32.7239],[-97.2091,32.72618],[-97.20775,32.72511],[-97.20773,32.72798],[-97.20083,32.72792],[-97.20073,32.72792],[-97.19879,32.72819],[-97.19605,32.72823],[-97.18253,32.73011],[-97.18004,32.73058],[-97.17999,32.7311],[-97.17928,32.73683],[-97.17329,32.74142],[-97.17125,32.74335],[-97.16414,32.74545],[-97.16307,32.7456],[-97.16303,32.7512],[-97.16301,32.75587],[-97.16108,32.75654],[-97.16109,32.75724],[-97.16109,32.75756],[-97.16029,32.75756],[-97.15713,32.75756],[-97.15641,32.75755],[-97.15529,32.75728],[-97.15442,32.75701],[-97.15376,32.75742],[-97.15488,32.75778],[-97.15359,32.75967],[-97.15176,32.75952],[-97.15177,32.76025],[-97.15179,32.76459],[-97.14984,32.7646],[-97.1498,32.76773],[-97.15046,32.76918],[-97.15236,32.76724],[-97.15281,32.76829],[-97.15231,32.76937],[-97.15194,32.76973],[-97.15152,32.76985],[-97.15082,32.77084],[-97.15041,32.77121],[-97.14995,32.77132],[-97.14931,32.7712],[-97.1488,32.77137],[-97.14858,32.77202],[-97.14861,32.77212],[-97.1454,32.7721],[-97.14444,32.77266],[-97.13864,32.77267],[-97.13859,32.77927],[-97.13858,32.78256],[-97.11952,32.7824],[-97.117,32.78241],[-97.11701,32.78263],[-97.11704,32.79051],[-97.12675,32.79054],[-97.12674,32.79069],[-97.12673,32.79373],[-97.13152,32.79376],[-97.13168,32.79376],[-97.13168,32.79385],[-97.13167,32.79677],[-97.13162,32.80279],[-97.1312,32.80286],[-97.12533,32.80282],[-97.12188,32.80351],[-97.11009,32.80628],[-97.1037,32.80775],[-97.09952,32.80876],[-97.08267,32.81265],[-97.0765,32.81406],[-97.06804,32.81608],[-97.06429,32.81674],[-97.05923,32.81712],[-97.05925,32.81567],[-97.05794,32.81565],[-97.05657,32.81365],[-97.05846,32.81502],[-97.06011,32.81379],[-97.05854,32.81115],[-97.06017,32.80959],[-97.0598,32.80779],[-97.06267,32.80832],[-97.06219,32.80445],[-97.06268,32.80211],[-97.06229,32.79643],[-97.06258,32.79103],[-97.06265,32.78518],[-97.06258,32.77903],[-97.06274,32.77903],[-97.06266,32.77385],[-97.0623,32.77384],[-97.06172,32.77383],[-97.0626,32.7672],[-97.06285,32.76521],[-97.0629,32.76434],[-97.06292,32.76385],[-97.06295,32.763],[-97.05991,32.76426],[-97.05454,32.7643],[-97.05384,32.76432],[-97.04584,32.76429],[-97.04582,32.76211],[-97.04558,32.76211],[-97.0456,32.76142],[-97.03728,32.76125],[-97.03738,32.75965],[-97.03707,32.75944],[-97.03722,32.7571],[-97.0372,32.75428],[-97.04016,32.75429],[-97.04026,32.74776],[-97.04049,32.74704],[-97.04056,32.74479],[-97.04558,32.74468],[-97.04573,32.73954],[-97.04577,32.73787],[-97.04602,32.73776],[-97.04932,32.73733],[-97.04935,32.73511],[-97.05264,32.73521],[-97.05669,32.73518],[-97.05666,32.72843],[-97.05117,32.72799],[-97.04585,32.72791],[-97.04587,32.72719],[-97.04591,32.72062],[-97.04759,32.72063],[-97.04757,32.70604],[-97.05345,32.70608],[-97.05898,32.70608],[-97.06112,32.70605],[-97.06212,32.70329],[-97.06213,32.70304],[-97.06208,32.6953],[-97.06179,32.69149],[-97.06203,32.68395],[-97.06093,32.67945],[-97.06055,32.67899],[-97.05998,32.67863],[-97.05614,32.67778],[-97.05547,32.67704],[-97.05614,32.67661],[-97.05883,32.67589],[-97.05984,32.67383],[-97.06203,32.67021],[-97.06218,32.66878],[-97.06222,32.6681],[-97.0633,32.66796],[-97.06329,32.66156],[-97.06229,32.65251],[-97.06235,32.65119],[-97.06386,32.64842],[-97.06343,32.64583],[-97.06445,32.63832],[-97.06514,32.63638],[-97.06534,32.63556],[-97.06545,32.63456],[-97.0659,32.63269],[-97.07018,32.62683],[-97.07471,32.62103],[-97.07611,32.61852],[-97.07705,32.61537],[-97.07756,32.61097],[-97.07819,32.60874],[-97.07766,32.60698],[-97.07852,32.59019],[-97.07873,32.59017],[-97.07883,32.59011],[-97.07883,32.59016],[-97.08222,32.58906],[-97.08275,32.58885],[-97.08328,32.58832],[-97.08319,32.58689],[-97.08373,32.58755],[-97.09076,32.59802],[-97.09374,32.5966],[-97.09547,32.5992],[-97.09947,32.60446],[-97.10014,32.60478],[-97.10176,32.60723],[-97.10582,32.61335],[-97.10633,32.61311],[-97.10711,32.61274],[-97.11643,32.60825],[-97.11725,32.60941],[-97.11762,32.60984],[-97.1201,32.61355],[-97.12032,32.61388],[-97.12574,32.61147],[-97.13511,32.6115],[-97.14109,32.61155],[-97.14223,32.61166],[-97.14191,32.61296],[-97.14,32.61601],[-97.15125,32.61613],[-97.15194,32.61606],[-97.15458,32.61609],[-97.15471,32.614],[-97.16083,32.61402],[-97.16119,32.61401],[-97.16114,32.61395],[-97.1691,32.61391],[-97.16951,32.61386],[-97.17111,32.61337],[-97.18087,32.60859],[-97.18439,32.61199],[-97.19231,32.61931],[-97.20065,32.62732],[-97.19964,32.63038],[-97.19663,32.63034],[-97.19664,32.63153],[-97.19294,32.63118],[-97.19293,32.63319],[-97.19289,32.63461],[-97.18922,32.63467],[-97.18903,32.646],[-97.189,32.64621],[-97.1938,32.64624],[-97.19442,32.64646],[-97.19444,32.64935],[-97.20019,32.6496],[-97.19808,32.65152],[-97.19804,32.65426],[-97.19864,32.6547],[-97.20191,32.65418],[-97.20189,32.65672],[-97.20682,32.65673],[-97.20679,32.65782],[-97.20665,32.66423],[-97.20505,32.66685],[-97.20844,32.66687],[-97.20844,32.66511],[-97.20841,32.66424],[-97.20927,32.66424],[-97.20892,32.66041],[-97.21178,32.66042],[-97.21177,32.6587],[-97.21175,32.6567],[-97.21555,32.65671],[-97.21631,32.65637],[-97.21708,32.65647],[-97.21704,32.66029],[-97.22402,32.66043],[-97.22445,32.66079],[-97.22363,32.66183],[-97.22339,32.66697],[-97.22594,32.66749],[-97.23155,32.66773],[-97.23148,32.66807],[-97.23164,32.66931],[-97.23371,32.67164],[-97.23292,32.67364],[-97.23101,32.67497],[-97.22985,32.67704],[-97.22997,32.68129],[-97.23208,32.68238],[-97.23241,32.68394],[-97.23137,32.68528],[-97.23219,32.68752],[-97.23241,32.68733],[-97.23246,32.68732],[-97.23244,32.68738],[-97.23237,32.68746],[-97.23235,32.68753],[-97.2323,32.68762],[-97.23331,32.68793],[-97.23232,32.68906],[-97.23373,32.69297],[-97.23164,32.69548]],[[-97.16947,32.69347],[-97.16907,32.6931],[-97.16662,32.69333],[-97.16552,32.69237],[-97.16596,32.69165],[-97.16431,32.69045],[-97.1644,32.68732],[-97.16437,32.68018],[-97.15993,32.68016],[-97.15452,32.67775],[-97.14959,32.67776],[-97.14947,32.68505],[-97.14945,32.68615],[-97.14945,32.68809],[-97.1486,32.68808],[-97.14853,32.69221],[-97.1494,32.69222],[-97.14934,32.69953],[-97.1492,32.70679],[-97.144,32.70671],[-97.14386,32.70671],[-97.14387,32.70537],[-97.1406,32.70534],[-97.1406,32.70668],[-97.13803,32.70666],[-97.13801,32.71037],[-97.13981,32.71041],[-97.14123,32.71075],[-97.14918,32.71074],[-97.14914,32.71403],[-97.14913,32.71914],[-97.14066,32.71987],[-97.14066,32.7213],[-97.14255,32.72128],[-97.14256,32.72364],[-97.14391,32.72226],[-97.14912,32.72225],[-97.14913,32.72134],[-97.16116,32.72142],[-97.16153,32.72141],[-97.16627,32.72144],[-97.16632,32.71772],[-97.1655,32.71771],[-97.16691,32.71579],[-97.16633,32.71462],[-97.16635,32.71082],[-97.16121,32.71082],[-97.16121,32.71037],[-97.16116,32.70682],[-97.16131,32.69832],[-97.16131,32.69828],[-97.16652,32.69786],[-97.16657,32.69574],[-97.16782,32.69574],[-97.16966,32.69574],[-97.16967,32.69348],[-97.16947,32.69347]]],[[[-97.22534,32.7097],[-97.22719,32.70898],[-97.22719,32.70934],[-97.22507,32.70999],[-97.22534,32.7097]]]]}},{"type":"Feature","properties":{"name":"ART Pronto","boundary_type":"places","source":"Census TIGER place","fidelity":"exact","updated":"2026-09","units":"Kerrville city; Seguin city","note":"Alamo Regional Transit (ART) operates zones in two cities","confidence":0.9},"geometry":{"type":"MultiPolygon","coordinates":[[[[-97.95716,29.51711],[-97.95974,29.51647],[-97.96165,29.52235],[-97.95963,29.52284],[-97.9588,29.52167],[-97.95842,29.52081],[-97.95716,29.51711]]],[[[-97.93853,29.54274],[-97.94073,29.53895],[-97.9442,29.54049],[-97.94047,29.54671],[-97.93141,29.54674],[-97.93059,29.54449],[-97.93853,29.54274]]],[[[-97.92151,29.54988],[-97.92246,29.55256],[-97.91402,29.55251],[-97.91399,29.55075],[-97.9192,29.5507],[-97.92151,29.54988]]],[[[-98.06061,29.56379],[-98.05742,29.56504],[-98.05201,29.55853],[-98.05574,29.55618],[-98.05863,29.56108],[-98.06061,29.56379]]],[[[-97.92523,29.5763],[-97.92693,29.57624],[-97.92674,29.57672],[-97.92607,29.57719],[-97.92534,29.57744],[-97.92402,29.57746],[-97.92424,29.57627],[-97.92523,29.5763]]],[[[-97.91406,29.57915],[-97.91406,29.58031],[-97.91274,29.58079],[-97.91273,29.58032],[-97.9107,29.58024],[-97.91406,29.57915]]],[[[-98.04437,29.55235],[-98.04476,29.55402],[-98.04815,29.55816],[-98.03545,29.56613],[-98.03818,29.5714],[-98.03458,29.5653],[-98.03154,29.56741],[-98.02766,29.56486],[-98.03111,29.56279],[-98.03234,29.56442],[-98.03361,29.56356],[-98.03265,29.5619],[-98.03281,29.56176],[-98.03496,29.55896],[-98.03768,29.55844],[-98.0364,29.55693],[-98.03248,29.56116],[-98.03136,29.56209],[-98.02391,29.5666],[-98.01697,29.57072],[-98.01755,29.57224],[-98.01975,29.57259],[-98.01972,29.56977],[-98.02133,29.5688],[-98.02136,29.57281],[-98.02357,29.57325],[-98.02392,29.59379],[-98.02972,29.59432],[-98.03446,29.5939],[-98.03626,29.59336],[-98.0371,29.59637],[-98.03412,29.59701],[-98.02376,29.59715],[-98.02366,29.60742],[-98.02483,29.60754],[-98.02583,29.60819],[-98.0248,29.61306],[-98.0278,29.61466],[-98.02717,29.61975],[-98.02562,29.62066],[-98.02717,29.62361],[-98.02572,29.62532],[-98.02957,29.62403],[-98.03151,29.62481],[-98.03208,29.6263],[-98.03299,29.62527],[-98.0351,29.62662],[-98.02837,29.63239],[-98.0296,29.63369],[-98.03124,29.63543],[-98.03139,29.63558],[-98.02884,29.63743],[-98.01966,29.63828],[-98.01964,29.63313],[-98.0241,29.63312],[-98.02403,29.62816],[-98.02436,29.62811],[-98.0226,29.6255],[-98.02121,29.62279],[-98.01222,29.62284],[-98.00999,29.62357],[-98.00769,29.62827],[-98.00711,29.62827],[-98.00682,29.62352],[-98.00686,29.61789],[-98.00512,29.61649],[-97.99381,29.61656],[-97.99379,29.61454],[-97.99287,29.61306],[-97.99125,29.61306],[-97.99124,29.61792],[-97.98753,29.61785],[-97.98754,29.61653],[-97.98557,29.61647],[-97.98558,29.62822],[-97.98632,29.62824],[-97.98642,29.63707],[-97.97909,29.6369],[-97.97907,29.62802],[-97.97906,29.62415],[-97.97215,29.62417],[-97.97227,29.628],[-97.96885,29.62801],[-97.96872,29.6384],[-97.97891,29.63837],[-97.97899,29.64976],[-97.97901,29.65448],[-97.96701,29.65478],[-97.967,29.65769],[-97.96482,29.65762],[-97.96482,29.65839],[-97.95424,29.65839],[-97.95424,29.66116],[-97.95137,29.66116],[-97.95147,29.67034],[-97.95328,29.67087],[-97.95501,29.67106],[-97.95518,29.67576],[-97.9645,29.67566],[-97.96458,29.67525],[-97.96632,29.67525],[-97.96749,29.67628],[-97.967,29.67201],[-97.96755,29.67041],[-97.96862,29.67156],[-97.96875,29.68098],[-97.96418,29.68156],[-97.9642,29.68025],[-97.9448,29.68048],[-97.9448,29.67985],[-97.93635,29.67983],[-97.93635,29.6783],[-97.94481,29.67828],[-97.94481,29.6697],[-97.9448,29.66111],[-97.94504,29.65493],[-97.95763,29.6548],[-97.95761,29.65041],[-97.95543,29.64994],[-97.95498,29.64791],[-97.95589,29.64634],[-97.96207,29.64632],[-97.96196,29.63355],[-97.96338,29.63354],[-97.96338,29.63095],[-97.95242,29.63093],[-97.95581,29.62919],[-97.9558,29.62812],[-97.96095,29.62809],[-97.96051,29.62507],[-97.96054,29.61912],[-97.94584,29.61909],[-97.94096,29.61888],[-97.94144,29.61469],[-97.94704,29.61452],[-97.94879,29.60757],[-97.94109,29.60776],[-97.9351,29.60727],[-97.93507,29.60409],[-97.93405,29.60411],[-97.93087,29.60563],[-97.92843,29.60551],[-97.91928,29.60561],[-97.91925,29.60782],[-97.91446,29.60781],[-97.9103,29.61086],[-97.90632,29.61379],[-97.90044,29.6164],[-97.90042,29.61404],[-97.89977,29.61408],[-97.89976,29.61337],[-97.89807,29.61367],[-97.89826,29.61511],[-97.89663,29.61406],[-97.89145,29.61481],[-97.89152,29.61609],[-97.88834,29.61605],[-97.88765,29.61616],[-97.88812,29.61914],[-97.88962,29.62059],[-97.89392,29.62051],[-97.88827,29.62508],[-97.88783,29.62533],[-97.88498,29.62634],[-97.88627,29.62899],[-97.88688,29.63128],[-97.88744,29.65355],[-97.88662,29.65854],[-97.8854,29.66119],[-97.88279,29.66453],[-97.87356,29.67201],[-97.87267,29.67295],[-97.87057,29.67661],[-97.86971,29.67919],[-97.87018,29.68208],[-97.8678,29.68388],[-97.8682,29.67878],[-97.86932,29.67533],[-97.87174,29.67176],[-97.8764,29.66746],[-97.87979,29.66478],[-97.88108,29.66301],[-97.88216,29.66242],[-97.88391,29.65974],[-97.88547,29.65583],[-97.88566,29.65374],[-97.88533,29.63335],[-97.88454,29.63012],[-97.88298,29.627],[-97.87785,29.6286],[-97.87702,29.62757],[-97.87798,29.62541],[-97.87075,29.62428],[-97.87141,29.62379],[-97.87319,29.61945],[-97.8708,29.61943],[-97.87073,29.61724],[-97.86891,29.6173],[-97.86875,29.61097],[-97.85188,29.61483],[-97.84577,29.61536],[-97.83581,29.61556],[-97.83581,29.61493],[-97.83582,29.61406],[-97.84749,29.61415],[-97.84753,29.61062],[-97.84923,29.6106],[-97.84932,29.61407],[-97.85384,29.61326],[-97.86513,29.61066],[-97.86872,29.60967],[-97.86873,29.61026],[-97.88331,29.60689],[-97.88507,29.60618],[-97.88511,29.60608],[-97.88196,29.60614],[-97.88196,29.60523],[-97.88235,29.60459],[-97.88438,29.60555],[-97.88497,29.60493],[-97.88597,29.60388],[-97.88894,29.60457],[-97.88848,29.60196],[-97.89826,29.60183],[-97.89828,29.60322],[-97.9005,29.60274],[-97.90049,29.60182],[-97.90412,29.60181],[-97.9058,29.60081],[-97.90975,29.60002],[-97.90977,29.59713],[-97.91456,29.59709],[-97.91458,29.59906],[-97.91958,29.59803],[-97.91844,29.59751],[-97.9184,29.59138],[-97.92215,29.59135],[-97.92211,29.58973],[-97.91972,29.58976],[-97.91621,29.58937],[-97.91992,29.58918],[-97.92051,29.58959],[-97.92319,29.58818],[-97.92315,29.58692],[-97.92571,29.58691],[-97.93549,29.58686],[-97.93604,29.58717],[-97.93636,29.58735],[-97.93654,29.58864],[-97.93683,29.58849],[-97.93691,29.58814],[-97.93684,29.58759],[-97.93662,29.58719],[-97.93724,29.5872],[-97.93564,29.58486],[-97.93633,29.58162],[-97.92665,29.58177],[-97.92488,29.58256],[-97.9247,29.57933],[-97.929,29.57872],[-97.92799,29.57603],[-97.93057,29.57471],[-97.92923,29.5743],[-97.92801,29.57217],[-97.92579,29.57096],[-97.92567,29.57222],[-97.92731,29.5731],[-97.92153,29.57533],[-97.92152,29.56856],[-97.9245,29.56855],[-97.92466,29.5668],[-97.92215,29.56427],[-97.9212,29.56096],[-97.92153,29.55433],[-97.93419,29.55434],[-97.93457,29.55537],[-97.93953,29.55537],[-97.93928,29.54889],[-97.94341,29.54891],[-97.94711,29.5426],[-97.95155,29.54741],[-97.95161,29.54731],[-97.95642,29.53904],[-97.95703,29.53758],[-97.95827,29.53113],[-97.95893,29.52556],[-97.96028,29.52541],[-97.96327,29.5301],[-97.96487,29.5294],[-97.96622,29.53071],[-97.96701,29.53279],[-97.96543,29.53351],[-97.96634,29.53494],[-97.96928,29.53437],[-97.9685,29.53455],[-97.96951,29.53613],[-97.9674,29.53662],[-97.96849,29.53836],[-97.9696,29.53854],[-97.97038,29.53717],[-97.97264,29.53668],[-97.97272,29.53352],[-97.97647,29.53195],[-97.97934,29.53048],[-97.98065,29.52633],[-97.98129,29.52846],[-98.00199,29.5234],[-97.99872,29.51297],[-98.00189,29.51197],[-98.00749,29.53007],[-98.00821,29.53114],[-98.00783,29.53125],[-98.00922,29.53557],[-98.00606,29.53635],[-98.00468,29.53198],[-98.00468,29.53188],[-98.00265,29.52555],[-97.99728,29.52687],[-97.99913,29.5329],[-97.998,29.53416],[-97.99751,29.53432],[-98.00098,29.54628],[-97.9959,29.54683],[-97.99563,29.54663],[-97.99612,29.54844],[-97.99368,29.54894],[-97.99273,29.5494],[-97.99281,29.55623],[-97.99537,29.55644],[-97.99551,29.5639],[-97.99661,29.5693],[-97.99914,29.56915],[-97.9991,29.56669],[-98.00179,29.56669],[-98.00232,29.56601],[-98.00224,29.56201],[-98.00061,29.56203],[-98.00055,29.56008],[-98.00244,29.56001],[-98.00232,29.55186],[-98.00521,29.55181],[-98.00715,29.55481],[-98.00808,29.55929],[-98.00873,29.56067],[-98.00902,29.56401],[-98.01093,29.56283],[-98.01095,29.56157],[-98.01417,29.56036],[-98.01222,29.55742],[-98.01434,29.55177],[-98.01828,29.55864],[-98.02134,29.55727],[-98.0182,29.55299],[-98.01884,29.55265],[-98.02089,29.55556],[-98.02248,29.55688],[-98.02428,29.5563],[-98.028,29.55397],[-98.02551,29.55048],[-98.0256,29.55032],[-98.02797,29.55189],[-98.02908,29.55339],[-98.03067,29.55421],[-98.03623,29.552],[-98.04981,29.54742],[-98.05002,29.54787],[-98.05378,29.54687],[-98.05465,29.54791],[-98.04964,29.551],[-98.04749,29.55233],[-98.04646,29.55106],[-98.04437,29.55235]],[[-98.03114,29.55835],[-98.03318,29.55914],[-98.03201,29.56031],[-98.03108,29.56113],[-98.03042,29.56003],[-98.03124,29.55928],[-98.02952,29.55621],[-98.02846,29.55613],[-98.02582,29.55701],[-98.02529,29.55632],[-98.02356,29.55689],[-98.02412,29.55759],[-98.02276,29.55842],[-98.02223,29.55774],[-98.01751,29.56057],[-98.01733,29.56147],[-98.01251,29.56476],[-98.01107,29.56315],[-98.01152,29.5648],[-98.01024,29.56586],[-98.00623,29.56586],[-98.00632,29.56928],[-98.00795,29.56942],[-98.01236,29.57056],[-98.01249,29.56922],[-98.01277,29.57059],[-98.01394,29.57021],[-98.01461,29.57118],[-98.02306,29.56639],[-98.03213,29.56052],[-98.0359,29.55628],[-98.03403,29.55348],[-98.03122,29.55439],[-98.03186,29.5556],[-98.02996,29.55623],[-98.03114,29.55835]],[[-98.00575,29.56507],[-98.00572,29.5637],[-98.00468,29.56372],[-98.00471,29.56538],[-98.00519,29.56507],[-98.00575,29.56507]],[[-98.00068,29.60741],[-97.99876,29.60742],[-97.99878,29.60862],[-98.0007,29.60862],[-98.00068,29.60741]],[[-97.97902,29.61774],[-97.97195,29.6178],[-97.97205,29.62097],[-97.97905,29.62095],[-97.97902,29.61774]],[[-97.88743,29.6181],[-97.88474,29.61811],[-97.88478,29.61956],[-97.88748,29.61948],[-97.88743,29.6181]]],[[[-98.0001,29.63323],[-97.99552,29.63323],[-97.99566,29.62835],[-98.00009,29.62832],[-98.0001,29.63323]]],[[[-98.01555,29.63865],[-98.01058,29.63869],[-98.01055,29.62913],[-98.011,29.62825],[-98.0155,29.62822],[-98.01555,29.63865]]],[[[-99.20239,30.07427],[-99.20271,30.07589],[-99.19941,30.07587],[-99.1982,30.07806],[-99.19416,30.07482],[-99.19287,30.07435],[-99.19393,30.07345],[-99.19238,30.07278],[-99.19204,30.07262],[-99.19025,30.07243],[-99.18543,30.0766],[-99.18484,30.07712],[-99.18321,30.07557],[-99.18238,30.07454],[-99.18022,30.07527],[-99.17675,30.07835],[-99.16736,30.08662],[-99.16358,30.09027],[-99.15916,30.08657],[-99.15656,30.08701],[-99.1549,30.08523],[-99.1532,30.08514],[-99.15341,30.08311],[-99.15479,30.08421],[-99.1547,30.08266],[-99.15335,30.0817],[-99.15332,30.08157],[-99.15752,30.07796],[-99.15178,30.07283],[-99.15082,30.0744],[-99.15004,30.07384],[-99.14787,30.07439],[-99.14718,30.07522],[-99.1489,30.07697],[-99.1504,30.07572],[-99.15084,30.07941],[-99.15145,30.08068],[-99.15228,30.08341],[-99.15258,30.08362],[-99.15342,30.08226],[-99.15342,30.08297],[-99.15,30.08613],[-99.15002,30.0875],[-99.15038,30.09041],[-99.14991,30.09209],[-99.1506,30.09285],[-99.15047,30.09503],[-99.14944,30.09689],[-99.14818,30.09658],[-99.14804,30.09692],[-99.14741,30.09676],[-99.14726,30.09806],[-99.14901,30.0981],[-99.15094,30.0993],[-99.15111,30.10074],[-99.14929,30.1014],[-99.14875,30.09982],[-99.14533,30.10096],[-99.14403,30.10033],[-99.14441,30.09835],[-99.14394,30.09594],[-99.14299,30.0948],[-99.14184,30.09528],[-99.14139,30.09361],[-99.14213,30.09306],[-99.14938,30.09159],[-99.14845,30.08807],[-99.14914,30.08747],[-99.14538,30.0846],[-99.13597,30.07518],[-99.13473,30.07462],[-99.13265,30.07395],[-99.12804,30.07401],[-99.12362,30.0728],[-99.12832,30.07881],[-99.12591,30.08082],[-99.12484,30.08109],[-99.12394,30.08116],[-99.1195,30.07897],[-99.11331,30.07366],[-99.1114,30.07558],[-99.10983,30.07518],[-99.10805,30.07647],[-99.10718,30.07496],[-99.10135,30.07856],[-99.1012,30.07836],[-99.09896,30.07838],[-99.09792,30.07879],[-99.09741,30.07948],[-99.0972,30.08],[-99.09725,30.08057],[-99.09695,30.08112],[-99.09591,30.08175],[-99.09515,30.08118],[-99.09297,30.08213],[-99.08956,30.07601],[-99.08778,30.07747],[-99.08461,30.07874],[-99.08368,30.07868],[-99.07675,30.08061],[-99.07354,30.08047],[-99.07299,30.07733],[-99.07489,30.07333],[-99.07337,30.0719],[-99.07222,30.0699],[-99.07174,30.06693],[-99.07359,30.06695],[-99.07996,30.06852],[-99.08453,30.06904],[-99.09448,30.06905],[-99.0964,30.06884],[-99.10465,30.06961],[-99.10413,30.06823],[-99.10548,30.06701],[-99.10181,30.06386],[-99.09956,30.06138],[-99.10257,30.05876],[-99.10521,30.06092],[-99.11185,30.05512],[-99.11353,30.05247],[-99.1124,30.05233],[-99.1094,30.04898],[-99.10896,30.04708],[-99.10921,30.04257],[-99.10874,30.04085],[-99.1068,30.04129],[-99.10551,30.04234],[-99.10553,30.0388],[-99.10619,30.03718],[-99.1046,30.03761],[-99.09928,30.03293],[-99.10041,30.03195],[-99.09499,30.02727],[-99.10885,30.01502],[-99.11165,30.01146],[-99.11011,30.0103],[-99.11085,30.00938],[-99.10475,30.00544],[-99.10217,30.00262],[-99.10064,29.99864],[-99.09993,29.99349],[-99.10004,29.99677],[-99.09848,29.99444],[-99.09345,29.98829],[-99.09748,29.98476],[-99.09639,29.98189],[-99.0949,29.98191],[-99.09438,29.98282],[-99.09247,29.98263],[-99.09126,29.9855],[-99.09219,29.98683],[-99.08994,29.99091],[-99.08667,29.99166],[-99.08632,29.98909],[-99.08369,29.98959],[-99.08083,29.98793],[-99.07996,29.98743],[-99.07992,29.98303],[-99.08237,29.983],[-99.08227,29.97591],[-99.08274,29.97391],[-99.08064,29.97231],[-99.0787,29.9727],[-99.07846,29.97186],[-99.07375,29.97187],[-99.07373,29.96806],[-99.07168,29.96653],[-99.07166,29.96162],[-99.07955,29.9678],[-99.08047,29.96843],[-99.08065,29.96344],[-99.08651,29.96688],[-99.08938,29.96934],[-99.0897,29.97217],[-99.09224,29.97051],[-99.09292,29.97289],[-99.09115,29.97577],[-99.09307,29.97783],[-99.09526,29.98019],[-99.09682,29.98201],[-99.09776,29.98447],[-99.10159,29.9811],[-99.10463,29.98154],[-99.10742,29.98319],[-99.10924,29.98525],[-99.10945,29.98842],[-99.10737,29.98833],[-99.10556,29.98909],[-99.10347,29.99073],[-99.09912,29.98865],[-99.10051,29.99461],[-99.10143,30.00038],[-99.10299,30.00267],[-99.10691,30.00608],[-99.1155,30.01268],[-99.11775,30.01065],[-99.11648,30.00897],[-99.11759,30.00799],[-99.11715,30.00768],[-99.11587,30.00613],[-99.11381,30.00178],[-99.11014,29.99888],[-99.10877,29.99702],[-99.1078,29.9975],[-99.10745,29.99534],[-99.10877,29.99416],[-99.11651,29.98746],[-99.12027,29.98397],[-99.11619,29.98042],[-99.11785,29.9783],[-99.12381,29.97302],[-99.1258,29.97472],[-99.12808,29.97164],[-99.12819,29.96998],[-99.12991,29.96709],[-99.1278,29.96526],[-99.12806,29.96397],[-99.13026,29.96356],[-99.13344,29.96768],[-99.13305,29.96855],[-99.13528,29.972],[-99.13642,29.97298],[-99.13284,29.97608],[-99.13571,29.97853],[-99.13201,29.98184],[-99.13661,29.98595],[-99.13012,29.99165],[-99.12871,29.9922],[-99.12635,29.99014],[-99.12302,29.98966],[-99.12212,29.99048],[-99.11171,29.99981],[-99.11421,30.00185],[-99.11615,30.00611],[-99.11776,30.0077],[-99.1328,29.99461],[-99.13962,29.98862],[-99.1462,29.99401],[-99.1465,29.99421],[-99.14637,29.99515],[-99.14721,29.99631],[-99.14846,29.99733],[-99.14872,29.99779],[-99.14877,29.99813],[-99.1487,29.99912],[-99.1484,29.99937],[-99.14831,30.00245],[-99.14795,30.00312],[-99.1421,30.01001],[-99.14126,30.01199],[-99.14134,30.01302],[-99.14139,30.01543],[-99.14162,30.01651],[-99.14639,30.01553],[-99.14579,30.01221],[-99.14674,30.00954],[-99.14799,30.00811],[-99.15165,30.0074],[-99.15361,30.00944],[-99.15125,30.0115],[-99.1539,30.0138],[-99.15181,30.01658],[-99.15044,30.01732],[-99.15197,30.01846],[-99.15087,30.01975],[-99.14841,30.01901],[-99.14747,30.0179],[-99.14617,30.01809],[-99.14568,30.01962],[-99.14264,30.02123],[-99.14424,30.02774],[-99.14445,30.03109],[-99.14427,30.03242],[-99.14524,30.03294],[-99.14498,30.03652],[-99.14731,30.03739],[-99.14681,30.03845],[-99.15021,30.04002],[-99.14944,30.04079],[-99.15178,30.04192],[-99.15264,30.0405],[-99.15219,30.03907],[-99.14954,30.0366],[-99.15244,30.03747],[-99.15571,30.0359],[-99.15736,30.03579],[-99.15829,30.0366],[-99.15922,30.03579],[-99.16024,30.03665],[-99.16142,30.03561],[-99.16364,30.03751],[-99.15853,30.04189],[-99.16349,30.04585],[-99.16184,30.04791],[-99.16294,30.0489],[-99.16664,30.05043],[-99.16892,30.04897],[-99.17263,30.04583],[-99.17591,30.04869],[-99.17494,30.04921],[-99.16988,30.05351],[-99.17426,30.0556],[-99.18045,30.06063],[-99.17737,30.06326],[-99.1813,30.0649],[-99.18667,30.06507],[-99.18949,30.06576],[-99.19104,30.06664],[-99.19356,30.06737],[-99.19332,30.06776],[-99.1972,30.0696],[-99.19861,30.06963],[-99.20709,30.06822],[-99.21142,30.06828],[-99.21163,30.06978],[-99.20857,30.07164],[-99.20851,30.07242],[-99.20679,30.07238],[-99.2041,30.07268],[-99.20239,30.07427]],[[-99.16082,30.07908],[-99.15979,30.08],[-99.16143,30.08143],[-99.16245,30.08053],[-99.16082,30.07908]],[[-99.15134,30.0806],[-99.14972,30.07809],[-99.14454,30.08222],[-99.14549,30.08313],[-99.14989,30.08157],[-99.15134,30.0806]],[[-99.13876,30.06072],[-99.13989,30.06129],[-99.13922,30.06349],[-99.13468,30.06627],[-99.13526,30.06876],[-99.13691,30.07093],[-99.13591,30.0718],[-99.13384,30.07018],[-99.13262,30.06667],[-99.13301,30.06431],[-99.13006,30.06106],[-99.13033,30.06015],[-99.12824,30.06196],[-99.13192,30.06518],[-99.13065,30.06628],[-99.1296,30.06514],[-99.12792,30.06533],[-99.12681,30.06437],[-99.12373,30.06612],[-99.12548,30.06643],[-99.12384,30.06795],[-99.12609,30.07081],[-99.12579,30.07199],[-99.13439,30.07325],[-99.13464,30.07329],[-99.14586,30.06347],[-99.14723,30.06343],[-99.14533,30.06253],[-99.14502,30.06206],[-99.14139,30.05891],[-99.1409,30.06093],[-99.13876,30.06072]],[[-99.13442,30.03089],[-99.13448,30.03088],[-99.13486,30.03092],[-99.13281,30.02851],[-99.13212,30.03001],[-99.13295,30.03072],[-99.13383,30.03094],[-99.13442,30.03089]],[[-99.13177,30.00462],[-99.12384,30.01227],[-99.124,30.01236],[-99.12416,30.01246],[-99.13249,30.00522],[-99.13177,30.00462]],[[-99.11095,30.04736],[-99.11479,30.05173],[-99.12264,30.04495],[-99.11819,30.04111],[-99.11637,30.03887],[-99.11126,30.03926],[-99.11462,30.04287],[-99.11114,30.04268],[-99.11095,30.04736]]]]}},{"type":"Feature","properties":{"name":"CapMetro Pickup","boundary_type":"city","source":"Census TIGER place","fidelity":"exact","updated":"2026-09","units":"Austin city","note":"12 microtransit zones within Austin city limits","confidence":0.95},"geometry":{"type":"MultiPolygon","coordinates":[[[[-97.78286,30.09321],[-97.78181,30.09273],[-97.78153,30.08112],[-97.78446,30.07791],[-97.78638,30.07583],[-97.78758,30.07558],[-97.78772,30.07667],[-97.78936,30.07949],[-97.78923,30.08135],[-97.78887,30.08674],[-97.79105,30.08628],[-97.79467,30.08594],[-97.79475,30.08603],[-97.79581,30.08611],[-97.7995,30.08692],[-97.801,30.08713],[-97.80262,30.08768],[-97.80264,30.09105],[-97.80307,30.09473],[-97.7934,30.09483],[-97.79114,30.09302],[-97.78286,30.09321]]],[[[-97.58626,30.16312],[-97.58577,30.16552],[-97.58401,30.16703],[-97.58222,30.16673],[-97.57891,30.16538],[-97.57723,30.16419],[-97.57778,30.16332],[-97.57568,30.16384],[-97.57334,30.16522],[-97.57007,30.16587],[-97.57174,30.16348],[-97.55744,30.15687],[-97.56605,30.14314],[-97.56748,30.14088],[-97.568,30.14146],[-97.56842,30.14197],[-97.57136,30.1439],[-97.57677,30.14632],[-97.57899,30.14818],[-97.58705,30.15218],[-97.59333,30.14235],[-97.59895,30.14505],[-97.59279,30.15464],[-97.59957,30.15787],[-97.59593,30.16468],[-97.59299,30.16331],[-97.59362,30.16228],[-97.589,30.16223],[-97.58626,30.16312]]],[[[-97.56514,30.30222],[-97.56467,30.30448],[-97.56066,30.30257],[-97.56018,30.30337],[-97.55021,30.29868],[-97.54422,30.29579],[-97.54893,30.28863],[-97.54316,30.28578],[-97.54202,30.2874],[-97.53754,30.28511],[-97.53702,30.28589],[-97.52759,30.28132],[-97.53098,30.27561],[-97.52798,30.27416],[-97.5289,30.27274],[-97.54159,30.27869],[-97.55185,30.2621],[-97.55367,30.26364],[-97.55239,30.26575],[-97.55731,30.26881],[-97.55871,30.27203],[-97.56005,30.27262],[-97.55874,30.27478],[-97.56958,30.27984],[-97.56438,30.28779],[-97.56841,30.28973],[-97.56553,30.29417],[-97.56766,30.29815],[-97.56514,30.30222]]],[[[-97.93366,30.34143],[-97.93269,30.34188],[-97.93081,30.34352],[-97.92924,30.34583],[-97.92801,30.34638],[-97.92408,30.35021],[-97.92008,30.35362],[-97.92225,30.3543],[-97.92319,30.35565],[-97.92299,30.35728],[-97.92133,30.35791],[-97.91992,30.35665],[-97.91805,30.35615],[-97.91752,30.35868],[-97.91583,30.36044],[-97.91748,30.36238],[-97.91716,30.3637],[-97.91581,30.36435],[-97.91638,30.36693],[-97.91688,30.37488],[-97.91833,30.37702],[-97.91804,30.37756],[-97.9169,30.37813],[-97.9169,30.38311],[-97.91648,30.38711],[-97.91574,30.38868],[-97.91295,30.39218],[-97.91094,30.39326],[-97.90857,30.39458],[-97.90778,30.39327],[-97.89943,30.39524],[-97.89912,30.3953],[-97.89543,30.39566],[-97.88835,30.39701],[-97.88373,30.39888],[-97.87998,30.40213],[-97.87871,30.40534],[-97.87883,30.40715],[-97.87974,30.40942],[-97.88203,30.4104],[-97.8818,30.41165],[-97.88441,30.41217],[-97.88782,30.41118],[-97.88819,30.40902],[-97.88979,30.4092],[-97.8903,30.41013],[-97.89258,30.41049],[-97.89608,30.40948],[-97.89415,30.40808],[-97.89443,30.40651],[-97.89648,30.40625],[-97.89837,30.40761],[-97.89806,30.40426],[-97.89985,30.40358],[-97.90262,30.40464],[-97.90339,30.40578],[-97.90267,30.40852],[-97.90283,30.4161],[-97.90219,30.41811],[-97.90111,30.41938],[-97.89715,30.42176],[-97.8952,30.42432],[-97.89366,30.42424],[-97.89292,30.42439],[-97.89165,30.42321],[-97.88852,30.42513],[-97.88375,30.42216],[-97.87873,30.42789],[-97.87514,30.42745],[-97.87392,30.42616],[-97.87502,30.42796],[-97.87452,30.43016],[-97.87544,30.43151],[-97.87607,30.43027],[-97.87916,30.43112],[-97.88001,30.43113],[-97.87904,30.43357],[-97.87801,30.43353],[-97.87876,30.43425],[-97.87734,30.4343],[-97.87569,30.4381],[-97.87371,30.43986],[-97.87188,30.44098],[-97.86975,30.43997],[-97.86847,30.4412],[-97.86688,30.44203],[-97.86556,30.44253],[-97.86195,30.44544],[-97.85947,30.44672],[-97.859,30.44692],[-97.85804,30.4483],[-97.85733,30.44894],[-97.85634,30.44954],[-97.85585,30.44978],[-97.85433,30.45031],[-97.85427,30.45023],[-97.85219,30.45122],[-97.8504,30.45007],[-97.84954,30.44854],[-97.84638,30.45046],[-97.83668,30.44607],[-97.83617,30.44684],[-97.83768,30.44809],[-97.84138,30.44998],[-97.84358,30.45051],[-97.84298,30.45184],[-97.84555,30.45372],[-97.84706,30.45301],[-97.84844,30.45085],[-97.8504,30.45196],[-97.85,30.45213],[-97.84762,30.45349],[-97.84584,30.45737],[-97.84409,30.45866],[-97.84218,30.45925],[-97.84108,30.45987],[-97.83974,30.46044],[-97.83922,30.46063],[-97.83832,30.46056],[-97.83456,30.4579],[-97.82588,30.45573],[-97.82606,30.45585],[-97.82014,30.46102],[-97.82,30.46091],[-97.81768,30.46167],[-97.81607,30.46222],[-97.81603,30.46224],[-97.81136,30.46373],[-97.81062,30.46389],[-97.81172,30.46646],[-97.81507,30.47467],[-97.81515,30.47536],[-97.80495,30.4787],[-97.80346,30.47957],[-97.80521,30.48225],[-97.80691,30.48601],[-97.80698,30.48619],[-97.80751,30.48758],[-97.8052,30.49046],[-97.80559,30.49473],[-97.80623,30.49481],[-97.80545,30.49565],[-97.80304,30.49618],[-97.80139,30.49692],[-97.80077,30.49726],[-97.7975,30.49979],[-97.79588,30.50278],[-97.79195,30.50511],[-97.7899,30.50577],[-97.78422,30.50425],[-97.78357,30.50405],[-97.78264,30.50358],[-97.78111,30.50379],[-97.7807,30.50389],[-97.77682,30.50339],[-97.77562,30.50391],[-97.77093,30.50473],[-97.76617,30.50726],[-97.76292,30.50759],[-97.762,30.50629],[-97.76165,30.50773],[-97.75884,30.50833],[-97.75772,30.50901],[-97.75632,30.511],[-97.75473,30.51313],[-97.75235,30.51438],[-97.75002,30.51544],[-97.74852,30.51665],[-97.74493,30.50785],[-97.74414,30.50594],[-97.74642,30.50519],[-97.74477,30.50117],[-97.75048,30.49974],[-97.75036,30.4985],[-97.75205,30.49604],[-97.75347,30.49619],[-97.75397,30.49604],[-97.74951,30.48616],[-97.75259,30.48615],[-97.75268,30.48517],[-97.75536,30.48502],[-97.75694,30.48753],[-97.75706,30.4878],[-97.75739,30.4877],[-97.75843,30.48715],[-97.7573,30.48389],[-97.76368,30.48188],[-97.76371,30.48101],[-97.76375,30.47915],[-97.76238,30.4787],[-97.75253,30.48204],[-97.75031,30.48232],[-97.74904,30.48257],[-97.7393,30.4845],[-97.73852,30.48457],[-97.73793,30.48354],[-97.7393,30.48325],[-97.73516,30.48271],[-97.73307,30.48386],[-97.73164,30.4804],[-97.72787,30.48153],[-97.72638,30.47799],[-97.72532,30.47574],[-97.72461,30.47376],[-97.72223,30.47444],[-97.72065,30.47495],[-97.72188,30.47812],[-97.71947,30.48002],[-97.72198,30.48628],[-97.71983,30.48693],[-97.7193,30.48795],[-97.72311,30.49732],[-97.72175,30.49904],[-97.72168,30.49914],[-97.72093,30.50029],[-97.72008,30.50149],[-97.7184,30.50396],[-97.71646,30.50679],[-97.7159,30.5074],[-97.71548,30.50249],[-97.70621,30.47914],[-97.70447,30.47881],[-97.70422,30.47921],[-97.69412,30.47864],[-97.69305,30.4748],[-97.69062,30.47231],[-97.69079,30.47216],[-97.69236,30.47075],[-97.69293,30.47007],[-97.69335,30.46968],[-97.69347,30.46939],[-97.69865,30.46485],[-97.69439,30.46279],[-97.69459,30.4615],[-97.6947,30.46065],[-97.69535,30.45215],[-97.6991,30.45196],[-97.7003,30.45252],[-97.70177,30.45017],[-97.69947,30.449],[-97.69836,30.45046],[-97.69551,30.44916],[-97.69581,30.44554],[-97.69782,30.44021],[-97.69642,30.43953],[-97.69549,30.43919],[-97.69462,30.43867],[-97.68887,30.43596],[-97.68671,30.4349],[-97.68633,30.43546],[-97.68245,30.43359],[-97.68428,30.43061],[-97.67902,30.42806],[-97.67659,30.42686],[-97.67189,30.42457],[-97.67139,30.42685],[-97.67295,30.42758],[-97.67108,30.42845],[-97.66981,30.43516],[-97.66931,30.44033],[-97.66861,30.44254],[-97.66875,30.44304],[-97.66989,30.44364],[-97.66809,30.44446],[-97.6676,30.44697],[-97.66664,30.45395],[-97.66987,30.45547],[-97.66828,30.45799],[-97.67525,30.46139],[-97.67332,30.46467],[-97.67708,30.46659],[-97.67607,30.46826],[-97.67591,30.46818],[-97.67463,30.47036],[-97.67302,30.4701],[-97.67176,30.47011],[-97.67071,30.46987],[-97.67021,30.46983],[-97.67017,30.46972],[-97.66867,30.46963],[-97.66773,30.46908],[-97.66806,30.46856],[-97.6659,30.46169],[-97.66568,30.46205],[-97.66309,30.45928],[-97.66536,30.45798],[-97.66453,30.45636],[-97.66442,30.45638],[-97.66434,30.45594],[-97.66211,30.45167],[-97.66155,30.45016],[-97.6615,30.44945],[-97.66158,30.4488],[-97.66171,30.44872],[-97.66472,30.44386],[-97.658,30.44026],[-97.65661,30.43959],[-97.65055,30.43677],[-97.65294,30.43297],[-97.65283,30.43276],[-97.65197,30.43114],[-97.65074,30.42996],[-97.64985,30.42949],[-97.65099,30.4277],[-97.65671,30.43047],[-97.66241,30.43328],[-97.66873,30.42334],[-97.66501,30.42145],[-97.66482,30.4282],[-97.65934,30.42735],[-97.66192,30.42076],[-97.66349,30.42072],[-97.66091,30.4195],[-97.65902,30.41857],[-97.65407,30.41401],[-97.65051,30.41191],[-97.64926,30.41009],[-97.64858,30.4096],[-97.64846,30.40956],[-97.64352,30.41715],[-97.64294,30.41804],[-97.63343,30.41344],[-97.63494,30.41067],[-97.63546,30.40884],[-97.63572,30.40769],[-97.638,30.40451],[-97.63621,30.40366],[-97.63601,30.4039],[-97.63438,30.40312],[-97.63212,30.40656],[-97.63123,30.40688],[-97.6284,30.40563],[-97.62643,30.40466],[-97.63108,30.39745],[-97.6318,30.39774],[-97.63259,30.39651],[-97.63321,30.39755],[-97.63337,30.3987],[-97.63412,30.39867],[-97.63475,30.39897],[-97.63464,30.39984],[-97.63491,30.40021],[-97.63591,30.40069],[-97.63506,30.40203],[-97.63647,30.40259],[-97.63697,30.40015],[-97.63973,30.40146],[-97.64428,30.39457],[-97.64686,30.39005],[-97.64202,30.38781],[-97.64291,30.3865],[-97.64589,30.38791],[-97.64692,30.38626],[-97.64572,30.38553],[-97.64266,30.38425],[-97.642,30.38531],[-97.64139,30.38753],[-97.64005,30.3869],[-97.64028,30.38565],[-97.64154,30.38372],[-97.63322,30.37937],[-97.63099,30.38295],[-97.62779,30.38808],[-97.62675,30.38743],[-97.62529,30.38584],[-97.62293,30.38954],[-97.62438,30.39023],[-97.62199,30.39387],[-97.62363,30.39467],[-97.62088,30.39885],[-97.61905,30.39798],[-97.61851,30.39882],[-97.61938,30.4012],[-97.6171,30.40469],[-97.61313,30.40281],[-97.61239,30.3989],[-97.61152,30.3978],[-97.61414,30.39397],[-97.61193,30.39295],[-97.61616,30.38633],[-97.61555,30.38604],[-97.61521,30.38566],[-97.61555,30.38456],[-97.61962,30.37908],[-97.6219,30.3806],[-97.6261,30.37452],[-97.62785,30.37548],[-97.62866,30.37421],[-97.63113,30.37111],[-97.63493,30.3613],[-97.6373,30.36194],[-97.63901,30.35852],[-97.63404,30.35719],[-97.63077,30.36015],[-97.62529,30.35857],[-97.62353,30.36144],[-97.62794,30.36272],[-97.62803,30.36285],[-97.62851,30.36291],[-97.62629,30.36513],[-97.62181,30.37062],[-97.62165,30.37082],[-97.61778,30.37583],[-97.61445,30.37429],[-97.61356,30.37702],[-97.61092,30.3758],[-97.60705,30.38182],[-97.60615,30.38133],[-97.59234,30.37429],[-97.59778,30.36593],[-97.60313,30.36848],[-97.60577,30.36443],[-97.60799,30.36491],[-97.60926,30.36293],[-97.60731,30.36205],[-97.60979,30.35823],[-97.60727,30.35702],[-97.60588,30.35899],[-97.59802,30.35496],[-97.60226,30.34837],[-97.59776,30.34616],[-97.59353,30.35268],[-97.595,30.34797],[-97.5948,30.34594],[-97.59539,30.345],[-97.59311,30.34388],[-97.58845,30.35106],[-97.58625,30.35],[-97.58142,30.34607],[-97.58004,30.34441],[-97.58008,30.34395],[-97.57963,30.34284],[-97.57904,30.34167],[-97.57656,30.3421],[-97.57684,30.33911],[-97.56925,30.33548],[-97.56735,30.33295],[-97.56314,30.33072],[-97.56037,30.3302],[-97.56063,30.3284],[-97.56126,30.3231],[-97.56206,30.32077],[-97.56337,30.3144],[-97.56572,30.31564],[-97.57132,30.30705],[-97.57578,30.30118],[-97.57232,30.2995],[-97.57903,30.28846],[-97.58358,30.28856],[-97.58789,30.28862],[-97.58899,30.28847],[-97.59046,30.28783],[-97.59288,30.28607],[-97.5941,30.2849],[-97.59595,30.28209],[-97.59083,30.27812],[-97.59125,30.27747],[-97.59476,30.27997],[-97.59536,30.27903],[-97.59248,30.27759],[-97.59195,30.27635],[-97.59883,30.26548],[-97.60468,30.26834],[-97.59996,30.27588],[-97.60128,30.27626],[-97.6017,30.27557],[-97.60289,30.27616],[-97.60432,30.27388],[-97.6055,30.27446],[-97.60385,30.27724],[-97.61005,30.28025],[-97.60915,30.28163],[-97.61385,30.28283],[-97.61558,30.2838],[-97.62226,30.287],[-97.61972,30.29098],[-97.62339,30.29274],[-97.62553,30.28941],[-97.6261,30.28853],[-97.62889,30.28979],[-97.6292,30.28929],[-97.63244,30.29084],[-97.63443,30.29127],[-97.63713,30.28794],[-97.63805,30.28681],[-97.63997,30.28444],[-97.63432,30.28137],[-97.63595,30.27885],[-97.63306,30.27746],[-97.62839,30.28491],[-97.62585,30.28372],[-97.62761,30.28092],[-97.62247,30.27858],[-97.62396,30.27624],[-97.62779,30.27806],[-97.63199,30.2714],[-97.63126,30.27114],[-97.62831,30.26989],[-97.62666,30.26872],[-97.63441,30.25667],[-97.63217,30.25655],[-97.62809,30.25715],[-97.62595,30.25637],[-97.6252,30.25537],[-97.62452,30.25197],[-97.62451,30.25018],[-97.62562,30.24758],[-97.6298,30.24108],[-97.6311,30.23947],[-97.63527,30.23775],[-97.64352,30.23589],[-97.64678,30.23538],[-97.6512,30.23379],[-97.65396,30.23061],[-97.65725,30.22733],[-97.65749,30.22578],[-97.6558,30.22204],[-97.65381,30.21997],[-97.65035,30.21573],[-97.64761,30.21301],[-97.64608,30.21193],[-97.64286,30.21102],[-97.63934,30.20932],[-97.63347,30.20854],[-97.62614,30.2109],[-97.62779,30.20924],[-97.62834,30.20869],[-97.62274,30.20994],[-97.61966,30.21047],[-97.61695,30.21194],[-97.61435,30.21317],[-97.61198,30.21198],[-97.60996,30.21009],[-97.60425,30.21034],[-97.60032,30.20729],[-97.59994,30.20579],[-97.59777,30.20658],[-97.59412,30.20489],[-97.59142,30.20474],[-97.58801,30.20558],[-97.58745,30.2058],[-97.59798,30.18825],[-97.59795,30.18777],[-97.60343,30.18708],[-97.60359,30.18815],[-97.60097,30.19231],[-97.60454,30.19337],[-97.60054,30.19959],[-97.60241,30.20042],[-97.60539,30.19968],[-97.60663,30.19837],[-97.60969,30.20004],[-97.61272,30.1979],[-97.61252,30.19441],[-97.61457,30.19165],[-97.61663,30.18989],[-97.6184,30.18937],[-97.62119,30.19197],[-97.62456,30.19487],[-97.62639,30.19041],[-97.63171,30.1912],[-97.63287,30.18863],[-97.63234,30.18644],[-97.63287,30.18532],[-97.63577,30.18776],[-97.64052,30.18524],[-97.64196,30.18522],[-97.63514,30.18182],[-97.63749,30.17792],[-97.63402,30.17627],[-97.62127,30.18461],[-97.6188,30.18345],[-97.62002,30.18119],[-97.61482,30.17869],[-97.6157,30.17795],[-97.61697,30.17736],[-97.60786,30.17302],[-97.61142,30.16905],[-97.61301,30.16666],[-97.61499,30.1676],[-97.61606,30.16609],[-97.61426,30.16521],[-97.60415,30.16054],[-97.61058,30.15056],[-97.61697,30.1536],[-97.614,30.15796],[-97.62662,30.1641],[-97.62497,30.16416],[-97.62475,30.16393],[-97.62423,30.16361],[-97.62389,30.16366],[-97.62356,30.164],[-97.63159,30.16793],[-97.63323,30.1667],[-97.63581,30.16267],[-97.6302,30.15993],[-97.62383,30.15687],[-97.62595,30.15352],[-97.6215,30.15146],[-97.62192,30.15079],[-97.61327,30.14653],[-97.61616,30.14269],[-97.62203,30.14548],[-97.62433,30.1418],[-97.61819,30.13885],[-97.62078,30.13488],[-97.62271,30.13582],[-97.62148,30.13776],[-97.62373,30.13889],[-97.62691,30.13412],[-97.62762,30.13528],[-97.62912,30.13295],[-97.62376,30.13023],[-97.62937,30.13292],[-97.63014,30.13172],[-97.63176,30.13189],[-97.63049,30.13117],[-97.63141,30.12976],[-97.62731,30.12776],[-97.62645,30.12909],[-97.62496,30.12837],[-97.62591,30.12692],[-97.63488,30.13133],[-97.63672,30.12847],[-97.63262,30.12492],[-97.63632,30.1216],[-97.63782,30.12286],[-97.63717,30.12344],[-97.63804,30.12412],[-97.63762,30.12453],[-97.64086,30.12702],[-97.64018,30.12875],[-97.64419,30.13052],[-97.64902,30.13289],[-97.64812,30.13425],[-97.64614,30.13741],[-97.65012,30.13919],[-97.64757,30.14327],[-97.64647,30.14355],[-97.64298,30.14898],[-97.65038,30.15246],[-97.64962,30.15364],[-97.65332,30.1554],[-97.65805,30.15693],[-97.65676,30.15895],[-97.66248,30.16174],[-97.6639,30.16139],[-97.66906,30.15351],[-97.67053,30.15287],[-97.67083,30.15349],[-97.67566,30.15606],[-97.67268,30.16242],[-97.67607,30.16368],[-97.67603,30.16677],[-97.6748,30.16646],[-97.67321,30.16916],[-97.67092,30.16859],[-97.66651,30.16916],[-97.6633,30.16761],[-97.66152,30.16942],[-97.66204,30.16976],[-97.675,30.17464],[-97.67511,30.17178],[-97.68144,30.17165],[-97.68154,30.17503],[-97.68264,30.17515],[-97.68271,30.17848],[-97.68782,30.18273],[-97.68918,30.17785],[-97.68983,30.17797],[-97.69277,30.17927],[-97.69731,30.1804],[-97.69319,30.18708],[-97.69853,30.19178],[-97.70094,30.19401],[-97.70523,30.19009],[-97.70702,30.19158],[-97.70796,30.19011],[-97.71014,30.19009],[-97.71036,30.19251],[-97.71206,30.19397],[-97.71455,30.19011],[-97.71333,30.18833],[-97.71299,30.18863],[-97.709,30.18681],[-97.70651,30.18476],[-97.70499,30.1862],[-97.70298,30.1846],[-97.70631,30.18153],[-97.70854,30.18131],[-97.71215,30.18228],[-97.71461,30.1817],[-97.71563,30.182],[-97.71762,30.1843],[-97.71962,30.18252],[-97.72071,30.18094],[-97.72123,30.17936],[-97.72242,30.17077],[-97.72311,30.16763],[-97.72384,30.16622],[-97.72004,30.16313],[-97.71914,30.16451],[-97.71061,30.15751],[-97.70398,30.15155],[-97.70167,30.15516],[-97.69672,30.15109],[-97.69691,30.14978],[-97.69739,30.14952],[-97.69872,30.14737],[-97.69974,30.14559],[-97.69673,30.14419],[-97.69595,30.13099],[-97.70592,30.13569],[-97.70841,30.13188],[-97.70944,30.13238],[-97.70895,30.13102],[-97.71519,30.12105],[-97.71618,30.11947],[-97.73509,30.12859],[-97.733,30.13189],[-97.73521,30.13299],[-97.73506,30.13322],[-97.73153,30.13148],[-97.73079,30.13263],[-97.7328,30.13362],[-97.73213,30.13464],[-97.73366,30.13542],[-97.73301,30.13641],[-97.73178,30.13579],[-97.73159,30.13622],[-97.73082,30.13751],[-97.73196,30.13807],[-97.7294,30.14208],[-97.73158,30.1505],[-97.73528,30.15463],[-97.73683,30.15148],[-97.7366,30.1485],[-97.7354,30.14794],[-97.73673,30.14581],[-97.73187,30.14497],[-97.73301,30.14414],[-97.73697,30.13791],[-97.74063,30.13968],[-97.73996,30.14076],[-97.73776,30.14417],[-97.74428,30.14744],[-97.74973,30.14986],[-97.75098,30.14777],[-97.74733,30.14611],[-97.74855,30.1442],[-97.75017,30.14496],[-97.75679,30.13435],[-97.7585,30.136],[-97.75941,30.1371],[-97.76554,30.12742],[-97.76822,30.12834],[-97.76886,30.12984],[-97.76759,30.12982],[-97.76616,30.13116],[-97.77728,30.12813],[-97.77861,30.12882],[-97.77884,30.12935],[-97.77979,30.12787],[-97.78748,30.13057],[-97.78953,30.12731],[-97.78611,30.12642],[-97.78923,30.12148],[-97.79488,30.12403],[-97.79174,30.12908],[-97.79392,30.12967],[-97.79629,30.1244],[-97.79613,30.12328],[-97.80106,30.1256],[-97.80366,30.1183],[-97.80591,30.11262],[-97.79198,30.1128],[-97.78515,30.1129],[-97.78529,30.11277],[-97.80602,30.11237],[-97.81089,30.1019],[-97.81275,30.09841],[-97.81325,30.09868],[-97.81373,30.09899],[-97.81373,30.0995],[-97.81126,30.10468],[-97.80936,30.10881],[-97.80896,30.11037],[-97.80802,30.11244],[-97.8114,30.1124],[-97.81139,30.11043],[-97.82028,30.11029],[-97.82382,30.11207],[-97.82513,30.11408],[-97.82498,30.1153],[-97.82475,30.11575],[-97.8115,30.11603],[-97.81163,30.12157],[-97.81174,30.12544],[-97.81246,30.12722],[-97.81187,30.13066],[-97.81047,30.13309],[-97.80839,30.13223],[-97.80748,30.13244],[-97.80502,30.13409],[-97.80129,30.13492],[-97.80136,30.13165],[-97.80385,30.12691],[-97.80482,30.12597],[-97.80357,30.12537],[-97.80232,30.12581],[-97.79844,30.13563],[-97.80438,30.1345],[-97.80708,30.13285],[-97.80637,30.13536],[-97.8038,30.13882],[-97.80155,30.14283],[-97.8048,30.14366],[-97.80776,30.13914],[-97.80889,30.13965],[-97.81019,30.13959],[-97.8094,30.14081],[-97.80824,30.1445],[-97.81082,30.14461],[-97.81312,30.14475],[-97.81331,30.14486],[-97.81323,30.14795],[-97.81344,30.14803],[-97.81466,30.14925],[-97.81535,30.14948],[-97.81577,30.1497],[-97.81631,30.14991],[-97.81777,30.14992],[-97.81727,30.15147],[-97.8175,30.16166],[-97.82172,30.16221],[-97.82081,30.16445],[-97.82129,30.16631],[-97.81964,30.17183],[-97.82061,30.17204],[-97.82123,30.17009],[-97.82144,30.17015],[-97.82601,30.15578],[-97.82588,30.15562],[-97.82794,30.14891],[-97.82826,30.14756],[-97.83312,30.14745],[-97.8332,30.14983],[-97.83804,30.14963],[-97.83789,30.14389],[-97.84217,30.14355],[-97.84512,30.14421],[-97.84475,30.14771],[-97.84259,30.14775],[-97.84258,30.14953],[-97.84612,30.14947],[-97.8471,30.14946],[-97.8485,30.14943],[-97.85006,30.14607],[-97.84703,30.14616],[-97.84699,30.14459],[-97.84924,30.14454],[-97.84749,30.14203],[-97.84669,30.14112],[-97.84758,30.14063],[-97.84909,30.14075],[-97.85022,30.13954],[-97.85277,30.14006],[-97.85464,30.14119],[-97.85524,30.14055],[-97.85813,30.14105],[-97.86208,30.14414],[-97.86279,30.14224],[-97.86313,30.13694],[-97.86534,30.13944],[-97.8673,30.14448],[-97.87032,30.14879],[-97.87395,30.15234],[-97.87755,30.15201],[-97.87989,30.15226],[-97.88154,30.15394],[-97.88351,30.15147],[-97.88352,30.14907],[-97.88353,30.14816],[-97.89039,30.14813],[-97.89045,30.15407],[-97.89052,30.1625],[-97.89334,30.16259],[-97.89372,30.17268],[-97.88956,30.17279],[-97.89649,30.17896],[-97.9045,30.17792],[-97.90533,30.17655],[-97.90714,30.17653],[-97.90703,30.16953],[-97.90654,30.16632],[-97.90652,30.16563],[-97.9065,30.16495],[-97.90506,30.16128],[-97.90502,30.15979],[-97.89894,30.16018],[-97.89852,30.15989],[-97.89847,30.15459],[-97.89324,30.15464],[-97.89296,30.14192],[-97.89416,30.14238],[-97.90096,30.14214],[-97.90079,30.13881],[-97.89823,30.13889],[-97.89579,30.13667],[-97.90237,30.13612],[-97.90233,30.13402],[-97.89412,30.13416],[-97.89485,30.13267],[-97.88727,30.13268],[-97.8872,30.13076],[-97.88624,30.1274],[-97.88745,30.12659],[-97.88838,30.12464],[-97.90714,30.12443],[-97.91265,30.12422],[-97.9285,30.12478],[-97.92908,30.15609],[-97.92908,30.15667],[-97.92241,30.15651],[-97.92183,30.15638],[-97.92176,30.15825],[-97.91867,30.15781],[-97.91762,30.15811],[-97.91859,30.15919],[-97.91862,30.16312],[-97.91785,30.16526],[-97.9243,30.17281],[-97.92838,30.1731],[-97.92927,30.17431],[-97.92927,30.17502],[-97.92888,30.17639],[-97.92879,30.18051],[-97.92881,30.1817],[-97.92886,30.1862],[-97.9264,30.19086],[-97.9252,30.1924],[-97.9241,30.19367],[-97.91953,30.20064],[-97.91756,30.20317],[-97.91159,30.2051],[-97.90929,30.20883],[-97.90751,30.20997],[-97.90357,30.20932],[-97.90286,30.20931],[-97.90078,30.20777],[-97.90106,30.2071],[-97.90048,30.20708],[-97.89779,30.206],[-97.89614,30.2086],[-97.89373,30.21197],[-97.89433,30.21251],[-97.89688,30.2138],[-97.89469,30.21732],[-97.89433,30.21829],[-97.89397,30.21919],[-97.89362,30.22006],[-97.89322,30.22106],[-97.89182,30.22327],[-97.89559,30.22509],[-97.89374,30.22906],[-97.89144,30.22954],[-97.89374,30.22987],[-97.89361,30.23108],[-97.8946,30.23121],[-97.89487,30.23013],[-97.89893,30.23133],[-97.89946,30.2315],[-97.89956,30.23253],[-97.90118,30.23323],[-97.90171,30.2324],[-97.90846,30.23445],[-97.91001,30.23468],[-97.90507,30.24235],[-97.90392,30.24414],[-97.90898,30.24661],[-97.90415,30.25426],[-97.90471,30.25487],[-97.90851,30.25492],[-97.91138,30.25364],[-97.91229,30.25213],[-97.91674,30.25429],[-97.91843,30.25259],[-97.9127,30.24977],[-97.91305,30.24861],[-97.91904,30.23939],[-97.91993,30.24019],[-97.91826,30.24279],[-97.91871,30.24308],[-97.92035,30.24055],[-97.92603,30.24557],[-97.92727,30.24628],[-97.92421,30.24733],[-97.9205,30.25071],[-97.9131,30.2586],[-97.90973,30.25999],[-97.90895,30.26008],[-97.91009,30.26464],[-97.91158,30.26829],[-97.91473,30.27314],[-97.91634,30.27624],[-97.91471,30.27643],[-97.91672,30.28054],[-97.91662,30.2865],[-97.91763,30.28918],[-97.91768,30.28931],[-97.91446,30.29163],[-97.91176,30.29479],[-97.90929,30.30026],[-97.9084,30.3062],[-97.90857,30.30887],[-97.90882,30.3097],[-97.90762,30.30957],[-97.90682,30.30939],[-97.90713,30.30471],[-97.9027,30.30262],[-97.89788,30.29866],[-97.89698,30.29693],[-97.89815,30.29542],[-97.8998,30.29449],[-97.90214,30.29184],[-97.9007,30.28926],[-97.89797,30.28962],[-97.89561,30.2913],[-97.89164,30.29541],[-97.89061,30.29568],[-97.8892,30.29525],[-97.88741,30.293],[-97.88613,30.28919],[-97.88421,30.28697],[-97.88242,30.28659],[-97.88293,30.28386],[-97.88715,30.28722],[-97.88806,30.28673],[-97.88966,30.28353],[-97.88516,30.28136],[-97.88667,30.27806],[-97.88674,30.27506],[-97.8881,30.27577],[-97.88879,30.27473],[-97.8834,30.27203],[-97.88741,30.26571],[-97.88186,30.2629],[-97.87504,30.25976],[-97.87369,30.26174],[-97.86872,30.25934],[-97.84872,30.24959],[-97.84584,30.25383],[-97.8474,30.25454],[-97.84908,30.25532],[-97.84577,30.26104],[-97.84566,30.26168],[-97.83765,30.27391],[-97.84122,30.27393],[-97.8431,30.27313],[-97.84445,30.27389],[-97.84782,30.27403],[-97.84898,30.27237],[-97.85181,30.27165],[-97.85366,30.27327],[-97.85495,30.27727],[-97.85613,30.27819],[-97.8541,30.27759],[-97.84879,30.27717],[-97.84861,30.27918],[-97.85237,30.2819],[-97.85184,30.28441],[-97.85096,30.28531],[-97.85067,30.28561],[-97.84865,30.28677],[-97.84785,30.28721],[-97.84718,30.28627],[-97.84396,30.28881],[-97.8428,30.28818],[-97.84053,30.28986],[-97.83235,30.28857],[-97.83068,30.29192],[-97.83059,30.29442],[-97.83461,30.29592],[-97.83473,30.29668],[-97.83634,30.29737],[-97.83728,30.29869],[-97.83364,30.29805],[-97.83336,30.29672],[-97.83247,30.29672],[-97.82928,30.29603],[-97.82827,30.295],[-97.82718,30.29462],[-97.82783,30.2909],[-97.82749,30.28941],[-97.82704,30.28853],[-97.82668,30.28794],[-97.82576,30.28669],[-97.81875,30.27748],[-97.81829,30.27704],[-97.81744,30.27663],[-97.81225,30.27434],[-97.81109,30.27257],[-97.80916,30.27227],[-97.80918,30.27178],[-97.80802,30.27234],[-97.80599,30.27516],[-97.80266,30.27358],[-97.80152,30.27528],[-97.79848,30.2731],[-97.79917,30.27207],[-97.79585,30.26993],[-97.79514,30.26861],[-97.79347,30.26963],[-97.7914,30.26942],[-97.78824,30.27014],[-97.78618,30.26872],[-97.78559,30.26731],[-97.78283,30.26624],[-97.78063,30.26726],[-97.78004,30.26758],[-97.78029,30.26785],[-97.78087,30.26765],[-97.78089,30.269],[-97.77714,30.27372],[-97.78693,30.28293],[-97.78732,30.2826],[-97.78919,30.27928],[-97.78966,30.27949],[-97.791,30.28012],[-97.78748,30.28342],[-97.78866,30.28454],[-97.78959,30.2854],[-97.79048,30.28398],[-97.7924,30.28486],[-97.79306,30.28384],[-97.79484,30.28471],[-97.79349,30.28684],[-97.79775,30.28883],[-97.79991,30.28988],[-97.79782,30.29177],[-97.796,30.29229],[-97.79346,30.2951],[-97.79088,30.29398],[-97.79021,30.29456],[-97.79172,30.29654],[-97.79049,30.29743],[-97.79028,30.29759],[-97.79021,30.29774],[-97.79045,30.29854],[-97.79171,30.29806],[-97.79229,30.30002],[-97.79507,30.30331],[-97.79574,30.30321],[-97.796,30.30368],[-97.79515,30.3047],[-97.79352,30.30435],[-97.79061,30.30116],[-97.78841,30.30035],[-97.78675,30.30299],[-97.78698,30.30433],[-97.78322,30.31015],[-97.78224,30.3124],[-97.78117,30.31321],[-97.78025,30.31905],[-97.78062,30.3195],[-97.78273,30.3181],[-97.78455,30.3196],[-97.7826,30.32235],[-97.78059,30.32285],[-97.78033,30.32477],[-97.78105,30.32652],[-97.78236,30.32649],[-97.78368,30.32793],[-97.7828,30.32965],[-97.78419,30.32955],[-97.78529,30.33098],[-97.78491,30.33223],[-97.78801,30.33563],[-97.79015,30.33621],[-97.79015,30.33784],[-97.79112,30.33873],[-97.79285,30.33828],[-97.79419,30.33935],[-97.79669,30.33537],[-97.8066,30.31968],[-97.80775,30.31788],[-97.81054,30.31345],[-97.81491,30.3067],[-97.81725,30.30776],[-97.81836,30.30964],[-97.8172,30.31019],[-97.81818,30.31145],[-97.82,30.31233],[-97.82186,30.3141],[-97.82261,30.31335],[-97.82464,30.3135],[-97.82382,30.3104],[-97.82156,30.30937],[-97.82157,30.30587],[-97.82231,30.30515],[-97.82331,30.30555],[-97.82495,30.30473],[-97.82595,30.30412],[-97.82821,30.30255],[-97.82913,30.30293],[-97.83177,30.30659],[-97.82959,30.30732],[-97.83061,30.31122],[-97.83169,30.3127],[-97.82995,30.31386],[-97.83028,30.31636],[-97.82781,30.31846],[-97.82611,30.32157],[-97.82479,30.32222],[-97.82487,30.3239],[-97.8262,30.32511],[-97.82982,30.32266],[-97.83525,30.32171],[-97.83949,30.32204],[-97.84155,30.32274],[-97.84484,30.3217],[-97.84618,30.3236],[-97.84514,30.3257],[-97.84729,30.3272],[-97.84818,30.32866],[-97.84707,30.32976],[-97.84828,30.33268],[-97.84869,30.33572],[-97.85122,30.33868],[-97.85369,30.33903],[-97.85299,30.34077],[-97.84909,30.34211],[-97.84979,30.3439],[-97.84795,30.34384],[-97.84824,30.34503],[-97.85036,30.34508],[-97.8515,30.34636],[-97.85105,30.34727],[-97.85273,30.34788],[-97.85432,30.34996],[-97.85695,30.34932],[-97.85811,30.35041],[-97.85779,30.35184],[-97.85994,30.35191],[-97.8611,30.35043],[-97.86286,30.35069],[-97.86568,30.34929],[-97.86617,30.3477],[-97.86854,30.34753],[-97.87085,30.34566],[-97.87417,30.34368],[-97.87908,30.34146],[-97.87977,30.33957],[-97.88086,30.33913],[-97.88225,30.33972],[-97.88236,30.34114],[-97.88542,30.34039],[-97.88482,30.33901],[-97.88912,30.33632],[-97.8886,30.33293],[-97.89011,30.33038],[-97.89146,30.32853],[-97.89505,30.33022],[-97.90834,30.31042],[-97.90854,30.31012],[-97.90881,30.31009],[-97.90885,30.31055],[-97.90888,30.31065],[-97.90968,30.31265],[-97.91001,30.31374],[-97.91067,30.31544],[-97.91078,30.31947],[-97.91169,30.32108],[-97.90738,30.32777],[-97.90835,30.33016],[-97.90909,30.32984],[-97.91051,30.32762],[-97.91109,30.32855],[-97.91479,30.32672],[-97.92064,30.32492],[-97.92063,30.32438],[-97.92101,30.32408],[-97.92112,30.3249],[-97.92172,30.32393],[-97.92354,30.32439],[-97.92742,30.32461],[-97.93042,30.32541],[-97.93446,30.32861],[-97.93641,30.32929],[-97.93721,30.33517],[-97.9382,30.33731],[-97.93671,30.33918],[-97.9356,30.33935],[-97.93366,30.34143]],[[-97.92769,30.33431],[-97.92988,30.33106],[-97.92894,30.33034],[-97.92816,30.33001],[-97.92556,30.334],[-97.92769,30.33431]],[[-97.91581,30.33788],[-97.91356,30.33661],[-97.91077,30.33723],[-97.91053,30.33617],[-97.90817,30.33622],[-97.90518,30.33842],[-97.90456,30.3395],[-97.90093,30.34171],[-97.90174,30.34373],[-97.89924,30.34528],[-97.89828,30.34516],[-97.89707,30.34341],[-97.89162,30.34483],[-97.89048,30.34658],[-97.8892,30.34651],[-97.88301,30.35586],[-97.88207,30.35592],[-97.87943,30.36008],[-97.88405,30.36235],[-97.87827,30.37112],[-97.87482,30.37592],[-97.87241,30.37971],[-97.87171,30.38078],[-97.8716,30.38098],[-97.86865,30.38562],[-97.868,30.38663],[-97.86718,30.38792],[-97.86653,30.38896],[-97.86432,30.3924],[-97.86344,30.39379],[-97.86313,30.39428],[-97.87062,30.39265],[-97.87639,30.39114],[-97.87953,30.38912],[-97.88201,30.3885],[-97.88243,30.38816],[-97.88226,30.38979],[-97.8848,30.39044],[-97.88511,30.39267],[-97.88703,30.39337],[-97.89091,30.38925],[-97.89351,30.39052],[-97.89521,30.39224],[-97.896,30.39212],[-97.89662,30.39108],[-97.89494,30.39026],[-97.89464,30.38851],[-97.89289,30.3881],[-97.89094,30.38922],[-97.89034,30.3881],[-97.89937,30.38371],[-97.90039,30.38526],[-97.90372,30.3798],[-97.90802,30.38189],[-97.91204,30.38146],[-97.91199,30.37826],[-97.91175,30.37567],[-97.91142,30.37545],[-97.91063,30.37461],[-97.91139,30.37288],[-97.91147,30.36874],[-97.91068,30.36078],[-97.91115,30.35963],[-97.91398,30.35366],[-97.91657,30.35089],[-97.92488,30.34299],[-97.92509,30.34213],[-97.92732,30.34041],[-97.92461,30.33889],[-97.92003,30.33796],[-97.91581,30.33788]],[[-97.91985,30.24654],[-97.92113,30.24543],[-97.92009,30.24422],[-97.91904,30.2456],[-97.91977,30.24646],[-97.91985,30.24654]],[[-97.92034,30.25059],[-97.92069,30.25023],[-97.92105,30.24986],[-97.918,30.2472],[-97.9169,30.2488],[-97.92034,30.25059]],[[-97.919,30.32916],[-97.92004,30.32875],[-97.92011,30.32713],[-97.91738,30.32793],[-97.91919,30.32975],[-97.919,30.32916]],[[-97.91342,30.38076],[-97.91304,30.38106],[-97.91264,30.38134],[-97.91246,30.38146],[-97.91296,30.38175],[-97.91371,30.38166],[-97.91363,30.38108],[-97.91368,30.38073],[-97.9136,30.38067],[-97.91342,30.38076]],[[-97.89661,30.39301],[-97.89322,30.39223],[-97.89192,30.39356],[-97.88757,30.39454],[-97.88286,30.39654],[-97.88189,30.39592],[-97.88254,30.39485],[-97.88215,30.39319],[-97.87966,30.39293],[-97.87677,30.39361],[-97.87648,30.39278],[-97.87227,30.39399],[-97.85866,30.39698],[-97.85745,30.39776],[-97.85554,30.40146],[-97.85606,30.40194],[-97.85473,30.40429],[-97.86295,30.40913],[-97.86395,30.41142],[-97.86695,30.41371],[-97.86876,30.41662],[-97.8694,30.42051],[-97.87236,30.42446],[-97.87249,30.4262],[-97.87298,30.42588],[-97.87422,30.42335],[-97.87755,30.41811],[-97.87595,30.41739],[-97.87866,30.41324],[-97.87681,30.41222],[-97.87402,30.41248],[-97.87508,30.41005],[-97.87484,30.40853],[-97.87585,30.41107],[-97.87863,30.41281],[-97.87988,30.41098],[-97.87854,30.40988],[-97.87775,30.40784],[-97.87738,30.40449],[-97.87851,30.40221],[-97.88046,30.39963],[-97.87862,30.39858],[-97.88088,30.3991],[-97.88515,30.39636],[-97.8884,30.39515],[-97.89181,30.39433],[-97.89815,30.39362],[-97.90382,30.3926],[-97.90712,30.3908],[-97.90529,30.38971],[-97.90192,30.39016],[-97.89994,30.39206],[-97.89661,30.39301]],[[-97.88745,30.42205],[-97.88917,30.41948],[-97.88777,30.41899],[-97.88665,30.41914],[-97.88434,30.4209],[-97.88745,30.42205]],[[-97.86682,30.15054],[-97.86538,30.14943],[-97.86167,30.14928],[-97.86547,30.14924],[-97.86678,30.15027],[-97.86749,30.14913],[-97.86637,30.14862],[-97.86225,30.14549],[-97.86197,30.14632],[-97.86,30.1457],[-97.85925,30.14747],[-97.85942,30.14901],[-97.86201,30.14988],[-97.86268,30.15279],[-97.86211,30.15469],[-97.85911,30.15572],[-97.85995,30.1583],[-97.85998,30.15884],[-97.85186,30.15896],[-97.85175,30.15895],[-97.85018,30.15898],[-97.85028,30.16777],[-97.8503,30.16949],[-97.85036,30.17325],[-97.85488,30.17317],[-97.85644,30.17319],[-97.85324,30.17824],[-97.85932,30.17846],[-97.85859,30.17771],[-97.85836,30.17738],[-97.8584,30.17738],[-97.86154,30.17739],[-97.86155,30.17592],[-97.86174,30.17592],[-97.86173,30.17739],[-97.86818,30.17758],[-97.86847,30.17584],[-97.87033,30.17295],[-97.87453,30.17292],[-97.87429,30.15352],[-97.87162,30.15348],[-97.86709,30.15227],[-97.86682,30.15054]],[[-97.86972,30.42118],[-97.86924,30.42029],[-97.86886,30.41914],[-97.86875,30.41749],[-97.86142,30.42824],[-97.85967,30.42825],[-97.8619,30.43192],[-97.86328,30.43419],[-97.85644,30.43732],[-97.85572,30.43713],[-97.85423,30.43661],[-97.85395,30.43596],[-97.85139,30.43519],[-97.84943,30.43595],[-97.84813,30.43671],[-97.84459,30.43239],[-97.84129,30.43999],[-97.83737,30.43839],[-97.8341,30.4419],[-97.83352,30.4427],[-97.83712,30.4438],[-97.83847,30.44204],[-97.84033,30.44341],[-97.84468,30.44099],[-97.84924,30.44798],[-97.85145,30.44737],[-97.85423,30.45016],[-97.85782,30.44834],[-97.85854,30.44708],[-97.8592,30.44651],[-97.86172,30.44526],[-97.86546,30.44243],[-97.86367,30.44072],[-97.86787,30.43677],[-97.86972,30.43849],[-97.87132,30.43703],[-97.86933,30.4354],[-97.87337,30.42928],[-97.87083,30.42805],[-97.87164,30.42677],[-97.87224,30.42459],[-97.86972,30.42118]],[[-97.85442,30.35217],[-97.85499,30.3516],[-97.85615,30.35127],[-97.85329,30.34972],[-97.852,30.35075],[-97.85442,30.35217]],[[-97.84098,30.35754],[-97.83913,30.36042],[-97.83543,30.35862],[-97.83617,30.35746],[-97.83506,30.35693],[-97.83268,30.35804],[-97.83216,30.35776],[-97.832,30.35807],[-97.82655,30.35552],[-97.82799,30.35324],[-97.81761,30.34829],[-97.81814,30.34757],[-97.81388,30.34558],[-97.81381,30.3469],[-97.81147,30.34962],[-97.81206,30.351],[-97.814,30.35045],[-97.81503,30.35113],[-97.81368,30.35055],[-97.81185,30.35161],[-97.81001,30.35108],[-97.80889,30.35218],[-97.80813,30.35356],[-97.80967,30.35465],[-97.80972,30.35576],[-97.81209,30.35687],[-97.81103,30.35926],[-97.81419,30.35994],[-97.81473,30.35817],[-97.8172,30.35552],[-97.81748,30.3544],[-97.82388,30.35716],[-97.83032,30.36033],[-97.83098,30.35848],[-97.83187,30.35857],[-97.83262,30.35817],[-97.83257,30.35827],[-97.83441,30.35879],[-97.8459,30.36434],[-97.84782,30.36063],[-97.84397,30.35877],[-97.84281,30.35878],[-97.84098,30.35754]],[[-97.83772,30.45989],[-97.83899,30.45851],[-97.83754,30.45734],[-97.84108,30.45375],[-97.83821,30.45515],[-97.83693,30.45687],[-97.83594,30.45877],[-97.83772,30.45989]],[[-97.83115,30.45425],[-97.83244,30.45233],[-97.82971,30.45099],[-97.82886,30.45256],[-97.82991,30.45445],[-97.82888,30.45615],[-97.8339,30.4575],[-97.83446,30.45606],[-97.83627,30.45649],[-97.83813,30.45351],[-97.83606,30.45096],[-97.83352,30.45538],[-97.83115,30.45425]],[[-97.83176,30.4485],[-97.83016,30.45007],[-97.83298,30.45154],[-97.83457,30.45128],[-97.83627,30.44977],[-97.83484,30.44884],[-97.83549,30.44786],[-97.83192,30.44652],[-97.83176,30.4485]],[[-97.83424,30.16254],[-97.83318,30.1627],[-97.832,30.16202],[-97.83082,30.16348],[-97.82747,30.16622],[-97.82471,30.17086],[-97.82422,30.17227],[-97.82722,30.17221],[-97.82729,30.17043],[-97.82931,30.16984],[-97.8356,30.16998],[-97.83555,30.16746],[-97.83448,30.16746],[-97.83422,30.16306],[-97.83424,30.16254]],[[-97.83087,30.37077],[-97.83293,30.37178],[-97.83476,30.36981],[-97.83108,30.36801],[-97.83095,30.36978],[-97.83087,30.37077]],[[-97.83023,30.32743],[-97.83099,30.32832],[-97.82824,30.3313],[-97.83344,30.33079],[-97.83442,30.32975],[-97.83342,30.32704],[-97.8321,30.32659],[-97.83023,30.32743]],[[-97.82938,30.15338],[-97.83268,30.15277],[-97.83299,30.14952],[-97.83215,30.14955],[-97.82933,30.15053],[-97.82938,30.15338]],[[-97.82339,30.44721],[-97.82384,30.44797],[-97.82464,30.44838],[-97.82645,30.44936],[-97.82938,30.45082],[-97.83243,30.44462],[-97.82675,30.44224],[-97.82667,30.4422],[-97.82339,30.44721]],[[-97.83014,30.43786],[-97.8294,30.43912],[-97.83044,30.4396],[-97.8297,30.44079],[-97.83085,30.44138],[-97.83159,30.44013],[-97.83061,30.43968],[-97.83137,30.4384],[-97.83014,30.43786]],[[-97.82205,30.36396],[-97.82182,30.36411],[-97.8288,30.36514],[-97.82948,30.36522],[-97.8303,30.36291],[-97.82871,30.36451],[-97.82633,30.36386],[-97.82205,30.36396]],[[-97.82783,30.21785],[-97.82543,30.21673],[-97.8211,30.21616],[-97.82123,30.21603],[-97.82027,30.21466],[-97.81996,30.21512],[-97.81885,30.21413],[-97.81661,30.21471],[-97.81307,30.21831],[-97.81106,30.21949],[-97.8085,30.2219],[-97.80632,30.22182],[-97.80387,30.22561],[-97.80636,30.22679],[-97.8031,30.2322],[-97.81096,30.23416],[-97.80885,30.23753],[-97.80739,30.24012],[-97.80814,30.24046],[-97.80828,30.24042],[-97.80891,30.23991],[-97.80909,30.2398],[-97.80991,30.23978],[-97.8102,30.2399],[-97.81033,30.23973],[-97.81059,30.23933],[-97.81248,30.23649],[-97.81638,30.2355],[-97.81668,30.2337],[-97.82057,30.23377],[-97.82352,30.22927],[-97.82475,30.22989],[-97.82813,30.22439],[-97.82906,30.22372],[-97.82996,30.22225],[-97.82633,30.22048],[-97.8262,30.22041],[-97.82783,30.21785]],[[-97.82083,30.33886],[-97.82257,30.339],[-97.82203,30.34019],[-97.82423,30.3418],[-97.8249,30.3399],[-97.82377,30.33777],[-97.82157,30.33765],[-97.82083,30.33886]],[[-97.81468,30.32591],[-97.81116,30.33131],[-97.81117,30.33327],[-97.81534,30.33535],[-97.82118,30.32967],[-97.82211,30.32906],[-97.82251,30.32745],[-97.82181,30.32684],[-97.81594,30.32398],[-97.81468,30.32591]],[[-97.81604,30.26784],[-97.81796,30.26858],[-97.81795,30.26604],[-97.81712,30.26725],[-97.8147,30.26694],[-97.81604,30.26784]],[[-97.80498,30.40087],[-97.80132,30.39885],[-97.80072,30.39973],[-97.79883,30.39883],[-97.7935,30.40717],[-97.7935,30.40977],[-97.79276,30.41227],[-97.79552,30.41517],[-97.79531,30.41723],[-97.79411,30.41924],[-97.79517,30.41972],[-97.7939,30.42009],[-97.79382,30.42073],[-97.79621,30.42007],[-97.79778,30.42108],[-97.80011,30.4199],[-97.80163,30.41968],[-97.80477,30.42005],[-97.80575,30.41877],[-97.80597,30.41845],[-97.80648,30.41767],[-97.80743,30.41623],[-97.8125,30.41582],[-97.81419,30.41306],[-97.81741,30.40983],[-97.81081,30.40652],[-97.81236,30.40414],[-97.80498,30.40087]],[[-97.81652,30.26612],[-97.81734,30.26471],[-97.81678,30.26392],[-97.81564,30.2654],[-97.81546,30.26565],[-97.81652,30.26612]],[[-97.81339,30.26616],[-97.81467,30.26676],[-97.81542,30.26547],[-97.81429,30.26493],[-97.81656,30.26367],[-97.81579,30.26272],[-97.81373,30.26424],[-97.81252,30.26575],[-97.81339,30.26616]],[[-97.8126,30.23859],[-97.81326,30.24057],[-97.81634,30.23954],[-97.81508,30.23896],[-97.81476,30.2376],[-97.81329,30.23748],[-97.8126,30.23859]],[[-97.8025,30.34833],[-97.80522,30.34903],[-97.80738,30.34734],[-97.81049,30.34215],[-97.80998,30.34263],[-97.80728,30.34544],[-97.8048,30.34442],[-97.8025,30.34833]],[[-97.80642,30.4188],[-97.8061,30.42036],[-97.80744,30.42143],[-97.80834,30.42152],[-97.80957,30.42013],[-97.80953,30.41956],[-97.80955,30.41916],[-97.80807,30.4191],[-97.80642,30.4188]],[[-97.80579,30.37509],[-97.80733,30.37299],[-97.8069,30.37289],[-97.80695,30.37276],[-97.80538,30.37255],[-97.80579,30.37509]],[[-97.80169,30.2725],[-97.80243,30.27288],[-97.80558,30.27177],[-97.8055,30.27132],[-97.80396,30.26927],[-97.80384,30.2693],[-97.80169,30.2725]],[[-97.80437,30.37292],[-97.80406,30.37315],[-97.80435,30.3738],[-97.80478,30.37367],[-97.80475,30.37303],[-97.80518,30.37259],[-97.80473,30.37154],[-97.8038,30.37169],[-97.80437,30.37292]],[[-97.80183,30.3674],[-97.80358,30.36459],[-97.80277,30.36397],[-97.80025,30.36729],[-97.80134,30.3682],[-97.80183,30.3674]],[[-97.79902,30.13089],[-97.79952,30.12954],[-97.79744,30.12873],[-97.79681,30.13029],[-97.79902,30.13089]],[[-97.78303,30.40296],[-97.78215,30.40433],[-97.79082,30.4084],[-97.79024,30.40927],[-97.79232,30.41019],[-97.79239,30.40875],[-97.78834,30.40489],[-97.7833,30.40364],[-97.78303,30.40296]],[[-97.78845,30.29989],[-97.79015,30.30072],[-97.79133,30.29956],[-97.7913,30.29928],[-97.79063,30.29971],[-97.78895,30.29931],[-97.78845,30.29989]],[[-97.78471,30.45241],[-97.783,30.45108],[-97.77642,30.45322],[-97.77475,30.4537],[-97.77654,30.46196],[-97.77312,30.46343],[-97.77379,30.46497],[-97.76667,30.46726],[-97.76426,30.46117],[-97.76209,30.46002],[-97.76249,30.45765],[-97.76485,30.45685],[-97.7643,30.45556],[-97.76165,30.44941],[-97.76416,30.44643],[-97.76271,30.44282],[-97.76198,30.44123],[-97.75987,30.44081],[-97.75691,30.44306],[-97.75593,30.44331],[-97.75156,30.4449],[-97.74981,30.44559],[-97.74809,30.44181],[-97.74276,30.44379],[-97.74475,30.44732],[-97.7468,30.44935],[-97.75109,30.45266],[-97.75243,30.45439],[-97.75307,30.45585],[-97.7549,30.46048],[-97.7546,30.46152],[-97.7587,30.46508],[-97.75982,30.46615],[-97.76394,30.47534],[-97.76962,30.47441],[-97.77714,30.47348],[-97.78041,30.4725],[-97.78074,30.46986],[-97.78229,30.46912],[-97.78327,30.46617],[-97.78373,30.46591],[-97.78224,30.4609],[-97.78858,30.45861],[-97.78971,30.45708],[-97.78725,30.45322],[-97.78772,30.45307],[-97.78471,30.45241]],[[-97.77939,30.42617],[-97.78083,30.42753],[-97.78299,30.42828],[-97.78501,30.42627],[-97.78483,30.42515],[-97.78445,30.42511],[-97.78262,30.42729],[-97.77939,30.42617]],[[-97.78309,30.39845],[-97.7832,30.39875],[-97.78325,30.39958],[-97.78358,30.39987],[-97.78373,30.40018],[-97.78457,30.39992],[-97.78501,30.3995],[-97.78442,30.39914],[-97.78343,30.39831],[-97.78309,30.39845]],[[-97.78244,30.16352],[-97.78159,30.16439],[-97.78218,30.16666],[-97.78454,30.16599],[-97.78314,30.16418],[-97.78426,30.16233],[-97.78195,30.16301],[-97.78244,30.16352]],[[-97.78266,30.39273],[-97.78344,30.39144],[-97.78189,30.39069],[-97.78107,30.39192],[-97.78266,30.39273]],[[-97.78019,30.15202],[-97.77698,30.15079],[-97.77347,30.14543],[-97.7725,30.14327],[-97.76956,30.14343],[-97.76757,30.14442],[-97.76633,30.14273],[-97.76472,30.14358],[-97.76456,30.14339],[-97.76379,30.14545],[-97.76134,30.1492],[-97.76359,30.15029],[-97.76639,30.1461],[-97.76731,30.14832],[-97.76576,30.15077],[-97.76193,30.15657],[-97.76213,30.15665],[-97.76455,30.15753],[-97.76068,30.16412],[-97.76202,30.16472],[-97.76282,30.16347],[-97.76371,30.16396],[-97.764,30.16793],[-97.76408,30.16824],[-97.76406,30.16829],[-97.76482,30.1686],[-97.76702,30.1698],[-97.7685,30.17053],[-97.76849,30.17112],[-97.7708,30.17121],[-97.77775,30.17133],[-97.77955,30.17489],[-97.78188,30.17147],[-97.77976,30.17138],[-97.78021,30.16722],[-97.77836,30.16543],[-97.77713,30.16641],[-97.77524,30.16509],[-97.77693,30.16402],[-97.77548,30.16308],[-97.77382,30.159],[-97.77601,30.15875],[-97.77779,30.15797],[-97.78271,30.15732],[-97.78126,30.15518],[-97.78038,30.15504],[-97.78044,30.15338],[-97.78019,30.15202]],[[-97.77706,30.3956],[-97.77757,30.39632],[-97.77895,30.39415],[-97.78163,30.39329],[-97.78055,30.39276],[-97.78014,30.39346],[-97.77817,30.3926],[-97.77706,30.3956]],[[-97.77912,30.39728],[-97.77726,30.39738],[-97.77657,30.39576],[-97.77557,30.39732],[-97.77623,30.39952],[-97.77944,30.40087],[-97.78136,30.39793],[-97.78059,30.39766],[-97.78021,30.39757],[-97.77955,30.39743],[-97.77912,30.39728]],[[-97.77703,30.38953],[-97.7748,30.39029],[-97.77564,30.39086],[-97.77586,30.39092],[-97.77793,30.39102],[-97.7781,30.39105],[-97.77847,30.39141],[-97.77925,30.39068],[-97.77925,30.39034],[-97.77888,30.38995],[-97.77771,30.38941],[-97.77703,30.38953]],[[-97.77732,30.14209],[-97.7771,30.14139],[-97.77656,30.14106],[-97.77601,30.14118],[-97.77596,30.14119],[-97.7759,30.14458],[-97.77796,30.14481],[-97.77838,30.14411],[-97.77832,30.14386],[-97.77758,30.14377],[-97.77723,30.14334],[-97.77732,30.14209]],[[-97.76914,30.17432],[-97.7696,30.1755],[-97.7698,30.17767],[-97.76983,30.17871],[-97.77323,30.17822],[-97.77317,30.17558],[-97.77452,30.17538],[-97.77442,30.17483],[-97.77293,30.17449],[-97.76999,30.17491],[-97.76914,30.17432]],[[-97.75171,30.15886],[-97.75218,30.15807],[-97.75239,30.15783],[-97.74922,30.15621],[-97.7486,30.15729],[-97.75171,30.15886]],[[-97.73917,30.45891],[-97.73941,30.45945],[-97.74165,30.45872],[-97.7409,30.45688],[-97.73983,30.45723],[-97.7386,30.45763],[-97.73917,30.45891]],[[-97.72704,30.44635],[-97.72772,30.44824],[-97.72868,30.44825],[-97.72999,30.45152],[-97.73023,30.45214],[-97.73603,30.45037],[-97.73898,30.44958],[-97.73831,30.44627],[-97.73478,30.44726],[-97.73496,30.444],[-97.72704,30.44635]],[[-97.73476,30.1575],[-97.7359,30.15803],[-97.73576,30.15669],[-97.72882,30.15337],[-97.72816,30.15438],[-97.73476,30.1575]],[[-97.71969,30.15464],[-97.72175,30.1556],[-97.72293,30.15615],[-97.72472,30.15323],[-97.72233,30.15214],[-97.72116,30.15402],[-97.71969,30.15464]],[[-97.71827,30.13837],[-97.72132,30.13932],[-97.72185,30.13851],[-97.71872,30.137],[-97.71813,30.13796],[-97.71827,30.13837]],[[-97.71483,30.13692],[-97.71605,30.13577],[-97.71531,30.13542],[-97.71485,30.1352],[-97.71403,30.13651],[-97.71483,30.13692]],[[-97.70781,30.44095],[-97.70552,30.43964],[-97.70418,30.44172],[-97.7021,30.44087],[-97.70242,30.44142],[-97.70794,30.44358],[-97.70789,30.44367],[-97.71071,30.4449],[-97.71077,30.44638],[-97.7082,30.45037],[-97.70867,30.45061],[-97.71211,30.44528],[-97.71155,30.4446],[-97.70671,30.4427],[-97.70781,30.44095]],[[-97.67633,30.23569],[-97.67339,30.23328],[-97.67245,30.23413],[-97.66926,30.23149],[-97.67094,30.23],[-97.66737,30.22701],[-97.66426,30.22843],[-97.66355,30.22679],[-97.66169,30.22526],[-97.65863,30.22809],[-97.6528,30.23456],[-97.64927,30.23622],[-97.64256,30.23758],[-97.63472,30.23972],[-97.6328,30.24092],[-97.63057,30.24344],[-97.62653,30.24972],[-97.62607,30.25123],[-97.62632,30.25487],[-97.6288,30.25565],[-97.63159,30.25499],[-97.64014,30.25581],[-97.64213,30.25725],[-97.64186,30.26105],[-97.64266,30.26248],[-97.64241,30.26288],[-97.64602,30.26358],[-97.65316,30.2626],[-97.65904,30.26188],[-97.66018,30.26149],[-97.66028,30.26189],[-97.66006,30.262],[-97.66104,30.26231],[-97.66739,30.25746],[-97.6719,30.25439],[-97.6721,30.2525],[-97.6749,30.24985],[-97.68016,30.24713],[-97.68016,30.24669],[-97.68016,30.24632],[-97.68024,30.24197],[-97.68136,30.24096],[-97.67637,30.23679],[-97.67841,30.23439],[-97.67633,30.23569]],[[-97.67112,30.46895],[-97.67361,30.46757],[-97.67562,30.46841],[-97.67632,30.46647],[-97.67433,30.4654],[-97.67294,30.46653],[-97.67112,30.46895]],[[-97.66976,30.46583],[-97.6709,30.46814],[-97.67205,30.46632],[-97.67125,30.46379],[-97.66872,30.46254],[-97.66878,30.46272],[-97.66976,30.46583]],[[-97.65387,30.33755],[-97.65367,30.33746],[-97.65581,30.33394],[-97.65579,30.33316],[-97.65635,30.33335],[-97.6566,30.33296],[-97.65686,30.33284],[-97.65675,30.33272],[-97.65689,30.3325],[-97.65553,30.33203],[-97.65437,30.33026],[-97.65456,30.32972],[-97.64633,30.33027],[-97.64407,30.33042],[-97.62896,30.33148],[-97.62744,30.33383],[-97.62549,30.33293],[-97.62635,30.33163],[-97.62418,30.33177],[-97.61661,30.34354],[-97.62358,30.3468],[-97.62995,30.34977],[-97.62802,30.35433],[-97.63107,30.35053],[-97.63905,30.35277],[-97.63654,30.35495],[-97.63476,30.35347],[-97.63379,30.35436],[-97.63556,30.35584],[-97.63582,30.3556],[-97.64026,30.356],[-97.64156,30.35346],[-97.6459,30.35465],[-97.64823,30.35624],[-97.64756,30.35229],[-97.65068,30.35374],[-97.65266,30.35485],[-97.65343,30.35523],[-97.65373,30.35486],[-97.65386,30.35414],[-97.6532,30.35304],[-97.65408,30.35248],[-97.65479,30.35125],[-97.65654,30.3521],[-97.65745,30.35116],[-97.66093,30.35268],[-97.66128,30.35176],[-97.66872,30.35524],[-97.67107,30.35241],[-97.66916,30.35155],[-97.67124,30.34945],[-97.66828,30.34809],[-97.67007,30.34799],[-97.67135,30.34592],[-97.67093,30.34529],[-97.67035,30.34534],[-97.66306,30.34191],[-97.65387,30.33755]],[[-97.6605,30.31995],[-97.65717,30.32515],[-97.66069,30.32636],[-97.65995,30.32779],[-97.66519,30.32733],[-97.67026,30.32565],[-97.67027,30.32388],[-97.66663,30.32114],[-97.66236,30.3172],[-97.6605,30.31995]],[[-97.66615,30.45051],[-97.66634,30.44957],[-97.66646,30.44891],[-97.66555,30.44874],[-97.66501,30.44967],[-97.66615,30.45051]],[[-97.66505,30.45572],[-97.66549,30.45344],[-97.66568,30.45338],[-97.6628,30.45201],[-97.66443,30.4554],[-97.66505,30.45572]],[[-97.6448,30.1634],[-97.64298,30.16272],[-97.64173,30.16346],[-97.63811,30.16163],[-97.63458,30.16764],[-97.63053,30.1707],[-97.62944,30.17239],[-97.63964,30.17731],[-97.63725,30.18128],[-97.63783,30.18223],[-97.64043,30.18297],[-97.64615,30.18561],[-97.64576,30.18329],[-97.64656,30.18062],[-97.64762,30.17835],[-97.65172,30.173],[-97.65932,30.16736],[-97.65792,30.16567],[-97.64368,30.15873],[-97.64233,30.1609],[-97.6448,30.1634]],[[-97.64403,30.32896],[-97.64805,30.32863],[-97.65,30.32782],[-97.64907,30.32619],[-97.64961,30.32373],[-97.65244,30.3239],[-97.65234,30.32233],[-97.64901,30.32268],[-97.64444,30.32418],[-97.64403,30.32896]],[[-97.64564,30.20368],[-97.65162,30.19843],[-97.64669,30.19433],[-97.64075,30.19961],[-97.6444,30.20265],[-97.64564,30.20368]],[[-97.63533,30.30624],[-97.63323,30.30611],[-97.63278,30.30632],[-97.63157,30.30668],[-97.6302,30.30788],[-97.62946,30.31],[-97.6274,30.30866],[-97.61929,30.30465],[-97.61794,30.3069],[-97.60538,30.32637],[-97.60413,30.32915],[-97.60073,30.33478],[-97.60178,30.33541],[-97.60465,30.33529],[-97.61843,30.33158],[-97.62096,30.33096],[-97.62316,30.33067],[-97.63086,30.32981],[-97.64111,30.3292],[-97.6429,30.32642],[-97.64087,30.32538],[-97.63531,30.32722],[-97.63406,30.32674],[-97.62995,30.32298],[-97.63063,30.32194],[-97.63297,30.31828],[-97.62821,30.31596],[-97.63018,30.30877],[-97.63066,30.30786],[-97.63726,30.31201],[-97.64037,30.31099],[-97.64271,30.30895],[-97.64347,30.30751],[-97.64139,30.3066],[-97.63941,30.30677],[-97.63533,30.30624]],[[-97.62634,30.14279],[-97.62403,30.14644],[-97.63323,30.15083],[-97.63049,30.15451],[-97.63231,30.15536],[-97.63736,30.1578],[-97.63974,30.15395],[-97.64266,30.14947],[-97.63531,30.146],[-97.62768,30.1424],[-97.62634,30.14279]],[[-97.62265,30.35884],[-97.62025,30.35955],[-97.61866,30.36204],[-97.61834,30.3619],[-97.61796,30.36252],[-97.61843,30.36298],[-97.61882,30.3627],[-97.62119,30.36501],[-97.62407,30.36452],[-97.62781,30.36286],[-97.62341,30.36145],[-97.62442,30.35987],[-97.62265,30.35884]],[[-97.62043,30.3891],[-97.61921,30.391],[-97.6204,30.39158],[-97.62199,30.38909],[-97.62031,30.38829],[-97.61998,30.38878],[-97.62043,30.3891]],[[-97.60586,30.35008],[-97.60932,30.34465],[-97.61061,30.34263],[-97.60714,30.34089],[-97.60231,30.34827],[-97.60586,30.35008]],[[-97.582,30.31371],[-97.58511,30.31699],[-97.58649,30.31762],[-97.59196,30.30902],[-97.58324,30.30479],[-97.58155,30.30741],[-97.582,30.31371]]],[[[-97.8785,30.39434],[-97.87958,30.3966],[-97.87751,30.39659],[-97.8768,30.39427],[-97.87768,30.39485],[-97.8785,30.39434]]],[[[-97.68948,30.46104],[-97.68979,30.46119],[-97.69028,30.46041],[-97.69221,30.46139],[-97.69214,30.4615],[-97.69176,30.46208],[-97.69431,30.4633],[-97.69422,30.46383],[-97.69374,30.46382],[-97.68952,30.46142],[-97.68931,30.46132],[-97.68948,30.46104]]]]}},{"type":"Feature","properties":{"name":"CARTS Now","boundary_type":"places","source":"Census TIGER place","fidelity":"exact","updated":"2026-09","units":"Bastrop city; Lockhart city; Taylor city; Marble Falls city; Elgin city; La Grange city","note":"6 Central Texas cities served by CARTS microtransit","confidence":0.85},"geometry":{"type":"MultiPolygon","coordinates":[[[[-97.71242,29.89511],[-97.71448,29.8981],[-97.70587,29.89944],[-97.7063,29.90159],[-97.70779,29.90375],[-97.70277,29.90452],[-97.6961,29.91051],[-97.69458,29.91309],[-97.69264,29.91359],[-97.69112,29.91776],[-97.69024,29.91894],[-97.6879,29.91919],[-97.68507,29.92232],[-97.68425,29.92246],[-97.67906,29.92235],[-97.67914,29.92261],[-97.67923,29.92315],[-97.67753,29.92358],[-97.67492,29.92436],[-97.67338,29.92241],[-97.67558,29.91327],[-97.67597,29.90941],[-97.67309,29.89523],[-97.6576,29.89773],[-97.657,29.89479],[-97.65415,29.88092],[-97.6528,29.88114],[-97.65242,29.87928],[-97.65091,29.87857],[-97.63907,29.88045],[-97.64111,29.87841],[-97.6398,29.87724],[-97.62809,29.87923],[-97.62654,29.87784],[-97.62522,29.87476],[-97.62464,29.87458],[-97.62491,29.87448],[-97.62876,29.87285],[-97.63233,29.87213],[-97.63527,29.87239],[-97.63511,29.87103],[-97.64407,29.87239],[-97.64824,29.87166],[-97.64685,29.86549],[-97.66082,29.86318],[-97.66216,29.86321],[-97.66186,29.86218],[-97.66,29.85858],[-97.65867,29.8564],[-97.65361,29.8487],[-97.66783,29.84124],[-97.66922,29.84072],[-97.6687,29.84354],[-97.6712,29.84389],[-97.67143,29.84135],[-97.6744,29.84148],[-97.67369,29.84464],[-97.68173,29.8408],[-97.67743,29.84319],[-97.67968,29.84652],[-97.67917,29.84741],[-97.68158,29.85071],[-97.68863,29.84688],[-97.69171,29.84526],[-97.69245,29.84643],[-97.69564,29.84525],[-97.70019,29.84606],[-97.70286,29.84967],[-97.70353,29.84932],[-97.70614,29.85311],[-97.70956,29.8513],[-97.71266,29.85581],[-97.71104,29.85663],[-97.71603,29.86391],[-97.71315,29.8652],[-97.7129,29.86551],[-97.71214,29.86592],[-97.71193,29.86601],[-97.71159,29.86605],[-97.71126,29.86613],[-97.71121,29.86632],[-97.71073,29.8682],[-97.71792,29.87895],[-97.71847,29.8789],[-97.72015,29.88075],[-97.72082,29.88174],[-97.72327,29.88049],[-97.72464,29.88251],[-97.72534,29.88215],[-97.7266,29.88396],[-97.72713,29.88472],[-97.72696,29.88471],[-97.72869,29.88692],[-97.71917,29.88782],[-97.72182,29.89162],[-97.7172,29.89403],[-97.71242,29.89511]],[[-97.6824,29.85552],[-97.68426,29.85566],[-97.68496,29.857],[-97.68396,29.85747],[-97.6852,29.85917],[-97.68631,29.85924],[-97.68635,29.86307],[-97.69237,29.85989],[-97.69014,29.85662],[-97.69214,29.85553],[-97.6945,29.85891],[-97.69665,29.85823],[-97.69673,29.85818],[-97.69703,29.85796],[-97.69606,29.85469],[-97.69437,29.85447],[-97.69145,29.85062],[-97.6824,29.85552]]],[[[-96.90401,29.90498],[-96.90293,29.90364],[-96.89304,29.90145],[-96.88748,29.90212],[-96.88269,29.90717],[-96.88409,29.90934],[-96.88598,29.90841],[-96.88712,29.91039],[-96.88382,29.91187],[-96.88606,29.91508],[-96.88421,29.91493],[-96.88288,29.91379],[-96.88315,29.92005],[-96.88168,29.92012],[-96.88204,29.92116],[-96.88292,29.92321],[-96.88481,29.92337],[-96.88317,29.92413],[-96.88333,29.92548],[-96.89006,29.925],[-96.89076,29.92627],[-96.88883,29.92917],[-96.88814,29.93118],[-96.88354,29.93699],[-96.87881,29.94066],[-96.87546,29.9421],[-96.87227,29.94294],[-96.87331,29.94133],[-96.87306,29.93625],[-96.87369,29.93251],[-96.87532,29.92739],[-96.87221,29.92616],[-96.87276,29.92395],[-96.86938,29.92343],[-96.86885,29.92293],[-96.87133,29.91909],[-96.87053,29.9183],[-96.86895,29.91987],[-96.8656,29.9174],[-96.86475,29.91554],[-96.86381,29.9154],[-96.86063,29.91859],[-96.85772,29.92232],[-96.85513,29.91956],[-96.85332,29.92043],[-96.85196,29.91721],[-96.8532,29.91873],[-96.85589,29.91824],[-96.85536,29.91715],[-96.85811,29.91398],[-96.85694,29.9118],[-96.85839,29.91055],[-96.85733,29.91021],[-96.85763,29.90812],[-96.859,29.90851],[-96.85803,29.90987],[-96.85909,29.9103],[-96.86082,29.90866],[-96.85803,29.9066],[-96.85705,29.90731],[-96.85582,29.90639],[-96.85716,29.90492],[-96.85882,29.89872],[-96.86201,29.89896],[-96.86286,29.8985],[-96.86792,29.89792],[-96.87038,29.89663],[-96.87276,29.89561],[-96.87865,29.8916],[-96.87944,29.8916],[-96.88096,29.89233],[-96.88353,29.89496],[-96.88206,29.89693],[-96.88074,29.89819],[-96.8823,29.89987],[-96.88635,29.89844],[-96.89183,29.8974],[-96.89593,29.89835],[-96.89739,29.89688],[-96.89822,29.89921],[-96.90022,29.89851],[-96.90123,29.89956],[-96.90809,29.90126],[-96.91073,29.90167],[-96.91249,29.89995],[-96.91546,29.90146],[-96.91314,29.90419],[-96.91062,29.90391],[-96.90745,29.90536],[-96.9049,29.90433],[-96.90401,29.90498]]],[[[-97.3587,30.11263],[-97.35868,30.11366],[-97.35607,30.11367],[-97.3563,30.11547],[-97.35023,30.11556],[-97.35019,30.11291],[-97.3482,30.11289],[-97.34834,30.11565],[-97.34443,30.11568],[-97.34448,30.12147],[-97.33872,30.1224],[-97.33722,30.12176],[-97.33716,30.1143],[-97.32994,30.11442],[-97.33091,30.11794],[-97.32906,30.12044],[-97.33095,30.12055],[-97.33104,30.12704],[-97.32979,30.12704],[-97.3293,30.12743],[-97.32776,30.12705],[-97.32631,30.12708],[-97.32682,30.12924],[-97.32481,30.13105],[-97.32039,30.13183],[-97.31984,30.13456],[-97.31847,30.13624],[-97.316,30.1346],[-97.31167,30.13453],[-97.30996,30.13418],[-97.30815,30.13495],[-97.30932,30.13732],[-97.309,30.13773],[-97.27889,30.11198],[-97.27929,30.10112],[-97.27928,30.10088],[-97.27782,30.09258],[-97.29225,30.09565],[-97.29318,30.09586],[-97.29458,30.09616],[-97.3034,30.09799],[-97.30577,30.0895],[-97.31555,30.09159],[-97.31755,30.09202],[-97.31628,30.09666],[-97.31688,30.0937],[-97.31506,30.09331],[-97.3131,30.10027],[-97.31987,30.10188],[-97.32013,30.10202],[-97.32119,30.10009],[-97.32447,30.1003],[-97.32718,30.09856],[-97.32709,30.09725],[-97.33197,30.09594],[-97.3353,30.09431],[-97.33925,30.09414],[-97.33945,30.09623],[-97.33936,30.10213],[-97.3523,30.10188],[-97.36417,30.10167],[-97.36422,30.11067],[-97.36882,30.11032],[-97.37282,30.10838],[-97.36655,30.1084],[-97.36653,30.10623],[-97.37491,30.10611],[-97.3734,30.10836],[-97.38131,30.10827],[-97.37976,30.11074],[-97.40776,30.11043],[-97.40918,30.11048],[-97.41062,30.11092],[-97.41017,30.11101],[-97.40849,30.11083],[-97.36544,30.11131],[-97.36472,30.11254],[-97.3587,30.11263]]],[[[-97.348,30.12147],[-97.34675,30.12184],[-97.34661,30.12147],[-97.34854,30.12058],[-97.35081,30.12054],[-97.35215,30.1209],[-97.35463,30.12207],[-97.35434,30.12241],[-97.35402,30.12275],[-97.35293,30.1219],[-97.35092,30.12132],[-97.34981,30.12122],[-97.348,30.12147]]],[[[-97.3792,30.31564],[-97.37864,30.3165],[-97.37847,30.31677],[-97.37563,30.31522],[-97.37628,30.31423],[-97.37653,30.31437],[-97.3792,30.31564]]],[[[-97.37284,30.32235],[-97.37165,30.32187],[-97.37286,30.31999],[-97.37407,30.31795],[-97.37559,30.31803],[-97.37728,30.31866],[-97.37404,30.32384],[-97.37319,30.32518],[-97.37154,30.32441],[-97.37284,30.32235]]],[[[-97.37022,30.32013],[-97.37044,30.32196],[-97.37004,30.32448],[-97.36886,30.32393],[-97.36756,30.32076],[-97.37022,30.32013]]],[[[-97.42353,30.35379],[-97.42576,30.35772],[-97.42449,30.35877],[-97.42323,30.36112],[-97.42068,30.36007],[-97.41668,30.36644],[-97.41526,30.3658],[-97.41144,30.37198],[-97.4132,30.37279],[-97.41132,30.37592],[-97.40947,30.37506],[-97.40748,30.37827],[-97.40204,30.37574],[-97.3966,30.38427],[-97.39291,30.38251],[-97.39822,30.37397],[-97.40147,30.36856],[-97.40009,30.36791],[-97.39634,30.36617],[-97.395,30.36884],[-97.38402,30.36368],[-97.38567,30.36114],[-97.3838,30.36026],[-97.37972,30.36619],[-97.37833,30.36562],[-97.37769,30.36639],[-97.37559,30.36544],[-97.374,30.36841],[-97.37257,30.36777],[-97.37426,30.36263],[-97.3713,30.36129],[-97.37,30.36338],[-97.36568,30.36136],[-97.36644,30.36016],[-97.36524,30.3596],[-97.36621,30.35789],[-97.36641,30.35744],[-97.35768,30.35328],[-97.36089,30.34847],[-97.35712,30.34496],[-97.35835,30.34364],[-97.35753,30.34326],[-97.3596,30.34094],[-97.3602,30.33918],[-97.3595,30.33527],[-97.36034,30.3331],[-97.36316,30.33344],[-97.3657,30.33234],[-97.36491,30.33412],[-97.36709,30.33499],[-97.3674,30.33416],[-97.36891,30.33025],[-97.36909,30.32952],[-97.36925,30.32713],[-97.37135,30.32812],[-97.36978,30.33062],[-97.37363,30.3324],[-97.37269,30.33391],[-97.37109,30.33317],[-97.36985,30.33506],[-97.37423,30.3372],[-97.37546,30.33524],[-97.37737,30.33698],[-97.37661,30.33822],[-97.38804,30.34362],[-97.38752,30.34388],[-97.38289,30.3447],[-97.38348,30.34512],[-97.40708,30.34099],[-97.40719,30.34115],[-97.40284,30.34814],[-97.40984,30.35139],[-97.41274,30.35062],[-97.41668,30.3448],[-97.41715,30.34579],[-97.41923,30.34722],[-97.41917,30.34997],[-97.42179,30.35024],[-97.42436,30.34983],[-97.42682,30.35005],[-97.42773,30.3486],[-97.42776,30.35187],[-97.43726,30.35147],[-97.43707,30.35047],[-97.43933,30.35155],[-97.43729,30.3519],[-97.42562,30.35241],[-97.42475,30.35346],[-97.42341,30.35281],[-97.42353,30.35379]]],[[[-98.32234,30.51435],[-98.3202,30.51467],[-98.32019,30.51467],[-98.31517,30.51435],[-98.31204,30.51361],[-98.31107,30.5152],[-98.3078,30.51533],[-98.30547,30.51765],[-98.30505,30.51918],[-98.30504,30.52656],[-98.30238,30.52656],[-98.30265,30.54515],[-98.29091,30.54526],[-98.29094,30.54956],[-98.28872,30.55085],[-98.28853,30.55104],[-98.289,30.55159],[-98.29125,30.55124],[-98.29997,30.55284],[-98.30439,30.55449],[-98.30419,30.55641],[-98.30378,30.55745],[-98.29599,30.55484],[-98.29562,30.55563],[-98.29359,30.56029],[-98.28859,30.55952],[-98.28668,30.56245],[-98.28651,30.56432],[-98.28795,30.56518],[-98.2876,30.5673],[-98.28771,30.56711],[-98.28853,30.56579],[-98.28963,30.56635],[-98.28924,30.56734],[-98.29103,30.56825],[-98.29076,30.56878],[-98.28972,30.57072],[-98.29137,30.5715],[-98.29386,30.57002],[-98.2957,30.57089],[-98.2944,30.57304],[-98.2921,30.57225],[-98.29035,30.57481],[-98.29297,30.57709],[-98.29289,30.57743],[-98.29342,30.57917],[-98.29221,30.58438],[-98.29244,30.58645],[-98.29372,30.58755],[-98.29328,30.58827],[-98.2968,30.59153],[-98.30024,30.59278],[-98.29608,30.5914],[-98.29325,30.58856],[-98.28837,30.58617],[-98.28169,30.59561],[-98.27956,30.59808],[-98.27482,30.59579],[-98.27217,30.60075],[-98.27058,30.60109],[-98.2693,30.60346],[-98.27051,30.60373],[-98.26994,30.60571],[-98.26881,30.60546],[-98.26951,30.6126],[-98.27041,30.61305],[-98.26932,30.61468],[-98.27079,30.61541],[-98.26785,30.61986],[-98.26596,30.62534],[-98.26438,30.62474],[-98.26348,30.62759],[-98.25094,30.62197],[-98.25549,30.61507],[-98.24796,30.6114],[-98.24836,30.6108],[-98.24543,30.60935],[-98.24388,30.61172],[-98.23883,30.60933],[-98.24079,30.60643],[-98.24132,30.60447],[-98.23701,30.60041],[-98.23893,30.59742],[-98.23661,30.5963],[-98.24421,30.58484],[-98.24117,30.58334],[-98.24789,30.57332],[-98.25725,30.55922],[-98.25581,30.55751],[-98.257,30.55612],[-98.25801,30.55654],[-98.25959,30.55959],[-98.26103,30.56366],[-98.26381,30.56623],[-98.26765,30.56751],[-98.27048,30.56737],[-98.26996,30.56566],[-98.26748,30.56563],[-98.26327,30.56399],[-98.26523,30.55651],[-98.26363,30.5551],[-98.2622,30.55259],[-98.26062,30.55126],[-98.27265,30.54019],[-98.27359,30.54066],[-98.27658,30.53854],[-98.27656,30.53434],[-98.27121,30.53467],[-98.27021,30.53218],[-98.26819,30.52917],[-98.26539,30.52696],[-98.28111,30.52711],[-98.28274,30.52621],[-98.28453,30.52297],[-98.28628,30.52123],[-98.28787,30.52186],[-98.29052,30.5168],[-98.29043,30.50803],[-98.28931,30.50731],[-98.30221,30.51059],[-98.30195,30.49385],[-98.30801,30.49381],[-98.31637,30.48415],[-98.30864,30.49378],[-98.31116,30.49378],[-98.31128,30.49753],[-98.31006,30.49754],[-98.31012,30.50814],[-98.30597,30.50821],[-98.30624,30.51184],[-98.3118,30.51328],[-98.31233,30.51324],[-98.31416,30.51042],[-98.31575,30.50942],[-98.3158,30.50711],[-98.31828,30.50596],[-98.31824,30.50472],[-98.32191,30.50461],[-98.32149,30.49747],[-98.32127,30.48531],[-98.32811,30.4853],[-98.32854,30.49954],[-98.33299,30.5028],[-98.33305,30.50561],[-98.32905,30.50926],[-98.32477,30.50642],[-98.32463,30.50789],[-98.32226,30.50791],[-98.32234,30.51435]]],[[[-97.49436,30.60196],[-97.48833,30.60393],[-97.48557,30.59735],[-97.48972,30.59604],[-97.48516,30.58525],[-97.48535,30.5852],[-97.48593,30.58657],[-97.48723,30.58616],[-97.48852,30.58674],[-97.49025,30.58608],[-97.48929,30.58397],[-97.48985,30.58373],[-97.48846,30.58034],[-97.48739,30.58043],[-97.48634,30.57806],[-97.48835,30.57742],[-97.49092,30.58336],[-97.49605,30.58176],[-97.48907,30.56509],[-97.46731,30.57228],[-97.45794,30.57617],[-97.44505,30.58017],[-97.44975,30.59157],[-97.45174,30.59093],[-97.45289,30.59377],[-97.44688,30.59569],[-97.44587,30.59493],[-97.45205,30.60962],[-97.45662,30.60901],[-97.45225,30.61043],[-97.45526,30.61748],[-97.44799,30.61975],[-97.44451,30.61151],[-97.44192,30.61263],[-97.44503,30.62068],[-97.4415,30.61239],[-97.43787,30.61353],[-97.43142,30.61363],[-97.42775,30.6146],[-97.43195,30.62104],[-97.43539,30.61997],[-97.43481,30.61909],[-97.43956,30.61759],[-97.43631,30.61984],[-97.43231,30.62162],[-97.43462,30.62572],[-97.43522,30.62756],[-97.43375,30.62421],[-97.42751,30.61471],[-97.42323,30.61606],[-97.42547,30.62017],[-97.43056,30.62901],[-97.42846,30.62587],[-97.42447,30.62711],[-97.41861,30.61524],[-97.42064,30.6145],[-97.41999,30.61294],[-97.4178,30.61363],[-97.41671,30.61143],[-97.42037,30.61029],[-97.42,30.60937],[-97.41627,30.61055],[-97.40833,30.59447],[-97.38556,30.59637],[-97.3845,30.58658],[-97.383,30.586],[-97.3806,30.58673],[-97.38174,30.58951],[-97.38195,30.59252],[-97.38285,30.59495],[-97.38185,30.59293],[-97.38171,30.59259],[-97.37582,30.5945],[-97.37452,30.59146],[-97.38118,30.58908],[-97.37861,30.58586],[-97.3792,30.58404],[-97.37396,30.58569],[-97.37179,30.58052],[-97.3671,30.58203],[-97.36629,30.57962],[-97.36749,30.57909],[-97.36365,30.58024],[-97.36301,30.5787],[-97.36213,30.57887],[-97.36242,30.57802],[-97.36785,30.57695],[-97.37519,30.57423],[-97.37068,30.56303],[-97.37232,30.56338],[-97.37619,30.56233],[-97.3814,30.56073],[-97.38056,30.55022],[-97.38138,30.55013],[-97.40469,30.54818],[-97.40532,30.54714],[-97.40376,30.54324],[-97.40451,30.5434],[-97.40548,30.54354],[-97.40387,30.54104],[-97.40351,30.54005],[-97.40298,30.533],[-97.40796,30.53253],[-97.41165,30.53299],[-97.41203,30.53143],[-97.41921,30.53202],[-97.41887,30.53391],[-97.4159,30.53351],[-97.41492,30.53889],[-97.41952,30.5395],[-97.42095,30.53408],[-97.42117,30.53108],[-97.41731,30.53061],[-97.4174,30.5301],[-97.42419,30.53084],[-97.42428,30.53086],[-97.42398,30.53284],[-97.42607,30.53156],[-97.42547,30.53491],[-97.42364,30.53467],[-97.42345,30.53587],[-97.4252,30.5363],[-97.42487,30.53845],[-97.42637,30.53876],[-97.42608,30.54048],[-97.42455,30.54027],[-97.42478,30.5387],[-97.42296,30.53841],[-97.42273,30.5396],[-97.42387,30.54018],[-97.42289,30.54574],[-97.42729,30.54633],[-97.43244,30.5459],[-97.43338,30.54098],[-97.44196,30.54216],[-97.44155,30.54856],[-97.43551,30.54773],[-97.43744,30.55226],[-97.43425,30.55327],[-97.43503,30.56295],[-97.43548,30.56565],[-97.43947,30.56544],[-97.44083,30.565],[-97.44856,30.55913],[-97.45088,30.55789],[-97.45229,30.55736],[-97.46743,30.55599],[-97.47397,30.55501],[-97.47268,30.55195],[-97.47012,30.55274],[-97.46776,30.55242],[-97.46905,30.54552],[-97.46182,30.54453],[-97.46135,30.5472],[-97.45413,30.54621],[-97.45372,30.54853],[-97.44765,30.54768],[-97.44862,30.5422],[-97.44748,30.54204],[-97.44903,30.5342],[-97.44628,30.53382],[-97.44801,30.52402],[-97.46021,30.52573],[-97.4606,30.52344],[-97.46244,30.52542],[-97.46413,30.52598],[-97.47236,30.52722],[-97.47163,30.53192],[-97.47873,30.53278],[-97.47815,30.53594],[-97.48603,30.53703],[-97.48593,30.53766],[-97.48373,30.54977],[-97.48348,30.55112],[-97.48189,30.55091],[-97.48165,30.55226],[-97.48321,30.55247],[-97.48302,30.55346],[-97.4844,30.55382],[-97.48455,30.55417],[-97.50379,30.59841],[-97.51043,30.59635],[-97.51247,30.6011],[-97.50511,30.60347],[-97.50561,30.60537],[-97.50448,30.60358],[-97.49621,30.60619],[-97.49436,30.60196]],[[-97.36756,30.57907],[-97.37031,30.57818],[-97.36987,30.57711],[-97.3678,30.57783],[-97.36712,30.57801],[-97.36737,30.57876],[-97.36749,30.57909],[-97.36756,30.57907]],[[-97.50396,30.59862],[-97.50513,30.60141],[-97.50692,30.60085],[-97.50567,30.59807],[-97.50396,30.59862]],[[-97.50455,30.60054],[-97.50371,30.59868],[-97.50348,30.59956],[-97.50199,30.59928],[-97.50282,30.60114],[-97.50328,30.60098],[-97.50455,30.60054]],[[-97.49368,30.60113],[-97.49176,30.60117],[-97.49229,30.60246],[-97.49417,30.6018],[-97.50275,30.59882],[-97.5033,30.59774],[-97.49969,30.58952],[-97.49434,30.59123],[-97.49472,30.59441],[-97.49683,30.59907],[-97.49368,30.60113]],[[-97.49621,30.58191],[-97.49295,30.58291],[-97.49344,30.58573],[-97.49307,30.58831],[-97.49839,30.58651],[-97.49621,30.58191]],[[-97.47836,30.56283],[-97.48063,30.56751],[-97.48377,30.56649],[-97.4812,30.56088],[-97.48428,30.56002],[-97.48674,30.56558],[-97.48903,30.56487],[-97.48532,30.55644],[-97.48261,30.55445],[-97.47769,30.55523],[-97.4805,30.56216],[-97.47836,30.56283]],[[-97.42976,30.60722],[-97.42406,30.60897],[-97.4225,30.60525],[-97.41911,30.60629],[-97.42189,30.61267],[-97.42515,30.61188],[-97.42621,30.61211],[-97.42739,30.61384],[-97.43147,30.61305],[-97.43724,30.61282],[-97.4389,30.61252],[-97.44752,30.61003],[-97.45161,30.60909],[-97.44656,30.59704],[-97.43496,30.60064],[-97.435,30.60126],[-97.42815,30.60342],[-97.42976,30.60722]],[[-97.42605,30.61229],[-97.42575,30.61207],[-97.42202,30.6129],[-97.42274,30.61485],[-97.42703,30.61395],[-97.42605,30.61229]],[[-97.41919,30.54695],[-97.41896,30.54522],[-97.42092,30.54549],[-97.42127,30.54355],[-97.41818,30.54313],[-97.4176,30.54498],[-97.4155,30.54472],[-97.41632,30.5472],[-97.41919,30.54695]],[[-97.4082,30.53689],[-97.40802,30.53955],[-97.40733,30.5431],[-97.4063,30.54358],[-97.40879,30.54779],[-97.41592,30.54725],[-97.41501,30.54405],[-97.41618,30.53923],[-97.41082,30.53849],[-97.41074,30.53817],[-97.41081,30.53818],[-97.41097,30.53728],[-97.4082,30.53689]],[[-97.37784,30.58052],[-97.37819,30.58136],[-97.38229,30.58015],[-97.38192,30.57923],[-97.37784,30.58052]],[[-97.37709,30.57875],[-97.37748,30.57967],[-97.38177,30.57833],[-97.3816,30.57737],[-97.37709,30.57875]]]]}},{"type":"Feature","properties":{"name":"Cavazos Connector","boundary_type":"places","source":"Census TIGER place","fidelity":"exact","updated":"2026-09","units":"Killeen city; Temple city; Belton city; Copperas Cove city; Harker Heights city","note":"Serves Fort Cavazos military installation plus five surrounding cities (Bell County area).","confidence":0.85},"geometry":{"type":"MultiPolygon","coordinates":[[[[-97.65054,30.97868],[-97.65294,30.97811],[-97.65548,30.97816],[-97.6558,30.97983],[-97.65111,30.9808],[-97.64821,30.98266],[-97.64729,30.97998],[-97.65054,30.97868]]],[[[-97.64232,30.98469],[-97.64048,30.97909],[-97.64443,30.97784],[-97.64614,30.98346],[-97.64232,30.98469]]],[[[-97.66461,31.01218],[-97.66099,31.01007],[-97.66014,31.00857],[-97.65637,30.99972],[-97.6545,30.99504],[-97.65236,30.9949],[-97.65077,30.99427],[-97.64803,30.99451],[-97.64801,30.99477],[-97.64753,31.00069],[-97.64679,31.00312],[-97.64604,31.00558],[-97.64429,31.00831],[-97.64205,31.00942],[-97.63807,31.0098],[-97.63597,31.00833],[-97.63093,31.00726],[-97.62921,31.00872],[-97.62646,31.00921],[-97.61918,31.00456],[-97.61868,31.00351],[-97.61558,31.00361],[-97.60714,31.00307],[-97.60481,31.00691],[-97.60142,31.00772],[-97.5967,31.00771],[-97.5923,31.00531],[-97.59388,31.00213],[-97.59874,31.00504],[-97.60069,31.00436],[-97.60139,31.00248],[-97.60281,31.00132],[-97.60661,31.0002],[-97.61628,31.00086],[-97.61962,31.00026],[-97.62059,31.00238],[-97.62183,31.002],[-97.62725,31.00607],[-97.62818,31.00576],[-97.62939,31.00343],[-97.63312,31.00447],[-97.63192,31.00143],[-97.63341,30.9993],[-97.63327,30.99792],[-97.63657,30.99691],[-97.63667,31.00008],[-97.63786,31.00068],[-97.63858,31.0047],[-97.63955,31.00442],[-97.64022,31.00594],[-97.64135,31.00552],[-97.64327,31.00352],[-97.6419,31.00129],[-97.64331,31.00039],[-97.64232,30.99853],[-97.64375,30.9971],[-97.64242,30.99327],[-97.64346,30.993],[-97.64455,30.99433],[-97.64788,30.99279],[-97.65079,30.99268],[-97.65251,30.99021],[-97.65521,30.99304],[-97.65705,30.99125],[-97.65755,30.99336],[-97.66026,30.99326],[-97.66107,30.98854],[-97.66471,30.98726],[-97.66855,30.99671],[-97.666,30.99912],[-97.66784,31.00099],[-97.66662,31.00282],[-97.66384,31.00175],[-97.66162,31.00362],[-97.66266,31.0051],[-97.66151,31.00633],[-97.6632,31.00767],[-97.6665,31.00656],[-97.66743,31.00879],[-97.66835,31.00892],[-97.66932,31.01132],[-97.67257,31.01028],[-97.67355,31.01228],[-97.67064,31.01449],[-97.66885,31.01276],[-97.66865,31.01108],[-97.66567,31.01107],[-97.66461,31.01218]]],[[[-97.81677,31.07381],[-97.81444,31.07908],[-97.81529,31.07949],[-97.82133,31.08115],[-97.82351,31.08167],[-97.82347,31.08181],[-97.81839,31.09509],[-97.81363,31.09374],[-97.81154,31.09919],[-97.8128,31.09956],[-97.81028,31.1032],[-97.80565,31.10186],[-97.80471,31.10431],[-97.80225,31.11081],[-97.80424,31.11138],[-97.80425,31.11275],[-97.80321,31.11245],[-97.80164,31.11533],[-97.79921,31.11463],[-97.79837,31.11629],[-97.79761,31.11593],[-97.79114,31.11409],[-97.78419,31.1121],[-97.78415,31.11219],[-97.78108,31.11131],[-97.78001,31.11219],[-97.77889,31.11551],[-97.77583,31.11519],[-97.77516,31.11689],[-97.76315,31.11333],[-97.76225,31.11365],[-97.76211,31.11355],[-97.76173,31.11388],[-97.76179,31.11393],[-97.76086,31.11467],[-97.75993,31.11361],[-97.75833,31.11317],[-97.7503,31.11086],[-97.75015,31.11114],[-97.749,31.11401],[-97.74611,31.11326],[-97.74507,31.11597],[-97.74376,31.11944],[-97.74325,31.12079],[-97.74291,31.12125],[-97.73971,31.12972],[-97.73763,31.12919],[-97.73658,31.132],[-97.73688,31.13208],[-97.73618,31.13395],[-97.73549,31.13581],[-97.73272,31.1349],[-97.72924,31.13391],[-97.72096,31.13177],[-97.71411,31.12983],[-97.70738,31.12792],[-97.70675,31.12958],[-97.70615,31.13107],[-97.70601,31.13182],[-97.70367,31.13786],[-97.70293,31.13961],[-97.69885,31.13853],[-97.69791,31.14102],[-97.68931,31.13837],[-97.68049,31.13574],[-97.68033,31.13569],[-97.67354,31.13367],[-97.67166,31.13305],[-97.66766,31.1305],[-97.66515,31.12777],[-97.66389,31.1274],[-97.66357,31.12702],[-97.65395,31.12425],[-97.65541,31.12054],[-97.65505,31.1203],[-97.65756,31.11338],[-97.65128,31.11164],[-97.65746,31.09501],[-97.64186,31.08949],[-97.64201,31.08944],[-97.64173,31.08492],[-97.64479,31.08529],[-97.64498,31.08358],[-97.6425,31.08257],[-97.64184,31.08241],[-97.6398,31.08188],[-97.63773,31.08121],[-97.63593,31.07917],[-97.63091,31.07761],[-97.62346,31.07538],[-97.62513,31.07095],[-97.62546,31.06891],[-97.62865,31.06036],[-97.61732,31.05724],[-97.61666,31.05516],[-97.61408,31.0547],[-97.61222,31.05877],[-97.61003,31.0569],[-97.6059,31.05528],[-97.60599,31.05468],[-97.60077,31.05551],[-97.5959,31.05796],[-97.5941,31.0577],[-97.59017,31.05592],[-97.58868,31.05524],[-97.5886,31.05521],[-97.59055,31.05001],[-97.58883,31.04953],[-97.59126,31.04275],[-97.59113,31.04057],[-97.59188,31.03797],[-97.60011,31.04457],[-97.60257,31.03704],[-97.60487,31.03902],[-97.60765,31.03626],[-97.60505,31.03298],[-97.61231,31.03105],[-97.61643,31.03087],[-97.6185,31.03151],[-97.62354,31.03444],[-97.62619,31.03489],[-97.62883,31.03345],[-97.6319,31.03961],[-97.63297,31.03689],[-97.6338,31.03715],[-97.63252,31.03344],[-97.63413,31.03397],[-97.6346,31.03279],[-97.63657,31.0328],[-97.63052,31.02676],[-97.63315,31.027],[-97.63431,31.02606],[-97.63724,31.02619],[-97.63864,31.02279],[-97.63592,31.02042],[-97.63612,31.01781],[-97.63748,31.01815],[-97.63895,31.01738],[-97.63977,31.01817],[-97.63924,31.02024],[-97.64096,31.02351],[-97.64374,31.02263],[-97.64277,31.02117],[-97.64356,31.01879],[-97.64657,31.01846],[-97.64796,31.02163],[-97.64941,31.02117],[-97.65074,31.02354],[-97.65162,31.02169],[-97.65367,31.02132],[-97.65581,31.01803],[-97.65609,31.01679],[-97.65596,31.0145],[-97.65504,31.01279],[-97.65557,31.01289],[-97.66233,31.01598],[-97.66094,31.0138],[-97.66115,31.01373],[-97.66478,31.01538],[-97.66198,31.02027],[-97.66342,31.02069],[-97.66906,31.0191],[-97.66983,31.02678],[-97.67176,31.0272],[-97.67495,31.03117],[-97.67559,31.03379],[-97.6912,31.02898],[-97.68381,31.03137],[-97.68474,31.03359],[-97.69228,31.03116],[-97.6953,31.0384],[-97.70826,31.03452],[-97.70781,31.03334],[-97.71444,31.03145],[-97.71552,31.03405],[-97.7165,31.03463],[-97.71957,31.03375],[-97.73404,31.02941],[-97.7443,31.02622],[-97.75371,31.02338],[-97.75097,31.01644],[-97.74237,31.01897],[-97.73958,31.01221],[-97.73845,31.01258],[-97.73757,31.01286],[-97.73399,31.01402],[-97.73161,31.01479],[-97.72866,31.00788],[-97.7291,31.00774],[-97.73722,31.00523],[-97.74387,31.00907],[-97.74673,31.00796],[-97.7495,31.01478],[-97.75133,31.01424],[-97.75074,31.01115],[-97.75072,31.00837],[-97.75169,31.00842],[-97.75201,31.00547],[-97.75329,31.00352],[-97.75965,30.99609],[-97.76226,30.99211],[-97.76472,30.98894],[-97.76571,30.98947],[-97.7668,30.9879],[-97.76636,30.98651],[-97.77117,30.97843],[-97.77131,30.97833],[-97.7744,30.97543],[-97.77516,30.97507],[-97.77671,30.97206],[-97.7781,30.96901],[-97.77869,30.96341],[-97.77992,30.96058],[-97.78343,30.95659],[-97.78475,30.95403],[-97.78749,30.95434],[-97.78684,30.95635],[-97.78514,30.95912],[-97.78263,30.96204],[-97.78167,30.96468],[-97.78152,30.96729],[-97.78062,30.96721],[-97.78082,30.96978],[-97.77947,30.97235],[-97.77877,30.97252],[-97.77988,30.97361],[-97.77797,30.97417],[-97.77616,30.97696],[-97.77677,30.97738],[-97.77446,30.97929],[-97.773,30.98114],[-97.76953,30.98727],[-97.76343,30.99597],[-97.76221,30.99535],[-97.76145,30.99651],[-97.76237,30.99699],[-97.76154,30.99858],[-97.75578,31.00517],[-97.75415,31.00567],[-97.75393,31.00708],[-97.75591,31.00784],[-97.75783,31.00727],[-97.75872,31.00852],[-97.75685,31.00874],[-97.75791,31.00954],[-97.75611,31.00993],[-97.75255,31.01164],[-97.75286,31.01317],[-97.75424,31.01336],[-97.75961,31.01173],[-97.76085,31.01466],[-97.75373,31.01677],[-97.75499,31.01775],[-97.75784,31.01688],[-97.75751,31.01838],[-97.75879,31.02036],[-97.75541,31.02129],[-97.7552,31.02294],[-97.76384,31.02032],[-97.76996,31.03627],[-97.76517,31.03772],[-97.76711,31.04032],[-97.76885,31.04003],[-97.78037,31.04829],[-97.78055,31.05372],[-97.78726,31.05348],[-97.79496,31.05501],[-97.79675,31.05561],[-97.80277,31.0567],[-97.80707,31.05614],[-97.81216,31.05632],[-97.81209,31.05393],[-97.81787,31.05354],[-97.81913,31.05347],[-97.81942,31.05712],[-97.82066,31.05689],[-97.82387,31.0634],[-97.81861,31.0653],[-97.81785,31.06962],[-97.81577,31.07231],[-97.81677,31.07381]],[[-97.6682,31.03603],[-97.66689,31.03532],[-97.66732,31.03642],[-97.66526,31.03701],[-97.66557,31.03816],[-97.6664,31.03907],[-97.66714,31.0423],[-97.66913,31.04686],[-97.67146,31.04614],[-97.67298,31.04567],[-97.67146,31.04207],[-97.6711,31.04119],[-97.66998,31.03905],[-97.6682,31.03603]],[[-97.66906,31.03575],[-97.67325,31.03449],[-97.67079,31.02927],[-97.66848,31.03083],[-97.66603,31.0342],[-97.66366,31.02786],[-97.66041,31.02889],[-97.65867,31.02939],[-97.658,31.02741],[-97.65889,31.02586],[-97.66079,31.02444],[-97.65708,31.02107],[-97.65631,31.02244],[-97.65355,31.02371],[-97.65629,31.03086],[-97.65796,31.0341],[-97.659,31.03711],[-97.66063,31.03671],[-97.66108,31.03639],[-97.66497,31.0351],[-97.66681,31.03512],[-97.66841,31.03583],[-97.6675,31.03376],[-97.66818,31.03355],[-97.66906,31.03575]],[[-97.80217,31.07379],[-97.8017,31.07502],[-97.80509,31.07602],[-97.8075,31.06984],[-97.80142,31.06812],[-97.79282,31.06571],[-97.79094,31.07065],[-97.80217,31.07379]],[[-97.78602,31.07704],[-97.7881,31.07765],[-97.78918,31.07485],[-97.788,31.07453],[-97.78789,31.07518],[-97.78672,31.07592],[-97.78602,31.07704]],[[-97.77888,31.07209],[-97.7812,31.06597],[-97.77765,31.06707],[-97.77626,31.06341],[-97.7755,31.06295],[-97.77548,31.06396],[-97.77679,31.06734],[-97.77401,31.0682],[-97.77316,31.07044],[-97.76994,31.06952],[-97.76799,31.07461],[-97.77162,31.07564],[-97.77726,31.07635],[-97.78255,31.07703],[-97.78774,31.07857],[-97.78795,31.07802],[-97.78803,31.07783],[-97.78515,31.07701],[-97.78245,31.07523],[-97.7837,31.07339],[-97.77888,31.07209]],[[-97.77119,31.07675],[-97.77219,31.07704],[-97.77092,31.08003],[-97.77156,31.08022],[-97.77325,31.07608],[-97.77162,31.07564],[-97.77119,31.07675]],[[-97.60299,31.0497],[-97.60194,31.05283],[-97.6052,31.05391],[-97.60647,31.05056],[-97.60299,31.0497]]],[[[-97.95035,31.13011],[-97.9501,31.13228],[-97.9488,31.13669],[-97.94688,31.13897],[-97.93817,31.14532],[-97.93695,31.14595],[-97.93518,31.14638],[-97.93225,31.14607],[-97.93218,31.1465],[-97.93301,31.14707],[-97.93691,31.14649],[-97.93478,31.14855],[-97.93746,31.15061],[-97.93602,31.15058],[-97.93357,31.15269],[-97.93253,31.15172],[-97.93016,31.15088],[-97.93032,31.15053],[-97.92676,31.14952],[-97.92685,31.14797],[-97.92625,31.14935],[-97.9248,31.15023],[-97.92958,31.15159],[-97.92751,31.15679],[-97.92684,31.15853],[-97.92398,31.15773],[-97.92283,31.16071],[-97.9219,31.16044],[-97.9189,31.16822],[-97.92346,31.16951],[-97.9216,31.17448],[-97.91296,31.17222],[-97.91054,31.17094],[-97.91072,31.16993],[-97.91352,31.17061],[-97.91474,31.16702],[-97.91097,31.16598],[-97.911,31.16398],[-97.91062,31.16033],[-97.90969,31.157],[-97.90825,31.15395],[-97.90529,31.14964],[-97.90207,31.14448],[-97.90145,31.13827],[-97.90142,31.13797],[-97.88975,31.13435],[-97.88565,31.13349],[-97.87909,31.13107],[-97.87751,31.13064],[-97.87963,31.12493],[-97.87136,31.12265],[-97.8708,31.12251],[-97.87144,31.12084],[-97.85995,31.12179],[-97.85297,31.1221],[-97.8372,31.12233],[-97.81832,31.12278],[-97.81815,31.12254],[-97.81365,31.12213],[-97.81364,31.12174],[-97.80477,31.12182],[-97.80203,31.12166],[-97.80196,31.11851],[-97.81238,31.11803],[-97.81304,31.1177],[-97.8139,31.1181],[-97.81402,31.12171],[-97.818,31.12194],[-97.81888,31.1219],[-97.83717,31.12143],[-97.84375,31.12123],[-97.8599,31.12075],[-97.86096,31.12023],[-97.86364,31.11759],[-97.8708,31.10735],[-97.87416,31.10561],[-97.87826,31.10485],[-97.87894,31.10293],[-97.87275,31.10115],[-97.87452,31.09661],[-97.87601,31.09575],[-97.87901,31.08914],[-97.87464,31.08762],[-97.87543,31.0856],[-97.87924,31.07583],[-97.87727,31.07023],[-97.87689,31.06844],[-97.87343,31.06513],[-97.87215,31.06543],[-97.86907,31.05928],[-97.87283,31.05817],[-97.8744,31.05987],[-97.87297,31.06025],[-97.87355,31.062],[-97.87519,31.06154],[-97.87702,31.06449],[-97.87974,31.06689],[-97.88211,31.07316],[-97.88313,31.07851],[-97.88166,31.07827],[-97.8796,31.08355],[-97.87863,31.08603],[-97.88016,31.08656],[-97.88497,31.08803],[-97.87997,31.1001],[-97.89671,31.10475],[-97.89744,31.10592],[-97.89496,31.11255],[-97.89745,31.11285],[-97.89696,31.11428],[-97.89717,31.11482],[-97.89915,31.11515],[-97.89929,31.11339],[-97.90074,31.11352],[-97.9008,31.11297],[-97.90196,31.10806],[-97.90097,31.10691],[-97.90181,31.1047],[-97.90274,31.1038],[-97.90458,31.10412],[-97.90471,31.10296],[-97.90311,31.10149],[-97.89952,31.10088],[-97.90086,31.09673],[-97.90204,31.0948],[-97.90059,31.09435],[-97.90146,31.09222],[-97.89868,31.09136],[-97.89979,31.08866],[-97.91039,31.0918],[-97.90993,31.0885],[-97.91135,31.08507],[-97.91709,31.08677],[-97.91864,31.08651],[-97.92759,31.08746],[-97.92917,31.08762],[-97.9269,31.09424],[-97.92931,31.09377],[-97.93933,31.0933],[-97.93848,31.09118],[-97.93962,31.09084],[-97.94057,31.09324],[-97.94168,31.09319],[-97.93899,31.0867],[-97.94685,31.08423],[-97.94721,31.08504],[-97.95512,31.08274],[-97.95497,31.08777],[-97.95376,31.08986],[-97.9553,31.09295],[-97.95669,31.09528],[-97.95494,31.09604],[-97.96017,31.10893],[-97.96622,31.11001],[-97.96042,31.11629],[-97.9578,31.11826],[-97.95352,31.11978],[-97.95079,31.12221],[-97.9502,31.12452],[-97.95035,31.13011]],[[-97.93006,31.09896],[-97.92804,31.10037],[-97.92855,31.10114],[-97.92867,31.10128],[-97.94303,31.10585],[-97.95843,31.10861],[-97.95914,31.10747],[-97.95541,31.09819],[-97.95191,31.09931],[-97.95116,31.09757],[-97.94836,31.0981],[-97.93006,31.09896]],[[-97.9148,31.15838],[-97.91367,31.15815],[-97.91402,31.16123],[-97.91449,31.16118],[-97.91552,31.15856],[-97.9148,31.15838]]],[[[-97.55904,31.06191],[-97.55811,31.06164],[-97.55804,31.0613],[-97.55208,31.05901],[-97.54863,31.05801],[-97.54753,31.0573],[-97.54459,31.05707],[-97.54274,31.05745],[-97.54257,31.05981],[-97.53624,31.05856],[-97.53282,31.05757],[-97.53259,31.05819],[-97.52975,31.05758],[-97.5294,31.05859],[-97.52497,31.0587],[-97.5248,31.05958],[-97.51745,31.05749],[-97.51035,31.05701],[-97.50945,31.05604],[-97.50889,31.0574],[-97.50528,31.05638],[-97.50277,31.06313],[-97.50054,31.06263],[-97.50211,31.05851],[-97.49854,31.05751],[-97.49828,31.05863],[-97.49205,31.05691],[-97.49131,31.05881],[-97.48398,31.05676],[-97.48096,31.0643],[-97.47853,31.07108],[-97.47999,31.0702],[-97.4806,31.07211],[-97.47935,31.07386],[-97.48244,31.07873],[-97.47969,31.0862],[-97.47968,31.08645],[-97.4842,31.08634],[-97.48872,31.08834],[-97.49405,31.09126],[-97.4927,31.09481],[-97.49413,31.0956],[-97.49435,31.095],[-97.49783,31.0959],[-97.49555,31.10246],[-97.49026,31.10113],[-97.48776,31.10166],[-97.48775,31.1021],[-97.48406,31.10345],[-97.4835,31.10438],[-97.48728,31.10433],[-97.48772,31.10292],[-97.48857,31.10539],[-97.48649,31.10617],[-97.48618,31.10702],[-97.48859,31.10854],[-97.49018,31.10643],[-97.49337,31.10438],[-97.49206,31.1071],[-97.49562,31.10609],[-97.49447,31.1085],[-97.49747,31.1096],[-97.49955,31.1094],[-97.49942,31.10817],[-97.50078,31.10536],[-97.49947,31.10525],[-97.50042,31.10402],[-97.50439,31.10531],[-97.50353,31.10789],[-97.5049,31.10863],[-97.50548,31.1087],[-97.50895,31.10744],[-97.51035,31.11442],[-97.5103,31.11835],[-97.50971,31.12202],[-97.50841,31.12617],[-97.50734,31.12862],[-97.50505,31.1326],[-97.50692,31.13224],[-97.50868,31.1317],[-97.50929,31.13147],[-97.51032,31.131],[-97.51167,31.13027],[-97.51437,31.12822],[-97.51614,31.12623],[-97.51921,31.12865],[-97.52182,31.12886],[-97.52102,31.13166],[-97.52166,31.13265],[-97.52425,31.13297],[-97.52589,31.13207],[-97.52675,31.13001],[-97.52764,31.1298],[-97.52767,31.13053],[-97.52947,31.13138],[-97.52749,31.13188],[-97.52629,31.13454],[-97.5273,31.13586],[-97.52593,31.13691],[-97.52556,31.1384],[-97.52647,31.13999],[-97.53095,31.13838],[-97.53264,31.13719],[-97.53254,31.13874],[-97.53504,31.13934],[-97.53609,31.14088],[-97.53924,31.14029],[-97.55757,31.14804],[-97.5558,31.15266],[-97.55278,31.15847],[-97.55244,31.15892],[-97.53655,31.15456],[-97.53503,31.15626],[-97.53396,31.15623],[-97.5324,31.15333],[-97.52469,31.15119],[-97.52328,31.15434],[-97.51944,31.15111],[-97.51893,31.14953],[-97.51586,31.14864],[-97.51395,31.14895],[-97.51345,31.14791],[-97.49411,31.14181],[-97.47624,31.13575],[-97.47089,31.13468],[-97.46693,31.13362],[-97.46521,31.13327],[-97.46356,31.13278],[-97.46121,31.13209],[-97.46101,31.13254],[-97.46183,31.13295],[-97.46083,31.1354],[-97.45652,31.1353],[-97.45525,31.13767],[-97.45293,31.13859],[-97.45167,31.13917],[-97.45145,31.13975],[-97.44794,31.13879],[-97.44527,31.14496],[-97.44156,31.14388],[-97.44247,31.14988],[-97.43818,31.15026],[-97.4362,31.15548],[-97.43435,31.15489],[-97.43514,31.15613],[-97.43183,31.16451],[-97.43346,31.16319],[-97.43483,31.16304],[-97.43725,31.16569],[-97.44131,31.16438],[-97.44302,31.1672],[-97.44254,31.16947],[-97.4413,31.16881],[-97.43783,31.16969],[-97.43555,31.1758],[-97.43266,31.17523],[-97.43531,31.17991],[-97.43624,31.17859],[-97.43782,31.17972],[-97.4383,31.17847],[-97.44,31.17964],[-97.44159,31.17932],[-97.44003,31.18339],[-97.43883,31.18642],[-97.43875,31.18663],[-97.4359,31.18181],[-97.43153,31.1838],[-97.43059,31.18352],[-97.43275,31.17793],[-97.4316,31.17735],[-97.42974,31.17425],[-97.42614,31.17267],[-97.42363,31.17669],[-97.4203,31.17748],[-97.41965,31.17948],[-97.41757,31.1817],[-97.4157,31.18149],[-97.41609,31.18046],[-97.41418,31.18035],[-97.41462,31.17834],[-97.41319,31.17692],[-97.41071,31.18342],[-97.41456,31.18448],[-97.41309,31.18824],[-97.41153,31.18642],[-97.4096,31.18584],[-97.41105,31.1815],[-97.40699,31.18036],[-97.4085,31.17668],[-97.40755,31.17635],[-97.38468,31.16986],[-97.3893,31.17104],[-97.3912,31.16583],[-97.39478,31.1668],[-97.39629,31.16823],[-97.39584,31.16986],[-97.39873,31.17049],[-97.39944,31.16812],[-97.39663,31.16733],[-97.39368,31.16564],[-97.39548,31.1609],[-97.39816,31.16164],[-97.39049,31.15909],[-97.39091,31.15779],[-97.38337,31.15565],[-97.38293,31.15679],[-97.37732,31.15274],[-97.37362,31.15625],[-97.37297,31.15668],[-97.36705,31.16028],[-97.36162,31.16321],[-97.36071,31.16295],[-97.36022,31.16412],[-97.34314,31.1592],[-97.33888,31.15774],[-97.33533,31.16064],[-97.32769,31.15922],[-97.32699,31.16129],[-97.3284,31.16154],[-97.32873,31.16056],[-97.33048,31.16092],[-97.33015,31.16193],[-97.32696,31.16138],[-97.32413,31.16883],[-97.32195,31.16791],[-97.31911,31.16708],[-97.31611,31.16626],[-97.31965,31.15725],[-97.32024,31.15406],[-97.31483,31.15256],[-97.31834,31.1433],[-97.31952,31.14018],[-97.31316,31.13845],[-97.31441,31.13505],[-97.30892,31.1335],[-97.31207,31.1249],[-97.31174,31.1227],[-97.30912,31.12091],[-97.30852,31.11868],[-97.306,31.11502],[-97.30629,31.11398],[-97.30685,31.11156],[-97.30493,31.10698],[-97.30535,31.10533],[-97.30281,31.10333],[-97.30298,31.10217],[-97.29968,31.09871],[-97.29883,31.09619],[-97.29937,31.09393],[-97.29767,31.09059],[-97.29661,31.08721],[-97.29914,31.08789],[-97.29987,31.08607],[-97.30254,31.08701],[-97.30537,31.07959],[-97.30454,31.07951],[-97.30261,31.0801],[-97.29815,31.07904],[-97.29158,31.07711],[-97.29151,31.07552],[-97.29607,31.06393],[-97.3042,31.06635],[-97.30585,31.06681],[-97.30813,31.06083],[-97.30644,31.06035],[-97.30695,31.05898],[-97.30034,31.05714],[-97.2994,31.05959],[-97.30015,31.06103],[-97.29671,31.06007],[-97.29746,31.05368],[-97.30082,31.05459],[-97.30192,31.05167],[-97.30901,31.05357],[-97.30998,31.05101],[-97.30937,31.05084],[-97.31123,31.04584],[-97.32066,31.04826],[-97.33228,31.05167],[-97.33165,31.05068],[-97.33215,31.04667],[-97.33494,31.04747],[-97.33518,31.04682],[-97.33224,31.04601],[-97.33231,31.0454],[-97.33541,31.04621],[-97.33588,31.04498],[-97.34283,31.04683],[-97.34385,31.04361],[-97.34791,31.03326],[-97.34788,31.03275],[-97.34821,31.03254],[-97.35223,31.02106],[-97.35228,31.02061],[-97.35359,31.01732],[-97.35405,31.01697],[-97.35826,31.00634],[-97.36919,31.00941],[-97.36961,31.00829],[-97.38246,31.01187],[-97.38228,31.01338],[-97.38259,31.01638],[-97.38253,31.0167],[-97.3813,31.01717],[-97.38123,31.01812],[-97.38013,31.02143],[-97.38052,31.02441],[-97.37692,31.03306],[-97.38189,31.03435],[-97.38582,31.03434],[-97.38949,31.03563],[-97.39102,31.03173],[-97.39427,31.03268],[-97.39317,31.03545],[-97.39112,31.03572],[-97.39438,31.03684],[-97.39609,31.03718],[-97.39655,31.03606],[-97.39852,31.03547],[-97.40094,31.03348],[-97.40388,31.03433],[-97.40464,31.03518],[-97.40534,31.0334],[-97.41156,31.0351],[-97.41202,31.03381],[-97.41545,31.03513],[-97.41798,31.02846],[-97.4192,31.02877],[-97.42215,31.02102],[-97.42784,31.0199],[-97.42943,31.01999],[-97.42749,31.021],[-97.42318,31.02164],[-97.42022,31.02952],[-97.41905,31.02919],[-97.41633,31.03492],[-97.41467,31.03995],[-97.4168,31.04007],[-97.43355,31.04438],[-97.43444,31.04425],[-97.43607,31.04166],[-97.43707,31.03807],[-97.43961,31.03776],[-97.43907,31.03959],[-97.4377,31.04114],[-97.4379,31.04255],[-97.43972,31.044],[-97.44126,31.04401],[-97.44286,31.04225],[-97.44558,31.04129],[-97.44702,31.04145],[-97.4496,31.04353],[-97.45089,31.04352],[-97.45411,31.03527],[-97.4512,31.03486],[-97.44858,31.03103],[-97.44756,31.0317],[-97.44586,31.03133],[-97.44252,31.02752],[-97.44308,31.02657],[-97.44721,31.02417],[-97.45497,31.03299],[-97.456,31.03292],[-97.45832,31.03422],[-97.45979,31.03262],[-97.46112,31.03293],[-97.46156,31.03158],[-97.46313,31.0317],[-97.46763,31.02933],[-97.46869,31.02653],[-97.46582,31.02576],[-97.47021,31.01412],[-97.47656,31.01115],[-97.47755,31.01009],[-97.47794,31.00851],[-97.48208,31.01115],[-97.48301,31.01093],[-97.48407,31.00845],[-97.48314,31.00801],[-97.48392,31.006],[-97.48542,31.00646],[-97.48648,31.00459],[-97.48795,31.00024],[-97.48206,30.99702],[-97.47862,30.99477],[-97.47508,30.99049],[-97.47121,30.99302],[-97.46621,30.99186],[-97.46445,30.9916],[-97.46501,30.98887],[-97.45831,30.98754],[-97.45953,30.98421],[-97.46701,30.98655],[-97.46862,30.98592],[-97.47076,30.98669],[-97.47227,30.98628],[-97.47454,30.98711],[-97.47764,30.98883],[-97.48082,30.99272],[-97.4837,30.99464],[-97.48829,30.99717],[-97.49062,30.99615],[-97.48949,30.98889],[-97.48268,30.98693],[-97.48374,30.98437],[-97.49241,30.98683],[-97.49261,30.98819],[-97.49529,30.98902],[-97.50016,30.98347],[-97.50307,30.98475],[-97.50612,30.9816],[-97.50784,30.97737],[-97.50828,30.97597],[-97.51018,30.97653],[-97.51222,30.97486],[-97.51195,30.97584],[-97.5201,30.96857],[-97.5243,30.96784],[-97.52642,30.96703],[-97.52718,30.96708],[-97.52571,30.96837],[-97.5298,30.96858],[-97.52705,30.97109],[-97.52768,30.96876],[-97.5254,30.96864],[-97.51804,30.97517],[-97.52044,30.97584],[-97.5196,30.97809],[-97.51916,30.97937],[-97.5139,30.982],[-97.50751,30.98839],[-97.50883,30.985],[-97.50718,30.98449],[-97.5035,30.98828],[-97.5068,30.98918],[-97.50416,30.99252],[-97.50229,30.99195],[-97.4999,30.99838],[-97.49688,31.00567],[-97.5,31.00812],[-97.50182,31.00905],[-97.50663,31.01238],[-97.50578,31.01333],[-97.5078,31.01452],[-97.50857,31.01721],[-97.50991,31.01859],[-97.51068,31.01933],[-97.51112,31.02006],[-97.51205,31.02095],[-97.51375,31.02179],[-97.51465,31.02165],[-97.51503,31.02144],[-97.51999,31.01953],[-97.52147,31.0195],[-97.51882,31.02278],[-97.515,31.02203],[-97.51381,31.02209],[-97.51207,31.02129],[-97.50983,31.01892],[-97.50836,31.02272],[-97.49766,31.01915],[-97.4986,31.01823],[-97.50009,31.01459],[-97.49833,31.01413],[-97.4998,31.01137],[-97.49808,31.0103],[-97.4947,31.01888],[-97.48467,31.01616],[-97.48118,31.02529],[-97.4923,31.0284],[-97.49275,31.02729],[-97.49463,31.02786],[-97.49368,31.03007],[-97.49781,31.03128],[-97.49656,31.03587],[-97.49451,31.03532],[-97.492,31.04195],[-97.49299,31.04343],[-97.49116,31.04809],[-97.50332,31.05148],[-97.50438,31.04892],[-97.50578,31.04937],[-97.50714,31.04596],[-97.50864,31.04636],[-97.50965,31.0437],[-97.51128,31.04416],[-97.51434,31.04173],[-97.51684,31.04239],[-97.51788,31.04269],[-97.51687,31.04519],[-97.51515,31.0447],[-97.51416,31.04528],[-97.51273,31.04794],[-97.51021,31.05023],[-97.51022,31.05239],[-97.51768,31.05443],[-97.53522,31.05391],[-97.53843,31.05466],[-97.53893,31.05477],[-97.53977,31.0522],[-97.54183,31.05276],[-97.54151,31.05367],[-97.54381,31.0545],[-97.54544,31.04991],[-97.54997,31.05137],[-97.55044,31.04974],[-97.55196,31.04968],[-97.55171,31.0474],[-97.54929,31.04462],[-97.54762,31.04393],[-97.54792,31.04259],[-97.54397,31.04153],[-97.54348,31.0433],[-97.5456,31.04637],[-97.54259,31.04541],[-97.54213,31.047],[-97.54199,31.04749],[-97.54049,31.04419],[-97.53774,31.0438],[-97.53903,31.04131],[-97.53996,31.03915],[-97.54188,31.03891],[-97.547,31.03994],[-97.55094,31.0414],[-97.55484,31.0441],[-97.55418,31.04579],[-97.5571,31.0466],[-97.55835,31.04896],[-97.55934,31.05284],[-97.55822,31.05338],[-97.55673,31.05503],[-97.55835,31.05585],[-97.55972,31.05731],[-97.55981,31.05741],[-97.55972,31.05752],[-97.55946,31.05784],[-97.5592,31.05848],[-97.5593,31.05923],[-97.55904,31.06191]],[[-97.49424,30.99085],[-97.49411,30.9928],[-97.49638,30.99309],[-97.49728,30.99165],[-97.49618,30.99131],[-97.49704,30.98959],[-97.49529,30.98902],[-97.49424,30.99085]],[[-97.47407,31.11342],[-97.47567,31.11367],[-97.47649,31.11572],[-97.47695,31.11626],[-97.47647,31.11765],[-97.47162,31.11639],[-97.47249,31.11909],[-97.47397,31.11954],[-97.4708,31.12761],[-97.47172,31.12848],[-97.47307,31.12715],[-97.47634,31.12794],[-97.47688,31.12722],[-97.47907,31.12752],[-97.47877,31.12851],[-97.48164,31.12853],[-97.48394,31.12747],[-97.48318,31.12968],[-97.48409,31.12992],[-97.48489,31.12772],[-97.48755,31.12847],[-97.48718,31.13075],[-97.48856,31.13104],[-97.48936,31.12887],[-97.49019,31.1291],[-97.48938,31.13098],[-97.49101,31.13084],[-97.49255,31.13131],[-97.49303,31.13144],[-97.4934,31.12916],[-97.49533,31.12945],[-97.49297,31.12677],[-97.49333,31.12206],[-97.4925,31.11983],[-97.49581,31.11844],[-97.49873,31.1168],[-97.47883,31.10664],[-97.47433,31.10546],[-97.47416,31.10591],[-97.47204,31.11179],[-97.47407,31.11342]],[[-97.43598,31.06365],[-97.43999,31.06454],[-97.44001,31.06733],[-97.4426,31.06425],[-97.4429,31.06306],[-97.44326,31.06308],[-97.44291,31.06262],[-97.44289,31.06262],[-97.44213,31.06261],[-97.43825,31.06284],[-97.43598,31.06365]],[[-97.42065,31.04733],[-97.41842,31.04643],[-97.41693,31.04804],[-97.41547,31.04716],[-97.41471,31.0455],[-97.41189,31.04461],[-97.41184,31.04292],[-97.40357,31.04194],[-97.40199,31.04624],[-97.39817,31.05615],[-97.39755,31.05776],[-97.40028,31.05852],[-97.4061,31.06016],[-97.40695,31.06243],[-97.40758,31.06288],[-97.41187,31.06404],[-97.41528,31.05812],[-97.41624,31.05657],[-97.41835,31.05866],[-97.42164,31.06097],[-97.42308,31.06149],[-97.42586,31.06134],[-97.42737,31.05905],[-97.42755,31.05451],[-97.42916,31.04999],[-97.42597,31.04942],[-97.42424,31.05023],[-97.42065,31.04733]],[[-97.49049,31.13593],[-97.49263,31.13556],[-97.49316,31.13789],[-97.49572,31.13702],[-97.49656,31.13586],[-97.49555,31.13416],[-97.49224,31.13249],[-97.49187,31.13358],[-97.49064,31.13412],[-97.49049,31.13593]],[[-97.47356,31.13023],[-97.47753,31.13142],[-97.4786,31.12874],[-97.47733,31.12998],[-97.47728,31.12838],[-97.47535,31.12826],[-97.47371,31.12904],[-97.47356,31.13023]],[[-97.42503,31.07675],[-97.42351,31.07687],[-97.41465,31.08158],[-97.41525,31.08195],[-97.41396,31.08561],[-97.41363,31.08639],[-97.42713,31.08991],[-97.42836,31.08666],[-97.43332,31.08812],[-97.43222,31.09092],[-97.43381,31.09137],[-97.43977,31.07613],[-97.43826,31.07567],[-97.4393,31.07306],[-97.43763,31.07242],[-97.43823,31.07116],[-97.42871,31.0743],[-97.42503,31.07675]],[[-97.43301,31.15475],[-97.43217,31.15451],[-97.42841,31.15921],[-97.42886,31.15914],[-97.43249,31.15976],[-97.43301,31.15475]],[[-97.42098,31.16601],[-97.42133,31.16791],[-97.42294,31.17064],[-97.42802,31.17342],[-97.42857,31.17223],[-97.42359,31.16403],[-97.42245,31.16396],[-97.42094,31.16586],[-97.42078,31.16618],[-97.42098,31.16601]],[[-97.41095,31.17718],[-97.41252,31.17759],[-97.4138,31.17435],[-97.40983,31.17321],[-97.40827,31.17348],[-97.40652,31.17249],[-97.40526,31.17564],[-97.41095,31.17718]],[[-97.41261,31.16594],[-97.41252,31.16589],[-97.41119,31.16534],[-97.4103,31.16767],[-97.41058,31.16818],[-97.41165,31.16851],[-97.41261,31.16594]],[[-97.40548,31.16157],[-97.40456,31.16084],[-97.40259,31.1635],[-97.40148,31.16304],[-97.40093,31.16514],[-97.40441,31.16434],[-97.40548,31.16157]],[[-97.38113,31.01642],[-97.37452,31.01456],[-97.37386,31.0163],[-97.38097,31.0183],[-97.38103,31.01805],[-97.38113,31.01642]],[[-97.38009,31.02041],[-97.38048,31.01918],[-97.38088,31.01852],[-97.37708,31.01738],[-97.37623,31.02074],[-97.37691,31.02135],[-97.37998,31.02214],[-97.38009,31.02041]],[[-97.35423,31.01701],[-97.34843,31.03245],[-97.3485,31.03292],[-97.34812,31.03328],[-97.34407,31.04376],[-97.34595,31.04399],[-97.35492,31.04651],[-97.3548,31.04793],[-97.35497,31.0479],[-97.35768,31.04135],[-97.35408,31.04034],[-97.35713,31.03205],[-97.35889,31.03167],[-97.36152,31.0324],[-97.36183,31.03118],[-97.36199,31.03116],[-97.36213,31.03033],[-97.36549,31.03036],[-97.37673,31.03308],[-97.38023,31.02432],[-97.37964,31.02238],[-97.37707,31.02162],[-97.37734,31.02349],[-97.36511,31.01998],[-97.36323,31.01963],[-97.35423,31.01701]],[[-97.3397,31.04926],[-97.33937,31.05012],[-97.34147,31.05072],[-97.34179,31.04985],[-97.3397,31.04926]]],[[[-97.33203,31.1944],[-97.33382,31.18952],[-97.33266,31.18922],[-97.33225,31.1904],[-97.33069,31.18995],[-97.33027,31.18859],[-97.33215,31.18391],[-97.33278,31.18409],[-97.3348,31.17896],[-97.33784,31.17115],[-97.33635,31.17072],[-97.33751,31.16949],[-97.3336,31.1684],[-97.33311,31.16966],[-97.32792,31.16819],[-97.32932,31.16466],[-97.33471,31.16625],[-97.33393,31.16826],[-97.33848,31.16953],[-97.34126,31.16231],[-97.33837,31.16149],[-97.33887,31.1602],[-97.34133,31.15953],[-97.34195,31.1612],[-97.33303,31.18404],[-97.34161,31.18652],[-97.34203,31.18559],[-97.34343,31.18598],[-97.34519,31.1875],[-97.34647,31.18415],[-97.3484,31.18457],[-97.34754,31.18682],[-97.34587,31.18637],[-97.34538,31.18755],[-97.35035,31.18908],[-97.34884,31.18864],[-97.33889,31.1859],[-97.33694,31.19105],[-97.33613,31.19082],[-97.33451,31.19509],[-97.33203,31.1944]]],[[[-97.42226,31.1986],[-97.41922,31.19778],[-97.41942,31.19726],[-97.42094,31.19607],[-97.42191,31.19639],[-97.42226,31.1986]]],[[[-97.3393,31.19837],[-97.33842,31.20093],[-97.33837,31.20099],[-97.33829,31.201],[-97.33737,31.20075],[-97.33827,31.19808],[-97.3393,31.19837]]],[[[-97.427,31.20443],[-97.42664,31.20529],[-97.42378,31.20443],[-97.42509,31.20096],[-97.42809,31.20183],[-97.427,31.20443]]]]}},{"type":"Feature","properties":{"name":"Citibus On-Demand","boundary_type":"city","source":"Census TIGER place","fidelity":"exact","updated":"2026-09","units":"Lubbock city","note":"citywide on-demand microtransit service","confidence":0.95},"geometry":{"type":"MultiPolygon","coordinates":[[[[-102.02663,33.58514],[-102.02665,33.59236],[-102.01786,33.59237],[-102.01787,33.59402],[-101.99181,33.59408],[-101.97881,33.59368],[-101.97465,33.59376],[-101.97454,33.59954],[-101.96582,33.59955],[-101.96578,33.59311],[-101.95767,33.59311],[-101.95768,33.60497],[-101.96103,33.60497],[-101.96103,33.60682],[-101.96104,33.6082],[-101.96242,33.6082],[-101.96242,33.60682],[-101.96481,33.60681],[-101.96482,33.61512],[-101.96104,33.61511],[-101.95718,33.61513],[-101.94832,33.61512],[-101.94744,33.61309],[-101.9458,33.61309],[-101.94579,33.61512],[-101.94442,33.61512],[-101.94442,33.61408],[-101.94115,33.61408],[-101.94201,33.61626],[-101.942,33.62137],[-101.94661,33.62135],[-101.94662,33.62729],[-101.95719,33.62729],[-101.95719,33.62854],[-101.95721,33.63586],[-101.93986,33.63585],[-101.93301,33.63585],[-101.93301,33.63332],[-101.9323,33.63332],[-101.9323,33.63585],[-101.92911,33.63583],[-101.92873,33.63619],[-101.92833,33.63597],[-101.92816,33.63622],[-101.92409,33.63427],[-101.92202,33.63326],[-101.9225,33.62859],[-101.91693,33.62859],[-101.9159,33.62767],[-101.91004,33.62448],[-101.9091,33.62734],[-101.9051,33.62733],[-101.9051,33.62872],[-101.90141,33.62871],[-101.88831,33.62936],[-101.88846,33.64337],[-101.87091,33.64335],[-101.85592,33.64351],[-101.85558,33.64684],[-101.85441,33.65004],[-101.85426,33.65035],[-101.85327,33.65333],[-101.85325,33.66236],[-101.85388,33.6648],[-101.86228,33.66479],[-101.8623,33.67934],[-101.85378,33.67933],[-101.85387,33.69387],[-101.84957,33.6939],[-101.84966,33.70112],[-101.85397,33.7011],[-101.85406,33.70834],[-101.84052,33.70839],[-101.83965,33.70838],[-101.83912,33.70839],[-101.83657,33.70839],[-101.82806,33.70846],[-101.82801,33.70391],[-101.81934,33.70395],[-101.81914,33.68675],[-101.82643,33.6867],[-101.82639,33.67944],[-101.8192,33.67945],[-101.81906,33.66485],[-101.80162,33.66497],[-101.80172,33.67114],[-101.80083,33.67239],[-101.79308,33.67239],[-101.79302,33.66505],[-101.78432,33.66513],[-101.78435,33.65978],[-101.80157,33.65969],[-101.80154,33.65109],[-101.80185,33.65055],[-101.80105,33.65055],[-101.80095,33.63781],[-101.78411,33.63796],[-101.78345,33.62341],[-101.76661,33.62352],[-101.76659,33.62045],[-101.76658,33.61627],[-101.74907,33.61637],[-101.74903,33.60729],[-101.7804,33.6071],[-101.78297,33.60501],[-101.78326,33.58482],[-101.78101,33.58537],[-101.78102,33.59115],[-101.77839,33.59116],[-101.77839,33.59264],[-101.769,33.5927],[-101.76899,33.59122],[-101.76638,33.59124],[-101.76634,33.58543],[-101.7751,33.58537],[-101.7751,33.57811],[-101.7833,33.57801],[-101.78331,33.54886],[-101.78329,33.5473],[-101.78321,33.54174],[-101.78056,33.54177],[-101.78042,33.54177],[-101.77999,33.54178],[-101.77691,33.5418],[-101.77504,33.54182],[-101.77495,33.5346],[-101.78031,33.53455],[-101.7831,33.53447],[-101.78306,33.5284],[-101.78014,33.52521],[-101.77475,33.51977],[-101.77163,33.51695],[-101.76803,33.51478],[-101.76886,33.51364],[-101.78009,33.51961],[-101.7806,33.51961],[-101.81835,33.51925],[-101.82128,33.51939],[-101.82127,33.51794],[-101.81897,33.51795],[-101.81834,33.51497],[-101.82711,33.51498],[-101.8271,33.51256],[-101.8314,33.51257],[-101.83139,33.51618],[-101.82926,33.51618],[-101.82925,33.5194],[-101.83146,33.5194],[-101.8357,33.5194],[-101.84166,33.5194],[-101.84167,33.51786],[-101.84347,33.51786],[-101.84389,33.51939],[-101.84412,33.51939],[-101.85256,33.5194],[-101.85256,33.5188],[-101.85257,33.50545],[-101.84674,33.50545],[-101.84674,33.50628],[-101.84489,33.5063],[-101.8432,33.50634],[-101.84326,33.5053],[-101.84331,33.49806],[-101.84491,33.49804],[-101.85311,33.49803],[-101.85324,33.50166],[-101.86172,33.50165],[-101.86173,33.49803],[-101.86534,33.49803],[-101.86534,33.49664],[-101.86822,33.49665],[-101.86822,33.49436],[-101.86497,33.49437],[-101.86495,33.4908],[-101.86817,33.49079],[-101.86819,33.48899],[-101.87899,33.48891],[-101.87898,33.48347],[-101.87591,33.48347],[-101.8759,33.47619],[-101.85313,33.47629],[-101.85313,33.46178],[-101.84447,33.46175],[-101.82362,33.46174],[-101.82361,33.46066],[-101.81836,33.46064],[-101.81835,33.44723],[-101.83584,33.44728],[-101.83582,33.45091],[-101.84202,33.45091],[-101.84362,33.45658],[-101.84417,33.45658],[-101.84723,33.45658],[-101.84723,33.45356],[-101.85122,33.45356],[-101.85122,33.45177],[-101.85317,33.45177],[-101.85317,33.45256],[-101.86171,33.45256],[-101.86171,33.4545],[-101.87901,33.4544],[-101.87896,33.4617],[-101.89623,33.46169],[-101.8962,33.45717],[-101.90491,33.45715],[-101.90488,33.44716],[-101.90783,33.44716],[-101.90782,33.44813],[-101.91422,33.44813],[-101.91423,33.44968],[-101.91626,33.44968],[-101.91634,33.46167],[-101.91695,33.45985],[-101.9176,33.46166],[-101.9221,33.46166],[-101.92225,33.45982],[-101.92225,33.46401],[-101.92305,33.46402],[-101.92306,33.46464],[-101.92423,33.46463],[-101.92423,33.46536],[-101.92383,33.46583],[-101.92647,33.4658],[-101.92648,33.46625],[-101.92226,33.46629],[-101.92226,33.46722],[-101.9309,33.46713],[-101.93091,33.46258],[-101.92666,33.46262],[-101.92665,33.46162],[-101.93086,33.46157],[-101.93957,33.46148],[-101.93957,33.45967],[-101.93957,33.44711],[-101.9592,33.44705],[-101.9592,33.45067],[-101.97435,33.45061],[-101.97436,33.45424],[-101.99165,33.45423],[-101.99166,33.46149],[-101.98711,33.4615],[-101.98712,33.46548],[-101.98301,33.46549],[-101.98297,33.4716],[-101.98,33.4716],[-101.97999,33.46881],[-101.97439,33.46882],[-101.97436,33.45696],[-101.97003,33.45694],[-101.97003,33.45785],[-101.96672,33.45784],[-101.96673,33.46147],[-101.96559,33.46147],[-101.9656,33.46872],[-101.95698,33.46872],[-101.95702,33.46144],[-101.95312,33.46145],[-101.95312,33.47598],[-101.95693,33.47598],[-101.95707,33.47416],[-101.97447,33.47414],[-101.97439,33.47605],[-101.97568,33.47614],[-101.99167,33.47612],[-101.99167,33.4793],[-101.99169,33.49069],[-101.99169,33.49265],[-101.99171,33.49942],[-101.99177,33.50521],[-101.99175,33.51431],[-101.99172,33.51968],[-101.9917,33.5211],[-101.99173,33.53425],[-101.99178,33.56145],[-102.01763,33.56142],[-102.01761,33.55598],[-102.02433,33.55597],[-102.02432,33.54897],[-102.02372,33.54897],[-102.02372,33.54872],[-102.00907,33.54873],[-102.00905,33.53421],[-102.01772,33.53421],[-102.02637,33.5342],[-102.0264,33.54643],[-102.02382,33.54643],[-102.02442,33.54889],[-102.02443,33.556],[-102.02642,33.55599],[-102.02643,33.56141],[-102.02858,33.56141],[-102.02859,33.57767],[-102.03185,33.57772],[-102.03184,33.58552],[-102.03211,33.58638],[-102.0293,33.58513],[-102.02663,33.58514]],[[-101.85489,33.46178],[-101.85844,33.46177],[-101.85844,33.46084],[-101.85315,33.46087],[-101.85315,33.46162],[-101.85313,33.46178],[-101.85489,33.46178]],[[-101.87738,33.46171],[-101.87575,33.46171],[-101.87576,33.45987],[-101.87738,33.45988],[-101.87735,33.45795],[-101.87444,33.45796],[-101.87447,33.46171],[-101.87027,33.46233],[-101.87028,33.46421],[-101.86733,33.46421],[-101.86736,33.46907],[-101.87028,33.46905],[-101.87039,33.46697],[-101.87247,33.466],[-101.87039,33.46803],[-101.87808,33.46804],[-101.87895,33.46707],[-101.87896,33.46175],[-101.87896,33.4617],[-101.87738,33.46171]],[[-101.93957,33.46196],[-101.93957,33.4659],[-101.94174,33.46592],[-101.94174,33.46148],[-101.93957,33.46148],[-101.93957,33.46196]],[[-101.98666,33.53707],[-101.98809,33.53707],[-101.98809,33.53423],[-101.98666,33.53423],[-101.98666,33.53707]],[[-101.98451,33.53707],[-101.98523,33.53707],[-101.98523,33.53422],[-101.98451,33.53423],[-101.98451,33.53707]],[[-101.98105,33.55941],[-101.98308,33.55942],[-101.98308,33.55602],[-101.98105,33.55602],[-101.98105,33.55941]],[[-101.97657,33.53529],[-101.98146,33.53528],[-101.98146,33.53423],[-101.97657,33.53422],[-101.97657,33.53529]],[[-101.95708,33.46144],[-101.95933,33.46145],[-101.95935,33.45773],[-101.95708,33.45772],[-101.95708,33.46144]],[[-101.9438,33.47418],[-101.94498,33.47418],[-101.94498,33.47584],[-101.94826,33.47583],[-101.94832,33.47149],[-101.94384,33.4715],[-101.9438,33.47418]],[[-101.93999,33.63141],[-101.94321,33.63141],[-101.94321,33.63078],[-101.93999,33.63079],[-101.93999,33.63141]],[[-101.93985,33.62453],[-101.94319,33.62452],[-101.94319,33.62389],[-101.93985,33.6239],[-101.93985,33.62453]],[[-101.93971,33.47272],[-101.93971,33.47318],[-101.94174,33.47318],[-101.94174,33.47227],[-101.93957,33.47205],[-101.93971,33.47272]],[[-101.93278,33.62307],[-101.93674,33.62307],[-101.93674,33.62629],[-101.93985,33.62629],[-101.93985,33.62468],[-101.9382,33.62469],[-101.9382,33.62361],[-101.93985,33.62361],[-101.93988,33.62176],[-101.93279,33.62177],[-101.93278,33.62307]],[[-101.93095,33.47325],[-101.93096,33.47394],[-101.9341,33.47416],[-101.93511,33.47331],[-101.93535,33.47595],[-101.93637,33.47595],[-101.93636,33.47422],[-101.93957,33.4742],[-101.93957,33.47234],[-101.93211,33.4725],[-101.93095,33.47325]],[[-101.9353,33.48338],[-101.93531,33.48421],[-101.93848,33.48418],[-101.93945,33.48372],[-101.93945,33.48333],[-101.93641,33.48336],[-101.9353,33.48338]],[[-101.93803,33.46888],[-101.93801,33.47058],[-101.93939,33.47057],[-101.93939,33.4689],[-101.93935,33.46887],[-101.93803,33.46888]],[[-101.93111,33.48294],[-101.93339,33.4832],[-101.93412,33.48063],[-101.9364,33.4806],[-101.93716,33.48163],[-101.93677,33.47956],[-101.93166,33.47961],[-101.93111,33.48294]],[[-101.93108,33.47618],[-101.93108,33.47945],[-101.93298,33.4784],[-101.93298,33.47944],[-101.93687,33.4794],[-101.93646,33.47613],[-101.93536,33.47614],[-101.93108,33.47618]],[[-101.93568,33.4706],[-101.93684,33.47059],[-101.93685,33.46889],[-101.93568,33.46891],[-101.93568,33.4706]],[[-101.93082,33.47954],[-101.92326,33.47958],[-101.92328,33.48636],[-101.92448,33.48634],[-101.92449,33.48886],[-101.93321,33.48878],[-101.93099,33.48824],[-101.93083,33.48333],[-101.93082,33.47954]],[[-101.93214,33.47509],[-101.93108,33.4741],[-101.93107,33.47599],[-101.93308,33.47597],[-101.93309,33.47434],[-101.93212,33.47424],[-101.93214,33.47509]],[[-101.93102,33.4723],[-101.93107,33.47234],[-101.93219,33.47233],[-101.93218,33.47063],[-101.93102,33.47064],[-101.93102,33.4723]],[[-101.92516,33.47951],[-101.93095,33.47944],[-101.93094,33.47608],[-101.92741,33.47611],[-101.92516,33.47951]],[[-101.85288,33.65058],[-101.83925,33.65059],[-101.83835,33.65053],[-101.83777,33.65141],[-101.83721,33.65768],[-101.83702,33.66354],[-101.83932,33.66353],[-101.8385,33.66805],[-101.83854,33.67288],[-101.83772,33.67288],[-101.8377,33.6698],[-101.83639,33.66981],[-101.83668,33.6793],[-101.8385,33.67936],[-101.8418,33.67935],[-101.84177,33.67286],[-101.84767,33.67282],[-101.84735,33.67791],[-101.84206,33.67793],[-101.84206,33.67935],[-101.85359,33.67933],[-101.85349,33.66482],[-101.85285,33.6648],[-101.85288,33.65058]],[[-101.83934,33.69393],[-101.84336,33.68577],[-101.84478,33.68179],[-101.83919,33.68181],[-101.83649,33.68255],[-101.83628,33.6891],[-101.83705,33.69195],[-101.83835,33.69596],[-101.83875,33.69514],[-101.84526,33.69513],[-101.84592,33.69274],[-101.84308,33.69393],[-101.83934,33.69393]]],[[[-101.95358,33.61833],[-101.95717,33.61834],[-101.95718,33.62135],[-101.95359,33.62135],[-101.95358,33.61833]]]]}},{"type":"Feature","properties":{"name":"City of Del Rio Transportation","boundary_type":"county","source":"Census TIGER county","fidelity":"exact","updated":"2026-09","units":"Val Verde County","note":"City of Del Rio (county seat) provides demand-response service to Val Verde County; intercity medical trips noted but service area is county","confidence":0.85},"geometry":{"type":"Polygon","coordinates":[[[-101.75997,29.8752],[-101.76007,29.98775],[-101.75974,29.99612],[-101.75939,30.0002],[-101.75852,30.25955],[-101.75868,30.26253],[-101.7584,30.28804],[-101.64828,30.28853],[-101.63303,30.28805],[-101.54786,30.28817],[-101.37539,30.28802],[-101.25002,30.28825],[-101.24638,30.28804],[-101.07122,30.28769],[-101.00515,30.28733],[-101.00038,30.28808],[-100.97207,30.2876],[-100.96064,30.28778],[-100.80041,30.28806],[-100.70039,30.28828],[-100.69991,29.84431],[-100.69974,29.76554],[-100.70005,29.62523],[-100.69993,29.6239],[-100.69999,29.50379],[-100.69914,29.41975],[-100.6999,29.41704],[-100.70013,29.41574],[-100.70134,29.41427],[-100.70117,29.41314],[-100.70171,29.40987],[-100.70151,29.40575],[-100.70363,29.40349],[-100.70606,29.40148],[-100.70691,29.39731],[-100.70701,29.39266],[-100.70756,29.39015],[-100.70801,29.38707],[-100.70691,29.3856],[-100.70665,29.3836],[-100.70718,29.37949],[-100.70778,29.37778],[-100.70786,29.3754],[-100.70729,29.37459],[-100.70833,29.37322],[-100.71047,29.37308],[-100.71064,29.36978],[-100.70901,29.36753],[-100.70878,29.36652],[-100.70631,29.36391],[-100.70769,29.36009],[-100.70873,29.35915],[-100.70919,29.35749],[-100.70847,29.35459],[-100.71062,29.35239],[-100.71073,29.34784],[-100.71007,29.34671],[-100.71152,29.34193],[-100.71219,29.33788],[-100.71523,29.33588],[-100.71794,29.33459],[-100.71982,29.33512],[-100.72289,29.33449],[-100.72775,29.33171],[-100.73036,29.33141],[-100.73078,29.33066],[-100.73566,29.32936],[-100.73814,29.32953],[-100.74155,29.32923],[-100.74199,29.32985],[-100.74509,29.32805],[-100.74655,29.3257],[-100.74635,29.32143],[-100.74442,29.31885],[-100.74348,29.31668],[-100.74369,29.31443],[-100.74505,29.31172],[-100.74736,29.30862],[-100.74859,29.305],[-100.74836,29.30295],[-100.74703,29.29998],[-100.74533,29.29841],[-100.74477,29.29641],[-100.74495,29.29491],[-100.74118,29.29239],[-100.74049,29.29117],[-100.73907,29.2904],[-100.73848,29.28574],[-100.7383,29.28211],[-100.73968,29.28014],[-100.74269,29.27921],[-100.74306,29.27752],[-100.74255,29.27683],[-100.74275,29.27391],[-100.74354,29.27259],[-100.74245,29.2695],[-100.74531,29.2649],[-100.74556,29.25481],[-100.7477,29.254],[-100.75026,29.25415],[-100.75316,29.25498],[-100.75511,29.25607],[-100.7564,29.25577],[-100.75792,29.25509],[-100.76088,29.25301],[-100.76232,29.2513],[-100.76289,29.24857],[-100.76203,29.24696],[-100.75939,29.24509],[-100.75742,29.2417],[-100.75782,29.23832],[-100.76099,29.23758],[-100.76284,29.23777],[-100.76622,29.23925],[-100.76893,29.24156],[-100.77095,29.24369],[-100.77338,29.24471],[-100.77465,29.24593],[-100.776,29.24559],[-100.77893,29.24663],[-100.78135,29.24609],[-100.7859,29.24626],[-100.79126,29.24415],[-100.79416,29.24176],[-100.79486,29.2416],[-100.79491,29.24246],[-100.79767,29.24694],[-100.80205,29.24995],[-100.80792,29.25269],[-100.81376,29.25349],[-100.81574,29.25365],[-100.81667,29.25448],[-100.81625,29.25666],[-100.81432,29.25908],[-100.81351,29.26066],[-100.81332,29.26216],[-100.81478,29.26372],[-100.81699,29.26433],[-100.82097,29.26287],[-100.82353,29.26174],[-100.83404,29.2614],[-100.83902,29.26326],[-100.84294,29.26714],[-100.84866,29.27142],[-100.85218,29.27207],[-100.85356,29.27282],[-100.85507,29.27495],[-100.85647,29.27566],[-100.86466,29.27608],[-100.87605,29.27959],[-100.87813,29.28086],[-100.87888,29.28219],[-100.88024,29.2863],[-100.88043,29.29045],[-100.88205,29.29904],[-100.88555,29.304],[-100.88625,29.30676],[-100.88684,29.30785],[-100.89227,29.30952],[-100.89493,29.31035],[-100.89665,29.3091],[-100.90483,29.31201],[-100.90675,29.31353],[-100.90839,29.31693],[-100.9101,29.31771],[-100.91223,29.31764],[-100.91487,29.31858],[-100.91663,29.3192],[-100.91728,29.32046],[-100.91828,29.32415],[-100.9195,29.32532],[-100.92134,29.3262],[-100.9236,29.32679],[-100.92668,29.32658],[-100.9285,29.32698],[-100.93416,29.33065],[-100.94061,29.33311],[-100.9432,29.34199],[-100.94568,29.34471],[-100.94589,29.34494],[-100.94897,29.34725],[-100.9511,29.3477],[-100.95669,29.34729],[-100.96079,29.34691],[-100.96432,29.34734],[-100.97174,29.35137],[-100.97292,29.35455],[-100.98325,29.35912],[-100.99561,29.3634],[-101.00268,29.36526],[-101.00421,29.36477],[-101.01061,29.36867],[-101.01427,29.37412],[-101.01314,29.37934],[-101.01344,29.38088],[-101.01447,29.38211],[-101.01673,29.38727],[-101.01958,29.39134],[-101.02142,29.393],[-101.02402,29.3937],[-101.0366,29.40611],[-101.0386,29.41071],[-101.03764,29.41468],[-101.0392,29.41619],[-101.04072,29.42286],[-101.04336,29.42988],[-101.0505,29.43462],[-101.05696,29.44077],[-101.05684,29.4476],[-101.05821,29.44777],[-101.05858,29.44984],[-101.06015,29.45866],[-101.06396,29.4599],[-101.07718,29.46419],[-101.08715,29.46941],[-101.1037,29.47055],[-101.11525,29.46846],[-101.12307,29.47332],[-101.12728,29.47707],[-101.13004,29.47842],[-101.13293,29.47736],[-101.1375,29.47354],[-101.14434,29.47325],[-101.15188,29.477],[-101.16218,29.48992],[-101.16799,29.50043],[-101.17166,29.50395],[-101.17382,29.51457],[-101.17999,29.51533],[-101.19272,29.52029],[-101.22742,29.52235],[-101.23527,29.52485],[-101.24977,29.52087],[-101.25489,29.52034],[-101.26084,29.52993],[-101.26117,29.53678],[-101.26016,29.53961],[-101.25527,29.54931],[-101.25038,29.55662],[-101.24815,29.55953],[-101.24115,29.56543],[-101.24879,29.59071],[-101.2523,29.60417],[-101.24837,29.61471],[-101.24742,29.61816],[-101.24792,29.6196],[-101.25038,29.62417],[-101.25227,29.62563],[-101.25472,29.62719],[-101.26282,29.63079],[-101.26599,29.63104],[-101.26922,29.63003],[-101.27287,29.62652],[-101.27771,29.62102],[-101.27902,29.61884],[-101.28049,29.61483],[-101.27756,29.6071],[-101.27786,29.59934],[-101.27761,29.59323],[-101.27787,29.59085],[-101.27945,29.58824],[-101.28507,29.58224],[-101.29096,29.57154],[-101.29322,29.57183],[-101.29666,29.57305],[-101.30553,29.57793],[-101.31177,29.58547],[-101.31333,29.59944],[-101.31333,29.60546],[-101.31235,29.60796],[-101.31309,29.61104],[-101.31093,29.61678],[-101.30692,29.62345],[-101.30404,29.62908],[-101.30133,29.63503],[-101.30007,29.6405],[-101.30144,29.64723],[-101.30237,29.64999],[-101.30388,29.65262],[-101.30658,29.6554],[-101.31037,29.65768],[-101.31497,29.65913],[-101.32268,29.65986],[-101.33184,29.66073],[-101.33748,29.66079],[-101.34549,29.6622],[-101.34865,29.66193],[-101.35033,29.66066],[-101.35348,29.65471],[-101.35523,29.65142],[-101.35714,29.64927],[-101.35871,29.64911],[-101.36131,29.65006],[-101.36322,29.65264],[-101.36483,29.66251],[-101.36568,29.66721],[-101.3671,29.6709],[-101.37043,29.67483],[-101.37255,29.67785],[-101.37305,29.68019],[-101.37227,29.68988],[-101.37188,29.69395],[-101.37277,29.69943],[-101.37539,29.70181],[-101.37873,29.70345],[-101.3881,29.70747],[-101.39108,29.70947],[-101.39695,29.71395],[-101.39836,29.717],[-101.39807,29.72083],[-101.39629,29.72705],[-101.39701,29.73396],[-101.40064,29.73808],[-101.41002,29.7415],[-101.41347,29.74384],[-101.41558,29.74653],[-101.41572,29.75021],[-101.41482,29.7527],[-101.41134,29.75427],[-101.40393,29.75759],[-101.40015,29.76008],[-101.39844,29.76463],[-101.39865,29.76745],[-101.40088,29.77007],[-101.40307,29.77144],[-101.40596,29.77165],[-101.40979,29.77062],[-101.41358,29.76847],[-101.42421,29.76131],[-101.43557,29.75245],[-101.43912,29.75062],[-101.44548,29.7494],[-101.44888,29.7507],[-101.45044,29.7533],[-101.45143,29.75712],[-101.45522,29.77187],[-101.45395,29.77809],[-101.45249,29.78282],[-101.45378,29.78591],[-101.45568,29.78792],[-101.45861,29.78928],[-101.46164,29.78983],[-101.46544,29.789],[-101.47516,29.78591],[-101.47886,29.78409],[-101.4808,29.78217],[-101.48598,29.77487],[-101.49389,29.76984],[-101.50322,29.76458],[-101.50715,29.76384],[-101.51191,29.76459],[-101.51932,29.76459],[-101.52787,29.76062],[-101.53157,29.75927],[-101.53585,29.75893],[-101.53805,29.76003],[-101.53919,29.76177],[-101.5383,29.77296],[-101.5381,29.78642],[-101.53729,29.79033],[-101.53557,29.79462],[-101.53501,29.79768],[-101.53786,29.8041],[-101.54074,29.80885],[-101.5419,29.81078],[-101.54439,29.81186],[-101.54799,29.81005],[-101.55248,29.80423],[-101.55556,29.80296],[-101.56775,29.79873],[-101.57379,29.78899],[-101.57432,29.78658],[-101.5732,29.78407],[-101.57288,29.78139],[-101.57251,29.77455],[-101.5724,29.77306],[-101.57494,29.76985],[-101.57703,29.76912],[-101.58025,29.76966],[-101.58633,29.77098],[-101.58842,29.77095],[-101.59451,29.77191],[-101.59889,29.77383],[-101.60368,29.7744],[-101.60796,29.77368],[-101.61301,29.77145],[-101.61791,29.76993],[-101.62083,29.76995],[-101.62596,29.77106],[-101.62818,29.77041],[-101.63032,29.76873],[-101.63253,29.76467],[-101.63265,29.76137],[-101.63513,29.75868],[-101.64112,29.75635],[-101.64288,29.75455],[-101.64642,29.7543],[-101.64958,29.75617],[-101.6524,29.75879],[-101.65314,29.76219],[-101.65458,29.76516],[-101.65862,29.7667],[-101.66245,29.77128],[-101.66614,29.76993],[-101.66941,29.76891],[-101.67173,29.76819],[-101.67496,29.76497],[-101.67502,29.76296],[-101.6753,29.76108],[-101.6778,29.76029],[-101.68144,29.76078],[-101.68492,29.76523],[-101.68559,29.76739],[-101.68731,29.76959],[-101.68999,29.77121],[-101.69394,29.76893],[-101.69936,29.76536],[-101.70664,29.76274],[-101.70887,29.76164],[-101.71206,29.76278],[-101.71375,29.7668],[-101.71691,29.77169],[-101.71871,29.77474],[-101.72106,29.77608],[-101.7238,29.77643],[-101.72544,29.7754],[-101.72681,29.77379],[-101.72984,29.77184],[-101.73234,29.77129],[-101.7352,29.77159],[-101.73923,29.77353],[-101.73967,29.77578],[-101.74088,29.77756],[-101.74246,29.77874],[-101.74519,29.77911],[-101.74949,29.77749],[-101.75432,29.77766],[-101.75535,29.77898],[-101.75788,29.78006],[-101.76031,29.7817],[-101.76092,29.78186],[-101.76032,29.87205],[-101.75997,29.8752]]]}},{"type":"Feature","properties":{"name":"DART GoLink","boundary_type":"places","source":"Census TIGER place","fidelity":"approximate","updated":"2026-09","units":"Dallas city; Plano city; Richardson city; Garland city; Rowlett city; Irving city; Farmers Branch city; Duncanville city; DeSoto city; Cedar Hill city; Mesquite city","note":"34 microtransit zones across ~700 sq mi DART service area; listed cities are primary service centers.","confidence":0.85},"geometry":{"type":"MultiPolygon","coordinates":[[[[-96.92104,32.54653],[-96.92171,32.54665],[-96.92172,32.54711],[-96.91973,32.54696],[-96.91973,32.54666],[-96.92104,32.54645],[-96.92104,32.54653]]],[[[-97.01331,32.56208],[-97.01274,32.56287],[-97.01073,32.56285],[-97.01054,32.56937],[-97.01307,32.56938],[-97.0128,32.57057],[-97.01473,32.57097],[-97.0136,32.57265],[-97.01715,32.57809],[-97.01388,32.57767],[-97.01498,32.57899],[-97.01284,32.57996],[-97.01282,32.58128],[-97.01688,32.58055],[-97.02015,32.58163],[-97.01924,32.58303],[-97.01688,32.58308],[-97.01574,32.585],[-97.01584,32.5866],[-97.01685,32.58751],[-97.01418,32.58811],[-97.013,32.58755],[-97.01329,32.58885],[-97.01235,32.59271],[-97.01283,32.59567],[-97.01555,32.59685],[-97.0167,32.59799],[-97.01526,32.59906],[-97.01373,32.59862],[-97.01148,32.60014],[-97.01012,32.59985],[-97.00826,32.59781],[-97.00492,32.59843],[-97.00552,32.60103],[-97.00379,32.60275],[-97.00432,32.60341],[-97.00404,32.60666],[-97.0015,32.608],[-96.99981,32.6103],[-96.99888,32.61059],[-96.99717,32.61465],[-96.99554,32.6147],[-96.99988,32.6213],[-97.0001,32.62244],[-96.99886,32.62619],[-96.99621,32.62977],[-96.99634,32.63289],[-96.99626,32.63492],[-96.99572,32.63764],[-96.99545,32.63972],[-96.9919,32.6428],[-96.99001,32.6433],[-96.98975,32.64383],[-96.9896,32.64405],[-96.98952,32.64599],[-96.98812,32.64673],[-96.98811,32.64709],[-96.98868,32.64742],[-96.98904,32.64926],[-96.98903,32.65007],[-96.99025,32.65181],[-96.99037,32.65198],[-96.99498,32.65876],[-96.98889,32.66177],[-96.98971,32.66306],[-96.98803,32.66555],[-96.98777,32.66898],[-96.98374,32.67088],[-96.98347,32.67198],[-96.98341,32.67225],[-96.98339,32.67927],[-96.985,32.67924],[-96.98491,32.68753],[-96.98813,32.68755],[-96.98916,32.68755],[-96.99037,32.68754],[-96.99122,32.68754],[-96.99106,32.69448],[-96.98523,32.69441],[-96.98535,32.70381],[-96.98458,32.70468],[-96.98174,32.70557],[-96.97849,32.70589],[-96.97857,32.70601],[-96.97671,32.71027],[-96.97726,32.71138],[-96.97446,32.71586],[-96.97567,32.71724],[-96.97725,32.71722],[-96.97722,32.72043],[-96.97721,32.72626],[-96.9815,32.72628],[-96.98147,32.72915],[-96.98252,32.72915],[-96.98474,32.72718],[-96.98738,32.72737],[-96.9874,32.72552],[-96.98987,32.72554],[-96.98906,32.72761],[-96.98947,32.729],[-96.99135,32.73058],[-96.9926,32.73039],[-96.99364,32.7316],[-96.99292,32.73181],[-96.99296,32.73493],[-96.99122,32.73493],[-96.99123,32.73284],[-96.98928,32.73285],[-96.98926,32.73493],[-96.98877,32.73493],[-96.98576,32.73492],[-96.98389,32.7349],[-96.98389,32.73816],[-96.98772,32.73821],[-96.98744,32.74537],[-96.98656,32.74534],[-96.96943,32.74609],[-96.96846,32.74614],[-96.95961,32.74643],[-96.95792,32.74621],[-96.95797,32.74225],[-96.958,32.74207],[-96.95798,32.73888],[-96.95143,32.7387],[-96.94866,32.73669],[-96.94864,32.73876],[-96.94307,32.73873],[-96.9429,32.74223],[-96.93827,32.74216],[-96.93703,32.74312],[-96.93497,32.74307],[-96.93497,32.7435],[-96.93437,32.7435],[-96.93497,32.74288],[-96.93109,32.74259],[-96.93043,32.74344],[-96.92973,32.74441],[-96.92824,32.74447],[-96.92697,32.74564],[-96.9267,32.74694],[-96.92633,32.74729],[-96.92632,32.74769],[-96.92626,32.74782],[-96.92616,32.74964],[-96.92515,32.75894],[-96.92402,32.761],[-96.92472,32.76225],[-96.92669,32.76246],[-96.92794,32.76482],[-96.92773,32.76506],[-96.92733,32.76563],[-96.92698,32.76663],[-96.92738,32.76702],[-96.92612,32.76866],[-96.9267,32.77121],[-96.92609,32.77752],[-96.92642,32.77869],[-96.92624,32.7814],[-96.92608,32.78208],[-96.94013,32.7781],[-96.94121,32.7779],[-96.94199,32.77745],[-96.94211,32.77738],[-96.94264,32.77685],[-96.94227,32.77335],[-96.94406,32.7732],[-96.94407,32.77586],[-96.94534,32.77681],[-96.9472,32.77654],[-96.94814,32.77542],[-96.95308,32.77464],[-96.95355,32.77629],[-96.95048,32.77828],[-96.95151,32.77924],[-96.95504,32.77826],[-96.95609,32.77695],[-96.95687,32.77447],[-96.95632,32.77297],[-96.95863,32.77201],[-96.96002,32.77342],[-96.95998,32.77839],[-96.96007,32.77839],[-96.96005,32.78014],[-96.95999,32.78306],[-96.96331,32.78302],[-96.97407,32.78307],[-96.97446,32.783],[-96.97616,32.78243],[-96.97726,32.78157],[-96.97906,32.77925],[-96.98095,32.7781],[-96.98234,32.77787],[-96.99464,32.77786],[-96.9955,32.77781],[-96.99529,32.79029],[-96.99531,32.80438],[-96.99561,32.8051],[-96.9951,32.80712],[-96.99509,32.80732],[-96.99493,32.80799],[-96.99449,32.80994],[-96.99516,32.81155],[-96.99545,32.81481],[-96.99457,32.81585],[-97.00241,32.81599],[-97.00797,32.8161],[-97.01442,32.81622],[-97.01807,32.81632],[-97.02567,32.81645],[-97.02568,32.81676],[-97.03423,32.81696],[-97.0339,32.83429],[-97.03386,32.83651],[-97.03386,32.83695],[-97.03386,32.83713],[-97.03384,32.83853],[-97.03309,32.87832],[-97.03262,32.90429],[-97.03233,32.92017],[-97.03215,32.93041],[-97.03191,32.94387],[-97.02924,32.94393],[-97.02225,32.94381],[-97.02148,32.94378],[-97.01783,32.94363],[-97.01488,32.94182],[-97.01245,32.93953],[-97.00828,32.93455],[-97.00308,32.92846],[-96.99719,32.92369],[-96.99378,32.92261],[-96.99377,32.92318],[-96.99378,32.9237],[-96.9937,32.92571],[-96.99145,32.92572],[-96.99139,32.93123],[-96.99352,32.93125],[-96.99346,32.93995],[-96.99344,32.94429],[-96.99169,32.94454],[-96.99166,32.94771],[-96.98716,32.94803],[-96.98578,32.94886],[-96.98257,32.95252],[-96.97913,32.95387],[-96.97672,32.95501],[-96.97288,32.95584],[-96.96822,32.95438],[-96.96822,32.95395],[-96.96626,32.95271],[-96.96177,32.94912],[-96.96021,32.94969],[-96.95991,32.95025],[-96.95935,32.95029],[-96.95801,32.95024],[-96.95564,32.95048],[-96.94929,32.94807],[-96.94491,32.94792],[-96.94325,32.94706],[-96.94253,32.94616],[-96.94169,32.9393],[-96.93827,32.93742],[-96.93777,32.93791],[-96.93775,32.93821],[-96.93734,32.93851],[-96.93472,32.93851],[-96.93281,32.94094],[-96.93521,32.94712],[-96.93746,32.94743],[-96.9388,32.94817],[-96.93956,32.9492],[-96.93959,32.94991],[-96.93888,32.9515],[-96.93885,32.95179],[-96.93902,32.9525],[-96.94289,32.95621],[-96.94372,32.95776],[-96.94394,32.96261],[-96.94501,32.96599],[-96.94501,32.96655],[-96.94203,32.96861],[-96.94199,32.96818],[-96.94198,32.96687],[-96.93986,32.96688],[-96.9399,32.96512],[-96.94409,32.96519],[-96.94343,32.96296],[-96.94356,32.95953],[-96.94205,32.95614],[-96.93879,32.95257],[-96.93878,32.95101],[-96.93948,32.95002],[-96.93879,32.94844],[-96.93738,32.94759],[-96.93564,32.94757],[-96.93479,32.94703],[-96.93348,32.94443],[-96.93255,32.94107],[-96.93469,32.93837],[-96.93499,32.93504],[-96.93566,32.9345],[-96.93862,32.93519],[-96.94017,32.93295],[-96.93999,32.93203],[-96.93599,32.93007],[-96.93351,32.92982],[-96.93299,32.92936],[-96.93285,32.9284],[-96.9335,32.92774],[-96.93517,32.92717],[-96.93724,32.92779],[-96.93569,32.92502],[-96.93572,32.92468],[-96.93794,32.92312],[-96.93811,32.92157],[-96.93731,32.92156],[-96.92957,32.92149],[-96.92952,32.91818],[-96.92523,32.91803],[-96.92457,32.92079],[-96.92466,32.92395],[-96.92467,32.92451],[-96.92013,32.9246],[-96.92051,32.93064],[-96.91108,32.93066],[-96.9111,32.93917],[-96.90273,32.93917],[-96.90062,32.93916],[-96.89057,32.93908],[-96.89045,32.9432],[-96.89044,32.94414],[-96.89042,32.94637],[-96.88172,32.94633],[-96.8719,32.94635],[-96.87113,32.94804],[-96.87107,32.94834],[-96.87097,32.94851],[-96.87072,32.95338],[-96.85593,32.95309],[-96.8558,32.95308],[-96.85562,32.95309],[-96.8557,32.94364],[-96.85574,32.94],[-96.85578,32.93587],[-96.85576,32.93353],[-96.84757,32.93338],[-96.84754,32.93619],[-96.84752,32.93988],[-96.84697,32.93988],[-96.83902,32.93986],[-96.83885,32.93986],[-96.8388,32.95124],[-96.83131,32.95118],[-96.83132,32.94684],[-96.82815,32.94686],[-96.82584,32.94682],[-96.8259,32.94207],[-96.82224,32.94207],[-96.82364,32.94615],[-96.82366,32.95023],[-96.82349,32.95023],[-96.82303,32.95018],[-96.82031,32.94996],[-96.81802,32.95011],[-96.81498,32.94537],[-96.81388,32.946],[-96.81107,32.94559],[-96.80965,32.94546],[-96.80963,32.94627],[-96.80962,32.94801],[-96.80804,32.95037],[-96.80856,32.95172],[-96.80843,32.95394],[-96.81852,32.95399],[-96.8221,32.95402],[-96.82229,32.95402],[-96.82137,32.95946],[-96.82136,32.96038],[-96.8216,32.96136],[-96.82199,32.96373],[-96.82214,32.96418],[-96.82219,32.96496],[-96.82171,32.96859],[-96.82184,32.97316],[-96.82321,32.97496],[-96.82772,32.97843],[-96.82863,32.97971],[-96.82901,32.98138],[-96.82872,32.9872],[-96.83001,32.98724],[-96.83892,32.98721],[-96.83895,32.98737],[-96.8422,32.98741],[-96.84219,32.98735],[-96.84905,32.98715],[-96.85488,32.98721],[-96.85487,32.98757],[-96.8548,32.98969],[-96.86408,32.98974],[-96.86728,32.98975],[-96.87478,32.98978],[-96.87285,32.99712],[-96.87134,33.00206],[-96.86817,33.00188],[-96.86771,33.0016],[-96.86742,33.00144],[-96.86637,33.00149],[-96.86618,33.0023],[-96.86596,33.00248],[-96.86595,33.0054],[-96.86595,33.01176],[-96.86069,33.0118],[-96.86068,33.01163],[-96.85774,33.01169],[-96.85732,33.01169],[-96.85737,33.01182],[-96.85719,33.01182],[-96.85459,33.01177],[-96.85442,33.01201],[-96.84934,33.01201],[-96.84399,33.01376],[-96.84358,33.01665],[-96.84337,33.01828],[-96.84337,33.01904],[-96.83913,33.0191],[-96.83602,33.01907],[-96.83534,33.01916],[-96.83554,33.02396],[-96.83527,33.02647],[-96.83526,33.02751],[-96.83747,33.02753],[-96.84005,33.02757],[-96.84327,33.02591],[-96.84349,33.02586],[-96.84759,33.02589],[-96.85248,33.02605],[-96.85229,33.02999],[-96.85222,33.03093],[-96.85443,33.03094],[-96.8562,33.03092],[-96.8562,33.03107],[-96.85545,33.03303],[-96.85549,33.03554],[-96.85548,33.03691],[-96.85303,33.0374],[-96.85321,33.03808],[-96.85319,33.04131],[-96.85298,33.04131],[-96.85299,33.04163],[-96.85297,33.04201],[-96.85308,33.042],[-96.85551,33.042],[-96.8601,33.042],[-96.85986,33.04292],[-96.85978,33.04477],[-96.85977,33.04483],[-96.85974,33.04508],[-96.85932,33.04664],[-96.85839,33.05313],[-96.85341,33.05312],[-96.85339,33.05174],[-96.84925,33.05174],[-96.84491,33.05174],[-96.84397,33.05638],[-96.84288,33.05624],[-96.84287,33.057],[-96.8428,33.06013],[-96.84881,33.06016],[-96.85353,33.06077],[-96.85717,33.06082],[-96.85719,33.06143],[-96.85509,33.07617],[-96.85099,33.07611],[-96.85097,33.08014],[-96.85194,33.08209],[-96.8521,33.08232],[-96.85189,33.08242],[-96.84824,33.08381],[-96.84187,33.08558],[-96.82782,33.08952],[-96.8233,33.09074],[-96.82291,33.09084],[-96.81442,33.09326],[-96.81207,33.09402],[-96.81026,33.09483],[-96.80859,33.09593],[-96.80539,33.09725],[-96.78816,33.10427],[-96.78417,33.10596],[-96.76823,33.11232],[-96.76802,33.1124],[-96.75991,33.11574],[-96.75069,33.11925],[-96.73602,33.12424],[-96.73545,33.12443],[-96.7329,33.1253],[-96.73253,33.12543],[-96.73172,33.12295],[-96.73312,33.1184],[-96.73319,33.11565],[-96.73322,33.10082],[-96.73336,33.09119],[-96.7335,33.09073],[-96.73615,33.08803],[-96.73657,33.08617],[-96.73657,33.08602],[-96.73512,33.08606],[-96.73179,33.08601],[-96.72448,33.08597],[-96.72114,33.08596],[-96.71551,33.08589],[-96.71188,33.08452],[-96.7117,33.08448],[-96.71075,33.08643],[-96.70903,33.08933],[-96.70489,33.08857],[-96.70137,33.08726],[-96.70143,33.08668],[-96.70081,33.08654],[-96.70063,33.08599],[-96.69944,33.08575],[-96.69909,33.08506],[-96.69896,33.08452],[-96.69814,33.08458],[-96.69694,33.08181],[-96.69518,33.08072],[-96.69466,33.08084],[-96.69459,33.08078],[-96.69441,33.08054],[-96.69424,33.08042],[-96.6942,33.0803],[-96.6944,33.07998],[-96.69439,33.07991],[-96.69246,33.0784],[-96.69112,33.07799],[-96.69027,33.07735],[-96.69005,33.07737],[-96.68983,33.07778],[-96.68966,33.07779],[-96.68963,33.07773],[-96.68959,33.07764],[-96.68796,33.07721],[-96.68711,33.07574],[-96.68615,33.07558],[-96.68552,33.0752],[-96.6856,33.07408],[-96.68458,33.07328],[-96.68443,33.07279],[-96.68456,33.07193],[-96.68466,33.07178],[-96.68486,33.07169],[-96.68536,33.07133],[-96.68534,33.07101],[-96.68515,33.07092],[-96.68396,33.0709],[-96.68218,33.07312],[-96.67286,33.07266],[-96.66416,33.0727],[-96.66346,33.07285],[-96.65989,33.07287],[-96.65864,33.07288],[-96.65828,33.07435],[-96.65573,33.07458],[-96.65525,33.07313],[-96.65501,33.07286],[-96.65497,33.07282],[-96.65483,33.07259],[-96.65511,33.07153],[-96.65521,33.0712],[-96.65527,33.06818],[-96.65701,33.06637],[-96.65581,33.06268],[-96.65589,33.05969],[-96.65535,33.05892],[-96.65532,33.05815],[-96.65519,33.05741],[-96.65664,33.05597],[-96.65709,33.0553],[-96.65604,33.05293],[-96.65396,33.05081],[-96.6538,33.05074],[-96.65315,33.05132],[-96.65059,33.0532],[-96.64401,33.05272],[-96.63978,33.05313],[-96.63928,33.05249],[-96.63939,33.04897],[-96.6409,33.049],[-96.64108,33.04405],[-96.64356,33.04322],[-96.64248,33.04202],[-96.64279,33.03916],[-96.64042,33.03717],[-96.64042,33.03365],[-96.6405,33.03012],[-96.6422,33.02861],[-96.64198,33.02396],[-96.64024,33.02132],[-96.64096,33.01923],[-96.64121,33.01904],[-96.63537,33.01879],[-96.63532,33.01864],[-96.63423,33.01682],[-96.63294,33.01569],[-96.63083,33.0109],[-96.63077,33.01074],[-96.62801,33.01151],[-96.6252,33.01151],[-96.62462,33.01151],[-96.62482,33.00961],[-96.62131,33.00962],[-96.61303,33.00951],[-96.61305,33.00506],[-96.61471,33.00493],[-96.6131,33.0035],[-96.61323,33.00022],[-96.61342,32.99255],[-96.61343,32.99187],[-96.61336,32.98751],[-96.61338,32.98677],[-96.61342,32.9849],[-96.61337,32.98431],[-96.61346,32.97493],[-96.613,32.97387],[-96.61266,32.97348],[-96.60723,32.96881],[-96.60697,32.96861],[-96.6067,32.96835],[-96.60624,32.96814],[-96.60531,32.96788],[-96.60315,32.96596],[-96.59982,32.96306],[-96.59379,32.95794],[-96.58711,32.95228],[-96.58914,32.95031],[-96.58901,32.94747],[-96.58959,32.94708],[-96.5882,32.94521],[-96.58355,32.94152],[-96.58296,32.94183],[-96.57472,32.94826],[-96.57073,32.94834],[-96.5599,32.94857],[-96.55852,32.9477],[-96.55464,32.94694],[-96.55372,32.94864],[-96.55175,32.94866],[-96.55225,32.94941],[-96.55059,32.95031],[-96.552,32.9524],[-96.55289,32.95507],[-96.55086,32.95687],[-96.55246,32.96022],[-96.54682,32.96346],[-96.54368,32.9608],[-96.53759,32.96556],[-96.53744,32.96568],[-96.53545,32.96398],[-96.53289,32.96605],[-96.52997,32.9635],[-96.52639,32.96653],[-96.52397,32.96866],[-96.52341,32.97068],[-96.5263,32.9757],[-96.51988,32.97617],[-96.51699,32.97386],[-96.51374,32.97128],[-96.51301,32.97102],[-96.5162,32.96832],[-96.51545,32.96749],[-96.51703,32.96687],[-96.51993,32.96573],[-96.51991,32.9645],[-96.52226,32.96512],[-96.52278,32.96359],[-96.52392,32.96443],[-96.52996,32.95934],[-96.52254,32.95304],[-96.52,32.95143],[-96.51938,32.95192],[-96.51977,32.95412],[-96.52137,32.95632],[-96.52117,32.95782],[-96.52147,32.95972],[-96.52029,32.95929],[-96.51896,32.95536],[-96.51768,32.9546],[-96.51719,32.95374],[-96.51717,32.95375],[-96.51716,32.95417],[-96.51551,32.95233],[-96.51495,32.95315],[-96.51625,32.9549],[-96.51606,32.95768],[-96.51536,32.96023],[-96.51275,32.96316],[-96.50933,32.96469],[-96.5061,32.97374],[-96.50597,32.979],[-96.50552,32.98054],[-96.50604,32.98282],[-96.50712,32.98283],[-96.50497,32.98552],[-96.50509,32.98715],[-96.50732,32.99077],[-96.50596,32.99173],[-96.50454,32.99169],[-96.50095,32.98806],[-96.49873,32.98828],[-96.49705,32.98911],[-96.49619,32.99055],[-96.49756,32.99424],[-96.49736,32.99598],[-96.49817,32.9989],[-96.49688,33.00287],[-96.49584,33.00463],[-96.49334,33.00727],[-96.49054,33.00868],[-96.49033,33.01255],[-96.48856,33.01493],[-96.48643,33.01494],[-96.48621,33.01991],[-96.48648,33.02273],[-96.48475,33.02361],[-96.47709,33.02181],[-96.47669,33.0217],[-96.47071,33.0201],[-96.4677,33.02002],[-96.46703,33.01752],[-96.46778,33.01596],[-96.4666,33.01573],[-96.4679,33.01209],[-96.46789,33.00777],[-96.46652,33.00281],[-96.46951,32.99656],[-96.47218,32.99433],[-96.47267,32.9926],[-96.47539,32.98945],[-96.47823,32.98824],[-96.47889,32.98643],[-96.48104,32.98626],[-96.48068,32.98559],[-96.47136,32.98567],[-96.46677,32.98624],[-96.46674,32.98247],[-96.46371,32.98244],[-96.46378,32.97935],[-96.46505,32.97932],[-96.46671,32.97731],[-96.46757,32.9773],[-96.46961,32.97539],[-96.47274,32.97516],[-96.47483,32.9745],[-96.47494,32.97077],[-96.47826,32.97079],[-96.47933,32.96747],[-96.47897,32.96649],[-96.4804,32.96581],[-96.48044,32.96105],[-96.47949,32.96074],[-96.48095,32.96031],[-96.48285,32.9585],[-96.4842,32.9575],[-96.48491,32.95688],[-96.48565,32.95658],[-96.48699,32.95615],[-96.48637,32.95589],[-96.48567,32.95593],[-96.4866,32.95553],[-96.4871,32.95486],[-96.48702,32.95366],[-96.48736,32.95357],[-96.48848,32.95319],[-96.48819,32.95256],[-96.48868,32.95305],[-96.48947,32.95323],[-96.48959,32.95303],[-96.48928,32.95248],[-96.49048,32.95271],[-96.49118,32.95246],[-96.49183,32.95172],[-96.49185,32.95145],[-96.49061,32.94904],[-96.49288,32.94998],[-96.49447,32.94824],[-96.49532,32.94591],[-96.49357,32.94587],[-96.49252,32.94697],[-96.49078,32.94663],[-96.48961,32.94813],[-96.48747,32.94474],[-96.48591,32.94141],[-96.48279,32.93959],[-96.47972,32.93303],[-96.47805,32.93125],[-96.47404,32.92907],[-96.47407,32.92859],[-96.47806,32.92747],[-96.47389,32.92836],[-96.47291,32.92802],[-96.47231,32.92541],[-96.47121,32.92395],[-96.47057,32.92162],[-96.46846,32.91842],[-96.46701,32.91437],[-96.46717,32.91104],[-96.46914,32.90872],[-96.47185,32.90782],[-96.47159,32.90571],[-96.47323,32.90414],[-96.4753,32.90306],[-96.47625,32.9017],[-96.48181,32.90036],[-96.48231,32.89936],[-96.48154,32.89517],[-96.48247,32.89375],[-96.48905,32.89063],[-96.48905,32.89013],[-96.48261,32.8925],[-96.48214,32.89068],[-96.48215,32.88798],[-96.48484,32.88447],[-96.48727,32.8794],[-96.48248,32.87544],[-96.48121,32.87474],[-96.4805,32.8729],[-96.48026,32.87229],[-96.47981,32.86999],[-96.48216,32.86704],[-96.48237,32.86586],[-96.48407,32.86527],[-96.48636,32.86318],[-96.49,32.85849],[-96.4905,32.85661],[-96.49044,32.85659],[-96.4913,32.85419],[-96.49039,32.85182],[-96.48926,32.85214],[-96.48958,32.85166],[-96.48868,32.85057],[-96.48725,32.84974],[-96.4897,32.85095],[-96.49231,32.85071],[-96.4937,32.84931],[-96.49581,32.84898],[-96.49534,32.84848],[-96.49554,32.84839],[-96.49613,32.84882],[-96.49769,32.84728],[-96.49799,32.84444],[-96.49684,32.84316],[-96.49946,32.84291],[-96.50171,32.84147],[-96.50553,32.84091],[-96.50792,32.8368],[-96.50761,32.83621],[-96.50777,32.83572],[-96.50836,32.83481],[-96.50748,32.83383],[-96.50715,32.83539],[-96.50613,32.83667],[-96.5053,32.83553],[-96.50562,32.83491],[-96.5051,32.83391],[-96.5054,32.83246],[-96.50542,32.83223],[-96.50242,32.83293],[-96.50202,32.83223],[-96.49947,32.83365],[-96.49823,32.83519],[-96.49503,32.83682],[-96.49562,32.83526],[-96.49557,32.83497],[-96.49686,32.83482],[-96.49803,32.83215],[-96.50107,32.82922],[-96.50268,32.82934],[-96.50332,32.82891],[-96.50344,32.82844],[-96.50208,32.82798],[-96.49903,32.82245],[-96.49637,32.82504],[-96.49248,32.82535],[-96.49028,32.82414],[-96.49127,32.82289],[-96.49307,32.82364],[-96.49401,32.82208],[-96.49626,32.82192],[-96.49731,32.82039],[-96.49287,32.81735],[-96.49043,32.81327],[-96.48998,32.81326],[-96.48942,32.81292],[-96.4892,32.81155],[-96.48925,32.81322],[-96.48864,32.81323],[-96.48719,32.81326],[-96.48737,32.81244],[-96.48691,32.81224],[-96.48755,32.81175],[-96.48684,32.81151],[-96.48586,32.81169],[-96.48546,32.81194],[-96.48496,32.81265],[-96.48367,32.81329],[-96.4832,32.8133],[-96.4841,32.81287],[-96.48482,32.812],[-96.48608,32.81082],[-96.48317,32.80984],[-96.48376,32.80946],[-96.48877,32.81007],[-96.48918,32.81113],[-96.48914,32.81017],[-96.4917,32.80792],[-96.49255,32.80642],[-96.49102,32.80581],[-96.49102,32.80285],[-96.48987,32.80286],[-96.48991,32.79834],[-96.49091,32.79834],[-96.49092,32.79485],[-96.49341,32.79288],[-96.49623,32.79291],[-96.49741,32.78579],[-96.49854,32.78139],[-96.50075,32.77442],[-96.50355,32.77497],[-96.50225,32.7797],[-96.50852,32.78704],[-96.50918,32.78943],[-96.51935,32.78963],[-96.5193,32.79265],[-96.51926,32.79603],[-96.52556,32.79581],[-96.52918,32.79682],[-96.53215,32.79815],[-96.53486,32.80378],[-96.53515,32.80875],[-96.53378,32.81155],[-96.5336,32.81477],[-96.53497,32.8147],[-96.54087,32.81814],[-96.54256,32.82033],[-96.54235,32.82182],[-96.54347,32.82252],[-96.54357,32.82373],[-96.54187,32.82355],[-96.5389,32.82804],[-96.54137,32.82796],[-96.54345,32.82924],[-96.54336,32.83362],[-96.54398,32.83357],[-96.54554,32.83358],[-96.54553,32.84076],[-96.54338,32.84074],[-96.54336,32.84558],[-96.54788,32.84611],[-96.54989,32.84737],[-96.54987,32.84815],[-96.55273,32.84679],[-96.55622,32.84671],[-96.55627,32.84085],[-96.56056,32.84092],[-96.56057,32.8362],[-96.55994,32.83368],[-96.5607,32.83362],[-96.56444,32.83002],[-96.56641,32.83433],[-96.57883,32.83421],[-96.59553,32.83407],[-96.59565,32.83407],[-96.59569,32.8332],[-96.59583,32.83325],[-96.5959,32.82871],[-96.59606,32.82612],[-96.5959,32.82291],[-96.5959,32.82179],[-96.59593,32.81795],[-96.59703,32.81758],[-96.59704,32.81755],[-96.59709,32.81687],[-96.59694,32.81401],[-96.59752,32.814],[-96.60439,32.81396],[-96.6045,32.80671],[-96.59948,32.80674],[-96.59949,32.80494],[-96.5991,32.80494],[-96.59806,32.80493],[-96.59787,32.80453],[-96.59808,32.79786],[-96.5959,32.79783],[-96.59591,32.79764],[-96.59379,32.79733],[-96.59383,32.79055],[-96.57975,32.78821],[-96.57977,32.7878],[-96.57979,32.78745],[-96.59285,32.78975],[-96.59382,32.78986],[-96.59403,32.78025],[-96.59396,32.77782],[-96.58569,32.77816],[-96.58569,32.77987],[-96.58265,32.77983],[-96.57989,32.77984],[-96.57974,32.77983],[-96.57049,32.77968],[-96.57049,32.77481],[-96.57045,32.76475],[-96.57035,32.76459],[-96.56154,32.76375],[-96.54599,32.76213],[-96.51979,32.75439],[-96.51962,32.75427],[-96.51971,32.74869],[-96.52063,32.74872],[-96.52092,32.74649],[-96.52398,32.74254],[-96.53014,32.73692],[-96.52298,32.73117],[-96.52363,32.72999],[-96.52232,32.72796],[-96.52086,32.72764],[-96.521,32.72571],[-96.52124,32.72501],[-96.52505,32.7266],[-96.52585,32.72647],[-96.52614,32.72508],[-96.52403,32.72317],[-96.52436,32.72129],[-96.52352,32.72069],[-96.5244,32.71856],[-96.52709,32.71732],[-96.52713,32.71388],[-96.52451,32.71403],[-96.52342,32.7128],[-96.52752,32.7093],[-96.52049,32.7099],[-96.51095,32.71071],[-96.51383,32.70837],[-96.50697,32.70253],[-96.50334,32.70252],[-96.50036,32.70324],[-96.49767,32.70219],[-96.49552,32.704],[-96.48967,32.70181],[-96.48615,32.69878],[-96.47722,32.6979],[-96.46873,32.69845],[-96.45741,32.69962],[-96.45563,32.69899],[-96.45423,32.69864],[-96.453,32.69867],[-96.45037,32.69899],[-96.44879,32.69899],[-96.4464,32.69868],[-96.44504,32.69882],[-96.44371,32.69933],[-96.44362,32.69931],[-96.44326,32.69923],[-96.44298,32.69917],[-96.44241,32.69904],[-96.43713,32.69846],[-96.43624,32.69749],[-96.43498,32.69635],[-96.42888,32.69121],[-96.43231,32.68789],[-96.43377,32.68677],[-96.4343,32.68634],[-96.4286,32.68142],[-96.42803,32.68189],[-96.42289,32.68615],[-96.4179,32.68189],[-96.41465,32.67914],[-96.41986,32.67475],[-96.42501,32.67052],[-96.43311,32.67759],[-96.42866,32.68137],[-96.43435,32.68629],[-96.43668,32.68434],[-96.43727,32.68385],[-96.44555,32.69072],[-96.44594,32.69083],[-96.45025,32.69467],[-96.45528,32.69664],[-96.45903,32.69368],[-96.46095,32.69212],[-96.45976,32.69108],[-96.46143,32.68972],[-96.46476,32.68458],[-96.4706,32.68647],[-96.47139,32.68677],[-96.47211,32.69036],[-96.47331,32.68991],[-96.47293,32.68866],[-96.47474,32.68826],[-96.48276,32.68157],[-96.48187,32.68067],[-96.48761,32.67587],[-96.4875,32.67382],[-96.49063,32.66892],[-96.49084,32.66687],[-96.49232,32.66563],[-96.49603,32.66643],[-96.49545,32.66937],[-96.49684,32.67019],[-96.49679,32.67306],[-96.4953,32.67407],[-96.49529,32.67609],[-96.50105,32.68087],[-96.50377,32.68136],[-96.5036,32.6938],[-96.50663,32.69432],[-96.50723,32.6938],[-96.52065,32.69377],[-96.52781,32.69389],[-96.52762,32.69516],[-96.52869,32.69536],[-96.52938,32.69457],[-96.53223,32.69395],[-96.53461,32.692],[-96.53885,32.68765],[-96.53663,32.68577],[-96.53774,32.68348],[-96.54006,32.68643],[-96.54119,32.68713],[-96.54285,32.68652],[-96.54472,32.68715],[-96.54477,32.68823],[-96.54763,32.69065],[-96.54682,32.69146],[-96.55133,32.69522],[-96.55214,32.69453],[-96.55527,32.69206],[-96.55851,32.68906],[-96.55662,32.68745],[-96.56315,32.6817],[-96.56259,32.68128],[-96.56309,32.68105],[-96.57168,32.68032],[-96.57388,32.6803],[-96.57469,32.68094],[-96.57594,32.67994],[-96.57462,32.67868],[-96.57744,32.67646],[-96.57896,32.67517],[-96.58072,32.67596],[-96.5853,32.67213],[-96.58836,32.66978],[-96.59537,32.67307],[-96.59797,32.67092],[-96.59116,32.66742],[-96.59378,32.66521],[-96.59167,32.66334],[-96.59459,32.66096],[-96.59198,32.65968],[-96.59022,32.65952],[-96.58214,32.65236],[-96.58479,32.64848],[-96.58553,32.64767],[-96.59241,32.65385],[-96.58907,32.65653],[-96.59093,32.65652],[-96.59331,32.65849],[-96.60339,32.66423],[-96.60646,32.66184],[-96.61054,32.66533],[-96.61612,32.66051],[-96.61654,32.65614],[-96.61521,32.65487],[-96.61602,32.65402],[-96.61411,32.6523],[-96.61522,32.6514],[-96.61402,32.65072],[-96.61568,32.64921],[-96.61782,32.64988],[-96.61835,32.64921],[-96.6235,32.64489],[-96.62091,32.65198],[-96.62183,32.65513],[-96.62394,32.65459],[-96.64546,32.63657],[-96.64905,32.63858],[-96.6513,32.63923],[-96.65458,32.63657],[-96.65693,32.63746],[-96.65299,32.64082],[-96.66138,32.64399],[-96.65662,32.64777],[-96.66717,32.65605],[-96.67069,32.65923],[-96.66971,32.66103],[-96.66906,32.66415],[-96.66895,32.66489],[-96.67222,32.66764],[-96.67168,32.66899],[-96.67908,32.66909],[-96.67925,32.67075],[-96.67684,32.67377],[-96.67693,32.67577],[-96.67799,32.67636],[-96.68016,32.67604],[-96.68423,32.67363],[-96.68948,32.67184],[-96.69187,32.67203],[-96.69302,32.67449],[-96.6946,32.67591],[-96.69515,32.67671],[-96.69534,32.6777],[-96.69369,32.68064],[-96.69868,32.67966],[-96.69913,32.68051],[-96.70235,32.67903],[-96.704,32.67673],[-96.7107,32.67357],[-96.71442,32.67142],[-96.71858,32.66945],[-96.72066,32.66906],[-96.72297,32.66945],[-96.7242,32.67008],[-96.72475,32.66958],[-96.72493,32.66895],[-96.72268,32.66393],[-96.72232,32.66296],[-96.72256,32.66293],[-96.72353,32.66233],[-96.72447,32.66163],[-96.72579,32.66096],[-96.72898,32.65975],[-96.72979,32.65922],[-96.72604,32.65377],[-96.72728,32.65266],[-96.73128,32.65079],[-96.72946,32.64812],[-96.73302,32.64642],[-96.73018,32.64226],[-96.73345,32.64078],[-96.72977,32.6355],[-96.73184,32.6296],[-96.73987,32.62582],[-96.74212,32.62476],[-96.74465,32.62346],[-96.74544,32.61857],[-96.75345,32.61856],[-96.76566,32.61858],[-96.7704,32.62795],[-96.77336,32.63461],[-96.77735,32.64149],[-96.78393,32.63831],[-96.78849,32.64482],[-96.78885,32.64534],[-96.7885,32.64543],[-96.78768,32.64749],[-96.79057,32.64784],[-96.79709,32.64863],[-96.80254,32.64931],[-96.80573,32.64774],[-96.81329,32.64772],[-96.81428,32.64772],[-96.81428,32.64236],[-96.82332,32.64229],[-96.8233,32.63323],[-96.8231,32.63323],[-96.82292,32.61876],[-96.82288,32.6129],[-96.82277,32.60527],[-96.82265,32.6043],[-96.82242,32.60221],[-96.82229,32.58989],[-96.82229,32.57523],[-96.82236,32.56711],[-96.82445,32.56728],[-96.83968,32.56715],[-96.83967,32.56612],[-96.83966,32.56505],[-96.85688,32.56501],[-96.85688,32.56596],[-96.86075,32.56591],[-96.86121,32.56508],[-96.87403,32.56529],[-96.87403,32.56588],[-96.88284,32.5659],[-96.88294,32.56807],[-96.89105,32.56809],[-96.89104,32.55926],[-96.89102,32.55762],[-96.89535,32.5576],[-96.89628,32.56084],[-96.89965,32.56028],[-96.89964,32.55615],[-96.89535,32.55616],[-96.89535,32.55314],[-96.89673,32.55315],[-96.89672,32.55137],[-96.89958,32.55144],[-96.89958,32.5509],[-96.89961,32.54884],[-96.90815,32.54886],[-96.90816,32.55044],[-96.91682,32.55043],[-96.91965,32.55082],[-96.91964,32.54764],[-96.92171,32.54765],[-96.92168,32.55097],[-96.92536,32.55107],[-96.92552,32.54767],[-96.92552,32.5449],[-96.92768,32.54508],[-96.93035,32.54402],[-96.93336,32.54552],[-96.93588,32.54497],[-96.93778,32.54577],[-96.94039,32.54194],[-96.94237,32.53877],[-96.94593,32.53864],[-96.96372,32.53891],[-96.96826,32.53882],[-96.9683,32.53693],[-96.96831,32.53646],[-96.97631,32.53628],[-96.97678,32.53628],[-96.9768,32.54026],[-96.97778,32.53923],[-96.98549,32.53926],[-96.98553,32.53605],[-97.01967,32.53678],[-97.02009,32.53596],[-97.0213,32.53596],[-97.02002,32.53915],[-97.01827,32.54017],[-97.01381,32.54063],[-97.01368,32.54848],[-97.01331,32.56208]],[[-96.83135,32.62542],[-96.8315,32.63268],[-96.83436,32.63266],[-96.83436,32.62537],[-96.83135,32.62542]],[[-96.8445,32.62515],[-96.83998,32.62498],[-96.83999,32.62569],[-96.84005,32.6295],[-96.84451,32.62951],[-96.8445,32.62515]],[[-96.89788,32.85201],[-96.89794,32.85246],[-96.89859,32.85332],[-96.89937,32.85366],[-96.90032,32.85349],[-96.90109,32.85235],[-96.90189,32.85218],[-96.9031,32.85262],[-96.90355,32.85308],[-96.90349,32.85375],[-96.90405,32.85419],[-96.90563,32.85386],[-96.90663,32.85208],[-96.89788,32.85201]],[[-96.9037,32.80428],[-96.9036,32.80434],[-96.90087,32.80682],[-96.90221,32.80766],[-96.90456,32.80559],[-96.90412,32.80494],[-96.9037,32.80428]],[[-96.74031,32.92328],[-96.73537,32.93511],[-96.73825,32.93604],[-96.74043,32.93596],[-96.74123,32.93473],[-96.7485,32.92336],[-96.74061,32.92326],[-96.74031,32.92328]],[[-96.57437,32.70958],[-96.57668,32.71158],[-96.5754,32.71396],[-96.57834,32.71649],[-96.57981,32.71778],[-96.57983,32.71777],[-96.58334,32.72075],[-96.58538,32.72161],[-96.58859,32.72432],[-96.59176,32.72464],[-96.59578,32.72691],[-96.59902,32.72977],[-96.59913,32.72968],[-96.59931,32.7353],[-96.60149,32.73534],[-96.60221,32.74061],[-96.60135,32.74188],[-96.59881,32.74395],[-96.59876,32.74399],[-96.5995,32.74543],[-96.60183,32.74658],[-96.602,32.74667],[-96.60453,32.74613],[-96.60645,32.74675],[-96.60803,32.74602],[-96.61204,32.74592],[-96.61219,32.74254],[-96.61285,32.73546],[-96.62068,32.7347],[-96.62066,32.74014],[-96.62181,32.74065],[-96.62181,32.74255],[-96.62258,32.74258],[-96.62257,32.74489],[-96.62181,32.74498],[-96.62182,32.74515],[-96.62246,32.74521],[-96.62257,32.74523],[-96.62256,32.74857],[-96.62405,32.74853],[-96.63117,32.74859],[-96.63911,32.74859],[-96.63888,32.73424],[-96.6384,32.73405],[-96.63918,32.7265],[-96.63921,32.7231],[-96.63849,32.7231],[-96.63852,32.71951],[-96.6384,32.71209],[-96.6385,32.70503],[-96.63569,32.70503],[-96.63567,32.69953],[-96.63684,32.69953],[-96.6375,32.69431],[-96.63253,32.69132],[-96.63241,32.69151],[-96.63042,32.69043],[-96.62293,32.69044],[-96.62288,32.69444],[-96.62216,32.69445],[-96.62216,32.69502],[-96.61982,32.69518],[-96.61764,32.69519],[-96.61762,32.69652],[-96.61433,32.69649],[-96.61418,32.70127],[-96.60791,32.70179],[-96.60625,32.70177],[-96.60487,32.70189],[-96.59949,32.70236],[-96.58645,32.7035],[-96.5818,32.70372],[-96.57529,32.70332],[-96.57511,32.70331],[-96.57582,32.70398],[-96.5793,32.7071],[-96.57601,32.70978],[-96.57437,32.70958]],[[-96.46568,32.69379],[-96.46415,32.6949],[-96.46334,32.69419],[-96.46254,32.69485],[-96.4615,32.69396],[-96.46095,32.69327],[-96.46163,32.6927],[-96.46155,32.69264],[-96.46056,32.69262],[-96.45898,32.69394],[-96.45986,32.69456],[-96.45861,32.6968],[-96.46059,32.69859],[-96.46388,32.69831],[-96.46513,32.69575],[-96.4655,32.69768],[-96.47125,32.69735],[-96.47027,32.69155],[-96.46894,32.69159],[-96.46733,32.69131],[-96.46488,32.6923],[-96.46568,32.69379]],[[-96.44141,32.69773],[-96.44579,32.69857],[-96.44315,32.69619],[-96.44141,32.69773]],[[-96.88768,32.73499],[-96.88259,32.73497],[-96.87968,32.73495],[-96.87963,32.73927],[-96.87859,32.74054],[-96.88097,32.73992],[-96.88101,32.74229],[-96.8872,32.74232],[-96.89137,32.74232],[-96.89137,32.74654],[-96.89565,32.74643],[-96.89564,32.74484],[-96.89398,32.74474],[-96.89339,32.73697],[-96.89377,32.73502],[-96.89841,32.73517],[-96.89846,32.73283],[-96.89145,32.73276],[-96.89146,32.73123],[-96.88868,32.73164],[-96.88775,32.73172],[-96.88768,32.73499]],[[-96.81688,32.82179],[-96.81689,32.8217],[-96.81676,32.82159],[-96.81467,32.81983],[-96.81354,32.82104],[-96.81267,32.8226],[-96.81252,32.82274],[-96.81246,32.8228],[-96.81203,32.82319],[-96.80696,32.82317],[-96.80687,32.82316],[-96.80451,32.82317],[-96.80439,32.82317],[-96.80438,32.82277],[-96.80439,32.82269],[-96.80235,32.82267],[-96.80238,32.81968],[-96.80021,32.81969],[-96.79999,32.81897],[-96.79974,32.81894],[-96.79943,32.81894],[-96.7992,32.81894],[-96.79731,32.82084],[-96.79821,32.82321],[-96.79569,32.82319],[-96.7942,32.82271],[-96.79299,32.82217],[-96.79269,32.82266],[-96.79117,32.82408],[-96.78847,32.82635],[-96.78614,32.82833],[-96.78095,32.83275],[-96.78107,32.83658],[-96.77921,32.83659],[-96.77752,32.83869],[-96.77591,32.84197],[-96.77429,32.84379],[-96.77105,32.84375],[-96.77209,32.84557],[-96.77335,32.84558],[-96.7736,32.84558],[-96.77245,32.84933],[-96.772,32.85047],[-96.77278,32.85102],[-96.77701,32.85109],[-96.77343,32.85161],[-96.7731,32.85551],[-96.77697,32.85549],[-96.77669,32.85758],[-96.7782,32.85759],[-96.78027,32.85761],[-96.7803,32.8599],[-96.78299,32.85991],[-96.78307,32.86537],[-96.78675,32.86539],[-96.78966,32.8654],[-96.79545,32.8654],[-96.7958,32.8654],[-96.79854,32.86548],[-96.80417,32.8655],[-96.80426,32.85982],[-96.80858,32.86042],[-96.80862,32.85791],[-96.81232,32.85792],[-96.81317,32.85117],[-96.81209,32.85118],[-96.81212,32.84733],[-96.81367,32.84688],[-96.81383,32.84536],[-96.81488,32.83663],[-96.81924,32.83666],[-96.81907,32.82811],[-96.81829,32.82744],[-96.8184,32.82731],[-96.8173,32.82638],[-96.81808,32.82281],[-96.81688,32.82179]],[[-96.52459,32.94739],[-96.52182,32.94463],[-96.52034,32.9459],[-96.52336,32.94846],[-96.52402,32.94788],[-96.52459,32.94739]]]]}},{"type":"Feature","properties":{"name":"DCTA GoZone","boundary_type":"places","source":"Census TIGER place","fidelity":"exact","updated":"2026-09","units":"Denton city; Highland Village city; Lewisville city","note":"Three-city service area in Denton County.","confidence":0.95},"geometry":{"type":"MultiPolygon","coordinates":[[[[-97.09651,33.11754],[-97.09644,33.11981],[-97.09645,33.11751],[-97.09656,33.11751],[-97.09651,33.11754]]],[[[-97.15824,33.12724],[-97.1588,33.12577],[-97.16022,33.12272],[-97.16013,33.12016],[-97.16009,33.11793],[-97.15539,33.11789],[-97.15535,33.11788],[-97.15477,33.11788],[-97.15412,33.11788],[-97.15353,33.11788],[-97.15344,33.11788],[-97.15265,33.11787],[-97.15186,33.11786],[-97.15012,33.11783],[-97.14937,33.11782],[-97.14845,33.11778],[-97.14769,33.11764],[-97.14719,33.11763],[-97.1459,33.11761],[-97.14506,33.11763],[-97.14436,33.11762],[-97.14341,33.11761],[-97.1427,33.11758],[-97.14769,33.11761],[-97.15265,33.11785],[-97.16016,33.11789],[-97.16017,33.1201],[-97.1602,33.12016],[-97.16029,33.12272],[-97.15829,33.12733],[-97.15823,33.13396],[-97.15818,33.13396],[-97.15824,33.12724]]],[[[-97.13966,33.11758],[-97.13966,33.11762],[-97.13097,33.11759],[-97.1267,33.11767],[-97.12224,33.1177],[-97.1103,33.1177],[-97.11018,33.11767],[-97.11366,33.11769],[-97.12224,33.11767],[-97.13527,33.11753],[-97.13534,33.11753],[-97.13966,33.11756],[-97.1427,33.11758],[-97.13966,33.11758]]],[[[-97.23145,33.21634],[-97.22976,33.21631],[-97.22981,33.21424],[-97.23151,33.21426],[-97.23145,33.21634]]],[[[-97.24902,33.17693],[-97.23628,33.17686],[-97.23641,33.16773],[-97.23015,33.16768],[-97.22994,33.16783],[-97.22952,33.16926],[-97.22942,33.17688],[-97.2292,33.19994],[-97.2282,33.19993],[-97.22814,33.20113],[-97.22651,33.2011],[-97.22657,33.1999],[-97.22356,33.19985],[-97.21686,33.19974],[-97.21812,33.20475],[-97.21618,33.20601],[-97.21518,33.20599],[-97.21517,33.20992],[-97.21621,33.21086],[-97.21419,33.21086],[-97.21416,33.21392],[-97.21691,33.21397],[-97.21667,33.21419],[-97.21566,33.21557],[-97.21562,33.21581],[-97.21989,33.2159],[-97.22005,33.21659],[-97.21849,33.2166],[-97.21825,33.22141],[-97.21927,33.2215],[-97.22403,33.22157],[-97.22418,33.21655],[-97.22496,33.21655],[-97.22451,33.21414],[-97.22582,33.21416],[-97.2256,33.22157],[-97.22956,33.22158],[-97.22953,33.22584],[-97.23436,33.22589],[-97.23439,33.2216],[-97.2445,33.22172],[-97.24534,33.22174],[-97.2511,33.22278],[-97.25109,33.22375],[-97.25313,33.2238],[-97.25611,33.22384],[-97.25299,33.22856],[-97.24422,33.22848],[-97.24357,33.22978],[-97.24354,33.23426],[-97.23351,33.23309],[-97.23328,33.23452],[-97.22187,33.2333],[-97.21038,33.23278],[-97.21028,33.2353],[-97.2003,33.2351],[-97.20021,33.24139],[-97.20244,33.24143],[-97.20232,33.24457],[-97.20389,33.2446],[-97.20396,33.24146],[-97.20656,33.2415],[-97.2065,33.24459],[-97.20864,33.24462],[-97.20863,33.24538],[-97.2085,33.25305],[-97.20844,33.25681],[-97.20698,33.2568],[-97.20689,33.26038],[-97.20519,33.26036],[-97.20521,33.25678],[-97.20181,33.25674],[-97.20176,33.26025],[-97.19662,33.26005],[-97.19292,33.25991],[-97.19513,33.26443],[-97.18953,33.26432],[-97.18923,33.26562],[-97.18687,33.26558],[-97.18666,33.27178],[-97.18252,33.27252],[-97.18248,33.27472],[-97.17958,33.27466],[-97.17969,33.28336],[-97.17886,33.28335],[-97.17847,33.30283],[-97.17884,33.30634],[-97.18037,33.31454],[-97.18126,33.32381],[-97.18186,33.33402],[-97.18114,33.33402],[-97.18091,33.33402],[-97.18001,33.334],[-97.17962,33.32381],[-97.17911,33.31681],[-97.17694,33.30455],[-97.17684,33.2989],[-97.1745,33.29885],[-97.17453,33.29657],[-97.17267,33.29655],[-97.17263,33.29882],[-97.17015,33.29881],[-97.17021,33.29596],[-97.16819,33.29599],[-97.1682,33.29529],[-97.16624,33.29526],[-97.16628,33.29662],[-97.16819,33.29665],[-97.16833,33.2988],[-97.15898,33.29848],[-97.14533,33.29841],[-97.14535,33.29675],[-97.14342,33.29664],[-97.14339,33.29841],[-97.13315,33.29835],[-97.13302,33.30007],[-97.1315,33.30006],[-97.12963,33.30006],[-97.12987,33.29923],[-97.12962,33.29054],[-97.12952,33.27446],[-97.12636,33.27446],[-97.12646,33.27068],[-97.12955,33.27067],[-97.12974,33.26181],[-97.12665,33.26179],[-97.1265,33.26885],[-97.12163,33.26881],[-97.12181,33.26222],[-97.11993,33.26369],[-97.11543,33.26355],[-97.11537,33.26525],[-97.11347,33.26519],[-97.11343,33.27082],[-97.11268,33.27692],[-97.10402,33.27697],[-97.10371,33.2825],[-97.10591,33.28308],[-97.10906,33.28496],[-97.10993,33.28657],[-97.11171,33.28754],[-97.11163,33.28803],[-97.10342,33.28779],[-97.10337,33.28874],[-97.09014,33.28825],[-97.09002,33.2947],[-97.08388,33.2945],[-97.08387,33.2954],[-97.08028,33.29526],[-97.08009,33.29774],[-97.07766,33.29767],[-97.07744,33.30139],[-97.07457,33.30132],[-97.07438,33.30679],[-97.06926,33.30675],[-97.0691,33.31345],[-97.07988,33.31349],[-97.07993,33.32143],[-97.09556,33.32118],[-97.09557,33.32413],[-97.10396,33.32402],[-97.10388,33.32767],[-97.11065,33.32802],[-97.11064,33.31445],[-97.12002,33.31446],[-97.12061,33.31453],[-97.12064,33.31612],[-97.12059,33.31822],[-97.12546,33.31825],[-97.12492,33.31926],[-97.1246,33.32894],[-97.12099,33.33196],[-97.12046,33.33441],[-97.11523,33.33442],[-97.11518,33.33843],[-97.10634,33.33848],[-97.10634,33.33521],[-97.09561,33.33533],[-97.09558,33.32988],[-97.09516,33.32989],[-97.08942,33.32988],[-97.08935,33.33305],[-97.08947,33.34041],[-97.08949,33.34256],[-97.08742,33.34257],[-97.08728,33.34537],[-97.08645,33.34645],[-97.0845,33.34645],[-97.08445,33.34255],[-97.08004,33.34256],[-97.08004,33.34141],[-97.07216,33.34143],[-97.07217,33.34646],[-97.07073,33.34656],[-97.06599,33.34649],[-97.06431,33.34651],[-97.06428,33.34905],[-97.05465,33.35032],[-97.0546,33.35023],[-97.05463,33.34406],[-97.05716,33.34408],[-97.05719,33.33785],[-97.0643,33.33786],[-97.06431,33.31625],[-97.06421,33.3134],[-97.06247,33.30952],[-97.06232,33.3065],[-97.06028,33.30721],[-97.05706,33.3072],[-97.05757,33.2986],[-97.06366,33.29875],[-97.06396,33.30073],[-97.06527,33.30088],[-97.06478,33.29877],[-97.06486,33.29474],[-97.07304,33.29499],[-97.0734,33.28766],[-97.07888,33.28787],[-97.0782,33.28597],[-97.07597,33.28589],[-97.07615,33.28164],[-97.0723,33.28057],[-97.07108,33.28212],[-97.06927,33.28226],[-97.06844,33.27897],[-97.06499,33.28031],[-97.0614,33.27848],[-97.06204,33.27047],[-97.06009,33.27036],[-97.06049,33.26589],[-97.05875,33.2668],[-97.05677,33.27155],[-97.05514,33.27155],[-97.05535,33.27224],[-97.05603,33.27351],[-97.05254,33.2736],[-97.0531,33.27579],[-97.0498,33.2745],[-97.04896,33.27554],[-97.0481,33.2867],[-97.03753,33.28614],[-97.03469,33.28616],[-97.03523,33.28745],[-97.0373,33.2885],[-97.03771,33.28945],[-97.03722,33.2901],[-97.03594,33.29034],[-97.03504,33.29066],[-97.03485,33.29132],[-97.03586,33.29377],[-97.03678,33.29422],[-97.0386,33.29617],[-97.03756,33.29711],[-97.03978,33.29928],[-97.04029,33.29923],[-97.04298,33.29896],[-97.04209,33.30126],[-97.04255,33.30382],[-97.04099,33.30526],[-97.04167,33.30673],[-97.04058,33.30859],[-97.04079,33.31042],[-97.03991,33.31159],[-97.03385,33.31495],[-97.03379,33.31741],[-97.03319,33.31806],[-97.03148,33.3177],[-97.03048,33.31781],[-97.02925,33.31867],[-97.02748,33.31893],[-97.02614,33.32],[-97.0275,33.32336],[-97.02698,33.32459],[-97.0258,33.32469],[-97.02463,33.32523],[-97.02505,33.32639],[-97.0264,33.32652],[-97.0274,33.32594],[-97.02838,33.32627],[-97.02838,33.3279],[-97.02783,33.32851],[-97.02684,33.32858],[-97.0264,33.32985],[-97.02701,33.33071],[-97.02928,33.33196],[-97.0298,33.33273],[-97.03085,33.33916],[-97.02947,33.34122],[-97.03079,33.3454],[-97.0336,33.35081],[-97.03547,33.35231],[-97.03787,33.3574],[-97.03607,33.35787],[-97.03495,33.35815],[-97.03244,33.35336],[-97.03385,33.35282],[-97.03297,33.35084],[-97.03087,33.34677],[-97.02914,33.34121],[-97.02922,33.34063],[-97.03063,33.33876],[-97.02994,33.33576],[-97.02942,33.3347],[-97.02947,33.33275],[-97.02679,33.33091],[-97.02608,33.3299],[-97.0264,33.32855],[-97.02773,33.32824],[-97.02812,33.32645],[-97.02652,33.32678],[-97.02441,33.32626],[-97.02434,33.3251],[-97.02679,33.32436],[-97.02719,33.32345],[-97.02635,33.32219],[-97.02583,33.31991],[-97.02733,33.31868],[-97.02919,33.3184],[-97.0303,33.31758],[-97.03314,33.31779],[-97.0336,33.31476],[-97.03973,33.31136],[-97.04046,33.31042],[-97.04027,33.30847],[-97.04126,33.30669],[-97.04055,33.30566],[-97.04073,33.3051],[-97.04225,33.3037],[-97.04179,33.30114],[-97.04246,33.29913],[-97.03974,33.29955],[-97.03739,33.29758],[-97.03739,33.29684],[-97.03828,33.29607],[-97.03558,33.29393],[-97.03452,33.29133],[-97.03482,33.29045],[-97.03709,33.28984],[-97.03707,33.28871],[-97.03421,33.28724],[-97.03395,33.28566],[-97.03462,33.28567],[-97.03662,33.28569],[-97.03664,33.28427],[-97.04694,33.28423],[-97.04713,33.27602],[-97.04734,33.26864],[-97.04492,33.26865],[-97.04474,33.26828],[-97.0341,33.26774],[-97.03453,33.23883],[-97.02392,33.23838],[-97.02407,33.23746],[-97.02414,33.23662],[-97.03599,33.23693],[-97.04694,33.23729],[-97.05405,33.23665],[-97.05491,33.22399],[-97.05498,33.22086],[-97.05081,33.21941],[-97.04993,33.2168],[-97.04965,33.2122],[-97.04976,33.21062],[-97.05288,33.21257],[-97.05522,33.2145],[-97.05543,33.21127],[-97.05392,33.21054],[-97.05119,33.20715],[-97.0516,33.19965],[-97.05043,33.19954],[-97.0507,33.19407],[-97.05169,33.19286],[-97.05193,33.18876],[-97.04999,33.1887],[-97.05011,33.18642],[-97.05249,33.18646],[-97.05365,33.18535],[-97.05043,33.18299],[-97.05241,33.18104],[-97.0512,33.17985],[-97.05402,33.17719],[-97.0563,33.1773],[-97.05642,33.17526],[-97.05674,33.17019],[-97.06458,33.17048],[-97.06545,33.17005],[-97.06553,33.16854],[-97.06565,33.16443],[-97.06478,33.16305],[-97.06856,33.16323],[-97.07201,33.16336],[-97.0755,33.16345],[-97.08438,33.1637],[-97.08508,33.16362],[-97.0868,33.1637],[-97.08687,33.1631],[-97.08704,33.16308],[-97.08893,33.16298],[-97.0889,33.1629],[-97.08885,33.16257],[-97.08991,33.1623],[-97.08922,33.15869],[-97.08924,33.15824],[-97.08946,33.15825],[-97.09196,33.15822],[-97.09202,33.15411],[-97.09067,33.154],[-97.09096,33.14708],[-97.0926,33.14698],[-97.09316,33.14475],[-97.09101,33.14426],[-97.09103,33.14405],[-97.09146,33.1441],[-97.09261,33.1442],[-97.0934,33.14324],[-97.09598,33.14321],[-97.09604,33.14307],[-97.10499,33.14314],[-97.10498,33.14146],[-97.10437,33.13948],[-97.09614,33.13943],[-97.09643,33.13214],[-97.09643,33.12755],[-97.09644,33.12483],[-97.09644,33.12132],[-97.0965,33.12686],[-97.09649,33.13146],[-97.10044,33.1315],[-97.10051,33.128],[-97.10097,33.13148],[-97.10305,33.13156],[-97.10421,33.13045],[-97.10613,33.13161],[-97.10647,33.13242],[-97.10792,33.13645],[-97.10639,33.13641],[-97.10572,33.1346],[-97.10602,33.14146],[-97.11346,33.14155],[-97.11358,33.13494],[-97.11548,33.13624],[-97.11872,33.13975],[-97.12167,33.13973],[-97.12325,33.14173],[-97.12359,33.14216],[-97.12346,33.14568],[-97.12341,33.14712],[-97.12359,33.14713],[-97.12718,33.14713],[-97.12734,33.15429],[-97.12907,33.15424],[-97.12928,33.14709],[-97.1313,33.14707],[-97.13334,33.15037],[-97.13756,33.15007],[-97.13763,33.14872],[-97.13684,33.14835],[-97.13584,33.14808],[-97.1356,33.14713],[-97.13558,33.14668],[-97.14423,33.14704],[-97.1462,33.14714],[-97.15041,33.14721],[-97.15129,33.14926],[-97.15386,33.14794],[-97.15541,33.14855],[-97.15539,33.14722],[-97.15775,33.14722],[-97.15774,33.15526],[-97.1626,33.15528],[-97.16591,33.15017],[-97.16601,33.14725],[-97.16231,33.14722],[-97.16289,33.14503],[-97.16307,33.14139],[-97.16779,33.14153],[-97.16781,33.13871],[-97.1736,33.13784],[-97.17645,33.13341],[-97.17687,33.13341],[-97.17828,33.13341],[-97.17904,33.13318],[-97.17923,33.13287],[-97.1942,33.13305],[-97.19421,33.13091],[-97.202,33.13094],[-97.20199,33.13211],[-97.20264,33.13211],[-97.20263,33.13336],[-97.20371,33.13337],[-97.204,33.13294],[-97.20402,33.13097],[-97.20739,33.131],[-97.21708,33.13106],[-97.22403,33.13111],[-97.23568,33.13125],[-97.25381,33.13148],[-97.25576,33.13153],[-97.25896,33.13153],[-97.25891,33.14159],[-97.26646,33.14165],[-97.26648,33.15055],[-97.26643,33.15385],[-97.24825,33.1537],[-97.24816,33.16783],[-97.24923,33.16784],[-97.24902,33.17693]],[[-97.21686,33.22247],[-97.21666,33.22138],[-97.2148,33.22071],[-97.21115,33.22071],[-97.21103,33.22904],[-97.2104,33.22942],[-97.2104,33.23004],[-97.21398,33.23019],[-97.21399,33.22942],[-97.21481,33.22839],[-97.2168,33.22841],[-97.21726,33.23033],[-97.22111,33.23018],[-97.22119,33.22531],[-97.21737,33.2253],[-97.21698,33.22306],[-97.21484,33.22304],[-97.21487,33.22245],[-97.21686,33.22247]],[[-97.20821,33.19972],[-97.20603,33.19972],[-97.20577,33.19981],[-97.20564,33.20056],[-97.20821,33.20056],[-97.20821,33.19972]],[[-97.20013,33.24753],[-97.20011,33.24904],[-97.20432,33.2491],[-97.20434,33.24761],[-97.20013,33.24753]],[[-97.20234,33.17697],[-97.20308,33.17223],[-97.20311,33.16634],[-97.20212,33.16634],[-97.19534,33.16638],[-97.19283,33.16638],[-97.193,33.17689],[-97.20234,33.17697]],[[-97.20262,33.22418],[-97.20309,33.22092],[-97.20258,33.22001],[-97.20167,33.21995],[-97.20149,33.22884],[-97.20253,33.22886],[-97.20262,33.22418]],[[-97.20177,33.25282],[-97.20132,33.25281],[-97.20003,33.25279],[-97.20002,33.25371],[-97.20176,33.25374],[-97.20177,33.25282]],[[-97.2001,33.24964],[-97.19682,33.2496],[-97.19678,33.25144],[-97.19691,33.25144],[-97.20006,33.25149],[-97.2001,33.24964]],[[-97.17519,33.1869],[-97.17527,33.18991],[-97.18183,33.18997],[-97.18182,33.18512],[-97.18433,33.18524],[-97.18538,33.1867],[-97.18775,33.18673],[-97.1879,33.18246],[-97.18807,33.18028],[-97.18241,33.18022],[-97.1814,33.1798],[-97.17881,33.17869],[-97.17393,33.1868],[-97.17519,33.1869]],[[-97.18775,33.18691],[-97.18436,33.18692],[-97.18436,33.19048],[-97.18674,33.1905],[-97.18778,33.18941],[-97.18775,33.18691]],[[-97.17028,33.14727],[-97.17121,33.14726],[-97.17956,33.14731],[-97.1795,33.15258],[-97.18645,33.15263],[-97.1865,33.14534],[-97.18403,33.14531],[-97.1842,33.13777],[-97.17723,33.13752],[-97.17595,33.13834],[-97.17028,33.14727]],[[-97.17028,33.29221],[-97.16578,33.2926],[-97.16579,33.29405],[-97.16822,33.29408],[-97.17025,33.29346],[-97.17028,33.29221]],[[-97.16774,33.17849],[-97.16763,33.17846],[-97.16565,33.17782],[-97.16344,33.17885],[-97.16187,33.17917],[-97.16018,33.17928],[-97.16013,33.17927],[-97.16001,33.17927],[-97.16003,33.17934],[-97.15915,33.17929],[-97.15903,33.18376],[-97.16312,33.18387],[-97.1642,33.1837],[-97.16643,33.18376],[-97.16891,33.17963],[-97.17009,33.17712],[-97.1697,33.17735],[-97.16856,33.17835],[-97.16842,33.17844],[-97.16833,33.17848],[-97.16805,33.1785],[-97.16774,33.17849]],[[-97.1657,33.26756],[-97.1691,33.26759],[-97.16913,33.26622],[-97.15904,33.26607],[-97.15893,33.27091],[-97.16056,33.27094],[-97.1656,33.27156],[-97.1657,33.26756]],[[-97.16787,33.16729],[-97.16776,33.15785],[-97.16555,33.15788],[-97.16556,33.15888],[-97.1626,33.1589],[-97.16092,33.16145],[-97.1622,33.16144],[-97.16242,33.1688],[-97.16664,33.16879],[-97.16662,33.16746],[-97.16787,33.16744],[-97.16787,33.16737],[-97.16384,33.16737],[-97.16387,33.16563],[-97.16623,33.16562],[-97.16624,33.1673],[-97.16787,33.16729]],[[-97.16615,33.1534],[-97.16527,33.15476],[-97.16774,33.15475],[-97.16773,33.1534],[-97.16615,33.1534]],[[-97.16229,33.29025],[-97.16226,33.27695],[-97.15695,33.27691],[-97.15689,33.28261],[-97.15337,33.28251],[-97.15326,33.29015],[-97.16229,33.29025]],[[-97.14819,33.15452],[-97.14618,33.1545],[-97.14626,33.1494],[-97.1462,33.14721],[-97.14395,33.14718],[-97.14197,33.14867],[-97.14189,33.15159],[-97.14201,33.1516],[-97.142,33.15753],[-97.14367,33.15754],[-97.14365,33.15905],[-97.14189,33.15908],[-97.14189,33.16147],[-97.14189,33.1622],[-97.14624,33.16221],[-97.14756,33.16157],[-97.1486,33.16225],[-97.15047,33.16227],[-97.15073,33.16508],[-97.15174,33.16639],[-97.1524,33.16782],[-97.15877,33.1623],[-97.15811,33.16141],[-97.16019,33.16096],[-97.15469,33.161],[-97.15056,33.1616],[-97.15055,33.16069],[-97.15049,33.15452],[-97.14819,33.15452]],[[-97.15553,33.27688],[-97.15505,33.27688],[-97.15343,33.27686],[-97.15341,33.27999],[-97.15551,33.28001],[-97.15553,33.27688]],[[-97.13043,33.15422],[-97.13044,33.16152],[-97.1332,33.16155],[-97.13323,33.1542],[-97.13043,33.15422]],[[-97.1246,33.16088],[-97.12324,33.1578],[-97.12111,33.15799],[-97.12102,33.16158],[-97.12558,33.16146],[-97.1246,33.16088]],[[-97.0918,33.25339],[-97.08929,33.2533],[-97.08796,33.25268],[-97.08808,33.25055],[-97.08095,33.25023],[-97.08131,33.24503],[-97.08205,33.24075],[-97.08056,33.24072],[-97.08121,33.23916],[-97.07956,33.23962],[-97.06648,33.24501],[-97.06694,33.2394],[-97.06786,33.23947],[-97.068,33.2369],[-97.05029,33.23904],[-97.04734,33.23918],[-97.04716,33.24168],[-97.0458,33.24618],[-97.05248,33.24674],[-97.05314,33.24721],[-97.05775,33.24743],[-97.05775,33.2482],[-97.05346,33.24956],[-97.04959,33.25003],[-97.04838,33.25217],[-97.04989,33.25299],[-97.05329,33.25608],[-97.05819,33.25662],[-97.05819,33.25462],[-97.06108,33.25473],[-97.0609,33.25633],[-97.06322,33.25855],[-97.0653,33.25868],[-97.06567,33.25951],[-97.06538,33.2644],[-97.07917,33.26495],[-97.08649,33.26527],[-97.08783,33.26478],[-97.09569,33.2649],[-97.09724,33.26501],[-97.09742,33.26458],[-97.1029,33.26476],[-97.10541,33.26133],[-97.10655,33.25976],[-97.10498,33.25975],[-97.10511,33.25759],[-97.10229,33.25566],[-97.09169,33.25529],[-97.0918,33.25339]],[[-97.07746,33.21757],[-97.07666,33.21753],[-97.07678,33.21545],[-97.07537,33.21539],[-97.07558,33.21877],[-97.07857,33.21892],[-97.07787,33.22884],[-97.08191,33.22904],[-97.08203,33.22726],[-97.08101,33.22697],[-97.0804,33.22539],[-97.08065,33.22193],[-97.08313,33.22202],[-97.0833,33.21869],[-97.0786,33.21854],[-97.08013,33.21819],[-97.07792,33.2155],[-97.07759,33.21548],[-97.07746,33.21757]],[[-97.07226,33.1781],[-97.07215,33.18039],[-97.07444,33.18049],[-97.07457,33.17823],[-97.07226,33.1781]],[[-97.06849,33.22841],[-97.06851,33.22841],[-97.07058,33.22783],[-97.07065,33.22561],[-97.07285,33.22545],[-97.07156,33.22522],[-97.07096,33.22376],[-97.07015,33.22457],[-97.06875,33.22411],[-97.06851,33.2282],[-97.06849,33.22841]],[[-97.06748,33.22836],[-97.06734,33.23114],[-97.06833,33.23119],[-97.06847,33.22874],[-97.06849,33.22841],[-97.06748,33.22836]],[[-97.06896,33.17511],[-97.06894,33.1759],[-97.06944,33.17591],[-97.06948,33.17513],[-97.06896,33.17511]],[[-97.06568,33.21502],[-97.06535,33.21928],[-97.06431,33.21924],[-97.06408,33.22367],[-97.06878,33.22388],[-97.06835,33.21923],[-97.06802,33.21584],[-97.06762,33.2216],[-97.06633,33.22155],[-97.06679,33.21505],[-97.06568,33.21502]],[[-97.06219,33.18036],[-97.06216,33.18116],[-97.06749,33.18129],[-97.06754,33.18055],[-97.06219,33.18036]],[[-97.06339,33.18604],[-97.06524,33.18607],[-97.06608,33.18698],[-97.06629,33.18236],[-97.06639,33.18204],[-97.058,33.1817],[-97.05684,33.18519],[-97.0593,33.18458],[-97.06178,33.18709],[-97.06339,33.18604]],[[-97.06443,33.21677],[-97.06449,33.21546],[-97.06412,33.21545],[-97.06415,33.21497],[-97.06224,33.2149],[-97.06216,33.21667],[-97.06443,33.21677]],[[-97.05624,33.1966],[-97.05615,33.19866],[-97.05489,33.19998],[-97.05609,33.20119],[-97.06073,33.20095],[-97.06077,33.20033],[-97.06214,33.2004],[-97.06197,33.20205],[-97.06307,33.20209],[-97.06314,33.20123],[-97.06114,33.19922],[-97.06084,33.19921],[-97.06085,33.19893],[-97.05978,33.19786],[-97.05624,33.1966]],[[-97.06065,33.20269],[-97.05799,33.20254],[-97.05792,33.20344],[-97.05929,33.20363],[-97.06057,33.20371],[-97.06065,33.20269]],[[-97.05581,33.20598],[-97.05568,33.20821],[-97.0603,33.20845],[-97.06042,33.20616],[-97.05581,33.20598]],[[-97.0427,33.25423],[-97.04219,33.25267],[-97.04267,33.25109],[-97.04119,33.24789],[-97.04134,33.24362],[-97.04224,33.24262],[-97.04128,33.24079],[-97.04187,33.23904],[-97.03653,33.23891],[-97.03646,33.24287],[-97.03599,33.26624],[-97.04396,33.26669],[-97.0472,33.26661],[-97.04676,33.26386],[-97.04638,33.26056],[-97.04543,33.25937],[-97.04103,33.25811],[-97.04099,33.25653],[-97.0427,33.25423]]],[[[-97.19659,33.27649],[-97.19657,33.27706],[-97.20174,33.27714],[-97.20568,33.28366],[-97.19119,33.28357],[-97.19126,33.27893],[-97.19654,33.27897],[-97.1913,33.27645],[-97.19659,33.27649]]],[[[-97.15828,33.27884],[-97.15989,33.27885],[-97.16061,33.28079],[-97.16059,33.2827],[-97.159,33.28269],[-97.15901,33.28393],[-97.1576,33.28257],[-97.15828,33.27884]]],[[[-96.89916,33.02393],[-96.89917,33.02705],[-96.8991,33.02712],[-96.89479,33.02708],[-96.89485,33.02408],[-96.89557,33.02395],[-96.89916,33.02393]]],[[[-96.91407,33.02709],[-96.91457,33.02709],[-96.9148,33.0271],[-96.91504,33.02718],[-96.89935,33.02712],[-96.89936,33.02704],[-96.91389,33.02703],[-96.9139,33.0271],[-96.91407,33.02709]]],[[[-96.8877,33.04127],[-96.88772,33.04251],[-96.8878,33.04253],[-96.88787,33.04338],[-96.88708,33.04321],[-96.88705,33.03614],[-96.88726,33.03625],[-96.8877,33.04127]]],[[[-97.02134,33.10023],[-97.02135,33.09886],[-97.01938,33.09928],[-97.01791,33.09689],[-97.01591,33.0987],[-97.01588,33.09716],[-97.01462,33.0958],[-97.01281,33.09539],[-97.01414,33.09469],[-97.01301,33.09174],[-97.01203,33.09253],[-97.01175,33.09235],[-97.0115,33.09233],[-97.01118,33.0925],[-97.01048,33.09235],[-97.00989,33.0925],[-97.00928,33.09244],[-97.00768,33.0945],[-97.0076,33.0933],[-97.0061,33.09212],[-97.00552,33.09246],[-97.00566,33.09301],[-97.00501,33.09454],[-97.004,33.09375],[-97.00196,33.09545],[-96.99902,33.09675],[-96.99863,33.09801],[-97.0001,33.09284],[-96.9996,33.09237],[-96.99791,33.09143],[-96.99842,33.0932],[-96.99429,33.09289],[-96.99456,33.09175],[-96.99134,33.08762],[-96.98927,33.08791],[-96.98757,33.09042],[-96.99004,33.09247],[-96.98914,33.09336],[-96.98571,33.09138],[-96.98493,33.09312],[-96.98531,33.09491],[-96.9846,33.09864],[-96.98508,33.09983],[-96.9755,33.09996],[-96.96947,33.09999],[-96.96443,33.10003],[-96.96354,33.10004],[-96.9632,33.08993],[-96.96306,33.08588],[-96.96294,33.08302],[-96.96255,33.06975],[-96.95174,33.07198],[-96.94705,33.07185],[-96.93925,33.06946],[-96.93016,33.0739],[-96.9204,33.07863],[-96.91364,33.08171],[-96.90921,33.08025],[-96.9016,33.0787],[-96.90135,33.07494],[-96.90468,33.07467],[-96.90536,33.07294],[-96.90276,33.07298],[-96.90186,33.07051],[-96.90151,33.06822],[-96.89981,33.06841],[-96.90042,33.06684],[-96.90137,33.06529],[-96.90129,33.06065],[-96.90191,33.06036],[-96.90167,33.05928],[-96.89232,33.06368],[-96.88869,33.06518],[-96.88853,33.06528],[-96.87951,33.06938],[-96.87709,33.07015],[-96.87711,33.06987],[-96.87712,33.06974],[-96.87116,33.0697],[-96.87123,33.06527],[-96.866,33.06524],[-96.86583,33.06073],[-96.87433,33.06076],[-96.87454,33.05134],[-96.87543,33.04872],[-96.87736,33.04797],[-96.87731,33.04565],[-96.87869,33.04567],[-96.87867,33.04701],[-96.87896,33.04702],[-96.8823,33.04784],[-96.88543,33.04743],[-96.88693,33.04783],[-96.88694,33.05382],[-96.8923,33.05384],[-96.89254,33.05339],[-96.89262,33.04662],[-96.89259,33.0465],[-96.89309,33.04609],[-96.89292,33.04601],[-96.89255,33.04589],[-96.89254,33.04566],[-96.89252,33.04463],[-96.88817,33.04444],[-96.88807,33.04342],[-96.88776,33.03648],[-96.88774,33.02921],[-96.89335,33.02911],[-96.89331,33.02793],[-96.89497,33.02731],[-96.89934,33.02722],[-96.91524,33.0273],[-96.91555,33.02757],[-96.91742,33.02694],[-96.91753,33.02735],[-96.91725,33.02749],[-96.91744,33.02816],[-96.91653,33.02812],[-96.91554,33.03044],[-96.91474,33.03093],[-96.91234,33.03095],[-96.91224,33.03162],[-96.91111,33.03165],[-96.91051,33.03375],[-96.90981,33.03518],[-96.91856,33.03518],[-96.91856,33.03526],[-96.91854,33.03749],[-96.92396,33.03752],[-96.92714,33.03754],[-96.92712,33.04134],[-96.93161,33.04137],[-96.93159,33.03952],[-96.93601,33.03967],[-96.93594,33.03411],[-96.94374,33.03367],[-96.94445,33.03302],[-96.94463,33.02631],[-96.9449,33.02295],[-96.94427,33.02064],[-96.94623,33.01797],[-96.94989,33.01829],[-96.95069,33.0132],[-96.95065,33.01311],[-96.94894,33.01014],[-96.94968,33.00845],[-96.95142,33.00589],[-96.95008,33.005],[-96.94571,33.00646],[-96.94074,33.00561],[-96.93955,33.00459],[-96.93976,33.00461],[-96.94459,33.00465],[-96.94471,33.00301],[-96.95331,33.00308],[-96.95335,32.99994],[-96.95634,33.00009],[-96.94819,32.9943],[-96.94834,32.9938],[-96.94849,32.99365],[-96.94978,32.99113],[-96.9484,32.99087],[-96.95303,32.99065],[-96.95325,32.99527],[-96.95924,32.99543],[-96.95866,32.98901],[-96.95866,32.9857],[-96.95953,32.98572],[-96.96285,32.98673],[-96.96517,32.98839],[-96.9667,32.9883],[-96.96667,32.98908],[-96.96842,32.99086],[-96.97238,32.99097],[-96.97376,32.99071],[-96.97453,32.99209],[-96.98007,32.9892],[-96.98668,32.98546],[-96.98838,32.98515],[-96.99071,32.98519],[-96.9934,32.9858],[-96.99342,32.98717],[-96.99024,32.9864],[-96.99021,32.98929],[-96.99311,32.98932],[-96.99317,32.98944],[-96.99334,32.99339],[-97.00534,32.99329],[-97.00581,32.99325],[-97.00774,32.99157],[-97.01087,32.98943],[-97.0132,32.9873],[-97.01533,32.9879],[-97.01696,32.98775],[-97.01728,32.9864],[-97.01788,32.98613],[-97.01928,32.98703],[-97.01957,32.98952],[-97.02078,32.98954],[-97.02046,32.99046],[-97.02209,32.9917],[-97.0223,32.99364],[-97.02351,32.9933],[-97.02517,32.98958],[-97.02648,32.98832],[-97.02673,32.98787],[-97.0268,32.98741],[-97.02839,32.98742],[-97.02834,32.98961],[-97.02824,32.99894],[-97.02778,32.99908],[-97.02764,33.00967],[-97.02768,33.0135],[-97.03358,33.01347],[-97.03354,33.01689],[-97.03523,33.01689],[-97.03506,33.01803],[-97.03523,33.02075],[-97.03539,33.02076],[-97.03626,33.02076],[-97.0361,33.02625],[-97.03598,33.02717],[-97.03589,33.02772],[-97.03605,33.03246],[-97.03619,33.03559],[-97.0361,33.04221],[-97.03607,33.04252],[-97.04296,33.04257],[-97.04457,33.04227],[-97.04453,33.04964],[-97.04463,33.06051],[-97.04447,33.06538],[-97.04456,33.07033],[-97.04576,33.07154],[-97.04601,33.07154],[-97.04853,33.07155],[-97.05788,33.07159],[-97.06186,33.07257],[-97.06576,33.07362],[-97.07781,33.07372],[-97.08163,33.07227],[-97.08344,33.07201],[-97.08795,33.07203],[-97.08781,33.07516],[-97.08576,33.07846],[-97.08571,33.08104],[-97.08437,33.08109],[-97.0857,33.08213],[-97.08543,33.09162],[-97.08687,33.09423],[-97.08603,33.09805],[-97.08606,33.10229],[-97.08119,33.10291],[-97.07998,33.10198],[-97.08049,33.10294],[-97.07819,33.10324],[-97.0777,33.10463],[-97.07807,33.10955],[-97.07962,33.11032],[-97.07946,33.1172],[-97.07922,33.11771],[-97.07441,33.11445],[-97.06835,33.10964],[-97.06748,33.10896],[-97.06099,33.10352],[-97.0578,33.1009],[-97.05668,33.10003],[-97.05443,33.10003],[-97.04361,33.09996],[-97.02894,33.09988],[-97.02802,33.1003],[-97.02782,33.10031],[-97.02667,33.1003],[-97.02394,33.10028],[-97.02134,33.10023]],[[-96.88676,33.05984],[-96.88541,33.05991],[-96.88562,33.06045],[-96.88301,33.06059],[-96.88589,33.06063],[-96.88676,33.05984]]]]}},{"type":"Feature","properties":{"name":"GoZone Frisco","boundary_type":"zone_approx","source":"Manual approximation","fidelity":"approximate","updated":"2026-09","units":"buffer 4.16 km @ 33.1500,-96.8200; clipped to Frisco city","note":"Service zone is ~21 sq mi within Frisco city limits, not the full city (DCTA GoZone Frisco, dcta.net) \u2014 circle clipped to city boundary.","confidence":0.85},"geometry":{"type":"Polygon","coordinates":[[[-96.77604,33.14351],[-96.77689,33.14033],[-96.77806,33.13722],[-96.77955,33.13421],[-96.78135,33.13132],[-96.78344,33.12857],[-96.78581,33.12598],[-96.78844,33.12358],[-96.79131,33.12137],[-96.7944,33.11939],[-96.79768,33.11764],[-96.80114,33.11613],[-96.80473,33.11488],[-96.80845,33.1139],[-96.81225,33.1132],[-96.81611,33.11277],[-96.82,33.11263],[-96.82389,33.11277],[-96.82775,33.1132],[-96.83155,33.1139],[-96.83527,33.11488],[-96.83886,33.11613],[-96.84232,33.11764],[-96.8456,33.11939],[-96.84869,33.12137],[-96.85156,33.12358],[-96.85419,33.12598],[-96.85656,33.12857],[-96.85865,33.13132],[-96.86045,33.13421],[-96.86194,33.13722],[-96.86311,33.14033],[-96.86396,33.14351],[-96.86446,33.14674],[-96.86463,33.15],[-96.86446,33.15326],[-96.86396,33.15649],[-96.86311,33.15967],[-96.86194,33.16278],[-96.86045,33.16579],[-96.85865,33.16868],[-96.85656,33.17143],[-96.85419,33.17402],[-96.85156,33.17642],[-96.84869,33.17863],[-96.8456,33.18061],[-96.84232,33.18236],[-96.83886,33.18387],[-96.83527,33.18512],[-96.83155,33.1861],[-96.82775,33.1868],[-96.82389,33.18723],[-96.82,33.18737],[-96.81611,33.18723],[-96.81225,33.1868],[-96.80845,33.1861],[-96.80473,33.18512],[-96.80114,33.18387],[-96.79768,33.18236],[-96.7944,33.18061],[-96.79131,33.17863],[-96.78844,33.17642],[-96.78581,33.17402],[-96.78344,33.17143],[-96.78135,33.16868],[-96.77955,33.16579],[-96.77806,33.16278],[-96.77689,33.15967],[-96.77604,33.15649],[-96.77554,33.15326],[-96.77537,33.15],[-96.77554,33.14674],[-96.77604,33.14351]]]}},{"type":"Feature","properties":{"name":"Harris County Transit Plus","boundary_type":"zone_approx","source":"Manual approximation","fidelity":"approximate","updated":"2026-09","units":"buffer 2.72 km @ 29.9050,-95.2630; buffer 2.72 km @ 29.8400,-95.1970; clipped to Harris County","note":"Two curb-to-curb microtransit zones along the NE quadrant of Beltway 8 (Sam Houston Tollway) near Generation Park: North Zone from US-59/Eastex Fwy to the NE Beltway 8 bend, South Zone from that bend to Wallisville Rd, each extending about 0.75 mi either side of the highway. No published sq-mi figure; zone centers/radius are estimated from the corridor description and clipped to Harris County. See https://transit.harriscountytx.gov/Transit-Plus and https://www.masstransitmag.com/alt-mobility/shared-mobility/car-sharing/press-release/21230063/harris-county-texas-community-services-department-harris-county-transit-launches-on-demand-transportation","confidence":0.5},"geometry":{"type":"MultiPolygon","coordinates":[[[[-95.17053,29.83164],[-95.17147,29.82967],[-95.17261,29.82778],[-95.17393,29.82599],[-95.17542,29.82429],[-95.17708,29.82272],[-95.17889,29.82128],[-95.18084,29.81998],[-95.18292,29.81884],[-95.1851,29.81786],[-95.18737,29.81704],[-95.18971,29.8164],[-95.19211,29.81594],[-95.19454,29.81566],[-95.197,29.81557],[-95.19946,29.81566],[-95.20189,29.81594],[-95.20429,29.8164],[-95.20663,29.81704],[-95.2089,29.81786],[-95.21108,29.81884],[-95.21316,29.81998],[-95.21511,29.82128],[-95.21692,29.82272],[-95.21858,29.82429],[-95.22007,29.82599],[-95.22139,29.82778],[-95.22253,29.82967],[-95.22347,29.83164],[-95.22421,29.83368],[-95.22474,29.83576],[-95.22506,29.83787],[-95.22517,29.84],[-95.22506,29.84213],[-95.22474,29.84424],[-95.22421,29.84632],[-95.22347,29.84836],[-95.22253,29.85033],[-95.22139,29.85222],[-95.22007,29.85401],[-95.21858,29.85571],[-95.21692,29.85728],[-95.21511,29.85872],[-95.21316,29.86002],[-95.21108,29.86116],[-95.2089,29.86214],[-95.20663,29.86296],[-95.20429,29.8636],[-95.20189,29.86406],[-95.19946,29.86434],[-95.197,29.86443],[-95.19454,29.86434],[-95.19211,29.86406],[-95.18971,29.8636],[-95.18737,29.86296],[-95.1851,29.86214],[-95.18292,29.86116],[-95.18084,29.86002],[-95.17889,29.85872],[-95.17708,29.85728],[-95.17542,29.85571],[-95.17393,29.85401],[-95.17261,29.85222],[-95.17147,29.85033],[-95.17053,29.84836],[-95.16979,29.84632],[-95.16926,29.84424],[-95.16894,29.84213],[-95.16883,29.84],[-95.16894,29.83787],[-95.16926,29.83576],[-95.16979,29.83368],[-95.17053,29.83164]]],[[[-95.23651,29.89664],[-95.23745,29.89467],[-95.23859,29.89278],[-95.23991,29.89099],[-95.24141,29.88929],[-95.24307,29.88772],[-95.24488,29.88628],[-95.24683,29.88498],[-95.24891,29.88384],[-95.25109,29.88286],[-95.25336,29.88204],[-95.2557,29.8814],[-95.25811,29.88094],[-95.26054,29.88066],[-95.263,29.88057],[-95.26546,29.88066],[-95.26789,29.88094],[-95.2703,29.8814],[-95.27264,29.88204],[-95.27491,29.88286],[-95.27709,29.88384],[-95.27917,29.88498],[-95.28112,29.88628],[-95.28293,29.88772],[-95.28459,29.88929],[-95.28609,29.89099],[-95.28741,29.89278],[-95.28855,29.89467],[-95.28949,29.89664],[-95.29023,29.89868],[-95.29076,29.90076],[-95.29108,29.90287],[-95.29119,29.905],[-95.29108,29.90713],[-95.29076,29.90924],[-95.29023,29.91132],[-95.28949,29.91336],[-95.28855,29.91533],[-95.28741,29.91722],[-95.28609,29.91901],[-95.28459,29.92071],[-95.28293,29.92228],[-95.28112,29.92372],[-95.27917,29.92502],[-95.27709,29.92616],[-95.27491,29.92714],[-95.27264,29.92796],[-95.2703,29.9286],[-95.26789,29.92906],[-95.26546,29.92934],[-95.263,29.92943],[-95.26054,29.92934],[-95.25811,29.92906],[-95.2557,29.9286],[-95.25336,29.92796],[-95.25109,29.92714],[-95.24891,29.92616],[-95.24683,29.92502],[-95.24488,29.92372],[-95.24307,29.92228],[-95.24141,29.92071],[-95.23991,29.91901],[-95.23859,29.91722],[-95.23745,29.91533],[-95.23651,29.91336],[-95.23577,29.91132],[-95.23524,29.90924],[-95.23492,29.90713],[-95.23481,29.905],[-95.23492,29.90287],[-95.23524,29.90076],[-95.23577,29.89868],[-95.23651,29.89664]]]]}},{"type":"Feature","properties":{"name":"Highland Park On-Demand","boundary_type":"buffered","source":"Census TIGER unit + service radius","fidelity":"approximate","updated":"2026-09","units":"Highland Park town; +1.609 km radius","note":"Town of Highland Park plus 1-mile radius to Mockingbird Station","confidence":0.9},"geometry":{"type":"Polygon","coordinates":[[[-96.83615,32.83929],[-96.83519,32.84205],[-96.83361,32.8446],[-96.83145,32.84683],[-96.82881,32.84866],[-96.82579,32.85002],[-96.82251,32.85084],[-96.81911,32.85111],[-96.81563,32.85109],[-96.81488,32.85133],[-96.8137,32.85247],[-96.81099,32.85421],[-96.80793,32.85547],[-96.80605,32.85588],[-96.80482,32.85638],[-96.80163,32.8574],[-96.79842,32.85813],[-96.79511,32.85833],[-96.79182,32.85799],[-96.78866,32.85712],[-96.78576,32.85576],[-96.7833,32.85402],[-96.78059,32.85284],[-96.77793,32.85105],[-96.7776,32.85071],[-96.77473,32.85002],[-96.77176,32.84873],[-96.76914,32.84699],[-96.76697,32.84486],[-96.76533,32.84241],[-96.76428,32.83975],[-96.76387,32.83696],[-96.76375,32.83313],[-96.76401,32.83024],[-96.76495,32.82744],[-96.76654,32.82486],[-96.76871,32.8226],[-96.77389,32.81819],[-96.7762,32.81621],[-96.77633,32.8161],[-96.77869,32.81413],[-96.77909,32.81375],[-96.77959,32.81311],[-96.78196,32.81108],[-96.78477,32.80948],[-96.78741,32.80854],[-96.78871,32.80749],[-96.79189,32.80586],[-96.79541,32.80485],[-96.79911,32.80449],[-96.79934,32.80449],[-96.79943,32.80449],[-96.79974,32.80449],[-96.80192,32.80461],[-96.80216,32.80463],[-96.80548,32.80527],[-96.80683,32.80578],[-96.80877,32.80627],[-96.80893,32.80621],[-96.81205,32.80555],[-96.81526,32.80539],[-96.81845,32.80573],[-96.82151,32.80657],[-96.82433,32.80788],[-96.82681,32.8096],[-96.82891,32.81135],[-96.82904,32.81147],[-96.8297,32.81206],[-96.83089,32.81317],[-96.83276,32.81528],[-96.83414,32.81764],[-96.83499,32.82017],[-96.83528,32.82278],[-96.83522,32.8233],[-96.83591,32.82514],[-96.83627,32.82788],[-96.83644,32.83642],[-96.83615,32.83929]]]}},{"type":"Feature","properties":{"name":"Houston Community Connector","boundary_type":"city","source":"Census TIGER place","fidelity":"approximate","updated":"2026-09","units":"Houston city","note":"Service zone covers specific neighborhoods: Second Ward, Third Ward, The Heights, Downtown Houston.","confidence":0.8},"geometry":{"type":"MultiPolygon","coordinates":[[[[-95.75133,29.72054],[-95.75006,29.72164],[-95.74775,29.71896],[-95.74837,29.71829],[-95.75143,29.72044],[-95.75133,29.72054]]],[[[-95.81975,29.71442],[-95.81598,29.71456],[-95.81557,29.71672],[-95.81685,29.71904],[-95.8171,29.72388],[-95.8166,29.72244],[-95.81639,29.71847],[-95.81433,29.71682],[-95.81199,29.71636],[-95.81188,29.71646],[-95.81144,29.71771],[-95.81065,29.71954],[-95.80941,29.71846],[-95.80601,29.7215],[-95.80123,29.72574],[-95.79998,29.72687],[-95.79922,29.72623],[-95.80042,29.72512],[-95.80106,29.72561],[-95.8114,29.71661],[-95.80667,29.7125],[-95.80611,29.71299],[-95.8051,29.7126],[-95.80458,29.71305],[-95.80379,29.71094],[-95.80473,29.71067],[-95.80602,29.71179],[-95.8061,29.71171],[-95.81156,29.71649],[-95.81261,29.71555],[-95.81542,29.7054],[-95.81563,29.7054],[-95.81403,29.71132],[-95.81443,29.71475],[-95.81709,29.71417],[-95.81961,29.71428],[-95.82187,29.715],[-95.82408,29.71624],[-95.82697,29.71645],[-95.83176,29.71548],[-95.83141,29.71327],[-95.83038,29.71105],[-95.83023,29.71048],[-95.83068,29.70841],[-95.8303,29.70761],[-95.83015,29.70701],[-95.8301,29.70581],[-95.8302,29.70581],[-95.83112,29.70579],[-95.83039,29.7072],[-95.83088,29.70821],[-95.8309,29.70901],[-95.83048,29.70999],[-95.83054,29.71096],[-95.83186,29.71403],[-95.83195,29.71561],[-95.83185,29.71561],[-95.83026,29.71581],[-95.82846,29.71625],[-95.82627,29.71665],[-95.8246,29.71651],[-95.81975,29.71442]]],[[[-95.81776,29.72517],[-95.81906,29.72641],[-95.82017,29.72537],[-95.82104,29.72592],[-95.81984,29.72712],[-95.81057,29.73422],[-95.81414,29.73687],[-95.81179,29.73898],[-95.80834,29.73607],[-95.80792,29.73491],[-95.80922,29.73485],[-95.81048,29.73415],[-95.81035,29.73403],[-95.81424,29.73062],[-95.8188,29.72654],[-95.81757,29.72528],[-95.8171,29.72388],[-95.81776,29.72517]]],[[[-95.76816,29.74622],[-95.76666,29.74576],[-95.76665,29.74418],[-95.76851,29.74416],[-95.76846,29.74525],[-95.76816,29.74622]]],[[[-95.86706,29.77691],[-95.86527,29.77699],[-95.85793,29.7771],[-95.8579,29.7761],[-95.85783,29.77268],[-95.86699,29.77265],[-95.86706,29.77691]]],[[[-95.80675,29.83135],[-95.80683,29.83137],[-95.80683,29.83143],[-95.80691,29.84586],[-95.80675,29.83135]]],[[[-95.80774,29.92283],[-95.80773,29.92228],[-95.80772,29.92183],[-95.80771,29.92132],[-95.8077,29.92055],[-95.80768,29.91913],[-95.80766,29.91783],[-95.80764,29.91604],[-95.80764,29.91555],[-95.80764,29.91552],[-95.80764,29.91549],[-95.80764,29.91542],[-95.80758,29.91037],[-95.8075,29.90413],[-95.8075,29.90397],[-95.8075,29.9039],[-95.80747,29.90017],[-95.80747,29.89997],[-95.80747,29.89977],[-95.80741,29.89486],[-95.80736,29.88946],[-95.80734,29.88678],[-95.80727,29.88093],[-95.8072,29.87492],[-95.80724,29.87492],[-95.80775,29.92183],[-95.80784,29.92545],[-95.80793,29.92545],[-95.80846,29.94898],[-95.80853,29.94898],[-95.80855,29.95005],[-95.80862,29.95716],[-95.80852,29.95006],[-95.80843,29.94901],[-95.80784,29.92548],[-95.80781,29.92548],[-95.80779,29.92461],[-95.80774,29.92283]]],[[[-95.50531,29.93684],[-95.50609,29.93518],[-95.504,29.93523],[-95.49949,29.93525],[-95.49949,29.9369],[-95.49784,29.93692],[-95.49783,29.93503],[-95.49764,29.93358],[-95.49689,29.93204],[-95.49253,29.9281],[-95.49167,29.92858],[-95.49053,29.92465],[-95.49163,29.92369],[-95.49201,29.92276],[-95.49256,29.92188],[-95.48909,29.91928],[-95.48957,29.91873],[-95.48406,29.91529],[-95.48406,29.91406],[-95.47981,29.91406],[-95.4815,29.91788],[-95.48173,29.91954],[-95.48159,29.91955],[-95.4816,29.92068],[-95.47911,29.92069],[-95.47908,29.91961],[-95.48139,29.91955],[-95.48115,29.91788],[-95.47965,29.91488],[-95.4795,29.91321],[-95.47517,29.91184],[-95.47514,29.91023],[-95.47829,29.91023],[-95.48018,29.91026],[-95.48024,29.90975],[-95.48076,29.91122],[-95.4833,29.91304],[-95.4883,29.91218],[-95.48829,29.91466],[-95.49379,29.91766],[-95.49532,29.9149],[-95.49574,29.91491],[-95.49575,29.91613],[-95.49662,29.91822],[-95.49508,29.91857],[-95.49618,29.91907],[-95.49604,29.92044],[-95.49951,29.9203],[-95.49952,29.92132],[-95.49879,29.92366],[-95.49949,29.92437],[-95.49953,29.92423],[-95.49961,29.92189],[-95.5015,29.92187],[-95.50224,29.92418],[-95.50529,29.92429],[-95.50975,29.92528],[-95.50929,29.92407],[-95.51158,29.92437],[-95.51398,29.92526],[-95.51398,29.92533],[-95.5071,29.92553],[-95.50772,29.92807],[-95.50472,29.92803],[-95.50744,29.93019],[-95.51004,29.93014],[-95.51599,29.93503],[-95.52081,29.935],[-95.52152,29.93628],[-95.51541,29.93649],[-95.51478,29.9365],[-95.51531,29.9369],[-95.51518,29.93691],[-95.5146,29.9365],[-95.50531,29.93684]],[[-95.49792,29.92439],[-95.49785,29.92543],[-95.49773,29.92303],[-95.49634,29.92329],[-95.49391,29.92122],[-95.49192,29.92387],[-95.49264,29.92783],[-95.49605,29.93094],[-95.49793,29.9305],[-95.49791,29.92955],[-95.49945,29.93084],[-95.50284,29.93083],[-95.50338,29.92827],[-95.50131,29.9267],[-95.50233,29.9267],[-95.49949,29.92437],[-95.49792,29.92439]],[[-95.50496,29.92618],[-95.50586,29.92618],[-95.50439,29.92447],[-95.50254,29.92449],[-95.50233,29.92536],[-95.50379,29.9255],[-95.50497,29.92717],[-95.50496,29.92618]]],[[[-95.52055,29.94983],[-95.5252,29.95],[-95.52078,29.95027],[-95.52471,29.95612],[-95.52292,29.95713],[-95.52349,29.95546],[-95.52249,29.95326],[-95.51708,29.95623],[-95.51602,29.95475],[-95.51481,29.95542],[-95.51374,29.95395],[-95.51905,29.951],[-95.51795,29.94945],[-95.52013,29.94979],[-95.51971,29.94922],[-95.51639,29.94449],[-95.51638,29.94396],[-95.51638,29.94052],[-95.51661,29.94052],[-95.51835,29.93931],[-95.51638,29.93797],[-95.51638,29.93794],[-95.51658,29.93795],[-95.51741,29.93851],[-95.51938,29.94005],[-95.52012,29.94057],[-95.52021,29.94057],[-95.5215,29.94152],[-95.52136,29.94163],[-95.51957,29.94266],[-95.52011,29.94307],[-95.52227,29.94209],[-95.52561,29.94455],[-95.52323,29.94506],[-95.524,29.9464],[-95.51905,29.94646],[-95.5182,29.94698],[-95.52026,29.94922],[-95.52055,29.94983]]],[[[-95.60407,29.95235],[-95.60484,29.95234],[-95.6047,29.95363],[-95.60422,29.95483],[-95.60407,29.95235]]],[[[-95.72471,30.0092],[-95.72464,30.00575],[-95.72469,30.00495],[-95.72462,30.00397],[-95.72469,30.00338],[-95.7246,30.00111],[-95.72463,29.99939],[-95.72431,29.99675],[-95.72024,29.98766],[-95.72027,29.98765],[-95.72454,29.99692],[-95.72464,29.99751],[-95.72471,30.00307],[-95.72477,30.01282],[-95.72497,30.022],[-95.72487,30.02951],[-95.72479,30.02952],[-95.72785,30.0448],[-95.72475,30.02952],[-95.72477,30.02195],[-95.72494,30.02087],[-95.7247,30.01047],[-95.72471,30.01031],[-95.72471,30.0092]]],[[[-95.62125,30.04599],[-95.62125,30.04596],[-95.63048,30.04578],[-95.6598,30.04506],[-95.63049,30.04581],[-95.62125,30.04599]]],[[[-95.61349,30.04784],[-95.61178,30.04555],[-95.61298,30.04494],[-95.61474,30.0476],[-95.61377,30.04807],[-95.61349,30.04784]]],[[[-95.8743,30.06565],[-95.87386,30.03806],[-95.84563,30.0275],[-95.84551,30.02747],[-95.84552,30.02744],[-95.85531,30.03095],[-95.85533,30.03094],[-95.85714,30.03164],[-95.85731,30.03177],[-95.8739,30.03804],[-95.87398,30.04235],[-95.874,30.04292],[-95.87407,30.04566],[-95.87407,30.04628],[-95.87407,30.047],[-95.87407,30.04728],[-95.87407,30.04759],[-95.87407,30.04776],[-95.87407,30.04828],[-95.87407,30.04974],[-95.87411,30.05098],[-95.87411,30.05109],[-95.87417,30.0534],[-95.87417,30.05366],[-95.87418,30.05388],[-95.8742,30.05465],[-95.87422,30.05519],[-95.87421,30.0558],[-95.87426,30.05927],[-95.8743,30.06185],[-95.87431,30.06197],[-95.87432,30.06552],[-95.87432,30.06565],[-95.87451,30.07665],[-95.87776,30.07662],[-95.87787,30.08081],[-95.89168,30.08061],[-95.89195,30.09524],[-95.90941,30.0951],[-95.89192,30.09527],[-95.89165,30.08064],[-95.87784,30.08084],[-95.87773,30.07665],[-95.87448,30.07667],[-95.8743,30.06565]]],[[[-95.54655,30.09351],[-95.54568,30.09352],[-95.54243,30.09625],[-95.54399,30.09758],[-95.54169,30.10025],[-95.54552,30.10365],[-95.54677,30.10525],[-95.55366,30.11141],[-95.55466,30.11358],[-95.55571,30.114],[-95.55471,30.11553],[-95.55404,30.12572],[-95.55516,30.12577],[-95.55783,30.12975],[-95.55781,30.13139],[-95.55356,30.13145],[-95.55358,30.1311],[-95.55133,30.13111],[-95.55351,30.1302],[-95.55391,30.12429],[-95.55253,30.12322],[-95.55344,30.12183],[-95.55434,30.11358],[-95.55328,30.1115],[-95.54657,30.10558],[-95.5453,30.1038],[-95.53536,30.09516],[-95.52525,30.08556],[-95.51593,30.08464],[-95.51635,30.08295],[-95.51844,30.08161],[-95.51577,30.07907],[-95.51153,30.07908],[-95.51152,30.07411],[-95.50735,30.07411],[-95.50735,30.07047],[-95.50688,30.07047],[-95.50688,30.07274],[-95.50396,30.07276],[-95.50397,30.07409],[-95.50318,30.07409],[-95.50306,30.07506],[-95.49675,30.07559],[-95.49682,30.07405],[-95.49683,30.07333],[-95.49867,30.07342],[-95.49869,30.07106],[-95.49994,30.07029],[-95.4999,30.0739],[-95.50093,30.07391],[-95.5009,30.06971],[-95.5041,30.06774],[-95.50585,30.06724],[-95.49671,30.05996],[-95.49604,30.05905],[-95.4944,30.0549],[-95.49269,30.05077],[-95.47789,30.05902],[-95.47736,30.05928],[-95.47735,30.05919],[-95.47726,30.05925],[-95.4765,30.05279],[-95.47494,30.05031],[-95.47283,30.04916],[-95.46856,30.05144],[-95.46771,30.0517],[-95.46771,30.053],[-95.4685,30.05467],[-95.46729,30.05283],[-95.46288,30.05345],[-95.46228,30.05262],[-95.46336,30.0522],[-95.46801,30.05146],[-95.4698,30.0506],[-95.47383,30.04843],[-95.47614,30.04716],[-95.48182,30.04399],[-95.48831,30.04037],[-95.48849,30.04029],[-95.49289,30.03789],[-95.4899,30.03364],[-95.48969,30.03308],[-95.4897,30.03203],[-95.48504,30.02541],[-95.48515,30.02539],[-95.48973,30.03168],[-95.49006,30.03355],[-95.49282,30.03736],[-95.49422,30.03659],[-95.4939,30.03614],[-95.49529,30.03532],[-95.49706,30.03427],[-95.49766,30.03538],[-95.49584,30.03637],[-95.49542,30.03659],[-95.49401,30.03864],[-95.49347,30.03786],[-95.49224,30.03855],[-95.4928,30.03931],[-95.49048,30.04058],[-95.48865,30.04051],[-95.47834,30.04614],[-95.47688,30.04693],[-95.47437,30.04904],[-95.47679,30.05288],[-95.47705,30.05355],[-95.47714,30.054],[-95.47726,30.05472],[-95.47724,30.05726],[-95.47843,30.05749],[-95.47879,30.05816],[-95.4804,30.05726],[-95.49272,30.05032],[-95.49097,30.04603],[-95.49076,30.04554],[-95.49339,30.04463],[-95.4953,30.04729],[-95.49482,30.04754],[-95.49572,30.0488],[-95.49833,30.04736],[-95.49939,30.04677],[-95.49996,30.04756],[-95.49669,30.04937],[-95.49414,30.05342],[-95.49469,30.0548],[-95.49656,30.05927],[-95.50162,30.06345],[-95.50854,30.06927],[-95.5121,30.07042],[-95.51512,30.07334],[-95.51711,30.07265],[-95.51695,30.07408],[-95.51898,30.07406],[-95.51898,30.07299],[-95.51989,30.07278],[-95.52119,30.07234],[-95.52157,30.07387],[-95.52158,30.07405],[-95.52276,30.07404],[-95.52271,30.073],[-95.52601,30.07299],[-95.52602,30.07379],[-95.53452,30.07305],[-95.55012,30.07289],[-95.55106,30.07298],[-95.55337,30.07347],[-95.55456,30.07392],[-95.55632,30.07484],[-95.56063,30.07096],[-95.5584,30.07352],[-95.56027,30.0751],[-95.55862,30.07658],[-95.56425,30.08166],[-95.55467,30.08675],[-95.55331,30.08783],[-95.55202,30.08913],[-95.55017,30.09075],[-95.54952,30.09126],[-95.54655,30.09351]],[[-95.55199,30.07344],[-95.54922,30.07317],[-95.53472,30.07339],[-95.53468,30.0742],[-95.53227,30.07411],[-95.53227,30.0735],[-95.52817,30.07394],[-95.52826,30.07777],[-95.52597,30.07778],[-95.52595,30.07512],[-95.52081,30.07517],[-95.52082,30.07788],[-95.51737,30.07789],[-95.52545,30.08553],[-95.52794,30.08581],[-95.52825,30.08588],[-95.52825,30.08657],[-95.52824,30.08803],[-95.5358,30.09528],[-95.53911,30.09808],[-95.5409,30.09752],[-95.5455,30.09343],[-95.54657,30.09341],[-95.54946,30.0912],[-95.5495,30.09124],[-95.55359,30.0875],[-95.55465,30.08673],[-95.56345,30.08205],[-95.56308,30.08078],[-95.56197,30.08073],[-95.55969,30.07885],[-95.55862,30.08013],[-95.55434,30.07665],[-95.55599,30.07508],[-95.55199,30.07344]]],[[[-95.48712,29.54551],[-95.48675,29.54219],[-95.48266,29.53597],[-95.47946,29.5368],[-95.47845,29.53655],[-95.47844,29.53566],[-95.47779,29.53562],[-95.46659,29.53584],[-95.45536,29.53608],[-95.45023,29.53622],[-95.44971,29.53757],[-95.45081,29.53826],[-95.44955,29.53797],[-95.44887,29.53969],[-95.44979,29.53916],[-95.45087,29.5396],[-95.45603,29.53954],[-95.45692,29.53787],[-95.45763,29.53951],[-95.45868,29.53853],[-95.46415,29.53843],[-95.46418,29.53943],[-95.45605,29.53958],[-95.45026,29.53969],[-95.45035,29.54444],[-95.44675,29.545],[-95.44597,29.54702],[-95.44965,29.54694],[-95.4505,29.54878],[-95.45062,29.55417],[-95.45586,29.55398],[-95.45614,29.56853],[-95.4468,29.57011],[-95.44675,29.5674],[-95.4376,29.56754],[-95.44279,29.55442],[-95.44579,29.54699],[-95.45253,29.53005],[-95.45455,29.52504],[-95.45686,29.51922],[-95.45738,29.51903],[-95.45676,29.51999],[-95.45472,29.52506],[-95.45832,29.52501],[-95.45838,29.5269],[-95.45378,29.52743],[-95.45271,29.53013],[-95.45029,29.53608],[-95.45533,29.53599],[-95.46178,29.53586],[-95.46275,29.53407],[-95.46281,29.53583],[-95.46663,29.53573],[-95.46656,29.53211],[-95.46904,29.53208],[-95.46908,29.53325],[-95.46668,29.53329],[-95.46675,29.53574],[-95.47829,29.53548],[-95.48349,29.53567],[-95.48338,29.53178],[-95.48221,29.52965],[-95.48089,29.52863],[-95.48002,29.52752],[-95.47984,29.5271],[-95.47971,29.52657],[-95.47966,29.5261],[-95.4796,29.52381],[-95.47872,29.52069],[-95.47942,29.51891],[-95.47765,29.518],[-95.47761,29.51628],[-95.48038,29.51773],[-95.48433,29.51977],[-95.47991,29.51873],[-95.47904,29.52093],[-95.47988,29.52419],[-95.48008,29.52706],[-95.48039,29.52769],[-95.4832,29.53042],[-95.48366,29.53161],[-95.48378,29.53557],[-95.49225,29.53548],[-95.49233,29.53565],[-95.4839,29.53596],[-95.48414,29.53753],[-95.48426,29.53785],[-95.48697,29.54191],[-95.48712,29.54551]]],[[[-95.1798,29.54444],[-95.1813,29.54568],[-95.18043,29.54647],[-95.17895,29.54522],[-95.1798,29.54444]]],[[[-95.49391,29.55172],[-95.49535,29.55169],[-95.49538,29.55317],[-95.49394,29.5532],[-95.49391,29.55172]]],[[[-95.16994,29.80866],[-95.16953,29.8072],[-95.17187,29.80661],[-95.17333,29.80638],[-95.17342,29.80781],[-95.16994,29.80866]]],[[[-95.84581,29.69484],[-95.83668,29.6956],[-95.83672,29.69708],[-95.83224,29.69735],[-95.82803,29.69632],[-95.82815,29.69774],[-95.82773,29.69943],[-95.82654,29.6992],[-95.82623,29.69646],[-95.81782,29.69715],[-95.81658,29.70143],[-95.81569,29.70448],[-95.81557,29.70365],[-95.81503,29.70235],[-95.8138,29.70277],[-95.81283,29.70098],[-95.81068,29.70132],[-95.80931,29.70084],[-95.80836,29.70164],[-95.80757,29.70095],[-95.80826,29.69793],[-95.80511,29.69885],[-95.80542,29.6998],[-95.8008,29.7027],[-95.79982,29.70459],[-95.80019,29.7067],[-95.79886,29.70556],[-95.80061,29.70265],[-95.8043,29.7003],[-95.80354,29.69834],[-95.79147,29.69932],[-95.79287,29.70053],[-95.79126,29.70124],[-95.79025,29.69988],[-95.78841,29.70003],[-95.78782,29.70169],[-95.78549,29.70188],[-95.7864,29.70482],[-95.78848,29.70685],[-95.78678,29.70556],[-95.78593,29.70433],[-95.78537,29.70233],[-95.78427,29.70199],[-95.77928,29.70241],[-95.77873,29.70552],[-95.7762,29.70869],[-95.77488,29.71176],[-95.77795,29.71283],[-95.77934,29.71405],[-95.77797,29.71581],[-95.77624,29.71482],[-95.77386,29.71421],[-95.77841,29.71647],[-95.777,29.71769],[-95.77332,29.71689],[-95.77326,29.72471],[-95.77353,29.73356],[-95.77698,29.73443],[-95.77953,29.7369],[-95.77839,29.73864],[-95.78089,29.73995],[-95.77892,29.74252],[-95.77801,29.74317],[-95.77517,29.74408],[-95.77283,29.74415],[-95.76851,29.74416],[-95.76819,29.74213],[-95.76412,29.73654],[-95.76147,29.73657],[-95.76146,29.73459],[-95.75703,29.73461],[-95.7556,29.73439],[-95.75449,29.73634],[-95.75251,29.73819],[-95.75394,29.74087],[-95.75307,29.74075],[-95.75311,29.74219],[-95.75139,29.74221],[-95.75126,29.74051],[-95.75182,29.73892],[-95.75546,29.73436],[-95.75021,29.73402],[-95.74804,29.73466],[-95.74219,29.73845],[-95.74089,29.73896],[-95.73867,29.73931],[-95.73739,29.73853],[-95.73712,29.73747],[-95.74177,29.73676],[-95.74282,29.73797],[-95.74711,29.73494],[-95.74868,29.73426],[-95.75112,29.73374],[-95.75271,29.73373],[-95.75352,29.7308],[-95.75566,29.72996],[-95.7556,29.72681],[-95.75576,29.72683],[-95.75582,29.73326],[-95.75565,29.73423],[-95.75762,29.73448],[-95.76377,29.73441],[-95.76388,29.73316],[-95.76699,29.73314],[-95.76705,29.73207],[-95.76513,29.73073],[-95.76701,29.72837],[-95.76749,29.7267],[-95.76765,29.72288],[-95.76768,29.72593],[-95.76742,29.72779],[-95.76558,29.73047],[-95.77013,29.73361],[-95.77064,29.73246],[-95.77224,29.73266],[-95.77239,29.73083],[-95.77232,29.72405],[-95.77225,29.71787],[-95.77274,29.71416],[-95.76632,29.71412],[-95.7651,29.71527],[-95.76489,29.71534],[-95.76456,29.71428],[-95.76434,29.71372],[-95.76428,29.71355],[-95.7665,29.71295],[-95.76955,29.71323],[-95.77066,29.71176],[-95.77339,29.71242],[-95.7747,29.70973],[-95.77555,29.70644],[-95.77321,29.7041],[-95.76072,29.70518],[-95.74342,29.7066],[-95.72808,29.70813],[-95.72726,29.70811],[-95.72729,29.71366],[-95.73827,29.71407],[-95.73826,29.71553],[-95.73949,29.71534],[-95.74143,29.71686],[-95.7415,29.71833],[-95.74355,29.71784],[-95.74251,29.72098],[-95.74087,29.72099],[-95.74019,29.72303],[-95.74069,29.72369],[-95.74183,29.72373],[-95.74354,29.72339],[-95.74385,29.72325],[-95.74318,29.72245],[-95.74395,29.72166],[-95.74494,29.72166],[-95.74586,29.72292],[-95.7469,29.72437],[-95.74664,29.72497],[-95.74592,29.72637],[-95.7455,29.7241],[-95.74206,29.7259],[-95.74037,29.72794],[-95.73698,29.72604],[-95.73581,29.72734],[-95.73132,29.73485],[-95.73077,29.73587],[-95.7292,29.73538],[-95.72851,29.73663],[-95.72663,29.73923],[-95.72708,29.74128],[-95.72533,29.74367],[-95.72633,29.74503],[-95.72219,29.74509],[-95.71815,29.74799],[-95.71534,29.74886],[-95.71116,29.75216],[-95.70939,29.75397],[-95.7096,29.75535],[-95.71026,29.75894],[-95.70885,29.75643],[-95.70372,29.75933],[-95.70189,29.76121],[-95.70176,29.76268],[-95.70169,29.76269],[-95.69957,29.7627],[-95.69508,29.76766],[-95.69471,29.76941],[-95.69573,29.77245],[-95.69805,29.77269],[-95.69777,29.77431],[-95.69309,29.7742],[-95.68968,29.77304],[-95.68761,29.77353],[-95.6855,29.7756],[-95.68348,29.77755],[-95.68253,29.78128],[-95.68554,29.78127],[-95.68828,29.78128],[-95.68825,29.77747],[-95.69157,29.77744],[-95.69197,29.77822],[-95.68841,29.7786],[-95.68841,29.78118],[-95.6927,29.7812],[-95.69272,29.78316],[-95.69813,29.78319],[-95.69812,29.78204],[-95.7,29.78204],[-95.70001,29.78297],[-95.70192,29.78295],[-95.70193,29.78333],[-95.70725,29.78335],[-95.70726,29.7847],[-95.71148,29.78461],[-95.71147,29.78251],[-95.71247,29.78249],[-95.71256,29.77639],[-95.71566,29.77552],[-95.71874,29.77525],[-95.71801,29.77505],[-95.71873,29.77219],[-95.71833,29.76899],[-95.71638,29.766],[-95.71571,29.76429],[-95.71357,29.76229],[-95.71591,29.76246],[-95.71609,29.76424],[-95.71823,29.76815],[-95.71907,29.77088],[-95.72037,29.77088],[-95.72032,29.77382],[-95.71908,29.77383],[-95.71909,29.77524],[-95.71917,29.78185],[-95.72164,29.78185],[-95.72174,29.78313],[-95.7276,29.78336],[-95.7282,29.78135],[-95.73235,29.78349],[-95.7356,29.78136],[-95.73544,29.77935],[-95.7356,29.77936],[-95.73563,29.77625],[-95.73361,29.77594],[-95.7244,29.77597],[-95.7227,29.77581],[-95.72303,29.77457],[-95.72556,29.77473],[-95.73337,29.77578],[-95.73382,29.77419],[-95.73295,29.77246],[-95.73552,29.77285],[-95.75083,29.77252],[-95.75017,29.77207],[-95.74951,29.77007],[-95.74869,29.77048],[-95.74816,29.76693],[-95.75141,29.76689],[-95.75138,29.76558],[-95.75079,29.76559],[-95.75052,29.76329],[-95.74932,29.76168],[-95.74704,29.7586],[-95.75153,29.75855],[-95.75148,29.7548],[-95.75148,29.75471],[-95.75145,29.74647],[-95.75318,29.74752],[-95.75323,29.75117],[-95.75161,29.75118],[-95.75163,29.7547],[-95.75326,29.75451],[-95.7533,29.75842],[-95.75462,29.7584],[-95.75681,29.7588],[-95.75831,29.75889],[-95.7593,29.75878],[-95.75942,29.75933],[-95.75821,29.75942],[-95.7533,29.75896],[-95.75303,29.76407],[-95.75162,29.76405],[-95.75162,29.76442],[-95.75273,29.76441],[-95.75281,29.76945],[-95.75328,29.76932],[-95.75351,29.77173],[-95.75173,29.77206],[-95.75174,29.77251],[-95.75157,29.7725],[-95.75174,29.77275],[-95.75253,29.77371],[-95.75721,29.77372],[-95.75845,29.7741],[-95.75468,29.77475],[-95.75421,29.77676],[-95.75345,29.78228],[-95.75529,29.78259],[-95.75571,29.78405],[-95.75876,29.78403],[-95.76352,29.78357],[-95.76636,29.7842],[-95.76636,29.78429],[-95.76847,29.78447],[-95.76846,29.78275],[-95.77179,29.78272],[-95.77188,29.77902],[-95.77624,29.77559],[-95.77406,29.77313],[-95.77286,29.77068],[-95.77628,29.76963],[-95.77587,29.76731],[-95.7757,29.76311],[-95.77262,29.76193],[-95.77309,29.7589],[-95.77545,29.7568],[-95.77609,29.75679],[-95.77609,29.75661],[-95.77688,29.75661],[-95.77688,29.75647],[-95.77907,29.75652],[-95.77966,29.75659],[-95.78041,29.75674],[-95.78184,29.75726],[-95.78971,29.76382],[-95.7958,29.7584],[-95.79648,29.75778],[-95.79348,29.75522],[-95.79754,29.75166],[-95.79791,29.74989],[-95.79656,29.74872],[-95.7947,29.75039],[-95.79356,29.74943],[-95.79548,29.7477],[-95.797,29.74881],[-95.79791,29.74805],[-95.79971,29.74958],[-95.8003,29.74897],[-95.7952,29.74483],[-95.7937,29.74619],[-95.79097,29.74391],[-95.79225,29.74273],[-95.7952,29.74459],[-95.80057,29.74897],[-95.79977,29.74982],[-95.79995,29.75155],[-95.80119,29.7526],[-95.80013,29.75355],[-95.79858,29.75222],[-95.7981,29.75137],[-95.79374,29.75519],[-95.79667,29.75771],[-95.79585,29.75844],[-95.78954,29.76405],[-95.78206,29.7577],[-95.779,29.75678],[-95.77909,29.76013],[-95.7776,29.76144],[-95.77662,29.76229],[-95.77705,29.7693],[-95.7787,29.76922],[-95.7793,29.77194],[-95.78246,29.77214],[-95.78251,29.77503],[-95.78022,29.77504],[-95.78024,29.77794],[-95.78168,29.77747],[-95.78499,29.7776],[-95.785,29.78001],[-95.78924,29.77999],[-95.78925,29.7809],[-95.7986,29.78084],[-95.79861,29.77819],[-95.80045,29.77821],[-95.80044,29.77566],[-95.79855,29.77568],[-95.79854,29.77456],[-95.79334,29.77456],[-95.79333,29.77362],[-95.79273,29.77366],[-95.79273,29.77482],[-95.79211,29.77724],[-95.78934,29.77726],[-95.78934,29.77415],[-95.78838,29.77384],[-95.78837,29.77267],[-95.78797,29.77251],[-95.78798,29.77352],[-95.78659,29.7731],[-95.78659,29.77359],[-95.78501,29.7736],[-95.78498,29.77215],[-95.78496,29.76905],[-95.78771,29.77063],[-95.78839,29.77249],[-95.78838,29.77102],[-95.79207,29.77323],[-95.79366,29.7731],[-95.79484,29.7719],[-95.79313,29.77011],[-95.79593,29.77168],[-95.79541,29.77352],[-95.79646,29.77351],[-95.79916,29.77351],[-95.80161,29.7735],[-95.80168,29.77493],[-95.80175,29.78445],[-95.80141,29.78553],[-95.80139,29.78587],[-95.78511,29.78591],[-95.78513,29.78848],[-95.78788,29.78849],[-95.7879,29.79204],[-95.78516,29.79211],[-95.78513,29.79393],[-95.78384,29.79415],[-95.77738,29.79875],[-95.77642,29.79895],[-95.77602,29.79896],[-95.77567,29.80175],[-95.77703,29.80176],[-95.77694,29.79923],[-95.77888,29.80173],[-95.7842,29.80173],[-95.78558,29.80096],[-95.78671,29.8017],[-95.79296,29.80166],[-95.79948,29.80151],[-95.79944,29.79873],[-95.79984,29.79769],[-95.80182,29.79765],[-95.80184,29.80172],[-95.803,29.80171],[-95.80301,29.80453],[-95.80104,29.8018],[-95.79295,29.80192],[-95.78024,29.80205],[-95.77916,29.80199],[-95.77834,29.80195],[-95.77563,29.80197],[-95.77474,29.80207],[-95.77342,29.80949],[-95.77422,29.80949],[-95.77715,29.80947],[-95.77715,29.81705],[-95.77336,29.81708],[-95.77348,29.83149],[-95.76102,29.83157],[-95.75431,29.83156],[-95.75222,29.8316],[-95.75224,29.83169],[-95.7479,29.83175],[-95.74791,29.83281],[-95.74026,29.83288],[-95.74025,29.83189],[-95.73729,29.83134],[-95.72979,29.83121],[-95.72952,29.83121],[-95.72677,29.8312],[-95.71987,29.83117],[-95.71987,29.83107],[-95.70249,29.83112],[-95.70257,29.83796],[-95.70265,29.84368],[-95.70277,29.8444],[-95.70254,29.84443],[-95.7026,29.84515],[-95.7026,29.84521],[-95.70078,29.84523],[-95.70078,29.84647],[-95.70263,29.84651],[-95.70617,29.84649],[-95.70352,29.84825],[-95.70643,29.84906],[-95.70838,29.84874],[-95.71229,29.8495],[-95.71744,29.85206],[-95.71803,29.84794],[-95.71572,29.84718],[-95.71571,29.84628],[-95.71918,29.84579],[-95.71916,29.84726],[-95.71891,29.84912],[-95.72219,29.84913],[-95.71861,29.852],[-95.71861,29.8527],[-95.71792,29.85265],[-95.71764,29.853],[-95.71158,29.85005],[-95.70843,29.84948],[-95.70571,29.84978],[-95.70264,29.84892],[-95.70075,29.84867],[-95.69738,29.84681],[-95.69543,29.84659],[-95.69543,29.84518],[-95.70241,29.845],[-95.70217,29.83112],[-95.70231,29.83112],[-95.70233,29.83099],[-95.71762,29.831],[-95.71806,29.8254],[-95.71888,29.82539],[-95.71885,29.82431],[-95.71974,29.82288],[-95.71997,29.81739],[-95.71892,29.81492],[-95.71706,29.81495],[-95.71827,29.81212],[-95.72032,29.81216],[-95.72032,29.81081],[-95.71912,29.81016],[-95.72033,29.80982],[-95.7202,29.80467],[-95.71756,29.80125],[-95.71421,29.80123],[-95.71422,29.80031],[-95.71422,29.80018],[-95.71801,29.80018],[-95.71889,29.79392],[-95.71889,29.79338],[-95.71567,29.79269],[-95.71528,29.79065],[-95.71373,29.79124],[-95.71333,29.79131],[-95.71207,29.79139],[-95.71207,29.79277],[-95.70831,29.7929],[-95.70829,29.79923],[-95.70496,29.80031],[-95.70397,29.80031],[-95.70398,29.80204],[-95.70393,29.80762],[-95.70408,29.80763],[-95.70409,29.81183],[-95.70641,29.81161],[-95.70641,29.81399],[-95.70391,29.81399],[-95.704,29.81242],[-95.70383,29.81241],[-95.70383,29.80964],[-95.70379,29.8096],[-95.69312,29.80962],[-95.69898,29.80951],[-95.6989,29.80854],[-95.70158,29.80847],[-95.70159,29.80951],[-95.70385,29.80952],[-95.70385,29.80502],[-95.69304,29.80508],[-95.69309,29.80634],[-95.68725,29.80639],[-95.68728,29.81073],[-95.68827,29.81084],[-95.68811,29.81273],[-95.68674,29.81358],[-95.68674,29.82311],[-95.68679,29.82448],[-95.68692,29.82679],[-95.686,29.82896],[-95.68549,29.82948],[-95.68586,29.8289],[-95.68655,29.82757],[-95.68592,29.82674],[-95.68439,29.82573],[-95.68293,29.82428],[-95.68324,29.82404],[-95.68657,29.82404],[-95.68657,29.82311],[-95.68664,29.82209],[-95.68664,29.81291],[-95.68679,29.81227],[-95.68709,29.81106],[-95.68711,29.80644],[-95.68474,29.8064],[-95.68476,29.80819],[-95.68201,29.80818],[-95.68198,29.81208],[-95.68004,29.81209],[-95.67613,29.81211],[-95.67616,29.81465],[-95.67299,29.81469],[-95.67295,29.81317],[-95.66944,29.81312],[-95.66378,29.81316],[-95.66376,29.81667],[-95.6637,29.81667],[-95.66513,29.82186],[-95.66961,29.82547],[-95.6732,29.82547],[-95.67322,29.82705],[-95.67325,29.82893],[-95.66968,29.82894],[-95.66972,29.83094],[-95.68489,29.83097],[-95.68485,29.83111],[-95.67507,29.83111],[-95.6688,29.83103],[-95.66634,29.83101],[-95.66635,29.83378],[-95.66241,29.83377],[-95.6624,29.83124],[-95.66162,29.83133],[-95.65778,29.8337],[-95.65778,29.83534],[-95.65732,29.83534],[-95.6552,29.83513],[-95.65462,29.83536],[-95.65414,29.83637],[-95.65043,29.83599],[-95.65231,29.83556],[-95.65624,29.83436],[-95.65874,29.83251],[-95.65872,29.83057],[-95.65556,29.83058],[-95.65558,29.83248],[-95.65347,29.83249],[-95.65348,29.83058],[-95.64975,29.8306],[-95.64974,29.82931],[-95.64796,29.82931],[-95.64798,29.83062],[-95.64581,29.83064],[-95.64676,29.8328],[-95.64883,29.83381],[-95.64875,29.83599],[-95.64871,29.83599],[-95.64873,29.83781],[-95.6469,29.83781],[-95.64694,29.84036],[-95.64694,29.84071],[-95.64686,29.84071],[-95.6468,29.84279],[-95.64573,29.84284],[-95.64574,29.84358],[-95.6496,29.84356],[-95.64962,29.84571],[-95.65169,29.84568],[-95.65212,29.84568],[-95.6536,29.84568],[-95.65517,29.84598],[-95.65515,29.84651],[-95.65472,29.84735],[-95.65461,29.8479],[-95.65461,29.849],[-95.65463,29.85041],[-95.65262,29.8505],[-95.65259,29.84902],[-95.65442,29.84886],[-95.65443,29.84772],[-95.65506,29.84613],[-95.65212,29.84586],[-95.65169,29.84586],[-95.64963,29.84589],[-95.64827,29.84642],[-95.6483,29.84884],[-95.64714,29.84901],[-95.6468,29.85179],[-95.64561,29.8522],[-95.6456,29.85229],[-95.6452,29.85683],[-95.64634,29.8569],[-95.64634,29.85711],[-95.64641,29.85946],[-95.65034,29.86192],[-95.64985,29.86335],[-95.64709,29.86668],[-95.65132,29.86744],[-95.65226,29.86682],[-95.65367,29.86744],[-95.65711,29.86664],[-95.65653,29.8654],[-95.6593,29.86485],[-95.65928,29.86355],[-95.66325,29.86352],[-95.66318,29.86507],[-95.66025,29.86539],[-95.65682,29.86707],[-95.65481,29.86763],[-95.6542,29.86769],[-95.64624,29.86776],[-95.64624,29.86822],[-95.64774,29.86914],[-95.6475,29.87491],[-95.64813,29.87712],[-95.64978,29.87631],[-95.6547,29.87625],[-95.65803,29.87537],[-95.65806,29.8789],[-95.66373,29.87885],[-95.6657,29.87884],[-95.6681,29.87814],[-95.66811,29.87657],[-95.66826,29.87564],[-95.66903,29.87366],[-95.66913,29.86944],[-95.66921,29.86944],[-95.6692,29.86921],[-95.66973,29.8693],[-95.67028,29.86979],[-95.67106,29.86948],[-95.67105,29.86762],[-95.66918,29.86854],[-95.66822,29.8691],[-95.66767,29.86512],[-95.66766,29.86407],[-95.6693,29.86408],[-95.66987,29.86084],[-95.66968,29.85947],[-95.66832,29.85438],[-95.66822,29.8519],[-95.66822,29.85177],[-95.66684,29.85178],[-95.66684,29.84971],[-95.66821,29.84975],[-95.6682,29.84922],[-95.6652,29.84923],[-95.66465,29.84923],[-95.6635,29.84918],[-95.66159,29.84893],[-95.66158,29.85009],[-95.66099,29.85028],[-95.661,29.84893],[-95.66511,29.84864],[-95.66829,29.84861],[-95.67391,29.8486],[-95.67529,29.84764],[-95.6753,29.84861],[-95.68324,29.84854],[-95.68323,29.84868],[-95.684,29.84866],[-95.684,29.85019],[-95.68589,29.85036],[-95.68339,29.85339],[-95.68338,29.85641],[-95.68342,29.86408],[-95.68441,29.86517],[-95.6904,29.86513],[-95.69225,29.86479],[-95.69195,29.86354],[-95.69798,29.86351],[-95.70286,29.864],[-95.70193,29.86474],[-95.70236,29.86474],[-95.7033,29.86397],[-95.70625,29.86424],[-95.70627,29.86399],[-95.70848,29.86323],[-95.71389,29.86277],[-95.71535,29.8616],[-95.71518,29.85942],[-95.71843,29.85922],[-95.71861,29.85348],[-95.71861,29.85318],[-95.71977,29.85605],[-95.71861,29.85609],[-95.71877,29.85743],[-95.71915,29.85843],[-95.7216,29.85842],[-95.72251,29.86082],[-95.72145,29.86107],[-95.72166,29.86663],[-95.72042,29.8667],[-95.7204,29.86356],[-95.71839,29.86358],[-95.71796,29.86185],[-95.7111,29.86434],[-95.71107,29.865],[-95.71047,29.86451],[-95.70837,29.86516],[-95.70607,29.86513],[-95.70596,29.86511],[-95.70564,29.86602],[-95.70411,29.86568],[-95.70042,29.86565],[-95.70031,29.86483],[-95.69992,29.8659],[-95.69618,29.86593],[-95.69599,29.86485],[-95.69189,29.86514],[-95.68495,29.86546],[-95.68496,29.86775],[-95.68329,29.86796],[-95.6833,29.86583],[-95.68049,29.86584],[-95.67459,29.86587],[-95.67247,29.86697],[-95.67251,29.86989],[-95.67169,29.87016],[-95.67168,29.8698],[-95.6706,29.86996],[-95.66948,29.8696],[-95.66946,29.87319],[-95.6684,29.87804],[-95.6718,29.87803],[-95.67289,29.87802],[-95.68318,29.87831],[-95.68316,29.87362],[-95.68316,29.87186],[-95.6833,29.87195],[-95.68329,29.87091],[-95.6835,29.87976],[-95.68857,29.87977],[-95.70116,29.8797],[-95.70113,29.87735],[-95.70358,29.87734],[-95.70358,29.87854],[-95.7062,29.87852],[-95.70621,29.87964],[-95.71526,29.87959],[-95.71549,29.87863],[-95.71936,29.87845],[-95.71935,29.8769],[-95.72238,29.87491],[-95.72305,29.87559],[-95.72564,29.87846],[-95.72898,29.87845],[-95.72898,29.87786],[-95.73189,29.87785],[-95.73517,29.87783],[-95.73523,29.87965],[-95.73189,29.87966],[-95.72907,29.87967],[-95.72684,29.87969],[-95.72714,29.88174],[-95.72409,29.88211],[-95.7235,29.88389],[-95.72218,29.88548],[-95.71889,29.88909],[-95.71836,29.89229],[-95.71737,29.89231],[-95.7173,29.89057],[-95.7172,29.89057],[-95.71716,29.88825],[-95.71963,29.88606],[-95.72032,29.88657],[-95.72284,29.88197],[-95.72153,29.88069],[-95.71585,29.88073],[-95.71235,29.87994],[-95.70969,29.88093],[-95.70996,29.87979],[-95.7093,29.87979],[-95.70931,29.88037],[-95.7062,29.88038],[-95.70622,29.88227],[-95.70348,29.88228],[-95.70355,29.88957],[-95.70348,29.88957],[-95.70451,29.89369],[-95.7045,29.89468],[-95.70636,29.89465],[-95.70633,29.89322],[-95.70781,29.89448],[-95.71846,29.89435],[-95.7292,29.8942],[-95.73213,29.89419],[-95.73214,29.89457],[-95.73192,29.89457],[-95.72578,29.89476],[-95.71988,29.89679],[-95.71885,29.89704],[-95.71942,29.89822],[-95.7202,29.89908],[-95.72308,29.90169],[-95.72295,29.90179],[-95.72194,29.90231],[-95.72013,29.90136],[-95.71991,29.89913],[-95.71642,29.89904],[-95.71649,29.89672],[-95.70983,29.89476],[-95.70675,29.89472],[-95.70678,29.89664],[-95.7048,29.89667],[-95.70479,29.89717],[-95.70378,29.89754],[-95.70062,29.8948],[-95.70431,29.89474],[-95.70331,29.89068],[-95.70319,29.88679],[-95.70313,29.88274],[-95.70347,29.87998],[-95.7001,29.87999],[-95.70016,29.88138],[-95.69736,29.88181],[-95.69732,29.88],[-95.68662,29.88007],[-95.6835,29.8801],[-95.68359,29.88559],[-95.68333,29.88559],[-95.68335,29.88699],[-95.68137,29.887],[-95.68326,29.88471],[-95.68259,29.88255],[-95.67908,29.8822],[-95.67905,29.8791],[-95.67526,29.87907],[-95.67538,29.8882],[-95.6754,29.88878],[-95.67542,29.88903],[-95.67552,29.88939],[-95.67562,29.88961],[-95.67582,29.88992],[-95.67675,29.89066],[-95.67726,29.891],[-95.68282,29.89049],[-95.68338,29.88968],[-95.68369,29.89452],[-95.69124,29.89472],[-95.69125,29.89567],[-95.68731,29.89593],[-95.68396,29.8969],[-95.68421,29.89826],[-95.68219,29.89724],[-95.67735,29.89792],[-95.66939,29.89967],[-95.66916,29.8996],[-95.66839,29.89662],[-95.66854,29.89548],[-95.66879,29.8971],[-95.66943,29.89928],[-95.6789,29.89743],[-95.68275,29.89688],[-95.68233,29.89461],[-95.68339,29.89456],[-95.68334,29.89067],[-95.68025,29.8912],[-95.67713,29.89118],[-95.67608,29.89046],[-95.67539,29.88954],[-95.67527,29.8892],[-95.67519,29.88744],[-95.67503,29.87996],[-95.6737,29.87898],[-95.67139,29.87899],[-95.66842,29.88303],[-95.66816,29.88002],[-95.66817,29.88049],[-95.66548,29.88049],[-95.66534,29.88049],[-95.6635,29.8792],[-95.66155,29.87921],[-95.66156,29.88051],[-95.65834,29.88054],[-95.65853,29.87907],[-95.65811,29.87907],[-95.65812,29.88054],[-95.65458,29.88057],[-95.65337,29.88059],[-95.65336,29.87911],[-95.64957,29.87916],[-95.64966,29.8803],[-95.65013,29.88112],[-95.64528,29.88343],[-95.64472,29.88482],[-95.6434,29.88481],[-95.64396,29.88252],[-95.64117,29.88232],[-95.63965,29.88102],[-95.6391,29.88146],[-95.63895,29.88481],[-95.64059,29.88755],[-95.64237,29.88637],[-95.64406,29.88652],[-95.64357,29.88751],[-95.64131,29.89109],[-95.64315,29.89192],[-95.64444,29.89237],[-95.64244,29.8935],[-95.64083,29.89219],[-95.63606,29.89964],[-95.63698,29.90075],[-95.63572,29.90271],[-95.63411,29.90229],[-95.63189,29.90575],[-95.63375,29.90575],[-95.63379,29.90895],[-95.63191,29.90821],[-95.63037,29.91004],[-95.63147,29.91287],[-95.6327,29.91286],[-95.63154,29.91728],[-95.63029,29.91715],[-95.62933,29.91987],[-95.6275,29.91987],[-95.62245,29.91632],[-95.62876,29.92108],[-95.65015,29.93611],[-95.66334,29.94527],[-95.66857,29.94893],[-95.66332,29.94529],[-95.65014,29.93615],[-95.63754,29.92741],[-95.63308,29.92426],[-95.6288,29.92122],[-95.62882,29.92389],[-95.63198,29.92458],[-95.63407,29.92583],[-95.63216,29.92789],[-95.63053,29.92674],[-95.62878,29.92723],[-95.629,29.93853],[-95.62919,29.94594],[-95.63209,29.94739],[-95.63082,29.94741],[-95.63082,29.94825],[-95.62977,29.94827],[-95.62977,29.94845],[-95.62919,29.94846],[-95.6293,29.94949],[-95.62961,29.9504],[-95.63083,29.95037],[-95.63084,29.95274],[-95.62834,29.94908],[-95.62725,29.94752],[-95.62302,29.94755],[-95.61702,29.9476],[-95.61649,29.94931],[-95.61314,29.94786],[-95.61246,29.94816],[-95.60902,29.95108],[-95.60751,29.95196],[-95.60484,29.95234],[-95.60495,29.95138],[-95.60529,29.95058],[-95.60574,29.95],[-95.60654,29.9493],[-95.60712,29.94866],[-95.608,29.94607],[-95.6079,29.94607],[-95.60756,29.93668],[-95.60775,29.93668],[-95.60762,29.93555],[-95.6067,29.93346],[-95.60781,29.93346],[-95.60787,29.93668],[-95.60803,29.9432],[-95.6081,29.94668],[-95.6079,29.9475],[-95.60744,29.9484],[-95.60526,29.95079],[-95.60493,29.95216],[-95.60846,29.95136],[-95.61169,29.94848],[-95.61176,29.9476],[-95.61283,29.94787],[-95.61063,29.94533],[-95.6143,29.94526],[-95.61432,29.94723],[-95.61567,29.94733],[-95.61569,29.94525],[-95.61645,29.94524],[-95.61686,29.94742],[-95.62076,29.94738],[-95.62544,29.94736],[-95.62543,29.94606],[-95.62397,29.94606],[-95.62394,29.94455],[-95.62886,29.94447],[-95.62863,29.93338],[-95.62763,29.93338],[-95.62758,29.92932],[-95.6272,29.92913],[-95.62721,29.92377],[-95.62801,29.92383],[-95.62805,29.92315],[-95.62388,29.92282],[-95.62202,29.92205],[-95.61957,29.92001],[-95.62386,29.918],[-95.62849,29.92101],[-95.62205,29.91651],[-95.62337,29.91766],[-95.61883,29.91971],[-95.61569,29.91716],[-95.61687,29.91882],[-95.61777,29.91965],[-95.62154,29.92227],[-95.62097,29.9231],[-95.61795,29.92095],[-95.61415,29.92262],[-95.60839,29.9252],[-95.60828,29.92328],[-95.61292,29.92118],[-95.61166,29.91969],[-95.60982,29.91969],[-95.60638,29.92127],[-95.60609,29.92392],[-95.6063,29.92519],[-95.60128,29.92476],[-95.59838,29.92515],[-95.59795,29.92522],[-95.59898,29.92677],[-95.59683,29.92807],[-95.59602,29.92739],[-95.59416,29.92861],[-95.59352,29.93111],[-95.59228,29.93165],[-95.5929,29.9334],[-95.59081,29.93234],[-95.59076,29.92936],[-95.59345,29.92772],[-95.59511,29.92674],[-95.59786,29.92508],[-95.59779,29.92496],[-95.59759,29.92394],[-95.59994,29.92348],[-95.59996,29.92404],[-95.60005,29.924],[-95.59994,29.9192],[-95.60364,29.91881],[-95.60375,29.91735],[-95.60827,29.9173],[-95.60889,29.91932],[-95.61034,29.91734],[-95.60804,29.91397],[-95.60855,29.91281],[-95.61033,29.91198],[-95.60919,29.90934],[-95.60364,29.90851],[-95.6034,29.9074],[-95.6037,29.90453],[-95.60577,29.90599],[-95.60632,29.9054],[-95.60656,29.90514],[-95.61045,29.9082],[-95.6185,29.91403],[-95.61948,29.91468],[-95.62062,29.89632],[-95.62061,29.89161],[-95.61976,29.89088],[-95.6206,29.88932],[-95.62058,29.88654],[-95.61965,29.88583],[-95.62058,29.88492],[-95.62058,29.88319],[-95.61579,29.88323],[-95.61577,29.87972],[-95.61328,29.88021],[-95.61017,29.88024],[-95.60864,29.88094],[-95.6086,29.88353],[-95.60832,29.8849],[-95.60788,29.88583],[-95.60655,29.88813],[-95.60633,29.89056],[-95.60621,29.89056],[-95.60619,29.88845],[-95.60774,29.88551],[-95.60831,29.88112],[-95.60615,29.8811],[-95.60617,29.88327],[-95.60427,29.88239],[-95.60598,29.88237],[-95.60596,29.87964],[-95.59922,29.88011],[-95.58914,29.88023],[-95.58649,29.88028],[-95.5815,29.88036],[-95.57153,29.88047],[-95.5712,29.88064],[-95.56945,29.87948],[-95.56739,29.87818],[-95.56369,29.87558],[-95.55903,29.87231],[-95.5587,29.8721],[-95.55232,29.86762],[-95.55044,29.86649],[-95.54527,29.8672],[-95.54302,29.86787],[-95.53859,29.86802],[-95.53502,29.86694],[-95.52829,29.86265],[-95.52647,29.86224],[-95.52527,29.86103],[-95.52439,29.86089],[-95.52454,29.86555],[-95.5106,29.86561],[-95.50684,29.8656],[-95.50211,29.86565],[-95.50228,29.87275],[-95.50237,29.87342],[-95.507,29.87443],[-95.50694,29.88303],[-95.50696,29.88552],[-95.50704,29.89012],[-95.50332,29.89017],[-95.49564,29.89027],[-95.49597,29.89081],[-95.4958,29.89082],[-95.50075,29.89962],[-95.50928,29.91468],[-95.50105,29.91479],[-95.49574,29.91473],[-95.49574,29.90634],[-95.49513,29.90633],[-95.49519,29.90551],[-95.49575,29.9055],[-95.49569,29.89968],[-95.49566,29.89722],[-95.49447,29.89631],[-95.49446,29.8949],[-95.49563,29.89505],[-95.49559,29.89357],[-95.49559,29.89165],[-95.49554,29.89128],[-95.49467,29.8913],[-95.49071,29.89031],[-95.49086,29.89427],[-95.48523,29.89349],[-95.48519,29.88808],[-95.48514,29.88618],[-95.48085,29.88474],[-95.48206,29.88473],[-95.48341,29.88466],[-95.48523,29.88422],[-95.48528,29.88476],[-95.49231,29.8847],[-95.49445,29.88469],[-95.49446,29.88007],[-95.49274,29.88005],[-95.4928,29.87823],[-95.49219,29.87809],[-95.49319,29.87786],[-95.49317,29.87694],[-95.49445,29.87693],[-95.49445,29.87667],[-95.4917,29.87659],[-95.48622,29.87389],[-95.48959,29.87995],[-95.4886,29.88122],[-95.48517,29.88126],[-95.48493,29.87872],[-95.48329,29.8771],[-95.48048,29.87418],[-95.4805,29.87722],[-95.48064,29.88479],[-95.47891,29.88481],[-95.47826,29.88483],[-95.47565,29.88483],[-95.47567,29.88661],[-95.47637,29.88786],[-95.47778,29.88886],[-95.47722,29.88953],[-95.47913,29.89115],[-95.48016,29.89073],[-95.48098,29.89269],[-95.48093,29.89372],[-95.48136,29.89374],[-95.48011,29.89462],[-95.48012,29.89491],[-95.47946,29.89223],[-95.47643,29.88936],[-95.47552,29.89036],[-95.4732,29.88684],[-95.47279,29.88478],[-95.46927,29.88488],[-95.46803,29.8849],[-95.46769,29.8849],[-95.4667,29.88679],[-95.46731,29.89186],[-95.46351,29.89194],[-95.4635,29.89012],[-95.46108,29.89129],[-95.45764,29.89127],[-95.45623,29.89029],[-95.45084,29.88488],[-95.44019,29.88525],[-95.44019,29.88521],[-95.43126,29.88558],[-95.43128,29.88626],[-95.43143,29.89789],[-95.42921,29.89792],[-95.42268,29.89797],[-95.41694,29.89808],[-95.41668,29.90026],[-95.415,29.90029],[-95.41505,29.90214],[-95.41511,29.90454],[-95.41296,29.90516],[-95.41285,29.91095],[-95.41741,29.91083],[-95.41745,29.915],[-95.41853,29.91497],[-95.41986,29.91882],[-95.41975,29.92377],[-95.41589,29.92361],[-95.4145,29.92391],[-95.41422,29.92752],[-95.4124,29.92755],[-95.41231,29.92859],[-95.41772,29.92852],[-95.41771,29.93172],[-95.41783,29.93181],[-95.42151,29.93068],[-95.42305,29.92924],[-95.42449,29.92602],[-95.42809,29.92333],[-95.43281,29.92331],[-95.43297,29.9252],[-95.43295,29.92369],[-95.43292,29.92163],[-95.43433,29.92162],[-95.43567,29.92176],[-95.43567,29.92216],[-95.43636,29.92215],[-95.43657,29.9229],[-95.43728,29.9254],[-95.43411,29.92543],[-95.4342,29.93206],[-95.43428,29.93507],[-95.4347,29.93716],[-95.43913,29.93764],[-95.45134,29.93738],[-95.45127,29.93468],[-95.45743,29.93454],[-95.4511,29.92631],[-95.44959,29.9259],[-95.4504,29.92546],[-95.44755,29.92184],[-95.44535,29.92231],[-95.44498,29.92103],[-95.44465,29.91989],[-95.44575,29.91924],[-95.44391,29.91687],[-95.44278,29.91737],[-95.44169,29.9171],[-95.44167,29.91563],[-95.43927,29.91566],[-95.4388,29.9148],[-95.4358,29.91486],[-95.43581,29.9157],[-95.43442,29.91572],[-95.43283,29.91574],[-95.43277,29.91484],[-95.43272,29.91474],[-95.43266,29.91056],[-95.43544,29.9146],[-95.4397,29.91451],[-95.43938,29.91102],[-95.44216,29.91459],[-95.44368,29.91656],[-95.44582,29.91653],[-95.44682,29.91754],[-95.44941,29.91753],[-95.44947,29.9205],[-95.44951,29.92305],[-95.45918,29.92297],[-95.45918,29.92308],[-95.4592,29.92396],[-95.45098,29.92321],[-95.45105,29.92559],[-95.45204,29.9252],[-95.45748,29.9322],[-95.4572,29.93242],[-95.45754,29.93415],[-95.45848,29.93536],[-95.45833,29.93542],[-95.46,29.93752],[-95.46593,29.93756],[-95.46587,29.93563],[-95.47345,29.93552],[-95.47349,29.93747],[-95.46684,29.93847],[-95.46686,29.94069],[-95.46606,29.94201],[-95.46406,29.94147],[-95.4632,29.94169],[-95.46499,29.94404],[-95.46725,29.94549],[-95.46877,29.94528],[-95.47018,29.94731],[-95.47413,29.94471],[-95.47545,29.94364],[-95.47749,29.9428],[-95.47911,29.9426],[-95.48342,29.9429],[-95.48825,29.94222],[-95.49048,29.94285],[-95.49577,29.94599],[-95.49791,29.94625],[-95.49785,29.93805],[-95.50872,29.93799],[-95.50764,29.93881],[-95.50765,29.9403],[-95.50649,29.94323],[-95.50542,29.94287],[-95.50538,29.94013],[-95.50071,29.94039],[-95.50139,29.94124],[-95.49805,29.94192],[-95.49808,29.94433],[-95.49971,29.94433],[-95.49974,29.94569],[-95.49823,29.94568],[-95.49828,29.94868],[-95.49806,29.94869],[-95.4958,29.94881],[-95.49437,29.94792],[-95.48975,29.94783],[-95.48671,29.94625],[-95.4838,29.94587],[-95.48385,29.94488],[-95.48343,29.94298],[-95.47719,29.94317],[-95.47449,29.94478],[-95.47337,29.94574],[-95.47122,29.94703],[-95.46951,29.94803],[-95.47101,29.95001],[-95.4699,29.95003],[-95.47,29.95014],[-95.47217,29.95097],[-95.47135,29.95205],[-95.47566,29.9577],[-95.48147,29.95876],[-95.4816,29.95862],[-95.48165,29.96113],[-95.47846,29.96137],[-95.48138,29.96423],[-95.48332,29.96676],[-95.4838,29.96449],[-95.48571,29.96446],[-95.48575,29.96646],[-95.48586,29.96847],[-95.48454,29.9692],[-95.48602,29.96857],[-95.48762,29.97067],[-95.48958,29.97549],[-95.49078,29.9748],[-95.49292,29.976],[-95.49306,29.97566],[-95.4948,29.97112],[-95.49608,29.96582],[-95.49674,29.96672],[-95.49598,29.96858],[-95.49732,29.97033],[-95.49497,29.97131],[-95.49567,29.97281],[-95.49467,29.97514],[-95.49326,29.97573],[-95.49229,29.97956],[-95.49457,29.97908],[-95.4955,29.98035],[-95.49375,29.98132],[-95.4955,29.98295],[-95.49727,29.98457],[-95.49711,29.98578],[-95.50319,29.98282],[-95.50393,29.9838],[-95.50677,29.98299],[-95.50682,29.98305],[-95.50845,29.98148],[-95.50728,29.97986],[-95.51155,29.97779],[-95.5139,29.97618],[-95.51546,29.97834],[-95.51893,29.97643],[-95.52983,29.97032],[-95.52872,29.96878],[-95.52927,29.9677],[-95.5318,29.9663],[-95.53073,29.96481],[-95.5291,29.96571],[-95.52856,29.96497],[-95.53054,29.96402],[-95.53415,29.96301],[-95.53406,29.96074],[-95.53557,29.96098],[-95.52988,29.95061],[-95.5274,29.94618],[-95.52678,29.94558],[-95.5273,29.94601],[-95.52243,29.93754],[-95.52535,29.93724],[-95.52532,29.93666],[-95.5253,29.9365],[-95.52524,29.93493],[-95.52835,29.93399],[-95.52655,29.93299],[-95.52432,29.92771],[-95.52548,29.9277],[-95.52517,29.92522],[-95.52514,29.92234],[-95.52742,29.92232],[-95.52742,29.92044],[-95.52513,29.92046],[-95.52506,29.91663],[-95.52738,29.91662],[-95.52737,29.9156],[-95.53028,29.91558],[-95.53032,29.9194],[-95.54022,29.91932],[-95.54022,29.92223],[-95.53896,29.92224],[-95.53897,29.92527],[-95.53513,29.9253],[-95.53513,29.9238],[-95.53385,29.9238],[-95.53386,29.92531],[-95.52999,29.92545],[-95.53297,29.92587],[-95.53915,29.92608],[-95.54147,29.92691],[-95.54145,29.92526],[-95.54787,29.92521],[-95.54788,29.92551],[-95.54862,29.92495],[-95.54857,29.92121],[-95.55106,29.92121],[-95.55106,29.92227],[-95.55514,29.92232],[-95.55565,29.91978],[-95.55365,29.91926],[-95.5537,29.91734],[-95.55098,29.91732],[-95.55092,29.91039],[-95.55234,29.91037],[-95.55305,29.90854],[-95.55563,29.91093],[-95.55563,29.90998],[-95.55088,29.9056],[-95.55026,29.903],[-95.54917,29.90399],[-95.54789,29.90298],[-95.5479,29.90425],[-95.53848,29.90429],[-95.53847,29.90279],[-95.53997,29.90276],[-95.53996,29.90148],[-95.54443,29.90147],[-95.54445,29.90274],[-95.54844,29.90271],[-95.54815,29.90193],[-95.54878,29.90192],[-95.54908,29.90271],[-95.54933,29.90269],[-95.54913,29.90116],[-95.54842,29.90061],[-95.5502,29.90068],[-95.55018,29.89785],[-95.55265,29.90101],[-95.5556,29.90144],[-95.55536,29.90283],[-95.55675,29.90315],[-95.55497,29.90525],[-95.55617,29.90815],[-95.55768,29.90794],[-95.55781,29.90882],[-95.55793,29.91414],[-95.55635,29.91433],[-95.55641,29.91759],[-95.56306,29.91776],[-95.56307,29.92139],[-95.56142,29.92054],[-95.55934,29.92073],[-95.55934,29.92147],[-95.55637,29.92147],[-95.55587,29.9232],[-95.55703,29.92456],[-95.55985,29.92599],[-95.56438,29.92659],[-95.56721,29.92752],[-95.56566,29.92788],[-95.56477,29.92998],[-95.56472,29.93355],[-95.57151,29.93351],[-95.57391,29.93242],[-95.57404,29.93353],[-95.57793,29.93354],[-95.58012,29.93246],[-95.58134,29.93349],[-95.58188,29.93134],[-95.58469,29.93052],[-95.5833,29.92944],[-95.58341,29.92463],[-95.58381,29.9207],[-95.58454,29.91783],[-95.58452,29.91519],[-95.5826,29.91345],[-95.58292,29.91332],[-95.58289,29.91016],[-95.58012,29.90989],[-95.57998,29.91092],[-95.57841,29.91171],[-95.57836,29.90948],[-95.58015,29.90974],[-95.58018,29.90962],[-95.58216,29.90987],[-95.58289,29.90989],[-95.58285,29.90731],[-95.58284,29.90584],[-95.58453,29.90605],[-95.58453,29.90561],[-95.58368,29.90453],[-95.58097,29.90422],[-95.58096,29.90347],[-95.58452,29.90341],[-95.58452,29.90433],[-95.58669,29.90426],[-95.58742,29.90284],[-95.58757,29.90255],[-95.58757,29.90284],[-95.58767,29.90418],[-95.58772,29.90438],[-95.58678,29.90454],[-95.58481,29.90464],[-95.58474,29.90563],[-95.58868,29.9062],[-95.58643,29.90759],[-95.58625,29.90996],[-95.58648,29.90996],[-95.58653,29.912],[-95.58813,29.91135],[-95.58925,29.91043],[-95.58879,29.90948],[-95.59031,29.90864],[-95.59119,29.90784],[-95.58899,29.90647],[-95.59213,29.90685],[-95.59319,29.90701],[-95.59209,29.90824],[-95.59249,29.90848],[-95.59076,29.91043],[-95.59151,29.91117],[-95.58621,29.91331],[-95.58619,29.91546],[-95.58567,29.91763],[-95.58487,29.91784],[-95.58512,29.93259],[-95.5852,29.93265],[-95.58895,29.93046],[-95.58736,29.93163],[-95.58736,29.93356],[-95.58491,29.93357],[-95.58489,29.93598],[-95.58648,29.93596],[-95.58689,29.93716],[-95.59145,29.9364],[-95.589,29.93592],[-95.5927,29.93586],[-95.59281,29.93798],[-95.59181,29.93882],[-95.58544,29.93936],[-95.58469,29.93937],[-95.58469,29.93978],[-95.58461,29.93827],[-95.57854,29.93822],[-95.57852,29.93704],[-95.5681,29.94336],[-95.56514,29.94555],[-95.56496,29.94542],[-95.56404,29.94625],[-95.56403,29.94634],[-95.55578,29.95386],[-95.55806,29.95388],[-95.55805,29.95686],[-95.55427,29.95571],[-95.55428,29.95853],[-95.55926,29.95841],[-95.56329,29.95839],[-95.5638,29.95842],[-95.56255,29.95292],[-95.56255,29.95075],[-95.56394,29.95074],[-95.56394,29.95085],[-95.56394,29.95278],[-95.56567,29.9528],[-95.56568,29.95536],[-95.56409,29.95538],[-95.56411,29.9558],[-95.5651,29.95881],[-95.5708,29.96048],[-95.57075,29.95754],[-95.57242,29.95752],[-95.57248,29.96098],[-95.57591,29.96124],[-95.58427,29.96115],[-95.58506,29.96053],[-95.58503,29.95926],[-95.58434,29.95582],[-95.58123,29.95412],[-95.58338,29.9547],[-95.58331,29.95248],[-95.58191,29.95234],[-95.57878,29.9513],[-95.58244,29.95123],[-95.58483,29.9505],[-95.58481,29.94722],[-95.58606,29.94717],[-95.586,29.95254],[-95.58834,29.95252],[-95.58597,29.95673],[-95.58499,29.95672],[-95.585,29.95759],[-95.5886,29.95754],[-95.58862,29.95845],[-95.58635,29.95848],[-95.58641,29.95983],[-95.58832,29.95979],[-95.58832,29.96114],[-95.58528,29.96118],[-95.58532,29.96208],[-95.58871,29.96206],[-95.58873,29.96306],[-95.58959,29.96306],[-95.58954,29.96124],[-95.59224,29.96118],[-95.59227,29.95886],[-95.59425,29.96088],[-95.59289,29.96194],[-95.59134,29.96301],[-95.58645,29.9667],[-95.5903,29.9669],[-95.59235,29.96509],[-95.59424,29.96663],[-95.59259,29.96844],[-95.59014,29.96711],[-95.58563,29.96693],[-95.58564,29.97002],[-95.58414,29.97003],[-95.58249,29.96747],[-95.57755,29.96765],[-95.57754,29.96722],[-95.57739,29.96722],[-95.57674,29.96598],[-95.57993,29.96599],[-95.57924,29.96342],[-95.57977,29.9626],[-95.58035,29.96694],[-95.58511,29.96664],[-95.58494,29.96139],[-95.57974,29.96146],[-95.57974,29.96189],[-95.57343,29.96158],[-95.56394,29.9587],[-95.56373,29.96104],[-95.56376,29.96308],[-95.56395,29.96684],[-95.56831,29.96725],[-95.56812,29.9635],[-95.56891,29.96348],[-95.5691,29.96723],[-95.57585,29.96729],[-95.57568,29.9673],[-95.5757,29.96812],[-95.57249,29.96742],[-95.57221,29.96837],[-95.56963,29.96841],[-95.56879,29.96811],[-95.56553,29.96797],[-95.56395,29.97065],[-95.56202,29.97066],[-95.56396,29.97132],[-95.56392,29.97295],[-95.56839,29.97313],[-95.56839,29.97582],[-95.56526,29.97582],[-95.56619,29.97756],[-95.56839,29.97715],[-95.56908,29.97798],[-95.5706,29.97946],[-95.56899,29.98056],[-95.56935,29.98305],[-95.56827,29.98309],[-95.57008,29.98577],[-95.57182,29.98805],[-95.57237,29.98773],[-95.57076,29.98521],[-95.57304,29.98516],[-95.57649,29.98647],[-95.57688,29.987],[-95.57672,29.98731],[-95.57712,29.98816],[-95.57792,29.98841],[-95.57886,29.98918],[-95.57958,29.98935],[-95.58003,29.98878],[-95.57973,29.98798],[-95.58103,29.98675],[-95.58498,29.9864],[-95.58726,29.98783],[-95.58757,29.98983],[-95.58566,29.98988],[-95.58562,29.99596],[-95.58228,29.99596],[-95.58197,29.9965],[-95.5913,29.99652],[-95.59131,29.99432],[-95.59297,29.99187],[-95.59182,29.98981],[-95.59321,29.99029],[-95.59304,29.99208],[-95.5915,29.99431],[-95.59159,29.99652],[-95.60252,29.99653],[-95.60655,29.99587],[-95.60877,29.99393],[-95.61166,29.9913],[-95.61522,29.98817],[-95.61485,29.98734],[-95.61139,29.98635],[-95.6114,29.98446],[-95.6104,29.98366],[-95.60929,29.98269],[-95.60607,29.97996],[-95.6045,29.9786],[-95.60344,29.97958],[-95.60346,29.98015],[-95.60293,29.98009],[-95.6011,29.97931],[-95.60274,29.97706],[-95.60035,29.97512],[-95.59955,29.97583],[-95.59799,29.9745],[-95.59899,29.97386],[-95.60046,29.97504],[-95.6015,29.97589],[-95.60161,29.97608],[-95.60479,29.97864],[-95.60531,29.9782],[-95.60601,29.97969],[-95.60848,29.98187],[-95.60942,29.98268],[-95.61139,29.98436],[-95.61136,29.98357],[-95.61572,29.9879],[-95.61567,29.988],[-95.61767,29.98971],[-95.61487,29.98884],[-95.61178,29.99156],[-95.61217,29.99213],[-95.61308,29.99313],[-95.61346,29.99278],[-95.6175,29.99627],[-95.62096,29.99447],[-95.62087,29.99246],[-95.62201,29.99318],[-95.62381,29.9948],[-95.62565,29.99466],[-95.62466,29.99556],[-95.62768,29.99808],[-95.63435,30.00362],[-95.63594,30.00383],[-95.64496,29.99589],[-95.64503,29.99594],[-95.64921,29.99226],[-95.64988,29.99187],[-95.65327,29.99103],[-95.65346,29.99192],[-95.65007,29.99294],[-95.65002,29.992],[-95.63944,30.00098],[-95.6403,30.00163],[-95.63658,30.00469],[-95.63778,30.00517],[-95.63648,30.00625],[-95.63527,30.0047],[-95.63384,30.00555],[-95.63288,30.00579],[-95.62672,30.00593],[-95.62613,30.00614],[-95.61865,30.01177],[-95.61713,30.01263],[-95.61712,30.01255],[-95.61565,30.01272],[-95.61559,30.01072],[-95.61699,30.01069],[-95.61708,30.01246],[-95.62269,30.00849],[-95.62399,30.00746],[-95.62375,30.00605],[-95.62479,30.00537],[-95.62679,30.00575],[-95.63253,30.00565],[-95.63443,30.005],[-95.63453,30.00392],[-95.63008,30.00042],[-95.62505,29.99611],[-95.62382,29.99719],[-95.62253,29.99607],[-95.62168,29.99688],[-95.62068,29.99606],[-95.61841,29.99654],[-95.61422,29.99658],[-95.61374,29.99846],[-95.61259,30.00004],[-95.6118,30.00057],[-95.60977,30.00235],[-95.60873,30.00666],[-95.60815,30.01124],[-95.61136,30.01127],[-95.61414,30.01223],[-95.61417,30.0128],[-95.61151,30.01289],[-95.60915,30.01277],[-95.60797,30.01403],[-95.60797,30.01456],[-95.60507,30.01462],[-95.60277,30.01282],[-95.60661,30.01274],[-95.60657,30.00895],[-95.60782,30.00894],[-95.60781,30.0067],[-95.60801,30.00668],[-95.60863,30.00371],[-95.6093,30.00276],[-95.61174,30.00054],[-95.61154,30.00043],[-95.6126,29.99947],[-95.61358,29.9979],[-95.61262,29.99753],[-95.61293,29.99664],[-95.60642,29.99664],[-95.60636,29.99737],[-95.60552,29.99815],[-95.605,29.9979],[-95.60293,29.9971],[-95.60257,29.9967],[-95.60054,29.99723],[-95.59934,29.99673],[-95.59334,29.99678],[-95.59335,29.99736],[-95.59081,29.99741],[-95.5908,29.9991],[-95.58824,29.99907],[-95.58824,29.99675],[-95.58385,29.99678],[-95.58537,29.99969],[-95.58353,30.00137],[-95.58495,30.00306],[-95.58584,30.00267],[-95.58565,30.00404],[-95.58889,30.00541],[-95.59157,30.01089],[-95.59317,30.0099],[-95.59319,30.01073],[-95.5933,30.01292],[-95.59832,30.01281],[-95.59914,30.01053],[-95.60054,30.01049],[-95.60055,30.01276],[-95.60212,30.01283],[-95.59622,30.01302],[-95.59623,30.0145],[-95.59791,30.01541],[-95.59442,30.01668],[-95.59359,30.01803],[-95.59319,30.01805],[-95.59404,30.01933],[-95.5944,30.01934],[-95.59895,30.01934],[-95.59555,30.02015],[-95.59905,30.02585],[-95.60214,30.02574],[-95.60228,30.02717],[-95.60425,30.02969],[-95.60346,30.03027],[-95.60482,30.03164],[-95.60572,30.03058],[-95.6088,30.0283],[-95.60536,30.03115],[-95.60604,30.03199],[-95.6041,30.03341],[-95.60602,30.03558],[-95.60751,30.03428],[-95.60843,30.03366],[-95.6103,30.03607],[-95.60855,30.03682],[-95.60877,30.03873],[-95.61032,30.04067],[-95.60807,30.04196],[-95.60762,30.04214],[-95.61026,30.04514],[-95.61448,30.05172],[-95.61509,30.05172],[-95.6156,30.05295],[-95.61596,30.05411],[-95.61632,30.05411],[-95.62054,30.05406],[-95.6205,30.05237],[-95.62048,30.0517],[-95.62052,30.0517],[-95.62058,30.05403],[-95.62056,30.05409],[-95.61597,30.05414],[-95.61547,30.05415],[-95.59727,30.05451],[-95.59427,30.05453],[-95.59013,30.05451],[-95.58879,30.05461],[-95.57876,30.05467],[-95.57652,30.05682],[-95.5763,30.05698],[-95.57533,30.05794],[-95.57529,30.05793],[-95.57477,30.0577],[-95.57628,30.05622],[-95.57498,30.05552],[-95.56717,30.06348],[-95.56593,30.06243],[-95.56836,30.06002],[-95.56702,30.0579],[-95.56673,30.05587],[-95.56788,30.05418],[-95.5666,30.05283],[-95.56784,30.05224],[-95.56935,30.05386],[-95.57094,30.0546],[-95.57695,30.05097],[-95.57752,30.05123],[-95.57777,30.05064],[-95.58038,30.05181],[-95.58614,30.05037],[-95.58652,30.05104],[-95.58671,30.05103],[-95.58874,30.05453],[-95.59014,30.05448],[-95.61539,30.05413],[-95.61445,30.05172],[-95.61253,30.04873],[-95.60949,30.05088],[-95.60905,30.04907],[-95.61044,30.04815],[-95.60931,30.04525],[-95.60605,30.04187],[-95.60505,30.04256],[-95.60288,30.03811],[-95.60171,30.03742],[-95.59635,30.03668],[-95.60371,30.03631],[-95.60267,30.03451],[-95.59893,30.0346],[-95.5989,30.03362],[-95.60142,30.03256],[-95.59802,30.02604],[-95.58967,30.0132],[-95.58577,30.01449],[-95.58597,30.02604],[-95.58711,30.032],[-95.58846,30.0369],[-95.58833,30.03691],[-95.58654,30.03695],[-95.58588,30.03439],[-95.58754,30.03438],[-95.58707,30.03287],[-95.5858,30.02607],[-95.58545,30.01457],[-95.57975,30.01486],[-95.57683,30.01622],[-95.57068,30.02288],[-95.57067,30.02457],[-95.56748,30.02479],[-95.5631,30.02715],[-95.55777,30.03024],[-95.55687,30.03386],[-95.56001,30.03517],[-95.56179,30.03668],[-95.56129,30.03709],[-95.55914,30.03528],[-95.55673,30.03584],[-95.55391,30.03815],[-95.55265,30.03836],[-95.55166,30.03792],[-95.5507,30.03846],[-95.54992,30.03741],[-95.55191,30.03627],[-95.55247,30.03704],[-95.55156,30.03755],[-95.55205,30.03798],[-95.55312,30.03821],[-95.55376,30.03804],[-95.55516,30.03657],[-95.55615,30.03595],[-95.55499,30.03536],[-95.55371,30.03634],[-95.5531,30.03558],[-95.55352,30.03533],[-95.55137,30.03243],[-95.5536,30.03121],[-95.55632,30.02969],[-95.55732,30.03032],[-95.55701,30.02922],[-95.55861,30.02951],[-95.56193,30.02762],[-95.56142,30.02692],[-95.56312,30.02595],[-95.56365,30.02668],[-95.56697,30.02482],[-95.5646,30.02132],[-95.56588,30.02059],[-95.56848,30.02406],[-95.56885,30.02385],[-95.57047,30.02276],[-95.56673,30.0165],[-95.56572,30.01647],[-95.56684,30.01611],[-95.56386,30.01045],[-95.56457,30.01167],[-95.57,30.02122],[-95.57177,30.02146],[-95.57661,30.01609],[-95.57867,30.0147],[-95.58561,30.01434],[-95.58823,30.01328],[-95.58957,30.01303],[-95.58609,30.00652],[-95.58402,30.00348],[-95.58197,30.00366],[-95.58096,30.00474],[-95.58093,30.00662],[-95.58004,30.00663],[-95.57994,30.0037],[-95.57901,30.00372],[-95.57824,29.99937],[-95.58048,29.99917],[-95.57851,29.99859],[-95.57888,29.99738],[-95.57507,29.99787],[-95.57508,29.99672],[-95.57116,29.99672],[-95.56765,29.99731],[-95.56789,29.99833],[-95.56647,29.99877],[-95.56472,29.99969],[-95.56493,29.99989],[-95.55948,30.00282],[-95.55876,30.00192],[-95.55773,30.0025],[-95.55762,30.00409],[-95.5553,30.00369],[-95.55507,30.00581],[-95.56085,30.00622],[-95.55488,30.00592],[-95.55384,30.0045],[-95.55133,30.00588],[-95.5521,30.00692],[-95.55022,30.00801],[-95.54937,30.00685],[-95.54891,30.00711],[-95.55024,30.00892],[-95.54998,30.01084],[-95.5488,30.0115],[-95.5466,30.00852],[-95.54184,30.01119],[-95.54051,30.01292],[-95.53758,30.01454],[-95.53697,30.01371],[-95.53381,30.01545],[-95.53438,30.01625],[-95.53296,30.01704],[-95.53323,30.01741],[-95.52831,30.01947],[-95.52903,30.02044],[-95.52797,30.02103],[-95.52908,30.02217],[-95.52804,30.02338],[-95.529,30.02373],[-95.53043,30.02277],[-95.53086,30.02397],[-95.5291,30.02548],[-95.5326,30.03],[-95.53327,30.02971],[-95.53435,30.03059],[-95.53311,30.0312],[-95.53287,30.03104],[-95.53077,30.02788],[-95.52721,30.02389],[-95.52623,30.02311],[-95.52362,30.0211],[-95.52377,30.02102],[-95.52364,30.02093],[-95.52831,30.01836],[-95.52664,30.01606],[-95.52992,30.01421],[-95.53029,30.01472],[-95.53174,30.01392],[-95.53257,30.01506],[-95.53626,30.013],[-95.53544,30.01188],[-95.53714,30.01091],[-95.53429,30.00695],[-95.53383,30.00601],[-95.53357,30.00496],[-95.5335,30.00384],[-95.53027,30.00322],[-95.52465,30.00635],[-95.52225,30.00743],[-95.51848,30.00881],[-95.51753,30.0093],[-95.51538,30.01111],[-95.51692,30.01329],[-95.5194,30.01191],[-95.5202,30.01298],[-95.51849,30.01394],[-95.51723,30.01366],[-95.51866,30.01594],[-95.51858,30.01599],[-95.51477,30.01071],[-95.51424,30.00983],[-95.51567,30.00902],[-95.51621,30.00969],[-95.519,30.00827],[-95.52274,30.00694],[-95.52746,30.00448],[-95.52698,30.00381],[-95.52861,30.00292],[-95.53199,30.00161],[-95.53226,30.0007],[-95.53056,29.9981],[-95.52947,29.99658],[-95.52738,29.99489],[-95.52661,29.99401],[-95.52441,29.99113],[-95.52298,29.99119],[-95.52148,29.98914],[-95.52432,29.99083],[-95.52736,29.99469],[-95.52945,29.99633],[-95.53072,29.99801],[-95.53275,30.00106],[-95.53664,29.99763],[-95.54018,29.99555],[-95.54265,29.99463],[-95.54223,29.99323],[-95.54442,29.99406],[-95.54931,29.99229],[-95.54944,29.9914],[-95.54733,29.98794],[-95.54581,29.98769],[-95.54588,29.98717],[-95.54115,29.98927],[-95.54061,29.99007],[-95.54089,29.98859],[-95.5391,29.98598],[-95.53859,29.98524],[-95.54063,29.98416],[-95.539,29.98255],[-95.53683,29.97955],[-95.53461,29.97458],[-95.53406,29.97384],[-95.53256,29.97231],[-95.53077,29.97013],[-95.52927,29.97088],[-95.53026,29.97224],[-95.52627,29.97471],[-95.52522,29.97325],[-95.51778,29.97734],[-95.51389,29.97999],[-95.51439,29.98123],[-95.51217,29.98195],[-95.50924,29.98309],[-95.50849,29.98246],[-95.50852,29.98375],[-95.50605,29.98509],[-95.51027,29.99057],[-95.51245,29.98904],[-95.51642,29.99333],[-95.51581,29.99369],[-95.51573,29.99361],[-95.51252,29.98925],[-95.51174,29.98994],[-95.51027,29.99074],[-95.51162,29.99258],[-95.51257,29.9955],[-95.50827,29.99137],[-95.51002,29.99041],[-95.50606,29.9853],[-95.50448,29.98547],[-95.5035,29.98577],[-95.50364,29.98679],[-95.50223,29.98755],[-95.50277,29.98917],[-95.50003,29.99017],[-95.49889,29.99083],[-95.49859,29.99041],[-95.49684,29.99143],[-95.49554,29.9896],[-95.49786,29.98832],[-95.49877,29.98846],[-95.49834,29.98786],[-95.49839,29.98784],[-95.49904,29.98748],[-95.49829,29.98771],[-95.49275,29.99085],[-95.4928,29.99092],[-95.49153,29.99162],[-95.49286,29.99373],[-95.49224,29.99409],[-95.49075,29.99205],[-95.49064,29.99189],[-95.48877,29.99292],[-95.48889,29.99308],[-95.48742,29.9939],[-95.487,29.99414],[-95.48869,29.99651],[-95.48769,29.99707],[-95.48599,29.99797],[-95.48288,30.00014],[-95.48398,30.00217],[-95.48406,30.00227],[-95.48192,30.00411],[-95.48067,30.00276],[-95.47855,30.00004],[-95.47313,30.00308],[-95.47697,30.00476],[-95.47837,30.00604],[-95.4788,30.00704],[-95.47877,30.00876],[-95.47809,30.01266],[-95.47933,30.01465],[-95.48345,30.016],[-95.48477,30.0174],[-95.483,30.01699],[-95.48332,30.01609],[-95.48056,30.01554],[-95.4791,30.01459],[-95.478,30.01297],[-95.47785,30.01167],[-95.47871,30.00765],[-95.47823,30.00619],[-95.47616,30.00456],[-95.47298,30.00316],[-95.47131,30.0041],[-95.47079,30.00337],[-95.46712,30.00544],[-95.46794,30.00668],[-95.46484,30.00824],[-95.46927,30.01443],[-95.47396,30.02115],[-95.47482,30.02209],[-95.47654,30.02431],[-95.48121,30.02928],[-95.482,30.02828],[-95.48178,30.02875],[-95.48081,30.03],[-95.48037,30.03047],[-95.47824,30.02861],[-95.47612,30.02446],[-95.47475,30.02246],[-95.46993,30.01576],[-95.46847,30.01488],[-95.46599,30.01145],[-95.46381,30.01264],[-95.46223,30.01047],[-95.46054,30.01134],[-95.45929,30.0096],[-95.4567,30.01207],[-95.45752,30.01299],[-95.45569,30.01157],[-95.45381,30.01264],[-95.45391,30.01387],[-95.45131,30.01532],[-95.4515,30.01571],[-95.45304,30.01486],[-95.45379,30.01589],[-95.45278,30.01622],[-95.45209,30.01655],[-95.45028,30.01449],[-95.44834,30.01562],[-95.44786,30.01714],[-95.44626,30.01803],[-95.4452,30.01657],[-95.44189,30.01752],[-95.44639,30.02316],[-95.44538,30.02375],[-95.44608,30.02467],[-95.44439,30.02562],[-95.4425,30.023],[-95.44038,30.02007],[-95.44085,30.01985],[-95.43935,30.01833],[-95.44067,30.01984],[-95.43874,30.02091],[-95.44092,30.02387],[-95.43984,30.02445],[-95.43989,30.02451],[-95.43754,30.02614],[-95.43501,30.02757],[-95.4333,30.02846],[-95.43394,30.02995],[-95.43586,30.0293],[-95.43578,30.03204],[-95.43783,30.03189],[-95.44072,30.03081],[-95.4415,30.0316],[-95.44336,30.03175],[-95.44467,30.03332],[-95.44713,30.03247],[-95.45037,30.03697],[-95.44872,30.03659],[-95.44778,30.03576],[-95.44722,30.03588],[-95.44732,30.03602],[-95.44715,30.03622],[-95.44666,30.03651],[-95.44629,30.03665],[-95.4458,30.03662],[-95.44511,30.03667],[-95.44434,30.03684],[-95.44284,30.03631],[-95.44131,30.03434],[-95.43692,30.03431],[-95.43685,30.03434],[-95.43665,30.03467],[-95.43623,30.03491],[-95.43592,30.0348],[-95.43569,30.0345],[-95.43522,30.03408],[-95.43343,30.03569],[-95.43194,30.03571],[-95.4315,30.03543],[-95.43162,30.03488],[-95.4311,30.03449],[-95.43037,30.03458],[-95.42975,30.03521],[-95.42976,30.03262],[-95.42973,30.02368],[-95.43006,30.02135],[-95.42902,30.0217],[-95.42828,30.02194],[-95.42865,30.0287],[-95.42862,30.03303],[-95.42859,30.03303],[-95.42858,30.02962],[-95.42618,30.02976],[-95.42618,30.02866],[-95.42623,30.02513],[-95.42381,30.02523],[-95.42191,30.02575],[-95.42052,30.02579],[-95.42052,30.02567],[-95.42055,30.02495],[-95.41923,30.02382],[-95.41931,30.02044],[-95.41996,30.02096],[-95.42293,30.021],[-95.42408,30.01975],[-95.42459,30.02236],[-95.42574,30.02196],[-95.42515,30.01638],[-95.42785,30.01606],[-95.42686,30.00878],[-95.42536,30.00878],[-95.4249,30.00618],[-95.42504,30.00616],[-95.42479,30.00485],[-95.42212,30.00494],[-95.42158,30.00274],[-95.42114,30.00232],[-95.41569,30.00079],[-95.41684,29.99777],[-95.41358,29.9969],[-95.40852,29.99679],[-95.40697,29.99733],[-95.40694,29.99661],[-95.40768,29.99662],[-95.40773,29.99515],[-95.40797,29.99433],[-95.40372,29.99439],[-95.40264,29.9944],[-95.40261,29.99217],[-95.40807,29.9917],[-95.40921,29.98997],[-95.40944,29.99009],[-95.4106,29.9901],[-95.41058,29.98667],[-95.40918,29.98668],[-95.40916,29.98423],[-95.41036,29.98425],[-95.41083,29.98319],[-95.41612,29.98287],[-95.41531,29.97832],[-95.42126,29.9785],[-95.42062,29.97551],[-95.41851,29.97554],[-95.4185,29.97484],[-95.42048,29.97485],[-95.42028,29.97371],[-95.41846,29.9732],[-95.41994,29.97231],[-95.4183,29.96574],[-95.41908,29.96573],[-95.4189,29.96507],[-95.41906,29.96508],[-95.41896,29.96348],[-95.41897,29.95823],[-95.4189,29.95688],[-95.41818,29.95123],[-95.41781,29.95125],[-95.40654,29.95147],[-95.40135,29.95153],[-95.40141,29.95568],[-95.40024,29.95573],[-95.39512,29.95575],[-95.39508,29.95395],[-95.3932,29.954],[-95.39001,29.95404],[-95.39114,29.95721],[-95.39009,29.95721],[-95.39028,29.96075],[-95.3932,29.96081],[-95.39935,29.96079],[-95.39943,29.96365],[-95.40094,29.96483],[-95.39944,29.96582],[-95.40217,29.96597],[-95.40224,29.96598],[-95.40502,29.96595],[-95.40505,29.96688],[-95.40215,29.96735],[-95.40167,29.96749],[-95.40167,29.9686],[-95.39883,29.96861],[-95.39876,29.96597],[-95.39909,29.96579],[-95.3991,29.96296],[-95.39752,29.96295],[-95.39752,29.96596],[-95.39477,29.96595],[-95.39448,29.96347],[-95.3935,29.96268],[-95.3991,29.96271],[-95.3991,29.96108],[-95.38996,29.96105],[-95.38983,29.95735],[-95.38828,29.95475],[-95.3872,29.95404],[-95.38554,29.95407],[-95.38579,29.95563],[-95.38205,29.95601],[-95.38054,29.95775],[-95.38026,29.9654],[-95.38508,29.96535],[-95.38522,29.97148],[-95.38326,29.97104],[-95.38164,29.96996],[-95.38047,29.96838],[-95.37999,29.96741],[-95.37979,29.96541],[-95.37797,29.96543],[-95.37793,29.96519],[-95.3709,29.96531],[-95.37089,29.9628],[-95.36827,29.96276],[-95.36819,29.95779],[-95.36544,29.95735],[-95.35994,29.95717],[-95.36088,29.96075],[-95.36384,29.96548],[-95.36406,29.96632],[-95.36425,29.9709],[-95.36472,29.98091],[-95.37044,29.99872],[-95.37339,29.99559],[-95.37577,29.99885],[-95.3734,30.00013],[-95.37386,30.00077],[-95.3715,30.00205],[-95.37197,30.00337],[-95.37394,30.0023],[-95.37435,30.00287],[-95.37219,30.00403],[-95.37396,30.0093],[-95.37493,30.011],[-95.37517,30.01142],[-95.37626,30.01323],[-95.37695,30.01288],[-95.37731,30.01476],[-95.37969,30.01874],[-95.38253,30.01894],[-95.38217,30.02053],[-95.38421,30.02097],[-95.38004,30.01527],[-95.38158,30.01445],[-95.3858,30.02017],[-95.39067,30.01744],[-95.38958,30.01592],[-95.39216,30.01585],[-95.39348,30.01691],[-95.39445,30.01637],[-95.39602,30.01499],[-95.39401,30.01225],[-95.39229,30.01322],[-95.39175,30.01249],[-95.38816,30.01395],[-95.38726,30.01232],[-95.38602,30.01209],[-95.38771,30.01163],[-95.38996,30.01034],[-95.39051,30.01113],[-95.39239,30.01002],[-95.39143,30.00871],[-95.39099,30.00816],[-95.39799,30.00443],[-95.39686,30.00072],[-95.3954,30.00117],[-95.38856,30.00476],[-95.38516,30.00018],[-95.38052,30.00272],[-95.37889,30.00041],[-95.38488,29.99709],[-95.38797,29.99639],[-95.39592,29.99615],[-95.3951,29.99287],[-95.3963,29.99283],[-95.39945,29.9928],[-95.40196,29.99201],[-95.40231,29.99554],[-95.40232,29.99563],[-95.40232,29.99581],[-95.4021,29.99848],[-95.39987,29.99849],[-95.39918,29.99647],[-95.39857,29.99569],[-95.39706,29.99593],[-95.39917,30.004],[-95.40291,30.00786],[-95.40346,30.00881],[-95.40439,30.01226],[-95.40452,30.01421],[-95.40288,30.01516],[-95.40221,30.01259],[-95.40101,30.01327],[-95.4007,30.01031],[-95.4032,30.00881],[-95.39904,30.00408],[-95.39858,30.00437],[-95.40095,30.0141],[-95.40016,30.01307],[-95.39747,30.01396],[-95.39868,30.01531],[-95.39655,30.01571],[-95.39401,30.01763],[-95.39552,30.01969],[-95.39286,30.02049],[-95.3876,30.0213],[-95.393,30.0207],[-95.39494,30.02347],[-95.39603,30.02348],[-95.39542,30.02126],[-95.39723,30.02206],[-95.39828,30.02165],[-95.39894,30.02395],[-95.39621,30.02496],[-95.39698,30.02616],[-95.39608,30.02665],[-95.39173,30.02473],[-95.38984,30.02577],[-95.38785,30.02301],[-95.38599,30.02319],[-95.38548,30.02159],[-95.38064,30.02061],[-95.38175,30.02223],[-95.38084,30.02277],[-95.38153,30.02577],[-95.38098,30.02954],[-95.38261,30.04031],[-95.38525,30.04164],[-95.38357,30.04283],[-95.38412,30.04375],[-95.38507,30.04502],[-95.38827,30.04321],[-95.38775,30.04682],[-95.38954,30.04964],[-95.38888,30.05147],[-95.39169,30.05512],[-95.39377,30.05405],[-95.39527,30.0541],[-95.39512,30.05538],[-95.39363,30.0562],[-95.39475,30.05676],[-95.39715,30.05539],[-95.4006,30.05997],[-95.4033,30.06346],[-95.40235,30.06401],[-95.39982,30.06153],[-95.39707,30.05963],[-95.3957,30.0613],[-95.39703,30.0631],[-95.39794,30.06259],[-95.40099,30.06477],[-95.39997,30.06531],[-95.40199,30.06612],[-95.4043,30.06483],[-95.40534,30.06625],[-95.40221,30.06628],[-95.39987,30.06538],[-95.39777,30.06657],[-95.39679,30.06521],[-95.39754,30.06481],[-95.39592,30.06385],[-95.39534,30.06417],[-95.39495,30.06348],[-95.39392,30.06386],[-95.39324,30.06296],[-95.3917,30.06348],[-95.38832,30.06534],[-95.37927,30.0703],[-95.37904,30.07037],[-95.37819,30.07066],[-95.37471,30.07255],[-95.37302,30.07014],[-95.37231,30.07076],[-95.36902,30.06786],[-95.36758,30.06835],[-95.36306,30.06222],[-95.36443,30.06245],[-95.36573,30.06318],[-95.37006,30.06729],[-95.37206,30.06923],[-95.37477,30.07056],[-95.37565,30.06976],[-95.37904,30.07024],[-95.38825,30.06525],[-95.39465,30.06174],[-95.3973,30.05906],[-95.3931,30.05677],[-95.3926,30.05733],[-95.39121,30.05538],[-95.39161,30.05517],[-95.39107,30.05481],[-95.39003,30.05372],[-95.38835,30.05387],[-95.3895,30.05321],[-95.387,30.04991],[-95.38682,30.04863],[-95.38635,30.04884],[-95.38557,30.04783],[-95.38619,30.04751],[-95.38415,30.0441],[-95.38311,30.04462],[-95.38204,30.04292],[-95.38005,30.04388],[-95.38001,30.04382],[-95.37793,30.04483],[-95.38152,30.04299],[-95.38255,30.04168],[-95.3823,30.04038],[-95.38118,30.03407],[-95.37998,30.0332],[-95.38076,30.03313],[-95.3807,30.03014],[-95.37892,30.02768],[-95.36749,30.03385],[-95.36584,30.03472],[-95.3665,30.03564],[-95.36496,30.03517],[-95.36269,30.0364],[-95.3622,30.03671],[-95.355,30.04063],[-95.3533,30.04157],[-95.3497,30.04355],[-95.34969,30.04603],[-95.34777,30.0471],[-95.34982,30.04728],[-95.3492,30.04908],[-95.34679,30.04603],[-95.34639,30.04528],[-95.34345,30.04694],[-95.34265,30.04739],[-95.34268,30.04776],[-95.34316,30.0482],[-95.34095,30.04945],[-95.34094,30.04835],[-95.33977,30.049],[-95.33978,30.0473],[-95.34268,30.04622],[-95.34552,30.04499],[-95.34442,30.04265],[-95.3428,30.04268],[-95.34323,30.04079],[-95.34398,30.04118],[-95.34475,30.04194],[-95.34551,30.04311],[-95.34858,30.04201],[-95.34975,30.04331],[-95.36742,30.03367],[-95.37929,30.02724],[-95.38121,30.02594],[-95.38068,30.02324],[-95.37988,30.0228],[-95.38064,30.02262],[-95.38031,30.02124],[-95.37759,30.02168],[-95.37617,30.0198],[-95.37974,30.02031],[-95.36238,30.01709],[-95.33094,30.01169],[-95.33021,30.02013],[-95.3338,30.02013],[-95.3392,30.01767],[-95.34081,30.02051],[-95.33696,30.0226],[-95.33836,30.02456],[-95.33907,30.02689],[-95.33775,30.02702],[-95.33394,30.02132],[-95.33001,30.02344],[-95.32998,30.01624],[-95.32994,30.01352],[-95.32729,30.01353],[-95.32732,30.01473],[-95.32505,30.01473],[-95.32504,30.01355],[-95.32127,30.01356],[-95.32127,30.01248],[-95.32934,30.0125],[-95.3301,30.01201],[-95.33012,30.01154],[-95.32128,30.0082],[-95.32126,30.01041],[-95.31815,30.01044],[-95.31819,30.00931],[-95.31759,30.00928],[-95.31796,30.00766],[-95.31565,30.00677],[-95.31597,30.00619],[-95.31462,30.00566],[-95.31418,30.00714],[-95.31606,30.00804],[-95.31613,30.00974],[-95.3125,30.0104],[-95.30811,30.00991],[-95.3089,30.00634],[-95.30891,30.00437],[-95.30891,30.00423],[-95.30889,30.00308],[-95.30381,30.00128],[-95.29771,30.0012],[-95.2958,30.00138],[-95.29578,30.00459],[-95.29518,30.00485],[-95.29519,30.005],[-95.29453,30.00502],[-95.29581,30.00609],[-95.29382,30.00609],[-95.29326,30.00524],[-95.28683,30.00523],[-95.28686,30.00683],[-95.28453,30.00681],[-95.28449,30.00503],[-95.28421,30.00504],[-95.28421,30.0049],[-95.28421,30.00151],[-95.27713,30.00157],[-95.27702,29.99738],[-95.27714,29.99732],[-95.27773,29.99688],[-95.27805,29.99614],[-95.278,29.9892],[-95.27708,29.98892],[-95.2771,29.98806],[-95.27561,29.98759],[-95.27701,29.98439],[-95.27667,29.98376],[-95.2763,29.98233],[-95.27636,29.98213],[-95.27657,29.9816],[-95.27721,29.97947],[-95.27872,29.97709],[-95.28391,29.96548],[-95.28701,29.95848],[-95.28356,29.95777],[-95.28174,29.95688],[-95.28138,29.95665],[-95.27698,29.95476],[-95.27607,29.95398],[-95.26997,29.95403],[-95.26872,29.95474],[-95.26832,29.95458],[-95.26822,29.95455],[-95.26635,29.95617],[-95.26591,29.95632],[-95.2604,29.95885],[-95.25808,29.95994],[-95.25775,29.96011],[-95.25397,29.96181],[-95.25365,29.96189],[-95.25272,29.96202],[-95.24803,29.9621],[-95.24804,29.96237],[-95.24568,29.96233],[-95.24555,29.96926],[-95.24423,29.96925],[-95.24418,29.96663],[-95.24209,29.96429],[-95.24057,29.96535],[-95.2422,29.96805],[-95.23649,29.96814],[-95.23523,29.969],[-95.23523,29.9689],[-95.24414,29.96277],[-95.24535,29.96216],[-95.24802,29.96197],[-95.24803,29.96207],[-95.25352,29.96189],[-95.25378,29.96183],[-95.2654,29.9564],[-95.26536,29.95514],[-95.26792,29.9543],[-95.26759,29.9537],[-95.26968,29.9531],[-95.27018,29.95265],[-95.26939,29.95202],[-95.27076,29.95076],[-95.27203,29.95075],[-95.28155,29.94194],[-95.28075,29.94118],[-95.27556,29.94076],[-95.27558,29.94358],[-95.2742,29.94361],[-95.27416,29.94156],[-95.27163,29.94159],[-95.27162,29.94042],[-95.26845,29.94046],[-95.26829,29.93998],[-95.26807,29.93909],[-95.26035,29.93845],[-95.25741,29.93695],[-95.25588,29.93599],[-95.25547,29.93578],[-95.25388,29.93604],[-95.25403,29.93757],[-95.24956,29.9374],[-95.24956,29.93855],[-95.24696,29.93666],[-95.24449,29.9366],[-95.24436,29.93518],[-95.23419,29.93438],[-95.23238,29.93441],[-95.23248,29.93519],[-95.22958,29.93519],[-95.22959,29.93598],[-95.22728,29.936],[-95.22557,29.9373],[-95.22444,29.93463],[-95.21894,29.9347],[-95.21858,29.9347],[-95.21857,29.93591],[-95.21453,29.93592],[-95.21453,29.9348],[-95.21318,29.93479],[-95.21315,29.9357],[-95.21257,29.93578],[-95.21163,29.93578],[-95.21156,29.93473],[-95.21157,29.93442],[-95.21156,29.93419],[-95.21233,29.93385],[-95.22918,29.93359],[-95.23873,29.93393],[-95.23891,29.93279],[-95.23909,29.93241],[-95.24299,29.93437],[-95.24431,29.93433],[-95.24429,29.93317],[-95.24593,29.93316],[-95.24593,29.93244],[-95.24697,29.93244],[-95.247,29.9342],[-95.24725,29.9342],[-95.24721,29.93173],[-95.25735,29.93152],[-95.26001,29.93258],[-95.25957,29.93425],[-95.26047,29.93551],[-95.26432,29.93674],[-95.26539,29.93472],[-95.26848,29.93479],[-95.27104,29.93476],[-95.27104,29.93839],[-95.26959,29.9384],[-95.27132,29.93898],[-95.27297,29.93894],[-95.27294,29.93477],[-95.28759,29.93459],[-95.28772,29.93643],[-95.28944,29.93475],[-95.29415,29.93066],[-95.30007,29.93071],[-95.30305,29.93059],[-95.30314,29.93322],[-95.30334,29.93772],[-95.30343,29.93983],[-95.30344,29.93994],[-95.30344,29.94006],[-95.3035,29.94125],[-95.31104,29.94138],[-95.31815,29.94054],[-95.31199,29.93974],[-95.31199,29.9395],[-95.31199,29.93928],[-95.31263,29.93811],[-95.31249,29.93047],[-95.31333,29.93045],[-95.31339,29.93422],[-95.31496,29.9342],[-95.31503,29.93755],[-95.31562,29.93755],[-95.31682,29.93753],[-95.31791,29.93895],[-95.31752,29.93039],[-95.31626,29.9304],[-95.31544,29.93041],[-95.31531,29.92129],[-95.31724,29.92126],[-95.31729,29.92432],[-95.3185,29.92431],[-95.31853,29.92621],[-95.32623,29.92614],[-95.3262,29.92305],[-95.33083,29.923],[-95.33119,29.92563],[-95.33111,29.92979],[-95.33156,29.93016],[-95.3317,29.93016],[-95.33173,29.93885],[-95.33336,29.93887],[-95.33357,29.9334],[-95.34229,29.93318],[-95.34234,29.93567],[-95.34546,29.93583],[-95.34555,29.93867],[-95.34992,29.93863],[-95.34988,29.93684],[-95.35423,29.93681],[-95.35422,29.935],[-95.35606,29.93498],[-95.35593,29.93136],[-95.35532,29.91319],[-95.35505,29.90595],[-95.35495,29.90234],[-95.3548,29.89773],[-95.34854,29.89777],[-95.34858,29.89877],[-95.34054,29.89882],[-95.34048,29.89397],[-95.33659,29.89402],[-95.33307,29.89404],[-95.33296,29.88819],[-95.34436,29.88815],[-95.35485,29.88807],[-95.35502,29.8827],[-95.35508,29.87998],[-95.35511,29.87877],[-95.35508,29.87717],[-95.35178,29.87099],[-95.3411,29.87107],[-95.34085,29.87293],[-95.34175,29.8747],[-95.33564,29.87476],[-95.3355,29.87475],[-95.33494,29.87475],[-95.33488,29.87102],[-95.33163,29.87092],[-95.33052,29.87048],[-95.33264,29.86689],[-95.33242,29.86652],[-95.3167,29.86666],[-95.31521,29.87032],[-95.30678,29.89118],[-95.30659,29.89118],[-95.30282,29.89118],[-95.30093,29.89119],[-95.30097,29.89375],[-95.30083,29.89522],[-95.30089,29.89931],[-95.30091,29.90075],[-95.29978,29.90058],[-95.29978,29.90352],[-95.29588,29.90358],[-95.29596,29.90797],[-95.29149,29.90801],[-95.29158,29.9145],[-95.29159,29.91464],[-95.29153,29.91471],[-95.28986,29.91433],[-95.28931,29.91438],[-95.2885,29.91438],[-95.2881,29.91383],[-95.28737,29.91337],[-95.28755,29.89942],[-95.28794,29.89941],[-95.28981,29.89939],[-95.28977,29.89739],[-95.2973,29.89729],[-95.29723,29.8913],[-95.29654,29.89131],[-95.2878,29.89142],[-95.28769,29.88533],[-95.28204,29.88543],[-95.28201,29.88308],[-95.2805,29.88309],[-95.28036,29.87474],[-95.26533,29.87481],[-95.2626,29.87482],[-95.24789,29.87501],[-95.24788,29.85751],[-95.22983,29.85773],[-95.22846,29.85684],[-95.22858,29.8538],[-95.2285,29.8534],[-95.22849,29.85338],[-95.22847,29.85336],[-95.22846,29.85334],[-95.22845,29.85332],[-95.22844,29.8533],[-95.22843,29.85327],[-95.22842,29.85325],[-95.22841,29.85322],[-95.22841,29.8532],[-95.22841,29.85317],[-95.22841,29.85315],[-95.22841,29.85313],[-95.22842,29.85311],[-95.22843,29.85308],[-95.22843,29.85306],[-95.22846,29.85303],[-95.22847,29.85301],[-95.22848,29.85299],[-95.22834,29.85257],[-95.22848,29.84988],[-95.22857,29.84988],[-95.22847,29.84747],[-95.22407,29.84746],[-95.22694,29.84293],[-95.22734,29.84132],[-95.22911,29.84145],[-95.23144,29.84101],[-95.23148,29.84102],[-95.23184,29.84008],[-95.23229,29.83971],[-95.23272,29.83969],[-95.23315,29.83951],[-95.23418,29.83809],[-95.2328,29.83672],[-95.23261,29.83651],[-95.23067,29.83481],[-95.23023,29.83221],[-95.23143,29.82998],[-95.23047,29.82835],[-95.23036,29.82576],[-95.22992,29.82456],[-95.22975,29.82426],[-95.22837,29.82185],[-95.22864,29.82135],[-95.22875,29.82146],[-95.22896,29.82136],[-95.22912,29.8211],[-95.2292,29.82106],[-95.23075,29.81842],[-95.23084,29.81752],[-95.22875,29.81586],[-95.22881,29.81575],[-95.22521,29.8189],[-95.22318,29.81889],[-95.22329,29.82294],[-95.22505,29.82579],[-95.22452,29.8258],[-95.22055,29.82587],[-95.21938,29.82586],[-95.21938,29.82602],[-95.21939,29.82624],[-95.21915,29.82624],[-95.21878,29.82625],[-95.21276,29.82636],[-95.21275,29.82273],[-95.2081,29.8228],[-95.20265,29.8229],[-95.20263,29.82063],[-95.20256,29.81733],[-95.20245,29.81195],[-95.21073,29.81182],[-95.21262,29.80988],[-95.21422,29.8064],[-95.2128,29.80521],[-95.21116,29.80494],[-95.20894,29.80295],[-95.20728,29.80009],[-95.20379,29.79668],[-95.20415,29.79562],[-95.2068,29.79555],[-95.2063,29.79384],[-95.20651,29.79382],[-95.20653,29.79326],[-95.20638,29.79226],[-95.2059,29.79124],[-95.20577,29.79109],[-95.2064,29.78964],[-95.20926,29.78983],[-95.20984,29.78969],[-95.21214,29.78791],[-95.2142,29.78743],[-95.21501,29.78621],[-95.21383,29.78329],[-95.21271,29.78032],[-95.21071,29.77893],[-95.20854,29.77904],[-95.2081,29.77653],[-95.20642,29.7755],[-95.20646,29.77769],[-95.20637,29.77855],[-95.20475,29.77829],[-95.20306,29.78149],[-95.20415,29.78221],[-95.20526,29.78133],[-95.20591,29.77958],[-95.2061,29.77962],[-95.20613,29.77954],[-95.20664,29.77966],[-95.20559,29.78107],[-95.20553,29.78126],[-95.20613,29.78143],[-95.20556,29.78298],[-95.20498,29.78281],[-95.2049,29.78302],[-95.20549,29.7832],[-95.20349,29.78614],[-95.20331,29.78624],[-95.20235,29.78999],[-95.20338,29.79138],[-95.20543,29.79133],[-95.206,29.7922],[-95.20223,29.79214],[-95.19886,29.79215],[-95.19773,29.79164],[-95.19987,29.79078],[-95.19966,29.78885],[-95.2021,29.78895],[-95.2026,29.78681],[-95.20319,29.78597],[-95.20223,29.78551],[-95.20157,29.78562],[-95.2009,29.78585],[-95.19998,29.7861],[-95.19979,29.78603],[-95.19951,29.78616],[-95.19831,29.78621],[-95.19687,29.78741],[-95.19448,29.78831],[-95.19025,29.79306],[-95.18668,29.79737],[-95.18246,29.80244],[-95.18249,29.80334],[-95.18448,29.80346],[-95.18496,29.80586],[-95.18735,29.80506],[-95.18735,29.80566],[-95.18827,29.80569],[-95.18478,29.8061],[-95.18483,29.80745],[-95.18253,29.80748],[-95.18226,29.80635],[-95.17952,29.80625],[-95.17331,29.82279],[-95.17131,29.82804],[-95.1684,29.8356],[-95.16819,29.83613],[-95.16806,29.83659],[-95.16723,29.83885],[-95.16724,29.84827],[-95.16677,29.85161],[-95.16631,29.8546],[-95.16148,29.87672],[-95.1612,29.88474],[-95.15964,29.88598],[-95.153,29.90105],[-95.15287,29.90133],[-95.15397,29.90091],[-95.15491,29.90108],[-95.15542,29.90133],[-95.15582,29.9017],[-95.15603,29.90227],[-95.15605,29.90269],[-95.15553,29.90646],[-95.15596,29.90834],[-95.15696,29.91017],[-95.15925,29.9125],[-95.16205,29.9155],[-95.16341,29.91759],[-95.18705,29.91751],[-95.1957,29.91749],[-95.20008,29.91748],[-95.1993,29.92273],[-95.19933,29.924],[-95.19943,29.92477],[-95.20084,29.92788],[-95.20596,29.93232],[-95.2041,29.93415],[-95.20374,29.9345],[-95.19479,29.93457],[-95.1776,29.93499],[-95.17663,29.93523],[-95.1768,29.93797],[-95.17718,29.95323],[-95.17729,29.95401],[-95.18344,29.95395],[-95.16988,29.9671],[-95.15671,29.97984],[-95.14218,29.97993],[-95.14191,29.98113],[-95.13918,29.98134],[-95.13532,29.98395],[-95.13596,29.98559],[-95.13638,29.98615],[-95.13989,29.98782],[-95.14249,29.98987],[-95.14424,29.98959],[-95.14547,29.98961],[-95.14592,29.9904],[-95.14618,29.99124],[-95.14152,29.9927],[-95.14044,29.99365],[-95.14137,29.99695],[-95.14309,29.99764],[-95.14191,29.99995],[-95.14578,29.9999],[-95.14581,30.00198],[-95.14581,30.00206],[-95.1409,30.00266],[-95.1415,30.00529],[-95.14014,30.00306],[-95.13832,30.00501],[-95.13906,30.00631],[-95.14226,30.00928],[-95.14384,30.00863],[-95.14327,30.00725],[-95.14337,30.00663],[-95.14782,30.00523],[-95.14835,30.00608],[-95.15157,30.00418],[-95.15041,30.00273],[-95.15291,30.0021],[-95.15284,30.00185],[-95.15001,29.99972],[-95.14989,29.99769],[-95.15063,29.9977],[-95.1594,29.99791],[-95.15988,29.99696],[-95.15959,29.99439],[-95.15866,29.9935],[-95.16001,29.99074],[-95.16041,29.98995],[-95.16142,29.98937],[-95.16149,29.98937],[-95.16163,29.99436],[-95.16181,29.99635],[-95.16467,29.99581],[-95.16522,29.99731],[-95.16799,29.99648],[-95.17594,29.99386],[-95.17802,29.99256],[-95.17831,29.99179],[-95.18114,29.99215],[-95.18502,29.99088],[-95.18803,29.98989],[-95.18764,29.98891],[-95.18883,29.98852],[-95.18859,29.98798],[-95.18728,29.9877],[-95.18993,29.98752],[-95.19004,29.98662],[-95.19153,29.98634],[-95.19123,29.98561],[-95.19077,29.98422],[-95.19057,29.9823],[-95.19048,29.98047],[-95.18692,29.98049],[-95.18684,29.9789],[-95.18434,29.97903],[-95.17789,29.98167],[-95.17722,29.98099],[-95.16937,29.98228],[-95.16367,29.98245],[-95.16284,29.98767],[-95.16165,29.98875],[-95.16148,29.98889],[-95.16139,29.98499],[-95.16154,29.984],[-95.1623,29.98232],[-95.16363,29.98089],[-95.1571,29.97986],[-95.15802,29.97895],[-95.15973,29.97752],[-95.16926,29.97746],[-95.16536,29.97981],[-95.16888,29.97978],[-95.16889,29.98191],[-95.17544,29.98087],[-95.17809,29.98071],[-95.18037,29.98036],[-95.183,29.97907],[-95.18407,29.97873],[-95.18671,29.97857],[-95.18715,29.97696],[-95.18799,29.97677],[-95.19144,29.97834],[-95.19177,29.97741],[-95.19273,29.97737],[-95.1934,29.97919],[-95.19585,29.97916],[-95.202,29.97789],[-95.21234,29.97783],[-95.21486,29.97796],[-95.21675,29.97862],[-95.21906,29.97705],[-95.21906,29.97836],[-95.22533,29.97486],[-95.22508,29.97366],[-95.22592,29.97123],[-95.22609,29.97449],[-95.23299,29.97042],[-95.22994,29.97269],[-95.21785,29.97932],[-95.21756,29.97927],[-95.21743,29.97934],[-95.21424,29.98108],[-95.21334,29.97983],[-95.21389,29.97798],[-95.21234,29.97795],[-95.20534,29.97794],[-95.20534,29.97901],[-95.20321,29.979],[-95.20093,29.97932],[-95.19769,29.98014],[-95.19607,29.98038],[-95.19596,29.97932],[-95.1958,29.97933],[-95.1954,29.97936],[-95.19203,29.98008],[-95.1918,29.98283],[-95.19297,29.98666],[-95.19386,29.98701],[-95.19778,29.9857],[-95.20352,29.98411],[-95.20353,29.98483],[-95.19814,29.98662],[-95.1926,29.98846],[-95.18834,29.98988],[-95.18506,29.99098],[-95.17835,29.99321],[-95.17842,29.99837],[-95.18367,29.9985],[-95.18339,29.9976],[-95.18804,29.99759],[-95.18942,29.99681],[-95.19739,29.99677],[-95.19962,29.99704],[-95.19961,29.99893],[-95.20032,29.99776],[-95.20165,29.99892],[-95.20695,29.99852],[-95.21242,29.99929],[-95.23058,29.9992],[-95.23182,29.99918],[-95.23174,29.97871],[-95.23174,29.97543],[-95.23539,29.97535],[-95.23601,29.97535],[-95.23602,29.97806],[-95.2366,29.97808],[-95.23658,29.99902],[-95.23657,29.99932],[-95.23742,30.00226],[-95.24048,30.0053],[-95.24286,30.0061],[-95.24266,30.01621],[-95.24281,30.01764],[-95.24424,30.02051],[-95.24744,30.02282],[-95.25021,30.0234],[-95.25022,30.02627],[-95.25022,30.0271],[-95.25055,30.02702],[-95.25147,30.02657],[-95.2535,30.02648],[-95.25379,30.02633],[-95.2582,30.02389],[-95.2582,30.02595],[-95.25919,30.02613],[-95.26128,30.02694],[-95.26297,30.03073],[-95.26414,30.03207],[-95.26829,30.03168],[-95.27099,30.0324],[-95.27691,30.03147],[-95.27716,30.0313],[-95.28311,30.03058],[-95.28474,30.0299],[-95.28468,30.0213],[-95.29338,30.02118],[-95.29346,30.02904],[-95.29391,30.04291],[-95.27107,30.04287],[-95.26239,30.04286],[-95.26261,30.05185],[-95.26403,30.05168],[-95.26424,30.05888],[-95.26527,30.05976],[-95.26267,30.06033],[-95.26277,30.06802],[-95.26282,30.06885],[-95.2628,30.0714],[-95.25535,30.07143],[-95.24627,30.07158],[-95.24481,30.07028],[-95.24086,30.07033],[-95.2415,30.06847],[-95.24095,30.06844],[-95.23303,30.06861],[-95.23294,30.06697],[-95.2355,30.06737],[-95.24209,30.06677],[-95.24364,30.06227],[-95.24402,30.06116],[-95.24608,30.05773],[-95.24986,30.0576],[-95.24983,30.05565],[-95.24629,30.05575],[-95.24759,30.05195],[-95.24585,30.05458],[-95.24347,30.0546],[-95.23916,30.05465],[-95.23898,30.05207],[-95.23629,30.05211],[-95.22736,30.05226],[-95.22735,30.05482],[-95.22733,30.06169],[-95.22274,30.06541],[-95.22275,30.06865],[-95.21996,30.06885],[-95.2183,30.06904],[-95.21485,30.07174],[-95.21575,30.07239],[-95.21763,30.07252],[-95.21761,30.07281],[-95.21765,30.07311],[-95.21775,30.07342],[-95.21788,30.07367],[-95.21824,30.07425],[-95.21835,30.07447],[-95.21826,30.07637],[-95.21612,30.07693],[-95.21438,30.07682],[-95.21405,30.07524],[-95.21241,30.07532],[-95.21194,30.0742],[-95.2114,30.07462],[-95.204,30.08022],[-95.20034,30.08345],[-95.19572,30.08732],[-95.18053,30.09945],[-95.17285,30.10567],[-95.16656,30.11073],[-95.16655,30.10928],[-95.16565,30.10682],[-95.16294,30.10089],[-95.15859,30.09494],[-95.15137,30.08594],[-95.14994,30.08419],[-95.14827,30.08473],[-95.14692,30.08357],[-95.14712,30.08247],[-95.14448,30.08382],[-95.14153,30.07972],[-95.14329,30.07862],[-95.14032,30.07525],[-95.14058,30.07388],[-95.13506,30.07413],[-95.13706,30.07297],[-95.13912,30.07083],[-95.13849,30.07005],[-95.12779,30.06653],[-95.12759,30.06751],[-95.12129,30.06688],[-95.12156,30.06478],[-95.11037,30.06163],[-95.11035,30.06022],[-95.1073,30.06026],[-95.11028,30.06675],[-95.10776,30.0667],[-95.10184,30.06677],[-95.10176,30.06105],[-95.10175,30.06029],[-95.1003,30.06031],[-95.09642,30.06038],[-95.09571,30.05731],[-95.09336,30.04786],[-95.09814,30.04782],[-95.09914,30.04601],[-95.11701,30.04587],[-95.11727,30.04353],[-95.11454,30.04319],[-95.11213,30.04106],[-95.10798,30.04112],[-95.10802,30.04357],[-95.0975,30.04368],[-95.09746,30.0436],[-95.09855,30.03825],[-95.10007,30.03183],[-95.10091,30.02826],[-95.10194,30.02825],[-95.10175,30.02419],[-95.09946,30.02423],[-95.09942,30.02058],[-95.09938,30.01937],[-95.10294,30.01931],[-95.1096,29.98951],[-95.1099,29.9882],[-95.11032,29.98663],[-95.11067,29.98587],[-95.12227,29.98557],[-95.12236,29.98497],[-95.12236,29.98408],[-95.12071,29.98128],[-95.11864,29.98235],[-95.11662,29.98065],[-95.11967,29.98013],[-95.11959,29.97993],[-95.12012,29.97966],[-95.12035,29.97671],[-95.12149,29.97479],[-95.12126,29.97045],[-95.12258,29.97078],[-95.1235,29.96873],[-95.12289,29.96734],[-95.12527,29.96572],[-95.11435,29.96582],[-95.11801,29.95623],[-95.13628,29.95587],[-95.13421,29.95496],[-95.13677,29.95493],[-95.1373,29.95207],[-95.13935,29.95028],[-95.14167,29.94975],[-95.14234,29.94814],[-95.14043,29.94817],[-95.13914,29.94913],[-95.13911,29.94806],[-95.14269,29.94803],[-95.143,29.94924],[-95.14701,29.94882],[-95.14712,29.94644],[-95.14541,29.94474],[-95.14286,29.94376],[-95.13957,29.94494],[-95.14129,29.9429],[-95.13964,29.94114],[-95.11281,29.94189],[-95.11244,29.92022],[-95.11879,29.92024],[-95.11966,29.91913],[-95.12151,29.91579],[-95.12398,29.91465],[-95.12337,29.9113],[-95.12373,29.91032],[-95.12455,29.9081],[-95.1245,29.90657],[-95.12383,29.90543],[-95.12195,29.90355],[-95.12057,29.90214],[-95.1214,29.90216],[-95.13177,29.90203],[-95.13399,29.90297],[-95.15096,29.90276],[-95.14849,29.90838],[-95.14072,29.91267],[-95.14923,29.90858],[-95.15201,29.90216],[-95.15204,29.90079],[-95.15333,29.89923],[-95.1593,29.88576],[-95.16085,29.88457],[-95.16091,29.88347],[-95.16081,29.8776],[-95.1663,29.85176],[-95.16632,29.85169],[-95.16685,29.84851],[-95.16672,29.83854],[-95.16735,29.83685],[-95.16751,29.83642],[-95.16769,29.8359],[-95.17053,29.82809],[-95.16649,29.82177],[-95.16533,29.81927],[-95.1646,29.81753],[-95.16326,29.81204],[-95.16137,29.81318],[-95.15838,29.81017],[-95.15469,29.81207],[-95.1546,29.81149],[-95.15416,29.81324],[-95.14957,29.81321],[-95.14279,29.81545],[-95.13984,29.81649],[-95.13974,29.81294],[-95.14258,29.8139],[-95.14208,29.80568],[-95.14181,29.79673],[-95.1412,29.79493],[-95.13922,29.79498],[-95.13914,29.79254],[-95.14049,29.79253],[-95.14064,29.7932],[-95.14079,29.79317],[-95.14168,29.79514],[-95.14179,29.79549],[-95.14216,29.79804],[-95.14257,29.7988],[-95.14219,29.7988],[-95.14254,29.8095],[-95.14289,29.81401],[-95.14432,29.81473],[-95.15083,29.81226],[-95.15236,29.81031],[-95.15365,29.81123],[-95.15867,29.80978],[-95.15869,29.80995],[-95.16131,29.80927],[-95.16199,29.80769],[-95.16166,29.79646],[-95.16263,29.79611],[-95.16215,29.79427],[-95.16012,29.79445],[-95.16057,29.79365],[-95.15923,29.79065],[-95.15897,29.79062],[-95.15821,29.79049],[-95.15839,29.7909],[-95.15708,29.7909],[-95.15671,29.79079],[-95.15709,29.79012],[-95.15451,29.78907],[-95.15243,29.78884],[-95.15108,29.78885],[-95.14407,29.78893],[-95.14311,29.78894],[-95.14312,29.78928],[-95.14244,29.78929],[-95.14243,29.78895],[-95.14028,29.78897],[-95.13682,29.78901],[-95.13387,29.78904],[-95.13386,29.78912],[-95.13387,29.78938],[-95.13368,29.78938],[-95.13367,29.78904],[-95.13272,29.78906],[-95.13273,29.78939],[-95.13254,29.7894],[-95.13254,29.78906],[-95.13419,29.78786],[-95.13441,29.78887],[-95.14027,29.78881],[-95.14935,29.78873],[-95.15352,29.7887],[-95.15823,29.78905],[-95.16005,29.789],[-95.15854,29.78512],[-95.15818,29.78304],[-95.15768,29.78247],[-95.15659,29.78227],[-95.15481,29.78146],[-95.15483,29.78139],[-95.15297,29.781],[-95.15214,29.78101],[-95.15215,29.78044],[-95.15486,29.78129],[-95.15547,29.78144],[-95.15699,29.7822],[-95.15813,29.78231],[-95.15808,29.78082],[-95.15611,29.78081],[-95.15522,29.78026],[-95.15656,29.77805],[-95.1568,29.77755],[-95.15773,29.77801],[-95.15642,29.77534],[-95.15579,29.77448],[-95.15531,29.77395],[-95.15569,29.77374],[-95.15504,29.77304],[-95.15461,29.77323],[-95.15366,29.77226],[-95.1534,29.77214],[-95.15231,29.77227],[-95.15199,29.77232],[-95.15228,29.77225],[-95.15228,29.77218],[-95.15278,29.77219],[-95.1541,29.77202],[-95.15945,29.77143],[-95.16051,29.77107],[-95.16289,29.76965],[-95.16615,29.76787],[-95.16693,29.76758],[-95.16753,29.76748],[-95.17265,29.7674],[-95.18129,29.7671],[-95.1822,29.77018],[-95.18223,29.7672],[-95.18871,29.76707],[-95.18847,29.76493],[-95.18938,29.76319],[-95.19118,29.76175],[-95.19222,29.75941],[-95.19139,29.75731],[-95.19392,29.75793],[-95.20764,29.75774],[-95.20444,29.76056],[-95.20208,29.75994],[-95.20181,29.75801],[-95.20055,29.75913],[-95.20355,29.76163],[-95.20574,29.76216],[-95.21028,29.75808],[-95.21018,29.75767],[-95.20961,29.74173],[-95.20828,29.7435],[-95.20507,29.74614],[-95.20222,29.74769],[-95.19615,29.74959],[-95.19235,29.75135],[-95.18802,29.75237],[-95.18495,29.7525],[-95.18122,29.74912],[-95.18259,29.75103],[-95.18124,29.75272],[-95.17611,29.75353],[-95.17263,29.75378],[-95.16739,29.75318],[-95.16436,29.75239],[-95.16133,29.75121],[-95.15231,29.7453],[-95.15024,29.74319],[-95.14746,29.74337],[-95.13967,29.74274],[-95.13416,29.74134],[-95.13025,29.74078],[-95.12852,29.74095],[-95.1271,29.7413],[-95.11896,29.74508],[-95.11594,29.746],[-95.11088,29.74698],[-95.10985,29.74785],[-95.10802,29.75074],[-95.10478,29.75415],[-95.09962,29.75709],[-95.09924,29.75824],[-95.09824,29.76064],[-95.09672,29.76331],[-95.09448,29.76576],[-95.08868,29.76902],[-95.08284,29.77012],[-95.07721,29.76957],[-95.07415,29.76858],[-95.06848,29.7655],[-95.06503,29.76338],[-95.06212,29.76066],[-95.05987,29.75805],[-95.05734,29.75387],[-95.05601,29.74933],[-95.05513,29.74733],[-95.05276,29.74376],[-95.04884,29.74061],[-95.04414,29.73852],[-95.03993,29.73766],[-95.03457,29.7373],[-95.02895,29.73662],[-95.02343,29.73521],[-95.02191,29.73442],[-95.01556,29.72949],[-95.01425,29.72781],[-95.01357,29.7258],[-95.0134,29.72264],[-95.01369,29.71282],[-95.01349,29.71074],[-95.01264,29.70951],[-95.0161,29.70678],[-95.0165,29.70687],[-95.01859,29.70524],[-95.01968,29.70437],[-95.0196,29.704],[-95.02193,29.70209],[-95.0242,29.7003],[-95.0259,29.70231],[-95.02746,29.70482],[-95.02919,29.71012],[-95.0293,29.71083],[-95.02954,29.71425],[-95.02902,29.71915],[-95.03025,29.72195],[-95.03296,29.7232],[-95.04352,29.72423],[-95.04741,29.72508],[-95.052,29.72668],[-95.05367,29.72737],[-95.05489,29.72792],[-95.05636,29.7287],[-95.05773,29.72949],[-95.06199,29.7326],[-95.06441,29.73494],[-95.06625,29.73713],[-95.06863,29.74085],[-95.06894,29.74141],[-95.07074,29.74481],[-95.07213,29.74908],[-95.07451,29.75234],[-95.07581,29.75328],[-95.08175,29.75643],[-95.08371,29.75576],[-95.08512,29.75198],[-95.08687,29.74935],[-95.08869,29.74744],[-95.08998,29.74646],[-95.09461,29.74375],[-95.09659,29.74033],[-95.09838,29.73848],[-95.10025,29.7371],[-95.1018,29.73628],[-95.1081,29.73387],[-95.11309,29.73231],[-95.1204,29.72836],[-95.12605,29.72712],[-95.12864,29.72694],[-95.13341,29.72723],[-95.13679,29.72801],[-95.13849,29.72856],[-95.14027,29.72857],[-95.14027,29.7294],[-95.14693,29.72902],[-95.15114,29.72896],[-95.15594,29.72987],[-95.15909,29.73141],[-95.16101,29.73271],[-95.16504,29.73634],[-95.17178,29.73976],[-95.17284,29.74022],[-95.17795,29.73917],[-95.18542,29.73858],[-95.1942,29.7358],[-95.19712,29.73458],[-95.19886,29.73262],[-95.20013,29.73046],[-95.2015,29.72689],[-95.20353,29.72365],[-95.20703,29.72085],[-95.20871,29.71989],[-95.21206,29.71846],[-95.21619,29.71759],[-95.22002,29.71758],[-95.22002,29.71742],[-95.22312,29.71778],[-95.22557,29.71831],[-95.22621,29.71832],[-95.22618,29.71588],[-95.22609,29.70995],[-95.22821,29.70977],[-95.22814,29.70766],[-95.22812,29.70154],[-95.22809,29.69056],[-95.23454,29.69049],[-95.23242,29.68742],[-95.22951,29.68332],[-95.22729,29.68012],[-95.22414,29.67588],[-95.22842,29.67578],[-95.22825,29.66982],[-95.23053,29.66978],[-95.23338,29.66976],[-95.23413,29.66974],[-95.23554,29.67031],[-95.23616,29.67032],[-95.23905,29.67032],[-95.2421,29.67019],[-95.24822,29.67013],[-95.24947,29.67034],[-95.24944,29.66973],[-95.24927,29.65621],[-95.24918,29.6533],[-95.24917,29.65221],[-95.23928,29.65253],[-95.23345,29.6526],[-95.22577,29.65266],[-95.22303,29.6527],[-95.21652,29.65278],[-95.21646,29.65101],[-95.21134,29.65089],[-95.20797,29.65098],[-95.20789,29.64711],[-95.20779,29.64385],[-95.20356,29.64394],[-95.19978,29.644],[-95.19843,29.64222],[-95.1957,29.63862],[-95.19263,29.63457],[-95.19279,29.63137],[-95.19078,29.63025],[-95.18211,29.63036],[-95.18121,29.63036],[-95.17031,29.63058],[-95.14273,29.63122],[-95.13962,29.63305],[-95.13915,29.6332],[-95.13057,29.6333],[-95.12238,29.63348],[-95.12248,29.63036],[-95.12175,29.62797],[-95.12001,29.62548],[-95.11822,29.62404],[-95.11415,29.62247],[-95.11331,29.60754],[-95.10811,29.60778],[-95.10758,29.59963],[-95.10713,29.59717],[-95.10525,29.59295],[-95.10254,29.58974],[-95.10251,29.58577],[-95.10356,29.58336],[-95.10192,29.58179],[-95.10171,29.58037],[-95.09659,29.57905],[-95.09647,29.57932],[-95.09618,29.57925],[-95.09578,29.57929],[-95.09529,29.57905],[-95.09337,29.57814],[-95.09414,29.57674],[-95.0811,29.57139],[-95.07838,29.56091],[-95.07684,29.55933],[-95.07503,29.5585],[-95.07511,29.55835],[-95.07635,29.55634],[-95.07731,29.55557],[-95.07788,29.55529],[-95.08285,29.55367],[-95.09,29.55141],[-95.0902,29.55135],[-95.09281,29.55051],[-95.09543,29.54968],[-95.10254,29.54721],[-95.10279,29.54756],[-95.10396,29.54875],[-95.10412,29.54928],[-95.1057,29.54947],[-95.10639,29.55074],[-95.10907,29.55026],[-95.1086,29.55164],[-95.11081,29.55254],[-95.11239,29.55279],[-95.11428,29.55278],[-95.11637,29.55231],[-95.12168,29.55077],[-95.12621,29.55029],[-95.12825,29.54922],[-95.13354,29.55467],[-95.13367,29.55442],[-95.13497,29.55197],[-95.13696,29.54821],[-95.13914,29.54401],[-95.1402,29.54203],[-95.14271,29.54225],[-95.14581,29.54464],[-95.1438,29.54183],[-95.14425,29.53942],[-95.14452,29.53915],[-95.14244,29.53869],[-95.14414,29.53461],[-95.14303,29.53097],[-95.141,29.52823],[-95.14421,29.52592],[-95.14287,29.52448],[-95.15391,29.52334],[-95.15412,29.53058],[-95.15884,29.53454],[-95.1595,29.53393],[-95.16129,29.53226],[-95.16253,29.52964],[-95.16259,29.52858],[-95.16193,29.52386],[-95.15688,29.52439],[-95.15667,29.52301],[-95.16188,29.52247],[-95.16444,29.52219],[-95.16597,29.52349],[-95.16213,29.52429],[-95.16272,29.52868],[-95.16268,29.52966],[-95.1642,29.52981],[-95.16139,29.53235],[-95.15986,29.53379],[-95.16099,29.53471],[-95.1615,29.53423],[-95.16344,29.5358],[-95.16268,29.53651],[-95.15967,29.53397],[-95.15961,29.53403],[-95.15921,29.53439],[-95.15971,29.53527],[-95.1649,29.5396],[-95.16201,29.54228],[-95.16776,29.54695],[-95.17368,29.55187],[-95.17412,29.55225],[-95.17999,29.55714],[-95.18805,29.56383],[-95.19899,29.57299],[-95.20064,29.57434],[-95.20714,29.5796],[-95.20806,29.5805],[-95.20816,29.58058],[-95.21008,29.58217],[-95.21032,29.58198],[-95.21143,29.58098],[-95.21375,29.58342],[-95.218,29.58073],[-95.21537,29.58326],[-95.21764,29.58565],[-95.21657,29.5866],[-95.21645,29.58674],[-95.21382,29.58455],[-95.21361,29.58474],[-95.21337,29.58496],[-95.21442,29.58583],[-95.21253,29.58759],[-95.21133,29.58692],[-95.20882,29.58885],[-95.20793,29.58967],[-95.20617,29.59135],[-95.20642,29.59156],[-95.20457,29.59285],[-95.20467,29.59292],[-95.20352,29.59665],[-95.20581,29.59856],[-95.208,29.59654],[-95.2106,29.5973],[-95.21152,29.59648],[-95.21584,29.59307],[-95.21934,29.58984],[-95.22125,29.5881],[-95.22457,29.58504],[-95.22411,29.58466],[-95.22336,29.58404],[-95.22511,29.58245],[-95.22544,29.58215],[-95.22775,29.58407],[-95.23083,29.58662],[-95.235,29.59005],[-95.23346,29.59145],[-95.23429,29.5922],[-95.23292,29.59344],[-95.23204,29.59275],[-95.22787,29.59656],[-95.23004,29.59834],[-95.2327,29.60073],[-95.23505,29.60245],[-95.237,29.60066],[-95.23787,29.59987],[-95.24367,29.59976],[-95.24466,29.60063],[-95.24629,29.60198],[-95.2476,29.60082],[-95.24781,29.60061],[-95.24911,29.59939],[-95.2481,29.59858],[-95.24926,29.5975],[-95.24513,29.59398],[-95.2433,29.59248],[-95.24307,29.59259],[-95.23876,29.58907],[-95.23753,29.58776],[-95.24118,29.58439],[-95.24427,29.58154],[-95.24444,29.5821],[-95.24412,29.5834],[-95.24546,29.5837],[-95.24421,29.58485],[-95.24066,29.58623],[-95.23922,29.58774],[-95.23948,29.58934],[-95.24343,29.59118],[-95.24333,29.59246],[-95.24399,29.59193],[-95.24536,29.59304],[-95.25454,29.58543],[-95.25469,29.58529],[-95.26029,29.58988],[-95.26102,29.59103],[-95.26088,29.59174],[-95.26161,29.59316],[-95.26633,29.59464],[-95.26692,29.59457],[-95.26757,29.59384],[-95.27042,29.59471],[-95.2738,29.5944],[-95.27666,29.59485],[-95.27749,29.59612],[-95.28024,29.59552],[-95.28281,29.59775],[-95.28649,29.59789],[-95.28803,29.59833],[-95.29272,29.59764],[-95.29357,29.59652],[-95.29626,29.59624],[-95.29716,29.59655],[-95.29741,29.59652],[-95.29859,29.59704],[-95.29971,29.59612],[-95.30394,29.59517],[-95.30865,29.59492],[-95.30975,29.59504],[-95.3147,29.59801],[-95.3197,29.59823],[-95.32155,29.59701],[-95.32244,29.59672],[-95.32554,29.59806],[-95.32822,29.59812],[-95.33115,29.59911],[-95.33226,29.59893],[-95.33506,29.5963],[-95.33683,29.59544],[-95.33742,29.59386],[-95.34058,29.59274],[-95.3444,29.5891],[-95.3442,29.58741],[-95.34645,29.58555],[-95.34787,29.58576],[-95.34911,29.58653],[-95.35191,29.58545],[-95.35217,29.59466],[-95.35337,29.59932],[-95.35522,29.60529],[-95.35543,29.61219],[-95.36795,29.61225],[-95.38023,29.6123],[-95.38011,29.59958],[-95.38684,29.59929],[-95.38795,29.59951],[-95.40902,29.59927],[-95.42502,29.5991],[-95.42558,29.59923],[-95.42241,29.60635],[-95.44039,29.60616],[-95.44177,29.60613],[-95.44595,29.6061],[-95.44651,29.60609],[-95.44634,29.5907],[-95.44622,29.58133],[-95.45407,29.58117],[-95.4623,29.58097],[-95.47109,29.58083],[-95.48005,29.58066],[-95.4923,29.58027],[-95.49289,29.58023],[-95.50605,29.58029],[-95.50661,29.58031],[-95.51317,29.58009],[-95.51303,29.57428],[-95.50554,29.57442],[-95.50546,29.57232],[-95.52,29.57199],[-95.52021,29.57998],[-95.52041,29.59055],[-95.52043,29.59141],[-95.51245,29.59154],[-95.50873,29.59161],[-95.50891,29.60135],[-95.50892,29.604],[-95.5088,29.61196],[-95.50917,29.61313],[-95.50917,29.61483],[-95.50991,29.61463],[-95.50993,29.61685],[-95.50997,29.62035],[-95.51318,29.62184],[-95.5137,29.62143],[-95.51547,29.6229],[-95.5194,29.62612],[-95.51856,29.6268],[-95.51832,29.62659],[-95.5178,29.62681],[-95.51434,29.62808],[-95.51436,29.62841],[-95.50817,29.63075],[-95.50811,29.63265],[-95.50819,29.63449],[-95.50827,29.64123],[-95.50828,29.64153],[-95.51867,29.64139],[-95.52112,29.64137],[-95.52107,29.63793],[-95.52862,29.63785],[-95.5286,29.63576],[-95.53064,29.63748],[-95.53364,29.64003],[-95.53662,29.64253],[-95.53692,29.64222],[-95.53832,29.64094],[-95.5526,29.64074],[-95.5526,29.64114],[-95.55261,29.64249],[-95.55272,29.64827],[-95.56562,29.64801],[-95.57045,29.64959],[-95.57847,29.652],[-95.58177,29.65352],[-95.5827,29.65395],[-95.58692,29.65592],[-95.58697,29.65594],[-95.59228,29.6584],[-95.59625,29.66023],[-95.5971,29.66047],[-95.59784,29.6606],[-95.60055,29.66076],[-95.60554,29.66107],[-95.61168,29.66148],[-95.6192,29.66199],[-95.61919,29.66085],[-95.62301,29.6608],[-95.62398,29.66001],[-95.625,29.66123],[-95.62578,29.66106],[-95.62582,29.66262],[-95.623,29.6622],[-95.62312,29.66571],[-95.62327,29.6705],[-95.62052,29.67055],[-95.6191,29.67203],[-95.6157,29.67141],[-95.61515,29.67529],[-95.61621,29.67254],[-95.61787,29.67252],[-95.61678,29.67539],[-95.61443,29.67548],[-95.61443,29.6754],[-95.61425,29.67549],[-95.60987,29.67551],[-95.60975,29.67567],[-95.60861,29.67876],[-95.6111,29.6795],[-95.61233,29.67986],[-95.61424,29.67967],[-95.61441,29.67967],[-95.61546,29.67967],[-95.61538,29.68091],[-95.61442,29.68091],[-95.61308,29.68079],[-95.61084,29.68024],[-95.61077,29.68043],[-95.61074,29.6805],[-95.61222,29.68207],[-95.61056,29.68208],[-95.61055,29.6813],[-95.60971,29.68124],[-95.60874,29.68097],[-95.60832,29.68098],[-95.60844,29.68876],[-95.61066,29.68874],[-95.6142,29.6884],[-95.61428,29.6828],[-95.61228,29.68207],[-95.61442,29.6812],[-95.61446,29.68508],[-95.61454,29.68841],[-95.61961,29.68841],[-95.6196,29.68751],[-95.6224,29.68751],[-95.62234,29.68848],[-95.62235,29.68937],[-95.61977,29.69012],[-95.61769,29.68935],[-95.61438,29.68936],[-95.61433,29.68851],[-95.61127,29.68882],[-95.61066,29.68883],[-95.61066,29.68898],[-95.60844,29.68903],[-95.60846,29.69229],[-95.61077,29.69229],[-95.61077,29.69224],[-95.61461,29.69224],[-95.61978,29.69224],[-95.61985,29.69546],[-95.61987,29.69658],[-95.61991,29.70358],[-95.61999,29.71256],[-95.62404,29.71226],[-95.63447,29.71139],[-95.64179,29.71084],[-95.64172,29.70814],[-95.63955,29.70705],[-95.64008,29.70605],[-95.64019,29.70498],[-95.63736,29.70403],[-95.63796,29.70226],[-95.64028,29.70223],[-95.64176,29.70095],[-95.64168,29.69532],[-95.64161,29.69392],[-95.64161,29.6931],[-95.6381,29.69295],[-95.64161,29.69293],[-95.64159,29.69209],[-95.63652,29.69212],[-95.63429,29.69213],[-95.63427,29.69018],[-95.63434,29.69018],[-95.64168,29.68971],[-95.64168,29.68867],[-95.64342,29.68867],[-95.64336,29.68576],[-95.64214,29.68497],[-95.64333,29.68392],[-95.6421,29.68393],[-95.64228,29.68162],[-95.64017,29.68167],[-95.6386,29.67924],[-95.64194,29.67744],[-95.64185,29.67542],[-95.64317,29.67472],[-95.64314,29.67368],[-95.64165,29.6737],[-95.64211,29.67084],[-95.64223,29.66831],[-95.64136,29.66238],[-95.64325,29.66258],[-95.64251,29.66231],[-95.64486,29.65844],[-95.64888,29.65322],[-95.64982,29.64935],[-95.64869,29.64876],[-95.6495,29.64687],[-95.64973,29.64441],[-95.65159,29.64439],[-95.65144,29.64764],[-95.6509,29.64979],[-95.65005,29.65174],[-95.65197,29.6517],[-95.65201,29.65407],[-95.64949,29.65338],[-95.64636,29.65717],[-95.64406,29.66174],[-95.64486,29.66266],[-95.64381,29.66266],[-95.64359,29.6642],[-95.64447,29.66818],[-95.65251,29.66816],[-95.65251,29.66827],[-95.65263,29.67104],[-95.65056,29.67104],[-95.65043,29.66833],[-95.64449,29.6684],[-95.6437,29.67328],[-95.64374,29.67473],[-95.6451,29.67468],[-95.64506,29.67693],[-95.64842,29.67611],[-95.65301,29.67691],[-95.65641,29.677],[-95.65639,29.67714],[-95.65622,29.67801],[-95.64859,29.67638],[-95.64526,29.67714],[-95.64478,29.67864],[-95.64487,29.68495],[-95.64395,29.68612],[-95.64452,29.68646],[-95.64581,29.68645],[-95.6458,29.68495],[-95.64734,29.68494],[-95.64734,29.68691],[-95.64531,29.68692],[-95.64395,29.68693],[-95.64398,29.68824],[-95.64748,29.68818],[-95.65136,29.68813],[-95.65207,29.68753],[-95.65211,29.69078],[-95.65101,29.69016],[-95.64741,29.69023],[-95.64697,29.69199],[-95.64488,29.69201],[-95.64536,29.69544],[-95.64408,29.6955],[-95.64417,29.70048],[-95.64562,29.70295],[-95.64754,29.70241],[-95.65032,29.70089],[-95.65234,29.70034],[-95.6565,29.69906],[-95.65749,29.69876],[-95.66007,29.69837],[-95.66451,29.69891],[-95.66709,29.6998],[-95.66923,29.70013],[-95.66988,29.70015],[-95.66988,29.69995],[-95.67032,29.69995],[-95.67032,29.70074],[-95.67031,29.70094],[-95.67077,29.70095],[-95.67087,29.70095],[-95.67327,29.70068],[-95.67323,29.6999],[-95.67451,29.69991],[-95.67451,29.70086],[-95.67127,29.70119],[-95.66522,29.70034],[-95.66398,29.70126],[-95.66359,29.6998],[-95.6608,29.69945],[-95.65512,29.70065],[-95.6556,29.70184],[-95.65309,29.70263],[-95.65262,29.70141],[-95.65137,29.70272],[-95.64427,29.70587],[-95.64538,29.70602],[-95.6454,29.70829],[-95.64756,29.71048],[-95.64432,29.71104],[-95.64577,29.71226],[-95.64582,29.71417],[-95.64444,29.71511],[-95.65232,29.71503],[-95.65233,29.71767],[-95.65384,29.71767],[-95.65388,29.71849],[-95.65609,29.71798],[-95.66042,29.71589],[-95.66042,29.716],[-95.66042,29.71676],[-95.66026,29.71727],[-95.659,29.7169],[-95.65607,29.7183],[-95.65388,29.71877],[-95.64986,29.71906],[-95.64996,29.72445],[-95.65285,29.72439],[-95.65241,29.72674],[-95.65241,29.72809],[-95.65433,29.72808],[-95.65897,29.728],[-95.65908,29.72793],[-95.66064,29.72694],[-95.66062,29.72536],[-95.662,29.72581],[-95.66639,29.72301],[-95.66692,29.72173],[-95.66678,29.7213],[-95.66668,29.7132],[-95.66623,29.71176],[-95.66678,29.70926],[-95.67056,29.7097],[-95.67003,29.71008],[-95.6669,29.71251],[-95.66691,29.7179],[-95.66717,29.72183],[-95.66756,29.72228],[-95.67171,29.71989],[-95.68708,29.71008],[-95.691,29.70741],[-95.68812,29.70764],[-95.68803,29.70765],[-95.68793,29.70302],[-95.68549,29.70338],[-95.68516,29.7008],[-95.68318,29.70073],[-95.68794,29.69783],[-95.68722,29.69367],[-95.68637,29.69258],[-95.68406,29.69075],[-95.68223,29.68875],[-95.67977,29.68989],[-95.67954,29.68861],[-95.67954,29.68837],[-95.68062,29.68814],[-95.68107,29.68719],[-95.6802,29.68468],[-95.67998,29.68038],[-95.67991,29.67745],[-95.67894,29.67671],[-95.67997,29.67669],[-95.68005,29.68038],[-95.68022,29.68294],[-95.68028,29.68296],[-95.68121,29.68714],[-95.68561,29.69165],[-95.68692,29.69093],[-95.68624,29.68836],[-95.68795,29.68751],[-95.68793,29.68613],[-95.68684,29.68533],[-95.68432,29.68642],[-95.6872,29.68393],[-95.68512,29.68341],[-95.68562,29.67933],[-95.68631,29.67432],[-95.68803,29.67401],[-95.69304,29.67401],[-95.69153,29.6754],[-95.68789,29.67642],[-95.68772,29.67878],[-95.6894,29.67878],[-95.68943,29.68211],[-95.6906,29.68397],[-95.70694,29.68379],[-95.71239,29.68349],[-95.71231,29.67995],[-95.71524,29.67991],[-95.71527,29.68317],[-95.71527,29.68344],[-95.70583,29.68399],[-95.69412,29.68407],[-95.69252,29.68409],[-95.69262,29.6875],[-95.68809,29.68777],[-95.68812,29.6922],[-95.68812,29.70107],[-95.68819,29.70692],[-95.68822,29.70728],[-95.70198,29.70612],[-95.71564,29.70479],[-95.71567,29.7053],[-95.71571,29.70699],[-95.72722,29.70661],[-95.74327,29.70526],[-95.75108,29.7046],[-95.75353,29.70238],[-95.754,29.70215],[-95.754,29.70166],[-95.75399,29.70076],[-95.75676,29.70053],[-95.75673,29.69834],[-95.76005,29.69817],[-95.75998,29.69417],[-95.7554,29.69452],[-95.75533,29.69291],[-95.75522,29.69004],[-95.76279,29.68943],[-95.76285,29.69219],[-95.76649,29.69186],[-95.76631,29.68963],[-95.76818,29.68907],[-95.76766,29.68741],[-95.76726,29.68459],[-95.76696,29.68314],[-95.7664,29.68214],[-95.76536,29.68093],[-95.7577,29.67594],[-95.75318,29.67615],[-95.75048,29.67447],[-95.74643,29.67098],[-95.74301,29.66908],[-95.74241,29.66807],[-95.74218,29.66458],[-95.74179,29.66459],[-95.73651,29.66466],[-95.73632,29.66467],[-95.73631,29.66312],[-95.73353,29.66291],[-95.73355,29.66105],[-95.72654,29.66052],[-95.72603,29.66048],[-95.726,29.66481],[-95.71499,29.66505],[-95.71488,29.66093],[-95.7148,29.65855],[-95.71477,29.65742],[-95.71889,29.65935],[-95.72652,29.66017],[-95.73362,29.66076],[-95.73368,29.65868],[-95.73612,29.65884],[-95.73854,29.65284],[-95.73855,29.65351],[-95.7383,29.65466],[-95.7381,29.65519],[-95.73671,29.65793],[-95.73862,29.6579],[-95.73868,29.66118],[-95.74077,29.66172],[-95.74132,29.6594],[-95.74428,29.66089],[-95.74643,29.66285],[-95.7477,29.66449],[-95.74827,29.66448],[-95.7483,29.66629],[-95.74735,29.66707],[-95.75198,29.67144],[-95.75589,29.6744],[-95.75953,29.67665],[-95.76549,29.67979],[-95.76738,29.68217],[-95.76792,29.68593],[-95.7738,29.68818],[-95.77565,29.68889],[-95.77869,29.69984],[-95.78261,29.69952],[-95.78248,29.69835],[-95.78963,29.6978],[-95.79146,29.69663],[-95.79248,29.69499],[-95.79998,29.69808],[-95.81288,29.69702],[-95.81263,29.68576],[-95.81279,29.68576],[-95.81272,29.68274],[-95.81443,29.6827],[-95.81448,29.68577],[-95.81302,29.68576],[-95.81316,29.69231],[-95.81651,29.69278],[-95.81588,29.69465],[-95.81683,29.69513],[-95.81686,29.69669],[-95.82794,29.69578],[-95.84592,29.69428],[-95.84592,29.69439],[-95.84592,29.6947],[-95.84598,29.70032],[-95.84616,29.70033],[-95.8462,29.70482],[-95.84602,29.70482],[-95.84608,29.70633],[-95.84488,29.70632],[-95.84525,29.70403],[-95.84589,29.70192],[-95.84581,29.69484]],[[-95.63004,29.90577],[-95.63087,29.90433],[-95.62822,29.90046],[-95.63093,29.90076],[-95.63315,29.90182],[-95.63496,29.89902],[-95.63597,29.89906],[-95.63461,29.89724],[-95.63631,29.8963],[-95.6366,29.89668],[-95.63774,29.89605],[-95.63904,29.89435],[-95.64061,29.89188],[-95.63904,29.88836],[-95.64041,29.88786],[-95.63883,29.88505],[-95.63876,29.88269],[-95.6375,29.8827],[-95.63747,29.87927],[-95.64059,29.87902],[-95.64055,29.87534],[-95.64232,29.87532],[-95.64332,29.87377],[-95.6433,29.87138],[-95.64316,29.87138],[-95.64312,29.86953],[-95.64329,29.86777],[-95.64045,29.86809],[-95.64036,29.86771],[-95.64399,29.86742],[-95.64493,29.86596],[-95.64489,29.86289],[-95.64381,29.86211],[-95.64398,29.86212],[-95.64489,29.85943],[-95.64299,29.85945],[-95.64293,29.85689],[-95.641,29.85666],[-95.641,29.85659],[-95.63986,29.85656],[-95.63911,29.85656],[-95.64002,29.8545],[-95.63892,29.85424],[-95.64006,29.85421],[-95.64015,29.85648],[-95.64288,29.85671],[-95.6429,29.85533],[-95.64486,29.85488],[-95.64512,29.85214],[-95.64398,29.85216],[-95.64423,29.84909],[-95.64286,29.84907],[-95.64205,29.8471],[-95.64423,29.84616],[-95.64424,29.84236],[-95.64345,29.84138],[-95.64281,29.8413],[-95.64279,29.8398],[-95.64421,29.83968],[-95.64415,29.83614],[-95.64049,29.83655],[-95.64043,29.83713],[-95.63781,29.83801],[-95.63172,29.83875],[-95.63123,29.84427],[-95.63006,29.8443],[-95.63018,29.85603],[-95.63019,29.85661],[-95.62065,29.8567],[-95.61878,29.8567],[-95.61874,29.85512],[-95.61579,29.85513],[-95.61478,29.85541],[-95.6098,29.85608],[-95.60748,29.85754],[-95.60728,29.85768],[-95.60761,29.85998],[-95.60778,29.85995],[-95.60801,29.8619],[-95.61063,29.86309],[-95.61069,29.86442],[-95.60909,29.86448],[-95.60917,29.8653],[-95.6084,29.86539],[-95.60818,29.86319],[-95.60806,29.86311],[-95.60817,29.86664],[-95.60607,29.86665],[-95.6061,29.86325],[-95.60124,29.86329],[-95.60119,29.86514],[-95.59994,29.86515],[-95.59994,29.86315],[-95.59995,29.86297],[-95.60784,29.86291],[-95.60704,29.85763],[-95.6048,29.85787],[-95.6048,29.85635],[-95.60691,29.85631],[-95.6062,29.85078],[-95.60265,29.85083],[-95.60266,29.85331],[-95.60177,29.85333],[-95.60175,29.8507],[-95.6063,29.85065],[-95.60741,29.85717],[-95.6093,29.85586],[-95.61041,29.85552],[-95.61578,29.8547],[-95.61576,29.85321],[-95.61716,29.85321],[-95.6171,29.84894],[-95.60512,29.84244],[-95.60499,29.84138],[-95.59764,29.8414],[-95.59769,29.8431],[-95.58998,29.8431],[-95.59006,29.84912],[-95.58882,29.85019],[-95.57724,29.84004],[-95.57499,29.83419],[-95.57498,29.84243],[-95.56998,29.84245],[-95.56999,29.83725],[-95.56621,29.83729],[-95.56618,29.84511],[-95.56424,29.84512],[-95.56431,29.85029],[-95.56482,29.85812],[-95.56422,29.86137],[-95.56426,29.86667],[-95.56502,29.86725],[-95.56919,29.86723],[-95.56907,29.87585],[-95.56735,29.87801],[-95.5695,29.87948],[-95.57153,29.88044],[-95.57695,29.88037],[-95.57701,29.88037],[-95.57745,29.88036],[-95.57799,29.88036],[-95.5782,29.88036],[-95.5785,29.88036],[-95.58052,29.88032],[-95.58052,29.88035],[-95.58914,29.88021],[-95.58918,29.88007],[-95.59814,29.87995],[-95.59812,29.87783],[-95.60014,29.87829],[-95.60015,29.87966],[-95.60687,29.87933],[-95.60599,29.87586],[-95.60842,29.87582],[-95.60844,29.87693],[-95.61083,29.87648],[-95.61268,29.87599],[-95.6125,29.8795],[-95.61251,29.87965],[-95.61471,29.87962],[-95.61471,29.8797],[-95.61574,29.87961],[-95.62053,29.87958],[-95.6206,29.87963],[-95.62061,29.88586],[-95.62069,29.88586],[-95.6207,29.88932],[-95.62063,29.88932],[-95.62065,29.89627],[-95.61995,29.91458],[-95.62049,29.91432],[-95.6206,29.91452],[-95.62505,29.91244],[-95.62595,29.91191],[-95.62506,29.91074],[-95.6288,29.90862],[-95.62772,29.90578],[-95.62856,29.9078],[-95.62954,29.90895],[-95.63072,29.90753],[-95.63189,29.90575],[-95.63004,29.90577]],[[-95.61263,29.99352],[-95.61105,29.99223],[-95.60721,29.99563],[-95.6059,29.99644],[-95.61158,29.99634],[-95.61382,29.99446],[-95.6136,29.99392],[-95.61328,29.99337],[-95.61308,29.99313],[-95.61263,29.99352]],[[-95.56845,29.99357],[-95.56776,29.99236],[-95.5702,29.99175],[-95.57031,29.99029],[-95.5677,29.99077],[-95.5658,29.9888],[-95.57063,29.98737],[-95.56999,29.98584],[-95.56835,29.98341],[-95.56477,29.98381],[-95.56471,29.98502],[-95.564,29.98536],[-95.56223,29.98532],[-95.56223,29.98376],[-95.5565,29.98782],[-95.55655,29.98951],[-95.55666,29.99001],[-95.55459,29.98913],[-95.55246,29.9908],[-95.54938,29.99254],[-95.54146,29.99537],[-95.54206,29.99657],[-95.5443,29.9991],[-95.54539,30.00219],[-95.54827,30.00624],[-95.54941,30.00666],[-95.55865,30.00172],[-95.55906,30.00027],[-95.55857,29.99989],[-95.56274,29.99781],[-95.56393,29.99892],[-95.56594,29.99788],[-95.56765,29.99731],[-95.56845,29.99357]],[[-95.26267,30.06029],[-95.26265,30.05745],[-95.26161,30.05759],[-95.26139,30.05759],[-95.26141,30.06049],[-95.26187,30.06044],[-95.26267,30.06033],[-95.26267,30.06029]],[[-95.77821,29.74165],[-95.77633,29.73892],[-95.77822,29.73855],[-95.77345,29.7356],[-95.77341,29.73755],[-95.77622,29.73892],[-95.77602,29.741],[-95.77699,29.74199],[-95.77821,29.74165]],[[-95.76285,29.69252],[-95.76296,29.69722],[-95.7655,29.69703],[-95.76556,29.70072],[-95.76556,29.7012],[-95.76068,29.70159],[-95.76078,29.70377],[-95.76564,29.70337],[-95.76544,29.70149],[-95.769,29.70116],[-95.76928,29.70107],[-95.77503,29.7006],[-95.77547,29.70057],[-95.77545,29.70018],[-95.77545,29.70011],[-95.77815,29.69988],[-95.77802,29.6987],[-95.77535,29.69897],[-95.77374,29.6958],[-95.77035,29.69223],[-95.76798,29.69359],[-95.76602,29.69225],[-95.76285,29.69252]],[[-95.76393,29.73457],[-95.76427,29.73653],[-95.76789,29.74123],[-95.76836,29.74221],[-95.77241,29.7416],[-95.77245,29.7361],[-95.7719,29.7353],[-95.76791,29.7358],[-95.76765,29.73454],[-95.7671,29.73457],[-95.76669,29.73455],[-95.76393,29.73457]],[[-95.76918,29.81623],[-95.76907,29.80953],[-95.77118,29.8095],[-95.77112,29.80207],[-95.76893,29.80208],[-95.76385,29.80214],[-95.76119,29.80436],[-95.76125,29.813],[-95.76123,29.81609],[-95.76918,29.81623]],[[-95.75411,29.79388],[-95.75208,29.7949],[-95.7521,29.79728],[-95.75336,29.79995],[-95.75459,29.79972],[-95.75513,29.80191],[-95.76204,29.80186],[-95.76393,29.80185],[-95.7658,29.80026],[-95.76974,29.79805],[-95.76201,29.79513],[-95.762,29.79471],[-95.76091,29.79429],[-95.75973,29.79467],[-95.75698,29.79473],[-95.75411,29.79388]],[[-95.75653,29.80218],[-95.75655,29.80537],[-95.7546,29.80538],[-95.75334,29.80217],[-95.75452,29.80711],[-95.75203,29.8064],[-95.75208,29.80941],[-95.74805,29.80942],[-95.74801,29.80563],[-95.75201,29.80561],[-95.75199,29.80378],[-95.75078,29.8038],[-95.75077,29.8021],[-95.74543,29.80212],[-95.74544,29.80199],[-95.74307,29.80169],[-95.743,29.79295],[-95.74015,29.7925],[-95.73875,29.79186],[-95.73925,29.79107],[-95.73913,29.78716],[-95.73815,29.78821],[-95.73592,29.78822],[-95.73596,29.78996],[-95.73517,29.79063],[-95.7353,29.7942],[-95.73528,29.79808],[-95.7353,29.80099],[-95.73525,29.80099],[-95.73516,29.79809],[-95.73504,29.79122],[-95.73325,29.79086],[-95.73061,29.7941],[-95.72944,29.79339],[-95.73092,29.7916],[-95.73086,29.79047],[-95.72709,29.78975],[-95.72444,29.79064],[-95.72238,29.79069],[-95.72228,29.79547],[-95.71899,29.7954],[-95.719,29.79697],[-95.719,29.80029],[-95.71898,29.80038],[-95.72021,29.80042],[-95.72043,29.80459],[-95.72063,29.80546],[-95.72063,29.81081],[-95.72065,29.8127],[-95.72147,29.81447],[-95.72294,29.81487],[-95.72295,29.81802],[-95.72025,29.81806],[-95.72019,29.82084],[-95.72299,29.82081],[-95.72301,29.82238],[-95.72007,29.8224],[-95.72007,29.82428],[-95.72147,29.82431],[-95.72121,29.82959],[-95.7227,29.82959],[-95.72271,29.83103],[-95.72546,29.83104],[-95.72548,29.83032],[-95.72685,29.83031],[-95.72959,29.83039],[-95.73131,29.83107],[-95.73569,29.83111],[-95.73907,29.83001],[-95.73897,29.82213],[-95.74005,29.82213],[-95.74014,29.83147],[-95.74025,29.8317],[-95.74105,29.83172],[-95.74475,29.82914],[-95.74601,29.83062],[-95.74759,29.8316],[-95.75222,29.83158],[-95.75287,29.83158],[-95.75157,29.83055],[-95.75296,29.83054],[-95.75385,29.82627],[-95.75262,29.82148],[-95.75224,29.8196],[-95.75211,29.81731],[-95.75017,29.81686],[-95.75123,29.81306],[-95.75117,29.81006],[-95.75209,29.81005],[-95.75214,29.81303],[-95.75223,29.81722],[-95.75224,29.81731],[-95.7526,29.82113],[-95.75405,29.82637],[-95.75422,29.82755],[-95.75431,29.83067],[-95.75677,29.83064],[-95.75675,29.82915],[-95.76173,29.82911],[-95.76271,29.82799],[-95.76828,29.82014],[-95.76487,29.8183],[-95.76486,29.81714],[-95.76115,29.81716],[-95.7611,29.81716],[-95.76098,29.80268],[-95.76026,29.80216],[-95.75653,29.80218]],[[-95.75261,29.8021],[-95.752,29.80199],[-95.752,29.8021],[-95.75261,29.8021]],[[-95.74796,29.79398],[-95.74682,29.79358],[-95.74602,29.79531],[-95.7492,29.79518],[-95.74946,29.79349],[-95.74796,29.79398]],[[-95.70979,29.79134],[-95.70978,29.78807],[-95.70878,29.78807],[-95.70879,29.7911],[-95.70907,29.79118],[-95.70933,29.79125],[-95.70951,29.79129],[-95.70979,29.79134]],[[-95.70165,29.80034],[-95.70354,29.80032],[-95.70351,29.79292],[-95.70161,29.79293],[-95.70165,29.80034]],[[-95.70063,29.78565],[-95.69941,29.78565],[-95.69976,29.78884],[-95.70158,29.7889],[-95.70156,29.78566],[-95.70063,29.78565]],[[-95.67204,29.84917],[-95.66941,29.84921],[-95.6683,29.85032],[-95.66831,29.8519],[-95.66855,29.8548],[-95.66995,29.8601],[-95.66993,29.86163],[-95.67103,29.86179],[-95.67104,29.8647],[-95.67514,29.86483],[-95.67752,29.86408],[-95.67748,29.86192],[-95.67883,29.86175],[-95.67859,29.85949],[-95.6831,29.85953],[-95.68214,29.85808],[-95.68213,29.84994],[-95.68053,29.84877],[-95.67898,29.84878],[-95.679,29.84958],[-95.67762,29.84879],[-95.67204,29.84917]],[[-95.62876,29.72224],[-95.62367,29.72227],[-95.62217,29.72227],[-95.62223,29.72816],[-95.62226,29.73588],[-95.62303,29.73586],[-95.62382,29.73507],[-95.62391,29.72874],[-95.6264,29.72951],[-95.62803,29.72958],[-95.62817,29.73481],[-95.6286,29.7348],[-95.63137,29.73475],[-95.63126,29.72974],[-95.63071,29.72976],[-95.63062,29.72928],[-95.63125,29.72925],[-95.63109,29.72221],[-95.63158,29.72021],[-95.63414,29.72018],[-95.63418,29.72219],[-95.63504,29.72218],[-95.635,29.72023],[-95.64397,29.72014],[-95.64393,29.71851],[-95.64241,29.71851],[-95.6424,29.71711],[-95.64385,29.71577],[-95.64377,29.71121],[-95.62858,29.71237],[-95.62876,29.72224]],[[-95.6269,29.91296],[-95.62512,29.91394],[-95.62513,29.91474],[-95.631,29.91468],[-95.63114,29.9127],[-95.63009,29.91035],[-95.62809,29.91035],[-95.62783,29.91058],[-95.6268,29.91133],[-95.62755,29.91216],[-95.6269,29.91296]],[[-95.61795,29.87962],[-95.61794,29.88247],[-95.62036,29.88246],[-95.62057,29.88246],[-95.62057,29.87965],[-95.61795,29.87962]],[[-95.5874,30.05306],[-95.5861,30.05308],[-95.58695,30.05455],[-95.58772,30.05454],[-95.58824,30.05454],[-95.5874,30.05306]],[[-95.56436,29.93039],[-95.56536,29.92791],[-95.56509,29.92689],[-95.56069,29.9264],[-95.55934,29.9259],[-95.55767,29.92505],[-95.55411,29.92578],[-95.55542,29.92611],[-95.55542,29.92878],[-95.55164,29.92878],[-95.55164,29.92697],[-95.55165,29.92679],[-95.54788,29.9268],[-95.54789,29.92835],[-95.54789,29.9285],[-95.54791,29.93309],[-95.54778,29.93357],[-95.54586,29.9338],[-95.54579,29.93284],[-95.54438,29.93021],[-95.53503,29.93406],[-95.53525,29.93753],[-95.54671,29.93757],[-95.54682,29.94875],[-95.54782,29.94875],[-95.54806,29.94875],[-95.55147,29.94986],[-95.55153,29.95479],[-95.55298,29.95524],[-95.55296,29.95287],[-95.55643,29.9529],[-95.55733,29.95213],[-95.56178,29.94824],[-95.56174,29.94821],[-95.56626,29.94411],[-95.57292,29.94003],[-95.57213,29.93849],[-95.57389,29.93943],[-95.57852,29.93657],[-95.57846,29.93369],[-95.56452,29.93376],[-95.56452,29.93651],[-95.56386,29.93652],[-95.5639,29.93369],[-95.56438,29.93369],[-95.56436,29.93039]],[[-95.57386,29.99097],[-95.57549,29.99338],[-95.57634,29.99431],[-95.57618,29.99372],[-95.57583,29.99241],[-95.57583,29.99184],[-95.57548,29.99185],[-95.57456,29.99081],[-95.57442,29.99057],[-95.57386,29.99097]],[[-95.57316,29.99083],[-95.57196,29.99262],[-95.57367,29.99369],[-95.57541,29.99343],[-95.57475,29.99273],[-95.57316,29.99083]],[[-95.56395,29.9696],[-95.56395,29.96693],[-95.56343,29.96692],[-95.55955,29.96691],[-95.56087,29.96694],[-95.56082,29.96871],[-95.5616,29.96964],[-95.56395,29.9696]],[[-95.56169,29.85027],[-95.56327,29.85029],[-95.56339,29.84702],[-95.56338,29.84509],[-95.54878,29.84522],[-95.5488,29.85015],[-95.55956,29.85024],[-95.55958,29.85202],[-95.56171,29.85203],[-95.56169,29.85027]],[[-95.55625,29.96973],[-95.55174,29.96981],[-95.55184,29.97237],[-95.55161,29.97014],[-95.5496,29.97016],[-95.54707,29.9701],[-95.5471,29.97137],[-95.54571,29.97147],[-95.54561,29.97347],[-95.54283,29.97344],[-95.54092,29.9701],[-95.53964,29.96829],[-95.53684,29.96864],[-95.53518,29.9705],[-95.53925,29.97466],[-95.54196,29.97776],[-95.54051,29.97779],[-95.54029,29.97776],[-95.53903,29.97833],[-95.53968,29.97703],[-95.536,29.97199],[-95.53456,29.96997],[-95.53385,29.97031],[-95.5336,29.97034],[-95.53245,29.97026],[-95.53227,29.97031],[-95.53151,29.97073],[-95.53229,29.97167],[-95.53285,29.97236],[-95.53377,29.97322],[-95.53465,29.97455],[-95.5361,29.97726],[-95.53761,29.97923],[-95.5371,29.97961],[-95.538,29.98084],[-95.54088,29.98421],[-95.53885,29.9853],[-95.53965,29.98641],[-95.54142,29.98856],[-95.54552,29.98667],[-95.5466,29.98747],[-95.54751,29.988],[-95.54801,29.9886],[-95.54942,29.99062],[-95.54976,29.992],[-95.55011,29.99041],[-95.55212,29.99019],[-95.55383,29.98879],[-95.55653,29.98752],[-95.56223,29.98335],[-95.56221,29.97509],[-95.56331,29.97462],[-95.56192,29.97241],[-95.56065,29.97295],[-95.56061,29.97114],[-95.55786,29.97096],[-95.55633,29.97095],[-95.55625,29.96973]],[[-95.53586,29.99862],[-95.53363,30.00064],[-95.53379,30.00325],[-95.53553,30.00394],[-95.53365,30.00393],[-95.53458,30.00709],[-95.5361,30.00918],[-95.53806,30.01208],[-95.5407,30.01063],[-95.54056,30.01161],[-95.54126,30.01048],[-95.54801,30.00639],[-95.54551,30.00295],[-95.54493,30.00169],[-95.54406,29.99917],[-95.54353,29.9984],[-95.54111,29.99552],[-95.53888,29.99657],[-95.53586,29.99862]],[[-95.52962,29.75403],[-95.52596,29.7534],[-95.52592,29.75113],[-95.52593,29.74716],[-95.52593,29.7471],[-95.52616,29.74676],[-95.52657,29.74666],[-95.52658,29.74667],[-95.52698,29.74653],[-95.52727,29.74642],[-95.52773,29.74645],[-95.52786,29.74645],[-95.52795,29.74645],[-95.52841,29.74607],[-95.5284,29.74541],[-95.52854,29.7454],[-95.52857,29.74504],[-95.52851,29.74486],[-95.52821,29.74463],[-95.52795,29.74431],[-95.52785,29.74423],[-95.52661,29.74294],[-95.52312,29.74297],[-95.52309,29.74232],[-95.52178,29.74206],[-95.51977,29.74325],[-95.51892,29.74333],[-95.5183,29.74263],[-95.51814,29.74273],[-95.51761,29.74373],[-95.51751,29.74376],[-95.51732,29.7438],[-95.51724,29.74359],[-95.5167,29.7434],[-95.51463,29.74486],[-95.51235,29.74385],[-95.51227,29.74526],[-95.50928,29.74627],[-95.50784,29.74609],[-95.50671,29.74723],[-95.50843,29.74831],[-95.50634,29.74839],[-95.50526,29.75033],[-95.50564,29.75056],[-95.50659,29.75077],[-95.50715,29.75102],[-95.50734,29.75127],[-95.50717,29.75181],[-95.50641,29.75201],[-95.50507,29.75189],[-95.50475,29.75225],[-95.50466,29.75264],[-95.50462,29.75293],[-95.50111,29.75296],[-95.50114,29.75416],[-95.50066,29.75823],[-95.50086,29.76038],[-95.499,29.76078],[-95.4983,29.76211],[-95.49612,29.76219],[-95.49485,29.76489],[-95.49116,29.76327],[-95.49096,29.76437],[-95.49234,29.76518],[-95.49124,29.7656],[-95.48963,29.76486],[-95.49073,29.7668],[-95.48904,29.76659],[-95.48724,29.76819],[-95.48823,29.76932],[-95.48703,29.76962],[-95.48698,29.77044],[-95.48706,29.77728],[-95.48704,29.77742],[-95.48781,29.77732],[-95.48826,29.77708],[-95.48822,29.78352],[-95.4864,29.78358],[-95.48638,29.78427],[-95.48643,29.7847],[-95.48484,29.78464],[-95.48493,29.79491],[-95.4932,29.79486],[-95.49548,29.79483],[-95.49634,29.79474],[-95.49737,29.79539],[-95.50043,29.79614],[-95.50259,29.79679],[-95.50579,29.79617],[-95.50609,29.79701],[-95.51013,29.79885],[-95.51011,29.79724],[-95.5128,29.79727],[-95.51281,29.79431],[-95.51392,29.79431],[-95.51394,29.78969],[-95.51671,29.78893],[-95.52032,29.78891],[-95.52013,29.78489],[-95.52012,29.78456],[-95.52012,29.78415],[-95.52126,29.78373],[-95.53178,29.78381],[-95.53168,29.77868],[-95.53156,29.77323],[-95.53757,29.77315],[-95.53758,29.77576],[-95.53836,29.77583],[-95.54023,29.77581],[-95.5399,29.77315],[-95.53985,29.76536],[-95.54436,29.76523],[-95.54591,29.76518],[-95.54621,29.76517],[-95.54638,29.76516],[-95.54638,29.76336],[-95.54641,29.75998],[-95.54621,29.75903],[-95.54485,29.75903],[-95.5424,29.75893],[-95.53706,29.75899],[-95.52967,29.75909],[-95.52962,29.75403]],[[-95.48655,29.97223],[-95.48435,29.96936],[-95.48321,29.96787],[-95.48068,29.96456],[-95.48031,29.96432],[-95.4784,29.96438],[-95.4784,29.96399],[-95.47678,29.96186],[-95.4737,29.96366],[-95.47265,29.96421],[-95.47161,29.96454],[-95.47126,29.96455],[-95.4711,29.96457],[-95.4711,29.96463],[-95.4638,29.96477],[-95.46375,29.96145],[-95.46493,29.96142],[-95.46502,29.96456],[-95.46964,29.96446],[-95.47135,29.96429],[-95.4724,29.96397],[-95.47699,29.9614],[-95.47482,29.95843],[-95.47293,29.9559],[-95.47366,29.9555],[-95.47142,29.95417],[-95.46851,29.95021],[-95.4694,29.95003],[-95.46956,29.95003],[-95.468,29.94796],[-95.46464,29.948],[-95.46461,29.9464],[-95.46371,29.94587],[-95.46438,29.94586],[-95.46385,29.94341],[-95.46258,29.94355],[-95.46156,29.94165],[-95.46298,29.9414],[-95.46276,29.94111],[-95.46247,29.94073],[-95.46136,29.94093],[-95.45832,29.93805],[-95.45489,29.9381],[-95.45124,29.93816],[-95.45064,29.93817],[-95.43841,29.93833],[-95.4365,29.9382],[-95.43436,29.93803],[-95.4344,29.94013],[-95.43653,29.94013],[-95.44664,29.94012],[-95.44765,29.94003],[-95.44898,29.93995],[-95.45005,29.9438],[-95.44906,29.94588],[-95.44478,29.94588],[-95.44473,29.94588],[-95.43434,29.946],[-95.43416,29.94612],[-95.4337,29.94614],[-95.43079,29.94962],[-95.43078,29.94887],[-95.42758,29.949],[-95.4276,29.95099],[-95.42922,29.95097],[-95.42927,29.95248],[-95.42671,29.95365],[-95.4266,29.94908],[-95.4249,29.94907],[-95.4244,29.9491],[-95.42446,29.95256],[-95.42449,29.95484],[-95.42453,29.95829],[-95.42454,29.95847],[-95.42514,29.95847],[-95.42904,29.95846],[-95.43065,29.95457],[-95.4309,29.95688],[-95.43467,29.95684],[-95.43468,29.958],[-95.4364,29.95798],[-95.43644,29.95996],[-95.43657,29.96542],[-95.43658,29.96805],[-95.43056,29.96802],[-95.43003,29.97008],[-95.42831,29.96946],[-95.42828,29.96787],[-95.42337,29.96796],[-95.42623,29.97126],[-95.43683,29.98042],[-95.43763,29.98027],[-95.43717,29.98095],[-95.43727,29.98103],[-95.43423,29.98455],[-95.43343,29.98547],[-95.43524,29.98666],[-95.43525,29.98716],[-95.4324,29.98813],[-95.43206,29.98964],[-95.43357,29.99096],[-95.43133,29.9913],[-95.43114,29.99011],[-95.42851,29.9901],[-95.43011,29.99369],[-95.42786,29.99369],[-95.42789,29.99493],[-95.42994,29.99492],[-95.43037,29.99728],[-95.42964,29.9973],[-95.43006,29.9994],[-95.43127,30.00005],[-95.42626,30.00113],[-95.42554,30.00127],[-95.42645,30.00588],[-95.42713,30.0058],[-95.42721,30.00471],[-95.42929,30.00363],[-95.42974,30.0056],[-95.43405,30.00391],[-95.43437,30.00434],[-95.43987,30.00126],[-95.43932,29.99905],[-95.4399,29.99983],[-95.44148,30.002],[-95.43996,30.00139],[-95.43429,30.00454],[-95.43014,30.00571],[-95.43021,30.0068],[-95.42763,30.00706],[-95.42719,30.00606],[-95.42649,30.0062],[-95.42696,30.00876],[-95.42721,30.00937],[-95.42773,30.00933],[-95.42988,30.00918],[-95.43004,30.01041],[-95.4329,30.0096],[-95.43498,30.01243],[-95.43233,30.0139],[-95.43326,30.01511],[-95.43521,30.01674],[-95.43734,30.01557],[-95.4383,30.01689],[-95.43977,30.0171],[-95.44158,30.01677],[-95.44204,30.01504],[-95.44349,30.01423],[-95.44502,30.01633],[-95.44884,30.01503],[-95.44772,30.0132],[-95.44915,30.01242],[-95.44929,30.01261],[-95.45245,30.01073],[-95.45367,30.01242],[-95.45527,30.01153],[-95.45799,30.01003],[-95.45601,30.00734],[-95.45735,30.0066],[-95.45536,30.00459],[-95.45797,30.00333],[-95.45579,30.00179],[-95.45812,30.0006],[-95.45964,30.00238],[-95.46011,30.00271],[-95.4605,30.00316],[-95.46058,30.00325],[-95.46067,30.00319],[-95.46222,30.00486],[-95.46461,30.00333],[-95.46628,30.00558],[-95.46847,30.00434],[-95.46632,30.00236],[-95.46727,30.00183],[-95.46897,30.00406],[-95.46975,30.00363],[-95.4662,29.99881],[-95.46529,29.99758],[-95.46886,29.99557],[-95.47331,30.00168],[-95.47723,29.99944],[-95.4765,29.99844],[-95.47805,29.9948],[-95.47771,29.9944],[-95.47926,29.99355],[-95.48021,29.99473],[-95.48361,29.99351],[-95.48204,29.99137],[-95.4797,29.99264],[-95.47936,29.99216],[-95.47709,29.99336],[-95.4767,29.99281],[-95.47595,29.99179],[-95.47794,29.99072],[-95.47949,29.99219],[-95.48177,29.99092],[-95.48395,29.99337],[-95.48677,29.99107],[-95.48686,29.9909],[-95.48703,29.99053],[-95.48708,29.99061],[-95.48732,29.99005],[-95.49025,29.98981],[-95.49009,29.98751],[-95.48852,29.9871],[-95.48855,29.98702],[-95.49235,29.98717],[-95.49086,29.98442],[-95.49165,29.98366],[-95.49348,29.98568],[-95.49256,29.98613],[-95.49235,29.98944],[-95.49539,29.98828],[-95.49473,29.98736],[-95.49509,29.98573],[-95.49357,29.98388],[-95.49472,29.98338],[-95.49173,29.97916],[-95.48645,29.97229],[-95.48655,29.97223]],[[-95.46772,29.69],[-95.4591,29.69008],[-95.45104,29.68931],[-95.44722,29.68996],[-95.44732,29.69426],[-95.44742,29.69918],[-95.4475,29.70289],[-95.44756,29.70592],[-95.44781,29.71789],[-95.44792,29.72271],[-95.44822,29.72271],[-95.45151,29.72267],[-95.45152,29.72163],[-95.45148,29.7204],[-95.45458,29.72036],[-95.45977,29.72031],[-95.45959,29.72588],[-95.46039,29.72581],[-95.46403,29.72553],[-95.46396,29.72026],[-95.4681,29.72021],[-95.46805,29.71659],[-95.46799,29.71298],[-95.47257,29.71291],[-95.47251,29.70748],[-95.47629,29.70743],[-95.47628,29.7056],[-95.47625,29.7034],[-95.47416,29.70442],[-95.47412,29.70198],[-95.47408,29.69838],[-95.48035,29.69832],[-95.48038,29.70024],[-95.48041,29.70125],[-95.48457,29.69919],[-95.48452,29.69463],[-95.48446,29.69222],[-95.48445,29.69103],[-95.47608,29.69111],[-95.47591,29.68989],[-95.47187,29.68997],[-95.46772,29.69]],[[-95.48192,30.00389],[-95.48392,30.00211],[-95.481,29.99763],[-95.48091,29.99755],[-95.47919,29.99851],[-95.48005,29.99985],[-95.47919,30.0005],[-95.48192,30.00389]],[[-95.44278,29.70461],[-95.43717,29.70458],[-95.43558,29.70459],[-95.43312,29.70475],[-95.43313,29.70604],[-95.42977,29.70607],[-95.42745,29.70609],[-95.42302,29.70613],[-95.41829,29.70616],[-95.41832,29.71023],[-95.4184,29.71505],[-95.41858,29.72549],[-95.42212,29.72543],[-95.42483,29.72537],[-95.43011,29.7253],[-95.43336,29.72524],[-95.43637,29.72373],[-95.43754,29.72312],[-95.44127,29.72124],[-95.44303,29.72034],[-95.44312,29.72459],[-95.44738,29.72453],[-95.44764,29.72453],[-95.44749,29.71806],[-95.44738,29.71242],[-95.44725,29.70592],[-95.44684,29.70593],[-95.44619,29.70593],[-95.44616,29.70458],[-95.44278,29.70461]],[[-95.43359,29.98074],[-95.43557,29.9797],[-95.4318,29.97652],[-95.4301,29.97888],[-95.42897,29.98164],[-95.43019,29.98197],[-95.43178,29.98283],[-95.43359,29.98074]],[[-95.43171,30.01662],[-95.43163,30.01686],[-95.43158,30.01713],[-95.43156,30.0175],[-95.43399,30.01771],[-95.43404,30.01718],[-95.43335,30.01682],[-95.4328,30.01635],[-95.43231,30.01573],[-95.43205,30.01601],[-95.43189,30.01624],[-95.43171,30.01662]],[[-95.42759,29.98991],[-95.42898,29.98913],[-95.43122,29.98912],[-95.4316,29.98792],[-95.43266,29.98634],[-95.43168,29.9857],[-95.43349,29.98411],[-95.43104,29.98252],[-95.42973,29.98432],[-95.42977,29.98554],[-95.42847,29.98646],[-95.42669,29.98645],[-95.42759,29.98991]],[[-95.42913,29.97668],[-95.428,29.9753],[-95.42935,29.97434],[-95.42296,29.97412],[-95.42289,29.97514],[-95.4233,29.9752],[-95.42218,29.97683],[-95.42275,29.97992],[-95.42364,29.97911],[-95.42428,29.98065],[-95.42727,29.98021],[-95.42755,29.98161],[-95.42876,29.98169],[-95.42893,29.98096],[-95.42955,29.97946],[-95.43126,29.9767],[-95.43125,29.97601],[-95.43011,29.97499],[-95.43011,29.97629],[-95.42939,29.97692],[-95.43009,29.97827],[-95.42777,29.97827],[-95.42913,29.97668]],[[-95.42911,30.01891],[-95.42877,30.01891],[-95.42804,30.01904],[-95.42817,30.02114],[-95.42897,30.02093],[-95.43092,30.02042],[-95.42911,30.01891]],[[-95.42079,29.98109],[-95.42099,29.9822],[-95.42025,29.9823],[-95.42215,29.98245],[-95.42188,29.98085],[-95.42079,29.98109]],[[-95.3979,29.87548],[-95.39464,29.87552],[-95.3865,29.87559],[-95.38764,29.87754],[-95.38796,29.87807],[-95.37455,29.87821],[-95.37454,29.87929],[-95.37598,29.88076],[-95.37598,29.88325],[-95.37586,29.88586],[-95.3731,29.88595],[-95.3732,29.8895],[-95.37111,29.89244],[-95.37053,29.89255],[-95.37,29.89263],[-95.36834,29.88598],[-95.36824,29.88558],[-95.36807,29.88489],[-95.36677,29.87972],[-95.36614,29.87742],[-95.36128,29.8775],[-95.3612,29.87581],[-95.36615,29.87574],[-95.36534,29.87253],[-95.35296,29.87274],[-95.3553,29.87714],[-95.35531,29.87958],[-95.35519,29.87958],[-95.35518,29.87998],[-95.35529,29.87998],[-95.35511,29.8849],[-95.35485,29.89453],[-95.35516,29.90234],[-95.35559,29.91583],[-95.35566,29.91682],[-95.35613,29.93135],[-95.35638,29.93688],[-95.35967,29.93685],[-95.35964,29.93495],[-95.36801,29.93487],[-95.36847,29.93813],[-95.37012,29.93855],[-95.37895,29.93846],[-95.38063,29.93762],[-95.37896,29.93289],[-95.37993,29.93274],[-95.3799,29.9326],[-95.38441,29.93185],[-95.38678,29.93173],[-95.38674,29.92922],[-95.38887,29.92919],[-95.38891,29.93175],[-95.39097,29.93174],[-95.39096,29.93135],[-95.39306,29.93134],[-95.39285,29.91563],[-95.39284,29.91549],[-95.40426,29.91537],[-95.40502,29.91531],[-95.40513,29.91541],[-95.40632,29.91525],[-95.40858,29.91517],[-95.40871,29.9137],[-95.40844,29.89952],[-95.40862,29.89701],[-95.40856,29.88884],[-95.40854,29.88572],[-95.40844,29.87539],[-95.3979,29.87548]],[[-95.38191,29.95184],[-95.38374,29.95172],[-95.38363,29.94931],[-95.38111,29.93961],[-95.36833,29.93973],[-95.3685,29.94567],[-95.36899,29.95157],[-95.37248,29.9519],[-95.38191,29.95184]],[[-95.36333,29.94858],[-95.36369,29.94494],[-95.36233,29.9443],[-95.36089,29.94233],[-95.35882,29.94058],[-95.35625,29.94067],[-95.35628,29.94132],[-95.35985,29.95682],[-95.36336,29.95674],[-95.36546,29.95717],[-95.36547,29.95157],[-95.36843,29.95156],[-95.36835,29.94597],[-95.36387,29.94499],[-95.36348,29.9472],[-95.36438,29.94719],[-95.36437,29.94929],[-95.36331,29.9493],[-95.36333,29.94858]],[[-95.25162,29.75761],[-95.25429,29.7576],[-95.25361,29.73276],[-95.25358,29.73199],[-95.25045,29.73226],[-95.24604,29.72886],[-95.24354,29.7265],[-95.24136,29.72707],[-95.23825,29.729],[-95.23434,29.73075],[-95.22964,29.7319],[-95.22436,29.73254],[-95.21909,29.73143],[-95.21661,29.73148],[-95.21605,29.73235],[-95.21545,29.73294],[-95.21373,29.73645],[-95.21298,29.73769],[-95.21227,29.73895],[-95.21169,29.73935],[-95.21115,29.7396],[-95.21091,29.74083],[-95.21176,29.75769],[-95.21133,29.75768],[-95.21083,29.75768],[-95.21046,29.75872],[-95.20645,29.76217],[-95.21293,29.76165],[-95.21189,29.76166],[-95.21183,29.75981],[-95.21308,29.75979],[-95.21566,29.75971],[-95.21773,29.75965],[-95.22329,29.7595],[-95.22393,29.75948],[-95.22414,29.76555],[-95.22155,29.76454],[-95.22043,29.76602],[-95.22395,29.76709],[-95.22377,29.76749],[-95.22369,29.76767],[-95.22526,29.7695],[-95.22715,29.76917],[-95.22772,29.77161],[-95.23614,29.77341],[-95.24047,29.77346],[-95.24958,29.77327],[-95.25126,29.77333],[-95.25525,29.77379],[-95.25611,29.77376],[-95.25912,29.77336],[-95.25896,29.76863],[-95.25606,29.76818],[-95.25607,29.76793],[-95.25586,29.75989],[-95.25194,29.75995],[-95.25171,29.7597],[-95.25162,29.75761]],[[-95.19396,29.99993],[-95.19358,30.00072],[-95.194,30.00703],[-95.19403,30.01267],[-95.19357,30.00712],[-95.18847,30.00735],[-95.18287,30.00787],[-95.18012,30.00948],[-95.18153,30.01094],[-95.17954,30.01237],[-95.17832,30.01115],[-95.1782,30.01104],[-95.17882,30.01009],[-95.18129,30.0082],[-95.18373,30.00731],[-95.19352,30.0068],[-95.19317,29.99992],[-95.18603,29.99993],[-95.18604,30.00074],[-95.18426,30.00035],[-95.18387,29.99874],[-95.18356,29.99874],[-95.1783,29.99867],[-95.1755,29.9986],[-95.17543,30.00042],[-95.17364,29.99988],[-95.17365,30.00157],[-95.16344,30.00193],[-95.15766,30.00201],[-95.15693,30.00107],[-95.15591,30.0017],[-95.15482,29.99995],[-95.15406,29.99994],[-95.1542,30.00207],[-95.15531,30.00206],[-95.15361,30.00309],[-95.1546,30.00388],[-95.15354,30.00451],[-95.15251,30.00392],[-95.14283,30.00969],[-95.14403,30.01242],[-95.14414,30.01259],[-95.14447,30.0131],[-95.14563,30.0144],[-95.14639,30.01495],[-95.14769,30.01635],[-95.14834,30.0175],[-95.14947,30.01838],[-95.15097,30.01915],[-95.15145,30.01866],[-95.15254,30.0185],[-95.15303,30.01877],[-95.15379,30.01874],[-95.15494,30.01941],[-95.15689,30.01993],[-95.15925,30.02044],[-95.1562,30.02215],[-95.15624,30.02523],[-95.15394,30.02723],[-95.15307,30.02947],[-95.157,30.02887],[-95.16011,30.02632],[-95.16063,30.02405],[-95.16658,30.02136],[-95.16889,30.02117],[-95.1719,30.01919],[-95.17608,30.01865],[-95.17941,30.0199],[-95.18032,30.02071],[-95.18367,30.01992],[-95.18626,30.01849],[-95.19303,30.01791],[-95.19783,30.01341],[-95.19826,30.01382],[-95.20095,30.01385],[-95.20244,30.01545],[-95.20277,30.01738],[-95.20377,30.01912],[-95.20355,30.00809],[-95.2319,30.00528],[-95.23186,29.99956],[-95.21895,29.99959],[-95.20651,29.99942],[-95.20361,29.99999],[-95.20338,29.99928],[-95.19695,29.999],[-95.19396,29.99993]],[[-95.22859,29.59864],[-95.22776,29.59666],[-95.22747,29.59677],[-95.22645,29.59585],[-95.22338,29.59871],[-95.22505,29.60009],[-95.22693,29.60006],[-95.22859,29.59864]],[[-95.20795,29.58926],[-95.20571,29.58804],[-95.20795,29.58577],[-95.20328,29.58559],[-95.20338,29.59028],[-95.20339,29.5911],[-95.20366,29.59345],[-95.20403,29.59298],[-95.20795,29.58926]],[[-95.17831,29.77168],[-95.1782,29.77392],[-95.17903,29.7739],[-95.17838,29.77465],[-95.17828,29.77689],[-95.17807,29.77689],[-95.17841,29.7817],[-95.1786,29.78207],[-95.17892,29.78207],[-95.17889,29.78763],[-95.17834,29.78873],[-95.17784,29.78811],[-95.1703,29.78827],[-95.16991,29.78892],[-95.16989,29.78819],[-95.16988,29.78811],[-95.17618,29.78798],[-95.17787,29.78766],[-95.17776,29.78211],[-95.17715,29.77765],[-95.17737,29.7769],[-95.17749,29.77689],[-95.17738,29.77281],[-95.17744,29.77169],[-95.17575,29.77173],[-95.16944,29.77186],[-95.16291,29.77201],[-95.16088,29.77133],[-95.15757,29.77268],[-95.1574,29.77246],[-95.15689,29.77306],[-95.15738,29.77451],[-95.15858,29.77741],[-95.15892,29.78345],[-95.16097,29.7891],[-95.1613,29.78771],[-95.16164,29.78829],[-95.16334,29.78825],[-95.16332,29.79036],[-95.16994,29.79024],[-95.171,29.79024],[-95.17844,29.79182],[-95.17844,29.79197],[-95.18269,29.79189],[-95.18566,29.79181],[-95.18695,29.79183],[-95.18663,29.79344],[-95.18882,29.79414],[-95.18989,29.79284],[-95.19354,29.78841],[-95.18255,29.78859],[-95.1824,29.78273],[-95.18239,29.78201],[-95.18227,29.77679],[-95.18211,29.7716],[-95.17831,29.77168]],[[-95.16324,29.79065],[-95.16314,29.79489],[-95.16338,29.79603],[-95.16372,29.7987],[-95.1637,29.80171],[-95.16376,29.80497],[-95.16615,29.80609],[-95.16953,29.8072],[-95.16734,29.80775],[-95.16696,29.81351],[-95.16754,29.81747],[-95.16537,29.81749],[-95.16776,29.82222],[-95.16826,29.823],[-95.17014,29.82296],[-95.17099,29.82466],[-95.17185,29.82465],[-95.17278,29.82294],[-95.17307,29.82216],[-95.17907,29.8062],[-95.17921,29.8062],[-95.1822,29.8024],[-95.1822,29.80223],[-95.18499,29.79881],[-95.18402,29.79821],[-95.18235,29.79979],[-95.18262,29.79864],[-95.18456,29.79626],[-95.1851,29.79541],[-95.18186,29.79218],[-95.17845,29.7921],[-95.17706,29.79202],[-95.1712,29.79054],[-95.16995,29.7905],[-95.16324,29.79065]],[[-95.08646,29.75552],[-95.08929,29.75757],[-95.08937,29.75738],[-95.08925,29.75647],[-95.08856,29.75598],[-95.0885,29.75588],[-95.08747,29.75505],[-95.08734,29.75472],[-95.08646,29.75552]],[[-95.07911,29.75994],[-95.07836,29.7608],[-95.07794,29.76128],[-95.0792,29.76205],[-95.08032,29.76077],[-95.07911,29.75994]],[[-95.0775,29.763],[-95.0759,29.76315],[-95.07528,29.76411],[-95.07569,29.76548],[-95.07717,29.76521],[-95.07823,29.76389],[-95.0775,29.763]]],[[[-95.67052,29.95029],[-95.67186,29.95138],[-95.67328,29.95234],[-95.6754,29.94872],[-95.67358,29.94875],[-95.67334,29.94614],[-95.67812,29.94236],[-95.67721,29.94205],[-95.6816,29.93393],[-95.68239,29.93412],[-95.68463,29.92947],[-95.68609,29.92585],[-95.68611,29.92031],[-95.68532,29.92024],[-95.68528,29.91874],[-95.68623,29.91872],[-95.68619,29.91722],[-95.68914,29.91733],[-95.69018,29.91834],[-95.69022,29.91435],[-95.68738,29.91435],[-95.6874,29.91517],[-95.68615,29.91515],[-95.68612,29.91391],[-95.69225,29.91385],[-95.69201,29.92103],[-95.69196,29.92256],[-95.68651,29.92321],[-95.68639,29.92641],[-95.68036,29.93906],[-95.68151,29.93996],[-95.68003,29.94109],[-95.68041,29.94189],[-95.68161,29.94226],[-95.68674,29.94218],[-95.68676,29.94299],[-95.68127,29.94297],[-95.68032,29.94391],[-95.6802,29.94742],[-95.67876,29.94752],[-95.67869,29.94886],[-95.67559,29.9489],[-95.67582,29.95006],[-95.67408,29.95289],[-95.6785,29.95599],[-95.6871,29.96196],[-95.68705,29.95658],[-95.68937,29.95686],[-95.6909,29.95375],[-95.69361,29.95199],[-95.69807,29.95304],[-95.69831,29.96381],[-95.69833,29.96492],[-95.69713,29.96884],[-95.70084,29.97141],[-95.70243,29.96844],[-95.70073,29.96823],[-95.70079,29.96626],[-95.70249,29.96668],[-95.70235,29.95792],[-95.70295,29.95452],[-95.704,29.95001],[-95.70509,29.94768],[-95.70899,29.94468],[-95.71101,29.94387],[-95.71448,29.94325],[-95.71539,29.9407],[-95.71793,29.94246],[-95.71803,29.94259],[-95.71618,29.94359],[-95.71516,29.9439],[-95.70987,29.94468],[-95.70602,29.9473],[-95.70486,29.94884],[-95.70339,29.95459],[-95.70278,29.95766],[-95.70291,29.96668],[-95.70416,29.96668],[-95.70392,29.96844],[-95.70288,29.96845],[-95.70226,29.97025],[-95.70115,29.97162],[-95.70401,29.97375],[-95.70593,29.97476],[-95.70678,29.9753],[-95.70856,29.97642],[-95.71676,29.9795],[-95.71678,29.9795],[-95.73007,29.98451],[-95.73024,29.98458],[-95.73369,29.98593],[-95.73676,29.98726],[-95.74091,29.98885],[-95.75399,29.99353],[-95.76026,29.9961],[-95.76499,29.99786],[-95.7666,29.99836],[-95.76886,29.99922],[-95.76915,29.99933],[-95.77136,30.00018],[-95.77639,30.00228],[-95.77684,30.00256],[-95.77707,30.00282],[-95.77774,30.00399],[-95.77807,30.00439],[-95.7805,30.00536],[-95.78017,30.00534],[-95.77803,30.00439],[-95.77638,30.0023],[-95.7696,29.99953],[-95.76915,29.99936],[-95.76886,29.99925],[-95.76672,29.99843],[-95.76805,29.99961],[-95.76837,30.0025],[-95.76503,30.00265],[-95.76428,30.0006],[-95.7589,29.99914],[-95.7581,30.00049],[-95.75727,30.00132],[-95.75353,29.99701],[-95.75268,29.99637],[-95.74535,29.99348],[-95.74438,29.99326],[-95.74305,29.99334],[-95.74274,29.99388],[-95.74159,29.99491],[-95.73916,29.99474],[-95.73804,29.99564],[-95.7364,29.99453],[-95.73697,29.99349],[-95.73563,29.99169],[-95.73688,29.99074],[-95.73811,29.98864],[-95.73905,29.98977],[-95.74019,29.99027],[-95.7414,29.99057],[-95.7435,29.99012],[-95.74404,29.99012],[-95.7409,29.98887],[-95.73675,29.98728],[-95.73169,29.98517],[-95.72438,29.98242],[-95.72369,29.98377],[-95.71743,29.98151],[-95.71883,29.98456],[-95.7188,29.98457],[-95.7174,29.98151],[-95.71556,29.9802],[-95.71348,29.97947],[-95.71347,29.97828],[-95.71095,29.97734],[-95.71031,29.97861],[-95.70819,29.97633],[-95.70167,29.97464],[-95.70084,29.97632],[-95.6996,29.97627],[-95.69941,29.98265],[-95.69948,29.9855],[-95.6995,29.99689],[-95.69937,29.9971],[-95.6986,29.99711],[-95.69725,29.99707],[-95.69925,29.99592],[-95.69919,29.98748],[-95.69933,29.98749],[-95.69929,29.98547],[-95.69924,29.98265],[-95.69924,29.97945],[-95.69909,29.97945],[-95.69924,29.97678],[-95.69619,29.97671],[-95.6963,29.97427],[-95.69929,29.97348],[-95.70091,29.97163],[-95.68966,29.96385],[-95.68832,29.96285],[-95.68112,29.95783],[-95.68089,29.95807],[-95.68075,29.95821],[-95.67701,29.96235],[-95.6771,29.96315],[-95.67935,29.96468],[-95.6737,29.96529],[-95.67354,29.96817],[-95.67306,29.96948],[-95.67092,29.9725],[-95.67054,29.97566],[-95.67128,29.97742],[-95.67283,29.97778],[-95.67259,29.97789],[-95.67259,29.979],[-95.67308,29.98328],[-95.67615,29.98628],[-95.67631,29.98647],[-95.67747,29.9877],[-95.67804,29.98877],[-95.67825,29.99492],[-95.6777,29.99502],[-95.67772,29.99622],[-95.67373,29.99623],[-95.67393,29.99494],[-95.67391,29.99486],[-95.67794,29.99486],[-95.67758,29.98846],[-95.67748,29.98835],[-95.67651,29.98711],[-95.6734,29.9842],[-95.67246,29.98271],[-95.6717,29.97895],[-95.67006,29.97905],[-95.6596,29.98318],[-95.65802,29.98414],[-95.65797,29.98549],[-95.65705,29.9847],[-95.65603,29.98528],[-95.65661,29.98441],[-95.65373,29.98201],[-95.6536,29.98174],[-95.65212,29.98044],[-95.65161,29.97719],[-95.64868,29.97736],[-95.65255,29.97674],[-95.65373,29.9815],[-95.65704,29.98456],[-95.65908,29.9831],[-95.66483,29.98081],[-95.66834,29.97943],[-95.67078,29.9771],[-95.67027,29.97583],[-95.6701,29.97469],[-95.67086,29.97195],[-95.67098,29.97175],[-95.6726,29.96966],[-95.67319,29.96833],[-95.67332,29.9653],[-95.6733,29.96437],[-95.67301,29.96267],[-95.67191,29.95896],[-95.66867,29.95721],[-95.66857,29.94972],[-95.66857,29.94943],[-95.66857,29.94893],[-95.67052,29.95029]],[[-95.67404,29.95541],[-95.67571,29.95535],[-95.67628,29.95567],[-95.67663,29.95546],[-95.67678,29.9553],[-95.67367,29.95265],[-95.67347,29.95307],[-95.67337,29.95328],[-95.67262,29.95484],[-95.67304,29.95512],[-95.67404,29.95541]]],[[[-95.78197,30.00505],[-95.78233,30.00492],[-95.78273,30.00487],[-95.78338,30.00494],[-95.78712,30.00614],[-95.78919,30.00688],[-95.7996,30.01071],[-95.81004,30.01477],[-95.81273,30.01599],[-95.81317,30.01632],[-95.81395,30.01759],[-95.81524,30.01827],[-95.81524,30.0183],[-95.81391,30.01759],[-95.81312,30.01632],[-95.81003,30.01479],[-95.79959,30.01074],[-95.79925,30.01245],[-95.79939,30.02644],[-95.79905,30.02742],[-95.79793,30.03562],[-95.7983,30.03691],[-95.79826,30.03691],[-95.7979,30.03562],[-95.79902,30.02741],[-95.79936,30.02644],[-95.79912,30.01066],[-95.78918,30.00691],[-95.78337,30.00496],[-95.78197,30.00508],[-95.78073,30.00538],[-95.7805,30.00536],[-95.78197,30.00505]]],[[[-95.14981,29.77267],[-95.14758,29.7731],[-95.14612,29.77328],[-95.12452,29.7785],[-95.12086,29.77961],[-95.11646,29.78159],[-95.10681,29.7855],[-95.10496,29.78608],[-95.09216,29.79027],[-95.08941,29.79103],[-95.08259,29.79187],[-95.07146,29.79566],[-95.06938,29.79596],[-95.06835,29.79586],[-95.06772,29.79571],[-95.06668,29.79536],[-95.06104,29.79288],[-95.06106,29.79286],[-95.06669,29.79534],[-95.06689,29.79541],[-95.06734,29.79555],[-95.06744,29.79559],[-95.06793,29.79574],[-95.06812,29.79579],[-95.06856,29.79586],[-95.06887,29.7959],[-95.06907,29.79592],[-95.06948,29.79593],[-95.07166,29.79556],[-95.08258,29.79184],[-95.08941,29.791],[-95.09215,29.79024],[-95.10496,29.78605],[-95.10679,29.78547],[-95.12084,29.77958],[-95.12452,29.77848],[-95.14612,29.77325],[-95.14685,29.77312],[-95.14761,29.77294],[-95.14761,29.77306],[-95.14954,29.7727],[-95.1498,29.77265],[-95.15199,29.77232],[-95.14981,29.77267]]],[[[-95.49225,29.98307],[-95.4924,29.98173],[-95.49276,29.98324],[-95.49165,29.98366],[-95.49225,29.98307]]],[[[-95.2035,29.98242],[-95.20349,29.98107],[-95.20622,29.98104],[-95.20641,29.9811],[-95.20642,29.98237],[-95.2035,29.98242]]],[[[-95.29128,30.01637],[-95.29128,30.01634],[-95.29126,30.01452],[-95.29335,30.01451],[-95.29336,30.01632],[-95.29128,30.01637]]],[[[-95.48789,30.02457],[-95.48923,30.02385],[-95.49099,30.02316],[-95.49152,30.02416],[-95.48955,30.02532],[-95.48709,30.02675],[-95.48602,30.02523],[-95.4871,30.02491],[-95.48789,30.02457]]],[[[-95.4468,30.07032],[-95.44611,30.06951],[-95.44979,30.06732],[-95.44691,30.06337],[-95.44533,30.06375],[-95.44346,30.06375],[-95.43775,30.067],[-95.43949,30.06939],[-95.4352,30.06999],[-95.4348,30.07007],[-95.43268,30.06816],[-95.42993,30.06941],[-95.42539,30.07179],[-95.42943,30.07742],[-95.42712,30.07831],[-95.42339,30.0734],[-95.42293,30.07227],[-95.42905,30.06856],[-95.42686,30.0652],[-95.42593,30.06407],[-95.43073,30.0635],[-95.42989,30.05626],[-95.43179,30.05525],[-95.43015,30.05203],[-95.42882,30.05186],[-95.42758,30.05213],[-95.42757,30.05204],[-95.42754,30.04969],[-95.42802,30.04982],[-95.42803,30.04971],[-95.42799,30.04876],[-95.42699,30.04739],[-95.42702,30.04716],[-95.42815,30.04596],[-95.42849,30.04641],[-95.43004,30.04548],[-95.42897,30.04029],[-95.42874,30.03826],[-95.42851,30.0362],[-95.42863,30.03619],[-95.42862,30.03583],[-95.42862,30.03577],[-95.42865,30.03577],[-95.42878,30.03833],[-95.42911,30.04073],[-95.42976,30.04066],[-95.43065,30.04055],[-95.43123,30.0416],[-95.43033,30.04206],[-95.43093,30.045],[-95.43127,30.04462],[-95.43269,30.04625],[-95.43405,30.0456],[-95.43538,30.04754],[-95.43135,30.04763],[-95.43161,30.04929],[-95.43277,30.049],[-95.43569,30.04925],[-95.43717,30.0504],[-95.43734,30.05069],[-95.43841,30.05191],[-95.43618,30.05281],[-95.44015,30.0583],[-95.43796,30.0594],[-95.43406,30.06147],[-95.43456,30.06436],[-95.43783,30.06295],[-95.43888,30.0644],[-95.43497,30.06539],[-95.43528,30.0672],[-95.4373,30.06648],[-95.43931,30.0648],[-95.43903,30.06609],[-95.44347,30.06363],[-95.44521,30.06359],[-95.4469,30.06317],[-95.44845,30.0624],[-95.45011,30.06147],[-95.45083,30.06118],[-95.45161,30.06221],[-95.44958,30.06195],[-95.44748,30.06376],[-95.44994,30.06726],[-95.45758,30.06552],[-95.4572,30.06752],[-95.45568,30.06789],[-95.45449,30.06632],[-95.45003,30.06751],[-95.45175,30.06976],[-95.45487,30.06906],[-95.45581,30.07036],[-95.45828,30.07064],[-95.4583,30.07135],[-95.45528,30.07067],[-95.45205,30.07059],[-95.4525,30.0712],[-95.45025,30.07162],[-95.44977,30.07038],[-95.4468,30.07032]]],[[[-95.45533,30.13252],[-95.44961,30.13287],[-95.44944,30.1304],[-95.44654,30.13042],[-95.44704,30.13183],[-95.44667,30.1332],[-95.44681,30.13481],[-95.44964,30.13496],[-95.44966,30.14064],[-95.45054,30.14062],[-95.4497,30.14353],[-95.44866,30.14362],[-95.4497,30.14408],[-95.44961,30.15591],[-95.44772,30.14677],[-95.44736,30.14682],[-95.4472,30.14607],[-95.44599,30.14626],[-95.44553,30.14391],[-95.44423,30.1377],[-95.4439,30.13705],[-95.44376,30.13704],[-95.44093,30.13636],[-95.44091,30.13535],[-95.44442,30.13532],[-95.44425,30.13449],[-95.4421,30.13451],[-95.44289,30.13195],[-95.44201,30.1282],[-95.4408,30.12844],[-95.44029,30.13027],[-95.4404,30.13443],[-95.44089,30.13442],[-95.44023,30.13467],[-95.44013,30.13208],[-95.43954,30.12764],[-95.43892,30.12765],[-95.43892,30.12703],[-95.43459,30.12731],[-95.43402,30.13564],[-95.43304,30.13583],[-95.43281,30.13632],[-95.43164,30.13708],[-95.43104,30.1356],[-95.43097,30.13528],[-95.42907,30.12751],[-95.42815,30.12768],[-95.42653,30.12769],[-95.42508,30.12727],[-95.42392,30.12659],[-95.41647,30.12491],[-95.40784,30.12312],[-95.40387,30.12312],[-95.40312,30.12296],[-95.39949,30.12104],[-95.39798,30.11985],[-95.39759,30.1193],[-95.39664,30.11802],[-95.39611,30.1172],[-95.39591,30.11701],[-95.39593,30.11675],[-95.39178,30.11058],[-95.39025,30.10942],[-95.38854,30.11045],[-95.38806,30.11093],[-95.39018,30.11306],[-95.38718,30.11574],[-95.38461,30.11538],[-95.38606,30.11668],[-95.38457,30.11799],[-95.37538,30.12219],[-95.3741,30.12145],[-95.38201,30.1158],[-95.38181,30.11565],[-95.38146,30.11537],[-95.38504,30.11184],[-95.3873,30.1109],[-95.38358,30.10769],[-95.38648,30.107],[-95.38909,30.10448],[-95.39276,30.10615],[-95.39631,30.1031],[-95.39666,30.10288],[-95.40076,30.10592],[-95.3999,30.10679],[-95.39589,30.10383],[-95.39047,30.10916],[-95.3918,30.11011],[-95.3928,30.1113],[-95.39745,30.1187],[-95.39816,30.11977],[-95.40314,30.1227],[-95.40509,30.12165],[-95.40892,30.12303],[-95.4234,30.12616],[-95.4261,30.12747],[-95.42633,30.12557],[-95.42777,30.12554],[-95.42858,30.12649],[-95.43092,30.12642],[-95.43116,30.12742],[-95.43238,30.1274],[-95.43242,30.12531],[-95.43405,30.12564],[-95.43406,30.12288],[-95.4279,30.12298],[-95.42606,30.11553],[-95.42758,30.11485],[-95.43,30.12078],[-95.43181,30.12077],[-95.43168,30.11665],[-95.43206,30.1152],[-95.43596,30.11515],[-95.43594,30.11399],[-95.43722,30.11393],[-95.43613,30.11103],[-95.43489,30.11117],[-95.43389,30.10855],[-95.43303,30.10777],[-95.43037,30.10696],[-95.42791,30.10484],[-95.42943,30.1033],[-95.43278,30.10488],[-95.43506,30.10753],[-95.43508,30.1054],[-95.435,30.09594],[-95.43463,30.09251],[-95.43463,30.09095],[-95.4358,30.08433],[-95.43595,30.08436],[-95.43658,30.08133],[-95.43553,30.07503],[-95.43503,30.07142],[-95.43549,30.07136],[-95.43726,30.07114],[-95.43606,30.07203],[-95.43724,30.07435],[-95.4391,30.07338],[-95.43988,30.07867],[-95.43717,30.0787],[-95.43741,30.08305],[-95.43741,30.08313],[-95.43707,30.08373],[-95.43641,30.08663],[-95.43574,30.09208],[-95.43605,30.10436],[-95.43639,30.10823],[-95.43687,30.11018],[-95.43808,30.11365],[-95.44039,30.11567],[-95.4426,30.11932],[-95.44943,30.11942],[-95.45223,30.11973],[-95.4509,30.12015],[-95.45099,30.12303],[-95.44949,30.12305],[-95.44951,30.12445],[-95.4527,30.12433],[-95.45262,30.12147],[-95.45538,30.12145],[-95.45546,30.12665],[-95.45596,30.12664],[-95.45611,30.12664],[-95.45614,30.12817],[-95.45291,30.12906],[-95.4529,30.13014],[-95.44971,30.13019],[-95.44971,30.13145],[-95.45514,30.13143],[-95.45533,30.13252]],[[-95.44487,30.12897],[-95.44957,30.12892],[-95.44956,30.12815],[-95.44688,30.12818],[-95.44688,30.12863],[-95.44591,30.12857],[-95.4442,30.12817],[-95.44422,30.12909],[-95.44487,30.12897]],[[-95.44848,30.12164],[-95.44846,30.11955],[-95.44592,30.11954],[-95.44593,30.12165],[-95.44708,30.12292],[-95.44949,30.12295],[-95.44848,30.12164]],[[-95.4326,30.13041],[-95.43255,30.12845],[-95.43035,30.12843],[-95.43034,30.12743],[-95.42936,30.12744],[-95.42913,30.12746],[-95.42998,30.13044],[-95.4326,30.13041]]],[[[-95.46878,30.12125],[-95.46757,30.12344],[-95.46764,30.12626],[-95.46652,30.12627],[-95.46622,30.12628],[-95.46615,30.12241],[-95.46726,30.12124],[-95.46878,30.12125]]],[[[-95.45842,30.1266],[-95.45611,30.12664],[-95.45603,30.12255],[-95.45927,30.12242],[-95.45926,30.12663],[-95.45842,30.1266]]],[[[-95.4742,30.1262],[-95.47416,30.12338],[-95.47656,30.12382],[-95.47571,30.12543],[-95.47547,30.12776],[-95.47217,30.1278],[-95.47216,30.12647],[-95.47209,30.12632],[-95.47201,30.12627],[-95.4742,30.1262]]],[[[-95.47234,30.13346],[-95.47204,30.13282],[-95.472,30.13159],[-95.47388,30.13145],[-95.47369,30.13412],[-95.47234,30.13346]]]]}},{"type":"Feature","properties":{"name":"METRO curb2curb","boundary_type":"county","source":"Census TIGER county","fidelity":"approximate","updated":"2026-09","units":"Harris County","note":"Two discrete service zones (Missouri City, Kashmere Gardens area) within Harris County; exact zone boundaries not specified in source","confidence":0.75},"geometry":{"type":"MultiPolygon","coordinates":[[[[-94.97613,29.6852],[-94.97375,29.68613],[-94.97185,29.6853],[-94.96995,29.68365],[-94.96858,29.68255],[-94.96938,29.68252],[-94.96937,29.68168],[-94.97005,29.68152],[-94.9761,29.67826],[-94.97791,29.68118],[-94.97839,29.68365],[-94.97743,29.6852],[-94.97613,29.6852]]],[[[-94.98563,29.69852],[-94.98278,29.69749],[-94.98017,29.69604],[-94.97993,29.69511],[-94.97934,29.69387],[-94.97767,29.69418],[-94.97601,29.69439],[-94.97518,29.69398],[-94.97506,29.69295],[-94.97328,29.6914],[-94.97328,29.69036],[-94.97375,29.68913],[-94.97518,29.68789],[-94.97957,29.6883],[-94.98207,29.69016],[-94.98457,29.69129],[-94.98552,29.69284],[-94.98718,29.69439],[-94.98884,29.69553],[-94.99074,29.69604],[-94.99241,29.6978],[-94.99205,29.69842],[-94.98968,29.698],[-94.9867,29.6979],[-94.98563,29.69852]]],[[[-95.9544,30.15855],[-95.95279,30.15824],[-95.95184,30.15639],[-95.94713,30.15445],[-95.9471,30.15314],[-95.94519,30.15049],[-95.94464,30.14831],[-95.94056,30.1457],[-95.94094,30.14472],[-95.93973,30.14394],[-95.93773,30.14529],[-95.93561,30.1441],[-95.93465,30.14475],[-95.93229,30.14327],[-95.93148,30.14446],[-95.92906,30.14418],[-95.9266,30.14156],[-95.92475,30.14232],[-95.92402,30.14116],[-95.92455,30.13965],[-95.92355,30.13864],[-95.92177,30.13874],[-95.92198,30.13667],[-95.92017,30.13526],[-95.919,30.13539],[-95.91883,30.13419],[-95.91728,30.13358],[-95.9174,30.13275],[-95.91551,30.13093],[-95.91273,30.13114],[-95.91106,30.12953],[-95.91108,30.12811],[-95.90714,30.12683],[-95.90536,30.12751],[-95.90479,30.12608],[-95.90247,30.12469],[-95.90231,30.12321],[-95.89933,30.12253],[-95.89862,30.12093],[-95.897,30.12269],[-95.89554,30.12226],[-95.89488,30.12084],[-95.89226,30.12016],[-95.8908,30.11902],[-95.88937,30.11917],[-95.88982,30.12025],[-95.88779,30.11991],[-95.88656,30.12091],[-95.88515,30.11978],[-95.88312,30.11978],[-95.88069,30.12318],[-95.87873,30.12036],[-95.87572,30.12089],[-95.87393,30.12219],[-95.87216,30.12059],[-95.87279,30.11855],[-95.87232,30.11795],[-95.87018,30.11798],[-95.86828,30.11741],[-95.86851,30.11567],[-95.86542,30.11429],[-95.86343,30.11253],[-95.86246,30.1107],[-95.86342,30.11023],[-95.86311,30.10697],[-95.86193,30.10561],[-95.85719,30.10422],[-95.8569,30.1018],[-95.85445,30.10168],[-95.85057,30.10209],[-95.85009,30.10088],[-95.84868,30.10015],[-95.84665,30.1005],[-95.8461,30.09747],[-95.84391,30.09657],[-95.84275,30.09483],[-95.84299,30.09262],[-95.84474,30.08891],[-95.8439,30.08719],[-95.83913,30.08451],[-95.83894,30.08324],[-95.83742,30.08325],[-95.83465,30.08418],[-95.83383,30.08491],[-95.8301,30.08394],[-95.83004,30.08303],[-95.82849,30.08173],[-95.82435,30.08244],[-95.82202,30.08221],[-95.81927,30.08309],[-95.81704,30.08178],[-95.81578,30.08532],[-95.81322,30.08443],[-95.8096,30.08531],[-95.80949,30.08822],[-95.80564,30.0898],[-95.80333,30.0901],[-95.80138,30.09128],[-95.80028,30.09129],[-95.79961,30.09017],[-95.79562,30.09068],[-95.79388,30.09156],[-95.79121,30.09151],[-95.78862,30.09205],[-95.78928,30.09449],[-95.78837,30.09403],[-95.78587,30.09401],[-95.78311,30.09235],[-95.78271,30.09094],[-95.78024,30.09004],[-95.77738,30.08965],[-95.77693,30.09032],[-95.77448,30.09119],[-95.77246,30.09016],[-95.77111,30.0875],[-95.76903,30.08753],[-95.76842,30.08848],[-95.76484,30.08842],[-95.76317,30.08693],[-95.76093,30.08641],[-95.7596,30.08789],[-95.75938,30.09023],[-95.75518,30.09215],[-95.75463,30.09225],[-95.74957,30.09543],[-95.74385,30.09517],[-95.74317,30.09635],[-95.74075,30.09613],[-95.73509,30.09372],[-95.73449,30.09352],[-95.73302,30.09444],[-95.72762,30.09595],[-95.72347,30.09871],[-95.72305,30.09976],[-95.7173,30.09936],[-95.71513,30.10228],[-95.71291,30.10175],[-95.71003,30.1028],[-95.70927,30.10285],[-95.70714,30.1029],[-95.70547,30.10244],[-95.70211,30.09904],[-95.70128,30.09848],[-95.69889,30.09833],[-95.69643,30.09931],[-95.69382,30.09888],[-95.69083,30.09882],[-95.68758,30.10061],[-95.68681,30.10145],[-95.68672,30.10301],[-95.68811,30.10362],[-95.6857,30.10691],[-95.68365,30.10733],[-95.68163,30.10624],[-95.67956,30.10589],[-95.67798,30.10421],[-95.67607,30.10298],[-95.67254,30.10151],[-95.67109,30.10124],[-95.6683,30.10172],[-95.66763,30.10232],[-95.66729,30.10564],[-95.66509,30.10724],[-95.66231,30.10819],[-95.66129,30.10949],[-95.66162,30.1114],[-95.65908,30.11234],[-95.65822,30.11122],[-95.65848,30.11015],[-95.65543,30.10899],[-95.6542,30.10919],[-95.65439,30.11067],[-95.65303,30.11148],[-95.65256,30.11368],[-95.65131,30.11488],[-95.64991,30.11531],[-95.64861,30.11734],[-95.64747,30.11811],[-95.64616,30.11901],[-95.64569,30.11918],[-95.64304,30.12001],[-95.63919,30.12234],[-95.63844,30.12328],[-95.63702,30.12618],[-95.637,30.12626],[-95.63697,30.12628],[-95.6349,30.1256],[-95.63392,30.12644],[-95.62874,30.12777],[-95.62639,30.12639],[-95.62345,30.12718],[-95.62403,30.12851],[-95.62585,30.1287],[-95.62473,30.13037],[-95.62528,30.13195],[-95.624,30.13322],[-95.6232,30.13542],[-95.62322,30.13565],[-95.61963,30.13549],[-95.61783,30.13507],[-95.61349,30.13541],[-95.61192,30.13489],[-95.60551,30.13359],[-95.60315,30.13383],[-95.60258,30.13279],[-95.5975,30.13352],[-95.59676,30.13446],[-95.59413,30.13557],[-95.59091,30.13606],[-95.5881,30.13783],[-95.58689,30.1409],[-95.58546,30.14201],[-95.58519,30.1448],[-95.58414,30.14548],[-95.58423,30.14656],[-95.58061,30.14991],[-95.5775,30.15011],[-95.57463,30.15178],[-95.57366,30.15155],[-95.56988,30.15374],[-95.57051,30.15557],[-95.56929,30.15653],[-95.56992,30.15741],[-95.56519,30.16068],[-95.56268,30.16026],[-95.56213,30.15884],[-95.56063,30.15941],[-95.56025,30.15833],[-95.55777,30.16055],[-95.55823,30.16252],[-95.55925,30.16311],[-95.55804,30.16553],[-95.55752,30.16478],[-95.55735,30.16588],[-95.5568,30.16591],[-95.55656,30.16642],[-95.55297,30.16884],[-95.55276,30.17011],[-95.55142,30.17061],[-95.5484,30.16929],[-95.54478,30.16909],[-95.54294,30.17048],[-95.5414,30.17028],[-95.5387,30.16854],[-95.537,30.16923],[-95.53685,30.16826],[-95.53472,30.16807],[-95.53509,30.1675],[-95.53168,30.16511],[-95.52953,30.16582],[-95.52632,30.16348],[-95.52498,30.16335],[-95.52393,30.16142],[-95.52436,30.15874],[-95.52227,30.15637],[-95.52222,30.15497],[-95.52096,30.15494],[-95.51957,30.1536],[-95.52,30.1529],[-95.51855,30.15223],[-95.51853,30.1534],[-95.51716,30.15401],[-95.5152,30.15117],[-95.51309,30.15039],[-95.51255,30.14957],[-95.50933,30.14822],[-95.50692,30.14568],[-95.50469,30.14513],[-95.50355,30.1451],[-95.50159,30.14405],[-95.49984,30.14248],[-95.49861,30.13743],[-95.49736,30.13624],[-95.49801,30.13528],[-95.49692,30.13327],[-95.49577,30.13181],[-95.4963,30.13042],[-95.49704,30.12883],[-95.49568,30.12742],[-95.49593,30.12601],[-95.49681,30.1266],[-95.49773,30.12585],[-95.49704,30.12386],[-95.49781,30.12349],[-95.49634,30.12167],[-95.49639,30.11994],[-95.49336,30.11768],[-95.49176,30.11492],[-95.49246,30.11386],[-95.49134,30.11082],[-95.48788,30.10781],[-95.48727,30.10798],[-95.48426,30.10788],[-95.48028,30.10566],[-95.4795,30.10638],[-95.47911,30.10473],[-95.47475,30.10323],[-95.47299,30.1046],[-95.47189,30.10337],[-95.46937,30.10463],[-95.468,30.10375],[-95.46649,30.10365],[-95.46642,30.10501],[-95.46331,30.10498],[-95.46064,30.10563],[-95.45865,30.10462],[-95.4567,30.10523],[-95.45376,30.10464],[-95.45212,30.10765],[-95.45186,30.10818],[-95.44721,30.10975],[-95.44189,30.10902],[-95.4389,30.11053],[-95.43687,30.11018],[-95.43664,30.11037],[-95.43613,30.11103],[-95.43556,30.11266],[-95.43513,30.11298],[-95.43284,30.11363],[-95.43152,30.11368],[-95.43062,30.11391],[-95.42992,30.11358],[-95.42758,30.11485],[-95.42606,30.11553],[-95.42422,30.11549],[-95.42201,30.10965],[-95.41878,30.10851],[-95.41905,30.10505],[-95.41385,30.10134],[-95.41174,30.10085],[-95.41221,30.09939],[-95.41064,30.09794],[-95.41279,30.09516],[-95.41091,30.09467],[-95.40939,30.09264],[-95.40728,30.093],[-95.40544,30.09208],[-95.40224,30.09166],[-95.39987,30.0899],[-95.39849,30.08583],[-95.39562,30.08403],[-95.39163,30.0827],[-95.39065,30.083],[-95.38953,30.08521],[-95.3874,30.08467],[-95.38604,30.08495],[-95.38494,30.08575],[-95.38476,30.08777],[-95.3836,30.08794],[-95.38157,30.08715],[-95.37923,30.08748],[-95.37713,30.08614],[-95.37497,30.08637],[-95.37423,30.08563],[-95.37437,30.0835],[-95.37374,30.0803],[-95.37261,30.07917],[-95.36956,30.07796],[-95.36665,30.07765],[-95.36522,30.07663],[-95.36214,30.07839],[-95.35972,30.0767],[-95.35552,30.07723],[-95.35363,30.07634],[-95.34954,30.0764],[-95.34936,30.07361],[-95.34833,30.07293],[-95.34603,30.07257],[-95.34395,30.07067],[-95.34313,30.0683],[-95.34109,30.06694],[-95.33814,30.06608],[-95.33731,30.06333],[-95.33629,30.06281],[-95.33287,30.06342],[-95.32932,30.06249],[-95.32809,30.0613],[-95.328,30.05975],[-95.32703,30.05804],[-95.3234,30.05587],[-95.32233,30.05362],[-95.31977,30.05272],[-95.31743,30.05426],[-95.31595,30.05384],[-95.31324,30.05078],[-95.31259,30.04852],[-95.31139,30.04698],[-95.30955,30.04563],[-95.30941,30.04366],[-95.3115,30.04189],[-95.31202,30.04044],[-95.31281,30.03599],[-95.3122,30.03433],[-95.31099,30.03289],[-95.308,30.03191],[-95.30692,30.03106],[-95.3056,30.02977],[-95.30435,30.0298],[-95.30293,30.03202],[-95.29993,30.03219],[-95.29722,30.03137],[-95.29346,30.02904],[-95.293,30.02791],[-95.28706,30.0289],[-95.28474,30.0299],[-95.28311,30.03058],[-95.27716,30.0313],[-95.27691,30.03147],[-95.27099,30.0324],[-95.26829,30.03168],[-95.26414,30.03207],[-95.26385,30.03236],[-95.26368,30.03252],[-95.25483,30.0396],[-95.24191,30.04976],[-95.24151,30.05022],[-95.23898,30.05207],[-95.23386,30.05635],[-95.23288,30.057],[-95.22761,30.06147],[-95.22733,30.06169],[-95.22274,30.06541],[-95.22247,30.06563],[-95.21971,30.06782],[-95.21906,30.06848],[-95.2183,30.06904],[-95.21485,30.07174],[-95.21194,30.0742],[-95.2114,30.07462],[-95.204,30.08022],[-95.20034,30.08345],[-95.19572,30.08732],[-95.18053,30.09945],[-95.17285,30.10567],[-95.16656,30.11073],[-95.13157,30.13864],[-95.1305,30.13983],[-95.12447,30.1445],[-95.1236,30.14535],[-95.09671,30.16721],[-95.07328,30.10371],[-95.0726,30.10305],[-95.0496,30.04149],[-95.04849,30.03873],[-95.04844,30.03858],[-95.04621,30.03318],[-95.04513,30.02921],[-95.03118,29.99332],[-95.02867,29.99463],[-95.02677,29.99674],[-95.02473,29.99658],[-95.02191,29.99691],[-95.01867,29.99646],[-95.01706,29.9958],[-95.00315,29.99233],[-94.99983,29.99132],[-94.99527,29.97945],[-94.99542,29.97783],[-94.98827,29.97471],[-94.98591,29.97301],[-94.98553,29.97254],[-94.98476,29.96803],[-94.98209,29.96475],[-94.98064,29.95708],[-94.98117,29.95556],[-94.9877,29.95284],[-94.99197,29.94076],[-94.99473,29.93734],[-94.99511,29.93624],[-94.99614,29.93008],[-94.9952,29.92905],[-94.99288,29.92775],[-94.99306,29.92603],[-94.99416,29.92573],[-94.99546,29.92404],[-94.99651,29.92377],[-94.99775,29.92199],[-94.99866,29.91977],[-94.99645,29.91811],[-94.99477,29.91542],[-94.9937,29.9124],[-94.99287,29.91187],[-94.98792,29.90474],[-94.9845,29.89426],[-94.98436,29.89324],[-94.98598,29.89055],[-94.98499,29.88966],[-94.98146,29.88428],[-94.97873,29.87977],[-94.97633,29.87699],[-94.97668,29.87551],[-94.97593,29.873],[-94.97714,29.86818],[-94.97401,29.86596],[-94.97266,29.86435],[-94.97272,29.86321],[-94.97091,29.8616],[-94.9689,29.86043],[-94.968,29.85915],[-94.96595,29.85808],[-94.9586,29.85626],[-94.95703,29.85598],[-94.9557,29.85584],[-94.95497,29.85566],[-94.95383,29.85552],[-94.95309,29.8553],[-94.95264,29.85503],[-94.95205,29.85455],[-94.95195,29.85447],[-94.94991,29.85272],[-94.94759,29.85082],[-94.94734,29.85039],[-94.94724,29.85015],[-94.94708,29.84951],[-94.94589,29.84577],[-94.94472,29.84429],[-94.94452,29.8441],[-94.94342,29.84296],[-94.94331,29.84285],[-94.94188,29.8414],[-94.94151,29.84096],[-94.94071,29.84017],[-94.94064,29.84009],[-94.93773,29.83706],[-94.93719,29.8365],[-94.9346,29.83429],[-94.92673,29.83369],[-94.91791,29.83068],[-94.91172,29.82885],[-94.90897,29.82673],[-94.90861,29.82549],[-94.90966,29.82164],[-94.90982,29.82122],[-94.91,29.82062],[-94.91007,29.82014],[-94.90989,29.81964],[-94.91068,29.81945],[-94.91077,29.81912],[-94.9104,29.81877],[-94.91044,29.81841],[-94.91106,29.81834],[-94.91113,29.81817],[-94.91008,29.81646],[-94.9102,29.81618],[-94.91073,29.81585],[-94.9085,29.81494],[-94.90922,29.81363],[-94.91072,29.81402],[-94.91039,29.81212],[-94.91071,29.81192],[-94.91137,29.81199],[-94.91165,29.81221],[-94.91175,29.81405],[-94.91325,29.81292],[-94.91334,29.8124],[-94.91287,29.81177],[-94.91204,29.8114],[-94.91197,29.81096],[-94.91363,29.81048],[-94.91298,29.80967],[-94.91244,29.80879],[-94.91617,29.80645],[-94.91722,29.80474],[-94.91688,29.8033],[-94.91941,29.80276],[-94.92158,29.80312],[-94.92294,29.80238],[-94.92216,29.79999],[-94.92318,29.79869],[-94.9225,29.79664],[-94.92381,29.7964],[-94.92384,29.79472],[-94.91944,29.79366],[-94.92112,29.79193],[-94.91962,29.79146],[-94.91783,29.78904],[-94.91861,29.78754],[-94.91711,29.78622],[-94.9182,29.78564],[-94.91837,29.78355],[-94.92137,29.78207],[-94.92003,29.781],[-94.92001,29.779],[-94.92007,29.77536],[-94.91724,29.77491],[-94.9163,29.77366],[-94.91769,29.77193],[-94.91915,29.77289],[-94.91963,29.77128],[-94.91662,29.77027],[-94.91425,29.76915],[-94.91337,29.7681],[-94.91381,29.7663],[-94.91703,29.76684],[-94.91902,29.76539],[-94.91917,29.76458],[-94.91778,29.76104],[-94.91879,29.75923],[-94.91837,29.75611],[-94.91955,29.75527],[-94.92164,29.75556],[-94.9234,29.75526],[-94.92594,29.75237],[-94.9288,29.75137],[-94.92983,29.75],[-94.92995,29.74656],[-94.92889,29.74354],[-94.9286,29.74116],[-94.9283,29.73875],[-94.92902,29.73706],[-94.93232,29.73388],[-94.93483,29.73258],[-94.93918,29.72685],[-94.94147,29.72468],[-94.94235,29.72092],[-94.94331,29.71963],[-94.94522,29.7183],[-94.9454,29.71624],[-94.9438,29.71428],[-94.94252,29.71334],[-94.94149,29.71323],[-94.93499,29.71517],[-94.93393,29.71512],[-94.93308,29.71483],[-94.93297,29.71472],[-94.93249,29.71357],[-94.9342,29.71163],[-94.93456,29.71042],[-94.93367,29.70639],[-94.93296,29.70521],[-94.93098,29.70443],[-94.9274,29.70431],[-94.92527,29.70369],[-94.92521,29.70251],[-94.9265,29.70091],[-94.92892,29.70035],[-94.92968,29.69997],[-94.93028,29.69919],[-94.92991,29.69737],[-94.92695,29.69666],[-94.92536,29.6968],[-94.92386,29.69916],[-94.92017,29.6996],[-94.91856,29.69875],[-94.91706,29.69914],[-94.91581,29.69843],[-94.91628,29.69615],[-94.92161,29.69323],[-94.92146,29.69114],[-94.91967,29.68845],[-94.91987,29.68686],[-94.92242,29.6839],[-94.92773,29.68069],[-94.92947,29.67647],[-94.92973,29.67398],[-94.93071,29.67375],[-94.93366,29.67858],[-94.93657,29.68042],[-94.9362,29.68262],[-94.9361,29.69153],[-94.93609,29.6927],[-94.94023,29.69589],[-94.94114,29.69659],[-94.94268,29.69778],[-94.94666,29.69914],[-94.94917,29.69886],[-94.95082,29.69867],[-94.96596,29.70033],[-94.97209,29.70172],[-94.97399,29.70265],[-94.97625,29.70688],[-94.97839,29.70905],[-94.98293,29.70953],[-94.98326,29.70957],[-94.98816,29.70914],[-94.98985,29.71338],[-94.9927,29.71349],[-94.99442,29.71062],[-94.99445,29.71057],[-94.99498,29.70968],[-94.99763,29.70887],[-95.00348,29.71222],[-95.00488,29.71139],[-95.01314,29.70643],[-95.01349,29.70622],[-95.01374,29.70628],[-95.0161,29.70678],[-95.0165,29.70687],[-95.01859,29.70524],[-95.01968,29.70437],[-95.0196,29.704],[-95.01915,29.70193],[-95.01898,29.70114],[-95.0136,29.69899],[-95.00073,29.69676],[-94.99395,29.69006],[-94.99015,29.68582],[-94.98932,29.68272],[-94.98766,29.68138],[-94.98433,29.68209],[-94.98278,29.6819],[-94.98232,29.67818],[-94.98215,29.67686],[-94.98384,29.67591],[-94.9865,29.67418],[-94.99784,29.66682],[-95.00104,29.66474],[-95.00194,29.66339],[-95.00228,29.66288],[-95.00261,29.6625],[-95.0054,29.65937],[-95.01102,29.6508],[-95.01168,29.6498],[-95.01436,29.64281],[-95.01564,29.63946],[-95.01519,29.63245],[-95.0135,29.62919],[-95.01057,29.62643],[-95.00895,29.62416],[-95.00856,29.62362],[-95.00524,29.62124],[-95.00188,29.61884],[-94.99903,29.62095],[-94.99857,29.62069],[-94.99817,29.62046],[-94.9983,29.61996],[-94.99901,29.6171],[-94.99905,29.61694],[-94.99709,29.61528],[-94.99604,29.61461],[-94.99233,29.61226],[-94.989,29.60959],[-94.98589,29.60527],[-94.98553,29.60512],[-94.98397,29.6045],[-94.98271,29.60134],[-94.98458,29.59882],[-94.98714,29.59702],[-94.98775,29.59476],[-94.98795,29.59404],[-94.99014,29.59343],[-94.99346,29.59048],[-94.99362,29.58982],[-94.99394,29.58844],[-94.99419,29.58823],[-94.99733,29.58561],[-95.00039,29.58304],[-95.00408,29.57959],[-95.00732,29.57513],[-95.00741,29.57499],[-95.0115,29.56861],[-95.01381,29.56414],[-95.01663,29.55849],[-95.01682,29.55716],[-95.01825,29.55488],[-95.02118,29.55376],[-95.02099,29.55153],[-95.01777,29.55013],[-95.01738,29.54928],[-95.01711,29.54869],[-95.01941,29.54849],[-95.02308,29.54944],[-95.02507,29.54924],[-95.02872,29.54765],[-95.02956,29.55219],[-95.03294,29.55223],[-95.03545,29.55307],[-95.04189,29.5546],[-95.04499,29.55585],[-95.04677,29.55737],[-95.04988,29.55848],[-95.05379,29.55898],[-95.05721,29.55911],[-95.05817,29.55913],[-95.06324,29.55898],[-95.06426,29.55884],[-95.06833,29.55748],[-95.06901,29.55638],[-95.06976,29.55499],[-95.07112,29.55071],[-95.0721,29.54926],[-95.07379,29.54827],[-95.0773,29.54757],[-95.07825,29.5473],[-95.08089,29.54572],[-95.07921,29.54324],[-95.08043,29.54102],[-95.07867,29.53783],[-95.07922,29.53474],[-95.08159,29.534],[-95.08614,29.53475],[-95.08711,29.53289],[-95.08963,29.53113],[-95.09083,29.53149],[-95.09233,29.53435],[-95.09403,29.53538],[-95.09507,29.53553],[-95.09626,29.53518],[-95.09695,29.53406],[-95.09543,29.53074],[-95.09522,29.52892],[-95.09362,29.5258],[-95.09487,29.52239],[-95.09738,29.52038],[-95.09809,29.51832],[-95.10132,29.52131],[-95.10244,29.52139],[-95.10264,29.52127],[-95.10355,29.5179],[-95.10607,29.51686],[-95.10602,29.51578],[-95.10404,29.51256],[-95.10387,29.51129],[-95.10547,29.51033],[-95.10805,29.5096],[-95.11162,29.51085],[-95.11311,29.51083],[-95.11715,29.50805],[-95.11849,29.50698],[-95.12201,29.51041],[-95.12509,29.51026],[-95.12752,29.50937],[-95.12857,29.50843],[-95.12952,29.50515],[-95.13083,29.50494],[-95.13389,29.50643],[-95.14171,29.50636],[-95.14273,29.50582],[-95.14495,29.50264],[-95.1475,29.50153],[-95.14888,29.4987],[-95.15023,29.49854],[-95.15137,29.50029],[-95.15277,29.50037],[-95.15557,29.49883],[-95.15672,29.49818],[-95.1587,29.49835],[-95.1607,29.49752],[-95.16393,29.49806],[-95.16309,29.50012],[-95.16292,29.50134],[-95.16407,29.50233],[-95.16643,29.50211],[-95.16772,29.50441],[-95.16722,29.50574],[-95.17032,29.50693],[-95.171,29.50772],[-95.17106,29.51002],[-95.16826,29.51083],[-95.1675,29.51255],[-95.16868,29.51299],[-95.16967,29.51489],[-95.17059,29.51515],[-95.17182,29.51425],[-95.17433,29.51518],[-95.17372,29.5172],[-95.17503,29.51829],[-95.17584,29.51703],[-95.17761,29.51694],[-95.17879,29.51799],[-95.17929,29.51985],[-95.17997,29.51844],[-95.18271,29.51882],[-95.18277,29.52018],[-95.18517,29.52164],[-95.1848,29.52321],[-95.18629,29.52342],[-95.18785,29.52434],[-95.18683,29.52708],[-95.18981,29.52717],[-95.18777,29.52784],[-95.1906,29.53072],[-95.18751,29.53404],[-95.18828,29.53541],[-95.1922,29.5359],[-95.19398,29.53657],[-95.19453,29.53827],[-95.19222,29.53866],[-95.19303,29.53938],[-95.19225,29.5405],[-95.19462,29.54134],[-95.19401,29.54285],[-95.19506,29.54361],[-95.19569,29.54239],[-95.19723,29.54199],[-95.19947,29.54453],[-95.19774,29.54705],[-95.19738,29.54944],[-95.19996,29.55233],[-95.19907,29.55414],[-95.19768,29.55728],[-95.19592,29.55763],[-95.19481,29.55606],[-95.19315,29.55952],[-95.19702,29.56008],[-95.19601,29.55896],[-95.19779,29.55821],[-95.19929,29.55896],[-95.20004,29.5606],[-95.19906,29.56118],[-95.20064,29.56164],[-95.20098,29.56321],[-95.2013,29.56132],[-95.20432,29.55891],[-95.20594,29.55916],[-95.20557,29.55776],[-95.20773,29.55779],[-95.20695,29.55916],[-95.20876,29.55917],[-95.21066,29.55839],[-95.21142,29.5592],[-95.21361,29.55845],[-95.21278,29.55787],[-95.2132,29.55575],[-95.21635,29.55577],[-95.21542,29.5569],[-95.2148,29.55714],[-95.21584,29.55765],[-95.21595,29.55779],[-95.21709,29.55893],[-95.21824,29.55936],[-95.22134,29.55702],[-95.22361,29.55913],[-95.22857,29.56002],[-95.23119,29.55772],[-95.23367,29.55714],[-95.23631,29.55985],[-95.23772,29.56137],[-95.23974,29.56075],[-95.24161,29.55971],[-95.24195,29.55628],[-95.24313,29.55502],[-95.24553,29.55461],[-95.24737,29.5531],[-95.24823,29.55571],[-95.2508,29.5555],[-95.25395,29.55394],[-95.2542,29.55463],[-95.25489,29.55551],[-95.25494,29.55727],[-95.25253,29.55811],[-95.25249,29.56078],[-95.255,29.56388],[-95.25545,29.56718],[-95.25851,29.57108],[-95.25868,29.57329],[-95.25967,29.57442],[-95.25895,29.57816],[-95.2602,29.57965],[-95.26115,29.58108],[-95.26034,29.58408],[-95.26213,29.58713],[-95.26029,29.58988],[-95.26102,29.59103],[-95.26088,29.59174],[-95.26161,29.59316],[-95.26633,29.59464],[-95.26692,29.59457],[-95.26757,29.59384],[-95.27042,29.59471],[-95.2738,29.5944],[-95.27666,29.59485],[-95.27749,29.59612],[-95.28024,29.59552],[-95.28281,29.59775],[-95.28649,29.59789],[-95.28803,29.59833],[-95.29272,29.59764],[-95.29357,29.59652],[-95.29626,29.59624],[-95.29716,29.59655],[-95.29741,29.59652],[-95.29859,29.59704],[-95.29971,29.59612],[-95.30394,29.59517],[-95.30865,29.59492],[-95.30975,29.59504],[-95.3147,29.59801],[-95.3197,29.59823],[-95.32155,29.59701],[-95.32244,29.59672],[-95.32554,29.59806],[-95.32822,29.59812],[-95.33115,29.59911],[-95.33226,29.59893],[-95.33506,29.5963],[-95.33683,29.59544],[-95.33742,29.59386],[-95.34058,29.59274],[-95.3444,29.5891],[-95.3442,29.58741],[-95.34645,29.58555],[-95.34787,29.58576],[-95.34911,29.58653],[-95.35191,29.58545],[-95.35293,29.58545],[-95.35681,29.58678],[-95.36073,29.58494],[-95.36253,29.58555],[-95.36303,29.58569],[-95.36342,29.5859],[-95.36405,29.58594],[-95.36822,29.58471],[-95.37193,29.58682],[-95.37618,29.58828],[-95.3809,29.58702],[-95.38369,29.58685],[-95.38415,29.58687],[-95.38604,29.58556],[-95.38648,29.58558],[-95.38813,29.58567],[-95.39327,29.58169],[-95.39426,29.58226],[-95.39637,29.5827],[-95.4006,29.58196],[-95.40385,29.58182],[-95.40835,29.58287],[-95.41243,29.5832],[-95.41711,29.58328],[-95.42429,29.58031],[-95.43071,29.58336],[-95.43103,29.58351],[-95.43132,29.58373],[-95.44634,29.5907],[-95.45325,29.59402],[-95.45638,29.59547],[-95.46504,29.5996],[-95.47591,29.60468],[-95.47692,29.60503],[-95.48443,29.60854],[-95.49266,29.61237],[-95.49442,29.61312],[-95.49504,29.61339],[-95.50863,29.61973],[-95.50997,29.62035],[-95.51318,29.62184],[-95.5137,29.62143],[-95.51547,29.6229],[-95.52078,29.62535],[-95.52105,29.62548],[-95.53699,29.63284],[-95.54377,29.63597],[-95.54619,29.63707],[-95.5498,29.63877],[-95.55103,29.63939],[-95.55465,29.64101],[-95.55773,29.64243],[-95.56548,29.64596],[-95.57136,29.64872],[-95.57171,29.64889],[-95.57847,29.652],[-95.58177,29.65352],[-95.5827,29.65395],[-95.58692,29.65592],[-95.58697,29.65594],[-95.59228,29.6584],[-95.59625,29.66023],[-95.59706,29.6606],[-95.59784,29.66096],[-95.60547,29.66447],[-95.61002,29.66699],[-95.61607,29.67041],[-95.6191,29.67203],[-95.62185,29.67357],[-95.62318,29.6743],[-95.6342,29.68056],[-95.63475,29.68078],[-95.63546,29.68132],[-95.64336,29.68576],[-95.64364,29.68593],[-95.64395,29.68612],[-95.64452,29.68646],[-95.64531,29.68692],[-95.64748,29.68818],[-95.65101,29.69016],[-95.65211,29.69078],[-95.65219,29.69083],[-95.65426,29.69166],[-95.66469,29.69753],[-95.66923,29.70013],[-95.67008,29.70062],[-95.67032,29.70074],[-95.67039,29.70077],[-95.67077,29.70095],[-95.67087,29.70095],[-95.67087,29.70099],[-95.67098,29.70105],[-95.67106,29.70109],[-95.67116,29.70114],[-95.67119,29.70115],[-95.67127,29.70119],[-95.6757,29.70372],[-95.68339,29.70804],[-95.68708,29.71008],[-95.68835,29.71086],[-95.70192,29.71835],[-95.70821,29.72185],[-95.71115,29.72352],[-95.7304,29.7343],[-95.73132,29.73485],[-95.73361,29.73627],[-95.73739,29.73853],[-95.73867,29.73931],[-95.74254,29.74118],[-95.75107,29.74622],[-95.75145,29.74647],[-95.75318,29.74752],[-95.75921,29.7508],[-95.76637,29.7548],[-95.77066,29.75735],[-95.77203,29.7583],[-95.77309,29.7589],[-95.77609,29.76059],[-95.77638,29.76075],[-95.7776,29.76144],[-95.78674,29.76655],[-95.79313,29.77011],[-95.79593,29.77168],[-95.79673,29.77213],[-95.79916,29.77351],[-95.79928,29.77358],[-95.80168,29.77493],[-95.81238,29.78097],[-95.82597,29.78862],[-95.82645,29.78993],[-95.8302,29.80042],[-95.83599,29.81662],[-95.83995,29.82834],[-95.84109,29.83114],[-95.84636,29.84553],[-95.85685,29.87458],[-95.86897,29.90883],[-95.87296,29.91983],[-95.88928,29.96508],[-95.89221,29.97563],[-95.894,29.98055],[-95.89406,29.98065],[-95.90234,30.00225],[-95.90958,30.02207],[-95.92107,30.05358],[-95.92117,30.05529],[-95.9215,30.06403],[-95.92508,30.0639],[-95.92522,30.06872],[-95.92692,30.06944],[-95.92706,30.06983],[-95.92806,30.07284],[-95.93661,30.09596],[-95.96073,30.16342],[-95.95911,30.16324],[-95.95797,30.16212],[-95.95582,30.16127],[-95.9544,30.15855]]]]}},{"type":"Feature","properties":{"name":"Micro Dash","boundary_type":"city","source":"Census TIGER place","fidelity":"approximate","updated":"2026-09","units":"Waco city","note":"service zones: South Hewitt, Central, Northcrest","confidence":0.75},"geometry":{"type":"Polygon","coordinates":[[[-97.33351,31.60607],[-97.32966,31.60589],[-97.32689,31.60735],[-97.32394,31.60974],[-97.3249,31.61158],[-97.32105,31.61463],[-97.317,31.61577],[-97.31765,31.617],[-97.31428,31.61715],[-97.31046,31.61668],[-97.30956,31.61954],[-97.30883,31.61716],[-97.30741,31.61688],[-97.30146,31.61615],[-97.30112,31.61696],[-97.29867,31.61573],[-97.2941,31.61801],[-97.29094,31.61377],[-97.29088,31.61473],[-97.29325,31.6229],[-97.29332,31.6252],[-97.29256,31.6268],[-97.29108,31.6282],[-97.28314,31.63274],[-97.28483,31.63517],[-97.28445,31.63569],[-97.28411,31.63565],[-97.2838,31.63608],[-97.27849,31.63906],[-97.27919,31.64029],[-97.28111,31.64232],[-97.27553,31.64506],[-97.27271,31.63917],[-97.2737,31.63867],[-97.2719,31.63575],[-97.26726,31.6381],[-97.26487,31.6349],[-97.25642,31.63923],[-97.2546,31.63703],[-97.24845,31.64042],[-97.24173,31.64387],[-97.23962,31.64094],[-97.24184,31.63993],[-97.23774,31.63403],[-97.23658,31.63462],[-97.23481,31.63206],[-97.22022,31.63937],[-97.21967,31.63965],[-97.20979,31.62528],[-97.20962,31.62362],[-97.2071,31.62491],[-97.20202,31.61713],[-97.20064,31.61781],[-97.19941,31.61607],[-97.20106,31.61603],[-97.20383,31.61434],[-97.20025,31.61291],[-97.19912,31.61026],[-97.19753,31.61108],[-97.19701,31.61025],[-97.19373,31.61072],[-97.1892,31.61043],[-97.18877,31.61253],[-97.18953,31.61393],[-97.19056,31.61353],[-97.1929,31.617],[-97.18999,31.61821],[-97.18705,31.61423],[-97.18659,31.61172],[-97.18556,31.61031],[-97.17617,31.60949],[-97.17026,31.61283],[-97.17317,31.61245],[-97.17441,31.61322],[-97.17602,31.61547],[-97.1775,31.61965],[-97.17879,31.62298],[-97.179,31.62415],[-97.17929,31.62504],[-97.17952,31.62849],[-97.1792,31.62855],[-97.17819,31.62436],[-97.17791,31.62261],[-97.17573,31.61715],[-97.17435,31.61434],[-97.17345,31.61346],[-97.17223,31.61314],[-97.1683,31.61448],[-97.16398,31.61714],[-97.15756,31.61975],[-97.14913,31.62521],[-97.14702,31.62583],[-97.13844,31.62445],[-97.13513,31.62334],[-97.13195,31.62035],[-97.12979,31.61728],[-97.12878,31.61522],[-97.12663,31.61429],[-97.12863,31.61442],[-97.12866,31.61114],[-97.12729,31.61099],[-97.12108,31.61248],[-97.11994,31.613],[-97.1191,31.61197],[-97.11586,31.60738],[-97.11652,31.60576],[-97.11719,31.604],[-97.12026,31.59592],[-97.12047,31.59534],[-97.12246,31.59007],[-97.12015,31.58999],[-97.12006,31.5889],[-97.12079,31.58909],[-97.12054,31.58805],[-97.12065,31.58664],[-97.12211,31.5858],[-97.12331,31.58568],[-97.12282,31.585],[-97.12021,31.58577],[-97.11423,31.58873],[-97.11234,31.58966],[-97.10918,31.5868],[-97.1086,31.58499],[-97.11051,31.57924],[-97.1088,31.57665],[-97.11072,31.57549],[-97.10768,31.5729],[-97.10732,31.57272],[-97.10622,31.57297],[-97.10446,31.57282],[-97.09825,31.57585],[-97.09601,31.57216],[-97.09527,31.57255],[-97.08932,31.58372],[-97.08109,31.58901],[-97.07624,31.59211],[-97.07229,31.59533],[-97.06159,31.60302],[-97.06628,31.61081],[-97.06064,31.61352],[-97.06071,31.61363],[-97.06051,31.61373],[-97.06824,31.62582],[-97.0683,31.62593],[-97.07552,31.62269],[-97.07841,31.62625],[-97.08123,31.63015],[-97.08342,31.63103],[-97.08873,31.62799],[-97.09008,31.62717],[-97.09017,31.62655],[-97.09419,31.62437],[-97.09436,31.62845],[-97.09452,31.63209],[-97.09359,31.63362],[-97.09158,31.63433],[-97.09179,31.63554],[-97.09238,31.63556],[-97.09462,31.63436],[-97.09488,31.64007],[-97.09084,31.64221],[-97.08566,31.64493],[-97.08227,31.64676],[-97.07865,31.64882],[-97.07715,31.64951],[-97.07718,31.65139],[-97.07921,31.65477],[-97.07747,31.65706],[-97.07414,31.65719],[-97.07423,31.65899],[-97.07516,31.66003],[-97.07503,31.66009],[-97.06747,31.66041],[-97.06682,31.65993],[-97.06663,31.65513],[-97.06634,31.65019],[-97.06013,31.64127],[-97.06234,31.63565],[-97.06224,31.63494],[-97.06188,31.63556],[-97.0578,31.63799],[-97.05726,31.63748],[-97.05102,31.64076],[-97.04863,31.64124],[-97.04702,31.63916],[-97.04769,31.63884],[-97.0525,31.63651],[-97.05062,31.63386],[-97.05027,31.63402],[-97.04928,31.63123],[-97.04548,31.62502],[-97.04736,31.6221],[-97.04523,31.62294],[-97.0446,31.62065],[-97.04839,31.61897],[-97.05558,31.61581],[-97.05787,31.61481],[-97.06044,31.61361],[-97.06034,31.61334],[-97.06604,31.61058],[-97.06149,31.60299],[-97.07768,31.59085],[-97.07999,31.58937],[-97.07541,31.5831],[-97.07039,31.57545],[-97.06917,31.57405],[-97.06336,31.56576],[-97.06651,31.56406],[-97.06858,31.54834],[-97.06862,31.5429],[-97.08519,31.54959],[-97.08862,31.55115],[-97.08927,31.55013],[-97.09422,31.55114],[-97.09517,31.55095],[-97.0953,31.55026],[-97.09104,31.54983],[-97.0998,31.54163],[-97.0976,31.53939],[-97.09599,31.5408],[-97.095,31.53991],[-97.09665,31.53847],[-97.09568,31.53756],[-97.0959,31.53736],[-97.09396,31.53478],[-97.09308,31.53247],[-97.08752,31.52327],[-97.08814,31.52298],[-97.08305,31.51866],[-97.07905,31.51521],[-97.07395,31.50896],[-97.06696,31.49752],[-97.06573,31.49461],[-97.06523,31.49208],[-97.06304,31.48823],[-97.06298,31.48709],[-97.06451,31.48301],[-97.06504,31.48005],[-97.06659,31.47397],[-97.0672,31.46976],[-97.06795,31.46729],[-97.06828,31.46315],[-97.06852,31.46319],[-97.06834,31.46638],[-97.06727,31.47023],[-97.06679,31.47406],[-97.06405,31.48506],[-97.06335,31.48651],[-97.06343,31.48861],[-97.06539,31.49208],[-97.06588,31.49461],[-97.06707,31.49748],[-97.0738,31.50848],[-97.07921,31.51512],[-97.08311,31.51854],[-97.08486,31.51781],[-97.08621,31.51816],[-97.08668,31.51725],[-97.08932,31.517],[-97.09063,31.51616],[-97.0911,31.5136],[-97.0926,31.51198],[-97.09392,31.51166],[-97.09456,31.50953],[-97.09833,31.50593],[-97.10183,31.50606],[-97.10179,31.50537],[-97.1056,31.50622],[-97.10657,31.50587],[-97.11119,31.507],[-97.11293,31.5064],[-97.11491,31.50674],[-97.12216,31.50372],[-97.12336,31.50241],[-97.12541,31.50146],[-97.12678,31.50544],[-97.13383,31.50535],[-97.13386,31.50053],[-97.13338,31.49484],[-97.14141,31.49112],[-97.14286,31.49079],[-97.14445,31.49078],[-97.14795,31.49199],[-97.14836,31.49742],[-97.14988,31.49618],[-97.15367,31.49513],[-97.15499,31.49532],[-97.1538,31.48992],[-97.15754,31.48395],[-97.15927,31.48433],[-97.15973,31.48437],[-97.16073,31.48081],[-97.15947,31.48025],[-97.16078,31.47813],[-97.16106,31.47802],[-97.16392,31.47924],[-97.16234,31.47756],[-97.16209,31.47628],[-97.16467,31.47194],[-97.17572,31.47628],[-97.17685,31.47753],[-97.17762,31.47606],[-97.17894,31.47663],[-97.18279,31.47479],[-97.17906,31.47334],[-97.18006,31.47143],[-97.18068,31.46977],[-97.18118,31.46792],[-97.18733,31.46932],[-97.18948,31.47259],[-97.19137,31.47167],[-97.19567,31.47057],[-97.19439,31.47646],[-97.19327,31.47929],[-97.19231,31.48131],[-97.19282,31.48211],[-97.19406,31.48033],[-97.19532,31.47985],[-97.19588,31.47978],[-97.19493,31.48018],[-97.19598,31.48171],[-97.19523,31.48207],[-97.19666,31.48234],[-97.19653,31.48249],[-97.19757,31.48253],[-97.20054,31.48108],[-97.20168,31.48267],[-97.20667,31.48032],[-97.20787,31.47977],[-97.20958,31.48226],[-97.21078,31.48167],[-97.20642,31.47487],[-97.2144,31.47094],[-97.21455,31.47115],[-97.21488,31.47099],[-97.20654,31.45827],[-97.21334,31.45517],[-97.21787,31.45295],[-97.21905,31.44948],[-97.22617,31.44585],[-97.22555,31.44872],[-97.22733,31.45221],[-97.23108,31.4503],[-97.23383,31.45425],[-97.23654,31.45825],[-97.23475,31.45946],[-97.23864,31.46509],[-97.23191,31.46857],[-97.23415,31.47169],[-97.22981,31.47397],[-97.22883,31.47446],[-97.22793,31.47491],[-97.22894,31.47596],[-97.22967,31.47559],[-97.23037,31.47656],[-97.22752,31.47808],[-97.2231,31.48486],[-97.22651,31.48963],[-97.22158,31.4922],[-97.21811,31.4944],[-97.21937,31.49608],[-97.21808,31.49776],[-97.21644,31.4972],[-97.21707,31.49834],[-97.2086,31.502],[-97.20726,31.5001],[-97.20306,31.50227],[-97.20314,31.50384],[-97.20101,31.50097],[-97.1961,31.50321],[-97.19831,31.5064],[-97.19708,31.50737],[-97.19442,31.50401],[-97.19037,31.50582],[-97.19288,31.50997],[-97.18952,31.51146],[-97.18966,31.51192],[-97.19117,31.51323],[-97.19996,31.50871],[-97.20116,31.50898],[-97.20419,31.51343],[-97.20317,31.51395],[-97.2047,31.51618],[-97.20815,31.51477],[-97.20994,31.5175],[-97.213,31.51614],[-97.21379,31.51676],[-97.21456,31.51807],[-97.2157,31.52012],[-97.22168,31.51706],[-97.2245,31.52117],[-97.2264,31.52091],[-97.22911,31.52143],[-97.23632,31.51755],[-97.23679,31.51783],[-97.23715,31.51987],[-97.23817,31.51945],[-97.23918,31.51426],[-97.24357,31.51019],[-97.24159,31.50746],[-97.24432,31.50754],[-97.2452,31.50594],[-97.24546,31.50183],[-97.24916,31.50135],[-97.24827,31.5003],[-97.24922,31.49936],[-97.25066,31.49975],[-97.2516,31.49813],[-97.25315,31.49806],[-97.25501,31.49412],[-97.25602,31.4944],[-97.25731,31.49257],[-97.26824,31.48686],[-97.2677,31.48581],[-97.26978,31.4856],[-97.27144,31.48532],[-97.27127,31.48481],[-97.27102,31.48325],[-97.27388,31.48087],[-97.27564,31.48123],[-97.2781,31.47873],[-97.27702,31.47836],[-97.27622,31.47529],[-97.28302,31.47451],[-97.30264,31.46963],[-97.30233,31.46872],[-97.29797,31.46983],[-97.29724,31.4691],[-97.2936,31.46357],[-97.29543,31.46204],[-97.29715,31.46441],[-97.30048,31.46648],[-97.30322,31.46954],[-97.31883,31.46573],[-97.31554,31.46118],[-97.31809,31.45996],[-97.32169,31.46505],[-97.32697,31.47256],[-97.32579,31.47296],[-97.32408,31.47051],[-97.32272,31.47123],[-97.32423,31.47354],[-97.31943,31.47518],[-97.31254,31.47714],[-97.29395,31.48041],[-97.3006,31.48975],[-97.30184,31.4891],[-97.30507,31.49393],[-97.30597,31.49363],[-97.30842,31.49086],[-97.31223,31.48901],[-97.31524,31.49291],[-97.31534,31.496],[-97.3214,31.49636],[-97.32117,31.49218],[-97.32331,31.49109],[-97.32232,31.48957],[-97.323,31.48865],[-97.32084,31.48741],[-97.32038,31.4801],[-97.32266,31.4787],[-97.32788,31.48591],[-97.33429,31.49523],[-97.33366,31.49555],[-97.32712,31.49889],[-97.32786,31.49988],[-97.32535,31.49978],[-97.32599,31.49712],[-97.31937,31.49959],[-97.3207,31.50189],[-97.32011,31.50214],[-97.31833,31.50688],[-97.31926,31.50965],[-97.31939,31.5117],[-97.31826,31.51297],[-97.31442,31.51271],[-97.31205,31.51146],[-97.3097,31.50978],[-97.30633,31.50649],[-97.30577,31.50314],[-97.30166,31.49989],[-97.29902,31.49938],[-97.29983,31.50395],[-97.28718,31.51035],[-97.27994,31.50009],[-97.2842,31.49786],[-97.28219,31.49411],[-97.28005,31.49462],[-97.27865,31.49331],[-97.27606,31.49454],[-97.27467,31.49256],[-97.27189,31.49226],[-97.26818,31.49343],[-97.26988,31.49495],[-97.2726,31.49435],[-97.27119,31.49587],[-97.27385,31.49636],[-97.27379,31.49865],[-97.27284,31.49996],[-97.27393,31.50166],[-97.2733,31.50154],[-97.26879,31.50308],[-97.2656,31.50283],[-97.26253,31.50068],[-97.26108,31.50256],[-97.25818,31.50466],[-97.2575,31.50428],[-97.25421,31.50554],[-97.25618,31.5079],[-97.26539,31.51018],[-97.26789,31.50877],[-97.26998,31.50917],[-97.2715,31.51014],[-97.27379,31.51645],[-97.2766,31.51801],[-97.27583,31.5181],[-97.27477,31.51821],[-97.27114,31.51634],[-97.26993,31.51385],[-97.26614,31.51633],[-97.2623,31.5154],[-97.25961,31.51675],[-97.25667,31.51596],[-97.25557,31.51697],[-97.25184,31.51687],[-97.2526,31.51791],[-97.25448,31.51755],[-97.25503,31.51845],[-97.25106,31.52325],[-97.25427,31.5254],[-97.2532,31.52631],[-97.25468,31.52842],[-97.25146,31.53007],[-97.24847,31.52572],[-97.24691,31.53007],[-97.24432,31.53073],[-97.24686,31.53401],[-97.25409,31.53664],[-97.2579,31.5383],[-97.25207,31.54137],[-97.25798,31.5503],[-97.25449,31.55137],[-97.2535,31.5528],[-97.25177,31.55376],[-97.25213,31.55574],[-97.25447,31.5562],[-97.2567,31.55546],[-97.25597,31.55684],[-97.25363,31.55647],[-97.2525,31.55772],[-97.25399,31.55778],[-97.25531,31.55925],[-97.25466,31.56084],[-97.24949,31.56345],[-97.25168,31.56666],[-97.25018,31.56742],[-97.24795,31.56423],[-97.24169,31.56744],[-97.24399,31.56942],[-97.24671,31.57351],[-97.25007,31.57179],[-97.25322,31.57626],[-97.26324,31.57478],[-97.27407,31.59018],[-97.27476,31.58975],[-97.27579,31.5931],[-97.27718,31.59382],[-97.27614,31.59433],[-97.2758,31.5945],[-97.27603,31.59509],[-97.27772,31.59759],[-97.2809,31.59954],[-97.28191,31.59722],[-97.28263,31.59898],[-97.28488,31.5971],[-97.28527,31.59752],[-97.28899,31.59632],[-97.29087,31.59555],[-97.29086,31.59616],[-97.29536,31.59723],[-97.29501,31.59821],[-97.29878,31.59786],[-97.29838,31.59915],[-97.30171,31.6008],[-97.30204,31.60008],[-97.30278,31.60115],[-97.30172,31.60515],[-97.30317,31.60791],[-97.30456,31.60717],[-97.3078,31.60845],[-97.3083,31.60937],[-97.30765,31.61346],[-97.30807,31.61412],[-97.31014,31.61388],[-97.31558,31.61401],[-97.31983,31.61205],[-97.32639,31.6068],[-97.32824,31.60584],[-97.32956,31.60544],[-97.3333,31.60545],[-97.33529,31.60605],[-97.34098,31.60946],[-97.3378,31.60822],[-97.33351,31.60607]],[[-97.19163,31.49413],[-97.19069,31.49278],[-97.18948,31.4934],[-97.19125,31.49605],[-97.19396,31.49471],[-97.19307,31.49339],[-97.19163,31.49413]],[[-97.19051,31.48507],[-97.18792,31.48992],[-97.18158,31.49599],[-97.17862,31.49958],[-97.17689,31.50282],[-97.18062,31.49735],[-97.18707,31.50292],[-97.18786,31.50243],[-97.186,31.50025],[-97.18583,31.49849],[-97.18482,31.49721],[-97.18236,31.4957],[-97.18774,31.49066],[-97.18868,31.48919],[-97.18989,31.49085],[-97.19147,31.49004],[-97.18956,31.48732],[-97.19048,31.48539],[-97.19331,31.4891],[-97.19198,31.48624],[-97.19051,31.48507]],[[-97.17358,31.49198],[-97.17231,31.49048],[-97.16923,31.49183],[-97.16952,31.49254],[-97.17262,31.49402],[-97.17494,31.4954],[-97.17692,31.49322],[-97.17358,31.49198]],[[-97.16786,31.49786],[-97.17073,31.49884],[-97.16824,31.49677],[-97.16786,31.49786]],[[-97.16803,31.51204],[-97.16395,31.51561],[-97.16222,31.51428],[-97.15974,31.51651],[-97.15904,31.51681],[-97.15371,31.52134],[-97.14877,31.52554],[-97.14195,31.52476],[-97.14072,31.52458],[-97.13878,31.52486],[-97.14024,31.52623],[-97.14049,31.52605],[-97.14476,31.52962],[-97.14804,31.52676],[-97.15422,31.53186],[-97.15662,31.52763],[-97.15567,31.52678],[-97.15726,31.5265],[-97.15925,31.52387],[-97.16203,31.52151],[-97.16945,31.51674],[-97.16958,31.51387],[-97.16803,31.51204]],[[-97.16665,31.49365],[-97.16609,31.49479],[-97.16724,31.49573],[-97.1678,31.49459],[-97.16665,31.49365]],[[-97.09683,31.5576],[-97.08797,31.55756],[-97.08587,31.5559],[-97.08339,31.55723],[-97.08173,31.55395],[-97.07867,31.55204],[-97.07705,31.55289],[-97.07559,31.55079],[-97.07395,31.55059],[-97.07368,31.54947],[-97.07049,31.54855],[-97.06832,31.56379],[-97.06816,31.5684],[-97.07561,31.5649],[-97.07639,31.56607],[-97.08178,31.5632],[-97.0838,31.56356],[-97.08427,31.56542],[-97.08707,31.56791],[-97.09188,31.56711],[-97.09575,31.56518],[-97.09758,31.56509],[-97.09759,31.56008],[-97.09683,31.5576]]]}},{"type":"Feature","properties":{"name":"Micro McAllen","boundary_type":"city","source":"Census TIGER place","fidelity":"approximate","updated":"2026-09","units":"McAllen city","note":"service zone is NW McAllen","confidence":0.75},"geometry":{"type":"MultiPolygon","coordinates":[[[[-98.26788,26.28079],[-98.26921,26.28096],[-98.2691,26.28185],[-98.26972,26.28195],[-98.26928,26.28454],[-98.26727,26.28426],[-98.26788,26.28079]]],[[[-98.31644,26.12559],[-98.31599,26.12829],[-98.30831,26.13373],[-98.30556,26.13232],[-98.29825,26.13145],[-98.2979,26.13487],[-98.2975,26.13575],[-98.29703,26.13733],[-98.29568,26.13881],[-98.30939,26.14079],[-98.31086,26.14146],[-98.31344,26.14385],[-98.3128,26.14755],[-98.30494,26.14641],[-98.30445,26.14923],[-98.29913,26.14849],[-98.30041,26.14894],[-98.29974,26.15289],[-98.2958,26.15233],[-98.29517,26.15603],[-98.28719,26.15509],[-98.28288,26.1804],[-98.28029,26.19561],[-98.28031,26.19579],[-98.27893,26.20357],[-98.27788,26.20971],[-98.27561,26.22306],[-98.27501,26.22665],[-98.2741,26.23202],[-98.27319,26.23743],[-98.27198,26.24452],[-98.27076,26.25182],[-98.26872,26.26374],[-98.26832,26.26611],[-98.2695,26.26628],[-98.27459,26.26699],[-98.27443,26.26794],[-98.27614,26.26818],[-98.27611,26.26835],[-98.27569,26.27076],[-98.27529,26.27313],[-98.27483,26.27575],[-98.27086,26.27521],[-98.27025,26.27942],[-98.27008,26.28108],[-98.26986,26.28105],[-98.27041,26.27719],[-98.26652,26.27666],[-98.26588,26.2805],[-98.26195,26.27994],[-98.26008,26.29071],[-98.2571,26.29032],[-98.25701,26.29087],[-98.25551,26.29064],[-98.25568,26.28961],[-98.25321,26.28926],[-98.2537,26.28641],[-98.25082,26.28601],[-98.25307,26.28242],[-98.2489,26.28184],[-98.24489,26.28129],[-98.24458,26.28313],[-98.24679,26.28383],[-98.24854,26.28398],[-98.24836,26.28498],[-98.24437,26.28442],[-98.24414,26.28577],[-98.24813,26.28634],[-98.24808,26.28687],[-98.24829,26.28748],[-98.24595,26.29118],[-98.24507,26.29242],[-98.24466,26.29332],[-98.24792,26.30459],[-98.24693,26.30734],[-98.24862,26.30754],[-98.24803,26.31107],[-98.25199,26.31169],[-98.25337,26.31141],[-98.25288,26.31426],[-98.25419,26.31446],[-98.25464,26.31159],[-98.25776,26.31201],[-98.25729,26.31482],[-98.25858,26.31501],[-98.25906,26.31219],[-98.26049,26.31239],[-98.26445,26.31292],[-98.26581,26.31228],[-98.26654,26.31002],[-98.26899,26.31035],[-98.2708,26.2996],[-98.27877,26.30067],[-98.2743,26.30286],[-98.273,26.31088],[-98.27695,26.31141],[-98.27757,26.30785],[-98.28555,26.3089],[-98.30938,26.31221],[-98.30904,26.31559],[-98.28895,26.31319],[-98.28479,26.31341],[-98.2821,26.31373],[-98.28185,26.31529],[-98.28406,26.31411],[-98.28335,26.31809],[-98.28267,26.31857],[-98.27985,26.31817],[-98.28038,26.31512],[-98.28186,26.31375],[-98.26264,26.31579],[-98.25996,26.31561],[-98.24967,26.31415],[-98.24942,26.31608],[-98.24853,26.31739],[-98.24699,26.31719],[-98.24678,26.31927],[-98.24624,26.3213],[-98.24761,26.32152],[-98.24848,26.32162],[-98.24819,26.32328],[-98.24618,26.33556],[-98.26192,26.33794],[-98.2635,26.32892],[-98.26443,26.3283],[-98.27194,26.32948],[-98.27272,26.32505],[-98.28257,26.32647],[-98.29446,26.32813],[-98.2951,26.3285],[-98.2944,26.3325],[-98.29523,26.33263],[-98.30312,26.33374],[-98.30571,26.33375],[-98.30489,26.33441],[-98.3052,26.3367],[-98.30288,26.33637],[-98.30294,26.33519],[-98.30274,26.33637],[-98.3018,26.34129],[-98.29418,26.34018],[-98.29377,26.34256],[-98.27801,26.34025],[-98.27531,26.35451],[-98.25811,26.35189],[-98.25037,26.39498],[-98.24531,26.42358],[-98.23762,26.46666],[-98.23759,26.46665],[-98.23772,26.46587],[-98.23816,26.46335],[-98.23899,26.45856],[-98.23937,26.45651],[-98.23945,26.45611],[-98.2395,26.4558],[-98.23975,26.45438],[-98.24009,26.4524],[-98.24087,26.44793],[-98.24099,26.44725],[-98.24121,26.44612],[-98.24132,26.44547],[-98.24139,26.44511],[-98.24174,26.44327],[-98.242,26.44193],[-98.24221,26.44087],[-98.24235,26.43992],[-98.24256,26.43866],[-98.24266,26.43811],[-98.2428,26.43739],[-98.24319,26.43516],[-98.24322,26.435],[-98.24336,26.43412],[-98.24381,26.43169],[-98.24426,26.42919],[-98.2447,26.42681],[-98.24486,26.42588],[-98.24502,26.42497],[-98.24528,26.42357],[-98.24201,26.42313],[-98.24702,26.39449],[-98.25034,26.39498],[-98.25043,26.39442],[-98.25062,26.39337],[-98.2508,26.39244],[-98.25104,26.39099],[-98.25126,26.38966],[-98.25161,26.38772],[-98.25185,26.38632],[-98.25191,26.38597],[-98.25226,26.38409],[-98.25263,26.38213],[-98.25289,26.38074],[-98.25315,26.37927],[-98.25394,26.37492],[-98.25424,26.37326],[-98.25452,26.37167],[-98.25475,26.37026],[-98.25566,26.36526],[-98.25638,26.36123],[-98.25736,26.35577],[-98.25771,26.35384],[-98.25808,26.35188],[-98.24373,26.34988],[-98.22778,26.34753],[-98.22873,26.34209],[-98.23274,26.3426],[-98.23372,26.33751],[-98.22963,26.33688],[-98.23028,26.33309],[-98.2183,26.33134],[-98.21958,26.32419],[-98.22359,26.3248],[-98.22419,26.32119],[-98.22816,26.32175],[-98.22882,26.31817],[-98.2258,26.31773],[-98.22708,26.31619],[-98.228,26.31079],[-98.22608,26.31052],[-98.22583,26.31049],[-98.2181,26.30938],[-98.21212,26.30853],[-98.21459,26.29405],[-98.2159,26.28632],[-98.20711,26.28512],[-98.20697,26.2851],[-98.20814,26.27742],[-98.20846,26.27723],[-98.20782,26.27739],[-98.20419,26.2769],[-98.20393,26.27723],[-98.20392,26.27724],[-98.20607,26.26478],[-98.20818,26.25218],[-98.20795,26.25215],[-98.20429,26.25164],[-98.1988,26.25087],[-98.1954,26.25041],[-98.19782,26.23599],[-98.19902,26.22888],[-98.20022,26.22182],[-98.20024,26.22168],[-98.20026,26.22156],[-98.20149,26.21444],[-98.20267,26.20734],[-98.2032,26.2037],[-98.20766,26.20432],[-98.20797,26.20276],[-98.20841,26.20281],[-98.20868,26.2012],[-98.20817,26.20113],[-98.20373,26.20052],[-98.20405,26.19852],[-98.20481,26.19426],[-98.20541,26.19069],[-98.2067,26.18345],[-98.20818,26.17469],[-98.20911,26.16914],[-98.20951,26.16673],[-98.20971,26.16552],[-98.21002,26.16369],[-98.21014,26.16299],[-98.21068,26.1597],[-98.21126,26.15631],[-98.2118,26.15311],[-98.21625,26.15376],[-98.21684,26.15028],[-98.21239,26.14966],[-98.21342,26.14357],[-98.21394,26.1404],[-98.21401,26.14002],[-98.21516,26.13321],[-98.21638,26.12608],[-98.22088,26.12675],[-98.22948,26.12794],[-98.23343,26.12848],[-98.24764,26.13057],[-98.25164,26.13155],[-98.25428,26.13192],[-98.25399,26.1336],[-98.2565,26.13395],[-98.2571,26.13233],[-98.25646,26.13604],[-98.25827,26.13997],[-98.26029,26.14026],[-98.26034,26.14183],[-98.26397,26.14257],[-98.26389,26.14302],[-98.27175,26.14465],[-98.27585,26.14439],[-98.27616,26.1427],[-98.27652,26.14062],[-98.27879,26.14094],[-98.28095,26.14121],[-98.28122,26.13966],[-98.28281,26.13051],[-98.28101,26.12949],[-98.27985,26.12785],[-98.27952,26.12506],[-98.27968,26.1216],[-98.27934,26.12004],[-98.27696,26.1165],[-98.27914,26.11703],[-98.28778,26.11968],[-98.2921,26.12065],[-98.29619,26.12032],[-98.299,26.11841],[-98.29955,26.11741],[-98.30112,26.11861],[-98.31012,26.12016],[-98.31069,26.12023],[-98.31023,26.11976],[-98.30977,26.11829],[-98.30526,26.1178],[-98.30529,26.11409],[-98.30146,26.11323],[-98.30213,26.11171],[-98.3028,26.10994],[-98.30234,26.10768],[-98.30036,26.1056],[-98.29818,26.10501],[-98.29786,26.10378],[-98.29882,26.10259],[-98.3028,26.10235],[-98.30651,26.10429],[-98.30901,26.11155],[-98.30964,26.11337],[-98.3106,26.11499],[-98.31104,26.11516],[-98.31317,26.116],[-98.31627,26.1162],[-98.31797,26.11691],[-98.31767,26.11733],[-98.31636,26.12533],[-98.31644,26.12559]],[[-98.31362,26.12067],[-98.31332,26.12242],[-98.31477,26.1222],[-98.31506,26.12215],[-98.31526,26.12101],[-98.31408,26.12079],[-98.31362,26.12067]],[[-98.29196,26.31311],[-98.29245,26.31317],[-98.29265,26.31255],[-98.29306,26.31],[-98.29249,26.30992],[-98.29196,26.31311]],[[-98.28537,26.31],[-98.28592,26.31085],[-98.28924,26.31129],[-98.28901,26.31274],[-98.29043,26.31286],[-98.29097,26.3097],[-98.28554,26.30895],[-98.28537,26.31]],[[-98.28002,26.31185],[-98.28108,26.31106],[-98.28447,26.31152],[-98.28543,26.30894],[-98.27821,26.30797],[-98.28002,26.31185]],[[-98.26922,26.31048],[-98.26869,26.31344],[-98.2712,26.31453],[-98.27357,26.31425],[-98.27407,26.3111],[-98.27186,26.31083],[-98.26922,26.31048]],[[-98.26694,26.2742],[-98.27094,26.27476],[-98.27228,26.26672],[-98.26831,26.26617],[-98.26694,26.2742]],[[-98.26639,26.31277],[-98.26544,26.31306],[-98.26759,26.31301],[-98.26826,26.31295],[-98.26844,26.31182],[-98.26663,26.31156],[-98.26639,26.31277]],[[-98.25655,26.14349],[-98.25633,26.14356],[-98.25595,26.14365],[-98.2556,26.14361],[-98.25534,26.14355],[-98.2551,26.14352],[-98.25496,26.14657],[-98.25837,26.14613],[-98.25924,26.14491],[-98.26227,26.1444],[-98.26673,26.14501],[-98.26743,26.14565],[-98.26762,26.14496],[-98.25664,26.14342],[-98.25655,26.14349]],[[-98.25338,26.13648],[-98.25599,26.13683],[-98.25606,26.13648],[-98.25611,26.13619],[-98.25362,26.13484],[-98.25338,26.13648]],[[-98.25157,26.31413],[-98.25226,26.31423],[-98.25267,26.31186],[-98.25198,26.31176],[-98.25157,26.31413]],[[-98.24427,26.30324],[-98.24523,26.30337],[-98.24579,26.3],[-98.2457,26.29984],[-98.24486,26.2997],[-98.24427,26.30324]],[[-98.24228,26.30296],[-98.24324,26.30309],[-98.24382,26.29956],[-98.24288,26.29943],[-98.24228,26.30296]],[[-98.23696,26.14511],[-98.23668,26.1452],[-98.23584,26.14547],[-98.23978,26.14601],[-98.23986,26.14554],[-98.23997,26.14481],[-98.23936,26.14438],[-98.23696,26.14511]],[[-98.23155,26.32588],[-98.23143,26.32657],[-98.23766,26.32753],[-98.23809,26.32608],[-98.2382,26.32341],[-98.23763,26.32332],[-98.23155,26.32588]],[[-98.23022,26.30462],[-98.22702,26.30416],[-98.22683,26.30518],[-98.23001,26.30566],[-98.22974,26.30727],[-98.23465,26.308],[-98.23527,26.30442],[-98.22817,26.30375],[-98.23022,26.30462]],[[-98.23182,26.28559],[-98.23164,26.28643],[-98.23325,26.28664],[-98.23314,26.28709],[-98.23369,26.28527],[-98.23344,26.28548],[-98.23187,26.28526],[-98.23182,26.28559]],[[-98.22659,26.3307],[-98.2306,26.33129],[-98.23076,26.3304],[-98.22673,26.32982],[-98.22659,26.3307]]]]}},{"type":"Feature","properties":{"name":"REAL Flash (Beeville/Alice/Rancho Alegre)","boundary_type":"places","source":"Census TIGER place","fidelity":"exact","updated":"2026-09","units":"Beeville city; Alice city; Rancho Alegre CDP","note":"REAL Flash operates microtransit in three communities across Bee and Jim Wells counties","confidence":0.8},"geometry":{"type":"MultiPolygon","coordinates":[[[[-98.11399,27.74374],[-98.11276,27.74211],[-98.11029,27.74096],[-98.10804,27.74115],[-98.10652,27.74228],[-98.10321,27.74646],[-98.10321,27.74767],[-98.10911,27.74785],[-98.10909,27.7495],[-98.10106,27.74923],[-98.09951,27.74888],[-98.09866,27.75657],[-98.09623,27.75659],[-98.09361,27.75881],[-98.09436,27.75937],[-98.09639,27.7572],[-98.09773,27.75711],[-98.09778,27.76854],[-98.08276,27.76872],[-98.08254,27.76888],[-98.08286,27.77722],[-98.08211,27.7779],[-98.08211,27.77839],[-98.08211,27.7794],[-98.07816,27.77937],[-98.06703,27.77958],[-98.06701,27.78525],[-98.06702,27.78755],[-98.07295,27.78686],[-98.07376,27.78893],[-98.07522,27.80579],[-98.06067,27.8058],[-98.05815,27.80116],[-98.05794,27.79211],[-98.06153,27.79042],[-98.06145,27.78414],[-98.06325,27.78272],[-98.06486,27.78127],[-98.06491,27.7783],[-98.06218,27.78009],[-98.0612,27.78005],[-98.06035,27.77651],[-98.05621,27.77727],[-98.0548,27.77127],[-98.0506,27.77231],[-98.05045,27.77156],[-98.04867,27.77195],[-98.04764,27.76744],[-98.04563,27.76778],[-98.04521,27.76642],[-98.0443,27.76707],[-98.0458,27.77017],[-98.0439,27.77135],[-98.04165,27.76958],[-98.0381,27.77149],[-98.03619,27.771],[-98.03678,27.77059],[-98.0357,27.76956],[-98.04094,27.76587],[-98.03854,27.76654],[-98.03817,27.7642],[-98.04442,27.76251],[-98.0436,27.7588],[-98.04623,27.75784],[-98.04535,27.754],[-98.0426,27.75449],[-98.04158,27.75054],[-98.04319,27.75023],[-98.04407,27.74908],[-98.04362,27.7468],[-98.0373,27.74783],[-98.03452,27.74872],[-98.03408,27.74706],[-98.03228,27.74571],[-98.01729,27.74566],[-98.01716,27.73049],[-98.01863,27.7306],[-98.02006,27.73168],[-98.0215,27.73174],[-98.02151,27.72953],[-98.0243,27.72947],[-98.02588,27.73197],[-98.0281,27.73199],[-98.0282,27.73351],[-98.03194,27.73333],[-98.03355,27.73962],[-98.03645,27.73937],[-98.04273,27.73827],[-98.05067,27.73697],[-98.06003,27.7355],[-98.05877,27.72987],[-98.06455,27.72986],[-98.0644,27.72608],[-98.06196,27.72281],[-98.06379,27.72162],[-98.0649,27.72089],[-98.0669,27.72362],[-98.06772,27.72476],[-98.06981,27.72487],[-98.07319,27.72491],[-98.07538,27.72493],[-98.07534,27.7134],[-98.07712,27.71341],[-98.08257,27.71345],[-98.08265,27.72075],[-98.083,27.72216],[-98.08331,27.728],[-98.0831,27.73804],[-98.08531,27.73806],[-98.08518,27.74237],[-98.08795,27.74248],[-98.08792,27.73],[-98.09346,27.72992],[-98.09355,27.7363],[-98.09405,27.73623],[-98.1226,27.73547],[-98.12261,27.73572],[-98.12261,27.73983],[-98.11879,27.74246],[-98.11399,27.74374]]],[[[-97.76999,28.40577],[-97.76775,28.40682],[-97.76872,28.40747],[-97.76675,28.40828],[-97.76815,28.41098],[-97.75855,28.41537],[-97.76047,28.41913],[-97.76026,28.42266],[-97.76083,28.42256],[-97.76112,28.4238],[-97.7583,28.42452],[-97.75921,28.42793],[-97.76123,28.42757],[-97.76155,28.42911],[-97.75961,28.42943],[-97.76132,28.43637],[-97.76191,28.43711],[-97.7606,28.4374],[-97.76161,28.44103],[-97.75837,28.43886],[-97.75748,28.43757],[-97.75648,28.43994],[-97.75309,28.43887],[-97.7531,28.43278],[-97.758,28.43134],[-97.75618,28.42464],[-97.75364,28.42438],[-97.74737,28.42659],[-97.74446,28.42919],[-97.74183,28.43058],[-97.73801,28.42433],[-97.73562,28.41965],[-97.73286,28.41521],[-97.73087,28.41243],[-97.72997,28.41233],[-97.72846,28.41302],[-97.72532,28.41192],[-97.72442,28.41102],[-97.72497,28.41069],[-97.72578,28.41148],[-97.72705,28.41056],[-97.7292,28.40953],[-97.73011,28.40914],[-97.7265,28.40311],[-97.73108,28.4008],[-97.72956,28.39817],[-97.73043,28.39775],[-97.73459,28.3957],[-97.73413,28.39419],[-97.73126,28.39426],[-97.73222,28.39266],[-97.72879,28.38636],[-97.72558,28.38558],[-97.72607,28.38265],[-97.72735,28.37881],[-97.73143,28.3768],[-97.73439,28.38196],[-97.73797,28.38008],[-97.74,28.38366],[-97.74032,28.38351],[-97.74037,28.38362],[-97.74293,28.38815],[-97.74645,28.39314],[-97.75204,28.39057],[-97.75444,28.39],[-97.75411,28.38879],[-97.75635,28.38833],[-97.75696,28.38937],[-97.7632,28.38796],[-97.76368,28.38684],[-97.76769,28.38838],[-97.77039,28.39011],[-97.77045,28.39003],[-97.77092,28.38933],[-97.77201,28.39029],[-97.77147,28.3909],[-97.77393,28.39328],[-97.77686,28.39806],[-97.77145,28.40073],[-97.77324,28.40426],[-97.76999,28.40577]]]]}},{"type":"Feature","properties":{"name":"REAL Microtransit (Rockport/Fulton)","boundary_type":"places","source":"Census TIGER place","fidelity":"exact","updated":"2026-09","units":"Rockport city; Fulton town","note":"REAL operates a 9-county rural district overall, but this microtransit zone specifically serves the twin towns of Rockport and Fulton (Aransas County); no zone-size figure published. Source: realcap.org/transportation and transit.wiki/REAL_Transit.","confidence":0.7},"geometry":{"type":"Polygon","coordinates":[[[-97.13004,27.97558],[-97.12882,27.97723],[-97.1281,27.97678],[-97.12751,27.98543],[-97.11999,27.98554],[-97.11999,27.99321],[-97.10917,27.99344],[-97.10885,27.99338],[-97.10721,28.00181],[-97.10553,28.00152],[-97.10485,28.00129],[-97.10381,28.00219],[-97.10309,28.00559],[-97.09887,28.00474],[-97.09776,28.01],[-97.09651,28.01029],[-97.0952,28.01353],[-97.09276,28.01318],[-97.09097,28.01789],[-97.08953,28.01838],[-97.08514,28.03009],[-97.08297,28.03595],[-97.0812,28.04138],[-97.08132,28.04368],[-97.08091,28.04716],[-97.07848,28.04718],[-97.07842,28.05491],[-97.07342,28.0552],[-97.07347,28.05751],[-97.07159,28.05752],[-97.0717,28.06428],[-97.07909,28.06558],[-97.07914,28.06247],[-97.082,28.06251],[-97.0821,28.06341],[-97.08964,28.06385],[-97.09204,28.06383],[-97.09208,28.06683],[-97.08789,28.06761],[-97.08128,28.0693],[-97.07968,28.07039],[-97.08039,28.07303],[-97.08321,28.07471],[-97.08542,28.07475],[-97.08521,28.07308],[-97.08743,28.07311],[-97.08708,28.07422],[-97.0852,28.07505],[-97.08587,28.07585],[-97.08066,28.07771],[-97.08465,28.07661],[-97.0872,28.07899],[-97.08672,28.07901],[-97.08506,28.07832],[-97.08025,28.07957],[-97.07689,28.08086],[-97.07482,28.08313],[-97.07299,28.08358],[-97.07009,28.08325],[-97.06598,28.08469],[-97.06614,28.0861],[-97.06452,28.08518],[-97.06279,28.08584],[-97.05676,28.08472],[-97.05574,28.08562],[-97.05525,28.08734],[-97.05535,28.08759],[-97.06185,28.08846],[-97.05824,28.09024],[-97.0542,28.09276],[-97.05176,28.09666],[-97.03591,28.09399],[-97.03547,28.09344],[-97.03569,28.09302],[-97.03974,28.09321],[-97.04445,28.09025],[-97.04529,28.08836],[-97.04648,28.083],[-97.04487,28.08111],[-97.04544,28.07856],[-97.04408,28.07831],[-97.04384,28.07968],[-97.03982,28.07768],[-97.03742,28.08889],[-97.03414,28.08869],[-97.03463,28.08701],[-97.03411,28.08479],[-97.03598,28.08167],[-97.03685,28.07588],[-97.03601,28.07284],[-97.03542,28.06728],[-97.03352,28.06592],[-97.03292,28.06466],[-97.03292,28.06078],[-97.03313,28.06038],[-97.03377,28.05911],[-97.03316,28.05396],[-97.03243,28.05287],[-97.03117,28.05096],[-97.03114,28.05092],[-97.02586,28.04194],[-97.0252,28.03215],[-97.03292,28.0312],[-97.04062,28.02871],[-97.04374,28.02806],[-97.04588,28.02585],[-97.04876,28.02209],[-97.05026,28.01914],[-97.05978,28.00047],[-97.05946,28.00167],[-97.06494,28.00322],[-97.06596,28.00077],[-97.06504,28.00042],[-97.06604,27.99827],[-97.06736,27.99745],[-97.06808,27.99576],[-97.06904,27.99217],[-97.06519,27.99294],[-97.06376,27.99374],[-97.06443,27.99283],[-97.06441,27.99224],[-97.06964,27.99092],[-97.0749,27.98658],[-97.07894,27.98153],[-97.08112,27.9772],[-97.08166,27.97701],[-97.08544,27.97189],[-97.08603,27.97152],[-97.08718,27.97079],[-97.08855,27.96886],[-97.09441,27.9715],[-97.09428,27.97167],[-97.10271,27.977],[-97.10453,27.97789],[-97.10548,27.97846],[-97.11329,27.97857],[-97.11589,27.97533],[-97.11489,27.97371],[-97.12054,27.96695],[-97.12212,27.96664],[-97.12361,27.96457],[-97.12592,27.96591],[-97.12732,27.96524],[-97.12759,27.9654],[-97.13367,27.96899],[-97.13138,27.97213],[-97.12924,27.97508],[-97.13004,27.97558]],[[-97.08559,27.99525],[-97.07779,27.99283],[-97.0731,27.99715],[-97.06822,28.00155],[-97.06915,28.00468],[-97.06785,28.00866],[-97.06264,28.02163],[-97.06734,28.0231],[-97.06859,28.02314],[-97.06864,28.02092],[-97.07296,28.02095],[-97.07293,28.02454],[-97.0738,28.0254],[-97.07885,28.02719],[-97.08096,28.01898],[-97.08302,28.01757],[-97.08463,28.0165],[-97.08704,28.01001],[-97.0885,28.01046],[-97.08945,28.00812],[-97.09188,28.00887],[-97.09386,28.0037],[-97.08353,28.00046],[-97.08559,27.99525]],[[-97.07098,28.02646],[-97.06759,28.02615],[-97.06489,28.02632],[-97.06385,28.02479],[-97.0609,28.02451],[-97.06079,28.03097],[-97.05774,28.03098],[-97.05773,28.0351],[-97.05745,28.03829],[-97.06096,28.03827],[-97.06095,28.04068],[-97.06453,28.04092],[-97.06893,28.04143],[-97.07044,28.04057],[-97.0765,28.04052],[-97.07693,28.02967],[-97.0709,28.02949],[-97.07098,28.02646]]]}},{"type":"Feature","properties":{"name":"Round Rock Rides","boundary_type":"city","source":"Census TIGER place","fidelity":"exact","updated":"2026-09","units":"Round Rock city","note":"City of Round Rock operates citywide service","confidence":1.0},"geometry":{"type":"Polygon","coordinates":[[[-97.75958,30.55582],[-97.75871,30.55368],[-97.75703,30.55813],[-97.75597,30.55908],[-97.75466,30.55964],[-97.75499,30.56219],[-97.75127,30.5634],[-97.75036,30.56082],[-97.74678,30.56193],[-97.73208,30.56646],[-97.73083,30.56331],[-97.73381,30.56243],[-97.72989,30.5529],[-97.72639,30.55378],[-97.70354,30.55796],[-97.69901,30.55855],[-97.69876,30.5686],[-97.69806,30.57331],[-97.70224,30.57261],[-97.70296,30.57473],[-97.6994,30.57564],[-97.69782,30.5765],[-97.69796,30.57399],[-97.69346,30.57515],[-97.69458,30.57725],[-97.69291,30.57727],[-97.69138,30.57738],[-97.6914,30.57688],[-97.6922,30.57471],[-97.69225,30.57431],[-97.69226,30.57157],[-97.69224,30.57077],[-97.69109,30.57105],[-97.69138,30.57171],[-97.69081,30.57159],[-97.68557,30.57342],[-97.68543,30.57347],[-97.68514,30.57293],[-97.68453,30.57144],[-97.68582,30.57103],[-97.68646,30.56885],[-97.68557,30.56896],[-97.68521,30.56898],[-97.68478,30.56892],[-97.68428,30.56874],[-97.68373,30.5683],[-97.68354,30.56804],[-97.68333,30.56739],[-97.68189,30.56431],[-97.68122,30.56152],[-97.67511,30.5634],[-97.67318,30.56479],[-97.66967,30.56594],[-97.65585,30.57002],[-97.65209,30.57249],[-97.6515,30.57269],[-97.64459,30.57399],[-97.64555,30.57546],[-97.64847,30.57637],[-97.65046,30.58114],[-97.65361,30.58199],[-97.65442,30.58394],[-97.6546,30.58435],[-97.64399,30.58762],[-97.64108,30.58153],[-97.64462,30.57961],[-97.64052,30.58094],[-97.64087,30.58168],[-97.64182,30.58382],[-97.64189,30.5838],[-97.64387,30.58766],[-97.6461,30.59146],[-97.63857,30.59393],[-97.63739,30.58961],[-97.63593,30.59013],[-97.63428,30.58619],[-97.63468,30.5838],[-97.63204,30.57774],[-97.62683,30.5805],[-97.61479,30.5845],[-97.61647,30.58847],[-97.60186,30.59308],[-97.60016,30.58912],[-97.60007,30.58893],[-97.59463,30.5907],[-97.59348,30.58781],[-97.59867,30.58624],[-97.59586,30.57966],[-97.60325,30.5773],[-97.60241,30.57528],[-97.6099,30.57293],[-97.61397,30.5826],[-97.61464,30.58413],[-97.6265,30.58037],[-97.63266,30.57713],[-97.63797,30.57553],[-97.64552,30.57333],[-97.64985,30.57228],[-97.64924,30.56976],[-97.6457,30.56123],[-97.63968,30.56284],[-97.63932,30.56474],[-97.63586,30.56578],[-97.63543,30.56699],[-97.63292,30.5677],[-97.63323,30.56935],[-97.63068,30.56727],[-97.63472,30.56599],[-97.63318,30.56237],[-97.63464,30.56114],[-97.63037,30.56229],[-97.62789,30.56302],[-97.62532,30.55686],[-97.62482,30.55668],[-97.62987,30.55508],[-97.62943,30.55292],[-97.62377,30.55409],[-97.6236,30.55367],[-97.62312,30.55252],[-97.62495,30.55232],[-97.62492,30.55142],[-97.62241,30.55154],[-97.61452,30.55168],[-97.61462,30.55432],[-97.61419,30.55535],[-97.61347,30.55609],[-97.61114,30.55727],[-97.60895,30.56003],[-97.61107,30.55697],[-97.61276,30.55618],[-97.60959,30.55625],[-97.60955,30.55537],[-97.60955,30.55349],[-97.6091,30.55027],[-97.60614,30.55038],[-97.60616,30.55263],[-97.60401,30.55266],[-97.60391,30.55096],[-97.60156,30.55099],[-97.60153,30.54948],[-97.60642,30.54948],[-97.60766,30.54906],[-97.60675,30.54742],[-97.6073,30.54527],[-97.6053,30.54059],[-97.60954,30.54044],[-97.60938,30.53316],[-97.61395,30.53224],[-97.61395,30.53183],[-97.61394,30.53159],[-97.61412,30.5307],[-97.61384,30.52934],[-97.60805,30.5287],[-97.60436,30.52886],[-97.60339,30.52889],[-97.60125,30.52926],[-97.60093,30.51942],[-97.60061,30.51943],[-97.59923,30.51946],[-97.59831,30.51884],[-97.59811,30.51801],[-97.5903,30.51809],[-97.59015,30.51809],[-97.59015,30.51638],[-97.58947,30.5153],[-97.59015,30.51428],[-97.59005,30.50848],[-97.59318,30.50844],[-97.59817,30.50837],[-97.59816,30.5042],[-97.60129,30.50414],[-97.60225,30.5053],[-97.60576,30.50527],[-97.60579,30.50745],[-97.61332,30.5074],[-97.61335,30.50666],[-97.61155,30.50582],[-97.61177,30.50395],[-97.61332,30.50394],[-97.61336,30.50194],[-97.61331,30.49711],[-97.61334,30.49645],[-97.61546,30.49646],[-97.61527,30.48955],[-97.61524,30.48792],[-97.62307,30.48786],[-97.62433,30.4871],[-97.62459,30.4871],[-97.62786,30.48743],[-97.62789,30.48546],[-97.63155,30.48708],[-97.63363,30.48401],[-97.6356,30.48089],[-97.64032,30.48183],[-97.64135,30.48204],[-97.64435,30.48264],[-97.6453,30.48118],[-97.64534,30.48124],[-97.64687,30.4822],[-97.64598,30.4803],[-97.64748,30.47798],[-97.6476,30.47779],[-97.64876,30.47599],[-97.65021,30.47497],[-97.64983,30.47554],[-97.65076,30.47521],[-97.65601,30.47771],[-97.65627,30.47732],[-97.65919,30.47896],[-97.66315,30.47281],[-97.66444,30.47314],[-97.66367,30.47437],[-97.66542,30.47487],[-97.666,30.47404],[-97.66694,30.47328],[-97.66564,30.47327],[-97.66636,30.47213],[-97.66867,30.46963],[-97.67017,30.46972],[-97.67021,30.46983],[-97.67071,30.46987],[-97.67176,30.47011],[-97.67253,30.47329],[-97.67463,30.47036],[-97.67591,30.46818],[-97.67607,30.46826],[-97.67943,30.46992],[-97.67798,30.47214],[-97.68024,30.47325],[-97.67968,30.47412],[-97.68412,30.47629],[-97.68567,30.47703],[-97.68697,30.47574],[-97.68821,30.47875],[-97.69202,30.4781],[-97.69367,30.48254],[-97.69421,30.48389],[-97.68772,30.48626],[-97.6895,30.49028],[-97.69539,30.48681],[-97.69585,30.48803],[-97.69667,30.48916],[-97.69875,30.48693],[-97.70323,30.48069],[-97.70396,30.48117],[-97.70794,30.49133],[-97.70494,30.49185],[-97.70603,30.49456],[-97.70462,30.49475],[-97.70574,30.49748],[-97.70388,30.49813],[-97.70518,30.49985],[-97.70741,30.49962],[-97.70822,30.5016],[-97.70328,30.50312],[-97.70369,30.50521],[-97.70034,30.50625],[-97.70175,30.51245],[-97.70344,30.51235],[-97.71339,30.50896],[-97.71428,30.5087],[-97.71596,30.50756],[-97.71584,30.50745],[-97.7159,30.5074],[-97.71646,30.50679],[-97.7184,30.50396],[-97.71886,30.50361],[-97.72008,30.50149],[-97.72093,30.50029],[-97.72108,30.50066],[-97.72067,30.50342],[-97.72054,30.50375],[-97.72218,30.50362],[-97.72412,30.50854],[-97.72005,30.50981],[-97.72148,30.51323],[-97.71713,30.51468],[-97.71734,30.51548],[-97.71826,30.51792],[-97.71494,30.51901],[-97.71445,30.51948],[-97.70986,30.52035],[-97.7097,30.52039],[-97.70942,30.52045],[-97.7087,30.51876],[-97.70817,30.51862],[-97.7069,30.5179],[-97.70383,30.51887],[-97.70511,30.5205],[-97.70776,30.52221],[-97.70715,30.52442],[-97.7088,30.52564],[-97.70995,30.52542],[-97.71301,30.52297],[-97.71467,30.52255],[-97.71449,30.52249],[-97.71828,30.51957],[-97.71884,30.51929],[-97.7214,30.52562],[-97.72014,30.5258],[-97.72153,30.52807],[-97.71802,30.52881],[-97.71919,30.52977],[-97.72276,30.52882],[-97.72153,30.52591],[-97.72203,30.52596],[-97.72242,30.52596],[-97.72411,30.53039],[-97.72441,30.53144],[-97.72677,30.53201],[-97.72835,30.53208],[-97.73166,30.54026],[-97.72857,30.54118],[-97.72611,30.54209],[-97.7265,30.54291],[-97.72655,30.54346],[-97.72622,30.54449],[-97.72542,30.54541],[-97.72493,30.54572],[-97.71732,30.54813],[-97.7157,30.54935],[-97.71562,30.55189],[-97.71639,30.555],[-97.71941,30.55446],[-97.72974,30.55263],[-97.73243,30.55188],[-97.73248,30.55202],[-97.74196,30.54929],[-97.74536,30.54846],[-97.74824,30.55584],[-97.75321,30.5543],[-97.7524,30.55577],[-97.75473,30.55915],[-97.75597,30.55874],[-97.75741,30.55675],[-97.75858,30.55337],[-97.75835,30.55279],[-97.76346,30.55122],[-97.76378,30.55166],[-97.76498,30.55275],[-97.75958,30.55582]],[[-97.71948,30.50655],[-97.71925,30.5063],[-97.7188,30.50684],[-97.71978,30.50919],[-97.7203,30.50842],[-97.71948,30.50655]],[[-97.67387,30.54867],[-97.6733,30.54731],[-97.67224,30.54764],[-97.67044,30.54506],[-97.6714,30.54575],[-97.67298,30.54525],[-97.67281,30.54278],[-97.66625,30.54484],[-97.66683,30.54622],[-97.66538,30.54667],[-97.66582,30.54773],[-97.6687,30.54789],[-97.66964,30.54861],[-97.67123,30.55259],[-97.67403,30.55171],[-97.67613,30.55105],[-97.67453,30.54703],[-97.67387,30.54867]],[[-97.66841,30.47328],[-97.66761,30.47359],[-97.66889,30.47357],[-97.67041,30.47381],[-97.67048,30.47406],[-97.67153,30.47399],[-97.6713,30.47326],[-97.66841,30.47328]],[[-97.65165,30.53831],[-97.65052,30.54287],[-97.65087,30.54321],[-97.65081,30.54335],[-97.65179,30.54296],[-97.6596,30.54053],[-97.65956,30.53807],[-97.65165,30.53831]],[[-97.65942,30.52813],[-97.65815,30.52814],[-97.65238,30.52871],[-97.65235,30.532],[-97.65202,30.53543],[-97.65467,30.53539],[-97.65794,30.53534],[-97.65952,30.53531],[-97.65947,30.53193],[-97.65942,30.52813]],[[-97.65238,30.54823],[-97.65145,30.54858],[-97.64964,30.54458],[-97.64909,30.54551],[-97.64758,30.55037],[-97.65058,30.54944],[-97.65221,30.54923],[-97.65304,30.54896],[-97.65282,30.54814],[-97.65238,30.54823]],[[-97.65179,30.52675],[-97.64915,30.52658],[-97.64913,30.52475],[-97.65198,30.52492],[-97.65192,30.52335],[-97.64776,30.52327],[-97.64739,30.52099],[-97.64705,30.5247],[-97.64275,30.53488],[-97.64232,30.53623],[-97.64236,30.54597],[-97.64251,30.54074],[-97.64811,30.54073],[-97.649,30.54305],[-97.65006,30.54298],[-97.65103,30.53935],[-97.65199,30.53333],[-97.65196,30.52963],[-97.65233,30.52791],[-97.65179,30.52675]],[[-97.64895,30.515],[-97.64725,30.51544],[-97.64586,30.51144],[-97.64426,30.50956],[-97.64373,30.50896],[-97.64181,30.50758],[-97.64135,30.50743],[-97.64069,30.50695],[-97.64044,30.50719],[-97.64354,30.50939],[-97.64423,30.51],[-97.64562,30.51162],[-97.64568,30.51517],[-97.64638,30.51538],[-97.64568,30.5159],[-97.64583,30.51862],[-97.6498,30.51736],[-97.64964,30.51474],[-97.64895,30.515]],[[-97.64198,30.54638],[-97.64122,30.55169],[-97.642,30.55211],[-97.647,30.55055],[-97.64941,30.54395],[-97.64198,30.54638]],[[-97.64358,30.48397],[-97.64273,30.48528],[-97.6451,30.48445],[-97.64646,30.48397],[-97.64545,30.48331],[-97.64358,30.48397]],[[-97.63729,30.54803],[-97.63719,30.55042],[-97.63316,30.55218],[-97.63366,30.55399],[-97.641,30.55163],[-97.63934,30.54764],[-97.63729,30.54803]],[[-97.63609,30.52598],[-97.63471,30.52992],[-97.63719,30.52975],[-97.6368,30.52783],[-97.63944,30.52827],[-97.63913,30.52614],[-97.63609,30.52598]],[[-97.63796,30.53556],[-97.63614,30.53556],[-97.63464,30.53557],[-97.63444,30.54622],[-97.63575,30.54619],[-97.63644,30.54563],[-97.63654,30.54617],[-97.63886,30.54611],[-97.6378,30.54121],[-97.63796,30.53556]],[[-97.63616,30.50252],[-97.63609,30.49748],[-97.6352,30.49749],[-97.63382,30.49748],[-97.63318,30.49655],[-97.63566,30.50271],[-97.63736,30.50501],[-97.63773,30.50462],[-97.63616,30.50252]],[[-97.62949,30.4888],[-97.62966,30.49061],[-97.63008,30.49244],[-97.63092,30.49432],[-97.63283,30.4963],[-97.62949,30.4888]],[[-97.61701,30.53792],[-97.61413,30.53761],[-97.61427,30.54029],[-97.61858,30.54003],[-97.61859,30.53759],[-97.61701,30.53792]],[[-97.61354,30.51063],[-97.61356,30.51149],[-97.61371,30.5115],[-97.61394,30.52398],[-97.61665,30.52394],[-97.61642,30.51056],[-97.61354,30.51063]],[[-97.60782,30.58257],[-97.60853,30.58434],[-97.61388,30.58263],[-97.61314,30.58089],[-97.60782,30.58257]],[[-97.61366,30.52551],[-97.60743,30.52546],[-97.60746,30.52695],[-97.61369,30.52702],[-97.61367,30.52625],[-97.61366,30.52551]],[[-97.61356,30.52095],[-97.6075,30.52092],[-97.60751,30.52243],[-97.61359,30.52249],[-97.61358,30.52179],[-97.61356,30.52095]],[[-97.61058,30.51861],[-97.60894,30.51788],[-97.60896,30.51938],[-97.61355,30.5194],[-97.61354,30.51864],[-97.61058,30.51861]],[[-97.6056,30.58327],[-97.60448,30.58362],[-97.60578,30.58676],[-97.60671,30.58658],[-97.60697,30.58646],[-97.6056,30.58327]]]}},{"type":"Feature","properties":{"name":"SCRPT / The Connection","boundary_type":"county","source":"Census TIGER county","fidelity":"exact","updated":"2026-09","units":"Hunt County","note":"Operator is South Central Rural Public Transportation (county-level agency); service area is Hunt County with Greenville as county seat","confidence":0.85},"geometry":{"type":"Polygon","coordinates":[[[-96.29717,32.89796],[-96.29728,32.91394],[-96.29724,32.93418],[-96.29725,32.96552],[-96.29724,32.97129],[-96.2972,32.98123],[-96.29723,32.98175],[-96.29703,32.98871],[-96.29701,32.98922],[-96.29698,32.99582],[-96.29674,33.00483],[-96.29676,33.01194],[-96.29672,33.02669],[-96.29645,33.06167],[-96.29645,33.06483],[-96.2962,33.0754],[-96.29618,33.0974],[-96.29616,33.10048],[-96.29592,33.14033],[-96.29581,33.15411],[-96.29577,33.15662],[-96.29548,33.18753],[-96.29547,33.19109],[-96.29529,33.2083],[-96.29523,33.21007],[-96.29523,33.21021],[-96.29522,33.21032],[-96.2953,33.24287],[-96.29507,33.24449],[-96.29525,33.26992],[-96.29528,33.28542],[-96.29531,33.29212],[-96.29531,33.29344],[-96.29531,33.29445],[-96.29535,33.31331],[-96.29541,33.35194],[-96.25188,33.35757],[-96.22841,33.36087],[-96.20624,33.36378],[-96.16612,33.36907],[-96.15731,33.37023],[-96.06876,33.38202],[-96.06198,33.38292],[-96.01208,33.38955],[-96.00818,33.39004],[-95.99195,33.39207],[-95.93933,33.39898],[-95.93894,33.39903],[-95.85872,33.40953],[-95.85911,33.3779],[-95.85922,33.36445],[-95.85928,33.35851],[-95.85968,33.35322],[-95.86016,33.33333],[-95.86136,33.27862],[-95.86139,33.27277],[-95.86168,33.22812],[-95.86178,33.21933],[-95.86226,33.17865],[-95.86251,33.15417],[-95.86277,33.12966],[-95.86277,33.12945],[-95.86302,33.06509],[-95.86333,33.04989],[-95.86313,32.99971],[-95.86252,32.97957],[-95.87183,32.97938],[-95.89689,32.97959],[-95.8982,32.9798],[-95.92355,32.9798],[-95.92518,32.9798],[-95.94019,32.98001],[-95.9453,32.97988],[-95.96608,32.92072],[-95.96735,32.91706],[-95.96806,32.91495],[-95.96813,32.91466],[-95.96841,32.91356],[-95.97044,32.90791],[-95.97253,32.90208],[-95.97212,32.90073],[-95.97374,32.89986],[-95.97266,32.89909],[-95.97349,32.89765],[-95.97456,32.89761],[-95.97452,32.89529],[-95.97737,32.89378],[-95.9775,32.89247],[-95.97643,32.89159],[-95.97737,32.89103],[-95.97681,32.88969],[-95.97736,32.88752],[-95.97813,32.88624],[-95.97974,32.88649],[-95.98293,32.88543],[-95.98333,32.88454],[-95.9828,32.88181],[-95.98607,32.88044],[-95.98664,32.87962],[-95.98611,32.87751],[-95.98726,32.87642],[-95.98628,32.87512],[-95.9866,32.87306],[-95.98486,32.87228],[-95.98228,32.86951],[-95.98011,32.86867],[-95.9804,32.86738],[-95.97809,32.86502],[-95.97477,32.86276],[-95.97418,32.86172],[-95.9711,32.86057],[-95.97098,32.85849],[-95.96802,32.85781],[-95.96864,32.85603],[-95.9663,32.85415],[-95.96385,32.8541],[-95.96173,32.85271],[-95.96125,32.85142],[-95.95849,32.85045],[-95.95867,32.84822],[-95.95789,32.84604],[-95.95678,32.84521],[-95.95594,32.84494],[-95.95259,32.84599],[-95.95145,32.84485],[-95.95012,32.84525],[-95.94903,32.84242],[-95.94681,32.84327],[-95.9473,32.8448],[-95.94407,32.84519],[-95.943,32.84383],[-95.94365,32.84254],[-95.94308,32.84134],[-95.94122,32.84271],[-95.9415,32.84131],[-95.93981,32.84143],[-95.9381,32.84297],[-95.9373,32.84106],[-95.93494,32.84034],[-95.93533,32.83805],[-95.93443,32.83722],[-95.97779,32.83761],[-95.97888,32.83773],[-96.02894,32.83817],[-96.0768,32.83849],[-96.08519,32.83871],[-96.1035,32.83899],[-96.13063,32.83944],[-96.13947,32.83961],[-96.14436,32.83954],[-96.16767,32.84012],[-96.18708,32.84039],[-96.19891,32.84061],[-96.22035,32.84082],[-96.22411,32.84096],[-96.22545,32.84101],[-96.22748,32.84105],[-96.2506,32.84089],[-96.25894,32.84105],[-96.26088,32.84109],[-96.26199,32.8411],[-96.2651,32.84116],[-96.26726,32.84121],[-96.27786,32.84143],[-96.28041,32.84148],[-96.29732,32.84172],[-96.29724,32.85729],[-96.29734,32.86706],[-96.29717,32.89796]]]}},{"type":"Feature","properties":{"name":"SPARTAN Same Day","boundary_type":"places","source":"Census TIGER place","fidelity":"exact","updated":"2026-09","units":"Levelland city; Plainview city","note":"South Plains Community Action operates zones in two cities","confidence":0.9},"geometry":{"type":"MultiPolygon","coordinates":[[[[-102.4015,33.59071],[-102.40099,33.59426],[-102.39773,33.59421],[-102.39768,33.596],[-102.38923,33.59629],[-102.38925,33.59796],[-102.38679,33.59795],[-102.38679,33.59767],[-102.38447,33.59759],[-102.38446,33.59608],[-102.37716,33.59595],[-102.37709,33.60119],[-102.36699,33.60106],[-102.36521,33.60104],[-102.36516,33.6037],[-102.32973,33.6033],[-102.32964,33.60829],[-102.32601,33.60825],[-102.32613,33.60061],[-102.32977,33.60063],[-102.32985,33.59661],[-102.3281,33.59656],[-102.32816,33.5934],[-102.32654,33.59337],[-102.32624,33.58935],[-102.32831,33.58939],[-102.32839,33.58746],[-102.32661,33.58622],[-102.33629,33.58635],[-102.33626,33.58754],[-102.34552,33.58765],[-102.34552,33.58644],[-102.33861,33.58636],[-102.33865,33.58452],[-102.34089,33.58477],[-102.34568,33.58286],[-102.34565,33.56929],[-102.33937,33.56925],[-102.33945,33.56263],[-102.33043,33.56247],[-102.33059,33.5561],[-102.3486,33.55633],[-102.34857,33.55932],[-102.36439,33.55962],[-102.36783,33.55956],[-102.3678,33.55423],[-102.37169,33.55416],[-102.37143,33.55021],[-102.37178,33.53872],[-102.37228,33.53791],[-102.37506,33.53795],[-102.37491,33.54951],[-102.37597,33.55027],[-102.3749,33.5511],[-102.37586,33.55594],[-102.38001,33.55579],[-102.37994,33.5608],[-102.38508,33.56097],[-102.38728,33.56171],[-102.38726,33.5625],[-102.38507,33.56247],[-102.38507,33.56932],[-102.39164,33.56587],[-102.39222,33.56571],[-102.39185,33.57976],[-102.39189,33.57976],[-102.39182,33.58338],[-102.39666,33.58345],[-102.39672,33.57983],[-102.4019,33.57991],[-102.40152,33.58398],[-102.40149,33.58707],[-102.4015,33.59071]]],[[[-101.75282,34.21862],[-101.74251,34.21421],[-101.74262,34.21914],[-101.73071,34.21938],[-101.72361,34.2257],[-101.72349,34.22102],[-101.72346,34.21948],[-101.71751,34.21956],[-101.71634,34.21959],[-101.71626,34.21615],[-101.70963,34.21626],[-101.70979,34.21763],[-101.71001,34.2269],[-101.71023,34.22936],[-101.71204,34.2309],[-101.71405,34.2295],[-101.71659,34.22946],[-101.7167,34.23409],[-101.71077,34.23419],[-101.71069,34.23237],[-101.70936,34.23239],[-101.70799,34.23242],[-101.70792,34.23008],[-101.70787,34.22696],[-101.70744,34.20519],[-101.69704,34.20542],[-101.69684,34.19808],[-101.68179,34.19838],[-101.68171,34.19452],[-101.68005,34.19235],[-101.68136,34.19178],[-101.68304,34.1925],[-101.68295,34.18772],[-101.67867,34.18714],[-101.66119,34.18477],[-101.66115,34.18173],[-101.67855,34.18145],[-101.68899,34.18127],[-101.68896,34.17798],[-101.69358,34.1779],[-101.69417,34.17364],[-101.69491,34.17117],[-101.69616,34.17115],[-101.69682,34.16872],[-101.69639,34.16762],[-101.69632,34.16203],[-101.70262,34.16201],[-101.70264,34.16407],[-101.70587,34.16163],[-101.70623,34.16169],[-101.71359,34.15605],[-101.71393,34.15633],[-101.71247,34.158],[-101.71068,34.16163],[-101.70816,34.16709],[-101.71066,34.16799],[-101.71237,34.16793],[-101.71385,34.16881],[-101.71215,34.16918],[-101.70801,34.17111],[-101.70805,34.17605],[-101.71538,34.17585],[-101.71837,34.17597],[-101.72369,34.1759],[-101.72345,34.16551],[-101.72654,34.16332],[-101.7299,34.16094],[-101.75117,34.16056],[-101.75094,34.1645],[-101.75117,34.16634],[-101.75286,34.17235],[-101.75303,34.17512],[-101.75389,34.17592],[-101.75578,34.17551],[-101.75687,34.17604],[-101.75744,34.17881],[-101.75917,34.17915],[-101.75946,34.19739],[-101.75314,34.19749],[-101.75317,34.19874],[-101.75095,34.19875],[-101.75107,34.20454],[-101.75969,34.20435],[-101.76002,34.21747],[-101.75365,34.21739],[-101.75282,34.21862]]]]}},{"type":"Feature","properties":{"name":"STARNow","boundary_type":"places","source":"Census TIGER place","fidelity":"exact","updated":"2026-09","units":"Mesquite city; Balch Springs city; Kaufman city; Terrell city; Forney city; Seagoville city; DeSoto city; Cedar Hill city; Duncanville city; Hutchins city; Lancaster city; Wilmer city","note":"12 DFW-area cities served by STAR Transit microtransit","confidence":0.85},"geometry":{"type":"MultiPolygon","coordinates":[[[[-96.92104,32.54653],[-96.92171,32.54665],[-96.92172,32.54711],[-96.91973,32.54696],[-96.91973,32.54666],[-96.92104,32.54645],[-96.92104,32.54653]]],[[[-97.01331,32.56208],[-97.01274,32.56287],[-97.01073,32.56285],[-97.01054,32.56937],[-97.01307,32.56938],[-97.0128,32.57057],[-97.01473,32.57097],[-97.0136,32.57265],[-97.01715,32.57809],[-97.01388,32.57767],[-97.01498,32.57899],[-97.01284,32.57996],[-97.01282,32.58128],[-97.01688,32.58055],[-97.02015,32.58163],[-97.01924,32.58303],[-97.01688,32.58308],[-97.01574,32.585],[-97.01584,32.5866],[-97.01685,32.58751],[-97.01418,32.58811],[-97.013,32.58755],[-97.01329,32.58885],[-97.01235,32.59271],[-97.01283,32.59567],[-97.01555,32.59685],[-97.0167,32.59799],[-97.01526,32.59906],[-97.01373,32.59862],[-97.01148,32.60014],[-97.01012,32.59985],[-97.00826,32.59781],[-97.00492,32.59843],[-97.00552,32.60103],[-97.00379,32.60275],[-97.00432,32.60341],[-97.00404,32.60666],[-97.0015,32.608],[-96.99981,32.6103],[-96.99888,32.61059],[-96.99717,32.61465],[-96.99554,32.6147],[-96.99349,32.61322],[-96.99275,32.61346],[-96.9933,32.61716],[-96.99151,32.61699],[-96.989,32.61909],[-96.99164,32.61917],[-96.99201,32.62058],[-96.99102,32.6215],[-96.99208,32.62294],[-96.99119,32.62344],[-96.99274,32.6243],[-96.98826,32.62649],[-96.98555,32.6265],[-96.98322,32.62471],[-96.98232,32.62551],[-96.9824,32.62743],[-96.98462,32.63014],[-96.9823,32.63158],[-96.98405,32.63224],[-96.98269,32.63323],[-96.98069,32.63207],[-96.9802,32.63439],[-96.9815,32.6362],[-96.98044,32.63711],[-96.97968,32.63739],[-96.98069,32.63843],[-96.97759,32.63928],[-96.97255,32.63738],[-96.97202,32.63717],[-96.97473,32.62886],[-96.97564,32.62474],[-96.97584,32.62207],[-96.97162,32.62432],[-96.959,32.63041],[-96.95684,32.6315],[-96.95763,32.63267],[-96.95374,32.63269],[-96.95325,32.63263],[-96.95326,32.62741],[-96.95326,32.62667],[-96.94904,32.62051],[-96.94546,32.62012],[-96.94266,32.62413],[-96.94324,32.62611],[-96.94324,32.62667],[-96.94322,32.62965],[-96.94331,32.63189],[-96.9432,32.63274],[-96.94287,32.63427],[-96.94293,32.64212],[-96.94297,32.64724],[-96.94324,32.65923],[-96.94323,32.66223],[-96.93284,32.66238],[-96.92599,32.66236],[-96.92582,32.66234],[-96.92563,32.66973],[-96.92576,32.67648],[-96.90862,32.67645],[-96.90863,32.67561],[-96.90567,32.67558],[-96.90579,32.67638],[-96.90564,32.67638],[-96.89285,32.6765],[-96.89281,32.67294],[-96.89147,32.67297],[-96.89148,32.67188],[-96.89147,32.66924],[-96.89132,32.66925],[-96.89131,32.66811],[-96.89127,32.66191],[-96.89128,32.66013],[-96.89126,32.65472],[-96.89127,32.6475],[-96.88746,32.64745],[-96.88537,32.64751],[-96.88447,32.64751],[-96.88398,32.64751],[-96.87991,32.64748],[-96.87991,32.64652],[-96.87844,32.6465],[-96.87846,32.6429],[-96.87424,32.64289],[-96.87441,32.63603],[-96.86557,32.63597],[-96.86568,32.63308],[-96.83552,32.63319],[-96.83436,32.63266],[-96.83436,32.62537],[-96.83135,32.62542],[-96.8315,32.63268],[-96.83159,32.6332],[-96.8233,32.63323],[-96.82332,32.64229],[-96.81428,32.64236],[-96.81428,32.64772],[-96.81329,32.64772],[-96.80573,32.64774],[-96.80254,32.64931],[-96.79709,32.64863],[-96.79057,32.64784],[-96.78768,32.64749],[-96.7885,32.64543],[-96.78885,32.64534],[-96.78849,32.64482],[-96.78393,32.63831],[-96.77735,32.64149],[-96.77336,32.63461],[-96.7704,32.62795],[-96.76566,32.61858],[-96.75345,32.61856],[-96.74544,32.61857],[-96.74465,32.62346],[-96.74212,32.62476],[-96.73987,32.62582],[-96.73184,32.6296],[-96.72977,32.6355],[-96.73345,32.64078],[-96.73018,32.64226],[-96.73302,32.64642],[-96.72946,32.64812],[-96.72375,32.65045],[-96.72604,32.65377],[-96.72979,32.65922],[-96.72898,32.65975],[-96.72579,32.66096],[-96.72482,32.66021],[-96.72184,32.66167],[-96.72232,32.66296],[-96.72268,32.66393],[-96.72493,32.66895],[-96.72475,32.66958],[-96.72348,32.66833],[-96.72278,32.66723],[-96.71442,32.67142],[-96.7107,32.67357],[-96.704,32.67673],[-96.70235,32.67903],[-96.69913,32.68051],[-96.69868,32.67966],[-96.69369,32.68064],[-96.69534,32.6777],[-96.69515,32.67671],[-96.6946,32.67591],[-96.69302,32.67449],[-96.69678,32.67349],[-96.69767,32.67349],[-96.71362,32.66566],[-96.71033,32.66057],[-96.708,32.66157],[-96.69179,32.66957],[-96.68988,32.67053],[-96.68816,32.6626],[-96.68897,32.66224],[-96.68904,32.65971],[-96.69547,32.65543],[-96.69354,32.65257],[-96.68872,32.65424],[-96.68866,32.65273],[-96.68727,32.65347],[-96.68714,32.65211],[-96.68456,32.65261],[-96.6832,32.64961],[-96.68071,32.64767],[-96.67765,32.64773],[-96.67704,32.64746],[-96.66891,32.64087],[-96.6662,32.64023],[-96.66477,32.64051],[-96.6631,32.64022],[-96.66096,32.63961],[-96.65693,32.63746],[-96.65458,32.63657],[-96.6513,32.63923],[-96.64905,32.63858],[-96.64546,32.63657],[-96.64489,32.63627],[-96.65077,32.63876],[-96.6544,32.63615],[-96.65722,32.63707],[-96.66162,32.63947],[-96.66462,32.64013],[-96.66586,32.63979],[-96.66917,32.64073],[-96.67184,32.6394],[-96.67534,32.63799],[-96.67705,32.6406],[-96.68068,32.63892],[-96.6818,32.64095],[-96.68423,32.63974],[-96.68309,32.63776],[-96.68405,32.63731],[-96.68048,32.63211],[-96.69048,32.6273],[-96.69202,32.62979],[-96.69265,32.62947],[-96.69133,32.62696],[-96.69329,32.62607],[-96.69157,32.62348],[-96.66844,32.63457],[-96.66686,32.6353],[-96.66666,32.63536],[-96.66648,32.63528],[-96.66403,32.6317],[-96.6633,32.63209],[-96.66251,32.63257],[-96.66231,32.63259],[-96.6621,32.63247],[-96.66018,32.62961],[-96.65632,32.63135],[-96.65587,32.63126],[-96.65254,32.62624],[-96.65098,32.62786],[-96.64798,32.63248],[-96.64609,32.63511],[-96.64474,32.63618],[-96.63266,32.63138],[-96.62862,32.62956],[-96.62821,32.62911],[-96.62818,32.62863],[-96.62879,32.62732],[-96.62867,32.6268],[-96.62807,32.62588],[-96.62795,32.62537],[-96.62819,32.62462],[-96.62864,32.62395],[-96.62912,32.62275],[-96.63051,32.62114],[-96.62995,32.62026],[-96.62862,32.62009],[-96.62346,32.61879],[-96.6222,32.61773],[-96.61777,32.62127],[-96.61356,32.62599],[-96.6134,32.62717],[-96.61116,32.62751],[-96.60823,32.62746],[-96.59602,32.63752],[-96.59594,32.63916],[-96.59388,32.64102],[-96.58553,32.64767],[-96.58479,32.64848],[-96.58214,32.65236],[-96.59022,32.65952],[-96.59198,32.65968],[-96.59459,32.66096],[-96.59167,32.66334],[-96.59378,32.66521],[-96.59116,32.66742],[-96.59797,32.67092],[-96.59537,32.67307],[-96.58836,32.66978],[-96.5853,32.67213],[-96.58072,32.67596],[-96.57896,32.67517],[-96.57744,32.67646],[-96.57462,32.67868],[-96.57594,32.67994],[-96.57469,32.68094],[-96.57388,32.6803],[-96.57168,32.68032],[-96.56309,32.68105],[-96.56259,32.68128],[-96.56315,32.6817],[-96.55662,32.68745],[-96.55851,32.68906],[-96.55527,32.69206],[-96.56138,32.6974],[-96.56298,32.70117],[-96.5656,32.70152],[-96.56583,32.70168],[-96.56681,32.70217],[-96.56745,32.70168],[-96.56728,32.70137],[-96.57362,32.70192],[-96.5742,32.7024],[-96.57511,32.70331],[-96.57529,32.70332],[-96.5818,32.70372],[-96.58645,32.7035],[-96.59949,32.70236],[-96.60487,32.70189],[-96.60625,32.70177],[-96.60791,32.70179],[-96.61418,32.70127],[-96.61433,32.69649],[-96.61762,32.69652],[-96.61764,32.69519],[-96.61982,32.69518],[-96.62216,32.69502],[-96.62216,32.69445],[-96.62288,32.69444],[-96.62293,32.69044],[-96.63042,32.69043],[-96.63241,32.69151],[-96.63253,32.69132],[-96.6375,32.69431],[-96.63684,32.69953],[-96.63567,32.69953],[-96.63569,32.70503],[-96.6385,32.70503],[-96.6384,32.71209],[-96.63852,32.71951],[-96.63849,32.7231],[-96.63921,32.7231],[-96.63918,32.7265],[-96.6384,32.73405],[-96.63888,32.73424],[-96.63911,32.74859],[-96.63914,32.74873],[-96.63901,32.75552],[-96.64012,32.75645],[-96.64307,32.75901],[-96.64338,32.75951],[-96.64401,32.76237],[-96.64416,32.76309],[-96.64754,32.76613],[-96.6501,32.76828],[-96.65672,32.77394],[-96.65996,32.77666],[-96.66145,32.77792],[-96.66203,32.77839],[-96.66311,32.77858],[-96.66421,32.77956],[-96.66606,32.78131],[-96.66799,32.78332],[-96.66824,32.78332],[-96.66949,32.78332],[-96.66948,32.78402],[-96.67126,32.78404],[-96.67043,32.78477],[-96.67305,32.78749],[-96.67313,32.79129],[-96.67311,32.79134],[-96.67306,32.79139],[-96.67309,32.7915],[-96.6731,32.79154],[-96.67337,32.79155],[-96.67764,32.79165],[-96.67763,32.79228],[-96.67888,32.79229],[-96.68031,32.79232],[-96.68421,32.79236],[-96.6842,32.79251],[-96.68387,32.7938],[-96.68223,32.79582],[-96.68122,32.79755],[-96.67429,32.79851],[-96.67392,32.79895],[-96.67415,32.799],[-96.67402,32.79947],[-96.67413,32.80067],[-96.67387,32.80103],[-96.67384,32.80152],[-96.6736,32.80688],[-96.67001,32.80691],[-96.66829,32.80687],[-96.66811,32.80702],[-96.66577,32.80703],[-96.6657,32.81],[-96.66526,32.81095],[-96.66539,32.81131],[-96.66539,32.81417],[-96.66525,32.81554],[-96.66226,32.81554],[-96.66232,32.81903],[-96.66217,32.81903],[-96.66162,32.81906],[-96.66168,32.82139],[-96.65929,32.82136],[-96.6586,32.82139],[-96.65805,32.8214],[-96.65805,32.82153],[-96.65822,32.82782],[-96.65816,32.83038],[-96.65819,32.83085],[-96.66054,32.83082],[-96.66048,32.83475],[-96.659,32.83438],[-96.65886,32.83453],[-96.65526,32.83764],[-96.65256,32.83532],[-96.649,32.83833],[-96.64718,32.83767],[-96.64231,32.83959],[-96.63967,32.83965],[-96.63587,32.84293],[-96.6354,32.84331],[-96.63485,32.84378],[-96.63206,32.84611],[-96.63053,32.84741],[-96.6304,32.84753],[-96.62835,32.84922],[-96.62822,32.84911],[-96.62211,32.84388],[-96.6186,32.84088],[-96.61673,32.83931],[-96.61567,32.84023],[-96.60659,32.84024],[-96.60589,32.84154],[-96.607,32.84325],[-96.60591,32.84426],[-96.60517,32.8436],[-96.60461,32.84327],[-96.60258,32.84177],[-96.60188,32.8418],[-96.60002,32.83841],[-96.60234,32.83745],[-96.6026,32.83776],[-96.61013,32.83431],[-96.6094,32.83245],[-96.60102,32.8359],[-96.6003,32.83631],[-96.59583,32.83325],[-96.5959,32.82871],[-96.59606,32.82612],[-96.5959,32.82291],[-96.5959,32.82179],[-96.59593,32.81795],[-96.59703,32.81758],[-96.59704,32.81755],[-96.59709,32.81687],[-96.59694,32.81401],[-96.59752,32.814],[-96.60439,32.81396],[-96.6045,32.80671],[-96.59948,32.80674],[-96.59949,32.80494],[-96.5991,32.80494],[-96.59806,32.80493],[-96.59787,32.80453],[-96.59808,32.79786],[-96.5959,32.79783],[-96.59591,32.79764],[-96.59379,32.79733],[-96.59383,32.79055],[-96.57975,32.78821],[-96.57977,32.7878],[-96.57979,32.78745],[-96.59285,32.78975],[-96.59382,32.78986],[-96.59403,32.78025],[-96.59396,32.77782],[-96.58569,32.77816],[-96.58569,32.77987],[-96.58265,32.77983],[-96.57989,32.77984],[-96.57974,32.77983],[-96.57049,32.77968],[-96.57049,32.77481],[-96.57045,32.76475],[-96.57035,32.76459],[-96.56154,32.76375],[-96.54599,32.76213],[-96.51979,32.75439],[-96.51962,32.75427],[-96.51971,32.74869],[-96.52063,32.74872],[-96.52092,32.74649],[-96.52398,32.74254],[-96.53014,32.73692],[-96.52298,32.73117],[-96.52363,32.72999],[-96.52232,32.72796],[-96.52086,32.72764],[-96.521,32.72571],[-96.52124,32.72501],[-96.52505,32.7266],[-96.52585,32.72647],[-96.52614,32.72508],[-96.52403,32.72317],[-96.52436,32.72129],[-96.52352,32.72069],[-96.5244,32.71856],[-96.52709,32.71732],[-96.52713,32.71388],[-96.52451,32.71403],[-96.52342,32.7128],[-96.52752,32.7093],[-96.52049,32.7099],[-96.51095,32.71071],[-96.51383,32.70837],[-96.50697,32.70253],[-96.50334,32.70252],[-96.50036,32.70324],[-96.49767,32.70219],[-96.49552,32.704],[-96.48967,32.70181],[-96.48615,32.69878],[-96.47722,32.6979],[-96.46873,32.69845],[-96.45741,32.69962],[-96.45563,32.69899],[-96.45423,32.69864],[-96.453,32.69867],[-96.45037,32.69899],[-96.44879,32.69899],[-96.4464,32.69868],[-96.44504,32.69882],[-96.44371,32.69933],[-96.44362,32.69931],[-96.44326,32.69923],[-96.44298,32.69917],[-96.44241,32.69904],[-96.43713,32.69846],[-96.43624,32.69749],[-96.43498,32.69635],[-96.42888,32.69121],[-96.43231,32.68789],[-96.43377,32.68677],[-96.4343,32.68634],[-96.4286,32.68142],[-96.42803,32.68189],[-96.42289,32.68615],[-96.4179,32.68189],[-96.41465,32.67914],[-96.41986,32.67475],[-96.42501,32.67052],[-96.43311,32.67759],[-96.42866,32.68137],[-96.43435,32.68629],[-96.43668,32.68434],[-96.43727,32.68385],[-96.44555,32.69072],[-96.44594,32.69083],[-96.45025,32.69467],[-96.45528,32.69664],[-96.45903,32.69368],[-96.46095,32.69212],[-96.45976,32.69108],[-96.46143,32.68972],[-96.46476,32.68458],[-96.4706,32.68647],[-96.47139,32.68677],[-96.47211,32.69036],[-96.47331,32.68991],[-96.47293,32.68866],[-96.47474,32.68826],[-96.48276,32.68157],[-96.48187,32.68067],[-96.48761,32.67587],[-96.4875,32.67382],[-96.49063,32.66892],[-96.49084,32.66687],[-96.49232,32.66563],[-96.49603,32.66643],[-96.49545,32.66937],[-96.49684,32.67019],[-96.49679,32.67306],[-96.4953,32.67407],[-96.49529,32.67609],[-96.50105,32.68087],[-96.50377,32.68136],[-96.5036,32.6938],[-96.50663,32.69432],[-96.50723,32.6938],[-96.52065,32.69377],[-96.52072,32.68857],[-96.52065,32.68417],[-96.52103,32.66773],[-96.52139,32.66735],[-96.52413,32.66509],[-96.52329,32.66353],[-96.52191,32.66287],[-96.52114,32.66287],[-96.52116,32.66197],[-96.52038,32.65894],[-96.51949,32.65771],[-96.51844,32.65748],[-96.51654,32.66011],[-96.51588,32.65937],[-96.51601,32.65677],[-96.5136,32.65554],[-96.51147,32.65232],[-96.5075,32.65161],[-96.50453,32.65157],[-96.50298,32.65002],[-96.50102,32.6497],[-96.49997,32.65084],[-96.49893,32.64988],[-96.49638,32.65046],[-96.49602,32.64916],[-96.49694,32.64829],[-96.49413,32.6484],[-96.49068,32.64775],[-96.48953,32.64675],[-96.48717,32.64713],[-96.48638,32.64489],[-96.48435,32.64418],[-96.48431,32.64008],[-96.48497,32.63827],[-96.50541,32.64174],[-96.50736,32.64034],[-96.51012,32.63519],[-96.5117,32.63041],[-96.51212,32.62741],[-96.5118,32.62552],[-96.51209,32.6224],[-96.51446,32.62388],[-96.51453,32.62074],[-96.51657,32.62029],[-96.52088,32.61671],[-96.52203,32.61771],[-96.52664,32.62181],[-96.52836,32.62106],[-96.52903,32.62385],[-96.53671,32.617],[-96.5484,32.60758],[-96.54953,32.60869],[-96.5487,32.61095],[-96.54865,32.6132],[-96.5502,32.6144],[-96.55524,32.61502],[-96.55576,32.61702],[-96.55743,32.61783],[-96.56046,32.61825],[-96.55925,32.62028],[-96.5532,32.62544],[-96.55746,32.62766],[-96.55884,32.62644],[-96.56274,32.62989],[-96.56204,32.63041],[-96.56767,32.63707],[-96.56909,32.63585],[-96.57102,32.63572],[-96.5722,32.63665],[-96.57076,32.6375],[-96.57311,32.63836],[-96.5761,32.63676],[-96.57981,32.63983],[-96.58197,32.63882],[-96.58596,32.64236],[-96.58749,32.64129],[-96.58926,32.6427],[-96.59273,32.64006],[-96.5939,32.63887],[-96.59468,32.63677],[-96.6071,32.62649],[-96.60847,32.62578],[-96.61197,32.62606],[-96.61264,32.62447],[-96.61607,32.62084],[-96.62132,32.61657],[-96.61895,32.61371],[-96.61719,32.61224],[-96.61516,32.61204],[-96.61164,32.61254],[-96.60962,32.61231],[-96.6075,32.61278],[-96.60659,32.61196],[-96.60607,32.61019],[-96.60302,32.60868],[-96.60153,32.60861],[-96.59903,32.61105],[-96.59828,32.61144],[-96.59531,32.61131],[-96.59457,32.61055],[-96.59433,32.60971],[-96.59565,32.6091],[-96.59757,32.60917],[-96.59951,32.6075],[-96.59864,32.60512],[-96.59667,32.60514],[-96.59516,32.60637],[-96.58952,32.60635],[-96.5887,32.60594],[-96.58671,32.60166],[-96.58634,32.60052],[-96.5864,32.60022],[-96.58812,32.59727],[-96.58795,32.59701],[-96.58803,32.59687],[-96.58799,32.59654],[-96.58778,32.59647],[-96.5876,32.59597],[-96.58744,32.59586],[-96.58737,32.59551],[-96.58691,32.59485],[-96.58698,32.59462],[-96.58684,32.59405],[-96.58662,32.59365],[-96.58659,32.5933],[-96.58638,32.59294],[-96.58629,32.59243],[-96.58601,32.5919],[-96.58605,32.5917],[-96.58573,32.5912],[-96.58474,32.58778],[-96.58464,32.58755],[-96.5845,32.58734],[-96.58446,32.58712],[-96.58427,32.58676],[-96.58407,32.58664],[-96.58378,32.58621],[-96.58376,32.58605],[-96.58362,32.58589],[-96.58361,32.58575],[-96.5834,32.58555],[-96.58314,32.58535],[-96.5829,32.58508],[-96.58282,32.58479],[-96.58285,32.58465],[-96.58298,32.58447],[-96.584,32.58333],[-96.58329,32.58163],[-96.58182,32.58155],[-96.58105,32.58119],[-96.58075,32.58092],[-96.58061,32.58063],[-96.58074,32.58002],[-96.58098,32.57981],[-96.58094,32.58106],[-96.58331,32.58157],[-96.58408,32.58238],[-96.58422,32.58295],[-96.58398,32.58349],[-96.58371,32.58388],[-96.58287,32.58466],[-96.58473,32.5873],[-96.58701,32.5943],[-96.587,32.59486],[-96.58818,32.59673],[-96.58801,32.59703],[-96.58814,32.59716],[-96.58806,32.59788],[-96.58692,32.59966],[-96.58639,32.60036],[-96.58884,32.60596],[-96.59517,32.60628],[-96.59691,32.60489],[-96.59804,32.60469],[-96.5987,32.60502],[-96.59959,32.60672],[-96.5996,32.6075],[-96.59938,32.60804],[-96.59825,32.60905],[-96.59746,32.60927],[-96.59552,32.60918],[-96.59439,32.60974],[-96.59513,32.61103],[-96.59845,32.6113],[-96.59895,32.611],[-96.60086,32.609],[-96.60151,32.60856],[-96.602,32.60845],[-96.60265,32.60851],[-96.6056,32.60976],[-96.60596,32.61],[-96.60619,32.61031],[-96.60635,32.61065],[-96.60651,32.61125],[-96.60663,32.61192],[-96.61156,32.61218],[-96.61587,32.61157],[-96.61699,32.61175],[-96.61918,32.61366],[-96.62229,32.61765],[-96.62373,32.61875],[-96.62995,32.62015],[-96.63071,32.62098],[-96.62817,32.62485],[-96.62882,32.62685],[-96.62879,32.62773],[-96.62827,32.62861],[-96.62878,32.62956],[-96.63149,32.63081],[-96.64314,32.6352],[-96.64467,32.63607],[-96.64639,32.63459],[-96.65097,32.62774],[-96.65212,32.62629],[-96.65265,32.6262],[-96.6559,32.63114],[-96.65996,32.62959],[-96.66025,32.62957],[-96.66037,32.62972],[-96.66203,32.63227],[-96.66216,32.63244],[-96.66234,32.63254],[-96.66249,32.63252],[-96.66391,32.63167],[-96.66409,32.63164],[-96.66428,32.63179],[-96.66647,32.6352],[-96.67058,32.63343],[-96.6683,32.63041],[-96.66747,32.63078],[-96.66509,32.6272],[-96.66094,32.62913],[-96.65756,32.62398],[-96.66349,32.62114],[-96.65928,32.61518],[-96.65557,32.60926],[-96.65117,32.61139],[-96.6509,32.61062],[-96.65235,32.6086],[-96.6518,32.60577],[-96.65423,32.6046],[-96.65365,32.60372],[-96.66143,32.59994],[-96.6608,32.60146],[-96.66292,32.60577],[-96.6688,32.60297],[-96.66543,32.59797],[-96.66442,32.59846],[-96.66285,32.59771],[-96.66055,32.59553],[-96.65935,32.59454],[-96.66177,32.59336],[-96.66374,32.59453],[-96.66048,32.58902],[-96.65767,32.58562],[-96.6533,32.58778],[-96.64926,32.58147],[-96.64625,32.58293],[-96.645,32.58109],[-96.64159,32.58273],[-96.63973,32.57997],[-96.65802,32.57124],[-96.65939,32.57331],[-96.66106,32.57579],[-96.6591,32.57673],[-96.66247,32.58234],[-96.66234,32.58337],[-96.66723,32.58114],[-96.66852,32.58268],[-96.67013,32.58594],[-96.67069,32.58832],[-96.66928,32.58982],[-96.67105,32.59251],[-96.67326,32.59134],[-96.67103,32.58805],[-96.67025,32.5853],[-96.66769,32.58091],[-96.6725,32.57862],[-96.67458,32.58178],[-96.67319,32.57828],[-96.67665,32.5765],[-96.67329,32.57238],[-96.671,32.57346],[-96.66866,32.56881],[-96.66764,32.56668],[-96.66899,32.56601],[-96.66616,32.56175],[-96.66584,32.56059],[-96.6674,32.56326],[-96.66941,32.5623],[-96.67056,32.56331],[-96.66818,32.56444],[-96.66916,32.56594],[-96.67207,32.56465],[-96.67393,32.56629],[-96.67985,32.57112],[-96.67427,32.56612],[-96.66938,32.56182],[-96.66847,32.5608],[-96.67146,32.56018],[-96.67484,32.56],[-96.68028,32.57083],[-96.67548,32.56],[-96.68181,32.55968],[-96.6801,32.56065],[-96.68366,32.56597],[-96.68628,32.56466],[-96.6878,32.56634],[-96.69006,32.56521],[-96.69484,32.57226],[-96.69938,32.56975],[-96.70122,32.56702],[-96.70218,32.5667],[-96.70166,32.56214],[-96.70089,32.56052],[-96.69901,32.56086],[-96.69853,32.55984],[-96.69669,32.55905],[-96.69422,32.56007],[-96.69249,32.55946],[-96.69168,32.55822],[-96.68879,32.55879],[-96.68758,32.55739],[-96.68404,32.55584],[-96.68425,32.55627],[-96.68422,32.55656],[-96.68362,32.55671],[-96.68258,32.55641],[-96.68097,32.55537],[-96.68062,32.55543],[-96.68069,32.55575],[-96.68066,32.5559],[-96.68049,32.55604],[-96.68016,32.55613],[-96.67979,32.55615],[-96.6795,32.55622],[-96.67901,32.55643],[-96.67834,32.55651],[-96.67839,32.55737],[-96.67833,32.55768],[-96.67599,32.55802],[-96.67386,32.5563],[-96.67193,32.55638],[-96.66891,32.55542],[-96.66775,32.55644],[-96.66644,32.55627],[-96.66641,32.55604],[-96.66693,32.55607],[-96.66811,32.55573],[-96.66824,32.55485],[-96.66873,32.55465],[-96.67242,32.55625],[-96.67449,32.55612],[-96.67701,32.55765],[-96.67756,32.55756],[-96.67815,32.55758],[-96.67834,32.55737],[-96.67815,32.55638],[-96.67853,32.5562],[-96.67889,32.55637],[-96.67955,32.55614],[-96.68032,32.55606],[-96.68062,32.55589],[-96.68051,32.55543],[-96.68081,32.55506],[-96.68414,32.55657],[-96.68422,32.55632],[-96.68399,32.55589],[-96.68406,32.55575],[-96.68442,32.5557],[-96.68459,32.55578],[-96.68456,32.5557],[-96.68764,32.5568],[-96.68785,32.55692],[-96.68842,32.55771],[-96.68856,32.55844],[-96.6888,32.55849],[-96.68989,32.55794],[-96.69075,32.5579],[-96.69213,32.55804],[-96.69395,32.55976],[-96.69532,32.55892],[-96.69767,32.55889],[-96.69793,32.55896],[-96.69927,32.55983],[-96.69939,32.56036],[-96.70125,32.56023],[-96.69918,32.5547],[-96.69713,32.55187],[-96.70089,32.55003],[-96.70319,32.54891],[-96.70907,32.54648],[-96.72262,32.54656],[-96.74254,32.54665],[-96.74606,32.54667],[-96.75759,32.54676],[-96.75758,32.54926],[-96.76043,32.55349],[-96.75858,32.55347],[-96.7585,32.55646],[-96.7549,32.55814],[-96.747,32.55812],[-96.74568,32.55653],[-96.74465,32.55717],[-96.74234,32.55444],[-96.73948,32.55624],[-96.73698,32.55336],[-96.73676,32.55613],[-96.73516,32.55612],[-96.73504,32.55381],[-96.73332,32.55387],[-96.73313,32.55004],[-96.73107,32.55122],[-96.72607,32.5516],[-96.72762,32.55385],[-96.72326,32.55599],[-96.72125,32.55385],[-96.71904,32.55049],[-96.71807,32.54981],[-96.71637,32.55062],[-96.71575,32.5497],[-96.71261,32.55035],[-96.70408,32.55454],[-96.70723,32.5593],[-96.70825,32.56044],[-96.71135,32.56395],[-96.71711,32.56571],[-96.71323,32.56758],[-96.71182,32.56781],[-96.71239,32.56829],[-96.71564,32.57271],[-96.71765,32.57444],[-96.71837,32.57495],[-96.72044,32.57272],[-96.72137,32.57012],[-96.72237,32.56945],[-96.72367,32.57021],[-96.72485,32.56959],[-96.72665,32.5699],[-96.72985,32.57233],[-96.73009,32.57353],[-96.73384,32.57526],[-96.74195,32.57135],[-96.74529,32.57622],[-96.74615,32.57728],[-96.74714,32.57814],[-96.74901,32.57713],[-96.75106,32.57745],[-96.75275,32.57633],[-96.75555,32.57644],[-96.75674,32.57792],[-96.76241,32.56853],[-96.76541,32.56523],[-96.77486,32.55542],[-96.77874,32.55138],[-96.78156,32.547],[-96.78231,32.54698],[-96.80112,32.5471],[-96.80534,32.54713],[-96.8208,32.54714],[-96.82213,32.54715],[-96.8223,32.55335],[-96.82236,32.56118],[-96.82236,32.56711],[-96.82445,32.56728],[-96.83968,32.56715],[-96.83967,32.56612],[-96.83966,32.56505],[-96.85688,32.56501],[-96.85688,32.56596],[-96.86075,32.56591],[-96.86121,32.56508],[-96.87403,32.56529],[-96.87403,32.56588],[-96.88284,32.5659],[-96.88294,32.56807],[-96.89105,32.56809],[-96.89104,32.55926],[-96.89102,32.55762],[-96.89535,32.5576],[-96.89628,32.56084],[-96.89965,32.56028],[-96.89964,32.55615],[-96.89535,32.55616],[-96.89535,32.55314],[-96.89673,32.55315],[-96.89672,32.55137],[-96.89958,32.55144],[-96.89958,32.5509],[-96.89961,32.54884],[-96.90815,32.54886],[-96.90816,32.55044],[-96.91682,32.55043],[-96.91965,32.55082],[-96.91964,32.54764],[-96.92171,32.54765],[-96.92168,32.55097],[-96.92536,32.55107],[-96.92552,32.54767],[-96.92552,32.5449],[-96.92768,32.54508],[-96.93035,32.54402],[-96.93336,32.54552],[-96.93588,32.54497],[-96.93778,32.54577],[-96.94039,32.54194],[-96.94237,32.53877],[-96.94593,32.53864],[-96.96372,32.53891],[-96.96826,32.53882],[-96.9683,32.53693],[-96.96831,32.53646],[-96.97631,32.53628],[-96.97678,32.53628],[-96.9768,32.54026],[-96.97778,32.53923],[-96.98549,32.53926],[-96.98553,32.53605],[-97.01967,32.53678],[-97.02009,32.53596],[-97.0213,32.53596],[-97.02002,32.53915],[-97.01827,32.54017],[-97.01381,32.54063],[-97.01368,32.54848],[-97.01331,32.56208]],[[-96.71437,32.61277],[-96.71437,32.61442],[-96.71869,32.61446],[-96.71869,32.61403],[-96.71871,32.61398],[-96.7187,32.61366],[-96.71723,32.61365],[-96.71722,32.61278],[-96.71437,32.61277]],[[-96.71773,32.62054],[-96.72054,32.61915],[-96.72217,32.62153],[-96.72404,32.6206],[-96.7243,32.61849],[-96.7204,32.61834],[-96.71871,32.61773],[-96.71872,32.61834],[-96.71582,32.61821],[-96.71773,32.62054]],[[-96.68846,32.57557],[-96.68747,32.57635],[-96.68593,32.57411],[-96.68237,32.57583],[-96.68575,32.58431],[-96.68694,32.58551],[-96.69073,32.58365],[-96.69216,32.58572],[-96.69088,32.58632],[-96.69263,32.58647],[-96.69579,32.5911],[-96.69105,32.59345],[-96.69147,32.59447],[-96.69292,32.59417],[-96.69499,32.59588],[-96.69816,32.59452],[-96.69978,32.59447],[-96.69633,32.58764],[-96.69903,32.58745],[-96.702,32.58746],[-96.6978,32.58133],[-96.70123,32.57967],[-96.69864,32.57581],[-96.69483,32.57261],[-96.68846,32.57557]],[[-96.68459,32.60065],[-96.6861,32.60344],[-96.68788,32.6026],[-96.68611,32.59999],[-96.68459,32.60065]],[[-96.68381,32.60451],[-96.68544,32.60375],[-96.68337,32.59992],[-96.68133,32.60074],[-96.68252,32.6026],[-96.68288,32.60313],[-96.68381,32.60451]],[[-96.68154,32.59655],[-96.67941,32.59759],[-96.67942,32.59779],[-96.67979,32.59841],[-96.68178,32.597],[-96.68154,32.59655]],[[-96.68078,32.60004],[-96.67739,32.60172],[-96.67815,32.60238],[-96.67835,32.60274],[-96.68156,32.60119],[-96.68078,32.60004]],[[-96.67912,32.60012],[-96.68054,32.59969],[-96.67912,32.59773],[-96.67726,32.5986],[-96.67581,32.59835],[-96.67684,32.59986],[-96.67827,32.59891],[-96.67912,32.60012]],[[-96.8445,32.62515],[-96.83998,32.62498],[-96.83999,32.62569],[-96.84005,32.6295],[-96.84451,32.62951],[-96.8445,32.62515]],[[-96.70247,32.63786],[-96.70282,32.63856],[-96.70625,32.63705],[-96.70602,32.6364],[-96.70247,32.63786]],[[-96.70344,32.64153],[-96.70226,32.64199],[-96.70062,32.64303],[-96.70136,32.64427],[-96.70419,32.64302],[-96.70344,32.64153]],[[-96.70292,32.64046],[-96.69987,32.64178],[-96.70035,32.64258],[-96.70203,32.64164],[-96.70326,32.64116],[-96.70292,32.64046]],[[-96.69886,32.63992],[-96.69939,32.6409],[-96.7025,32.63963],[-96.70204,32.63868],[-96.69886,32.63992]],[[-96.6917,32.63688],[-96.6929,32.6385],[-96.70027,32.63514],[-96.69931,32.63321],[-96.6917,32.63688]],[[-96.69774,32.64858],[-96.6977,32.65087],[-96.70022,32.64968],[-96.69975,32.64877],[-96.69774,32.64858]],[[-96.69787,32.63321],[-96.69904,32.63265],[-96.69652,32.62759],[-96.69523,32.62821],[-96.69572,32.62901],[-96.69529,32.62926],[-96.69787,32.63321]],[[-96.68652,32.64612],[-96.6883,32.6449],[-96.68643,32.64216],[-96.68127,32.64483],[-96.68524,32.64845],[-96.68705,32.64775],[-96.68652,32.64612]],[[-96.52762,32.69516],[-96.52869,32.69536],[-96.52938,32.69457],[-96.53223,32.69395],[-96.52872,32.6939],[-96.52781,32.69389],[-96.52762,32.69516]],[[-96.58967,32.72407],[-96.58863,32.72417],[-96.58544,32.72156],[-96.58342,32.72066],[-96.57993,32.71773],[-96.57983,32.71777],[-96.58334,32.72075],[-96.58538,32.72161],[-96.58859,32.72432],[-96.59176,32.72464],[-96.59578,32.72691],[-96.59902,32.72977],[-96.59913,32.72968],[-96.59519,32.72633],[-96.59179,32.72455],[-96.58967,32.72407]],[[-96.58493,32.71176],[-96.5793,32.7071],[-96.57601,32.70978],[-96.57437,32.70958],[-96.57668,32.71158],[-96.5754,32.71396],[-96.57834,32.71649],[-96.58065,32.71458],[-96.58265,32.71172],[-96.58493,32.71176]],[[-96.46415,32.6949],[-96.46334,32.69419],[-96.46254,32.69485],[-96.4615,32.69396],[-96.46095,32.69327],[-96.46163,32.6927],[-96.46155,32.69264],[-96.46056,32.69262],[-96.45898,32.69394],[-96.45986,32.69456],[-96.45861,32.6968],[-96.46059,32.69859],[-96.46388,32.69831],[-96.46513,32.69575],[-96.4655,32.69768],[-96.47125,32.69735],[-96.47027,32.69155],[-96.46894,32.69159],[-96.46733,32.69131],[-96.46488,32.6923],[-96.46568,32.69379],[-96.46415,32.6949]],[[-96.44579,32.69857],[-96.44315,32.69619],[-96.44141,32.69773],[-96.44579,32.69857]]],[[[-96.58194,32.57901],[-96.58141,32.57759],[-96.58078,32.57726],[-96.58102,32.57733],[-96.58146,32.57754],[-96.58218,32.57856],[-96.58202,32.57903],[-96.58098,32.57981],[-96.58194,32.57901]]],[[[-96.58034,32.57704],[-96.57961,32.57699],[-96.57769,32.57643],[-96.57699,32.5765],[-96.57582,32.5776],[-96.5752,32.57791],[-96.57424,32.57809],[-96.57359,32.57793],[-96.5729,32.57733],[-96.57351,32.57505],[-96.57434,32.57366],[-96.57454,32.57275],[-96.57512,32.57236],[-96.57567,32.57086],[-96.57518,32.56951],[-96.57697,32.56911],[-96.57848,32.56782],[-96.58174,32.56742],[-96.58136,32.56766],[-96.58004,32.5677],[-96.57865,32.56789],[-96.57703,32.56916],[-96.57539,32.56961],[-96.57576,32.57089],[-96.57529,32.57223],[-96.57502,32.57248],[-96.57467,32.57268],[-96.57456,32.57354],[-96.57358,32.5751],[-96.57297,32.57712],[-96.57402,32.57801],[-96.57509,32.57785],[-96.57684,32.57652],[-96.57758,32.57632],[-96.57822,32.57648],[-96.57838,32.57657],[-96.57896,32.57667],[-96.57933,32.57688],[-96.57954,32.57694],[-96.58003,32.5769],[-96.58041,32.57699],[-96.58075,32.57717],[-96.58078,32.57726],[-96.58034,32.57704]]],[[[-96.58689,32.56677],[-96.58767,32.56682],[-96.58928,32.56645],[-96.59516,32.56589],[-96.60333,32.56482],[-96.60839,32.56394],[-96.60966,32.56446],[-96.61312,32.56445],[-96.61678,32.564],[-96.62041,32.56407],[-96.62214,32.56326],[-96.62505,32.56064],[-96.62755,32.55717],[-96.62852,32.55671],[-96.62953,32.55309],[-96.63039,32.55272],[-96.63208,32.55263],[-96.63572,32.55337],[-96.63834,32.55328],[-96.64005,32.55404],[-96.64266,32.55441],[-96.6454,32.55598],[-96.64767,32.5561],[-96.64963,32.55627],[-96.6486,32.55659],[-96.64772,32.55617],[-96.64703,32.55639],[-96.64462,32.55603],[-96.64228,32.55449],[-96.64006,32.55429],[-96.6386,32.55349],[-96.63549,32.55352],[-96.63236,32.55316],[-96.63054,32.55286],[-96.62948,32.55356],[-96.62893,32.55669],[-96.62754,32.55747],[-96.62668,32.55901],[-96.62571,32.55983],[-96.62458,32.56147],[-96.62379,32.562],[-96.62349,32.56274],[-96.62013,32.56434],[-96.61802,32.56423],[-96.61294,32.56464],[-96.60969,32.56461],[-96.6084,32.56408],[-96.60481,32.56478],[-96.59618,32.56592],[-96.59302,32.56616],[-96.58831,32.56678],[-96.58766,32.56694],[-96.58688,32.56684],[-96.58632,32.56702],[-96.58242,32.56745],[-96.58174,32.56742],[-96.58689,32.56677]]],[[[-96.65004,32.55631],[-96.65155,32.55674],[-96.65399,32.55924],[-96.65905,32.55819],[-96.66369,32.5577],[-96.66382,32.55805],[-96.65896,32.55842],[-96.65742,32.55903],[-96.65508,32.55947],[-96.65349,32.55962],[-96.6509,32.55669],[-96.64992,32.55675],[-96.64963,32.55627],[-96.65004,32.55631]]],[[[-96.39128,32.61373],[-96.38625,32.60939],[-96.38533,32.61024],[-96.38457,32.60964],[-96.38544,32.60869],[-96.38355,32.6071],[-96.38541,32.60513],[-96.38226,32.60033],[-96.38013,32.59818],[-96.37817,32.5971],[-96.3758,32.59654],[-96.37252,32.59691],[-96.37002,32.5956],[-96.36887,32.59725],[-96.36879,32.59791],[-96.3557,32.59597],[-96.35455,32.59693],[-96.35319,32.59648],[-96.32426,32.59321],[-96.32294,32.59419],[-96.32304,32.59575],[-96.32237,32.59983],[-96.32282,32.6042],[-96.31811,32.60411],[-96.31757,32.59882],[-96.31672,32.59758],[-96.31564,32.59657],[-96.303,32.59658],[-96.30154,32.60009],[-96.29962,32.59913],[-96.29693,32.59656],[-96.29379,32.59655],[-96.29299,32.59454],[-96.28922,32.59782],[-96.28749,32.59929],[-96.28591,32.59821],[-96.28038,32.59871],[-96.27606,32.60178],[-96.27444,32.60391],[-96.27226,32.602],[-96.27633,32.59854],[-96.27448,32.59701],[-96.28192,32.59059],[-96.27756,32.58654],[-96.278,32.58616],[-96.27878,32.58702],[-96.2806,32.58548],[-96.28718,32.58718],[-96.28638,32.58794],[-96.28912,32.58892],[-96.28451,32.59279],[-96.28561,32.59372],[-96.28733,32.59386],[-96.28861,32.59274],[-96.28941,32.59341],[-96.29306,32.59037],[-96.2918,32.58941],[-96.29003,32.58968],[-96.29149,32.58762],[-96.29134,32.58761],[-96.29197,32.58469],[-96.29405,32.58644],[-96.29415,32.58463],[-96.29059,32.58158],[-96.28946,32.58255],[-96.2801,32.57453],[-96.28375,32.57139],[-96.28553,32.57283],[-96.28662,32.57135],[-96.28997,32.56843],[-96.28083,32.56071],[-96.28602,32.5564],[-96.28267,32.55344],[-96.28447,32.55193],[-96.28359,32.55141],[-96.28063,32.54563],[-96.28169,32.54468],[-96.28015,32.54163],[-96.28317,32.53951],[-96.28659,32.54231],[-96.28386,32.54469],[-96.28765,32.54781],[-96.28618,32.54906],[-96.28738,32.54948],[-96.29169,32.55319],[-96.29484,32.55051],[-96.29711,32.5559],[-96.29786,32.55911],[-96.31681,32.55921],[-96.31701,32.55681],[-96.32224,32.55708],[-96.32457,32.55772],[-96.32512,32.55925],[-96.3305,32.55952],[-96.33265,32.55856],[-96.339,32.55644],[-96.34445,32.55446],[-96.34642,32.55301],[-96.3611,32.53934],[-96.37312,32.52646],[-96.37441,32.52754],[-96.37553,32.52847],[-96.34723,32.55687],[-96.33903,32.55957],[-96.3337,32.56139],[-96.32676,32.56598],[-96.32684,32.57165],[-96.32983,32.57262],[-96.33545,32.57088],[-96.33451,32.57533],[-96.33157,32.57784],[-96.33272,32.57985],[-96.32752,32.58429],[-96.32887,32.58563],[-96.32823,32.58746],[-96.33205,32.58844],[-96.33266,32.5897],[-96.34302,32.59025],[-96.35323,32.59193],[-96.35397,32.59042],[-96.35791,32.5887],[-96.35904,32.59166],[-96.36018,32.59221],[-96.36269,32.59019],[-96.36694,32.59061],[-96.3696,32.59277],[-96.36829,32.5939],[-96.37072,32.59433],[-96.37093,32.59384],[-96.37226,32.59278],[-96.37499,32.59427],[-96.37581,32.59544],[-96.37833,32.59607],[-96.38136,32.59768],[-96.38304,32.5993],[-96.38765,32.60607],[-96.38973,32.60753],[-96.38883,32.60836],[-96.39129,32.61117],[-96.39297,32.61215],[-96.39391,32.61139],[-96.39596,32.61247],[-96.39851,32.61156],[-96.40102,32.61281],[-96.40005,32.6136],[-96.39736,32.61584],[-96.39612,32.61464],[-96.39222,32.61344],[-96.39128,32.61373]],[[-96.38382,32.6071],[-96.38567,32.6087],[-96.38476,32.60959],[-96.38628,32.60922],[-96.38746,32.61018],[-96.39128,32.61352],[-96.39229,32.6127],[-96.38997,32.61106],[-96.38652,32.60657],[-96.38525,32.60583],[-96.38382,32.6071]]],[[[-96.36851,32.79421],[-96.36737,32.79382],[-96.36895,32.79241],[-96.36731,32.78962],[-96.36996,32.78802],[-96.37427,32.78431],[-96.36091,32.77294],[-96.35928,32.7743],[-96.34881,32.76537],[-96.35206,32.76226],[-96.34453,32.75597],[-96.34909,32.75207],[-96.35174,32.74938],[-96.35231,32.74594],[-96.35035,32.74436],[-96.34803,32.7452],[-96.34812,32.74388],[-96.34493,32.74355],[-96.34589,32.74217],[-96.34594,32.74051],[-96.34283,32.73993],[-96.34285,32.73933],[-96.33832,32.73973],[-96.33337,32.73966],[-96.33268,32.73905],[-96.33186,32.74075],[-96.32907,32.74053],[-96.32658,32.74302],[-96.32426,32.74067],[-96.32491,32.74009],[-96.3222,32.7377],[-96.32007,32.73764],[-96.31913,32.73968],[-96.32577,32.7453],[-96.3275,32.74455],[-96.33377,32.75029],[-96.33499,32.75102],[-96.32086,32.7631],[-96.3147,32.75797],[-96.3128,32.76825],[-96.31769,32.76834],[-96.31559,32.77014],[-96.31995,32.77397],[-96.31559,32.77767],[-96.31633,32.7783],[-96.31482,32.78065],[-96.31696,32.78257],[-96.31798,32.78051],[-96.32006,32.7832],[-96.31879,32.78422],[-96.31948,32.78482],[-96.31669,32.78629],[-96.31212,32.78598],[-96.31158,32.7839],[-96.3101,32.78418],[-96.30986,32.78245],[-96.30771,32.78064],[-96.30503,32.78292],[-96.30653,32.78415],[-96.30529,32.7852],[-96.30317,32.78339],[-96.30325,32.78265],[-96.30191,32.78137],[-96.30762,32.77681],[-96.30644,32.77664],[-96.30596,32.77623],[-96.30391,32.7779],[-96.30332,32.77838],[-96.30233,32.77754],[-96.30407,32.77608],[-96.30451,32.7753],[-96.30083,32.77842],[-96.2873,32.76677],[-96.28243,32.76458],[-96.28238,32.76706],[-96.28008,32.76625],[-96.27839,32.76817],[-96.27769,32.77031],[-96.27781,32.77203],[-96.28254,32.77112],[-96.297,32.7837],[-96.29553,32.78572],[-96.29777,32.78762],[-96.29964,32.78606],[-96.30009,32.78569],[-96.30239,32.78763],[-96.29991,32.78972],[-96.29693,32.79174],[-96.27833,32.77619],[-96.2797,32.77505],[-96.27724,32.7732],[-96.27752,32.77267],[-96.27488,32.77042],[-96.27362,32.77095],[-96.27424,32.76987],[-96.27105,32.77259],[-96.26832,32.77022],[-96.26431,32.7736],[-96.26288,32.7724],[-96.25993,32.77492],[-96.25892,32.77389],[-96.26023,32.76648],[-96.26017,32.76262],[-96.26244,32.76066],[-96.26398,32.75743],[-96.25898,32.75329],[-96.25671,32.75484],[-96.25247,32.75138],[-96.25368,32.74924],[-96.24654,32.74281],[-96.2446,32.74142],[-96.23908,32.74154],[-96.2346,32.74537],[-96.23035,32.74189],[-96.23438,32.73848],[-96.23885,32.73654],[-96.23603,32.73441],[-96.2394,32.73141],[-96.23938,32.73141],[-96.23939,32.73125],[-96.19995,32.72642],[-96.18928,32.7251],[-96.17848,32.72378],[-96.17248,32.72305],[-96.17603,32.72595],[-96.17948,32.72929],[-96.18262,32.7348],[-96.18547,32.73304],[-96.18744,32.73473],[-96.18021,32.73793],[-96.18094,32.73929],[-96.17992,32.74109],[-96.18132,32.74228],[-96.17316,32.74919],[-96.17797,32.75316],[-96.17558,32.75514],[-96.17708,32.75651],[-96.17546,32.75778],[-96.17294,32.75966],[-96.16679,32.75461],[-96.16912,32.75262],[-96.16338,32.75382],[-96.16701,32.74594],[-96.17375,32.73132],[-96.17068,32.7283],[-96.16815,32.72322],[-96.17119,32.7229],[-96.16722,32.72184],[-96.17499,32.72284],[-96.1786,32.72329],[-96.18029,32.72347],[-96.18866,32.72453],[-96.21652,32.72805],[-96.22825,32.71811],[-96.23823,32.72646],[-96.24515,32.7215],[-96.24563,32.73163],[-96.25665,32.73297],[-96.25674,32.73298],[-96.26538,32.71608],[-96.2596,32.71115],[-96.23899,32.69382],[-96.23972,32.69306],[-96.23818,32.6919],[-96.23829,32.69159],[-96.24087,32.6907],[-96.24481,32.68734],[-96.24578,32.68814],[-96.24936,32.68565],[-96.25431,32.68988],[-96.25698,32.68807],[-96.2635,32.69371],[-96.26816,32.69045],[-96.27025,32.69189],[-96.27235,32.68989],[-96.27197,32.68782],[-96.27271,32.68678],[-96.27208,32.68479],[-96.27295,32.6828],[-96.2783,32.68036],[-96.28108,32.68259],[-96.27969,32.6838],[-96.28208,32.68575],[-96.28091,32.68674],[-96.28331,32.68881],[-96.28275,32.68925],[-96.28525,32.69269],[-96.28639,32.6936],[-96.29233,32.69338],[-96.28878,32.70421],[-96.29095,32.70516],[-96.29135,32.70475],[-96.29434,32.70236],[-96.29712,32.69997],[-96.29995,32.70241],[-96.29787,32.70411],[-96.29688,32.70468],[-96.30523,32.70866],[-96.3075,32.71053],[-96.30883,32.7095],[-96.31558,32.70374],[-96.31302,32.70154],[-96.31509,32.69949],[-96.32169,32.70105],[-96.32624,32.69694],[-96.33077,32.70085],[-96.33723,32.70687],[-96.33494,32.70895],[-96.33982,32.71316],[-96.33793,32.71462],[-96.33798,32.71465],[-96.34257,32.71867],[-96.3603,32.70387],[-96.35832,32.70213],[-96.36038,32.70387],[-96.33841,32.72221],[-96.33697,32.72328],[-96.33542,32.72457],[-96.33879,32.72603],[-96.34215,32.72765],[-96.34945,32.73157],[-96.35721,32.73815],[-96.375,32.73907],[-96.37497,32.73968],[-96.36911,32.74011],[-96.36293,32.74092],[-96.36277,32.74222],[-96.36053,32.74181],[-96.35991,32.74064],[-96.35694,32.73976],[-96.35618,32.74108],[-96.35458,32.73902],[-96.35081,32.73872],[-96.35136,32.74087],[-96.35239,32.74207],[-96.3586,32.74729],[-96.35555,32.74979],[-96.3515,32.75392],[-96.34925,32.75584],[-96.35687,32.76214],[-96.35335,32.76532],[-96.3593,32.77041],[-96.36092,32.76905],[-96.37739,32.78305],[-96.37737,32.78368],[-96.37807,32.785],[-96.37262,32.78961],[-96.37215,32.79095],[-96.37056,32.79171],[-96.37038,32.79369],[-96.36851,32.79421]],[[-96.31755,32.74254],[-96.31679,32.74664],[-96.32093,32.75011],[-96.32366,32.74768],[-96.31755,32.74254]],[[-96.30479,32.77268],[-96.30596,32.77175],[-96.30573,32.77137],[-96.30347,32.77071],[-96.30332,32.77078],[-96.30152,32.77161],[-96.30346,32.77327],[-96.30479,32.77268]],[[-96.27967,32.76631],[-96.27772,32.76467],[-96.27679,32.76546],[-96.27769,32.76619],[-96.27888,32.76722],[-96.27967,32.76631]]],[[[-96.39601,32.73928],[-96.38439,32.73898],[-96.37555,32.73867],[-96.37556,32.73864],[-96.38445,32.73892],[-96.39601,32.73928]]],[[[-96.48542,32.77209],[-96.48099,32.7758],[-96.47767,32.77296],[-96.47726,32.7742],[-96.47523,32.77566],[-96.47331,32.77803],[-96.47663,32.78138],[-96.47686,32.78177],[-96.47737,32.78335],[-96.47674,32.78679],[-96.47715,32.78323],[-96.47571,32.7807],[-96.47218,32.7777],[-96.46941,32.78023],[-96.46668,32.77787],[-96.46446,32.77977],[-96.46111,32.77691],[-96.45556,32.78144],[-96.45127,32.77661],[-96.44686,32.77307],[-96.44997,32.77049],[-96.43625,32.75861],[-96.43578,32.75741],[-96.43482,32.7582],[-96.43278,32.75812],[-96.42436,32.75066],[-96.42195,32.75266],[-96.40847,32.74112],[-96.40508,32.74394],[-96.40084,32.74041],[-96.39188,32.73278],[-96.3918,32.73285],[-96.38733,32.72896],[-96.39377,32.72358],[-96.39823,32.72747],[-96.39683,32.72865],[-96.40045,32.73175],[-96.40361,32.72926],[-96.40993,32.72933],[-96.41118,32.72831],[-96.41043,32.72765],[-96.41156,32.72673],[-96.40923,32.72472],[-96.40583,32.721],[-96.4101,32.71739],[-96.41362,32.72048],[-96.41864,32.71689],[-96.41901,32.71332],[-96.42126,32.71497],[-96.42443,32.71324],[-96.42615,32.71318],[-96.44257,32.72739],[-96.44863,32.7222],[-96.45014,32.72196],[-96.44709,32.71917],[-96.44709,32.71683],[-96.45026,32.71402],[-96.44839,32.71228],[-96.44701,32.715],[-96.44268,32.71122],[-96.44265,32.70941],[-96.44689,32.70697],[-96.4509,32.71053],[-96.45137,32.71207],[-96.45068,32.71367],[-96.45217,32.71236],[-96.46039,32.71939],[-96.46084,32.71908],[-96.46906,32.72605],[-96.47008,32.72525],[-96.48196,32.73508],[-96.48317,32.73167],[-96.47282,32.72292],[-96.47352,32.7224],[-96.46487,32.71517],[-96.46699,32.71346],[-96.46531,32.71192],[-96.46737,32.71013],[-96.46765,32.70827],[-96.46904,32.7056],[-96.47216,32.7092],[-96.48056,32.71655],[-96.48199,32.71536],[-96.49024,32.72229],[-96.49082,32.72181],[-96.48707,32.72581],[-96.48469,32.72659],[-96.48248,32.7344],[-96.48048,32.73841],[-96.48264,32.73912],[-96.48684,32.74267],[-96.48516,32.74331],[-96.48912,32.74666],[-96.49054,32.7456],[-96.49169,32.7465],[-96.49037,32.75052],[-96.49034,32.75183],[-96.49339,32.75426],[-96.49288,32.75483],[-96.49351,32.75879],[-96.49513,32.76011],[-96.49422,32.76092],[-96.49105,32.75817],[-96.49024,32.76114],[-96.48941,32.76219],[-96.49149,32.76427],[-96.49049,32.76539],[-96.49168,32.76678],[-96.49165,32.76814],[-96.49617,32.76822],[-96.49611,32.76957],[-96.49447,32.76954],[-96.49349,32.77122],[-96.49143,32.77009],[-96.49082,32.77206],[-96.48542,32.77209]],[[-96.47518,32.7167],[-96.47459,32.71717],[-96.47717,32.71936],[-96.47775,32.71888],[-96.47518,32.7167]],[[-96.42961,32.72738],[-96.42974,32.72926],[-96.42654,32.73177],[-96.42746,32.73262],[-96.42574,32.73325],[-96.42289,32.73551],[-96.4246,32.73698],[-96.42913,32.73311],[-96.4307,32.73448],[-96.43428,32.73152],[-96.4392,32.73575],[-96.44214,32.7333],[-96.44139,32.73265],[-96.43097,32.72343],[-96.42366,32.72919],[-96.42426,32.72973],[-96.42854,32.72642],[-96.42961,32.72738]],[[-96.41752,32.73009],[-96.41697,32.73053],[-96.41965,32.73276],[-96.42017,32.73232],[-96.41752,32.73009]]]]}},{"type":"Feature","properties":{"name":"Sugar Land On-Demand","boundary_type":"zone_approx","source":"Manual approximation","fidelity":"approximate","updated":"2026-09","units":"buffer 4.2 km @ Sugar Land city; clipped to Sugar Land city","note":"Designated zone covering ~43,000 residents; estimated service radius ~2.6 miles.","confidence":0.7},"geometry":{"type":"Polygon","coordinates":[[[-95.66983,29.61366],[-95.66704,29.61589],[-95.66404,29.61789],[-95.66085,29.61966],[-95.65749,29.62118],[-95.65399,29.62244],[-95.65038,29.62343],[-95.64669,29.62414],[-95.64294,29.62457],[-95.63915,29.62471],[-95.63537,29.62457],[-95.63162,29.62414],[-95.62793,29.62343],[-95.62432,29.62244],[-95.62082,29.62118],[-95.61746,29.61966],[-95.61427,29.61789],[-95.61127,29.61589],[-95.60848,29.61366],[-95.60592,29.61124],[-95.60361,29.60862],[-95.60158,29.60585],[-95.59983,29.60293],[-95.59838,29.59989],[-95.59725,29.59675],[-95.59643,29.59354],[-95.59593,29.59027],[-95.59577,29.58698],[-95.59593,29.5837],[-95.59643,29.58043],[-95.59725,29.57722],[-95.59838,29.57408],[-95.59983,29.57104],[-95.60158,29.56812],[-95.60361,29.56534],[-95.60592,29.56273],[-95.60848,29.56031],[-95.61127,29.55808],[-95.61427,29.55608],[-95.61746,29.55431],[-95.62082,29.55279],[-95.62432,29.55153],[-95.62793,29.55054],[-95.63162,29.54983],[-95.63537,29.5494],[-95.63915,29.54925],[-95.64294,29.5494],[-95.64669,29.54983],[-95.65038,29.55054],[-95.65345,29.55138],[-95.65389,29.55586],[-95.65576,29.55217],[-95.65749,29.55279],[-95.66085,29.55431],[-95.66404,29.55608],[-95.66704,29.55808],[-95.66983,29.56031],[-95.67239,29.56273],[-95.67469,29.56534],[-95.67673,29.56812],[-95.67848,29.57104],[-95.67992,29.57408],[-95.68106,29.57722],[-95.68188,29.58043],[-95.68238,29.5837],[-95.68254,29.58698],[-95.68238,29.59027],[-95.68188,29.59354],[-95.68106,29.59675],[-95.67992,29.59989],[-95.67878,29.60229],[-95.67683,29.60257],[-95.67398,29.60326],[-95.67386,29.6033],[-95.67401,29.60941],[-95.67239,29.61124],[-95.66983,29.61366]]]}},{"type":"Feature","properties":{"name":"Sun Metro Microtransit","boundary_type":"city","source":"Census TIGER place","fidelity":"approximate","updated":"2026-09","units":"El Paso city","note":"service zone is Upper East El Paso / Fort Bliss area","confidence":0.75},"geometry":{"type":"Polygon","coordinates":[[[-106.63487,31.87448],[-106.63134,31.879],[-106.63132,31.87903],[-106.6308,31.8797],[-106.63026,31.88106],[-106.6292,31.88372],[-106.63035,31.8858],[-106.63034,31.89118],[-106.62561,31.89116],[-106.62004,31.8907],[-106.62002,31.88832],[-106.62161,31.88832],[-106.62159,31.88585],[-106.61562,31.88587],[-106.61095,31.88587],[-106.61072,31.88588],[-106.59737,31.88591],[-106.59741,31.89007],[-106.59769,31.89266],[-106.59891,31.89685],[-106.59911,31.89863],[-106.59428,31.89862],[-106.59427,31.89898],[-106.59424,31.90361],[-106.59086,31.90362],[-106.59091,31.90833],[-106.58955,31.90847],[-106.58972,31.91117],[-106.59119,31.91262],[-106.59143,31.91491],[-106.58504,31.91502],[-106.58501,31.92569],[-106.58501,31.93123],[-106.58506,31.93875],[-106.58506,31.94175],[-106.58266,31.94189],[-106.58266,31.94235],[-106.58052,31.94228],[-106.57632,31.94515],[-106.57491,31.94926],[-106.57177,31.94919],[-106.57188,31.95725],[-106.56851,31.95739],[-106.56871,31.96958],[-106.56722,31.97002],[-106.56587,31.97061],[-106.56478,31.97142],[-106.55093,31.9719],[-106.55131,31.99048],[-106.56163,31.99049],[-106.56221,32.00075],[-106.51706,32.00092],[-106.51399,32.00093],[-106.47666,32.00108],[-106.46279,32.00113],[-106.44392,32.00121],[-106.41109,32.00133],[-106.41107,32.00133],[-106.40896,32.00135],[-106.3943,32.00148],[-106.37718,32.00118],[-106.37686,32.00117],[-106.36096,32.00126],[-106.35681,32.00128],[-106.34065,32.00137],[-106.32738,32.00144],[-106.3265,32.00144],[-106.32347,32.00146],[-106.36462,31.93665],[-106.37064,31.92717],[-106.38401,31.90612],[-106.38857,31.89891],[-106.39752,31.88481],[-106.40613,31.87122],[-106.4069,31.87002],[-106.41621,31.85534],[-106.42026,31.84893],[-106.4216,31.84681],[-106.42904,31.83507],[-106.42928,31.82797],[-106.42163,31.82804],[-106.4214,31.82758],[-106.41322,31.82773],[-106.40343,31.82794],[-106.40342,31.82686],[-106.40342,31.82654],[-106.40319,31.81953],[-106.38869,31.81986],[-106.38139,31.82009],[-106.37852,31.8206],[-106.37609,31.82181],[-106.37156,31.82494],[-106.36636,31.82819],[-106.36225,31.83114],[-106.35857,31.83426],[-106.35272,31.83852],[-106.35096,31.83954],[-106.34777,31.84065],[-106.34387,31.84081],[-106.33086,31.841],[-106.32985,31.79847],[-106.32285,31.79938],[-106.31848,31.79997],[-106.3106,31.80101],[-106.30252,31.80207],[-106.29393,31.8032],[-106.29255,31.80338],[-106.28533,31.80433],[-106.27822,31.80526],[-106.26873,31.8065],[-106.26778,31.80663],[-106.2675,31.80666],[-106.26773,31.81303],[-106.26215,31.81301],[-106.26234,31.82668],[-106.26234,31.82673],[-106.26172,31.82673],[-106.26172,31.82669],[-106.26163,31.82054],[-106.25691,31.82059],[-106.25683,31.81299],[-106.24998,31.81296],[-106.25007,31.82508],[-106.24895,31.82508],[-106.24896,31.82674],[-106.24384,31.82675],[-106.23421,31.82667],[-106.23416,31.81449],[-106.23227,31.81451],[-106.23226,31.81129],[-106.23414,31.81105],[-106.23416,31.8129],[-106.24441,31.81289],[-106.24443,31.81454],[-106.24674,31.81455],[-106.24593,31.8129],[-106.24589,31.80951],[-106.24138,31.80964],[-106.24063,31.80517],[-106.23973,31.80665],[-106.24071,31.80797],[-106.23414,31.80965],[-106.2341,31.80597],[-106.22411,31.80727],[-106.22416,31.81208],[-106.22389,31.80282],[-106.22223,31.80437],[-106.22236,31.81231],[-106.21699,31.81331],[-106.21293,31.81389],[-106.21183,31.81404],[-106.21211,31.81378],[-106.21326,31.81272],[-106.21704,31.80919],[-106.21678,31.79809],[-106.19983,31.79826],[-106.19948,31.79726],[-106.19953,31.79605],[-106.19938,31.79535],[-106.19929,31.78388],[-106.19975,31.78338],[-106.19959,31.76933],[-106.21643,31.76937],[-106.21634,31.76215],[-106.2336,31.76215],[-106.23371,31.76934],[-106.24931,31.76932],[-106.2495,31.76765],[-106.25076,31.76764],[-106.25062,31.75671],[-106.24947,31.75504],[-106.25735,31.75498],[-106.26478,31.75499],[-106.26483,31.75394],[-106.26735,31.75393],[-106.26751,31.74838],[-106.26744,31.74104],[-106.26704,31.74053],[-106.25901,31.74058],[-106.25876,31.74056],[-106.25066,31.74059],[-106.25049,31.74123],[-106.25045,31.73921],[-106.25039,31.73535],[-106.24809,31.73535],[-106.24702,31.73174],[-106.24914,31.73264],[-106.25035,31.73173],[-106.25031,31.7275],[-106.25692,31.72754],[-106.25691,31.72625],[-106.26149,31.72623],[-106.26148,31.72971],[-106.26522,31.72972],[-106.26516,31.72621],[-106.26686,31.72618],[-106.26746,31.72617],[-106.26738,31.72136],[-106.2673,31.71723],[-106.26294,31.7172],[-106.26292,31.71185],[-106.26722,31.71185],[-106.26719,31.70885],[-106.267,31.70142],[-106.26728,31.69736],[-106.27896,31.69726],[-106.27139,31.69008],[-106.27318,31.68973],[-106.28174,31.68715],[-106.28994,31.67828],[-106.29086,31.67753],[-106.29158,31.6775],[-106.29209,31.67693],[-106.29196,31.67693],[-106.29168,31.67665],[-106.29736,31.67007],[-106.29767,31.6697],[-106.30119,31.66685],[-106.29951,31.66497],[-106.30155,31.66374],[-106.30215,31.66272],[-106.30219,31.66266],[-106.30231,31.66266],[-106.30327,31.66261],[-106.30311,31.66198],[-106.30589,31.66324],[-106.306,31.6633],[-106.30665,31.66277],[-106.30668,31.66273],[-106.30984,31.66057],[-106.31017,31.65988],[-106.31148,31.65717],[-106.31146,31.65605],[-106.30994,31.65595],[-106.30906,31.65399],[-106.30973,31.65241],[-106.30752,31.65113],[-106.30657,31.64941],[-106.30747,31.64886],[-106.3009,31.6414],[-106.2996,31.6419],[-106.2992,31.64103],[-106.29869,31.64019],[-106.29781,31.63874],[-106.29203,31.62926],[-106.29269,31.62845],[-106.2918,31.62652],[-106.29647,31.62445],[-106.29704,31.62541],[-106.30245,31.623],[-106.3036,31.62247],[-106.30361,31.62249],[-106.30763,31.62895],[-106.3081,31.62971],[-106.31206,31.63461],[-106.32014,31.64462],[-106.32514,31.65081],[-106.32725,31.65438],[-106.33025,31.65828],[-106.33474,31.66411],[-106.33796,31.67121],[-106.34698,31.69108],[-106.34954,31.69671],[-106.35701,31.70219],[-106.3683,31.70952],[-106.37014,31.71071],[-106.37237,31.71257],[-106.37384,31.71481],[-106.37804,31.72831],[-106.37937,31.73026],[-106.38104,31.73211],[-106.38582,31.73469],[-106.3946,31.73942],[-106.40417,31.74458],[-106.41794,31.75201],[-106.42185,31.75293],[-106.42197,31.75294],[-106.43154,31.75421],[-106.43548,31.75519],[-106.43843,31.75676],[-106.44465,31.76048],[-106.45106,31.76432],[-106.45156,31.76435],[-106.45334,31.76446],[-106.45529,31.76408],[-106.46691,31.75957],[-106.4685,31.75825],[-106.4702,31.75378],[-106.47099,31.75221],[-106.47249,31.75085],[-106.47332,31.75065],[-106.47554,31.75011],[-106.48271,31.7483],[-106.48464,31.74781],[-106.48686,31.74772],[-106.48954,31.74841],[-106.49468,31.7518],[-106.49648,31.75384],[-106.50009,31.75553],[-106.50139,31.75704],[-106.50348,31.75817],[-106.50582,31.76047],[-106.50733,31.76119],[-106.51006,31.76126],[-106.51074,31.76264],[-106.51104,31.76325],[-106.51192,31.76738],[-106.51249,31.76904],[-106.51369,31.77071],[-106.51487,31.77159],[-106.51627,31.77163],[-106.51784,31.77181],[-106.52364,31.77621],[-106.52518,31.77844],[-106.52864,31.78181],[-106.52864,31.78231],[-106.52854,31.78257],[-106.52824,31.78315],[-106.52804,31.78398],[-106.52812,31.78498],[-106.528,31.78694],[-106.52762,31.78912],[-106.52774,31.78976],[-106.52794,31.79051],[-106.53051,31.7921],[-106.53248,31.79191],[-106.533,31.79183],[-106.53304,31.79191],[-106.53474,31.79611],[-106.53515,31.79709],[-106.53534,31.79751],[-106.53584,31.79861],[-106.5421,31.80215],[-106.54214,31.80211],[-106.54471,31.80429],[-106.54534,31.80501],[-106.54658,31.80658],[-106.54714,31.8073],[-106.54853,31.80769],[-106.55083,31.80832],[-106.55844,31.81041],[-106.56294,31.8111],[-106.56344,31.81261],[-106.56684,31.81331],[-106.56901,31.81167],[-106.57094,31.81021],[-106.57724,31.81041],[-106.58134,31.81391],[-106.58214,31.81551],[-106.58804,31.82211],[-106.58904,31.82271],[-106.59013,31.8232],[-106.59383,31.8249],[-106.60123,31.825],[-106.60273,31.82502],[-106.60527,31.82791],[-106.60342,31.8344],[-106.60194,31.8396],[-106.60204,31.8444],[-106.60524,31.8459],[-106.60575,31.84624],[-106.60584,31.84631],[-106.61281,31.84645],[-106.61464,31.84649],[-106.62186,31.85285],[-106.62576,31.85628],[-106.62781,31.86059],[-106.6297,31.86191],[-106.63355,31.86458],[-106.63593,31.86623],[-106.63588,31.87151],[-106.63487,31.87448]],[[-106.49034,31.8693],[-106.49033,31.86851],[-106.45656,31.86932],[-106.4502,31.86948],[-106.44145,31.86969],[-106.44135,31.87336],[-106.44192,31.89827],[-106.44266,31.9277],[-106.47544,31.92736],[-106.47524,31.91292],[-106.49113,31.91278],[-106.4906,31.88361],[-106.49034,31.8693]],[[-106.4409,31.80118],[-106.44072,31.80099],[-106.44026,31.80091],[-106.43902,31.80126],[-106.43883,31.80125],[-106.43609,31.80126],[-106.4313,31.79702],[-106.43069,31.79701],[-106.43071,31.79495],[-106.42616,31.79245],[-106.42007,31.7891],[-106.41645,31.78912],[-106.41531,31.78917],[-106.41667,31.79119],[-106.40968,31.79115],[-106.40965,31.79301],[-106.40484,31.79152],[-106.40418,31.79463],[-106.40425,31.79487],[-106.40439,31.79807],[-106.40451,31.81986],[-106.40464,31.82498],[-106.40514,31.82543],[-106.40648,31.82601],[-106.40725,31.82626],[-106.40905,31.82632],[-106.42192,31.82622],[-106.428,31.82611],[-106.43505,31.8256],[-106.43911,31.81906],[-106.43984,31.81735],[-106.44058,31.81483],[-106.43946,31.81357],[-106.43936,31.81261],[-106.43932,31.81261],[-106.43865,31.81244],[-106.43925,31.81226],[-106.44069,31.81045],[-106.44143,31.80534],[-106.44092,31.80131],[-106.4409,31.80118]],[[-106.26317,31.73339],[-106.26322,31.73697],[-106.26535,31.73695],[-106.26529,31.73337],[-106.26317,31.73339]],[[-106.25725,31.79797],[-106.25267,31.79803],[-106.25107,31.79802],[-106.25115,31.80392],[-106.2499,31.80664],[-106.25118,31.80854],[-106.25281,31.80833],[-106.2584,31.80759],[-106.25826,31.79799],[-106.25725,31.79797]],[[-106.25124,31.7761],[-106.23385,31.77619],[-106.23393,31.77942],[-106.24673,31.77934],[-106.24941,31.77825],[-106.24996,31.77855],[-106.25188,31.77676],[-106.25126,31.77704],[-106.25124,31.7761]],[[-106.23981,31.788],[-106.24264,31.788],[-106.24631,31.78455],[-106.2436,31.78447],[-106.23981,31.788]],[[-106.23569,31.78223],[-106.23572,31.78374],[-106.23912,31.78374],[-106.23911,31.78231],[-106.23569,31.78223]]]}},{"type":"Feature","properties":{"name":"SWART Dial-a-Ride","boundary_type":"counties","source":"Census TIGER county","fidelity":"exact","updated":"2026-09","units":"Dimmit County; Edwards County; Kinney County; La Salle County; Maverick County; Real County; Uvalde County; Zavala County","note":"Southwest Area Regional Transit District serves 8 named counties in South Texas","confidence":1.0},"geometry":{"type":"Polygon","coordinates":[[[-99.17907,28.64412],[-99.17715,28.64417],[-99.1619,28.64422],[-99.16125,28.64419],[-99.11735,28.64461],[-99.0538,28.64515],[-98.80084,28.64749],[-98.80085,28.64731],[-98.80164,28.62529],[-98.80072,28.47287],[-98.80093,28.4443],[-98.80121,28.25027],[-98.80051,28.23832],[-98.80251,28.10305],[-98.80332,28.05748],[-98.95801,28.05153],[-98.95869,28.05138],[-98.96627,28.0514],[-99.35616,28.03196],[-99.37444,28.03105],[-99.37878,28.031],[-99.38895,28.03042],[-99.39363,28.18107],[-99.39372,28.1887],[-99.39418,28.20463],[-99.87474,28.19982],[-99.87533,28.20007],[-99.99159,28.19882],[-100.11372,28.19782],[-100.21217,28.19684],[-100.21362,28.20472],[-100.21345,28.20752],[-100.21345,28.21042],[-100.21438,28.21244],[-100.2162,28.22147],[-100.21756,28.22693],[-100.22028,28.23221],[-100.22363,28.23522],[-100.22757,28.23586],[-100.23223,28.23606],[-100.23487,28.23531],[-100.23992,28.23494],[-100.2462,28.23409],[-100.25163,28.23618],[-100.25779,28.24034],[-100.26079,28.24463],[-100.2676,28.25027],[-100.27763,28.26245],[-100.28052,28.26797],[-100.28298,28.27044],[-100.2854,28.27192],[-100.28938,28.27349],[-100.2914,28.2754],[-100.29347,28.27848],[-100.29429,28.281],[-100.2943,28.28438],[-100.28755,28.30109],[-100.28609,28.30855],[-100.28647,28.3123],[-100.28864,28.31698],[-100.29484,28.32321],[-100.30415,28.33439],[-100.30937,28.33855],[-100.30984,28.34156],[-100.31067,28.34347],[-100.31314,28.34479],[-100.3142,28.34586],[-100.31602,28.34996],[-100.31725,28.35738],[-100.32039,28.36212],[-100.32935,28.37233],[-100.33094,28.37333],[-100.33195,28.37537],[-100.34187,28.38495],[-100.3444,28.38966],[-100.3468,28.39575],[-100.34812,28.39805],[-100.34959,28.4026],[-100.34933,28.40389],[-100.34699,28.40723],[-100.34525,28.40789],[-100.34394,28.41012],[-100.33706,28.42715],[-100.33619,28.43018],[-100.3376,28.43798],[-100.3378,28.44296],[-100.33921,28.44596],[-100.34153,28.44957],[-100.34842,28.45605],[-100.35079,28.45925],[-100.3575,28.46364],[-100.36272,28.46995],[-100.36755,28.4748],[-100.36829,28.4772],[-100.36811,28.479],[-100.36598,28.48112],[-100.36189,28.4823],[-100.35717,28.48209],[-100.35223,28.48264],[-100.34418,28.48625],[-100.33714,28.49173],[-100.33519,28.49462],[-100.33391,28.49734],[-100.33381,28.49925],[-100.33489,28.50032],[-100.33852,28.50183],[-100.34443,28.50335],[-100.35077,28.50412],[-100.35604,28.50487],[-100.35971,28.50729],[-100.36215,28.5084],[-100.37696,28.51202],[-100.37908,28.51164],[-100.38696,28.51402],[-100.38886,28.51575],[-100.39499,28.52836],[-100.39717,28.53013],[-100.39893,28.53048],[-100.40049,28.53131],[-100.40506,28.53578],[-100.40966,28.54513],[-100.41141,28.5519],[-100.40854,28.55761],[-100.40491,28.5607],[-100.40433,28.56378],[-100.39727,28.57564],[-100.3968,28.5804],[-100.39838,28.58488],[-100.4004,28.58689],[-100.40245,28.58752],[-100.40621,28.58867],[-100.40922,28.58904],[-100.41939,28.59343],[-100.42317,28.59424],[-100.42986,28.59644],[-100.43189,28.59754],[-100.43208,28.599],[-100.4333,28.60458],[-100.43362,28.60612],[-100.43533,28.60699],[-100.44127,28.6076],[-100.44497,28.60781],[-100.44527,28.60799],[-100.44547,28.60813],[-100.44732,28.60932],[-100.44865,28.61677],[-100.44737,28.6229],[-100.44698,28.63321],[-100.44553,28.63714],[-100.44608,28.63891],[-100.44575,28.64063],[-100.44709,28.6422],[-100.44764,28.64234],[-100.45031,28.64302],[-100.45745,28.64188],[-100.46053,28.64103],[-100.46287,28.64136],[-100.47449,28.64707],[-100.47945,28.65494],[-100.47964,28.65523],[-100.48329,28.65565],[-100.48579,28.65682],[-100.48926,28.658],[-100.49151,28.65767],[-100.49586,28.65857],[-100.49811,28.6596],[-100.50035,28.66196],[-100.50145,28.66619],[-100.50245,28.66905],[-100.50354,28.67214],[-100.51005,28.69072],[-100.51049,28.69635],[-100.51079,28.70039],[-100.512,28.70535],[-100.51211,28.70745],[-100.5103,28.70901],[-100.50907,28.71106],[-100.50866,28.71174],[-100.508,28.71285],[-100.5067,28.71674],[-100.50725,28.71886],[-100.50779,28.7209],[-100.5077,28.72554],[-100.50679,28.73202],[-100.50737,28.73803],[-100.50761,28.7406],[-100.50772,28.74066],[-100.50915,28.74143],[-100.51238,28.74156],[-100.51424,28.7421],[-100.51533,28.74337],[-100.51554,28.74494],[-100.5144,28.75025],[-100.51587,28.75292],[-100.51923,28.75616],[-100.52157,28.75764],[-100.52386,28.75746],[-100.52722,28.75617],[-100.52941,28.75642],[-100.53219,28.75716],[-100.53341,28.75921],[-100.53302,28.76328],[-100.53045,28.76681],[-100.53,28.76871],[-100.53033,28.77129],[-100.53178,28.77357],[-100.53644,28.77762],[-100.53777,28.78078],[-100.53764,28.78288],[-100.53694,28.78429],[-100.53381,28.78737],[-100.53243,28.79106],[-100.53366,28.80027],[-100.53583,28.80589],[-100.54045,28.80744],[-100.54217,28.80847],[-100.54548,28.81264],[-100.54605,28.81487],[-100.54548,28.81995],[-100.54732,28.82582],[-100.54813,28.82615],[-100.55313,28.82825],[-100.56144,28.82917],[-100.56395,28.8289],[-100.56764,28.82759],[-100.57051,28.82632],[-100.57275,28.8271],[-100.5747,28.82879],[-100.57685,28.83617],[-100.57299,28.84846],[-100.5805,28.85601],[-100.58819,28.86024],[-100.59104,28.86305],[-100.59134,28.86526],[-100.5908,28.87057],[-100.59053,28.87238],[-100.59203,28.87323],[-100.59755,28.87381],[-100.59868,28.87525],[-100.5985,28.87909],[-100.59612,28.88158],[-100.59031,28.88387],[-100.58949,28.8858],[-100.59118,28.88892],[-100.59287,28.88936],[-100.59429,28.88883],[-100.59729,28.88781],[-100.59987,28.88647],[-100.60217,28.88662],[-100.60384,28.88839],[-100.60357,28.89076],[-100.60256,28.89532],[-100.6013,28.89909],[-100.60077,28.90076],[-100.60205,28.90194],[-100.60744,28.90233],[-100.61356,28.90148],[-100.61614,28.90392],[-100.61702,28.90707],[-100.61822,28.90852],[-100.61997,28.90911],[-100.62348,28.9096],[-100.6249,28.90827],[-100.62493,28.90573],[-100.62721,28.90373],[-100.63161,28.90284],[-100.63328,28.90458],[-100.63376,28.90604],[-100.63469,28.90871],[-100.63626,28.91103],[-100.63728,28.91183],[-100.63927,28.91228],[-100.64057,28.91421],[-100.64067,28.91525],[-100.63917,28.91629],[-100.63601,28.91657],[-100.63237,28.91635],[-100.62999,28.91828],[-100.62971,28.92115],[-100.63072,28.92401],[-100.63274,28.92515],[-100.63567,28.92586],[-100.63886,28.92762],[-100.64169,28.93205],[-100.64298,28.93558],[-100.64436,28.93827],[-100.64584,28.93987],[-100.64882,28.94103],[-100.65066,28.94198],[-100.65151,28.94343],[-100.65103,28.94689],[-100.64891,28.95263],[-100.64738,28.9552],[-100.64699,28.95708],[-100.6474,28.95889],[-100.64828,28.96066],[-100.64951,28.96116],[-100.65032,28.96199],[-100.64991,28.96322],[-100.64816,28.9655],[-100.64664,28.96693],[-100.64638,28.97072],[-100.64784,28.9737],[-100.64865,28.97742],[-100.64827,28.98287],[-100.64729,28.9853],[-100.64589,28.98642],[-100.6469,28.99178],[-100.64783,28.99293],[-100.64914,28.99647],[-100.64893,28.9987],[-100.64876,29.00059],[-100.65095,29.00825],[-100.65376,29.01536],[-100.65611,29.01722],[-100.66021,29.0315],[-100.66035,29.03585],[-100.66146,29.03837],[-100.66321,29.04804],[-100.66251,29.05811],[-100.66402,29.07416],[-100.66587,29.07678],[-100.66685,29.0826],[-100.66752,29.08429],[-100.66984,29.09011],[-100.67466,29.09978],[-100.68053,29.10701],[-100.68447,29.11066],[-100.69233,29.11523],[-100.70997,29.11968],[-100.72746,29.12912],[-100.72905,29.13147],[-100.73779,29.13908],[-100.73912,29.14166],[-100.73771,29.14549],[-100.73759,29.14741],[-100.73802,29.14881],[-100.73968,29.15049],[-100.74614,29.15415],[-100.75657,29.15603],[-100.75973,29.15715],[-100.76285,29.15968],[-100.76363,29.16126],[-100.7636,29.16473],[-100.76611,29.16636],[-100.76863,29.16599],[-100.77265,29.16849],[-100.7759,29.17334],[-100.7749,29.17527],[-100.77297,29.17672],[-100.76877,29.18154],[-100.76603,29.18585],[-100.76589,29.18852],[-100.76612,29.1913],[-100.76706,29.19529],[-100.76934,29.19891],[-100.77293,29.19966],[-100.77529,29.1997],[-100.77625,29.20093],[-100.77702,29.20433],[-100.77594,29.20695],[-100.77454,29.20973],[-100.77504,29.21164],[-100.77709,29.21351],[-100.77966,29.21863],[-100.7812,29.21972],[-100.78308,29.22445],[-100.7845,29.22688],[-100.78633,29.2285],[-100.79137,29.22594],[-100.79368,29.22647],[-100.79568,29.22773],[-100.79675,29.23096],[-100.79705,29.23559],[-100.79564,29.23828],[-100.79475,29.23994],[-100.79486,29.2416],[-100.79416,29.24176],[-100.79126,29.24415],[-100.7859,29.24626],[-100.78135,29.24609],[-100.77893,29.24663],[-100.776,29.24559],[-100.77465,29.24593],[-100.77338,29.24471],[-100.77095,29.24369],[-100.76893,29.24156],[-100.76622,29.23925],[-100.76284,29.23777],[-100.76099,29.23758],[-100.75782,29.23832],[-100.75742,29.2417],[-100.75939,29.24509],[-100.76203,29.24696],[-100.76289,29.24857],[-100.76232,29.2513],[-100.76088,29.25301],[-100.75792,29.25509],[-100.7564,29.25577],[-100.75511,29.25607],[-100.75316,29.25498],[-100.75026,29.25415],[-100.7477,29.254],[-100.74556,29.25481],[-100.74531,29.2649],[-100.74245,29.2695],[-100.74354,29.27259],[-100.74275,29.27391],[-100.74255,29.27683],[-100.74306,29.27752],[-100.74269,29.27921],[-100.73968,29.28014],[-100.7383,29.28211],[-100.73848,29.28574],[-100.73907,29.2904],[-100.74049,29.29117],[-100.74118,29.29239],[-100.74495,29.29491],[-100.74477,29.29641],[-100.74533,29.29841],[-100.74703,29.29998],[-100.74836,29.30295],[-100.74859,29.305],[-100.74736,29.30862],[-100.74505,29.31172],[-100.74369,29.31443],[-100.74348,29.31668],[-100.74442,29.31885],[-100.74635,29.32143],[-100.74655,29.3257],[-100.74509,29.32805],[-100.74199,29.32985],[-100.74155,29.32923],[-100.73814,29.32953],[-100.73566,29.32936],[-100.73078,29.33066],[-100.73036,29.33141],[-100.72775,29.33171],[-100.72289,29.33449],[-100.71982,29.33512],[-100.71794,29.33459],[-100.71523,29.33588],[-100.71219,29.33788],[-100.71152,29.34193],[-100.71007,29.34671],[-100.71073,29.34784],[-100.71062,29.35239],[-100.70847,29.35459],[-100.70919,29.35749],[-100.70873,29.35915],[-100.70769,29.36009],[-100.70631,29.36391],[-100.70878,29.36652],[-100.70901,29.36753],[-100.71064,29.36978],[-100.71047,29.37308],[-100.70833,29.37322],[-100.70729,29.37459],[-100.70786,29.3754],[-100.70778,29.37778],[-100.70718,29.37949],[-100.70665,29.3836],[-100.70691,29.3856],[-100.70801,29.38707],[-100.70756,29.39015],[-100.70701,29.39266],[-100.70691,29.39731],[-100.70606,29.40148],[-100.70363,29.40349],[-100.70151,29.40575],[-100.70171,29.40987],[-100.70117,29.41314],[-100.70134,29.41427],[-100.70013,29.41574],[-100.6999,29.41704],[-100.69914,29.41975],[-100.69999,29.50379],[-100.69993,29.6239],[-100.70005,29.62523],[-100.69974,29.76554],[-100.69991,29.84431],[-100.70039,30.28828],[-100.6454,30.28817],[-100.11646,30.2903],[-99.95977,30.29018],[-99.95841,30.28999],[-99.94285,30.29007],[-99.93673,30.29043],[-99.9149,30.29029],[-99.91096,30.29041],[-99.87535,30.29023],[-99.75414,30.2907],[-99.75762,30.07413],[-99.68988,30.07395],[-99.68991,30.06909],[-99.69121,29.90858],[-99.60278,29.90768],[-99.60302,29.75597],[-99.60332,29.74026],[-99.60313,29.62718],[-99.53461,29.6275],[-99.49046,29.62769],[-99.4295,29.62754],[-99.41182,29.62751],[-99.41223,29.56128],[-99.41259,29.50349],[-99.41291,29.50023],[-99.41237,29.48412],[-99.41254,29.47243],[-99.41238,29.46812],[-99.41262,29.46037],[-99.41226,29.34495],[-99.41236,29.3426],[-99.41244,29.31368],[-99.4131,29.12524],[-99.41344,29.1206],[-99.41386,29.0931],[-99.41388,29.09134],[-99.41338,29.03308],[-99.41234,28.9206],[-99.41198,28.88333],[-99.41173,28.83802],[-99.4116,28.81923],[-99.40968,28.71627],[-99.40968,28.7121],[-99.40976,28.70764],[-99.40937,28.70352],[-99.40902,28.64057],[-99.39574,28.64078],[-99.21456,28.64407],[-99.21368,28.64389],[-99.20587,28.64411],[-99.17907,28.64412]]]}},{"type":"Feature","properties":{"name":"The HOP Microtransit (Hill Country Transit District)","boundary_type":"places","source":"Census TIGER place","fidelity":"exact","updated":"2026-09","units":"Belton city; Cameron city; Copperas Cove city; Gatesville city; Harker Heights city; Killeen city; Lampasas city; Salado village; Temple city","note":"9 microtransit zones spanning Bell, Coryell, and Milam counties.","confidence":0.95},"geometry":{"type":"MultiPolygon","coordinates":[[[[-97.65294,30.97811],[-97.65548,30.97816],[-97.6558,30.97983],[-97.65111,30.9808],[-97.64821,30.98266],[-97.64729,30.97998],[-97.65054,30.97868],[-97.65294,30.97811]]],[[[-97.64232,30.98469],[-97.64048,30.97909],[-97.64443,30.97784],[-97.64614,30.98346],[-97.64232,30.98469]]],[[[-97.66461,31.01218],[-97.66099,31.01007],[-97.66014,31.00857],[-97.65637,30.99972],[-97.6545,30.99504],[-97.65236,30.9949],[-97.65077,30.99427],[-97.64803,30.99451],[-97.64801,30.99477],[-97.64753,31.00069],[-97.64679,31.00312],[-97.64604,31.00558],[-97.64429,31.00831],[-97.64205,31.00942],[-97.63807,31.0098],[-97.63597,31.00833],[-97.63093,31.00726],[-97.62921,31.00872],[-97.62646,31.00921],[-97.61918,31.00456],[-97.61868,31.00351],[-97.61558,31.00361],[-97.60714,31.00307],[-97.60481,31.00691],[-97.60142,31.00772],[-97.5967,31.00771],[-97.5923,31.00531],[-97.59388,31.00213],[-97.59874,31.00504],[-97.60069,31.00436],[-97.60139,31.00248],[-97.60281,31.00132],[-97.60661,31.0002],[-97.61628,31.00086],[-97.61962,31.00026],[-97.62059,31.00238],[-97.62183,31.002],[-97.62725,31.00607],[-97.62818,31.00576],[-97.62939,31.00343],[-97.63312,31.00447],[-97.63192,31.00143],[-97.63341,30.9993],[-97.63327,30.99792],[-97.63657,30.99691],[-97.63667,31.00008],[-97.63786,31.00068],[-97.63858,31.0047],[-97.63955,31.00442],[-97.64022,31.00594],[-97.64135,31.00552],[-97.64327,31.00352],[-97.6419,31.00129],[-97.64331,31.00039],[-97.64232,30.99853],[-97.64375,30.9971],[-97.64242,30.99327],[-97.64346,30.993],[-97.64455,30.99433],[-97.64788,30.99279],[-97.65079,30.99268],[-97.65251,30.99021],[-97.65521,30.99304],[-97.65705,30.99125],[-97.65755,30.99336],[-97.66026,30.99326],[-97.66107,30.98854],[-97.66471,30.98726],[-97.66855,30.99671],[-97.666,30.99912],[-97.66784,31.00099],[-97.66662,31.00282],[-97.66384,31.00175],[-97.66162,31.00362],[-97.66266,31.0051],[-97.66151,31.00633],[-97.6632,31.00767],[-97.6665,31.00656],[-97.66743,31.00879],[-97.66835,31.00892],[-97.66932,31.01132],[-97.67257,31.01028],[-97.67355,31.01228],[-97.67064,31.01449],[-97.66885,31.01276],[-97.66865,31.01108],[-97.66567,31.01107],[-97.66461,31.01218]]],[[[-97.81444,31.07908],[-97.81529,31.07949],[-97.82133,31.08115],[-97.82351,31.08167],[-97.82347,31.08181],[-97.81839,31.09509],[-97.81363,31.09374],[-97.81154,31.09919],[-97.8128,31.09956],[-97.81028,31.1032],[-97.80565,31.10186],[-97.80471,31.10431],[-97.80225,31.11081],[-97.80424,31.11138],[-97.80425,31.11275],[-97.80321,31.11245],[-97.80164,31.11533],[-97.79921,31.11463],[-97.79837,31.11629],[-97.79761,31.11593],[-97.79114,31.11409],[-97.78419,31.1121],[-97.78415,31.11219],[-97.78108,31.11131],[-97.78001,31.11219],[-97.77889,31.11551],[-97.77583,31.11519],[-97.77516,31.11689],[-97.76315,31.11333],[-97.76225,31.11365],[-97.76211,31.11355],[-97.76173,31.11388],[-97.76179,31.11393],[-97.76086,31.11467],[-97.75993,31.11361],[-97.75833,31.11317],[-97.7503,31.11086],[-97.75015,31.11114],[-97.749,31.11401],[-97.74611,31.11326],[-97.74507,31.11597],[-97.74376,31.11944],[-97.74325,31.12079],[-97.74291,31.12125],[-97.73971,31.12972],[-97.73763,31.12919],[-97.73658,31.132],[-97.73688,31.13208],[-97.73618,31.13395],[-97.73549,31.13581],[-97.73272,31.1349],[-97.72924,31.13391],[-97.72096,31.13177],[-97.71411,31.12983],[-97.70738,31.12792],[-97.70675,31.12958],[-97.70615,31.13107],[-97.70601,31.13182],[-97.70367,31.13786],[-97.70293,31.13961],[-97.69885,31.13853],[-97.69791,31.14102],[-97.68931,31.13837],[-97.68049,31.13574],[-97.68033,31.13569],[-97.67354,31.13367],[-97.67166,31.13305],[-97.66766,31.1305],[-97.66515,31.12777],[-97.66389,31.1274],[-97.66357,31.12702],[-97.65395,31.12425],[-97.65541,31.12054],[-97.65505,31.1203],[-97.65756,31.11338],[-97.65128,31.11164],[-97.65746,31.09501],[-97.64186,31.08949],[-97.64201,31.08944],[-97.64173,31.08492],[-97.64479,31.08529],[-97.64498,31.08358],[-97.6425,31.08257],[-97.64184,31.08241],[-97.6398,31.08188],[-97.63773,31.08121],[-97.63593,31.07917],[-97.63091,31.07761],[-97.62346,31.07538],[-97.62513,31.07095],[-97.62546,31.06891],[-97.62865,31.06036],[-97.61732,31.05724],[-97.61666,31.05516],[-97.61408,31.0547],[-97.61222,31.05877],[-97.61003,31.0569],[-97.6059,31.05528],[-97.60599,31.05468],[-97.60077,31.05551],[-97.5959,31.05796],[-97.5941,31.0577],[-97.59017,31.05592],[-97.58868,31.05524],[-97.5886,31.05521],[-97.59055,31.05001],[-97.58883,31.04953],[-97.59126,31.04275],[-97.59113,31.04057],[-97.59188,31.03797],[-97.60011,31.04457],[-97.60257,31.03704],[-97.60487,31.03902],[-97.60765,31.03626],[-97.60505,31.03298],[-97.61231,31.03105],[-97.61643,31.03087],[-97.6185,31.03151],[-97.62354,31.03444],[-97.62619,31.03489],[-97.62883,31.03345],[-97.6319,31.03961],[-97.63297,31.03689],[-97.6338,31.03715],[-97.63252,31.03344],[-97.63413,31.03397],[-97.6346,31.03279],[-97.63657,31.0328],[-97.63052,31.02676],[-97.63315,31.027],[-97.63431,31.02606],[-97.63724,31.02619],[-97.63864,31.02279],[-97.63592,31.02042],[-97.63612,31.01781],[-97.63748,31.01815],[-97.63895,31.01738],[-97.63977,31.01817],[-97.63924,31.02024],[-97.64096,31.02351],[-97.64374,31.02263],[-97.64277,31.02117],[-97.64356,31.01879],[-97.64657,31.01846],[-97.64796,31.02163],[-97.64941,31.02117],[-97.65074,31.02354],[-97.65162,31.02169],[-97.65367,31.02132],[-97.65581,31.01803],[-97.65609,31.01679],[-97.65596,31.0145],[-97.65504,31.01279],[-97.65557,31.01289],[-97.66233,31.01598],[-97.66094,31.0138],[-97.66115,31.01373],[-97.66478,31.01538],[-97.66198,31.02027],[-97.66342,31.02069],[-97.66906,31.0191],[-97.66983,31.02678],[-97.67176,31.0272],[-97.67495,31.03117],[-97.67559,31.03379],[-97.6912,31.02898],[-97.68381,31.03137],[-97.68474,31.03359],[-97.69228,31.03116],[-97.6953,31.0384],[-97.70826,31.03452],[-97.70781,31.03334],[-97.71444,31.03145],[-97.71552,31.03405],[-97.7165,31.03463],[-97.71957,31.03375],[-97.73404,31.02941],[-97.7443,31.02622],[-97.75371,31.02338],[-97.75097,31.01644],[-97.74237,31.01897],[-97.73958,31.01221],[-97.73845,31.01258],[-97.73757,31.01286],[-97.73399,31.01402],[-97.73161,31.01479],[-97.72866,31.00788],[-97.7291,31.00774],[-97.73722,31.00523],[-97.74387,31.00907],[-97.74673,31.00796],[-97.7495,31.01478],[-97.75133,31.01424],[-97.75074,31.01115],[-97.75072,31.00837],[-97.75169,31.00842],[-97.75201,31.00547],[-97.75329,31.00352],[-97.75965,30.99609],[-97.76226,30.99211],[-97.76472,30.98894],[-97.76571,30.98947],[-97.7668,30.9879],[-97.76636,30.98651],[-97.77117,30.97843],[-97.77131,30.97833],[-97.7744,30.97543],[-97.77516,30.97507],[-97.77671,30.97206],[-97.7781,30.96901],[-97.77869,30.96341],[-97.77992,30.96058],[-97.78343,30.95659],[-97.78475,30.95403],[-97.78749,30.95434],[-97.78684,30.95635],[-97.78514,30.95912],[-97.78263,30.96204],[-97.78167,30.96468],[-97.78152,30.96729],[-97.78062,30.96721],[-97.78082,30.96978],[-97.77947,30.97235],[-97.77877,30.97252],[-97.77988,30.97361],[-97.77797,30.97417],[-97.77616,30.97696],[-97.77677,30.97738],[-97.77446,30.97929],[-97.773,30.98114],[-97.76953,30.98727],[-97.76343,30.99597],[-97.76221,30.99535],[-97.76145,30.99651],[-97.76237,30.99699],[-97.76154,30.99858],[-97.75578,31.00517],[-97.75415,31.00567],[-97.75393,31.00708],[-97.75591,31.00784],[-97.75783,31.00727],[-97.75872,31.00852],[-97.75685,31.00874],[-97.75791,31.00954],[-97.75611,31.00993],[-97.75255,31.01164],[-97.75286,31.01317],[-97.75424,31.01336],[-97.75961,31.01173],[-97.76085,31.01466],[-97.75373,31.01677],[-97.75499,31.01775],[-97.75784,31.01688],[-97.75751,31.01838],[-97.75879,31.02036],[-97.75541,31.02129],[-97.7552,31.02294],[-97.76384,31.02032],[-97.76996,31.03627],[-97.76517,31.03772],[-97.76711,31.04032],[-97.76885,31.04003],[-97.78037,31.04829],[-97.78055,31.05372],[-97.78726,31.05348],[-97.79496,31.05501],[-97.79675,31.05561],[-97.80277,31.0567],[-97.80707,31.05614],[-97.81216,31.05632],[-97.81209,31.05393],[-97.81787,31.05354],[-97.81913,31.05347],[-97.81942,31.05712],[-97.82066,31.05689],[-97.82387,31.0634],[-97.81861,31.0653],[-97.81785,31.06962],[-97.81577,31.07231],[-97.81677,31.07381],[-97.81444,31.07908]],[[-97.66998,31.03905],[-97.6682,31.03603],[-97.66689,31.03532],[-97.66732,31.03642],[-97.66526,31.03701],[-97.66557,31.03816],[-97.6664,31.03907],[-97.66714,31.0423],[-97.66913,31.04686],[-97.67146,31.04614],[-97.67298,31.04567],[-97.67146,31.04207],[-97.6711,31.04119],[-97.66998,31.03905]],[[-97.66818,31.03355],[-97.66906,31.03575],[-97.67325,31.03449],[-97.67079,31.02927],[-97.66848,31.03083],[-97.66603,31.0342],[-97.66366,31.02786],[-97.66041,31.02889],[-97.65867,31.02939],[-97.658,31.02741],[-97.65889,31.02586],[-97.66079,31.02444],[-97.65708,31.02107],[-97.65631,31.02244],[-97.65355,31.02371],[-97.65629,31.03086],[-97.65796,31.0341],[-97.659,31.03711],[-97.66063,31.03671],[-97.66108,31.03639],[-97.66497,31.0351],[-97.66681,31.03512],[-97.66841,31.03583],[-97.6675,31.03376],[-97.66818,31.03355]],[[-97.8017,31.07502],[-97.80509,31.07602],[-97.8075,31.06984],[-97.80142,31.06812],[-97.79282,31.06571],[-97.79094,31.07065],[-97.80217,31.07379],[-97.8017,31.07502]],[[-97.7881,31.07765],[-97.78918,31.07485],[-97.788,31.07453],[-97.78789,31.07518],[-97.78672,31.07592],[-97.78602,31.07704],[-97.7881,31.07765]],[[-97.7812,31.06597],[-97.77765,31.06707],[-97.77626,31.06341],[-97.7755,31.06295],[-97.77548,31.06396],[-97.77679,31.06734],[-97.77401,31.0682],[-97.77316,31.07044],[-97.76994,31.06952],[-97.76799,31.07461],[-97.77162,31.07564],[-97.77726,31.07635],[-97.78255,31.07703],[-97.78774,31.07857],[-97.78795,31.07802],[-97.78803,31.07783],[-97.78515,31.07701],[-97.78245,31.07523],[-97.7837,31.07339],[-97.77888,31.07209],[-97.7812,31.06597]],[[-97.77119,31.07675],[-97.77219,31.07704],[-97.77092,31.08003],[-97.77156,31.08022],[-97.77325,31.07608],[-97.77162,31.07564],[-97.77119,31.07675]],[[-97.60299,31.0497],[-97.60194,31.05283],[-97.6052,31.05391],[-97.60647,31.05056],[-97.60299,31.0497]]],[[[-98.14374,31.06076],[-98.14037,31.05936],[-98.14198,31.05579],[-98.14217,31.04597],[-98.13958,31.04196],[-98.14214,31.0411],[-98.14774,31.05412],[-98.15655,31.05167],[-98.15942,31.05667],[-98.15694,31.05739],[-98.15743,31.05854],[-98.15056,31.0605],[-98.14831,31.05653],[-98.14512,31.0578],[-98.14374,31.06076]]],[[[-98.21024,31.07014],[-98.20876,31.0699],[-98.21012,31.06452],[-98.20411,31.06588],[-98.20445,31.06673],[-98.20563,31.06648],[-98.2069,31.06976],[-98.20641,31.06973],[-98.20767,31.07272],[-98.20124,31.07445],[-98.18684,31.07834],[-98.18738,31.08251],[-98.18771,31.0836],[-98.18862,31.08756],[-98.19124,31.09544],[-98.19519,31.09479],[-98.1957,31.10036],[-98.19721,31.10016],[-98.20258,31.11398],[-98.19906,31.11538],[-98.19527,31.1131],[-98.19568,31.11046],[-98.19543,31.10899],[-98.18845,31.08806],[-98.18759,31.08623],[-98.18613,31.08687],[-98.1858,31.08606],[-98.18734,31.08528],[-98.18611,31.07854],[-98.1756,31.08178],[-98.17752,31.08575],[-98.17495,31.08454],[-98.1734,31.08232],[-98.16775,31.08399],[-98.16684,31.08178],[-98.15981,31.06469],[-98.15861,31.06493],[-98.15692,31.06504],[-98.15676,31.06369],[-98.15861,31.06379],[-98.15739,31.06144],[-98.16111,31.05979],[-98.15942,31.05667],[-98.1647,31.05512],[-98.16544,31.05308],[-98.16905,31.05252],[-98.16864,31.05148],[-98.17021,31.05101],[-98.16897,31.04809],[-98.16749,31.04856],[-98.16627,31.0455],[-98.16224,31.04307],[-98.16062,31.03549],[-98.16503,31.03415],[-98.17069,31.04743],[-98.1736,31.04619],[-98.17604,31.05083],[-98.18146,31.04924],[-98.18118,31.04768],[-98.18017,31.04798],[-98.1794,31.04683],[-98.18093,31.04641],[-98.18034,31.04362],[-98.18048,31.0411],[-98.18151,31.0369],[-98.18661,31.03554],[-98.18881,31.04043],[-98.18193,31.04437],[-98.1816,31.04544],[-98.18354,31.04573],[-98.18353,31.04805],[-98.18494,31.04875],[-98.1908,31.04666],[-98.1981,31.04429],[-98.19729,31.04263],[-98.19829,31.04225],[-98.19899,31.04396],[-98.20279,31.04273],[-98.20384,31.04531],[-98.20004,31.04643],[-98.20183,31.05075],[-98.20676,31.06495],[-98.21042,31.06413],[-98.21448,31.06283],[-98.21931,31.06128],[-98.22336,31.07183],[-98.21822,31.07157],[-98.21931,31.07478],[-98.21536,31.0753],[-98.21359,31.07114],[-98.21024,31.07014]]],[[[-97.9501,31.13228],[-97.9488,31.13669],[-97.94688,31.13897],[-97.93817,31.14532],[-97.93695,31.14595],[-97.93518,31.14638],[-97.93225,31.14607],[-97.93218,31.1465],[-97.93301,31.14707],[-97.93691,31.14649],[-97.93478,31.14855],[-97.93746,31.15061],[-97.93602,31.15058],[-97.93357,31.15269],[-97.93253,31.15172],[-97.93016,31.15088],[-97.93032,31.15053],[-97.92676,31.14952],[-97.92685,31.14797],[-97.92625,31.14935],[-97.9248,31.15023],[-97.92958,31.15159],[-97.92751,31.15679],[-97.92684,31.15853],[-97.92398,31.15773],[-97.92283,31.16071],[-97.9219,31.16044],[-97.9189,31.16822],[-97.92346,31.16951],[-97.9216,31.17448],[-97.91296,31.17222],[-97.91054,31.17094],[-97.91072,31.16993],[-97.91352,31.17061],[-97.91474,31.16702],[-97.91097,31.16598],[-97.911,31.16398],[-97.91062,31.16033],[-97.90969,31.157],[-97.90825,31.15395],[-97.90529,31.14964],[-97.90207,31.14448],[-97.90145,31.13827],[-97.90142,31.13797],[-97.88975,31.13435],[-97.88565,31.13349],[-97.87909,31.13107],[-97.87751,31.13064],[-97.87963,31.12493],[-97.87136,31.12265],[-97.8708,31.12251],[-97.87144,31.12084],[-97.85995,31.12179],[-97.85297,31.1221],[-97.8372,31.12233],[-97.81832,31.12278],[-97.81815,31.12254],[-97.81365,31.12213],[-97.81364,31.12174],[-97.80477,31.12182],[-97.80203,31.12166],[-97.80196,31.11851],[-97.81238,31.11803],[-97.81304,31.1177],[-97.8139,31.1181],[-97.81402,31.12171],[-97.818,31.12194],[-97.81888,31.1219],[-97.83717,31.12143],[-97.84375,31.12123],[-97.8599,31.12075],[-97.86096,31.12023],[-97.86364,31.11759],[-97.8708,31.10735],[-97.87416,31.10561],[-97.87826,31.10485],[-97.87894,31.10293],[-97.87275,31.10115],[-97.87452,31.09661],[-97.87601,31.09575],[-97.87901,31.08914],[-97.87464,31.08762],[-97.87543,31.0856],[-97.87924,31.07583],[-97.87727,31.07023],[-97.87689,31.06844],[-97.87343,31.06513],[-97.87215,31.06543],[-97.86907,31.05928],[-97.87283,31.05817],[-97.8744,31.05987],[-97.87297,31.06025],[-97.87355,31.062],[-97.87519,31.06154],[-97.87702,31.06449],[-97.87974,31.06689],[-97.88211,31.07316],[-97.88313,31.07851],[-97.88166,31.07827],[-97.8796,31.08355],[-97.87863,31.08603],[-97.88016,31.08656],[-97.88497,31.08803],[-97.87997,31.1001],[-97.89671,31.10475],[-97.89744,31.10592],[-97.89496,31.11255],[-97.89745,31.11285],[-97.89696,31.11428],[-97.89717,31.11482],[-97.89915,31.11515],[-97.89929,31.11339],[-97.90074,31.11352],[-97.9008,31.11297],[-97.90196,31.10806],[-97.90097,31.10691],[-97.90181,31.1047],[-97.90274,31.1038],[-97.90458,31.10412],[-97.90471,31.10296],[-97.90311,31.10149],[-97.89952,31.10088],[-97.90086,31.09673],[-97.90204,31.0948],[-97.90059,31.09435],[-97.90146,31.09222],[-97.89868,31.09136],[-97.89979,31.08866],[-97.91039,31.0918],[-97.90993,31.0885],[-97.91135,31.08507],[-97.91709,31.08677],[-97.91864,31.08651],[-97.92759,31.08746],[-97.92917,31.08762],[-97.9269,31.09424],[-97.92931,31.09377],[-97.93933,31.0933],[-97.93848,31.09118],[-97.93962,31.09084],[-97.94057,31.09324],[-97.94168,31.09319],[-97.93899,31.0867],[-97.94685,31.08423],[-97.94721,31.08504],[-97.95512,31.08274],[-97.95497,31.08777],[-97.95376,31.08986],[-97.9553,31.09295],[-97.95669,31.09528],[-97.95494,31.09604],[-97.96017,31.10893],[-97.96622,31.11001],[-97.96042,31.11629],[-97.9578,31.11826],[-97.95352,31.11978],[-97.95079,31.12221],[-97.9502,31.12452],[-97.95035,31.13011],[-97.9501,31.13228]],[[-97.92804,31.10037],[-97.92855,31.10114],[-97.92867,31.10128],[-97.94303,31.10585],[-97.95843,31.10861],[-97.95914,31.10747],[-97.95541,31.09819],[-97.95191,31.09931],[-97.95116,31.09757],[-97.94836,31.0981],[-97.93006,31.09896],[-97.92804,31.10037]],[[-97.91367,31.15815],[-97.91402,31.16123],[-97.91449,31.16118],[-97.91552,31.15856],[-97.9148,31.15838],[-97.91367,31.15815]]],[[[-97.78571,31.43085],[-97.78944,31.43369],[-97.79001,31.43543],[-97.79223,31.43666],[-97.79168,31.43849],[-97.78976,31.43962],[-97.78629,31.44059],[-97.784,31.43506],[-97.78265,31.43442],[-97.78223,31.4388],[-97.77428,31.43646],[-97.76714,31.43755],[-97.76192,31.43762],[-97.75677,31.4374],[-97.75476,31.43673],[-97.75065,31.43695],[-97.74816,31.43874],[-97.74756,31.43952],[-97.7487,31.44157],[-97.7477,31.44445],[-97.74491,31.44417],[-97.74465,31.44578],[-97.74664,31.44694],[-97.74751,31.44891],[-97.74742,31.45127],[-97.74298,31.46251],[-97.74741,31.46382],[-97.74499,31.46688],[-97.74897,31.46797],[-97.74693,31.47293],[-97.75615,31.47551],[-97.75464,31.47832],[-97.73773,31.47359],[-97.73392,31.48336],[-97.7306,31.49182],[-97.7118,31.486],[-97.70816,31.49447],[-97.69374,31.4898],[-97.69554,31.48477],[-97.69622,31.48369],[-97.69942,31.48091],[-97.70209,31.47769],[-97.70252,31.47738],[-97.70801,31.481],[-97.71082,31.47938],[-97.71284,31.48055],[-97.7176,31.4775],[-97.71944,31.47365],[-97.71929,31.47234],[-97.71767,31.47036],[-97.71574,31.46007],[-97.71511,31.45286],[-97.71465,31.45065],[-97.71444,31.44427],[-97.71393,31.44183],[-97.70629,31.43957],[-97.70412,31.43896],[-97.70466,31.43443],[-97.70315,31.43439],[-97.70375,31.43217],[-97.70294,31.43163],[-97.70302,31.42721],[-97.70418,31.42818],[-97.70465,31.43196],[-97.70718,31.43191],[-97.70779,31.42835],[-97.712,31.42834],[-97.71203,31.42396],[-97.71105,31.42395],[-97.71055,31.42088],[-97.7127,31.4209],[-97.71263,31.41961],[-97.71139,31.41805],[-97.712,31.41696],[-97.70841,31.41543],[-97.7086,31.41412],[-97.70637,31.41288],[-97.70558,31.41658],[-97.70489,31.41647],[-97.70318,31.42138],[-97.70126,31.42047],[-97.69951,31.41814],[-97.7014,31.41311],[-97.70379,31.41346],[-97.70451,31.41175],[-97.70603,31.41258],[-97.70977,31.41451],[-97.70883,31.41199],[-97.70759,31.41257],[-97.70856,31.41002],[-97.70622,31.40935],[-97.70658,31.40766],[-97.70794,31.40711],[-97.7069,31.40299],[-97.70561,31.40258],[-97.70625,31.40095],[-97.70231,31.39993],[-97.70288,31.39836],[-97.70626,31.39918],[-97.70394,31.39277],[-97.70152,31.38979],[-97.70294,31.38614],[-97.7035,31.38471],[-97.70603,31.38893],[-97.70827,31.39691],[-97.70977,31.39732],[-97.71016,31.39624],[-97.71325,31.39712],[-97.71378,31.39776],[-97.71317,31.39929],[-97.70928,31.39818],[-97.7113,31.40633],[-97.71281,31.40666],[-97.71244,31.40764],[-97.71337,31.40683],[-97.71972,31.40552],[-97.71881,31.40745],[-97.71953,31.40848],[-97.72142,31.40875],[-97.72567,31.40645],[-97.72682,31.40637],[-97.72832,31.4075],[-97.72904,31.40691],[-97.72997,31.40769],[-97.73569,31.40835],[-97.73535,31.41198],[-97.73441,31.41432],[-97.73289,31.41386],[-97.73253,31.41472],[-97.72902,31.41417],[-97.72752,31.41796],[-97.72747,31.41903],[-97.73053,31.41989],[-97.73014,31.42645],[-97.73326,31.42725],[-97.73477,31.42314],[-97.73461,31.42233],[-97.73845,31.42313],[-97.73914,31.42426],[-97.7459,31.42703],[-97.74672,31.42665],[-97.74949,31.4265],[-97.74678,31.42475],[-97.74889,31.42435],[-97.75302,31.42662],[-97.75473,31.42844],[-97.75492,31.42759],[-97.75658,31.42769],[-97.75963,31.42922],[-97.76133,31.43082],[-97.76165,31.43226],[-97.77224,31.43194],[-97.77368,31.43093],[-97.77521,31.43269],[-97.77713,31.43223],[-97.77924,31.43073],[-97.78214,31.43174],[-97.78378,31.42882],[-97.78544,31.42466],[-97.78903,31.41805],[-97.79561,31.4199],[-97.79573,31.41544],[-97.7974,31.41547],[-97.797,31.42645],[-97.79541,31.4264],[-97.78994,31.425],[-97.78938,31.42629],[-97.78811,31.42595],[-97.78571,31.43085]],[[-97.73957,31.4463],[-97.74108,31.4461],[-97.74108,31.44377],[-97.73788,31.44122],[-97.73257,31.44125],[-97.73255,31.43787],[-97.73072,31.43741],[-97.72701,31.43743],[-97.72588,31.4404],[-97.72643,31.44526],[-97.72998,31.44629],[-97.72908,31.44861],[-97.72759,31.44884],[-97.7249,31.4477],[-97.72564,31.44515],[-97.72512,31.44364],[-97.72454,31.44402],[-97.7207,31.44368],[-97.71524,31.44221],[-97.71523,31.44614],[-97.71595,31.45364],[-97.71766,31.46529],[-97.71968,31.46633],[-97.71919,31.46691],[-97.72235,31.47056],[-97.72958,31.46541],[-97.72523,31.46474],[-97.72764,31.45763],[-97.72974,31.45741],[-97.7308,31.45651],[-97.73395,31.45689],[-97.73287,31.45962],[-97.7326,31.46057],[-97.73173,31.46196],[-97.73221,31.46127],[-97.73322,31.46042],[-97.73487,31.46028],[-97.7389,31.46141],[-97.74139,31.45524],[-97.74077,31.45334],[-97.74464,31.45335],[-97.74566,31.45076],[-97.74422,31.44945],[-97.7447,31.44887],[-97.74206,31.44762],[-97.73952,31.44795],[-97.73957,31.4463]]],[[[-96.99442,30.85974],[-96.98992,30.85837],[-96.98506,30.87089],[-96.98216,30.88088],[-96.98483,30.88158],[-96.98354,30.88491],[-96.98282,30.88472],[-96.98042,30.891],[-96.97647,30.88991],[-96.97246,30.88879],[-96.9741,30.88415],[-96.97245,30.88362],[-96.97233,30.88152],[-96.96759,30.87991],[-96.96967,30.87427],[-96.96881,30.87069],[-96.96312,30.86919],[-96.95825,30.86757],[-96.94895,30.86532],[-96.95064,30.86047],[-96.95325,30.85617],[-96.95886,30.85718],[-96.9608,30.85379],[-96.9611,30.85182],[-96.95908,30.85144],[-96.95644,30.85087],[-96.95516,30.85048],[-96.95815,30.84469],[-96.96506,30.84719],[-96.96641,30.84727],[-96.96702,30.84564],[-96.96336,30.84422],[-96.96428,30.84346],[-96.96314,30.84135],[-96.96419,30.84079],[-96.96939,30.84512],[-96.97133,30.84557],[-96.9757,30.84538],[-96.97848,30.84327],[-96.98157,30.84176],[-96.98274,30.83893],[-96.98566,30.83988],[-96.9848,30.84186],[-96.99465,30.84455],[-96.99295,30.8493],[-96.99708,30.85072],[-97.00432,30.85284],[-97.00432,30.85458],[-97.00637,30.85632],[-97.00585,30.85749],[-97.00317,30.85682],[-97.00101,30.86188],[-96.99894,30.85976],[-96.9961,30.86176],[-96.99442,30.85974]]],[[[-97.53585,30.95922],[-97.53466,30.95791],[-97.52968,30.96393],[-97.52659,30.96586],[-97.5246,30.96762],[-97.52168,30.96821],[-97.52703,30.96386],[-97.52768,30.96256],[-97.52922,30.96194],[-97.53089,30.96012],[-97.52726,30.95971],[-97.52332,30.9586],[-97.52263,30.96045],[-97.52062,30.96127],[-97.51853,30.96119],[-97.51368,30.95981],[-97.5141,30.95876],[-97.51258,30.95745],[-97.51125,30.95604],[-97.51208,30.9537],[-97.50798,30.9529],[-97.50785,30.95465],[-97.50568,30.95563],[-97.50642,30.95356],[-97.50504,30.95339],[-97.50546,30.95084],[-97.50194,30.94969],[-97.50235,30.94856],[-97.50576,30.94914],[-97.50735,30.95149],[-97.50777,30.95042],[-97.50688,30.94862],[-97.50791,30.94796],[-97.50949,30.94843],[-97.50864,30.95007],[-97.51098,30.94967],[-97.51124,30.94908],[-97.51255,30.94953],[-97.51559,30.95035],[-97.51759,30.95023],[-97.51878,30.94725],[-97.51994,30.94721],[-97.5215,30.94259],[-97.52604,30.94366],[-97.52747,30.94015],[-97.51994,30.93831],[-97.52023,30.93762],[-97.52263,30.93078],[-97.52342,30.93129],[-97.52417,30.93129],[-97.52528,30.92873],[-97.52599,30.92912],[-97.52717,30.93009],[-97.53091,30.93136],[-97.53172,30.92924],[-97.53042,30.92884],[-97.53324,30.92685],[-97.53435,30.927],[-97.53257,30.93182],[-97.53398,30.93222],[-97.53471,30.93008],[-97.53584,30.93032],[-97.53706,30.92721],[-97.5417,30.92849],[-97.54277,30.92561],[-97.54395,30.92648],[-97.54227,30.93182],[-97.54254,30.93398],[-97.54148,30.93595],[-97.53987,30.94456],[-97.54419,30.94591],[-97.54237,30.94629],[-97.54217,30.94806],[-97.54636,30.94925],[-97.5456,30.95125],[-97.54354,30.95083],[-97.54268,30.95225],[-97.5391,30.95119],[-97.53672,30.95759],[-97.53585,30.95922]]],[[[-97.54243,30.95897],[-97.54045,30.96524],[-97.53957,30.9675],[-97.53512,30.96625],[-97.53823,30.9578],[-97.5409,30.95854],[-97.54243,30.95897]]],[[[-97.55811,31.06164],[-97.55804,31.0613],[-97.55208,31.05901],[-97.54863,31.05801],[-97.54753,31.0573],[-97.54459,31.05707],[-97.54274,31.05745],[-97.54257,31.05981],[-97.53624,31.05856],[-97.53282,31.05757],[-97.53259,31.05819],[-97.52975,31.05758],[-97.5294,31.05859],[-97.52497,31.0587],[-97.5248,31.05958],[-97.51745,31.05749],[-97.51035,31.05701],[-97.50945,31.05604],[-97.50889,31.0574],[-97.50528,31.05638],[-97.50277,31.06313],[-97.50054,31.06263],[-97.50211,31.05851],[-97.49854,31.05751],[-97.49828,31.05863],[-97.49205,31.05691],[-97.49131,31.05881],[-97.48398,31.05676],[-97.48096,31.0643],[-97.47853,31.07108],[-97.47999,31.0702],[-97.4806,31.07211],[-97.47935,31.07386],[-97.48244,31.07873],[-97.47969,31.0862],[-97.47968,31.08645],[-97.4842,31.08634],[-97.48872,31.08834],[-97.49405,31.09126],[-97.4927,31.09481],[-97.49413,31.0956],[-97.49435,31.095],[-97.49783,31.0959],[-97.49555,31.10246],[-97.49026,31.10113],[-97.48776,31.10166],[-97.48775,31.1021],[-97.48406,31.10345],[-97.4835,31.10438],[-97.48728,31.10433],[-97.48772,31.10292],[-97.48857,31.10539],[-97.48649,31.10617],[-97.48618,31.10702],[-97.48859,31.10854],[-97.49018,31.10643],[-97.49337,31.10438],[-97.49206,31.1071],[-97.49562,31.10609],[-97.49447,31.1085],[-97.49747,31.1096],[-97.49955,31.1094],[-97.49942,31.10817],[-97.50078,31.10536],[-97.49947,31.10525],[-97.50042,31.10402],[-97.50439,31.10531],[-97.50353,31.10789],[-97.5049,31.10863],[-97.50548,31.1087],[-97.50895,31.10744],[-97.51035,31.11442],[-97.5103,31.11835],[-97.50971,31.12202],[-97.50841,31.12617],[-97.50734,31.12862],[-97.50505,31.1326],[-97.50692,31.13224],[-97.50868,31.1317],[-97.50929,31.13147],[-97.51032,31.131],[-97.51167,31.13027],[-97.51437,31.12822],[-97.51614,31.12623],[-97.51921,31.12865],[-97.52182,31.12886],[-97.52102,31.13166],[-97.52166,31.13265],[-97.52425,31.13297],[-97.52589,31.13207],[-97.52675,31.13001],[-97.52764,31.1298],[-97.52767,31.13053],[-97.52947,31.13138],[-97.52749,31.13188],[-97.52629,31.13454],[-97.5273,31.13586],[-97.52593,31.13691],[-97.52556,31.1384],[-97.52647,31.13999],[-97.53095,31.13838],[-97.53264,31.13719],[-97.53254,31.13874],[-97.53504,31.13934],[-97.53609,31.14088],[-97.53924,31.14029],[-97.55757,31.14804],[-97.5558,31.15266],[-97.55278,31.15847],[-97.55244,31.15892],[-97.53655,31.15456],[-97.53503,31.15626],[-97.53396,31.15623],[-97.5324,31.15333],[-97.52469,31.15119],[-97.52328,31.15434],[-97.51944,31.15111],[-97.51893,31.14953],[-97.51586,31.14864],[-97.51395,31.14895],[-97.51345,31.14791],[-97.49411,31.14181],[-97.47624,31.13575],[-97.47089,31.13468],[-97.46693,31.13362],[-97.46521,31.13327],[-97.46356,31.13278],[-97.46121,31.13209],[-97.46101,31.13254],[-97.46183,31.13295],[-97.46083,31.1354],[-97.45652,31.1353],[-97.45525,31.13767],[-97.45293,31.13859],[-97.45167,31.13917],[-97.45145,31.13975],[-97.44794,31.13879],[-97.44527,31.14496],[-97.44156,31.14388],[-97.44247,31.14988],[-97.43818,31.15026],[-97.4362,31.15548],[-97.43435,31.15489],[-97.43514,31.15613],[-97.43183,31.16451],[-97.43346,31.16319],[-97.43483,31.16304],[-97.43725,31.16569],[-97.44131,31.16438],[-97.44302,31.1672],[-97.44254,31.16947],[-97.4413,31.16881],[-97.43783,31.16969],[-97.43555,31.1758],[-97.43266,31.17523],[-97.43531,31.17991],[-97.43624,31.17859],[-97.43782,31.17972],[-97.4383,31.17847],[-97.44,31.17964],[-97.44159,31.17932],[-97.44003,31.18339],[-97.43883,31.18642],[-97.43875,31.18663],[-97.4359,31.18181],[-97.43153,31.1838],[-97.43059,31.18352],[-97.43275,31.17793],[-97.4316,31.17735],[-97.42974,31.17425],[-97.42614,31.17267],[-97.42363,31.17669],[-97.4203,31.17748],[-97.41965,31.17948],[-97.41757,31.1817],[-97.4157,31.18149],[-97.41609,31.18046],[-97.41418,31.18035],[-97.41462,31.17834],[-97.41319,31.17692],[-97.41071,31.18342],[-97.41456,31.18448],[-97.41309,31.18824],[-97.41153,31.18642],[-97.4096,31.18584],[-97.41105,31.1815],[-97.40699,31.18036],[-97.4085,31.17668],[-97.40755,31.17635],[-97.38468,31.16986],[-97.3893,31.17104],[-97.3912,31.16583],[-97.39478,31.1668],[-97.39629,31.16823],[-97.39584,31.16986],[-97.39873,31.17049],[-97.39944,31.16812],[-97.39663,31.16733],[-97.39368,31.16564],[-97.39548,31.1609],[-97.39816,31.16164],[-97.39049,31.15909],[-97.39091,31.15779],[-97.38337,31.15565],[-97.38293,31.15679],[-97.37732,31.15274],[-97.37362,31.15625],[-97.37297,31.15668],[-97.36705,31.16028],[-97.36162,31.16321],[-97.36071,31.16295],[-97.36022,31.16412],[-97.34314,31.1592],[-97.33888,31.15774],[-97.33533,31.16064],[-97.32769,31.15922],[-97.32699,31.16129],[-97.3284,31.16154],[-97.32873,31.16056],[-97.33048,31.16092],[-97.33015,31.16193],[-97.32696,31.16138],[-97.32413,31.16883],[-97.32195,31.16791],[-97.31911,31.16708],[-97.31611,31.16626],[-97.31965,31.15725],[-97.32024,31.15406],[-97.31483,31.15256],[-97.31834,31.1433],[-97.31952,31.14018],[-97.31316,31.13845],[-97.31441,31.13505],[-97.30892,31.1335],[-97.31207,31.1249],[-97.31174,31.1227],[-97.30912,31.12091],[-97.30852,31.11868],[-97.306,31.11502],[-97.30629,31.11398],[-97.30685,31.11156],[-97.30493,31.10698],[-97.30535,31.10533],[-97.30281,31.10333],[-97.30298,31.10217],[-97.29968,31.09871],[-97.29883,31.09619],[-97.29937,31.09393],[-97.29767,31.09059],[-97.29661,31.08721],[-97.29914,31.08789],[-97.29987,31.08607],[-97.30254,31.08701],[-97.30537,31.07959],[-97.30454,31.07951],[-97.30261,31.0801],[-97.29815,31.07904],[-97.29158,31.07711],[-97.29151,31.07552],[-97.29607,31.06393],[-97.3042,31.06635],[-97.30585,31.06681],[-97.30813,31.06083],[-97.30644,31.06035],[-97.30695,31.05898],[-97.30034,31.05714],[-97.2994,31.05959],[-97.30015,31.06103],[-97.29671,31.06007],[-97.29746,31.05368],[-97.30082,31.05459],[-97.30192,31.05167],[-97.30901,31.05357],[-97.30998,31.05101],[-97.30937,31.05084],[-97.31123,31.04584],[-97.32066,31.04826],[-97.33228,31.05167],[-97.33165,31.05068],[-97.33215,31.04667],[-97.33494,31.04747],[-97.33518,31.04682],[-97.33224,31.04601],[-97.33231,31.0454],[-97.33541,31.04621],[-97.33588,31.04498],[-97.34283,31.04683],[-97.34385,31.04361],[-97.34791,31.03326],[-97.34788,31.03275],[-97.34821,31.03254],[-97.35223,31.02106],[-97.35228,31.02061],[-97.35359,31.01732],[-97.35405,31.01697],[-97.35826,31.00634],[-97.36919,31.00941],[-97.36961,31.00829],[-97.38246,31.01187],[-97.38228,31.01338],[-97.38259,31.01638],[-97.38253,31.0167],[-97.3813,31.01717],[-97.38123,31.01812],[-97.38013,31.02143],[-97.38052,31.02441],[-97.37692,31.03306],[-97.38189,31.03435],[-97.38582,31.03434],[-97.38949,31.03563],[-97.39102,31.03173],[-97.39427,31.03268],[-97.39317,31.03545],[-97.39112,31.03572],[-97.39438,31.03684],[-97.39609,31.03718],[-97.39655,31.03606],[-97.39852,31.03547],[-97.40094,31.03348],[-97.40388,31.03433],[-97.40464,31.03518],[-97.40534,31.0334],[-97.41156,31.0351],[-97.41202,31.03381],[-97.41545,31.03513],[-97.41798,31.02846],[-97.4192,31.02877],[-97.42215,31.02102],[-97.42784,31.0199],[-97.42943,31.01999],[-97.42749,31.021],[-97.42318,31.02164],[-97.42022,31.02952],[-97.41905,31.02919],[-97.41633,31.03492],[-97.41467,31.03995],[-97.4168,31.04007],[-97.43355,31.04438],[-97.43444,31.04425],[-97.43607,31.04166],[-97.43707,31.03807],[-97.43961,31.03776],[-97.43907,31.03959],[-97.4377,31.04114],[-97.4379,31.04255],[-97.43972,31.044],[-97.44126,31.04401],[-97.44286,31.04225],[-97.44558,31.04129],[-97.44702,31.04145],[-97.4496,31.04353],[-97.45089,31.04352],[-97.45411,31.03527],[-97.4512,31.03486],[-97.44858,31.03103],[-97.44756,31.0317],[-97.44586,31.03133],[-97.44252,31.02752],[-97.44308,31.02657],[-97.44721,31.02417],[-97.45497,31.03299],[-97.456,31.03292],[-97.45832,31.03422],[-97.45979,31.03262],[-97.46112,31.03293],[-97.46156,31.03158],[-97.46313,31.0317],[-97.46763,31.02933],[-97.46869,31.02653],[-97.46582,31.02576],[-97.47021,31.01412],[-97.47656,31.01115],[-97.47755,31.01009],[-97.47794,31.00851],[-97.48208,31.01115],[-97.48301,31.01093],[-97.48407,31.00845],[-97.48314,31.00801],[-97.48392,31.006],[-97.48542,31.00646],[-97.48648,31.00459],[-97.48795,31.00024],[-97.48206,30.99702],[-97.47862,30.99477],[-97.47508,30.99049],[-97.47121,30.99302],[-97.46621,30.99186],[-97.46445,30.9916],[-97.46501,30.98887],[-97.45831,30.98754],[-97.45953,30.98421],[-97.46701,30.98655],[-97.46862,30.98592],[-97.47076,30.98669],[-97.47227,30.98628],[-97.47454,30.98711],[-97.47764,30.98883],[-97.48082,30.99272],[-97.4837,30.99464],[-97.48829,30.99717],[-97.49062,30.99615],[-97.48949,30.98889],[-97.48268,30.98693],[-97.48374,30.98437],[-97.49241,30.98683],[-97.49261,30.98819],[-97.49529,30.98902],[-97.50016,30.98347],[-97.50307,30.98475],[-97.50612,30.9816],[-97.50784,30.97737],[-97.50828,30.97597],[-97.51018,30.97653],[-97.51222,30.97486],[-97.51195,30.97584],[-97.5201,30.96857],[-97.5243,30.96784],[-97.52642,30.96703],[-97.52718,30.96708],[-97.52571,30.96837],[-97.5298,30.96858],[-97.52705,30.97109],[-97.52768,30.96876],[-97.5254,30.96864],[-97.51804,30.97517],[-97.52044,30.97584],[-97.5196,30.97809],[-97.51916,30.97937],[-97.5139,30.982],[-97.50751,30.98839],[-97.50883,30.985],[-97.50718,30.98449],[-97.5035,30.98828],[-97.5068,30.98918],[-97.50416,30.99252],[-97.50229,30.99195],[-97.4999,30.99838],[-97.49688,31.00567],[-97.5,31.00812],[-97.50182,31.00905],[-97.50663,31.01238],[-97.50578,31.01333],[-97.5078,31.01452],[-97.50857,31.01721],[-97.50991,31.01859],[-97.51068,31.01933],[-97.51112,31.02006],[-97.51205,31.02095],[-97.51375,31.02179],[-97.51465,31.02165],[-97.51503,31.02144],[-97.51999,31.01953],[-97.52147,31.0195],[-97.51882,31.02278],[-97.515,31.02203],[-97.51381,31.02209],[-97.51207,31.02129],[-97.50983,31.01892],[-97.50836,31.02272],[-97.49766,31.01915],[-97.4986,31.01823],[-97.50009,31.01459],[-97.49833,31.01413],[-97.4998,31.01137],[-97.49808,31.0103],[-97.4947,31.01888],[-97.48467,31.01616],[-97.48118,31.02529],[-97.4923,31.0284],[-97.49275,31.02729],[-97.49463,31.02786],[-97.49368,31.03007],[-97.49781,31.03128],[-97.49656,31.03587],[-97.49451,31.03532],[-97.492,31.04195],[-97.49299,31.04343],[-97.49116,31.04809],[-97.50332,31.05148],[-97.50438,31.04892],[-97.50578,31.04937],[-97.50714,31.04596],[-97.50864,31.04636],[-97.50965,31.0437],[-97.51128,31.04416],[-97.51434,31.04173],[-97.51684,31.04239],[-97.51788,31.04269],[-97.51687,31.04519],[-97.51515,31.0447],[-97.51416,31.04528],[-97.51273,31.04794],[-97.51021,31.05023],[-97.51022,31.05239],[-97.51768,31.05443],[-97.53522,31.05391],[-97.53843,31.05466],[-97.53893,31.05477],[-97.53977,31.0522],[-97.54183,31.05276],[-97.54151,31.05367],[-97.54381,31.0545],[-97.54544,31.04991],[-97.54997,31.05137],[-97.55044,31.04974],[-97.55196,31.04968],[-97.55171,31.0474],[-97.54929,31.04462],[-97.54762,31.04393],[-97.54792,31.04259],[-97.54397,31.04153],[-97.54348,31.0433],[-97.5456,31.04637],[-97.54259,31.04541],[-97.54213,31.047],[-97.54199,31.04749],[-97.54049,31.04419],[-97.53774,31.0438],[-97.53903,31.04131],[-97.53996,31.03915],[-97.54188,31.03891],[-97.547,31.03994],[-97.55094,31.0414],[-97.55484,31.0441],[-97.55418,31.04579],[-97.5571,31.0466],[-97.55835,31.04896],[-97.55934,31.05284],[-97.55822,31.05338],[-97.55673,31.05503],[-97.55835,31.05585],[-97.55972,31.05731],[-97.55981,31.05741],[-97.55972,31.05752],[-97.55946,31.05784],[-97.5592,31.05848],[-97.5593,31.05923],[-97.55904,31.06191],[-97.55811,31.06164]],[[-97.49424,30.99085],[-97.49411,30.9928],[-97.49638,30.99309],[-97.49728,30.99165],[-97.49618,30.99131],[-97.49704,30.98959],[-97.49529,30.98902],[-97.49424,30.99085]],[[-97.47416,31.10591],[-97.47204,31.11179],[-97.47407,31.11342],[-97.47567,31.11367],[-97.47649,31.11572],[-97.47695,31.11626],[-97.47647,31.11765],[-97.47162,31.11639],[-97.47249,31.11909],[-97.47397,31.11954],[-97.4708,31.12761],[-97.47172,31.12848],[-97.47307,31.12715],[-97.47634,31.12794],[-97.47688,31.12722],[-97.47907,31.12752],[-97.47877,31.12851],[-97.48164,31.12853],[-97.48394,31.12747],[-97.48318,31.12968],[-97.48409,31.12992],[-97.48489,31.12772],[-97.48755,31.12847],[-97.48718,31.13075],[-97.48856,31.13104],[-97.48936,31.12887],[-97.49019,31.1291],[-97.48938,31.13098],[-97.49101,31.13084],[-97.49255,31.13131],[-97.49303,31.13144],[-97.4934,31.12916],[-97.49533,31.12945],[-97.49297,31.12677],[-97.49333,31.12206],[-97.4925,31.11983],[-97.49581,31.11844],[-97.49873,31.1168],[-97.47883,31.10664],[-97.47433,31.10546],[-97.47416,31.10591]],[[-97.44213,31.06261],[-97.43825,31.06284],[-97.43598,31.06365],[-97.43999,31.06454],[-97.44001,31.06733],[-97.4426,31.06425],[-97.4429,31.06306],[-97.44326,31.06308],[-97.44291,31.06262],[-97.44289,31.06262],[-97.44213,31.06261]],[[-97.42597,31.04942],[-97.42424,31.05023],[-97.42065,31.04733],[-97.41842,31.04643],[-97.41693,31.04804],[-97.41547,31.04716],[-97.41471,31.0455],[-97.41189,31.04461],[-97.41184,31.04292],[-97.40357,31.04194],[-97.40199,31.04624],[-97.39817,31.05615],[-97.39755,31.05776],[-97.40028,31.05852],[-97.4061,31.06016],[-97.40695,31.06243],[-97.40758,31.06288],[-97.41187,31.06404],[-97.41528,31.05812],[-97.41624,31.05657],[-97.41835,31.05866],[-97.42164,31.06097],[-97.42308,31.06149],[-97.42586,31.06134],[-97.42737,31.05905],[-97.42755,31.05451],[-97.42916,31.04999],[-97.42597,31.04942]],[[-97.49049,31.13593],[-97.49263,31.13556],[-97.49316,31.13789],[-97.49572,31.13702],[-97.49656,31.13586],[-97.49555,31.13416],[-97.49224,31.13249],[-97.49187,31.13358],[-97.49064,31.13412],[-97.49049,31.13593]],[[-97.47356,31.13023],[-97.47753,31.13142],[-97.4786,31.12874],[-97.47733,31.12998],[-97.47728,31.12838],[-97.47535,31.12826],[-97.47371,31.12904],[-97.47356,31.13023]],[[-97.42503,31.07675],[-97.42351,31.07687],[-97.41465,31.08158],[-97.41525,31.08195],[-97.41396,31.08561],[-97.41363,31.08639],[-97.42713,31.08991],[-97.42836,31.08666],[-97.43332,31.08812],[-97.43222,31.09092],[-97.43381,31.09137],[-97.43977,31.07613],[-97.43826,31.07567],[-97.4393,31.07306],[-97.43763,31.07242],[-97.43823,31.07116],[-97.42871,31.0743],[-97.42503,31.07675]],[[-97.43301,31.15475],[-97.43217,31.15451],[-97.42841,31.15921],[-97.42886,31.15914],[-97.43249,31.15976],[-97.43301,31.15475]],[[-97.42098,31.16601],[-97.42133,31.16791],[-97.42294,31.17064],[-97.42802,31.17342],[-97.42857,31.17223],[-97.42359,31.16403],[-97.42245,31.16396],[-97.42094,31.16586],[-97.42078,31.16618],[-97.42098,31.16601]],[[-97.41095,31.17718],[-97.41252,31.17759],[-97.4138,31.17435],[-97.40983,31.17321],[-97.40827,31.17348],[-97.40652,31.17249],[-97.40526,31.17564],[-97.41095,31.17718]],[[-97.41261,31.16594],[-97.41252,31.16589],[-97.41119,31.16534],[-97.4103,31.16767],[-97.41058,31.16818],[-97.41165,31.16851],[-97.41261,31.16594]],[[-97.40548,31.16157],[-97.40456,31.16084],[-97.40259,31.1635],[-97.40148,31.16304],[-97.40093,31.16514],[-97.40441,31.16434],[-97.40548,31.16157]],[[-97.38113,31.01642],[-97.37452,31.01456],[-97.37386,31.0163],[-97.38097,31.0183],[-97.38103,31.01805],[-97.38113,31.01642]],[[-97.38009,31.02041],[-97.38048,31.01918],[-97.38088,31.01852],[-97.37708,31.01738],[-97.37623,31.02074],[-97.37691,31.02135],[-97.37998,31.02214],[-97.38009,31.02041]],[[-97.35423,31.01701],[-97.34843,31.03245],[-97.3485,31.03292],[-97.34812,31.03328],[-97.34407,31.04376],[-97.34595,31.04399],[-97.35492,31.04651],[-97.3548,31.04793],[-97.35497,31.0479],[-97.35768,31.04135],[-97.35408,31.04034],[-97.35713,31.03205],[-97.35889,31.03167],[-97.36152,31.0324],[-97.36183,31.03118],[-97.36199,31.03116],[-97.36213,31.03033],[-97.36549,31.03036],[-97.37673,31.03308],[-97.38023,31.02432],[-97.37964,31.02238],[-97.37707,31.02162],[-97.37734,31.02349],[-97.36511,31.01998],[-97.36323,31.01963],[-97.35423,31.01701]],[[-97.3397,31.04926],[-97.33937,31.05012],[-97.34147,31.05072],[-97.34179,31.04985],[-97.3397,31.04926]]],[[[-97.33203,31.1944],[-97.33382,31.18952],[-97.33266,31.18922],[-97.33225,31.1904],[-97.33069,31.18995],[-97.33027,31.18859],[-97.33215,31.18391],[-97.33278,31.18409],[-97.3348,31.17896],[-97.33784,31.17115],[-97.33635,31.17072],[-97.33751,31.16949],[-97.3336,31.1684],[-97.33311,31.16966],[-97.32792,31.16819],[-97.32932,31.16466],[-97.33471,31.16625],[-97.33393,31.16826],[-97.33848,31.16953],[-97.34126,31.16231],[-97.33837,31.16149],[-97.33887,31.1602],[-97.34133,31.15953],[-97.34195,31.1612],[-97.33303,31.18404],[-97.34161,31.18652],[-97.34203,31.18559],[-97.34343,31.18598],[-97.34519,31.1875],[-97.34647,31.18415],[-97.3484,31.18457],[-97.34754,31.18682],[-97.34587,31.18637],[-97.34538,31.18755],[-97.35035,31.18908],[-97.34884,31.18864],[-97.33889,31.1859],[-97.33694,31.19105],[-97.33613,31.19082],[-97.33451,31.19509],[-97.33203,31.1944]]],[[[-97.42226,31.1986],[-97.41922,31.19778],[-97.41942,31.19726],[-97.42094,31.19607],[-97.42191,31.19639],[-97.42226,31.1986]]],[[[-97.33842,31.20093],[-97.33837,31.20099],[-97.33829,31.201],[-97.33737,31.20075],[-97.33827,31.19808],[-97.3393,31.19837],[-97.33842,31.20093]]],[[[-97.42664,31.20529],[-97.42378,31.20443],[-97.42509,31.20096],[-97.42809,31.20183],[-97.427,31.20443],[-97.42664,31.20529]]]]}},{"type":"Feature","properties":{"name":"TRAX (Permian Basin RTD)","boundary_type":"counties","source":"Census TIGER county","fidelity":"approximate","updated":"2026-09","units":"Andrews County; Borden County; Brewster County; Crane County; Culberson County; Dawson County; Ector County; Gaines County; Glasscock County; Howard County; Hudspeth County; Jeff Davis County; Loving County; Martin County; Midland County; Pecos County; Presidio County; Reeves County; Terrell County; Upton County; Ward County; Winkler County","note":"TRAX (Permian Basin Rural Transit District, operated by West Texas Opportunities Inc.) serves 22 named West Texas counties: a southern group (Brewster, Culberson, Hudspeth, Jeff Davis, Presidio) plus a Permian Basin group (Andrews, Borden, Crane, Dawson, Ector, Gaines, Glasscock, Howard, Loving, Martin, Midland, Pecos, Reeves, Terrell, Upton, Ward, Winkler); rural areas of Ector and Midland counties only, excluding the incorporated cities of Odessa and Midland. Source: https://www.transit.wiki/TRAX_(West_Texas)","confidence":0.75},"geometry":{"type":"Polygon","coordinates":[[[-102.32318,29.86739],[-102.32346,29.86392],[-102.32532,29.86293],[-102.32781,29.86266],[-102.33157,29.86281],[-102.33289,29.86544],[-102.33338,29.86805],[-102.34103,29.86931],[-102.34224,29.86819],[-102.34213,29.86692],[-102.34455,29.86468],[-102.34986,29.86232],[-102.35067,29.8554],[-102.35195,29.85311],[-102.35347,29.85197],[-102.35773,29.85055],[-102.36124,29.84913],[-102.36454,29.84539],[-102.36251,29.83316],[-102.36512,29.82697],[-102.36952,29.8204],[-102.37256,29.8112],[-102.37434,29.80642],[-102.37725,29.80016],[-102.37731,29.78997],[-102.37938,29.78776],[-102.38176,29.7869],[-102.38505,29.78585],[-102.38855,29.78361],[-102.38967,29.7826],[-102.38974,29.78091],[-102.38726,29.77847],[-102.38541,29.7734],[-102.38513,29.77147],[-102.38545,29.76924],[-102.38686,29.76573],[-102.38636,29.76241],[-102.38832,29.76127],[-102.38999,29.76223],[-102.39079,29.76367],[-102.39179,29.7661],[-102.39393,29.76869],[-102.39762,29.76964],[-102.39971,29.769],[-102.40219,29.76698],[-102.40454,29.76518],[-102.40818,29.76501],[-102.40977,29.76472],[-102.41111,29.76641],[-102.41173,29.76772],[-102.41329,29.76827],[-102.41544,29.76942],[-102.41754,29.76959],[-102.42147,29.76926],[-102.42332,29.77024],[-102.4253,29.77258],[-102.42927,29.77453],[-102.43144,29.7752],[-102.4333,29.77661],[-102.43511,29.77676],[-102.4366,29.77574],[-102.43774,29.7739],[-102.4393,29.77326],[-102.44631,29.77742],[-102.45008,29.77717],[-102.45561,29.77472],[-102.45827,29.77478],[-102.45927,29.77603],[-102.46304,29.78205],[-102.46482,29.78313],[-102.46643,29.78365],[-102.46797,29.78253],[-102.46973,29.7808],[-102.47131,29.77708],[-102.47323,29.77602],[-102.47615,29.77598],[-102.48026,29.77601],[-102.48203,29.77736],[-102.48158,29.78244],[-102.48426,29.78508],[-102.48725,29.78658],[-102.48998,29.7854],[-102.49473,29.78305],[-102.49757,29.78179],[-102.4996,29.78143],[-102.50605,29.78237],[-102.51584,29.7843],[-102.51753,29.78395],[-102.51818,29.78231],[-102.51943,29.78045],[-102.51834,29.77889],[-102.5148,29.7755],[-102.51152,29.77456],[-102.51057,29.77318],[-102.51132,29.77026],[-102.5131,29.76909],[-102.51338,29.76576],[-102.52003,29.76101],[-102.52496,29.75907],[-102.53172,29.75635],[-102.53574,29.75361],[-102.539,29.74991],[-102.54238,29.7471],[-102.54711,29.74545],[-102.54826,29.7446],[-102.5507,29.74519],[-102.55343,29.74809],[-102.55486,29.74909],[-102.55513,29.75133],[-102.55441,29.75377],[-102.55518,29.75586],[-102.55723,29.75755],[-102.55934,29.76038],[-102.56175,29.76609],[-102.56554,29.76963],[-102.56553,29.77072],[-102.56766,29.77146],[-102.56947,29.77138],[-102.57096,29.7705],[-102.57181,29.76896],[-102.57363,29.7682],[-102.57404,29.76501],[-102.57309,29.75974],[-102.5721,29.75673],[-102.57414,29.75477],[-102.57635,29.7543],[-102.57922,29.75537],[-102.58258,29.75352],[-102.58538,29.7509],[-102.58849,29.74933],[-102.59348,29.7495],[-102.59514,29.75093],[-102.59716,29.75161],[-102.60389,29.75025],[-102.60611,29.74886],[-102.60858,29.74825],[-102.61035,29.74777],[-102.61288,29.74818],[-102.61537,29.74615],[-102.6166,29.74373],[-102.62253,29.73663],[-102.63015,29.73431],[-102.6391,29.73351],[-102.64566,29.73391],[-102.66125,29.73612],[-102.66564,29.73771],[-102.66744,29.73964],[-102.66752,29.74196],[-102.66739,29.74466],[-102.66903,29.74611],[-102.67282,29.74437],[-102.674,29.74457],[-102.67578,29.74308],[-102.67737,29.74135],[-102.67719,29.73826],[-102.67899,29.73402],[-102.68153,29.72838],[-102.68319,29.7269],[-102.68506,29.72687],[-102.68816,29.72249],[-102.69053,29.72267],[-102.69137,29.72137],[-102.69065,29.71543],[-102.69024,29.70748],[-102.68915,29.70494],[-102.69437,29.70097],[-102.69685,29.69885],[-102.69835,29.69559],[-102.69932,29.68503],[-102.69638,29.68262],[-102.69347,29.67651],[-102.69741,29.67163],[-102.70096,29.67251],[-102.70408,29.67134],[-102.70894,29.66652],[-102.71128,29.66047],[-102.7129,29.65804],[-102.71775,29.65444],[-102.72135,29.65261],[-102.72283,29.65143],[-102.72574,29.65142],[-102.72522,29.64967],[-102.72421,29.64759],[-102.72517,29.64451],[-102.72721,29.6422],[-102.72978,29.64065],[-102.73451,29.64214],[-102.73695,29.64154],[-102.73758,29.63875],[-102.74218,29.63251],[-102.74141,29.62935],[-102.73928,29.62613],[-102.73843,29.62193],[-102.7388,29.61321],[-102.73877,29.60937],[-102.73918,29.60721],[-102.74045,29.6051],[-102.74156,29.60283],[-102.73999,29.59904],[-102.74193,29.59598],[-102.74434,29.59356],[-102.7462,29.59287],[-102.74969,29.59509],[-102.75707,29.5978],[-102.76189,29.59864],[-102.76579,29.59752],[-102.76834,29.59473],[-102.76742,29.5919],[-102.76576,29.5889],[-102.76224,29.57945],[-102.76379,29.57507],[-102.76612,29.57235],[-102.76763,29.5718],[-102.76988,29.57373],[-102.77225,29.5739],[-102.77396,29.57308],[-102.7739,29.56966],[-102.77356,29.56657],[-102.77487,29.56429],[-102.77728,29.56147],[-102.77773,29.55967],[-102.77753,29.5565],[-102.77572,29.55219],[-102.77143,29.54855],[-102.77375,29.54717],[-102.77606,29.54725],[-102.77729,29.54628],[-102.77812,29.54421],[-102.78027,29.54247],[-102.78333,29.54192],[-102.78927,29.54368],[-102.79145,29.54282],[-102.79303,29.53995],[-102.79159,29.53622],[-102.79178,29.53376],[-102.79257,29.53244],[-102.79632,29.53069],[-102.7977,29.52847],[-102.79844,29.52667],[-102.80298,29.52454],[-102.80869,29.52232],[-102.80844,29.51898],[-102.80648,29.51576],[-102.80722,29.51232],[-102.80682,29.50991],[-102.80656,29.50701],[-102.80747,29.50385],[-102.80639,29.50289],[-102.80447,29.50159],[-102.80448,29.50006],[-102.80562,29.49716],[-102.80674,29.49554],[-102.80733,29.49401],[-102.80487,29.49035],[-102.80265,29.48832],[-102.80067,29.48624],[-102.80354,29.48405],[-102.80736,29.48353],[-102.81158,29.48369],[-102.81395,29.48281],[-102.81438,29.4799],[-102.81534,29.47666],[-102.81537,29.47444],[-102.814,29.4714],[-102.81575,29.471],[-102.81703,29.46894],[-102.81839,29.46683],[-102.82144,29.46533],[-102.8231,29.4633],[-102.82372,29.46048],[-102.8251,29.45859],[-102.82525,29.4569],[-102.82547,29.45512],[-102.82446,29.45347],[-102.82369,29.45202],[-102.82202,29.45202],[-102.82034,29.45151],[-102.81961,29.45094],[-102.82093,29.44986],[-102.82369,29.44859],[-102.82755,29.44681],[-102.82989,29.4455],[-102.83097,29.44427],[-102.83086,29.44164],[-102.83183,29.43865],[-102.83144,29.43591],[-102.8312,29.43376],[-102.83254,29.43311],[-102.83061,29.42752],[-102.82964,29.42627],[-102.82857,29.42358],[-102.82692,29.4177],[-102.8281,29.41604],[-102.83086,29.41357],[-102.83227,29.41162],[-102.83326,29.41098],[-102.83325,29.40929],[-102.83121,29.40821],[-102.82788,29.40774],[-102.82641,29.40745],[-102.82652,29.40634],[-102.82573,29.40419],[-102.82608,29.40275],[-102.82462,29.4026],[-102.82344,29.40331],[-102.819,29.4036],[-102.8168,29.40293],[-102.81368,29.40233],[-102.81236,29.40144],[-102.81267,29.40017],[-102.8145,29.39804],[-102.81635,29.39706],[-102.81912,29.39811],[-102.82211,29.39793],[-102.82561,29.39695],[-102.83016,29.39033],[-102.83252,29.38892],[-102.8332,29.38742],[-102.8333,29.38548],[-102.83396,29.37982],[-102.83471,29.37849],[-102.83882,29.3777],[-102.84159,29.3772],[-102.84436,29.37538],[-102.84519,29.37367],[-102.84498,29.36924],[-102.84542,29.36521],[-102.84388,29.36353],[-102.84177,29.36282],[-102.83992,29.3616],[-102.83937,29.35892],[-102.84302,29.35799],[-102.84616,29.35736],[-102.85184,29.35504],[-102.85666,29.3536],[-102.86058,29.35153],[-102.87186,29.35209],[-102.87477,29.35302],[-102.8768,29.35466],[-102.87802,29.35454],[-102.87953,29.35333],[-102.88159,29.35157],[-102.88436,29.34773],[-102.88388,29.34599],[-102.88111,29.34265],[-102.8798,29.33875],[-102.88493,29.32507],[-102.88499,29.32213],[-102.88445,29.32068],[-102.88525,29.32015],[-102.88686,29.31934],[-102.88825,29.31523],[-102.88754,29.31322],[-102.88759,29.31127],[-102.88928,29.31007],[-102.89049,29.3095],[-102.89297,29.30915],[-102.89263,29.30588],[-102.89012,29.30241],[-102.88911,29.29775],[-102.88833,29.29195],[-102.89102,29.28711],[-102.89435,29.28623],[-102.89651,29.28483],[-102.89754,29.28199],[-102.89961,29.28047],[-102.90133,29.28076],[-102.9026,29.27944],[-102.9031,29.27676],[-102.90215,29.27464],[-102.90012,29.27232],[-102.89926,29.26948],[-102.90225,29.26482],[-102.90479,29.2639],[-102.90638,29.26206],[-102.9063,29.26001],[-102.90554,29.25707],[-102.90319,29.25403],[-102.90032,29.25396],[-102.89853,29.25442],[-102.89663,29.25411],[-102.89363,29.25026],[-102.89128,29.24805],[-102.8879,29.24561],[-102.88113,29.24602],[-102.87439,29.24355],[-102.87135,29.24162],[-102.87061,29.23704],[-102.87152,29.23274],[-102.87035,29.23094],[-102.86882,29.23056],[-102.86676,29.22774],[-102.86685,29.22501],[-102.86847,29.22288],[-102.87417,29.2186],[-102.87729,29.21709],[-102.87802,29.2147],[-102.8849,29.2116],[-102.88945,29.21016],[-102.89392,29.20866],[-102.89923,29.20886],[-102.90188,29.21327],[-102.90573,29.21598],[-102.90879,29.21934],[-102.91232,29.21942],[-102.91494,29.21748],[-102.91622,29.215],[-102.91555,29.21134],[-102.91245,29.20625],[-102.91362,29.20438],[-102.9135,29.20201],[-102.91485,29.19991],[-102.91751,29.19929],[-102.91825,29.19875],[-102.91906,29.19815],[-102.91853,29.19504],[-102.91726,29.19259],[-102.9178,29.1907],[-102.92117,29.1916],[-102.92548,29.19372],[-102.93297,29.19451],[-102.93589,29.19112],[-102.93775,29.18853],[-102.94022,29.18922],[-102.94121,29.19122],[-102.94376,29.19117],[-102.94491,29.18882],[-102.94518,29.18503],[-102.94716,29.18078],[-102.94993,29.17999],[-102.95089,29.17684],[-102.95059,29.17373],[-102.95279,29.17394],[-102.95427,29.1761],[-102.95565,29.17815],[-102.96105,29.17963],[-102.96576,29.18235],[-102.97073,29.18411],[-102.97324,29.18566],[-102.97727,29.18623],[-102.98161,29.18558],[-102.98519,29.18346],[-102.98943,29.18317],[-102.99465,29.17962],[-102.99632,29.17826],[-102.998,29.17565],[-102.9981,29.17268],[-102.99699,29.17048],[-102.99586,29.16452],[-102.99569,29.16122],[-102.99945,29.1561],[-103.00243,29.15026],[-103.00836,29.14829],[-103.0088,29.13757],[-103.01102,29.13705],[-103.01391,29.13591],[-103.01565,29.13399],[-103.01448,29.13045],[-103.01217,29.1287],[-103.01239,29.12585],[-103.01365,29.12505],[-103.01503,29.12577],[-103.02015,29.12579],[-103.02286,29.12351],[-103.02403,29.11975],[-103.02759,29.11602],[-103.03272,29.11517],[-103.03599,29.11396],[-103.03703,29.11258],[-103.03612,29.11078],[-103.03218,29.10699],[-103.03258,29.10414],[-103.03334,29.10189],[-103.03603,29.09874],[-103.03932,29.09704],[-103.04481,29.09545],[-103.04733,29.09585],[-103.04873,29.09742],[-103.05265,29.09975],[-103.05465,29.10064],[-103.05867,29.09581],[-103.06425,29.09145],[-103.06642,29.09164],[-103.06863,29.09328],[-103.07043,29.09366],[-103.07199,29.09273],[-103.0761,29.09132],[-103.08011,29.08687],[-103.07663,29.07977],[-103.07685,29.07606],[-103.07896,29.07374],[-103.0852,29.06949],[-103.08742,29.06711],[-103.08539,29.0586],[-103.0859,29.05374],[-103.09031,29.05375],[-103.0919,29.05781],[-103.09156,29.06306],[-103.09177,29.06413],[-103.0933,29.06486],[-103.09548,29.06473],[-103.0974,29.06056],[-103.10013,29.06067],[-103.10027,29.0577],[-103.10036,29.05187],[-103.10136,29.049],[-103.10397,29.04637],[-103.10587,29.04245],[-103.10634,29.03762],[-103.10346,29.03266],[-103.10065,29.03091],[-103.09785,29.02704],[-103.10161,29.01812],[-103.10781,29.01381],[-103.11724,29.00021],[-103.11605,28.99461],[-103.11392,28.98855],[-103.11533,28.98527],[-103.11883,28.98371],[-103.12299,28.98443],[-103.12675,28.98212],[-103.13137,28.98395],[-103.13493,28.98353],[-103.14327,28.97807],[-103.15143,28.9751],[-103.1527,28.97266],[-103.15461,28.97161],[-103.15665,28.97283],[-103.15973,28.97378],[-103.16386,28.9721],[-103.16592,28.974],[-103.16578,28.9775],[-103.1688,28.97947],[-103.17082,28.98057],[-103.17303,28.98016],[-103.17461,28.97774],[-103.17675,28.97807],[-103.17971,28.98183],[-103.19118,28.98409],[-103.19932,28.98607],[-103.20241,28.98719],[-103.20752,28.98654],[-103.2114,28.98743],[-103.21478,28.98773],[-103.21763,28.98621],[-103.21898,28.98565],[-103.21967,28.98352],[-103.22159,28.98437],[-103.22394,28.98785],[-103.22555,28.98998],[-103.2278,28.99153],[-103.23025,28.98853],[-103.2335,28.98601],[-103.23599,28.98478],[-103.23763,28.98186],[-103.24388,28.98123],[-103.24959,28.98052],[-103.25098,28.98131],[-103.25156,28.98437],[-103.25328,28.98669],[-103.26125,28.99266],[-103.26633,28.99598],[-103.26814,28.99498],[-103.26948,28.99295],[-103.26953,28.99068],[-103.27036,28.98811],[-103.27139,28.98536],[-103.27336,28.98284],[-103.27703,28.97994],[-103.27934,28.977],[-103.28346,28.97695],[-103.2874,28.97865],[-103.2883,28.98138],[-103.28445,28.98233],[-103.28229,28.98449],[-103.28155,28.9877],[-103.28262,28.99161],[-103.28393,28.99501],[-103.28616,29.00026],[-103.28785,29.00224],[-103.29241,29.00419],[-103.29554,29.00625],[-103.29898,29.00668],[-103.30056,29.00827],[-103.30299,29.00773],[-103.30827,29.0034],[-103.31099,29.00474],[-103.3145,29.00781],[-103.31594,29.01039],[-103.3156,29.01225],[-103.31275,29.01296],[-103.31066,29.0149],[-103.30803,29.01888],[-103.30681,29.02221],[-103.30828,29.025],[-103.31229,29.02613],[-103.31521,29.02559],[-103.31898,29.02139],[-103.32018,29.01927],[-103.32251,29.01828],[-103.32568,29.01644],[-103.33122,29.01633],[-103.33508,29.01751],[-103.3383,29.01977],[-103.34081,29.02427],[-103.34205,29.0282],[-103.34021,29.02864],[-103.3386,29.02774],[-103.33647,29.02746],[-103.33418,29.02872],[-103.33147,29.02942],[-103.32861,29.03039],[-103.32728,29.03339],[-103.32719,29.03895],[-103.32937,29.04218],[-103.33087,29.04296],[-103.33312,29.04381],[-103.33509,29.04363],[-103.33871,29.04327],[-103.34051,29.04494],[-103.34229,29.04617],[-103.34357,29.04635],[-103.34368,29.04637],[-103.3449,29.04516],[-103.3478,29.04026],[-103.34946,29.03523],[-103.35082,29.02857],[-103.3528,29.02583],[-103.3539,29.02222],[-103.36032,29.0185],[-103.36676,29.02023],[-103.37389,29.02352],[-103.37728,29.02318],[-103.38127,29.02415],[-103.38424,29.02415],[-103.3865,29.02165],[-103.38769,29.02295],[-103.38808,29.02444],[-103.38721,29.02824],[-103.38772,29.03224],[-103.38843,29.03386],[-103.38964,29.03436],[-103.39301,29.0346],[-103.39498,29.03258],[-103.40077,29.03102],[-103.40245,29.03213],[-103.40344,29.03448],[-103.40467,29.03928],[-103.40881,29.03963],[-103.41188,29.03813],[-103.41541,29.03788],[-103.4174,29.04106],[-103.42012,29.04267],[-103.42356,29.04349],[-103.42775,29.04233],[-103.43223,29.04368],[-103.43075,29.04529],[-103.42868,29.04869],[-103.43083,29.05078],[-103.43354,29.05199],[-103.43467,29.05532],[-103.434,29.05708],[-103.43662,29.05802],[-103.44027,29.05763],[-103.44408,29.06017],[-103.44839,29.06378],[-103.44989,29.06539],[-103.45014,29.06728],[-103.45056,29.07026],[-103.44993,29.07271],[-103.45375,29.07241],[-103.45845,29.07263],[-103.46112,29.07247],[-103.46235,29.07169],[-103.45947,29.0687],[-103.45945,29.06725],[-103.46134,29.06738],[-103.46629,29.06642],[-103.47011,29.06619],[-103.47298,29.06835],[-103.47363,29.0711],[-103.46982,29.08017],[-103.47021,29.08553],[-103.47481,29.08667],[-103.47626,29.08809],[-103.47538,29.08957],[-103.47556,29.091],[-103.47695,29.09173],[-103.47855,29.09125],[-103.48068,29.0917],[-103.48443,29.09452],[-103.49461,29.10842],[-103.49745,29.10849],[-103.49968,29.10952],[-103.50046,29.1113],[-103.49951,29.11287],[-103.50015,29.1159],[-103.50147,29.11623],[-103.50416,29.11586],[-103.50669,29.1164],[-103.50812,29.1176],[-103.51103,29.12061],[-103.51448,29.12133],[-103.51748,29.12011],[-103.52153,29.12],[-103.52461,29.121],[-103.52354,29.12608],[-103.52379,29.13278],[-103.52285,29.13404],[-103.52302,29.13525],[-103.524,29.13643],[-103.53508,29.14279],[-103.53821,29.14413],[-103.53956,29.1461],[-103.54159,29.14594],[-103.54467,29.14484],[-103.54805,29.14229],[-103.55069,29.14413],[-103.55273,29.14701],[-103.55236,29.15093],[-103.55003,29.15378],[-103.55049,29.15625],[-103.55257,29.15733],[-103.55421,29.1579],[-103.55611,29.15599],[-103.5614,29.1553],[-103.56542,29.15416],[-103.56697,29.15501],[-103.5695,29.15542],[-103.57196,29.15411],[-103.57421,29.1535],[-103.57807,29.15013],[-103.58286,29.14939],[-103.58602,29.15011],[-103.59236,29.15026],[-103.59628,29.15191],[-103.60059,29.15788],[-103.60318,29.1581],[-103.60644,29.16041],[-103.6087,29.16465],[-103.61054,29.16577],[-103.61788,29.16349],[-103.62527,29.16321],[-103.62923,29.16271],[-103.6303,29.16197],[-103.63102,29.16013],[-103.63402,29.15858],[-103.63759,29.16053],[-103.63976,29.1612],[-103.6418,29.16071],[-103.64563,29.15929],[-103.64807,29.15698],[-103.6499,29.15641],[-103.65185,29.15749],[-103.6508,29.16111],[-103.65318,29.16286],[-103.65681,29.1691],[-103.6602,29.17093],[-103.66433,29.17088],[-103.66628,29.17188],[-103.66861,29.17389],[-103.67128,29.17328],[-103.67774,29.17388],[-103.68255,29.17628],[-103.68628,29.17635],[-103.68787,29.17856],[-103.6908,29.17824],[-103.69405,29.1769],[-103.69731,29.17719],[-103.69965,29.17812],[-103.70024,29.17936],[-103.70425,29.18469],[-103.70629,29.1851],[-103.70734,29.18371],[-103.70854,29.18483],[-103.71377,29.18501],[-103.71551,29.18127],[-103.71776,29.18056],[-103.71918,29.18139],[-103.71985,29.18328],[-103.72284,29.18917],[-103.72554,29.19267],[-103.72841,29.19272],[-103.72961,29.19464],[-103.72946,29.19653],[-103.73047,29.19794],[-103.73389,29.19968],[-103.73779,29.20263],[-103.74217,29.20861],[-103.74318,29.21508],[-103.7411,29.21757],[-103.74092,29.21942],[-103.74167,29.22078],[-103.74225,29.22169],[-103.74379,29.22191],[-103.74953,29.21975],[-103.7541,29.21952],[-103.75736,29.22067],[-103.75766,29.2231],[-103.75515,29.22476],[-103.75454,29.2275],[-103.75855,29.23294],[-103.76073,29.23343],[-103.76278,29.23275],[-103.76386,29.23156],[-103.76741,29.22844],[-103.76851,29.22727],[-103.76753,29.22583],[-103.76944,29.22127],[-103.77096,29.21953],[-103.77445,29.21989],[-103.7767,29.22005],[-103.77737,29.22181],[-103.77771,29.22389],[-103.78205,29.22798],[-103.78099,29.23334],[-103.78066,29.23738],[-103.78168,29.24128],[-103.78072,29.24382],[-103.77807,29.24318],[-103.77592,29.24411],[-103.77507,29.24795],[-103.77848,29.25204],[-103.77881,29.25561],[-103.7816,29.26111],[-103.78405,29.26547],[-103.78822,29.26548],[-103.79257,29.26256],[-103.79268,29.26247],[-103.79586,29.25972],[-103.79991,29.25857],[-103.80524,29.26046],[-103.80904,29.26639],[-103.80761,29.27016],[-103.81011,29.27305],[-103.81337,29.27397],[-103.81534,29.27335],[-103.82047,29.27073],[-103.82379,29.26999],[-103.82621,29.2692],[-103.82769,29.26988],[-103.82964,29.27097],[-103.83377,29.27246],[-103.83682,29.27395],[-103.83784,29.27574],[-103.83671,29.27705],[-103.8383,29.2783],[-103.85689,29.28185],[-103.86333,29.27922],[-103.86538,29.28189],[-103.86894,29.28065],[-103.87113,29.28158],[-103.87336,29.28345],[-103.88061,29.28496],[-103.88486,29.28423],[-103.88626,29.28056],[-103.88871,29.27898],[-103.89297,29.28155],[-103.89705,29.28531],[-103.89929,29.28741],[-103.90357,29.28698],[-103.90799,29.28507],[-103.91208,29.28374],[-103.91711,29.28422],[-103.91891,29.28504],[-103.9188,29.28653],[-103.91782,29.28793],[-103.91847,29.29003],[-103.92173,29.29211],[-103.92342,29.29337],[-103.92637,29.2944],[-103.92827,29.29375],[-103.93228,29.29354],[-103.93774,29.29283],[-103.9437,29.29495],[-103.9506,29.29586],[-103.95244,29.29759],[-103.95457,29.29689],[-103.96139,29.29866],[-103.96335,29.29815],[-103.9658,29.29859],[-103.96765,29.30003],[-103.96981,29.2973],[-103.97229,29.296],[-103.97523,29.29602],[-103.98334,29.29918],[-103.98499,29.30076],[-103.99323,29.30428],[-104.00068,29.30534],[-104.00232,29.30672],[-104.00865,29.30841],[-104.01624,29.31214],[-104.0194,29.31185],[-104.03828,29.32016],[-104.03951,29.32192],[-104.04522,29.32516],[-104.04757,29.32593],[-104.0556,29.33091],[-104.05669,29.33362],[-104.05622,29.33572],[-104.05555,29.33731],[-104.05724,29.33769],[-104.06629,29.34083],[-104.06936,29.34296],[-104.07215,29.34592],[-104.07429,29.34641],[-104.07592,29.34508],[-104.08215,29.34592],[-104.08647,29.35061],[-104.09102,29.35369],[-104.08957,29.35577],[-104.0897,29.35759],[-104.0906,29.35962],[-104.09333,29.35993],[-104.09447,29.36118],[-104.09725,29.36142],[-104.09812,29.36232],[-104.098,29.36628],[-104.10092,29.36746],[-104.10299,29.37031],[-104.10647,29.37313],[-104.10956,29.37409],[-104.1128,29.37371],[-104.11511,29.3729],[-104.11702,29.3711],[-104.12132,29.37142],[-104.12174,29.37745],[-104.12321,29.38048],[-104.12597,29.37945],[-104.12798,29.37825],[-104.13076,29.37926],[-104.13099,29.38171],[-104.1328,29.38333],[-104.13492,29.38422],[-104.13711,29.38344],[-104.13796,29.38214],[-104.13728,29.37993],[-104.1382,29.37856],[-104.13988,29.37804],[-104.14175,29.37821],[-104.14282,29.38121],[-104.14315,29.38332],[-104.14241,29.38495],[-104.14298,29.38716],[-104.14339,29.38795],[-104.14363,29.3884],[-104.14501,29.38728],[-104.14644,29.38543],[-104.14837,29.3851],[-104.15016,29.3859],[-104.15204,29.38891],[-104.15146,29.38987],[-104.15138,29.39122],[-104.15354,29.39331],[-104.15519,29.39457],[-104.15657,29.39394],[-104.15634,29.39081],[-104.15835,29.39005],[-104.16074,29.38988],[-104.16232,29.39163],[-104.165,29.39272],[-104.16744,29.39474],[-104.16843,29.39649],[-104.16629,29.39885],[-104.16454,29.40035],[-104.16525,29.40191],[-104.16609,29.40204],[-104.16793,29.40147],[-104.1694,29.40187],[-104.17113,29.40378],[-104.17066,29.40533],[-104.16941,29.4078],[-104.17086,29.40903],[-104.17344,29.41003],[-104.17494,29.40947],[-104.17732,29.40948],[-104.18003,29.41111],[-104.18007,29.41276],[-104.18067,29.41469],[-104.18208,29.41497],[-104.18327,29.41623],[-104.18392,29.41784],[-104.1831,29.4202],[-104.18215,29.42126],[-104.1809,29.42257],[-104.18094,29.42492],[-104.18153,29.42701],[-104.18401,29.42775],[-104.18599,29.42823],[-104.1873,29.42967],[-104.18888,29.43211],[-104.19061,29.43332],[-104.19292,29.43527],[-104.19377,29.43737],[-104.19282,29.43925],[-104.19383,29.44134],[-104.19755,29.44277],[-104.20819,29.4482],[-104.21117,29.44975],[-104.21253,29.45244],[-104.21564,29.45408],[-104.21813,29.45773],[-104.21659,29.45932],[-104.21348,29.46206],[-104.21243,29.46532],[-104.21282,29.46793],[-104.21074,29.47243],[-104.21094,29.47696],[-104.21067,29.47752],[-104.20903,29.48097],[-104.21111,29.48253],[-104.213,29.48413],[-104.21631,29.48446],[-104.21903,29.48341],[-104.22274,29.48261],[-104.22564,29.48183],[-104.22724,29.48028],[-104.22937,29.47905],[-104.2311,29.47907],[-104.23382,29.48654],[-104.23349,29.49273],[-104.23585,29.49674],[-104.23885,29.4983],[-104.24004,29.49732],[-104.24555,29.50098],[-104.24707,29.50293],[-104.25131,29.50527],[-104.25429,29.50671],[-104.2583,29.5061],[-104.25903,29.50625],[-104.26027,29.5065],[-104.26155,29.50769],[-104.26228,29.5102],[-104.2613,29.51096],[-104.26174,29.51346],[-104.26415,29.514],[-104.266,29.51436],[-104.26828,29.51349],[-104.2704,29.51451],[-104.27073,29.51567],[-104.27535,29.51684],[-104.2789,29.5169],[-104.29193,29.51946],[-104.29263,29.52189],[-104.29419,29.52321],[-104.29679,29.52413],[-104.30427,29.52403],[-104.30858,29.52338],[-104.31171,29.52348],[-104.31059,29.52708],[-104.31095,29.52879],[-104.31284,29.5314],[-104.31548,29.53275],[-104.31814,29.5322],[-104.32066,29.52985],[-104.32065,29.52759],[-104.32062,29.52407],[-104.32179,29.5218],[-104.32589,29.52322],[-104.33073,29.52266],[-104.33399,29.51958],[-104.33622,29.51933],[-104.33811,29.51997],[-104.35347,29.5298],[-104.35753,29.5324],[-104.3674,29.54011],[-104.36995,29.54285],[-104.37203,29.54386],[-104.37504,29.54375],[-104.37844,29.5418],[-104.38104,29.54341],[-104.39459,29.55609],[-104.39453,29.55631],[-104.39383,29.55904],[-104.39435,29.56054],[-104.39571,29.56359],[-104.39749,29.56759],[-104.39712,29.56837],[-104.39685,29.56896],[-104.39754,29.57075],[-104.39959,29.57232],[-104.4523,29.60366],[-104.45512,29.60647],[-104.45729,29.60914],[-104.46073,29.60895],[-104.46313,29.60992],[-104.46652,29.6093],[-104.46744,29.61187],[-104.46714,29.61399],[-104.46543,29.61553],[-104.46558,29.61697],[-104.46565,29.61856],[-104.46753,29.61906],[-104.46975,29.61877],[-104.47129,29.6185],[-104.4726,29.61789],[-104.47397,29.61881],[-104.47411,29.62118],[-104.47488,29.62382],[-104.47625,29.62529],[-104.47643,29.62676],[-104.47599,29.62798],[-104.47849,29.6284],[-104.48219,29.62773],[-104.4846,29.62797],[-104.4864,29.62916],[-104.48743,29.63124],[-104.48696,29.63298],[-104.48782,29.63402],[-104.49006,29.63394],[-104.49258,29.6341],[-104.49479,29.63375],[-104.49641,29.63494],[-104.49677,29.63707],[-104.49617,29.63881],[-104.49787,29.63966],[-104.50087,29.63872],[-104.50245,29.63751],[-104.50469,29.63741],[-104.50709,29.63688],[-104.50563,29.63404],[-104.50712,29.63235],[-104.50902,29.63328],[-104.51044,29.63537],[-104.51293,29.63725],[-104.51574,29.64055],[-104.51285,29.64284],[-104.50987,29.64365],[-104.51068,29.64549],[-104.5123,29.64661],[-104.51512,29.64708],[-104.51728,29.64712],[-104.51847,29.64915],[-104.51744,29.64983],[-104.51725,29.65169],[-104.5163,29.65236],[-104.51751,29.65333],[-104.51941,29.65412],[-104.52155,29.65671],[-104.52327,29.65855],[-104.52489,29.6592],[-104.52523,29.66179],[-104.52478,29.66504],[-104.52513,29.66618],[-104.5259,29.66802],[-104.52753,29.66741],[-104.52867,29.66787],[-104.52861,29.66979],[-104.53012,29.67063],[-104.53203,29.67057],[-104.53328,29.66887],[-104.53257,29.66727],[-104.53436,29.6661],[-104.53628,29.66734],[-104.53565,29.67054],[-104.53535,29.67331],[-104.53947,29.67859],[-104.54223,29.67985],[-104.54419,29.681],[-104.54352,29.6827],[-104.54062,29.68483],[-104.53772,29.68449],[-104.53377,29.68561],[-104.53044,29.68954],[-104.53068,29.69139],[-104.53609,29.693],[-104.54383,29.6963],[-104.54361,29.69783],[-104.54595,29.69961],[-104.54327,29.70362],[-104.54622,29.7092],[-104.54434,29.70987],[-104.54391,29.71119],[-104.54545,29.71376],[-104.54779,29.71441],[-104.54481,29.71553],[-104.54542,29.71671],[-104.5456,29.71704],[-104.54748,29.71769],[-104.54985,29.71619],[-104.55224,29.71712],[-104.55121,29.71932],[-104.54944,29.71982],[-104.54912,29.72077],[-104.55237,29.72323],[-104.55178,29.72531],[-104.54906,29.72719],[-104.54901,29.72882],[-104.54966,29.73105],[-104.55245,29.73189],[-104.5556,29.73122],[-104.55653,29.73296],[-104.55568,29.73477],[-104.55702,29.73545],[-104.55891,29.73478],[-104.56049,29.73535],[-104.56025,29.73671],[-104.55877,29.7381],[-104.55572,29.73808],[-104.55418,29.73863],[-104.55218,29.73844],[-104.55026,29.73809],[-104.5498,29.74064],[-104.55186,29.74206],[-104.55388,29.74305],[-104.55539,29.74187],[-104.55696,29.74533],[-104.56004,29.74721],[-104.56403,29.749],[-104.56831,29.75119],[-104.57005,29.75286],[-104.56934,29.75599],[-104.56738,29.75688],[-104.56595,29.75879],[-104.56496,29.76145],[-104.56609,29.76499],[-104.56813,29.76585],[-104.56847,29.76694],[-104.56572,29.769],[-104.56569,29.77046],[-104.57066,29.77849],[-104.57349,29.78025],[-104.57405,29.78138],[-104.57897,29.783],[-104.57824,29.78763],[-104.57981,29.78877],[-104.57987,29.79079],[-104.58246,29.7925],[-104.58116,29.79346],[-104.58151,29.79511],[-104.58356,29.79584],[-104.58641,29.79623],[-104.58921,29.79576],[-104.59095,29.79841],[-104.59047,29.79967],[-104.58891,29.79953],[-104.58673,29.80063],[-104.58632,29.80316],[-104.58915,29.80604],[-104.59106,29.80943],[-104.59247,29.81028],[-104.59402,29.80922],[-104.59236,29.80695],[-104.59316,29.8061],[-104.59509,29.8051],[-104.5965,29.80847],[-104.59915,29.81101],[-104.60044,29.81572],[-104.60332,29.81732],[-104.60412,29.81562],[-104.60694,29.8171],[-104.60699,29.81885],[-104.61008,29.81936],[-104.60828,29.82819],[-104.61044,29.8275],[-104.61359,29.8279],[-104.61434,29.82995],[-104.61786,29.82945],[-104.6195,29.83008],[-104.62026,29.83308],[-104.61508,29.83314],[-104.6105,29.83628],[-104.60944,29.83975],[-104.61097,29.8412],[-104.6138,29.84599],[-104.61577,29.84613],[-104.61904,29.84445],[-104.61924,29.84218],[-104.62112,29.8418],[-104.62463,29.84268],[-104.62435,29.84522],[-104.62148,29.8473],[-104.62157,29.8495],[-104.62242,29.85097],[-104.6266,29.85092],[-104.62893,29.85167],[-104.6301,29.85331],[-104.63017,29.86462],[-104.63165,29.86775],[-104.63327,29.87048],[-104.63633,29.87251],[-104.6371,29.87366],[-104.63979,29.87342],[-104.64163,29.87425],[-104.64186,29.87587],[-104.64611,29.87854],[-104.64576,29.88155],[-104.64702,29.88385],[-104.6508,29.88655],[-104.65228,29.88844],[-104.64999,29.89147],[-104.65333,29.8923],[-104.65362,29.89057],[-104.65678,29.88933],[-104.65865,29.89156],[-104.65784,29.8953],[-104.65893,29.89849],[-104.65904,29.90141],[-104.65599,29.90223],[-104.6548,29.9042],[-104.65594,29.90621],[-104.65896,29.90501],[-104.66244,29.90533],[-104.66164,29.9026],[-104.66426,29.9011],[-104.66559,29.90171],[-104.66602,29.90448],[-104.66584,29.90895],[-104.67041,29.91182],[-104.67233,29.91111],[-104.67412,29.91053],[-104.67728,29.91353],[-104.67616,29.916],[-104.6776,29.91887],[-104.67983,29.92092],[-104.67977,29.92466],[-104.67858,29.92664],[-104.68022,29.92774],[-104.68324,29.92945],[-104.68101,29.93],[-104.67943,29.93195],[-104.67986,29.93369],[-104.68212,29.93455],[-104.68268,29.9357],[-104.68133,29.93821],[-104.68042,29.93901],[-104.67874,29.93821],[-104.67795,29.941],[-104.67813,29.94375],[-104.68065,29.94561],[-104.68067,29.94703],[-104.67899,29.9473],[-104.6784,29.94916],[-104.67726,29.95021],[-104.67792,29.95204],[-104.67429,29.95079],[-104.67334,29.95428],[-104.67364,29.95677],[-104.67911,29.95574],[-104.68032,29.95698],[-104.68432,29.95609],[-104.68526,29.95699],[-104.68387,29.95997],[-104.6832,29.96565],[-104.68232,29.96707],[-104.6819,29.9694],[-104.68547,29.9704],[-104.683,29.97151],[-104.68244,29.97356],[-104.68011,29.97422],[-104.68015,29.977],[-104.68265,29.97698],[-104.6848,29.97509],[-104.68862,29.97356],[-104.69194,29.97386],[-104.69206,29.97603],[-104.69085,29.97805],[-104.68831,29.98017],[-104.68883,29.98213],[-104.68827,29.98472],[-104.68624,29.98478],[-104.68548,29.98994],[-104.68748,29.99076],[-104.69177,29.99151],[-104.69337,29.99404],[-104.6885,29.99373],[-104.68719,29.99682],[-104.68859,29.99902],[-104.68872,30.00198],[-104.69016,30.00371],[-104.69193,30.00184],[-104.69394,30.00177],[-104.69327,30.00608],[-104.69385,30.00729],[-104.69067,30.00818],[-104.68956,30.01046],[-104.68964,30.01495],[-104.69359,30.01908],[-104.6976,30.01944],[-104.70231,30.02132],[-104.704,30.02421],[-104.70049,30.0337],[-104.7011,30.03553],[-104.69577,30.03732],[-104.69718,30.04028],[-104.69934,30.04228],[-104.70472,30.04815],[-104.70629,30.04917],[-104.70687,30.05069],[-104.70368,30.05534],[-104.70525,30.05855],[-104.70221,30.06019],[-104.70358,30.06453],[-104.69823,30.06529],[-104.69548,30.06668],[-104.6939,30.06891],[-104.69105,30.07063],[-104.69306,30.07144],[-104.69361,30.07325],[-104.69263,30.0742],[-104.68802,30.07347],[-104.68661,30.07636],[-104.69003,30.07586],[-104.69077,30.07802],[-104.68576,30.08233],[-104.68669,30.08374],[-104.685,30.08564],[-104.68662,30.08734],[-104.68798,30.08591],[-104.68945,30.08529],[-104.68895,30.08749],[-104.69016,30.08971],[-104.68695,30.09033],[-104.6855,30.09321],[-104.68569,30.09596],[-104.68481,30.1001],[-104.68667,30.09914],[-104.68778,30.09681],[-104.68897,30.09496],[-104.69001,30.09634],[-104.69215,30.09608],[-104.69206,30.09907],[-104.69438,30.10189],[-104.69322,30.10332],[-104.69209,30.1073],[-104.69174,30.10872],[-104.69003,30.10787],[-104.69005,30.10621],[-104.68707,30.10534],[-104.68608,30.10687],[-104.68584,30.11067],[-104.69171,30.11138],[-104.69161,30.1158],[-104.68976,30.11613],[-104.69098,30.11789],[-104.6932,30.11837],[-104.6937,30.11696],[-104.69508,30.11781],[-104.69426,30.11998],[-104.69402,30.1223],[-104.69568,30.12561],[-104.69505,30.12973],[-104.69537,30.13213],[-104.6964,30.13375],[-104.69642,30.13502],[-104.69491,30.13453],[-104.69317,30.13543],[-104.69212,30.13866],[-104.69047,30.13861],[-104.68874,30.13772],[-104.68973,30.14063],[-104.68832,30.14179],[-104.68629,30.14146],[-104.68637,30.14245],[-104.68573,30.14371],[-104.6854,30.14453],[-104.68569,30.14558],[-104.68823,30.14529],[-104.68965,30.14608],[-104.68827,30.14747],[-104.68918,30.14837],[-104.69006,30.14972],[-104.68727,30.15107],[-104.68704,30.15274],[-104.68956,30.1541],[-104.68769,30.159],[-104.68751,30.1622],[-104.6884,30.16513],[-104.68818,30.16719],[-104.68711,30.1687],[-104.68633,30.17328],[-104.68798,30.17639],[-104.68671,30.17862],[-104.6873,30.17946],[-104.69076,30.18304],[-104.69269,30.18709],[-104.69302,30.18908],[-104.69597,30.19024],[-104.69723,30.1918],[-104.69612,30.19496],[-104.69704,30.1978],[-104.69967,30.19872],[-104.70046,30.2055],[-104.70193,30.20638],[-104.70398,30.2067],[-104.70508,30.2085],[-104.70279,30.21174],[-104.70247,30.21278],[-104.70526,30.21693],[-104.70793,30.21854],[-104.71124,30.22292],[-104.71142,30.22432],[-104.70807,30.22608],[-104.70597,30.235],[-104.70878,30.23571],[-104.71317,30.23796],[-104.71488,30.24105],[-104.71833,30.24424],[-104.71888,30.2469],[-104.72159,30.24789],[-104.7243,30.25005],[-104.72398,30.25161],[-104.72415,30.25305],[-104.72752,30.25444],[-104.72896,30.25696],[-104.73032,30.25894],[-104.73382,30.26122],[-104.73736,30.26138],[-104.73687,30.25923],[-104.73708,30.25814],[-104.736,30.25697],[-104.73709,30.25593],[-104.73927,30.25767],[-104.74045,30.25945],[-104.74966,30.26126],[-104.75157,30.26364],[-104.75018,30.26595],[-104.74808,30.27269],[-104.74848,30.27429],[-104.75044,30.27166],[-104.7511,30.27388],[-104.75323,30.27356],[-104.75396,30.27218],[-104.75507,30.27185],[-104.75662,30.27419],[-104.7579,30.27404],[-104.75751,30.27169],[-104.75991,30.27165],[-104.7606,30.27231],[-104.75981,30.2739],[-104.76028,30.27448],[-104.7625,30.27444],[-104.76315,30.27508],[-104.76066,30.27704],[-104.75789,30.2824],[-104.75817,30.28591],[-104.75921,30.28825],[-104.75933,30.29371],[-104.76129,30.30061],[-104.76465,30.30333],[-104.76691,30.30357],[-104.76703,30.30584],[-104.77132,30.30361],[-104.77326,30.30269],[-104.77508,30.30416],[-104.77674,30.3044],[-104.77858,30.30336],[-104.7795,30.30345],[-104.77963,30.30573],[-104.77703,30.30685],[-104.77656,30.30964],[-104.77779,30.31122],[-104.77918,30.31287],[-104.78346,30.31633],[-104.78501,30.31654],[-104.7863,30.31598],[-104.78923,30.31873],[-104.7888,30.32184],[-104.79118,30.32198],[-104.7914,30.32552],[-104.79501,30.32719],[-104.79729,30.33034],[-104.80342,30.33095],[-104.80575,30.33276],[-104.80941,30.33343],[-104.81087,30.33273],[-104.81185,30.3336],[-104.81108,30.33514],[-104.81089,30.33763],[-104.81022,30.33917],[-104.80996,30.34137],[-104.81372,30.34375],[-104.81542,30.34367],[-104.81863,30.34738],[-104.81962,30.34679],[-104.82229,30.34966],[-104.82259,30.35127],[-104.82139,30.35197],[-104.8184,30.35186],[-104.81438,30.35349],[-104.81387,30.36039],[-104.81173,30.36123],[-104.81066,30.36275],[-104.81135,30.3667],[-104.81288,30.3669],[-104.81466,30.36633],[-104.81617,30.36586],[-104.81942,30.36817],[-104.81922,30.37105],[-104.81708,30.37228],[-104.81589,30.37372],[-104.8176,30.37575],[-104.81981,30.37479],[-104.82792,30.37305],[-104.83749,30.37391],[-104.83865,30.37585],[-104.84303,30.37825],[-104.84561,30.37921],[-104.8481,30.38377],[-104.85381,30.38532],[-104.85952,30.39041],[-104.85639,30.39503],[-104.85428,30.40068],[-104.85528,30.40138],[-104.85744,30.40896],[-104.85474,30.41138],[-104.85211,30.41224],[-104.85076,30.41396],[-104.84727,30.4139],[-104.8489,30.41773],[-104.84787,30.41998],[-104.84918,30.42156],[-104.84978,30.41965],[-104.85242,30.41879],[-104.85307,30.42051],[-104.85545,30.42089],[-104.85679,30.42182],[-104.85662,30.42424],[-104.85915,30.4262],[-104.8605,30.42575],[-104.86156,30.42666],[-104.86107,30.4289],[-104.8583,30.43164],[-104.85817,30.43321],[-104.85889,30.43477],[-104.85796,30.43726],[-104.86022,30.43991],[-104.862,30.44016],[-104.86499,30.44127],[-104.86793,30.44107],[-104.86759,30.44392],[-104.8654,30.44486],[-104.86585,30.44649],[-104.86446,30.44997],[-104.86584,30.45284],[-104.86848,30.45395],[-104.86987,30.45865],[-104.86871,30.46323],[-104.86612,30.46479],[-104.86609,30.46738],[-104.86672,30.46979],[-104.86938,30.47412],[-104.86919,30.47823],[-104.8695,30.47931],[-104.87115,30.47962],[-104.8721,30.48039],[-104.8695,30.48464],[-104.86725,30.48493],[-104.86738,30.48833],[-104.86637,30.49214],[-104.86676,30.49504],[-104.86985,30.4941],[-104.87383,30.49521],[-104.8728,30.49842],[-104.8722,30.50172],[-104.8734,30.50399],[-104.87234,30.50794],[-104.87192,30.51086],[-104.87308,30.51191],[-104.87353,30.51398],[-104.87679,30.511],[-104.87986,30.51779],[-104.88256,30.51633],[-104.88574,30.51845],[-104.88491,30.51979],[-104.88368,30.52064],[-104.88102,30.52053],[-104.88188,30.52224],[-104.88458,30.5237],[-104.88587,30.52463],[-104.88397,30.52616],[-104.88324,30.5246],[-104.88126,30.5237],[-104.88056,30.52893],[-104.882,30.53189],[-104.88938,30.53514],[-104.891,30.54111],[-104.88912,30.54194],[-104.88744,30.54397],[-104.88767,30.54652],[-104.88895,30.54691],[-104.89015,30.54596],[-104.89039,30.54754],[-104.88976,30.54904],[-104.89171,30.55027],[-104.89396,30.55072],[-104.89223,30.55142],[-104.89301,30.55302],[-104.89594,30.55289],[-104.89798,30.55461],[-104.89609,30.56223],[-104.8975,30.56619],[-104.89882,30.5681],[-104.899,30.5704],[-104.90109,30.57185],[-104.90203,30.57337],[-104.90507,30.57635],[-104.90716,30.57702],[-104.90764,30.58245],[-104.90962,30.58521],[-104.91333,30.58598],[-104.9169,30.58519],[-104.91876,30.58554],[-104.92132,30.58987],[-104.9202,30.59049],[-104.91879,30.59459],[-104.91906,30.59642],[-104.91872,30.59766],[-104.91983,30.59741],[-104.92125,30.59802],[-104.92194,30.59898],[-104.92182,30.6023],[-104.92293,30.60385],[-104.9248,30.60483],[-104.92664,30.60513],[-104.92822,30.60318],[-104.92993,30.5992],[-104.93426,30.59985],[-104.9364,30.60203],[-104.93675,30.60301],[-104.93848,30.60364],[-104.94019,30.60277],[-104.94106,30.60282],[-104.94149,30.60396],[-104.94299,30.60377],[-104.94353,30.60296],[-104.94539,30.60308],[-104.94649,30.6046],[-104.94795,30.60471],[-104.95082,30.60405],[-104.95216,30.60528],[-104.95387,30.60637],[-104.95376,30.60769],[-104.95492,30.6093],[-104.95989,30.61067],[-104.96349,30.60877],[-104.96727,30.60793],[-104.97207,30.61026],[-104.97551,30.61425],[-104.97429,30.61641],[-104.97536,30.6173],[-104.97653,30.61753],[-104.97776,30.61841],[-104.97863,30.62085],[-104.98029,30.62204],[-104.98014,30.62514],[-104.97952,30.62671],[-104.97996,30.62923],[-104.98,30.62948],[-104.98176,30.63004],[-104.98398,30.63521],[-104.9845,30.64125],[-104.98378,30.64263],[-104.98552,30.65006],[-104.98518,30.65313],[-104.98521,30.65544],[-104.9863,30.66106],[-104.98625,30.66288],[-104.99043,30.66337],[-104.99134,30.66518],[-104.99313,30.66501],[-104.99362,30.66579],[-104.99313,30.66695],[-104.99403,30.6686],[-104.99786,30.66898],[-104.99914,30.67097],[-105.00124,30.67258],[-105.00206,30.68097],[-105.00435,30.68308],[-105.00552,30.68304],[-105.00622,30.6856],[-105.00742,30.68645],[-105.01029,30.68464],[-105.0122,30.68388],[-105.01298,30.6825],[-105.01597,30.68278],[-105.0167,30.68472],[-105.01793,30.68517],[-105.02014,30.68364],[-105.02118,30.68149],[-105.02456,30.68148],[-105.02631,30.68063],[-105.02723,30.67888],[-105.02878,30.68026],[-105.03158,30.68073],[-105.03374,30.68305],[-105.03594,30.68664],[-105.03974,30.68869],[-105.04127,30.68887],[-105.04271,30.68735],[-105.04455,30.68781],[-105.04515,30.68886],[-105.0457,30.6889],[-105.04699,30.68839],[-105.04724,30.68762],[-105.04561,30.68574],[-105.04438,30.68329],[-105.04578,30.68188],[-105.04524,30.68061],[-105.04549,30.67989],[-105.04845,30.68051],[-105.04754,30.6817],[-105.04871,30.68251],[-105.05081,30.68217],[-105.05173,30.68152],[-105.05502,30.68208],[-105.05555,30.68241],[-105.05466,30.68388],[-105.05426,30.68526],[-105.05564,30.68554],[-105.0567,30.68786],[-105.059,30.68811],[-105.06,30.68721],[-105.06,30.68624],[-105.06158,30.68574],[-105.06233,30.6863],[-105.0635,30.68869],[-105.06301,30.69098],[-105.06173,30.69446],[-105.06171,30.69602],[-105.06266,30.69702],[-105.06232,30.69789],[-105.06263,30.69858],[-105.06402,30.69842],[-105.06527,30.69841],[-105.06708,30.69946],[-105.06787,30.70103],[-105.06806,30.70227],[-105.06815,30.70365],[-105.06878,30.70358],[-105.06892,30.70302],[-105.06924,30.70224],[-105.07049,30.70178],[-105.07244,30.70177],[-105.07349,30.70155],[-105.07458,30.70188],[-105.0756,30.70184],[-105.07679,30.70126],[-105.07705,30.70048],[-105.0774,30.70001],[-105.0784,30.6997],[-105.07944,30.6998],[-105.08054,30.69964],[-105.08101,30.69993],[-105.08113,30.70034],[-105.08077,30.70124],[-105.08092,30.70148],[-105.08174,30.70128],[-105.08239,30.70139],[-105.08261,30.70187],[-105.08244,30.70238],[-105.08186,30.70298],[-105.08089,30.70303],[-105.08033,30.70317],[-105.07965,30.70368],[-105.07926,30.70482],[-105.07954,30.70566],[-105.08043,30.70628],[-105.0802,30.70724],[-105.08044,30.70808],[-105.08129,30.70854],[-105.0824,30.70865],[-105.08299,30.70969],[-105.08357,30.71001],[-105.08495,30.70987],[-105.08718,30.70975],[-105.08759,30.71006],[-105.08782,30.71066],[-105.08784,30.71165],[-105.08743,30.71239],[-105.08698,30.71426],[-105.08716,30.71482],[-105.0878,30.71561],[-105.08895,30.7159],[-105.09013,30.71681],[-105.09106,30.71718],[-105.09295,30.71717],[-105.09369,30.71702],[-105.0948,30.71722],[-105.09503,30.71711],[-105.09531,30.71606],[-105.09621,30.71592],[-105.09679,30.71622],[-105.09818,30.71648],[-105.09852,30.71677],[-105.09868,30.71778],[-105.09828,30.71891],[-105.09838,30.72004],[-105.09866,30.72047],[-105.09928,30.72087],[-105.09952,30.72177],[-105.09996,30.72221],[-105.10092,30.72254],[-105.10245,30.72253],[-105.1043,30.72303],[-105.10544,30.72368],[-105.10557,30.72445],[-105.10502,30.72488],[-105.1039,30.7253],[-105.10338,30.72617],[-105.1034,30.72706],[-105.10389,30.72783],[-105.1033,30.72881],[-105.10383,30.72948],[-105.10479,30.7299],[-105.10593,30.73061],[-105.10692,30.73037],[-105.1076,30.72994],[-105.1088,30.73009],[-105.11018,30.73129],[-105.11041,30.73212],[-105.11146,30.73271],[-105.11182,30.73326],[-105.11159,30.73608],[-105.11071,30.73775],[-105.11092,30.73871],[-105.1099,30.73926],[-105.10991,30.74001],[-105.11044,30.74029],[-105.11203,30.74025],[-105.11225,30.74067],[-105.1116,30.74192],[-105.11094,30.74258],[-105.11068,30.74337],[-105.11382,30.746],[-105.11498,30.74548],[-105.11619,30.74456],[-105.11593,30.74358],[-105.11709,30.74299],[-105.11863,30.74318],[-105.11994,30.74323],[-105.12053,30.74406],[-105.12086,30.74522],[-105.12065,30.74629],[-105.11943,30.74752],[-105.11951,30.74819],[-105.1191,30.74856],[-105.11802,30.74908],[-105.11829,30.74973],[-105.11926,30.74999],[-105.12003,30.74998],[-105.12099,30.74962],[-105.12326,30.7495],[-105.12428,30.74923],[-105.12548,30.74807],[-105.12723,30.74777],[-105.12848,30.74836],[-105.12906,30.74999],[-105.13021,30.75057],[-105.13282,30.75064],[-105.13535,30.75144],[-105.13722,30.75174],[-105.13827,30.75252],[-105.13971,30.753],[-105.14057,30.75221],[-105.14139,30.75288],[-105.14177,30.75413],[-105.14256,30.75498],[-105.14377,30.7552],[-105.14468,30.75481],[-105.14715,30.75365],[-105.14849,30.75235],[-105.15236,30.75145],[-105.15457,30.75277],[-105.15653,30.75393],[-105.15744,30.75342],[-105.15818,30.75286],[-105.16113,30.75206],[-105.16174,30.7525],[-105.16194,30.75351],[-105.16126,30.75479],[-105.1613,30.75626],[-105.16052,30.75771],[-105.15874,30.75939],[-105.15776,30.76166],[-105.15764,30.76657],[-105.15612,30.76958],[-105.15648,30.76999],[-105.15901,30.77101],[-105.16069,30.77032],[-105.16281,30.77072],[-105.16482,30.77249],[-105.16573,30.77392],[-105.16649,30.77595],[-105.16666,30.77658],[-105.16876,30.77594],[-105.1694,30.77408],[-105.17072,30.77173],[-105.1725,30.77053],[-105.17381,30.76817],[-105.17392,30.76765],[-105.17537,30.76742],[-105.17683,30.76815],[-105.17757,30.76929],[-105.17937,30.77115],[-105.1803,30.77337],[-105.18228,30.77637],[-105.18344,30.77664],[-105.1844,30.77652],[-105.18514,30.77772],[-105.18517,30.78059],[-105.18439,30.78148],[-105.18521,30.78199],[-105.1856,30.78326],[-105.18624,30.78471],[-105.18743,30.78478],[-105.19041,30.78554],[-105.19099,30.78597],[-105.19231,30.78892],[-105.19275,30.79013],[-105.19437,30.79103],[-105.19514,30.79214],[-105.19576,30.79221],[-105.1991,30.78902],[-105.20051,30.78737],[-105.20276,30.78805],[-105.2047,30.78755],[-105.20695,30.78587],[-105.20702,30.78432],[-105.20922,30.78263],[-105.20999,30.78265],[-105.21143,30.7818],[-105.21413,30.78263],[-105.21432,30.78335],[-105.2154,30.78382],[-105.21857,30.78524],[-105.21978,30.78642],[-105.22015,30.78776],[-105.22005,30.7889],[-105.2184,30.79174],[-105.21694,30.79338],[-105.21521,30.79286],[-105.21317,30.79315],[-105.21148,30.79448],[-105.21148,30.79538],[-105.2107,30.79688],[-105.20992,30.79707],[-105.20959,30.79781],[-105.21027,30.79842],[-105.21112,30.79958],[-105.21264,30.80006],[-105.2138,30.80171],[-105.21394,30.80221],[-105.21401,30.80245],[-105.2138,30.80282],[-105.2138,30.80348],[-105.21468,30.80512],[-105.21502,30.80589],[-105.21671,30.8058],[-105.21767,30.80596],[-105.21841,30.80567],[-105.2199,30.80435],[-105.2234,30.80083],[-105.22479,30.80057],[-105.22577,30.79957],[-105.22789,30.7992],[-105.22905,30.80029],[-105.22835,30.80172],[-105.22839,30.80287],[-105.23002,30.80383],[-105.2309,30.80372],[-105.23213,30.80308],[-105.23385,30.80302],[-105.2344,30.80266],[-105.23557,30.80275],[-105.23633,30.80315],[-105.2375,30.80353],[-105.2383,30.8036],[-105.23889,30.80259],[-105.23971,30.80227],[-105.24178,30.80218],[-105.24296,30.80149],[-105.24374,30.80024],[-105.24448,30.79981],[-105.24562,30.80043],[-105.24766,30.80019],[-105.25009,30.79915],[-105.25124,30.79759],[-105.25282,30.79581],[-105.25391,30.79587],[-105.25554,30.79518],[-105.25668,30.79444],[-105.25794,30.79471],[-105.2592,30.7965],[-105.26123,30.7985],[-105.26383,30.79994],[-105.2655,30.80255],[-105.26566,30.80514],[-105.26594,30.80687],[-105.26672,30.80838],[-105.26848,30.80935],[-105.27202,30.80922],[-105.27276,30.80827],[-105.27437,30.80809],[-105.27556,30.80694],[-105.27656,30.80822],[-105.27701,30.8103],[-105.27756,30.8116],[-105.27922,30.81291],[-105.27909,30.81439],[-105.2794,30.8157],[-105.28218,30.81818],[-105.28431,30.81873],[-105.28721,30.81786],[-105.28795,30.81788],[-105.28851,30.81852],[-105.28866,30.8196],[-105.28937,30.82111],[-105.28947,30.82245],[-105.28926,30.82378],[-105.2904,30.82511],[-105.29222,30.82631],[-105.29416,30.82627],[-105.2988,30.82569],[-105.30017,30.82465],[-105.30083,30.82279],[-105.30099,30.82061],[-105.30052,30.81933],[-105.30286,30.81497],[-105.30605,30.81004],[-105.30654,30.80971],[-105.30759,30.81003],[-105.30886,30.81109],[-105.30878,30.81373],[-105.30818,30.8143],[-105.30849,30.81506],[-105.30908,30.81541],[-105.31018,30.81652],[-105.31077,30.81534],[-105.31137,30.81402],[-105.31269,30.81308],[-105.3144,30.81234],[-105.3148,30.81147],[-105.3161,30.81095],[-105.31702,30.81099],[-105.3186,30.81217],[-105.3186,30.81304],[-105.31783,30.8155],[-105.31759,30.81719],[-105.31596,30.81872],[-105.31641,30.82007],[-105.31784,30.82149],[-105.31897,30.82485],[-105.31824,30.82652],[-105.31806,30.82761],[-105.3189,30.82872],[-105.31965,30.82908],[-105.32008,30.82851],[-105.32011,30.82745],[-105.32235,30.82775],[-105.32441,30.82833],[-105.32548,30.82745],[-105.32676,30.82622],[-105.32704,30.82471],[-105.32887,30.82483],[-105.32978,30.82543],[-105.33003,30.82649],[-105.32776,30.83031],[-105.32833,30.83149],[-105.33109,30.83226],[-105.33413,30.83363],[-105.33551,30.83342],[-105.33719,30.83348],[-105.33741,30.83576],[-105.33792,30.83785],[-105.33875,30.83965],[-105.33929,30.84048],[-105.34168,30.84047],[-105.34269,30.841],[-105.34575,30.84061],[-105.34737,30.83952],[-105.34739,30.83827],[-105.34969,30.83689],[-105.35184,30.83556],[-105.35334,30.83592],[-105.35442,30.83798],[-105.35375,30.83915],[-105.35306,30.84128],[-105.35387,30.84276],[-105.35619,30.8442],[-105.35801,30.84555],[-105.35933,30.84577],[-105.35995,30.8463],[-105.36041,30.84858],[-105.36135,30.85],[-105.36159,30.85055],[-105.36204,30.85055],[-105.36385,30.84975],[-105.36764,30.84769],[-105.37189,30.84757],[-105.37304,30.84818],[-105.37468,30.84887],[-105.37495,30.84994],[-105.37546,30.84975],[-105.3769,30.84865],[-105.3777,30.849],[-105.37672,30.85088],[-105.37716,30.85128],[-105.3779,30.85109],[-105.37977,30.8506],[-105.38189,30.85119],[-105.38294,30.85207],[-105.38363,30.85194],[-105.38405,30.85071],[-105.38478,30.85054],[-105.38552,30.85124],[-105.38588,30.85206],[-105.38697,30.85361],[-105.38784,30.85364],[-105.38904,30.85236],[-105.38997,30.85214],[-105.39104,30.85229],[-105.39195,30.85059],[-105.39308,30.85096],[-105.3941,30.85084],[-105.39451,30.85023],[-105.39406,30.84953],[-105.39436,30.84907],[-105.39536,30.84907],[-105.39642,30.84988],[-105.39801,30.85118],[-105.40046,30.85262],[-105.40167,30.85456],[-105.40045,30.85675],[-105.39906,30.85787],[-105.39522,30.85929],[-105.39452,30.86129],[-105.39503,30.86211],[-105.3944,30.86311],[-105.39501,30.86399],[-105.39598,30.86409],[-105.39576,30.86471],[-105.39364,30.86701],[-105.39401,30.86809],[-105.39479,30.86969],[-105.39444,30.87066],[-105.39496,30.87108],[-105.39425,30.87196],[-105.39202,30.87318],[-105.3913,30.87385],[-105.39141,30.87435],[-105.39284,30.87594],[-105.39399,30.87643],[-105.39498,30.8763],[-105.39762,30.87624],[-105.40044,30.87687],[-105.40258,30.87879],[-105.40416,30.87968],[-105.40386,30.88065],[-105.40312,30.88151],[-105.40098,30.8825],[-105.39928,30.884],[-105.39883,30.88533],[-105.40001,30.8863],[-105.39995,30.88756],[-105.39949,30.88795],[-105.39987,30.88907],[-105.40129,30.89017],[-105.40214,30.89028],[-105.40337,30.89181],[-105.40442,30.89192],[-105.40632,30.89063],[-105.40823,30.88929],[-105.41038,30.88901],[-105.41165,30.8885],[-105.41227,30.8887],[-105.4121,30.88942],[-105.41235,30.89003],[-105.4119,30.89086],[-105.41076,30.89143],[-105.41053,30.89188],[-105.4107,30.89247],[-105.41211,30.89372],[-105.41229,30.8944],[-105.41355,30.89807],[-105.4138,30.89957],[-105.41505,30.89995],[-105.41927,30.90036],[-105.42166,30.90048],[-105.42476,30.901],[-105.42562,30.9004],[-105.42628,30.90077],[-105.42882,30.90468],[-105.43014,30.9056],[-105.43239,30.90602],[-105.43456,30.90769],[-105.43617,30.90748],[-105.43953,30.90871],[-105.44092,30.90836],[-105.44224,30.90928],[-105.4446,30.91304],[-105.44534,30.91533],[-105.44545,30.91628],[-105.44432,30.91726],[-105.44557,30.91853],[-105.44713,30.91959],[-105.44805,30.91878],[-105.44866,30.91772],[-105.44999,30.91709],[-105.45107,30.91586],[-105.45209,30.91565],[-105.45315,30.91621],[-105.45336,30.91737],[-105.45437,30.91943],[-105.45375,30.91979],[-105.45242,30.91988],[-105.45199,30.92012],[-105.45121,30.92175],[-105.4512,30.92396],[-105.4516,30.92483],[-105.45297,30.92508],[-105.45646,30.92454],[-105.45779,30.92492],[-105.45947,30.92479],[-105.46075,30.9254],[-105.46261,30.92499],[-105.46493,30.92581],[-105.46546,30.92455],[-105.46653,30.9242],[-105.46734,30.92555],[-105.46721,30.92714],[-105.46745,30.9282],[-105.46755,30.92967],[-105.46985,30.93116],[-105.47079,30.93124],[-105.47071,30.93276],[-105.47089,30.93376],[-105.4736,30.93439],[-105.47421,30.934],[-105.47592,30.93382],[-105.47714,30.93599],[-105.47822,30.93821],[-105.48192,30.94074],[-105.48414,30.94109],[-105.48629,30.94257],[-105.48803,30.94328],[-105.48944,30.94549],[-105.49111,30.94705],[-105.49373,30.94946],[-105.49481,30.94936],[-105.49665,30.94946],[-105.49843,30.95011],[-105.49899,30.95072],[-105.49809,30.95184],[-105.49754,30.95308],[-105.49646,30.95433],[-105.4969,30.95513],[-105.49577,30.95578],[-105.4942,30.9553],[-105.49395,30.95562],[-105.49413,30.95732],[-105.49699,30.9614],[-105.49796,30.96213],[-105.49898,30.96341],[-105.50006,30.96595],[-105.50197,30.96774],[-105.50276,30.96791],[-105.50367,30.96796],[-105.50667,30.96651],[-105.50824,30.96629],[-105.51184,30.96649],[-105.51376,30.96626],[-105.51422,30.96608],[-105.51492,30.96522],[-105.51572,30.96486],[-105.51686,30.96721],[-105.51681,30.96925],[-105.51773,30.97032],[-105.51786,30.9711],[-105.51963,30.97254],[-105.52034,30.97297],[-105.52132,30.97469],[-105.52147,30.97528],[-105.52165,30.97598],[-105.52209,30.97655],[-105.52298,30.9769],[-105.52471,30.97719],[-105.52634,30.97765],[-105.52738,30.97845],[-105.53227,30.98431],[-105.53309,30.98486],[-105.53579,30.98502],[-105.53804,30.98573],[-105.54057,30.98495],[-105.54189,30.98455],[-105.54368,30.98475],[-105.55404,30.98812],[-105.55617,30.98894],[-105.55743,30.99023],[-105.56368,30.99755],[-105.56568,31.00234],[-105.5701,31.0082],[-105.57023,31.00897],[-105.56887,31.01359],[-105.56876,31.01461],[-105.56896,31.01537],[-105.57053,31.01801],[-105.57115,31.01866],[-105.57198,31.01894],[-105.57685,31.01947],[-105.57815,31.02022],[-105.57911,31.02164],[-105.5814,31.02685],[-105.58106,31.02816],[-105.57991,31.03039],[-105.57951,31.03409],[-105.57954,31.0354],[-105.57986,31.03666],[-105.58485,31.05633],[-105.58532,31.05749],[-105.58716,31.05936],[-105.5886,31.06055],[-105.59447,31.06369],[-105.59592,31.06484],[-105.59877,31.07493],[-105.60333,31.08262],[-105.60447,31.08374],[-105.6061,31.08503],[-105.62735,31.09855],[-105.62852,31.09866],[-105.63983,31.09765],[-105.64085,31.0978],[-105.64189,31.09832],[-105.64259,31.09937],[-105.64673,31.11391],[-105.6476,31.11498],[-105.64883,31.1159],[-105.65883,31.11946],[-105.65986,31.11968],[-105.66117,31.11983],[-105.66228,31.12029],[-105.66347,31.12111],[-105.66503,31.12175],[-105.66912,31.1231],[-105.67942,31.12603],[-105.69341,31.13082],[-105.70949,31.13638],[-105.71618,31.14057],[-105.71701,31.14144],[-105.71752,31.14241],[-105.71769,31.14344],[-105.71775,31.14476],[-105.7183,31.14721],[-105.71876,31.14829],[-105.71954,31.14916],[-105.74156,31.16438],[-105.74268,31.1649],[-105.74368,31.16525],[-105.74443,31.16536],[-105.76353,31.16412],[-105.76956,31.16488],[-105.77178,31.16592],[-105.77326,31.1669],[-105.77385,31.16803],[-105.77427,31.16937],[-105.77536,31.17464],[-105.77613,31.17652],[-105.77912,31.181],[-105.78002,31.18267],[-105.78025,31.18494],[-105.78005,31.18607],[-105.77964,31.18763],[-105.77946,31.18985],[-105.77972,31.19128],[-105.78078,31.19363],[-105.78289,31.19756],[-105.78355,31.19829],[-105.78468,31.19898],[-105.78631,31.19955],[-105.79141,31.20098],[-105.79318,31.20154],[-105.79439,31.20224],[-105.81883,31.23068],[-105.82562,31.23716],[-105.83572,31.24681],[-105.85051,31.26527],[-105.8517,31.26786],[-105.85337,31.27177],[-105.85406,31.27275],[-105.85727,31.27499],[-105.85846,31.27611],[-105.86372,31.28235],[-105.86916,31.28881],[-105.87046,31.2898],[-105.87511,31.29149],[-105.87639,31.29167],[-105.87809,31.29154],[-105.89087,31.29001],[-105.89315,31.29038],[-105.89459,31.29101],[-105.89622,31.29237],[-105.8967,31.29312],[-105.9021,31.30373],[-105.90347,31.30699],[-105.90669,31.31004],[-105.90704,31.31128],[-105.90739,31.31221],[-105.90741,31.31223],[-105.90795,31.31256],[-105.90877,31.31277],[-105.91116,31.31298],[-105.9142,31.31304],[-105.9181,31.31263],[-105.92209,31.31198],[-105.93102,31.31271],[-105.93255,31.31312],[-105.93845,31.31873],[-105.94781,31.33987],[-105.94783,31.34116],[-105.9455,31.35072],[-105.94549,31.35208],[-105.94585,31.35321],[-105.95379,31.36475],[-105.95469,31.36518],[-105.9556,31.3653],[-105.96871,31.36562],[-105.9701,31.36594],[-105.98205,31.37587],[-105.99713,31.38725],[-105.97227,31.40831],[-105.95433,31.42347],[-105.95855,31.42346],[-105.95926,31.47842],[-105.99325,31.47839],[-105.99269,31.50011],[-105.99341,31.56375],[-105.99389,31.60669],[-105.99476,31.67969],[-105.99541,31.74817],[-105.99577,31.75011],[-105.99618,31.82936],[-105.99678,31.90159],[-105.99705,31.92764],[-105.99711,31.93341],[-105.99781,32.0001],[-105.998,32.00233],[-105.9006,32.0021],[-105.88616,32.00197],[-105.85406,32.00235],[-105.75053,32.00221],[-105.73136,32.00156],[-105.47326,32.00072],[-105.42928,32.00058],[-105.42858,32.0006],[-105.42705,32.00064],[-105.3904,32.00061],[-105.15399,32.0005],[-105.15031,32.0005],[-105.14824,32.00048],[-105.13292,32.00052],[-105.13138,32.00052],[-105.11804,32.00048],[-105.0786,32.00053],[-105.07705,32.00058],[-104.91888,32.00042],[-104.91836,32.00042],[-104.84774,32.00008],[-104.83289,32.00001],[-104.77211,31.99749],[-104.75479,31.99777],[-104.75456,32.00053],[-104.66646,32.00041],[-104.53176,32.00012],[-104.32964,32.00007],[-104.02452,32.00001],[-103.98018,32.00012],[-103.87548,32.00055],[-103.74832,32.0002],[-103.72288,32.00021],[-103.3265,32.00037],[-103.27852,32.00042],[-103.27038,32.00033],[-103.26771,32.00032],[-103.26763,32.00048],[-103.21564,32.00051],[-103.16513,32.00049],[-103.0887,32.00045],[-103.08588,32.00046],[-103.06442,32.00052],[-103.06434,32.08705],[-103.06435,32.12304],[-103.06442,32.14501],[-103.06451,32.27076],[-103.06456,32.33465],[-103.0647,32.52192],[-103.0647,32.52219],[-103.06471,32.53843],[-103.06473,32.55227],[-103.06474,32.56221],[-103.06476,32.58798],[-103.06479,32.6004],[-103.06476,32.60186],[-103.06481,32.62454],[-103.06463,32.64642],[-103.06486,32.68265],[-103.0648,32.69076],[-103.0648,32.70869],[-103.06481,32.71382],[-103.06483,32.72663],[-103.06483,32.72695],[-103.06483,32.72696],[-103.06482,32.74128],[-103.06481,32.7773],[-103.0647,32.7836],[-103.06471,32.78459],[-103.06471,32.79836],[-103.0647,32.82753],[-103.06467,32.82847],[-103.06489,32.84936],[-103.06492,32.85726],[-103.06481,32.8577],[-103.06486,32.86835],[-103.0647,32.87935],[-103.06457,32.89988],[-103.06457,32.90001],[-103.06466,32.9591],[-103.00049,32.95951],[-102.99698,32.95918],[-102.85463,32.95879],[-102.8415,32.95873],[-102.81847,32.9587],[-102.8177,32.9587],[-102.79587,32.95867],[-102.7938,32.95855],[-102.7605,32.95882],[-102.7517,32.95897],[-102.74978,32.95887],[-102.73263,32.95885],[-102.59502,32.95883],[-102.58902,32.95873],[-102.58878,32.95868],[-102.48526,32.95876],[-102.46801,32.95887],[-102.43508,32.95884],[-102.43355,32.95865],[-102.33053,32.95888],[-102.26108,32.95884],[-102.25027,32.95875],[-102.24397,32.95859],[-102.23566,32.95857],[-102.2253,32.95893],[-102.20852,32.95896],[-102.1989,32.959],[-102.12545,32.95945],[-102.1245,32.95929],[-102.07621,32.9597],[-102.01573,32.96021],[-101.9984,32.96034],[-101.99792,32.96034],[-101.96552,32.96046],[-101.84069,32.96109],[-101.82307,32.96119],[-101.71875,32.96195],[-101.69128,32.96184],[-101.55743,32.96102],[-101.44245,32.96194],[-101.17338,32.9636],[-101.17367,32.9571],[-101.17371,32.87552],[-101.17442,32.62795],[-101.17463,32.62511],[-101.17459,32.62043],[-101.17439,32.61995],[-101.17456,32.5277],[-101.17457,32.52411],[-101.17461,32.49525],[-101.1747,32.49329],[-101.17509,32.48047],[-101.18138,32.21252],[-101.18165,32.19531],[-101.18182,32.18688],[-101.184,32.08721],[-101.26422,32.08714],[-101.26619,31.80102],[-101.26712,31.65085],[-101.36911,31.65126],[-101.37539,31.65109],[-101.49837,31.65134],[-101.5004,31.65145],[-101.7758,31.65132],[-101.77565,31.36338],[-101.77538,31.36064],[-101.77554,31.12515],[-101.77581,31.1229],[-101.77619,31.07978],[-101.91991,31.08149],[-101.92125,31.08158],[-102.00041,31.08237],[-102.00944,31.08267],[-102.04824,31.08316],[-102.30121,31.08621],[-102.3888,31.08716],[-102.39053,31.08545],[-102.38817,31.08657],[-102.38501,31.08537],[-102.38403,31.08547],[-102.3826,31.08684],[-102.38046,31.08564],[-102.37812,31.08617],[-102.37755,31.08478],[-102.37544,31.08557],[-102.37526,31.08433],[-102.37385,31.08343],[-102.37364,31.08557],[-102.37093,31.0851],[-102.37078,31.08434],[-102.36904,31.08304],[-102.36737,31.08389],[-102.36607,31.08157],[-102.36343,31.08294],[-102.36249,31.08196],[-102.36024,31.08129],[-102.36249,31.07938],[-102.36034,31.0792],[-102.35887,31.0784],[-102.35716,31.07659],[-102.3564,31.07445],[-102.35485,31.07579],[-102.35404,31.07394],[-102.35207,31.07493],[-102.35164,31.07333],[-102.34885,31.07259],[-102.34817,31.07409],[-102.34746,31.07302],[-102.34972,31.07035],[-102.34737,31.06986],[-102.34504,31.07021],[-102.34221,31.0693],[-102.33961,31.06762],[-102.33644,31.06769],[-102.33441,31.06612],[-102.33233,31.06711],[-102.33084,31.06663],[-102.33052,31.06811],[-102.32972,31.06826],[-102.32889,31.06606],[-102.32731,31.06628],[-102.32758,31.06452],[-102.32617,31.06433],[-102.32593,31.06289],[-102.32506,31.06322],[-102.323,31.06266],[-102.3229,31.06152],[-102.32084,31.05975],[-102.3208,31.06185],[-102.31845,31.06067],[-102.31997,31.05961],[-102.31856,31.058],[-102.31789,31.0561],[-102.31881,31.05521],[-102.31749,31.05479],[-102.31811,31.05355],[-102.31681,31.05223],[-102.31527,31.05306],[-102.31317,31.05207],[-102.31192,31.05374],[-102.31122,31.05265],[-102.30963,31.05404],[-102.30922,31.05302],[-102.30638,31.05274],[-102.30561,31.05196],[-102.30373,31.05176],[-102.30462,31.05037],[-102.30402,31.04968],[-102.30271,31.04975],[-102.30255,31.04735],[-102.30139,31.04652],[-102.30175,31.04509],[-102.29909,31.0434],[-102.29954,31.04204],[-102.29729,31.04211],[-102.29823,31.04099],[-102.29732,31.04033],[-102.29553,31.04106],[-102.29538,31.0397],[-102.2939,31.03941],[-102.29383,31.03813],[-102.29281,31.03788],[-102.29268,31.03668],[-102.28894,31.03577],[-102.28836,31.0368],[-102.28657,31.03614],[-102.28515,31.035],[-102.28495,31.03399],[-102.28291,31.03491],[-102.28144,31.0339],[-102.2802,31.03438],[-102.27901,31.03295],[-102.27641,31.03359],[-102.27412,31.03492],[-102.27338,31.03441],[-102.27206,31.03574],[-102.26991,31.03623],[-102.26807,31.0348],[-102.26596,31.03427],[-102.26501,31.03543],[-102.26579,31.0366],[-102.26443,31.03625],[-102.26127,31.03871],[-102.25878,31.03819],[-102.25786,31.04016],[-102.25588,31.04089],[-102.25375,31.04097],[-102.25323,31.04034],[-102.24993,31.04016],[-102.24908,31.04072],[-102.24921,31.04208],[-102.24694,31.04226],[-102.24679,31.04096],[-102.24464,31.04134],[-102.24128,31.03928],[-102.23898,31.03955],[-102.23957,31.03834],[-102.23814,31.03706],[-102.23433,31.03728],[-102.23334,31.03663],[-102.23194,31.0369],[-102.23203,31.03547],[-102.22861,31.03519],[-102.22778,31.03422],[-102.22663,31.03476],[-102.22568,31.03286],[-102.22354,31.03394],[-102.22296,31.03279],[-102.222,31.0342],[-102.22085,31.0344],[-102.21866,31.03377],[-102.21784,31.03224],[-102.21539,31.03339],[-102.21441,31.03181],[-102.21274,31.03264],[-102.20975,31.03335],[-102.20651,31.03202],[-102.20558,31.03115],[-102.20308,31.03121],[-102.20146,31.03052],[-102.20265,31.02894],[-102.20147,31.02819],[-102.20121,31.02646],[-102.2028,31.0255],[-102.20036,31.02462],[-102.19938,31.02359],[-102.19933,31.02235],[-102.20196,31.02249],[-102.20188,31.02156],[-102.19983,31.02043],[-102.20003,31.01924],[-102.19807,31.01717],[-102.19632,31.0171],[-102.19704,31.01551],[-102.19652,31.01428],[-102.1944,31.01346],[-102.19486,31.0123],[-102.19318,31.01017],[-102.1934,31.00838],[-102.19434,31.00661],[-102.1928,31.00605],[-102.19287,31.00427],[-102.19173,31.00379],[-102.18963,31.00337],[-102.18826,31.00445],[-102.18819,31.00588],[-102.18595,31.00601],[-102.185,31.00733],[-102.18522,31.00917],[-102.18454,31.01082],[-102.18549,31.01194],[-102.18474,31.01224],[-102.18575,31.01514],[-102.18384,31.0164],[-102.18127,31.01668],[-102.17662,31.01443],[-102.17704,31.01371],[-102.17534,31.01205],[-102.17609,31.01105],[-102.17642,31.00901],[-102.17408,31.00697],[-102.17164,31.00742],[-102.17315,31.00772],[-102.17238,31.00845],[-102.17083,31.00785],[-102.17039,31.00608],[-102.16727,31.00609],[-102.16736,31.00721],[-102.16636,31.0071],[-102.16579,31.00579],[-102.1635,31.00546],[-102.16214,31.00677],[-102.16065,31.0071],[-102.15997,31.00583],[-102.15859,31.00665],[-102.15651,31.00678],[-102.15632,31.00793],[-102.15488,31.00681],[-102.15437,31.00779],[-102.15296,31.00699],[-102.15193,31.0073],[-102.14917,31.00429],[-102.14917,31.00299],[-102.14752,31.00304],[-102.14632,31.00144],[-102.14455,31.00067],[-102.14528,30.99915],[-102.14335,30.99886],[-102.14315,30.99678],[-102.14043,30.99599],[-102.1394,30.99492],[-102.13706,30.99561],[-102.13512,30.99555],[-102.13236,30.9967],[-102.13178,30.99864],[-102.13048,30.99859],[-102.12776,31.00118],[-102.12572,31.00093],[-102.12284,30.99954],[-102.12282,30.99856],[-102.12102,30.99822],[-102.12102,30.99738],[-102.11946,30.99636],[-102.11808,30.99631],[-102.11885,30.99441],[-102.11784,30.99389],[-102.1162,30.99498],[-102.11531,30.99425],[-102.11484,30.9922],[-102.11402,30.99178],[-102.11062,30.99267],[-102.11077,30.99159],[-102.1099,30.99032],[-102.10819,30.99141],[-102.10644,30.99187],[-102.10592,30.99395],[-102.10276,30.9948],[-102.10068,30.99308],[-102.09962,30.99424],[-102.09716,30.9956],[-102.09583,30.99487],[-102.09375,30.99492],[-102.09081,30.99265],[-102.09065,30.99146],[-102.08927,30.99043],[-102.08845,30.9887],[-102.08629,30.98995],[-102.08555,30.98859],[-102.08415,30.98936],[-102.08336,30.98779],[-102.08173,30.98669],[-102.07914,30.98693],[-102.07519,30.98879],[-102.07332,30.98905],[-102.06701,30.99291],[-102.06963,30.99406],[-102.06878,30.995],[-102.06579,30.99537],[-102.06487,30.99381],[-102.06274,30.9958],[-102.05812,30.99906],[-102.05656,30.99735],[-102.05374,30.99941],[-102.05309,31.00089],[-102.05095,31.00137],[-102.05102,31.0028],[-102.04888,31.0036],[-102.04772,31.00297],[-102.04756,31.00187],[-102.04878,31.00038],[-102.046,30.99975],[-102.04602,31.00142],[-102.04471,31.00176],[-102.04348,30.99935],[-102.04172,30.99893],[-102.04007,30.99962],[-102.03898,30.99888],[-102.03664,30.99841],[-102.03528,30.99954],[-102.03396,30.9986],[-102.03365,30.99696],[-102.0326,30.99686],[-102.03253,30.999],[-102.03146,30.99901],[-102.03128,30.99746],[-102.03033,30.99721],[-102.02774,30.99806],[-102.02646,30.99666],[-102.02618,30.99498],[-102.02733,30.99295],[-102.0262,30.99159],[-102.02495,30.9913],[-102.02451,30.99014],[-102.02275,30.99022],[-102.02198,30.9893],[-102.02211,30.98772],[-102.02099,30.98653],[-102.01916,30.98656],[-102.01762,30.98542],[-102.01748,30.98386],[-102.01528,30.98291],[-102.01372,30.98285],[-102.01316,30.98085],[-102.01111,30.97933],[-102.01021,30.97997],[-102.00634,30.98124],[-102.00726,30.98398],[-102.00485,30.98557],[-102.00313,30.98537],[-102.00153,30.98689],[-102.00018,30.98544],[-101.99888,30.98487],[-101.99783,30.98539],[-101.99682,30.98787],[-101.99508,30.98819],[-101.99303,30.98934],[-101.98888,30.98837],[-101.98771,30.9872],[-101.98364,30.98717],[-101.98152,30.986],[-101.97886,30.98255],[-101.97632,30.98181],[-101.976,30.98034],[-101.97348,30.98037],[-101.97049,30.97781],[-101.9702,30.97633],[-101.96717,30.97518],[-101.96594,30.97263],[-101.96389,30.97114],[-101.96112,30.97071],[-101.95832,30.96546],[-101.95671,30.96394],[-101.95627,30.96229],[-101.95666,30.96081],[-101.95491,30.96064],[-101.95407,30.95873],[-101.95189,30.95568],[-101.95083,30.95664],[-101.94847,30.95721],[-101.94515,30.9566],[-101.93951,30.95788],[-101.93618,30.95776],[-101.93506,30.95625],[-101.93515,30.95381],[-101.93758,30.95212],[-101.93814,30.95113],[-101.93681,30.95015],[-101.93476,30.95059],[-101.93324,30.94959],[-101.93101,30.94939],[-101.92974,30.95033],[-101.92837,30.9499],[-101.92641,30.94805],[-101.92383,30.94798],[-101.92102,30.9464],[-101.91949,30.94443],[-101.91776,30.94078],[-101.9188,30.93942],[-101.91853,30.93846],[-101.91942,30.93514],[-101.91742,30.93396],[-101.91539,30.93365],[-101.91388,30.93438],[-101.91261,30.93136],[-101.90871,30.92973],[-101.90789,30.92801],[-101.90273,30.92734],[-101.90123,30.92759],[-101.8985,30.92943],[-101.89599,30.92878],[-101.89459,30.92924],[-101.89334,30.92882],[-101.89125,30.92694],[-101.88844,30.92742],[-101.88805,30.92594],[-101.88543,30.92527],[-101.88344,30.92565],[-101.87948,30.92212],[-101.87764,30.9201],[-101.87777,30.91732],[-101.8757,30.91513],[-101.8757,30.91351],[-101.87426,30.91183],[-101.87579,30.90959],[-101.87766,30.91013],[-101.87965,30.90842],[-101.8812,30.90855],[-101.88146,30.90755],[-101.87953,30.90635],[-101.88316,30.90363],[-101.8828,30.90287],[-101.8841,30.90085],[-101.88797,30.89702],[-101.88885,30.89465],[-101.88968,30.89376],[-101.89109,30.89016],[-101.88849,30.88674],[-101.88872,30.88585],[-101.8867,30.88513],[-101.88335,30.88579],[-101.884,30.88435],[-101.88069,30.88315],[-101.87855,30.88344],[-101.87737,30.88155],[-101.87607,30.88078],[-101.87315,30.88032],[-101.87278,30.87878],[-101.8685,30.8781],[-101.86824,30.87632],[-101.86626,30.87615],[-101.86461,30.8766],[-101.86172,30.8742],[-101.86026,30.87387],[-101.86042,30.87202],[-101.85795,30.87024],[-101.85812,30.86794],[-101.85547,30.86589],[-101.85591,30.86458],[-101.85464,30.86309],[-101.85536,30.86264],[-101.8516,30.85779],[-101.8498,30.85659],[-101.85128,30.85581],[-101.85266,30.85129],[-101.85151,30.85036],[-101.85139,30.84745],[-101.85026,30.84549],[-101.84704,30.8438],[-101.84509,30.84103],[-101.84526,30.83991],[-101.84668,30.83736],[-101.84661,30.83601],[-101.8475,30.83411],[-101.84691,30.83324],[-101.84756,30.83129],[-101.84721,30.82841],[-101.84603,30.82749],[-101.84626,30.82571],[-101.84525,30.82481],[-101.84281,30.82499],[-101.84198,30.82423],[-101.84222,30.82301],[-101.84077,30.823],[-101.83988,30.82163],[-101.83982,30.81948],[-101.83841,30.81932],[-101.83732,30.81682],[-101.83751,30.81438],[-101.83514,30.81379],[-101.83546,30.81151],[-101.8341,30.81116],[-101.83362,30.80965],[-101.83513,30.80884],[-101.83427,30.80775],[-101.83335,30.80891],[-101.83292,30.80823],[-101.83331,30.80594],[-101.83241,30.80542],[-101.83282,30.80409],[-101.83147,30.80173],[-101.83133,30.79861],[-101.83176,30.79543],[-101.83361,30.79802],[-101.83457,30.79574],[-101.83431,30.79432],[-101.83262,30.79306],[-101.83278,30.79209],[-101.83501,30.78852],[-101.83679,30.78882],[-101.83653,30.78719],[-101.83798,30.78593],[-101.83989,30.78528],[-101.84011,30.78258],[-101.83849,30.78289],[-101.83592,30.78171],[-101.83495,30.78029],[-101.83698,30.77914],[-101.83475,30.77405],[-101.83486,30.77128],[-101.83601,30.7701],[-101.83635,30.76796],[-101.83863,30.7668],[-101.83898,30.76392],[-101.83841,30.76306],[-101.83689,30.76217],[-101.83622,30.76034],[-101.83453,30.75795],[-101.83277,30.757],[-101.83177,30.75749],[-101.83294,30.75813],[-101.83294,30.7592],[-101.82907,30.7554],[-101.82495,30.75708],[-101.82324,30.75733],[-101.82076,30.75553],[-101.81929,30.75388],[-101.81758,30.75362],[-101.81583,30.75201],[-101.81622,30.74933],[-101.81537,30.74767],[-101.81403,30.74708],[-101.81423,30.74472],[-101.81381,30.74319],[-101.81561,30.74061],[-101.81353,30.73697],[-101.81405,30.73596],[-101.81349,30.73431],[-101.81191,30.73264],[-101.80971,30.72923],[-101.80996,30.72788],[-101.80795,30.72527],[-101.80861,30.72364],[-101.80865,30.7217],[-101.80768,30.72107],[-101.80755,30.71947],[-101.80898,30.71865],[-101.80954,30.71653],[-101.80944,30.7143],[-101.8085,30.71266],[-101.8084,30.71113],[-101.80942,30.70972],[-101.80887,30.7073],[-101.80866,30.70383],[-101.81011,30.70285],[-101.80976,30.70214],[-101.80807,30.70249],[-101.8073,30.70108],[-101.80742,30.6995],[-101.80157,30.69667],[-101.79855,30.697],[-101.79813,30.6961],[-101.79647,30.6961],[-101.7944,30.69725],[-101.7933,30.69642],[-101.79305,30.69371],[-101.79455,30.69183],[-101.79368,30.6909],[-101.79172,30.69091],[-101.79047,30.6903],[-101.78899,30.69048],[-101.78556,30.68774],[-101.78139,30.68738],[-101.77982,30.68599],[-101.77836,30.68348],[-101.77613,30.68137],[-101.77511,30.67909],[-101.77593,30.67801],[-101.77559,30.67652],[-101.77434,30.67438],[-101.7732,30.67342],[-101.77385,30.67073],[-101.77255,30.66808],[-101.77038,30.66477],[-101.77062,30.66287],[-101.77008,30.65917],[-101.76899,30.65781],[-101.76965,30.65594],[-101.76923,30.65357],[-101.76842,30.65308],[-101.76798,30.65467],[-101.76583,30.65579],[-101.76423,30.65744],[-101.76318,30.65666],[-101.76344,30.65467],[-101.76285,30.65402],[-101.76176,30.65417],[-101.76148,30.65555],[-101.76208,30.65817],[-101.76067,30.65832],[-101.75904,30.65752],[-101.75566,30.65713],[-101.754,30.65554],[-101.7533,30.65079],[-101.75233,30.6497],[-101.75043,30.64969],[-101.74907,30.65098],[-101.74728,30.65049],[-101.74529,30.65077],[-101.74456,30.65219],[-101.73915,30.6524],[-101.73678,30.65405],[-101.73283,30.6525],[-101.73099,30.65222],[-101.72853,30.65123],[-101.72678,30.65141],[-101.7243,30.65097],[-101.72361,30.6499],[-101.72215,30.64992],[-101.72115,30.65101],[-101.71885,30.65036],[-101.71773,30.65114],[-101.714,30.65246],[-101.71206,30.65464],[-101.71128,30.65442],[-101.7109,30.65299],[-101.70922,30.65269],[-101.70867,30.64971],[-101.70678,30.64773],[-101.70607,30.64773],[-101.70298,30.64603],[-101.69989,30.64843],[-101.69851,30.64855],[-101.69613,30.64758],[-101.69265,30.64569],[-101.69201,30.64291],[-101.69096,30.64058],[-101.68968,30.63905],[-101.6867,30.63812],[-101.68425,30.63796],[-101.68142,30.63717],[-101.67591,30.63746],[-101.67353,30.63933],[-101.66974,30.63781],[-101.67056,30.63654],[-101.66926,30.63359],[-101.66668,30.63235],[-101.66643,30.62897],[-101.66367,30.62696],[-101.66118,30.62622],[-101.65986,30.62477],[-101.65706,30.62343],[-101.65423,30.62298],[-101.65245,30.62047],[-101.65263,30.61937],[-101.65424,30.61942],[-101.65503,30.61868],[-101.65856,30.61693],[-101.65863,30.61571],[-101.65582,30.61547],[-101.65604,30.61501],[-101.65961,30.61342],[-101.65982,30.61265],[-101.65797,30.61146],[-101.65794,30.60999],[-101.65918,30.60796],[-101.6587,30.60613],[-101.65626,30.60456],[-101.65628,30.60363],[-101.658,30.6003],[-101.65824,30.59634],[-101.65979,30.59439],[-101.66249,30.5931],[-101.66262,30.59094],[-101.66351,30.58873],[-101.66114,30.58652],[-101.66101,30.58536],[-101.6597,30.5846],[-101.65748,30.58461],[-101.65671,30.58374],[-101.65583,30.58193],[-101.65502,30.57864],[-101.65633,30.57786],[-101.65564,30.57648],[-101.65458,30.57632],[-101.65343,30.574],[-101.65192,30.57296],[-101.65121,30.57113],[-101.65127,30.56822],[-101.64903,30.56771],[-101.64804,30.56545],[-101.64848,30.56369],[-101.64624,30.56076],[-101.64665,30.55697],[-101.64847,30.5561],[-101.64818,30.55357],[-101.6466,30.55095],[-101.64766,30.54966],[-101.64971,30.54873],[-101.65224,30.54908],[-101.65359,30.54613],[-101.65513,30.54369],[-101.65647,30.54252],[-101.65707,30.53987],[-101.65859,30.53914],[-101.66214,30.53647],[-101.66142,30.53483],[-101.66226,30.53328],[-101.66737,30.53085],[-101.66813,30.52904],[-101.6676,30.52802],[-101.66978,30.52736],[-101.67323,30.52422],[-101.67692,30.52462],[-101.67918,30.52349],[-101.67996,30.5218],[-101.67928,30.51971],[-101.68013,30.51849],[-101.67958,30.51519],[-101.67982,30.51359],[-101.67923,30.51083],[-101.67694,30.50866],[-101.67656,30.5078],[-101.67666,30.50478],[-101.67511,30.50186],[-101.67696,30.49945],[-101.67924,30.49877],[-101.68111,30.49899],[-101.68221,30.49823],[-101.68201,30.49672],[-101.68527,30.49518],[-101.68915,30.49561],[-101.69014,30.49437],[-101.69069,30.49235],[-101.69182,30.49142],[-101.69146,30.48828],[-101.69174,30.48719],[-101.69105,30.48532],[-101.69115,30.4835],[-101.69004,30.48246],[-101.69032,30.48095],[-101.69148,30.48049],[-101.69025,30.4773],[-101.68682,30.47368],[-101.68785,30.47359],[-101.68927,30.47122],[-101.68944,30.46981],[-101.68887,30.46762],[-101.69004,30.46671],[-101.69377,30.46537],[-101.6959,30.46492],[-101.69766,30.46343],[-101.69823,30.46168],[-101.69965,30.45978],[-101.7001,30.4576],[-101.70551,30.45748],[-101.70694,30.45864],[-101.70967,30.45924],[-101.71225,30.46152],[-101.71327,30.46295],[-101.71366,30.46469],[-101.7151,30.4671],[-101.7171,30.4659],[-101.71871,30.46661],[-101.7213,30.46952],[-101.7219,30.47102],[-101.72559,30.47189],[-101.72653,30.47104],[-101.72839,30.47078],[-101.72964,30.46902],[-101.73185,30.46734],[-101.73046,30.46466],[-101.73095,30.46296],[-101.73065,30.46153],[-101.73167,30.45989],[-101.73035,30.4594],[-101.72885,30.46005],[-101.72495,30.45661],[-101.71925,30.45514],[-101.7189,30.45446],[-101.71973,30.45152],[-101.72127,30.44781],[-101.72005,30.44313],[-101.72032,30.44223],[-101.72434,30.43946],[-101.7265,30.43766],[-101.72916,30.43442],[-101.7307,30.43332],[-101.73275,30.43011],[-101.73517,30.42875],[-101.73723,30.42815],[-101.73929,30.42516],[-101.73929,30.42387],[-101.74055,30.42132],[-101.74016,30.42058],[-101.7372,30.41876],[-101.7352,30.41438],[-101.73221,30.41206],[-101.73028,30.41016],[-101.72964,30.40891],[-101.72832,30.40815],[-101.726,30.40832],[-101.72334,30.40595],[-101.72166,30.40571],[-101.71942,30.40666],[-101.71795,30.40635],[-101.71609,30.40505],[-101.71433,30.4046],[-101.70959,30.40527],[-101.70494,30.40366],[-101.70381,30.40253],[-101.70094,30.40185],[-101.69926,30.39914],[-101.69629,30.39729],[-101.69525,30.39597],[-101.69446,30.39329],[-101.69543,30.38918],[-101.69527,30.38491],[-101.69597,30.38412],[-101.69865,30.3839],[-101.69864,30.38264],[-101.69764,30.38077],[-101.69546,30.37896],[-101.69313,30.37888],[-101.69105,30.37768],[-101.69075,30.37562],[-101.68815,30.37279],[-101.68653,30.37153],[-101.68527,30.36953],[-101.68222,30.36799],[-101.68101,30.36825],[-101.67777,30.36667],[-101.67496,30.36688],[-101.67327,30.36481],[-101.66968,30.36452],[-101.66619,30.36365],[-101.66338,30.3615],[-101.66155,30.35946],[-101.6584,30.35768],[-101.6581,30.35668],[-101.65937,30.35436],[-101.65848,30.35264],[-101.65794,30.34956],[-101.65793,30.3459],[-101.65921,30.34347],[-101.65889,30.34262],[-101.66064,30.34152],[-101.66261,30.34097],[-101.66574,30.34112],[-101.66771,30.34054],[-101.66956,30.33936],[-101.67642,30.33998],[-101.67909,30.34152],[-101.68205,30.34117],[-101.684,30.3424],[-101.68578,30.34274],[-101.68847,30.34408],[-101.68928,30.34544],[-101.691,30.34643],[-101.69441,30.34676],[-101.70061,30.34593],[-101.70279,30.34481],[-101.7045,30.34449],[-101.70533,30.34358],[-101.70833,30.343],[-101.71244,30.33943],[-101.7154,30.33982],[-101.71743,30.33842],[-101.71833,30.33701],[-101.72161,30.33504],[-101.72326,30.33488],[-101.72486,30.33263],[-101.72847,30.33205],[-101.73104,30.32899],[-101.73256,30.32776],[-101.73449,30.32713],[-101.7371,30.32692],[-101.73793,30.32391],[-101.73937,30.32195],[-101.74075,30.32116],[-101.74107,30.31948],[-101.74021,30.31898],[-101.74152,30.31594],[-101.74084,30.3128],[-101.74292,30.30898],[-101.74329,30.30648],[-101.7444,30.3036],[-101.74451,30.30128],[-101.74585,30.29906],[-101.7473,30.29744],[-101.7489,30.29652],[-101.75022,30.29682],[-101.75287,30.29597],[-101.75838,30.28968],[-101.7584,30.28804],[-101.75868,30.26253],[-101.75852,30.25955],[-101.75939,30.0002],[-101.75974,29.99612],[-101.76007,29.98775],[-101.75997,29.8752],[-101.76032,29.87205],[-101.76092,29.78186],[-101.7643,29.78274],[-101.7711,29.78751],[-101.77382,29.78868],[-101.77716,29.78933],[-101.78191,29.78963],[-101.78567,29.78825],[-101.78559,29.78416],[-101.78812,29.77954],[-101.79463,29.77913],[-101.80103,29.7795],[-101.80754,29.78137],[-101.81099,29.78387],[-101.81313,29.78721],[-101.81452,29.79186],[-101.81346,29.79441],[-101.8095,29.79728],[-101.80696,29.79902],[-101.80558,29.80075],[-101.80361,29.80345],[-101.81056,29.8078],[-101.81221,29.80955],[-101.81583,29.81107],[-101.81827,29.81162],[-101.82088,29.81112],[-101.82506,29.80825],[-101.82581,29.80523],[-101.82397,29.80048],[-101.82144,29.79794],[-101.81899,29.79365],[-101.81863,29.79056],[-101.82115,29.78841],[-101.8241,29.78715],[-101.82655,29.78786],[-101.83123,29.78932],[-101.83906,29.79472],[-101.84371,29.79967],[-101.84713,29.80271],[-101.84718,29.80422],[-101.84895,29.80674],[-101.85096,29.80788],[-101.85333,29.80772],[-101.85562,29.80735],[-101.85725,29.80584],[-101.8624,29.80145],[-101.86738,29.79749],[-101.8754,29.79402],[-101.87746,29.7944],[-101.8796,29.79571],[-101.88097,29.79538],[-101.88291,29.79349],[-101.88471,29.79385],[-101.88816,29.79642],[-101.89274,29.79789],[-101.90273,29.79803],[-101.90788,29.79881],[-101.91241,29.79785],[-101.91518,29.7958],[-101.91756,29.79268],[-101.92143,29.78747],[-101.92491,29.78403],[-101.92932,29.78258],[-101.93353,29.78519],[-101.93417,29.78799],[-101.93254,29.78977],[-101.93266,29.79182],[-101.93381,29.79703],[-101.93728,29.80041],[-101.94187,29.80082],[-101.94666,29.80134],[-101.95056,29.79821],[-101.95548,29.79533],[-101.95872,29.79656],[-101.96138,29.79797],[-101.96338,29.80015],[-101.96388,29.80293],[-101.96546,29.80599],[-101.96472,29.80906],[-101.96543,29.81099],[-101.96733,29.81311],[-101.96938,29.81376],[-101.97194,29.81366],[-101.97218,29.81498],[-101.9736,29.8156],[-101.97663,29.81599],[-101.97934,29.81534],[-101.9812,29.8154],[-101.98219,29.81332],[-101.98306,29.80933],[-101.98197,29.80588],[-101.9843,29.79926],[-101.98607,29.79749],[-101.98861,29.79667],[-101.99139,29.79811],[-101.99472,29.80516],[-101.99749,29.80644],[-102.00118,29.80474],[-102.00642,29.80134],[-102.01089,29.79989],[-102.0149,29.79752],[-102.01841,29.79852],[-102.01971,29.80149],[-102.02192,29.80249],[-102.02399,29.80324],[-102.0253,29.80273],[-102.02842,29.80188],[-102.03257,29.80383],[-102.03476,29.80403],[-102.03901,29.80266],[-102.04109,29.79961],[-102.03983,29.79526],[-102.03841,29.79283],[-102.03923,29.79098],[-102.04171,29.78968],[-102.04378,29.7903],[-102.04563,29.79008],[-102.04757,29.78899],[-102.04879,29.78609],[-102.05004,29.78507],[-102.05224,29.78512],[-102.05437,29.78687],[-102.06364,29.78669],[-102.07365,29.78693],[-102.07604,29.78839],[-102.07621,29.79074],[-102.07735,29.79242],[-102.07898,29.79308],[-102.0806,29.79277],[-102.08247,29.79342],[-102.08252,29.79428],[-102.08444,29.79496],[-102.09182,29.79285],[-102.09357,29.7915],[-102.09626,29.79147],[-102.10183,29.79361],[-102.10646,29.79272],[-102.10884,29.7921],[-102.11131,29.79302],[-102.11368,29.79344],[-102.11568,29.79239],[-102.11792,29.79616],[-102.11839,29.79903],[-102.11732,29.80064],[-102.12053,29.80233],[-102.12322,29.80231],[-102.12455,29.80113],[-102.12764,29.7988],[-102.12951,29.79862],[-102.13265,29.80031],[-102.13785,29.80211],[-102.14233,29.80285],[-102.14528,29.80529],[-102.14921,29.81012],[-102.15153,29.81191],[-102.15415,29.81164],[-102.1596,29.81436],[-102.16167,29.81949],[-102.16552,29.82282],[-102.16607,29.82479],[-102.16767,29.82604],[-102.17879,29.82571],[-102.18008,29.82657],[-102.1813,29.83115],[-102.17865,29.83615],[-102.17845,29.83809],[-102.17876,29.84021],[-102.18189,29.84603],[-102.18365,29.84692],[-102.18525,29.84774],[-102.18867,29.84894],[-102.19165,29.84664],[-102.19321,29.84243],[-102.19386,29.83825],[-102.19706,29.83642],[-102.20053,29.83759],[-102.20538,29.84244],[-102.20994,29.84436],[-102.2155,29.84364],[-102.21951,29.841],[-102.22353,29.84053],[-102.22755,29.84353],[-102.2296,29.84616],[-102.23086,29.84787],[-102.23266,29.84849],[-102.23874,29.84798],[-102.24138,29.84769],[-102.24445,29.84851],[-102.24528,29.85008],[-102.24504,29.85209],[-102.24322,29.85841],[-102.24467,29.86183],[-102.24558,29.86355],[-102.24691,29.86431],[-102.24881,29.86419],[-102.24977,29.86329],[-102.2516,29.85991],[-102.25129,29.856],[-102.2523,29.85398],[-102.25418,29.85279],[-102.2571,29.85277],[-102.26139,29.85328],[-102.26348,29.85423],[-102.26426,29.85581],[-102.26428,29.8578],[-102.26326,29.86106],[-102.2623,29.86214],[-102.26178,29.864],[-102.26313,29.86623],[-102.26495,29.86781],[-102.26882,29.86799],[-102.27675,29.86298],[-102.28125,29.86312],[-102.2833,29.86429],[-102.28464,29.867],[-102.28619,29.87053],[-102.28798,29.8716],[-102.2918,29.87263],[-102.29529,29.87334],[-102.29733,29.87519],[-102.30138,29.87767],[-102.30667,29.87765],[-102.31148,29.87701],[-102.31539,29.87992],[-102.32062,29.87898],[-102.3207,29.87885],[-102.3246,29.8731],[-102.32318,29.86739]]]}},{"type":"Feature","properties":{"name":"Trinity Metro On-Demand","boundary_type":"county","source":"Census TIGER county","fidelity":"approximate","updated":"2026-09","units":"Tarrant County","note":"Multiple zones across Tarrant County including Mercantile, North Side, Southeast zones in Fort Worth area.","confidence":0.75},"geometry":{"type":"Polygon","coordinates":[[[-97.55053,32.56265],[-97.55037,32.58032],[-97.55029,32.60081],[-97.55019,32.6097],[-97.55001,32.61074],[-97.55001,32.61107],[-97.54957,32.68108],[-97.54956,32.68139],[-97.54908,32.70271],[-97.54908,32.7088],[-97.54909,32.71333],[-97.5491,32.71973],[-97.54901,32.72057],[-97.549,32.72141],[-97.54881,32.73414],[-97.5486,32.74452],[-97.5482,32.77611],[-97.54798,32.7984],[-97.5477,32.82191],[-97.54759,32.82685],[-97.5471,32.85685],[-97.54697,32.86371],[-97.54665,32.86672],[-97.54628,32.88361],[-97.54588,32.90007],[-97.54588,32.9003],[-97.54549,32.91545],[-97.54536,32.92166],[-97.54531,32.92285],[-97.54518,32.92993],[-97.54508,32.93571],[-97.54498,32.9404],[-97.5447,32.95299],[-97.54442,32.97482],[-97.54436,32.9794],[-97.54436,32.97965],[-97.54418,32.99418],[-97.54344,32.99419],[-97.53859,32.99408],[-97.52857,32.99413],[-97.51503,32.99399],[-97.51261,32.99394],[-97.49807,32.99363],[-97.46983,32.99311],[-97.46844,32.99299],[-97.46775,32.99296],[-97.46767,32.99296],[-97.46715,32.99294],[-97.45297,32.99244],[-97.44606,32.99224],[-97.43112,32.99233],[-97.41546,32.99205],[-97.41484,32.99203],[-97.39848,32.99084],[-97.39846,32.99173],[-97.39721,32.99172],[-97.39705,32.99172],[-97.37185,32.99162],[-97.32776,32.99142],[-97.32705,32.99142],[-97.32102,32.99139],[-97.29965,32.99128],[-97.29933,32.99128],[-97.29474,32.99126],[-97.29116,32.99124],[-97.29114,32.99124],[-97.28878,32.99123],[-97.26279,32.9911],[-97.25991,32.99108],[-97.25416,32.99105],[-97.23525,32.99095],[-97.23453,32.99095],[-97.22876,32.99092],[-97.21034,32.99081],[-97.18546,32.99068],[-97.18436,32.99067],[-97.18381,32.99067],[-97.16919,32.99058],[-97.16726,32.99056],[-97.13758,32.99038],[-97.13024,32.99034],[-97.12414,32.9903],[-97.10816,32.9902],[-97.08816,32.99007],[-97.08645,32.99006],[-97.0766,32.99],[-97.07114,32.98996],[-97.0618,32.9899],[-97.04548,32.98979],[-97.03101,32.98969],[-97.03112,32.98464],[-97.03138,32.97284],[-97.03144,32.96992],[-97.03171,32.955],[-97.03182,32.94885],[-97.03191,32.94387],[-97.03215,32.93041],[-97.03233,32.92017],[-97.03262,32.90429],[-97.03309,32.87832],[-97.03384,32.83853],[-97.03386,32.83713],[-97.03386,32.83695],[-97.03386,32.83651],[-97.0339,32.83429],[-97.03423,32.81696],[-97.03423,32.81666],[-97.03444,32.80516],[-97.0344,32.80331],[-97.0344,32.80294],[-97.03471,32.78848],[-97.03471,32.78841],[-97.03477,32.78503],[-97.03493,32.77993],[-97.03511,32.76537],[-97.03517,32.75969],[-97.03517,32.75937],[-97.03519,32.7571],[-97.03552,32.73971],[-97.03552,32.73945],[-97.03553,32.73913],[-97.03575,32.72596],[-97.03584,32.7206],[-97.036,32.7111],[-97.03608,32.70612],[-97.03629,32.69323],[-97.03633,32.69132],[-97.03644,32.68408],[-97.03657,32.67621],[-97.03658,32.67591],[-97.03674,32.66627],[-97.03682,32.65949],[-97.03691,32.65516],[-97.03706,32.64587],[-97.03707,32.64544],[-97.03721,32.63837],[-97.03745,32.62284],[-97.03762,32.61277],[-97.03807,32.58629],[-97.03829,32.57336],[-97.0384,32.56677],[-97.03852,32.56],[-97.03868,32.54867],[-97.04453,32.54874],[-97.04983,32.5488],[-97.05272,32.54884],[-97.06518,32.54899],[-97.06692,32.54901],[-97.08509,32.54924],[-97.08705,32.5493],[-97.09962,32.54979],[-97.10933,32.54961],[-97.12903,32.54983],[-97.1299,32.54981],[-97.16775,32.55049],[-97.17704,32.55065],[-97.18627,32.5511],[-97.20557,32.55108],[-97.2328,32.55148],[-97.23713,32.55157],[-97.23764,32.55158],[-97.26046,32.55195],[-97.26076,32.55195],[-97.27833,32.55219],[-97.28789,32.55231],[-97.30436,32.55251],[-97.31398,32.55263],[-97.31406,32.55263],[-97.31949,32.55269],[-97.33653,32.55298],[-97.3461,32.55292],[-97.34911,32.55305],[-97.35198,32.55327],[-97.35327,32.5533],[-97.36355,32.55342],[-97.36381,32.55341],[-97.36437,32.55342],[-97.36457,32.55342],[-97.37055,32.55343],[-97.39633,32.55366],[-97.39913,32.55355],[-97.41278,32.55385],[-97.42502,32.55402],[-97.47132,32.555],[-97.47248,32.55503],[-97.50342,32.55544],[-97.55058,32.55539],[-97.55053,32.56258],[-97.55053,32.56265]]]}},{"type":"Feature","properties":{"name":"Tyler Transit MicroTransit","boundary_type":"city","source":"Census TIGER place","fidelity":"exact","updated":"2026-09","units":"Tyler city","note":"Citywide conversion to microtransit across 3 zones.","confidence":1.0},"geometry":{"type":"MultiPolygon","coordinates":[[[[-95.41079,32.36257],[-95.40995,32.36256],[-95.4053,32.36274],[-95.39973,32.35823],[-95.39792,32.35859],[-95.39395,32.36195],[-95.39191,32.36149],[-95.39098,32.35929],[-95.3932,32.35782],[-95.39259,32.35638],[-95.39253,32.3518],[-95.39081,32.35095],[-95.39074,32.35065],[-95.38857,32.3488],[-95.3899,32.3486],[-95.39061,32.34876],[-95.39084,32.3486],[-95.39084,32.34696],[-95.39304,32.34696],[-95.39482,32.34852],[-95.40155,32.34852],[-95.40158,32.34451],[-95.40358,32.34445],[-95.40871,32.34444],[-95.4101,32.3431],[-95.41137,32.34312],[-95.41391,32.34105],[-95.41393,32.33987],[-95.41645,32.33989],[-95.41629,32.33174],[-95.41558,32.33007],[-95.4152,32.32967],[-95.39292,32.33119],[-95.39301,32.33569],[-95.38881,32.33567],[-95.3888,32.33131],[-95.38603,32.33108],[-95.38603,32.32744],[-95.38712,32.32639],[-95.38714,32.32639],[-95.38604,32.32745],[-95.38605,32.33107],[-95.41099,32.32908],[-95.41332,32.32909],[-95.41538,32.32938],[-95.41653,32.33189],[-95.41651,32.33929],[-95.41782,32.33989],[-95.41787,32.34483],[-95.41468,32.34547],[-95.41307,32.34693],[-95.41301,32.34831],[-95.41698,32.34838],[-95.41882,32.34936],[-95.41888,32.35475],[-95.41076,32.35475],[-95.41079,32.36257]]],[[[-95.3816,32.32634],[-95.37592,32.32569],[-95.37271,32.32819],[-95.37004,32.33197],[-95.36723,32.33496],[-95.36013,32.34061],[-95.36313,32.34025],[-95.36642,32.33908],[-95.36877,32.33764],[-95.3688,32.34029],[-95.36881,32.3416],[-95.37409,32.34173],[-95.37307,32.34692],[-95.37185,32.34918],[-95.37263,32.34918],[-95.37265,32.35135],[-95.36708,32.35131],[-95.36706,32.35335],[-95.35363,32.35335],[-95.35352,32.356],[-95.35343,32.36498],[-95.35622,32.36497],[-95.35644,32.36874],[-95.35485,32.37159],[-95.34986,32.37031],[-95.34642,32.37004],[-95.34705,32.37326],[-95.34528,32.37355],[-95.34476,32.37618],[-95.3447,32.38443],[-95.33347,32.38451],[-95.33411,32.38642],[-95.33597,32.38875],[-95.33524,32.38918],[-95.33939,32.39393],[-95.34116,32.39715],[-95.34508,32.40637],[-95.34568,32.40738],[-95.35325,32.41499],[-95.36031,32.42488],[-95.36248,32.42781],[-95.36,32.42512],[-95.35847,32.42622],[-95.36328,32.42993],[-95.36366,32.4303],[-95.35837,32.42617],[-95.35989,32.42499],[-95.35308,32.41518],[-95.3515,32.41338],[-95.34586,32.40812],[-95.34505,32.40703],[-95.33981,32.39533],[-95.33461,32.38912],[-95.32868,32.38958],[-95.3248,32.38959],[-95.32481,32.38567],[-95.31835,32.38879],[-95.31777,32.38793],[-95.3095,32.39196],[-95.30602,32.39276],[-95.30018,32.3921],[-95.29557,32.39079],[-95.2943,32.38895],[-95.29527,32.38786],[-95.29359,32.38782],[-95.29326,32.38663],[-95.29758,32.38671],[-95.29758,32.38533],[-95.30013,32.38529],[-95.30015,32.37932],[-95.29751,32.37697],[-95.30014,32.37698],[-95.30015,32.37498],[-95.2953,32.37496],[-95.29524,32.37301],[-95.29468,32.373],[-95.28968,32.37294],[-95.28969,32.37573],[-95.28456,32.376],[-95.28012,32.38023],[-95.27761,32.38309],[-95.27562,32.38776],[-95.2732,32.39282],[-95.27223,32.39393],[-95.26927,32.3965],[-95.26988,32.39771],[-95.26855,32.39704],[-95.26748,32.39787],[-95.25129,32.40675],[-95.24234,32.41052],[-95.23722,32.41247],[-95.23331,32.41408],[-95.21453,32.42165],[-95.22724,32.42139],[-95.22735,32.42605],[-95.22807,32.43164],[-95.21625,32.43162],[-95.21642,32.43874],[-95.21292,32.43868],[-95.21291,32.43919],[-95.20926,32.4386],[-95.20762,32.43767],[-95.20426,32.43472],[-95.20486,32.43407],[-95.2073,32.43402],[-95.20908,32.43201],[-95.20618,32.42997],[-95.20736,32.42792],[-95.2073,32.42463],[-95.19346,32.43087],[-95.193,32.43093],[-95.20247,32.42623],[-95.20583,32.42487],[-95.20537,32.42314],[-95.2072,32.4243],[-95.23223,32.41402],[-95.25112,32.40648],[-95.26718,32.3977],[-95.27155,32.39411],[-95.27276,32.39269],[-95.27515,32.38768],[-95.27716,32.38334],[-95.27867,32.38128],[-95.28421,32.37579],[-95.27998,32.37568],[-95.2784,32.37864],[-95.27804,32.3806],[-95.2747,32.38065],[-95.27275,32.38023],[-95.27277,32.38179],[-95.2698,32.38178],[-95.26981,32.37836],[-95.27206,32.37848],[-95.27204,32.37622],[-95.26949,32.37538],[-95.26946,32.37211],[-95.26926,32.37058],[-95.27481,32.37071],[-95.27466,32.36454],[-95.27466,32.36447],[-95.2747,32.36242],[-95.26831,32.36236],[-95.26795,32.36372],[-95.26088,32.36373],[-95.26087,32.36261],[-95.2635,32.36263],[-95.26358,32.36002],[-95.26583,32.36063],[-95.26636,32.35669],[-95.2654,32.35682],[-95.26565,32.3497],[-95.26388,32.35096],[-95.25861,32.3507],[-95.25864,32.34845],[-95.26017,32.3483],[-95.26077,32.34586],[-95.26301,32.34582],[-95.26291,32.34342],[-95.26554,32.34335],[-95.26535,32.3407],[-95.25765,32.33615],[-95.25361,32.33269],[-95.25164,32.33278],[-95.25092,32.33191],[-95.2522,32.33097],[-95.25332,32.33206],[-95.25347,32.32851],[-95.24942,32.32853],[-95.24886,32.32851],[-95.24867,32.32846],[-95.24528,32.32736],[-95.24531,32.32606],[-95.2416,32.32491],[-95.24386,32.32403],[-95.24388,32.32298],[-95.2371,32.323],[-95.23693,32.31453],[-95.23939,32.31434],[-95.237,32.31353],[-95.23701,32.31022],[-95.23081,32.31016],[-95.22871,32.30962],[-95.22877,32.30482],[-95.23121,32.30483],[-95.23134,32.29782],[-95.23225,32.29783],[-95.22924,32.29489],[-95.22951,32.29499],[-95.23154,32.29532],[-95.23721,32.29517],[-95.23883,32.29532],[-95.24002,32.29525],[-95.24412,32.29422],[-95.24624,32.29415],[-95.24725,32.29402],[-95.24334,32.28632],[-95.2427,32.28462],[-95.24978,32.2847],[-95.25279,32.28799],[-95.25554,32.28809],[-95.25555,32.2847],[-95.26152,32.28473],[-95.26152,32.28338],[-95.26144,32.27948],[-95.24927,32.27935],[-95.24634,32.27901],[-95.24682,32.27992],[-95.2446,32.2799],[-95.24459,32.27852],[-95.24655,32.27891],[-95.24499,32.27612],[-95.24682,32.27558],[-95.25586,32.27519],[-95.25588,32.27623],[-95.25958,32.27626],[-95.25981,32.27761],[-95.26128,32.27763],[-95.26069,32.27499],[-95.26087,32.27501],[-95.25933,32.27055],[-95.26124,32.27058],[-95.26125,32.26898],[-95.26322,32.26864],[-95.26325,32.2633],[-95.26366,32.26215],[-95.26794,32.26216],[-95.26793,32.25727],[-95.27295,32.25736],[-95.27295,32.2556],[-95.27768,32.25558],[-95.27764,32.25078],[-95.27675,32.24783],[-95.27689,32.24783],[-95.28542,32.24374],[-95.28772,32.24301],[-95.29153,32.24217],[-95.29151,32.24414],[-95.29475,32.24398],[-95.29622,32.24326],[-95.29855,32.24151],[-95.29921,32.24101],[-95.29559,32.24115],[-95.29525,32.24011],[-95.29618,32.23862],[-95.29672,32.23616],[-95.28394,32.23589],[-95.28395,32.23343],[-95.29197,32.23351],[-95.29198,32.23082],[-95.29398,32.23081],[-95.29585,32.23269],[-95.29585,32.23412],[-95.299,32.23421],[-95.30076,32.23504],[-95.30079,32.23665],[-95.30728,32.2376],[-95.30827,32.23774],[-95.30841,32.239],[-95.30998,32.239],[-95.31077,32.23685],[-95.31142,32.23543],[-95.31167,32.23367],[-95.31249,32.23123],[-95.31364,32.23127],[-95.31374,32.23067],[-95.31804,32.23071],[-95.31804,32.23365],[-95.31805,32.23919],[-95.32096,32.23922],[-95.32363,32.23912],[-95.33158,32.23877],[-95.3316,32.2389],[-95.33165,32.23889],[-95.33169,32.2427],[-95.33185,32.24339],[-95.33342,32.24392],[-95.33362,32.24869],[-95.34247,32.24864],[-95.34248,32.25259],[-95.34796,32.25257],[-95.34869,32.25088],[-95.35027,32.2513],[-95.36289,32.25131],[-95.36288,32.2553],[-95.35049,32.25528],[-95.34748,32.25606],[-95.34664,32.25559],[-95.34737,32.25394],[-95.34721,32.25389],[-95.34507,32.25892],[-95.34361,32.26288],[-95.34516,32.26447],[-95.3485,32.26442],[-95.35214,32.2644],[-95.35215,32.26781],[-95.35473,32.2678],[-95.3544,32.27059],[-95.35377,32.27103],[-95.34525,32.27125],[-95.34521,32.27558],[-95.34683,32.27572],[-95.3487,32.27415],[-95.34963,32.27412],[-95.34625,32.27691],[-95.3452,32.27599],[-95.34517,32.27942],[-95.35674,32.27955],[-95.35671,32.28273],[-95.35767,32.28327],[-95.35615,32.28502],[-95.35107,32.28368],[-95.35131,32.28535],[-95.34524,32.2853],[-95.34506,32.2835],[-95.34323,32.28807],[-95.34047,32.28814],[-95.33581,32.28745],[-95.33393,32.29143],[-95.3347,32.29172],[-95.33339,32.29385],[-95.33115,32.2919],[-95.32853,32.2948],[-95.3298,32.2948],[-95.3298,32.29827],[-95.3343,32.29827],[-95.33435,32.29971],[-95.33592,32.30052],[-95.33869,32.30054],[-95.33875,32.30238],[-95.33726,32.30487],[-95.33868,32.3046],[-95.34245,32.31038],[-95.34315,32.31224],[-95.34403,32.31762],[-95.34707,32.31763],[-95.3471,32.31596],[-95.35204,32.31594],[-95.35185,32.31157],[-95.35902,32.31146],[-95.35858,32.31519],[-95.35859,32.31655],[-95.36143,32.31656],[-95.36305,32.3171],[-95.36543,32.31913],[-95.36546,32.32066],[-95.36943,32.32062],[-95.36949,32.32285],[-95.37526,32.32273],[-95.37526,32.32488],[-95.37593,32.32567],[-95.38164,32.32548],[-95.38162,32.32632],[-95.38712,32.32639],[-95.3816,32.32634]],[[-95.32712,32.2948],[-95.32844,32.2948],[-95.33097,32.28931],[-95.33007,32.28905],[-95.329,32.29082],[-95.32712,32.2948]]],[[[-95.36422,32.43084],[-95.36419,32.4311],[-95.3657,32.43181],[-95.36891,32.43923],[-95.36889,32.43923],[-95.36716,32.43527],[-95.36683,32.43506],[-95.36674,32.43487],[-95.36691,32.43467],[-95.36586,32.43224],[-95.36567,32.43186],[-95.36482,32.43214],[-95.36411,32.43111],[-95.36421,32.43086],[-95.36366,32.4303],[-95.36422,32.43084]]],[[[-95.37968,32.46509],[-95.37911,32.46369],[-95.37912,32.45814],[-95.37685,32.45089],[-95.37735,32.45064],[-95.37432,32.44721],[-95.37429,32.44165],[-95.37574,32.44167],[-95.37409,32.4413],[-95.37024,32.44181],[-95.37024,32.44179],[-95.37386,32.44105],[-95.37516,32.44132],[-95.37555,32.44142],[-95.37591,32.44147],[-95.37587,32.44157],[-95.37583,32.44172],[-95.37432,32.44168],[-95.37436,32.44721],[-95.37739,32.45065],[-95.37687,32.45091],[-95.37745,32.45219],[-95.38431,32.46346],[-95.38424,32.46368],[-95.38709,32.46835],[-95.38325,32.46831],[-95.37968,32.46509]]]]}},{"type":"Feature","properties":{"name":"Via Grand Prairie","boundary_type":"city","source":"Census TIGER place","fidelity":"exact","updated":"2026-09","units":"Grand Prairie city","note":"City of Grand Prairie plus campus stops at TCC/UTA/Dallas Baptist/Dallas College","confidence":0.85},"geometry":{"type":"Polygon","coordinates":[[[-97.06899,32.54146],[-97.06583,32.54142],[-97.0658,32.54302],[-97.06462,32.54607],[-97.06814,32.54443],[-97.0689,32.54309],[-97.06911,32.54613],[-97.06857,32.54551],[-97.06308,32.54855],[-97.05716,32.54689],[-97.057,32.54768],[-97.05429,32.54774],[-97.05272,32.54884],[-97.05316,32.54995],[-97.05326,32.54995],[-97.05334,32.54998],[-97.05344,32.55005],[-97.05346,32.55007],[-97.05348,32.55016],[-97.0535,32.55022],[-97.05355,32.55029],[-97.05385,32.55028],[-97.05385,32.55036],[-97.05389,32.55043],[-97.054,32.55049],[-97.05413,32.55047],[-97.05426,32.55047],[-97.05538,32.55242],[-97.05391,32.55561],[-97.05283,32.55658],[-97.04784,32.55853],[-97.0468,32.56001],[-97.0484,32.56125],[-97.04902,32.56305],[-97.05325,32.56363],[-97.05325,32.56398],[-97.05327,32.56397],[-97.05339,32.56397],[-97.05345,32.57346],[-97.05345,32.57419],[-97.05533,32.57552],[-97.06125,32.58509],[-97.06143,32.58544],[-97.0617,32.58549],[-97.06347,32.58825],[-97.064,32.589],[-97.06414,32.58926],[-97.0661,32.59224],[-97.06635,32.59212],[-97.07357,32.58864],[-97.07467,32.59049],[-97.07473,32.59058],[-97.07589,32.59062],[-97.07645,32.59029],[-97.07682,32.59028],[-97.07852,32.59019],[-97.07766,32.60698],[-97.07819,32.60874],[-97.07756,32.61097],[-97.07705,32.61537],[-97.07611,32.61852],[-97.07471,32.62103],[-97.07018,32.62683],[-97.0659,32.63269],[-97.06545,32.63456],[-97.06534,32.63556],[-97.06514,32.63638],[-97.06445,32.63832],[-97.06343,32.64583],[-97.06386,32.64842],[-97.06235,32.65119],[-97.06229,32.65251],[-97.06329,32.66156],[-97.0633,32.66796],[-97.06222,32.6681],[-97.06218,32.66878],[-97.06203,32.67021],[-97.05984,32.67383],[-97.05883,32.67589],[-97.05614,32.67661],[-97.05547,32.67704],[-97.05614,32.67778],[-97.05998,32.67863],[-97.06055,32.67899],[-97.06093,32.67945],[-97.06203,32.68395],[-97.06179,32.69149],[-97.06208,32.6953],[-97.06213,32.70304],[-97.06212,32.70329],[-97.06112,32.70605],[-97.05898,32.70608],[-97.05345,32.70608],[-97.04757,32.70604],[-97.04759,32.72063],[-97.04591,32.72062],[-97.04587,32.72719],[-97.04585,32.72791],[-97.05117,32.72799],[-97.05666,32.72843],[-97.05669,32.73518],[-97.05264,32.73521],[-97.04935,32.73511],[-97.04932,32.73733],[-97.04602,32.73776],[-97.04577,32.73787],[-97.04573,32.73954],[-97.04558,32.74468],[-97.04056,32.74479],[-97.04049,32.74704],[-97.04026,32.74776],[-97.04016,32.75429],[-97.0372,32.75428],[-97.03722,32.7571],[-97.03707,32.75944],[-97.03738,32.75965],[-97.03728,32.76125],[-97.0456,32.76142],[-97.04558,32.76211],[-97.04582,32.76211],[-97.04584,32.76429],[-97.05384,32.76432],[-97.05454,32.7643],[-97.05991,32.76426],[-97.06295,32.763],[-97.06292,32.76385],[-97.0629,32.76434],[-97.06285,32.76521],[-97.0626,32.7672],[-97.06172,32.77383],[-97.0623,32.77384],[-97.06266,32.77385],[-97.06274,32.77903],[-97.06258,32.77903],[-97.06265,32.78518],[-97.06258,32.79103],[-97.06229,32.79643],[-97.06268,32.80211],[-97.06219,32.80445],[-97.06267,32.80832],[-97.0598,32.80779],[-97.06017,32.80959],[-97.05854,32.81115],[-97.06011,32.81379],[-97.05846,32.81502],[-97.05657,32.81365],[-97.05492,32.8154],[-97.0539,32.81494],[-97.05366,32.8125],[-97.05021,32.8111],[-97.04893,32.81134],[-97.04908,32.8139],[-97.04811,32.81327],[-97.04632,32.8091],[-97.04462,32.80794],[-97.04287,32.80919],[-97.04183,32.80867],[-97.04116,32.80713],[-97.0377,32.80657],[-97.03695,32.805],[-97.0366,32.80264],[-97.03717,32.79935],[-97.03666,32.79734],[-97.03509,32.79671],[-97.03489,32.79365],[-97.0355,32.79291],[-97.03715,32.7932],[-97.03567,32.78956],[-97.03595,32.78915],[-97.03582,32.78861],[-97.03471,32.78841],[-97.03471,32.78848],[-97.0344,32.80294],[-97.03469,32.8028],[-97.03623,32.8052],[-97.03444,32.80516],[-97.03423,32.81666],[-97.02567,32.81645],[-97.01807,32.81632],[-97.01442,32.81622],[-97.00797,32.8161],[-97.00241,32.81599],[-96.99457,32.81585],[-96.99545,32.81481],[-96.99516,32.81155],[-96.99449,32.80994],[-96.99493,32.80799],[-96.99509,32.80732],[-96.9951,32.80712],[-96.99561,32.8051],[-96.99531,32.80438],[-96.99529,32.79029],[-96.9955,32.77781],[-96.99464,32.77786],[-96.98234,32.77787],[-96.98095,32.7781],[-96.97906,32.77925],[-96.97726,32.78157],[-96.97616,32.78243],[-96.97446,32.783],[-96.97407,32.78307],[-96.96331,32.78302],[-96.95999,32.78306],[-96.96005,32.78014],[-96.96007,32.77839],[-96.96008,32.7734],[-96.96002,32.77342],[-96.95863,32.77201],[-96.95632,32.77297],[-96.95687,32.77447],[-96.95609,32.77695],[-96.95504,32.77826],[-96.95151,32.77924],[-96.95048,32.77828],[-96.95355,32.77629],[-96.95308,32.77464],[-96.94814,32.77542],[-96.9472,32.77654],[-96.94534,32.77681],[-96.94407,32.77586],[-96.94406,32.7732],[-96.94227,32.77335],[-96.94264,32.77685],[-96.94211,32.77738],[-96.94199,32.77745],[-96.94121,32.7779],[-96.94013,32.7781],[-96.92608,32.78208],[-96.92624,32.7814],[-96.92642,32.77869],[-96.92609,32.77752],[-96.9267,32.77121],[-96.92612,32.76866],[-96.92738,32.76702],[-96.92698,32.76663],[-96.92733,32.76563],[-96.92773,32.76506],[-96.92794,32.76482],[-96.92669,32.76246],[-96.92472,32.76225],[-96.92402,32.761],[-96.92515,32.75894],[-96.92616,32.74964],[-96.92626,32.74782],[-96.92632,32.74769],[-96.92633,32.74729],[-96.9267,32.74694],[-96.92697,32.74564],[-96.92824,32.74447],[-96.92973,32.74441],[-96.93043,32.74344],[-96.93109,32.74259],[-96.93497,32.74288],[-96.93437,32.7435],[-96.93497,32.7435],[-96.93497,32.74307],[-96.93703,32.74312],[-96.93827,32.74216],[-96.9429,32.74223],[-96.94307,32.73873],[-96.94864,32.73876],[-96.94866,32.73669],[-96.95143,32.7387],[-96.95798,32.73888],[-96.958,32.74207],[-96.95797,32.74225],[-96.95792,32.74621],[-96.95961,32.74643],[-96.96846,32.74614],[-96.96943,32.74609],[-96.98656,32.74534],[-96.98744,32.74537],[-96.98772,32.73821],[-96.98389,32.73816],[-96.98389,32.7349],[-96.98576,32.73492],[-96.98877,32.73493],[-96.98926,32.73493],[-96.98928,32.73285],[-96.99123,32.73284],[-96.99122,32.73493],[-96.99296,32.73493],[-96.99292,32.73181],[-96.99364,32.7316],[-96.9926,32.73039],[-96.99135,32.73058],[-96.98947,32.729],[-96.98906,32.72761],[-96.98987,32.72554],[-96.9874,32.72552],[-96.98738,32.72737],[-96.98474,32.72718],[-96.98252,32.72915],[-96.98147,32.72915],[-96.9815,32.72628],[-96.97721,32.72626],[-96.97722,32.72043],[-96.97725,32.71722],[-96.97567,32.71724],[-96.97446,32.71586],[-96.97726,32.71138],[-96.97671,32.71027],[-96.97857,32.70601],[-96.97849,32.70589],[-96.98174,32.70557],[-96.98458,32.70468],[-96.98535,32.70381],[-96.98523,32.69441],[-96.99106,32.69448],[-96.99122,32.68754],[-96.99037,32.68754],[-96.98916,32.68755],[-96.98813,32.68755],[-96.98491,32.68753],[-96.985,32.67924],[-96.98339,32.67927],[-96.98341,32.67225],[-96.98347,32.67198],[-96.98374,32.67088],[-96.98777,32.66898],[-96.98803,32.66555],[-96.98971,32.66306],[-96.98889,32.66177],[-96.99498,32.65876],[-96.99037,32.65198],[-96.99025,32.65181],[-96.98903,32.65007],[-96.98904,32.64926],[-96.98868,32.64742],[-96.98811,32.64709],[-96.98812,32.64673],[-96.98952,32.64599],[-96.9896,32.64405],[-96.98975,32.64383],[-96.99001,32.6433],[-96.9919,32.6428],[-96.99545,32.63972],[-96.99572,32.63764],[-96.99626,32.63492],[-96.99634,32.63289],[-96.99621,32.62977],[-96.99886,32.62619],[-97.0001,32.62244],[-96.99988,32.6213],[-96.99554,32.6147],[-96.99717,32.61465],[-96.99888,32.61059],[-96.99981,32.6103],[-97.0015,32.608],[-97.00404,32.60666],[-97.00432,32.60341],[-97.00379,32.60275],[-97.00552,32.60103],[-97.00492,32.59843],[-97.00826,32.59781],[-97.01012,32.59985],[-97.01148,32.60014],[-97.01373,32.59862],[-97.01526,32.59906],[-97.0167,32.59799],[-97.01555,32.59685],[-97.01283,32.59567],[-97.01235,32.59271],[-97.01329,32.58885],[-97.013,32.58755],[-97.01418,32.58811],[-97.01685,32.58751],[-97.01584,32.5866],[-97.01574,32.585],[-97.01688,32.58308],[-97.01924,32.58303],[-97.02015,32.58163],[-97.01688,32.58055],[-97.01282,32.58128],[-97.01284,32.57996],[-97.01498,32.57899],[-97.01388,32.57767],[-97.01715,32.57809],[-97.0136,32.57265],[-97.01473,32.57097],[-97.0128,32.57057],[-97.01307,32.56938],[-97.01054,32.56937],[-97.01073,32.56285],[-97.01274,32.56287],[-97.01331,32.56208],[-97.01368,32.54848],[-97.01381,32.54063],[-97.01827,32.54017],[-97.02002,32.53915],[-97.0213,32.53596],[-97.02137,32.5335],[-97.02169,32.52366],[-97.02199,32.52305],[-97.02617,32.523],[-97.02767,32.5225],[-97.0283,32.5221],[-97.02922,32.52109],[-97.02978,32.52005],[-97.03,32.51927],[-97.03013,32.51823],[-97.0302,32.50402],[-97.03271,32.50714],[-97.03753,32.50511],[-97.04122,32.50407],[-97.04286,32.50141],[-97.0477,32.49907],[-97.04697,32.49809],[-97.04637,32.4976],[-97.04512,32.49573],[-97.04711,32.49475],[-97.05101,32.49929],[-97.05282,32.49935],[-97.05868,32.50048],[-97.06253,32.50164],[-97.06666,32.5033],[-97.07105,32.50562],[-97.07681,32.5098],[-97.07988,32.51276],[-97.07775,32.51272],[-97.07567,32.51351],[-97.07429,32.51471],[-97.07431,32.51149],[-97.0668,32.51137],[-97.06779,32.51273],[-97.06767,32.51301],[-97.06793,32.51391],[-97.06773,32.5143],[-97.07717,32.51997],[-97.07906,32.52168],[-97.08063,32.52478],[-97.08102,32.52759],[-97.08064,32.5366],[-97.06899,32.54146]],[[-97.06776,32.51393],[-97.067,32.51338],[-97.06655,32.51576],[-97.07004,32.51579],[-97.06758,32.5143],[-97.06776,32.51393]],[[-97.06689,32.51655],[-97.06652,32.51582],[-97.06336,32.51364],[-97.06337,32.51119],[-97.06077,32.51179],[-97.04631,32.50146],[-97.04415,32.5027],[-97.04315,32.50544],[-97.03204,32.50886],[-97.03175,32.51852],[-97.03073,32.52168],[-97.02909,32.52345],[-97.02613,32.52446],[-97.0234,32.5245],[-97.02302,32.53445],[-97.02283,32.53728],[-97.02124,32.54017],[-97.01912,32.54142],[-97.01547,32.54172],[-97.01535,32.547],[-97.0508,32.5475],[-97.05229,32.54674],[-97.05485,32.54624],[-97.05643,32.54591],[-97.05763,32.54348],[-97.05619,32.54083],[-97.05504,32.53758],[-97.05416,32.53741],[-97.05459,32.53532],[-97.05436,32.53134],[-97.05619,32.52951],[-97.05638,32.52796],[-97.05853,32.52627],[-97.06112,32.52496],[-97.06538,32.52548],[-97.06736,32.52461],[-97.06779,32.52178],[-97.06689,32.51655]],[[-97.04453,32.54874],[-97.04467,32.5507],[-97.04312,32.55173],[-97.04183,32.55346],[-97.04082,32.55765],[-97.04121,32.55877],[-97.04038,32.56025],[-97.03852,32.56],[-97.0384,32.56677],[-97.03851,32.56569],[-97.04208,32.56143],[-97.0425,32.55962],[-97.04962,32.55184],[-97.04983,32.5488],[-97.04453,32.54874]],[[-96.93268,32.75206],[-96.93257,32.75209],[-96.93215,32.74999],[-96.93065,32.75007],[-96.93052,32.75736],[-96.9347,32.75527],[-96.93473,32.75151],[-96.93268,32.75206]]]}},{"type":"Feature","properties":{"name":"VIA Link","boundary_type":"city","source":"Census TIGER place","fidelity":"exact","updated":"2026-09","units":"San Antonio city","note":"City-wide service across 6 zones.","confidence":1.0},"geometry":{"type":"MultiPolygon","coordinates":[[[[-98.50574,29.22275],[-98.51011,29.22448],[-98.5083,29.22552],[-98.50681,29.2249],[-98.50496,29.2242],[-98.50574,29.22275]]],[[[-98.50657,29.23121],[-98.5062,29.23214],[-98.50485,29.23168],[-98.50466,29.23112],[-98.50399,29.23031],[-98.50657,29.23121]]],[[[-98.50265,29.23667],[-98.49967,29.24216],[-98.49948,29.24494],[-98.4985,29.24435],[-98.49891,29.24028],[-98.49904,29.23192],[-98.50009,29.22542],[-98.50432,29.22546],[-98.50201,29.22981],[-98.50412,29.23163],[-98.50843,29.2333],[-98.5094,29.23154],[-98.50436,29.2296],[-98.50569,29.22705],[-98.50926,29.22859],[-98.50976,29.2276],[-98.50615,29.22617],[-98.5067,29.2251],[-98.51146,29.22762],[-98.51366,29.22348],[-98.51156,29.22145],[-98.50912,29.22051],[-98.51014,29.21856],[-98.51502,29.22091],[-98.51394,29.22294],[-98.51387,29.23],[-98.51113,29.23969],[-98.50566,29.23856],[-98.50265,29.23667]]],[[[-98.52503,29.23572],[-98.52501,29.23709],[-98.52365,29.23707],[-98.52366,29.23571],[-98.52503,29.23572]]],[[[-98.50477,29.24923],[-98.50706,29.24826],[-98.50619,29.25132],[-98.50364,29.25116],[-98.50121,29.25141],[-98.50179,29.24924],[-98.50477,29.24923]]],[[[-98.8058,29.57212],[-98.80159,29.57207],[-98.79934,29.57139],[-98.79517,29.56925],[-98.7921,29.56687],[-98.79078,29.56646],[-98.78673,29.57617],[-98.79126,29.57747],[-98.79201,29.57556],[-98.79939,29.57869],[-98.7995,29.5937],[-98.79943,29.59562],[-98.79521,29.59454],[-98.78875,29.59521],[-98.78309,29.58779],[-98.78592,29.5802],[-98.78648,29.57807],[-98.78478,29.57764],[-98.78085,29.57648],[-98.77995,29.57876],[-98.77651,29.57775],[-98.77559,29.57578],[-98.77386,29.57577],[-98.77364,29.59664],[-98.77455,29.59782],[-98.76118,29.60532],[-98.75626,29.60163],[-98.75579,29.60204],[-98.75212,29.60543],[-98.75327,29.60632],[-98.74417,29.61566],[-98.74118,29.61213],[-98.73925,29.60835],[-98.73739,29.60634],[-98.73962,29.60525],[-98.73715,29.6014],[-98.73424,29.60369],[-98.73047,29.60261],[-98.72588,29.60342],[-98.72405,29.60439],[-98.72146,29.60419],[-98.72084,29.60378],[-98.7229,29.60098],[-98.72028,29.59817],[-98.71866,29.59439],[-98.71914,29.59231],[-98.71652,29.58791],[-98.71091,29.58741],[-98.71,29.5864],[-98.71071,29.58218],[-98.7095,29.5796],[-98.70316,29.57938],[-98.70211,29.57451],[-98.70496,29.57763],[-98.70798,29.57851],[-98.71019,29.57784],[-98.7133,29.57867],[-98.71378,29.5788],[-98.71576,29.5779],[-98.71647,29.57668],[-98.71693,29.57021],[-98.71705,29.5685],[-98.72384,29.55523],[-98.72949,29.55652],[-98.73793,29.55583],[-98.74666,29.53854],[-98.74752,29.53664],[-98.75482,29.52229],[-98.755,29.52235],[-98.75814,29.5163],[-98.73371,29.50674],[-98.73324,29.50715],[-98.73204,29.50641],[-98.73117,29.50622],[-98.73016,29.50627],[-98.72771,29.50562],[-98.72821,29.5046],[-98.72729,29.50424],[-98.72663,29.50557],[-98.7231,29.50258],[-98.72152,29.50572],[-98.72003,29.50513],[-98.71967,29.50582],[-98.71892,29.50731],[-98.71051,29.50409],[-98.7088,29.50744],[-98.7035,29.50534],[-98.70206,29.50818],[-98.69793,29.5164],[-98.69448,29.52328],[-98.69407,29.52422],[-98.69341,29.52544],[-98.69235,29.52676],[-98.68793,29.53147],[-98.68578,29.53767],[-98.68648,29.53796],[-98.69552,29.54147],[-98.69925,29.5426],[-98.70159,29.54208],[-98.70069,29.54364],[-98.70157,29.54398],[-98.69831,29.54995],[-98.69516,29.54978],[-98.69353,29.54904],[-98.68932,29.54482],[-98.69171,29.54325],[-98.69148,29.54225],[-98.68797,29.54086],[-98.68599,29.54392],[-98.68411,29.54307],[-98.68123,29.54849],[-98.68122,29.5506],[-98.6791,29.55174],[-98.67721,29.55096],[-98.67264,29.55092],[-98.67116,29.55505],[-98.67016,29.55605],[-98.67117,29.5569],[-98.6724,29.55771],[-98.67042,29.56007],[-98.66974,29.55899],[-98.66706,29.56265],[-98.6632,29.56255],[-98.66301,29.5698],[-98.67354,29.56968],[-98.67475,29.56934],[-98.6761,29.56851],[-98.67654,29.57081],[-98.6782,29.56951],[-98.68048,29.56565],[-98.68166,29.56585],[-98.67845,29.57501],[-98.67628,29.57464],[-98.67552,29.57614],[-98.67351,29.57633],[-98.67125,29.57636],[-98.6713,29.5796],[-98.66989,29.57961],[-98.66987,29.58414],[-98.66988,29.58483],[-98.66988,29.58524],[-98.6698,29.58905],[-98.67901,29.59556],[-98.6806,29.59689],[-98.68038,29.60147],[-98.67789,29.60126],[-98.6756,29.60315],[-98.6737,29.60552],[-98.67242,29.60897],[-98.67214,29.61215],[-98.67103,29.61214],[-98.67108,29.61878],[-98.66905,29.61879],[-98.66905,29.62089],[-98.65875,29.62084],[-98.65133,29.62066],[-98.64716,29.62058],[-98.64419,29.62324],[-98.65085,29.62756],[-98.65224,29.62911],[-98.65183,29.62948],[-98.65098,29.63083],[-98.65149,29.63152],[-98.65149,29.63437],[-98.6505,29.63432],[-98.64914,29.63591],[-98.64627,29.63704],[-98.64549,29.63795],[-98.64683,29.63963],[-98.64352,29.64126],[-98.63765,29.64635],[-98.63339,29.64637],[-98.63349,29.65651],[-98.63471,29.6565],[-98.63479,29.65649],[-98.63505,29.65787],[-98.6348,29.65813],[-98.63439,29.65833],[-98.63366,29.65842],[-98.63304,29.6584],[-98.63548,29.66447],[-98.63688,29.66613],[-98.64026,29.66555],[-98.64267,29.66619],[-98.64437,29.66801],[-98.64445,29.672],[-98.64443,29.67669],[-98.63717,29.67669],[-98.63665,29.67592],[-98.63381,29.67015],[-98.63326,29.67009],[-98.63108,29.66987],[-98.62907,29.67197],[-98.62874,29.6734],[-98.62655,29.67524],[-98.62571,29.67647],[-98.6253,29.67686],[-98.63145,29.67687],[-98.6314,29.67903],[-98.63169,29.67918],[-98.6315,29.67979],[-98.6315,29.68877],[-98.63151,29.69228],[-98.6315,29.69963],[-98.63002,29.70619],[-98.62815,29.70951],[-98.62808,29.70999],[-98.62786,29.71199],[-98.6268,29.71413],[-98.62378,29.71791],[-98.62345,29.73108],[-98.62025,29.73104],[-98.62018,29.72388],[-98.62038,29.71809],[-98.6218,29.71505],[-98.6238,29.71293],[-98.62464,29.71148],[-98.62508,29.70824],[-98.62689,29.70556],[-98.62826,29.69901],[-98.62824,29.68872],[-98.62823,29.67961],[-98.61272,29.67957],[-98.61273,29.67128],[-98.6053,29.67114],[-98.60501,29.66097],[-98.60529,29.65191],[-98.5955,29.65183],[-98.59546,29.646],[-98.58881,29.64607],[-98.58881,29.63238],[-98.58856,29.63021],[-98.58728,29.6302],[-98.58381,29.62898],[-98.58476,29.62695],[-98.58314,29.62585],[-98.56948,29.62579],[-98.5701,29.62326],[-98.56541,29.62572],[-98.56135,29.62946],[-98.55965,29.62943],[-98.55099,29.62931],[-98.551,29.62696],[-98.55084,29.62696],[-98.53438,29.62694],[-98.53044,29.62693],[-98.51882,29.62692],[-98.51929,29.63449],[-98.5201,29.63876],[-98.52007,29.64032],[-98.51878,29.6438],[-98.51852,29.64579],[-98.51882,29.64883],[-98.5214,29.65486],[-98.52131,29.65657],[-98.51669,29.65646],[-98.5093,29.65941],[-98.50615,29.66226],[-98.50473,29.66248],[-98.50366,29.66294],[-98.50776,29.66965],[-98.5046,29.67114],[-98.49107,29.6775],[-98.49132,29.66384],[-98.49132,29.66205],[-98.4854,29.66206],[-98.4827,29.66096],[-98.47958,29.65968],[-98.47328,29.6571],[-98.47074,29.65667],[-98.46922,29.65488],[-98.46834,29.65612],[-98.46596,29.65459],[-98.46174,29.65197],[-98.46077,29.6518],[-98.45513,29.6575],[-98.45195,29.66067],[-98.45376,29.66282],[-98.45182,29.66366],[-98.45164,29.66782],[-98.45278,29.66875],[-98.45302,29.66879],[-98.45268,29.67054],[-98.45407,29.67416],[-98.45776,29.67589],[-98.45762,29.67985],[-98.45658,29.68104],[-98.45568,29.68153],[-98.45405,29.69184],[-98.45388,29.69306],[-98.4554,29.69566],[-98.45423,29.69576],[-98.45433,29.70086],[-98.45508,29.70246],[-98.45408,29.70291],[-98.4537,29.70546],[-98.45117,29.70492],[-98.44979,29.71114],[-98.45114,29.71265],[-98.449,29.71285],[-98.44919,29.71814],[-98.4447,29.71801],[-98.44366,29.71798],[-98.44264,29.71563],[-98.44376,29.71573],[-98.44649,29.7114],[-98.44636,29.7041],[-98.44785,29.70413],[-98.44829,29.69479],[-98.44633,29.69479],[-98.44674,29.69263],[-98.44887,29.69099],[-98.44786,29.68954],[-98.44652,29.68875],[-98.44888,29.68717],[-98.4489,29.68275],[-98.44778,29.68279],[-98.44724,29.6813],[-98.44704,29.67894],[-98.44435,29.67575],[-98.44986,29.67571],[-98.44799,29.67003],[-98.44773,29.66603],[-98.4469,29.66614],[-98.44698,29.66338],[-98.44732,29.66122],[-98.43528,29.66271],[-98.43494,29.66113],[-98.43172,29.65614],[-98.42755,29.65366],[-98.426,29.6512],[-98.42547,29.64747],[-98.4253,29.64749],[-98.42513,29.64703],[-98.42459,29.64023],[-98.40584,29.64189],[-98.4074,29.63447],[-98.40234,29.62683],[-98.39485,29.6306],[-98.37871,29.63871],[-98.37838,29.63794],[-98.37698,29.63826],[-98.37579,29.63559],[-98.37702,29.63496],[-98.37662,29.63435],[-98.37868,29.63365],[-98.37917,29.63119],[-98.37866,29.62955],[-98.3741,29.63179],[-98.37316,29.62968],[-98.36101,29.63989],[-98.36936,29.64469],[-98.36656,29.6434],[-98.3524,29.65315],[-98.34759,29.64699],[-98.34866,29.64581],[-98.3476,29.64505],[-98.34726,29.64201],[-98.34536,29.638],[-98.34451,29.63835],[-98.34379,29.63675],[-98.34374,29.63655],[-98.34418,29.63638],[-98.35492,29.63179],[-98.35641,29.63435],[-98.35718,29.63424],[-98.35491,29.62785],[-98.35353,29.62089],[-98.35089,29.61778],[-98.3564,29.61535],[-98.35821,29.61593],[-98.36058,29.61426],[-98.35381,29.60723],[-98.34962,29.60931],[-98.34846,29.60756],[-98.34488,29.6093],[-98.34169,29.60555],[-98.33962,29.60587],[-98.32865,29.60823],[-98.32782,29.60582],[-98.32547,29.60337],[-98.31933,29.60199],[-98.31349,29.60228],[-98.32766,29.59575],[-98.32879,29.59514],[-98.33044,29.59404],[-98.34175,29.58578],[-98.33837,29.5807],[-98.34262,29.57854],[-98.34485,29.57724],[-98.34631,29.57335],[-98.34805,29.57174],[-98.34916,29.57119],[-98.35643,29.56988],[-98.35291,29.56462],[-98.35276,29.56439],[-98.35241,29.56349],[-98.35225,29.5628],[-98.35208,29.56186],[-98.35196,29.56134],[-98.3484,29.55523],[-98.348,29.55464],[-98.35518,29.55171],[-98.35773,29.55011],[-98.35663,29.54819],[-98.35703,29.54583],[-98.35436,29.5439],[-98.35647,29.5442],[-98.35639,29.54202],[-98.35516,29.54103],[-98.35899,29.53859],[-98.35888,29.53843],[-98.36109,29.53716],[-98.35965,29.5357],[-98.36607,29.53073],[-98.36938,29.53034],[-98.36935,29.52704],[-98.381,29.52549],[-98.38127,29.52299],[-98.38159,29.52301],[-98.38659,29.52307],[-98.38917,29.52396],[-98.39013,29.52428],[-98.39194,29.52238],[-98.39423,29.5195],[-98.39584,29.51599],[-98.3971,29.51027],[-98.39983,29.49701],[-98.39949,29.49666],[-98.38813,29.49664],[-98.38434,29.49667],[-98.38366,29.49819],[-98.38471,29.49885],[-98.38525,29.49868],[-98.38861,29.49866],[-98.38872,29.49825],[-98.39329,29.49785],[-98.39332,29.49951],[-98.39542,29.49951],[-98.39519,29.50546],[-98.39102,29.5055],[-98.39122,29.51022],[-98.38792,29.51027],[-98.38035,29.51028],[-98.37217,29.51031],[-98.37161,29.5104],[-98.36632,29.51205],[-98.36575,29.51207],[-98.3701,29.50852],[-98.3658,29.50336],[-98.35934,29.50177],[-98.35537,29.50076],[-98.35432,29.50045],[-98.35025,29.49932],[-98.34942,29.49912],[-98.3473,29.49862],[-98.34414,29.5008],[-98.34298,29.50186],[-98.34126,29.50395],[-98.33951,29.50619],[-98.33741,29.50865],[-98.3362,29.50963],[-98.33528,29.50837],[-98.33681,29.50705],[-98.342,29.50059],[-98.34496,29.4983],[-98.34532,29.49806],[-98.34791,29.49631],[-98.35146,29.49394],[-98.34917,29.49229],[-98.34776,29.49423],[-98.34486,29.49446],[-98.34543,29.49217],[-98.34315,29.49019],[-98.34438,29.4889],[-98.34292,29.48733],[-98.34548,29.48606],[-98.34724,29.48573],[-98.35042,29.48526],[-98.35126,29.48501],[-98.35842,29.48153],[-98.35728,29.47985],[-98.35903,29.47866],[-98.35966,29.47847],[-98.35946,29.47766],[-98.35942,29.47241],[-98.3594,29.46772],[-98.3594,29.46306],[-98.3686,29.45992],[-98.36898,29.45981],[-98.37221,29.45971],[-98.37218,29.45654],[-98.37507,29.45654],[-98.3751,29.4597],[-98.37514,29.46505],[-98.37772,29.46562],[-98.37804,29.46679],[-98.37688,29.47189],[-98.37527,29.47293],[-98.37527,29.47413],[-98.37359,29.47484],[-98.37418,29.47514],[-98.3741,29.4767],[-98.37532,29.47923],[-98.37789,29.47775],[-98.38114,29.47546],[-98.38967,29.46971],[-98.39855,29.46374],[-98.3984,29.46348],[-98.39962,29.46267],[-98.39961,29.46128],[-98.40014,29.45869],[-98.40106,29.4541],[-98.40122,29.45332],[-98.40165,29.45122],[-98.39565,29.45116],[-98.39207,29.45205],[-98.39208,29.45154],[-98.38768,29.4515],[-98.38486,29.45051],[-98.38285,29.45046],[-98.38122,29.45045],[-98.37358,29.45052],[-98.37466,29.45145],[-98.37478,29.45497],[-98.37215,29.45497],[-98.36973,29.45499],[-98.36964,29.45087],[-98.36656,29.45086],[-98.36075,29.45084],[-98.36073,29.44751],[-98.33804,29.45448],[-98.33459,29.46489],[-98.33134,29.46408],[-98.33405,29.45577],[-98.3302,29.45701],[-98.32069,29.46018],[-98.32056,29.46022],[-98.3164,29.46134],[-98.31082,29.46266],[-98.3081,29.46257],[-98.30606,29.46883],[-98.29649,29.46645],[-98.29808,29.47076],[-98.29966,29.47834],[-98.29985,29.48103],[-98.29902,29.48359],[-98.29788,29.48489],[-98.29926,29.48525],[-98.29886,29.48648],[-98.29848,29.48761],[-98.29584,29.48693],[-98.2927,29.48612],[-98.29065,29.48558],[-98.28698,29.48735],[-98.28433,29.48709],[-98.28397,29.48818],[-98.27713,29.48648],[-98.27727,29.48627],[-98.281,29.48066],[-98.29286,29.48363],[-98.29379,29.48053],[-98.29038,29.47963],[-98.29316,29.47138],[-98.28942,29.47045],[-98.28461,29.46804],[-98.27023,29.47263],[-98.26391,29.47494],[-98.25726,29.47682],[-98.25494,29.47788],[-98.24726,29.48023],[-98.23737,29.4836],[-98.23457,29.48495],[-98.2301,29.48617],[-98.22428,29.48839],[-98.22414,29.48891],[-98.22386,29.48845],[-98.22369,29.48808],[-98.22271,29.48585],[-98.23066,29.48366],[-98.23303,29.48261],[-98.23663,29.48163],[-98.25537,29.4748],[-98.25585,29.47504],[-98.25959,29.47385],[-98.26128,29.47125],[-98.25924,29.46888],[-98.26522,29.45985],[-98.2677,29.46111],[-98.26588,29.46382],[-98.26531,29.46339],[-98.2622,29.46819],[-98.26416,29.47129],[-98.2678,29.46582],[-98.26611,29.46494],[-98.26962,29.45956],[-98.26616,29.45843],[-98.26959,29.45322],[-98.27026,29.45284],[-98.27503,29.45504],[-98.27706,29.45463],[-98.27862,29.4523],[-98.28256,29.45427],[-98.28122,29.45632],[-98.28992,29.46064],[-98.29064,29.46048],[-98.28974,29.45785],[-98.29083,29.45811],[-98.29251,29.45301],[-98.29364,29.45251],[-98.30206,29.45462],[-98.30013,29.46058],[-98.3014,29.4609],[-98.30693,29.45939],[-98.30799,29.45611],[-98.3137,29.45747],[-98.31805,29.45622],[-98.32272,29.44161],[-98.32371,29.44042],[-98.32792,29.4376],[-98.33233,29.43159],[-98.33605,29.41863],[-98.34404,29.41834],[-98.34359,29.42758],[-98.34802,29.4277],[-98.348,29.41815],[-98.35386,29.41786],[-98.3566,29.41838],[-98.36074,29.42116],[-98.3608,29.41436],[-98.36081,29.39819],[-98.36081,29.39201],[-98.36083,29.38136],[-98.36083,29.37911],[-98.36079,29.36393],[-98.35726,29.36203],[-98.35427,29.36139],[-98.35429,29.36131],[-98.34308,29.35885],[-98.31474,29.35292],[-98.31477,29.35283],[-98.31481,29.35271],[-98.34338,29.35869],[-98.34426,29.35886],[-98.35759,29.36193],[-98.36078,29.36346],[-98.36078,29.36362],[-98.3694,29.36483],[-98.37158,29.36532],[-98.37165,29.36503],[-98.37687,29.36644],[-98.37948,29.36736],[-98.37927,29.35969],[-98.37915,29.34293],[-98.38872,29.34281],[-98.38904,29.34288],[-98.39431,29.34274],[-98.40032,29.33567],[-98.40224,29.33447],[-98.40132,29.33022],[-98.39965,29.32985],[-98.39968,29.32504],[-98.40374,29.32414],[-98.40501,29.32081],[-98.40769,29.32003],[-98.40796,29.31929],[-98.40586,29.31571],[-98.38993,29.30837],[-98.3852,29.30568],[-98.37982,29.30262],[-98.37304,29.29941],[-98.37334,29.29909],[-98.37391,29.29851],[-98.38031,29.30212],[-98.38488,29.29663],[-98.37629,29.28628],[-98.37615,29.2861],[-98.37712,29.28501],[-98.37215,29.28068],[-98.37874,29.27347],[-98.37002,29.28083],[-98.36937,29.27833],[-98.36815,29.27856],[-98.35921,29.26769],[-98.35856,29.26688],[-98.36073,29.25909],[-98.3608,29.25531],[-98.36384,29.25535],[-98.36306,29.25184],[-98.36304,29.24726],[-98.36204,29.24462],[-98.36068,29.24268],[-98.36259,29.24175],[-98.36181,29.23934],[-98.36374,29.23909],[-98.36734,29.23752],[-98.36759,29.2374],[-98.36773,29.23737],[-98.36786,29.23736],[-98.36816,29.23739],[-98.36877,29.2372],[-98.37046,29.23657],[-98.37125,29.23607],[-98.37223,29.23656],[-98.3726,29.23691],[-98.37458,29.23666],[-98.37659,29.23656],[-98.37788,29.23628],[-98.37904,29.23546],[-98.38084,29.23441],[-98.38243,29.23462],[-98.3848,29.23253],[-98.38728,29.23359],[-98.39012,29.23619],[-98.3874,29.24239],[-98.38877,29.24396],[-98.39131,29.24517],[-98.39319,29.24141],[-98.39406,29.24178],[-98.39542,29.24309],[-98.3938,29.24594],[-98.39585,29.24675],[-98.39773,29.24331],[-98.39989,29.23969],[-98.40234,29.23406],[-98.40284,29.23328],[-98.40254,29.23112],[-98.40147,29.22976],[-98.4009,29.22552],[-98.4001,29.22364],[-98.4023,29.22074],[-98.40151,29.21823],[-98.40018,29.21837],[-98.39784,29.21963],[-98.39662,29.21892],[-98.39319,29.21929],[-98.39255,29.21765],[-98.40466,29.2098],[-98.40485,29.20991],[-98.41171,29.20545],[-98.41402,29.20694],[-98.41263,29.20799],[-98.41444,29.20917],[-98.41541,29.20853],[-98.41452,29.20358],[-98.41829,29.20105],[-98.41881,29.19961],[-98.40388,29.2093],[-98.40321,29.2088],[-98.40063,29.20585],[-98.39801,29.20365],[-98.401,29.20165],[-98.4004,29.20098],[-98.40324,29.19907],[-98.40383,29.19979],[-98.42493,29.18565],[-98.42562,29.18529],[-98.42009,29.1995],[-98.41769,29.20697],[-98.42506,29.20221],[-98.42602,29.20313],[-98.42748,29.20218],[-98.42662,29.20114],[-98.43659,29.19459],[-98.43801,29.19627],[-98.44338,29.19275],[-98.44349,29.1928],[-98.43937,29.20079],[-98.43663,29.19973],[-98.435,29.20295],[-98.43054,29.20121],[-98.42897,29.20225],[-98.43077,29.2046],[-98.4194,29.21181],[-98.42357,29.21238],[-98.42721,29.20801],[-98.42984,29.20834],[-98.42658,29.21278],[-98.42948,29.21317],[-98.42647,29.21964],[-98.42761,29.21973],[-98.429,29.21703],[-98.43094,29.21728],[-98.43283,29.2136],[-98.43928,29.21436],[-98.43688,29.219],[-98.43496,29.21788],[-98.43362,29.22049],[-98.42949,29.22001],[-98.4293,29.2204],[-98.42395,29.23104],[-98.4257,29.23227],[-98.42431,29.23642],[-98.42659,29.23704],[-98.42703,29.23574],[-98.42952,29.2364],[-98.42906,29.23774],[-98.43114,29.23828],[-98.42948,29.24319],[-98.42582,29.24217],[-98.42446,29.24615],[-98.40785,29.24151],[-98.4067,29.24317],[-98.40676,29.2437],[-98.39698,29.25871],[-98.40137,29.26084],[-98.40993,29.2481],[-98.41234,29.24945],[-98.41421,29.24747],[-98.39937,29.26805],[-98.40347,29.27051],[-98.40131,29.27321],[-98.40239,29.27379],[-98.40049,29.27614],[-98.40083,29.27709],[-98.39843,29.2756],[-98.39814,29.27966],[-98.40094,29.28053],[-98.40239,29.27887],[-98.40325,29.27942],[-98.39986,29.28353],[-98.40773,29.28857],[-98.40882,29.28851],[-98.42296,29.27162],[-98.42564,29.26878],[-98.42466,29.27118],[-98.42669,29.27192],[-98.42725,29.2738],[-98.42902,29.27523],[-98.43198,29.27494],[-98.43345,29.27735],[-98.43352,29.27939],[-98.4283,29.28581],[-98.43195,29.28824],[-98.43395,29.28618],[-98.43411,29.2857],[-98.43436,29.28533],[-98.43676,29.28472],[-98.43779,29.28627],[-98.43683,29.28771],[-98.4384,29.28791],[-98.43894,29.28923],[-98.43996,29.28915],[-98.44096,29.29062],[-98.44017,29.29205],[-98.44045,29.29361],[-98.43903,29.29467],[-98.44018,29.29642],[-98.44161,29.29725],[-98.44186,29.29849],[-98.44444,29.29841],[-98.44471,29.30029],[-98.44628,29.30153],[-98.44451,29.30204],[-98.4426,29.30431],[-98.44276,29.30535],[-98.44109,29.3065],[-98.44219,29.30742],[-98.44302,29.30746],[-98.44322,29.30753],[-98.44335,29.30796],[-98.44318,29.30885],[-98.44286,29.30954],[-98.44162,29.31132],[-98.44335,29.31174],[-98.44429,29.31207],[-98.44819,29.3074],[-98.44838,29.30874],[-98.45265,29.30863],[-98.45311,29.31007],[-98.4489,29.31009],[-98.44922,29.3108],[-98.45391,29.31103],[-98.46061,29.31105],[-98.46038,29.31189],[-98.45009,29.3119],[-98.45385,29.31211],[-98.45068,29.31241],[-98.45103,29.31364],[-98.4542,29.31362],[-98.45405,29.31276],[-98.45796,29.31274],[-98.4577,29.31365],[-98.45438,29.31362],[-98.4544,29.31458],[-98.46036,29.3146],[-98.46032,29.3181],[-98.45347,29.31801],[-98.45348,29.31895],[-98.4603,29.31899],[-98.46027,29.32089],[-98.46611,29.32092],[-98.46733,29.31836],[-98.46738,29.31549],[-98.4687,29.31548],[-98.46991,29.31256],[-98.46741,29.31264],[-98.46743,29.31108],[-98.47119,29.3111],[-98.47405,29.31024],[-98.47301,29.30685],[-98.47003,29.29763],[-98.46908,29.29409],[-98.46858,29.29054],[-98.46787,29.28827],[-98.46862,29.28764],[-98.47117,29.28762],[-98.47108,29.27991],[-98.47221,29.2799],[-98.47211,29.25411],[-98.47209,29.24961],[-98.47288,29.24731],[-98.47278,29.24874],[-98.47648,29.24928],[-98.47874,29.2514],[-98.48041,29.25182],[-98.48352,29.25381],[-98.48429,29.25526],[-98.48689,29.25515],[-98.49023,29.25621],[-98.49163,29.25769],[-98.49464,29.25196],[-98.49781,29.25314],[-98.49576,29.25647],[-98.49982,29.25564],[-98.50171,29.25589],[-98.50423,29.25735],[-98.50765,29.25664],[-98.50996,29.25688],[-98.51161,29.25606],[-98.51381,29.25589],[-98.5137,29.25057],[-98.50995,29.24559],[-98.5107,29.24079],[-98.51176,29.23926],[-98.51381,29.23878],[-98.51381,29.23809],[-98.51996,29.23807],[-98.52001,29.23941],[-98.5264,29.23921],[-98.52649,29.2306],[-98.52001,29.23051],[-98.52005,29.22435],[-98.52655,29.22436],[-98.52658,29.21547],[-98.53751,29.2171],[-98.53739,29.23772],[-98.53903,29.23716],[-98.54094,29.2353],[-98.54052,29.2347],[-98.54078,29.23079],[-98.54202,29.23099],[-98.5453,29.23638],[-98.54511,29.23295],[-98.54481,29.21842],[-98.54843,29.21961],[-98.55195,29.22146],[-98.55474,29.22357],[-98.55475,29.23104],[-98.54743,29.23101],[-98.54743,29.23197],[-98.55477,29.2321],[-98.55466,29.2433],[-98.56065,29.24642],[-98.5644,29.24727],[-98.56747,29.25004],[-98.56818,29.25202],[-98.57152,29.25109],[-98.57789,29.25237],[-98.57963,29.25324],[-98.58124,29.25572],[-98.58121,29.25731],[-98.58402,29.25393],[-98.58653,29.25312],[-98.58983,29.2533],[-98.59207,29.25485],[-98.59413,29.25772],[-98.59652,29.25907],[-98.5996,29.25999],[-98.60091,29.26096],[-98.60292,29.26424],[-98.6032,29.25155],[-98.61285,29.25522],[-98.61281,29.26462],[-98.61603,29.26659],[-98.61599,29.27221],[-98.61635,29.27377],[-98.62134,29.27415],[-98.62142,29.27553],[-98.61838,29.27898],[-98.6225,29.27888],[-98.62567,29.27911],[-98.62724,29.27847],[-98.62749,29.28313],[-98.62773,29.28229],[-98.62818,29.28195],[-98.6289,29.28185],[-98.62944,29.28193],[-98.6313,29.28269],[-98.63168,29.283],[-98.63242,29.28404],[-98.63369,29.28555],[-98.63653,29.28752],[-98.63862,29.28983],[-98.63858,29.28611],[-98.64033,29.28681],[-98.64048,29.2906],[-98.64296,29.28961],[-98.6399,29.29221],[-98.63873,29.29285],[-98.6325,29.29739],[-98.63406,29.29887],[-98.63639,29.30022],[-98.63895,29.30066],[-98.64216,29.30762],[-98.64481,29.31037],[-98.64844,29.31822],[-98.65025,29.31962],[-98.64941,29.32019],[-98.64982,29.32016],[-98.65219,29.31975],[-98.66951,29.32772],[-98.67082,29.32806],[-98.6712,29.32816],[-98.67112,29.34628],[-98.66676,29.34621],[-98.66493,29.34669],[-98.66161,29.34747],[-98.6465,29.3472],[-98.64649,29.35045],[-98.64648,29.35639],[-98.64648,29.36063],[-98.6464,29.36422],[-98.64641,29.36584],[-98.6434,29.3664],[-98.64344,29.36772],[-98.64669,29.37374],[-98.6487,29.37747],[-98.65672,29.39213],[-98.65769,29.39293],[-98.65967,29.39325],[-98.66981,29.38929],[-98.67249,29.38828],[-98.68813,29.38438],[-98.69028,29.38392],[-98.69394,29.38263],[-98.69809,29.38149],[-98.69935,29.37958],[-98.70163,29.37914],[-98.70402,29.38036],[-98.71015,29.37919],[-98.71419,29.37823],[-98.72373,29.37678],[-98.72381,29.37715],[-98.7237,29.37809],[-98.71718,29.37902],[-98.71023,29.38058],[-98.70445,29.38188],[-98.70124,29.38447],[-98.70026,29.38456],[-98.69867,29.38367],[-98.69835,29.38343],[-98.69396,29.3845],[-98.67443,29.38918],[-98.67064,29.39053],[-98.66518,29.39259],[-98.66481,29.39352],[-98.6649,29.3949],[-98.66642,29.39588],[-98.66707,29.3986],[-98.66832,29.39771],[-98.67119,29.39735],[-98.67274,29.39883],[-98.67482,29.39921],[-98.67422,29.40029],[-98.67442,29.40254],[-98.6767,29.40464],[-98.67478,29.40487],[-98.67403,29.40599],[-98.67771,29.40931],[-98.67837,29.40931],[-98.67838,29.41474],[-98.67788,29.41476],[-98.67827,29.41658],[-98.6782,29.41785],[-98.6871,29.4179],[-98.6938,29.41793],[-98.69376,29.42105],[-98.69432,29.42697],[-98.71113,29.42694],[-98.71496,29.42694],[-98.71519,29.43269],[-98.71721,29.43268],[-98.71721,29.43408],[-98.71555,29.43463],[-98.7156,29.43817],[-98.71211,29.43818],[-98.71189,29.44254],[-98.71222,29.44809],[-98.71543,29.44799],[-98.7174,29.44771],[-98.71841,29.45025],[-98.71948,29.44989],[-98.71944,29.45222],[-98.7152,29.45605],[-98.71521,29.46559],[-98.71502,29.46804],[-98.72533,29.46557],[-98.72616,29.46783],[-98.72712,29.46776],[-98.7259,29.46843],[-98.72672,29.47196],[-98.7259,29.47195],[-98.72608,29.4754],[-98.71886,29.47719],[-98.7187,29.48458],[-98.7182,29.48439],[-98.71409,29.48277],[-98.71338,29.48535],[-98.7144,29.48627],[-98.70965,29.49598],[-98.71928,29.49969],[-98.71942,29.49699],[-98.72131,29.49487],[-98.72455,29.49613],[-98.72224,29.5008],[-98.72796,29.50293],[-98.72807,29.50297],[-98.7353,29.50585],[-98.75877,29.51508],[-98.76236,29.51649],[-98.764,29.51712],[-98.76263,29.51851],[-98.75813,29.51677],[-98.74834,29.5354],[-98.75118,29.53652],[-98.75632,29.54048],[-98.75978,29.54361],[-98.76264,29.54472],[-98.76519,29.53969],[-98.76536,29.53578],[-98.77192,29.53848],[-98.7751,29.53233],[-98.77581,29.53263],[-98.77264,29.5388],[-98.7832,29.54312],[-98.78397,29.54189],[-98.78918,29.54254],[-98.79252,29.54171],[-98.79351,29.54207],[-98.79352,29.53796],[-98.79507,29.53169],[-98.79764,29.53221],[-98.79849,29.5301],[-98.79264,29.52518],[-98.79899,29.53031],[-98.7979,29.53241],[-98.80403,29.53734],[-98.80431,29.53741],[-98.80431,29.53697],[-98.80563,29.53492],[-98.80983,29.53113],[-98.81116,29.53973],[-98.80888,29.54372],[-98.80568,29.54665],[-98.8037,29.54738],[-98.79766,29.55152],[-98.79784,29.5535],[-98.79579,29.55567],[-98.79179,29.56511],[-98.79926,29.56644],[-98.79924,29.56135],[-98.80057,29.56188],[-98.80574,29.5612],[-98.80802,29.56103],[-98.8108,29.56149],[-98.81345,29.56135],[-98.8122,29.56642],[-98.81303,29.56806],[-98.81298,29.57102],[-98.81241,29.57219],[-98.8058,29.57212]],[[-98.72879,29.59026],[-98.72958,29.59157],[-98.7315,29.59196],[-98.73405,29.5912],[-98.73708,29.58887],[-98.73447,29.58569],[-98.72707,29.58868],[-98.7269,29.58877],[-98.72648,29.58995],[-98.72879,29.59026]],[[-98.73437,29.59484],[-98.73549,29.59412],[-98.73501,29.59276],[-98.73439,29.59205],[-98.73271,29.59292],[-98.73417,29.59461],[-98.73437,29.59484]],[[-98.72284,29.59829],[-98.72505,29.59774],[-98.72502,29.59575],[-98.72424,29.59341],[-98.72217,29.59226],[-98.7204,29.59429],[-98.72284,29.59829]],[[-98.65169,29.59786],[-98.65306,29.59556],[-98.65486,29.5962],[-98.6552,29.59818],[-98.65582,29.59878],[-98.65076,29.60287],[-98.65014,29.60422],[-98.64809,29.60683],[-98.64796,29.60743],[-98.65317,29.60596],[-98.65393,29.60625],[-98.65498,29.60485],[-98.65794,29.60244],[-98.65469,29.60117],[-98.65437,29.60054],[-98.6609,29.59484],[-98.66122,29.59408],[-98.66478,29.59267],[-98.66208,29.59228],[-98.6582,29.59002],[-98.65269,29.59231],[-98.65265,29.59448],[-98.65169,29.59786]],[[-98.65498,29.6112],[-98.65343,29.61111],[-98.65262,29.61309],[-98.65432,29.61593],[-98.65094,29.61835],[-98.65449,29.61864],[-98.65927,29.61379],[-98.65848,29.6125],[-98.65983,29.61155],[-98.66045,29.60738],[-98.65996,29.60666],[-98.65776,29.60609],[-98.6553,29.60692],[-98.65434,29.60784],[-98.65498,29.6112]],[[-98.64956,29.61257],[-98.64947,29.61406],[-98.65099,29.61639],[-98.65098,29.61687],[-98.65265,29.61615],[-98.65193,29.61393],[-98.65242,29.60863],[-98.64823,29.61003],[-98.64928,29.61166],[-98.64956,29.61257]],[[-98.6507,29.60833],[-98.65245,29.60717],[-98.64809,29.60797],[-98.64817,29.60975],[-98.65089,29.609],[-98.6507,29.60833]],[[-98.65206,29.59557],[-98.65244,29.59242],[-98.64931,29.59374],[-98.64649,29.59615],[-98.64738,29.59695],[-98.65206,29.59557]],[[-98.64791,29.61032],[-98.64774,29.60791],[-98.64406,29.60913],[-98.64473,29.61116],[-98.64643,29.61221],[-98.64625,29.6138],[-98.65066,29.61688],[-98.65061,29.61624],[-98.64938,29.61466],[-98.6491,29.61384],[-98.64904,29.61188],[-98.64791,29.61032]],[[-98.64158,29.61748],[-98.64544,29.62104],[-98.65019,29.61784],[-98.64565,29.61442],[-98.64555,29.61379],[-98.64379,29.61173],[-98.64281,29.60891],[-98.64158,29.61748]],[[-98.64375,29.32439],[-98.6422,29.32275],[-98.64076,29.32338],[-98.64262,29.32525],[-98.64375,29.32439]],[[-98.62662,29.36703],[-98.62566,29.36704],[-98.6209,29.36639],[-98.62057,29.36785],[-98.61727,29.37505],[-98.61419,29.37632],[-98.61351,29.37704],[-98.60322,29.3711],[-98.60314,29.37105],[-98.59524,29.36659],[-98.59407,29.36621],[-98.5921,29.36592],[-98.58594,29.36585],[-98.5815,29.36551],[-98.57903,29.36437],[-98.57469,29.36546],[-98.57564,29.36805],[-98.58388,29.39034],[-98.58629,29.39021],[-98.58777,29.38922],[-98.58806,29.39036],[-98.59254,29.3904],[-98.59256,29.3892],[-98.60284,29.38921],[-98.60297,29.40115],[-98.60726,29.40282],[-98.60808,29.40344],[-98.60718,29.40576],[-98.61246,29.40374],[-98.61437,29.40403],[-98.61617,29.4023],[-98.61706,29.40145],[-98.61808,29.40195],[-98.61992,29.40292],[-98.62175,29.40197],[-98.6227,29.40181],[-98.62604,29.402],[-98.62687,29.40155],[-98.62646,29.39927],[-98.63008,29.398],[-98.6325,29.39602],[-98.6316,29.39427],[-98.63532,29.39271],[-98.63763,29.39697],[-98.64086,29.39607],[-98.64198,29.39563],[-98.64201,29.39553],[-98.63488,29.38249],[-98.62988,29.3734],[-98.62692,29.36757],[-98.62662,29.36703]],[[-98.62678,29.28853],[-98.63271,29.28483],[-98.63172,29.28316],[-98.62918,29.28214],[-98.62849,29.28228],[-98.62772,29.28271],[-98.62766,29.28338],[-98.62715,29.28369],[-98.62556,29.28323],[-98.62392,29.28295],[-98.62287,29.28296],[-98.62189,29.28355],[-98.62164,29.28365],[-98.62143,29.2836],[-98.62086,29.28319],[-98.6206,29.28295],[-98.61985,29.28286],[-98.61971,29.28281],[-98.6192,29.28276],[-98.60936,29.2993],[-98.60638,29.29667],[-98.60502,29.29909],[-98.6061,29.30042],[-98.60486,29.30425],[-98.60076,29.30074],[-98.60017,29.30217],[-98.59367,29.31373],[-98.60613,29.31401],[-98.61029,29.3132],[-98.61244,29.30359],[-98.60949,29.29944],[-98.61379,29.29662],[-98.61505,29.29816],[-98.62066,29.29461],[-98.62197,29.29625],[-98.61538,29.3004],[-98.61605,29.30121],[-98.61782,29.30009],[-98.61889,29.3014],[-98.621,29.30008],[-98.61995,29.29879],[-98.62713,29.29428],[-98.62724,29.29619],[-98.63781,29.28952],[-98.63667,29.28832],[-98.62907,29.29307],[-98.62766,29.29148],[-98.62852,29.29054],[-98.62678,29.28853]],[[-98.62967,29.33361],[-98.62787,29.33499],[-98.62857,29.3357],[-98.63519,29.33077],[-98.63028,29.32568],[-98.62289,29.32656],[-98.62441,29.32908],[-98.62758,29.32838],[-98.62967,29.33361]],[[-98.62667,29.48483],[-98.62941,29.48371],[-98.62799,29.48116],[-98.62387,29.48123],[-98.62096,29.48352],[-98.61825,29.48113],[-98.61522,29.48411],[-98.61262,29.48225],[-98.61051,29.48272],[-98.60818,29.48084],[-98.60553,29.48343],[-98.6028,29.48165],[-98.59997,29.48223],[-98.59751,29.48164],[-98.59913,29.4794],[-98.59835,29.47687],[-98.58625,29.47979],[-98.59167,29.484],[-98.59438,29.48396],[-98.59489,29.48439],[-98.60013,29.48263],[-98.60363,29.48393],[-98.60077,29.4868],[-98.59935,29.48575],[-98.59692,29.48808],[-98.59973,29.49021],[-98.6006,29.49089],[-98.60335,29.49301],[-98.60372,29.49331],[-98.60067,29.49527],[-98.60196,29.49631],[-98.59864,29.49959],[-98.6007,29.50124],[-98.60471,29.50384],[-98.61317,29.51037],[-98.61143,29.51211],[-98.61265,29.5125],[-98.61407,29.51335],[-98.61349,29.51428],[-98.62036,29.51564],[-98.62163,29.51404],[-98.62807,29.50715],[-98.62848,29.50675],[-98.62864,29.50662],[-98.63121,29.5045],[-98.62983,29.50239],[-98.62708,29.50009],[-98.62882,29.49818],[-98.63231,29.49862],[-98.63225,29.49663],[-98.62842,29.48997],[-98.62844,29.48851],[-98.62601,29.48528],[-98.62667,29.48483]],[[-98.62637,29.63444],[-98.62793,29.63445],[-98.62806,29.63317],[-98.62656,29.63306],[-98.62658,29.63392],[-98.62659,29.63414],[-98.62637,29.63444]],[[-98.61906,29.28187],[-98.61862,29.28227],[-98.61857,29.28258],[-98.61883,29.28299],[-98.619,29.28279],[-98.61932,29.28267],[-98.61973,29.28266],[-98.62032,29.28276],[-98.62095,29.28295],[-98.62127,29.28333],[-98.62128,29.28247],[-98.6202,29.28167],[-98.61966,29.28141],[-98.61927,29.28151],[-98.61906,29.28187]],[[-98.61105,29.27593],[-98.61091,29.27647],[-98.61049,29.2772],[-98.61037,29.27797],[-98.61625,29.27803],[-98.6162,29.27422],[-98.61343,29.27412],[-98.61148,29.27512],[-98.61133,29.27548],[-98.61105,29.27593]],[[-98.60607,29.26992],[-98.60328,29.27003],[-98.60228,29.26789],[-98.60187,29.26784],[-98.60156,29.26797],[-98.60132,29.2682],[-98.60145,29.26845],[-98.60136,29.26861],[-98.60108,29.2688],[-98.60023,29.26914],[-98.60086,29.2697],[-98.60128,29.27299],[-98.6005,29.27432],[-98.60104,29.2762],[-98.60353,29.27619],[-98.60355,29.27764],[-98.60582,29.2776],[-98.60672,29.27287],[-98.60617,29.27194],[-98.61076,29.27183],[-98.61146,29.27229],[-98.60424,29.2842],[-98.60423,29.28507],[-98.61148,29.27331],[-98.61306,29.27315],[-98.61336,29.27206],[-98.61271,29.26919],[-98.60898,29.26741],[-98.60799,29.26765],[-98.60607,29.26992]],[[-98.61048,29.2793],[-98.61027,29.27831],[-98.60423,29.28772],[-98.60422,29.28867],[-98.6059,29.2864],[-98.61048,29.2793]],[[-98.60071,29.29304],[-98.60269,29.29335],[-98.60405,29.29454],[-98.60419,29.29235],[-98.60104,29.29236],[-98.60103,29.29144],[-98.60076,29.29277],[-98.60071,29.29304]],[[-98.60103,29.29114],[-98.60104,29.28869],[-98.60412,29.28869],[-98.60257,29.28629],[-98.60415,29.28508],[-98.60102,29.28576],[-98.5962,29.28575],[-98.59617,29.29068],[-98.59726,29.29242],[-98.59978,29.29291],[-98.60056,29.29137],[-98.60103,29.29144],[-98.60103,29.29114]],[[-98.60225,29.29766],[-98.59287,29.29628],[-98.59205,29.29892],[-98.6008,29.30029],[-98.60225,29.29766]],[[-98.59747,29.27697],[-98.59628,29.27696],[-98.59626,29.27856],[-98.59742,29.27857],[-98.59747,29.27697]],[[-98.59341,29.26169],[-98.59339,29.27569],[-98.59629,29.27611],[-98.59621,29.26296],[-98.59556,29.26252],[-98.59505,29.26241],[-98.59436,29.26247],[-98.59341,29.26169]],[[-98.56933,29.2885],[-98.56937,29.28856],[-98.59606,29.29235],[-98.59599,29.29037],[-98.58639,29.289],[-98.58746,29.28304],[-98.57278,29.28092],[-98.56933,29.2885]],[[-98.57211,29.31735],[-98.58842,29.31378],[-98.59327,29.31369],[-98.59375,29.31291],[-98.57426,29.31003],[-98.5734,29.3099],[-98.57278,29.31347],[-98.57211,29.31735]],[[-98.5641,29.57165],[-98.56371,29.56996],[-98.55822,29.56448],[-98.55413,29.56857],[-98.55318,29.56936],[-98.55148,29.57077],[-98.5459,29.57639],[-98.53862,29.58328],[-98.5387,29.58352],[-98.54041,29.58566],[-98.54166,29.58552],[-98.54334,29.58419],[-98.54506,29.58491],[-98.54639,29.58618],[-98.54754,29.58964],[-98.5449,29.59134],[-98.54199,29.59177],[-98.54097,29.5932],[-98.54028,29.60087],[-98.54127,29.60168],[-98.55959,29.6006],[-98.56353,29.59916],[-98.56878,29.59689],[-98.57007,29.59623],[-98.57007,29.59195],[-98.57008,29.59172],[-98.57604,29.59172],[-98.57646,29.59173],[-98.56562,29.57637],[-98.56467,29.577],[-98.56369,29.57508],[-98.5641,29.57165]],[[-98.56784,29.29966],[-98.56509,29.29528],[-98.56482,29.2936],[-98.56555,29.29196],[-98.56662,29.29134],[-98.568,29.29339],[-98.57013,29.29078],[-98.56979,29.28977],[-98.55935,29.28822],[-98.55879,29.28964],[-98.5573,29.29805],[-98.56784,29.29966]],[[-98.54487,29.4843],[-98.54487,29.48764],[-98.54483,29.49053],[-98.54559,29.4907],[-98.54562,29.49394],[-98.54541,29.49724],[-98.54394,29.49724],[-98.54395,29.50024],[-98.54576,29.50178],[-98.54767,29.49933],[-98.54805,29.49895],[-98.55405,29.49306],[-98.55611,29.49016],[-98.55557,29.48972],[-98.55956,29.48401],[-98.55655,29.48279],[-98.54829,29.48269],[-98.54594,29.48444],[-98.54581,29.48432],[-98.54487,29.4843]],[[-98.55232,29.22703],[-98.54754,29.22707],[-98.54754,29.22854],[-98.55234,29.2286],[-98.55232,29.22703]],[[-98.54955,29.23823],[-98.5517,29.23828],[-98.55171,29.23685],[-98.54741,29.23689],[-98.54741,29.23723],[-98.55019,29.23725],[-98.54955,29.23823]],[[-98.52818,29.51647],[-98.52793,29.5163],[-98.52594,29.51499],[-98.52381,29.51357],[-98.51956,29.51072],[-98.5163,29.50857],[-98.51002,29.50453],[-98.50753,29.50283],[-98.50712,29.50313],[-98.50681,29.50748],[-98.50682,29.51255],[-98.50673,29.52033],[-98.50664,29.52066],[-98.50503,29.52298],[-98.50499,29.52309],[-98.51214,29.5286],[-98.51396,29.53001],[-98.52043,29.53503],[-98.52756,29.54069],[-98.52839,29.54136],[-98.53717,29.53287],[-98.5364,29.53151],[-98.53108,29.52612],[-98.53036,29.52499],[-98.52837,29.5166],[-98.52818,29.51647]],[[-98.49014,29.57086],[-98.48675,29.56821],[-98.48391,29.56605],[-98.48314,29.56615],[-98.48191,29.56696],[-98.47961,29.57277],[-98.47815,29.57693],[-98.47712,29.57991],[-98.47694,29.58043],[-98.47687,29.58139],[-98.4757,29.58439],[-98.47487,29.58726],[-98.47327,29.59272],[-98.47158,29.59857],[-98.47115,29.60002],[-98.47094,29.60078],[-98.47437,29.60153],[-98.4734,29.6049],[-98.47591,29.60491],[-98.47514,29.60757],[-98.48133,29.60757],[-98.48252,29.60487],[-98.48293,29.6057],[-98.48371,29.60616],[-98.48455,29.6062],[-98.48541,29.60596],[-98.48658,29.60589],[-98.48715,29.60682],[-98.48676,29.60741],[-98.48689,29.60787],[-98.48917,29.60767],[-98.48939,29.60874],[-98.48945,29.60912],[-98.4927,29.60892],[-98.49259,29.60822],[-98.49242,29.60734],[-98.49603,29.60698],[-98.49527,29.60374],[-98.49612,29.60124],[-98.50023,29.60024],[-98.50174,29.59891],[-98.4997,29.59851],[-98.49986,29.59628],[-98.50151,29.59637],[-98.50225,29.58896],[-98.50056,29.58872],[-98.49925,29.58828],[-98.49943,29.58647],[-98.5012,29.5866],[-98.50138,29.58488],[-98.50284,29.58333],[-98.50286,29.58335],[-98.50396,29.58135],[-98.50286,29.58075],[-98.4984,29.57733],[-98.49496,29.57466],[-98.49014,29.57086]],[[-98.47912,29.46817],[-98.47673,29.46815],[-98.47671,29.46978],[-98.47713,29.47064],[-98.47795,29.47138],[-98.47848,29.47149],[-98.47915,29.47284],[-98.4846,29.47138],[-98.4851,29.47116],[-98.48552,29.47094],[-98.48564,29.47086],[-98.48612,29.47127],[-98.48599,29.47268],[-98.4856,29.47492],[-98.48419,29.4756],[-98.48262,29.47841],[-98.48207,29.48102],[-98.48243,29.48236],[-98.48698,29.48272],[-98.48983,29.48419],[-98.49171,29.4808],[-98.49221,29.48001],[-98.49224,29.47292],[-98.49227,29.46821],[-98.49179,29.46816],[-98.48766,29.46817],[-98.48704,29.46817],[-98.47912,29.46817]],[[-98.47992,29.48465],[-98.47939,29.48416],[-98.47913,29.47991],[-98.47913,29.47987],[-98.47692,29.47987],[-98.47548,29.47734],[-98.4734,29.47559],[-98.47332,29.47566],[-98.47358,29.47408],[-98.47306,29.47272],[-98.47165,29.472],[-98.46755,29.46841],[-98.46751,29.46839],[-98.46718,29.46822],[-98.46363,29.4682],[-98.46363,29.46824],[-98.46066,29.4683],[-98.44977,29.46826],[-98.44866,29.4687],[-98.44719,29.46872],[-98.44481,29.46873],[-98.44287,29.47014],[-98.44042,29.47005],[-98.43757,29.47142],[-98.43311,29.47963],[-98.43088,29.48393],[-98.43083,29.48462],[-98.43917,29.48458],[-98.44219,29.48459],[-98.45505,29.48449],[-98.45926,29.48444],[-98.45925,29.48455],[-98.45924,29.485],[-98.45938,29.485],[-98.45939,29.49616],[-98.46655,29.49616],[-98.46652,29.49527],[-98.46832,29.49527],[-98.46863,29.49489],[-98.47091,29.49131],[-98.48184,29.49134],[-98.48225,29.4898],[-98.48223,29.48918],[-98.48163,29.48738],[-98.48148,29.48738],[-98.48085,29.48529],[-98.47992,29.48465]],[[-98.4541,29.31585],[-98.45417,29.31527],[-98.45408,29.31507],[-98.45114,29.31507],[-98.4512,29.31586],[-98.4541,29.31585]],[[-98.42146,29.29798],[-98.4243,29.29632],[-98.4264,29.29607],[-98.42797,29.294],[-98.42468,29.29186],[-98.42385,29.29133],[-98.41969,29.2963],[-98.42146,29.29798]],[[-98.41479,29.29582],[-98.41409,29.29666],[-98.41518,29.29619],[-98.41769,29.29715],[-98.41527,29.29519],[-98.41618,29.2941],[-98.41506,29.29335],[-98.41361,29.29505],[-98.41479,29.29582]],[[-98.41645,29.30496],[-98.41704,29.30424],[-98.4135,29.30198],[-98.41318,29.30236],[-98.41287,29.30264],[-98.41645,29.30496]],[[-98.40391,29.2362],[-98.4048,29.23619],[-98.40563,29.23589],[-98.40619,29.23543],[-98.4071,29.23494],[-98.40816,29.23409],[-98.4084,29.23421],[-98.40948,29.23362],[-98.40956,29.23226],[-98.41102,29.23254],[-98.41387,29.23208],[-98.41387,29.23065],[-98.40754,29.23007],[-98.40737,29.22873],[-98.40372,29.23611],[-98.40391,29.2362]],[[-98.41371,29.31049],[-98.40844,29.30698],[-98.40598,29.30985],[-98.40544,29.31019],[-98.40772,29.31291],[-98.41371,29.31049]],[[-98.41154,29.29964],[-98.41038,29.2989],[-98.40814,29.30158],[-98.40866,29.30192],[-98.40885,29.30173],[-98.41154,29.29964]],[[-98.40864,29.29556],[-98.40972,29.29422],[-98.40697,29.29149],[-98.40326,29.29144],[-98.40192,29.29126],[-98.40864,29.29556]],[[-98.40869,29.29571],[-98.4076,29.29501],[-98.40653,29.29597],[-98.40363,29.29881],[-98.40525,29.29982],[-98.40869,29.29571]],[[-98.40208,29.29784],[-98.40502,29.2962],[-98.4066,29.29439],[-98.40261,29.29183],[-98.40051,29.29439],[-98.39923,29.29596],[-98.40208,29.29784]],[[-98.39917,29.25473],[-98.40072,29.25228],[-98.39608,29.25037],[-98.39573,29.25054],[-98.39553,29.25307],[-98.39917,29.25473]],[[-98.39667,29.25865],[-98.39874,29.25542],[-98.39618,29.25479],[-98.39557,29.25397],[-98.39584,29.25829],[-98.39667,29.25865]],[[-98.39203,29.27881],[-98.39488,29.28064],[-98.39495,29.27931],[-98.39379,29.27927],[-98.39446,29.27739],[-98.39351,29.27678],[-98.39203,29.27881]],[[-98.39025,29.28514],[-98.38904,29.28435],[-98.39098,29.28195],[-98.38974,29.28116],[-98.38385,29.28767],[-98.38591,29.28805],[-98.38761,29.2883],[-98.39025,29.28514]],[[-98.38822,29.30168],[-98.38657,29.29984],[-98.3861,29.30199],[-98.38701,29.30259],[-98.38822,29.30168]],[[-98.28363,29.4662],[-98.28349,29.46613],[-98.28064,29.46466],[-98.27873,29.46765],[-98.27862,29.46781],[-98.28363,29.4662]]],[[[-98.79256,29.52512],[-98.7929,29.52469],[-98.79264,29.52518],[-98.79256,29.52512]]]]}},{"type":"Feature","properties":{"name":"ZipZone","boundary_type":"city","source":"Census TIGER place","fidelity":"approximate","updated":"2026-09","units":"Abilene city","note":"service zone is NW Abilene","confidence":0.75},"geometry":{"type":"Polygon","coordinates":[[[-99.86739,32.42423],[-99.86436,32.42778],[-99.86421,32.42943],[-99.86001,32.43051],[-99.85998,32.43229],[-99.86093,32.43625],[-99.86311,32.44498],[-99.85717,32.44602],[-99.85518,32.44077],[-99.85426,32.44082],[-99.85298,32.43743],[-99.84796,32.43845],[-99.84967,32.44566],[-99.84727,32.44602],[-99.84917,32.45482],[-99.84949,32.45715],[-99.84387,32.45708],[-99.84579,32.4582],[-99.84604,32.45966],[-99.8461,32.46156],[-99.83812,32.4631],[-99.81172,32.47101],[-99.78946,32.47871],[-99.78754,32.47946],[-99.78722,32.48039],[-99.7893,32.47999],[-99.7933,32.48481],[-99.79124,32.48544],[-99.79108,32.48677],[-99.79311,32.48693],[-99.79303,32.49466],[-99.78933,32.49488],[-99.77258,32.49505],[-99.77272,32.50065],[-99.76896,32.50078],[-99.76564,32.50518],[-99.75802,32.5022],[-99.75457,32.51202],[-99.75421,32.51666],[-99.75517,32.52082],[-99.75303,32.52071],[-99.75047,32.52072],[-99.74466,32.51383],[-99.74255,32.51195],[-99.73843,32.51532],[-99.73753,32.51439],[-99.73935,32.51181],[-99.73626,32.51298],[-99.7336,32.50898],[-99.73122,32.50888],[-99.72903,32.50737],[-99.72733,32.50817],[-99.72798,32.50955],[-99.72714,32.51246],[-99.72615,32.51326],[-99.72707,32.5161],[-99.72807,32.51734],[-99.7278,32.52068],[-99.72778,32.52132],[-99.72361,32.52093],[-99.72357,32.52454],[-99.7258,32.52455],[-99.7255,32.53459],[-99.72404,32.53462],[-99.72331,32.53844],[-99.72337,32.54234],[-99.72235,32.54245],[-99.72242,32.56033],[-99.7207,32.56516],[-99.71975,32.58053],[-99.7133,32.5807],[-99.71279,32.58355],[-99.71411,32.5836],[-99.71408,32.58731],[-99.71067,32.5874],[-99.70987,32.59126],[-99.7076,32.59126],[-99.70486,32.59691],[-99.70491,32.59821],[-99.70283,32.59991],[-99.7025,32.60245],[-99.70049,32.60253],[-99.69996,32.60666],[-99.69953,32.60666],[-99.69953,32.60919],[-99.69965,32.61204],[-99.69183,32.61201],[-99.69043,32.61205],[-99.6897,32.61206],[-99.6897,32.61199],[-99.68846,32.61181],[-99.68822,32.61206],[-99.68693,32.61422],[-99.68604,32.61422],[-99.68558,32.61613],[-99.68463,32.61617],[-99.68431,32.62355],[-99.68409,32.62448],[-99.67139,32.62438],[-99.67159,32.62395],[-99.66986,32.62109],[-99.65892,32.62197],[-99.65867,32.61517],[-99.65798,32.61563],[-99.65474,32.61988],[-99.65207,32.61854],[-99.65421,32.6155],[-99.65439,32.61539],[-99.65459,32.61483],[-99.6549,32.61329],[-99.65526,32.61219],[-99.65572,32.6112],[-99.65503,32.6086],[-99.65526,32.59979],[-99.66546,32.59985],[-99.6653,32.59065],[-99.67509,32.59015],[-99.67428,32.57854],[-99.67643,32.57838],[-99.6768,32.56434],[-99.67855,32.56372],[-99.65991,32.56418],[-99.62686,32.56435],[-99.62691,32.56215],[-99.62531,32.56165],[-99.62326,32.56014],[-99.62342,32.55292],[-99.62681,32.5529],[-99.62677,32.5494],[-99.63604,32.54939],[-99.6362,32.54039],[-99.63938,32.5404],[-99.63945,32.5615],[-99.65673,32.56091],[-99.67859,32.56075],[-99.67787,32.55904],[-99.6779,32.55368],[-99.67412,32.5537],[-99.67379,32.54873],[-99.68512,32.54871],[-99.68502,32.54769],[-99.67814,32.54773],[-99.67997,32.54547],[-99.68295,32.53901],[-99.68697,32.53895],[-99.68757,32.53298],[-99.68711,32.5206],[-99.68732,32.51832],[-99.68803,32.51591],[-99.69069,32.51582],[-99.69079,32.52059],[-99.69096,32.53301],[-99.70969,32.53301],[-99.71057,32.53225],[-99.71051,32.52869],[-99.71055,32.52842],[-99.70969,32.52825],[-99.70921,32.52794],[-99.70907,32.52684],[-99.71231,32.52668],[-99.71224,32.52491],[-99.71494,32.52476],[-99.7143,32.52064],[-99.7156,32.51557],[-99.71736,32.51219],[-99.71853,32.5085],[-99.71058,32.50821],[-99.70518,32.50837],[-99.70513,32.50748],[-99.70662,32.50626],[-99.70459,32.50409],[-99.69079,32.50392],[-99.68755,32.50393],[-99.6874,32.49648],[-99.67332,32.49735],[-99.67332,32.49644],[-99.67325,32.4902],[-99.67381,32.4891],[-99.63775,32.4891],[-99.63916,32.48171],[-99.63081,32.48182],[-99.6309,32.47499],[-99.63135,32.47454],[-99.63836,32.47454],[-99.63916,32.47411],[-99.68663,32.47438],[-99.68665,32.47367],[-99.6748,32.46459],[-99.66809,32.45985],[-99.66757,32.45907],[-99.65658,32.45163],[-99.64528,32.44471],[-99.63638,32.44291],[-99.63638,32.43997],[-99.63324,32.43917],[-99.63324,32.43785],[-99.63384,32.43761],[-99.6332,32.4371],[-99.63332,32.43096],[-99.63499,32.43069],[-99.6396,32.43186],[-99.63954,32.42344],[-99.64855,32.42364],[-99.65665,32.42338],[-99.65662,32.43057],[-99.65949,32.43057],[-99.65949,32.4332],[-99.66066,32.43451],[-99.66063,32.43723],[-99.67362,32.44047],[-99.6738,32.43049],[-99.665,32.43057],[-99.66499,32.42284],[-99.6648,32.42092],[-99.66566,32.37244],[-99.67169,32.3723],[-99.67447,32.37217],[-99.68161,32.37217],[-99.68218,32.37219],[-99.68193,32.37786],[-99.68206,32.38687],[-99.68787,32.38692],[-99.69134,32.38675],[-99.7059,32.38683],[-99.70499,32.38127],[-99.70529,32.3795],[-99.70809,32.37958],[-99.70806,32.37232],[-99.71657,32.37231],[-99.71677,32.3578],[-99.71677,32.35636],[-99.72545,32.35643],[-99.73122,32.35636],[-99.73034,32.35554],[-99.73036,32.34971],[-99.73209,32.34787],[-99.73562,32.34783],[-99.73562,32.34631],[-99.73398,32.3442],[-99.73497,32.34349],[-99.74258,32.3433],[-99.74244,32.35077],[-99.77169,32.35081],[-99.77167,32.34877],[-99.76914,32.34874],[-99.76917,32.34789],[-99.76736,32.34786],[-99.76718,32.34663],[-99.77523,32.34705],[-99.77952,32.34692],[-99.79014,32.34698],[-99.78776,32.35082],[-99.80823,32.35093],[-99.80787,32.35239],[-99.80799,32.35558],[-99.80537,32.3568],[-99.80545,32.35881],[-99.80323,32.36312],[-99.80361,32.36376],[-99.80331,32.3663],[-99.80445,32.36624],[-99.80445,32.36855],[-99.80137,32.36914],[-99.80107,32.37121],[-99.79958,32.37178],[-99.79777,32.37157],[-99.79688,32.37219],[-99.79486,32.37175],[-99.79224,32.37191],[-99.79058,32.37406],[-99.78645,32.37416],[-99.7863,32.37691],[-99.78051,32.37693],[-99.78054,32.37432],[-99.77708,32.37441],[-99.77692,32.38093],[-99.77811,32.38258],[-99.77821,32.3845],[-99.77668,32.38789],[-99.77629,32.38837],[-99.77671,32.39216],[-99.79014,32.39203],[-99.79848,32.39218],[-99.7985,32.39474],[-99.81282,32.39471],[-99.81288,32.40138],[-99.82514,32.40137],[-99.8264,32.3956],[-99.82887,32.39833],[-99.83794,32.39565],[-99.83873,32.39817],[-99.83998,32.40223],[-99.84641,32.4008],[-99.84611,32.39955],[-99.84655,32.39773],[-99.84797,32.39739],[-99.84916,32.39709],[-99.85439,32.39601],[-99.85503,32.39812],[-99.85528,32.39892],[-99.85743,32.40585],[-99.86093,32.40505],[-99.86648,32.40998],[-99.86752,32.41202],[-99.86772,32.41347],[-99.86763,32.42349],[-99.86739,32.42423]],[[-99.74357,32.49844],[-99.74349,32.50194],[-99.74694,32.50259],[-99.75036,32.49947],[-99.75066,32.4986],[-99.74357,32.49844]],[[-99.7209,32.3837],[-99.71804,32.38358],[-99.7188,32.38684],[-99.7225,32.38682],[-99.72248,32.38479],[-99.72517,32.38482],[-99.72517,32.38284],[-99.7209,32.3837]]]}}]}