{"type":"FeatureCollection","features":[{"type":"Feature","properties":{"name":"Arlington Microtransit (MICRO)","boundary_type":"county","source":"Census TIGER county","fidelity":"approximate","updated":"2026-09","units":"Arlington County","note":"Pilot zones (North/South) are in northwest Arlington, bounded by North Glebe Rd, Langston Blvd and the county line (arlingtontransit.com); no stated size, county shown as proxy.","confidence":0.5},"geometry":{"type":"Polygon","coordinates":[[[-77.16811,38.89652],[-77.16421,38.89958],[-77.15968,38.90315],[-77.15198,38.90918],[-77.14581,38.91401],[-77.13943,38.91898],[-77.13449,38.92285],[-77.12118,38.93329],[-77.1198,38.93437],[-77.11976,38.93434],[-77.1179,38.93241],[-77.11682,38.92949],[-77.1166,38.92891],[-77.1134,38.92521],[-77.10736,38.92002],[-77.1063,38.91911],[-77.1054,38.91719],[-77.1034,38.91291],[-77.10164,38.91147],[-77.1012,38.91111],[-77.10102,38.91098],[-77.0937,38.90591],[-77.0902,38.90421],[-77.08284,38.90209],[-77.0822,38.90191],[-77.0793,38.90162],[-77.07836,38.90153],[-77.0735,38.90105],[-77.07067,38.90077],[-77.07062,38.90076],[-77.0701,38.90071],[-77.06937,38.90037],[-77.0682,38.89981],[-77.0673,38.89921],[-77.06466,38.89184],[-77.0635,38.88861],[-77.05825,38.88007],[-77.0552,38.88001],[-77.0541,38.87911],[-77.0511,38.87521],[-77.0513,38.87321],[-77.0491,38.87071],[-77.0463,38.87131],[-77.0456,38.87301],[-77.0466,38.87491],[-77.0454,38.87521],[-77.04378,38.87429],[-77.04345,38.8741],[-77.0433,38.87401],[-77.04109,38.87172],[-77.0406,38.87121],[-77.0391,38.86811],[-77.0389,38.86581],[-77.0393,38.86431],[-77.034,38.85714],[-77.03183,38.8509],[-77.0317,38.85051],[-77.03337,38.8446],[-77.03454,38.84047],[-77.03855,38.83926],[-77.0417,38.84021],[-77.0442,38.84021],[-77.04449,38.8396],[-77.04817,38.84126],[-77.04895,38.84126],[-77.04947,38.84134],[-77.0508,38.84146],[-77.0524,38.84045],[-77.05295,38.84036],[-77.05539,38.84106],[-77.06377,38.84491],[-77.06472,38.84468],[-77.06682,38.8439],[-77.07035,38.84396],[-77.07642,38.84355],[-77.07719,38.84369],[-77.07855,38.84367],[-77.0793,38.84293],[-77.08224,38.84343],[-77.0857,38.84396],[-77.0857,38.84296],[-77.08544,38.84186],[-77.08516,38.84043],[-77.08498,38.83952],[-77.08462,38.83853],[-77.08488,38.83621],[-77.08539,38.83479],[-77.08541,38.83386],[-77.08547,38.83026],[-77.0878,38.82736],[-77.0903,38.8292],[-77.09273,38.83119],[-77.09766,38.83477],[-77.09783,38.83487],[-77.10072,38.83634],[-77.10006,38.83718],[-77.10229,38.83846],[-77.10357,38.83988],[-77.10502,38.84081],[-77.10596,38.84008],[-77.10702,38.84137],[-77.10672,38.84193],[-77.10693,38.84244],[-77.10924,38.84282],[-77.11067,38.84342],[-77.1108,38.84345],[-77.11018,38.84479],[-77.11336,38.84738],[-77.11758,38.8505],[-77.11888,38.85156],[-77.12115,38.85332],[-77.12361,38.85531],[-77.12718,38.85811],[-77.13185,38.86173],[-77.13749,38.86609],[-77.13763,38.8662],[-77.14521,38.87211],[-77.14679,38.87334],[-77.14713,38.87361],[-77.1497,38.87567],[-77.15384,38.87885],[-77.15395,38.87893],[-77.15921,38.88303],[-77.16352,38.88639],[-77.16595,38.88829],[-77.17219,38.89317],[-77.17228,38.89324],[-77.16811,38.89652]]]}},{"type":"Feature","properties":{"name":"Bay Transit Express","boundary_type":"gtfs_flex","source":"Agency GTFS-Flex feed","fidelity":"exact","updated":"2026-09","units":"GTFS-Flex locations.geojson, area_1054 (route 76295, real-time booking)","note":"Official geofence from the agency's GTFS-Flex feed (data.trilliumtransit.com/gtfs/baytransit-va-us/baytransit-va-us--flex-v2.zip), route 76295, real-time booking. Fetched 2026-09-10. Feed covers only the original Gloucester zone; the app's West Point/Tappahannock/New Kent zones (added since) are not yet in this feed.","confidence":1.0},"geometry":{"type":"Polygon","coordinates":[[[-76.49141,37.26745],[-76.49083,37.26511],[-76.49132,37.26305],[-76.48926,37.26108],[-76.48873,37.25912],[-76.48918,37.25745],[-76.49098,37.25576],[-76.49255,37.25538],[-76.4951,37.25465],[-76.49513,37.25214],[-76.49585,37.25046],[-76.49834,37.24882],[-76.50027,37.24795],[-76.50317,37.24966],[-76.50548,37.24945],[-76.50182,37.25586],[-76.50227,37.26045],[-76.5051,37.26341],[-76.50832,37.2637],[-76.50795,37.2652],[-76.50769,37.26651],[-76.50866,37.26968],[-76.50999,37.272],[-76.51039,37.27297],[-76.51267,37.27422],[-76.51318,37.27526],[-76.51396,37.27634],[-76.51583,37.27729],[-76.51544,37.2784],[-76.51338,37.28206],[-76.51565,37.28329],[-76.51851,37.28412],[-76.51973,37.28661],[-76.52197,37.28689],[-76.52426,37.28778],[-76.52645,37.28888],[-76.52823,37.29023],[-76.53284,37.29107],[-76.53213,37.2957],[-76.53196,37.29621],[-76.53196,37.29771],[-76.53115,37.2999],[-76.53007,37.3042],[-76.52859,37.30476],[-76.52613,37.30648],[-76.52723,37.30658],[-76.53005,37.30561],[-76.53125,37.30829],[-76.53095,37.30851],[-76.53181,37.30911],[-76.53184,37.30938],[-76.53194,37.30966],[-76.53242,37.31006],[-76.52906,37.31143],[-76.52765,37.31217],[-76.52584,37.31348],[-76.52142,37.3164],[-76.52183,37.31846],[-76.52214,37.32001],[-76.51932,37.32116],[-76.51521,37.32611],[-76.51526,37.32934],[-76.51637,37.33238],[-76.51782,37.33293],[-76.5179,37.33355],[-76.51739,37.33427],[-76.52155,37.33953],[-76.52576,37.34482],[-76.53218,37.34647],[-76.53427,37.34192],[-76.53834,37.3414],[-76.53892,37.34306],[-76.53654,37.34421],[-76.53745,37.34708],[-76.53827,37.34693],[-76.53981,37.34669],[-76.54049,37.34882],[-76.53969,37.35003],[-76.53723,37.34997],[-76.5257,37.35073],[-76.52577,37.35581],[-76.52897,37.3565],[-76.5289,37.35836],[-76.52793,37.35984],[-76.52449,37.35931],[-76.52692,37.36362],[-76.52757,37.36379],[-76.53066,37.36146],[-76.53395,37.36259],[-76.53431,37.36353],[-76.53539,37.36461],[-76.53417,37.36556],[-76.53648,37.36768],[-76.53601,37.36915],[-76.5382,37.36971],[-76.53902,37.37007],[-76.53972,37.3694],[-76.54136,37.37015],[-76.5472,37.37421],[-76.54622,37.37796],[-76.54534,37.37767],[-76.54314,37.37923],[-76.54335,37.37949],[-76.54196,37.38037],[-76.53901,37.38112],[-76.53792,37.38232],[-76.53588,37.38219],[-76.53546,37.38514],[-76.53397,37.38846],[-76.53294,37.38984],[-76.53255,37.38999],[-76.53216,37.3898],[-76.53064,37.39131],[-76.53096,37.39172],[-76.53101,37.39206],[-76.53049,37.39279],[-76.52988,37.39351],[-76.529,37.3945],[-76.52894,37.39546],[-76.52899,37.39582],[-76.5293,37.39648],[-76.52973,37.39671],[-76.53033,37.39692],[-76.53514,37.39782],[-76.53538,37.39859],[-76.53669,37.40016],[-76.53851,37.40235],[-76.55046,37.40624],[-76.55592,37.41026],[-76.56451,37.4111],[-76.56888,37.41918],[-76.56771,37.42159],[-76.5673,37.4237],[-76.56619,37.42578],[-76.56688,37.42773],[-76.56916,37.42968],[-76.56952,37.43021],[-76.56946,37.43133],[-76.56909,37.43227],[-76.56908,37.43273],[-76.56943,37.43313],[-76.56992,37.4334],[-76.5724,37.43423],[-76.57295,37.43448],[-76.57334,37.43494],[-76.57336,37.43562],[-76.57294,37.43641],[-76.73616,37.50669],[-76.74261,37.51046],[-76.75364,37.51248],[-76.78046,37.51167],[-76.78114,37.52688],[-76.78742,37.53644],[-76.792,37.53752],[-76.78894,37.52513],[-76.81932,37.5281],[-76.82798,37.52285],[-76.82051,37.52931],[-76.80931,37.53388],[-76.8066,37.53631],[-76.83613,37.54896],[-76.83188,37.56133],[-76.82408,37.55985],[-76.82391,37.56604],[-76.80609,37.57748],[-76.79709,37.57062],[-76.78419,37.56819],[-76.7825,37.56066],[-76.77876,37.55124],[-76.77927,37.54842],[-76.7847,37.54573],[-76.79166,37.53859],[-76.78623,37.53859],[-76.78063,37.54021],[-76.77282,37.55232],[-76.76026,37.5468],[-76.73565,37.54963],[-76.73056,37.55299],[-76.72717,37.5542],[-76.72343,37.55272],[-76.72038,37.55003],[-76.70986,37.54721],[-76.70069,37.54505],[-76.70222,37.54209],[-76.71631,37.54478],[-76.7292,37.5464],[-76.74838,37.53994],[-76.73054,37.50915],[-76.7357,37.50659],[-76.57278,37.43673],[-76.57222,37.43779],[-76.57162,37.43794],[-76.57103,37.43789],[-76.56993,37.43743],[-76.56688,37.43676],[-76.56609,37.43673],[-76.56569,37.43686],[-76.56374,37.43637],[-76.56242,37.4349],[-76.5603,37.43392],[-76.55957,37.43377],[-76.55835,37.43393],[-76.55713,37.43464],[-76.55273,37.43635],[-76.55119,37.43661],[-76.54977,37.43619],[-76.54855,37.43568],[-76.54876,37.43416],[-76.54351,37.43268],[-76.53949,37.43424],[-76.53559,37.43455],[-76.53435,37.43378],[-76.53252,37.4291],[-76.53021,37.42535],[-76.52902,37.42453],[-76.52962,37.42327],[-76.527,37.42196],[-76.52853,37.41947],[-76.52757,37.41917],[-76.52796,37.41785],[-76.52774,37.41742],[-76.52725,37.41739],[-76.52402,37.41843],[-76.52125,37.41711],[-76.52017,37.41563],[-76.51968,37.41537],[-76.51913,37.41548],[-76.51815,37.41663],[-76.51627,37.41839],[-76.51753,37.41941],[-76.51691,37.4207],[-76.51631,37.42138],[-76.51461,37.42177],[-76.51423,37.42262],[-76.51204,37.42268],[-76.51211,37.42313],[-76.5062,37.42571],[-76.5064,37.42662],[-76.5036,37.4274],[-76.50395,37.42849],[-76.50362,37.42883],[-76.50078,37.42939],[-76.49971,37.42887],[-76.49846,37.4228],[-76.50452,37.42042],[-76.50479,37.41986],[-76.50411,37.41793],[-76.50391,37.41614],[-76.50452,37.41602],[-76.5059,37.41628],[-76.50732,37.41572],[-76.51038,37.41504],[-76.51205,37.41534],[-76.5126,37.41496],[-76.513,37.41378],[-76.51269,37.41295],[-76.51204,37.41267],[-76.503,37.41102],[-76.5026,37.40853],[-76.50656,37.40725],[-76.50853,37.40641],[-76.51038,37.40657],[-76.51169,37.40637],[-76.51206,37.40304],[-76.51018,37.40197],[-76.50813,37.40024],[-76.50821,37.39863],[-76.51192,37.3987],[-76.51309,37.39296],[-76.51388,37.39116],[-76.51496,37.38946],[-76.51577,37.38562],[-76.51296,37.38472],[-76.50872,37.38424],[-76.50447,37.3825],[-76.50425,37.38205],[-76.50587,37.38069],[-76.50645,37.37939],[-76.50676,37.37761],[-76.51023,37.37756],[-76.51048,37.37566],[-76.51054,37.37261],[-76.51471,37.37278],[-76.51987,37.37244],[-76.52076,37.37048],[-76.52205,37.36845],[-76.51731,37.36256],[-76.52199,37.35914],[-76.52287,37.35218],[-76.52251,37.34769],[-76.52163,37.3465],[-76.51976,37.34433],[-76.51712,37.33983],[-76.51311,37.33445],[-76.51079,37.3287],[-76.51038,37.31978],[-76.50939,37.31381],[-76.50772,37.29493],[-76.50397,37.28568],[-76.50062,37.28037],[-76.49929,37.27941],[-76.49813,37.27816],[-76.49588,37.27808],[-76.49212,37.27741],[-76.4915,37.27571],[-76.49326,37.27593],[-76.49632,37.277],[-76.49475,37.27497],[-76.49264,37.27113],[-76.49141,37.26745]]]}},{"type":"Feature","properties":{"name":"GLTC Flex","boundary_type":"city","source":"Census TIGER place","fidelity":"approximate","updated":"2026-09","units":"Lynchburg city","note":"Designated zone inside Lynchburg bounded by Graves Mill Rd, Old Graves Mill Rd, Enterprise Dr, Timberlake Rd, LYH airport, Jefferson Ridge Pkwy, Forest Rd, Wyndhurst (gltconline.com/flex); no stated size, city limits shown as proxy.","confidence":0.5},"geometry":{"type":"Polygon","coordinates":[[[-79.26807,37.43899],[-79.26631,37.43959],[-79.26571,37.44354],[-79.26723,37.44705],[-79.26655,37.44835],[-79.26161,37.45012],[-79.25784,37.44751],[-79.25282,37.44693],[-79.2465,37.44729],[-79.24342,37.45077],[-79.24233,37.45085],[-79.23992,37.45249],[-79.23879,37.45256],[-79.23651,37.45414],[-79.2325,37.45561],[-79.23262,37.45694],[-79.2317,37.45965],[-79.22729,37.46075],[-79.22596,37.45994],[-79.22572,37.45662],[-79.22382,37.45793],[-79.22174,37.4582],[-79.22077,37.45985],[-79.22043,37.46149],[-79.21791,37.46104],[-79.21775,37.46299],[-79.21612,37.46251],[-79.21411,37.46381],[-79.21453,37.46518],[-79.21191,37.46685],[-79.20934,37.46594],[-79.20996,37.46897],[-79.20871,37.46777],[-79.20534,37.46754],[-79.20336,37.46881],[-79.20281,37.4679],[-79.20108,37.46786],[-79.19981,37.46646],[-79.19993,37.46816],[-79.19858,37.46756],[-79.19451,37.46918],[-79.1942,37.4677],[-79.19149,37.46847],[-79.19065,37.46686],[-79.18695,37.46609],[-79.1857,37.46582],[-79.18568,37.46243],[-79.18527,37.45901],[-79.1824,37.45589],[-79.17863,37.45336],[-79.17651,37.45006],[-79.1751,37.44873],[-79.17227,37.4472],[-79.16817,37.44434],[-79.16599,37.44241],[-79.16338,37.44075],[-79.16059,37.43954],[-79.15395,37.43581],[-79.14984,37.43272],[-79.14657,37.42868],[-79.14724,37.43537],[-79.14658,37.43495],[-79.14361,37.43287],[-79.14173,37.42989],[-79.13905,37.42268],[-79.13843,37.41948],[-79.13958,37.41825],[-79.13923,37.41672],[-79.13433,37.4101],[-79.12989,37.40613],[-79.12678,37.40259],[-79.12316,37.39989],[-79.12047,37.39828],[-79.11694,37.39736],[-79.11427,37.39764],[-79.11402,37.39777],[-79.11227,37.40045],[-79.11233,37.40425],[-79.11124,37.40612],[-79.10963,37.40688],[-79.10623,37.40653],[-79.10116,37.40431],[-79.09676,37.40126],[-79.09377,37.39941],[-79.08512,37.39487],[-79.10253,37.37781],[-79.10559,37.37802],[-79.10757,37.37746],[-79.10923,37.37586],[-79.1127,37.37395],[-79.11573,37.37045],[-79.11803,37.36903],[-79.11991,37.36884],[-79.12089,37.37133],[-79.12172,37.37193],[-79.12496,37.37254],[-79.12936,37.37502],[-79.13483,37.37595],[-79.13397,37.37497],[-79.13692,37.37415],[-79.13643,37.37336],[-79.15995,37.35747],[-79.17331,37.34456],[-79.1752,37.34213],[-79.17688,37.34216],[-79.18022,37.34282],[-79.1843,37.34212],[-79.18489,37.34209],[-79.18676,37.34311],[-79.18817,37.34099],[-79.19234,37.34411],[-79.19745,37.34454],[-79.20148,37.34264],[-79.20241,37.34309],[-79.20424,37.34033],[-79.20683,37.34116],[-79.20744,37.33943],[-79.21297,37.33481],[-79.21454,37.33339],[-79.21539,37.33295],[-79.21828,37.33524],[-79.22121,37.33567],[-79.22592,37.33863],[-79.22992,37.34065],[-79.23363,37.34275],[-79.23255,37.34664],[-79.23313,37.34686],[-79.23475,37.34722],[-79.24105,37.34844],[-79.24253,37.34792],[-79.24842,37.3492],[-79.24862,37.35057],[-79.25196,37.35129],[-79.25329,37.35144],[-79.24971,37.35619],[-79.2508,37.35772],[-79.25454,37.35616],[-79.25795,37.35582],[-79.25442,37.36107],[-79.25036,37.36709],[-79.24372,37.3775],[-79.24322,37.37745],[-79.24289,37.37877],[-79.23427,37.39221],[-79.23308,37.39304],[-79.23264,37.39462],[-79.23378,37.39525],[-79.23564,37.39632],[-79.24647,37.40085],[-79.25196,37.4031],[-79.25438,37.40449],[-79.25387,37.40541],[-79.24144,37.41914],[-79.24329,37.41954],[-79.24447,37.42047],[-79.24668,37.42119],[-79.24775,37.42245],[-79.25017,37.42406],[-79.24953,37.42525],[-79.2509,37.4295],[-79.25262,37.43081],[-79.25474,37.43151],[-79.25633,37.43113],[-79.26398,37.43066],[-79.26838,37.43125],[-79.27098,37.43626],[-79.27139,37.43669],[-79.26807,37.43899]]]}},{"type":"Feature","properties":{"name":"HRT OnDemand","boundary_type":"zone_approx","source":"Manual approximation","fidelity":"approximate","updated":"2026-09","units":"buffer 3.52 km @ Virginia Beach city; buffer 4.06 km @ Newport News city; buffer 3.05 km @ Chesapeake city; buffer 2.21 km @ Hampton city; clipped to Virginia Beach city; Newport News city; Chesapeake city; Hampton city","note":"Four independent zones, each within its own named independent city, with sizes confirmed via gohrt.com/services/ondemand/: Virginia Beach ~15 sq mi, Newport News ~20 sq mi, Chesapeake ~11.3 sq mi, Hampton ~5.9 sq mi. Circles centered on each city and clipped to city limits.","confidence":0.85},"geometry":{"type":"MultiPolygon","coordinates":[[[[-76.24667,36.6949],[-76.24827,36.69288],[-76.25008,36.69098],[-76.2521,36.68922],[-76.2543,36.68761],[-76.25666,36.68615],[-76.25918,36.68487],[-76.26182,36.68376],[-76.26457,36.68285],[-76.26742,36.68213],[-76.27033,36.68161],[-76.27329,36.6813],[-76.27626,36.6812],[-76.27924,36.6813],[-76.2822,36.68161],[-76.28511,36.68213],[-76.28795,36.68285],[-76.29071,36.68376],[-76.29335,36.68487],[-76.29587,36.68615],[-76.29823,36.68761],[-76.30043,36.68922],[-76.30244,36.69098],[-76.30426,36.69288],[-76.30586,36.6949],[-76.30724,36.69702],[-76.30838,36.69923],[-76.30928,36.7015],[-76.30992,36.70384],[-76.31031,36.70621],[-76.31044,36.7086],[-76.31031,36.71098],[-76.30992,36.71335],[-76.30928,36.71569],[-76.30838,36.71797],[-76.30724,36.72018],[-76.30586,36.7223],[-76.30426,36.72431],[-76.30244,36.72621],[-76.30043,36.72797],[-76.29823,36.72958],[-76.29587,36.73104],[-76.29335,36.73232],[-76.29071,36.73343],[-76.28795,36.73434],[-76.28511,36.73506],[-76.2822,36.73558],[-76.27924,36.73589],[-76.27626,36.73599],[-76.27329,36.73589],[-76.27033,36.73558],[-76.26742,36.73506],[-76.26457,36.73434],[-76.26182,36.73343],[-76.25918,36.73232],[-76.25666,36.73104],[-76.2543,36.72958],[-76.2521,36.72797],[-76.25008,36.72621],[-76.24827,36.72431],[-76.24667,36.7223],[-76.24529,36.72018],[-76.24415,36.71797],[-76.24325,36.71569],[-76.24261,36.71335],[-76.24222,36.71098],[-76.24209,36.7086],[-76.24222,36.70621],[-76.24261,36.70384],[-76.24325,36.7015],[-76.24415,36.69923],[-76.24529,36.69702],[-76.24667,36.6949]]],[[[-75.9967,36.7218],[-75.99854,36.71947],[-76.00064,36.71729],[-76.00297,36.71525],[-76.0055,36.71339],[-76.00823,36.71171],[-76.01114,36.71023],[-76.01419,36.70895],[-76.01737,36.7079],[-76.02065,36.70707],[-76.02401,36.70647],[-76.02743,36.70611],[-76.03087,36.70599],[-76.03431,36.70611],[-76.03772,36.70647],[-76.04108,36.70707],[-76.04436,36.7079],[-76.04754,36.70895],[-76.0506,36.71023],[-76.0535,36.71171],[-76.05623,36.71339],[-76.05877,36.71525],[-76.06109,36.71729],[-76.06319,36.71947],[-76.06504,36.7218],[-76.06663,36.72425],[-76.06794,36.7268],[-76.06898,36.72943],[-76.06972,36.73212],[-76.07017,36.73486],[-76.07032,36.73761],[-76.07017,36.74037],[-76.06972,36.7431],[-76.06898,36.7458],[-76.06794,36.74843],[-76.06663,36.75097],[-76.06504,36.75342],[-76.06319,36.75575],[-76.06109,36.75794],[-76.05877,36.75997],[-76.05623,36.76183],[-76.0535,36.76351],[-76.0506,36.765],[-76.04754,36.76627],[-76.04436,36.76732],[-76.04108,36.76815],[-76.03772,36.76875],[-76.03431,36.76911],[-76.03087,36.76923],[-76.02743,36.76911],[-76.02401,36.76875],[-76.02065,36.76815],[-76.01737,36.76732],[-76.01419,36.76627],[-76.01114,36.765],[-76.00823,36.76351],[-76.0055,36.76183],[-76.00297,36.75997],[-76.00064,36.75794],[-75.99854,36.75575],[-75.9967,36.75342],[-75.99511,36.75097],[-75.99379,36.74843],[-75.99275,36.7458],[-75.99201,36.7431],[-75.99156,36.74037],[-75.99141,36.73761],[-75.99156,36.73486],[-75.99201,36.73212],[-75.99275,36.72943],[-75.99379,36.7268],[-75.99511,36.72425],[-75.9967,36.7218]]],[[[-76.34542,37.04317],[-76.34658,37.04171],[-76.3479,37.04034],[-76.34937,37.03906],[-76.35097,37.03789],[-76.35269,37.03684],[-76.35452,37.03591],[-76.35645,37.03511],[-76.35845,37.03444],[-76.36052,37.03392],[-76.36264,37.03355],[-76.36479,37.03332],[-76.36696,37.03325],[-76.36913,37.03332],[-76.37128,37.03355],[-76.3734,37.03392],[-76.37547,37.03444],[-76.37747,37.03511],[-76.3794,37.03591],[-76.38123,37.03684],[-76.38295,37.03789],[-76.38455,37.03906],[-76.38602,37.04034],[-76.38734,37.04171],[-76.3885,37.04317],[-76.38951,37.04471],[-76.39034,37.04631],[-76.39099,37.04796],[-76.39146,37.04965],[-76.39174,37.05137],[-76.39184,37.0531],[-76.39174,37.05483],[-76.39146,37.05655],[-76.39099,37.05824],[-76.39034,37.05989],[-76.38951,37.06149],[-76.3885,37.06303],[-76.38734,37.06449],[-76.38602,37.06586],[-76.38455,37.06714],[-76.38295,37.06831],[-76.38123,37.06936],[-76.3794,37.07029],[-76.37747,37.07109],[-76.37547,37.07176],[-76.3734,37.07228],[-76.37128,37.07265],[-76.36913,37.07288],[-76.36696,37.07295],[-76.36479,37.07288],[-76.36264,37.07265],[-76.36052,37.07228],[-76.35845,37.07176],[-76.35645,37.07109],[-76.35452,37.07029],[-76.35269,37.06936],[-76.35097,37.06831],[-76.34937,37.06714],[-76.3479,37.06586],[-76.34658,37.06449],[-76.34542,37.06303],[-76.34442,37.06149],[-76.34358,37.05989],[-76.34293,37.05824],[-76.34246,37.05655],[-76.34218,37.05483],[-76.34208,37.0531],[-76.34218,37.05137],[-76.34246,37.04965],[-76.34293,37.04796],[-76.34358,37.04631],[-76.34442,37.04471],[-76.34542,37.04317]]],[[[-76.45068,37.07409],[-76.45282,37.0714],[-76.45525,37.06888],[-76.45795,37.06653],[-76.46089,37.06438],[-76.46405,37.06245],[-76.46742,37.06074],[-76.47096,37.05927],[-76.47464,37.05805],[-76.47844,37.05709],[-76.48234,37.0564],[-76.48629,37.05599],[-76.49028,37.05585],[-76.49426,37.05599],[-76.49822,37.0564],[-76.50211,37.05709],[-76.50592,37.05805],[-76.5096,37.05927],[-76.51314,37.06074],[-76.5165,37.06245],[-76.51967,37.06438],[-76.52261,37.06653],[-76.5253,37.06888],[-76.52657,37.0702],[-76.52656,37.07853],[-76.52848,37.07972],[-76.53462,37.08352],[-76.53531,37.08599],[-76.53583,37.08914],[-76.536,37.09232],[-76.53583,37.0955],[-76.53531,37.09865],[-76.53444,37.10176],[-76.53324,37.1048],[-76.53172,37.10773],[-76.52988,37.11056],[-76.52773,37.11324],[-76.5253,37.11576],[-76.52261,37.11811],[-76.51967,37.12026],[-76.5165,37.1222],[-76.51314,37.12391],[-76.5096,37.12538],[-76.50592,37.12659],[-76.50211,37.12755],[-76.49822,37.12824],[-76.49426,37.12865],[-76.49028,37.12879],[-76.48629,37.12865],[-76.4833,37.12834],[-76.47261,37.11629],[-76.47098,37.11445],[-76.46082,37.10304],[-76.4591,37.10097],[-76.4585,37.10073],[-76.45391,37.09824],[-76.45147,37.09844],[-76.44959,37.09659],[-76.4448,37.09467],[-76.44468,37.09467],[-76.44456,37.09232],[-76.44473,37.08914],[-76.44525,37.08599],[-76.44611,37.08288],[-76.44731,37.07985],[-76.44884,37.07691],[-76.45068,37.07409]]]]}},{"type":"Feature","properties":{"name":"LC Transit On Demand","boundary_type":"places","source":"Census TIGER place","fidelity":"exact","updated":"2026-09","units":"Leesburg town; Sterling CDP","note":"Two independent zones in Loudoun County (~5-6 sq mi and ~14 sq mi); trips cannot cross zones.","confidence":0.8},"geometry":{"type":"MultiPolygon","coordinates":[[[[-77.43212,39.0169],[-77.42796,39.01678],[-77.42607,39.0144],[-77.42553,39.01161],[-77.42431,39.01071],[-77.42097,39.01038],[-77.42106,39.00709],[-77.41854,39.00753],[-77.41624,39.01127],[-77.41457,39.01302],[-77.40719,39.0224],[-77.40442,39.02259],[-77.39958,39.02156],[-77.39665,39.02191],[-77.39374,39.02305],[-77.3917,39.02504],[-77.38486,39.02138],[-77.37132,39.01427],[-77.37594,39.00959],[-77.37834,39.00716],[-77.39112,38.99423],[-77.39434,38.99098],[-77.40095,38.98429],[-77.40257,38.98265],[-77.40397,38.98385],[-77.4086,38.98885],[-77.41202,38.99099],[-77.41782,38.99354],[-77.42054,38.99203],[-77.4286,38.98957],[-77.43136,38.98932],[-77.43458,38.99921],[-77.43483,39.00048],[-77.43496,39.00245],[-77.43466,39.00472],[-77.43212,39.0169]]],[[[-77.59493,39.09755],[-77.59697,39.09959],[-77.58991,39.10764],[-77.58913,39.10892],[-77.58817,39.11042],[-77.583,39.11872],[-77.58186,39.12055],[-77.58312,39.12234],[-77.58092,39.12533],[-77.57768,39.12911],[-77.57379,39.12882],[-77.57274,39.12664],[-77.5621,39.12949],[-77.56249,39.13051],[-77.55714,39.13709],[-77.55489,39.13494],[-77.55098,39.13342],[-77.54976,39.13538],[-77.5483,39.13619],[-77.54697,39.13511],[-77.54572,39.13197],[-77.54715,39.13192],[-77.54953,39.12987],[-77.54447,39.13014],[-77.53628,39.13058],[-77.5356,39.13846],[-77.52679,39.13832],[-77.52673,39.13732],[-77.52456,39.12782],[-77.52099,39.1225],[-77.52608,39.1164],[-77.5258,39.11393],[-77.5253,39.11394],[-77.52657,39.11152],[-77.52612,39.11047],[-77.52469,39.10319],[-77.51957,39.1003],[-77.51929,39.10237],[-77.51544,39.10501],[-77.50979,39.10397],[-77.50913,39.10446],[-77.50793,39.10405],[-77.51081,39.1007],[-77.51462,39.09763],[-77.51568,39.09455],[-77.51569,39.09296],[-77.51849,39.0895],[-77.5182,39.08895],[-77.5183,39.08788],[-77.51711,39.08472],[-77.51875,39.0838],[-77.52243,39.08414],[-77.5237,39.08524],[-77.52762,39.08643],[-77.52797,39.08763],[-77.53069,39.08997],[-77.5313,39.08893],[-77.53424,39.08915],[-77.53583,39.08806],[-77.53528,39.08682],[-77.53311,39.08275],[-77.53331,39.08257],[-77.53564,39.08044],[-77.54063,39.08043],[-77.54077,39.08174],[-77.55103,39.08163],[-77.55125,39.07656],[-77.55308,39.07627],[-77.55186,39.06758],[-77.55207,39.06592],[-77.55393,39.0654],[-77.55497,39.06789],[-77.55811,39.06749],[-77.5581,39.069],[-77.55962,39.07559],[-77.559,39.07711],[-77.56118,39.08215],[-77.56415,39.08156],[-77.56368,39.0833],[-77.56642,39.08321],[-77.56594,39.08837],[-77.5671,39.08777],[-77.56731,39.08665],[-77.56755,39.08661],[-77.56733,39.08171],[-77.57293,39.08229],[-77.57199,39.08693],[-77.57399,39.08716],[-77.58825,39.08643],[-77.5885,39.08629],[-77.58971,39.08681],[-77.59685,39.08575],[-77.60243,39.08556],[-77.59826,39.0904],[-77.59849,39.09183],[-77.59493,39.09755]]]]}},{"type":"Feature","properties":{"name":"METGo!","boundary_type":"gtfs_flex","source":"Agency GTFS-Flex feed (Mountain Empire Transit, MetGO! route)","fidelity":"exact","updated":"2026-09","units":"GTFS-Flex locations.geojson, area_1079 (route 76328 / MetGO!, real-time booking)","note":"Official geofence published in the agency's GTFS-Flex feed (data.trilliumtransit.com/gtfs/mountainempire-va-us), not a Census-derived proxy. Excludes area_1080 (route 76329), a separate prior-day-booking service on the same feed that is out of ODT scope. Fetched 2026-09-10.","confidence":1.0},"geometry":{"type":"Polygon","coordinates":[[[-82.67345,36.92098],[-82.67527,36.92549],[-82.66985,36.93056],[-82.66061,36.93467],[-82.65012,36.93463],[-82.6461,36.9408],[-82.63675,36.95101],[-82.62644,36.95393],[-82.61917,36.96032],[-82.61511,36.96483],[-82.60941,36.96665],[-82.60518,36.96847],[-82.60426,36.97642],[-82.59957,36.98686],[-82.59578,36.98784],[-82.5898,36.98866],[-82.58575,36.98797],[-82.57771,36.98965],[-82.57491,36.98793],[-82.56625,36.98759],[-82.56071,36.98738],[-82.55955,36.98166],[-82.56188,36.97682],[-82.55481,36.97524],[-82.5512,36.97326],[-82.55299,36.97083],[-82.54731,36.96924],[-82.54311,36.96881],[-82.53856,36.96934],[-82.53451,36.97464],[-82.52922,36.98168],[-82.52889,36.98798],[-82.5201,36.9929],[-82.51331,36.98772],[-82.51587,36.98297],[-82.52182,36.97475],[-82.53174,36.96324],[-82.53164,36.95843],[-82.53837,36.96065],[-82.54079,36.96062],[-82.54609,36.96018],[-82.55445,36.96341],[-82.56216,36.96109],[-82.56958,36.95622],[-82.57596,36.94867],[-82.57903,36.94354],[-82.58511,36.94033],[-82.59091,36.93664],[-82.62164,36.92892],[-82.637,36.92491],[-82.64586,36.92414],[-82.65916,36.92109],[-82.66329,36.92011],[-82.67345,36.92098]]]}},{"type":"Feature","properties":{"name":"MetroFLX","boundary_type":"gtfs_flex","source":"Agency GTFS-Flex feed","fidelity":"exact","updated":"2026-09","units":"GTFS-Flex locations.geojson, area_1362 (route 77402)","note":"Official geofence from the agency's GTFS-Flex feed (data.trilliumtransit.com/gtfs/valleymetro-va-us/valleymetro-va-us--flex-v2.zip), route 77402. Fetched 2026-09-10.","confidence":1.0},"geometry":{"type":"Polygon","coordinates":[[[-79.96928,37.33609],[-79.96903,37.33651],[-79.96896,37.33664],[-79.96886,37.33674],[-79.96876,37.33683],[-79.96867,37.33688],[-79.96864,37.3369],[-79.96862,37.33692],[-79.96856,37.33692],[-79.9684,37.33697],[-79.9682,37.33699],[-79.96814,37.33698],[-79.96804,37.33714],[-79.96792,37.33727],[-79.96774,37.33738],[-79.96759,37.33742],[-79.96752,37.3374],[-79.96707,37.33732],[-79.96697,37.33728],[-79.9667,37.3371],[-79.96653,37.33692],[-79.96652,37.3369],[-79.96647,37.3368],[-79.96646,37.33671],[-79.96651,37.3365],[-79.9666,37.33633],[-79.96662,37.33629],[-79.96661,37.33608],[-79.96651,37.33575],[-79.96647,37.33568],[-79.96658,37.33497],[-79.96665,37.33456],[-79.96531,37.33389],[-79.96447,37.33347],[-79.96408,37.3338],[-79.96397,37.3328],[-79.96361,37.3324],[-79.96317,37.33144],[-79.96087,37.32485],[-79.96236,37.32451],[-79.96334,37.32427],[-79.96204,37.32299],[-79.9614,37.32237],[-79.96051,37.3215],[-79.95956,37.32056],[-79.95942,37.32042],[-79.95917,37.32026],[-79.95905,37.32018],[-79.95901,37.32014],[-79.95875,37.3203],[-79.95842,37.32053],[-79.95816,37.32069],[-79.95808,37.32073],[-79.95802,37.32077],[-79.95767,37.32113],[-79.95746,37.32133],[-79.95714,37.32144],[-79.95654,37.32164],[-79.95626,37.32173],[-79.95624,37.32177],[-79.95616,37.32194],[-79.95609,37.32208],[-79.95606,37.32214],[-79.95575,37.32233],[-79.95521,37.32267],[-79.95504,37.32278],[-79.95502,37.32279],[-79.9548,37.32294],[-79.95459,37.32307],[-79.95421,37.32334],[-79.95409,37.32344],[-79.95401,37.32353],[-79.9539,37.32355],[-79.95374,37.32359],[-79.95358,37.32368],[-79.95349,37.32376],[-79.95338,37.32386],[-79.95237,37.32473],[-79.95148,37.32512],[-79.95138,37.32521],[-79.95108,37.32545],[-79.94996,37.32633],[-79.94956,37.32576],[-79.94903,37.32499],[-79.94893,37.32483],[-79.94828,37.3238],[-79.94823,37.32372],[-79.94816,37.3236],[-79.94806,37.32344],[-79.94799,37.32334],[-79.94784,37.32312],[-79.94689,37.32174],[-79.94675,37.32154],[-79.94666,37.32141],[-79.94634,37.32095],[-79.94626,37.32084],[-79.94616,37.32089],[-79.94531,37.32131],[-79.94521,37.32136],[-79.945,37.32147],[-79.94486,37.32153],[-79.94468,37.32158],[-79.94432,37.32167],[-79.9443,37.32167],[-79.94375,37.3218],[-79.9435,37.32185],[-79.94343,37.32187],[-79.9434,37.32188],[-79.9431,37.32194],[-79.94294,37.32198],[-79.94226,37.32214],[-79.94216,37.32176],[-79.94199,37.32116],[-79.94196,37.32105],[-79.94117,37.32157],[-79.94115,37.32148],[-79.94103,37.32137],[-79.94092,37.32133],[-79.9407,37.32133],[-79.9405,37.32138],[-79.94003,37.32164],[-79.9398,37.32171],[-79.9395,37.32175],[-79.93924,37.32173],[-79.93869,37.32163],[-79.93789,37.32144],[-79.93686,37.32115],[-79.93647,37.32108],[-79.93597,37.32099],[-79.93569,37.32098],[-79.93528,37.32102],[-79.93408,37.32087],[-79.93404,37.32086],[-79.93395,37.32085],[-79.93373,37.32082],[-79.9332,37.32073],[-79.93254,37.32067],[-79.9321,37.32066],[-79.93149,37.32059],[-79.93139,37.32058],[-79.93116,37.32053],[-79.93043,37.32022],[-79.92977,37.31999],[-79.92943,37.31983],[-79.92927,37.31972],[-79.9292,37.31968],[-79.92919,37.31967],[-79.92912,37.31983],[-79.92918,37.32008],[-79.92968,37.32098],[-79.92984,37.32116],[-79.93025,37.32148],[-79.93058,37.3218],[-79.93055,37.32182],[-79.93049,37.32186],[-79.92982,37.32231],[-79.92649,37.32454],[-79.92346,37.32658],[-79.92227,37.32738],[-79.92105,37.32643],[-79.92093,37.32634],[-79.92092,37.3264],[-79.92091,37.32643],[-79.9208,37.32709],[-79.92076,37.32731],[-79.9207,37.32768],[-79.92067,37.32785],[-79.92035,37.32791],[-79.91808,37.32836],[-79.91827,37.32743],[-79.9184,37.32698],[-79.91851,37.32657],[-79.91862,37.32626],[-79.91876,37.32592],[-79.91884,37.32573],[-79.91926,37.32514],[-79.91936,37.325],[-79.91939,37.32495],[-79.91953,37.32477],[-79.91961,37.32441],[-79.91959,37.32421],[-79.91918,37.32048],[-79.91843,37.32038],[-79.91784,37.3203],[-79.91782,37.3203],[-79.91721,37.32028],[-79.91709,37.32026],[-79.91534,37.31998],[-79.91484,37.31988],[-79.91401,37.31977],[-79.91359,37.31971],[-79.91337,37.31967],[-79.91255,37.31958],[-79.91203,37.31961],[-79.91023,37.31988],[-79.90916,37.32004],[-79.90794,37.32004],[-79.90666,37.32004],[-79.90496,37.32054],[-79.90471,37.32033],[-79.90367,37.31952],[-79.90189,37.3181],[-79.90173,37.31798],[-79.89947,37.31615],[-79.89613,37.31347],[-79.89589,37.31327],[-79.89491,37.3141],[-79.89237,37.31222],[-79.89032,37.31055],[-79.88949,37.30987],[-79.88774,37.30843],[-79.88794,37.30824],[-79.88799,37.30819],[-79.88815,37.30804],[-79.88826,37.30793],[-79.8879,37.30787],[-79.88786,37.30787],[-79.88781,37.30786],[-79.88763,37.30783],[-79.88421,37.30727],[-79.88336,37.30714],[-79.88316,37.30654],[-79.88406,37.30614],[-79.87976,37.30334],[-79.87984,37.30306],[-79.87988,37.3029],[-79.87992,37.30277],[-79.87996,37.30264],[-79.88002,37.3026],[-79.88051,37.30236],[-79.88158,37.30183],[-79.88049,37.29912],[-79.87996,37.29781],[-79.87984,37.29753],[-79.87968,37.29714],[-79.87962,37.29696],[-79.8796,37.29692],[-79.87889,37.29501],[-79.87814,37.29207],[-79.87783,37.29192],[-79.87751,37.29176],[-79.87721,37.29162],[-79.87706,37.29155],[-79.87697,37.29151],[-79.87691,37.29148],[-79.87668,37.29137],[-79.87649,37.29128],[-79.87643,37.29125],[-79.87629,37.29118],[-79.8762,37.29114],[-79.8761,37.29109],[-79.87597,37.29103],[-79.87591,37.291],[-79.87573,37.29091],[-79.87554,37.29082],[-79.8755,37.2908],[-79.87534,37.29073],[-79.87526,37.29069],[-79.87515,37.29063],[-79.87503,37.29058],[-79.87496,37.29054],[-79.8748,37.29047],[-79.87477,37.29045],[-79.87458,37.29036],[-79.87456,37.29035],[-79.87439,37.29027],[-79.87432,37.29024],[-79.8742,37.29018],[-79.87409,37.29013],[-79.874,37.29008],[-79.87385,37.29001],[-79.87381,37.28999],[-79.87362,37.2899],[-79.87342,37.28981],[-79.87338,37.28979],[-79.87323,37.28972],[-79.8732,37.2897],[-79.87315,37.28967],[-79.87291,37.28956],[-79.87272,37.28947],[-79.87264,37.28945],[-79.87258,37.28942],[-79.87259,37.28934],[-79.8726,37.28926],[-79.87262,37.28918],[-79.87266,37.28912],[-79.87269,37.28906],[-79.87277,37.28896],[-79.87288,37.28885],[-79.87302,37.28872],[-79.87293,37.28833],[-79.87286,37.28797],[-79.87277,37.28754],[-79.87275,37.28746],[-79.87266,37.28706],[-79.87265,37.287],[-79.87261,37.28686],[-79.87263,37.28673],[-79.87267,37.28644],[-79.87272,37.28596],[-79.87282,37.2854],[-79.87285,37.28511],[-79.87288,37.2848],[-79.87288,37.28475],[-79.8729,37.28462],[-79.87291,37.28447],[-79.87293,37.28427],[-79.87294,37.28412],[-79.87295,37.28409],[-79.87296,37.28391],[-79.87298,37.28373],[-79.87298,37.2837],[-79.873,37.28356],[-79.87301,37.28345],[-79.87298,37.28342],[-79.87291,37.28334],[-79.87279,37.28322],[-79.87277,37.28319],[-79.87264,37.28305],[-79.87261,37.28302],[-79.87251,37.28291],[-79.87242,37.28282],[-79.87237,37.28276],[-79.87224,37.28262],[-79.87211,37.28248],[-79.87205,37.28242],[-79.87197,37.28233],[-79.87184,37.28219],[-79.87178,37.28212],[-79.87154,37.28186],[-79.87144,37.28176],[-79.87124,37.28154],[-79.87076,37.28105],[-79.8707,37.28098],[-79.8706,37.28088],[-79.87058,37.28086],[-79.87052,37.28079],[-79.87055,37.28079],[-79.87058,37.28079],[-79.8706,37.28081],[-79.87062,37.28082],[-79.87064,37.28082],[-79.87065,37.28082],[-79.87068,37.2808],[-79.87071,37.28079],[-79.87074,37.28077],[-79.87077,37.28076],[-79.8708,37.28074],[-79.87082,37.28072],[-79.87085,37.2807],[-79.87088,37.28069],[-79.8709,37.28067],[-79.87092,37.28064],[-79.87093,37.28062],[-79.87093,37.28059],[-79.87093,37.28058],[-79.87093,37.28056],[-79.87096,37.28054],[-79.87098,37.28052],[-79.87101,37.2805],[-79.87103,37.28048],[-79.87105,37.28046],[-79.87107,37.28043],[-79.87106,37.28041],[-79.87104,37.28039],[-79.87102,37.28037],[-79.87099,37.28035],[-79.87096,37.28033],[-79.87094,37.28031],[-79.87094,37.28028],[-79.87094,37.28025],[-79.87094,37.28023],[-79.87094,37.2802],[-79.87094,37.28017],[-79.87093,37.28015],[-79.87092,37.28012],[-79.87092,37.28009],[-79.87092,37.28006],[-79.87092,37.28003],[-79.87092,37.28001],[-79.87092,37.27998],[-79.87094,37.27995],[-79.87097,37.27994],[-79.871,37.27992],[-79.87102,37.2799],[-79.87103,37.27987],[-79.87103,37.27984],[-79.87103,37.27982],[-79.87102,37.27979],[-79.87104,37.27976],[-79.87106,37.27974],[-79.87109,37.27973],[-79.87112,37.27971],[-79.87116,37.2797],[-79.87119,37.2797],[-79.87123,37.27969],[-79.87126,37.27968],[-79.87129,37.27967],[-79.87132,37.27965],[-79.87134,37.27963],[-79.87136,37.27961],[-79.87138,37.27959],[-79.8714,37.27957],[-79.87143,37.27955],[-79.87143,37.27954],[-79.87145,37.27952],[-79.87146,37.2795],[-79.87148,37.27948],[-79.87149,37.27945],[-79.87149,37.27942],[-79.8715,37.2794],[-79.87151,37.27937],[-79.87153,37.27935],[-79.87154,37.27932],[-79.87156,37.2793],[-79.87157,37.27927],[-79.87158,37.27927],[-79.87159,37.27925],[-79.87163,37.2792],[-79.87164,37.2792],[-79.87166,37.27918],[-79.87169,37.27917],[-79.87172,37.27916],[-79.87175,37.27915],[-79.87178,37.27913],[-79.8718,37.27911],[-79.87182,37.27909],[-79.87182,37.27906],[-79.87183,37.27903],[-79.87184,37.27901],[-79.87184,37.27898],[-79.87184,37.27895],[-79.87184,37.27892],[-79.87184,37.27887],[-79.87184,37.27884],[-79.87184,37.27881],[-79.87184,37.27878],[-79.87184,37.27876],[-79.87184,37.27873],[-79.87184,37.2787],[-79.87183,37.27867],[-79.87183,37.27864],[-79.87183,37.27863],[-79.87183,37.27862],[-79.87183,37.27859],[-79.87184,37.27856],[-79.87185,37.27853],[-79.87187,37.27851],[-79.87188,37.27848],[-79.87189,37.27846],[-79.8719,37.27845],[-79.87191,37.27842],[-79.87193,37.27835],[-79.87195,37.2783],[-79.87195,37.27829],[-79.87199,37.2782],[-79.87203,37.27809],[-79.87203,37.27808],[-79.87205,37.27802],[-79.87206,37.27797],[-79.87206,37.27791],[-79.87207,37.27786],[-79.87205,37.2778],[-79.87202,37.27775],[-79.872,37.27774],[-79.87197,37.27771],[-79.87191,37.27769],[-79.87185,37.27766],[-79.87183,37.2776],[-79.8719,37.27754],[-79.87189,37.27748],[-79.87188,37.27747],[-79.87186,37.27743],[-79.87181,37.27739],[-79.87176,37.27736],[-79.87171,37.27732],[-79.87165,37.27729],[-79.87158,37.27732],[-79.87152,37.27731],[-79.87145,37.27729],[-79.87142,37.27727],[-79.8714,37.27726],[-79.87134,37.27723],[-79.87128,37.2772],[-79.87123,37.27716],[-79.87116,37.27715],[-79.8711,37.27714],[-79.87106,37.27709],[-79.87101,37.27705],[-79.87096,37.27701],[-79.87092,37.27696],[-79.87087,37.27693],[-79.8708,37.27695],[-79.87073,37.27696],[-79.8707,37.27696],[-79.87062,37.27688],[-79.8706,37.27686],[-79.8706,37.27685],[-79.87058,37.27683],[-79.87056,37.27681],[-79.87054,37.27678],[-79.87053,37.27676],[-79.87052,37.27675],[-79.87051,37.27673],[-79.8705,37.27671],[-79.87049,37.2767],[-79.87048,37.27668],[-79.87046,37.27666],[-79.87046,37.27665],[-79.87044,37.27664],[-79.87042,37.27662],[-79.87041,37.27661],[-79.87039,37.27659],[-79.87037,37.27658],[-79.87036,37.27657],[-79.87034,37.27656],[-79.87031,37.27654],[-79.87028,37.27652],[-79.87025,37.2765],[-79.87023,37.27649],[-79.8702,37.27647],[-79.87017,37.27646],[-79.87014,37.27644],[-79.87011,37.27642],[-79.87009,37.27641],[-79.87008,37.2764],[-79.87006,37.27639],[-79.87004,37.27636],[-79.87003,37.27636],[-79.87002,37.27634],[-79.87,37.27632],[-79.87,37.27631],[-79.87,37.27629],[-79.87001,37.27628],[-79.87002,37.27627],[-79.87004,37.27625],[-79.87007,37.27623],[-79.8701,37.27621],[-79.87012,37.27619],[-79.87015,37.27617],[-79.87017,37.27615],[-79.87019,37.27612],[-79.87019,37.27609],[-79.8702,37.27607],[-79.87022,37.27604],[-79.87023,37.27602],[-79.87025,37.27599],[-79.87027,37.27596],[-79.87028,37.27594],[-79.8703,37.27591],[-79.87032,37.27589],[-79.87033,37.27586],[-79.87035,37.27583],[-79.87037,37.27581],[-79.87038,37.27578],[-79.87039,37.27576],[-79.87041,37.27573],[-79.87043,37.2757],[-79.87044,37.27568],[-79.87046,37.27565],[-79.87047,37.27562],[-79.87048,37.27559],[-79.87049,37.27556],[-79.8705,37.27554],[-79.87051,37.27551],[-79.87052,37.27548],[-79.87052,37.27545],[-79.87053,37.27543],[-79.87054,37.2754],[-79.87055,37.27537],[-79.87056,37.27535],[-79.87057,37.27532],[-79.87058,37.27529],[-79.87059,37.27526],[-79.8706,37.27523],[-79.8706,37.27521],[-79.87062,37.27512],[-79.87063,37.2751],[-79.87064,37.27507],[-79.87065,37.27504],[-79.87065,37.27501],[-79.87067,37.27496],[-79.87068,37.27493],[-79.8707,37.27488],[-79.8707,37.27485],[-79.8707,37.27483],[-79.87071,37.2748],[-79.87071,37.27477],[-79.87072,37.27475],[-79.87074,37.27472],[-79.87076,37.2747],[-79.87078,37.27467],[-79.87077,37.27465],[-79.87077,37.27464],[-79.87076,37.27462],[-79.87074,37.2746],[-79.87071,37.27458],[-79.87069,37.27456],[-79.87069,37.27455],[-79.87068,37.27453],[-79.87068,37.27451],[-79.87069,37.27448],[-79.87071,37.27446],[-79.87074,37.27444],[-79.87077,37.27442],[-79.87079,37.2744],[-79.87081,37.27438],[-79.87083,37.27436],[-79.87085,37.27433],[-79.87086,37.27431],[-79.87088,37.27428],[-79.8709,37.27423],[-79.87091,37.2742],[-79.87093,37.27418],[-79.87095,37.27416],[-79.87098,37.27414],[-79.871,37.27412],[-79.87103,37.2741],[-79.87106,37.27409],[-79.8711,37.27408],[-79.87113,37.27408],[-79.87116,37.27407],[-79.8712,37.27406],[-79.87123,37.27405],[-79.87126,37.27403],[-79.87129,37.27402],[-79.87132,37.274],[-79.87135,37.27399],[-79.87138,37.27397],[-79.87141,37.27396],[-79.87145,37.27395],[-79.87148,37.27394],[-79.87151,37.27394],[-79.87154,37.27393],[-79.87158,37.27392],[-79.87161,37.27391],[-79.87164,37.27389],[-79.87167,37.27388],[-79.8717,37.27387],[-79.87173,37.27385],[-79.87175,37.27383],[-79.87178,37.27381],[-79.8718,37.27379],[-79.87182,37.27377],[-79.87184,37.27374],[-79.87185,37.27372],[-79.87187,37.27369],[-79.87188,37.27367],[-79.87189,37.27364],[-79.8719,37.27362],[-79.87192,37.27359],[-79.87193,37.27356],[-79.87194,37.27354],[-79.87195,37.27351],[-79.87197,37.27348],[-79.87198,37.27347],[-79.87199,37.27346],[-79.87201,37.27344],[-79.87204,37.27342],[-79.87206,37.27341],[-79.87209,37.27339],[-79.87212,37.27337],[-79.87214,37.27335],[-79.87217,37.27333],[-79.87219,37.27331],[-79.87221,37.27329],[-79.87223,37.27327],[-79.87225,37.27324],[-79.87227,37.27322],[-79.87228,37.27319],[-79.87229,37.27316],[-79.87231,37.27314],[-79.87233,37.27312],[-79.87235,37.27309],[-79.87237,37.27307],[-79.87239,37.27305],[-79.87242,37.27303],[-79.87244,37.27301],[-79.87247,37.273],[-79.8725,37.27298],[-79.87253,37.27296],[-79.87259,37.27293],[-79.87261,37.27292],[-79.87267,37.27288],[-79.87269,37.27286],[-79.87271,37.27283],[-79.87272,37.27281],[-79.87274,37.27278],[-79.87275,37.27276],[-79.87277,37.27273],[-79.87279,37.27271],[-79.8728,37.27268],[-79.87281,37.27267],[-79.87282,37.27266],[-79.87283,37.27263],[-79.87285,37.27261],[-79.87286,37.2726],[-79.87288,37.27256],[-79.8729,37.27253],[-79.87291,37.27251],[-79.87293,37.27248],[-79.87295,37.27246],[-79.87296,37.27243],[-79.87298,37.27241],[-79.87299,37.27238],[-79.873,37.27236],[-79.87301,37.27233],[-79.87301,37.2723],[-79.873,37.27227],[-79.873,37.27225],[-79.873,37.27224],[-79.873,37.27222],[-79.873,37.27219],[-79.87299,37.27216],[-79.87299,37.27214],[-79.87298,37.27213],[-79.87297,37.27211],[-79.87297,37.27208],[-79.87296,37.27208],[-79.87296,37.27206],[-79.87295,37.27203],[-79.87295,37.27202],[-79.87294,37.272],[-79.87294,37.27199],[-79.87297,37.27179],[-79.87302,37.27173],[-79.87298,37.27159],[-79.87297,37.27155],[-79.87292,37.27135],[-79.87288,37.27117],[-79.87286,37.27115],[-79.87285,37.27112],[-79.87284,37.27109],[-79.87283,37.27107],[-79.87282,37.27104],[-79.87281,37.27101],[-79.8728,37.27099],[-79.87279,37.27096],[-79.87278,37.27093],[-79.87277,37.2709],[-79.87275,37.27088],[-79.87273,37.27085],[-79.87273,37.27083],[-79.87273,37.2708],[-79.87273,37.27077],[-79.87272,37.27074],[-79.87272,37.27072],[-79.87273,37.27069],[-79.87273,37.27066],[-79.87274,37.27063],[-79.87274,37.2706],[-79.87275,37.27058],[-79.87274,37.27055],[-79.87274,37.27052],[-79.87273,37.2705],[-79.87272,37.27047],[-79.8727,37.27045],[-79.87269,37.27044],[-79.87268,37.27043],[-79.87266,37.27041],[-79.87263,37.27039],[-79.87261,37.27037],[-79.87259,37.27035],[-79.87259,37.27034],[-79.87259,37.27032],[-79.87259,37.27029],[-79.87258,37.27028],[-79.87258,37.27026],[-79.87258,37.27025],[-79.87257,37.27024],[-79.87256,37.27021],[-79.87254,37.27019],[-79.87254,37.27018],[-79.87253,37.27016],[-79.87252,37.27014],[-79.87251,37.27011],[-79.8725,37.27008],[-79.8725,37.27006],[-79.87248,37.27003],[-79.87248,37.27002],[-79.87248,37.27],[-79.87247,37.26997],[-79.87247,37.26994],[-79.87246,37.26994],[-79.87246,37.26992],[-79.87245,37.26989],[-79.87244,37.26986],[-79.87243,37.26984],[-79.87243,37.26983],[-79.87242,37.26981],[-79.87241,37.26978],[-79.8724,37.26978],[-79.87239,37.26976],[-79.87238,37.26975],[-79.87237,37.26973],[-79.87236,37.26971],[-79.87236,37.26968],[-79.87236,37.26967],[-79.87235,37.26965],[-79.87234,37.26962],[-79.87233,37.2696],[-79.87232,37.26957],[-79.8723,37.26955],[-79.87227,37.26953],[-79.87225,37.26951],[-79.87222,37.2695],[-79.87219,37.26948],[-79.87217,37.26946],[-79.87214,37.26945],[-79.8721,37.26943],[-79.87207,37.26941],[-79.87205,37.2694],[-79.87202,37.26938],[-79.872,37.26936],[-79.87198,37.26933],[-79.87195,37.26931],[-79.87193,37.26929],[-79.87191,37.26927],[-79.8719,37.26924],[-79.8719,37.26921],[-79.87188,37.26919],[-79.87186,37.26917],[-79.87183,37.26915],[-79.87182,37.26912],[-79.8718,37.2691],[-79.87179,37.26907],[-79.87179,37.26906],[-79.87178,37.26904],[-79.87177,37.26903],[-79.87176,37.26902],[-79.87174,37.269],[-79.87174,37.26899],[-79.87172,37.26897],[-79.87171,37.26894],[-79.8717,37.26892],[-79.87166,37.26889],[-79.87165,37.26887],[-79.87163,37.26885],[-79.87163,37.26882],[-79.87161,37.2688],[-79.87159,37.26877],[-79.87158,37.26874],[-79.87157,37.26872],[-79.87156,37.26869],[-79.87154,37.26867],[-79.87153,37.26864],[-79.87152,37.26861],[-79.87151,37.26859],[-79.87149,37.26856],[-79.87148,37.26854],[-79.87147,37.26851],[-79.87147,37.26848],[-79.87146,37.26847],[-79.87146,37.26845],[-79.87145,37.26843],[-79.87145,37.2684],[-79.87144,37.26837],[-79.87143,37.26834],[-79.87142,37.26832],[-79.87142,37.26829],[-79.87142,37.26826],[-79.87142,37.26823],[-79.87142,37.2682],[-79.87143,37.26817],[-79.87143,37.26814],[-79.87144,37.26812],[-79.87144,37.26809],[-79.87145,37.26806],[-79.87146,37.26803],[-79.87147,37.26801],[-79.87149,37.26795],[-79.87151,37.26793],[-79.87153,37.26791],[-79.87156,37.26789],[-79.87158,37.26787],[-79.87161,37.26785],[-79.87164,37.26783],[-79.87168,37.26782],[-79.87171,37.26782],[-79.87175,37.26782],[-79.87178,37.26782],[-79.87182,37.26782],[-79.87185,37.26782],[-79.87189,37.26783],[-79.87193,37.26783],[-79.87196,37.26783],[-79.872,37.26783],[-79.87203,37.26783],[-79.87207,37.26784],[-79.8721,37.26783],[-79.87213,37.26783],[-79.87216,37.26782],[-79.87219,37.2678],[-79.87221,37.26778],[-79.87223,37.26775],[-79.87222,37.26773],[-79.8722,37.26771],[-79.87217,37.26769],[-79.87214,37.26767],[-79.87212,37.26765],[-79.87209,37.26764],[-79.87206,37.26762],[-79.87203,37.26761],[-79.872,37.26759],[-79.87197,37.26757],[-79.87195,37.26755],[-79.87194,37.26752],[-79.87193,37.26751],[-79.87192,37.26749],[-79.87192,37.26747],[-79.87191,37.26744],[-79.87192,37.26741],[-79.87193,37.26738],[-79.87194,37.26736],[-79.87196,37.26733],[-79.87197,37.26731],[-79.87199,37.26728],[-79.872,37.26726],[-79.87202,37.26723],[-79.87203,37.2672],[-79.87204,37.26717],[-79.87205,37.26715],[-79.87205,37.26712],[-79.87205,37.26709],[-79.87206,37.26706],[-79.87207,37.26704],[-79.87209,37.26701],[-79.8721,37.26699],[-79.87213,37.26694],[-79.87215,37.26691],[-79.87216,37.26689],[-79.87218,37.26686],[-79.87219,37.26683],[-79.8722,37.2668],[-79.87221,37.26678],[-79.87223,37.26675],[-79.87224,37.26673],[-79.87225,37.2667],[-79.87226,37.26667],[-79.87226,37.26664],[-79.87227,37.26662],[-79.87227,37.26659],[-79.87227,37.26656],[-79.87228,37.26653],[-79.87229,37.2665],[-79.87229,37.26648],[-79.8723,37.26645],[-79.8723,37.26642],[-79.87231,37.2664],[-79.87233,37.26637],[-79.87234,37.26634],[-79.87235,37.26632],[-79.87237,37.26629],[-79.87238,37.26624],[-79.87239,37.26621],[-79.87239,37.26618],[-79.8724,37.26615],[-79.87241,37.26612],[-79.87242,37.26609],[-79.87243,37.26606],[-79.87245,37.26604],[-79.87247,37.26601],[-79.87249,37.26599],[-79.8725,37.26596],[-79.87251,37.26594],[-79.87253,37.26591],[-79.87255,37.26589],[-79.87257,37.26586],[-79.87258,37.26586],[-79.8726,37.26585],[-79.87262,37.26583],[-79.87265,37.26581],[-79.87268,37.26579],[-79.87271,37.26578],[-79.87275,37.26577],[-79.87278,37.26575],[-79.87281,37.26574],[-79.87284,37.26572],[-79.87287,37.26571],[-79.8729,37.26569],[-79.87293,37.26568],[-79.87295,37.26568],[-79.87297,37.26568],[-79.873,37.26567],[-79.87304,37.26567],[-79.87307,37.26566],[-79.87311,37.26566],[-79.87315,37.26566],[-79.87318,37.26566],[-79.87322,37.26567],[-79.87325,37.26568],[-79.87329,37.26569],[-79.87332,37.26571],[-79.87335,37.26572],[-79.87338,37.26573],[-79.87341,37.26575],[-79.87345,37.26576],[-79.87348,37.26578],[-79.87351,37.26579],[-79.87354,37.26581],[-79.87357,37.26582],[-79.87361,37.26583],[-79.87364,37.26584],[-79.87367,37.26585],[-79.8737,37.26587],[-79.87373,37.26589],[-79.87376,37.2659],[-79.87379,37.26592],[-79.87381,37.26593],[-79.87384,37.26594],[-79.87388,37.26595],[-79.87391,37.26596],[-79.87395,37.26598],[-79.87398,37.26599],[-79.87401,37.26601],[-79.87404,37.26602],[-79.87407,37.26604],[-79.8741,37.26605],[-79.87413,37.26606],[-79.87414,37.26607],[-79.87416,37.26608],[-79.87419,37.26609],[-79.87422,37.26611],[-79.87425,37.26613],[-79.87428,37.26615],[-79.8743,37.26617],[-79.87433,37.26619],[-79.87436,37.2662],[-79.87439,37.26622],[-79.87443,37.26623],[-79.87446,37.26624],[-79.87449,37.26625],[-79.87452,37.26626],[-79.87455,37.26627],[-79.87459,37.26628],[-79.87462,37.2663],[-79.87465,37.2663],[-79.87468,37.26632],[-79.8747,37.26634],[-79.87472,37.26637],[-79.87475,37.26638],[-79.87478,37.2664],[-79.87481,37.26641],[-79.87486,37.26645],[-79.87489,37.26647],[-79.87492,37.26648],[-79.87493,37.26649],[-79.87495,37.2665],[-79.87497,37.26652],[-79.875,37.26654],[-79.87502,37.26656],[-79.87505,37.26658],[-79.87508,37.2666],[-79.87511,37.26661],[-79.87514,37.26662],[-79.87518,37.26663],[-79.87521,37.26663],[-79.87525,37.26662],[-79.87528,37.26662],[-79.87532,37.26663],[-79.87535,37.26664],[-79.87539,37.26664],[-79.87542,37.26663],[-79.87545,37.26662],[-79.87548,37.2666],[-79.8755,37.26657],[-79.87552,37.26655],[-79.87555,37.26653],[-79.87559,37.26652],[-79.87562,37.26651],[-79.87565,37.26649],[-79.87568,37.26647],[-79.87571,37.26646],[-79.87574,37.26644],[-79.87577,37.26643],[-79.8758,37.26641],[-79.87583,37.2664],[-79.87587,37.26639],[-79.8759,37.26638],[-79.87594,37.26637],[-79.87597,37.26636],[-79.87599,37.26635],[-79.87601,37.26632],[-79.87603,37.2663],[-79.87606,37.26628],[-79.87609,37.26627],[-79.87611,37.26626],[-79.87612,37.26626],[-79.87613,37.26625],[-79.87615,37.26624],[-79.87617,37.26622],[-79.87619,37.26619],[-79.87621,37.26617],[-79.87623,37.26614],[-79.87624,37.26612],[-79.87624,37.26609],[-79.87626,37.26606],[-79.87628,37.26604],[-79.8763,37.26602],[-79.87632,37.266],[-79.87633,37.26599],[-79.87634,37.26597],[-79.87636,37.26595],[-79.87637,37.26592],[-79.87639,37.2659],[-79.87641,37.26588],[-79.87644,37.26585],[-79.87647,37.26584],[-79.8765,37.26582],[-79.87652,37.2658],[-79.87655,37.26578],[-79.87657,37.26576],[-79.87658,37.26575],[-79.87659,37.26574],[-79.87661,37.26572],[-79.87663,37.26569],[-79.87666,37.26567],[-79.87668,37.26565],[-79.87671,37.26563],[-79.87673,37.26561],[-79.87675,37.26559],[-79.87677,37.26557],[-79.87678,37.26554],[-79.87679,37.26551],[-79.87681,37.26549],[-79.87681,37.26546],[-79.87682,37.26543],[-79.87684,37.26541],[-79.87686,37.26539],[-79.87689,37.26537],[-79.87692,37.26536],[-79.87696,37.26535],[-79.87699,37.26533],[-79.87701,37.26532],[-79.87704,37.26531],[-79.87708,37.2653],[-79.87711,37.26529],[-79.87714,37.26527],[-79.87717,37.26525],[-79.87719,37.26523],[-79.87722,37.26521],[-79.87723,37.26518],[-79.87723,37.26516],[-79.87724,37.26513],[-79.87725,37.2651],[-79.87724,37.26507],[-79.87724,37.26504],[-79.87723,37.26502],[-79.87723,37.26501],[-79.87723,37.26499],[-79.87721,37.26496],[-79.8772,37.26494],[-79.87718,37.26491],[-79.87717,37.26489],[-79.87717,37.26488],[-79.87716,37.26486],[-79.87715,37.26484],[-79.87714,37.26483],[-79.87713,37.26481],[-79.87712,37.26478],[-79.87711,37.26476],[-79.8771,37.26473],[-79.8771,37.26472],[-79.87709,37.2647],[-79.87709,37.26467],[-79.87708,37.26464],[-79.87707,37.26462],[-79.87706,37.26459],[-79.87706,37.26456],[-79.87705,37.26454],[-79.87705,37.26453],[-79.87704,37.26451],[-79.87704,37.2645],[-79.87699,37.26438],[-79.87698,37.26436],[-79.87698,37.26435],[-79.87698,37.26433],[-79.87697,37.2643],[-79.87695,37.26428],[-79.87693,37.26425],[-79.87691,37.26423],[-79.87689,37.26421],[-79.87688,37.26418],[-79.87688,37.26416],[-79.87689,37.26413],[-79.8769,37.26411],[-79.8769,37.2641],[-79.87691,37.26408],[-79.87692,37.26405],[-79.87693,37.26402],[-79.87694,37.264],[-79.87694,37.26397],[-79.87695,37.26394],[-79.87696,37.26391],[-79.87697,37.26389],[-79.87698,37.26386],[-79.87698,37.26383],[-79.87699,37.26381],[-79.87699,37.26378],[-79.877,37.26375],[-79.877,37.26373],[-79.87702,37.2637],[-79.87703,37.26367],[-79.87705,37.26365],[-79.87705,37.26362],[-79.87706,37.26359],[-79.87707,37.26357],[-79.87707,37.26354],[-79.87708,37.26351],[-79.87708,37.26348],[-79.87709,37.26346],[-79.87709,37.26345],[-79.87709,37.26343],[-79.87709,37.2634],[-79.8771,37.26337],[-79.8771,37.26335],[-79.87711,37.26332],[-79.87711,37.26326],[-79.87712,37.26324],[-79.87713,37.26321],[-79.87714,37.26318],[-79.87715,37.26316],[-79.87716,37.26313],[-79.87716,37.2631],[-79.87717,37.26308],[-79.87717,37.26305],[-79.87717,37.26302],[-79.87717,37.26299],[-79.87717,37.26296],[-79.87717,37.26294],[-79.87718,37.26291],[-79.87718,37.26288],[-79.87719,37.26285],[-79.8772,37.26283],[-79.87722,37.2628],[-79.87724,37.26278],[-79.87725,37.26276],[-79.87726,37.26273],[-79.87726,37.2627],[-79.87726,37.26268],[-79.87726,37.26267],[-79.87725,37.26265],[-79.87725,37.26262],[-79.87724,37.26259],[-79.87724,37.26257],[-79.87724,37.26256],[-79.87724,37.26254],[-79.87726,37.26251],[-79.87727,37.26249],[-79.8773,37.26244],[-79.87731,37.26241],[-79.87731,37.26235],[-79.87732,37.26233],[-79.87732,37.2623],[-79.87734,37.26227],[-79.87736,37.26225],[-79.87739,37.26224],[-79.87742,37.26222],[-79.87744,37.26221],[-79.87745,37.26221],[-79.87746,37.2622],[-79.87748,37.2622],[-79.87752,37.26219],[-79.87755,37.26218],[-79.87758,37.26218],[-79.87761,37.26216],[-79.87765,37.26215],[-79.87768,37.26215],[-79.87771,37.26214],[-79.87775,37.26213],[-79.87778,37.26212],[-79.87781,37.26211],[-79.87784,37.2621],[-79.87788,37.26208],[-79.87791,37.26207],[-79.87795,37.26206],[-79.87798,37.26206],[-79.87802,37.26205],[-79.87805,37.26204],[-79.87808,37.26204],[-79.87812,37.26203],[-79.87815,37.26202],[-79.87819,37.26201],[-79.87822,37.26201],[-79.87826,37.26201],[-79.87829,37.26201],[-79.87832,37.262],[-79.87836,37.262],[-79.8784,37.262],[-79.87843,37.262],[-79.87846,37.262],[-79.8785,37.262],[-79.87853,37.262],[-79.87855,37.262],[-79.87857,37.262],[-79.8786,37.262],[-79.87867,37.26199],[-79.87869,37.26199],[-79.87878,37.26199],[-79.87882,37.26199],[-79.87885,37.26199],[-79.87889,37.26199],[-79.87892,37.26199],[-79.87896,37.26199],[-79.87899,37.262],[-79.87903,37.262],[-79.87906,37.262],[-79.8791,37.26201],[-79.87913,37.26201],[-79.87917,37.26202],[-79.8792,37.26202],[-79.87924,37.26202],[-79.87927,37.26202],[-79.87931,37.26202],[-79.87934,37.26203],[-79.87937,37.26204],[-79.8794,37.26206],[-79.87944,37.26207],[-79.87947,37.26208],[-79.8795,37.26209],[-79.87953,37.2621],[-79.87956,37.26211],[-79.8796,37.26212],[-79.87963,37.26213],[-79.87966,37.26214],[-79.8797,37.26215],[-79.87973,37.26216],[-79.87976,37.26218],[-79.87979,37.26219],[-79.87983,37.2622],[-79.87986,37.26222],[-79.87989,37.26223],[-79.87992,37.26225],[-79.87994,37.26226],[-79.87997,37.26228],[-79.87999,37.2623],[-79.88002,37.26232],[-79.88004,37.26234],[-79.88007,37.26235],[-79.8801,37.26236],[-79.88013,37.26238],[-79.88016,37.26239],[-79.88019,37.2624],[-79.8802,37.2624],[-79.88023,37.2624],[-79.88026,37.26239],[-79.88029,37.26238],[-79.88032,37.26236],[-79.88035,37.26234],[-79.8804,37.26231],[-79.88043,37.26229],[-79.88046,37.26227],[-79.88049,37.26226],[-79.88051,37.26223],[-79.88053,37.26221],[-79.88055,37.26219],[-79.88058,37.26217],[-79.8806,37.26215],[-79.88063,37.26213],[-79.88066,37.26212],[-79.8807,37.26208],[-79.88073,37.26206],[-79.88075,37.26203],[-79.88077,37.26201],[-79.88091,37.26189],[-79.88102,37.26179],[-79.88104,37.26176],[-79.88105,37.26174],[-79.88106,37.26171],[-79.88106,37.26168],[-79.88107,37.26165],[-79.88106,37.26164],[-79.88106,37.26163],[-79.88105,37.2616],[-79.88104,37.26158],[-79.88103,37.26155],[-79.88103,37.26152],[-79.88103,37.26149],[-79.88102,37.26147],[-79.88101,37.26144],[-79.881,37.26141],[-79.88098,37.26139],[-79.88095,37.26138],[-79.88093,37.26136],[-79.8809,37.26135],[-79.88087,37.26134],[-79.88084,37.26133],[-79.88083,37.26133],[-79.8808,37.26132],[-79.88077,37.26132],[-79.88074,37.26132],[-79.8807,37.26132],[-79.88067,37.26133],[-79.88063,37.26134],[-79.8806,37.26134],[-79.88057,37.26135],[-79.88053,37.26136],[-79.8805,37.26137],[-79.88047,37.26138],[-79.88044,37.26139],[-79.88041,37.2614],[-79.88037,37.26141],[-79.88034,37.26142],[-79.88031,37.26143],[-79.88028,37.26145],[-79.88024,37.26146],[-79.88021,37.26147],[-79.88018,37.26148],[-79.88015,37.26148],[-79.88008,37.26149],[-79.88005,37.2615],[-79.88001,37.2615],[-79.87998,37.2615],[-79.87994,37.26148],[-79.87992,37.26146],[-79.8799,37.26144],[-79.87989,37.26144],[-79.87988,37.26142],[-79.87987,37.26139],[-79.87987,37.26138],[-79.87987,37.26136],[-79.87987,37.26133],[-79.87988,37.26131],[-79.87989,37.26128],[-79.8799,37.26125],[-79.8799,37.26123],[-79.8799,37.2612],[-79.87991,37.26117],[-79.8799,37.26114],[-79.87989,37.26112],[-79.87987,37.2611],[-79.87984,37.26108],[-79.87981,37.26107],[-79.87977,37.26106],[-79.87974,37.26105],[-79.87971,37.26104],[-79.87968,37.26102],[-79.87966,37.261],[-79.87963,37.26098],[-79.87961,37.26096],[-79.8796,37.26094],[-79.87958,37.26091],[-79.87957,37.26088],[-79.87955,37.26086],[-79.87955,37.26085],[-79.87954,37.26083],[-79.87952,37.26078],[-79.87951,37.26075],[-79.8795,37.26073],[-79.87948,37.2607],[-79.87947,37.26068],[-79.87946,37.26065],[-79.87945,37.26062],[-79.87944,37.2606],[-79.87942,37.26057],[-79.87942,37.26054],[-79.87942,37.26052],[-79.87942,37.26049],[-79.87942,37.26046],[-79.87941,37.26043],[-79.87941,37.2604],[-79.87942,37.26038],[-79.87942,37.26035],[-79.87942,37.26032],[-79.87943,37.26029],[-79.87943,37.26027],[-79.87942,37.26024],[-79.87942,37.26021],[-79.87942,37.26018],[-79.87942,37.26016],[-79.87942,37.26013],[-79.87941,37.2601],[-79.8794,37.26008],[-79.87937,37.26003],[-79.87935,37.26],[-79.87934,37.25997],[-79.87933,37.25994],[-79.87932,37.25991],[-79.87932,37.25989],[-79.87931,37.25986],[-79.87931,37.25983],[-79.8793,37.2598],[-79.8793,37.25978],[-79.87929,37.25975],[-79.87927,37.25973],[-79.87926,37.2597],[-79.87926,37.25967],[-79.87925,37.25964],[-79.87926,37.25961],[-79.87925,37.25959],[-79.87924,37.25956],[-79.87923,37.25955],[-79.87923,37.25953],[-79.87923,37.25951],[-79.87922,37.25948],[-79.87922,37.25945],[-79.87922,37.25942],[-79.87921,37.25939],[-79.87921,37.25937],[-79.87921,37.25935],[-79.87921,37.25934],[-79.87921,37.25931],[-79.87921,37.25928],[-79.87921,37.25925],[-79.87921,37.25923],[-79.87921,37.2592],[-79.87921,37.25917],[-79.87921,37.25914],[-79.87921,37.25911],[-79.87921,37.25909],[-79.87922,37.25906],[-79.87922,37.25903],[-79.87923,37.25901],[-79.87924,37.25898],[-79.87926,37.25895],[-79.87927,37.25892],[-79.87928,37.2589],[-79.87929,37.25887],[-79.87931,37.25886],[-79.87934,37.25883],[-79.87934,37.25882],[-79.8794,37.25867],[-79.87946,37.25855],[-79.87947,37.25853],[-79.87949,37.25851],[-79.87951,37.25848],[-79.87953,37.25846],[-79.87954,37.25844],[-79.87954,37.25841],[-79.87955,37.25838],[-79.87955,37.25836],[-79.87956,37.25833],[-79.87956,37.2583],[-79.87957,37.25827],[-79.87957,37.25825],[-79.87958,37.25822],[-79.87959,37.25819],[-79.87959,37.25816],[-79.8796,37.25814],[-79.8796,37.25813],[-79.87963,37.25786],[-79.87963,37.25785],[-79.87975,37.25786],[-79.87976,37.25786],[-79.8798,37.25787],[-79.87983,37.25787],[-79.87987,37.25787],[-79.87991,37.25788],[-79.87994,37.25788],[-79.87998,37.25789],[-79.88002,37.25789],[-79.88005,37.25789],[-79.88009,37.25789],[-79.88013,37.2579],[-79.88016,37.2579],[-79.8802,37.2579],[-79.88023,37.2579],[-79.88027,37.25791],[-79.8803,37.25791],[-79.88034,37.25792],[-79.88038,37.25792],[-79.88041,37.25792],[-79.88045,37.25792],[-79.88048,37.25792],[-79.88052,37.25792],[-79.88055,37.25792],[-79.88059,37.25792],[-79.88063,37.25792],[-79.88066,37.25792],[-79.8807,37.25792],[-79.88074,37.25793],[-79.88077,37.25793],[-79.88081,37.25793],[-79.88085,37.25793],[-79.88088,37.25793],[-79.88092,37.25793],[-79.88096,37.25793],[-79.881,37.25794],[-79.88103,37.25794],[-79.88107,37.25794],[-79.88111,37.25793],[-79.88114,37.25793],[-79.88118,37.25793],[-79.88122,37.25794],[-79.88125,37.25794],[-79.88129,37.25793],[-79.88132,37.25793],[-79.88136,37.25793],[-79.8814,37.25793],[-79.88143,37.25794],[-79.88147,37.25794],[-79.88151,37.25794],[-79.88154,37.25794],[-79.88158,37.25794],[-79.88161,37.25794],[-79.88165,37.25794],[-79.88169,37.25795],[-79.88172,37.25795],[-79.88176,37.25795],[-79.88179,37.25795],[-79.88182,37.25796],[-79.88186,37.25796],[-79.88189,37.25797],[-79.88193,37.25797],[-79.88197,37.25797],[-79.882,37.25798],[-79.88204,37.25798],[-79.88207,37.25798],[-79.88211,37.25798],[-79.88215,37.25798],[-79.88218,37.25799],[-79.88222,37.25799],[-79.88225,37.25799],[-79.88229,37.25799],[-79.88232,37.258],[-79.88236,37.258],[-79.88239,37.258],[-79.88247,37.258],[-79.88249,37.258],[-79.8825,37.258],[-79.88254,37.258],[-79.88261,37.258],[-79.88265,37.258],[-79.88268,37.258],[-79.88272,37.258],[-79.88275,37.25801],[-79.88278,37.25801],[-79.88282,37.25801],[-79.88286,37.25802],[-79.88289,37.25802],[-79.88293,37.25802],[-79.88297,37.25802],[-79.883,37.25802],[-79.88304,37.25803],[-79.88307,37.25803],[-79.88311,37.25803],[-79.88314,37.25803],[-79.88318,37.25803],[-79.88321,37.25804],[-79.88325,37.25804],[-79.88328,37.25804],[-79.88332,37.25805],[-79.88335,37.25806],[-79.88339,37.25806],[-79.88342,37.25807],[-79.88346,37.25808],[-79.88353,37.25809],[-79.88356,37.25809],[-79.8836,37.2581],[-79.88363,37.25811],[-79.88366,37.25811],[-79.8837,37.25812],[-79.88373,37.25813],[-79.88377,37.25813],[-79.8838,37.25814],[-79.88384,37.25815],[-79.88387,37.25815],[-79.88391,37.25816],[-79.88394,37.25817],[-79.88398,37.25818],[-79.88402,37.25819],[-79.88405,37.2582],[-79.88408,37.2582],[-79.88412,37.25821],[-79.88415,37.25822],[-79.88419,37.25822],[-79.88422,37.25823],[-79.88425,37.25824],[-79.88429,37.25824],[-79.88432,37.25825],[-79.88436,37.25826],[-79.88439,37.25827],[-79.88443,37.25827],[-79.88447,37.25828],[-79.8845,37.25828],[-79.88454,37.25829],[-79.88457,37.2583],[-79.88461,37.25831],[-79.88464,37.25831],[-79.88468,37.25832],[-79.88475,37.25834],[-79.88478,37.25835],[-79.88481,37.25836],[-79.88485,37.25837],[-79.88488,37.25838],[-79.88491,37.25839],[-79.88495,37.2584],[-79.88498,37.25841],[-79.88502,37.25841],[-79.88505,37.25842],[-79.88508,37.25843],[-79.88511,37.25844],[-79.88515,37.25845],[-79.88519,37.25846],[-79.88522,37.25847],[-79.88525,37.25847],[-79.88529,37.25848],[-79.88532,37.25849],[-79.88535,37.2585],[-79.88539,37.25851],[-79.88542,37.25852],[-79.88546,37.25852],[-79.88549,37.25853],[-79.88553,37.25854],[-79.88556,37.25855],[-79.88559,37.25856],[-79.88563,37.25857],[-79.88569,37.25859],[-79.88573,37.2586],[-79.88576,37.25861],[-79.88582,37.25863],[-79.88585,37.25864],[-79.88589,37.25865],[-79.88592,37.25866],[-79.88595,37.25868],[-79.88598,37.25869],[-79.88601,37.2587],[-79.88605,37.25872],[-79.88608,37.25873],[-79.88611,37.25874],[-79.88614,37.25875],[-79.88617,37.25876],[-79.8862,37.25878],[-79.88623,37.25879],[-79.88627,37.2588],[-79.8863,37.25881],[-79.88633,37.25882],[-79.88636,37.25884],[-79.88639,37.25885],[-79.88643,37.25886],[-79.88646,37.25887],[-79.88649,37.25888],[-79.88652,37.25889],[-79.88656,37.2589],[-79.88659,37.25891],[-79.88663,37.25893],[-79.88666,37.25894],[-79.88669,37.25895],[-79.88673,37.25895],[-79.88676,37.25897],[-79.88679,37.25898],[-79.88682,37.25899],[-79.88685,37.25901],[-79.88688,37.25903],[-79.88691,37.25904],[-79.88694,37.25906],[-79.88697,37.25907],[-79.887,37.25909],[-79.88703,37.2591],[-79.88706,37.25911],[-79.8871,37.25912],[-79.88713,37.25914],[-79.88716,37.25915],[-79.88719,37.25917],[-79.88722,37.25918],[-79.88725,37.2592],[-79.88728,37.25921],[-79.88731,37.25923],[-79.88734,37.25924],[-79.88737,37.25926],[-79.8874,37.25928],[-79.88743,37.25929],[-79.88746,37.25931],[-79.88749,37.25932],[-79.88752,37.25934],[-79.88754,37.25936],[-79.88757,37.25937],[-79.8876,37.25939],[-79.88763,37.25941],[-79.8877,37.25944],[-79.88777,37.25948],[-79.8878,37.2595],[-79.88783,37.25951],[-79.88786,37.25952],[-79.88788,37.25954],[-79.8879,37.25957],[-79.88793,37.25959],[-79.88795,37.2596],[-79.88799,37.25962],[-79.88802,37.25963],[-79.88805,37.25964],[-79.88808,37.25966],[-79.88811,37.25967],[-79.88814,37.25969],[-79.88817,37.2597],[-79.88821,37.25971],[-79.88824,37.25973],[-79.88827,37.25975],[-79.88829,37.25977],[-79.88832,37.25979],[-79.88835,37.2598],[-79.88838,37.25981],[-79.88842,37.25982],[-79.88845,37.25984],[-79.88848,37.25985],[-79.88851,37.25987],[-79.88854,37.25988],[-79.88857,37.2599],[-79.8886,37.25991],[-79.88863,37.25992],[-79.88867,37.25994],[-79.8887,37.25995],[-79.88873,37.25996],[-79.88877,37.25998],[-79.8888,37.25999],[-79.88883,37.26001],[-79.88886,37.26002],[-79.88889,37.26004],[-79.88892,37.26005],[-79.88896,37.26007],[-79.88899,37.26008],[-79.88902,37.2601],[-79.88905,37.26011],[-79.88909,37.26012],[-79.88912,37.26014],[-79.88915,37.26015],[-79.88918,37.26016],[-79.88922,37.26018],[-79.88926,37.26019],[-79.88929,37.2602],[-79.88933,37.26022],[-79.88936,37.26023],[-79.88939,37.26024],[-79.88942,37.26026],[-79.88946,37.26027],[-79.8895,37.26028],[-79.88953,37.2603],[-79.88957,37.26031],[-79.8896,37.26033],[-79.88963,37.26034],[-79.88967,37.26036],[-79.88971,37.26037],[-79.88974,37.26038],[-79.88977,37.2604],[-79.8898,37.26041],[-79.88983,37.26042],[-79.88989,37.26045],[-79.88993,37.26046],[-79.88996,37.26048],[-79.88999,37.26049],[-79.89002,37.2605],[-79.89006,37.26051],[-79.89009,37.26052],[-79.89012,37.26053],[-79.89015,37.26054],[-79.89019,37.26056],[-79.89023,37.26057],[-79.89026,37.26058],[-79.89029,37.2606],[-79.89032,37.26061],[-79.89036,37.26062],[-79.89039,37.26063],[-79.89043,37.26064],[-79.89045,37.26065],[-79.89046,37.26065],[-79.89046,37.26066],[-79.89049,37.26067],[-79.89053,37.26069],[-79.89056,37.2607],[-79.89059,37.26071],[-79.89062,37.26073],[-79.89065,37.26074],[-79.89068,37.26075],[-79.89071,37.26077],[-79.89075,37.26078],[-79.89078,37.26079],[-79.89081,37.2608],[-79.89084,37.26082],[-79.89088,37.26083],[-79.89091,37.26084],[-79.89095,37.26085],[-79.89098,37.26087],[-79.89102,37.26088],[-79.89105,37.2609],[-79.89108,37.26091],[-79.89111,37.26092],[-79.89115,37.26094],[-79.89118,37.26096],[-79.89121,37.26097],[-79.89124,37.26099],[-79.89127,37.26101],[-79.89131,37.26102],[-79.89134,37.26103],[-79.89138,37.26104],[-79.89142,37.26106],[-79.89146,37.26107],[-79.89149,37.26108],[-79.89152,37.2611],[-79.89156,37.26111],[-79.89159,37.26112],[-79.89162,37.26114],[-79.89166,37.26115],[-79.89169,37.26116],[-79.89173,37.26118],[-79.89176,37.26119],[-79.8918,37.26121],[-79.89183,37.26122],[-79.89187,37.26123],[-79.8919,37.26125],[-79.89193,37.26126],[-79.89197,37.26127],[-79.892,37.26129],[-79.89204,37.2613],[-79.89207,37.26131],[-79.89211,37.26133],[-79.89214,37.26135],[-79.89217,37.26136],[-79.89221,37.26138],[-79.89224,37.26139],[-79.89227,37.2614],[-79.89231,37.26141],[-79.89234,37.26143],[-79.89238,37.26144],[-79.8924,37.26146],[-79.89243,37.26148],[-79.89246,37.26149],[-79.8925,37.26151],[-79.89253,37.26152],[-79.89256,37.26154],[-79.89259,37.26155],[-79.89263,37.26157],[-79.89266,37.26158],[-79.89269,37.2616],[-79.89275,37.26164],[-79.89277,37.26166],[-79.8928,37.26168],[-79.89283,37.26169],[-79.89286,37.26171],[-79.89288,37.26173],[-79.89291,37.26175],[-79.89293,37.26177],[-79.89296,37.26179],[-79.89299,37.26181],[-79.89301,37.26183],[-79.89304,37.26185],[-79.89307,37.26186],[-79.8931,37.26188],[-79.89313,37.2619],[-79.89315,37.26192],[-79.89318,37.26194],[-79.8932,37.26196],[-79.89323,37.26198],[-79.89326,37.262],[-79.89329,37.26202],[-79.89331,37.26204],[-79.89334,37.26206],[-79.89336,37.26208],[-79.89339,37.2621],[-79.89341,37.26212],[-79.89344,37.26215],[-79.89346,37.26217],[-79.89349,37.26219],[-79.89351,37.26221],[-79.89353,37.26223],[-79.89356,37.26226],[-79.89358,37.26228],[-79.8936,37.2623],[-79.89363,37.26233],[-79.89365,37.26235],[-79.89367,37.26238],[-79.89369,37.2624],[-79.89373,37.26245],[-79.89375,37.26247],[-79.89377,37.2625],[-79.89379,37.26252],[-79.89381,37.26255],[-79.89383,37.26257],[-79.89386,37.2626],[-79.89388,37.26262],[-79.8939,37.26264],[-79.89392,37.26267],[-79.89393,37.2627],[-79.89395,37.26272],[-79.89397,37.26275],[-79.89399,37.26278],[-79.89401,37.2628],[-79.89403,37.26283],[-79.89405,37.26285],[-79.89406,37.26288],[-79.89408,37.2629],[-79.8941,37.26293],[-79.89412,37.26295],[-79.89414,37.26298],[-79.89415,37.263],[-79.89417,37.26302],[-79.8942,37.26305],[-79.89422,37.26307],[-79.89424,37.26309],[-79.89427,37.26312],[-79.89429,37.26314],[-79.89432,37.26316],[-79.89436,37.2632],[-79.89439,37.26323],[-79.89441,37.26325],[-79.89443,37.26327],[-79.89445,37.26329],[-79.89447,37.26332],[-79.8945,37.26334],[-79.89452,37.26336],[-79.89455,37.26338],[-79.89455,37.26339],[-79.89457,37.2634],[-79.89459,37.26342],[-79.89461,37.26345],[-79.89464,37.26347],[-79.89466,37.26349],[-79.89468,37.26352],[-79.8947,37.26354],[-79.89473,37.26356],[-79.89475,37.26358],[-79.89478,37.2636],[-79.8948,37.26363],[-79.89483,37.26365],[-79.89485,37.26367],[-79.89488,37.26369],[-79.89491,37.26371],[-79.89496,37.26375],[-79.89498,37.26377],[-79.89501,37.26378],[-79.89504,37.2638],[-79.89507,37.26382],[-79.8951,37.26384],[-79.89515,37.26388],[-79.89518,37.2639],[-79.8952,37.26392],[-79.89523,37.26393],[-79.89526,37.26395],[-79.89528,37.26397],[-79.89531,37.26398],[-79.89534,37.26399],[-79.89538,37.26401],[-79.89541,37.26402],[-79.89544,37.26404],[-79.89546,37.26405],[-79.89549,37.26407],[-79.89552,37.26409],[-79.89555,37.26411],[-79.89557,37.26413],[-79.89561,37.26416],[-79.89566,37.2642],[-79.89571,37.26424],[-79.89574,37.26425],[-79.89577,37.26426],[-79.8958,37.26428],[-79.89583,37.26429],[-79.89586,37.26431],[-79.89589,37.26432],[-79.89593,37.26433],[-79.89596,37.26434],[-79.89599,37.26435],[-79.89602,37.26437],[-79.89606,37.26438],[-79.89609,37.26439],[-79.89612,37.26441],[-79.89615,37.26442],[-79.89618,37.26443],[-79.89621,37.26444],[-79.89627,37.26447],[-79.89631,37.26448],[-79.89634,37.26449],[-79.89637,37.26451],[-79.8964,37.26452],[-79.89646,37.26454],[-79.8965,37.26455],[-79.89653,37.26456],[-79.89656,37.26457],[-79.89662,37.2646],[-79.89666,37.26461],[-79.89669,37.26462],[-79.89672,37.26463],[-79.89679,37.26466],[-79.89682,37.26467],[-79.89685,37.26468],[-79.89688,37.26469],[-79.89692,37.2647],[-79.89695,37.2647],[-79.89699,37.26471],[-79.89702,37.26472],[-79.89705,37.26473],[-79.89708,37.26474],[-79.89712,37.26474],[-79.89715,37.26475],[-79.89719,37.26475],[-79.89722,37.26477],[-79.89726,37.26477],[-79.89729,37.26478],[-79.89732,37.26479],[-79.89736,37.2648],[-79.89739,37.26481],[-79.89742,37.26482],[-79.89746,37.26483],[-79.89749,37.26483],[-79.89753,37.26484],[-79.89756,37.26484],[-79.8976,37.26485],[-79.89763,37.26487],[-79.89766,37.26488],[-79.8977,37.26488],[-79.89773,37.26488],[-79.89777,37.26489],[-79.8978,37.2649],[-79.89784,37.2649],[-79.8979,37.26491],[-79.89794,37.26492],[-79.89797,37.26492],[-79.89801,37.26493],[-79.89804,37.26494],[-79.89807,37.26494],[-79.89811,37.26495],[-79.89814,37.26496],[-79.89817,37.26497],[-79.89822,37.26499],[-79.89827,37.265],[-79.89831,37.265],[-79.89834,37.26501],[-79.89838,37.26501],[-79.89841,37.26501],[-79.89845,37.26501],[-79.89848,37.26501],[-79.89852,37.26501],[-79.89855,37.26501],[-79.89859,37.26501],[-79.89862,37.26501],[-79.89865,37.26501],[-79.89866,37.26501],[-79.89876,37.26501],[-79.8988,37.26501],[-79.89883,37.26501],[-79.89887,37.26501],[-79.89894,37.26501],[-79.89898,37.26501],[-79.89901,37.26501],[-79.89905,37.26501],[-79.89909,37.26501],[-79.89912,37.26501],[-79.89916,37.26501],[-79.89919,37.26501],[-79.89923,37.26501],[-79.89927,37.26501],[-79.89931,37.26501],[-79.89934,37.26501],[-79.89938,37.26502],[-79.89941,37.26502],[-79.89945,37.26502],[-79.89949,37.26502],[-79.89952,37.26502],[-79.89956,37.26503],[-79.8996,37.26503],[-79.89963,37.26503],[-79.89967,37.26503],[-79.8997,37.26503],[-79.89974,37.26503],[-79.89978,37.26504],[-79.89981,37.26504],[-79.89985,37.26504],[-79.89999,37.26504],[-79.90003,37.26504],[-79.90006,37.26504],[-79.9001,37.26504],[-79.90014,37.26504],[-79.90017,37.26504],[-79.90021,37.26504],[-79.90024,37.26504],[-79.90028,37.26504],[-79.90032,37.26505],[-79.90035,37.26505],[-79.90039,37.26505],[-79.90042,37.26505],[-79.90046,37.26506],[-79.9005,37.26506],[-79.90053,37.26506],[-79.90057,37.26506],[-79.9006,37.26507],[-79.90064,37.26507],[-79.90068,37.26508],[-79.90071,37.26508],[-79.90075,37.26509],[-79.90078,37.26509],[-79.90082,37.26509],[-79.90086,37.2651],[-79.90089,37.2651],[-79.90093,37.2651],[-79.90097,37.26511],[-79.901,37.26511],[-79.90104,37.26512],[-79.90108,37.26512],[-79.90111,37.26513],[-79.90115,37.26513],[-79.90119,37.26514],[-79.90122,37.26514],[-79.90126,37.26515],[-79.90129,37.26515],[-79.90133,37.26516],[-79.90136,37.26517],[-79.9014,37.26517],[-79.90143,37.26518],[-79.90147,37.26518],[-79.90151,37.26519],[-79.90154,37.26519],[-79.90158,37.2652],[-79.90161,37.2652],[-79.90164,37.26521],[-79.90168,37.26521],[-79.90172,37.26522],[-79.90175,37.26523],[-79.90179,37.26523],[-79.90183,37.26524],[-79.90186,37.26525],[-79.9019,37.26526],[-79.90193,37.26527],[-79.90196,37.26528],[-79.90199,37.26529],[-79.90203,37.26529],[-79.90206,37.2653],[-79.9021,37.26531],[-79.90213,37.26532],[-79.90216,37.26533],[-79.9022,37.26534],[-79.90223,37.26535],[-79.90226,37.26536],[-79.9023,37.26537],[-79.90233,37.26538],[-79.90237,37.26539],[-79.9024,37.26539],[-79.90243,37.26541],[-79.90247,37.26542],[-79.9025,37.26543],[-79.90257,37.26545],[-79.90261,37.26546],[-79.90264,37.26547],[-79.90267,37.26548],[-79.9027,37.26549],[-79.90273,37.2655],[-79.90277,37.26551],[-79.9028,37.26552],[-79.90283,37.26554],[-79.90287,37.26555],[-79.9029,37.26556],[-79.90293,37.26557],[-79.90297,37.26558],[-79.903,37.26559],[-79.90303,37.2656],[-79.90306,37.26562],[-79.9031,37.26563],[-79.90313,37.26564],[-79.90317,37.26565],[-79.9032,37.26566],[-79.90323,37.26567],[-79.90327,37.26567],[-79.9033,37.26568],[-79.90333,37.26569],[-79.90337,37.2657],[-79.9034,37.26571],[-79.90343,37.26572],[-79.90347,37.26574],[-79.9035,37.26575],[-79.90357,37.26576],[-79.9036,37.26577],[-79.90363,37.26578],[-79.90367,37.26579],[-79.9037,37.2658],[-79.90373,37.26581],[-79.90376,37.26582],[-79.90379,37.26583],[-79.90383,37.26585],[-79.90386,37.26586],[-79.90389,37.26587],[-79.90392,37.26588],[-79.90395,37.2659],[-79.90399,37.26591],[-79.90402,37.26591],[-79.90405,37.26592],[-79.90408,37.26593],[-79.90411,37.26594],[-79.90415,37.26596],[-79.90417,37.26597],[-79.9042,37.26598],[-79.90423,37.266],[-79.90426,37.26602],[-79.90429,37.26603],[-79.90432,37.26604],[-79.90436,37.26605],[-79.90439,37.26606],[-79.90439,37.26607],[-79.90442,37.26608],[-79.90444,37.2661],[-79.90447,37.26611],[-79.9047,37.26619],[-79.90482,37.26602],[-79.90488,37.26593],[-79.90495,37.26584],[-79.90498,37.26579],[-79.90503,37.26572],[-79.90391,37.26563],[-79.90341,37.26555],[-79.90123,37.26493],[-79.90063,37.26482],[-79.90057,37.26481],[-79.90058,37.26319],[-79.90112,37.26332],[-79.90133,37.26266],[-79.9016,37.26266],[-79.90235,37.26358],[-79.90291,37.26326],[-79.90251,37.26266],[-79.90221,37.26264],[-79.90245,37.26211],[-79.9036,37.26236],[-79.90377,37.26197],[-79.90408,37.26204],[-79.90418,37.26207],[-79.90496,37.26197],[-79.90539,37.26214],[-79.90603,37.26255],[-79.90624,37.26269],[-79.90633,37.2628],[-79.90688,37.26318],[-79.90703,37.26326],[-79.90733,37.2629],[-79.90779,37.26232],[-79.90855,37.26154],[-79.90874,37.26116],[-79.90877,37.26109],[-79.90895,37.26074],[-79.90716,37.25954],[-79.90681,37.25926],[-79.90625,37.25881],[-79.90616,37.25874],[-79.90588,37.25858],[-79.90531,37.25826],[-79.90495,37.25803],[-79.90484,37.25796],[-79.90435,37.25763],[-79.90056,37.25763],[-79.90049,37.25757],[-79.90012,37.25726],[-79.89986,37.25704],[-79.89998,37.25683],[-79.90119,37.25464],[-79.90124,37.25456],[-79.90136,37.25434],[-79.90287,37.25292],[-79.90332,37.25241],[-79.90364,37.25203],[-79.90406,37.25154],[-79.90479,37.2516],[-79.90516,37.25164],[-79.90521,37.25108],[-79.90526,37.25064],[-79.90535,37.24997],[-79.90546,37.24914],[-79.90551,37.24893],[-79.90554,37.2488],[-79.90556,37.24874],[-79.90588,37.24865],[-79.90736,37.24823],[-79.90741,37.24722],[-79.90745,37.24644],[-79.90583,37.24506],[-79.90496,37.24433],[-79.90922,37.24336],[-79.91098,37.24296],[-79.91115,37.24292],[-79.9125,37.24259],[-79.91261,37.24256],[-79.91314,37.24243],[-79.91378,37.24228],[-79.91475,37.24204],[-79.91656,37.24162],[-79.91705,37.24151],[-79.91728,37.24146],[-79.91742,37.24143],[-79.91845,37.2412],[-79.91876,37.24114],[-79.91914,37.24099],[-79.91978,37.24076],[-79.91992,37.24065],[-79.92038,37.2403],[-79.92045,37.24023],[-79.9205,37.24015],[-79.92053,37.24008],[-79.92064,37.23972],[-79.92071,37.23957],[-79.92079,37.23945],[-79.92085,37.23937],[-79.92093,37.23929],[-79.92103,37.23922],[-79.92112,37.23917],[-79.92119,37.23911],[-79.92123,37.23906],[-79.92125,37.23901],[-79.92126,37.23895],[-79.92125,37.23889],[-79.92123,37.23884],[-79.9212,37.23879],[-79.92117,37.23877],[-79.92118,37.23869],[-79.92118,37.23855],[-79.92106,37.23834],[-79.9214,37.23719],[-79.92186,37.23564],[-79.92096,37.23513],[-79.92186,37.23373],[-79.92276,37.23383],[-79.92306,37.23333],[-79.92061,37.23275],[-79.92056,37.23274],[-79.92062,37.23264],[-79.92086,37.23224],[-79.9209,37.23211],[-79.92118,37.2312],[-79.92124,37.23103],[-79.92131,37.2308],[-79.92141,37.23041],[-79.92138,37.23031],[-79.92208,37.23023],[-79.92213,37.2302],[-79.92218,37.23018],[-79.92259,37.23015],[-79.92283,37.23013],[-79.92289,37.22993],[-79.92316,37.22914],[-79.92324,37.22893],[-79.92353,37.2282],[-79.92399,37.22705],[-79.92417,37.22664],[-79.92434,37.22616],[-79.92459,37.22548],[-79.92496,37.2245],[-79.92506,37.22424],[-79.92523,37.22415],[-79.92696,37.22324],[-79.92676,37.22291],[-79.92674,37.22288],[-79.92672,37.22284],[-79.92922,37.22236],[-79.92926,37.22258],[-79.92928,37.22271],[-79.92931,37.22286],[-79.92933,37.22302],[-79.92934,37.2231],[-79.92938,37.22328],[-79.9294,37.22336],[-79.9294,37.22339],[-79.92951,37.22381],[-79.92951,37.22383],[-79.92957,37.22405],[-79.9296,37.22415],[-79.92984,37.22412],[-79.93093,37.22398],[-79.93176,37.22387],[-79.93286,37.22374],[-79.93286,37.22406],[-79.93285,37.22424],[-79.93284,37.22433],[-79.93269,37.22506],[-79.93256,37.22574],[-79.93416,37.22607],[-79.935,37.22607],[-79.93737,37.22605],[-79.94037,37.22453],[-79.94308,37.22251],[-79.94564,37.21804],[-79.94577,37.21781],[-79.94581,37.21659],[-79.94587,37.215],[-79.94591,37.2148],[-79.94625,37.21318],[-79.94655,37.21273],[-79.94668,37.21268],[-79.94677,37.21264],[-79.94732,37.21227],[-79.94761,37.21213],[-79.94785,37.21199],[-79.94856,37.21167],[-79.94897,37.21155],[-79.9497,37.21135],[-79.95038,37.21127],[-79.95078,37.21127],[-79.95118,37.21127],[-79.95213,37.21126],[-79.95325,37.21123],[-79.95392,37.21129],[-79.95437,37.21153],[-79.95485,37.21185],[-79.95523,37.21208],[-79.95563,37.21225],[-79.95592,37.21231],[-79.95625,37.2123],[-79.95659,37.21219],[-79.9569,37.21214],[-79.95711,37.21218],[-79.9579,37.21271],[-79.95794,37.21271],[-79.95812,37.21275],[-79.95876,37.2137],[-79.95886,37.21382],[-79.95929,37.21434],[-79.95956,37.21466],[-79.9598,37.21491],[-79.96003,37.21514],[-79.96026,37.21535],[-79.96037,37.21545],[-79.96066,37.21568],[-79.96096,37.21591],[-79.96138,37.2162],[-79.96165,37.21637],[-79.96181,37.21647],[-79.96204,37.21662],[-79.96238,37.21684],[-79.96254,37.21695],[-79.9627,37.21705],[-79.96394,37.21784],[-79.96475,37.21837],[-79.96527,37.21872],[-79.96561,37.21899],[-79.96595,37.21927],[-79.9663,37.21961],[-79.96653,37.21985],[-79.96666,37.22],[-79.9669,37.22028],[-79.96697,37.22036],[-79.96715,37.2206],[-79.96732,37.22084],[-79.96751,37.22116],[-79.96774,37.22157],[-79.96801,37.2222],[-79.96814,37.22251],[-79.96831,37.22292],[-79.96871,37.22391],[-79.9688,37.22413],[-79.96893,37.22444],[-79.96916,37.22498],[-79.96938,37.22547],[-79.9696,37.22593],[-79.96963,37.226],[-79.97007,37.22692],[-79.97013,37.22705],[-79.97014,37.22706],[-79.97036,37.22752],[-79.97049,37.2278],[-79.97065,37.22802],[-79.97067,37.22804],[-79.97072,37.22813],[-79.97087,37.22845],[-79.97115,37.22904],[-79.97135,37.22942],[-79.97144,37.22957],[-79.97212,37.22999],[-79.97316,37.23064],[-79.97397,37.23126],[-79.97407,37.23135],[-79.97421,37.23145],[-79.97456,37.23174],[-79.97523,37.2324],[-79.97538,37.23254],[-79.97552,37.23267],[-79.97586,37.23315],[-79.97602,37.23337],[-79.97632,37.23429],[-79.97641,37.23462],[-79.97642,37.23467],[-79.97647,37.23486],[-79.97678,37.23607],[-79.977,37.23543],[-79.97746,37.23457],[-79.97772,37.2341],[-79.97915,37.23145],[-79.97958,37.23067],[-79.97962,37.23063],[-79.98043,37.23001],[-79.98064,37.22992],[-79.9812,37.22965],[-79.98138,37.22957],[-79.98146,37.22981],[-79.98151,37.23003],[-79.98153,37.2301],[-79.98157,37.2304],[-79.98159,37.23058],[-79.98158,37.23085],[-79.98156,37.23106],[-79.98149,37.23144],[-79.98147,37.23152],[-79.98136,37.23201],[-79.98134,37.23213],[-79.98128,37.23249],[-79.98127,37.23264],[-79.98128,37.2327],[-79.98128,37.2328],[-79.98131,37.23295],[-79.98136,37.2331],[-79.9814,37.23318],[-79.98148,37.23331],[-79.98158,37.23346],[-79.9817,37.2336],[-79.98197,37.23388],[-79.98231,37.23422],[-79.98271,37.2346],[-79.98283,37.23472],[-79.98299,37.23486],[-79.98332,37.23516],[-79.98373,37.23553],[-79.98376,37.23556],[-79.98409,37.23584],[-79.98418,37.23591],[-79.98424,37.23595],[-79.98441,37.23604],[-79.98458,37.23611],[-79.98472,37.23616],[-79.98491,37.23621],[-79.9851,37.23625],[-79.98526,37.23627],[-79.98578,37.23654],[-79.98556,37.23682],[-79.98333,37.23957],[-79.98263,37.24043],[-79.98277,37.2404],[-79.98297,37.24036],[-79.98316,37.24033],[-79.98338,37.24032],[-79.98339,37.24031],[-79.98358,37.24031],[-79.98404,37.24031],[-79.98431,37.24031],[-79.98445,37.2403],[-79.98462,37.24028],[-79.98565,37.23992],[-79.98706,37.23903],[-79.98739,37.23852],[-79.9876,37.2382],[-79.98807,37.23748],[-79.98836,37.23704],[-79.98895,37.2372],[-79.98931,37.2373],[-79.98991,37.23747],[-79.99031,37.23758],[-79.99076,37.2377],[-79.99126,37.23784],[-79.9912,37.23839],[-79.99096,37.24063],[-79.99095,37.24064],[-79.99096,37.24104],[-79.99165,37.2409],[-79.99183,37.24086],[-79.99191,37.24085],[-79.99194,37.24084],[-79.99396,37.24044],[-79.994,37.24047],[-79.99456,37.24084],[-79.99467,37.24098],[-79.99485,37.24122],[-79.99516,37.24196],[-79.99556,37.24244],[-79.99597,37.24244],[-79.99716,37.24244],[-79.99766,37.24244],[-79.99736,37.24334],[-79.99816,37.24412],[-79.99836,37.24434],[-79.99794,37.24445],[-79.99676,37.24476],[-79.99649,37.24483],[-79.99617,37.24492],[-79.99346,37.24564],[-79.99346,37.24604],[-79.99416,37.24693],[-79.99564,37.24784],[-79.99675,37.2485],[-79.99721,37.24887],[-79.99729,37.24893],[-79.99786,37.24937],[-79.99845,37.24984],[-79.99806,37.25023],[-79.99764,37.25087],[-79.99761,37.25096],[-79.99761,37.25107],[-79.99765,37.25121],[-79.99772,37.25133],[-79.9979,37.25153],[-79.99798,37.25167],[-79.99802,37.25176],[-79.9981,37.25216],[-79.99811,37.25219],[-79.99817,37.25217],[-79.99844,37.25205],[-79.99881,37.25187],[-80.00066,37.25093],[-80.00206,37.25034],[-80.0029,37.24983],[-80.00306,37.24974],[-80.00313,37.24969],[-80.00359,37.24938],[-80.00373,37.24924],[-80.00378,37.24918],[-80.00391,37.24906],[-80.0041,37.24879],[-80.00416,37.24842],[-80.00417,37.2481],[-80.00408,37.2478],[-80.00382,37.24722],[-80.00381,37.24712],[-80.00376,37.24684],[-80.00382,37.24649],[-80.00392,37.24639],[-80.00395,37.24636],[-80.00406,37.24623],[-80.0048,37.24609],[-80.00519,37.24601],[-80.00594,37.24586],[-80.00606,37.24583],[-80.00606,37.24599],[-80.00606,37.2461],[-80.00606,37.24614],[-80.00612,37.24625],[-80.00616,37.24634],[-80.00626,37.24654],[-80.00686,37.24654],[-80.00686,37.24695],[-80.00687,37.24761],[-80.00694,37.24851],[-80.00699,37.24913],[-80.00704,37.24912],[-80.00799,37.249],[-80.00858,37.24894],[-80.00878,37.24892],[-80.00897,37.2489],[-80.00965,37.24882],[-80.01037,37.24874],[-80.01196,37.24856],[-80.01225,37.24851],[-80.0125,37.24848],[-80.01312,37.24836],[-80.01356,37.24827],[-80.01407,37.24815],[-80.01476,37.24797],[-80.0153,37.24783],[-80.01545,37.24781],[-80.01557,37.2478],[-80.01567,37.2478],[-80.01593,37.24784],[-80.01641,37.24792],[-80.01749,37.24812],[-80.0177,37.24814],[-80.01804,37.24816],[-80.01847,37.24817],[-80.01859,37.24818],[-80.01878,37.24817],[-80.01901,37.24814],[-80.01906,37.24813],[-80.01921,37.2481],[-80.01939,37.24805],[-80.01969,37.24795],[-80.01978,37.24791],[-80.01981,37.2479],[-80.02006,37.24778],[-80.02073,37.24746],[-80.02093,37.24738],[-80.02105,37.24733],[-80.02119,37.24729],[-80.0214,37.24725],[-80.0215,37.24723],[-80.02257,37.24704],[-80.02285,37.24697],[-80.02309,37.24692],[-80.02338,37.24686],[-80.02352,37.24683],[-80.02396,37.24672],[-80.02412,37.24666],[-80.02421,37.24664],[-80.02438,37.24657],[-80.02451,37.24651],[-80.02463,37.24643],[-80.02477,37.24631],[-80.02479,37.24629],[-80.02495,37.24614],[-80.02509,37.24599],[-80.0253,37.24575],[-80.02533,37.24572],[-80.02542,37.24563],[-80.02559,37.24548],[-80.02574,37.24537],[-80.02603,37.24518],[-80.02629,37.24501],[-80.0264,37.24495],[-80.0266,37.24488],[-80.02671,37.24485],[-80.02675,37.24484],[-80.02747,37.24468],[-80.0276,37.24464],[-80.02776,37.24457],[-80.0279,37.24449],[-80.02803,37.24438],[-80.02824,37.24419],[-80.02844,37.24401],[-80.02869,37.24379],[-80.02881,37.24366],[-80.02895,37.24379],[-80.02913,37.24396],[-80.02919,37.24401],[-80.02923,37.24404],[-80.02959,37.24438],[-80.02992,37.24468],[-80.03006,37.24482],[-80.03021,37.24495],[-80.03044,37.24516],[-80.03064,37.24535],[-80.03161,37.24623],[-80.03205,37.24662],[-80.03214,37.24668],[-80.03231,37.24681],[-80.03241,37.24688],[-80.03274,37.24711],[-80.03292,37.24722],[-80.0331,37.24734],[-80.03385,37.24776],[-80.03424,37.24799],[-80.03467,37.24822],[-80.03513,37.24848],[-80.03538,37.24864],[-80.03561,37.24881],[-80.03587,37.24902],[-80.03603,37.24916],[-80.03613,37.24926],[-80.03637,37.2495],[-80.03653,37.24969],[-80.03672,37.24995],[-80.03684,37.25014],[-80.03694,37.25031],[-80.03708,37.25059],[-80.03715,37.25075],[-80.03727,37.25111],[-80.03748,37.2518],[-80.03754,37.25205],[-80.03758,37.25235],[-80.03759,37.25246],[-80.0376,37.2526],[-80.03759,37.25285],[-80.03758,37.25299],[-80.03756,37.25316],[-80.03753,37.25331],[-80.03751,37.25344],[-80.03748,37.25355],[-80.03746,37.2536],[-80.03744,37.25368],[-80.03736,37.2539],[-80.03725,37.25415],[-80.03712,37.25439],[-80.03701,37.25456],[-80.037,37.25458],[-80.03679,37.25487],[-80.0365,37.2552],[-80.03617,37.25556],[-80.03547,37.25632],[-80.03521,37.2566],[-80.03474,37.25712],[-80.0347,37.25717],[-80.0346,37.25729],[-80.03445,37.25752],[-80.03437,37.25768],[-80.0343,37.25783],[-80.03424,37.25803],[-80.03419,37.25823],[-80.03413,37.25856],[-80.03411,37.25868],[-80.03403,37.2592],[-80.03385,37.26038],[-80.03347,37.26276],[-80.03348,37.26281],[-80.03359,37.26285],[-80.03368,37.26288],[-80.03388,37.26292],[-80.03398,37.26293],[-80.03404,37.26293],[-80.03417,37.2629],[-80.0345,37.26278],[-80.03451,37.26277],[-80.03468,37.26271],[-80.0349,37.26264],[-80.03549,37.26247],[-80.03559,37.26244],[-80.03629,37.26224],[-80.03649,37.26219],[-80.03684,37.26209],[-80.03712,37.26201],[-80.03729,37.26197],[-80.03748,37.26193],[-80.03771,37.26189],[-80.03807,37.26184],[-80.03824,37.26183],[-80.03848,37.2618],[-80.03873,37.26178],[-80.03889,37.26176],[-80.03915,37.26171],[-80.03932,37.26169],[-80.03947,37.26169],[-80.03986,37.26172],[-80.04018,37.26175],[-80.0404,37.26178],[-80.04065,37.26179],[-80.04068,37.26178],[-80.04078,37.26175],[-80.04087,37.2617],[-80.04102,37.26161],[-80.04112,37.26152],[-80.04123,37.26141],[-80.04141,37.26118],[-80.04151,37.26105],[-80.04164,37.26089],[-80.04214,37.26025],[-80.0423,37.26007],[-80.04234,37.26003],[-80.04246,37.25992],[-80.04265,37.2598],[-80.04421,37.25881],[-80.04498,37.25831],[-80.04504,37.25826],[-80.0451,37.25819],[-80.04515,37.25812],[-80.04518,37.25803],[-80.04518,37.25794],[-80.04517,37.25788],[-80.04514,37.25778],[-80.04509,37.25766],[-80.04494,37.25739],[-80.04484,37.2572],[-80.04481,37.25709],[-80.04477,37.25696],[-80.04476,37.25683],[-80.04477,37.25675],[-80.04479,37.25665],[-80.04481,37.25659],[-80.04486,37.25651],[-80.04496,37.25637],[-80.04506,37.25624],[-80.0454,37.25591],[-80.04541,37.2559],[-80.04544,37.25587],[-80.04574,37.25558],[-80.04576,37.25556],[-80.04583,37.25549],[-80.04596,37.25533],[-80.04602,37.25524],[-80.04604,37.25521],[-80.04606,37.25517],[-80.04614,37.25497],[-80.0462,37.25476],[-80.04626,37.25427],[-80.04626,37.25413],[-80.04625,37.25401],[-80.04624,37.25399],[-80.04645,37.25384],[-80.04653,37.25404],[-80.04654,37.25411],[-80.04654,37.2542],[-80.05076,37.25263],[-80.05097,37.25325],[-80.05105,37.25351],[-80.0511,37.25368],[-80.05136,37.25463],[-80.05206,37.25453],[-80.05246,37.25424],[-80.05416,37.25373],[-80.05436,37.25383],[-80.05636,37.25483],[-80.05906,37.25613],[-80.05923,37.25572],[-80.05934,37.25574],[-80.06118,37.25595],[-80.06158,37.25594],[-80.06184,37.25609],[-80.06171,37.2563],[-80.06166,37.25637],[-80.0616,37.25647],[-80.06117,37.25713],[-80.06167,37.25737],[-80.06245,37.25775],[-80.06326,37.25814],[-80.06393,37.25916],[-80.06407,37.25938],[-80.06476,37.26044],[-80.0651,37.26035],[-80.07403,37.25802],[-80.07436,37.25794],[-80.07437,37.25797],[-80.07438,37.258],[-80.07464,37.2589],[-80.07585,37.25913],[-80.07608,37.25918],[-80.07609,37.2592],[-80.07653,37.26073],[-80.07685,37.26052],[-80.07725,37.26104],[-80.07647,37.26139],[-80.07614,37.26093],[-80.07532,37.26125],[-80.07578,37.26281],[-80.07612,37.26258],[-80.07761,37.26274],[-80.07792,37.26336],[-80.07799,37.26351],[-80.07781,37.26408],[-80.08136,37.26533],[-80.08146,37.26594],[-80.08108,37.26645],[-80.08053,37.26719],[-80.08006,37.26783],[-80.08,37.26787],[-80.07995,37.26791],[-80.07866,37.26873],[-80.07906,37.26953],[-80.07848,37.27018],[-80.07826,37.27043],[-80.07919,37.27083],[-80.08036,37.27133],[-80.08216,37.27234],[-80.08221,37.27247],[-80.08184,37.27295],[-80.08182,37.27298],[-80.08158,37.2733],[-80.08269,37.27382],[-80.08276,37.27401],[-80.08386,37.27373],[-80.08436,37.27361],[-80.08461,37.27354],[-80.08474,37.27387],[-80.0848,37.27404],[-80.08543,37.27567],[-80.08555,37.27607],[-80.08549,37.27607],[-80.08501,37.27615],[-80.08528,37.27685],[-80.08508,37.27724],[-80.08471,37.27777],[-80.08426,37.27823],[-80.08518,37.27808],[-80.08548,37.27803],[-80.08563,37.27801],[-80.08602,37.27794],[-80.08666,37.27783],[-80.08693,37.27853],[-80.08696,37.2786],[-80.08702,37.27878],[-80.08703,37.2788],[-80.08705,37.27885],[-80.08759,37.28025],[-80.0876,37.28028],[-80.08767,37.28044],[-80.08787,37.28116],[-80.0879,37.28126],[-80.08799,37.28158],[-80.08806,37.28182],[-80.08806,37.28193],[-80.08806,37.28233],[-80.08809,37.28234],[-80.08844,37.28235],[-80.09039,37.28243],[-80.09158,37.28248],[-80.09196,37.2825],[-80.0927,37.28253],[-80.09276,37.28253],[-80.0931,37.28252],[-80.09363,37.28253],[-80.09439,37.28217],[-80.09573,37.28155],[-80.09825,37.28052],[-80.0983,37.28051],[-80.09942,37.28019],[-80.10086,37.27971],[-80.10224,37.27912],[-80.10232,37.27905],[-80.1024,37.27901],[-80.10291,37.27882],[-80.10327,37.27869],[-80.10376,37.27854],[-80.10512,37.2781],[-80.10515,37.27818],[-80.10518,37.27827],[-80.10524,37.27845],[-80.1053,37.27861],[-80.1056,37.27948],[-80.1057,37.27978],[-80.10599,37.28063],[-80.106,37.28076],[-80.10867,37.2798],[-80.1095,37.27946],[-80.10976,37.27936],[-80.11085,37.27892],[-80.11096,37.27923],[-80.11106,37.27937],[-80.11156,37.28023],[-80.11286,37.27993],[-80.11316,37.28093],[-80.11267,37.28099],[-80.11236,37.28103],[-80.11245,37.2812],[-80.11306,37.28233],[-80.11317,37.28235],[-80.11349,37.28236],[-80.11375,37.28237],[-80.11431,37.2824],[-80.1145,37.28242],[-80.11469,37.28242],[-80.11486,37.28243],[-80.11504,37.28296],[-80.11545,37.28417],[-80.11567,37.28478],[-80.11576,37.28503],[-80.11766,37.28573],[-80.11815,37.28594],[-80.11952,37.28653],[-80.12034,37.28689],[-80.12049,37.28705],[-80.12015,37.28723],[-80.11992,37.28735],[-80.11961,37.28749],[-80.11927,37.28765],[-80.11916,37.2877],[-80.11856,37.28796],[-80.11805,37.28816],[-80.11753,37.28834],[-80.1169,37.28856],[-80.11652,37.28867],[-80.11562,37.28893],[-80.11291,37.28969],[-80.1115,37.29008],[-80.11026,37.29042],[-80.10626,37.29154],[-80.10612,37.29158],[-80.10632,37.29182],[-80.10636,37.29186],[-80.10637,37.29187],[-80.1064,37.29191],[-80.10653,37.29205],[-80.10729,37.29257],[-80.10779,37.29302],[-80.10803,37.29346],[-80.10806,37.29383],[-80.10778,37.29396],[-80.10506,37.29523],[-80.10493,37.2953],[-80.10355,37.29593],[-80.10296,37.2962],[-80.10266,37.29633],[-80.10255,37.29638],[-80.10203,37.29587],[-80.10158,37.29538],[-80.10148,37.29526],[-80.10143,37.2952],[-80.10109,37.29484],[-80.10105,37.29479],[-80.10101,37.29475],[-80.10096,37.2947],[-80.10059,37.29433],[-80.10023,37.29398],[-80.10009,37.29386],[-80.09988,37.2937],[-80.09977,37.2936],[-80.09961,37.29346],[-80.09954,37.29341],[-80.09927,37.2932],[-80.09885,37.29286],[-80.09863,37.29302],[-80.0983,37.2933],[-80.0981,37.29343],[-80.09799,37.2935],[-80.09796,37.29351],[-80.09783,37.29357],[-80.09778,37.2936],[-80.0977,37.29362],[-80.09703,37.29383],[-80.09484,37.29448],[-80.09394,37.29476],[-80.09296,37.29504],[-80.09253,37.29517],[-80.09217,37.29529],[-80.09154,37.29551],[-80.09113,37.29559],[-80.09064,37.29572],[-80.08999,37.2959],[-80.08876,37.2962],[-80.08857,37.29625],[-80.08661,37.29675],[-80.08587,37.29695],[-80.08517,37.29716],[-80.08452,37.29739],[-80.08422,37.2975],[-80.08379,37.29767],[-80.08316,37.29794],[-80.08295,37.29803],[-80.08228,37.29834],[-80.08192,37.29853],[-80.08161,37.29869],[-80.08107,37.29899],[-80.08054,37.29931],[-80.08022,37.29952],[-80.07872,37.3005],[-80.07759,37.30126],[-80.07737,37.3014],[-80.07631,37.3021],[-80.07416,37.30352],[-80.07343,37.30401],[-80.07294,37.30433],[-80.07272,37.30447],[-80.07289,37.30462],[-80.07314,37.30484],[-80.07328,37.30498],[-80.0733,37.305],[-80.07341,37.30513],[-80.07356,37.30535],[-80.07362,37.30544],[-80.07396,37.30597],[-80.07434,37.30658],[-80.07439,37.30666],[-80.0745,37.3068],[-80.07458,37.30689],[-80.07471,37.307],[-80.07502,37.3072],[-80.07486,37.30739],[-80.07509,37.30804],[-80.07476,37.30846],[-80.07381,37.30856],[-80.0728,37.30839],[-80.07263,37.30812],[-80.07213,37.30816],[-80.07183,37.30819],[-80.07157,37.30863],[-80.07165,37.30873],[-80.07141,37.30914],[-80.0715,37.30919],[-80.07155,37.30922],[-80.07139,37.30969],[-80.07134,37.30981],[-80.07121,37.3102],[-80.07147,37.31118],[-80.07152,37.31134],[-80.07165,37.31171],[-80.07156,37.31171],[-80.06988,37.31175],[-80.06986,37.31105],[-80.0698,37.30911],[-80.06891,37.30725],[-80.06882,37.30706],[-80.0675,37.30793],[-80.06681,37.30838],[-80.06609,37.30883],[-80.06613,37.30907],[-80.06632,37.30994],[-80.06647,37.31068],[-80.06653,37.31095],[-80.06659,37.31111],[-80.06666,37.31126],[-80.06674,37.31141],[-80.06677,37.31145],[-80.06683,37.31154],[-80.06687,37.31159],[-80.06664,37.31174],[-80.0666,37.31177],[-80.06635,37.31191],[-80.06625,37.31195],[-80.06616,37.31198],[-80.06609,37.31199],[-80.06604,37.312],[-80.06594,37.312],[-80.06585,37.312],[-80.06575,37.31198],[-80.06565,37.31194],[-80.06556,37.31189],[-80.06547,37.31183],[-80.06542,37.31179],[-80.06463,37.31114],[-80.06382,37.31043],[-80.06363,37.31025],[-80.06273,37.31075],[-80.06201,37.31112],[-80.06124,37.3115],[-80.06079,37.31173],[-80.05921,37.31247],[-80.05897,37.31259],[-80.05815,37.31297],[-80.05573,37.31412],[-80.05466,37.31462],[-80.05438,37.31475],[-80.05424,37.31482],[-80.05396,37.31496],[-80.0531,37.31536],[-80.05263,37.31558],[-80.0521,37.31583],[-80.05174,37.31601],[-80.05132,37.3162],[-80.05112,37.31628],[-80.05072,37.31647],[-80.05043,37.31661],[-80.04938,37.31708],[-80.04895,37.31725],[-80.04841,37.31748],[-80.04773,37.31773],[-80.04728,37.31789],[-80.04683,37.31804],[-80.04613,37.31825],[-80.04578,37.31835],[-80.04501,37.31855],[-80.04424,37.31874],[-80.04378,37.31884],[-80.04304,37.31898],[-80.04125,37.3193],[-80.0407,37.3194],[-80.04037,37.31948],[-80.04008,37.31955],[-80.03955,37.31971],[-80.03913,37.31986],[-80.03881,37.31998],[-80.03854,37.32011],[-80.03847,37.32014],[-80.03818,37.32028],[-80.03807,37.32033],[-80.03793,37.32039],[-80.03764,37.32055],[-80.03741,37.32068],[-80.03702,37.32093],[-80.03669,37.32115],[-80.03646,37.32132],[-80.03614,37.32158],[-80.03592,37.32176],[-80.03573,37.32195],[-80.03549,37.32219],[-80.03541,37.32227],[-80.03505,37.32266],[-80.03425,37.32357],[-80.0341,37.32373],[-80.0336,37.32429],[-80.03306,37.32388],[-80.03254,37.32348],[-80.03246,37.32341],[-80.03228,37.32325],[-80.03214,37.32311],[-80.03194,37.32287],[-80.03184,37.32274],[-80.03179,37.32268],[-80.03166,37.32247],[-80.03157,37.32232],[-80.03149,37.32215],[-80.03143,37.32202],[-80.03141,37.32198],[-80.03135,37.32181],[-80.03129,37.3216],[-80.03125,37.32145],[-80.03098,37.32031],[-80.03097,37.32024],[-80.03087,37.31985],[-80.03079,37.31961],[-80.03066,37.3193],[-80.03051,37.31901],[-80.0304,37.31881],[-80.03023,37.31855],[-80.03007,37.31832],[-80.02904,37.31696],[-80.02895,37.31683],[-80.02883,37.31667],[-80.02871,37.31649],[-80.02851,37.31615],[-80.02836,37.31587],[-80.02818,37.31551],[-80.02807,37.31522],[-80.028,37.31502],[-80.02789,37.31468],[-80.02781,37.31437],[-80.02775,37.31411],[-80.02769,37.31377],[-80.02765,37.31336],[-80.02764,37.31318],[-80.02764,37.31284],[-80.02765,37.31248],[-80.02769,37.31215],[-80.02773,37.31184],[-80.02781,37.31149],[-80.02789,37.31116],[-80.02776,37.31107],[-80.02747,37.31087],[-80.02727,37.31074],[-80.02719,37.31069],[-80.02715,37.31066],[-80.02684,37.31079],[-80.02649,37.31024],[-80.02638,37.31017],[-80.02243,37.30816],[-80.02223,37.30834],[-80.02136,37.30903],[-80.02118,37.30918],[-80.02106,37.30929],[-80.02043,37.30983],[-80.02022,37.31001],[-80.0201,37.31011],[-80.01954,37.31059],[-80.01942,37.31071],[-80.01931,37.31085],[-80.01923,37.31096],[-80.01913,37.31114],[-80.01906,37.3113],[-80.01904,37.31135],[-80.01903,37.31138],[-80.01901,37.31146],[-80.01894,37.31167],[-80.01885,37.31195],[-80.01876,37.31217],[-80.01873,37.31226],[-80.01858,37.31256],[-80.01845,37.31278],[-80.0183,37.313],[-80.0182,37.31314],[-80.01812,37.31324],[-80.01807,37.31331],[-80.01788,37.31357],[-80.01759,37.31391],[-80.01744,37.31406],[-80.01729,37.31419],[-80.01717,37.31428],[-80.01708,37.31434],[-80.01659,37.31464],[-80.01605,37.31496],[-80.01589,37.31504],[-80.01588,37.31505],[-80.01401,37.31608],[-80.01385,37.31615],[-80.01368,37.31622],[-80.01361,37.31625],[-80.01338,37.31632],[-80.01305,37.3164],[-80.01285,37.31645],[-80.01264,37.31649],[-80.01226,37.31656],[-80.01222,37.31656],[-80.01203,37.31658],[-80.01191,37.31659],[-80.01187,37.31659],[-80.01172,37.3166],[-80.01152,37.31659],[-80.01016,37.31653],[-80.00998,37.31651],[-80.00988,37.3165],[-80.00972,37.31648],[-80.00966,37.31647],[-80.00953,37.31645],[-80.00937,37.31642],[-80.00903,37.31634],[-80.00877,37.31629],[-80.00791,37.31612],[-80.00786,37.31612],[-80.00778,37.3161],[-80.00771,37.31609],[-80.00713,37.316],[-80.00682,37.31595],[-80.00676,37.31594],[-80.00627,37.31586],[-80.00584,37.31579],[-80.0053,37.31569],[-80.00509,37.31567],[-80.00496,37.31564],[-80.00481,37.31561],[-80.00451,37.31601],[-80.00434,37.31622],[-80.00412,37.31647],[-80.00392,37.31667],[-80.0038,37.31678],[-80.00372,37.31686],[-80.00347,37.31709],[-80.00337,37.31718],[-80.00333,37.31722],[-80.00241,37.31806],[-80.0019,37.31853],[-80.00168,37.31873],[-80.00138,37.31898],[-80.00133,37.31903],[-80.00127,37.31907],[-80.00111,37.3192],[-80.00093,37.31932],[-80.0006,37.31953],[-80.00005,37.31986],[-79.99903,37.32048],[-79.99897,37.32052],[-79.99862,37.32073],[-79.99806,37.32108],[-79.99789,37.3212],[-79.99754,37.32144],[-79.99724,37.32165],[-79.99711,37.32174],[-79.99667,37.32207],[-79.99656,37.32216],[-79.9962,37.32245],[-79.9957,37.32286],[-79.99556,37.32298],[-79.99548,37.32305],[-79.9954,37.32311],[-79.9953,37.32319],[-79.99515,37.32332],[-79.99474,37.32367],[-79.99422,37.3241],[-79.99412,37.32417],[-79.99381,37.3244],[-79.99364,37.32452],[-79.9935,37.32461],[-79.99312,37.32483],[-79.99288,37.32496],[-79.99257,37.32513],[-79.99252,37.32515],[-79.99112,37.32592],[-79.9908,37.3261],[-79.99061,37.3262],[-79.98998,37.32654],[-79.98916,37.32699],[-79.98891,37.32712],[-79.98869,37.32724],[-79.98843,37.32739],[-79.98781,37.32772],[-79.98485,37.32934],[-79.98394,37.32983],[-79.98387,37.32986],[-79.98344,37.33008],[-79.98337,37.33011],[-79.9833,37.33015],[-79.98297,37.33031],[-79.98276,37.33042],[-79.98243,37.33058],[-79.98185,37.33084],[-79.98179,37.33087],[-79.98126,37.3311],[-79.98077,37.33131],[-79.98034,37.3315],[-79.98019,37.33157],[-79.98005,37.33164],[-79.98004,37.33164],[-79.97981,37.33175],[-79.97953,37.33189],[-79.9793,37.33201],[-79.97909,37.33213],[-79.97906,37.33214],[-79.97901,37.33218],[-79.97866,37.33238],[-79.97827,37.33263],[-79.97823,37.33266],[-79.97784,37.33291],[-79.97741,37.33319],[-79.97717,37.33335],[-79.97677,37.33361],[-79.97604,37.33409],[-79.97509,37.3347],[-79.9749,37.33483],[-79.97441,37.33516],[-79.97437,37.33519],[-79.97431,37.33523],[-79.97386,37.3343],[-79.97365,37.33386],[-79.97342,37.33397],[-79.97326,37.33405],[-79.97281,37.33429],[-79.97259,37.3344],[-79.97256,37.33442],[-79.9724,37.3345],[-79.97177,37.33482],[-79.97173,37.33484],[-79.97166,37.33488],[-79.97126,37.33508],[-79.97064,37.33539],[-79.96998,37.33571],[-79.9695,37.33595],[-79.96946,37.33597],[-79.96928,37.33609]]]}},{"type":"Feature","properties":{"name":"MicroCAT (Charlottesville Area Transit)","boundary_type":"county","source":"Census TIGER county","fidelity":"approximate","updated":"2026-09","units":"Albemarle County","note":"Service zones (Pantops area and Route 29 North corridor) are small subsets of Albemarle County; no published size. Service is limited to the Pantops area and Route 29 North corridor within Albemarle County, not countywide. Checked charlottesville.gov/microcat (404 at time of check), albemarle.org's \"Meet MicroCAT\" post, dailyprogress.com, and infocville.com coverage: all describe a zone map for the two sub-areas but none states a square-mile size or boundary streets. No usable size data to build an approximate circle -- needs the MicroCAT zone map (in-app or via CAT) for a human to trace.","confidence":0.5},"geometry":{"type":"Polygon","coordinates":[[[-78.82993,38.05403],[-78.82651,38.05443],[-78.8252,38.05604],[-78.82222,38.05796],[-78.82169,38.05923],[-78.81862,38.05985],[-78.81729,38.05963],[-78.81186,38.06173],[-78.8105,38.06148],[-78.80648,38.0632],[-78.80507,38.06465],[-78.80162,38.06602],[-78.79837,38.06663],[-78.79279,38.0695],[-78.79223,38.0712],[-78.79313,38.07263],[-78.79284,38.07601],[-78.79393,38.07751],[-78.79161,38.07818],[-78.78884,38.0797],[-78.78807,38.08094],[-78.78603,38.08167],[-78.78108,38.08076],[-78.78081,38.08203],[-78.77891,38.08437],[-78.77925,38.08892],[-78.77738,38.09181],[-78.7772,38.09322],[-78.77789,38.09448],[-78.77957,38.09558],[-78.78117,38.09719],[-78.78115,38.09784],[-78.7807,38.09895],[-78.78375,38.09985],[-78.78256,38.10267],[-78.78015,38.10424],[-78.77921,38.10688],[-78.78097,38.10764],[-78.77999,38.10956],[-78.78065,38.11278],[-78.78274,38.11328],[-78.7838,38.11432],[-78.78579,38.11449],[-78.78585,38.11611],[-78.78754,38.11729],[-78.7869,38.11856],[-78.78531,38.11924],[-78.78536,38.12074],[-78.78719,38.12192],[-78.78729,38.12513],[-78.78807,38.1264],[-78.78594,38.12903],[-78.78349,38.12932],[-78.78014,38.1315],[-78.7795,38.13209],[-78.77946,38.13712],[-78.77907,38.13989],[-78.77543,38.14101],[-78.77411,38.14552],[-78.77414,38.14984],[-78.77211,38.15336],[-78.77149,38.15843],[-78.77039,38.16102],[-78.77046,38.16285],[-78.77177,38.1661],[-78.76978,38.16802],[-78.76817,38.17106],[-78.76835,38.17346],[-78.76699,38.17566],[-78.76603,38.17596],[-78.7649,38.17789],[-78.76343,38.17809],[-78.76196,38.18027],[-78.76188,38.18255],[-78.75899,38.18554],[-78.75682,38.1872],[-78.75649,38.19043],[-78.75494,38.19271],[-78.75261,38.19424],[-78.75279,38.19707],[-78.75093,38.19895],[-78.75229,38.20128],[-78.7494,38.20665],[-78.74647,38.21156],[-78.74517,38.21443],[-78.74214,38.21772],[-78.74054,38.21894],[-78.73764,38.21929],[-78.73414,38.22271],[-78.7305,38.22583],[-78.72644,38.22997],[-78.72627,38.23195],[-78.72243,38.23301],[-78.7211,38.23434],[-78.71557,38.23587],[-78.71124,38.23864],[-78.71062,38.24047],[-78.71001,38.24244],[-78.70673,38.24465],[-78.70657,38.24644],[-78.70434,38.24699],[-78.70228,38.2462],[-78.69774,38.24574],[-78.69286,38.24729],[-78.68979,38.24884],[-78.6894,38.24985],[-78.68635,38.25141],[-78.68529,38.25282],[-78.68249,38.25462],[-78.68103,38.25491],[-78.67804,38.25407],[-78.67591,38.25288],[-78.67448,38.25043],[-78.6716,38.24793],[-78.66981,38.24733],[-78.66872,38.25068],[-78.66509,38.25196],[-78.66219,38.25348],[-78.66008,38.25537],[-78.65897,38.25804],[-78.65653,38.25906],[-78.65515,38.26063],[-78.65724,38.26057],[-78.65978,38.26252],[-78.66216,38.26364],[-78.6625,38.26478],[-78.6664,38.26605],[-78.66374,38.2672],[-78.66119,38.26901],[-78.66076,38.27095],[-78.66205,38.27181],[-78.6639,38.27668],[-78.66314,38.27793],[-78.62078,38.26327],[-78.60654,38.25817],[-78.5937,38.25352],[-78.54209,38.23737],[-78.52328,38.23147],[-78.52271,38.2312],[-78.46545,38.21405],[-78.44242,38.2073],[-78.43838,38.20584],[-78.43838,38.20581],[-78.41682,38.1993],[-78.39671,38.19208],[-78.39628,38.19202],[-78.39031,38.19069],[-78.37744,38.18691],[-78.36898,38.18415],[-78.34784,38.17878],[-78.34432,38.17779],[-78.33245,38.17383],[-78.29946,38.16284],[-78.28112,38.15645],[-78.25682,38.14791],[-78.20938,38.13113],[-78.25366,38.06331],[-78.25369,38.06327],[-78.25399,38.06281],[-78.27477,38.04243],[-78.28492,38.02981],[-78.29318,38.02099],[-78.30676,38.00647],[-78.31571,37.99622],[-78.32461,37.98601],[-78.32492,37.98566],[-78.35116,37.9558],[-78.36657,37.93829],[-78.4205,37.87707],[-78.46776,37.82341],[-78.46848,37.8226],[-78.47659,37.81356],[-78.48858,37.8001],[-78.49057,37.79794],[-78.49077,37.79759],[-78.49134,37.79696],[-78.49373,37.79618],[-78.495,37.79567],[-78.49666,37.79402],[-78.49827,37.79123],[-78.49878,37.78927],[-78.49861,37.78466],[-78.49711,37.77954],[-78.49539,37.77244],[-78.49543,37.76764],[-78.4966,37.76437],[-78.49954,37.76159],[-78.50552,37.75896],[-78.51048,37.75749],[-78.51199,37.75732],[-78.5157,37.75744],[-78.52034,37.75806],[-78.52554,37.75822],[-78.53032,37.75943],[-78.53657,37.7623],[-78.54059,37.76268],[-78.54272,37.7631],[-78.54557,37.764],[-78.55226,37.76329],[-78.55709,37.76242],[-78.56031,37.76087],[-78.56507,37.75951],[-78.57015,37.75762],[-78.57315,37.75715],[-78.5808,37.75405],[-78.58545,37.75475],[-78.59043,37.75505],[-78.59485,37.75623],[-78.601,37.75622],[-78.60713,37.75657],[-78.61202,37.75632],[-78.61392,37.7558],[-78.6168,37.75422],[-78.62053,37.75095],[-78.62231,37.74987],[-78.62666,37.748],[-78.62919,37.74604],[-78.6323,37.74286],[-78.63382,37.74186],[-78.63936,37.73921],[-78.64167,37.73715],[-78.64392,37.73308],[-78.6461,37.73263],[-78.64831,37.73271],[-78.65216,37.73202],[-78.6542,37.72939],[-78.65739,37.72907],[-78.65823,37.72635],[-78.65831,37.72358],[-78.65878,37.72276],[-78.66229,37.72275],[-78.66712,37.72448],[-78.66856,37.72464],[-78.67051,37.72588],[-78.67477,37.72957],[-78.67759,37.73047],[-78.67848,37.73181],[-78.68087,37.73277],[-78.68391,37.73466],[-78.68609,37.7375],[-78.68609,37.74049],[-78.68426,37.74469],[-78.68458,37.74697],[-78.68408,37.75025],[-78.68346,37.75189],[-78.68452,37.75435],[-78.68468,37.75681],[-78.68341,37.75973],[-78.6826,37.76017],[-78.67852,37.75993],[-78.67653,37.7594],[-78.67504,37.75809],[-78.67165,37.75707],[-78.66775,37.75772],[-78.66745,37.75941],[-78.66994,37.76144],[-78.67202,37.76225],[-78.67524,37.76453],[-78.67894,37.76864],[-78.6826,37.77188],[-78.68295,37.77317],[-78.68431,37.77384],[-78.68704,37.77397],[-78.68831,37.77332],[-78.6908,37.77106],[-78.69334,37.77119],[-78.69271,37.77368],[-78.69172,37.7754],[-78.69034,37.77651],[-78.68908,37.77845],[-78.68743,37.77931],[-78.68429,37.7797],[-78.68244,37.7811],[-78.68568,37.78403],[-78.68688,37.78438],[-78.68757,37.7857],[-78.68844,37.7872],[-78.68822,37.78829],[-78.68941,37.78884],[-78.69152,37.79678],[-78.69809,37.8081],[-78.70805,37.8251],[-78.72177,37.84696],[-78.72598,37.85406],[-78.73026,37.86126],[-78.73212,37.86517],[-78.73395,37.86887],[-78.75352,37.90256],[-78.76038,37.91435],[-78.8014,37.98263],[-78.80704,37.99194],[-78.82012,38.01463],[-78.82227,38.01895],[-78.83418,38.03945],[-78.83887,38.04737],[-78.83701,38.04826],[-78.82993,38.05403]],[[-78.52257,38.01813],[-78.52135,38.01887],[-78.52072,38.01875],[-78.52037,38.01835],[-78.51939,38.01721],[-78.51874,38.01363],[-78.51916,38.01065],[-78.51861,38.01068],[-78.51747,38.01036],[-78.5134,38.00974],[-78.51016,38.00977],[-78.50847,38.01138],[-78.50544,38.01032],[-78.50331,38.0102],[-78.5009,38.0121],[-78.49366,38.01528],[-78.49135,38.0175],[-78.48912,38.01754],[-78.48536,38.01592],[-78.48336,38.01495],[-78.48302,38.01206],[-78.48123,38.01202],[-78.48022,38.01337],[-78.47566,38.01451],[-78.47511,38.01392],[-78.47496,38.01376],[-78.4695,38.01174],[-78.4692,38.01456],[-78.46768,38.01789],[-78.46356,38.02053],[-78.46209,38.02253],[-78.45908,38.02235],[-78.45687,38.02129],[-78.45467,38.0216],[-78.45221,38.02773],[-78.45412,38.02958],[-78.45627,38.0295],[-78.45868,38.02756],[-78.46096,38.02852],[-78.45991,38.03318],[-78.45867,38.03444],[-78.45853,38.03456],[-78.45724,38.03521],[-78.45501,38.0374],[-78.45409,38.03924],[-78.45473,38.04528],[-78.45374,38.04576],[-78.44921,38.04531],[-78.44772,38.04571],[-78.44669,38.0479],[-78.4463,38.04942],[-78.44756,38.05352],[-78.44765,38.05659],[-78.44933,38.05885],[-78.45481,38.05511],[-78.45688,38.05561],[-78.45894,38.05101],[-78.45728,38.04944],[-78.46294,38.04952],[-78.46403,38.04955],[-78.46613,38.0457],[-78.47002,38.04676],[-78.47072,38.04873],[-78.47226,38.04878],[-78.47141,38.05099],[-78.47221,38.05254],[-78.46897,38.05643],[-78.46748,38.05907],[-78.4644,38.0647],[-78.46503,38.06524],[-78.46689,38.06783],[-78.4726,38.06748],[-78.47175,38.07051],[-78.47487,38.06873],[-78.47452,38.06759],[-78.47738,38.06493],[-78.47915,38.06568],[-78.48033,38.06582],[-78.48246,38.06758],[-78.4852,38.06897],[-78.49158,38.06189],[-78.49264,38.06363],[-78.49503,38.06534],[-78.5024,38.06046],[-78.50057,38.05804],[-78.50375,38.05707],[-78.50762,38.05627],[-78.50997,38.05194],[-78.50484,38.04727],[-78.50678,38.04496],[-78.51139,38.0438],[-78.51191,38.04405],[-78.51463,38.04484],[-78.514,38.04416],[-78.51607,38.04349],[-78.51737,38.04119],[-78.51689,38.03988],[-78.51553,38.03664],[-78.51454,38.03677],[-78.51378,38.03706],[-78.5081,38.03583],[-78.50626,38.03963],[-78.50538,38.0411],[-78.50426,38.04286],[-78.50125,38.04041],[-78.50346,38.03675],[-78.50152,38.03604],[-78.49963,38.03404],[-78.49779,38.03325],[-78.49892,38.03291],[-78.502,38.03212],[-78.50364,38.03206],[-78.50841,38.03202],[-78.50961,38.03216],[-78.51101,38.03084],[-78.51311,38.02951],[-78.51446,38.0287],[-78.5165,38.02863],[-78.52018,38.02978],[-78.52005,38.02605],[-78.52304,38.02634],[-78.52338,38.02338],[-78.52368,38.02233],[-78.52257,38.01813]]]}},{"type":"Feature","properties":{"name":"OmniRide Connect","boundary_type":"places","source":"Census TIGER place","fidelity":"exact","updated":"2026-09","units":"Manassas Park city; Dumfries town; Triangle CDP; Quantico town","note":"Two separate zones: Manassas Park and Dumfries/Quantico corridor in Prince William County.","confidence":0.75},"geometry":{"type":"MultiPolygon","coordinates":[[[[-77.29065,38.52562],[-77.28915,38.52417],[-77.28935,38.5239],[-77.28752,38.52278],[-77.28655,38.52219],[-77.28746,38.52166],[-77.28777,38.52071],[-77.2884,38.52087],[-77.28883,38.52004],[-77.29365,38.52164],[-77.2931,38.52238],[-77.29239,38.52314],[-77.29069,38.52531],[-77.29065,38.52562]]],[[[-77.33702,38.55996],[-77.33752,38.56094],[-77.33596,38.56358],[-77.33727,38.56415],[-77.33459,38.56798],[-77.33458,38.568],[-77.32538,38.57691],[-77.3235,38.57813],[-77.32218,38.57889],[-77.31992,38.57875],[-77.31823,38.57795],[-77.3145,38.57507],[-77.31305,38.5764],[-77.31237,38.57804],[-77.31065,38.57746],[-77.31056,38.57335],[-77.31116,38.57079],[-77.30965,38.56553],[-77.31094,38.56529],[-77.31101,38.56523],[-77.31021,38.56431],[-77.30519,38.56033],[-77.30321,38.5569],[-77.30143,38.55554],[-77.3012,38.55542],[-77.30127,38.5553],[-77.3015,38.555],[-77.30157,38.55494],[-77.3016,38.55517],[-77.30164,38.55523],[-77.30295,38.55333],[-77.3011,38.54952],[-77.30395,38.54719],[-77.30767,38.54156],[-77.30848,38.53954],[-77.30771,38.53789],[-77.3085,38.53469],[-77.31107,38.53196],[-77.31105,38.5305],[-77.31471,38.53117],[-77.31992,38.53106],[-77.32119,38.53166],[-77.32619,38.53809],[-77.32662,38.53923],[-77.32717,38.53996],[-77.32891,38.54223],[-77.33212,38.54358],[-77.3333,38.54451],[-77.33571,38.54546],[-77.33661,38.54585],[-77.34249,38.54902],[-77.34325,38.54943],[-77.34006,38.55789],[-77.33913,38.55811],[-77.33702,38.55996]]],[[[-77.47004,38.78818],[-77.45974,38.78749],[-77.45851,38.78739],[-77.45895,38.78375],[-77.4595,38.7784],[-77.45271,38.77418],[-77.45256,38.77363],[-77.4521,38.77342],[-77.44995,38.77365],[-77.4476,38.7726],[-77.44487,38.77049],[-77.44263,38.77555],[-77.44386,38.77864],[-77.44375,38.77958],[-77.44196,38.78091],[-77.44033,38.78347],[-77.43425,38.77835],[-77.43283,38.7793],[-77.43111,38.77955],[-77.43112,38.77934],[-77.42894,38.77932],[-77.42746,38.77894],[-77.42303,38.77687],[-77.42201,38.77664],[-77.42245,38.77517],[-77.41942,38.76973],[-77.42201,38.76879],[-77.42362,38.76937],[-77.42058,38.76229],[-77.42157,38.76176],[-77.4243,38.75667],[-77.42733,38.7536],[-77.43052,38.75606],[-77.43471,38.7569],[-77.43802,38.75864],[-77.44117,38.75696],[-77.43599,38.75511],[-77.43806,38.75059],[-77.43931,38.7515],[-77.44127,38.74965],[-77.44192,38.75071],[-77.44673,38.75649],[-77.44559,38.75676],[-77.44334,38.75809],[-77.4435,38.7637],[-77.44564,38.76538],[-77.4447,38.76629],[-77.44728,38.76766],[-77.44851,38.76615],[-77.45359,38.76903],[-77.45456,38.77016],[-77.45869,38.77232],[-77.45921,38.77257],[-77.45961,38.77292],[-77.46578,38.77632],[-77.46902,38.7781],[-77.47461,38.78116],[-77.47558,38.78111],[-77.47879,38.78258],[-77.47359,38.78804],[-77.47297,38.78839],[-77.47004,38.78818]]]]}},{"type":"Feature","properties":{"name":"WinReady","boundary_type":"city","source":"Census TIGER place","fidelity":"exact","updated":"2026-09","units":"Winchester city","note":"Citywide service explicitly stated.","confidence":0.95},"geometry":{"type":"Polygon","coordinates":[[[-78.19797,39.18955],[-78.19729,39.19091],[-78.19726,39.19114],[-78.19614,39.19367],[-78.18915,39.2035],[-78.1879,39.20476],[-78.17982,39.20278],[-78.16437,39.19876],[-78.16307,39.20029],[-78.15993,39.2031],[-78.15542,39.20097],[-78.15748,39.19683],[-78.15667,39.19603],[-78.15321,39.19403],[-78.13761,39.18489],[-78.13672,39.18437],[-78.13885,39.18321],[-78.14061,39.18159],[-78.14255,39.18011],[-78.14735,39.17652],[-78.14803,39.1759],[-78.1511,39.17317],[-78.15284,39.17068],[-78.15585,39.16485],[-78.15796,39.16243],[-78.1611,39.16005],[-78.1639,39.15716],[-78.16529,39.155],[-78.17162,39.14317],[-78.17292,39.14133],[-78.18314,39.13106],[-78.18294,39.13354],[-78.18249,39.1367],[-78.1863,39.13908],[-78.19056,39.14098],[-78.19663,39.14215],[-78.19814,39.14692],[-78.19812,39.14943],[-78.19965,39.15253],[-78.19995,39.15314],[-78.19584,39.15493],[-78.1938,39.16305],[-78.19358,39.16546],[-78.18945,39.17499],[-78.19433,39.1769],[-78.2005,39.18016],[-78.19481,39.18956],[-78.19797,39.18955]]]}}]}